timestamp,latitude,longitude,type,amplitude_ka,height_m,num_sensors
2026-09-01T08:05:45.278095304Z,8.174514,123.429758,Cloud to Cloud,13870,16785,7
2026-09-01T08:05:46.608403113Z,4.29158,114.305239,Cloud to Cloud,-15346,19312,9
2026-09-01T08:05:46.490089810Z,4.315256,114.251662,Cloud to Ground,-14385,0,12
2026-09-01T08:05:46.924424992Z,19.065146,130.668164,Cloud to Ground,-12886,0,7
2026-09-01T08:05:48.940692563Z,5.723207,116.85929,Cloud to Cloud,-13121,13707,10
2026-09-01T08:05:51.429744748Z,3.763675,114.405343,Cloud to Ground,-25087,0,14
2026-09-01T08:05:51.427734612Z,3.71733,114.41743,Cloud to Cloud,-16031,12978,9
2026-09-01T08:05:52.236635602Z,4.022687,114.402242,Cloud to Cloud,9525,14818,7
2026-09-01T08:05:51.799075818Z,3.994193,114.374695,Cloud to Ground,15563,0,8
2026-09-01T08:05:52.140594856Z,4.003321,114.401967,Cloud to Ground,35207,0,15
2026-09-01T08:05:56.270362245Z,6.539608,117.353795,Cloud to Cloud,-16331,10143,9
2026-09-01T08:05:56.007811828Z,6.563974,117.332736,Cloud to Cloud,9002,15077,10
2026-09-01T08:05:56.822589757Z,5.59392,116.871999,Cloud to Ground,18573,0,15
2026-09-01T08:05:59.280402956Z,6.594733,117.305394,Cloud to Cloud,-14863,15946,6
2026-09-01T08:06:00.087136000Z,6.3131,117.4921,Cloud to Ground,26146,0,8
2026-09-01T08:06:01.122750976Z,12.029166,124.243802,Cloud to Cloud,8908,4187,6
2026-09-01T08:06:02.233480371Z,6.596061,117.347907,Cloud to Ground,10718,0,7
2026-09-01T08:06:02.719376605Z,18.854241,131.316818,Cloud to Cloud,-11807,5730,10
2026-09-01T08:06:02.418655866Z,18.883238,131.503413,Cloud to Ground,-8397,0,8
2026-09-01T08:06:04.732133882Z,22.665253,128.607528,Cloud to Cloud,8709,3006,6
2026-09-01T08:06:04.109788032Z,22.943478,128.725539,Cloud to Ground,-16966,0,18
2026-09-01T08:06:04.244764725Z,22.954971,128.697903,Cloud to Cloud,-8091,5195,7
2026-09-01T08:06:04.105906377Z,22.887582,128.61931,Cloud to Cloud,10437,8096,8
2026-09-01T08:06:04.885811932Z,21.901581,122.511891,Cloud to Cloud,-3018,5234,7
2026-09-01T08:06:04.848922416Z,21.754875,122.642573,Cloud to Ground,-34118,0,19
2026-09-01T08:06:04.884932227Z,21.759586,122.643226,Cloud to Ground,-16710,0,12
2026-09-01T08:06:05.381252321Z,21.757954,122.635661,Cloud to Ground,-15225,0,10
2026-09-01T08:06:04.909685917Z,21.758031,122.636486,Cloud to Ground,-10142,0,8
2026-09-01T08:06:04.838712417Z,21.767206,122.641974,Cloud to Cloud,-4745,4963,7
2026-09-01T08:06:04.825484188Z,21.766905,122.631552,Cloud to Cloud,7005,11890,13
2026-09-01T08:06:05.564964178Z,21.472281,130.566194,Cloud to Cloud,8810,16242,6
2026-09-01T08:06:05.592708859Z,21.608161,130.612241,Cloud to Ground,-9346,0,10
2026-09-01T08:06:05.564336853Z,21.600492,130.623274,Cloud to Ground,19122,0,11
2026-09-01T08:06:05.383559059Z,21.767352,122.527957,Cloud to Ground,-4707,0,8
2026-09-01T08:06:05.001375449Z,21.77624,122.468682,Cloud to Cloud,5876,3098,10
2026-09-01T08:06:08.349571828Z,6.588601,117.496236,Cloud to Cloud,-12805,3028,17
2026-09-01T08:06:08.768834604Z,6.569334,117.482921,Cloud to Ground,10028,0,8
2026-09-01T08:06:08.723094098Z,6.653312,117.461449,Cloud to Cloud,11044,19974,9
2026-09-01T08:06:08.436314100Z,6.566472,117.495003,Cloud to Ground,19128,0,11
2026-09-01T08:06:08.300259728Z,6.59177,117.480005,Cloud to Ground,27470,0,15
2026-09-01T08:06:09.963821921Z,5.608609,116.88927,Cloud to Ground,18881,0,18
2026-09-01T08:06:09.747092443Z,19.435316,130.955723,Cloud to Cloud,-16530,6093,13
2026-09-01T08:06:09.982105464Z,19.448401,130.935038,Cloud to Cloud,-13171,12064,9
2026-09-01T08:06:09.750058466Z,19.417446,130.972767,Cloud to Cloud,-11955,6206,8
2026-09-01T08:06:09.754237774Z,19.439937,130.964859,Cloud to Cloud,-8873,3964,7
2026-09-01T08:06:09.980053237Z,19.439065,131.036231,Cloud to Cloud,15891,7929,12
2026-09-01T08:06:10.403620535Z,4.093213,114.300417,Cloud to Cloud,-15616,4411,18
2026-09-01T08:06:13.596110710Z,22.561158,128.709199,Cloud to Cloud,14114,13129,7
2026-09-01T08:06:13.858810522Z,22.853536,128.474128,Cloud to Ground,-10633,0,7
2026-09-01T08:06:13.855657357Z,22.898061,128.409727,Cloud to Ground,-7727,0,7
2026-09-01T08:06:13.930362131Z,22.878773,128.596788,Cloud to Cloud,-7010,7547,6
2026-09-01T08:06:13.571603412Z,22.779278,128.580506,Cloud to Cloud,-8040,16614,5
2026-09-01T08:06:13.538226000Z,22.772177,128.545846,Cloud to Cloud,12257,6092,8
2026-09-01T08:06:15.138326694Z,21.58016,122.415958,Cloud to Cloud,-2961,17164,5
2026-09-01T08:06:15.079722410Z,21.532217,122.345448,Cloud to Cloud,-2817,16358,6
2026-09-01T08:06:15.167697610Z,21.569026,122.426449,Cloud to Cloud,-2804,19232,6
2026-09-01T08:06:15.034200851Z,21.589792,122.318805,Cloud to Cloud,2074,4560,7
2026-09-01T08:06:15.162130655Z,21.552642,122.351919,Cloud to Cloud,2332,15469,6
2026-09-01T08:06:15.022638481Z,21.561503,122.344709,Cloud to Cloud,2616,6444,7
2026-09-01T08:06:15.151586584Z,21.547484,122.407202,Cloud to Cloud,2882,8009,6
2026-09-01T08:06:15.085619419Z,21.531656,122.340904,Cloud to Cloud,3128,19305,6
2026-09-01T08:06:15.029100379Z,21.588055,122.330118,Cloud to Cloud,7547,13869,8
2026-09-01T08:06:19.363826234Z,6.607085,117.403851,Cloud to Cloud,7072,19104,10
2026-09-01T08:06:20.070348463Z,12.027148,124.239317,Cloud to Cloud,10254,19929,7
2026-09-01T08:06:21.077297125Z,5.435538,118.088601,Cloud to Cloud,-8975,5243,7
2026-09-01T08:06:21.133160919Z,5.437674,118.154042,Cloud to Ground,23482,0,10
2026-09-01T08:06:21.247592863Z,5.572457,118.066193,Cloud to Cloud,-19304,11020,23
2026-09-01T08:06:21.248765999Z,5.549317,118.059463,Cloud to Ground,-15600,0,11
2026-09-01T08:06:21.075431033Z,5.549899,118.065721,Cloud to Ground,24128,0,10
2026-09-01T08:06:21.097028000Z,18.9074,131.4232,Cloud to Ground,13336,0,6
2026-09-01T08:06:21.158302000Z,18.8662,131.4495,Cloud to Ground,25720,0,8
2026-09-01T08:06:22.918583413Z,5.601925,116.864113,Cloud to Cloud,15367,8493,11
2026-09-01T08:06:22.170676267Z,5.651935,116.86396,Cloud to Ground,-13387,0,7
2026-09-01T08:06:23.801322594Z,6.411563,117.47659,Cloud to Cloud,9387,9225,9
2026-09-01T08:06:23.591490000Z,6.3217,117.5064,Cloud to Ground,22899,0,5
2026-09-01T08:06:24.916052634Z,6.644802,117.344048,Cloud to Cloud,6047,13261,6
2026-09-01T08:06:24.497131265Z,4.352519,114.273804,Cloud to Ground,-12362,0,18
2026-09-01T08:06:25.181501068Z,8.223973,123.376296,Cloud to Ground,-23184,0,12
2026-09-01T08:06:26.835865549Z,6.530118,117.270607,Cloud to Cloud,17280,3850,7
2026-09-01T08:06:28.789190735Z,19.591899,118.067433,Cloud to Cloud,3818,18088,8
2026-09-01T08:06:28.773689418Z,19.658964,118.050205,Cloud to Cloud,12653,9485,9
2026-09-01T08:06:30.402897739Z,6.537456,117.51675,Cloud to Cloud,-14710,5255,8
2026-09-01T08:06:30.062646100Z,11.979057,124.295004,Cloud to Cloud,15840,14403,12
2026-09-01T08:06:32.347549074Z,6.591739,117.423884,Cloud to Cloud,11440,18504,12
2026-09-01T08:06:32.109474201Z,4.184086,114.172774,Cloud to Ground,-15152,0,10
2026-09-01T08:06:32.037685312Z,4.351642,114.373727,Cloud to Ground,-20714,0,8
2026-09-01T08:06:33.409566085Z,21.581443,130.632543,Cloud to Cloud,-11428,19543,12
2026-09-01T08:06:34.190833384Z,6.3841,117.469268,Cloud to Ground,-13278,0,13
2026-09-01T08:06:35.736607986Z,3.937611,114.339586,Cloud to Cloud,-18617,6165,13
2026-09-01T08:06:35.598723644Z,3.959348,114.3087,Cloud to Cloud,-17733,5712,7
2026-09-01T08:06:35.778824412Z,4.013492,114.34895,Cloud to Ground,24203,0,7
2026-09-01T08:06:37.033542497Z,19.667764,127.404472,Cloud to Cloud,13975,9372,8
2026-09-01T08:06:39.502120712Z,5.74851,116.882906,Cloud to Ground,-17401,0,10
2026-09-01T08:06:41.803069064Z,4.260752,114.312443,Cloud to Ground,-72280,0,16
2026-09-01T08:06:42.175989814Z,4.37902,114.340731,Cloud to Cloud,11506,8445,6
2026-09-01T08:06:45.427576907Z,22.974151,128.480413,Cloud to Cloud,-11724,17105,8
2026-09-01T08:06:46.962629462Z,22.825592,128.572124,Cloud to Cloud,7274,7434,5
2026-09-01T08:06:46.300009052Z,22.839026,128.541127,Cloud to Cloud,13264,3119,10
2026-09-01T08:06:47.319969549Z,4.922451,115.5845,Cloud to Ground,10307,0,10
2026-09-01T08:06:47.089032856Z,20.190582,118.478318,Cloud to Cloud,3435,15479,7
2026-09-01T08:06:47.039903055Z,20.231451,118.534861,Cloud to Cloud,6323,16624,9
2026-09-01T08:06:46.727260402Z,20.273991,118.550219,Cloud to Cloud,7060,3002,9
2026-09-01T08:06:47.062091835Z,20.28483,118.544899,Cloud to Ground,17553,0,9
2026-09-01T08:06:53.031379157Z,4.04387,114.310668,Cloud to Cloud,-10508,9102,7
2026-09-01T08:06:52.800725218Z,4.023629,114.396333,Cloud to Cloud,8530,3783,7
2026-09-01T08:06:52.832826807Z,4.034483,114.35537,Cloud to Ground,11028,0,8
2026-09-01T08:06:53.031891475Z,4.030778,114.359688,Cloud to Ground,25838,0,15
2026-09-01T08:06:53.479789331Z,12.033926,124.273952,Cloud to Ground,-18267,0,11
2026-09-01T08:06:56.527347920Z,6.684456,117.379122,Cloud to Ground,-15977,0,17
2026-09-01T08:06:56.210639115Z,6.606458,117.438638,Cloud to Ground,-35346,0,10
2026-09-01T08:06:56.529690334Z,6.528351,117.346618,Cloud to Ground,-13091,0,8
2026-09-01T08:06:56.602775000Z,6.3141,117.4952,Cloud to Ground,37794,0,8
2026-09-01T08:06:57.498596112Z,22.694105,128.478571,Cloud to Ground,34236,0,11
2026-09-01T08:06:57.523030842Z,22.636442,128.604513,Cloud to Cloud,-9396,4280,13
2026-09-01T08:06:57.511521364Z,22.639245,128.613277,Cloud to Cloud,-7374,6800,14
2026-09-01T08:06:57.506492452Z,22.649396,128.589284,Cloud to Ground,26398,0,10
2026-09-01T08:06:57.505927809Z,22.637426,128.597942,Cloud to Ground,31453,0,12
2026-09-01T08:07:02.849818739Z,3.988727,114.352621,Cloud to Cloud,-15659,18377,16
2026-09-01T08:07:02.436158185Z,19.649788,118.068241,Cloud to Cloud,5966,12516,7
2026-09-01T08:07:04.313714649Z,5.604612,116.905524,Cloud to Ground,36399,0,16
2026-09-01T08:07:04.378768328Z,5.60669,116.904725,Cloud to Ground,37859,0,16
2026-09-01T08:07:04.452493212Z,21.960631,122.239924,Cloud to Cloud,1877,3846,7
2026-09-01T08:07:04.439513149Z,21.56775,122.433848,Cloud to Cloud,-2676,6891,6
2026-09-01T08:07:04.285628858Z,21.576607,122.339909,Cloud to Cloud,-2558,11301,6
2026-09-01T08:07:04.446251490Z,21.553348,122.384975,Cloud to Cloud,2405,19778,6
2026-09-01T08:07:04.458582651Z,21.546502,122.393589,Cloud to Cloud,2420,13695,5
2026-09-01T08:07:04.445175433Z,21.554732,122.384334,Cloud to Cloud,4074,12836,6
2026-09-01T08:07:05.291734458Z,6.429842,117.436468,Cloud to Cloud,12565,8230,8
2026-09-01T08:07:06.718848795Z,22.711385,128.576463,Cloud to Cloud,-9303,9971,9
2026-09-01T08:07:06.706767913Z,22.808617,128.375165,Cloud to Ground,-6644,0,8
2026-09-01T08:07:06.630219000Z,22.8763,128.4937,Cloud to Ground,-30217,0,13
2026-09-01T08:07:07.237978086Z,22.847081,128.488779,Cloud to Ground,-17557,0,14
2026-09-01T08:07:06.966155098Z,22.852078,128.482841,Cloud to Ground,-17006,0,14
2026-09-01T08:07:06.715817442Z,22.940385,128.457404,Cloud to Ground,-16882,0,9
2026-09-01T08:07:07.122651543Z,22.849865,128.479593,Cloud to Ground,-15637,0,10
2026-09-01T08:07:06.716947122Z,22.872586,128.518594,Cloud to Ground,-12175,0,13
2026-09-01T08:07:07.124158350Z,22.945862,128.375299,Cloud to Ground,-10424,0,8
2026-09-01T08:07:07.176885649Z,22.864289,128.54075,Cloud to Ground,-5145,0,6
2026-09-01T08:07:10.204429072Z,4.320644,114.269007,Cloud to Ground,-15849,0,11
2026-09-01T08:07:12.880574074Z,5.685073,116.847237,Cloud to Cloud,-14057,5339,14
2026-09-01T08:07:13.911598169Z,5.469395,118.050189,Cloud to Cloud,-10535,3019,7
2026-09-01T08:07:14.190095999Z,6.35323,117.544929,Cloud to Ground,-20759,0,14
2026-09-01T08:07:17.261889619Z,19.668924,118.070767,Cloud to Cloud,3797,7535,6
2026-09-01T08:07:18.255558814Z,21.986466,122.714884,Cloud to Cloud,-3318,3512,6
2026-09-01T08:07:26.085997840Z,6.522963,117.281509,Cloud to Ground,20537,0,9
2026-09-01T08:07:30.766911658Z,5.707459,116.864452,Cloud to Cloud,-8403,17360,9
2026-09-01T08:07:31.716997253Z,22.951616,128.607187,Cloud to Ground,-19371,0,15
2026-09-01T08:07:31.645095493Z,22.927824,128.618842,Cloud to Ground,-18667,0,17
2026-09-01T08:07:31.577073847Z,22.93199,128.613118,Cloud to Cloud,-18530,13859,12
2026-09-01T08:07:31.752375697Z,22.927938,128.635814,Cloud to Ground,-7172,0,6
2026-09-01T08:07:31.703410884Z,22.907461,128.629663,Cloud to Ground,6769,0,5
2026-09-01T08:07:32.792214325Z,4.995606,115.601438,Cloud to Cloud,9755,8193,6
2026-09-01T08:07:33.669840773Z,6.408637,117.460643,Cloud to Cloud,-20330,3103,17
2026-09-01T08:07:33.348082204Z,20.103377,125.789334,Cloud to Ground,-75024,0,21
2026-09-01T08:07:33.385168492Z,20.098439,125.797333,Cloud to Ground,-30344,0,15
2026-09-01T08:07:33.410526557Z,20.102544,125.796284,Cloud to Ground,-17869,0,10
2026-09-01T08:07:33.414193997Z,20.104435,125.788206,Cloud to Ground,-5578,0,7
2026-09-01T08:07:33.035495599Z,20.12345,125.639902,Cloud to Cloud,18829,3015,10
2026-09-01T08:07:33.034959240Z,20.156793,125.663592,Cloud to Ground,33823,0,10
2026-09-01T08:07:36.183868221Z,6.596686,117.285328,Cloud to Cloud,-13159,3204,9
2026-09-01T08:07:36.071070358Z,6.579615,117.320224,Cloud to Cloud,-10730,13073,8
2026-09-01T08:07:36.441534520Z,6.353431,117.482257,Cloud to Cloud,-10134,5110,8
2026-09-01T08:07:38.120285776Z,6.506068,117.400238,Cloud to Cloud,13867,8850,7
2026-09-01T08:07:39.721159418Z,4.24056,114.348557,Cloud to Cloud,21304,3044,10
2026-09-01T08:07:40.099113762Z,21.581178,130.634764,Cloud to Ground,15909,0,14
2026-09-01T08:07:40.099860745Z,21.645531,130.488543,Cloud to Ground,7993,0,8
2026-09-01T08:07:42.521312171Z,6.670089,117.304929,Cloud to Cloud,8112,3060,7
2026-09-01T08:07:43.699768836Z,6.322064,117.510032,Cloud to Ground,-19997,0,17
2026-09-01T08:07:43.425642696Z,6.553265,117.338282,Cloud to Cloud,-10514,7250,7
2026-09-01T08:07:46.349324899Z,5.65618,116.87047,Cloud to Cloud,13105,3056,10
2026-09-01T08:07:46.274467524Z,5.609069,116.879614,Cloud to Ground,16904,0,12
2026-09-01T08:07:46.427081000Z,5.6295,116.8478,Cloud to Ground,37847,0,5
2026-09-01T08:07:47.670262451Z,6.589953,117.347318,Cloud to Cloud,-11984,18324,9
2026-09-01T08:07:48.643889937Z,3.96083,114.369486,Cloud to Cloud,-9569,8910,7
2026-09-01T08:07:48.133697106Z,4.336439,114.366818,Cloud to Ground,-12787,0,9
2026-09-01T08:07:50.846759124Z,6.601595,117.385142,Cloud to Ground,-27165,0,10
2026-09-01T08:07:51.781721472Z,6.680993,117.350968,Cloud to Ground,10809,0,6
2026-09-01T08:07:51.251109597Z,5.723156,116.827186,Cloud to Cloud,-13133,5399,7
2026-09-01T08:07:54.518571425Z,21.588772,122.53056,Cloud to Cloud,4992,6822,7
2026-09-01T08:07:54.517632571Z,21.579788,122.531243,Cloud to Cloud,5099,6207,7
2026-09-01T08:07:54.501863618Z,21.581974,122.534415,Cloud to Cloud,8284,4299,7
2026-09-01T08:07:54.526855200Z,21.705695,122.433579,Cloud to Cloud,8271,9859,7
2026-09-01T08:07:54.507265041Z,21.627793,122.426841,Cloud to Cloud,17682,18664,8
2026-09-01T08:07:54.512477909Z,21.706592,122.427612,Cloud to Ground,26203,0,11
2026-09-01T08:07:56.478941421Z,21.542818,122.299595,Cloud to Cloud,-10643,13355,6
2026-09-01T08:07:56.452820152Z,21.57756,122.306729,Cloud to Cloud,-7161,8070,8
2026-09-01T08:07:56.087981022Z,21.539296,122.276457,Cloud to Cloud,4442,14603,7
2026-09-01T08:07:56.156764511Z,21.52374,122.269662,Cloud to Cloud,5584,4891,6
2026-09-01T08:07:56.091620161Z,21.537265,122.269667,Cloud to Cloud,8853,5544,8
2026-09-01T08:07:56.085776957Z,21.534557,122.281537,Cloud to Ground,14877,0,9
2026-09-01T08:07:56.088555884Z,21.544966,122.267135,Cloud to Cloud,27529,3007,9
2026-09-01T08:07:56.120413457Z,21.682385,122.167281,Cloud to Cloud,15356,13565,11
2026-09-01T08:07:57.463280066Z,5.024879,115.594435,Cloud to Ground,-21227,0,7
2026-09-01T08:08:01.031742309Z,5.456282,117.975785,Cloud to Cloud,-11119,3100,9
2026-09-01T08:08:03.287909980Z,4.960819,115.582435,Cloud to Cloud,-9651,10277,12
2026-09-01T08:08:04.501697217Z,6.549149,117.372968,Cloud to Cloud,5746,16999,7
2026-09-01T08:08:04.535767157Z,3.677333,114.42548,Cloud to Ground,28126,0,16
2026-09-01T08:08:04.836778194Z,3.942617,114.332946,Cloud to Cloud,-19840,10278,11
2026-09-01T08:08:04.865452979Z,3.967533,114.347047,Cloud to Ground,18743,0,15
2026-09-01T08:08:04.514140377Z,19.589221,118.040604,Cloud to Cloud,3366,3061,7
2026-09-01T08:08:04.499559060Z,19.586245,118.047349,Cloud to Cloud,3499,6689,6
2026-09-01T08:08:04.498088907Z,19.67001,118.073632,Cloud to Cloud,17523,3704,10
2026-09-01T08:08:05.997563432Z,6.261047,117.592007,Cloud to Cloud,14985,6788,7
2026-09-01T08:08:08.954388674Z,6.639542,117.264785,Cloud to Ground,-17092,0,10
2026-09-01T08:08:10.926190438Z,5.631523,116.857906,Cloud to Ground,23063,0,12
2026-09-01T08:08:10.996812117Z,5.704271,116.880753,Cloud to Ground,45014,0,11
2026-09-01T08:08:11.632456579Z,6.326476,117.498914,Cloud to Cloud,-15518,3112,7
2026-09-01T08:08:11.829037569Z,6.350418,117.505746,Cloud to Ground,28252,0,15
2026-09-01T08:08:11.421243550Z,6.451022,117.491377,Cloud to Ground,-29176,0,11
2026-09-01T08:08:14.125122267Z,15.422636,134.893577,Cloud to Cloud,-11951,5005,14
2026-09-01T08:08:14.124365783Z,15.3368,134.835197,Cloud to Cloud,-9112,7455,9
2026-09-01T08:08:14.123705846Z,15.353349,134.972667,Cloud to Cloud,11422,9157,7
2026-09-01T08:08:17.951281272Z,4.245365,114.338715,Cloud to Ground,-18092,0,7
2026-09-01T08:08:18.897344910Z,6.645013,117.32164,Cloud to Cloud,11484,7402,6
2026-09-01T08:08:18.137973786Z,20.558668,118.658144,Cloud to Cloud,3159,17914,7
2026-09-01T08:08:18.206949178Z,20.538175,118.638994,Cloud to Cloud,3995,16208,5
2026-09-01T08:08:18.134157804Z,20.545527,118.663441,Cloud to Cloud,4033,10581,6
2026-09-01T08:08:18.102589387Z,20.588012,118.66545,Cloud to Cloud,4579,15308,8
2026-09-01T08:08:18.140047842Z,20.554797,118.654562,Cloud to Cloud,5975,13972,8
2026-09-01T08:08:18.141079610Z,20.553314,118.659693,Cloud to Cloud,6733,16301,8
2026-09-01T08:08:18.095802820Z,20.648735,118.685815,Cloud to Cloud,6971,17672,7
2026-09-01T08:08:18.097145000Z,20.5661,118.6937,Cloud to Ground,15145,0,8
2026-09-01T08:08:21.007484980Z,8.230675,123.299137,Cloud to Ground,-48364,0,27
2026-09-01T08:08:21.258622014Z,22.963419,128.482015,Cloud to Ground,16692,0,9
2026-09-01T08:08:21.281619722Z,22.710699,128.537582,Cloud to Cloud,-14983,5115,11
2026-09-01T08:08:21.253542166Z,22.652105,128.610973,Cloud to Cloud,10229,3000,8
2026-09-01T08:08:21.131014646Z,22.847338,128.509588,Cloud to Ground,-129377,0,19
2026-09-01T08:08:21.263060159Z,22.900435,128.637118,Cloud to Ground,-41564,0,14
2026-09-01T08:08:21.195699075Z,22.850894,128.51868,Cloud to Ground,-14134,0,11
2026-09-01T08:08:21.049651186Z,22.86817,128.525483,Cloud to Cloud,-12001,7752,14
2026-09-01T08:08:21.279122277Z,22.89557,128.61782,Cloud to Cloud,-7720,6684,10
2026-09-01T08:08:21.255281633Z,22.90865,128.62544,Cloud to Cloud,15951,3095,13
2026-09-01T08:08:21.477494927Z,22.878684,128.594063,Cloud to Cloud,18066,16537,10
2026-09-01T08:08:21.162599384Z,22.862852,128.509359,Cloud to Cloud,18384,3062,10
2026-09-01T08:08:23.380108522Z,4.021188,114.316183,Cloud to Cloud,-12795,14790,7
2026-09-01T08:08:23.614206111Z,12.043455,124.255114,Cloud to Cloud,8310,8603,6
2026-09-01T08:08:25.919396098Z,6.435607,117.512512,Cloud to Ground,-13434,0,8
2026-09-01T08:08:25.572029944Z,6.646596,117.295856,Cloud to Cloud,-9169,5546,8
2026-09-01T08:08:25.770887150Z,5.419822,118.113112,Cloud to Ground,16136,0,16
2026-09-01T08:08:25.770215595Z,5.485586,118.185649,Cloud to Cloud,8273,15746,9
2026-09-01T08:08:26.216985295Z,20.203965,118.55272,Cloud to Cloud,2429,15922,6
2026-09-01T08:08:26.247971222Z,20.168855,118.480988,Cloud to Cloud,3477,17355,7
2026-09-01T08:08:26.203321106Z,20.189623,118.529316,Cloud to Cloud,4362,18222,7
2026-09-01T08:08:26.205142085Z,20.191283,118.523708,Cloud to Cloud,5110,19179,8
2026-09-01T08:08:26.212938733Z,20.274932,118.53671,Cloud to Cloud,9048,19958,8
2026-09-01T08:08:26.257261587Z,20.390235,118.574522,Cloud to Cloud,2995,15350,6
2026-09-01T08:08:31.290186436Z,6.572543,117.328367,Cloud to Ground,-9848,0,7
2026-09-01T08:08:33.185136544Z,6.625345,117.256783,Cloud to Ground,-17315,0,8
2026-09-01T08:08:35.622189905Z,4.246161,114.36699,Cloud to Cloud,-16055,5678,12
2026-09-01T08:08:35.631353713Z,4.25059,114.359486,Cloud to Cloud,-12691,17350,7
2026-09-01T08:08:35.737973203Z,4.247553,114.369548,Cloud to Ground,8271,0,8
2026-09-01T08:08:36.024717499Z,4.352353,114.374526,Cloud to Cloud,8330,3034,7
2026-09-01T08:08:35.872441562Z,4.260452,114.382134,Cloud to Cloud,13193,16610,6
2026-09-01T08:08:36.096983310Z,4.312214,114.366946,Cloud to Ground,35149,0,9
2026-09-01T08:08:36.725453293Z,4.03417,114.198675,Cloud to Ground,-15104,0,26
2026-09-01T08:08:36.781702293Z,4.010009,114.181057,Cloud to Ground,18447,0,8
2026-09-01T08:08:39.816117269Z,6.624077,117.334264,Cloud to Ground,-13116,0,8
2026-09-01T08:08:39.335955305Z,3.963855,114.398265,Cloud to Cloud,14374,6548,9
2026-09-01T08:08:44.346090153Z,21.574088,130.639039,Cloud to Ground,38613,0,19
2026-09-01T08:08:44.380361707Z,21.584063,130.511288,Cloud to Cloud,9745,3151,7
2026-09-01T08:08:45.897175769Z,5.61026,116.845908,Cloud to Cloud,-13482,12268,6
2026-09-01T08:08:45.786677000Z,5.5802,116.9862,Cloud to Ground,-11688,0,5
2026-09-01T08:08:47.189265134Z,21.763011,122.658279,Cloud to Ground,-40144,0,16
2026-09-01T08:08:47.286928682Z,21.763397,122.656856,Cloud to Ground,-29650,0,10
2026-09-01T08:08:47.172970982Z,21.827751,122.603214,Cloud to Ground,-26141,0,11
2026-09-01T08:08:47.317838885Z,21.766944,122.649145,Cloud to Ground,-12999,0,8
2026-09-01T08:08:47.318283444Z,21.793852,122.637361,Cloud to Ground,-6797,0,7
2026-09-01T08:08:47.173658918Z,21.778984,122.65265,Cloud to Cloud,-6414,18019,8
2026-09-01T08:08:47.288313571Z,21.777721,122.652373,Cloud to Ground,-3703,0,6
2026-09-01T08:08:48.843956892Z,6.571342,117.334168,Cloud to Cloud,-11929,8925,8
2026-09-01T08:08:52.367235691Z,8.055444,123.436419,Cloud to Cloud,9747,3298,8
2026-09-01T08:08:53.908667585Z,5.484254,118.108274,Cloud to Cloud,-12467,10288,7
2026-09-01T08:08:56.760455060Z,3.679486,114.428169,Cloud to Cloud,28241,6220,20
2026-09-01T08:08:56.498618077Z,6.684314,117.323624,Cloud to Cloud,-14255,8695,10
2026-09-01T08:08:57.972883963Z,6.660203,117.246653,Cloud to Ground,-11256,0,7
2026-09-01T08:08:59.567147620Z,6.549054,117.385731,Cloud to Ground,-26821,0,28
2026-09-01T08:08:59.628181335Z,6.653298,117.351462,Cloud to Cloud,-17257,18649,12
2026-09-01T08:09:00.410435496Z,6.606869,117.321925,Cloud to Ground,-15861,0,23
2026-09-01T08:08:59.789647826Z,6.665817,117.340223,Cloud to Ground,-15601,0,11
2026-09-01T08:09:01.532457712Z,22.855614,128.468195,Cloud to Ground,-16724,0,8
2026-09-01T08:09:01.908436508Z,22.946964,128.614695,Cloud to Ground,-20730,0,15
2026-09-01T08:09:01.777546964Z,22.97231,128.423915,Cloud to Ground,-7400,0,7
2026-09-01T08:09:01.481865465Z,22.977665,128.521611,Cloud to Cloud,8883,9781,7
2026-09-01T08:09:01.480261475Z,22.990091,128.40583,Cloud to Cloud,10901,14552,7
2026-09-01T08:09:01.952911407Z,22.98839,128.622892,Cloud to Cloud,11952,3042,9
2026-09-01T08:09:01.528193245Z,22.961579,128.417929,Cloud to Cloud,12056,18356,7
2026-09-01T08:09:02.805087353Z,6.576531,117.494992,Cloud to Ground,19943,0,10
2026-09-01T08:09:02.819680381Z,4.342735,114.329236,Cloud to Ground,-34611,0,22
2026-09-01T08:09:03.842489399Z,21.503679,122.2045,Cloud to Ground,-5056,0,8
2026-09-01T08:09:03.824315817Z,21.500107,122.195636,Cloud to Cloud,-3400,17712,6
2026-09-01T08:09:03.529117907Z,21.536691,122.266697,Cloud to Cloud,-3359,17742,7
2026-09-01T08:09:03.765808156Z,21.510424,122.248781,Cloud to Cloud,-3102,8873,6
2026-09-01T08:09:03.596508725Z,21.582343,122.276919,Cloud to Cloud,1825,8482,6
2026-09-01T08:09:03.530033177Z,21.536789,122.275585,Cloud to Cloud,2979,4507,6
2026-09-01T08:09:03.495026451Z,21.540568,122.272939,Cloud to Cloud,3051,10824,7
2026-09-01T08:09:03.489235073Z,21.532892,122.275096,Cloud to Cloud,6880,19552,6
2026-09-01T08:09:03.513259941Z,21.533069,122.276305,Cloud to Ground,9296,0,9
2026-09-01T08:09:03.754891882Z,21.519019,122.207999,Cloud to Cloud,10409,4449,9
2026-09-01T08:09:03.839218078Z,21.529964,122.317521,Cloud to Ground,20670,0,7
2026-09-01T08:09:03.491870997Z,21.535183,122.273769,Cloud to Ground,23205,0,9
2026-09-01T08:09:03.797386878Z,21.531979,122.289648,Cloud to Ground,34866,0,17
2026-09-01T08:09:06.261132849Z,6.573702,117.355338,Cloud to Cloud,-10521,15728,9
2026-09-01T08:09:06.739991084Z,19.662178,127.543435,Cloud to Ground,17250,0,12
2026-09-01T08:09:09.958530062Z,5.591913,116.863154,Cloud to Cloud,-9146,6559,6
2026-09-01T08:09:12.130121708Z,18.7625,131.800247,Cloud to Ground,-10308,0,12
2026-09-01T08:09:12.139832619Z,18.872582,131.571737,Cloud to Ground,-60078,0,17
2026-09-01T08:09:12.196703088Z,18.88163,131.547764,Cloud to Ground,11508,0,10
2026-09-01T08:09:12.164983222Z,18.864288,131.565969,Cloud to Ground,17788,0,11
2026-09-01T08:09:12.227282000Z,18.9387,131.3978,Cloud to Ground,8777,0,5
2026-09-01T08:09:14.286048291Z,2.995361,115.463703,Cloud to Ground,12420,0,13
2026-09-01T08:09:17.073587406Z,5.68362,116.857367,Cloud to Ground,-12848,0,6
2026-09-01T08:09:17.445552578Z,19.77259,131.932368,Cloud to Cloud,-16541,18513,13
2026-09-01T08:09:17.432748445Z,19.787475,131.905574,Cloud to Ground,-14806,0,16
2026-09-01T08:09:17.430990841Z,19.776963,131.914279,Cloud to Ground,15283,0,20
2026-09-01T08:09:18.970192922Z,6.666467,117.345743,Cloud to Cloud,-12319,8815,12
2026-09-01T08:09:19.068151099Z,6.566219,117.357582,Cloud to Ground,14215,0,7
2026-09-01T08:09:19.310419663Z,22.663371,128.537716,Cloud to Cloud,-24910,14488,16
2026-09-01T08:09:19.294220498Z,22.656879,128.588908,Cloud to Ground,37977,0,14
2026-09-01T08:09:19.295369000Z,22.6997,128.3638,Cloud to Ground,-11371,0,5
2026-09-01T08:09:20.277891397Z,5.556208,116.970531,Cloud to Ground,-20605,0,12
2026-09-01T08:09:20.544822142Z,5.574946,116.931424,Cloud to Ground,13151,0,12
2026-09-01T08:09:24.420178537Z,6.566637,117.362853,Cloud to Cloud,-7456,7683,11
2026-09-01T08:09:24.384393000Z,6.6571,117.3836,Cloud to Ground,-5560,0,6
2026-09-01T08:09:24.382600274Z,6.61354,117.333629,Cloud to Cloud,10954,3201,7
2026-09-01T08:09:25.873871283Z,6.616927,117.314456,Cloud to Ground,15461,0,8
2026-09-01T08:09:25.279723427Z,6.596475,117.514544,Cloud to Cloud,13339,17298,11
2026-09-01T08:09:27.252497935Z,4.269085,114.374257,Cloud to Ground,40179,0,13
2026-09-01T08:09:28.993534352Z,22.864251,128.514686,Cloud to Ground,-96777,0,17
2026-09-01T08:09:29.456769427Z,22.845969,128.528676,Cloud to Ground,-39148,0,12
2026-09-01T08:09:29.510117819Z,22.860442,128.539432,Cloud to Ground,-8369,0,7
2026-09-01T08:09:29.877357971Z,4.961566,115.578879,Cloud to Ground,19212,0,17
2026-09-01T08:09:29.434117657Z,22.736804,128.519599,Cloud to Cloud,8674,3023,11
2026-09-01T08:09:31.201607511Z,6.424051,117.417017,Cloud to Ground,33454,0,9
2026-09-01T08:09:34.889914420Z,6.530669,117.31462,Cloud to Cloud,-15434,7935,7
2026-09-01T08:09:34.986769447Z,6.620949,117.346406,Cloud to Cloud,-10429,15445,9
2026-09-01T08:09:34.773861054Z,4.114636,114.53569,Cloud to Ground,13927,0,7
2026-09-01T08:09:35.665152582Z,6.772689,117.279412,Cloud to Ground,-18592,0,15
2026-09-01T08:09:35.490127668Z,6.724009,117.292567,Cloud to Cloud,11213,5762,8
2026-09-01T08:09:35.725684678Z,6.682227,117.313011,Cloud to Ground,11688,0,10
2026-09-01T08:09:35.926565232Z,6.680607,117.313985,Cloud to Ground,28676,0,13
2026-09-01T08:09:35.403119138Z,6.765564,117.272557,Cloud to Ground,61425,0,11
2026-09-01T08:09:35.763820428Z,5.585133,116.863198,Cloud to Ground,-19974,0,14
2026-09-01T08:09:35.036334472Z,6.55415,117.207796,Cloud to Ground,21001,0,9
2026-09-01T08:09:36.833397000Z,12.0805,124.34,Cloud to Ground,-17469,0,5
2026-09-01T08:09:36.582031708Z,12.012525,124.327339,Cloud to Cloud,9866,14993,7
2026-09-01T08:09:37.008119000Z,20.2079,118.5972,Cloud to Ground,-3232,0,5
2026-09-01T08:09:36.734467863Z,20.212097,118.498799,Cloud to Cloud,3823,14808,7
2026-09-01T08:09:36.704947701Z,20.215208,118.51084,Cloud to Cloud,3938,10616,7
2026-09-01T08:09:36.745690156Z,20.218509,118.505629,Cloud to Cloud,4105,17257,6
2026-09-01T08:09:37.023364450Z,20.213638,118.506323,Cloud to Cloud,12193,14210,6
2026-09-01T08:09:42.688269485Z,6.348934,117.516484,Cloud to Cloud,-18259,16551,8
2026-09-01T08:09:46.321657262Z,3.959755,114.351486,Cloud to Cloud,-10971,5884,9
2026-09-01T08:09:47.974309379Z,5.638851,116.859135,Cloud to Cloud,-10923,3017,8
2026-09-01T08:09:48.411546454Z,21.389431,131.011401,Cloud to Ground,-18858,0,18
2026-09-01T08:09:48.048754428Z,21.36011,131.025747,Cloud to Ground,-10273,0,11
2026-09-01T08:09:48.173406237Z,21.35078,131.01902,Cloud to Ground,-10046,0,10
2026-09-01T08:09:48.273105949Z,21.403722,131.001859,Cloud to Ground,-9476,0,8
2026-09-01T08:09:48.587575768Z,21.425917,131.007739,Cloud to Ground,10890,0,10
2026-09-01T08:09:48.048172000Z,21.4064,130.9961,Cloud to Ground,14653,0,5
2026-09-01T08:09:49.847514189Z,21.389469,130.581473,Cloud to Cloud,12188,3625,9
2026-09-01T08:09:50.354354119Z,21.605634,130.607149,Cloud to Cloud,-21245,3024,15
2026-09-01T08:09:49.879770238Z,21.567163,130.618085,Cloud to Ground,8125,0,8
2026-09-01T08:09:50.846774086Z,5.727041,116.836938,Cloud to Ground,-12333,0,10
2026-09-01T08:09:51.231931424Z,21.924443,122.526495,Cloud to Cloud,-21259,11468,9
2026-09-01T08:09:51.327220264Z,21.849537,122.462429,Cloud to Cloud,-15853,14290,11
2026-09-01T08:09:51.322538231Z,21.935492,122.466322,Cloud to Cloud,-7881,4933,15
2026-09-01T08:09:51.068325518Z,21.797119,122.638595,Cloud to Ground,-54420,0,18
2026-09-01T08:09:51.151522277Z,21.819952,122.651316,Cloud to Ground,-19394,0,10
2026-09-01T08:09:51.110248855Z,21.809145,122.65112,Cloud to Ground,-17251,0,8
2026-09-01T08:09:51.367111949Z,21.785047,122.602871,Cloud to Ground,-11472,0,9
2026-09-01T08:09:51.338855446Z,21.785623,122.594387,Cloud to Ground,-8698,0,7
2026-09-01T08:09:51.185047548Z,21.821788,122.64807,Cloud to Ground,-5049,0,7
2026-09-01T08:09:51.188428002Z,21.824778,122.602359,Cloud to Cloud,-4421,12521,8
2026-09-01T08:09:51.057922163Z,21.801057,122.609285,Cloud to Cloud,-3782,15466,7
2026-09-01T08:09:51.288139713Z,21.763627,122.626594,Cloud to Cloud,3530,9176,7
2026-09-01T08:09:51.337120863Z,21.780659,122.598241,Cloud to Cloud,8053,3008,7
2026-09-01T08:09:53.164016000Z,6.4992,117.3652,Cloud to Ground,-11687,0,5
2026-09-01T08:09:54.068227000Z,5.5969,116.9915,Cloud to Ground,18746,0,8
2026-09-01T08:09:56.725598785Z,19.599294,118.061783,Cloud to Cloud,3260,17028,7
2026-09-01T08:09:56.720844695Z,19.599616,118.063122,Cloud to Cloud,3756,16118,7
2026-09-01T08:09:56.733004764Z,19.665047,118.081519,Cloud to Cloud,5882,6144,7
2026-09-01T08:09:56.722043692Z,19.698915,118.08595,Cloud to Cloud,6828,3001,7
2026-09-01T08:09:57.724801043Z,4.993251,115.515021,Cloud to Cloud,-10676,3005,8
2026-09-01T08:09:57.661970182Z,5.459589,118.147304,Cloud to Ground,34661,0,16
2026-09-01T08:09:58.786528722Z,6.490503,117.555073,Cloud to Cloud,11169,3792,7
2026-09-01T08:09:58.737791862Z,6.659148,117.316427,Cloud to Cloud,-17492,19168,9
2026-09-01T08:09:59.912632872Z,4.280699,114.354255,Cloud to Cloud,-12474,3054,10
2026-09-01T08:10:00.965494409Z,5.572243,116.852602,Cloud to Cloud,-13410,3697,9
2026-09-01T08:10:01.006107938Z,5.69271,116.848312,Cloud to Cloud,-6962,7359,7
2026-09-01T08:10:03.643073037Z,6.548041,117.295074,Cloud to Cloud,-11439,14047,7
2026-09-01T08:10:04.818734276Z,4.163514,114.54667,Cloud to Cloud,-9000,19949,6
2026-09-01T08:10:06.457383234Z,3.956003,114.352523,Cloud to Cloud,8767,3010,6
2026-09-01T08:10:06.382631100Z,3.984653,114.361189,Cloud to Ground,24946,0,13
2026-09-01T08:10:06.246542375Z,3.981788,114.39061,Cloud to Ground,26747,0,13
2026-09-01T08:10:08.302886023Z,6.413736,117.40713,Cloud to Cloud,-6056,5459,7
2026-09-01T08:10:08.344270000Z,8.1331,123.3341,Cloud to Ground,22878,0,6
2026-09-01T08:10:11.085650354Z,6.629032,117.27886,Cloud to Cloud,7592,12738,6
2026-09-01T08:10:10.999792430Z,6.632839,117.273214,Cloud to Cloud,12311,4995,9
2026-09-01T08:10:11.461191145Z,6.481548,117.379804,Cloud to Cloud,-10426,3132,7
2026-09-01T08:10:11.177426554Z,20.216873,118.52377,Cloud to Ground,-83986,0,14
2026-09-01T08:10:11.265594885Z,20.221836,118.534804,Cloud to Ground,-28497,0,10
2026-09-01T08:10:11.192989574Z,20.161798,118.502876,Cloud to Ground,-14550,0,7
2026-09-01T08:10:11.154554141Z,20.223201,118.528932,Cloud to Ground,-6570,0,7
2026-09-01T08:10:12.502707999Z,4.359636,114.346849,Cloud to Ground,-15220,0,14
2026-09-01T08:10:12.872920595Z,6.569477,117.238538,Cloud to Ground,14630,0,7
2026-09-01T08:10:14.193090728Z,6.679197,117.405731,Cloud to Cloud,-6006,11971,7
2026-09-01T08:10:14.332366932Z,6.434549,117.418426,Cloud to Cloud,9164,10361,6
2026-09-01T08:10:15.711739925Z,4.252489,114.37151,Cloud to Cloud,-17756,3580,7
2026-09-01T08:10:15.798424227Z,4.342924,114.371272,Cloud to Ground,-10835,0,7
2026-09-01T08:10:17.167013358Z,5.596214,116.850981,Cloud to Ground,12417,0,7
2026-09-01T08:10:18.118958763Z,6.596436,117.523349,Cloud to Cloud,-8281,7168,7
2026-09-01T08:10:20.446615198Z,5.602071,116.860615,Cloud to Ground,-10158,0,9
2026-09-01T08:10:20.518733359Z,6.371114,117.538558,Cloud to Cloud,18259,8789,13
2026-09-01T08:10:20.743366390Z,4.347345,114.380787,Cloud to Cloud,-12203,6217,7
2026-09-01T08:10:21.519941095Z,6.677889,117.469178,Cloud to Cloud,-10551,3048,7
2026-09-01T08:10:22.663755000Z,6.3897,117.4488,Cloud to Ground,8333,0,5
2026-09-01T08:10:21.520766961Z,6.602346,117.371007,Cloud to Cloud,-14713,3070,8
2026-09-01T08:10:22.221929882Z,6.552242,117.365205,Cloud to Cloud,15416,14288,7
2026-09-01T08:10:21.890035939Z,6.613786,117.359873,Cloud to Ground,16097,0,8
2026-09-01T08:10:21.688753000Z,6.5358,117.4669,Cloud to Ground,17782,0,6
2026-09-01T08:10:22.117420000Z,6.5855,117.3971,Cloud to Ground,27383,0,5
2026-09-01T08:10:21.448686550Z,6.56963,117.374595,Cloud to Ground,30756,0,15
2026-09-01T08:10:22.297309079Z,6.669031,117.34848,Cloud to Ground,34528,0,12
2026-09-01T08:10:24.464187515Z,3.678008,114.392642,Cloud to Ground,13445,0,10
2026-09-01T08:10:24.420745531Z,22.805975,128.57371,Cloud to Cloud,11291,14032,7
2026-09-01T08:10:24.431759019Z,22.863126,128.675318,Cloud to Ground,-12425,0,8
2026-09-01T08:10:24.418994640Z,22.87971,128.644121,Cloud to Cloud,9375,14246,10
2026-09-01T08:10:24.722830872Z,22.949022,128.451487,Cloud to Cloud,-15477,6520,8
2026-09-01T08:10:24.421999844Z,22.920726,128.509765,Cloud to Cloud,25976,19067,12
2026-09-01T08:10:24.823902648Z,21.544425,122.277865,Cloud to Cloud,-4572,7668,5
2026-09-01T08:10:24.670413454Z,21.519014,122.302879,Cloud to Cloud,3121,19687,5
2026-09-01T08:10:24.648923771Z,21.518019,122.186206,Cloud to Cloud,7984,7478,11
2026-09-01T08:10:24.694469920Z,21.543973,122.289821,Cloud to Cloud,8282,10360,7
2026-09-01T08:10:24.905852682Z,21.491012,122.365495,Cloud to Cloud,9082,3914,6
2026-09-01T08:10:24.681328094Z,21.533358,122.298643,Cloud to Ground,14400,0,8
2026-09-01T08:10:24.650263796Z,21.533674,122.301564,Cloud to Ground,16963,0,8
2026-09-01T08:10:24.647283499Z,21.504872,122.199304,Cloud to Cloud,18758,18696,10
2026-09-01T08:10:25.564251235Z,11.918087,124.276456,Cloud to Cloud,25698,3251,11
2026-09-01T08:10:27.604932719Z,5.64462,116.839216,Cloud to Cloud,-20239,11087,9
2026-09-01T08:10:27.394110568Z,4.1845,114.33238,Cloud to Cloud,15369,15944,6
2026-09-01T08:10:28.432734805Z,22.381389,130.280051,Cloud to Ground,17494,0,12
2026-09-01T08:10:32.254754871Z,6.705136,117.306358,Cloud to Ground,-12331,0,9
2026-09-01T08:10:32.228865412Z,21.740349,122.434099,Cloud to Ground,29519,0,8
2026-09-01T08:10:32.431964998Z,21.566564,122.469528,Cloud to Cloud,-3365,18911,7
2026-09-01T08:10:32.249870031Z,21.58975,122.541424,Cloud to Cloud,2559,19936,8
2026-09-01T08:10:32.226299124Z,21.590413,122.557241,Cloud to Cloud,3113,12519,7
2026-09-01T08:10:32.421647104Z,21.5851,122.5175,Cloud to Cloud,3293,12348,6
2026-09-01T08:10:32.231858190Z,21.591386,122.556224,Cloud to Cloud,3443,16535,8
2026-09-01T08:10:32.243572738Z,21.587634,122.56156,Cloud to Cloud,3837,9507,7
2026-09-01T08:10:32.240590195Z,21.596345,122.559675,Cloud to Cloud,4000,5852,7
2026-09-01T08:10:32.236728997Z,21.588361,122.538797,Cloud to Cloud,4078,12026,7
2026-09-01T08:10:32.249296703Z,21.585246,122.557623,Cloud to Cloud,5274,17993,8
2026-09-01T08:10:32.968714857Z,20.228729,118.564089,Cloud to Cloud,2956,19367,5
2026-09-01T08:10:32.734128385Z,20.185963,118.549937,Cloud to Cloud,7384,9158,7
2026-09-01T08:10:32.731612415Z,20.228419,118.569028,Cloud to Cloud,8331,19504,8
2026-09-01T08:10:32.977914565Z,20.225426,118.562867,Cloud to Ground,8546,0,9
2026-09-01T08:10:32.732357795Z,20.297964,118.584441,Cloud to Cloud,12122,7717,9
2026-09-01T08:10:33.009014607Z,6.559777,117.503997,Cloud to Ground,18362,0,13
2026-09-01T08:10:34.144626795Z,4.328481,114.39159,Cloud to Ground,18149,0,9
2026-09-01T08:10:34.425875438Z,4.276522,114.396208,Cloud to Ground,28085,0,11
2026-09-01T08:10:33.908252611Z,4.274823,114.391452,Cloud to Ground,49452,0,18
2026-09-01T08:10:34.808241174Z,6.546357,117.324647,Cloud to Ground,12375,0,9
2026-09-01T08:10:36.494865760Z,5.611306,116.873624,Cloud to Ground,-14052,0,7
2026-09-01T08:10:36.599702528Z,5.597254,116.863765,Cloud to Cloud,15305,11809,12
2026-09-01T08:10:36.643763426Z,5.590741,116.861783,Cloud to Ground,29895,0,15
2026-09-01T08:10:37.766206471Z,4.959202,115.616301,Cloud to Cloud,-16097,7962,8
2026-09-01T08:10:38.365990521Z,6.563963,117.32937,Cloud to Ground,17670,0,9
2026-09-01T08:10:39.481132079Z,4.006542,114.336101,Cloud to Ground,-13218,0,9
2026-09-01T08:10:39.791469502Z,4.047532,114.349592,Cloud to Ground,8649,0,8
2026-09-01T08:10:39.661330055Z,4.026075,114.359729,Cloud to Ground,45073,0,17
2026-09-01T08:10:40.877835784Z,5.438634,118.145542,Cloud to Ground,30594,0,14
2026-09-01T08:10:40.680411784Z,5.105024,115.607544,Cloud to Ground,-17161,0,14
2026-09-01T08:10:45.725306317Z,21.860977,122.484247,Cloud to Cloud,-15404,9561,10
2026-09-01T08:10:45.696935829Z,21.792049,122.645852,Cloud to Ground,-69106,0,19
2026-09-01T08:10:45.780321040Z,21.791676,122.631985,Cloud to Ground,-40076,0,17
2026-09-01T08:10:46.001179516Z,21.787499,122.623986,Cloud to Ground,-28899,0,11
2026-09-01T08:10:45.842504193Z,21.788222,122.622081,Cloud to Ground,-23540,0,11
2026-09-01T08:10:46.066434789Z,21.792831,122.637643,Cloud to Ground,-12221,0,9
2026-09-01T08:10:46.117835804Z,21.794034,122.63768,Cloud to Ground,-10796,0,8
2026-09-01T08:10:46.364117932Z,21.79233,122.638517,Cloud to Ground,-7973,0,9
2026-09-01T08:10:46.069041801Z,21.79763,122.626279,Cloud to Ground,-6242,0,9
2026-09-01T08:10:45.720728750Z,21.870697,122.60566,Cloud to Cloud,-5855,19398,8
2026-09-01T08:10:45.778874610Z,21.798383,122.612852,Cloud to Ground,-5831,0,7
2026-09-01T08:10:46.070253300Z,21.795377,122.554391,Cloud to Cloud,-2869,7231,6
2026-09-01T08:10:46.003845868Z,21.775501,122.600039,Cloud to Cloud,7120,19991,9
2026-09-01T08:10:46.984578596Z,6.428107,117.499198,Cloud to Cloud,-17556,14429,8
2026-09-01T08:10:46.912604000Z,6.3914,117.6235,Cloud to Ground,24915,0,9
2026-09-01T08:10:49.395701612Z,3.886104,114.354373,Cloud to Ground,8041,0,7
2026-09-01T08:10:52.064982320Z,4.318069,114.30572,Cloud to Ground,-24650,0,22
2026-09-01T08:10:55.494042033Z,6.447896,117.339232,Cloud to Cloud,7723,14611,7
2026-09-01T08:10:55.473712693Z,21.545202,130.647361,Cloud to Ground,17782,0,15
2026-09-01T08:10:55.230193684Z,19.614735,118.038,Cloud to Cloud,2752,8520,7
2026-09-01T08:10:55.042470641Z,19.698799,118.084793,Cloud to Cloud,4861,3000,8
2026-09-01T08:10:55.027597972Z,19.688395,118.091441,Cloud to Cloud,16414,3168,9
2026-09-01T08:10:57.038788365Z,3.703368,114.453783,Cloud to Ground,33458,0,16
2026-09-01T08:10:57.775912931Z,22.941471,128.62849,Cloud to Ground,-83709,0,17
2026-09-01T08:10:57.863299314Z,22.932266,128.615847,Cloud to Ground,-23657,0,15
2026-09-01T08:10:57.819662996Z,22.931486,128.604862,Cloud to Ground,-17127,0,14
2026-09-01T08:10:58.428034658Z,22.930694,128.603531,Cloud to Ground,-16595,0,13
2026-09-01T08:10:57.887319766Z,22.912208,128.590185,Cloud to Ground,-13489,0,13
2026-09-01T08:10:58.520065050Z,22.629569,128.58485,Cloud to Cloud,-13008,18084,8
2026-09-01T08:10:58.639618626Z,22.89214,128.512062,Cloud to Ground,-11706,0,13
2026-09-01T08:10:58.433861032Z,22.907333,128.473251,Cloud to Cloud,7859,11169,7
2026-09-01T08:10:59.659507371Z,20.174588,118.517866,Cloud to Ground,45879,0,10
2026-09-01T08:11:00.420522402Z,6.305361,117.453172,Cloud to Cloud,-10752,3656,7
2026-09-01T08:11:02.195936846Z,4.288258,114.393765,Cloud to Ground,22074,0,9
2026-09-01T08:11:09.259695696Z,18.813381,131.561971,Cloud to Ground,-60008,0,12
2026-09-01T08:11:09.260586751Z,18.825381,131.571361,Cloud to Ground,-29345,0,14
2026-09-01T08:11:09.267342844Z,18.821665,131.559604,Cloud to Ground,-16059,0,9
2026-09-01T08:11:09.258575916Z,18.825057,131.572984,Cloud to Ground,-11386,0,7
2026-09-01T08:11:09.297136801Z,18.823456,131.56444,Cloud to Ground,10451,0,8
2026-09-01T08:11:12.030836974Z,6.642917,117.526163,Cloud to Cloud,-19435,3040,14
2026-09-01T08:11:16.330115021Z,4.300292,114.366671,Cloud to Cloud,-20948,14509,10
2026-09-01T08:11:16.309594854Z,12.002624,124.325286,Cloud to Cloud,13359,18359,10
2026-09-01T08:11:17.901593833Z,4.270222,114.384693,Cloud to Ground,-14175,0,15
2026-09-01T08:11:17.947146120Z,4.273413,114.387655,Cloud to Ground,9914,0,10
2026-09-01T08:11:17.902743566Z,4.161356,114.339094,Cloud to Cloud,11483,7534,7
2026-09-01T08:11:18.172980026Z,6.589928,117.565194,Cloud to Cloud,15238,8824,12
2026-09-01T08:11:19.933685000Z,5.6062,116.7745,Cloud to Ground,13237,0,5
2026-09-01T08:11:19.946248206Z,5.593705,116.855105,Cloud to Ground,16316,0,12
2026-09-01T08:11:21.160361156Z,5.000071,115.583405,Cloud to Cloud,9208,9671,8
2026-09-01T08:11:22.943793526Z,5.41598,118.210621,Cloud to Cloud,10468,8756,7
2026-09-01T08:11:24.408210268Z,6.610166,117.2405,Cloud to Ground,-16569,0,20
2026-09-01T08:11:25.327491353Z,4.323892,114.331345,Cloud to Ground,-13397,0,10
2026-09-01T08:11:27.699275444Z,5.629881,116.808853,Cloud to Cloud,-14102,15945,7
2026-09-01T08:11:27.708166676Z,21.524569,122.295897,Cloud to Cloud,3555,9790,6
2026-09-01T08:11:28.163427416Z,21.496268,122.29145,Cloud to Cloud,3643,11860,5
2026-09-01T08:11:27.669029327Z,21.525737,122.299752,Cloud to Cloud,4244,19736,6
2026-09-01T08:11:28.023608596Z,21.562897,122.301032,Cloud to Cloud,6599,5495,6
2026-09-01T08:11:27.674243934Z,21.591425,122.290087,Cloud to Cloud,8177,3603,9
2026-09-01T08:11:27.654477504Z,21.522241,122.301658,Cloud to Cloud,9316,7960,7
2026-09-01T08:11:28.353190303Z,4.308698,114.266248,Cloud to Ground,-11469,0,12
2026-09-01T08:11:28.327550510Z,4.238179,114.327721,Cloud to Cloud,10371,3137,9
2026-09-01T08:11:28.317038999Z,4.23596,114.336318,Cloud to Ground,34324,0,12
2026-09-01T08:11:30.347644002Z,20.219674,118.52164,Cloud to Cloud,2635,16889,5
2026-09-01T08:11:30.414157880Z,20.215578,118.527115,Cloud to Cloud,5519,8480,6
2026-09-01T08:11:30.345458015Z,20.232055,118.611838,Cloud to Cloud,14176,15340,7
2026-09-01T08:11:34.197850080Z,6.576609,117.386227,Cloud to Ground,-27172,0,10
2026-09-01T08:11:34.206485252Z,6.57391,117.35872,Cloud to Ground,-18660,0,14
2026-09-01T08:11:34.250030636Z,6.577234,117.382065,Cloud to Ground,-17643,0,8
2026-09-01T08:11:34.380186386Z,6.576172,117.371018,Cloud to Cloud,-16748,18165,14
2026-09-01T08:11:34.219646179Z,6.673308,117.3563,Cloud to Ground,-12665,0,16
2026-09-01T08:11:34.312275390Z,6.670723,117.347601,Cloud to Cloud,10256,10292,10
2026-09-01T08:11:34.310755145Z,6.577068,117.380032,Cloud to Ground,17765,0,15
2026-09-01T08:11:34.834165270Z,6.642198,117.349992,Cloud to Ground,18142,0,9
2026-09-01T08:11:34.553249000Z,6.5593,117.2655,Cloud to Ground,28082,0,5
2026-09-01T08:11:38.984732740Z,5.612617,118.080053,Cloud to Ground,-14207,0,11
2026-09-01T08:11:39.583744315Z,5.021547,115.682813,Cloud to Ground,19560,0,9
2026-09-01T08:11:40.153287099Z,5.709621,116.118712,Cloud to Ground,-44875,0,12
2026-09-01T08:11:40.152723394Z,5.709529,116.11271,Cloud to Ground,-36359,0,17
2026-09-01T08:11:40.212730667Z,5.7051,116.115996,Cloud to Ground,-14199,0,11
2026-09-01T08:11:41.331598937Z,4.342763,114.34524,Cloud to Ground,-14881,0,19
2026-09-01T08:11:41.182977915Z,4.32325,114.331671,Cloud to Ground,-14677,0,8
2026-09-01T08:11:43.063964208Z,6.581844,117.503727,Cloud to Cloud,-8599,3073,9
2026-09-01T08:11:44.892219270Z,4.259671,114.561503,Cloud to Cloud,14164,6208,10
2026-09-01T08:11:44.589387625Z,3.975747,114.364907,Cloud to Ground,9721,0,10
2026-09-01T08:11:44.855489292Z,4.024597,114.377301,Cloud to Cloud,16637,8684,6
2026-09-01T08:11:44.745361567Z,3.963755,114.314619,Cloud to Cloud,21213,5505,24
2026-09-01T08:11:44.744525903Z,4.054312,114.380458,Cloud to Ground,43948,0,11
2026-09-01T08:11:44.822748926Z,4.137743,114.525402,Cloud to Cloud,-10174,3950,7
2026-09-01T08:11:46.705917690Z,5.402124,118.053391,Cloud to Ground,21780,0,7
2026-09-01T08:11:46.417327695Z,5.598353,118.124257,Cloud to Ground,-17298,0,24
2026-09-01T08:11:46.160329830Z,5.483821,118.14771,Cloud to Ground,18522,0,11
2026-09-01T08:11:47.132851238Z,19.548926,128.939379,Cloud to Ground,29877,0,11
2026-09-01T08:11:48.855890687Z,4.296462,114.368503,Cloud to Ground,11657,0,10
2026-09-01T08:11:48.540288315Z,4.260087,114.407878,Cloud to Cloud,21913,3552,11
2026-09-01T08:11:52.702006749Z,20.172314,118.516136,Cloud to Ground,40980,0,12
2026-09-01T08:11:53.082771507Z,6.683729,117.272794,Cloud to Cloud,-10056,6456,9
2026-09-01T08:11:54.803497937Z,6.609575,117.345728,Cloud to Cloud,-6159,14013,7
2026-09-01T08:11:55.552622599Z,6.385423,117.584411,Cloud to Cloud,11773,11304,7
2026-09-01T08:11:55.940794492Z,4.364602,114.324823,Cloud to Cloud,-13548,19629,11
2026-09-01T08:11:55.992621847Z,11.993854,124.34147,Cloud to Cloud,18121,12468,8
2026-09-01T08:11:56.718689008Z,22.797217,128.516659,Cloud to Cloud,12869,4818,8
2026-09-01T08:11:56.690345276Z,22.688434,128.569861,Cloud to Ground,10519,0,6
2026-09-01T08:11:56.694134780Z,22.977403,128.453674,Cloud to Ground,-21721,0,12
2026-09-01T08:11:56.511688060Z,22.955246,128.485807,Cloud to Cloud,-14308,3347,7
2026-09-01T08:11:56.728731248Z,22.97285,128.441302,Cloud to Cloud,9263,6846,7
2026-09-01T08:11:56.704264914Z,22.891466,128.467198,Cloud to Cloud,13697,4184,6
2026-09-01T08:11:56.517336828Z,22.896293,128.617092,Cloud to Ground,-167797,0,16
2026-09-01T08:11:56.580383825Z,22.900091,128.611153,Cloud to Ground,-73641,0,17
2026-09-01T08:11:56.693136024Z,22.903284,128.622082,Cloud to Ground,-39554,0,17
2026-09-01T08:11:56.642273637Z,22.904321,128.619026,Cloud to Ground,-31092,0,16
2026-09-01T08:11:56.712199081Z,22.916385,128.659322,Cloud to Cloud,16816,7393,8
2026-09-01T08:11:58.226785591Z,4.298962,114.381752,Cloud to Cloud,19083,15166,8
2026-09-01T08:11:59.443216608Z,20.598998,118.700675,Cloud to Cloud,2685,3796,6
2026-09-01T08:11:59.451532885Z,20.711493,118.711236,Cloud to Cloud,5363,19828,6
2026-09-01T08:11:59.466382845Z,20.714006,118.695332,Cloud to Cloud,6149,4582,7
2026-09-01T08:12:01.626024989Z,6.540689,117.266444,Cloud to Cloud,8588,18832,6
2026-09-01T08:12:02.069243501Z,5.584526,116.89736,Cloud to Ground,24070,0,14
2026-09-01T08:12:06.384542766Z,11.966757,124.135538,Cloud to Cloud,14096,17826,7
2026-09-01T08:12:07.186880991Z,3.004347,115.471802,Cloud to Ground,-17962,0,16
2026-09-01T08:12:07.255507447Z,21.617363,130.487082,Cloud to Ground,11661,0,11
2026-09-01T08:12:07.254985023Z,21.552607,130.614302,Cloud to Cloud,-10575,3050,17
2026-09-01T08:12:07.257012529Z,21.560146,130.630297,Cloud to Ground,-8539,0,8
2026-09-01T08:12:07.708800668Z,21.58117,130.636853,Cloud to Ground,-7545,0,7
2026-09-01T08:12:07.253928027Z,21.552406,130.634645,Cloud to Ground,10088,0,11
2026-09-01T08:12:08.164272038Z,19.773635,127.442893,Cloud to Cloud,5308,4381,7
2026-09-01T08:12:08.163507738Z,19.742697,127.41213,Cloud to Ground,23840,0,14
2026-09-01T08:12:08.162382910Z,19.667439,127.452482,Cloud to Ground,29356,0,12
2026-09-01T08:12:11.108728039Z,6.655346,117.217314,Cloud to Ground,45635,0,13
2026-09-01T08:12:12.005109016Z,6.643571,117.501055,Cloud to Cloud,11403,16680,8
2026-09-01T08:12:16.515139981Z,6.568555,117.258917,Cloud to Ground,13352,0,12
2026-09-01T08:12:16.543539960Z,6.57162,117.251461,Cloud to Ground,17783,0,12
2026-09-01T08:12:16.642067173Z,6.445765,117.307533,Cloud to Cloud,-13573,3008,8
2026-09-01T08:12:17.938615033Z,21.791316,122.666009,Cloud to Ground,-60131,0,17
2026-09-01T08:12:17.982087641Z,21.796385,122.636889,Cloud to Cloud,-4745,9143,7
2026-09-01T08:12:19.821975000Z,4.2339,114.4023,Cloud to Ground,-13742,0,5
2026-09-01T08:12:20.178548581Z,5.586751,118.120198,Cloud to Ground,35685,0,8
2026-09-01T08:12:20.553465563Z,6.624376,117.199836,Cloud to Cloud,-17894,8551,7
2026-09-01T08:12:21.521640369Z,6.687517,117.2082,Cloud to Cloud,-13434,14003,14
2026-09-01T08:12:22.503484306Z,21.546694,122.336853,Cloud to Cloud,2369,12536,6
2026-09-01T08:12:22.333434229Z,21.523618,122.308065,Cloud to Cloud,2547,5763,6
2026-09-01T08:12:22.328915961Z,21.522992,122.305587,Cloud to Cloud,3090,6966,8
2026-09-01T08:12:22.398472362Z,21.537208,122.322025,Cloud to Cloud,3906,5127,7
2026-09-01T08:12:22.634810678Z,21.54089,122.290188,Cloud to Cloud,4302,12789,7
2026-09-01T08:12:22.322226442Z,21.52083,122.312777,Cloud to Ground,12919,0,9
2026-09-01T08:12:22.912709571Z,4.264301,114.382961,Cloud to Cloud,-16158,17652,10
2026-09-01T08:12:23.574784203Z,4.357133,114.379716,Cloud to Ground,21030,0,7
2026-09-01T08:12:23.270059659Z,4.300472,114.393029,Cloud to Ground,32277,0,11
2026-09-01T08:12:23.449079181Z,4.297345,114.376304,Cloud to Ground,40381,0,15
2026-09-01T08:12:23.684665600Z,5.690002,116.81741,Cloud to Cloud,-15830,3046,8
2026-09-01T08:12:23.823473981Z,20.239765,118.519044,Cloud to Cloud,2856,3616,7
2026-09-01T08:12:26.550179272Z,5.700402,116.82903,Cloud to Cloud,14592,7951,9
2026-09-01T08:12:26.424772712Z,5.592311,116.861094,Cloud to Ground,14324,0,10
2026-09-01T08:12:32.473778266Z,5.62011,116.833497,Cloud to Cloud,11239,19182,8
2026-09-01T08:12:33.710384402Z,5.45734,118.107536,Cloud to Ground,-12760,0,8
2026-09-01T08:12:33.492119508Z,5.595725,118.124792,Cloud to Cloud,12024,12442,8
2026-09-01T08:12:33.475409233Z,5.544233,118.140273,Cloud to Cloud,15963,3033,8
2026-09-01T08:12:33.951111812Z,5.552421,118.145112,Cloud to Ground,19411,0,8
2026-09-01T08:12:33.574685913Z,5.456274,118.189987,Cloud to Ground,26248,0,14
2026-09-01T08:12:33.370978937Z,5.461058,118.174218,Cloud to Ground,34289,0,20
2026-09-01T08:12:34.295126773Z,5.733944,116.819178,Cloud to Cloud,13886,6918,10
2026-09-01T08:12:34.158140960Z,21.598127,130.596819,Cloud to Cloud,7170,7445,7
2026-09-01T08:12:34.228286483Z,21.504457,130.728071,Cloud to Ground,-13043,0,8
2026-09-01T08:12:35.109720862Z,6.625225,117.263745,Cloud to Ground,11614,0,8
2026-09-01T08:12:35.965038046Z,18.94798,131.533118,Cloud to Ground,-25960,0,11
2026-09-01T08:12:35.914959420Z,18.850438,131.602606,Cloud to Ground,-33961,0,14
2026-09-01T08:12:36.012295893Z,18.823113,131.601201,Cloud to Ground,13341,0,10
2026-09-01T08:12:36.014320078Z,18.808403,131.643528,Cloud to Ground,40249,0,10
2026-09-01T08:12:36.759207925Z,12.099885,124.255051,Cloud to Ground,-17476,0,10
2026-09-01T08:12:41.728956806Z,6.666024,117.262177,Cloud to Ground,-11418,0,11
2026-09-01T08:12:41.933812674Z,6.585789,117.300971,Cloud to Ground,15249,0,9
2026-09-01T08:12:41.975009179Z,6.581521,117.302664,Cloud to Ground,23685,0,14
2026-09-01T08:12:41.378777031Z,4.138181,114.51904,Cloud to Cloud,-16616,4635,8
2026-09-01T08:12:42.666087756Z,5.598192,116.847431,Cloud to Ground,-11976,0,8
2026-09-01T08:12:42.685616273Z,5.595392,116.827675,Cloud to Ground,12365,0,7
2026-09-01T08:12:43.121860003Z,4.290964,114.413246,Cloud to Ground,22032,0,11
2026-09-01T08:12:43.197641721Z,4.277926,114.379267,Cloud to Ground,23226,0,11
2026-09-01T08:12:44.902239273Z,5.588594,116.825313,Cloud to Cloud,-11139,3008,10
2026-09-01T08:12:45.844977043Z,6.619207,117.25,Cloud to Cloud,-5105,5770,7
2026-09-01T08:12:46.532447980Z,5.621657,116.843396,Cloud to Cloud,-13940,6760,9
2026-09-01T08:12:49.936063833Z,5.6773,116.805571,Cloud to Cloud,-15726,4704,9
2026-09-01T08:12:53.146631229Z,5.619546,116.811684,Cloud to Ground,10396,0,7
2026-09-01T08:12:54.688084812Z,6.544992,117.261463,Cloud to Cloud,-23179,3017,7
2026-09-01T08:12:54.541618251Z,6.676459,117.246353,Cloud to Cloud,-16003,3354,9
2026-09-01T08:12:54.574240401Z,5.511882,118.118932,Cloud to Ground,18793,0,23
2026-09-01T08:12:56.966962411Z,6.629016,117.237947,Cloud to Ground,11821,0,8
2026-09-01T08:12:56.683349768Z,4.312296,114.361985,Cloud to Cloud,-8584,3517,7
2026-09-01T08:12:56.668650764Z,4.373327,114.376182,Cloud to Cloud,-8365,7292,6
2026-09-01T08:12:59.861121184Z,5.578977,116.8828,Cloud to Ground,21202,0,15
2026-09-01T08:12:59.972776739Z,5.573992,116.87456,Cloud to Ground,21362,0,11
2026-09-01T08:12:59.931888287Z,5.623517,116.861983,Cloud to Ground,43961,0,10
2026-09-01T08:12:59.930986204Z,5.729299,116.867048,Cloud to Cloud,-12194,19804,11
2026-09-01T08:13:03.009437075Z,6.382251,117.511591,Cloud to Cloud,-14594,5108,11
2026-09-01T08:13:02.955608828Z,6.36751,117.498979,Cloud to Ground,18638,0,12
2026-09-01T08:13:02.484117331Z,4.963328,115.559437,Cloud to Ground,8478,0,7
2026-09-01T08:13:03.422062440Z,5.594791,116.817246,Cloud to Cloud,16513,12852,10
2026-09-01T08:13:05.603974540Z,5.598123,116.82699,Cloud to Ground,-11927,0,6
2026-09-01T08:13:05.670320289Z,21.657566,122.551762,Cloud to Cloud,-2877,12915,6
2026-09-01T08:13:05.692083696Z,21.619277,122.537877,Cloud to Cloud,1610,7134,5
2026-09-01T08:13:05.660083432Z,21.606534,122.586314,Cloud to Cloud,2875,16827,6
2026-09-01T08:13:05.666986149Z,21.588869,122.558382,Cloud to Cloud,3583,12063,7
2026-09-01T08:13:05.671059070Z,21.584491,122.583872,Cloud to Cloud,5204,18912,7
2026-09-01T08:13:05.649107449Z,21.632939,122.489497,Cloud to Cloud,14287,19116,13
2026-09-01T08:13:05.656566045Z,21.55785,122.489676,Cloud to Cloud,16678,5548,12
2026-09-01T08:13:08.939489622Z,19.722362,118.107433,Cloud to Cloud,23677,16325,8
2026-09-01T08:13:08.941777925Z,19.628445,118.082783,Cloud to Cloud,4866,3059,8
2026-09-01T08:13:08.945122670Z,19.6216,118.071986,Cloud to Cloud,7887,3001,8
2026-09-01T08:13:08.038918000Z,6.6358,117.2201,Cloud to Ground,2094,0,5
2026-09-01T08:13:09.353522856Z,5.496234,118.165149,Cloud to Cloud,-16884,11520,24
2026-09-01T08:13:10.030167987Z,6.53296,117.435073,Cloud to Cloud,7920,6219,6
2026-09-01T08:13:10.128493700Z,4.976843,115.676905,Cloud to Ground,18306,0,14
2026-09-01T08:13:10.755713287Z,4.584498,114.85216,Cloud to Ground,-46488,0,15
2026-09-01T08:13:11.752506040Z,5.479354,116.887855,Cloud to Cloud,11241,9943,7
2026-09-01T08:13:11.969936750Z,5.604981,116.862925,Cloud to Cloud,-14715,4329,9
2026-09-01T08:13:14.644170950Z,4.281135,114.348778,Cloud to Cloud,-13962,3239,8
2026-09-01T08:13:14.469494157Z,4.330754,114.413786,Cloud to Cloud,7568,3063,7
2026-09-01T08:13:14.641484631Z,4.374833,114.386011,Cloud to Cloud,8583,3272,6
2026-09-01T08:13:14.594965553Z,4.302699,114.389049,Cloud to Ground,19351,0,14
2026-09-01T08:13:14.919426000Z,4.5051,114.6809,Cloud to Ground,60925,0,5
2026-09-01T08:13:15.658286832Z,4.787845,115.100029,Cloud to Cloud,-16865,17926,11
2026-09-01T08:13:17.300403507Z,4.241118,114.264464,Cloud to Cloud,-15326,3209,7
2026-09-01T08:13:18.820645904Z,5.008649,118.211847,Cloud to Cloud,-20099,6596,8
2026-09-01T08:13:21.053175826Z,4.942695,115.056635,Cloud to Cloud,25451,6814,9
2026-09-01T08:13:21.512040181Z,4.259891,114.337925,Cloud to Cloud,9128,6305,8
2026-09-01T08:13:24.096128716Z,5.610556,116.858746,Cloud to Ground,24569,0,12
2026-09-01T08:13:24.353909040Z,20.253355,118.546809,Cloud to Cloud,-4720,19712,7
2026-09-01T08:13:24.556337988Z,20.434513,118.568579,Cloud to Cloud,-2829,18396,6
2026-09-01T08:13:25.639307069Z,6.6271,117.235359,Cloud to Ground,13024,0,10
2026-09-01T08:13:25.179983445Z,5.740001,116.80691,Cloud to Cloud,-23522,17150,18
2026-09-01T08:13:27.012061060Z,6.66055,117.257918,Cloud to Cloud,-15854,8097,10
2026-09-01T08:13:27.375465974Z,6.463603,117.575512,Cloud to Cloud,-14924,16362,7
2026-09-01T08:13:27.220446734Z,6.405061,117.5766,Cloud to Cloud,-7460,8436,8
2026-09-01T08:13:27.747643000Z,6.4934,117.5097,Cloud to Ground,25410,0,5
2026-09-01T08:13:27.185117368Z,6.641788,117.488233,Cloud to Ground,-13686,0,16
2026-09-01T08:13:27.125015000Z,6.5862,117.5215,Cloud to Ground,14780,0,6
2026-09-01T08:13:27.218341000Z,6.5977,117.5002,Cloud to Ground,16603,0,6
2026-09-01T08:13:28.050236200Z,6.629614,117.355928,Cloud to Ground,-15638,0,9
2026-09-01T08:13:30.504826624Z,6.55093,117.219339,Cloud to Cloud,-9654,10032,9
2026-09-01T08:13:31.652954643Z,5.41325,118.23011,Cloud to Cloud,-10371,3033,8
2026-09-01T08:13:31.732324208Z,22.087541,119.948274,Cloud to Cloud,2599,6957,6
2026-09-01T08:13:31.691709613Z,22.078416,119.957139,Cloud to Cloud,3334,4460,6
2026-09-01T08:13:31.625110342Z,22.05777,119.960538,Cloud to Cloud,3426,4774,7
2026-09-01T08:13:31.624091524Z,22.057253,119.962117,Cloud to Cloud,4069,4805,7
2026-09-01T08:13:33.698771497Z,5.509242,118.137962,Cloud to Ground,-21615,0,8
2026-09-01T08:13:34.953393176Z,4.247145,114.397308,Cloud to Ground,8769,0,9
2026-09-01T08:13:34.886300438Z,3.702648,114.410171,Cloud to Cloud,9844,3040,6
2026-09-01T08:13:34.979019908Z,3.74297,114.460163,Cloud to Ground,38275,0,15
2026-09-01T08:13:36.760545975Z,22.701493,128.569822,Cloud to Ground,13186,0,7
2026-09-01T08:13:36.635329637Z,22.894858,128.635833,Cloud to Ground,9571,0,7
2026-09-01T08:13:36.617629333Z,22.876122,128.541218,Cloud to Cloud,11832,17550,9
2026-09-01T08:13:36.623396625Z,22.868553,128.524524,Cloud to Cloud,15483,7443,9
2026-09-01T08:13:36.621641894Z,22.895263,128.645065,Cloud to Ground,19783,0,10
2026-09-01T08:13:36.669651119Z,22.990316,128.53739,Cloud to Cloud,-9837,3087,7
2026-09-01T08:13:36.724557079Z,22.967771,128.553966,Cloud to Cloud,8909,14232,9
2026-09-01T08:13:37.887366566Z,4.299085,114.341648,Cloud to Ground,-8767,0,6
2026-09-01T08:13:41.790668634Z,3.979042,114.402485,Cloud to Ground,-23481,0,18
2026-09-01T08:13:41.543218999Z,19.542884,128.95556,Cloud to Ground,82775,0,15
2026-09-01T08:13:41.545408407Z,19.57928,128.814185,Cloud to Ground,9330,0,10
2026-09-01T08:13:41.556169031Z,19.591315,128.834013,Cloud to Ground,9813,0,10
2026-09-01T08:13:41.544651901Z,19.556382,128.822431,Cloud to Cloud,12853,7836,8
2026-09-01T08:13:43.948530973Z,6.631817,117.528423,Cloud to Cloud,-13657,6937,7
2026-09-01T08:13:43.932942966Z,6.650773,117.476165,Cloud to Ground,-9778,0,17
2026-09-01T08:13:43.595897021Z,4.981174,115.594642,Cloud to Cloud,-9185,3978,10
2026-09-01T08:13:45.137732329Z,6.642113,117.285097,Cloud to Cloud,-13126,3083,7
2026-09-01T08:13:45.961275516Z,4.326151,114.3691,Cloud to Ground,14301,0,7
2026-09-01T08:13:47.214772098Z,21.529175,130.625887,Cloud to Cloud,-9976,18216,12
2026-09-01T08:13:46.927874720Z,21.513504,130.538325,Cloud to Ground,11710,0,15
2026-09-01T08:13:46.928429399Z,21.526719,130.645207,Cloud to Ground,14689,0,12
2026-09-01T08:13:50.727180657Z,5.512949,118.144399,Cloud to Cloud,-12823,6349,6
2026-09-01T08:13:50.647741114Z,5.467604,118.155008,Cloud to Cloud,-6598,4225,7
2026-09-01T08:13:51.088424811Z,6.610295,117.275833,Cloud to Cloud,-11682,5408,6
2026-09-01T08:13:51.123829546Z,6.662729,117.224214,Cloud to Cloud,-11439,18312,10
2026-09-01T08:13:52.242879621Z,5.685027,116.872418,Cloud to Cloud,-11038,10317,10
2026-09-01T08:13:53.508876926Z,5.619902,116.834777,Cloud to Ground,21401,0,12
2026-09-01T08:13:53.228104198Z,19.819741,127.174831,Cloud to Cloud,5306,5244,7
2026-09-01T08:13:54.187309998Z,20.10713,125.831901,Cloud to Ground,30196,0,8
2026-09-01T08:13:54.185976230Z,20.04348,126.012082,Cloud to Cloud,4040,15004,8
2026-09-01T08:13:55.042884369Z,22.812607,128.403915,Cloud to Cloud,-9627,3279,12
2026-09-01T08:13:54.768216028Z,22.792336,128.352368,Cloud to Cloud,9879,19086,8
2026-09-01T08:13:54.768667401Z,22.794461,128.329175,Cloud to Ground,35650,0,10
2026-09-01T08:13:54.769130585Z,22.79059,128.345887,Cloud to Ground,45754,0,10
2026-09-01T08:13:55.236798308Z,22.729503,128.528403,Cloud to Cloud,-10960,8188,7
2026-09-01T08:13:55.242234346Z,22.741932,128.540954,Cloud to Cloud,-9104,15249,8
2026-09-01T08:13:54.904001475Z,22.718133,128.495747,Cloud to Cloud,-8432,6494,12
2026-09-01T08:13:55.062699748Z,22.738163,128.514814,Cloud to Ground,-7526,0,6
2026-09-01T08:13:54.771231979Z,22.645623,128.385803,Cloud to Cloud,8478,13323,7
2026-09-01T08:13:54.900909882Z,22.701791,128.403148,Cloud to Cloud,9274,8070,6
2026-09-01T08:13:54.948843412Z,22.691658,128.534413,Cloud to Cloud,21514,4998,12
2026-09-01T08:13:54.930180184Z,22.71999,128.453448,Cloud to Ground,64192,0,14
2026-09-01T08:13:59.531599463Z,6.543621,117.37611,Cloud to Cloud,-15411,17118,7
2026-09-01T08:13:59.666701000Z,5.6597,117.9051,Cloud to Ground,-10891,0,6
2026-09-01T08:14:00.359426471Z,18.818815,131.629362,Cloud to Ground,-15632,0,6
2026-09-01T08:14:00.056919390Z,18.871118,131.581713,Cloud to Ground,-13110,0,9
2026-09-01T08:14:00.355569272Z,18.834485,131.635923,Cloud to Ground,-11450,0,7
2026-09-01T08:14:00.134321105Z,18.877573,131.609043,Cloud to Cloud,-9382,7581,13
2026-09-01T08:14:00.226851000Z,18.9012,131.5324,Cloud to Ground,10860,0,5
2026-09-01T08:14:00.080141652Z,18.904788,131.55184,Cloud to Ground,12192,0,9
2026-09-01T08:14:00.195419034Z,18.836729,131.650418,Cloud to Ground,30429,0,8
2026-09-01T08:14:00.077498000Z,18.8927,131.5915,Cloud to Ground,45108,0,5
2026-09-01T08:14:02.021939217Z,2.500835,112.714667,Cloud to Ground,-20811,0,14
2026-09-01T08:14:02.040063469Z,2.500784,112.720278,Cloud to Ground,-10923,0,7
2026-09-01T08:14:03.976318263Z,4.235302,114.321032,Cloud to Cloud,11638,3016,6
2026-09-01T08:14:03.386039414Z,6.670329,117.221468,Cloud to Cloud,-15095,19201,8
2026-09-01T08:14:07.598280858Z,6.655094,117.196871,Cloud to Cloud,19680,3293,8
2026-09-01T08:14:08.716080439Z,4.335987,114.343531,Cloud to Ground,-39955,0,15
2026-09-01T08:14:12.051657072Z,5.380436,117.995861,Cloud to Cloud,5753,14469,8
2026-09-01T08:14:12.866796960Z,6.60847,117.200923,Cloud to Ground,-8462,0,8
2026-09-01T08:14:18.821020400Z,4.816942,115.063938,Cloud to Ground,35222,0,9
2026-09-01T08:14:19.261063747Z,4.280911,114.352565,Cloud to Ground,-12258,0,8
2026-09-01T08:14:19.260006000Z,4.3197,114.3495,Cloud to Ground,14429,0,5
2026-09-01T08:14:23.754448774Z,6.366335,117.553925,Cloud to Ground,-18823,0,7
2026-09-01T08:14:26.315300205Z,4.255303,114.400335,Cloud to Ground,-9940,0,7
2026-09-01T08:14:27.858904446Z,5.510562,118.216843,Cloud to Cloud,-11189,3030,22
2026-09-01T08:14:29.306556376Z,4.165614,114.490051,Cloud to Cloud,7834,3465,7
2026-09-01T08:14:33.082888990Z,4.35939,114.34318,Cloud to Cloud,-9301,3006,12
2026-09-01T08:14:34.852150000Z,3.9994,114.2762,Cloud to Ground,16754,0,7
2026-09-01T08:14:36.685168173Z,5.457313,116.928605,Cloud to Cloud,-9190,14288,7
2026-09-01T08:14:36.984429262Z,5.598434,116.864119,Cloud to Ground,-20775,0,18
2026-09-01T08:14:36.804814575Z,5.591081,116.850606,Cloud to Ground,35027,0,14
2026-09-01T08:14:38.176027787Z,6.623971,117.220932,Cloud to Cloud,12409,15430,7
2026-09-01T08:14:38.492902603Z,5.599742,116.807416,Cloud to Ground,10171,0,10
2026-09-01T08:14:43.091047738Z,19.447151,130.906561,Cloud to Cloud,-9593,3832,10
2026-09-01T08:14:43.062409754Z,19.352005,130.902798,Cloud to Ground,-9864,0,9
2026-09-01T08:14:43.030348000Z,19.4273,131.1025,Cloud to Ground,-11478,0,6
2026-09-01T08:14:43.029416915Z,19.425591,131.030196,Cloud to Ground,-8519,0,8
2026-09-01T08:14:43.015186796Z,19.384247,131.036376,Cloud to Ground,45137,0,12
2026-09-01T08:14:44.743814106Z,6.594911,117.292541,Cloud to Ground,-12289,0,10
2026-09-01T08:14:44.034764554Z,21.524744,122.339233,Cloud to Ground,-5192,0,8
2026-09-01T08:14:44.020641144Z,21.55231,122.341727,Cloud to Cloud,-4486,11042,6
2026-09-01T08:14:44.050354189Z,21.488696,122.308332,Cloud to Cloud,2393,13932,6
2026-09-01T08:14:44.024535368Z,21.51831,122.32229,Cloud to Cloud,2654,16509,7
2026-09-01T08:14:44.051987867Z,21.531792,122.327909,Cloud to Cloud,2821,3732,6
2026-09-01T08:14:44.036952673Z,21.515947,122.320533,Cloud to Cloud,3168,7594,5
2026-09-01T08:14:44.051131193Z,21.464347,122.309141,Cloud to Cloud,3516,10888,7
2026-09-01T08:14:44.047224186Z,21.522256,122.333772,Cloud to Cloud,5149,13321,7
2026-09-01T08:14:44.004807999Z,21.488776,122.345856,Cloud to Cloud,8788,19654,7
2026-09-01T08:14:44.012889978Z,21.618099,122.220077,Cloud to Cloud,4782,11324,7
2026-09-01T08:14:45.589434538Z,4.231737,114.334166,Cloud to Cloud,-10192,3036,6
2026-09-01T08:14:46.889429131Z,5.487582,118.208039,Cloud to Cloud,-11337,12192,14
2026-09-01T08:14:49.982853467Z,22.714841,128.633077,Cloud to Cloud,15905,7608,5
2026-09-01T08:14:49.705620035Z,22.897987,128.491815,Cloud to Ground,24269,0,10
2026-09-01T08:14:49.888427268Z,22.923752,128.6101,Cloud to Ground,-76809,0,18
2026-09-01T08:14:50.154516755Z,22.936314,128.635736,Cloud to Ground,-29326,0,17
2026-09-01T08:14:49.830362251Z,22.89794,128.603166,Cloud to Ground,-22208,0,15
2026-09-01T08:14:49.884985494Z,22.921263,128.651982,Cloud to Ground,-15781,0,15
2026-09-01T08:14:49.968209104Z,22.880022,128.625273,Cloud to Ground,-12748,0,11
2026-09-01T08:14:49.930861643Z,22.941454,128.610036,Cloud to Cloud,4673,3096,8
2026-09-01T08:14:49.700710330Z,22.943225,128.595898,Cloud to Cloud,10754,7671,11
2026-09-01T08:14:49.969827266Z,22.830917,128.599987,Cloud to Ground,16195,0,8
2026-09-01T08:14:49.884471354Z,22.923571,128.650565,Cloud to Ground,16541,0,15
2026-09-01T08:14:49.703756254Z,22.931084,128.612602,Cloud to Ground,93555,0,14
2026-09-01T08:14:50.567051593Z,20.338546,118.557119,Cloud to Cloud,6164,9520,7
2026-09-01T08:14:54.121578414Z,4.386522,114.339145,Cloud to Ground,-12686,0,13
2026-09-01T08:14:54.432856200Z,16.760495,133.736769,Cloud to Cloud,-13084,5789,7
2026-09-01T08:14:54.409511628Z,16.74711,133.75428,Cloud to Ground,-12820,0,8
2026-09-01T08:14:54.418706875Z,16.729151,133.787167,Cloud to Ground,-12291,0,7
2026-09-01T08:15:00.224800898Z,5.553305,118.14234,Cloud to Ground,84483,0,7
2026-09-01T08:15:01.944925494Z,6.512032,117.311853,Cloud to Cloud,-31560,3010,7
2026-09-01T08:15:02.039619883Z,6.622788,117.22384,Cloud to Cloud,-12485,11380,8
2026-09-01T08:15:01.826745715Z,6.703698,117.222959,Cloud to Cloud,12771,3111,7
2026-09-01T08:15:04.887680844Z,6.5786,117.28068,Cloud to Ground,30805,0,10
2026-09-01T08:15:05.059552946Z,5.664193,116.81169,Cloud to Cloud,12510,5098,7
2026-09-01T08:15:07.340456388Z,11.988563,124.302647,Cloud to Cloud,17095,3709,9
2026-09-01T08:15:08.117049426Z,4.3063,114.352401,Cloud to Cloud,7853,3020,9
2026-09-01T08:15:09.066358012Z,6.670973,117.198488,Cloud to Cloud,7497,18434,7
2026-09-01T08:15:09.719983724Z,6.602729,117.251232,Cloud to Ground,20001,0,13
2026-09-01T08:15:09.085006000Z,6.794,117.1233,Cloud to Ground,21829,0,5
2026-09-01T08:15:10.330652059Z,21.313543,130.595919,Cloud to Cloud,10530,3965,7
2026-09-01T08:15:10.513149562Z,21.446004,130.79085,Cloud to Cloud,-8243,3864,7
2026-09-01T08:15:10.521697291Z,21.441267,130.808118,Cloud to Cloud,-7391,3010,14
2026-09-01T08:15:10.512188398Z,21.449547,130.780332,Cloud to Ground,7719,0,9
2026-09-01T08:15:10.324058287Z,21.512878,130.637447,Cloud to Cloud,-23349,18306,18
2026-09-01T08:15:10.518479088Z,21.510072,130.667487,Cloud to Ground,15104,0,9
2026-09-01T08:15:10.514669000Z,21.5941,130.5666,Cloud to Ground,-2062,0,5
2026-09-01T08:15:10.323619888Z,21.569937,130.506297,Cloud to Cloud,8958,5849,9
2026-09-01T08:15:11.310449898Z,4.299988,114.345671,Cloud to Ground,-18817,0,10
2026-09-01T08:15:11.196436505Z,4.320843,114.339475,Cloud to Cloud,-13954,16136,8
2026-09-01T08:15:11.391002984Z,4.24679,114.324038,Cloud to Ground,-13319,0,8
2026-09-01T08:15:11.150190861Z,4.312755,114.339438,Cloud to Cloud,16050,3025,9
2026-09-01T08:15:11.861180463Z,6.523438,117.408735,Cloud to Cloud,10873,5000,12
2026-09-01T08:15:12.068875443Z,6.594365,117.531755,Cloud to Ground,16403,0,12
2026-09-01T08:15:13.870877398Z,18.807586,131.617907,Cloud to Ground,-11310,0,8
2026-09-01T08:15:13.840703110Z,18.789113,131.653719,Cloud to Ground,-11272,0,6
2026-09-01T08:15:13.817735149Z,18.766962,131.648021,Cloud to Ground,12279,0,7
2026-09-01T08:15:21.708121337Z,5.523844,118.20775,Cloud to Ground,-21048,0,8
2026-09-01T08:15:21.577656073Z,6.663408,117.42524,Cloud to Ground,-25785,0,11
2026-09-01T08:15:21.821508005Z,6.657529,117.425846,Cloud to Ground,-22601,0,7
2026-09-01T08:15:21.822420237Z,6.626421,117.331367,Cloud to Cloud,-10922,13876,7
2026-09-01T08:15:21.677894563Z,6.630556,117.349397,Cloud to Cloud,-9411,3043,7
2026-09-01T08:15:24.310371968Z,4.859327,115.029426,Cloud to Cloud,14233,7298,10
2026-09-01T08:15:24.005313574Z,4.265914,114.286644,Cloud to Cloud,12691,6143,8
2026-09-01T08:15:25.531991029Z,4.287482,114.365532,Cloud to Ground,50733,0,19
2026-09-01T08:15:28.371999064Z,6.64675,117.249833,Cloud to Cloud,-11103,7276,8
2026-09-01T08:15:28.457158608Z,6.657662,117.25442,Cloud to Cloud,-10303,3019,8
2026-09-01T08:15:28.173528902Z,6.619455,117.261091,Cloud to Ground,16759,0,16
2026-09-01T08:15:28.360838443Z,6.604447,117.275383,Cloud to Ground,38203,0,18
2026-09-01T08:15:29.292326576Z,5.554565,118.141633,Cloud to Ground,45293,0,7
2026-09-01T08:15:30.847839142Z,5.601967,116.815549,Cloud to Cloud,13673,3027,9
2026-09-01T08:15:32.769901513Z,4.292068,114.361034,Cloud to Ground,26573,0,15
2026-09-01T08:15:36.644300945Z,5.686924,116.810736,Cloud to Cloud,-10932,4557,11
2026-09-01T08:15:36.020031714Z,6.655484,117.245345,Cloud to Cloud,11552,12841,8
2026-09-01T08:15:41.485389204Z,4.311008,114.360164,Cloud to Ground,10423,0,7
2026-09-01T08:15:42.998973797Z,21.520983,122.333936,Cloud to Ground,-65718,0,14
2026-09-01T08:15:43.078066250Z,21.532804,122.345198,Cloud to Ground,-7458,0,6
2026-09-01T08:15:42.982166174Z,21.532683,122.342468,Cloud to Cloud,-4440,17684,7
2026-09-01T08:15:43.013155681Z,21.472457,122.352795,Cloud to Cloud,-3186,19033,6
2026-09-01T08:15:42.997037648Z,21.534749,122.345787,Cloud to Cloud,-2990,19445,6
2026-09-01T08:15:43.072364771Z,21.527065,122.315849,Cloud to Cloud,2055,8350,6
2026-09-01T08:15:43.074200269Z,21.527481,122.310441,Cloud to Cloud,2135,6509,6
2026-09-01T08:15:43.066113848Z,21.497497,122.171214,Cloud to Cloud,9947,12054,8
2026-09-01T08:15:49.508139644Z,6.343858,117.514584,Cloud to Ground,25764,0,19
2026-09-01T08:15:50.220468733Z,5.437114,118.155647,Cloud to Ground,14526,0,7
2026-09-01T08:15:51.086346985Z,6.660576,117.481063,Cloud to Ground,-23920,0,22
2026-09-01T08:15:51.335355000Z,6.6073,117.5007,Cloud to Ground,47827,0,10
2026-09-01T08:15:53.722481888Z,5.708698,116.860974,Cloud to Cloud,-7949,9386,6
2026-09-01T08:15:54.127753772Z,6.714617,117.235866,Cloud to Cloud,-13173,3086,7
2026-09-01T08:15:54.143082934Z,5.597512,116.789473,Cloud to Ground,12828,0,6
2026-09-01T08:15:54.446213860Z,19.63201,118.094274,Cloud to Cloud,-26387,18348,8
2026-09-01T08:15:54.730544164Z,19.67732,118.104842,Cloud to Cloud,7610,6337,6
2026-09-01T08:15:54.447614254Z,19.642024,118.101722,Cloud to Cloud,8216,6701,7
2026-09-01T08:15:55.036292975Z,4.280631,114.351137,Cloud to Ground,18913,0,11
2026-09-01T08:15:56.852339664Z,5.600524,118.130205,Cloud to Cloud,-12513,3044,13
2026-09-01T08:15:58.637891252Z,5.663692,116.852912,Cloud to Cloud,-11296,4364,6
2026-09-01T08:16:00.444153852Z,4.288251,114.361472,Cloud to Cloud,-15522,4925,6
2026-09-01T08:16:02.499340699Z,4.289579,114.345811,Cloud to Cloud,-10580,16605,6
2026-09-01T08:16:05.844253824Z,22.911121,128.466964,Cloud to Cloud,8096,10525,7
2026-09-01T08:16:05.700532724Z,22.970737,128.475458,Cloud to Cloud,10708,5417,8
2026-09-01T08:16:05.702049381Z,22.894451,128.506964,Cloud to Ground,14703,0,13
2026-09-01T08:16:05.697675193Z,22.972893,128.485463,Cloud to Ground,15440,0,10
2026-09-01T08:16:07.480874781Z,19.92105,125.659072,Cloud to Ground,12620,0,8
2026-09-01T08:16:07.487127177Z,19.913441,125.625014,Cloud to Cloud,15004,4987,10
2026-09-01T08:16:09.922763885Z,5.58539,118.081476,Cloud to Cloud,-12056,3104,11
2026-09-01T08:16:09.526497209Z,5.36407,118.048368,Cloud to Ground,-23221,0,10
2026-09-01T08:16:09.410053206Z,4.274308,114.33686,Cloud to Ground,22545,0,10
2026-09-01T08:16:10.928335492Z,21.57386,130.635307,Cloud to Cloud,-10624,4029,9
2026-09-01T08:16:10.676114975Z,21.569206,130.619585,Cloud to Cloud,-10200,3149,10
2026-09-01T08:16:10.693090154Z,21.567736,130.619219,Cloud to Cloud,-8397,3024,12
2026-09-01T08:16:10.971474755Z,21.590243,130.598282,Cloud to Cloud,-7708,14372,7
2026-09-01T08:16:10.686763782Z,21.563816,130.634836,Cloud to Ground,9991,0,7
2026-09-01T08:16:10.680551426Z,21.564722,130.638409,Cloud to Cloud,17895,18618,17
2026-09-01T08:16:13.372575963Z,5.600347,116.87528,Cloud to Ground,-24546,0,16
2026-09-01T08:16:13.496575666Z,5.654501,116.852833,Cloud to Cloud,11914,12577,8
2026-09-01T08:16:13.776463373Z,5.591962,116.869725,Cloud to Ground,24456,0,11
2026-09-01T08:16:13.460491655Z,5.670325,116.855719,Cloud to Ground,29830,0,9
2026-09-01T08:16:13.409516602Z,5.59116,116.871,Cloud to Ground,33566,0,18
2026-09-01T08:16:13.628984791Z,5.592401,116.861696,Cloud to Ground,35759,0,15
2026-09-01T08:16:15.029968736Z,4.320328,114.324576,Cloud to Ground,-26832,0,28
2026-09-01T08:16:17.630626886Z,22.794158,128.285139,Cloud to Cloud,9160,3125,7
2026-09-01T08:16:17.663326887Z,22.516885,128.425667,Cloud to Cloud,12317,6536,8
2026-09-01T08:16:17.538348596Z,22.524647,128.512628,Cloud to Cloud,12838,4785,10
2026-09-01T08:16:17.592899038Z,22.615619,128.484696,Cloud to Ground,-12431,0,9
2026-09-01T08:16:17.563532848Z,22.680128,128.532828,Cloud to Cloud,-9179,18667,7
2026-09-01T08:16:17.608035474Z,22.710165,128.505835,Cloud to Cloud,7602,3930,6
2026-09-01T08:16:17.619157253Z,22.713463,128.450854,Cloud to Cloud,12013,3188,8
2026-09-01T08:16:17.537084739Z,22.691167,128.526457,Cloud to Ground,13804,0,11
2026-09-01T08:16:17.540534604Z,22.677181,128.424597,Cloud to Cloud,16409,13348,8
2026-09-01T08:16:18.384120999Z,4.311947,114.339467,Cloud to Ground,19560,0,11
2026-09-01T08:16:18.079918989Z,8.118646,123.386748,Cloud to Ground,-40044,0,11
2026-09-01T08:16:21.385573000Z,6.5818,117.4549,Cloud to Ground,16117,0,6
2026-09-01T08:16:21.726667000Z,6.5746,117.5372,Cloud to Ground,19765,0,6
2026-09-01T08:16:21.358773865Z,6.548542,117.538529,Cloud to Cloud,24478,3098,13
2026-09-01T08:16:21.286971288Z,6.559784,117.515557,Cloud to Ground,109192,0,15
2026-09-01T08:16:21.231916892Z,4.384207,114.381354,Cloud to Ground,-14883,0,8
2026-09-01T08:16:21.937079745Z,18.852499,131.611509,Cloud to Ground,-36038,0,20
2026-09-01T08:16:22.161701591Z,18.884487,131.464914,Cloud to Ground,-14272,0,18
2026-09-01T08:16:22.299144001Z,18.855726,131.576072,Cloud to Ground,-13246,0,8
2026-09-01T08:16:21.955846232Z,18.863669,131.561297,Cloud to Ground,7571,0,9
2026-09-01T08:16:22.026234400Z,18.817657,131.64444,Cloud to Ground,16627,0,9
2026-09-01T08:16:22.137584000Z,18.888,131.5452,Cloud to Ground,17668,0,8
2026-09-01T08:16:22.070714000Z,19.0192,131.8185,Cloud to Ground,55944,0,8
2026-09-01T08:16:24.055382304Z,4.079513,114.293361,Cloud to Ground,-12636,0,12
2026-09-01T08:16:23.837322462Z,4.015221,114.262281,Cloud to Ground,49268,0,25
2026-09-01T08:16:23.834248010Z,3.98998,114.300857,Cloud to Ground,310565,0,20
2026-09-01T08:16:27.265168659Z,5.463917,118.099879,Cloud to Cloud,-14973,7286,6
2026-09-01T08:16:27.493468081Z,6.609764,117.224302,Cloud to Cloud,-12810,14875,6
2026-09-01T08:16:31.430772324Z,4.245571,114.342897,Cloud to Cloud,-37624,3105,12
2026-09-01T08:16:38.765301696Z,22.682782,128.541594,Cloud to Cloud,-8779,15254,7
2026-09-01T08:16:38.782173857Z,22.921316,128.428475,Cloud to Ground,-7192,0,6
2026-09-01T08:16:38.869076355Z,22.848182,128.514785,Cloud to Cloud,6366,3101,7
2026-09-01T08:16:38.577272528Z,22.90422,128.489674,Cloud to Cloud,6600,12316,6
2026-09-01T08:16:38.550602097Z,22.910741,128.488874,Cloud to Cloud,7150,15714,7
2026-09-01T08:16:38.514588052Z,22.868632,128.480321,Cloud to Cloud,7352,3032,7
2026-09-01T08:16:38.552687040Z,22.902146,128.478229,Cloud to Cloud,8977,17533,7
2026-09-01T08:16:38.874518111Z,22.868175,128.512765,Cloud to Cloud,11003,15930,10
2026-09-01T08:16:38.544281579Z,22.828777,128.514354,Cloud to Ground,16809,0,12
2026-09-01T08:16:38.542477047Z,22.846745,128.613336,Cloud to Cloud,-10684,5720,7
2026-09-01T08:16:39.025443107Z,22.866113,128.611866,Cloud to Cloud,6517,3054,7
2026-09-01T08:16:38.883504933Z,20.260667,118.512455,Cloud to Cloud,-4868,13583,7
2026-09-01T08:16:38.769092343Z,20.255926,118.524908,Cloud to Cloud,3185,16384,7
2026-09-01T08:16:38.748918082Z,20.259411,118.531545,Cloud to Ground,11261,0,9
2026-09-01T08:16:38.761671339Z,20.152645,118.517452,Cloud to Cloud,4179,4150,6
2026-09-01T08:16:40.672184921Z,6.685203,117.243087,Cloud to Ground,14259,0,6
2026-09-01T08:16:41.770995530Z,4.28194,114.257035,Cloud to Ground,-12985,0,7
2026-09-01T08:16:42.170501519Z,5.811421,116.21683,Cloud to Ground,-29498,0,23
2026-09-01T08:16:42.059744314Z,5.756495,116.132088,Cloud to Cloud,-15779,7834,8
2026-09-01T08:16:42.203578244Z,5.70751,116.10756,Cloud to Ground,-10457,0,7
2026-09-01T08:16:42.059069414Z,5.589612,116.181252,Cloud to Cloud,-18156,6904,7
2026-09-01T08:16:43.084004877Z,4.989727,115.59523,Cloud to Cloud,-19517,3052,7
2026-09-01T08:16:43.545959342Z,5.606365,116.736898,Cloud to Cloud,-8119,4694,8
2026-09-01T08:16:48.866697849Z,4.304559,114.424025,Cloud to Cloud,9160,3002,6
2026-09-01T08:16:48.475220900Z,6.683855,117.241927,Cloud to Cloud,-9781,4177,7
2026-09-01T08:16:49.571364496Z,4.296224,114.417517,Cloud to Ground,19261,0,11
2026-09-01T08:16:50.802113572Z,6.580328,117.435967,Cloud to Cloud,-12458,11550,9
2026-09-01T08:16:53.857801000Z,6.4962,117.5029,Cloud to Ground,-19397,0,6
2026-09-01T08:16:53.862647117Z,6.530942,117.434073,Cloud to Cloud,-10514,3216,10
2026-09-01T08:16:53.357634216Z,4.315165,114.32305,Cloud to Cloud,10010,5704,13
2026-09-01T08:16:55.412290090Z,6.647388,117.277365,Cloud to Cloud,-5122,12696,5
2026-09-01T08:16:55.380366955Z,21.5575,130.633987,Cloud to Ground,-9723,0,9
2026-09-01T08:16:55.364111302Z,21.616847,130.489337,Cloud to Cloud,8413,15598,12
2026-09-01T08:16:59.967971444Z,4.284145,114.323198,Cloud to Cloud,26598,8204,20
2026-09-01T08:17:04.023779989Z,6.629009,117.251882,Cloud to Ground,9544,0,8
2026-09-01T08:17:04.582303876Z,4.262946,114.361012,Cloud to Cloud,-18931,3560,13
2026-09-01T08:17:04.259715036Z,4.099076,114.329752,Cloud to Ground,-13685,0,6
2026-09-01T08:17:05.479910909Z,5.495801,118.072588,Cloud to Cloud,16088,5651,10
2026-09-01T08:17:09.447340469Z,21.541278,122.359525,Cloud to Cloud,3297,11844,5
2026-09-01T08:17:09.458528315Z,21.536008,122.36824,Cloud to Cloud,6329,8315,7
2026-09-01T08:17:09.452071014Z,21.540263,122.372909,Cloud to Cloud,7145,3287,8
2026-09-01T08:17:09.445858878Z,21.5852,122.233631,Cloud to Cloud,11329,17979,9
2026-09-01T08:17:10.232494000Z,6.5868,117.3085,Cloud to Ground,11705,0,6
2026-09-01T08:17:12.571992341Z,5.53761,118.073694,Cloud to Cloud,-12753,18048,11
2026-09-01T08:17:12.635441674Z,5.530704,118.175545,Cloud to Ground,10822,0,10
2026-09-01T08:17:12.571244000Z,5.5299,118.1235,Cloud to Ground,37967,0,5
2026-09-01T08:17:13.379256382Z,19.655849,118.129285,Cloud to Cloud,3062,6259,7
2026-09-01T08:17:13.358929699Z,19.727613,118.136101,Cloud to Cloud,8220,3010,7
2026-09-01T08:17:13.345907535Z,19.722576,118.106091,Cloud to Cloud,8673,3050,8
2026-09-01T08:17:13.315426674Z,19.708787,118.158428,Cloud to Cloud,9688,3063,8
2026-09-01T08:17:14.719346918Z,5.028286,115.611787,Cloud to Ground,-18744,0,7
2026-09-01T08:17:14.717799981Z,5.021067,115.609474,Cloud to Cloud,-10009,4530,8
2026-09-01T08:17:15.190093974Z,4.84357,115.059819,Cloud to Cloud,9341,3043,7
2026-09-01T08:17:17.614649848Z,19.440028,131.046629,Cloud to Ground,-8409,0,7
2026-09-01T08:17:21.452337454Z,4.184182,114.537377,Cloud to Cloud,-13484,3081,7
2026-09-01T08:17:21.453225263Z,4.137155,114.516591,Cloud to Cloud,-12023,4787,10
2026-09-01T08:17:23.750743013Z,4.60074,114.864147,Cloud to Ground,-71232,0,14
2026-09-01T08:17:28.643065446Z,6.576501,117.278722,Cloud to Cloud,-7400,19455,7
2026-09-01T08:17:28.563411115Z,6.585486,117.255033,Cloud to Ground,21880,0,7
2026-09-01T08:17:29.315316192Z,4.040161,114.398704,Cloud to Cloud,-9266,15408,7
2026-09-01T08:17:30.768059300Z,5.706418,116.805919,Cloud to Cloud,-15544,15099,9
2026-09-01T08:17:30.761083161Z,4.247427,114.354527,Cloud to Ground,29732,0,15
2026-09-01T08:17:35.305308106Z,5.532616,118.251136,Cloud to Cloud,-11799,7586,12
2026-09-01T08:17:36.776274711Z,22.656055,128.441355,Cloud to Cloud,11486,14826,10
2026-09-01T08:17:36.975578868Z,22.54726,128.444647,Cloud to Cloud,11625,15432,7
2026-09-01T08:17:37.879040553Z,19.542614,128.865669,Cloud to Cloud,-10601,3103,8
2026-09-01T08:17:37.889091500Z,19.53217,128.976709,Cloud to Ground,-110949,0,16
2026-09-01T08:17:37.932772474Z,19.56357,129.00046,Cloud to Ground,-26293,0,14
2026-09-01T08:17:37.909743056Z,19.547361,129.036901,Cloud to Ground,-10207,0,7
2026-09-01T08:17:36.959726998Z,22.647993,128.713385,Cloud to Ground,9671,0,7
2026-09-01T08:17:37.535104459Z,22.582461,128.67654,Cloud to Ground,16139,0,8
2026-09-01T08:17:37.694080381Z,22.721393,128.555502,Cloud to Ground,-12412,0,13
2026-09-01T08:17:37.606301869Z,22.718244,128.542074,Cloud to Ground,-10225,0,8
2026-09-01T08:17:37.753631762Z,22.678232,128.622035,Cloud to Cloud,12380,3007,8
2026-09-01T08:17:37.747422021Z,22.830502,128.516135,Cloud to Cloud,11427,3039,9
2026-09-01T08:17:37.574687753Z,22.816917,128.535786,Cloud to Cloud,12757,4914,6
2026-09-01T08:17:37.937735164Z,22.94807,128.458459,Cloud to Cloud,-10032,17427,7
2026-09-01T08:17:38.003799974Z,22.960384,128.517797,Cloud to Cloud,15596,17683,10
2026-09-01T08:17:37.874878159Z,22.896363,128.442339,Cloud to Ground,18028,0,9
2026-09-01T08:17:38.188542647Z,5.508822,118.13206,Cloud to Cloud,-12319,11815,8
2026-09-01T08:17:40.104836697Z,4.232824,114.324017,Cloud to Ground,33818,0,7
2026-09-01T08:17:42.873087925Z,4.307668,114.335628,Cloud to Ground,10506,0,9
2026-09-01T08:17:46.853209607Z,4.096188,114.565976,Cloud to Ground,22335,0,7
2026-09-01T08:17:47.947246005Z,4.304579,114.319708,Cloud to Cloud,-13970,3767,7
2026-09-01T08:17:49.783326197Z,21.512584,130.51508,Cloud to Ground,11341,0,8
2026-09-01T08:17:49.780816774Z,21.599755,130.484621,Cloud to Ground,11687,0,9
2026-09-01T08:17:50.189237757Z,21.567073,130.474267,Cloud to Cloud,14142,10453,7
2026-09-01T08:17:50.112402425Z,21.535699,130.62846,Cloud to Ground,-8407,0,6
2026-09-01T08:17:52.517329366Z,6.265906,117.567331,Cloud to Cloud,60452,16717,8
2026-09-01T08:17:52.552164056Z,6.35713,117.533464,Cloud to Ground,18284,0,10
2026-09-01T08:17:52.762410000Z,6.660351,117.256201,Cloud to Cloud,-14286,10168,6
2026-09-01T08:17:54.694003992Z,4.389339,114.274186,Cloud to Ground,-15370,0,10
2026-09-01T08:17:57.454107264Z,18.850651,131.4486,Cloud to Ground,-14171,0,16
2026-09-01T08:17:57.346536712Z,18.865771,131.633425,Cloud to Ground,-40871,0,15
2026-09-01T08:17:57.314358922Z,18.851904,131.646031,Cloud to Ground,-35023,0,19
2026-09-01T08:17:57.334595650Z,18.84353,131.638003,Cloud to Ground,-24548,0,16
2026-09-01T08:17:57.491128300Z,18.847163,131.655007,Cloud to Ground,-10405,0,9
2026-09-01T08:17:57.721088000Z,18.8797,131.6118,Cloud to Ground,20721,0,7
2026-09-01T08:17:58.313153228Z,4.119975,114.561343,Cloud to Cloud,-13770,11212,14
2026-09-01T08:17:59.535411861Z,6.549097,117.545696,Cloud to Ground,-42183,0,13
2026-09-01T08:18:00.620968624Z,6.614516,117.491849,Cloud to Cloud,7578,3865,7
2026-09-01T08:18:00.778123360Z,6.542531,117.537112,Cloud to Cloud,8692,8482,8
2026-09-01T08:18:05.679197928Z,4.231501,114.318708,Cloud to Cloud,-8143,16672,6
2026-09-01T08:18:05.570067000Z,4.246,114.3384,Cloud to Ground,9896,0,6
2026-09-01T08:18:05.778811604Z,4.96676,115.679346,Cloud to Cloud,-9815,8091,7
2026-09-01T08:18:08.707585292Z,4.408514,114.310781,Cloud to Cloud,11636,3015,7
2026-09-01T08:18:10.005487573Z,6.623657,117.283326,Cloud to Ground,14027,0,8
2026-09-01T08:18:11.227175294Z,19.992249,125.871697,Cloud to Cloud,9083,18510,10
2026-09-01T08:18:11.248662822Z,20.031106,125.731697,Cloud to Cloud,6588,15332,10
2026-09-01T08:18:11.229034865Z,20.061746,125.72417,Cloud to Cloud,16478,3014,11
2026-09-01T08:18:16.690619998Z,4.300484,114.327484,Cloud to Ground,15153,0,9
2026-09-01T08:18:19.758590000Z,20.2828,118.5746,Cloud to Ground,-3957,0,8
2026-09-01T08:18:19.793134573Z,20.275812,118.553621,Cloud to Cloud,4256,11524,6
2026-09-01T08:18:20.046370354Z,20.249576,118.547302,Cloud to Cloud,5095,14998,8
2026-09-01T08:18:19.759394009Z,20.286796,118.569331,Cloud to Cloud,6443,10390,6
2026-09-01T08:18:19.770425180Z,20.284189,118.607382,Cloud to Cloud,6801,16382,6
2026-09-01T08:18:19.757136893Z,20.277929,118.548815,Cloud to Cloud,9621,4244,8
2026-09-01T08:18:19.757619716Z,20.357108,118.577385,Cloud to Cloud,14396,18895,8
2026-09-01T08:18:20.908522266Z,5.43788,118.261245,Cloud to Ground,23437,0,11
2026-09-01T08:18:23.648538965Z,4.277857,114.337438,Cloud to Cloud,10342,7119,6
2026-09-01T08:18:23.753407962Z,5.72457,116.118376,Cloud to Ground,-11278,0,7
2026-09-01T08:18:23.291845411Z,18.779916,131.675555,Cloud to Ground,-10503,0,9
2026-09-01T08:18:23.289863884Z,18.719751,131.714582,Cloud to Ground,-7565,0,7
2026-09-01T08:18:23.628552472Z,18.837138,131.670626,Cloud to Cloud,8970,6766,6
2026-09-01T08:18:28.992669363Z,4.159684,114.533539,Cloud to Cloud,15333,7870,6
2026-09-01T08:18:28.269045623Z,16.742713,133.814841,Cloud to Ground,26884,0,11
2026-09-01T08:18:28.150283000Z,16.8427,133.6352,Cloud to Ground,22903,0,7
2026-09-01T08:18:29.977396571Z,4.289913,114.36124,Cloud to Cloud,-10437,3032,6
2026-09-01T08:18:32.418384529Z,4.320765,114.201466,Cloud to Ground,-12351,0,9
2026-09-01T08:18:34.804309089Z,5.508695,118.176145,Cloud to Ground,-16123,0,7
2026-09-01T08:18:34.799592654Z,5.583262,118.137386,Cloud to Cloud,-12425,6389,8
2026-09-01T08:18:34.700455430Z,5.539672,118.166365,Cloud to Cloud,-12313,5637,17
2026-09-01T08:18:34.877868323Z,5.606639,118.143338,Cloud to Cloud,7982,5064,7
2026-09-01T08:18:36.014575658Z,6.684972,117.227333,Cloud to Cloud,5622,3004,7
2026-09-01T08:18:36.021281801Z,6.716507,117.215527,Cloud to Cloud,11053,17543,10
2026-09-01T08:18:36.202580932Z,6.657506,117.234281,Cloud to Ground,17087,0,8
2026-09-01T08:18:41.473456013Z,21.53025,130.640828,Cloud to Cloud,-13754,3018,9
2026-09-01T08:18:41.457933948Z,21.530852,130.634685,Cloud to Ground,-9747,0,14
2026-09-01T08:18:41.455346123Z,21.610637,130.480453,Cloud to Cloud,8969,5646,8
2026-09-01T08:18:43.347773682Z,4.362411,114.317671,Cloud to Ground,-23775,0,14
2026-09-01T08:18:44.384643944Z,4.980823,115.662548,Cloud to Ground,10335,0,12
2026-09-01T08:18:43.962145733Z,4.972819,115.703114,Cloud to Ground,10776,0,11
2026-09-01T08:18:49.098335000Z,5.688,116.8496,Cloud to Ground,29880,0,5
2026-09-01T08:18:52.023759342Z,4.288731,114.334875,Cloud to Ground,10319,0,8
2026-09-01T08:18:52.127719091Z,18.856339,131.74343,Cloud to Cloud,-10685,5015,7
2026-09-01T08:18:52.120414092Z,18.857351,131.77687,Cloud to Cloud,8113,5559,7
2026-09-01T08:18:52.108698000Z,19.026,131.9063,Cloud to Ground,-16808,0,6
2026-09-01T08:18:54.867085213Z,6.348687,117.388793,Cloud to Ground,-15678,0,20
2026-09-01T08:18:56.247755735Z,4.248761,114.294165,Cloud to Ground,23458,0,21
2026-09-01T08:18:56.819238243Z,6.703063,117.24105,Cloud to Cloud,-13349,6889,7
2026-09-01T08:18:56.774460067Z,6.633511,117.270014,Cloud to Ground,12657,0,9
2026-09-01T08:18:59.100485343Z,6.569706,117.217294,Cloud to Cloud,-13526,4191,8
2026-09-01T08:18:58.664761044Z,6.604769,117.218601,Cloud to Cloud,-4637,6936,5
2026-09-01T08:19:01.716301506Z,4.100689,114.551387,Cloud to Cloud,-11095,12964,10
2026-09-01T08:19:03.879454422Z,22.79284,128.512359,Cloud to Cloud,5328,13565,9
2026-09-01T08:19:03.860395206Z,22.828467,128.543421,Cloud to Cloud,12563,18602,10
2026-09-01T08:19:03.901440592Z,22.900914,128.495878,Cloud to Ground,14897,0,8
2026-09-01T08:19:03.863066198Z,22.905474,128.472069,Cloud to Ground,15012,0,9
2026-09-01T08:19:03.865583748Z,22.84674,128.628234,Cloud to Ground,28516,0,16
2026-09-01T08:19:04.342743644Z,22.407238,128.552736,Cloud to Cloud,13439,5861,11
2026-09-01T08:19:04.729863478Z,22.952995,128.408606,Cloud to Cloud,-9562,3059,10
2026-09-01T08:19:04.714182505Z,22.780764,128.517371,Cloud to Ground,-9419,0,6
2026-09-01T08:19:04.262194607Z,22.971387,128.702683,Cloud to Cloud,-7951,15905,6
2026-09-01T08:19:05.923914874Z,6.729331,117.229992,Cloud to Cloud,-14848,13672,17
2026-09-01T08:19:05.897252602Z,6.661819,117.254067,Cloud to Cloud,-12769,14518,7
2026-09-01T08:19:05.388579587Z,5.403897,118.211091,Cloud to Cloud,12418,12989,6
2026-09-01T08:19:07.104832131Z,4.348158,114.325931,Cloud to Cloud,-14985,3015,8
2026-09-01T08:19:07.592566379Z,18.793182,131.700015,Cloud to Ground,-13692,0,10
2026-09-01T08:19:07.182344176Z,18.698444,131.68924,Cloud to Ground,-13194,0,6
2026-09-01T08:19:08.974791905Z,5.032475,118.216338,Cloud to Cloud,-8752,6103,7
2026-09-01T08:19:09.892653197Z,4.108775,114.538444,Cloud to Ground,12316,0,11
2026-09-01T08:19:12.288016611Z,4.279065,114.333359,Cloud to Cloud,-14743,5149,9
2026-09-01T08:19:13.403441058Z,19.999988,125.909345,Cloud to Ground,-21686,0,13
2026-09-01T08:19:13.469147110Z,20.002163,125.917715,Cloud to Ground,-14723,0,9
2026-09-01T08:19:13.379215351Z,20.012839,125.775366,Cloud to Cloud,-13730,3044,10
2026-09-01T08:19:13.636146402Z,20.019551,125.888255,Cloud to Cloud,-5317,3072,8
2026-09-01T08:19:13.628780338Z,20.027629,125.841817,Cloud to Cloud,4348,3012,7
2026-09-01T08:19:13.564836762Z,20.040587,125.703799,Cloud to Cloud,9716,3006,8
2026-09-01T08:19:13.380055466Z,19.929285,125.847247,Cloud to Cloud,-17411,3008,9
2026-09-01T08:19:14.688628734Z,5.615551,118.085966,Cloud to Cloud,-9904,12182,10
2026-09-01T08:19:14.858344000Z,20.2907,118.5081,Cloud to Ground,-31566,0,11
2026-09-01T08:19:14.656664868Z,20.277671,118.563756,Cloud to Ground,-22505,0,7
2026-09-01T08:19:14.762527216Z,20.286601,118.568753,Cloud to Ground,-21251,0,14
2026-09-01T08:19:14.632449547Z,20.358853,118.576085,Cloud to Cloud,-9159,11385,8
2026-09-01T08:19:15.701821559Z,6.512363,117.478234,Cloud to Ground,18704,0,16
2026-09-01T08:19:18.537355556Z,6.604697,117.139428,Cloud to Ground,15538,0,12
2026-09-01T08:19:18.505351114Z,6.649749,117.242568,Cloud to Cloud,-25378,4927,12
2026-09-01T08:19:19.577875176Z,6.497177,117.28789,Cloud to Cloud,10791,15333,8
2026-09-01T08:19:19.210004597Z,6.675435,117.257649,Cloud to Ground,-34522,0,8
2026-09-01T08:19:24.807787403Z,4.930685,115.601363,Cloud to Ground,12546,0,13
2026-09-01T08:19:24.532350108Z,4.96613,115.674673,Cloud to Ground,25689,0,8
2026-09-01T08:19:24.715577159Z,4.96785,115.684929,Cloud to Ground,33594,0,13
2026-09-01T08:19:25.234785307Z,21.542495,122.259005,Cloud to Cloud,-3404,18790,7
2026-09-01T08:19:25.142760351Z,21.542436,122.38755,Cloud to Cloud,-9511,10318,7
2026-09-01T08:19:25.170690034Z,21.504013,122.354701,Cloud to Ground,-4212,0,7
2026-09-01T08:19:25.164185373Z,21.541937,122.395875,Cloud to Ground,15401,0,8
2026-09-01T08:19:26.958640120Z,4.181678,114.383431,Cloud to Ground,-20871,0,6
2026-09-01T08:19:33.323744685Z,21.573012,130.56858,Cloud to Cloud,19610,5007,8
2026-09-01T08:19:35.415479457Z,6.681603,117.332662,Cloud to Cloud,9327,15847,7
2026-09-01T08:19:35.113713000Z,6.684,117.3253,Cloud to Ground,29062,0,5
2026-09-01T08:19:35.254069000Z,6.7375,117.2329,Cloud to Ground,37230,0,6
2026-09-01T08:19:37.783998193Z,11.986962,124.336452,Cloud to Ground,-15316,0,7
2026-09-01T08:19:37.059130959Z,18.857019,131.779903,Cloud to Ground,35899,0,26
2026-09-01T08:19:39.757276103Z,3.902074,114.423437,Cloud to Ground,-17493,0,7
2026-09-01T08:19:39.624558193Z,3.894635,114.422325,Cloud to Ground,-11817,0,6
2026-09-01T08:19:40.844848207Z,6.563061,117.479232,Cloud to Ground,-10552,0,6
2026-09-01T08:19:42.169054669Z,6.726152,117.226316,Cloud to Cloud,-26382,15075,13
2026-09-01T08:19:44.499950889Z,19.668816,118.143907,Cloud to Cloud,-24011,4411,11
2026-09-01T08:19:44.497726942Z,19.672002,118.236162,Cloud to Cloud,20819,19996,9
2026-09-01T08:19:45.755386740Z,6.592495,117.569225,Cloud to Ground,26013,0,8
2026-09-01T08:19:47.076149096Z,5.433415,118.235498,Cloud to Cloud,-10428,3012,8
2026-09-01T08:19:47.028540213Z,5.415976,118.247131,Cloud to Ground,15602,0,11
2026-09-01T08:19:48.271864476Z,3.947916,114.265434,Cloud to Cloud,-13164,3027,10
2026-09-01T08:19:50.144961565Z,5.683582,116.963887,Cloud to Cloud,12903,4017,8
2026-09-01T08:19:50.323964375Z,5.615088,116.770875,Cloud to Cloud,-11789,3058,10
2026-09-01T08:19:51.615050535Z,6.383336,117.635135,Cloud to Ground,-19422,0,7
2026-09-01T08:19:52.724535090Z,4.291166,114.426484,Cloud to Ground,24654,0,7
2026-09-01T08:19:52.066979681Z,11.979705,124.326201,Cloud to Ground,36032,0,11
2026-09-01T08:19:53.323743918Z,16.761614,133.796733,Cloud to Ground,25112,0,16
2026-09-01T08:19:53.256101665Z,16.74491,133.804027,Cloud to Ground,42408,0,14
2026-09-01T08:19:53.376550000Z,16.8015,133.7016,Cloud to Ground,16163,0,5
2026-09-01T08:19:54.979627719Z,6.611151,117.22942,Cloud to Cloud,-13372,10534,7
2026-09-01T08:19:58.991893416Z,6.376585,117.543152,Cloud to Cloud,9297,3008,8
2026-09-01T08:19:59.000431018Z,6.482913,117.571249,Cloud to Cloud,-5948,15605,9
2026-09-01T08:20:00.436265963Z,4.277752,114.307546,Cloud to Ground,21164,0,12
2026-09-01T08:20:01.141747706Z,19.472371,130.720401,Cloud to Ground,-10463,0,17
2026-09-01T08:20:01.240370000Z,19.4968,130.7369,Cloud to Ground,15367,0,8
2026-09-01T08:20:02.886266610Z,6.695628,117.220323,Cloud to Cloud,-14889,3191,20
2026-09-01T08:20:02.953864788Z,6.711769,117.215959,Cloud to Cloud,10407,3095,6
2026-09-01T08:20:02.135909928Z,18.777857,131.734705,Cloud to Ground,-21802,0,13
2026-09-01T08:20:03.997372411Z,5.511137,118.094386,Cloud to Ground,29509,0,12
2026-09-01T08:20:03.546539182Z,4.13509,114.513282,Cloud to Cloud,10294,6653,9
2026-09-01T08:20:04.437248238Z,5.762267,116.119446,Cloud to Cloud,17920,14385,11
2026-09-01T08:20:04.252101600Z,4.958424,115.684454,Cloud to Cloud,8641,3007,7
2026-09-01T08:20:05.303729341Z,6.446766,117.483353,Cloud to Ground,-28523,0,8
2026-09-01T08:20:11.406813633Z,6.502744,117.256438,Cloud to Cloud,4468,12757,5
2026-09-01T08:20:11.188196117Z,3.706774,114.455345,Cloud to Cloud,10900,4558,8
2026-09-01T08:20:12.362580849Z,5.213286,118.140344,Cloud to Cloud,-28727,5972,12
2026-09-01T08:20:12.488319002Z,5.207708,118.128006,Cloud to Cloud,-15701,3315,26
2026-09-01T08:20:12.557008414Z,5.231038,118.120467,Cloud to Ground,38459,0,7
2026-09-01T08:20:14.600433138Z,6.508914,117.123678,Cloud to Ground,11182,0,9
2026-09-01T08:20:15.635620528Z,22.641576,128.43102,Cloud to Cloud,-10745,18368,9
2026-09-01T08:20:15.681381222Z,22.403571,128.529069,Cloud to Cloud,15031,3026,7
2026-09-01T08:20:15.261809736Z,22.817682,128.282934,Cloud to Cloud,-7136,11496,7
2026-09-01T08:20:15.222900543Z,22.741119,128.344153,Cloud to Cloud,8219,16339,6
2026-09-01T08:20:15.217056555Z,22.774614,128.346325,Cloud to Ground,14131,0,8
2026-09-01T08:20:15.219738191Z,22.773027,128.318318,Cloud to Cloud,16886,13171,8
2026-09-01T08:20:16.471199178Z,4.251524,114.336747,Cloud to Cloud,-13806,3079,11
2026-09-01T08:20:16.148268243Z,4.246797,114.294123,Cloud to Ground,28385,0,20
2026-09-01T08:20:17.415992942Z,6.511072,117.546852,Cloud to Cloud,-19732,14723,11
2026-09-01T08:20:19.744002600Z,5.4922,118.116278,Cloud to Cloud,-19098,11866,7
2026-09-01T08:20:20.232204184Z,4.112273,114.520917,Cloud to Ground,21444,0,16
2026-09-01T08:20:24.584958378Z,19.412275,131.118409,Cloud to Ground,-20581,0,16
2026-09-01T08:20:24.619110713Z,19.406992,131.100002,Cloud to Ground,-9671,0,6
2026-09-01T08:20:24.641900361Z,19.423327,131.087033,Cloud to Ground,-8493,0,11
2026-09-01T08:20:24.587836087Z,19.335416,131.129723,Cloud to Cloud,10424,17821,10
2026-09-01T08:20:24.795721505Z,19.437308,131.166934,Cloud to Ground,11776,0,10
2026-09-01T08:20:24.583350317Z,19.414594,131.089576,Cloud to Ground,16272,0,10
2026-09-01T08:20:24.585872980Z,19.399678,131.085821,Cloud to Ground,16396,0,16
2026-09-01T08:20:26.928421978Z,21.280117,130.579897,Cloud to Cloud,13649,3028,10
2026-09-01T08:20:26.927853572Z,21.546751,130.555675,Cloud to Cloud,-9159,3000,11
2026-09-01T08:20:26.942614337Z,21.608886,130.487035,Cloud to Cloud,6163,4319,7
2026-09-01T08:20:26.934116386Z,21.578572,130.478068,Cloud to Ground,7428,0,11
2026-09-01T08:20:26.926545536Z,21.576195,130.491978,Cloud to Cloud,9348,3088,6
2026-09-01T08:20:26.925664434Z,21.516723,130.636301,Cloud to Ground,59091,0,18
2026-09-01T08:20:29.702768886Z,6.637306,117.239472,Cloud to Cloud,16052,7638,9
2026-09-01T08:20:29.703766366Z,6.717923,117.344999,Cloud to Cloud,6966,3008,7
2026-09-01T08:20:31.847127643Z,18.939742,131.616826,Cloud to Ground,7792,0,7
2026-09-01T08:20:31.864822405Z,18.850174,131.783732,Cloud to Cloud,-16320,3046,12
2026-09-01T08:20:31.878370402Z,18.86745,131.769233,Cloud to Cloud,-13370,9829,11
2026-09-01T08:20:37.075063000Z,6.595,117.5953,Cloud to Ground,40166,0,6
2026-09-01T08:20:36.939102000Z,6.6002,117.6032,Cloud to Ground,42143,0,7
2026-09-01T08:20:38.577417846Z,4.333404,114.32467,Cloud to Cloud,-11040,8743,9
2026-09-01T08:20:38.077993413Z,18.851954,113.963114,Cloud to Cloud,-9838,6212,11
2026-09-01T08:20:38.076007650Z,18.803234,113.97013,Cloud to Ground,-9115,0,10
2026-09-01T08:20:38.083861682Z,18.831726,113.943085,Cloud to Cloud,5413,3063,6
2026-09-01T08:20:38.089671757Z,18.82867,113.945607,Cloud to Cloud,7548,3028,6
2026-09-01T08:20:38.077260804Z,18.85465,113.935473,Cloud to Cloud,8418,3061,8
2026-09-01T08:20:38.074630788Z,18.819733,113.861667,Cloud to Cloud,9471,18967,10
2026-09-01T08:20:41.949934318Z,19.973133,125.895471,Cloud to Ground,-34732,0,13
2026-09-01T08:20:41.991486260Z,19.976207,125.906761,Cloud to Ground,-24571,0,14
2026-09-01T08:20:41.960582448Z,19.995643,125.878899,Cloud to Cloud,-18951,17039,9
2026-09-01T08:20:42.065878716Z,19.967918,125.786083,Cloud to Ground,-15382,0,11
2026-09-01T08:20:44.065708000Z,22.8103,128.5883,Cloud to Ground,-57748,0,5
2026-09-01T08:20:44.357482697Z,22.852842,128.57024,Cloud to Ground,-14337,0,13
2026-09-01T08:20:44.059185672Z,22.936187,128.378452,Cloud to Cloud,-12610,6886,7
2026-09-01T08:20:44.064775136Z,22.967426,128.400406,Cloud to Cloud,-12468,14537,9
2026-09-01T08:20:44.278893465Z,22.848731,128.60813,Cloud to Cloud,-12370,17916,11
2026-09-01T08:20:43.829922119Z,22.933565,128.535129,Cloud to Cloud,7557,3799,8
2026-09-01T08:20:43.843398778Z,22.953389,128.507468,Cloud to Cloud,7783,17487,6
2026-09-01T08:20:44.109480355Z,22.914037,128.565423,Cloud to Cloud,8396,3017,8
2026-09-01T08:20:44.180497461Z,22.892292,128.51018,Cloud to Cloud,13149,19170,8
2026-09-01T08:20:43.831161505Z,22.955133,128.413077,Cloud to Cloud,16157,3010,7
2026-09-01T08:20:43.831761875Z,22.927115,128.547873,Cloud to Cloud,17735,19234,9
2026-09-01T08:20:44.189452853Z,22.83548,128.637656,Cloud to Cloud,21448,3074,14
2026-09-01T08:20:43.832243968Z,22.971084,128.392126,Cloud to Ground,24417,0,8
2026-09-01T08:20:44.185312936Z,22.662493,128.622787,Cloud to Ground,13460,0,10
2026-09-01T08:20:44.110326887Z,22.827429,128.437857,Cloud to Ground,-12926,0,10
2026-09-01T08:20:47.006140695Z,4.112391,114.519098,Cloud to Ground,24950,0,12
2026-09-01T08:20:49.749041715Z,5.770004,116.116844,Cloud to Cloud,6129,6571,7
2026-09-01T08:20:49.480328714Z,4.368645,114.383422,Cloud to Cloud,-6724,3000,6
2026-09-01T08:20:50.245766000Z,4.1249,114.5249,Cloud to Ground,16916,0,7
2026-09-01T08:20:53.240556781Z,6.690695,117.187388,Cloud to Ground,40497,0,7
2026-09-01T08:20:56.411539591Z,21.559994,122.53427,Cloud to Cloud,-4397,4275,8
2026-09-01T08:20:56.420463045Z,21.556839,122.548603,Cloud to Cloud,-3537,15540,7
2026-09-01T08:20:56.362976389Z,21.605591,122.352171,Cloud to Cloud,-13715,3007,12
2026-09-01T08:20:56.289670249Z,21.547221,122.378549,Cloud to Cloud,-6218,17256,5
2026-09-01T08:20:56.214331000Z,21.5491,122.3736,Cloud to Ground,-298,0,5
2026-09-01T08:20:56.287208848Z,21.546091,122.38379,Cloud to Cloud,2737,19332,5
2026-09-01T08:20:56.420048363Z,21.546493,122.400565,Cloud to Cloud,3116,13546,5
2026-09-01T08:20:56.373168005Z,21.548416,122.407239,Cloud to Cloud,3741,13169,5
2026-09-01T08:20:56.368626840Z,21.634518,122.342823,Cloud to Cloud,3884,3445,6
2026-09-01T08:20:56.239663013Z,21.554542,122.401648,Cloud to Cloud,3943,13199,5
2026-09-01T08:20:56.359371514Z,21.543214,122.405878,Cloud to Cloud,4270,6797,8
2026-09-01T08:20:56.229815551Z,21.547084,122.40044,Cloud to Cloud,4546,10562,5
2026-09-01T08:20:56.256509166Z,21.558871,122.400541,Cloud to Cloud,5317,5890,6
2026-09-01T08:20:56.237579324Z,21.538771,122.407336,Cloud to Cloud,5627,12373,7
2026-09-01T08:20:56.219938085Z,21.538474,122.389747,Cloud to Cloud,5765,7886,6
2026-09-01T08:20:56.221314546Z,21.58385,122.281646,Cloud to Cloud,8795,19985,12
2026-09-01T08:20:56.213688043Z,21.600835,122.299963,Cloud to Cloud,13081,18213,10
2026-09-01T08:20:56.222148421Z,21.594208,122.292379,Cloud to Cloud,25214,13543,10
2026-09-01T08:20:58.856154455Z,4.129591,114.528624,Cloud to Ground,-12878,0,10
2026-09-01T08:20:58.532113591Z,4.236305,114.542442,Cloud to Cloud,-10230,3034,12
2026-09-01T08:21:02.718722351Z,6.577637,117.265717,Cloud to Cloud,-13064,13863,7
2026-09-01T08:21:02.059759130Z,6.472899,117.579492,Cloud to Ground,-19742,0,16
2026-09-01T08:21:05.192097032Z,4.218008,114.291165,Cloud to Cloud,-22391,7098,11
2026-09-01T08:21:05.232838296Z,4.21457,114.302398,Cloud to Cloud,-13722,3042,6
2026-09-01T08:21:05.224887375Z,4.241848,114.308792,Cloud to Ground,18802,0,9
2026-09-01T08:21:08.495201967Z,6.712887,117.359278,Cloud to Ground,-15247,0,21
2026-09-01T08:21:08.745727446Z,6.601676,117.303625,Cloud to Cloud,-13196,5051,7
2026-09-01T08:21:08.669513220Z,22.757837,128.398351,Cloud to Cloud,15059,3147,8
2026-09-01T08:21:09.528709018Z,3.889744,114.416954,Cloud to Ground,-23329,0,14
2026-09-01T08:21:09.545696679Z,3.88574,114.406888,Cloud to Cloud,-11646,9046,8
2026-09-01T08:21:09.112454701Z,22.917641,128.574533,Cloud to Ground,-72571,0,16
2026-09-01T08:21:09.249797104Z,22.914159,128.547553,Cloud to Cloud,-28352,6787,20
2026-09-01T08:21:09.569962948Z,22.93717,128.543185,Cloud to Ground,-15108,0,13
2026-09-01T08:21:09.652776032Z,22.928742,128.545693,Cloud to Ground,-12539,0,13
2026-09-01T08:21:09.783472005Z,22.930911,128.551027,Cloud to Ground,-7489,0,8
2026-09-01T08:21:10.069216672Z,22.891771,128.428199,Cloud to Ground,-6447,0,7
2026-09-01T08:21:09.785138470Z,22.891369,128.513241,Cloud to Cloud,10000,7029,13
2026-09-01T08:21:09.936913011Z,22.812553,128.539769,Cloud to Ground,14547,0,9
2026-09-01T08:21:10.377498549Z,4.952763,115.680445,Cloud to Ground,-10603,0,9
2026-09-01T08:21:14.089761865Z,22.404023,130.188612,Cloud to Cloud,7644,18925,9
2026-09-01T08:21:14.122166486Z,22.39576,130.182937,Cloud to Ground,8891,0,11
2026-09-01T08:21:16.510778305Z,4.288323,114.255633,Cloud to Cloud,-10838,13455,11
2026-09-01T08:21:16.450567667Z,4.208543,114.238916,Cloud to Cloud,-7994,8520,7
2026-09-01T08:21:16.652829288Z,6.679558,117.226278,Cloud to Cloud,-8055,3656,6
2026-09-01T08:21:16.816441727Z,6.659401,117.228416,Cloud to Cloud,6575,3009,7
2026-09-01T08:21:20.671513557Z,4.044759,114.498121,Cloud to Cloud,-15686,3027,6
2026-09-01T08:21:23.696622643Z,4.121349,114.533283,Cloud to Cloud,-10530,3112,7
2026-09-01T08:21:24.615479494Z,4.338045,114.302365,Cloud to Cloud,-9432,3111,7
2026-09-01T08:21:28.242297097Z,5.517132,118.175374,Cloud to Cloud,-14843,16789,11
2026-09-01T08:21:28.766255764Z,6.665121,117.250002,Cloud to Cloud,-10361,5950,8
2026-09-01T08:21:28.747369061Z,6.591189,117.261003,Cloud to Cloud,11821,5928,5
2026-09-01T08:21:30.862847478Z,6.654806,117.241013,Cloud to Ground,10920,0,7
2026-09-01T08:21:34.848153000Z,3.924116,114.439317,Cloud to Cloud,15299,7409,12
2026-09-01T08:21:38.068209299Z,5.101414,118.133017,Cloud to Cloud,10563,11096,10
2026-09-01T08:21:37.909485888Z,5.092204,118.145404,Cloud to Cloud,11608,3272,7
2026-09-01T08:21:37.846000040Z,6.680028,117.242111,Cloud to Cloud,7471,3038,6
2026-09-01T08:21:37.772057704Z,6.616088,117.2549,Cloud to Ground,20935,0,12
2026-09-01T08:21:37.044172732Z,4.332108,114.322219,Cloud to Ground,-12862,0,6
2026-09-01T08:21:38.782905635Z,5.055995,115.685549,Cloud to Ground,26791,0,8
2026-09-01T08:21:39.794136343Z,4.125661,114.545035,Cloud to Ground,-16280,0,8
2026-09-01T08:21:39.805005703Z,4.363962,114.442903,Cloud to Cloud,7146,13415,6
2026-09-01T08:21:39.421778250Z,18.848113,131.747689,Cloud to Ground,-12097,0,9
2026-09-01T08:21:39.377100152Z,18.849616,131.806462,Cloud to Ground,-11181,0,7
2026-09-01T08:21:39.380358300Z,18.893215,131.736258,Cloud to Cloud,-5504,3048,8
2026-09-01T08:21:39.402823477Z,18.86318,131.811264,Cloud to Ground,9215,0,11
2026-09-01T08:21:39.592468683Z,18.862977,131.790651,Cloud to Ground,10541,0,9
2026-09-01T08:21:42.205579998Z,20.308535,118.557129,Cloud to Cloud,-4560,19741,6
2026-09-01T08:21:42.291485575Z,20.32619,118.588893,Cloud to Cloud,-2824,18535,7
2026-09-01T08:21:42.077574376Z,20.310582,118.556756,Cloud to Cloud,7649,13280,9
2026-09-01T08:21:42.121306301Z,20.399668,118.602817,Cloud to Cloud,9783,11263,11
2026-09-01T08:21:42.079078995Z,20.391119,118.600349,Cloud to Cloud,12687,3351,11
2026-09-01T08:21:43.335769015Z,19.588327,128.771101,Cloud to Ground,-10013,0,10
2026-09-01T08:21:43.251616217Z,19.581447,128.953825,Cloud to Ground,-45061,0,16
2026-09-01T08:21:43.403071389Z,19.548817,128.882757,Cloud to Cloud,8502,3052,9
2026-09-01T08:21:43.232287404Z,19.495753,128.995661,Cloud to Ground,-151132,0,18
2026-09-01T08:21:43.377147109Z,19.473186,129.015649,Cloud to Cloud,-26015,7990,7
2026-09-01T08:21:43.264351208Z,19.486199,129.042786,Cloud to Ground,-25924,0,16
2026-09-01T08:21:43.405759918Z,19.477718,129.041997,Cloud to Ground,-11763,0,7
2026-09-01T08:21:43.404403144Z,19.4865,129.014294,Cloud to Cloud,7952,6669,7
2026-09-01T08:21:43.294975103Z,19.500481,129.008375,Cloud to Cloud,9647,3680,9
2026-09-01T08:21:44.422570392Z,19.794715,127.238476,Cloud to Cloud,15974,3015,12
2026-09-01T08:21:44.428033326Z,19.833588,127.071803,Cloud to Cloud,8179,19206,10
2026-09-01T08:21:49.051385000Z,6.6261,117.2582,Cloud to Ground,18738,0,9
2026-09-01T08:21:50.755858740Z,5.00003,115.671766,Cloud to Cloud,-7905,19538,6
2026-09-01T08:21:51.520418387Z,19.535859,127.809648,Cloud to Ground,-57024,0,17
2026-09-01T08:21:51.974116140Z,22.984077,128.526093,Cloud to Ground,-35259,0,14
2026-09-01T08:21:51.974720768Z,22.878398,128.523789,Cloud to Cloud,-17701,15778,13
2026-09-01T08:21:51.962313572Z,22.893249,128.539392,Cloud to Ground,-13058,0,11
2026-09-01T08:21:51.965994243Z,22.806445,128.495068,Cloud to Cloud,-9893,11387,8
2026-09-01T08:21:58.965238816Z,5.601714,118.297496,Cloud to Cloud,-12001,19105,10
2026-09-01T08:21:59.093508476Z,6.464805,117.196858,Cloud to Cloud,12230,15428,9
2026-09-01T08:22:00.147857186Z,5.702403,116.13897,Cloud to Cloud,11179,19445,5
2026-09-01T08:22:00.562729686Z,22.63368,128.493096,Cloud to Ground,-31771,0,7
2026-09-01T08:22:00.325176630Z,22.366497,128.550409,Cloud to Cloud,11130,17274,11
2026-09-01T08:22:00.455264943Z,22.696772,128.634627,Cloud to Ground,-39588,0,21
2026-09-01T08:22:00.326160845Z,22.700711,128.617417,Cloud to Ground,-32437,0,17
2026-09-01T08:22:00.398543751Z,22.695098,128.633808,Cloud to Ground,-21786,0,15
2026-09-01T08:22:00.251652289Z,22.716891,128.652506,Cloud to Cloud,-15747,11932,14
2026-09-01T08:22:00.369630848Z,22.698356,128.625221,Cloud to Ground,-15545,0,10
2026-09-01T08:22:00.521049196Z,22.687986,128.612672,Cloud to Ground,-12811,0,10
2026-09-01T08:22:00.710600185Z,22.684286,128.628585,Cloud to Ground,-10993,0,10
2026-09-01T08:22:00.343788708Z,22.694738,128.620056,Cloud to Ground,-9848,0,7
2026-09-01T08:22:00.602970287Z,22.691504,128.629698,Cloud to Ground,-8635,0,7
2026-09-01T08:22:02.457433916Z,22.114243,119.973243,Cloud to Cloud,2073,9788,6
2026-09-01T08:22:02.466164627Z,22.081242,119.976963,Cloud to Cloud,3673,5352,6
2026-09-01T08:22:02.461617979Z,22.078423,119.982737,Cloud to Cloud,3868,19050,6
2026-09-01T08:22:05.905005227Z,5.409898,118.281396,Cloud to Ground,15587,0,7
2026-09-01T08:22:06.032597577Z,16.747072,133.804005,Cloud to Ground,12356,0,13
2026-09-01T08:22:08.771325491Z,4.201227,114.276229,Cloud to Ground,26694,0,13
2026-09-01T08:22:09.128032318Z,22.33968,130.34052,Cloud to Ground,22037,0,16
2026-09-01T08:22:09.129506419Z,22.413766,130.177614,Cloud to Ground,45722,0,10
2026-09-01T08:22:12.518171230Z,6.443464,117.489345,Cloud to Cloud,13874,3000,7
2026-09-01T08:22:14.878308696Z,5.713475,116.938943,Cloud to Ground,-22723,0,9
2026-09-01T08:22:14.362079507Z,21.561255,130.46816,Cloud to Cloud,11150,3063,6
2026-09-01T08:22:14.358431621Z,21.538692,130.618612,Cloud to Cloud,-15032,3069,13
2026-09-01T08:22:14.379302187Z,21.49513,130.651475,Cloud to Ground,-12594,0,9
2026-09-01T08:22:14.484163301Z,22.925195,128.577215,Cloud to Ground,-35896,0,20
2026-09-01T08:22:14.698866548Z,22.943262,128.450265,Cloud to Ground,-14313,0,10
2026-09-01T08:22:14.620388171Z,22.92269,128.572017,Cloud to Ground,-13661,0,15
2026-09-01T08:22:14.589685434Z,22.959986,128.549197,Cloud to Ground,-12812,0,8
2026-09-01T08:22:14.746843457Z,22.905279,128.580924,Cloud to Ground,-12017,0,11
2026-09-01T08:22:14.642341422Z,22.932858,128.577259,Cloud to Ground,-10150,0,12
2026-09-01T08:22:14.546738078Z,22.971515,128.452938,Cloud to Cloud,-8456,7394,5
2026-09-01T08:22:14.557223328Z,22.910073,128.622004,Cloud to Ground,34409,0,16
2026-09-01T08:22:15.613827471Z,6.616939,117.179611,Cloud to Ground,-17176,0,8
2026-09-01T08:22:17.228032132Z,6.387413,117.598446,Cloud to Ground,16170,0,14
2026-09-01T08:22:17.326904140Z,21.682668,121.596756,Cloud to Cloud,10904,4698,9
2026-09-01T08:22:17.321959263Z,21.626865,121.805197,Cloud to Ground,-37192,0,11
2026-09-01T08:22:17.334270903Z,21.652616,121.733213,Cloud to Cloud,3632,18199,6
2026-09-01T08:22:17.329223158Z,21.625923,121.736989,Cloud to Cloud,4448,15460,7
2026-09-01T08:22:17.372770666Z,21.63657,121.755774,Cloud to Cloud,5439,18174,7
2026-09-01T08:22:17.319299952Z,21.639072,121.752255,Cloud to Ground,12128,0,7
2026-09-01T08:22:19.059199353Z,3.898617,114.422126,Cloud to Cloud,-9637,19656,9
2026-09-01T08:22:19.627121397Z,4.243085,114.296156,Cloud to Cloud,-8286,6159,6
2026-09-01T08:22:19.642051454Z,4.23074,114.287527,Cloud to Cloud,13624,3353,6
2026-09-01T08:22:22.454093300Z,6.674032,117.536,Cloud to Ground,33144,0,9
2026-09-01T08:22:22.920142781Z,6.583432,117.467076,Cloud to Ground,-45392,0,10
2026-09-01T08:22:23.042778585Z,6.578809,117.46107,Cloud to Ground,34535,0,20
2026-09-01T08:22:22.199344000Z,6.5887,117.5723,Cloud to Ground,14394,0,5
2026-09-01T08:22:23.201970806Z,20.036347,125.759355,Cloud to Cloud,13078,4926,14
2026-09-01T08:22:23.203432640Z,20.025505,125.745172,Cloud to Ground,13683,0,7
2026-09-01T08:22:23.727951601Z,20.119332,125.988084,Cloud to Cloud,5221,15580,7
2026-09-01T08:22:23.702398563Z,20.094856,125.960224,Cloud to Cloud,14893,6114,10
2026-09-01T08:22:23.202695883Z,20.005633,125.96317,Cloud to Ground,18465,0,10
2026-09-01T08:22:26.169520070Z,4.32869,114.397822,Cloud to Ground,19029,0,16
2026-09-01T08:22:26.843270540Z,4.138628,114.524402,Cloud to Ground,10294,0,9
2026-09-01T08:22:29.095192544Z,4.35892,114.372338,Cloud to Cloud,-9352,5604,6
2026-09-01T08:22:35.206700706Z,4.120227,114.565107,Cloud to Cloud,20053,3049,11
2026-09-01T08:22:35.897032493Z,19.39152,131.098282,Cloud to Ground,-8315,0,6
2026-09-01T08:22:35.894558083Z,19.400782,131.096493,Cloud to Ground,11384,0,16
2026-09-01T08:22:37.114641626Z,21.55849,122.404471,Cloud to Cloud,-4358,5140,6
2026-09-01T08:22:36.907596035Z,21.541242,122.417763,Cloud to Cloud,3156,18301,7
2026-09-01T08:22:36.913051419Z,21.550669,122.428203,Cloud to Cloud,3753,7773,7
2026-09-01T08:22:36.905155182Z,21.535783,122.416693,Cloud to Cloud,5592,8662,8
2026-09-01T08:22:36.909076571Z,21.523774,122.422974,Cloud to Cloud,5705,6462,7
2026-09-01T08:22:37.299485379Z,6.653683,117.243208,Cloud to Cloud,-10657,12048,6
2026-09-01T08:22:41.705785595Z,4.002483,114.428113,Cloud to Cloud,-12254,3068,7
2026-09-01T08:22:41.689520470Z,3.96783,114.439597,Cloud to Ground,10983,0,7
2026-09-01T08:22:42.832729497Z,6.686058,117.233824,Cloud to Cloud,-18418,17762,7
2026-09-01T08:22:42.743533209Z,6.728688,117.223448,Cloud to Cloud,-16336,3239,8
2026-09-01T08:22:44.025954715Z,4.981199,115.706318,Cloud to Ground,12010,0,12
2026-09-01T08:22:43.953910072Z,4.977568,115.66785,Cloud to Cloud,13548,17500,11
2026-09-01T08:22:44.118951147Z,5.059481,115.64307,Cloud to Cloud,16925,7693,10
2026-09-01T08:22:44.557747771Z,5.012723,115.552532,Cloud to Ground,-13340,0,16
2026-09-01T08:22:48.629705880Z,4.01927,114.523418,Cloud to Cloud,-8383,3052,6
2026-09-01T08:22:52.946210832Z,22.922468,128.549559,Cloud to Ground,-80346,0,20
2026-09-01T08:22:53.170367945Z,22.910811,128.554039,Cloud to Ground,-38537,0,18
2026-09-01T08:22:53.048054565Z,22.905584,128.560235,Cloud to Ground,-27889,0,15
2026-09-01T08:22:53.101239626Z,22.928507,128.579501,Cloud to Ground,-13411,0,10
2026-09-01T08:22:53.221134060Z,22.926784,128.582178,Cloud to Ground,-10782,0,11
2026-09-01T08:22:53.248269852Z,22.894613,128.605965,Cloud to Cloud,-10550,15152,11
2026-09-01T08:22:54.060626214Z,19.792979,127.100526,Cloud to Cloud,7193,5032,7
2026-09-01T08:22:54.064260692Z,19.80992,127.107015,Cloud to Cloud,11483,7072,8
2026-09-01T08:22:54.059441022Z,19.751328,127.142944,Cloud to Ground,15665,0,10
2026-09-01T08:22:54.061348378Z,19.91431,127.085747,Cloud to Cloud,9979,3722,9
2026-09-01T08:22:56.134922353Z,5.612044,118.196411,Cloud to Ground,21854,0,16
2026-09-01T08:22:56.786162759Z,22.73774,128.389067,Cloud to Cloud,8240,11495,7
2026-09-01T08:22:58.607606000Z,5.1336,118.1814,Cloud to Ground,26206,0,5
2026-09-01T08:23:00.422542248Z,5.406566,118.265251,Cloud to Ground,-12641,0,20
2026-09-01T08:23:00.247164630Z,5.42672,118.259933,Cloud to Cloud,12152,3112,9
2026-09-01T08:23:00.548932101Z,5.519348,118.221225,Cloud to Ground,-12181,0,15
2026-09-01T08:23:03.226948519Z,5.631692,116.882523,Cloud to Cloud,-12175,3044,8
2026-09-01T08:23:04.567251659Z,6.598764,117.222146,Cloud to Cloud,-18743,10288,11
2026-09-01T08:23:04.754969182Z,6.459335,117.561813,Cloud to Cloud,-14597,3009,8
2026-09-01T08:23:04.344512177Z,6.690702,117.200873,Cloud to Ground,-12322,0,11
2026-09-01T08:23:15.540776840Z,4.329875,114.309827,Cloud to Cloud,-16498,3037,15
2026-09-01T08:23:19.132350120Z,19.625299,127.508943,Cloud to Cloud,6334,12106,10
2026-09-01T08:23:19.146587943Z,19.697355,127.508136,Cloud to Cloud,7402,3007,7
2026-09-01T08:23:19.384926870Z,19.691771,127.509813,Cloud to Cloud,8136,3204,9
2026-09-01T08:23:19.133324718Z,19.663527,127.517976,Cloud to Cloud,9206,8309,7
2026-09-01T08:23:20.582013644Z,6.628612,117.212106,Cloud to Cloud,-4425,16525,5
2026-09-01T08:23:20.027365625Z,4.313524,114.352789,Cloud to Cloud,8799,4476,7
2026-09-01T08:23:20.437032419Z,21.533197,130.517414,Cloud to Ground,15112,0,12
2026-09-01T08:23:20.437732998Z,21.616465,130.350585,Cloud to Cloud,11151,18804,7
2026-09-01T08:23:20.980629158Z,16.799387,133.811103,Cloud to Cloud,-13046,3668,8
2026-09-01T08:23:24.754730343Z,6.643018,117.279214,Cloud to Cloud,6240,15494,10
2026-09-01T08:23:24.722819997Z,6.723981,117.208423,Cloud to Ground,-14342,0,10
2026-09-01T08:23:27.434059675Z,20.022066,125.746618,Cloud to Cloud,4944,4034,14
2026-09-01T08:23:29.460573383Z,6.355345,117.559491,Cloud to Ground,20716,0,8
2026-09-01T08:23:29.412427000Z,6.3978,117.5893,Cloud to Ground,30167,0,9
2026-09-01T08:23:29.497215376Z,21.635409,121.754105,Cloud to Cloud,4063,18643,6
2026-09-01T08:23:31.222990000Z,6.6761,117.3102,Cloud to Ground,54062,0,15
2026-09-01T08:23:33.155958245Z,22.980066,128.442015,Cloud to Cloud,-10455,6778,6
2026-09-01T08:23:33.162608068Z,22.928458,128.572905,Cloud to Ground,-100920,0,18
2026-09-01T08:23:34.884275803Z,6.376526,117.577893,Cloud to Ground,8745,0,9
2026-09-01T08:23:35.931954407Z,3.978325,114.423084,Cloud to Cloud,-13262,3009,7
2026-09-01T08:23:36.808579724Z,6.697606,117.229223,Cloud to Cloud,-14610,4597,10
2026-09-01T08:23:36.549346597Z,20.062365,126.014033,Cloud to Cloud,-12937,15649,9
2026-09-01T08:23:36.596886156Z,20.040641,126.069514,Cloud to Ground,11779,0,7
2026-09-01T08:23:36.590294411Z,20.194643,125.881127,Cloud to Cloud,7202,12014,7
2026-09-01T08:23:36.551442870Z,20.125626,125.920324,Cloud to Ground,11226,0,9
2026-09-01T08:23:38.303068633Z,22.738467,128.495157,Cloud to Cloud,-10142,18887,9
2026-09-01T08:23:38.658265572Z,22.967608,128.439962,Cloud to Cloud,6262,19867,6
2026-09-01T08:23:38.639001589Z,22.94927,128.389078,Cloud to Cloud,8520,13519,13
2026-09-01T08:23:38.935558459Z,22.929468,128.458182,Cloud to Cloud,9348,7330,8
2026-09-01T08:23:38.099494019Z,22.966017,128.377912,Cloud to Ground,28135,0,7
2026-09-01T08:23:40.603315000Z,4.7705,115.1278,Cloud to Ground,-30476,0,5
2026-09-01T08:23:42.191658161Z,4.12421,114.516565,Cloud to Cloud,28421,3133,16
2026-09-01T08:23:42.691915944Z,19.470049,130.766372,Cloud to Cloud,9561,3083,11
2026-09-01T08:23:42.840600000Z,19.5223,130.7214,Cloud to Ground,16425,0,5
2026-09-01T08:23:44.675996247Z,6.357941,117.619568,Cloud to Cloud,-6058,15720,7
2026-09-01T08:23:46.574492295Z,4.340259,114.395147,Cloud to Ground,16068,0,9
2026-09-01T08:23:49.571093000Z,6.6317,117.5998,Cloud to Ground,-10731,0,5
2026-09-01T08:23:50.470529333Z,22.891121,128.444827,Cloud to Ground,-19960,0,10
2026-09-01T08:23:50.538859145Z,22.913767,128.576373,Cloud to Ground,-23794,0,15
2026-09-01T08:23:50.872105111Z,22.924099,128.575516,Cloud to Ground,-15284,0,13
2026-09-01T08:23:50.743578563Z,22.861578,128.626239,Cloud to Cloud,-12691,3000,8
2026-09-01T08:23:50.808836140Z,22.92176,128.589959,Cloud to Ground,-11909,0,7
2026-09-01T08:23:51.277792800Z,22.922063,128.577496,Cloud to Ground,-11573,0,11
2026-09-01T08:23:50.966236000Z,22.92285,128.569645,Cloud to Ground,-11424,0,14
2026-09-01T08:23:51.063931597Z,22.91865,128.575788,Cloud to Ground,-10540,0,11
2026-09-01T08:23:50.748935183Z,22.952249,128.535604,Cloud to Cloud,-9593,6588,13
2026-09-01T08:23:51.247111543Z,22.81321,128.58432,Cloud to Cloud,-8791,3074,10
2026-09-01T08:23:50.676834615Z,22.901959,128.598705,Cloud to Ground,9647,0,9
2026-09-01T08:23:51.094363614Z,6.357657,117.589927,Cloud to Ground,9792,0,8
2026-09-01T08:23:53.118372876Z,5.516251,118.165383,Cloud to Ground,12968,0,10
2026-09-01T08:23:53.953331841Z,6.323178,117.658462,Cloud to Cloud,25802,7434,6
2026-09-01T08:23:53.625513123Z,22.677244,128.508094,Cloud to Cloud,-27600,3024,18
2026-09-01T08:23:53.678011699Z,22.69399,128.539522,Cloud to Cloud,-9543,10693,10
2026-09-01T08:23:54.063225958Z,22.764392,128.39987,Cloud to Cloud,-6110,3011,12
2026-09-01T08:23:53.627850120Z,22.710755,128.384415,Cloud to Cloud,7979,3011,7
2026-09-01T08:23:53.624181338Z,22.665009,128.412747,Cloud to Cloud,12222,15141,8
2026-09-01T08:23:53.674425486Z,22.706796,128.416182,Cloud to Cloud,14174,19235,9
