timestamp,latitude,longitude,type,amplitude_ka,height_m,num_sensors
2026-08-31T00:17:59.507848880Z,4.942835,113.759736,Cloud to Ground,-10729,0,19
2026-08-31T00:17:59.333391331Z,4.936203,113.785097,Cloud to Cloud,-10676,3061,12
2026-08-31T00:17:59.506661149Z,4.93027,113.87878,Cloud to Ground,29246,0,20
2026-08-31T00:17:59.395190749Z,4.923939,113.885368,Cloud to Ground,31257,0,12
2026-08-31T00:18:00.786796879Z,16.928024,127.822551,Cloud to Cloud,-8889,15930,7
2026-08-31T00:18:00.670267415Z,16.953243,127.718753,Cloud to Cloud,17858,13659,13
2026-08-31T00:18:00.481436619Z,18.648207,115.395188,Cloud to Cloud,6705,3027,7
2026-08-31T00:18:00.420849644Z,18.629185,115.319007,Cloud to Cloud,24513,3036,13
2026-08-31T00:18:00.482282542Z,18.644233,115.394676,Cloud to Ground,53677,0,15
2026-08-31T00:18:00.758605513Z,19.303608,116.616611,Cloud to Cloud,-9771,15770,6
2026-08-31T00:18:00.459411033Z,19.276251,116.65739,Cloud to Ground,17599,0,9
2026-08-31T00:18:00.462678000Z,19.2184,116.6036,Cloud to Ground,29317,0,7
2026-08-31T00:18:01.553591810Z,14.245173,134.063927,Cloud to Ground,-14550,0,11
2026-08-31T00:18:01.554883370Z,14.27981,134.042348,Cloud to Ground,-12129,0,10
2026-08-31T00:18:01.113017817Z,14.193031,134.090552,Cloud to Ground,-11831,0,9
2026-08-31T00:18:01.357411611Z,14.28634,134.030324,Cloud to Ground,-10699,0,8
2026-08-31T00:18:04.324743101Z,16.431987,128.792584,Cloud to Ground,-15873,0,13
2026-08-31T00:18:04.323885893Z,16.457502,128.81265,Cloud to Cloud,10796,13172,7
2026-08-31T00:18:04.329687251Z,16.43316,128.826268,Cloud to Ground,29580,0,15
2026-08-31T00:18:04.708136781Z,19.026995,118.703389,Cloud to Cloud,-8868,4905,6
2026-08-31T00:18:05.894642005Z,15.460606,131.040491,Cloud to Ground,-8290,0,11
2026-08-31T00:18:05.229293527Z,16.068743,129.523988,Cloud to Ground,-42988,0,15
2026-08-31T00:18:05.204054459Z,16.095931,129.509767,Cloud to Cloud,8943,3017,7
2026-08-31T00:18:05.273002603Z,16.074894,129.540517,Cloud to Cloud,12066,3061,8
2026-08-31T00:18:05.435778733Z,18.409327,114.041322,Cloud to Ground,-76140,0,12
2026-08-31T00:18:04.898590920Z,18.322082,114.021109,Cloud to Ground,-33468,0,14
2026-08-31T00:18:05.065753144Z,18.335838,114.028771,Cloud to Ground,-12029,0,9
2026-08-31T00:18:05.433742530Z,18.396758,114.015214,Cloud to Cloud,-11447,5857,9
2026-08-31T00:18:05.430059871Z,18.427948,113.931928,Cloud to Ground,10818,0,9
2026-08-31T00:18:05.427648925Z,18.420497,113.94675,Cloud to Ground,11909,0,13
2026-08-31T00:18:05.428593708Z,18.397357,113.939782,Cloud to Ground,24785,0,12
2026-08-31T00:18:07.288049353Z,14.356329,132.612619,Cloud to Ground,-30334,0,18
2026-08-31T00:18:07.300286016Z,14.296528,132.702489,Cloud to Cloud,-16331,3431,13
2026-08-31T00:18:07.265093657Z,14.314805,132.646616,Cloud to Ground,11369,0,8
2026-08-31T00:18:08.640305183Z,16.409718,128.919486,Cloud to Cloud,-9461,17719,7
2026-08-31T00:18:09.653948708Z,17.087444,112.228541,Cloud to Ground,16367,0,6
2026-08-31T00:18:09.654716225Z,17.085554,112.145976,Cloud to Ground,21654,0,8
2026-08-31T00:18:09.651257612Z,17.094399,112.15732,Cloud to Ground,35580,0,8
2026-08-31T00:18:10.818469161Z,16.947038,127.867208,Cloud to Ground,-19669,0,11
2026-08-31T00:18:11.029485910Z,16.950015,127.885096,Cloud to Cloud,-7067,14469,8
2026-08-31T00:18:11.290684146Z,19.313946,119.991056,Cloud to Cloud,-15113,3019,14
2026-08-31T00:18:11.396980852Z,19.244743,120.001691,Cloud to Cloud,-6696,5989,7
2026-08-31T00:18:11.023430299Z,19.385633,119.897908,Cloud to Cloud,6983,16885,12
2026-08-31T00:18:11.009099782Z,19.389687,119.955191,Cloud to Cloud,10565,12755,7
2026-08-31T00:18:13.934105697Z,16.137345,129.708224,Cloud to Cloud,15408,5782,11
2026-08-31T00:18:14.655881756Z,19.749251,119.845771,Cloud to Ground,-54000,0,13
2026-08-31T00:18:14.996887758Z,19.743589,119.907763,Cloud to Ground,-45783,0,10
2026-08-31T00:18:14.760095084Z,19.753168,119.838703,Cloud to Ground,-40773,0,15
2026-08-31T00:18:14.691519597Z,19.749395,119.841945,Cloud to Ground,-25399,0,12
2026-08-31T00:18:14.705590408Z,19.747232,119.844096,Cloud to Ground,-19608,0,12
2026-08-31T00:18:14.637344479Z,19.816357,119.874176,Cloud to Cloud,-13488,3050,8
2026-08-31T00:18:15.255379820Z,19.75595,119.843236,Cloud to Cloud,6629,19064,5
2026-08-31T00:18:15.044301857Z,19.750225,119.83099,Cloud to Cloud,7431,3247,8
2026-08-31T00:18:14.984837730Z,19.826702,119.927903,Cloud to Cloud,9245,13515,10
2026-08-31T00:18:14.920250893Z,19.146532,118.871697,Cloud to Ground,-10001,0,11
2026-08-31T00:18:14.567645955Z,19.212192,118.795092,Cloud to Cloud,8188,16134,7
2026-08-31T00:18:14.570966041Z,19.157327,118.797968,Cloud to Ground,15916,0,11
2026-08-31T00:18:15.779601946Z,16.944715,127.851063,Cloud to Ground,-10398,0,8
2026-08-31T00:18:15.762657836Z,18.256358,114.063885,Cloud to Ground,-26299,0,12
2026-08-31T00:18:15.935585839Z,18.23553,114.066833,Cloud to Cloud,11276,3588,8
2026-08-31T00:18:15.866426083Z,18.231966,114.07323,Cloud to Ground,17169,0,11
2026-08-31T00:18:15.818362000Z,18.2574,114.0511,Cloud to Ground,25691,0,6
2026-08-31T00:18:16.474189507Z,14.238895,134.101491,Cloud to Ground,31950,0,16
2026-08-31T00:18:16.233580345Z,19.911877,120.724397,Cloud to Cloud,17716,3428,8
2026-08-31T00:18:16.662432195Z,19.758147,120.225272,Cloud to Cloud,-19111,3000,8
2026-08-31T00:18:16.802651888Z,15.94406,129.902415,Cloud to Cloud,-16216,5802,12
2026-08-31T00:18:16.914025522Z,19.970401,121.04277,Cloud to Ground,-32302,0,9
2026-08-31T00:18:16.202791000Z,19.9613,120.8553,Cloud to Ground,-40338,0,5
2026-08-31T00:18:17.129149523Z,19.974169,120.794064,Cloud to Ground,-22342,0,13
2026-08-31T00:18:17.121474295Z,19.982201,120.817645,Cloud to Ground,-15991,0,7
2026-08-31T00:18:16.214579125Z,19.902204,120.90217,Cloud to Cloud,7097,12181,6
2026-08-31T00:18:17.118808614Z,19.925686,120.81717,Cloud to Cloud,7525,4832,8
2026-08-31T00:18:16.204890277Z,19.959592,120.902829,Cloud to Cloud,7734,13659,6
2026-08-31T00:18:16.206550870Z,19.951641,120.896939,Cloud to Cloud,7968,19205,8
2026-08-31T00:18:16.201195204Z,19.959345,120.904785,Cloud to Cloud,7974,5240,6
2026-08-31T00:18:16.212038517Z,19.952938,120.906177,Cloud to Cloud,8141,19993,6
2026-08-31T00:18:16.469098633Z,20.006082,120.903422,Cloud to Cloud,8618,13627,8
2026-08-31T00:18:16.199844723Z,19.958221,120.90725,Cloud to Cloud,10427,19632,8
2026-08-31T00:18:16.793547091Z,20.052834,120.892232,Cloud to Cloud,13640,17667,8
2026-08-31T00:18:16.237402857Z,19.933842,120.895098,Cloud to Cloud,16273,19262,7
2026-08-31T00:18:18.820430042Z,16.069998,129.509696,Cloud to Cloud,-13872,3081,7
2026-08-31T00:18:18.460615920Z,16.061854,129.506014,Cloud to Ground,19767,0,13
2026-08-31T00:18:19.933916072Z,14.51005,132.946271,Cloud to Ground,-50207,0,18
2026-08-31T00:18:19.835919628Z,14.517931,132.982101,Cloud to Ground,-28795,0,12
2026-08-31T00:18:19.828718508Z,14.50665,132.998988,Cloud to Ground,-27831,0,16
2026-08-31T00:18:19.976051619Z,14.529679,132.979464,Cloud to Ground,-13845,0,9
2026-08-31T00:18:19.829742043Z,14.526072,132.892311,Cloud to Ground,-12485,0,19
2026-08-31T00:18:19.828244113Z,14.50685,132.989221,Cloud to Ground,35476,0,16
2026-08-31T00:18:19.886407461Z,14.467312,132.984242,Cloud to Ground,47896,0,11
2026-08-31T00:18:19.945411405Z,14.418176,133.127995,Cloud to Ground,-24111,0,17
2026-08-31T00:18:20.326058303Z,14.455203,133.094524,Cloud to Ground,-12739,0,6
2026-08-31T00:18:19.904114577Z,14.383237,132.398385,Cloud to Cloud,-9512,19525,12
2026-08-31T00:18:19.583421623Z,14.376518,132.384309,Cloud to Ground,28644,0,16
2026-08-31T00:18:19.607309249Z,16.075163,129.785205,Cloud to Cloud,11827,10787,7
2026-08-31T00:18:19.879263703Z,16.044459,129.787511,Cloud to Ground,14112,0,7
2026-08-31T00:18:19.699970585Z,16.074999,129.780063,Cloud to Ground,20417,0,9
2026-08-31T00:18:19.399091078Z,16.035057,129.792065,Cloud to Ground,35746,0,9
2026-08-31T00:18:19.342826150Z,16.056273,129.615916,Cloud to Ground,-14818,0,13
2026-08-31T00:18:20.892988956Z,17.330455,126.989951,Cloud to Ground,18996,0,10
2026-08-31T00:18:21.736900710Z,15.474826,131.091307,Cloud to Cloud,-14034,16875,8
2026-08-31T00:18:22.058304966Z,15.489597,131.101947,Cloud to Cloud,11340,3000,8
2026-08-31T00:18:21.687192047Z,15.391342,131.11315,Cloud to Ground,34148,0,13
2026-08-31T00:18:21.979483218Z,14.318014,133.454135,Cloud to Cloud,-17954,6520,10
2026-08-31T00:18:21.980008716Z,14.263272,133.41865,Cloud to Cloud,-14501,19896,7
2026-08-31T00:18:21.612175188Z,17.15088,112.314352,Cloud to Ground,-46753,0,12
2026-08-31T00:18:21.598277677Z,17.161222,112.256748,Cloud to Ground,-22617,0,10
2026-08-31T00:18:21.646172694Z,17.152496,112.215191,Cloud to Ground,-16445,0,10
2026-08-31T00:18:21.755978750Z,17.131179,112.269601,Cloud to Ground,25467,0,10
2026-08-31T00:18:21.675574928Z,17.159687,112.254078,Cloud to Cloud,35475,3218,13
2026-08-31T00:18:22.440236258Z,14.293844,133.649755,Cloud to Ground,-24254,0,14
2026-08-31T00:18:22.453517247Z,14.361323,133.660526,Cloud to Cloud,-17113,12792,16
2026-08-31T00:18:23.834066416Z,16.941872,127.546543,Cloud to Ground,9513,0,7
2026-08-31T00:18:23.830726584Z,16.952276,127.545177,Cloud to Ground,12278,0,12
2026-08-31T00:18:23.814018000Z,16.9674,127.4301,Cloud to Ground,-17194,0,5
2026-08-31T00:18:24.677227970Z,16.928626,127.87747,Cloud to Cloud,11696,18740,7
2026-08-31T00:18:24.035779227Z,17.004316,112.003918,Cloud to Ground,18492,0,11
2026-08-31T00:18:25.254917296Z,19.344995,119.971032,Cloud to Ground,-33292,0,14
2026-08-31T00:18:25.333354150Z,19.351159,119.982413,Cloud to Ground,-15598,0,7
2026-08-31T00:18:25.220402682Z,19.411208,120.011545,Cloud to Cloud,-9526,15429,6
2026-08-31T00:18:25.297270000Z,19.389,120.2005,Cloud to Ground,11858,0,6
2026-08-31T00:18:25.327605414Z,18.820215,116.668928,Cloud to Cloud,-13445,3082,12
2026-08-31T00:18:25.274496263Z,18.819836,116.655956,Cloud to Ground,10716,0,8
2026-08-31T00:18:25.345206537Z,18.829656,116.643295,Cloud to Cloud,15685,4606,7
2026-08-31T00:18:25.302795850Z,18.832291,116.653454,Cloud to Cloud,16225,6112,10
2026-08-31T00:18:25.770523000Z,18.9356,116.4531,Cloud to Ground,-22198,0,5
2026-08-31T00:18:26.652842121Z,15.508381,130.917871,Cloud to Ground,-19498,0,9
2026-08-31T00:18:26.417142253Z,15.473963,130.901091,Cloud to Ground,-16508,0,20
2026-08-31T00:18:26.452800726Z,15.479927,130.880959,Cloud to Ground,-14047,0,24
2026-08-31T00:18:26.546254547Z,15.474543,131.007101,Cloud to Ground,-18118,0,11
2026-08-31T00:18:26.576638478Z,15.474115,131.004969,Cloud to Ground,-15130,0,9
2026-08-31T00:18:26.744665860Z,15.51543,131.048398,Cloud to Ground,16221,0,10
2026-08-31T00:18:28.540060647Z,14.53369,132.182283,Cloud to Ground,16959,0,12
2026-08-31T00:18:28.092123042Z,14.598293,133.50581,Cloud to Ground,-21957,0,17
2026-08-31T00:18:28.777548643Z,17.461536,112.581971,Cloud to Ground,-76524,0,15
2026-08-31T00:18:28.768929859Z,17.465045,112.570753,Cloud to Cloud,-28762,7746,8
2026-08-31T00:18:29.142690729Z,17.475564,112.467306,Cloud to Ground,-21663,0,11
2026-08-31T00:18:28.938550035Z,17.454006,112.48033,Cloud to Ground,-16370,0,7
2026-08-31T00:18:28.819320857Z,17.455185,112.575844,Cloud to Ground,19673,0,8
2026-08-31T00:18:29.048856448Z,17.47429,112.488792,Cloud to Cloud,25418,7447,10
2026-08-31T00:18:28.984230494Z,17.466128,112.45684,Cloud to Ground,42785,0,8
2026-08-31T00:18:28.374256791Z,19.850413,120.26027,Cloud to Cloud,-20826,16697,7
2026-08-31T00:18:28.384509876Z,19.785646,120.243604,Cloud to Cloud,8764,4183,7
2026-08-31T00:18:28.374989777Z,19.798154,120.239564,Cloud to Cloud,12709,19974,5
2026-08-31T00:18:28.359667257Z,19.869708,120.263039,Cloud to Cloud,14030,16308,7
2026-08-31T00:18:28.367488923Z,19.803287,120.218831,Cloud to Cloud,22344,12933,8
2026-08-31T00:18:32.501405940Z,19.23544,116.599441,Cloud to Cloud,8135,5089,7
2026-08-31T00:18:32.510366592Z,19.234384,116.603499,Cloud to Cloud,9687,3094,6
2026-08-31T00:18:33.899780600Z,15.988866,129.929051,Cloud to Cloud,19478,5588,17
2026-08-31T00:18:33.227782002Z,19.174094,116.471905,Cloud to Cloud,7293,6589,10
2026-08-31T00:18:34.225351988Z,14.222723,134.073111,Cloud to Ground,-15295,0,6
2026-08-31T00:18:37.910626645Z,15.357178,131.091708,Cloud to Cloud,-12644,4075,8
2026-08-31T00:18:37.550814830Z,15.499186,131.093678,Cloud to Cloud,-11117,8802,8
2026-08-31T00:18:37.618612650Z,16.552185,128.57183,Cloud to Cloud,21023,6232,12
2026-08-31T00:18:40.538317842Z,19.567453,115.698032,Cloud to Ground,-30298,0,16
2026-08-31T00:18:41.200855883Z,18.938191,116.70944,Cloud to Cloud,-23490,3005,9
2026-08-31T00:18:40.959789699Z,18.94316,116.708297,Cloud to Ground,-23040,0,13
2026-08-31T00:18:41.350779111Z,18.94738,116.708619,Cloud to Ground,-16806,0,9
2026-08-31T00:18:41.054146524Z,18.94753,116.695947,Cloud to Ground,-15842,0,5
2026-08-31T00:18:41.132636000Z,18.9441,116.7124,Cloud to Ground,21260,0,5
2026-08-31T00:18:40.860501000Z,18.9682,116.619,Cloud to Ground,44583,0,5
2026-08-31T00:18:41.783145037Z,16.256704,129.047527,Cloud to Ground,-25771,0,8
2026-08-31T00:18:41.610309499Z,16.28253,129.020657,Cloud to Ground,-12096,0,12
2026-08-31T00:18:42.868790424Z,16.04562,129.529201,Cloud to Cloud,-10511,3102,8
2026-08-31T00:18:43.240437516Z,15.995599,129.526438,Cloud to Cloud,-9727,7377,7
2026-08-31T00:18:43.308031140Z,16.104925,129.402881,Cloud to Ground,-14055,0,10
2026-08-31T00:18:44.927145401Z,14.354887,132.214936,Cloud to Cloud,-13262,3707,9
2026-08-31T00:18:44.930690467Z,14.39925,132.15171,Cloud to Cloud,-7018,3035,12
2026-08-31T00:18:44.933247818Z,14.374145,132.206978,Cloud to Cloud,11787,4112,7
2026-08-31T00:18:46.422622243Z,18.803807,116.689637,Cloud to Ground,-19450,0,10
2026-08-31T00:18:48.438417323Z,19.961999,120.89894,Cloud to Ground,-57488,0,18
2026-08-31T00:18:48.373547000Z,19.9575,120.8628,Cloud to Ground,-24694,0,5
2026-08-31T00:18:48.454076324Z,19.962147,120.90616,Cloud to Ground,-14841,0,10
2026-08-31T00:18:48.456122620Z,19.969058,120.904456,Cloud to Ground,-9897,0,9
2026-08-31T00:18:48.280696420Z,17.037259,127.291608,Cloud to Cloud,-13289,16759,10
2026-08-31T00:18:48.044960874Z,17.372434,126.87382,Cloud to Ground,86623,0,12
2026-08-31T00:18:48.045683261Z,17.464395,126.838372,Cloud to Cloud,-28372,3044,13
2026-08-31T00:18:48.285361997Z,17.544274,126.792812,Cloud to Cloud,12885,5169,8
2026-08-31T00:18:48.071749915Z,17.484286,126.696603,Cloud to Cloud,-14381,13351,14
2026-08-31T00:18:48.337814438Z,17.411148,126.719314,Cloud to Cloud,10850,7706,8
2026-08-31T00:18:49.056025439Z,14.27219,132.688998,Cloud to Ground,-16154,0,13
2026-08-31T00:18:49.056511260Z,14.339391,132.685856,Cloud to Ground,-10793,0,11
2026-08-31T00:18:49.053514358Z,14.299153,132.693279,Cloud to Cloud,5575,3021,7
2026-08-31T00:18:50.045139085Z,14.227264,132.714552,Cloud to Ground,-16213,0,11
2026-08-31T00:18:49.982852567Z,14.300687,132.687874,Cloud to Cloud,-8929,4436,6
2026-08-31T00:18:50.451931312Z,15.98138,129.9293,Cloud to Cloud,7778,4419,9
2026-08-31T00:18:51.025855898Z,16.956864,127.870857,Cloud to Cloud,-15266,18326,10
2026-08-31T00:18:51.442113295Z,18.22989,114.029321,Cloud to Cloud,-12828,3082,7
2026-08-31T00:18:51.186923782Z,18.281547,114.036882,Cloud to Cloud,-7366,4617,11
2026-08-31T00:18:51.176777529Z,18.289767,114.062945,Cloud to Ground,24125,0,12
2026-08-31T00:18:53.441651833Z,19.729079,120.237071,Cloud to Cloud,6854,3244,6
2026-08-31T00:18:53.417028847Z,19.813526,120.256429,Cloud to Cloud,6878,5618,6
2026-08-31T00:18:55.437208551Z,14.186793,133.539389,Cloud to Ground,12295,0,16
2026-08-31T00:19:02.891481519Z,14.470722,132.433639,Cloud to Cloud,-18613,4127,20
2026-08-31T00:19:02.914577649Z,14.444263,132.42565,Cloud to Ground,11866,0,13
2026-08-31T00:19:02.892868414Z,14.4652,132.585102,Cloud to Ground,18511,0,9
2026-08-31T00:19:02.890907582Z,14.457484,132.586545,Cloud to Ground,36941,0,19
2026-08-31T00:19:04.017323153Z,15.390126,131.130187,Cloud to Ground,-9638,0,8
2026-08-31T00:19:04.094245604Z,15.492564,131.074758,Cloud to Ground,15660,0,8
2026-08-31T00:19:05.312602329Z,14.165734,134.014225,Cloud to Ground,-13906,0,12
2026-08-31T00:19:06.905596948Z,14.192498,134.122366,Cloud to Ground,-15933,0,8
2026-08-31T00:19:07.098103167Z,14.256,134.08981,Cloud to Cloud,-12110,10897,7
2026-08-31T00:19:06.933141831Z,14.290224,134.066389,Cloud to Cloud,-11486,7168,11
2026-08-31T00:19:07.387973248Z,14.242883,134.107503,Cloud to Ground,-8123,0,9
2026-08-31T00:19:08.237725447Z,16.386866,128.822611,Cloud to Cloud,9296,15038,11
2026-08-31T00:19:09.422247187Z,16.100321,129.598299,Cloud to Cloud,-12012,14770,13
2026-08-31T00:19:09.190637321Z,16.073062,129.673337,Cloud to Cloud,-10649,14621,6
2026-08-31T00:19:10.137525805Z,18.822611,116.666611,Cloud to Ground,22038,0,10
2026-08-31T00:19:10.539054926Z,18.95052,116.553279,Cloud to Cloud,12091,12545,7
2026-08-31T00:19:10.985841469Z,19.781428,120.29049,Cloud to Cloud,-3866,15383,6
2026-08-31T00:19:10.931243927Z,19.771529,120.239229,Cloud to Cloud,6704,18464,5
2026-08-31T00:19:10.603686161Z,18.206124,113.898554,Cloud to Cloud,-8088,7455,7
2026-08-31T00:19:13.708712768Z,8.248192,117.489489,Cloud to Cloud,33210,14718,18
2026-08-31T00:19:13.376849961Z,17.050204,112.227468,Cloud to Ground,-11697,0,7
2026-08-31T00:19:13.241730011Z,17.035193,112.111117,Cloud to Cloud,5992,4227,6
2026-08-31T00:19:13.459316929Z,17.040538,112.140027,Cloud to Ground,17041,0,12
2026-08-31T00:19:13.193485643Z,17.044574,112.144375,Cloud to Ground,19847,0,10
2026-08-31T00:19:16.894297692Z,16.956606,127.88271,Cloud to Cloud,-9092,4720,10
2026-08-31T00:19:17.126403490Z,16.906996,127.885314,Cloud to Cloud,-8609,3035,7
2026-08-31T00:19:16.766301087Z,16.961094,127.891585,Cloud to Cloud,8150,19465,7
2026-08-31T00:19:17.147973399Z,15.474462,131.128654,Cloud to Ground,15385,0,7
2026-08-31T00:19:18.183630981Z,14.471663,132.178503,Cloud to Cloud,-18805,7980,12
2026-08-31T00:19:18.949509458Z,18.723404,115.611898,Cloud to Cloud,-10067,3061,6
2026-08-31T00:19:19.569951914Z,16.286528,128.964356,Cloud to Ground,-19730,0,11
2026-08-31T00:19:19.009750693Z,16.277242,129.020312,Cloud to Cloud,-13101,3268,10
2026-08-31T00:19:19.572665828Z,16.393104,129.003076,Cloud to Cloud,-11850,15324,13
2026-08-31T00:19:20.590597543Z,17.335929,112.577534,Cloud to Cloud,-20974,14230,8
2026-08-31T00:19:20.893163018Z,17.31816,112.439263,Cloud to Cloud,-9549,3406,8
2026-08-31T00:19:21.107312314Z,17.351297,112.407211,Cloud to Cloud,-8284,5742,10
2026-08-31T00:19:20.593852127Z,17.368066,112.47553,Cloud to Ground,14747,0,7
2026-08-31T00:19:21.110871438Z,19.365526,119.971949,Cloud to Cloud,4839,8349,6
2026-08-31T00:19:21.194138230Z,19.348514,119.962544,Cloud to Cloud,5231,4561,6
2026-08-31T00:19:21.144809494Z,19.322825,116.606586,Cloud to Cloud,12722,11588,8
2026-08-31T00:19:22.728907291Z,16.082263,129.532879,Cloud to Cloud,-44830,3018,18
2026-08-31T00:19:22.989714052Z,16.083054,129.543985,Cloud to Ground,-33664,0,17
2026-08-31T00:19:22.901881956Z,16.085347,129.528917,Cloud to Cloud,-26311,3009,13
2026-08-31T00:19:23.531711908Z,16.046039,129.482403,Cloud to Ground,-18036,0,12
2026-08-31T00:19:23.429218279Z,16.123237,129.431581,Cloud to Cloud,-15871,5850,17
2026-08-31T00:19:22.794691602Z,16.07914,129.53696,Cloud to Cloud,-15546,3053,11
2026-08-31T00:19:22.765455923Z,16.088748,129.532914,Cloud to Cloud,-14849,8709,16
2026-08-31T00:19:23.032428033Z,16.069751,129.371631,Cloud to Cloud,-12964,4355,7
2026-08-31T00:19:22.791950800Z,16.112249,129.414195,Cloud to Cloud,-12110,15816,11
2026-08-31T00:19:23.432109960Z,16.094565,129.496093,Cloud to Ground,-12049,0,7
2026-08-31T00:19:23.738948030Z,16.030081,129.584825,Cloud to Ground,12448,0,6
2026-08-31T00:19:22.839714975Z,16.130499,129.550946,Cloud to Ground,12601,0,11
2026-08-31T00:19:23.531164616Z,16.092115,129.568333,Cloud to Ground,33395,0,13
2026-08-31T00:19:23.514188542Z,15.472283,130.928923,Cloud to Ground,-46016,0,29
2026-08-31T00:19:23.589635251Z,15.47982,130.908937,Cloud to Ground,-29824,0,13
2026-08-31T00:19:23.832333411Z,15.482041,130.93774,Cloud to Ground,-17432,0,23
2026-08-31T00:19:23.789298471Z,15.450257,131.085318,Cloud to Cloud,-27156,3045,15
2026-08-31T00:19:23.554001294Z,15.451744,131.06519,Cloud to Ground,-26421,0,10
2026-08-31T00:19:23.861738544Z,15.457034,131.097754,Cloud to Ground,14050,0,13
2026-08-31T00:19:23.721174678Z,15.467506,131.089326,Cloud to Cloud,17047,3081,7
2026-08-31T00:19:24.214601312Z,15.475385,131.088346,Cloud to Ground,45805,0,14
2026-08-31T00:19:23.654496017Z,15.461372,131.093346,Cloud to Ground,126382,0,15
2026-08-31T00:19:23.830522315Z,14.395581,131.996074,Cloud to Cloud,-17812,7926,16
2026-08-31T00:19:25.647773422Z,19.795606,120.271972,Cloud to Ground,-54951,0,13
2026-08-31T00:19:25.683748993Z,19.860138,120.331648,Cloud to Ground,-43900,0,19
2026-08-31T00:19:25.689226345Z,19.778275,120.270155,Cloud to Ground,-18895,0,7
2026-08-31T00:19:25.666360562Z,19.779779,120.278246,Cloud to Ground,-13630,0,7
2026-08-31T00:19:25.811142573Z,19.794159,120.276457,Cloud to Ground,-9834,0,7
2026-08-31T00:19:25.672133635Z,19.790573,120.266681,Cloud to Ground,-8531,0,7
2026-08-31T00:19:26.857837738Z,16.271468,130.365771,Cloud to Cloud,-19038,3035,15
2026-08-31T00:19:26.855454226Z,16.165287,130.439025,Cloud to Cloud,14623,3986,7
2026-08-31T00:19:26.428238388Z,16.975915,127.733709,Cloud to Ground,-23128,0,19
2026-08-31T00:19:26.223501602Z,16.94844,127.88361,Cloud to Ground,-63307,0,13
2026-08-31T00:19:26.325317515Z,16.956319,127.872923,Cloud to Ground,-41339,0,14
2026-08-31T00:19:27.118422416Z,16.952727,127.886693,Cloud to Ground,-18463,0,8
2026-08-31T00:19:26.701255170Z,16.956435,127.881905,Cloud to Ground,-13381,0,10
2026-08-31T00:19:27.188655281Z,16.970625,127.909572,Cloud to Cloud,18395,6601,12
2026-08-31T00:19:26.972365681Z,19.6103,120.114693,Cloud to Cloud,36517,4853,10
2026-08-31T00:19:27.001706629Z,19.515304,120.086413,Cloud to Cloud,-8475,12966,13
2026-08-31T00:19:26.973798281Z,19.428266,120.079776,Cloud to Cloud,21700,17013,7
2026-08-31T00:19:26.784001713Z,16.104025,129.506243,Cloud to Ground,14450,0,11
2026-08-31T00:19:27.268204306Z,18.526789,114.992221,Cloud to Ground,8591,0,7
2026-08-31T00:19:27.261829559Z,18.52904,114.977837,Cloud to Ground,21689,0,12
2026-08-31T00:19:27.142000669Z,17.03276,112.18801,Cloud to Ground,-37980,0,15
2026-08-31T00:19:28.642852224Z,16.178078,129.696583,Cloud to Cloud,10686,3428,11
2026-08-31T00:19:28.602692316Z,16.243806,129.759167,Cloud to Ground,58935,0,13
2026-08-31T00:19:29.144988174Z,14.223943,133.889531,Cloud to Ground,-17911,0,12
2026-08-31T00:19:29.002950835Z,16.145821,129.798364,Cloud to Cloud,-10986,3012,8
2026-08-31T00:19:31.900197000Z,19.4034,119.7578,Cloud to Ground,-42086,0,5
2026-08-31T00:19:31.787585153Z,19.448275,119.880573,Cloud to Cloud,-11378,4846,10
2026-08-31T00:19:31.776947381Z,19.38003,119.844544,Cloud to Cloud,7901,15656,8
2026-08-31T00:19:31.784664564Z,19.450207,119.839921,Cloud to Cloud,11025,15178,6
2026-08-31T00:19:31.781434001Z,19.462411,119.827756,Cloud to Ground,37255,0,8
2026-08-31T00:19:31.245673986Z,17.889045,112.957477,Cloud to Cloud,9249,3052,8
2026-08-31T00:19:31.242632077Z,17.708941,112.859075,Cloud to Cloud,16699,3009,7
2026-08-31T00:19:32.524429807Z,15.497874,131.051823,Cloud to Cloud,7315,15783,7
2026-08-31T00:19:32.490871000Z,15.4864,130.9154,Cloud to Ground,13563,0,5
2026-08-31T00:19:32.590621000Z,15.4939,130.9873,Cloud to Ground,29372,0,5
2026-08-31T00:19:32.326572428Z,16.424212,128.914432,Cloud to Ground,16800,0,10
2026-08-31T00:19:32.119406463Z,19.520203,119.738254,Cloud to Cloud,-11321,15674,6
2026-08-31T00:19:34.507679827Z,14.222635,133.944507,Cloud to Cloud,-7193,7929,7
2026-08-31T00:19:35.861090265Z,17.534106,112.603494,Cloud to Ground,-13022,0,7
2026-08-31T00:19:35.760969690Z,17.478935,112.625922,Cloud to Cloud,7839,3459,9
2026-08-31T00:19:35.921043060Z,17.540291,112.594982,Cloud to Ground,49755,0,14
2026-08-31T00:19:35.921850188Z,17.35605,112.599692,Cloud to Ground,25499,0,13
2026-08-31T00:19:35.693677000Z,17.3487,112.6526,Cloud to Ground,32586,0,5
2026-08-31T00:19:36.333004458Z,15.503672,131.080329,Cloud to Cloud,-16025,14434,11
2026-08-31T00:19:36.301953285Z,15.48601,131.080289,Cloud to Ground,11502,0,11
2026-08-31T00:19:36.230346091Z,15.500315,131.101185,Cloud to Ground,43979,0,16
2026-08-31T00:19:36.102782127Z,18.268115,113.95051,Cloud to Ground,11617,0,9
2026-08-31T00:19:36.072501692Z,18.25852,113.963152,Cloud to Cloud,14343,3202,12
2026-08-31T00:19:36.252368201Z,20.008479,120.864564,Cloud to Cloud,7479,3009,15
2026-08-31T00:19:36.382940162Z,20.03662,120.783972,Cloud to Cloud,9418,18480,13
2026-08-31T00:19:35.886094623Z,19.93727,120.880335,Cloud to Cloud,10994,3002,7
2026-08-31T00:19:36.154884298Z,19.955691,120.882404,Cloud to Cloud,12036,3047,8
2026-08-31T00:19:37.773914496Z,19.260026,118.75788,Cloud to Cloud,25247,16070,7
2026-08-31T00:19:37.771205594Z,19.00166,118.844504,Cloud to Ground,20871,0,10
2026-08-31T00:19:38.291726067Z,19.120005,118.708102,Cloud to Cloud,5882,3002,6
2026-08-31T00:19:37.790975264Z,19.114184,118.779707,Cloud to Cloud,12843,3655,6
2026-08-31T00:19:37.769949618Z,19.117581,118.777611,Cloud to Cloud,15221,4532,7
2026-08-31T00:19:37.769295000Z,19.1267,118.7061,Cloud to Ground,16658,0,5
2026-08-31T00:19:37.586191392Z,18.783162,117.603728,Cloud to Ground,19600,0,12
2026-08-31T00:19:37.587227000Z,18.7898,117.4774,Cloud to Ground,6136,0,7
2026-08-31T00:19:37.584931100Z,18.858824,117.524753,Cloud to Cloud,18519,3035,7
2026-08-31T00:19:39.962161327Z,15.853722,130.292641,Cloud to Cloud,-13252,17995,17
2026-08-31T00:19:39.302061204Z,16.090817,129.779831,Cloud to Ground,-16909,0,8
2026-08-31T00:19:39.738789500Z,16.019231,129.769276,Cloud to Ground,-15561,0,12
2026-08-31T00:19:39.304042844Z,16.104929,129.775596,Cloud to Ground,9393,0,10
2026-08-31T00:19:39.347025245Z,16.02274,129.809385,Cloud to Cloud,10424,3152,9
2026-08-31T00:19:39.335301594Z,16.055014,129.79798,Cloud to Cloud,11810,19079,8
2026-08-31T00:19:39.359800874Z,16.023512,129.836947,Cloud to Cloud,16072,5446,10
2026-08-31T00:19:39.734974292Z,16.10759,129.844222,Cloud to Ground,20792,0,10
2026-08-31T00:19:40.629557691Z,8.388263,117.889916,Cloud to Cloud,35625,5077,7
2026-08-31T00:19:41.855817869Z,18.282356,114.133071,Cloud to Ground,15289,0,8
2026-08-31T00:19:43.390735617Z,16.909958,127.894288,Cloud to Ground,-11712,0,7
2026-08-31T00:19:43.207464467Z,16.948515,127.887631,Cloud to Cloud,-7257,12804,10
2026-08-31T00:19:43.517487977Z,16.993922,127.75775,Cloud to Cloud,-18157,18213,8
2026-08-31T00:19:45.903150585Z,14.46052,132.678799,Cloud to Ground,-13793,0,16
2026-08-31T00:19:45.875044245Z,14.381245,132.694831,Cloud to Ground,-13692,0,7
2026-08-31T00:19:45.900444708Z,14.491249,132.65063,Cloud to Ground,-11100,0,12
2026-08-31T00:19:45.286240115Z,14.304802,132.679155,Cloud to Cloud,-7928,3836,8
2026-08-31T00:19:45.593445971Z,16.384904,128.953729,Cloud to Ground,8607,0,17
2026-08-31T00:19:45.634809636Z,16.351885,128.813257,Cloud to Cloud,-9119,3610,11
2026-08-31T00:19:46.131391335Z,14.364701,132.209419,Cloud to Cloud,-21128,4792,10
2026-08-31T00:19:46.109613434Z,14.257852,132.373171,Cloud to Cloud,-9691,6491,7
2026-08-31T00:19:46.084371074Z,14.355098,132.34637,Cloud to Cloud,-13427,6603,16
2026-08-31T00:19:46.070689641Z,14.361276,132.366285,Cloud to Cloud,-11919,6307,16
2026-08-31T00:19:46.103544526Z,15.939358,129.910533,Cloud to Cloud,-16936,5062,10
2026-08-31T00:19:46.158214303Z,15.979763,129.905943,Cloud to Cloud,-6264,3012,9
2026-08-31T00:19:46.525174899Z,16.002839,129.874959,Cloud to Cloud,7612,14118,6
2026-08-31T00:19:46.595715000Z,19.8249,120.1881,Cloud to Ground,-7124,0,8
2026-08-31T00:19:46.553938514Z,19.77591,120.251487,Cloud to Cloud,6217,5815,6
2026-08-31T00:19:46.441907004Z,19.762137,120.230383,Cloud to Cloud,8281,3820,5
2026-08-31T00:19:48.714604981Z,18.879207,116.703309,Cloud to Cloud,7392,3015,8
2026-08-31T00:19:49.321058440Z,15.988782,129.759287,Cloud to Cloud,-11833,4970,11
2026-08-31T00:19:49.406782428Z,16.064427,129.775365,Cloud to Cloud,13486,3187,8
2026-08-31T00:19:49.068476593Z,16.084557,129.629875,Cloud to Cloud,-20078,9068,19
2026-08-31T00:19:49.317865193Z,16.105219,129.642935,Cloud to Cloud,-15412,12490,14
2026-08-31T00:19:51.785539944Z,15.539101,130.999687,Cloud to Ground,19150,0,15
2026-08-31T00:19:51.312249096Z,19.384777,118.899628,Cloud to Cloud,-12650,8707,17
2026-08-31T00:19:51.313955886Z,19.375625,118.881358,Cloud to Ground,40552,0,12
2026-08-31T00:19:53.396291991Z,16.94374,127.830928,Cloud to Ground,49664,0,14
2026-08-31T00:19:53.194798563Z,19.348462,120.030507,Cloud to Cloud,5666,14080,5
2026-08-31T00:19:53.262080983Z,19.282573,119.989471,Cloud to Cloud,5721,17610,5
2026-08-31T00:19:53.317146945Z,19.270792,120.000475,Cloud to Cloud,6906,13723,5
2026-08-31T00:19:53.012254596Z,19.426506,120.056511,Cloud to Cloud,7516,13457,7
2026-08-31T00:19:53.000847267Z,19.428645,120.057585,Cloud to Cloud,11682,14301,7
2026-08-31T00:19:54.234769890Z,17.371568,126.991025,Cloud to Cloud,-9967,17711,12
2026-08-31T00:19:56.863273564Z,17.080342,112.234225,Cloud to Ground,-64053,0,10
2026-08-31T00:19:57.015400635Z,17.091104,112.229412,Cloud to Ground,-30047,0,14
2026-08-31T00:19:56.955003000Z,17.1075,112.1538,Cloud to Ground,-22434,0,10
2026-08-31T00:19:57.566554056Z,17.112053,112.216045,Cloud to Ground,-21166,0,7
2026-08-31T00:19:57.401781060Z,17.087256,112.227777,Cloud to Ground,-12839,0,8
2026-08-31T00:19:56.849503580Z,17.073993,112.157501,Cloud to Cloud,-12122,3625,8
2026-08-31T00:19:57.013916787Z,17.07562,112.127702,Cloud to Ground,-9624,0,8
2026-08-31T00:19:57.371489405Z,17.08797,112.234612,Cloud to Cloud,9995,8519,7
2026-08-31T00:19:57.723843614Z,17.087339,112.155751,Cloud to Ground,15062,0,7
2026-08-31T00:19:57.105851926Z,14.422486,132.02221,Cloud to Cloud,-12519,19116,9
2026-08-31T00:19:58.440777514Z,16.438822,128.928851,Cloud to Cloud,12975,7703,15
2026-08-31T00:19:59.677651953Z,8.247864,117.318462,Cloud to Ground,19531,0,21
2026-08-31T00:20:00.223722221Z,17.036297,127.610498,Cloud to Cloud,-18907,16949,10
2026-08-31T00:20:00.133087507Z,16.955455,127.844322,Cloud to Cloud,-9185,3979,8
2026-08-31T00:20:00.087199739Z,16.972853,127.846622,Cloud to Cloud,-8520,6052,11
2026-08-31T00:20:00.117213784Z,16.873079,127.893903,Cloud to Cloud,9223,4117,10
2026-08-31T00:20:00.030409379Z,16.857593,127.909732,Cloud to Cloud,12182,6369,8
2026-08-31T00:20:00.239573733Z,16.903399,127.682097,Cloud to Ground,-19087,0,20
2026-08-31T00:20:01.322268977Z,14.300722,134.049101,Cloud to Ground,-26176,0,18
2026-08-31T00:20:01.320352161Z,14.25635,134.125148,Cloud to Ground,-14128,0,10
2026-08-31T00:20:01.304690787Z,14.296581,134.085175,Cloud to Ground,-12437,0,12
2026-08-31T00:20:01.698526636Z,14.240158,134.106385,Cloud to Ground,-7755,0,5
2026-08-31T00:20:01.321165771Z,14.136085,134.165535,Cloud to Ground,-27671,0,8
2026-08-31T00:20:01.887295545Z,16.080279,129.467242,Cloud to Cloud,-14203,6305,7
2026-08-31T00:20:01.846991189Z,16.134346,129.421288,Cloud to Cloud,-11954,3888,15
2026-08-31T00:20:02.079480537Z,15.994462,129.531682,Cloud to Cloud,-11804,19412,8
2026-08-31T00:20:02.276182410Z,16.012349,129.452294,Cloud to Cloud,-10825,3051,7
2026-08-31T00:20:02.242469358Z,16.054503,129.50709,Cloud to Cloud,11614,3385,7
2026-08-31T00:20:02.829113612Z,15.402681,130.919669,Cloud to Ground,22656,0,10
2026-08-31T00:20:02.842100286Z,15.499607,130.940384,Cloud to Cloud,24213,7993,8
2026-08-31T00:20:02.878537971Z,15.455995,131.103998,Cloud to Cloud,-12423,3002,8
2026-08-31T00:20:02.849042793Z,15.447916,131.116202,Cloud to Cloud,-10443,12978,10
2026-08-31T00:20:03.194828796Z,10.694934,111.470511,Cloud to Ground,-56230,0,15
2026-08-31T00:20:03.196452358Z,10.658693,111.39557,Cloud to Ground,19784,0,7
2026-08-31T00:20:05.567316194Z,18.276052,114.581962,Cloud to Ground,19331,0,9
2026-08-31T00:20:05.565036743Z,18.242067,114.672589,Cloud to Cloud,11235,6177,9
2026-08-31T00:20:05.566307093Z,18.250295,114.681265,Cloud to Ground,13732,0,9
2026-08-31T00:20:06.199728804Z,4.919344,113.858986,Cloud to Ground,21651,0,17
2026-08-31T00:20:07.687502256Z,16.316859,129.086769,Cloud to Ground,-13912,0,8
2026-08-31T00:20:08.129861354Z,18.323065,114.026204,Cloud to Cloud,-25838,3018,13
2026-08-31T00:20:08.359415856Z,18.335388,114.025298,Cloud to Cloud,-19911,3060,11
2026-08-31T00:20:07.960155204Z,18.337131,113.99468,Cloud to Ground,-16499,0,8
2026-08-31T00:20:08.132258374Z,18.323187,114.003101,Cloud to Ground,17405,0,7
2026-08-31T00:20:08.350967240Z,18.300593,114.024675,Cloud to Cloud,18745,3049,8
2026-08-31T00:20:07.910980093Z,18.319218,114.009624,Cloud to Cloud,24075,7525,8
2026-08-31T00:20:08.017020019Z,18.334132,114.00767,Cloud to Ground,42196,0,21
2026-08-31T00:20:07.978706117Z,18.315571,114.00647,Cloud to Ground,46099,0,12
2026-08-31T00:20:07.860182303Z,18.339268,114.007727,Cloud to Ground,107307,0,22
2026-08-31T00:20:07.975419758Z,18.829653,116.687168,Cloud to Cloud,-12397,6652,7
2026-08-31T00:20:08.050373400Z,14.348293,133.567352,Cloud to Ground,-42992,0,25
2026-08-31T00:20:08.049705317Z,14.350167,133.554545,Cloud to Ground,-15621,0,12
2026-08-31T00:20:08.049212092Z,14.287516,133.603772,Cloud to Ground,70891,0,25
2026-08-31T00:20:08.170509458Z,18.996352,115.89947,Cloud to Ground,-28854,0,12
2026-08-31T00:20:08.173894954Z,18.99768,115.934549,Cloud to Cloud,-16156,12703,12
2026-08-31T00:20:08.593956838Z,18.98724,115.820138,Cloud to Cloud,8266,17571,7
2026-08-31T00:20:08.587017709Z,18.438488,113.950047,Cloud to Cloud,16339,12014,11
2026-08-31T00:20:09.729688898Z,18.945121,116.721939,Cloud to Ground,-19436,0,7
2026-08-31T00:20:09.682298170Z,18.966432,116.721577,Cloud to Ground,-19141,0,10
2026-08-31T00:20:09.523978014Z,19.189404,116.691536,Cloud to Cloud,-15531,8895,6
2026-08-31T00:20:10.864973311Z,16.296471,129.028594,Cloud to Cloud,-8320,3167,10
2026-08-31T00:20:11.052585550Z,14.405963,132.418226,Cloud to Cloud,-10219,4357,6
2026-08-31T00:20:11.107201714Z,14.403384,132.419751,Cloud to Cloud,-7461,3808,7
2026-08-31T00:20:11.126978560Z,14.460206,132.339929,Cloud to Cloud,-8221,5827,24
2026-08-31T00:20:11.600779191Z,19.862307,120.335693,Cloud to Cloud,7821,8662,8
2026-08-31T00:20:11.624372613Z,19.772321,120.238628,Cloud to Cloud,4871,3056,5
2026-08-31T00:20:11.601294138Z,19.803927,120.238654,Cloud to Cloud,9676,3013,6
2026-08-31T00:20:12.067093937Z,17.298947,127.186081,Cloud to Cloud,9241,10796,11
2026-08-31T00:20:12.045332065Z,17.362141,127.021663,Cloud to Ground,29247,0,10
2026-08-31T00:20:12.050425947Z,17.440539,127.119918,Cloud to Cloud,-12863,15215,18
2026-08-31T00:20:12.098179781Z,17.396791,127.135304,Cloud to Cloud,-8921,3052,8
2026-08-31T00:20:13.850238469Z,16.974794,127.874655,Cloud to Cloud,15844,4112,8
2026-08-31T00:20:14.099885441Z,19.928344,120.84479,Cloud to Ground,-44224,0,10
2026-08-31T00:20:14.240366655Z,19.912266,120.783336,Cloud to Ground,-18581,0,7
2026-08-31T00:20:14.162767845Z,19.783219,120.809713,Cloud to Ground,-11891,0,11
2026-08-31T00:20:15.155858894Z,4.801409,113.571732,Cloud to Cloud,-11799,11204,9
2026-08-31T00:20:15.244133885Z,4.704663,113.562477,Cloud to Cloud,-7252,3031,6
2026-08-31T00:20:16.420705302Z,16.093892,129.819885,Cloud to Ground,-14682,0,7
2026-08-31T00:20:16.388207455Z,16.091738,129.799763,Cloud to Ground,-12842,0,10
2026-08-31T00:20:16.774739954Z,16.120864,129.688229,Cloud to Ground,-20734,0,20
2026-08-31T00:20:18.545847611Z,14.407767,132.014756,Cloud to Ground,-20542,0,9
2026-08-31T00:20:18.781582900Z,14.42763,132.01868,Cloud to Cloud,-20436,5650,10
2026-08-31T00:20:18.208568721Z,14.301718,133.452687,Cloud to Ground,14827,0,18
2026-08-31T00:20:18.336980063Z,14.35475,133.375268,Cloud to Ground,-24434,0,16
2026-08-31T00:20:18.921810309Z,16.087141,129.514916,Cloud to Ground,-27178,0,11
2026-08-31T00:20:19.527346811Z,16.098967,129.561298,Cloud to Cloud,-16807,15679,8
2026-08-31T00:20:19.021327000Z,16.0998,129.465,Cloud to Ground,-16634,0,7
2026-08-31T00:20:19.062681384Z,16.112558,129.347896,Cloud to Ground,-14006,0,16
2026-08-31T00:20:19.610810000Z,16.1355,129.431,Cloud to Ground,-13769,0,5
2026-08-31T00:20:19.715297242Z,16.108254,129.550426,Cloud to Cloud,11654,3036,10
2026-08-31T00:20:20.038069387Z,16.110817,129.557822,Cloud to Cloud,11775,5444,10
2026-08-31T00:20:19.143437000Z,16.1203,129.5292,Cloud to Ground,39973,0,7
2026-08-31T00:20:18.854272090Z,17.423139,112.478096,Cloud to Ground,12278,0,10
2026-08-31T00:20:18.851368006Z,17.480624,112.471564,Cloud to Ground,20767,0,9
2026-08-31T00:20:19.718722041Z,15.979353,129.450467,Cloud to Cloud,-11001,13649,11
2026-08-31T00:20:21.445584144Z,16.054308,129.472764,Cloud to Cloud,10483,17110,14
2026-08-31T00:20:22.960445335Z,4.980978,113.881495,Cloud to Ground,-18954,0,10
2026-08-31T00:20:23.342467297Z,5.004516,113.836047,Cloud to Ground,-12405,0,11
2026-08-31T00:20:23.021282871Z,4.976683,113.888624,Cloud to Cloud,-8856,3016,6
2026-08-31T00:20:23.149585722Z,4.939572,113.839703,Cloud to Cloud,-7345,5433,7
2026-08-31T00:20:23.044528741Z,4.96745,113.862947,Cloud to Cloud,9970,14017,6
2026-08-31T00:20:23.043293808Z,4.945335,113.896824,Cloud to Ground,13600,0,11
2026-08-31T00:20:23.149010216Z,4.958044,113.881038,Cloud to Ground,17790,0,10
2026-08-31T00:20:23.022937806Z,4.945513,113.896436,Cloud to Ground,38041,0,32
2026-08-31T00:20:22.977261064Z,4.935655,113.887112,Cloud to Ground,53832,0,30
2026-08-31T00:20:23.083290359Z,16.194643,129.797323,Cloud to Ground,10438,0,8
2026-08-31T00:20:23.084219750Z,16.275027,129.764734,Cloud to Cloud,11844,16641,11
2026-08-31T00:20:26.557645988Z,14.229292,134.083455,Cloud to Ground,-18132,0,10
2026-08-31T00:20:26.102036600Z,14.226723,134.056193,Cloud to Ground,-10812,0,11
2026-08-31T00:20:27.102740470Z,8.279524,117.519209,Cloud to Ground,-52705,0,11
2026-08-31T00:20:27.224829744Z,8.288334,117.554426,Cloud to Ground,-12347,0,7
2026-08-31T00:20:27.977469300Z,15.54853,131.098429,Cloud to Ground,-10608,0,7
2026-08-31T00:20:27.862573377Z,15.427659,131.055097,Cloud to Cloud,13110,5326,10
2026-08-31T00:20:27.611144919Z,15.468812,131.104488,Cloud to Ground,14018,0,9
2026-08-31T00:20:27.664082278Z,15.520185,130.98108,Cloud to Ground,-9115,0,7
2026-08-31T00:20:28.159037826Z,17.027701,127.723448,Cloud to Cloud,7649,15707,12
2026-08-31T00:20:28.429099902Z,16.922343,127.817636,Cloud to Cloud,-13408,18102,10
2026-08-31T00:20:28.126550619Z,18.806381,116.712004,Cloud to Cloud,-23432,3225,10
2026-08-31T00:20:28.134326743Z,18.807787,116.716395,Cloud to Cloud,-10503,13764,9
2026-08-31T00:20:28.078339221Z,18.818916,116.721696,Cloud to Cloud,9804,3005,7
2026-08-31T00:20:28.188834412Z,19.831135,120.321961,Cloud to Cloud,6820,19745,8
2026-08-31T00:20:30.850275107Z,15.973112,129.936721,Cloud to Ground,44551,0,17
2026-08-31T00:20:33.254273011Z,18.34168,114.834813,Cloud to Ground,-34456,0,13
2026-08-31T00:20:33.278219172Z,18.338448,114.824573,Cloud to Ground,21733,0,11
2026-08-31T00:20:33.272191091Z,18.347114,114.826601,Cloud to Ground,28926,0,10
2026-08-31T00:20:33.513972179Z,19.22946,119.03641,Cloud to Cloud,9979,7489,6
2026-08-31T00:20:33.511287715Z,19.310065,119.073506,Cloud to Cloud,21599,3402,7
2026-08-31T00:20:33.532780943Z,19.219637,119.047384,Cloud to Ground,25564,0,15
2026-08-31T00:20:36.330639869Z,14.118095,133.01987,Cloud to Ground,-10136,0,7
2026-08-31T00:20:36.322148487Z,14.130207,133.013054,Cloud to Ground,-9730,0,11
2026-08-31T00:20:38.248619945Z,16.316687,128.995016,Cloud to Cloud,10891,3049,7
2026-08-31T00:20:38.092850257Z,16.311107,128.986048,Cloud to Cloud,20854,17730,12
2026-08-31T00:20:38.954112031Z,19.773863,120.235815,Cloud to Cloud,5214,3155,7
2026-08-31T00:20:39.715201983Z,16.033607,129.55508,Cloud to Cloud,-13174,19687,11
2026-08-31T00:20:39.514370189Z,16.052968,129.529005,Cloud to Cloud,-11975,3154,6
2026-08-31T00:20:39.824084487Z,16.023041,129.54022,Cloud to Cloud,-11810,5391,7
2026-08-31T00:20:39.705878565Z,16.054668,129.521809,Cloud to Cloud,-8456,3622,12
2026-08-31T00:20:39.513319496Z,16.04009,129.352692,Cloud to Ground,7281,0,9
2026-08-31T00:20:39.417734212Z,16.004087,129.438363,Cloud to Cloud,8097,4311,8
2026-08-31T00:20:39.573753961Z,16.028441,129.519452,Cloud to Ground,31751,0,14
2026-08-31T00:20:39.772389037Z,16.107404,129.666002,Cloud to Ground,-24106,0,10
2026-08-31T00:20:39.479097036Z,15.953584,129.872466,Cloud to Ground,-10518,0,7
2026-08-31T00:20:40.870125497Z,15.473078,131.033756,Cloud to Cloud,-33246,3067,14
2026-08-31T00:20:40.894302945Z,15.48161,131.108511,Cloud to Cloud,-27820,3039,21
2026-08-31T00:20:41.005146076Z,15.479429,131.023876,Cloud to Cloud,-26533,3035,12
2026-08-31T00:20:40.918149504Z,15.482382,131.040923,Cloud to Ground,-16752,0,14
2026-08-31T00:20:41.269893706Z,15.408321,130.987477,Cloud to Cloud,-15412,6062,14
2026-08-31T00:20:40.884227927Z,15.476251,131.092715,Cloud to Cloud,-13010,3022,9
2026-08-31T00:20:41.287343436Z,15.469545,130.99524,Cloud to Ground,-12582,0,12
2026-08-31T00:20:41.275327341Z,15.407606,130.980078,Cloud to Cloud,-10268,4763,9
2026-08-31T00:20:40.972927580Z,15.495063,130.952831,Cloud to Cloud,11990,4849,16
2026-08-31T00:20:41.045809963Z,4.975875,113.888404,Cloud to Cloud,26264,5548,7
2026-08-31T00:20:41.036543108Z,15.298248,130.869582,Cloud to Ground,-19794,0,20
2026-08-31T00:20:41.194185762Z,14.226474,134.167214,Cloud to Ground,-16086,0,12
2026-08-31T00:20:40.857021250Z,14.245461,134.129871,Cloud to Cloud,10787,5999,6
2026-08-31T00:20:41.512250924Z,18.725705,115.655767,Cloud to Cloud,-10252,3017,8
2026-08-31T00:20:42.647881455Z,16.473557,128.728829,Cloud to Ground,-9740,0,9
2026-08-31T00:20:43.408551955Z,18.244768,114.067625,Cloud to Ground,-23884,0,10
2026-08-31T00:20:44.892763107Z,16.27448,128.97691,Cloud to Cloud,22527,7661,12
2026-08-31T00:20:44.421252269Z,19.112164,118.798979,Cloud to Cloud,-7942,3108,10
2026-08-31T00:20:44.425639988Z,19.101974,118.791511,Cloud to Cloud,9820,4636,7
2026-08-31T00:20:44.430419359Z,19.096009,118.785529,Cloud to Cloud,14548,3021,11
2026-08-31T00:20:45.884679989Z,19.296217,119.601257,Cloud to Cloud,7789,5778,6
2026-08-31T00:20:45.890293294Z,19.295252,119.588999,Cloud to Cloud,8323,7205,7
2026-08-31T00:20:46.977192281Z,16.076767,129.823002,Cloud to Cloud,10756,3089,8
2026-08-31T00:20:46.560904896Z,16.053534,129.69903,Cloud to Cloud,8843,3031,9
2026-08-31T00:20:46.642878942Z,18.933527,115.834351,Cloud to Ground,-18922,0,8
2026-08-31T00:20:46.857780917Z,18.931447,115.827459,Cloud to Ground,-7747,0,7
2026-08-31T00:20:48.633748392Z,19.730911,119.940059,Cloud to Ground,-127215,0,13
2026-08-31T00:20:48.770699756Z,19.720353,119.935037,Cloud to Ground,-55764,0,13
2026-08-31T00:20:48.720622428Z,19.727747,119.934081,Cloud to Ground,-53177,0,16
2026-08-31T00:20:49.412663289Z,19.718502,119.909376,Cloud to Ground,-28556,0,8
2026-08-31T00:20:48.676951000Z,19.724,119.9033,Cloud to Ground,-14053,0,5
2026-08-31T00:20:48.801759000Z,19.6916,119.8648,Cloud to Ground,10935,0,5
2026-08-31T00:20:49.175684849Z,16.938078,127.833369,Cloud to Ground,65175,0,14
2026-08-31T00:20:50.812101501Z,14.351324,132.367229,Cloud to Ground,-17002,0,15
2026-08-31T00:20:50.920871517Z,14.39024,132.353262,Cloud to Cloud,-8578,4491,6
2026-08-31T00:20:50.668032599Z,14.383022,132.352375,Cloud to Cloud,13872,6993,18
2026-08-31T00:20:50.650050220Z,14.269879,132.395559,Cloud to Cloud,15901,4070,10
2026-08-31T00:20:52.484173450Z,19.783874,120.261178,Cloud to Cloud,6089,19926,6
2026-08-31T00:20:52.510195255Z,19.785519,120.256511,Cloud to Cloud,6648,3009,7
2026-08-31T00:20:52.456031956Z,19.791525,120.236113,Cloud to Cloud,6850,18580,5
2026-08-31T00:20:52.444920129Z,19.789523,120.236022,Cloud to Cloud,7072,19971,5
2026-08-31T00:20:52.473920920Z,19.767534,120.214673,Cloud to Cloud,7736,5293,6
2026-08-31T00:20:52.402996075Z,19.800596,120.229644,Cloud to Cloud,8152,7363,6
2026-08-31T00:20:52.422596856Z,19.803141,120.246697,Cloud to Cloud,8749,3005,7
2026-08-31T00:20:52.452569354Z,19.803942,120.246477,Cloud to Cloud,9389,3002,6
2026-08-31T00:20:52.453745190Z,19.877484,120.268964,Cloud to Cloud,9524,12684,9
2026-08-31T00:20:54.644660605Z,15.554426,131.047094,Cloud to Cloud,-15204,6202,8
2026-08-31T00:20:54.672992554Z,15.450221,131.11824,Cloud to Cloud,-11480,3182,9
2026-08-31T00:20:54.743555221Z,15.497166,131.088695,Cloud to Ground,9871,0,6
2026-08-31T00:20:55.535637588Z,14.363056,133.349261,Cloud to Ground,-25251,0,13
2026-08-31T00:20:55.653262949Z,14.48984,133.298904,Cloud to Ground,-20311,0,17
2026-08-31T00:20:55.980359097Z,14.478903,132.582435,Cloud to Cloud,14381,6561,12
2026-08-31T00:20:55.981272402Z,14.46767,132.602894,Cloud to Ground,34250,0,16
2026-08-31T00:20:55.227278206Z,17.040667,112.150696,Cloud to Ground,11788,0,8
2026-08-31T00:20:55.195299013Z,17.173922,112.277082,Cloud to Cloud,10769,17258,6
2026-08-31T00:20:55.204164548Z,17.182281,112.286817,Cloud to Ground,19068,0,9
2026-08-31T00:20:55.198951595Z,17.174219,112.297557,Cloud to Ground,19825,0,9
2026-08-31T00:20:55.200140202Z,17.169853,112.292205,Cloud to Ground,20931,0,7
2026-08-31T00:20:55.197876076Z,17.160667,112.299529,Cloud to Ground,24595,0,6
2026-08-31T00:20:55.595278725Z,19.36303,120.003156,Cloud to Cloud,7472,9891,6
2026-08-31T00:20:55.590173815Z,19.372099,119.997624,Cloud to Cloud,11524,11182,7
2026-08-31T00:20:55.611400354Z,19.400518,120.081421,Cloud to Cloud,12534,13945,7
2026-08-31T00:20:55.244310128Z,17.284775,127.05856,Cloud to Cloud,-13815,18286,8
2026-08-31T00:20:55.230252375Z,17.307559,127.012953,Cloud to Cloud,-10325,7547,13
2026-08-31T00:20:55.461459303Z,17.214492,127.068931,Cloud to Ground,-9831,0,9
2026-08-31T00:20:55.237517756Z,17.228146,127.044664,Cloud to Cloud,8821,3066,8
2026-08-31T00:20:56.083017618Z,15.971766,129.927927,Cloud to Cloud,15372,19245,8
2026-08-31T00:20:56.088794365Z,16.868976,127.955751,Cloud to Cloud,13755,3056,14
2026-08-31T00:20:56.669561361Z,16.968048,128.005149,Cloud to Cloud,-10735,10344,6
2026-08-31T00:20:56.812948014Z,19.343769,120.065261,Cloud to Ground,-32597,0,11
2026-08-31T00:20:56.750864172Z,14.295376,134.016978,Cloud to Ground,-22837,0,16
2026-08-31T00:20:56.839078142Z,14.292897,134.097782,Cloud to Ground,-13805,0,12
2026-08-31T00:20:56.921579643Z,14.254572,134.135753,Cloud to Cloud,-10634,3547,9
2026-08-31T00:20:57.072782316Z,14.242062,134.090279,Cloud to Ground,16088,0,13
2026-08-31T00:20:56.919927327Z,14.235391,134.112673,Cloud to Ground,30816,0,18
2026-08-31T00:20:56.838366418Z,14.237211,134.097842,Cloud to Ground,56969,0,24
2026-08-31T00:20:57.069837543Z,14.238412,134.109304,Cloud to Ground,65222,0,19
2026-08-31T00:21:00.012027226Z,18.833795,116.680099,Cloud to Cloud,-26887,3016,12
2026-08-31T00:21:00.084077558Z,18.833833,116.680417,Cloud to Ground,-25663,0,12
2026-08-31T00:20:59.939746884Z,18.836954,116.681464,Cloud to Ground,-22959,0,8
2026-08-31T00:21:00.362810005Z,18.836757,116.681932,Cloud to Ground,-5656,0,6
2026-08-31T00:21:00.339252000Z,18.8473,116.6132,Cloud to Ground,39946,0,10
2026-08-31T00:21:02.913467203Z,4.944914,113.854606,Cloud to Cloud,-13940,3364,7
2026-08-31T00:21:02.933100076Z,5.010273,113.824249,Cloud to Ground,-10428,0,10
2026-08-31T00:21:02.720296485Z,16.033449,129.518569,Cloud to Cloud,-9466,13886,7
2026-08-31T00:21:02.973917585Z,16.068981,129.484291,Cloud to Cloud,-8113,4882,9
2026-08-31T00:21:02.679266384Z,15.997429,129.542782,Cloud to Ground,9835,0,10
2026-08-31T00:21:02.354991281Z,18.319846,114.661734,Cloud to Ground,-13210,0,11
2026-08-31T00:21:02.306349541Z,18.304695,114.68053,Cloud to Ground,-12545,0,13
2026-08-31T00:21:02.289743394Z,18.262552,114.598748,Cloud to Ground,-11763,0,9
2026-08-31T00:21:02.532500101Z,18.324681,114.684963,Cloud to Ground,-6336,0,7
2026-08-31T00:21:03.763325948Z,16.293731,129.045937,Cloud to Cloud,-10835,7651,7
2026-08-31T00:21:03.238833583Z,19.511105,114.114829,Cloud to Cloud,-15725,9269,9
2026-08-31T00:21:03.807402955Z,19.272715,116.63881,Cloud to Cloud,9728,4855,9
2026-08-31T00:21:03.783550017Z,19.319871,116.663012,Cloud to Cloud,10377,3001,6
2026-08-31T00:21:03.807907593Z,19.260065,116.733302,Cloud to Ground,28582,0,9
2026-08-31T00:21:03.609291886Z,18.296481,114.662228,Cloud to Ground,25406,0,14
2026-08-31T00:21:04.655328872Z,17.357702,127.147544,Cloud to Ground,-12433,0,11
2026-08-31T00:21:04.660409300Z,17.240628,127.133916,Cloud to Ground,-69698,0,18
2026-08-31T00:21:04.785748676Z,17.240296,127.143837,Cloud to Ground,-22025,0,12
2026-08-31T00:21:04.686192874Z,17.270938,127.100113,Cloud to Ground,-11622,0,7
2026-08-31T00:21:05.367953770Z,19.586936,115.678593,Cloud to Cloud,-11560,3009,12
2026-08-31T00:21:05.368387000Z,19.6064,115.6113,Cloud to Ground,28049,0,6
2026-08-31T00:21:06.577968977Z,18.294788,114.069277,Cloud to Cloud,-9945,3011,9
2026-08-31T00:21:06.293154110Z,18.300167,114.066601,Cloud to Cloud,-6152,3033,6
2026-08-31T00:21:06.825170347Z,16.419776,128.954769,Cloud to Cloud,-11702,3045,8
2026-08-31T00:21:07.324503982Z,15.476714,131.044664,Cloud to Ground,-17263,0,11
2026-08-31T00:21:08.091506428Z,14.458853,132.00643,Cloud to Cloud,-9116,3015,13
2026-08-31T00:21:09.242842335Z,19.810042,120.245254,Cloud to Cloud,7920,3002,7
2026-08-31T00:21:09.271501100Z,19.752695,120.300079,Cloud to Cloud,19111,6658,8
2026-08-31T00:21:10.747776582Z,15.867202,129.909011,Cloud to Cloud,9353,3045,7
2026-08-31T00:21:10.794332692Z,16.013977,129.875992,Cloud to Cloud,-6795,3409,12
2026-08-31T00:21:12.513119000Z,18.724,118.2841,Cloud to Ground,42469,0,6
2026-08-31T00:21:14.103082351Z,14.565165,133.073948,Cloud to Ground,-43424,0,18
2026-08-31T00:21:14.119564029Z,14.559275,133.085639,Cloud to Ground,-15404,0,7
2026-08-31T00:21:14.104393594Z,14.552255,133.044081,Cloud to Ground,-10932,0,8
2026-08-31T00:21:14.102220830Z,14.486568,133.116781,Cloud to Ground,55264,0,15
2026-08-31T00:21:15.202268355Z,17.033786,112.024757,Cloud to Ground,44358,0,9
2026-08-31T00:21:18.574594405Z,5.013612,113.861565,Cloud to Ground,-25532,0,20
2026-08-31T00:21:18.955556437Z,4.732532,113.588132,Cloud to Ground,16507,0,8
2026-08-31T00:21:18.700544059Z,14.243061,133.883808,Cloud to Ground,-10616,0,8
2026-08-31T00:21:18.184053554Z,10.723212,111.507514,Cloud to Ground,-9538,0,12
2026-08-31T00:21:18.078275647Z,10.694634,111.434009,Cloud to Cloud,9019,7374,7
2026-08-31T00:21:18.075384123Z,10.677936,111.440691,Cloud to Ground,30004,0,8
2026-08-31T00:21:20.311698658Z,15.468731,131.098721,Cloud to Cloud,-11737,3136,12
2026-08-31T00:21:20.888367632Z,15.500739,131.05958,Cloud to Ground,21930,0,12
2026-08-31T00:21:20.468074384Z,16.229687,129.552419,Cloud to Cloud,13290,3304,9
2026-08-31T00:21:20.006321799Z,16.093955,129.527564,Cloud to Ground,-11908,0,8
2026-08-31T00:21:20.465729995Z,16.240473,129.682678,Cloud to Cloud,-10480,10508,12
2026-08-31T00:21:20.464901276Z,16.23231,129.694436,Cloud to Cloud,-10425,11495,14
2026-08-31T00:21:20.480534473Z,16.221601,129.700387,Cloud to Cloud,-8131,6159,10
2026-08-31T00:21:20.652454030Z,16.257333,129.75941,Cloud to Ground,-7210,0,7
2026-08-31T00:21:20.180297507Z,16.249291,129.777067,Cloud to Ground,16949,0,15
2026-08-31T00:21:20.649285540Z,16.128099,129.795842,Cloud to Cloud,-9778,3405,8
2026-08-31T00:21:20.645934021Z,16.12133,129.783746,Cloud to Cloud,13761,3013,6
2026-08-31T00:21:20.462896075Z,16.118961,129.76058,Cloud to Cloud,15317,15762,10
2026-08-31T00:21:19.969163000Z,17.4748,112.528,Cloud to Ground,-19435,0,7
2026-08-31T00:21:20.000822720Z,17.461627,112.478292,Cloud to Ground,27339,0,10
2026-08-31T00:21:21.123812254Z,16.049214,129.864933,Cloud to Ground,-8562,0,10
2026-08-31T00:21:23.310412361Z,14.238975,134.123138,Cloud to Cloud,-18435,16648,12
2026-08-31T00:21:23.371918714Z,14.281314,134.081367,Cloud to Ground,-11337,0,12
2026-08-31T00:21:24.242017119Z,16.966031,127.899987,Cloud to Ground,-37558,0,14
2026-08-31T00:21:24.121645414Z,16.952929,127.900639,Cloud to Ground,-29043,0,14
2026-08-31T00:21:24.189976703Z,16.965162,127.886103,Cloud to Ground,-21712,0,13
2026-08-31T00:21:24.644721112Z,16.966918,127.910285,Cloud to Ground,-11180,0,6
2026-08-31T00:21:24.184094502Z,16.963109,127.902389,Cloud to Ground,21785,0,13
2026-08-31T00:21:24.864482746Z,16.62487,128.585256,Cloud to Ground,-20033,0,7
2026-08-31T00:21:26.471553563Z,16.880942,128.227618,Cloud to Cloud,-9560,18077,10
2026-08-31T00:21:26.466310076Z,16.854603,128.241501,Cloud to Ground,9523,0,7
2026-08-31T00:21:26.465826968Z,16.824908,128.252235,Cloud to Cloud,21183,3106,16
2026-08-31T00:21:26.465266837Z,16.913988,128.21417,Cloud to Ground,24892,0,10
2026-08-31T00:21:26.898962901Z,19.668429,120.239782,Cloud to Cloud,6722,11327,7
2026-08-31T00:21:26.936976834Z,19.802502,120.248595,Cloud to Cloud,4733,3032,6
2026-08-31T00:21:27.337870703Z,14.465453,132.363928,Cloud to Ground,-14913,0,18
2026-08-31T00:21:27.358870416Z,14.390089,132.284008,Cloud to Cloud,-7811,3004,7
2026-08-31T00:21:27.575229468Z,14.410854,132.302092,Cloud to Ground,-7492,0,7
2026-08-31T00:21:28.114248198Z,18.174581,120.907768,Cloud to Cloud,8059,5984,7
2026-08-31T00:21:29.706868693Z,17.098347,112.274534,Cloud to Ground,-41608,0,14
2026-08-31T00:21:29.782148939Z,17.083093,112.263238,Cloud to Ground,-40299,0,14
2026-08-31T00:21:30.088129130Z,17.083801,112.265061,Cloud to Ground,-24551,0,12
2026-08-31T00:21:29.807957304Z,17.074685,112.269799,Cloud to Cloud,14490,17143,6
2026-08-31T00:21:30.020069736Z,17.104152,112.292024,Cloud to Ground,17103,0,10
2026-08-31T00:21:29.925678834Z,17.102303,112.277456,Cloud to Ground,23949,0,16
2026-08-31T00:21:29.877099243Z,17.08695,112.267027,Cloud to Ground,46750,0,14
2026-08-31T00:21:29.157370356Z,18.807612,116.714595,Cloud to Ground,-20011,0,8
2026-08-31T00:21:29.036146129Z,18.806657,116.717075,Cloud to Ground,-8781,0,6
2026-08-31T00:21:30.352622001Z,14.160328,133.111252,Cloud to Ground,13226,0,7
2026-08-31T00:21:30.155025464Z,17.09296,112.144793,Cloud to Ground,-29841,0,12
2026-08-31T00:21:30.243471000Z,16.9845,112.181,Cloud to Ground,25649,0,5
2026-08-31T00:21:31.481654123Z,14.548147,132.210005,Cloud to Cloud,-10805,3009,11
2026-08-31T00:21:31.603501044Z,14.485226,132.219182,Cloud to Cloud,11544,3029,13
2026-08-31T00:21:31.464501896Z,14.440671,132.171364,Cloud to Cloud,25813,16554,9
2026-08-31T00:21:31.469228627Z,14.356988,131.884717,Cloud to Ground,-93534,0,18
2026-08-31T00:21:31.617883343Z,16.43146,128.935678,Cloud to Ground,-7919,0,9
2026-08-31T00:21:32.078403724Z,18.893719,115.670317,Cloud to Cloud,13868,5864,7
2026-08-31T00:21:32.081749958Z,18.766505,115.744926,Cloud to Cloud,-18813,4194,7
2026-08-31T00:21:32.081107303Z,18.779607,115.751913,Cloud to Ground,-9652,0,6
2026-08-31T00:21:32.247471430Z,18.50672,114.923948,Cloud to Cloud,7542,3664,6
2026-08-31T00:21:32.241980982Z,18.522943,115.028582,Cloud to Ground,17825,0,11
2026-08-31T00:21:32.240638381Z,18.506212,115.122853,Cloud to Cloud,8454,7712,8
2026-08-31T00:21:33.282354136Z,9.850401,119.385902,Cloud to Ground,-30114,0,9
2026-08-31T00:21:35.700817781Z,18.852368,116.701538,Cloud to Ground,21915,0,15
2026-08-31T00:21:37.877482552Z,14.217666,133.993053,Cloud to Ground,28739,0,19
2026-08-31T00:21:37.952340756Z,15.940644,129.917395,Cloud to Cloud,-11052,3429,10
2026-08-31T00:21:37.500802492Z,16.152442,129.509772,Cloud to Ground,-32143,0,19
2026-08-31T00:21:37.257706984Z,16.072943,129.521012,Cloud to Ground,-22240,0,11
2026-08-31T00:21:37.142070037Z,16.075959,129.365082,Cloud to Ground,-22191,0,22
2026-08-31T00:21:37.208469239Z,16.070159,129.376891,Cloud to Ground,-19844,0,20
2026-08-31T00:21:37.501405577Z,16.088003,129.495126,Cloud to Ground,-17845,0,10
2026-08-31T00:21:37.698001877Z,16.107256,129.43106,Cloud to Ground,-14231,0,19
2026-08-31T00:21:37.327228726Z,16.103068,129.416111,Cloud to Ground,-13485,0,14
2026-08-31T00:21:37.615115891Z,16.100369,129.408704,Cloud to Ground,-10413,0,10
2026-08-31T00:21:37.923450189Z,16.076491,129.550801,Cloud to Ground,11997,0,10
2026-08-31T00:21:37.575876580Z,18.815522,116.692823,Cloud to Cloud,-8210,6444,7
2026-08-31T00:21:38.062774665Z,16.060265,129.685989,Cloud to Ground,9167,0,7
2026-08-31T00:21:38.428672135Z,17.067316,112.147824,Cloud to Cloud,10070,3623,8
2026-08-31T00:21:38.498809357Z,17.072202,112.250113,Cloud to Ground,12261,0,9
2026-08-31T00:21:39.977357854Z,16.915843,127.828095,Cloud to Cloud,19609,18280,9
2026-08-31T00:21:41.599896264Z,15.435334,131.105831,Cloud to Cloud,-12662,3035,6
2026-08-31T00:21:41.652146344Z,15.388048,131.13386,Cloud to Cloud,15702,11616,9
2026-08-31T00:21:44.159750416Z,16.055024,129.472055,Cloud to Cloud,-22035,6848,14
2026-08-31T00:21:44.017860378Z,16.035182,129.479209,Cloud to Cloud,-8820,16770,11
2026-08-31T00:21:45.499606949Z,19.965611,120.916903,Cloud to Ground,-135608,0,11
2026-08-31T00:21:45.910736583Z,19.972481,120.921278,Cloud to Ground,-48408,0,20
2026-08-31T00:21:45.803933731Z,19.971337,120.928272,Cloud to Ground,-47923,0,15
2026-08-31T00:21:45.745478961Z,19.973437,120.943746,Cloud to Ground,-44853,0,14
2026-08-31T00:21:45.585082127Z,19.976511,120.918236,Cloud to Ground,-36177,0,16
2026-08-31T00:21:45.558183490Z,19.975396,120.912928,Cloud to Ground,-35482,0,11
2026-08-31T00:21:45.839162053Z,19.971486,120.921716,Cloud to Ground,-25534,0,8
2026-08-31T00:21:45.644380025Z,19.989719,120.927765,Cloud to Ground,-19667,0,11
2026-08-31T00:21:45.520037923Z,19.965252,120.843048,Cloud to Ground,18791,0,16
2026-08-31T00:21:46.116074843Z,19.380285,120.003502,Cloud to Cloud,7487,3005,6
2026-08-31T00:21:46.260590457Z,19.795881,120.242995,Cloud to Cloud,7126,10457,5
2026-08-31T00:21:46.334933218Z,19.79324,120.260295,Cloud to Cloud,7828,16545,5
2026-08-31T00:21:46.296654482Z,19.802067,120.244372,Cloud to Cloud,8424,7938,5
2026-08-31T00:21:46.458930525Z,19.749115,120.228321,Cloud to Cloud,9055,8865,6
2026-08-31T00:21:47.785329270Z,18.80871,116.707194,Cloud to Cloud,-11570,3021,7
2026-08-31T00:21:48.935527741Z,18.739535,115.680181,Cloud to Ground,-15151,0,11
2026-08-31T00:21:49.425809065Z,16.948117,127.899084,Cloud to Cloud,-18509,18772,8
2026-08-31T00:21:49.183831147Z,19.324189,116.614415,Cloud to Cloud,-14970,3005,8
2026-08-31T00:21:49.193102241Z,19.258051,116.637425,Cloud to Cloud,-8897,3002,6
2026-08-31T00:21:48.859580918Z,19.379439,116.677537,Cloud to Cloud,10509,3016,12
2026-08-31T00:21:50.061529443Z,14.440799,131.900155,Cloud to Cloud,6063,5408,7
2026-08-31T00:21:50.220564633Z,16.371377,129.035632,Cloud to Cloud,11728,4445,9
2026-08-31T00:21:50.221633304Z,16.258898,129.062681,Cloud to Ground,12839,0,9
2026-08-31T00:21:51.541036817Z,16.377903,128.977704,Cloud to Ground,23498,0,14
2026-08-31T00:21:51.573223409Z,16.40948,128.77528,Cloud to Ground,12741,0,7
2026-08-31T00:21:52.668542331Z,16.473176,128.910831,Cloud to Ground,17066,0,13
2026-08-31T00:21:53.476134150Z,4.80988,113.5853,Cloud to Ground,-31893,0,20
2026-08-31T00:21:53.447729558Z,4.818772,113.629385,Cloud to Cloud,-14242,4541,8
2026-08-31T00:21:53.449446492Z,4.768637,113.585687,Cloud to Cloud,11866,3133,6
2026-08-31T00:21:53.752212354Z,8.320541,117.379356,Cloud to Cloud,-12938,19885,8
2026-08-31T00:21:53.296240163Z,8.232363,117.39256,Cloud to Ground,9387,0,8
2026-08-31T00:21:53.305557076Z,14.244928,133.910996,Cloud to Ground,-13294,0,21
2026-08-31T00:21:53.232018683Z,14.251575,133.944695,Cloud to Ground,-13074,0,18
2026-08-31T00:21:53.333269297Z,14.233104,134.10614,Cloud to Ground,18503,0,12
2026-08-31T00:21:53.241989946Z,18.293625,114.067012,Cloud to Ground,-8184,0,7
2026-08-31T00:21:54.539317722Z,14.210252,133.894765,Cloud to Ground,-22275,0,7
2026-08-31T00:21:54.612028889Z,14.211719,134.078333,Cloud to Ground,-16974,0,19
2026-08-31T00:21:54.516647082Z,14.194115,134.057296,Cloud to Ground,-12213,0,7
2026-08-31T00:21:54.530662422Z,14.183249,134.035716,Cloud to Ground,12207,0,11
2026-08-31T00:21:55.641441043Z,15.493659,131.070161,Cloud to Cloud,-30075,15554,12
2026-08-31T00:21:55.497905172Z,15.495783,131.074441,Cloud to Ground,-27246,0,12
2026-08-31T00:21:55.456179040Z,15.482109,131.103614,Cloud to Ground,-10483,0,12
2026-08-31T00:21:55.491865318Z,15.502987,131.099146,Cloud to Ground,-15740,0,6
2026-08-31T00:21:55.581870070Z,15.480191,131.096603,Cloud to Ground,32046,0,13
2026-08-31T00:21:55.545856215Z,15.508671,130.869762,Cloud to Ground,-47015,0,23
2026-08-31T00:21:55.399823680Z,15.458291,130.922964,Cloud to Cloud,-37312,4817,27
2026-08-31T00:21:55.461702550Z,15.512074,130.899428,Cloud to Ground,-28494,0,13
2026-08-31T00:21:55.749897298Z,15.513558,130.932935,Cloud to Ground,-27690,0,30
2026-08-31T00:21:56.231760631Z,15.487511,130.916894,Cloud to Ground,-10547,0,16
2026-08-31T00:21:55.813302852Z,16.925102,127.812336,Cloud to Ground,52964,0,13
2026-08-31T00:21:56.846032088Z,15.500477,131.119131,Cloud to Cloud,-9909,3012,10
2026-08-31T00:21:57.118107835Z,17.364888,126.878869,Cloud to Cloud,5497,4665,9
2026-08-31T00:21:58.825835306Z,4.824511,113.839851,Cloud to Cloud,-9942,18379,5
2026-08-31T00:21:59.727725112Z,16.008589,129.898209,Cloud to Cloud,-9812,12621,11
2026-08-31T00:21:59.738088695Z,16.000247,129.768266,Cloud to Cloud,8422,19984,7
2026-08-31T00:21:59.229785433Z,19.798831,120.455084,Cloud to Cloud,-7914,10464,7
2026-08-31T00:21:59.062752372Z,19.848214,120.149275,Cloud to Ground,26071,0,11
2026-08-31T00:21:59.098836322Z,19.785273,120.258611,Cloud to Cloud,-6573,15662,5
2026-08-31T00:21:59.003939781Z,19.801712,120.261639,Cloud to Cloud,7704,12270,5
2026-08-31T00:21:59.085682481Z,19.785107,120.262,Cloud to Cloud,11026,13618,7
2026-08-31T00:21:59.110679803Z,19.78344,120.251759,Cloud to Ground,18658,0,9
2026-08-31T00:22:00.076830923Z,14.233432,134.648621,Cloud to Ground,-120273,0,16
2026-08-31T00:22:00.022277122Z,14.300846,134.63341,Cloud to Ground,-16878,0,18
2026-08-31T00:22:00.046915510Z,14.28749,134.606779,Cloud to Ground,-11066,0,12
2026-08-31T00:22:00.121161405Z,14.228376,134.671367,Cloud to Ground,47864,0,12
2026-08-31T00:22:01.331466701Z,16.399989,128.829509,Cloud to Ground,-14051,0,9
2026-08-31T00:22:01.330993621Z,16.379736,128.830073,Cloud to Cloud,-7783,14835,7
2026-08-31T00:22:01.244930126Z,16.459536,128.785875,Cloud to Ground,14126,0,7
2026-08-31T00:22:01.268956489Z,17.004551,112.193203,Cloud to Ground,-30472,0,12
2026-08-31T00:22:02.227384339Z,15.389831,130.889143,Cloud to Ground,-14004,0,8
2026-08-31T00:22:03.593717174Z,18.356123,114.838437,Cloud to Cloud,-27338,3016,12
2026-08-31T00:22:03.613929213Z,18.338265,114.748218,Cloud to Ground,17169,0,8
2026-08-31T00:22:03.592841474Z,18.354791,114.757148,Cloud to Ground,20579,0,11
2026-08-31T00:22:03.969705925Z,16.057928,129.791098,Cloud to Ground,-60283,0,17
2026-08-31T00:22:04.033759786Z,16.120309,129.724561,Cloud to Cloud,-7280,11425,8
2026-08-31T00:22:04.025757454Z,16.068108,129.802742,Cloud to Cloud,9445,5469,7
2026-08-31T00:22:04.042032266Z,16.125727,129.794572,Cloud to Cloud,11095,7281,11
2026-08-31T00:22:04.035328867Z,16.111685,129.786613,Cloud to Ground,18585,0,14
2026-08-31T00:22:03.522211009Z,18.941604,116.707601,Cloud to Cloud,14494,3624,7
2026-08-31T00:22:03.456543383Z,18.832147,116.710991,Cloud to Cloud,-14378,5022,12
2026-08-31T00:22:03.412657443Z,18.835856,116.703006,Cloud to Cloud,8715,19891,5
2026-08-31T00:22:04.728074437Z,14.513869,131.957604,Cloud to Ground,-8597,0,13
2026-08-31T00:22:04.046974578Z,16.061021,129.62249,Cloud to Ground,-16728,0,13
2026-08-31T00:22:05.769344196Z,14.131604,133.034003,Cloud to Ground,14792,0,9
2026-08-31T00:22:05.523088614Z,14.406373,133.763044,Cloud to Ground,-17664,0,10
2026-08-31T00:22:05.924454865Z,14.290818,133.70332,Cloud to Ground,-25785,0,13
2026-08-31T00:22:05.931450233Z,14.242048,133.71065,Cloud to Ground,-18662,0,6
2026-08-31T00:22:05.926372838Z,14.27109,133.702314,Cloud to Ground,-17856,0,16
2026-08-31T00:22:05.456341319Z,14.363553,133.664727,Cloud to Ground,-11337,0,18
2026-08-31T00:22:06.666432503Z,18.954895,118.732352,Cloud to Cloud,6922,3258,6
2026-08-31T00:22:06.510277693Z,19.103075,118.822626,Cloud to Cloud,-22342,18076,10
2026-08-31T00:22:06.514037535Z,19.150928,118.887326,Cloud to Cloud,9835,15004,7
2026-08-31T00:22:06.508123038Z,19.191436,118.81889,Cloud to Cloud,20264,16092,9
2026-08-31T00:22:06.508696826Z,19.095386,118.811303,Cloud to Cloud,22406,3001,16
2026-08-31T00:22:06.689137288Z,19.122767,118.794089,Cloud to Cloud,24246,3005,11
2026-08-31T00:22:06.722146684Z,17.107444,112.303448,Cloud to Ground,17665,0,7
2026-08-31T00:22:06.364534468Z,17.062116,112.212841,Cloud to Ground,-13968,0,7
2026-08-31T00:22:07.872004984Z,4.75176,113.598861,Cloud to Ground,24646,0,14
2026-08-31T00:22:07.964164816Z,20.480488,120.883645,Cloud to Cloud,-7426,17333,7
2026-08-31T00:22:07.905226518Z,20.397913,120.889028,Cloud to Cloud,5961,3045,8
2026-08-31T00:22:08.607555424Z,18.318484,114.767023,Cloud to Ground,-12151,0,8
2026-08-31T00:22:08.419208757Z,18.283675,114.663706,Cloud to Ground,8307,0,9
2026-08-31T00:22:10.131687249Z,4.934323,113.863598,Cloud to Cloud,-9738,3096,8
2026-08-31T00:22:10.436653364Z,17.322918,127.061338,Cloud to Ground,-16550,0,8
2026-08-31T00:22:10.426012703Z,17.325928,126.993756,Cloud to Cloud,-7899,16680,7
2026-08-31T00:22:10.703321003Z,18.264121,114.076679,Cloud to Ground,-65909,0,9
2026-08-31T00:22:10.837731546Z,18.278674,114.072977,Cloud to Ground,-27129,0,11
2026-08-31T00:22:10.797030357Z,18.264767,114.076132,Cloud to Ground,-24063,0,9
2026-08-31T00:22:10.871071330Z,18.281464,114.074817,Cloud to Ground,-11946,0,8
2026-08-31T00:22:12.634721684Z,16.041589,129.525004,Cloud to Ground,14031,0,8
2026-08-31T00:22:12.795183971Z,15.987323,129.669174,Cloud to Cloud,14531,13960,9
2026-08-31T00:22:12.357702548Z,16.028434,129.404755,Cloud to Cloud,-9038,3091,13
2026-08-31T00:22:13.062300353Z,16.207929,129.092548,Cloud to Cloud,19437,7480,9
2026-08-31T00:22:13.128096016Z,16.320907,129.061567,Cloud to Cloud,-7160,3030,14
2026-08-31T00:22:13.211240552Z,16.30908,129.062638,Cloud to Cloud,-6070,3020,9
2026-08-31T00:22:13.250341022Z,16.310672,129.061051,Cloud to Ground,-5827,0,6
2026-08-31T00:22:15.318512323Z,17.517711,112.519247,Cloud to Ground,33150,0,11
2026-08-31T00:22:15.169858134Z,17.469739,112.619714,Cloud to Ground,-50025,0,12
2026-08-31T00:22:15.198163056Z,17.455073,112.622982,Cloud to Ground,-22697,0,11
2026-08-31T00:22:16.584364795Z,14.374939,132.391935,Cloud to Cloud,-11140,12932,7
2026-08-31T00:22:16.583812000Z,14.4091,132.2884,Cloud to Ground,-19577,0,9
2026-08-31T00:22:16.107894979Z,16.937223,127.812809,Cloud to Ground,29585,0,9
2026-08-31T00:22:16.889985823Z,19.795022,120.247299,Cloud to Cloud,4251,17192,6
2026-08-31T00:22:16.894687633Z,19.742611,120.246803,Cloud to Cloud,6611,3029,6
2026-08-31T00:22:16.947913233Z,19.793526,120.268539,Cloud to Cloud,6835,3005,6
2026-08-31T00:22:16.779145682Z,19.80993,120.251837,Cloud to Cloud,7452,3546,5
2026-08-31T00:22:16.920702113Z,19.870727,120.27555,Cloud to Cloud,8327,14953,6
2026-08-31T00:22:16.878562110Z,19.88835,120.269201,Cloud to Cloud,13395,7988,10
2026-08-31T00:22:17.910149880Z,17.2295,127.200884,Cloud to Cloud,8587,3381,7
2026-08-31T00:22:18.868426194Z,15.398151,131.116038,Cloud to Cloud,4903,3048,7
2026-08-31T00:22:21.884637917Z,16.956682,127.750599,Cloud to Ground,-19694,0,15
2026-08-31T00:22:21.859565902Z,16.950601,127.894733,Cloud to Ground,-26970,0,13
2026-08-31T00:22:21.990530424Z,16.960344,127.907161,Cloud to Cloud,-23020,12981,12
2026-08-31T00:22:22.072105630Z,17.023171,127.848602,Cloud to Ground,-21454,0,16
2026-08-31T00:22:21.920078943Z,16.9606,127.904894,Cloud to Ground,-20968,0,10
2026-08-31T00:22:21.955762394Z,16.952151,127.908204,Cloud to Ground,-19187,0,10
2026-08-31T00:22:22.410844933Z,16.959233,127.905059,Cloud to Ground,-12225,0,7
2026-08-31T00:22:21.498610037Z,19.781828,120.264067,Cloud to Ground,42297,0,19
2026-08-31T00:22:21.052193143Z,16.449016,128.805647,Cloud to Cloud,15106,11564,14
2026-08-31T00:22:22.258938631Z,15.97325,129.903157,Cloud to Ground,-11504,0,8
2026-08-31T00:22:22.272227109Z,15.959472,129.927021,Cloud to Cloud,-7652,3728,5
2026-08-31T00:22:23.104484902Z,14.509088,131.954678,Cloud to Cloud,-10136,3707,16
2026-08-31T00:22:23.492451289Z,16.065197,129.568539,Cloud to Cloud,-14226,3083,16
2026-08-31T00:22:23.610147109Z,16.022152,129.5294,Cloud to Ground,21294,0,11
2026-08-31T00:22:23.667647224Z,19.78411,120.267481,Cloud to Cloud,8480,18494,6
2026-08-31T00:22:28.685319397Z,15.544046,130.918417,Cloud to Cloud,15486,11323,10
2026-08-31T00:22:29.310538178Z,16.533285,128.604594,Cloud to Cloud,17254,7642,12
2026-08-31T00:22:29.295109267Z,16.629016,128.580405,Cloud to Cloud,-14384,3089,9
2026-08-31T00:22:29.445579119Z,18.444139,114.104083,Cloud to Ground,-58591,0,8
2026-08-31T00:22:30.443741299Z,18.40882,114.057369,Cloud to Cloud,-14619,3038,10
2026-08-31T00:22:30.325429321Z,18.412845,114.056069,Cloud to Ground,-14517,0,10
2026-08-31T00:22:30.268970474Z,18.413308,114.056448,Cloud to Ground,-12805,0,11
2026-08-31T00:22:30.205313589Z,18.409574,114.05777,Cloud to Ground,-11853,0,7
2026-08-31T00:22:29.450013173Z,18.458335,113.980624,Cloud to Ground,7705,0,6
2026-08-31T00:22:29.457337519Z,18.428683,113.912992,Cloud to Cloud,9081,6875,7
2026-08-31T00:22:29.491785405Z,18.443919,114.035336,Cloud to Cloud,10351,16226,7
2026-08-31T00:22:30.428423606Z,18.393774,114.062969,Cloud to Cloud,10766,3022,11
2026-08-31T00:22:29.912380405Z,18.39391,114.05351,Cloud to Ground,41195,0,9
2026-08-31T00:22:29.852354039Z,18.403714,114.07125,Cloud to Ground,119501,0,10
2026-08-31T00:22:30.664138408Z,18.252203,114.063937,Cloud to Cloud,12702,7970,5
2026-08-31T00:22:31.738810016Z,14.332743,132.136386,Cloud to Ground,20553,0,19
2026-08-31T00:22:31.659124294Z,14.425929,132.433787,Cloud to Ground,-25724,0,11
2026-08-31T00:22:32.040633342Z,14.396465,132.429725,Cloud to Cloud,-16823,6263,7
2026-08-31T00:22:31.219640555Z,18.867327,116.72142,Cloud to Cloud,-44249,7251,13
2026-08-31T00:22:31.439283899Z,18.868602,116.72001,Cloud to Ground,-19331,0,11
2026-08-31T00:22:32.171463758Z,19.358235,120.084425,Cloud to Ground,-40608,0,13
2026-08-31T00:22:32.062587309Z,19.361492,120.081838,Cloud to Ground,-39225,0,10
2026-08-31T00:22:32.299811079Z,19.352281,120.061042,Cloud to Ground,-23858,0,11
2026-08-31T00:22:32.106415991Z,19.358064,120.076259,Cloud to Ground,-15200,0,8
2026-08-31T00:22:32.379980329Z,19.359978,120.078038,Cloud to Ground,-14488,0,8
2026-08-31T00:22:32.759198271Z,17.086675,112.2661,Cloud to Ground,-48984,0,14
2026-08-31T00:22:33.313170031Z,17.09293,112.286821,Cloud to Ground,-23081,0,9
2026-08-31T00:22:32.784111272Z,17.096157,112.281642,Cloud to Ground,17670,0,8
2026-08-31T00:22:33.494519867Z,16.938935,127.87667,Cloud to Cloud,-15276,16763,11
2026-08-31T00:22:33.094081003Z,16.964605,127.881862,Cloud to Cloud,11688,3112,9
2026-08-31T00:22:34.107921356Z,17.373736,127.212682,Cloud to Ground,17770,0,15
2026-08-31T00:22:35.927043102Z,15.514022,130.891567,Cloud to Ground,-12375,0,12
2026-08-31T00:22:36.585261303Z,15.506538,131.096348,Cloud to Cloud,12019,9318,10
2026-08-31T00:22:36.001411659Z,15.495423,131.149206,Cloud to Ground,14684,0,7
2026-08-31T00:22:36.248633974Z,16.250524,129.806692,Cloud to Ground,-33729,0,15
2026-08-31T00:22:36.299194502Z,16.228264,129.766202,Cloud to Cloud,-7150,3730,12
2026-08-31T00:22:36.245976382Z,16.242382,129.790116,Cloud to Ground,12753,0,12
2026-08-31T00:22:39.184293123Z,8.250705,117.409712,Cloud to Ground,10011,0,9
2026-08-31T00:22:39.205286175Z,8.295518,117.391615,Cloud to Cloud,11680,3034,7
2026-08-31T00:22:39.110907292Z,14.246334,133.891586,Cloud to Ground,20746,0,12
2026-08-31T00:22:39.485565947Z,16.977141,127.549466,Cloud to Ground,-71240,0,12
2026-08-31T00:22:39.552226245Z,16.968695,127.562991,Cloud to Ground,-30457,0,11
2026-08-31T00:22:39.560489292Z,16.913907,127.56799,Cloud to Cloud,-12867,11649,8
2026-08-31T00:22:39.551020896Z,16.943326,127.566724,Cloud to Cloud,-12560,6903,14
2026-08-31T00:22:40.382407135Z,15.368534,130.992611,Cloud to Cloud,-17725,3005,11
2026-08-31T00:22:40.347290764Z,15.403901,130.936921,Cloud to Ground,-13511,0,16
2026-08-31T00:22:41.949177355Z,14.260203,134.087576,Cloud to Ground,-26676,0,14
2026-08-31T00:22:42.002548942Z,14.30801,134.030627,Cloud to Ground,-11197,0,10
2026-08-31T00:22:42.231037378Z,14.265157,134.088207,Cloud to Ground,10804,0,8
2026-08-31T00:22:42.264372526Z,14.258701,134.08805,Cloud to Ground,12390,0,16
2026-08-31T00:22:42.144797478Z,14.270214,134.077129,Cloud to Ground,17344,0,13
2026-08-31T00:22:42.146272841Z,14.242139,134.095581,Cloud to Ground,19754,0,14
2026-08-31T00:22:42.031777701Z,14.244921,134.097806,Cloud to Ground,41841,0,18
2026-08-31T00:22:42.228729817Z,14.230242,134.099607,Cloud to Ground,44872,0,17
2026-08-31T00:22:42.105645687Z,14.262486,134.078813,Cloud to Ground,77048,0,16
2026-08-31T00:22:41.965155751Z,14.25525,134.084999,Cloud to Ground,94475,0,16
2026-08-31T00:22:41.280548765Z,16.0313,129.750927,Cloud to Cloud,-6601,8063,8
2026-08-31T00:22:40.800128524Z,15.998679,129.848899,Cloud to Ground,-17676,0,8
2026-08-31T00:22:41.292617136Z,15.889205,129.825864,Cloud to Cloud,12900,7670,8
2026-08-31T00:22:40.284156800Z,16.083531,129.828477,Cloud to Cloud,23764,6134,11
2026-08-31T00:22:41.277103061Z,15.945275,129.843786,Cloud to Ground,43694,0,10
2026-08-31T00:22:42.132976447Z,16.394861,128.956796,Cloud to Cloud,-6681,14437,7
2026-08-31T00:22:41.840679705Z,16.419843,128.942475,Cloud to Cloud,10189,4079,9
2026-08-31T00:22:42.044631906Z,14.243046,133.931572,Cloud to Ground,11797,0,14
2026-08-31T00:22:42.885482074Z,18.970137,116.719088,Cloud to Cloud,-10236,17639,7
2026-08-31T00:22:43.458605631Z,16.936366,127.82705,Cloud to Ground,21929,0,10
2026-08-31T00:22:43.947886756Z,15.920142,129.928169,Cloud to Cloud,18911,7546,13
2026-08-31T00:22:43.974128741Z,16.019472,129.766833,Cloud to Ground,14070,0,9
2026-08-31T00:22:43.911492359Z,16.024053,129.752697,Cloud to Ground,18808,0,17
2026-08-31T00:22:44.865860895Z,14.105434,134.816216,Cloud to Ground,-88620,0,14
2026-08-31T00:22:44.706720398Z,14.110308,134.849091,Cloud to Ground,-26235,0,21
2026-08-31T00:22:44.705524845Z,14.163026,134.780896,Cloud to Ground,-21248,0,16
2026-08-31T00:22:44.750325268Z,14.166772,134.805259,Cloud to Ground,-15401,0,11
2026-08-31T00:22:44.712189659Z,14.131518,134.697865,Cloud to Cloud,-13136,7175,13
2026-08-31T00:22:44.723415125Z,14.179658,134.78948,Cloud to Ground,-12376,0,10
2026-08-31T00:22:44.707996995Z,14.175007,134.801981,Cloud to Ground,-11843,0,12
2026-08-31T00:22:44.774207310Z,18.272144,114.04093,Cloud to Ground,-12304,0,10
2026-08-31T00:22:44.647240596Z,18.292839,114.000599,Cloud to Ground,18025,0,14
2026-08-31T00:22:44.309458700Z,17.066987,112.150554,Cloud to Ground,8157,0,8
2026-08-31T00:22:44.588851436Z,17.042734,112.138071,Cloud to Ground,8588,0,7
2026-08-31T00:22:44.270417026Z,17.08822,112.1457,Cloud to Ground,39719,0,19
2026-08-31T00:22:45.810501952Z,16.771401,128.089748,Cloud to Cloud,-12839,17066,7
2026-08-31T00:22:45.637852595Z,19.656365,120.719341,Cloud to Ground,17518,0,9
2026-08-31T00:22:46.613033323Z,14.503585,132.013531,Cloud to Ground,13599,0,8
2026-08-31T00:22:46.559358617Z,16.051717,129.6939,Cloud to Ground,-19282,0,14
2026-08-31T00:22:46.990733364Z,15.97552,129.666057,Cloud to Cloud,-10027,16278,8
2026-08-31T00:22:46.061645663Z,16.940553,128.014492,Cloud to Ground,-17418,0,12
2026-08-31T00:22:45.851307719Z,16.978384,128.041827,Cloud to Cloud,10874,3027,7
2026-08-31T00:22:46.150672791Z,19.352966,118.873178,Cloud to Cloud,13223,18782,7
2026-08-31T00:22:46.142103000Z,19.427,119.0069,Cloud to Ground,-36137,0,8
2026-08-31T00:22:47.000373589Z,19.965647,120.944507,Cloud to Cloud,6180,15762,8
2026-08-31T00:22:47.040980599Z,20.033886,120.984015,Cloud to Cloud,10300,19643,11
2026-08-31T00:22:48.315155009Z,4.935068,113.859139,Cloud to Cloud,-9521,3964,5
2026-08-31T00:22:48.708908076Z,16.310295,128.903816,Cloud to Cloud,-7466,4748,7
2026-08-31T00:22:49.080537209Z,16.265333,128.998451,Cloud to Cloud,-10687,12484,9
2026-08-31T00:22:48.548687255Z,16.311466,129.033739,Cloud to Cloud,-9749,17742,10
2026-08-31T00:22:48.450733898Z,16.363653,129.038477,Cloud to Ground,9178,0,7
2026-08-31T00:22:49.620593876Z,15.506414,130.988764,Cloud to Ground,18163,0,11
2026-08-31T00:22:50.495979421Z,17.017367,127.749821,Cloud to Cloud,5143,6763,7
2026-08-31T00:22:50.433311783Z,16.961586,127.769289,Cloud to Cloud,19982,3330,12
2026-08-31T00:22:51.412534090Z,19.802913,120.268381,Cloud to Cloud,8377,19921,9
2026-08-31T00:22:51.395791182Z,19.887429,120.28268,Cloud to Cloud,24131,3007,11
2026-08-31T00:22:52.572345813Z,14.364191,132.631803,Cloud to Cloud,18520,6784,7
2026-08-31T00:22:52.573518759Z,14.454308,132.605444,Cloud to Ground,33492,0,11
2026-08-31T00:22:52.574244236Z,14.473176,132.464117,Cloud to Cloud,-15484,7893,14
2026-08-31T00:22:52.905588000Z,19.380464,119.991133,Cloud to Cloud,9363,19148,6
2026-08-31T00:22:52.502622000Z,19.5747,120.0445,Cloud to Ground,-22746,0,5
2026-08-31T00:22:52.661501526Z,19.622279,120.055233,Cloud to Cloud,6831,15427,5
2026-08-31T00:22:54.204738251Z,9.856066,119.402009,Cloud to Ground,-15878,0,7
2026-08-31T00:22:54.979142344Z,16.003678,129.528447,Cloud to Ground,-17797,0,10
2026-08-31T00:22:55.310550671Z,15.943189,129.556175,Cloud to Cloud,-12635,3318,7
2026-08-31T00:22:54.882373028Z,16.070866,129.535107,Cloud to Cloud,-9643,15802,11
2026-08-31T00:22:54.891629000Z,16.0908,129.4279,Cloud to Ground,12408,0,9
2026-08-31T00:22:56.970372183Z,15.501848,131.105675,Cloud to Ground,-36069,0,17
2026-08-31T00:22:56.995455060Z,15.485021,131.100828,Cloud to Ground,-20132,0,25
2026-08-31T00:22:57.054515501Z,15.506025,131.06933,Cloud to Cloud,-18176,3497,10
2026-08-31T00:22:57.149290962Z,15.50569,130.931258,Cloud to Ground,-15659,0,14
2026-08-31T00:22:56.986263007Z,15.508964,131.102666,Cloud to Ground,-13789,0,7
2026-08-31T00:22:57.157312392Z,15.445113,131.024137,Cloud to Ground,-12128,0,10
2026-08-31T00:22:57.327249680Z,15.480761,130.964927,Cloud to Ground,-9941,0,7
2026-08-31T00:22:57.436982992Z,15.461793,130.977752,Cloud to Ground,-9447,0,8
2026-08-31T00:22:56.992095681Z,15.501776,131.118445,Cloud to Cloud,-9415,6597,8
2026-08-31T00:22:57.495755210Z,15.518563,131.114781,Cloud to Ground,13910,0,11
2026-08-31T00:22:57.216124850Z,15.487752,131.1184,Cloud to Cloud,14715,3058,13
2026-08-31T00:22:57.215601612Z,15.479583,131.118791,Cloud to Ground,26817,0,10
2026-08-31T00:22:57.268617574Z,15.462331,131.142744,Cloud to Ground,27942,0,12
2026-08-31T00:22:58.781771295Z,17.034176,112.117063,Cloud to Ground,-13361,0,6
2026-08-31T00:22:58.787117973Z,17.042845,112.177998,Cloud to Cloud,29425,5331,12
2026-08-31T00:22:58.663098025Z,17.060016,112.221905,Cloud to Ground,96715,0,16
2026-08-31T00:23:01.360019391Z,17.230222,127.101463,Cloud to Ground,21362,0,15
2026-08-31T00:23:01.009539689Z,20.382442,120.859721,Cloud to Cloud,3915,11854,6
2026-08-31T00:23:01.012625728Z,20.411166,120.847344,Cloud to Cloud,4299,19379,7
2026-08-31T00:23:01.021881062Z,20.415911,120.853005,Cloud to Cloud,5001,16556,7
2026-08-31T00:23:01.011787304Z,20.486916,120.888172,Cloud to Cloud,8916,12800,8
2026-08-31T00:23:02.536436629Z,8.26235,117.438837,Cloud to Ground,-12831,0,6
2026-08-31T00:23:02.195914720Z,16.31365,129.010061,Cloud to Cloud,15616,3070,9
2026-08-31T00:23:02.134884090Z,17.32773,112.589099,Cloud to Ground,-29410,0,13
2026-08-31T00:23:02.707359058Z,17.497547,112.633745,Cloud to Ground,-31680,0,13
2026-08-31T00:23:02.870534634Z,17.435589,112.571525,Cloud to Ground,-27750,0,13
2026-08-31T00:23:02.837896923Z,17.512095,112.652349,Cloud to Ground,-27492,0,12
2026-08-31T00:23:02.926128303Z,17.436871,112.580885,Cloud to Cloud,-15027,9195,10
2026-08-31T00:23:03.949927136Z,15.912555,129.933096,Cloud to Cloud,-9806,3016,8
2026-08-31T00:23:04.231579090Z,4.968146,113.842953,Cloud to Cloud,-12864,7013,8
2026-08-31T00:23:04.148628837Z,4.937935,113.811872,Cloud to Cloud,11609,6904,12
2026-08-31T00:23:05.250697393Z,16.058292,129.372364,Cloud to Ground,-15093,0,23
2026-08-31T00:23:07.595693434Z,14.45118,132.041804,Cloud to Cloud,8443,3730,9
2026-08-31T00:23:08.674384049Z,18.930793,115.87674,Cloud to Cloud,8425,3090,7
2026-08-31T00:23:08.684330290Z,18.917131,115.840761,Cloud to Cloud,8897,3863,7
2026-08-31T00:23:08.623597500Z,18.887121,115.83989,Cloud to Ground,102178,0,8
2026-08-31T00:23:08.114204000Z,19.025,115.894,Cloud to Ground,35199,0,5
2026-08-31T00:23:09.271785995Z,16.418277,128.964963,Cloud to Ground,22082,0,11
2026-08-31T00:23:10.603192331Z,18.264122,114.10511,Cloud to Ground,-43480,0,13
2026-08-31T00:23:10.720565449Z,18.271192,114.106953,Cloud to Ground,-31819,0,14
2026-08-31T00:23:10.891819256Z,18.269037,114.107678,Cloud to Ground,-29091,0,10
2026-08-31T00:23:10.646687566Z,18.268536,114.104789,Cloud to Ground,-14537,0,11
2026-08-31T00:23:10.751158491Z,18.254323,114.107288,Cloud to Ground,9068,0,8
2026-08-31T00:23:10.645974666Z,18.258758,114.091455,Cloud to Cloud,16231,3764,8
2026-08-31T00:23:10.676405833Z,18.276084,114.107028,Cloud to Ground,55769,0,18
2026-08-31T00:23:10.305479327Z,19.789669,120.252681,Cloud to Cloud,4609,18843,6
2026-08-31T00:23:10.337955340Z,19.79391,120.238077,Cloud to Cloud,6156,4673,6
2026-08-31T00:23:10.367495843Z,19.797015,120.257666,Cloud to Cloud,8040,11165,5
2026-08-31T00:23:10.278273561Z,19.794452,120.252146,Cloud to Cloud,9398,3009,5
2026-08-31T00:23:10.314922968Z,19.797219,120.253668,Cloud to Cloud,14166,19842,6
2026-08-31T00:23:11.795037569Z,8.650802,117.991249,Cloud to Ground,37047,0,10
2026-08-31T00:23:11.627652000Z,8.5968,117.9661,Cloud to Ground,45566,0,5
2026-08-31T00:23:11.959032480Z,16.914182,127.85438,Cloud to Cloud,-5761,5155,6
2026-08-31T00:23:11.923836036Z,16.848683,127.914599,Cloud to Cloud,17051,12872,7
2026-08-31T00:23:14.603768124Z,4.843973,113.567195,Cloud to Ground,-20484,0,10
2026-08-31T00:23:14.439247263Z,4.82302,113.545329,Cloud to Ground,-17749,0,12
2026-08-31T00:23:14.404386508Z,4.830881,113.550251,Cloud to Ground,-14569,0,12
2026-08-31T00:23:14.355939771Z,4.75066,113.604438,Cloud to Ground,16657,0,14
2026-08-31T00:23:14.779630793Z,4.78887,113.602955,Cloud to Cloud,24795,12291,7
2026-08-31T00:23:14.506567623Z,4.751638,113.604368,Cloud to Ground,26441,0,20
2026-08-31T00:23:14.380899068Z,4.75687,113.611033,Cloud to Ground,28025,0,25
2026-08-31T00:23:14.314371304Z,4.745503,113.603336,Cloud to Ground,70435,0,13
2026-08-31T00:23:15.392882921Z,14.223753,133.832361,Cloud to Ground,-16782,0,10
2026-08-31T00:23:15.272069946Z,14.222018,134.005845,Cloud to Ground,-31766,0,23
2026-08-31T00:23:15.465413141Z,14.236386,133.997476,Cloud to Ground,13164,0,10
2026-08-31T00:23:15.314162616Z,14.231063,133.996478,Cloud to Ground,17860,0,15
2026-08-31T00:23:16.023019165Z,14.219784,134.010921,Cloud to Ground,36110,0,18
2026-08-31T00:23:15.290773766Z,14.205871,134.015463,Cloud to Ground,70958,0,18
2026-08-31T00:23:17.103118772Z,16.08602,129.812798,Cloud to Ground,-35847,0,12
2026-08-31T00:23:16.813651741Z,16.160011,129.785377,Cloud to Ground,-19051,0,20
2026-08-31T00:23:17.102685516Z,16.060993,129.876992,Cloud to Cloud,-6305,6534,8
2026-08-31T00:23:16.847004000Z,16.1086,129.7969,Cloud to Ground,6198,0,6
2026-08-31T00:23:16.916226975Z,16.109515,129.859221,Cloud to Ground,14028,0,9
2026-08-31T00:23:16.993172060Z,16.12175,129.844949,Cloud to Ground,21142,0,10
2026-08-31T00:23:17.158262070Z,16.122672,129.68895,Cloud to Cloud,-10388,3014,17
2026-08-31T00:23:17.620993849Z,19.598293,115.705052,Cloud to Cloud,5009,3776,6
2026-08-31T00:23:19.364669949Z,16.934567,127.813566,Cloud to Cloud,16211,5236,8
2026-08-31T00:23:19.550324831Z,19.997569,120.90589,Cloud to Ground,-69021,0,16
2026-08-31T00:23:21.783622377Z,15.406217,130.957347,Cloud to Cloud,-12255,12784,14
2026-08-31T00:23:21.694048267Z,19.782729,119.924821,Cloud to Cloud,-9199,5424,13
2026-08-31T00:23:21.372169730Z,19.750149,119.972982,Cloud to Ground,-6073,0,6
2026-08-31T00:23:21.290635487Z,19.780865,119.911157,Cloud to Cloud,5652,3002,6
2026-08-31T00:23:21.292487499Z,19.790068,119.917774,Cloud to Cloud,9206,5893,5
2026-08-31T00:23:22.281750758Z,14.169887,133.110268,Cloud to Ground,-15266,0,11
2026-08-31T00:23:22.301300182Z,14.063703,132.996452,Cloud to Cloud,-9598,3704,10
2026-08-31T00:23:22.279210741Z,14.082794,133.149994,Cloud to Ground,32859,0,20
2026-08-31T00:23:25.092069960Z,19.7971,120.235281,Cloud to Cloud,-8544,18571,6
2026-08-31T00:23:25.167703871Z,19.806115,120.273093,Cloud to Cloud,4919,17691,6
2026-08-31T00:23:24.892528883Z,19.808925,120.283787,Cloud to Cloud,5339,14923,6
2026-08-31T00:23:25.100524164Z,19.803032,120.267224,Cloud to Cloud,6532,3035,6
2026-08-31T00:23:24.894017966Z,19.804159,120.282501,Cloud to Ground,13235,0,7
2026-08-31T00:23:25.399237366Z,18.833966,115.768943,Cloud to Ground,12368,0,7
2026-08-31T00:23:25.841194573Z,17.064764,112.238072,Cloud to Ground,-14133,0,8
2026-08-31T00:23:25.879373284Z,17.082898,112.250435,Cloud to Ground,-11876,0,6
2026-08-31T00:23:26.111357866Z,17.057736,112.152572,Cloud to Ground,-9069,0,7
2026-08-31T00:23:26.117173294Z,17.050911,112.14917,Cloud to Ground,8262,0,6
2026-08-31T00:23:25.779865808Z,17.135028,112.219568,Cloud to Ground,29894,0,12
2026-08-31T00:23:28.475333864Z,15.508168,130.976109,Cloud to Ground,14880,0,17
2026-08-31T00:23:28.441299133Z,15.504899,131.092945,Cloud to Cloud,-14245,16049,9
2026-08-31T00:23:28.567420194Z,15.451186,131.128698,Cloud to Ground,12073,0,7
2026-08-31T00:23:32.619555633Z,14.342076,132.298601,Cloud to Cloud,10808,15313,16
2026-08-31T00:23:32.303225563Z,14.444967,134.277293,Cloud to Ground,-13566,0,9
2026-08-31T00:23:32.295610114Z,14.456181,134.274781,Cloud to Ground,40361,0,16
2026-08-31T00:23:32.849349955Z,16.993589,127.788301,Cloud to Ground,-24646,0,18
2026-08-31T00:23:32.628235579Z,16.959593,127.897037,Cloud to Ground,-44502,0,14
2026-08-31T00:23:32.683261499Z,16.961713,127.907733,Cloud to Ground,-31780,0,14
2026-08-31T00:23:32.906446351Z,16.955412,127.940197,Cloud to Ground,-16942,0,24
2026-08-31T00:23:33.179593474Z,16.953217,127.974616,Cloud to Cloud,-12061,4494,6
2026-08-31T00:23:32.939861669Z,16.935035,127.950223,Cloud to Ground,14656,0,7
2026-08-31T00:23:33.080108993Z,8.430286,117.993769,Cloud to Cloud,24229,3094,7
2026-08-31T00:23:33.083290795Z,8.506931,117.936677,Cloud to Ground,17777,0,10
2026-08-31T00:23:33.769471560Z,18.570074,115.134745,Cloud to Cloud,-9522,3006,7
2026-08-31T00:23:33.812333083Z,18.648347,115.051571,Cloud to Cloud,5572,18871,6
2026-08-31T00:23:33.753309537Z,18.660321,115.069769,Cloud to Ground,15407,0,9
2026-08-31T00:23:34.262357166Z,19.398585,120.013578,Cloud to Cloud,7863,16849,6
2026-08-31T00:23:35.101196546Z,19.802874,120.262397,Cloud to Cloud,-6591,14852,5
2026-08-31T00:23:36.988790224Z,14.311936,134.110949,Cloud to Ground,-28721,0,18
2026-08-31T00:23:43.189620549Z,8.194979,117.460897,Cloud to Cloud,19750,4241,6
2026-08-31T00:23:43.572312435Z,18.846412,116.731009,Cloud to Ground,-33651,0,10
2026-08-31T00:23:43.632788176Z,18.846797,116.731926,Cloud to Ground,-30983,0,10
2026-08-31T00:23:43.533616000Z,18.8559,116.61,Cloud to Ground,30516,0,5
2026-08-31T00:23:44.464266042Z,8.554225,118.015281,Cloud to Ground,19817,0,11
2026-08-31T00:23:44.330503354Z,16.089178,129.704682,Cloud to Ground,-24309,0,22
2026-08-31T00:23:44.232632219Z,16.053885,129.678579,Cloud to Ground,-21036,0,10
2026-08-31T00:23:44.783585706Z,16.059516,129.823175,Cloud to Cloud,-14672,4152,11
2026-08-31T00:23:44.604775515Z,16.009364,129.788076,Cloud to Cloud,-8016,3067,11
2026-08-31T00:23:45.093992161Z,16.017105,129.862657,Cloud to Ground,11841,0,8
2026-08-31T00:23:44.732788627Z,16.069869,129.846164,Cloud to Cloud,12150,17751,6
2026-08-31T00:23:46.896003733Z,15.418863,131.00229,Cloud to Cloud,-17062,11974,10
2026-08-31T00:23:46.064109718Z,15.589725,130.966315,Cloud to Cloud,-11989,7022,20
2026-08-31T00:23:46.178762248Z,15.430622,130.815639,Cloud to Ground,-20342,0,15
2026-08-31T00:23:46.178251505Z,15.467081,131.085282,Cloud to Cloud,-26929,7838,13
2026-08-31T00:23:46.076020381Z,15.460597,131.12956,Cloud to Cloud,8232,3823,12
2026-08-31T00:23:46.291400806Z,15.487094,131.121599,Cloud to Cloud,8398,4448,6
2026-08-31T00:23:46.888819620Z,15.468257,131.084203,Cloud to Ground,19371,0,11
2026-08-31T00:23:46.074964233Z,15.515427,131.098196,Cloud to Ground,60507,0,15
2026-08-31T00:23:46.050083344Z,14.403335,132.261498,Cloud to Cloud,15978,6808,7
2026-08-31T00:23:46.475518268Z,14.535698,132.14563,Cloud to Cloud,-36146,3166,14
2026-08-31T00:23:46.051782188Z,14.565189,132.185612,Cloud to Ground,-20430,0,16
2026-08-31T00:23:46.628872395Z,14.450289,132.132111,Cloud to Ground,-14881,0,11
2026-08-31T00:23:46.052236625Z,14.545239,132.200566,Cloud to Ground,-10129,0,19
2026-08-31T00:23:46.861090256Z,17.219981,127.159362,Cloud to Ground,15444,0,9
2026-08-31T00:23:46.944859577Z,17.222483,127.185188,Cloud to Ground,17185,0,12
2026-08-31T00:23:47.667518033Z,4.767012,113.602007,Cloud to Cloud,18334,12480,6
2026-08-31T00:23:47.357877544Z,4.749253,113.608465,Cloud to Ground,29573,0,19
2026-08-31T00:23:47.033957359Z,18.37738,114.863571,Cloud to Cloud,-42328,4756,14
2026-08-31T00:23:47.030321846Z,18.337942,114.869994,Cloud to Cloud,15349,3593,6
2026-08-31T00:23:47.730398315Z,16.087087,129.552755,Cloud to Ground,-18872,0,10
2026-08-31T00:23:47.872892307Z,16.050492,129.62307,Cloud to Cloud,16765,3014,10
2026-08-31T00:23:47.624615892Z,16.051668,129.649898,Cloud to Cloud,17740,3012,8
2026-08-31T00:23:47.502731650Z,16.115895,129.554322,Cloud to Ground,32758,0,12
2026-08-31T00:23:47.502007279Z,16.080628,129.394405,Cloud to Ground,-24713,0,21
2026-08-31T00:23:47.564783970Z,19.014688,118.89463,Cloud to Ground,24902,0,9
2026-08-31T00:23:47.563986484Z,19.134185,118.859179,Cloud to Ground,-31613,0,9
2026-08-31T00:23:48.038932712Z,19.145065,118.761201,Cloud to Cloud,8058,5318,7
2026-08-31T00:23:47.563261927Z,19.119146,118.829044,Cloud to Cloud,23270,15941,8
2026-08-31T00:23:49.274316749Z,16.327047,129.081793,Cloud to Cloud,11963,7291,10
2026-08-31T00:23:49.432691667Z,17.053966,112.215567,Cloud to Ground,-34189,0,14
2026-08-31T00:23:50.053529747Z,17.033535,112.224906,Cloud to Ground,-21390,0,8
2026-08-31T00:23:50.235744460Z,17.02971,112.223158,Cloud to Ground,-15415,0,9
2026-08-31T00:23:50.082721822Z,17.078099,112.259113,Cloud to Ground,-13006,0,6
2026-08-31T00:23:50.624245804Z,17.030546,112.229477,Cloud to Ground,-12956,0,7
2026-08-31T00:23:50.374584662Z,17.017995,112.219752,Cloud to Ground,9602,0,6
2026-08-31T00:23:49.547787636Z,17.03592,112.15549,Cloud to Ground,9718,0,7
2026-08-31T00:23:49.454360739Z,17.042993,112.175368,Cloud to Ground,12618,0,7
2026-08-31T00:23:50.008049625Z,17.064251,112.183642,Cloud to Ground,12707,0,8
2026-08-31T00:23:50.151078000Z,17.0424,112.2596,Cloud to Ground,18780,0,7
2026-08-31T00:23:49.935986753Z,17.034733,112.144645,Cloud to Ground,22500,0,10
2026-08-31T00:23:49.059148851Z,19.800113,120.255368,Cloud to Cloud,4593,3000,6
2026-08-31T00:23:49.037290987Z,19.812525,120.254464,Cloud to Cloud,11010,3007,8
2026-08-31T00:23:50.917991000Z,20.0173,120.9035,Cloud to Ground,-13427,0,6
2026-08-31T00:23:51.190455874Z,19.943147,120.913362,Cloud to Cloud,-6474,19335,5
2026-08-31T00:23:51.529592727Z,19.945089,120.877177,Cloud to Cloud,-4322,19767,6
2026-08-31T00:23:51.578109997Z,20.015224,120.866117,Cloud to Cloud,5597,16888,6
2026-08-31T00:23:51.136903293Z,19.896255,120.945199,Cloud to Cloud,10865,7245,7
2026-08-31T00:23:53.698533496Z,16.076799,129.706635,Cloud to Cloud,20376,18208,15
2026-08-31T00:23:55.295646554Z,15.46886,131.11749,Cloud to Cloud,-17616,12463,13
2026-08-31T00:23:55.115878098Z,15.497555,131.103895,Cloud to Cloud,-11944,3988,8
2026-08-31T00:23:55.870868486Z,17.276451,127.033022,Cloud to Cloud,9983,7960,11
2026-08-31T00:23:55.853432000Z,17.2773,127.0708,Cloud to Ground,15383,0,6
2026-08-31T00:23:55.851501175Z,17.22685,127.189043,Cloud to Ground,37568,0,9
2026-08-31T00:23:56.724598362Z,18.792867,116.689109,Cloud to Ground,-19254,0,12
2026-08-31T00:23:56.964081382Z,18.79838,116.665721,Cloud to Ground,-18960,0,9
2026-08-31T00:23:56.769527683Z,18.793848,116.665863,Cloud to Ground,23824,0,12
2026-08-31T00:23:59.519668482Z,15.529752,130.945742,Cloud to Cloud,8167,5616,8
2026-08-31T00:24:00.336814965Z,16.316323,129.062573,Cloud to Cloud,-13509,8341,12
2026-08-31T00:24:00.338774728Z,16.342375,129.063903,Cloud to Cloud,-10751,13174,9
2026-08-31T00:24:00.186996867Z,16.331944,129.059444,Cloud to Cloud,9815,3040,10
2026-08-31T00:24:00.694807229Z,19.801285,120.291445,Cloud to Cloud,-13973,19694,21
2026-08-31T00:24:00.393175301Z,19.795328,120.279806,Cloud to Cloud,6731,3001,5
2026-08-31T00:24:00.607581007Z,19.798834,120.293102,Cloud to Cloud,6781,15318,8
2026-08-31T00:24:00.554643501Z,19.80196,120.252823,Cloud to Cloud,7683,16982,5
2026-08-31T00:24:00.606682421Z,19.792296,120.543274,Cloud to Cloud,9475,7032,7
2026-08-31T00:24:02.228492628Z,18.77582,115.701016,Cloud to Ground,-45586,0,11
2026-08-31T00:24:02.257466509Z,18.749852,115.693469,Cloud to Ground,-13055,0,7
2026-08-31T00:24:01.991264359Z,18.458214,114.115513,Cloud to Cloud,-21363,7949,8
2026-08-31T00:24:02.674598843Z,18.378676,114.069953,Cloud to Ground,-19420,0,13
2026-08-31T00:24:02.672137791Z,18.39171,114.071142,Cloud to Cloud,-13145,3067,8
2026-08-31T00:24:02.028289073Z,18.453381,114.085892,Cloud to Cloud,-12652,4103,7
2026-08-31T00:24:02.608696778Z,18.383356,114.074928,Cloud to Ground,11808,0,7
2026-08-31T00:24:01.984944970Z,18.436978,114.021819,Cloud to Ground,14480,0,10
2026-08-31T00:24:01.985496975Z,18.449057,114.097998,Cloud to Ground,59285,0,12
2026-08-31T00:24:02.592305537Z,18.403592,114.078944,Cloud to Ground,121526,0,16
2026-08-31T00:24:03.684713478Z,18.101661,120.923367,Cloud to Ground,-25687,0,10
2026-08-31T00:24:04.764343338Z,18.288734,114.25588,Cloud to Ground,-37905,0,12
2026-08-31T00:24:04.763638545Z,18.289134,114.175241,Cloud to Cloud,10054,3019,12
2026-08-31T00:24:04.767021803Z,18.28113,114.152122,Cloud to Ground,14171,0,7
2026-08-31T00:24:04.765958105Z,18.291469,114.173803,Cloud to Ground,20877,0,7
2026-08-31T00:24:04.764814000Z,18.291,114.2237,Cloud to Ground,61583,0,5
2026-08-31T00:24:07.699696841Z,18.971143,116.731474,Cloud to Cloud,13535,7561,7
2026-08-31T00:24:09.175659393Z,19.03274,116.877844,Cloud to Cloud,10470,15796,7
2026-08-31T00:24:09.144887143Z,18.950532,116.864331,Cloud to Ground,19361,0,10
2026-08-31T00:24:09.146689630Z,18.948587,116.865567,Cloud to Ground,27698,0,10
2026-08-31T00:24:10.390283610Z,16.021136,129.900377,Cloud to Cloud,-13421,18538,12
2026-08-31T00:24:17.623686936Z,19.813703,119.986216,Cloud to Cloud,-10278,6517,7
2026-08-31T00:24:19.014463913Z,16.938216,127.868294,Cloud to Ground,25657,0,12
2026-08-31T00:24:19.189269947Z,10.697337,111.441586,Cloud to Cloud,-10253,18585,7
2026-08-31T00:24:19.422531723Z,10.697328,111.422842,Cloud to Ground,-7983,0,6
2026-08-31T00:24:19.533414077Z,10.682293,111.403703,Cloud to Cloud,-7234,3400,5
2026-08-31T00:24:19.099587409Z,10.695291,111.42886,Cloud to Cloud,12854,3085,10
2026-08-31T00:24:19.101017919Z,10.702216,111.421908,Cloud to Ground,17877,0,11
2026-08-31T00:24:20.890748439Z,16.70194,128.417423,Cloud to Cloud,23556,18014,7
2026-08-31T00:24:21.796263866Z,16.367115,128.962661,Cloud to Cloud,-5953,16101,13
2026-08-31T00:24:21.852870057Z,16.28554,128.981959,Cloud to Ground,28896,0,11
2026-08-31T00:24:22.464353693Z,8.355808,117.497852,Cloud to Cloud,-15384,3224,17
2026-08-31T00:24:23.517263531Z,18.725448,115.686663,Cloud to Cloud,-6996,3037,7
2026-08-31T00:24:23.518597775Z,18.766312,115.684671,Cloud to Ground,18702,0,9
2026-08-31T00:24:24.178794244Z,16.928884,127.817472,Cloud to Ground,38831,0,13
2026-08-31T00:24:24.268436104Z,18.244459,114.78935,Cloud to Cloud,-10118,3000,8
2026-08-31T00:24:24.278120502Z,18.253257,114.82158,Cloud to Cloud,-9073,15835,10
2026-08-31T00:24:24.580688215Z,18.29102,114.778766,Cloud to Ground,-7095,0,5
2026-08-31T00:24:24.231651359Z,18.303786,114.780427,Cloud to Cloud,7756,3196,6
2026-08-31T00:24:24.222984128Z,18.304844,114.778502,Cloud to Cloud,9151,5432,7
2026-08-31T00:24:24.230611018Z,18.296486,114.748395,Cloud to Ground,9390,0,9
2026-08-31T00:24:24.249289842Z,18.293294,114.669753,Cloud to Cloud,9723,3239,11
2026-08-31T00:24:24.257760515Z,18.293665,114.778186,Cloud to Ground,16979,0,12
2026-08-31T00:24:27.735248226Z,16.844927,127.964748,Cloud to Cloud,19681,18020,13
2026-08-31T00:24:27.957844808Z,16.87713,127.964667,Cloud to Cloud,20645,3010,10
2026-08-31T00:24:27.664751570Z,17.127215,127.246565,Cloud to Cloud,10312,3001,9
2026-08-31T00:24:28.966136258Z,5.019741,113.871719,Cloud to Ground,-25737,0,25
2026-08-31T00:24:29.143955230Z,4.900853,113.846321,Cloud to Cloud,-10307,6392,8
2026-08-31T00:24:29.133807960Z,4.927308,113.81956,Cloud to Cloud,-9095,16262,6
2026-08-31T00:24:29.266501078Z,4.9437,113.835482,Cloud to Cloud,-8774,3114,7
2026-08-31T00:24:29.264236461Z,4.872337,113.812904,Cloud to Ground,23122,0,8
2026-08-31T00:24:28.815033526Z,14.294887,134.048056,Cloud to Cloud,-23604,6104,16
2026-08-31T00:24:28.817150706Z,14.241718,134.097587,Cloud to Ground,-21865,0,20
2026-08-31T00:24:28.812950094Z,14.306054,134.093828,Cloud to Ground,-16411,0,9
2026-08-31T00:24:28.882059678Z,14.234348,134.146528,Cloud to Ground,-13711,0,9
2026-08-31T00:24:28.898149917Z,14.288834,133.993322,Cloud to Ground,-8655,0,8
2026-08-31T00:24:28.076587480Z,16.951754,127.817798,Cloud to Cloud,11927,14161,10
2026-08-31T00:24:30.874690659Z,15.961375,129.78328,Cloud to Ground,10920,0,9
2026-08-31T00:24:30.596139002Z,16.042157,129.833224,Cloud to Cloud,-9802,15010,10
2026-08-31T00:24:31.036830949Z,17.377719,127.195692,Cloud to Cloud,-11319,4748,9
2026-08-31T00:24:31.035389178Z,17.366344,127.22366,Cloud to Ground,8641,0,12
2026-08-31T00:24:31.034917530Z,17.398979,127.236259,Cloud to Ground,49418,0,10
2026-08-31T00:24:31.071277082Z,19.804647,120.266442,Cloud to Cloud,6566,3003,6
2026-08-31T00:24:31.049578182Z,19.809301,120.277371,Cloud to Cloud,7769,3004,6
2026-08-31T00:24:32.906751133Z,16.910706,128.076374,Cloud to Ground,16557,0,7
2026-08-31T00:24:34.653035527Z,4.783867,113.47431,Cloud to Cloud,-7886,12402,6
2026-08-31T00:24:35.661661133Z,15.447561,131.126577,Cloud to Cloud,-16470,6237,14
2026-08-31T00:24:36.043243183Z,15.490576,131.13704,Cloud to Cloud,11365,4981,14
2026-08-31T00:24:36.381671004Z,15.507747,131.123,Cloud to Cloud,15157,12746,11
2026-08-31T00:24:36.289193329Z,15.476687,131.126009,Cloud to Ground,16371,0,11
2026-08-31T00:24:36.163481160Z,15.522945,131.123733,Cloud to Ground,22358,0,8
2026-08-31T00:24:35.991509475Z,15.507024,131.128015,Cloud to Ground,27348,0,13
2026-08-31T00:24:35.872020949Z,15.512188,131.127055,Cloud to Ground,38061,0,13
2026-08-31T00:24:35.563527734Z,15.505743,131.128006,Cloud to Ground,42931,0,18
2026-08-31T00:24:35.932375086Z,15.491521,130.923317,Cloud to Cloud,-27637,3201,18
2026-08-31T00:24:35.811937039Z,15.476155,130.964538,Cloud to Ground,-25704,0,11
2026-08-31T00:24:36.571687328Z,15.431885,130.946147,Cloud to Ground,-18105,0,9
2026-08-31T00:24:35.504207295Z,16.055033,129.528336,Cloud to Cloud,-20433,4405,12
2026-08-31T00:24:35.688634390Z,18.817042,115.775966,Cloud to Ground,17966,0,10
2026-08-31T00:24:35.687096961Z,18.817514,115.778772,Cloud to Ground,31259,0,10
2026-08-31T00:24:36.594922917Z,14.213975,133.97965,Cloud to Ground,-16572,0,11
2026-08-31T00:24:36.647895135Z,14.428871,132.683113,Cloud to Ground,-25447,0,16
2026-08-31T00:24:36.651435978Z,14.435165,132.661879,Cloud to Cloud,-17601,3038,9
2026-08-31T00:24:37.221817690Z,14.475032,132.682487,Cloud to Cloud,10102,13221,7
2026-08-31T00:24:37.064014611Z,14.470358,132.682941,Cloud to Cloud,13625,3547,12
2026-08-31T00:24:37.145983084Z,14.442021,132.682976,Cloud to Ground,14591,0,11
2026-08-31T00:24:37.036619793Z,14.472196,132.684785,Cloud to Ground,21209,0,11
2026-08-31T00:24:36.647313284Z,14.430971,132.665259,Cloud to Ground,42733,0,25
2026-08-31T00:24:36.646796497Z,14.434363,132.673274,Cloud to Ground,48061,0,15
2026-08-31T00:24:37.067473196Z,18.295704,113.917937,Cloud to Cloud,7631,3000,6
2026-08-31T00:24:36.897243626Z,18.265882,113.98023,Cloud to Ground,29473,0,19
2026-08-31T00:24:36.264280543Z,16.02808,129.461073,Cloud to Cloud,-13992,4006,7
2026-08-31T00:24:37.892818192Z,14.376316,132.883065,Cloud to Ground,-21698,0,14
2026-08-31T00:24:37.912487096Z,14.375052,132.715783,Cloud to Ground,-16337,0,20
2026-08-31T00:24:37.565636255Z,18.291339,114.655089,Cloud to Cloud,-14929,3003,10
2026-08-31T00:24:36.889439688Z,18.272055,114.08064,Cloud to Ground,13871,0,10
2026-08-31T00:24:37.221142422Z,18.269574,114.090577,Cloud to Cloud,15048,3038,8
2026-08-31T00:24:37.206165162Z,18.27429,114.075551,Cloud to Ground,24418,0,12
2026-08-31T00:24:39.072441552Z,15.960339,129.778575,Cloud to Cloud,8841,3251,13
2026-08-31T00:24:39.614229473Z,17.016105,112.22644,Cloud to Ground,-28938,0,10
2026-08-31T00:24:39.640775000Z,17.0734,112.1445,Cloud to Ground,-27529,0,5
2026-08-31T00:24:39.979329758Z,17.032348,112.219813,Cloud to Ground,-17980,0,10
2026-08-31T00:24:40.387998400Z,17.042818,112.220759,Cloud to Ground,-13980,0,8
2026-08-31T00:24:40.756738719Z,17.029389,112.227898,Cloud to Cloud,14699,4730,7
2026-08-31T00:24:40.516262567Z,17.034807,112.225865,Cloud to Cloud,16175,3088,7
2026-08-31T00:24:40.234096727Z,17.053998,112.218107,Cloud to Ground,16633,0,9
2026-08-31T00:24:39.673512894Z,17.051484,112.241841,Cloud to Ground,22455,0,12
2026-08-31T00:24:40.168544404Z,17.041087,112.152679,Cloud to Ground,33486,0,8
2026-08-31T00:24:40.834885218Z,19.406839,120.020927,Cloud to Cloud,6789,18611,6
2026-08-31T00:24:40.835769000Z,19.3998,120.0207,Cloud to Ground,26998,0,6
2026-08-31T00:24:41.066352842Z,19.27523,120.015708,Cloud to Ground,35329,0,9
2026-08-31T00:24:41.125299665Z,19.790644,120.286858,Cloud to Ground,-86181,0,16
2026-08-31T00:24:41.281094343Z,19.790926,120.259927,Cloud to Ground,-39221,0,14
2026-08-31T00:24:41.282033023Z,19.81876,120.272938,Cloud to Cloud,-16962,3007,13
2026-08-31T00:24:41.674033808Z,20.468197,120.77211,Cloud to Cloud,17756,17833,8
2026-08-31T00:24:43.374703395Z,8.666715,118.012853,Cloud to Cloud,-10783,5477,8
2026-08-31T00:24:43.728915632Z,14.440576,132.078248,Cloud to Cloud,-18484,15629,8
2026-08-31T00:24:44.707037715Z,15.510844,131.100931,Cloud to Ground,-23118,0,9
2026-08-31T00:24:45.432424982Z,16.301981,128.991363,Cloud to Cloud,21917,13810,12
2026-08-31T00:24:45.601593239Z,16.489321,128.814801,Cloud to Cloud,6518,3814,8
2026-08-31T00:24:46.359637017Z,4.943131,113.827389,Cloud to Cloud,-8156,17797,7
2026-08-31T00:24:47.787215175Z,15.419239,131.180709,Cloud to Ground,-16452,0,9
2026-08-31T00:24:48.146010339Z,15.448822,131.181107,Cloud to Ground,-10764,0,8
2026-08-31T00:24:48.453145373Z,15.818747,129.506859,Cloud to Cloud,-11471,7152,11
2026-08-31T00:24:48.115146817Z,16.211942,129.265764,Cloud to Cloud,10117,3045,12
2026-08-31T00:24:48.114191180Z,16.210284,129.259353,Cloud to Ground,35345,0,13
2026-08-31T00:24:48.100538009Z,19.811776,120.266257,Cloud to Cloud,-4919,19450,6
2026-08-31T00:24:47.805779117Z,19.80508,120.261278,Cloud to Cloud,4158,3016,6
2026-08-31T00:24:47.847712482Z,19.807994,120.266845,Cloud to Cloud,5625,14654,5
2026-08-31T00:24:48.008537966Z,19.805786,120.27074,Cloud to Cloud,6912,19962,5
2026-08-31T00:24:49.796263455Z,16.037814,129.739098,Cloud to Ground,16233,0,8
2026-08-31T00:24:49.530276995Z,19.040813,116.694231,Cloud to Cloud,7249,5740,7
2026-08-31T00:24:50.846910101Z,15.377921,131.040148,Cloud to Cloud,11665,3028,11
2026-08-31T00:24:51.460033198Z,16.067606,129.539963,Cloud to Ground,-30054,0,10
2026-08-31T00:24:51.132154310Z,16.06909,129.546811,Cloud to Ground,-20311,0,12
2026-08-31T00:24:51.559034198Z,16.139423,129.550398,Cloud to Ground,12278,0,9
2026-08-31T00:24:51.852582547Z,16.098191,129.399189,Cloud to Ground,-20123,0,18
2026-08-31T00:24:51.068536839Z,16.116479,129.449813,Cloud to Ground,-17709,0,10
2026-08-31T00:24:51.638276573Z,10.600323,111.47643,Cloud to Ground,-54735,0,12
2026-08-31T00:24:51.636133498Z,10.577927,111.400013,Cloud to Ground,20128,0,8
2026-08-31T00:24:51.516512889Z,19.728946,119.927593,Cloud to Cloud,13523,16660,9
2026-08-31T00:24:51.064711419Z,19.809696,119.846433,Cloud to Cloud,7981,19649,6
2026-08-31T00:24:51.105471659Z,19.817357,119.858575,Cloud to Cloud,9088,3007,6
2026-08-31T00:24:50.965252489Z,19.817815,119.849777,Cloud to Cloud,9978,18104,8
2026-08-31T00:24:51.185826485Z,19.811483,119.855868,Cloud to Cloud,11811,3007,5
2026-08-31T00:24:52.475227203Z,15.99894,129.18805,Cloud to Cloud,-7223,5752,11
2026-08-31T00:24:52.851433668Z,15.999681,129.35155,Cloud to Ground,-11972,0,10
2026-08-31T00:24:52.525304777Z,16.058548,129.308882,Cloud to Cloud,-11575,9472,16
2026-08-31T00:24:54.091113000Z,16.9774,127.8781,Cloud to Ground,-31595,0,6
2026-08-31T00:24:54.123203225Z,16.937199,127.863543,Cloud to Cloud,6346,4068,7
2026-08-31T00:24:53.843317789Z,16.957084,127.90502,Cloud to Cloud,15334,4738,7
2026-08-31T00:24:54.803329666Z,16.405719,128.836943,Cloud to Ground,29435,0,11
2026-08-31T00:24:54.804022651Z,16.482535,128.67799,Cloud to Ground,21854,0,8
2026-08-31T00:24:54.141778423Z,17.014412,127.779945,Cloud to Cloud,7725,17620,7
2026-08-31T00:24:54.247309550Z,17.110781,127.8695,Cloud to Cloud,-15927,6742,16
2026-08-31T00:24:57.430386718Z,14.237219,134.009561,Cloud to Ground,9895,0,8
2026-08-31T00:24:57.587424132Z,14.23564,134.01385,Cloud to Ground,20038,0,12
2026-08-31T00:24:57.146819165Z,14.243719,134.00854,Cloud to Ground,28923,0,14
2026-08-31T00:24:56.807784657Z,14.240021,134.015318,Cloud to Ground,37022,0,13
2026-08-31T00:24:56.971348979Z,14.228033,134.017985,Cloud to Ground,140892,0,18
2026-08-31T00:24:57.104578329Z,14.223259,133.868961,Cloud to Ground,-9500,0,12
2026-08-31T00:24:57.508810046Z,16.908,128.241696,Cloud to Ground,30163,0,12
2026-08-31T00:25:00.996295388Z,16.323801,129.04818,Cloud to Cloud,-15152,7888,12
2026-08-31T00:25:01.260003268Z,16.342899,129.058699,Cloud to Cloud,-5626,5451,7
2026-08-31T00:25:01.042015949Z,16.33331,128.904608,Cloud to Cloud,-13417,14755,9
2026-08-31T00:25:02.549698058Z,18.741178,115.699982,Cloud to Cloud,13799,3074,8
2026-08-31T00:25:02.417647000Z,18.7741,115.6831,Cloud to Ground,25652,0,6
2026-08-31T00:25:02.623762000Z,18.7987,115.6223,Cloud to Ground,40866,0,7
2026-08-31T00:25:03.606061272Z,14.135703,133.061161,Cloud to Ground,-25986,0,12
2026-08-31T00:25:03.603711884Z,14.122953,133.069627,Cloud to Cloud,-23637,3005,13
2026-08-31T00:25:03.604322208Z,14.120757,133.074727,Cloud to Ground,11897,0,9
2026-08-31T00:25:03.604866462Z,14.126026,133.064292,Cloud to Ground,38004,0,22
2026-08-31T00:25:03.309308047Z,18.267365,113.987739,Cloud to Cloud,-13101,19671,8
2026-08-31T00:25:03.018940022Z,18.321169,114.095509,Cloud to Ground,-56395,0,13
2026-08-31T00:25:03.072968008Z,18.32481,114.099497,Cloud to Cloud,-22328,4182,11
2026-08-31T00:25:03.074938661Z,18.333836,114.090186,Cloud to Ground,-10083,0,5
2026-08-31T00:25:03.203618644Z,19.814579,120.277911,Cloud to Cloud,7176,3005,6
2026-08-31T00:25:03.461213431Z,19.77295,120.29531,Cloud to Cloud,11359,11034,6
2026-08-31T00:25:04.801911114Z,15.572686,131.04366,Cloud to Cloud,-9727,16743,6
2026-08-31T00:25:05.121048563Z,16.21122,129.75219,Cloud to Cloud,-14337,17029,13
2026-08-31T00:25:04.504949431Z,16.213334,129.812386,Cloud to Ground,-11630,0,9
2026-08-31T00:25:05.274387119Z,16.270744,129.698398,Cloud to Ground,-8967,0,17
2026-08-31T00:25:04.646505578Z,16.224871,129.854226,Cloud to Cloud,-8695,18707,12
2026-08-31T00:25:04.539821850Z,16.267277,129.828168,Cloud to Cloud,12005,3110,9
2026-08-31T00:25:05.099015020Z,16.24792,129.777891,Cloud to Ground,12013,0,7
2026-08-31T00:25:04.510290534Z,16.239953,129.816953,Cloud to Ground,13090,0,9
2026-08-31T00:25:04.549776284Z,16.244684,129.843301,Cloud to Cloud,15123,3067,10
2026-08-31T00:25:05.031034031Z,18.447031,114.110126,Cloud to Cloud,-9493,7753,7
2026-08-31T00:25:05.237755875Z,18.428139,114.071681,Cloud to Cloud,-6251,3066,8
2026-08-31T00:25:06.283144970Z,16.238332,129.151007,Cloud to Cloud,10294,3288,11
2026-08-31T00:25:06.620451343Z,17.130432,112.30987,Cloud to Ground,-36138,0,11
2026-08-31T00:25:06.470731133Z,17.083284,112.281904,Cloud to Ground,-23527,0,12
2026-08-31T00:25:06.452655764Z,17.073431,112.215482,Cloud to Cloud,-9226,13390,9
2026-08-31T00:25:06.523509134Z,17.155328,112.30683,Cloud to Ground,23222,0,10
2026-08-31T00:25:06.540408687Z,18.544279,115.080114,Cloud to Ground,14987,0,10
2026-08-31T00:25:06.650374735Z,18.549055,115.191455,Cloud to Ground,-9647,0,7
2026-08-31T00:25:07.069380293Z,8.284417,117.427001,Cloud to Cloud,-25764,3008,9
2026-08-31T00:25:07.961942332Z,14.56255,132.042273,Cloud to Ground,-19618,0,10
2026-08-31T00:25:07.466216722Z,14.373814,132.069045,Cloud to Ground,13850,0,7
2026-08-31T00:25:11.008522241Z,19.392816,116.781837,Cloud to Ground,15652,0,12
2026-08-31T00:25:11.377025870Z,19.268323,116.634596,Cloud to Cloud,11606,16304,6
2026-08-31T00:25:11.009481731Z,19.348907,116.598324,Cloud to Ground,25450,0,11
2026-08-31T00:25:14.681649708Z,14.250699,134.116899,Cloud to Ground,26510,0,15
2026-08-31T00:25:14.805976123Z,14.213809,134.138175,Cloud to Ground,29633,0,10
2026-08-31T00:25:14.752398341Z,14.253176,134.119662,Cloud to Ground,48267,0,15
2026-08-31T00:25:14.964529380Z,14.226816,133.966526,Cloud to Ground,-11963,0,12
2026-08-31T00:25:16.165525157Z,8.569307,118.01793,Cloud to Ground,-13193,0,7
2026-08-31T00:25:17.952138614Z,19.038427,115.876824,Cloud to Ground,13972,0,10
2026-08-31T00:25:17.290696888Z,17.492531,112.653905,Cloud to Cloud,-39069,7122,12
2026-08-31T00:25:17.274442135Z,17.493307,112.565307,Cloud to Cloud,-18280,3305,10
2026-08-31T00:25:17.373748488Z,17.513822,112.654625,Cloud to Ground,30128,0,12
2026-08-31T00:25:18.783568665Z,15.437201,130.917985,Cloud to Cloud,-11686,7759,13
2026-08-31T00:25:18.212506718Z,17.248971,127.042665,Cloud to Ground,61332,0,12
2026-08-31T00:25:18.179859616Z,19.820165,120.289885,Cloud to Cloud,6032,13144,6
2026-08-31T00:25:18.009489585Z,19.807281,120.289766,Cloud to Cloud,6357,15793,6
2026-08-31T00:25:19.655338627Z,14.519464,133.323164,Cloud to Ground,-184362,0,15
2026-08-31T00:25:19.534892964Z,14.585509,133.2784,Cloud to Cloud,-12858,3666,13
2026-08-31T00:25:19.545227468Z,14.531769,133.315886,Cloud to Ground,-11074,0,10
2026-08-31T00:25:19.534211227Z,14.512787,133.325362,Cloud to Cloud,-9492,5599,12
2026-08-31T00:25:19.302216553Z,19.69992,115.768349,Cloud to Ground,9249,0,8
2026-08-31T00:25:20.358991994Z,17.060253,112.226492,Cloud to Ground,-56264,0,13
2026-08-31T00:25:20.335825136Z,17.03638,112.154461,Cloud to Cloud,-10990,7409,8
2026-08-31T00:25:20.423852000Z,17.0525,112.1839,Cloud to Ground,15229,0,9
2026-08-31T00:25:22.302262072Z,15.45191,131.145863,Cloud to Ground,11348,0,12
2026-08-31T00:25:22.204851538Z,18.316716,114.807685,Cloud to Ground,9093,0,9
2026-08-31T00:25:22.161109339Z,18.279315,114.713946,Cloud to Cloud,11617,3222,5
2026-08-31T00:25:22.163447432Z,18.309111,114.656382,Cloud to Ground,28834,0,7
2026-08-31T00:25:22.290799814Z,19.382514,120.043578,Cloud to Cloud,6850,7752,5
2026-08-31T00:25:22.530824598Z,19.382272,120.113079,Cloud to Cloud,7254,10268,9
2026-08-31T00:25:22.468068079Z,19.305514,120.053466,Cloud to Cloud,7925,18375,6
2026-08-31T00:25:22.259251655Z,18.844295,116.762861,Cloud to Cloud,-8951,8707,8
2026-08-31T00:25:25.465310097Z,10.711573,111.449934,Cloud to Cloud,9684,13013,6
2026-08-31T00:25:25.452148761Z,10.663626,111.436742,Cloud to Ground,9898,0,9
2026-08-31T00:25:26.262264871Z,14.247907,133.72861,Cloud to Ground,-31636,0,13
2026-08-31T00:25:26.443363168Z,14.169846,133.757559,Cloud to Ground,-23770,0,9
2026-08-31T00:25:26.263110070Z,14.268288,133.718824,Cloud to Ground,-14464,0,12
2026-08-31T00:25:26.261802554Z,14.244594,133.55721,Cloud to Cloud,-17188,8818,11
2026-08-31T00:25:26.359352360Z,14.218969,133.563433,Cloud to Ground,38158,0,12
2026-08-31T00:25:26.352426489Z,14.384228,133.661611,Cloud to Ground,-13467,0,12
2026-08-31T00:25:26.340189344Z,14.322437,133.636597,Cloud to Ground,-10270,0,7
2026-08-31T00:25:26.804484088Z,14.328333,133.873716,Cloud to Ground,-12791,0,8
2026-08-31T00:25:26.043538239Z,16.070162,129.58295,Cloud to Ground,-16530,0,11
2026-08-31T00:25:26.253983276Z,16.067095,129.577717,Cloud to Ground,-14733,0,10
2026-08-31T00:25:26.460477343Z,16.056689,129.458091,Cloud to Ground,-11381,0,8
2026-08-31T00:25:26.138272467Z,16.093534,129.427152,Cloud to Ground,-11128,0,13
2026-08-31T00:25:27.440801882Z,14.52455,132.155832,Cloud to Cloud,-11630,8843,12
2026-08-31T00:25:27.448290592Z,14.500027,132.257893,Cloud to Cloud,-8248,12436,6
2026-08-31T00:25:27.436619672Z,14.496015,132.247718,Cloud to Ground,8526,0,10
2026-08-31T00:25:27.437197192Z,14.498858,132.252331,Cloud to Ground,9748,0,11
2026-08-31T00:25:27.604459415Z,14.24416,134.016938,Cloud to Ground,-15918,0,11
2026-08-31T00:25:27.646511603Z,14.265415,134.059388,Cloud to Ground,-7945,0,5
2026-08-31T00:25:27.220430839Z,14.221819,133.998422,Cloud to Ground,68153,0,19
2026-08-31T00:25:28.230214014Z,16.914014,127.905499,Cloud to Cloud,-8934,3004,6
2026-08-31T00:25:27.852098605Z,16.941031,127.856229,Cloud to Ground,14707,0,12
2026-08-31T00:25:27.998789090Z,16.491079,128.79083,Cloud to Cloud,-7257,7806,9
2026-08-31T00:25:28.000657944Z,16.478555,128.809758,Cloud to Ground,14493,0,12
2026-08-31T00:25:30.132601993Z,19.951937,120.80629,Cloud to Cloud,8108,7416,12
2026-08-31T00:25:30.133231026Z,19.984428,120.961224,Cloud to Ground,-58356,0,17
2026-08-31T00:25:30.238586340Z,19.999356,121.012015,Cloud to Cloud,6569,14238,7
2026-08-31T00:25:30.438631447Z,19.986947,120.948778,Cloud to Cloud,9585,18185,9
2026-08-31T00:25:30.132005116Z,19.982276,120.939175,Cloud to Cloud,14482,10086,10
2026-08-31T00:25:30.408413798Z,19.997956,120.898374,Cloud to Cloud,14696,10604,8
2026-08-31T00:25:30.340643339Z,19.913402,120.911091,Cloud to Cloud,14904,19747,7
2026-08-31T00:25:30.343659458Z,19.815691,120.296013,Cloud to Cloud,7768,6535,6
2026-08-31T00:25:31.170491993Z,16.011417,129.94378,Cloud to Ground,-39488,0,16
2026-08-31T00:25:31.360883742Z,16.0735,129.852264,Cloud to Ground,-24081,0,14
2026-08-31T00:25:30.657151296Z,15.969572,129.928336,Cloud to Cloud,-23762,6681,11
2026-08-31T00:25:31.225242670Z,15.950096,129.996981,Cloud to Ground,-20075,0,8
2026-08-31T00:25:30.720844241Z,16.011128,129.910676,Cloud to Cloud,-16337,9139,7
2026-08-31T00:25:30.615444970Z,15.987454,129.917968,Cloud to Cloud,-11185,11323,11
2026-08-31T00:25:30.607906694Z,15.988361,129.934691,Cloud to Cloud,13418,6003,10
2026-08-31T00:25:31.221633195Z,16.045724,129.960886,Cloud to Ground,23488,0,10
2026-08-31T00:25:31.187807680Z,15.944867,129.934781,Cloud to Ground,26766,0,19
2026-08-31T00:25:31.889336207Z,19.864674,120.837433,Cloud to Ground,-8907,0,7
2026-08-31T00:25:31.230044876Z,18.295308,114.088859,Cloud to Ground,-46068,0,14
2026-08-31T00:25:31.672701494Z,18.288741,114.095343,Cloud to Ground,-26442,0,12
2026-08-31T00:25:31.294485453Z,18.297417,114.087633,Cloud to Cloud,-21663,3013,14
2026-08-31T00:25:31.418430673Z,18.288369,114.094153,Cloud to Ground,-13952,0,9
2026-08-31T00:25:31.387149840Z,18.300924,114.104177,Cloud to Ground,36284,0,12
2026-08-31T00:25:32.001146643Z,16.889612,128.125505,Cloud to Ground,-17709,0,8
2026-08-31T00:25:32.055173931Z,16.941202,128.069137,Cloud to Cloud,-13673,7005,8
2026-08-31T00:25:35.538448243Z,18.302603,114.718635,Cloud to Cloud,-7930,12019,8
2026-08-31T00:25:35.537716445Z,18.289982,114.731714,Cloud to Cloud,-5508,18894,7
2026-08-31T00:25:36.590178375Z,18.972248,118.751253,Cloud to Cloud,8103,19603,8
2026-08-31T00:25:37.030281605Z,19.139943,118.814319,Cloud to Cloud,-7215,3023,6
2026-08-31T00:25:38.991813465Z,17.215057,127.252629,Cloud to Cloud,-5710,14436,6
2026-08-31T00:25:38.829596820Z,17.180409,127.245149,Cloud to Cloud,13460,16199,10
2026-08-31T00:25:38.730561107Z,17.212128,127.223116,Cloud to Ground,22540,0,12
2026-08-31T00:25:38.795192101Z,17.293757,127.060301,Cloud to Cloud,7507,10501,7
2026-08-31T00:25:39.627428679Z,18.26277,113.992144,Cloud to Cloud,11687,3024,11
2026-08-31T00:25:39.991068122Z,18.258328,114.117216,Cloud to Cloud,-13290,3134,7
2026-08-31T00:25:40.091854532Z,14.070257,133.169181,Cloud to Cloud,-18046,12313,14
2026-08-31T00:25:40.098092743Z,14.088913,133.135432,Cloud to Ground,-9681,0,8
2026-08-31T00:25:40.089968643Z,14.075511,133.172679,Cloud to Ground,52408,0,14
2026-08-31T00:25:41.996572128Z,8.540822,117.974832,Cloud to Ground,-35746,0,9
2026-08-31T00:25:42.460629999Z,16.321179,129.022104,Cloud to Cloud,-7588,13060,10
2026-08-31T00:25:42.773464187Z,16.222276,129.074601,Cloud to Cloud,-11182,4860,6
2026-08-31T00:25:42.664703184Z,17.106296,112.272318,Cloud to Ground,-60570,0,12
2026-08-31T00:25:42.654220961Z,17.095264,112.274926,Cloud to Cloud,-13586,3006,9
2026-08-31T00:25:41.584491017Z,17.100387,112.27654,Cloud to Ground,-12832,0,9
2026-08-31T00:25:41.844200542Z,17.047649,112.149884,Cloud to Cloud,-11822,11715,6
2026-08-31T00:25:41.960741455Z,17.066132,112.211643,Cloud to Ground,14249,0,6
2026-08-31T00:25:42.662092749Z,17.171792,112.396873,Cloud to Cloud,-14201,5595,8
2026-08-31T00:25:43.190365161Z,16.030477,129.799255,Cloud to Cloud,-7939,17937,8
2026-08-31T00:25:43.226182086Z,16.028438,129.854834,Cloud to Cloud,-7377,3374,7
2026-08-31T00:25:45.174318569Z,14.413579,132.096748,Cloud to Ground,9224,0,7
2026-08-31T00:25:45.989458914Z,10.568589,120.141463,Cloud to Cloud,-14613,4093,8
2026-08-31T00:25:45.990913449Z,10.509537,120.185657,Cloud to Cloud,33368,15236,7
2026-08-31T00:25:46.498807393Z,15.521634,131.00139,Cloud to Cloud,11616,3044,10
2026-08-31T00:25:47.751630407Z,16.059016,129.582445,Cloud to Ground,25903,0,18
2026-08-31T00:25:48.592138356Z,16.381069,128.931343,Cloud to Cloud,-7721,12609,6
2026-08-31T00:25:48.589320330Z,16.331746,129.002403,Cloud to Cloud,15953,9969,10
2026-08-31T00:25:51.857808795Z,14.488819,132.391421,Cloud to Ground,-13806,0,12
2026-08-31T00:25:51.762225637Z,14.447513,132.44217,Cloud to Ground,-12348,0,12
2026-08-31T00:25:51.776182891Z,14.484216,132.382198,Cloud to Cloud,-11783,7484,20
2026-08-31T00:25:51.756988610Z,14.487007,132.406751,Cloud to Ground,-11721,0,17
2026-08-31T00:25:51.761780490Z,14.487786,132.429578,Cloud to Ground,-9780,0,18
2026-08-31T00:25:51.832267134Z,14.402915,132.421575,Cloud to Cloud,-8225,3040,12
2026-08-31T00:25:51.755431774Z,14.431679,132.464317,Cloud to Ground,21291,0,15
2026-08-31T00:25:51.314774001Z,14.440104,132.946675,Cloud to Ground,-23787,0,13
2026-08-31T00:25:52.428639788Z,14.437503,132.251864,Cloud to Ground,-9823,0,10
2026-08-31T00:25:52.646989980Z,16.044907,129.695723,Cloud to Ground,-11525,0,8
2026-08-31T00:25:52.658009436Z,16.055491,129.713184,Cloud to Cloud,5052,3644,9
2026-08-31T00:25:52.627359605Z,15.967396,129.741817,Cloud to Ground,17915,0,9
2026-08-31T00:25:54.439528016Z,19.835616,120.259615,Cloud to Cloud,-6017,16304,6
2026-08-31T00:25:53.943412999Z,19.821359,120.28515,Cloud to Cloud,5109,5188,5
2026-08-31T00:25:54.289390537Z,19.802799,120.299575,Cloud to Cloud,6327,6886,5
2026-08-31T00:25:54.409797732Z,19.805345,120.31587,Cloud to Cloud,6651,4582,8
2026-08-31T00:25:53.949600885Z,19.826257,120.300118,Cloud to Cloud,6830,3000,6
2026-08-31T00:25:53.995175082Z,19.808541,120.28364,Cloud to Cloud,7059,7188,5
2026-08-31T00:25:53.579265655Z,18.963431,116.851597,Cloud to Ground,-10223,0,8
2026-08-31T00:25:53.594330590Z,18.961429,116.851892,Cloud to Cloud,-9178,5453,6
2026-08-31T00:25:53.211144977Z,18.976409,116.85602,Cloud to Cloud,8662,14241,8
2026-08-31T00:25:56.016425237Z,4.760494,113.559845,Cloud to Ground,25075,0,14
2026-08-31T00:25:58.552255888Z,15.958204,129.763874,Cloud to Cloud,7472,3022,9
2026-08-31T00:25:59.840349168Z,15.97746,130.030309,Cloud to Ground,31344,0,13
2026-08-31T00:25:59.132319613Z,19.88552,120.81369,Cloud to Cloud,11302,5889,8
2026-08-31T00:25:59.130563962Z,18.932002,116.64949,Cloud to Cloud,-7970,19279,7
2026-08-31T00:26:00.348032906Z,18.303385,114.067,Cloud to Cloud,-17104,3222,11
2026-08-31T00:26:01.369314748Z,14.10661,134.902951,Cloud to Ground,-30435,0,20
2026-08-31T00:26:01.241645735Z,14.175291,134.850414,Cloud to Ground,-24366,0,16
2026-08-31T00:26:01.253317813Z,14.190038,134.832011,Cloud to Ground,-15834,0,16
2026-08-31T00:26:01.243055923Z,14.168825,134.833309,Cloud to Cloud,-10257,6718,15
2026-08-31T00:26:01.240235740Z,14.118573,134.868077,Cloud to Ground,16755,0,8
2026-08-31T00:26:01.423193464Z,16.030077,129.436158,Cloud to Ground,-17631,0,15
2026-08-31T00:26:00.972806844Z,16.102916,129.452295,Cloud to Ground,-17526,0,21
2026-08-31T00:26:01.097655728Z,16.087982,129.60644,Cloud to Ground,-20770,0,10
2026-08-31T00:26:01.098399427Z,16.079534,129.546932,Cloud to Cloud,8234,8821,8
2026-08-31T00:26:01.418872533Z,16.09834,129.30841,Cloud to Cloud,9667,6736,8
2026-08-31T00:26:02.947608773Z,19.976724,120.947891,Cloud to Ground,-30826,0,17
2026-08-31T00:26:03.024183377Z,20.013836,120.928592,Cloud to Ground,-22092,0,14
2026-08-31T00:26:03.059465718Z,20.00787,120.927013,Cloud to Ground,-14701,0,12
2026-08-31T00:26:03.354501651Z,20.072366,120.870011,Cloud to Cloud,-10075,18192,8
2026-08-31T00:26:03.264139129Z,15.49283,131.163818,Cloud to Cloud,-9435,9834,8
2026-08-31T00:26:03.296541855Z,15.491246,131.132007,Cloud to Ground,12278,0,8
2026-08-31T00:26:05.863753300Z,17.044416,127.752435,Cloud to Cloud,7516,5046,8
2026-08-31T00:26:05.869865929Z,16.944775,127.873824,Cloud to Cloud,-8019,3386,10
2026-08-31T00:26:06.924174926Z,17.152762,134.360388,Cloud to Cloud,-14420,4578,12
2026-08-31T00:26:06.925026952Z,17.151533,134.363853,Cloud to Ground,-14276,0,11
2026-08-31T00:26:06.926241330Z,17.182377,134.35962,Cloud to Ground,-13330,0,9
2026-08-31T00:26:06.977368583Z,17.156484,134.370812,Cloud to Ground,-13062,0,13
2026-08-31T00:26:06.922441257Z,17.147486,134.375698,Cloud to Cloud,-12583,3137,9
2026-08-31T00:26:06.923757377Z,17.160119,134.352823,Cloud to Cloud,-9551,3714,9
2026-08-31T00:26:06.027798781Z,16.796168,127.936788,Cloud to Cloud,6877,14543,7
2026-08-31T00:26:06.234746736Z,16.823332,127.926957,Cloud to Cloud,8597,19296,7
2026-08-31T00:26:07.670846698Z,14.271303,133.964341,Cloud to Ground,-12175,0,11
2026-08-31T00:26:07.705945864Z,14.23976,134.013641,Cloud to Ground,9600,0,10
2026-08-31T00:26:07.700886875Z,17.055044,112.231981,Cloud to Ground,-37613,0,12
2026-08-31T00:26:07.783652026Z,17.064709,112.112661,Cloud to Ground,-21803,0,17
2026-08-31T00:26:07.849819078Z,17.068617,112.232711,Cloud to Ground,-19851,0,8
2026-08-31T00:26:07.742663415Z,17.045206,112.233131,Cloud to Ground,-15726,0,6
2026-08-31T00:26:08.055070684Z,17.071242,112.230983,Cloud to Ground,-14932,0,8
2026-08-31T00:26:08.217715114Z,17.063551,112.245409,Cloud to Cloud,14275,9749,12
2026-08-31T00:26:08.149781415Z,17.033276,112.087649,Cloud to Ground,16238,0,9
2026-08-31T00:26:08.112989460Z,17.06176,112.153898,Cloud to Cloud,18719,15732,11
2026-08-31T00:26:07.763393530Z,17.083363,112.25576,Cloud to Ground,25448,0,14
2026-08-31T00:26:07.918176993Z,17.058035,112.24528,Cloud to Ground,33554,0,12
2026-08-31T00:26:07.348313866Z,19.811838,120.267019,Cloud to Cloud,7708,3480,5
2026-08-31T00:26:08.063028513Z,14.204491,134.100092,Cloud to Ground,-14899,0,13
2026-08-31T00:26:08.419859318Z,14.191278,134.110675,Cloud to Ground,15812,0,8
2026-08-31T00:26:11.986935838Z,17.546447,112.617038,Cloud to Ground,10874,0,6
2026-08-31T00:26:12.309472318Z,17.57584,112.696938,Cloud to Cloud,10969,3001,6
2026-08-31T00:26:11.997439747Z,17.538144,112.629804,Cloud to Ground,11830,0,11
2026-08-31T00:26:11.764337067Z,16.236262,129.107248,Cloud to Cloud,8152,6320,11
2026-08-31T00:26:11.840795646Z,16.240455,129.089857,Cloud to Cloud,10759,19041,11
2026-08-31T00:26:11.806952765Z,16.371893,128.981673,Cloud to Cloud,-7334,14207,11
2026-08-31T00:26:11.732645000Z,16.3158,128.958,Cloud to Ground,-836,0,6
2026-08-31T00:26:11.073482474Z,17.090827,112.26714,Cloud to Ground,-11777,0,6
2026-08-31T00:26:13.186649801Z,17.910244,112.979051,Cloud to Cloud,-11229,4441,6
2026-08-31T00:26:13.139994560Z,17.927636,113.029194,Cloud to Ground,77526,0,14
2026-08-31T00:26:14.095572075Z,18.387716,114.856685,Cloud to Ground,-50878,0,13
2026-08-31T00:26:14.084621456Z,18.378051,114.870606,Cloud to Ground,-49660,0,18
2026-08-31T00:26:14.114560974Z,18.386465,114.856216,Cloud to Ground,-30332,0,14
2026-08-31T00:26:14.142490400Z,18.38877,114.856516,Cloud to Ground,-27483,0,13
2026-08-31T00:26:14.180337645Z,18.391594,114.854143,Cloud to Ground,-18891,0,8
2026-08-31T00:26:14.685184213Z,18.752178,115.701384,Cloud to Cloud,6824,18559,5
2026-08-31T00:26:15.489560999Z,16.019432,129.878902,Cloud to Cloud,-9034,3178,7
2026-08-31T00:26:15.514932595Z,16.023236,129.812444,Cloud to Cloud,9589,7577,12
2026-08-31T00:26:15.451649899Z,15.986241,129.9041,Cloud to Cloud,12760,16678,10
2026-08-31T00:26:15.120069962Z,16.030373,129.815174,Cloud to Ground,29342,0,21
2026-08-31T00:26:16.976710158Z,15.365246,130.857385,Cloud to Cloud,-8276,12304,7
2026-08-31T00:26:16.868053285Z,18.715969,115.605397,Cloud to Ground,-7582,0,6
2026-08-31T00:26:17.698370773Z,15.465088,130.997589,Cloud to Ground,-34586,0,28
2026-08-31T00:26:17.895807124Z,15.553619,131.079887,Cloud to Ground,-27435,0,15
2026-08-31T00:26:17.757726023Z,15.499433,131.138935,Cloud to Ground,18377,0,11
2026-08-31T00:26:17.191194390Z,15.332779,131.028221,Cloud to Ground,-24527,0,9
2026-08-31T00:26:16.961113857Z,15.367011,131.039342,Cloud to Cloud,-10109,4041,7
2026-08-31T00:26:18.024035374Z,14.265796,134.194008,Cloud to Cloud,-15011,17666,12
2026-08-31T00:26:18.022927994Z,14.251037,134.209968,Cloud to Ground,13002,0,9
2026-08-31T00:26:19.789961174Z,18.328663,114.791374,Cloud to Cloud,-26387,3046,11
2026-08-31T00:26:19.917382407Z,18.334393,114.788426,Cloud to Cloud,-13230,3639,9
2026-08-31T00:26:19.826248572Z,18.335444,114.779673,Cloud to Cloud,-10097,3558,7
2026-08-31T00:26:19.904248981Z,18.306724,114.783953,Cloud to Cloud,-9662,5401,8
2026-08-31T00:26:20.015778834Z,18.321923,114.786169,Cloud to Cloud,7557,3078,7
2026-08-31T00:26:19.785167356Z,18.318114,114.787609,Cloud to Ground,14547,0,9
2026-08-31T00:26:20.170644795Z,8.546715,118.007084,Cloud to Ground,-14440,0,9
2026-08-31T00:26:20.126134314Z,8.418668,117.942999,Cloud to Cloud,9800,5151,7
2026-08-31T00:26:20.570630602Z,14.473285,132.676655,Cloud to Ground,-20313,0,10
2026-08-31T00:26:20.567692804Z,14.440838,132.703061,Cloud to Ground,-15128,0,9
2026-08-31T00:26:20.573999825Z,14.448386,132.689593,Cloud to Cloud,-14036,4286,13
2026-08-31T00:26:20.582540544Z,14.514752,132.679646,Cloud to Ground,-10303,0,13
2026-08-31T00:26:20.569720987Z,14.456161,132.705551,Cloud to Ground,32051,0,14
2026-08-31T00:26:20.569276589Z,14.445835,132.708055,Cloud to Ground,39272,0,14
2026-08-31T00:26:20.591714956Z,14.356691,132.761291,Cloud to Ground,-12372,0,9
2026-08-31T00:26:20.742010692Z,10.702616,111.450848,Cloud to Cloud,10642,3698,10
2026-08-31T00:26:21.405975043Z,15.540912,130.973556,Cloud to Ground,22179,0,10
2026-08-31T00:26:22.217994972Z,18.284032,114.016755,Cloud to Cloud,5904,6901,7
2026-08-31T00:26:22.272477579Z,18.285626,113.974143,Cloud to Cloud,6514,5976,8
2026-08-31T00:26:22.272004357Z,18.304765,114.112359,Cloud to Ground,-10790,0,9
2026-08-31T00:26:22.743959612Z,15.884597,129.978533,Cloud to Cloud,11903,5876,12
2026-08-31T00:26:24.870777581Z,19.083742,118.901048,Cloud to Ground,51175,0,14
2026-08-31T00:26:25.811080573Z,8.266279,117.65288,Cloud to Cloud,23212,8029,7
2026-08-31T00:26:25.946306583Z,14.356013,132.456507,Cloud to Ground,23596,0,17
2026-08-31T00:26:25.783502413Z,19.205956,118.702229,Cloud to Cloud,11171,7497,7
2026-08-31T00:26:26.683840776Z,14.445587,131.939755,Cloud to Cloud,-8948,5763,19
2026-08-31T00:26:26.632585283Z,14.445725,132.085007,Cloud to Cloud,-13121,3020,11
2026-08-31T00:26:26.652667435Z,14.467975,132.085294,Cloud to Cloud,13430,7070,13
2026-08-31T00:26:26.975393821Z,16.075971,129.181273,Cloud to Cloud,7827,13335,9
2026-08-31T00:26:28.166409894Z,15.965726,129.648874,Cloud to Cloud,-10543,3104,8
2026-08-31T00:26:29.133921346Z,16.03631,129.598146,Cloud to Cloud,-10922,3003,7
2026-08-31T00:26:29.007629916Z,16.076662,129.516257,Cloud to Cloud,-9963,19717,7
2026-08-31T00:26:28.963201549Z,16.079921,129.583409,Cloud to Ground,21452,0,11
2026-08-31T00:26:28.925367660Z,16.074016,129.57596,Cloud to Ground,22880,0,17
2026-08-31T00:26:30.607747866Z,17.212928,127.176562,Cloud to Ground,40040,0,12
2026-08-31T00:26:30.251780436Z,18.754922,115.718137,Cloud to Ground,49420,0,7
2026-08-31T00:26:31.871014681Z,19.789832,120.278046,Cloud to Ground,16786,0,9
2026-08-31T00:26:31.836224661Z,19.804485,120.372628,Cloud to Cloud,5103,19095,8
2026-08-31T00:26:32.751129402Z,17.233182,127.193093,Cloud to Ground,-19471,0,8
2026-08-31T00:26:32.554520751Z,17.211038,127.243299,Cloud to Cloud,-10111,19081,9
2026-08-31T00:26:32.426334546Z,18.491102,114.087257,Cloud to Cloud,-14625,8014,8
2026-08-31T00:26:32.422928000Z,18.4827,114.1095,Cloud to Ground,16943,0,5
2026-08-31T00:26:32.420963866Z,18.481369,114.006851,Cloud to Ground,20392,0,9
2026-08-31T00:26:34.807878912Z,4.759093,113.594801,Cloud to Ground,-27407,0,8
2026-08-31T00:26:34.865019000Z,4.7585,113.5177,Cloud to Ground,22313,0,6
2026-08-31T00:26:34.823555521Z,4.764645,113.604482,Cloud to Ground,40078,0,17
2026-08-31T00:26:34.970168759Z,16.25949,129.050755,Cloud to Cloud,18412,17513,12
2026-08-31T00:26:34.971651978Z,16.336479,129.029497,Cloud to Ground,34295,0,13
2026-08-31T00:26:34.969381159Z,16.18842,129.175025,Cloud to Cloud,13794,5433,8
2026-08-31T00:26:34.556682668Z,16.94197,128.027366,Cloud to Cloud,-8836,7023,9
2026-08-31T00:26:35.783800876Z,17.182828,112.35467,Cloud to Ground,-13153,0,7
2026-08-31T00:26:35.515701657Z,17.193806,112.413493,Cloud to Ground,-11770,0,10
2026-08-31T00:26:35.646971573Z,17.168669,112.30396,Cloud to Cloud,-7643,4250,8
2026-08-31T00:26:35.804731617Z,17.128536,112.254802,Cloud to Cloud,6252,9630,6
2026-08-31T00:26:35.514321009Z,17.179341,112.324262,Cloud to Cloud,8428,10673,10
2026-08-31T00:26:35.512243660Z,17.182607,112.313059,Cloud to Ground,13593,0,8
2026-08-31T00:26:35.509819288Z,17.190482,112.316387,Cloud to Ground,47765,0,13
2026-08-31T00:26:36.205478055Z,15.975545,130.037139,Cloud to Ground,11050,0,7
2026-08-31T00:26:37.044021148Z,16.97143,127.943078,Cloud to Cloud,13521,5356,9
2026-08-31T00:26:38.481600052Z,15.89009,130.19479,Cloud to Ground,-40362,0,14
2026-08-31T00:26:48.115595660Z,19.863545,120.846828,Cloud to Ground,-9290,0,7
2026-08-31T00:26:49.663016532Z,15.352036,130.93153,Cloud to Cloud,-7917,15705,9
2026-08-31T00:26:49.638192655Z,15.346547,131.029677,Cloud to Ground,-24221,0,14
2026-08-31T00:26:52.893829909Z,19.565311,120.160238,Cloud to Cloud,9863,4918,7
2026-08-31T00:26:52.915887530Z,19.584722,120.166436,Cloud to Cloud,11035,7363,9
2026-08-31T00:26:52.884621180Z,19.584117,120.163045,Cloud to Cloud,20745,16803,8
2026-08-31T00:26:53.140018911Z,19.793756,119.935895,Cloud to Cloud,7568,6286,5
2026-08-31T00:26:53.125918336Z,19.855981,119.966732,Cloud to Cloud,9873,14476,9
2026-08-31T00:26:53.126437250Z,19.78957,119.929861,Cloud to Cloud,13232,16850,12
2026-08-31T00:26:54.426877300Z,19.091394,116.70699,Cloud to Cloud,-11018,6478,8
2026-08-31T00:26:55.067435436Z,15.989291,129.473381,Cloud to Cloud,-11608,13186,10
2026-08-31T00:26:55.145967564Z,16.018185,129.417322,Cloud to Cloud,-9746,17519,8
2026-08-31T00:26:55.904765414Z,16.300568,129.168981,Cloud to Cloud,24231,10458,12
2026-08-31T00:26:55.125755592Z,15.946065,129.999458,Cloud to Ground,21463,0,9
2026-08-31T00:26:56.861063860Z,8.546867,118.029891,Cloud to Ground,-23557,0,6
2026-08-31T00:26:56.830368043Z,8.578458,118.056209,Cloud to Cloud,-12314,4126,12
2026-08-31T00:26:57.164007409Z,8.609994,117.999677,Cloud to Cloud,25352,18186,6
2026-08-31T00:26:56.317163922Z,17.079371,112.186349,Cloud to Ground,-19180,0,11
2026-08-31T00:26:56.222589042Z,17.069816,112.23222,Cloud to Cloud,-14972,10516,8
2026-08-31T00:26:56.295967987Z,17.073557,112.299746,Cloud to Ground,-14653,0,8
2026-08-31T00:26:56.250836941Z,17.069563,112.150129,Cloud to Ground,32611,0,7
2026-08-31T00:26:56.369463173Z,17.130517,112.373716,Cloud to Cloud,14563,4075,10
2026-08-31T00:26:57.736731962Z,19.383744,116.679226,Cloud to Cloud,-14268,7982,6
2026-08-31T00:26:58.084601518Z,19.351859,116.711719,Cloud to Cloud,-7453,17482,6
2026-08-31T00:26:57.730128000Z,19.3924,116.6499,Cloud to Ground,10872,0,9
2026-08-31T00:26:57.743201237Z,19.38989,116.702409,Cloud to Cloud,11699,3036,7
2026-08-31T00:27:00.376010374Z,16.300868,129.043306,Cloud to Cloud,13827,3818,7
2026-08-31T00:27:00.377725685Z,16.297505,129.030478,Cloud to Cloud,16410,3308,8
2026-08-31T00:27:02.582907050Z,19.776585,120.337093,Cloud to Cloud,-6493,18081,6
2026-08-31T00:27:01.909930363Z,19.827866,120.299398,Cloud to Cloud,5621,18820,6
2026-08-31T00:27:01.907317403Z,19.821906,120.289949,Cloud to Cloud,7602,11613,5
2026-08-31T00:27:01.974453112Z,19.819887,120.287681,Cloud to Cloud,9211,17910,5
2026-08-31T00:27:01.973057506Z,19.818258,120.282222,Cloud to Cloud,12125,18661,7
2026-08-31T00:27:02.022219018Z,19.881809,120.336139,Cloud to Ground,14147,0,7
2026-08-31T00:27:07.498604099Z,14.445149,132.385378,Cloud to Cloud,14111,4001,7
2026-08-31T00:27:07.481793726Z,14.560178,132.255131,Cloud to Ground,-28415,0,9
2026-08-31T00:27:07.495163424Z,14.546031,132.349162,Cloud to Cloud,-11192,3113,8
2026-08-31T00:27:07.482371817Z,14.574982,132.333823,Cloud to Ground,-10560,0,10
2026-08-31T00:27:08.818995993Z,14.357517,132.259697,Cloud to Ground,-14619,0,12
2026-08-31T00:27:09.271886986Z,14.342532,132.291245,Cloud to Cloud,-10315,3973,8
2026-08-31T00:27:09.300981984Z,14.362257,132.254569,Cloud to Ground,-7150,0,17
2026-08-31T00:27:08.813971924Z,14.321758,132.291097,Cloud to Ground,10840,0,9
2026-08-31T00:27:08.813034157Z,14.343493,132.262916,Cloud to Ground,24642,0,12
2026-08-31T00:27:08.223719061Z,15.563847,130.984035,Cloud to Ground,14120,0,11
2026-08-31T00:27:08.874603234Z,16.920131,127.932201,Cloud to Ground,-12011,0,8
2026-08-31T00:27:09.970496717Z,17.167806,127.244626,Cloud to Cloud,-12845,3024,8
2026-08-31T00:27:10.868617570Z,16.079576,129.775585,Cloud to Cloud,-10870,3072,11
2026-08-31T00:27:11.492829298Z,15.376687,131.062652,Cloud to Ground,-64771,0,14
2026-08-31T00:27:11.038894828Z,15.393697,131.047077,Cloud to Ground,-13877,0,8
2026-08-31T00:27:11.601205023Z,18.413333,114.701834,Cloud to Cloud,8147,4558,8
2026-08-31T00:27:11.289562421Z,18.312156,114.714616,Cloud to Cloud,10677,5703,8
2026-08-31T00:27:11.245452013Z,18.322153,114.803698,Cloud to Ground,22911,0,10
2026-08-31T00:27:12.892146276Z,16.942209,128.069695,Cloud to Ground,-22364,0,14
2026-08-31T00:27:13.582930186Z,18.850581,115.797538,Cloud to Ground,8791,0,9
2026-08-31T00:27:13.586601853Z,18.831785,115.797212,Cloud to Ground,10998,0,9
2026-08-31T00:27:14.437106436Z,19.1517,118.892207,Cloud to Cloud,-9844,3011,14
2026-08-31T00:27:14.440162463Z,19.147924,118.878036,Cloud to Cloud,7147,18154,5
2026-08-31T00:27:14.623774630Z,19.156249,118.870153,Cloud to Cloud,8236,4248,9
2026-08-31T00:27:14.598719584Z,19.139588,118.86817,Cloud to Ground,31835,0,12
2026-08-31T00:27:16.221165666Z,14.47306,132.062806,Cloud to Ground,-22086,0,11
2026-08-31T00:27:16.203938848Z,14.458498,132.084097,Cloud to Cloud,26894,16774,15
2026-08-31T00:27:16.186697725Z,14.448101,132.077621,Cloud to Ground,35759,0,20
2026-08-31T00:27:16.261329368Z,16.228005,129.829636,Cloud to Cloud,-20979,13784,12
2026-08-31T00:27:16.263498970Z,16.253161,129.83661,Cloud to Ground,-18088,0,9
2026-08-31T00:27:16.366290380Z,16.22341,129.828747,Cloud to Ground,11789,0,8
2026-08-31T00:27:16.260372964Z,16.263326,129.843827,Cloud to Ground,45656,0,16
2026-08-31T00:27:16.797380887Z,15.974596,129.941644,Cloud to Cloud,-12029,3177,7
2026-08-31T00:27:16.822389362Z,15.952024,129.945192,Cloud to Cloud,-11573,15734,9
2026-08-31T00:27:16.776870371Z,15.92613,129.958055,Cloud to Cloud,11170,5830,7
2026-08-31T00:27:16.841152556Z,16.031881,129.921965,Cloud to Cloud,13906,3881,9
2026-08-31T00:27:16.774215155Z,16.021488,129.929539,Cloud to Ground,42426,0,14
2026-08-31T00:27:17.989816925Z,18.318037,114.121441,Cloud to Ground,-32656,0,12
2026-08-31T00:27:18.361879674Z,18.327184,114.120987,Cloud to Cloud,-21175,3050,10
2026-08-31T00:27:17.882669655Z,18.314199,114.049195,Cloud to Cloud,-13675,3320,7
2026-08-31T00:27:18.389224254Z,18.337844,114.116916,Cloud to Ground,-8687,0,9
2026-08-31T00:27:18.573295576Z,18.32232,114.121456,Cloud to Cloud,8230,13516,10
2026-08-31T00:27:17.934053183Z,18.329222,114.126154,Cloud to Cloud,13072,3282,8
2026-08-31T00:27:17.904718780Z,18.332818,114.108353,Cloud to Ground,102419,0,20
2026-08-31T00:27:18.453846121Z,15.897495,130.222174,Cloud to Ground,-10458,0,9
2026-08-31T00:27:19.841030752Z,14.272348,132.865736,Cloud to Ground,-15629,0,15
2026-08-31T00:27:19.279863716Z,15.994207,129.437895,Cloud to Ground,-18570,0,8
2026-08-31T00:27:19.186489231Z,16.067592,129.566178,Cloud to Ground,-58410,0,17
2026-08-31T00:27:19.398217968Z,16.073732,129.563911,Cloud to Ground,-22795,0,10
2026-08-31T00:27:19.708297000Z,16.08,129.4827,Cloud to Ground,-16508,0,5
2026-08-31T00:27:19.899975462Z,16.099928,129.445268,Cloud to Ground,-10050,0,11
2026-08-31T00:27:19.792613483Z,16.077954,129.593166,Cloud to Ground,14518,0,7
2026-08-31T00:27:19.462668687Z,16.087116,129.600266,Cloud to Ground,22861,0,7
2026-08-31T00:27:19.312280679Z,16.072439,129.592328,Cloud to Ground,40321,0,14
2026-08-31T00:27:20.634037705Z,19.82332,120.28978,Cloud to Cloud,5228,16659,8
2026-08-31T00:27:20.547058310Z,19.818093,120.294671,Cloud to Cloud,6898,4535,6
2026-08-31T00:27:22.796603794Z,16.461344,128.926439,Cloud to Cloud,-9610,17223,10
2026-08-31T00:27:22.569927763Z,16.447983,128.874485,Cloud to Cloud,-7280,3045,7
2026-08-31T00:27:22.561390771Z,16.39941,128.944204,Cloud to Cloud,-4871,3007,7
2026-08-31T00:27:25.680623418Z,4.741499,113.503096,Cloud to Cloud,-8041,17041,7
2026-08-31T00:27:27.577665210Z,16.332853,130.327559,Cloud to Cloud,-28920,7057,9
2026-08-31T00:27:27.637539106Z,16.28441,130.374571,Cloud to Ground,-23428,0,14
2026-08-31T00:27:27.448799100Z,16.304428,130.238881,Cloud to Ground,-18241,0,12
2026-08-31T00:27:27.528394385Z,16.300329,130.411927,Cloud to Ground,45398,0,11
2026-08-31T00:27:27.444119789Z,16.919047,127.860769,Cloud to Cloud,14133,9279,8
2026-08-31T00:27:29.567260786Z,15.861843,130.000577,Cloud to Cloud,8513,3057,7
2026-08-31T00:27:29.515754665Z,16.30115,129.057075,Cloud to Ground,17810,0,11
2026-08-31T00:27:34.460397174Z,14.30026,134.188072,Cloud to Ground,-10091,0,7
2026-08-31T00:27:36.479851531Z,15.499099,131.111407,Cloud to Cloud,-9842,14234,7
2026-08-31T00:27:37.866444623Z,16.058554,129.816561,Cloud to Cloud,-10039,5166,7
2026-08-31T00:27:37.035117000Z,10.612,120.1058,Cloud to Ground,-14043,0,9
2026-08-31T00:27:38.423560000Z,19.9967,120.9136,Cloud to Ground,-171953,0,10
2026-08-31T00:27:38.479727873Z,19.992111,120.941551,Cloud to Ground,-98994,0,12
2026-08-31T00:27:39.101222341Z,19.998041,120.953094,Cloud to Ground,-39375,0,14
2026-08-31T00:27:38.442242200Z,19.983142,120.941792,Cloud to Cloud,8783,18017,9
2026-08-31T00:27:38.619599403Z,16.095123,129.75497,Cloud to Cloud,-13751,3393,7
2026-08-31T00:27:39.200876238Z,20.073031,120.872471,Cloud to Cloud,12940,17518,8
2026-08-31T00:27:40.592454927Z,8.271658,117.428119,Cloud to Cloud,11810,19304,7
2026-08-31T00:27:40.595759132Z,8.287992,117.417086,Cloud to Cloud,20400,3054,7
2026-08-31T00:27:42.448904646Z,4.874239,113.595543,Cloud to Ground,-32591,0,14
2026-08-31T00:27:42.395010439Z,4.768189,113.573475,Cloud to Ground,-25033,0,15
2026-08-31T00:27:42.442537252Z,4.806407,113.586798,Cloud to Cloud,-17164,3371,8
2026-08-31T00:27:42.541398599Z,4.760419,113.599632,Cloud to Ground,25883,0,12
2026-08-31T00:27:42.706489673Z,14.481893,132.478057,Cloud to Cloud,-18934,3040,9
2026-08-31T00:27:42.705473007Z,14.504481,132.645343,Cloud to Ground,-14824,0,17
2026-08-31T00:27:42.704517587Z,14.498141,132.670814,Cloud to Cloud,-10703,7814,14
2026-08-31T00:27:42.716599755Z,14.445765,132.688871,Cloud to Ground,-10264,0,7
2026-08-31T00:27:42.775762720Z,19.829833,120.308425,Cloud to Cloud,10275,13094,6
2026-08-31T00:27:45.343674940Z,14.25027,133.198391,Cloud to Ground,-8492,0,13
2026-08-31T00:27:52.274968148Z,19.384045,116.676846,Cloud to Cloud,-6644,3057,6
2026-08-31T00:27:52.278645000Z,19.4123,116.5989,Cloud to Ground,26131,0,8
2026-08-31T00:27:54.104520771Z,14.469564,132.087333,Cloud to Cloud,-15600,3035,10
2026-08-31T00:27:54.197677710Z,14.455047,132.077678,Cloud to Cloud,-7789,10788,7
2026-08-31T00:27:54.951501026Z,15.989667,129.939201,Cloud to Ground,-49610,0,11
2026-08-31T00:27:54.592391254Z,15.994071,129.929772,Cloud to Cloud,-23392,3089,7
2026-08-31T00:27:54.710819278Z,15.954555,129.96403,Cloud to Ground,-14389,0,9
2026-08-31T00:27:54.681295668Z,15.935311,129.942766,Cloud to Cloud,-11244,19054,14
2026-08-31T00:27:54.660828359Z,15.988232,129.962055,Cloud to Cloud,-9289,3825,11
2026-08-31T00:27:54.952777300Z,15.977497,129.980067,Cloud to Cloud,-7479,3362,12
2026-08-31T00:27:54.629442000Z,16.012,129.8584,Cloud to Ground,16162,0,7
2026-08-31T00:27:55.697186102Z,16.205275,130.023422,Cloud to Cloud,27850,9765,12
2026-08-31T00:27:55.696131000Z,16.3187,129.9124,Cloud to Ground,1965,0,6
2026-08-31T00:27:55.740936668Z,19.435034,119.996945,Cloud to Cloud,-9479,3249,5
2026-08-31T00:27:55.718586934Z,19.353863,120.070148,Cloud to Cloud,-6874,18699,6
2026-08-31T00:27:55.868562703Z,19.397147,120.027588,Cloud to Cloud,5721,6260,7
2026-08-31T00:27:55.186573033Z,19.494887,120.058641,Cloud to Cloud,9638,16505,8
2026-08-31T00:27:55.577669498Z,18.608334,115.165181,Cloud to Cloud,20404,5475,10
2026-08-31T00:27:55.574791718Z,18.603463,115.091045,Cloud to Ground,73356,0,9
2026-08-31T00:27:56.837505459Z,16.03982,129.828369,Cloud to Ground,-9081,0,8
2026-08-31T00:27:57.340229996Z,16.026226,129.818449,Cloud to Cloud,-8397,7545,6
2026-08-31T00:27:57.646566509Z,14.025204,134.110117,Cloud to Cloud,10322,3781,9
2026-08-31T00:27:57.655900517Z,14.22869,134.040826,Cloud to Ground,-11279,0,8
2026-08-31T00:27:57.649607479Z,14.273106,133.926175,Cloud to Ground,-12107,0,9
2026-08-31T00:27:58.220286385Z,18.874265,116.778033,Cloud to Ground,-112297,0,14
2026-08-31T00:27:58.219469016Z,18.876192,116.771758,Cloud to Cloud,-14160,11793,9
2026-08-31T00:27:58.239945091Z,18.868744,116.77962,Cloud to Cloud,18581,18120,16
2026-08-31T00:27:58.697604355Z,18.378748,114.8864,Cloud to Cloud,-41397,3017,11
2026-08-31T00:27:58.685183954Z,18.398807,114.801957,Cloud to Cloud,-13154,3020,8
2026-08-31T00:27:58.742520804Z,18.418699,114.754652,Cloud to Cloud,-8898,4394,11
2026-08-31T00:27:58.769629000Z,18.41,114.7945,Cloud to Ground,35838,0,6
2026-08-31T00:28:00.046183934Z,16.936416,127.820211,Cloud to Cloud,9786,3011,9
2026-08-31T00:27:59.988720231Z,16.897451,127.853176,Cloud to Cloud,15609,6720,8
2026-08-31T00:28:00.441805787Z,8.66993,117.996624,Cloud to Ground,-15809,0,9
2026-08-31T00:28:00.597858426Z,8.673019,118.007043,Cloud to Ground,-14054,0,13
2026-08-31T00:28:00.598373602Z,8.484686,118.061453,Cloud to Cloud,-18565,3106,7
2026-08-31T00:28:00.281204816Z,15.863812,130.001849,Cloud to Cloud,15406,10523,7
2026-08-31T00:28:02.647839709Z,15.536584,131.133616,Cloud to Ground,10707,0,9
2026-08-31T00:28:02.796999628Z,15.450343,131.045739,Cloud to Cloud,-7911,17508,7
2026-08-31T00:28:03.567127201Z,17.018055,111.895104,Cloud to Ground,-9768,0,8
2026-08-31T00:28:03.638990963Z,17.072862,112.164636,Cloud to Ground,40853,0,9
2026-08-31T00:28:03.573075784Z,17.113853,112.300191,Cloud to Ground,-77541,0,15
2026-08-31T00:28:03.611295814Z,17.095562,112.265585,Cloud to Cloud,-75715,7486,22
2026-08-31T00:28:03.781777161Z,17.113089,112.302441,Cloud to Ground,-29052,0,8
2026-08-31T00:28:03.811976467Z,17.115462,112.298712,Cloud to Cloud,16716,18929,6
2026-08-31T00:28:03.626373497Z,17.093623,112.316038,Cloud to Ground,48670,0,7
2026-08-31T00:28:03.623124886Z,17.110455,112.289129,Cloud to Ground,80108,0,18
2026-08-31T00:28:03.665091982Z,16.986029,112.202943,Cloud to Cloud,-24437,3019,6
2026-08-31T00:28:05.690102836Z,15.955114,129.837136,Cloud to Cloud,20994,19710,7
2026-08-31T00:28:06.864741636Z,4.815302,113.560631,Cloud to Cloud,-28416,11624,15
2026-08-31T00:28:06.701816406Z,19.593103,114.098231,Cloud to Cloud,-12955,3050,9
2026-08-31T00:28:06.941126727Z,19.597407,114.131588,Cloud to Cloud,-11501,17304,7
2026-08-31T00:28:06.721996950Z,19.578646,114.021926,Cloud to Ground,17699,0,8
2026-08-31T00:28:06.694582955Z,19.575896,114.101774,Cloud to Ground,35435,0,9
2026-08-31T00:28:06.908164853Z,16.058877,129.636447,Cloud to Ground,17978,0,9
2026-08-31T00:28:06.593829863Z,16.240383,129.857328,Cloud to Cloud,-16067,3704,15
2026-08-31T00:28:06.598368726Z,16.262509,129.840209,Cloud to Cloud,-8999,3574,7
2026-08-31T00:28:06.593175545Z,16.263686,129.84135,Cloud to Cloud,13951,5716,9
2026-08-31T00:28:06.594669077Z,16.249334,129.861544,Cloud to Cloud,15490,5034,13
2026-08-31T00:28:07.214344135Z,15.36161,130.885422,Cloud to Ground,-30706,0,23
2026-08-31T00:28:07.077538061Z,15.34588,131.052047,Cloud to Ground,-40354,0,14
2026-08-31T00:28:07.092697612Z,15.334661,131.040949,Cloud to Ground,-35820,0,13
2026-08-31T00:28:07.153342129Z,15.317268,131.021866,Cloud to Ground,-11300,0,17
2026-08-31T00:28:07.400422739Z,15.346893,131.03889,Cloud to Cloud,13483,3036,8
2026-08-31T00:28:07.256948798Z,15.33856,131.037698,Cloud to Cloud,16767,5985,14
2026-08-31T00:28:07.695989932Z,15.341618,131.028038,Cloud to Cloud,22763,19321,9
2026-08-31T00:28:07.355056253Z,15.351547,131.060958,Cloud to Ground,33365,0,16
2026-08-31T00:28:07.867221915Z,18.282259,113.997164,Cloud to Ground,-6678,0,5
2026-08-31T00:28:07.944176465Z,18.288232,113.94367,Cloud to Cloud,24289,10372,10
2026-08-31T00:28:07.873356197Z,18.296578,114.101878,Cloud to Ground,-39164,0,9
2026-08-31T00:28:07.837512047Z,18.305382,114.099758,Cloud to Ground,-32310,0,12
2026-08-31T00:28:07.997745295Z,18.285577,114.096602,Cloud to Ground,25314,0,8
2026-08-31T00:28:06.838639000Z,16.1242,129.381,Cloud to Ground,-17018,0,7
2026-08-31T00:28:07.016461523Z,16.072613,129.436372,Cloud to Ground,-15593,0,7
2026-08-31T00:28:07.395871829Z,10.302954,119.684742,Cloud to Ground,-24028,0,8
2026-08-31T00:28:07.172915693Z,19.460137,114.207772,Cloud to Cloud,13151,7715,7
2026-08-31T00:28:09.776529616Z,16.417337,128.807386,Cloud to Cloud,17467,6066,8
2026-08-31T00:28:09.778588967Z,16.486574,128.857703,Cloud to Ground,18405,0,15
2026-08-31T00:28:11.141404832Z,17.210292,127.261015,Cloud to Ground,-47232,0,17
2026-08-31T00:28:11.200491060Z,17.213452,127.246277,Cloud to Ground,-29390,0,15
2026-08-31T00:28:11.151895721Z,17.197384,127.295227,Cloud to Cloud,-21427,18067,17
2026-08-31T00:28:11.221829036Z,17.211641,127.255509,Cloud to Ground,-14532,0,10
2026-08-31T00:28:11.319201432Z,10.984575,112.217429,Cloud to Ground,-23524,0,10
2026-08-31T00:28:11.397684605Z,10.983927,112.216675,Cloud to Ground,-23415,0,10
2026-08-31T00:28:11.124650279Z,18.690318,115.580512,Cloud to Ground,-19021,0,8
2026-08-31T00:28:11.148172003Z,18.691577,115.546517,Cloud to Ground,12265,0,8
2026-08-31T00:28:13.394914356Z,14.387113,132.157823,Cloud to Cloud,-14028,3042,11
2026-08-31T00:28:13.388313180Z,14.37598,132.188273,Cloud to Cloud,-13408,6239,10
2026-08-31T00:28:17.940434033Z,14.275562,134.153418,Cloud to Ground,-24792,0,15
2026-08-31T00:28:17.938328574Z,14.319509,134.088699,Cloud to Ground,-22970,0,15
2026-08-31T00:28:17.833837213Z,14.229458,134.227271,Cloud to Cloud,10699,9171,7
2026-08-31T00:28:17.937401416Z,14.25911,134.154179,Cloud to Ground,15825,0,13
2026-08-31T00:28:17.934860625Z,14.260707,134.173146,Cloud to Ground,42810,0,20
2026-08-31T00:28:17.936067024Z,14.212198,134.208192,Cloud to Ground,63857,0,15
2026-08-31T00:28:17.054798097Z,19.129943,118.993528,Cloud to Cloud,-12332,3054,16
2026-08-31T00:28:17.027475000Z,19.1441,118.9588,Cloud to Ground,-5274,0,12
2026-08-31T00:28:17.333950493Z,19.119078,118.980114,Cloud to Cloud,6783,9525,5
2026-08-31T00:28:17.352950726Z,19.151836,118.91038,Cloud to Cloud,8429,19566,9
2026-08-31T00:28:17.025003493Z,19.130145,118.994977,Cloud to Cloud,10677,5638,8
2026-08-31T00:28:18.849656892Z,19.019366,118.730396,Cloud to Ground,33815,0,10
2026-08-31T00:28:19.937128689Z,16.104431,129.819246,Cloud to Cloud,-12069,3216,14
2026-08-31T00:28:20.203845780Z,19.853866,120.350969,Cloud to Cloud,7825,12848,8
2026-08-31T00:28:20.188729008Z,19.830933,120.28307,Cloud to Cloud,8143,7222,6
2026-08-31T00:28:20.206183455Z,19.818413,120.277345,Cloud to Cloud,10041,3017,6
2026-08-31T00:28:20.515943694Z,19.780465,120.331628,Cloud to Ground,47871,0,10
2026-08-31T00:28:21.158792944Z,18.756201,115.755092,Cloud to Ground,27731,0,8
2026-08-31T00:28:22.113577198Z,19.285848,119.148349,Cloud to Cloud,6180,11544,6
2026-08-31T00:28:24.060204540Z,16.09044,129.565884,Cloud to Cloud,-16031,3058,13
2026-08-31T00:28:24.059228978Z,16.065594,129.60605,Cloud to Ground,22021,0,10
2026-08-31T00:28:25.798915966Z,20.028303,120.83895,Cloud to Cloud,-12232,12718,9
2026-08-31T00:28:25.243201408Z,19.994881,120.96552,Cloud to Cloud,4103,7155,6
2026-08-31T00:28:25.378259932Z,19.990686,120.950034,Cloud to Cloud,7206,4006,9
2026-08-31T00:28:25.804084588Z,20.066671,120.851506,Cloud to Cloud,7746,9560,7
2026-08-31T00:28:25.245829245Z,19.988332,120.979837,Cloud to Cloud,7899,5284,7
2026-08-31T00:28:25.274447675Z,19.992581,120.991799,Cloud to Cloud,8443,9850,7
2026-08-31T00:28:25.238384299Z,19.99268,120.972838,Cloud to Cloud,10304,19756,8
2026-08-31T00:28:25.425750257Z,20.014025,120.909557,Cloud to Cloud,10613,5399,9
2026-08-31T00:28:25.248361596Z,19.982099,120.973088,Cloud to Cloud,13497,12569,6
2026-08-31T00:28:26.928851499Z,19.011627,116.752964,Cloud to Cloud,13989,12978,9
2026-08-31T00:28:28.231820983Z,15.819125,130.012639,Cloud to Ground,-25635,0,8
2026-08-31T00:28:29.195086011Z,14.375637,132.457834,Cloud to Cloud,-10628,5257,12
2026-08-31T00:28:29.676882765Z,18.592287,115.461583,Cloud to Ground,-26132,0,11
2026-08-31T00:28:30.477220042Z,14.263244,134.022723,Cloud to Ground,12572,0,14
2026-08-31T00:28:31.278505965Z,14.242463,133.951801,Cloud to Ground,14503,0,17
2026-08-31T00:28:31.260045921Z,14.243203,133.955291,Cloud to Ground,18617,0,10
2026-08-31T00:28:31.159935993Z,14.22957,133.964991,Cloud to Ground,36074,0,17
2026-08-31T00:28:30.457406712Z,14.242231,134.041234,Cloud to Ground,38541,0,24
2026-08-31T00:28:31.206823807Z,14.231874,133.965827,Cloud to Ground,76881,0,20
2026-08-31T00:28:31.134069710Z,14.232643,133.962833,Cloud to Ground,115644,0,19
2026-08-31T00:28:33.209099741Z,16.357988,129.03898,Cloud to Ground,-9603,0,9
2026-08-31T00:28:33.100601045Z,16.415887,128.862007,Cloud to Ground,-9718,0,14
2026-08-31T00:28:35.860873667Z,8.25769,117.310775,Cloud to Ground,13317,0,8
2026-08-31T00:28:35.000265014Z,16.124242,129.808916,Cloud to Cloud,-12574,5334,18
2026-08-31T00:28:35.220020169Z,16.299493,129.08106,Cloud to Ground,-26027,0,13
2026-08-31T00:28:35.218907399Z,16.354246,129.053099,Cloud to Cloud,-12829,4730,10
2026-08-31T00:28:35.251030957Z,16.332477,129.114874,Cloud to Cloud,-7307,3001,7
2026-08-31T00:28:35.267528502Z,16.303034,129.018834,Cloud to Cloud,10387,7722,7
2026-08-31T00:28:35.299930586Z,16.304714,129.125744,Cloud to Ground,13906,0,12
2026-08-31T00:28:36.889364966Z,16.809507,127.964976,Cloud to Cloud,7914,17548,7
2026-08-31T00:28:37.300586281Z,17.01407,127.926542,Cloud to Cloud,9190,18539,9
2026-08-31T00:28:37.274911619Z,10.728442,111.532633,Cloud to Ground,-20941,0,10
2026-08-31T00:28:37.924786572Z,18.299375,113.993295,Cloud to Ground,20397,0,12
2026-08-31T00:28:37.829955119Z,18.302624,114.107626,Cloud to Ground,36919,0,11
2026-08-31T00:28:38.677551187Z,17.895523,120.595111,Cloud to Ground,-56358,0,8
2026-08-31T00:28:38.676857076Z,17.908509,120.616329,Cloud to Cloud,13996,15256,12
2026-08-31T00:28:38.675301697Z,17.908731,120.614197,Cloud to Cloud,14478,7700,8
2026-08-31T00:28:41.094285260Z,18.449841,114.136069,Cloud to Ground,12017,0,8
2026-08-31T00:28:42.402508627Z,4.857801,113.568665,Cloud to Cloud,-25258,6323,12
2026-08-31T00:28:42.407001745Z,4.75833,113.565721,Cloud to Cloud,-10290,12815,10
2026-08-31T00:28:42.399838618Z,4.752876,113.554936,Cloud to Ground,12168,0,13
2026-08-31T00:28:42.559529432Z,4.787451,113.520755,Cloud to Ground,23500,0,22
2026-08-31T00:28:45.372428090Z,18.995691,115.986077,Cloud to Cloud,10761,3000,9
2026-08-31T00:28:47.014393156Z,15.450545,131.178374,Cloud to Ground,-12024,0,7
2026-08-31T00:28:47.811979541Z,17.412968,127.087068,Cloud to Ground,-16454,0,15
2026-08-31T00:28:47.342503281Z,15.940865,129.855065,Cloud to Cloud,-11628,4807,8
2026-08-31T00:28:47.754286932Z,15.984949,129.886346,Cloud to Cloud,10477,3425,8
2026-08-31T00:28:47.816244249Z,15.938175,129.895477,Cloud to Ground,13964,0,9
2026-08-31T00:28:47.261796510Z,15.949613,129.87579,Cloud to Ground,15833,0,10
2026-08-31T00:28:47.859478867Z,16.099258,129.778074,Cloud to Ground,-13451,0,15
2026-08-31T00:28:47.657373605Z,16.068796,129.751866,Cloud to Ground,-8809,0,8
2026-08-31T00:28:47.486494757Z,17.520337,112.613256,Cloud to Cloud,-12344,3243,7
2026-08-31T00:28:47.295176110Z,17.557614,112.631275,Cloud to Cloud,5358,3597,8
2026-08-31T00:28:47.297090691Z,17.538956,112.640823,Cloud to Cloud,8470,3246,8
2026-08-31T00:28:47.781475000Z,8.6747,117.9989,Cloud to Ground,-18741,0,5
2026-08-31T00:28:47.674536000Z,8.5929,117.9885,Cloud to Ground,29529,0,5
2026-08-31T00:28:49.677813000Z,18.9255,116.6676,Cloud to Ground,30210,0,8
2026-08-31T00:28:50.598502239Z,14.176429,134.828107,Cloud to Ground,-21478,0,20
2026-08-31T00:28:50.596119422Z,14.146194,134.8684,Cloud to Ground,-16625,0,11
2026-08-31T00:28:50.601904985Z,14.160939,134.854221,Cloud to Ground,-13324,0,14
2026-08-31T00:28:50.259841344Z,17.067247,112.26381,Cloud to Ground,-29643,0,9
2026-08-31T00:28:50.516388991Z,17.098238,112.285808,Cloud to Ground,-14766,0,13
2026-08-31T00:28:50.329773343Z,17.042861,112.14568,Cloud to Ground,-8741,0,6
2026-08-31T00:28:50.308781568Z,17.068231,112.203314,Cloud to Ground,14790,0,7
2026-08-31T00:28:50.131632763Z,18.939725,116.786906,Cloud to Cloud,-19910,15280,9
2026-08-31T00:28:49.821805089Z,18.851705,116.796709,Cloud to Cloud,-14571,3010,8
2026-08-31T00:28:50.089092144Z,18.839198,116.778694,Cloud to Cloud,-14027,3082,10
2026-08-31T00:28:50.097469956Z,18.817794,116.814111,Cloud to Ground,-8964,0,5
2026-08-31T00:28:50.171966703Z,18.883357,116.777002,Cloud to Cloud,9714,3065,9
2026-08-31T00:28:49.704794038Z,18.854807,116.783884,Cloud to Cloud,16352,3064,7
2026-08-31T00:28:51.575100213Z,18.787787,115.747831,Cloud to Cloud,-31180,3024,10
2026-08-31T00:28:52.711434016Z,14.057561,133.173792,Cloud to Ground,-14068,0,8
2026-08-31T00:28:52.710067424Z,14.161144,133.128797,Cloud to Cloud,-23846,3279,17
2026-08-31T00:28:52.708949798Z,14.162201,133.13993,Cloud to Cloud,-15409,3606,15
2026-08-31T00:28:53.734310697Z,17.144206,127.212424,Cloud to Cloud,9642,11526,11
2026-08-31T00:28:54.160570302Z,15.928663,129.993543,Cloud to Cloud,-8851,3011,11
2026-08-31T00:28:53.885554346Z,15.967352,129.975821,Cloud to Ground,10056,0,9
2026-08-31T00:28:54.960132761Z,16.368223,129.071211,Cloud to Ground,-16294,0,12
2026-08-31T00:28:55.031814742Z,16.392722,129.093742,Cloud to Cloud,7524,6921,9
2026-08-31T00:28:55.274054180Z,16.382335,129.078953,Cloud to Cloud,9003,3001,9
2026-08-31T00:28:55.430286130Z,16.359172,129.098086,Cloud to Ground,9392,0,7
2026-08-31T00:28:55.003029424Z,16.380363,128.902148,Cloud to Ground,-20511,0,8
2026-08-31T00:28:55.114790335Z,16.393119,128.91616,Cloud to Ground,-13416,0,10
2026-08-31T00:28:55.067198158Z,16.380373,128.934821,Cloud to Ground,-12310,0,8
2026-08-31T00:28:55.242523336Z,16.368297,128.939005,Cloud to Ground,-9120,0,10
2026-08-31T00:28:56.902977324Z,16.069374,129.540841,Cloud to Ground,-26760,0,13
2026-08-31T00:28:56.556012498Z,16.077075,129.602604,Cloud to Cloud,-17818,18579,10
2026-08-31T00:28:56.299416884Z,16.129989,129.584131,Cloud to Cloud,-9835,15742,16
2026-08-31T00:28:56.579024536Z,16.094373,129.474249,Cloud to Cloud,9330,3410,9
2026-08-31T00:28:56.297839219Z,15.984727,129.640853,Cloud to Cloud,17296,5465,9
2026-08-31T00:28:58.505732235Z,14.472579,131.967192,Cloud to Cloud,-8392,3184,7
2026-08-31T00:28:58.606346260Z,18.744869,115.719613,Cloud to Cloud,-7553,16685,6
2026-08-31T00:28:58.888491503Z,18.738397,115.70478,Cloud to Cloud,10730,4767,10
2026-08-31T00:28:58.855505088Z,18.795957,115.676126,Cloud to Ground,14218,0,8
2026-08-31T00:28:58.467482225Z,18.82633,115.771725,Cloud to Cloud,9174,6388,8
2026-08-31T00:28:59.736558178Z,8.336967,117.62974,Cloud to Ground,-30444,0,12
2026-08-31T00:29:00.777436696Z,14.469327,132.430566,Cloud to Ground,-15120,0,10
2026-08-31T00:29:01.107354894Z,14.458096,132.48767,Cloud to Ground,-12299,0,7
2026-08-31T00:29:00.782883161Z,14.457044,132.470443,Cloud to Ground,-10495,0,8
2026-08-31T00:29:01.104278320Z,14.402021,132.463079,Cloud to Cloud,-10397,7988,7
2026-08-31T00:29:00.782354037Z,14.448979,132.4865,Cloud to Cloud,-9089,3242,10
2026-08-31T00:29:00.776716636Z,14.468448,132.476582,Cloud to Cloud,14092,19703,13
2026-08-31T00:29:00.812956247Z,14.452607,132.478882,Cloud to Ground,19206,0,20
2026-08-31T00:29:00.436315104Z,14.257372,134.221987,Cloud to Ground,8704,0,10
2026-08-31T00:29:00.831973503Z,14.258223,134.22213,Cloud to Ground,10683,0,7
2026-08-31T00:29:01.086704650Z,14.243054,134.236563,Cloud to Ground,22096,0,13
2026-08-31T00:29:00.554578909Z,14.240811,134.238953,Cloud to Ground,26621,0,15
2026-08-31T00:29:00.204294762Z,17.361614,126.767603,Cloud to Cloud,6948,7543,7
2026-08-31T00:29:02.986337155Z,8.169065,117.480227,Cloud to Cloud,8950,15358,7
2026-08-31T00:29:03.167351008Z,8.226768,117.56594,Cloud to Cloud,-14662,18398,7
2026-08-31T00:29:03.981836694Z,16.412149,128.935195,Cloud to Ground,-8095,0,7
2026-08-31T00:29:04.275480000Z,4.9812,113.8094,Cloud to Ground,-22825,0,6
2026-08-31T00:29:04.306708670Z,4.945816,113.829317,Cloud to Cloud,-9366,4041,11
2026-08-31T00:29:06.505427336Z,19.272391,116.665991,Cloud to Cloud,6211,3251,6
2026-08-31T00:29:06.614727246Z,19.429269,116.704183,Cloud to Ground,-8495,0,7
2026-08-31T00:29:06.943651891Z,19.019146,116.687633,Cloud to Cloud,30747,3076,7
2026-08-31T00:29:07.544302527Z,16.242585,129.155012,Cloud to Cloud,10767,3005,7
2026-08-31T00:29:08.296953233Z,16.037344,129.746217,Cloud to Cloud,-5329,4763,7
2026-08-31T00:29:08.031038336Z,16.045058,129.838264,Cloud to Cloud,6506,4880,12
2026-08-31T00:29:09.529165439Z,19.84876,120.319586,Cloud to Ground,-88348,0,15
2026-08-31T00:29:09.673198000Z,19.885,120.3182,Cloud to Ground,-45097,0,6
2026-08-31T00:29:09.736374712Z,19.859725,120.337985,Cloud to Ground,-41337,0,14
2026-08-31T00:29:09.679052005Z,19.858286,120.320106,Cloud to Ground,-30630,0,7
2026-08-31T00:29:09.542588748Z,19.859934,120.328856,Cloud to Ground,-27599,0,8
2026-08-31T00:29:09.553971542Z,19.852178,120.321187,Cloud to Ground,-27066,0,7
2026-08-31T00:29:09.519025515Z,19.790051,120.303472,Cloud to Cloud,-24852,3640,10
2026-08-31T00:29:09.795344642Z,19.924347,120.255309,Cloud to Ground,-17022,0,12
2026-08-31T00:29:09.831777630Z,19.85915,120.325239,Cloud to Ground,-16998,0,7
2026-08-31T00:29:09.767592479Z,19.86058,120.327748,Cloud to Ground,-9767,0,6
2026-08-31T00:29:11.026321125Z,14.27605,132.85196,Cloud to Ground,-17887,0,18
2026-08-31T00:29:12.180285365Z,17.558567,112.627361,Cloud to Cloud,8391,5105,8
2026-08-31T00:29:12.573902726Z,17.532647,112.641869,Cloud to Ground,9610,0,8
2026-08-31T00:29:13.832250698Z,14.55699,132.255699,Cloud to Ground,-19363,0,12
2026-08-31T00:29:13.831547849Z,14.58739,132.224827,Cloud to Ground,-18180,0,18
2026-08-31T00:29:13.827774641Z,14.578664,132.240812,Cloud to Ground,-17811,0,17
2026-08-31T00:29:13.843924182Z,14.586488,132.257219,Cloud to Ground,-10884,0,13
2026-08-31T00:29:13.828478300Z,14.513241,132.296028,Cloud to Ground,10609,0,10
2026-08-31T00:29:13.827212633Z,14.520919,132.30173,Cloud to Ground,25743,0,16
2026-08-31T00:29:14.999071467Z,14.467089,132.731336,Cloud to Ground,28354,0,17
2026-08-31T00:29:14.962694749Z,18.757207,115.761164,Cloud to Ground,-23976,0,7
2026-08-31T00:29:15.214225703Z,16.01028,130.028718,Cloud to Cloud,20064,10859,12
2026-08-31T00:29:15.000159618Z,14.479127,132.568965,Cloud to Cloud,-17230,13980,18
2026-08-31T00:29:14.999601721Z,14.46163,132.592597,Cloud to Cloud,-12310,7759,21
2026-08-31T00:29:15.315754750Z,17.252949,127.173608,Cloud to Cloud,-7766,3096,11
2026-08-31T00:29:16.464475442Z,14.165013,133.099878,Cloud to Ground,-13028,0,12
2026-08-31T00:29:16.461698075Z,14.166021,133.104367,Cloud to Ground,14093,0,10
2026-08-31T00:29:16.064685000Z,20.0037,120.9646,Cloud to Ground,-30760,0,5
2026-08-31T00:29:16.094945548Z,19.983835,120.956833,Cloud to Cloud,6047,19600,7
2026-08-31T00:29:16.065863732Z,19.99066,120.985133,Cloud to Cloud,7522,4225,8
2026-08-31T00:29:16.075071416Z,19.979915,120.996428,Cloud to Cloud,7881,14141,7
2026-08-31T00:29:16.063525829Z,19.963455,120.984344,Cloud to Cloud,11016,18641,7
2026-08-31T00:29:16.072853438Z,19.976846,120.985006,Cloud to Cloud,13419,10955,5
2026-08-31T00:29:16.064252508Z,19.989356,120.984309,Cloud to Ground,16316,0,11
2026-08-31T00:29:16.066604989Z,19.991812,120.992362,Cloud to Ground,29798,0,12
2026-08-31T00:29:18.777537021Z,17.362894,127.157554,Cloud to Cloud,-14015,6966,11
2026-08-31T00:29:18.670243738Z,17.311729,127.086481,Cloud to Cloud,-8866,3006,8
2026-08-31T00:29:18.532148163Z,17.916269,113.037798,Cloud to Ground,-22878,0,11
2026-08-31T00:29:18.340324623Z,17.935005,112.978032,Cloud to Ground,9462,0,6
2026-08-31T00:29:18.878440109Z,17.109925,112.162427,Cloud to Cloud,-10706,9630,7
2026-08-31T00:29:19.275284623Z,16.252384,129.57018,Cloud to Ground,-35843,0,17
2026-08-31T00:29:19.360260370Z,16.114818,129.500591,Cloud to Ground,-14896,0,10
2026-08-31T00:29:19.361762686Z,16.102016,129.591431,Cloud to Cloud,12561,3064,10
2026-08-31T00:29:19.750288913Z,16.027478,129.855952,Cloud to Ground,30448,0,18
2026-08-31T00:29:20.822050718Z,14.406049,132.369446,Cloud to Ground,-10557,0,15
2026-08-31T00:29:19.933530472Z,19.794762,119.97008,Cloud to Cloud,7960,3053,6
2026-08-31T00:29:20.181787113Z,19.767755,119.896645,Cloud to Cloud,8885,15057,7
2026-08-31T00:29:20.184075671Z,19.792096,119.956379,Cloud to Cloud,11739,19977,6
2026-08-31T00:29:22.795049505Z,8.286084,117.528724,Cloud to Ground,17200,0,8
2026-08-31T00:29:24.539752599Z,14.693796,134.283837,Cloud to Ground,-10184,0,12
2026-08-31T00:29:24.948213875Z,14.607915,134.35686,Cloud to Ground,21677,0,12
2026-08-31T00:29:24.532760069Z,14.624053,134.339658,Cloud to Ground,26999,0,13
2026-08-31T00:29:24.813106200Z,14.596232,134.37269,Cloud to Ground,37953,0,14
2026-08-31T00:29:24.899616333Z,14.593721,134.368043,Cloud to Ground,86478,0,13
2026-08-31T00:29:24.314433995Z,14.231743,133.134183,Cloud to Ground,-22172,0,28
2026-08-31T00:29:24.312584459Z,14.321907,133.241633,Cloud to Ground,-17412,0,22
2026-08-31T00:29:24.307700196Z,14.291946,133.237138,Cloud to Ground,-14324,0,8
2026-08-31T00:29:24.481119715Z,14.293414,133.262051,Cloud to Ground,-10801,0,11
2026-08-31T00:29:24.310028563Z,14.230134,133.272612,Cloud to Ground,21936,0,16
2026-08-31T00:29:24.893884257Z,14.503318,133.442057,Cloud to Ground,-31910,0,15
2026-08-31T00:29:24.436304026Z,16.251695,129.851346,Cloud to Ground,26076,0,8
2026-08-31T00:29:24.438784895Z,16.249298,129.87301,Cloud to Ground,28678,0,14
2026-08-31T00:29:24.265714059Z,15.954058,129.987561,Cloud to Ground,21257,0,15
2026-08-31T00:29:25.546521916Z,17.010584,127.749771,Cloud to Ground,-15827,0,17
2026-08-31T00:29:24.935767065Z,17.015212,127.877108,Cloud to Cloud,-47141,19636,22
2026-08-31T00:29:25.063457088Z,17.033007,127.923441,Cloud to Ground,-14524,0,12
2026-08-31T00:29:25.065352975Z,16.94405,127.837129,Cloud to Ground,-13241,0,12
2026-08-31T00:29:25.139199800Z,16.978481,127.952943,Cloud to Cloud,15708,4510,13
2026-08-31T00:29:28.681021841Z,5.035698,113.825652,Cloud to Ground,-16960,0,16
2026-08-31T00:29:29.175852971Z,20.309984,120.921577,Cloud to Ground,19056,0,7
2026-08-31T00:29:29.175301571Z,20.370238,120.850191,Cloud to Ground,-38083,0,9
2026-08-31T00:29:29.930980647Z,18.787957,115.763899,Cloud to Ground,-15076,0,9
2026-08-31T00:29:29.234575000Z,19.411,120.0845,Cloud to Ground,-41302,0,6
2026-08-31T00:29:30.409320107Z,18.360381,114.966808,Cloud to Cloud,14046,3012,8
2026-08-31T00:29:31.266310713Z,16.030108,129.333105,Cloud to Ground,-16140,0,17
2026-08-31T00:29:31.353861537Z,16.013818,129.448649,Cloud to Ground,-28310,0,19
2026-08-31T00:29:31.942409134Z,16.015237,129.480444,Cloud to Cloud,-13112,5428,11
2026-08-31T00:29:32.027549809Z,15.950878,129.526037,Cloud to Cloud,-8206,11856,7
2026-08-31T00:29:31.870566087Z,15.983098,129.522032,Cloud to Cloud,-5589,17622,7
2026-08-31T00:29:31.493697737Z,16.028355,129.482016,Cloud to Cloud,9764,5367,8
2026-08-31T00:29:31.291189367Z,16.036811,129.487173,Cloud to Ground,9948,0,11
2026-08-31T00:29:32.144781264Z,16.028504,129.485984,Cloud to Cloud,11889,3843,8
2026-08-31T00:29:31.742105563Z,16.028693,129.49003,Cloud to Cloud,12011,3321,8
2026-08-31T00:29:31.634397209Z,16.024472,129.490505,Cloud to Cloud,12134,5824,9
2026-08-31T00:29:31.313112981Z,16.042108,129.487182,Cloud to Ground,27068,0,14
2026-08-31T00:29:32.570254850Z,18.568769,115.165048,Cloud to Cloud,-11993,3002,9
2026-08-31T00:29:32.569683196Z,18.611977,115.208877,Cloud to Ground,19788,0,11
2026-08-31T00:29:34.991682445Z,19.176506,118.97245,Cloud to Cloud,-8386,7216,10
2026-08-31T00:29:34.715576370Z,19.141658,118.977066,Cloud to Cloud,3773,18937,5
2026-08-31T00:29:34.678571656Z,19.141174,118.991252,Cloud to Cloud,4741,16503,8
2026-08-31T00:29:35.078565062Z,19.160801,118.964375,Cloud to Cloud,4791,3000,6
2026-08-31T00:29:34.718255960Z,19.145667,118.98222,Cloud to Cloud,4968,16046,6
2026-08-31T00:29:34.672349289Z,19.141478,118.991334,Cloud to Cloud,6275,18363,8
2026-08-31T00:29:34.681620887Z,19.150767,118.985185,Cloud to Cloud,7675,3010,5
2026-08-31T00:29:34.968378918Z,16.312725,129.047215,Cloud to Cloud,10498,18451,10
2026-08-31T00:29:35.321475437Z,19.226037,118.848372,Cloud to Cloud,8519,5832,7
2026-08-31T00:29:35.167839730Z,19.204673,119.162967,Cloud to Cloud,-5581,6434,7
2026-08-31T00:29:37.779387878Z,19.697964,115.56915,Cloud to Ground,-13259,0,9
2026-08-31T00:29:37.746167569Z,19.791292,115.50266,Cloud to Cloud,-14547,7436,8
2026-08-31T00:29:38.590313109Z,17.178938,112.435442,Cloud to Cloud,-15206,3452,7
2026-08-31T00:29:38.651334365Z,17.192135,112.414623,Cloud to Cloud,-7781,16213,8
2026-08-31T00:29:38.587413921Z,17.174441,112.376802,Cloud to Cloud,13597,3994,7
2026-08-31T00:29:38.585029239Z,17.166355,112.378225,Cloud to Ground,13945,0,8
2026-08-31T00:29:38.586037468Z,17.161513,112.341561,Cloud to Ground,17053,0,9
2026-08-31T00:29:39.249698394Z,16.020859,129.848075,Cloud to Cloud,-13937,16368,11
2026-08-31T00:29:39.883658995Z,16.036109,129.902261,Cloud to Cloud,-8746,3161,11
2026-08-31T00:29:39.210643576Z,16.06252,129.841337,Cloud to Cloud,-7073,3078,10
2026-08-31T00:29:39.226405712Z,16.055499,129.852077,Cloud to Cloud,22947,4702,12
2026-08-31T00:29:39.149756569Z,16.053919,129.688862,Cloud to Cloud,12975,6603,17
2026-08-31T00:29:39.488624009Z,18.887061,116.78542,Cloud to Ground,15921,0,8
2026-08-31T00:29:39.515893940Z,18.872309,116.784519,Cloud to Ground,17527,0,6
2026-08-31T00:29:39.123196749Z,18.666042,115.556226,Cloud to Ground,-24943,0,9
2026-08-31T00:29:39.076052904Z,18.670846,115.58201,Cloud to Ground,-23491,0,12
2026-08-31T00:29:39.033948925Z,17.093386,112.259282,Cloud to Ground,8779,0,9
2026-08-31T00:29:40.216556773Z,16.12634,129.878006,Cloud to Ground,31811,0,10
2026-08-31T00:29:40.156234583Z,16.132656,129.70141,Cloud to Cloud,-27860,17187,9
2026-08-31T00:29:40.079441378Z,16.152755,129.718812,Cloud to Ground,-22229,0,19
2026-08-31T00:29:40.593970611Z,19.573244,114.112063,Cloud to Cloud,-37864,17805,15
2026-08-31T00:29:41.031243445Z,19.521239,114.180209,Cloud to Cloud,-12313,6453,8
2026-08-31T00:29:41.043584269Z,19.559664,114.105525,Cloud to Cloud,-9768,6441,8
2026-08-31T00:29:40.684390128Z,19.584204,114.112102,Cloud to Cloud,10464,4089,9
2026-08-31T00:29:40.607427826Z,19.586512,114.104024,Cloud to Ground,17861,0,10
2026-08-31T00:29:41.911844561Z,4.439983,113.393604,Cloud to Ground,-44841,0,25
2026-08-31T00:29:44.492732070Z,17.152775,134.415486,Cloud to Ground,-17308,0,14
2026-08-31T00:29:44.488946389Z,17.167064,134.419965,Cloud to Cloud,-16038,3014,10
2026-08-31T00:29:44.491247391Z,17.155062,134.423869,Cloud to Cloud,-10596,5713,14
2026-08-31T00:29:44.070877425Z,14.196936,133.839084,Cloud to Ground,-14570,0,11
2026-08-31T00:29:44.070367004Z,14.184777,133.968658,Cloud to Ground,-26147,0,16
2026-08-31T00:29:44.170830457Z,14.265306,133.912219,Cloud to Cloud,-19695,17733,20
2026-08-31T00:29:44.099525847Z,14.193099,133.964337,Cloud to Ground,11497,0,8
2026-08-31T00:29:44.631015302Z,14.188977,133.981885,Cloud to Ground,50689,0,13
2026-08-31T00:29:44.082173383Z,14.162998,133.978087,Cloud to Ground,142119,0,28
2026-08-31T00:29:44.098245220Z,10.549227,120.134259,Cloud to Cloud,-8716,3738,7
2026-08-31T00:29:46.214170331Z,14.30698,134.11892,Cloud to Ground,-30013,0,12
2026-08-31T00:29:46.590432382Z,14.285035,134.141001,Cloud to Ground,-14593,0,8
2026-08-31T00:29:46.861085690Z,14.211191,134.104445,Cloud to Ground,-12802,0,9
2026-08-31T00:29:46.218077061Z,14.334028,134.128034,Cloud to Ground,-12179,0,8
2026-08-31T00:29:46.763960757Z,14.270309,134.116712,Cloud to Ground,10768,0,7
2026-08-31T00:29:46.382272155Z,15.926897,129.872431,Cloud to Cloud,-11048,3000,7
2026-08-31T00:29:46.331355096Z,15.921578,129.871894,Cloud to Cloud,-9448,14025,9
2026-08-31T00:29:46.812369510Z,16.013999,129.825372,Cloud to Ground,112135,0,12
2026-08-31T00:29:46.982404305Z,17.226356,127.151222,Cloud to Cloud,12850,9990,8
2026-08-31T00:29:47.680722809Z,15.336646,131.058215,Cloud to Ground,-19135,0,9
2026-08-31T00:29:47.542678467Z,15.305807,131.059102,Cloud to Ground,-12366,0,9
2026-08-31T00:29:48.863916595Z,15.950621,129.95246,Cloud to Cloud,-10703,6981,6
2026-08-31T00:29:49.030722187Z,16.171221,129.815952,Cloud to Cloud,-7379,7702,8
2026-08-31T00:29:50.489524000Z,17.0537,112.174,Cloud to Ground,-91056,0,6
2026-08-31T00:29:50.870535121Z,17.057258,112.277174,Cloud to Ground,-25863,0,11
2026-08-31T00:29:50.752721251Z,17.060581,112.279117,Cloud to Cloud,16509,17460,9
2026-08-31T00:29:51.026768614Z,17.068009,112.262825,Cloud to Ground,16982,0,7
2026-08-31T00:29:51.097386343Z,17.085536,112.296136,Cloud to Ground,32424,0,14
2026-08-31T00:29:50.684251000Z,17.0368,112.2306,Cloud to Ground,37926,0,5
2026-08-31T00:29:50.722235087Z,17.092978,112.275727,Cloud to Ground,38036,0,9
2026-08-31T00:29:50.799282679Z,17.08223,112.277029,Cloud to Ground,60634,0,17
2026-08-31T00:29:50.647178145Z,17.077935,112.201881,Cloud to Cloud,76524,4783,9
2026-08-31T00:29:51.338487627Z,14.272204,133.676955,Cloud to Ground,-13667,0,11
2026-08-31T00:29:51.297373644Z,14.266787,133.692687,Cloud to Ground,-13005,0,11
2026-08-31T00:29:51.294380165Z,14.275389,133.711457,Cloud to Ground,41211,0,24
2026-08-31T00:29:51.477172013Z,17.515301,112.560357,Cloud to Ground,11533,0,7
2026-08-31T00:29:52.510070702Z,14.372235,132.347433,Cloud to Cloud,-8774,5589,7
2026-08-31T00:29:52.698739514Z,14.386624,132.330776,Cloud to Cloud,-8684,3729,10
2026-08-31T00:29:53.354179048Z,16.023317,130.037653,Cloud to Cloud,-8920,16162,8
2026-08-31T00:29:53.236803523Z,15.953847,130.052064,Cloud to Ground,-8164,0,7
2026-08-31T00:29:53.492559434Z,14.182685,133.129026,Cloud to Ground,24596,0,13
2026-08-31T00:29:53.800941287Z,17.12174,112.261188,Cloud to Ground,10151,0,8
2026-08-31T00:29:53.664440760Z,17.088102,112.255527,Cloud to Ground,29165,0,11
2026-08-31T00:29:54.192694754Z,8.619214,117.923965,Cloud to Ground,-33796,0,16
2026-08-31T00:29:54.054594077Z,18.370952,113.983536,Cloud to Ground,17545,0,10
2026-08-31T00:29:54.053757117Z,18.249312,113.980498,Cloud to Cloud,-12187,7953,7
2026-08-31T00:29:54.454716316Z,18.28938,114.029512,Cloud to Cloud,-9688,3737,10
2026-08-31T00:29:54.057540273Z,18.413468,114.074863,Cloud to Cloud,-17816,5061,13
2026-08-31T00:29:54.172969757Z,18.361961,114.113516,Cloud to Cloud,-13202,12693,12
2026-08-31T00:29:54.052866299Z,18.377811,114.09424,Cloud to Cloud,-9429,6945,7
2026-08-31T00:29:55.677990430Z,4.790295,113.515279,Cloud to Ground,-200009,0,32
2026-08-31T00:29:55.799068647Z,4.759651,113.586357,Cloud to Ground,19078,0,8
2026-08-31T00:29:55.772397907Z,4.777072,113.600625,Cloud to Ground,38327,0,18
2026-08-31T00:29:55.737309664Z,4.775931,113.593435,Cloud to Ground,88378,0,12
2026-08-31T00:29:56.613383083Z,8.32818,117.615587,Cloud to Cloud,-14138,17581,10
2026-08-31T00:29:56.376275898Z,16.205823,129.29236,Cloud to Cloud,-9322,16684,12
2026-08-31T00:29:56.375392897Z,16.214345,129.312617,Cloud to Ground,27375,0,12
2026-08-31T00:29:58.791081390Z,19.841209,120.366447,Cloud to Ground,-88672,0,18
2026-08-31T00:29:58.883960787Z,19.866517,120.349209,Cloud to Ground,-45553,0,17
2026-08-31T00:29:58.972938307Z,19.855757,120.326788,Cloud to Ground,-43166,0,13
2026-08-31T00:29:58.827768000Z,19.8718,120.3159,Cloud to Ground,-36857,0,5
2026-08-31T00:29:59.177262053Z,19.859713,120.34427,Cloud to Ground,-30883,0,11
2026-08-31T00:29:58.968298233Z,19.836898,120.335249,Cloud to Ground,-10759,0,7
2026-08-31T00:29:58.950293976Z,19.829567,120.334823,Cloud to Cloud,7866,3021,7
2026-08-31T00:29:59.688803103Z,16.923562,127.654987,Cloud to Ground,34259,0,12
2026-08-31T00:29:59.691046000Z,16.9683,127.799,Cloud to Ground,19536,0,5
2026-08-31T00:30:00.548383149Z,15.502976,131.186176,Cloud to Cloud,15579,16352,12
2026-08-31T00:30:00.091589000Z,8.6148,117.9546,Cloud to Ground,22748,0,5
2026-08-31T00:30:01.597648409Z,14.440299,132.565946,Cloud to Ground,-14145,0,9
2026-08-31T00:30:01.304820172Z,14.448352,132.556619,Cloud to Cloud,14221,7563,7
2026-08-31T00:30:01.454863904Z,16.413399,129.008748,Cloud to Cloud,-13581,10206,8
2026-08-31T00:30:02.457897564Z,14.130199,132.928998,Cloud to Ground,33077,0,8
2026-08-31T00:30:02.456941264Z,14.293236,132.855523,Cloud to Ground,13319,0,8
2026-08-31T00:30:02.459148294Z,14.239703,132.88632,Cloud to Cloud,15849,16956,7
2026-08-31T00:30:02.646848109Z,18.798011,115.701942,Cloud to Ground,-8703,0,6
2026-08-31T00:30:02.220941749Z,18.764037,115.762475,Cloud to Ground,20399,0,7
2026-08-31T00:30:02.140872260Z,19.018895,116.793505,Cloud to Cloud,8729,12851,6
2026-08-31T00:30:02.024382426Z,19.018621,116.789996,Cloud to Cloud,9280,16683,6
2026-08-31T00:30:03.655813922Z,17.398817,126.982638,Cloud to Cloud,7035,3893,7
2026-08-31T00:30:07.215242257Z,15.884514,130.382929,Cloud to Cloud,-7651,4186,10
2026-08-31T00:30:07.214490161Z,15.905793,130.50942,Cloud to Cloud,8939,10522,12
2026-08-31T00:30:07.039570071Z,16.609638,128.656818,Cloud to Ground,31543,0,12
2026-08-31T00:30:07.040358558Z,16.676143,128.565013,Cloud to Cloud,-22244,8709,11
2026-08-31T00:30:07.044159959Z,16.633331,128.549127,Cloud to Cloud,-9664,11968,9
2026-08-31T00:30:08.658822633Z,18.361562,114.844718,Cloud to Cloud,-9423,4471,7
2026-08-31T00:30:08.696211226Z,18.312097,114.85431,Cloud to Cloud,-8883,19072,7
2026-08-31T00:30:08.433686365Z,18.338758,114.876979,Cloud to Cloud,-6224,3009,7
2026-08-31T00:30:08.683835540Z,18.349749,114.775226,Cloud to Cloud,6897,14429,6
2026-08-31T00:30:08.713381928Z,18.28013,114.594974,Cloud to Cloud,-7856,4281,10
2026-08-31T00:30:11.698966752Z,17.321219,127.133628,Cloud to Ground,21078,0,12
2026-08-31T00:30:11.460666853Z,16.044824,129.805907,Cloud to Cloud,-9190,3010,8
2026-08-31T00:30:11.203303481Z,16.048639,129.816645,Cloud to Ground,-8080,0,12
2026-08-31T00:30:11.495202565Z,16.040348,129.761535,Cloud to Cloud,9033,3502,7
2026-08-31T00:30:12.519438722Z,17.37081,127.01911,Cloud to Ground,22025,0,9
2026-08-31T00:30:12.531614764Z,17.654133,126.787576,Cloud to Cloud,-9177,18587,8
2026-08-31T00:30:13.765523008Z,14.403586,132.075154,Cloud to Cloud,-10891,19922,6
2026-08-31T00:30:13.618965471Z,14.471634,132.013823,Cloud to Cloud,-9675,17684,14
2026-08-31T00:30:13.927268547Z,16.08686,129.609589,Cloud to Ground,-31952,0,14
2026-08-31T00:30:16.069367925Z,15.999135,129.780904,Cloud to Cloud,8308,8860,13
2026-08-31T00:30:16.072239548Z,16.039314,129.876849,Cloud to Cloud,-9031,6131,15
2026-08-31T00:30:16.481703574Z,15.925875,129.889828,Cloud to Cloud,-12028,4931,7
2026-08-31T00:30:16.093190543Z,15.97057,129.991903,Cloud to Cloud,-7342,5632,12
2026-08-31T00:30:16.097639127Z,15.959057,129.990715,Cloud to Ground,12825,0,8
2026-08-31T00:30:16.176915759Z,15.956745,129.976437,Cloud to Ground,16636,0,9
2026-08-31T00:30:17.830434466Z,17.228647,127.219996,Cloud to Ground,27896,0,18
2026-08-31T00:30:17.689466985Z,18.471,114.187198,Cloud to Cloud,-10863,4885,12
2026-08-31T00:30:17.748422789Z,18.481067,114.107912,Cloud to Cloud,-7987,3779,8
2026-08-31T00:30:17.756149221Z,18.405707,114.10384,Cloud to Cloud,8999,6897,8
2026-08-31T00:30:19.873884349Z,15.983011,129.876151,Cloud to Cloud,-9270,3145,7
2026-08-31T00:30:19.020049034Z,18.603446,115.519415,Cloud to Cloud,-22205,3059,11
2026-08-31T00:30:19.119971339Z,18.597221,115.514534,Cloud to Ground,-19895,0,10
2026-08-31T00:30:20.465522566Z,17.923453,113.023718,Cloud to Cloud,8929,6619,7
2026-08-31T00:30:20.999795480Z,14.320254,133.42192,Cloud to Cloud,-22778,5518,28
2026-08-31T00:30:20.998136196Z,14.266088,133.476777,Cloud to Cloud,-12646,7584,11
2026-08-31T00:30:21.001069138Z,14.277241,133.472372,Cloud to Ground,12566,0,9
2026-08-31T00:30:24.975608396Z,17.566952,112.665425,Cloud to Cloud,6344,15227,6
2026-08-31T00:30:24.959196589Z,17.558728,112.64026,Cloud to Ground,9413,0,11
2026-08-31T00:30:24.956798982Z,17.579583,112.717968,Cloud to Cloud,9472,8669,7
2026-08-31T00:30:24.887938072Z,17.575214,112.639884,Cloud to Ground,14726,0,9
2026-08-31T00:30:24.927599361Z,17.564501,112.690502,Cloud to Cloud,18573,5468,8
2026-08-31T00:30:25.181930635Z,8.200268,117.473486,Cloud to Cloud,11020,13640,10
2026-08-31T00:30:25.591445440Z,16.199223,129.224061,Cloud to Cloud,10519,15785,10
2026-08-31T00:30:25.292702704Z,18.332867,114.81596,Cloud to Cloud,-9916,3049,9
2026-08-31T00:30:26.371042157Z,17.316123,127.125749,Cloud to Ground,10136,0,10
2026-08-31T00:30:27.700643316Z,14.391797,132.064891,Cloud to Ground,15106,0,11
2026-08-31T00:30:27.632114748Z,14.155574,133.980386,Cloud to Ground,27875,0,17
2026-08-31T00:30:28.892654798Z,16.058503,129.474307,Cloud to Cloud,-14737,9322,10
2026-08-31T00:30:28.879432317Z,16.026419,129.516769,Cloud to Ground,-14451,0,8
2026-08-31T00:30:28.629204615Z,16.016911,129.498588,Cloud to Cloud,-10124,10750,10
2026-08-31T00:30:28.661573973Z,15.936175,129.455945,Cloud to Cloud,12213,3051,11
2026-08-31T00:30:28.625396000Z,16.0459,129.3623,Cloud to Ground,18507,0,6
2026-08-31T00:30:29.642063406Z,16.336821,129.006851,Cloud to Cloud,-11260,10903,7
2026-08-31T00:30:29.716981256Z,18.834205,116.791387,Cloud to Cloud,-8447,3518,7
2026-08-31T00:30:29.573935253Z,18.863703,116.798788,Cloud to Ground,13866,0,6
2026-08-31T00:30:29.593092139Z,18.839142,116.793295,Cloud to Ground,32810,0,8
2026-08-31T00:30:29.830834649Z,20.446988,120.887737,Cloud to Cloud,4843,14378,6
2026-08-31T00:30:29.545863252Z,17.900948,113.114946,Cloud to Cloud,13636,7158,8
2026-08-31T00:30:32.541678951Z,14.241723,134.095261,Cloud to Cloud,-10717,3256,7
2026-08-31T00:30:42.012425416Z,19.839291,120.320614,Cloud to Cloud,8647,17111,6
2026-08-31T00:30:42.083977054Z,19.831474,120.315572,Cloud to Cloud,9114,19528,9
2026-08-31T00:30:42.435343533Z,19.822242,120.335348,Cloud to Cloud,10397,18790,6
2026-08-31T00:30:42.009536837Z,19.901874,120.355346,Cloud to Ground,12784,0,7
2026-08-31T00:30:42.063778522Z,19.781863,120.313312,Cloud to Ground,13038,0,6
2026-08-31T00:30:44.394112498Z,14.242916,133.296104,Cloud to Cloud,-11565,9407,10
2026-08-31T00:30:44.400495923Z,14.214993,133.306789,Cloud to Cloud,-10134,6635,8
2026-08-31T00:30:44.388319577Z,14.231749,133.302668,Cloud to Ground,-9340,0,9
2026-08-31T00:30:45.547188635Z,20.384949,120.939408,Cloud to Cloud,3947,12125,8
2026-08-31T00:30:46.364164665Z,15.454967,131.192577,Cloud to Ground,12441,0,8
2026-08-31T00:30:48.473440035Z,18.996078,116.833787,Cloud to Cloud,8033,19327,8
2026-08-31T00:30:50.665112105Z,4.765093,113.592322,Cloud to Ground,-26942,0,19
2026-08-31T00:30:50.685193000Z,4.7529,113.5324,Cloud to Ground,-20361,0,6
2026-08-31T00:30:50.630031165Z,4.764348,113.486615,Cloud to Cloud,-14966,3134,7
2026-08-31T00:30:50.672343825Z,4.811994,113.517485,Cloud to Ground,-12672,0,12
2026-08-31T00:30:50.734149051Z,4.748654,113.57891,Cloud to Ground,12711,0,8
2026-08-31T00:30:50.739321247Z,4.841026,113.601119,Cloud to Cloud,15775,7191,7
2026-08-31T00:30:50.845619551Z,4.758888,113.582087,Cloud to Ground,18297,0,13
2026-08-31T00:30:50.660996833Z,4.832008,113.596877,Cloud to Ground,24259,0,12
2026-08-31T00:30:50.719191854Z,4.759634,113.587495,Cloud to Ground,43551,0,25
2026-08-31T00:30:50.646844970Z,4.758937,113.594306,Cloud to Ground,48885,0,22
2026-08-31T00:30:50.086136592Z,15.784449,129.913417,Cloud to Cloud,12529,6083,13
2026-08-31T00:30:50.116241413Z,15.930065,129.864854,Cloud to Cloud,12356,4408,6
2026-08-31T00:30:50.047560815Z,15.973845,129.806532,Cloud to Cloud,17399,7099,8
2026-08-31T00:30:50.021858518Z,15.938228,129.857197,Cloud to Cloud,26683,3176,11
2026-08-31T00:30:49.942188330Z,17.574784,112.642665,Cloud to Cloud,-6859,3088,7
2026-08-31T00:30:49.971453692Z,17.567188,112.639447,Cloud to Cloud,7391,9760,6
2026-08-31T00:30:50.124288401Z,17.501015,112.635975,Cloud to Ground,13075,0,7
2026-08-31T00:30:51.272224777Z,14.496657,132.066601,Cloud to Ground,-12051,0,10
2026-08-31T00:30:51.049679401Z,14.434992,132.065387,Cloud to Cloud,-10965,5338,11
2026-08-31T00:30:51.321412878Z,14.439615,132.070851,Cloud to Ground,-10775,0,6
2026-08-31T00:30:53.538157776Z,17.203401,127.279286,Cloud to Cloud,-11678,15361,7
2026-08-31T00:30:53.551607137Z,17.191585,127.245639,Cloud to Cloud,-8547,15662,7
2026-08-31T00:30:53.967118000Z,17.2787,127.2739,Cloud to Ground,-2348,0,5
2026-08-31T00:30:53.512692156Z,17.204398,127.265816,Cloud to Ground,10627,0,10
2026-08-31T00:30:53.510496428Z,17.203036,127.267816,Cloud to Cloud,12002,3200,12
2026-08-31T00:30:53.534355407Z,17.208323,127.277542,Cloud to Ground,16462,0,14
2026-08-31T00:30:53.647199581Z,20.455551,120.928578,Cloud to Ground,-9055,0,7
2026-08-31T00:30:53.587519692Z,20.462782,120.920788,Cloud to Cloud,-5340,17991,6
2026-08-31T00:30:53.664084152Z,20.420866,120.961728,Cloud to Cloud,6853,3041,7
2026-08-31T00:30:53.577928202Z,20.443126,120.911177,Cloud to Cloud,7218,13775,8
2026-08-31T00:30:55.920303447Z,18.993606,118.773452,Cloud to Cloud,9419,8601,7
2026-08-31T00:30:55.923461000Z,18.9997,118.7472,Cloud to Ground,12176,0,7
2026-08-31T00:30:58.046834378Z,15.376073,130.993618,Cloud to Cloud,13855,3786,12
2026-08-31T00:31:00.091037892Z,8.335259,117.603765,Cloud to Ground,-24934,0,8
2026-08-31T00:31:00.775572231Z,19.146329,119.004693,Cloud to Cloud,-8127,3021,7
2026-08-31T00:31:00.696446512Z,19.153796,119.00635,Cloud to Cloud,14693,14946,9
2026-08-31T00:31:00.362602637Z,16.256884,129.816922,Cloud to Ground,-26129,0,18
2026-08-31T00:31:00.366810276Z,16.259074,129.858547,Cloud to Ground,-12342,0,10
2026-08-31T00:31:00.361829974Z,16.183227,129.850426,Cloud to Ground,14484,0,8
2026-08-31T00:31:00.360791014Z,16.260323,129.891226,Cloud to Ground,39981,0,13
2026-08-31T00:31:01.807429381Z,14.282384,133.988476,Cloud to Ground,-21882,0,22
2026-08-31T00:31:01.806721229Z,14.244087,133.993855,Cloud to Ground,-21389,0,11
2026-08-31T00:31:02.098638327Z,14.252387,134.001124,Cloud to Ground,-11899,0,8
2026-08-31T00:31:01.810393812Z,14.290815,134.000928,Cloud to Ground,-11648,0,11
2026-08-31T00:31:01.934785369Z,14.259997,134.000854,Cloud to Cloud,8333,10373,6
2026-08-31T00:31:02.453555000Z,14.2557,133.9651,Cloud to Ground,21401,0,5
2026-08-31T00:31:02.501594490Z,16.047241,129.931543,Cloud to Ground,-26688,0,17
2026-08-31T00:31:02.574563670Z,15.974527,130.062398,Cloud to Ground,-17117,0,8
2026-08-31T00:31:02.509518468Z,15.980858,130.057559,Cloud to Ground,-15532,0,11
2026-08-31T00:31:02.541646000Z,16.0091,130.0603,Cloud to Ground,-10857,0,5
2026-08-31T00:31:02.508418816Z,16.011481,130.040856,Cloud to Cloud,-5267,7817,7
2026-08-31T00:31:02.387309377Z,18.33251,114.102311,Cloud to Cloud,-9338,3243,8
2026-08-31T00:31:02.413202988Z,18.337172,114.13388,Cloud to Ground,20031,0,9
2026-08-31T00:31:04.785472000Z,16.028896,129.948804,Cloud to Cloud,-13268,3968,6
2026-08-31T00:31:04.419871910Z,17.169085,112.269339,Cloud to Cloud,-17217,3117,7
2026-08-31T00:31:04.489413624Z,17.137566,112.232306,Cloud to Cloud,-14863,8227,9
2026-08-31T00:31:05.566789657Z,16.429796,128.972552,Cloud to Cloud,-10105,3312,10
2026-08-31T00:31:05.383929762Z,16.344704,129.038738,Cloud to Cloud,13340,13905,7
2026-08-31T00:31:05.492109363Z,18.59577,115.205248,Cloud to Cloud,-18690,3017,11
2026-08-31T00:31:05.494816459Z,18.602371,115.198024,Cloud to Cloud,-12545,3055,12
2026-08-31T00:31:05.492540613Z,18.617997,115.186553,Cloud to Cloud,-11154,12928,12
2026-08-31T00:31:05.500261369Z,18.59815,115.200298,Cloud to Cloud,6215,3002,6
2026-08-31T00:31:06.703726000Z,14.0168,133.7683,Cloud to Ground,23238,0,5
2026-08-31T00:31:07.075084999Z,16.025853,129.876525,Cloud to Cloud,-8876,3020,11
2026-08-31T00:31:07.099761875Z,15.970064,129.875102,Cloud to Cloud,17546,3115,9
2026-08-31T00:31:08.506487433Z,14.345055,132.116717,Cloud to Cloud,21561,3015,8
2026-08-31T00:31:08.313803805Z,14.440732,132.073486,Cloud to Cloud,-8232,19429,11
2026-08-31T00:31:08.216421506Z,17.39064,126.995544,Cloud to Cloud,10467,11846,9
2026-08-31T00:31:10.490286146Z,17.31702,127.146266,Cloud to Ground,22085,0,14
2026-08-31T00:31:12.685727572Z,16.129643,129.633614,Cloud to Cloud,-9424,4105,8
2026-08-31T00:31:12.683323385Z,16.12015,129.628581,Cloud to Ground,13415,0,11
2026-08-31T00:31:13.874151570Z,14.291804,132.87064,Cloud to Cloud,-11486,5538,11
2026-08-31T00:31:13.870665378Z,14.245935,132.894368,Cloud to Cloud,-11327,3036,10
2026-08-31T00:31:13.868902081Z,14.250155,132.894843,Cloud to Ground,18675,0,14
2026-08-31T00:31:13.220499781Z,14.323278,132.409572,Cloud to Ground,26253,0,14
2026-08-31T00:31:14.182752929Z,14.472637,132.488447,Cloud to Cloud,-12511,4294,11
2026-08-31T00:31:14.183822069Z,14.489936,132.514705,Cloud to Ground,-8706,0,10
2026-08-31T00:31:14.181337248Z,14.422665,132.550001,Cloud to Cloud,9109,6523,7
2026-08-31T00:31:14.179419747Z,14.423325,132.544359,Cloud to Cloud,11114,17830,10
2026-08-31T00:31:14.180307193Z,14.425276,132.531205,Cloud to Ground,13109,0,9
2026-08-31T00:31:14.179848218Z,14.324659,132.568874,Cloud to Cloud,11502,3414,10
2026-08-31T00:31:14.759491704Z,14.430405,132.755305,Cloud to Ground,-15795,0,9
2026-08-31T00:31:14.763062422Z,14.443549,132.763818,Cloud to Ground,-7473,0,7
2026-08-31T00:31:15.768336355Z,18.757748,115.75981,Cloud to Cloud,-9126,15098,8
2026-08-31T00:31:16.081569259Z,18.774636,115.747638,Cloud to Cloud,-6190,19660,7
2026-08-31T00:31:16.138533973Z,18.787029,115.819319,Cloud to Cloud,5790,6041,7
2026-08-31T00:31:16.562242186Z,18.78943,116.716369,Cloud to Cloud,-7788,3003,9
2026-08-31T00:31:17.347924314Z,15.372946,130.99797,Cloud to Ground,-11381,0,11
2026-08-31T00:31:17.359750488Z,15.382922,131.074581,Cloud to Ground,-7165,0,7
2026-08-31T00:31:17.641055494Z,14.247629,133.391435,Cloud to Ground,-22486,0,15
2026-08-31T00:31:17.644257160Z,14.258932,133.561027,Cloud to Ground,-16922,0,9
2026-08-31T00:31:17.641912342Z,14.242966,133.549545,Cloud to Cloud,-16685,12674,14
2026-08-31T00:31:17.640097273Z,14.245297,133.550765,Cloud to Ground,35911,0,19
2026-08-31T00:31:18.338056710Z,15.468099,131.101366,Cloud to Cloud,-14084,5614,9
2026-08-31T00:31:18.337025887Z,15.5666,130.991489,Cloud to Ground,-29172,0,8
2026-08-31T00:31:18.808283251Z,15.949637,129.85297,Cloud to Cloud,-10537,9158,7
2026-08-31T00:31:18.632981284Z,15.959854,129.978466,Cloud to Cloud,-9635,3570,7
2026-08-31T00:31:18.793412873Z,15.985899,129.963244,Cloud to Cloud,17402,4723,16
2026-08-31T00:31:18.884050147Z,18.477852,114.157243,Cloud to Ground,-9908,0,10
2026-08-31T00:31:18.545651043Z,18.468504,114.109421,Cloud to Cloud,8152,7602,8
2026-08-31T00:31:20.421669000Z,17.9607,113.0703,Cloud to Ground,-8910,0,6
2026-08-31T00:31:20.343013789Z,17.945385,113.108293,Cloud to Ground,27426,0,13
2026-08-31T00:31:21.134320305Z,8.293113,117.554893,Cloud to Ground,15580,0,12
2026-08-31T00:31:22.197240637Z,16.084706,129.91042,Cloud to Cloud,-21336,7891,9
2026-08-31T00:31:21.886773844Z,16.063777,129.828008,Cloud to Cloud,-15907,5579,8
2026-08-31T00:31:22.691327806Z,16.048082,129.845943,Cloud to Cloud,-12091,7862,6
2026-08-31T00:31:21.996251679Z,16.02783,129.724705,Cloud to Cloud,-5646,7370,7
2026-08-31T00:31:21.873633063Z,16.05686,129.841761,Cloud to Ground,10878,0,12
2026-08-31T00:31:22.308637179Z,16.078399,129.777783,Cloud to Cloud,12492,17869,10
2026-08-31T00:31:22.726065158Z,16.36401,128.984732,Cloud to Cloud,10252,7522,8
2026-08-31T00:31:23.412449566Z,14.398236,132.195679,Cloud to Ground,-21120,0,10
2026-08-31T00:31:23.424907161Z,14.418095,132.21627,Cloud to Ground,-14238,0,13
2026-08-31T00:31:23.440554631Z,14.361478,132.324999,Cloud to Ground,16634,0,13
2026-08-31T00:31:23.413939210Z,14.358154,132.325369,Cloud to Ground,46057,0,19
2026-08-31T00:31:23.907353115Z,17.557576,112.72119,Cloud to Cloud,8699,4739,7
2026-08-31T00:31:24.006391703Z,17.449023,112.567252,Cloud to Ground,-6145,0,5
2026-08-31T00:31:25.783109535Z,14.437532,132.091304,Cloud to Ground,-9879,0,10
2026-08-31T00:31:25.782090301Z,14.487804,132.02616,Cloud to Cloud,6695,17004,10
2026-08-31T00:31:26.343851791Z,16.046985,129.916677,Cloud to Cloud,-8473,3105,11
2026-08-31T00:31:27.902555437Z,14.187748,134.197228,Cloud to Ground,12454,0,7
2026-08-31T00:31:27.905544082Z,14.370797,133.944966,Cloud to Ground,-16365,0,10
2026-08-31T00:31:27.117051422Z,18.651714,115.412514,Cloud to Ground,-6792,0,8
2026-08-31T00:31:29.903195392Z,19.847193,120.356276,Cloud to Ground,-104064,0,20
2026-08-31T00:31:30.061772221Z,19.862794,120.367905,Cloud to Ground,-32025,0,17
2026-08-31T00:31:29.980287998Z,19.860097,120.37156,Cloud to Ground,-26877,0,14
2026-08-31T00:31:30.004392396Z,19.857415,120.343448,Cloud to Ground,-23200,0,8
2026-08-31T00:31:30.097645066Z,19.859496,120.358023,Cloud to Ground,14203,0,7
2026-08-31T00:31:31.636376866Z,17.30806,127.151448,Cloud to Ground,20036,0,13
2026-08-31T00:31:31.570304697Z,18.467557,114.914247,Cloud to Cloud,-24574,3041,10
2026-08-31T00:31:31.550402309Z,18.455821,114.976943,Cloud to Ground,-12259,0,9
2026-08-31T00:31:33.663628296Z,18.6316,115.495028,Cloud to Cloud,-10716,3029,9
2026-08-31T00:31:33.739976518Z,18.576549,115.498653,Cloud to Cloud,3861,3010,5
2026-08-31T00:31:35.609118627Z,14.294778,133.968348,Cloud to Ground,13607,0,13
2026-08-31T00:31:35.635545782Z,16.032632,129.759506,Cloud to Ground,-13390,0,7
2026-08-31T00:31:35.573670211Z,16.076717,129.891917,Cloud to Ground,-33989,0,18
2026-08-31T00:31:35.671423879Z,16.027992,129.957606,Cloud to Ground,66028,0,11
2026-08-31T00:31:36.242265140Z,19.338851,116.716637,Cloud to Ground,-29867,0,10
2026-08-31T00:31:36.507484858Z,19.381163,116.718878,Cloud to Ground,11583,0,6
2026-08-31T00:31:37.663044108Z,17.414945,126.925384,Cloud to Cloud,12890,18554,10
2026-08-31T00:31:37.051242348Z,17.314153,127.140872,Cloud to Cloud,9635,13818,7
2026-08-31T00:31:37.612248258Z,17.340373,127.078333,Cloud to Ground,15719,0,9
2026-08-31T00:31:37.653562850Z,17.324155,127.106052,Cloud to Ground,18926,0,16
2026-08-31T00:31:37.616736860Z,17.310658,126.898316,Cloud to Cloud,-11026,6214,18
2026-08-31T00:31:38.484594074Z,15.36173,131.208262,Cloud to Cloud,-12319,19388,8
2026-08-31T00:31:39.112766714Z,15.44194,131.178637,Cloud to Ground,10921,0,8
2026-08-31T00:31:38.644004811Z,15.483532,131.185209,Cloud to Ground,24015,0,9
2026-08-31T00:31:38.605364453Z,15.487197,131.18286,Cloud to Ground,43125,0,13
2026-08-31T00:31:39.503319623Z,19.004635,116.901985,Cloud to Ground,18282,0,9
2026-08-31T00:31:39.537608189Z,19.024098,116.785011,Cloud to Cloud,11237,14596,10
2026-08-31T00:31:41.590933117Z,19.573551,119.959891,Cloud to Cloud,10923,19763,9
2026-08-31T00:31:41.688133263Z,19.737743,120.253234,Cloud to Cloud,16507,12248,11
2026-08-31T00:31:41.135316333Z,19.664077,120.187226,Cloud to Cloud,-12626,12228,16
2026-08-31T00:31:41.965645273Z,19.565887,120.2089,Cloud to Ground,-9314,0,7
2026-08-31T00:31:41.154861972Z,19.581595,120.189987,Cloud to Cloud,9085,10802,6
2026-08-31T00:31:41.562606667Z,19.550073,120.177057,Cloud to Cloud,12855,17946,9
2026-08-31T00:31:41.248949515Z,19.576275,120.264474,Cloud to Ground,61631,0,21
2026-08-31T00:31:42.218631518Z,16.001823,129.95011,Cloud to Cloud,-10144,3075,7
2026-08-31T00:31:42.202240123Z,15.983966,129.966061,Cloud to Cloud,-9376,4714,10
2026-08-31T00:31:43.736023942Z,14.02826,133.796397,Cloud to Ground,19921,0,15
2026-08-31T00:31:43.623743376Z,14.088162,133.783898,Cloud to Ground,31482,0,26
2026-08-31T00:31:43.333006848Z,15.367881,130.884226,Cloud to Cloud,-13929,3394,16
2026-08-31T00:31:43.437147543Z,14.245308,132.432033,Cloud to Cloud,16265,3004,9
2026-08-31T00:31:43.490498325Z,14.341898,132.279555,Cloud to Cloud,-7605,3296,7
2026-08-31T00:31:43.756519209Z,14.355374,132.436421,Cloud to Cloud,-17670,7332,9
2026-08-31T00:31:44.734895197Z,17.291956,127.173939,Cloud to Cloud,-12436,17389,6
2026-08-31T00:31:44.890956475Z,17.334121,127.181154,Cloud to Cloud,7221,17006,13
2026-08-31T00:31:45.979115345Z,16.13569,129.808854,Cloud to Cloud,-8537,7442,10
2026-08-31T00:31:45.808085456Z,16.04879,129.722848,Cloud to Cloud,8488,3055,11
2026-08-31T00:31:46.932894498Z,18.850058,115.825829,Cloud to Ground,18048,0,8
2026-08-31T00:31:47.230700208Z,14.240971,134.269828,Cloud to Ground,11441,0,9
2026-08-31T00:31:47.143276090Z,15.938443,130.075518,Cloud to Ground,-19154,0,8
2026-08-31T00:31:48.880948816Z,17.076269,112.322861,Cloud to Ground,-10950,0,9
2026-08-31T00:31:48.925264828Z,17.103727,112.331598,Cloud to Ground,-9664,0,9
2026-08-31T00:31:48.499185808Z,17.077763,112.231248,Cloud to Cloud,8204,3998,7
2026-08-31T00:31:48.461135595Z,17.07932,112.261176,Cloud to Ground,19620,0,10
2026-08-31T00:31:49.122478268Z,8.300258,117.435002,Cloud to Ground,22762,0,9
2026-08-31T00:31:49.943623571Z,16.122395,129.520263,Cloud to Ground,-16395,0,19
2026-08-31T00:31:49.741793273Z,16.107114,129.630003,Cloud to Ground,-98531,0,14
2026-08-31T00:31:50.267567544Z,16.08248,129.664897,Cloud to Ground,11117,0,7
2026-08-31T00:31:50.003724477Z,16.184385,129.606577,Cloud to Cloud,21397,4101,13
2026-08-31T00:31:50.932360432Z,14.497619,132.052494,Cloud to Ground,-10432,0,7
2026-08-31T00:31:51.107973179Z,14.435024,132.05888,Cloud to Cloud,14617,12641,8
2026-08-31T00:31:51.553737602Z,17.194538,127.262104,Cloud to Ground,-90672,0,17
2026-08-31T00:31:51.617759390Z,17.195847,127.276998,Cloud to Ground,-54525,0,15
2026-08-31T00:31:51.682889000Z,17.2267,127.1664,Cloud to Ground,-14499,0,5
2026-08-31T00:31:51.941761967Z,16.342485,129.027255,Cloud to Cloud,17001,15024,8
2026-08-31T00:31:52.504531525Z,18.79,115.712985,Cloud to Ground,-12219,0,7
2026-08-31T00:31:52.437750843Z,18.790079,115.731314,Cloud to Ground,-9034,0,7
2026-08-31T00:31:52.670173175Z,18.326975,114.049191,Cloud to Ground,31135,0,8
2026-08-31T00:31:53.398756224Z,4.826843,113.574492,Cloud to Ground,-17094,0,16
2026-08-31T00:31:53.395021875Z,4.850344,113.573865,Cloud to Ground,-13910,0,11
2026-08-31T00:31:53.659352582Z,4.764283,113.593521,Cloud to Ground,-9084,0,5
2026-08-31T00:31:53.395625901Z,4.823211,113.616418,Cloud to Ground,48703,0,11
2026-08-31T00:31:53.086399955Z,18.349495,114.184459,Cloud to Cloud,-11205,5318,7
2026-08-31T00:31:54.965728628Z,19.453848,120.135519,Cloud to Cloud,6236,7995,6
2026-08-31T00:31:54.956156430Z,19.450693,120.129658,Cloud to Cloud,7200,4527,7
2026-08-31T00:31:54.958767082Z,19.537489,120.169796,Cloud to Cloud,14008,19888,7
2026-08-31T00:31:55.609544803Z,18.307473,114.758511,Cloud to Cloud,10257,7757,7
2026-08-31T00:31:55.601677817Z,18.343643,114.864422,Cloud to Cloud,-7687,6099,6
2026-08-31T00:31:55.599956498Z,18.34659,114.859809,Cloud to Ground,19755,0,11
2026-08-31T00:31:54.835023232Z,18.538725,114.145306,Cloud to Ground,-46551,0,16
2026-08-31T00:31:55.266272348Z,18.533338,114.141843,Cloud to Ground,-28513,0,8
2026-08-31T00:31:54.766016153Z,18.54396,114.140157,Cloud to Ground,-21965,0,10
2026-08-31T00:31:54.908185458Z,18.551945,114.138912,Cloud to Ground,-14918,0,7
2026-08-31T00:31:55.239390266Z,18.5459,114.143138,Cloud to Ground,-11349,0,7
2026-08-31T00:31:55.302967965Z,18.527482,114.142414,Cloud to Cloud,8591,5684,7
2026-08-31T00:31:55.050340945Z,18.540175,114.056735,Cloud to Ground,8614,0,10
2026-08-31T00:31:55.231621798Z,18.528701,114.146709,Cloud to Cloud,10743,14971,11
2026-08-31T00:31:54.870941565Z,18.559347,114.14174,Cloud to Ground,51550,0,14
2026-08-31T00:31:55.107719342Z,18.536588,114.13516,Cloud to Ground,57585,0,13
2026-08-31T00:31:55.072764419Z,19.325187,120.11875,Cloud to Cloud,7277,3002,7
2026-08-31T00:31:56.222208848Z,16.084584,129.866777,Cloud to Cloud,-15462,6708,9
2026-08-31T00:31:56.330563720Z,16.041335,129.812099,Cloud to Cloud,-14667,6980,10
2026-08-31T00:31:55.984122193Z,16.063412,129.85539,Cloud to Cloud,-7129,7459,9
2026-08-31T00:31:56.651632375Z,17.914702,113.05507,Cloud to Ground,-77585,0,15
2026-08-31T00:31:57.824144999Z,18.779954,115.783132,Cloud to Cloud,-13082,3189,7
2026-08-31T00:31:57.472342000Z,8.3341,117.466,Cloud to Ground,20600,0,5
2026-08-31T00:31:58.115664770Z,14.314441,132.254688,Cloud to Cloud,-10766,3080,25
2026-08-31T00:31:58.337168110Z,14.297884,132.843527,Cloud to Cloud,-15000,12123,27
2026-08-31T00:31:58.133163951Z,14.192379,132.441514,Cloud to Cloud,12555,3449,7
2026-08-31T00:32:00.018480625Z,14.003236,133.798968,Cloud to Ground,27840,0,10
2026-08-31T00:32:00.239512777Z,17.384755,126.795974,Cloud to Ground,-62692,0,16
2026-08-31T00:32:00.278130319Z,17.38508,126.806569,Cloud to Ground,-19115,0,11
2026-08-31T00:32:00.623488881Z,17.372358,126.78447,Cloud to Ground,-14912,0,14
2026-08-31T00:32:00.252371477Z,17.381145,126.788226,Cloud to Cloud,5718,13917,6
2026-08-31T00:32:00.287504304Z,16.252905,129.890204,Cloud to Cloud,-13849,13590,11
2026-08-31T00:32:01.577304860Z,14.167483,133.985192,Cloud to Ground,-11552,0,10
2026-08-31T00:32:01.908554258Z,15.914131,130.006709,Cloud to Ground,-8845,0,7
2026-08-31T00:32:02.240629158Z,15.897887,129.934209,Cloud to Cloud,18955,3384,8
2026-08-31T00:32:01.931300997Z,14.310369,132.785906,Cloud to Ground,10900,0,7
2026-08-31T00:32:01.931947585Z,14.483749,132.751343,Cloud to Ground,9625,0,9
2026-08-31T00:32:01.947372092Z,14.460865,132.756419,Cloud to Ground,18935,0,16
2026-08-31T00:32:04.368957228Z,8.382389,117.571146,Cloud to Cloud,8767,16925,7
2026-08-31T00:32:04.333185980Z,18.931325,116.651323,Cloud to Cloud,7684,15836,11
2026-08-31T00:32:04.762604497Z,18.951621,116.752327,Cloud to Cloud,7462,15231,6
2026-08-31T00:32:05.656850266Z,19.845716,120.345228,Cloud to Cloud,-7870,12071,8
2026-08-31T00:32:05.431281444Z,19.763909,120.312006,Cloud to Cloud,5564,17358,5
2026-08-31T00:32:05.789721434Z,19.764517,120.316028,Cloud to Cloud,5729,3010,5
2026-08-31T00:32:05.552449898Z,19.760131,120.27841,Cloud to Cloud,5754,17680,7
2026-08-31T00:32:05.466618161Z,19.832724,120.323183,Cloud to Cloud,6968,10904,8
2026-08-31T00:32:05.433996187Z,19.761597,120.310794,Cloud to Cloud,7552,3028,8
2026-08-31T00:32:05.918413106Z,17.572579,112.725813,Cloud to Cloud,-9937,8394,9
2026-08-31T00:32:06.030131164Z,17.586326,112.745343,Cloud to Cloud,-9596,3333,9
2026-08-31T00:32:05.913229222Z,17.564143,112.647295,Cloud to Ground,7134,0,5
2026-08-31T00:32:05.955047375Z,17.565091,112.648481,Cloud to Cloud,10828,3410,12
2026-08-31T00:32:05.901156785Z,17.574319,112.745001,Cloud to Ground,17630,0,6
2026-08-31T00:32:05.896076455Z,17.555384,112.657334,Cloud to Ground,33526,0,9
2026-08-31T00:32:06.044356161Z,19.834044,120.448688,Cloud to Cloud,-4536,5466,8
2026-08-31T00:32:08.473822301Z,14.310547,132.270707,Cloud to Ground,-8298,0,12
2026-08-31T00:32:08.495339343Z,14.316258,132.416776,Cloud to Ground,-15422,0,13
2026-08-31T00:32:08.689638892Z,14.370595,132.344729,Cloud to Cloud,-9376,12514,14
2026-08-31T00:32:08.308237585Z,19.862758,120.361535,Cloud to Ground,-32766,0,12
2026-08-31T00:32:08.249868863Z,19.859031,120.370187,Cloud to Ground,-23148,0,11
2026-08-31T00:32:08.339033623Z,19.861537,120.350922,Cloud to Ground,-13246,0,7
2026-08-31T00:32:11.195367614Z,16.001821,129.862112,Cloud to Cloud,-20130,7814,11
2026-08-31T00:32:11.053668874Z,20.154447,120.882642,Cloud to Cloud,9051,16935,8
2026-08-31T00:32:11.244299919Z,20.11696,120.879966,Cloud to Cloud,10814,6240,17
2026-08-31T00:32:14.305441051Z,17.318053,127.118072,Cloud to Cloud,-8937,3944,7
2026-08-31T00:32:14.307361126Z,17.316956,127.117763,Cloud to Cloud,-5897,15072,7
2026-08-31T00:32:14.072778358Z,17.392157,127.003031,Cloud to Cloud,16815,17054,10
2026-08-31T00:32:15.855616511Z,15.883516,130.014662,Cloud to Cloud,-17025,3023,9
2026-08-31T00:32:16.708565804Z,8.253033,117.590887,Cloud to Cloud,18720,6064,7
2026-08-31T00:32:16.153422638Z,15.984452,129.984038,Cloud to Cloud,-18201,3102,8
2026-08-31T00:32:15.779499063Z,15.990946,130.001001,Cloud to Cloud,-9487,3057,7
2026-08-31T00:32:15.713315391Z,16.05469,129.956877,Cloud to Cloud,-6914,6012,9
2026-08-31T00:32:16.454744357Z,19.402256,119.80698,Cloud to Cloud,10861,17733,7
2026-08-31T00:32:18.309456169Z,15.941969,130.111572,Cloud to Cloud,21579,3044,13
2026-08-31T00:32:18.327975817Z,16.037427,130.037744,Cloud to Cloud,-8549,5746,11
2026-08-31T00:32:18.959507511Z,16.067998,129.799882,Cloud to Ground,-12111,0,7
2026-08-31T00:32:18.317891286Z,16.082388,129.713863,Cloud to Cloud,-11484,5456,7
2026-08-31T00:32:18.755015492Z,16.068998,129.847363,Cloud to Cloud,-11207,4623,8
2026-08-31T00:32:18.347237136Z,16.053693,129.771452,Cloud to Cloud,-8847,17814,13
2026-08-31T00:32:18.337984187Z,16.052548,129.795211,Cloud to Cloud,-6809,3463,8
2026-08-31T00:32:18.357219838Z,16.047646,129.884931,Cloud to Cloud,10592,6351,8
2026-08-31T00:32:18.314569768Z,16.13678,129.812721,Cloud to Cloud,14779,3556,15
2026-08-31T00:32:18.311630632Z,16.052765,129.807533,Cloud to Cloud,45942,12992,11
2026-08-31T00:32:18.593780369Z,15.349565,131.04034,Cloud to Cloud,-5980,17188,12
2026-08-31T00:32:18.490993365Z,15.313016,131.071027,Cloud to Ground,12118,0,8
2026-08-31T00:32:18.342727136Z,16.049781,129.603476,Cloud to Cloud,-15984,7381,10
2026-08-31T00:32:19.987631903Z,4.980007,113.874689,Cloud to Cloud,-11829,19358,7
2026-08-31T00:32:20.187325191Z,4.943836,113.92166,Cloud to Ground,21666,0,9
2026-08-31T00:32:20.738502861Z,14.494013,132.310164,Cloud to Cloud,-60281,3339,12
2026-08-31T00:32:20.737967548Z,14.511562,132.284262,Cloud to Cloud,-19084,7510,12
2026-08-31T00:32:20.748253398Z,14.500004,132.311355,Cloud to Ground,13142,0,9
2026-08-31T00:32:20.902791621Z,14.471524,132.249082,Cloud to Ground,19297,0,7
2026-08-31T00:32:20.740202118Z,14.480679,132.146633,Cloud to Cloud,-11335,3332,20
2026-08-31T00:32:20.679342228Z,15.897762,130.25504,Cloud to Ground,-13926,0,10
2026-08-31T00:32:22.312389768Z,16.068622,129.889502,Cloud to Ground,14698,0,11
2026-08-31T00:32:22.310915065Z,16.051305,129.884109,Cloud to Ground,18015,0,10
2026-08-31T00:32:22.743826085Z,16.026144,129.679887,Cloud to Cloud,-8421,7636,8
2026-08-31T00:32:23.336172100Z,14.22768,133.311459,Cloud to Cloud,-16289,7738,14
2026-08-31T00:32:23.331783212Z,14.250097,133.301909,Cloud to Ground,-16277,0,14
2026-08-31T00:32:23.329106350Z,14.247518,133.310152,Cloud to Ground,74349,0,26
2026-08-31T00:32:23.329691082Z,14.247555,133.299163,Cloud to Ground,78170,0,20
2026-08-31T00:32:23.101413780Z,19.047456,116.034059,Cloud to Ground,15537,0,8
2026-08-31T00:32:23.088711203Z,19.065881,116.046375,Cloud to Ground,16089,0,12
2026-08-31T00:32:24.591953582Z,16.064142,129.467923,Cloud to Ground,-20310,0,22
2026-08-31T00:32:24.419667970Z,16.17638,129.606578,Cloud to Cloud,-33422,14632,23
2026-08-31T00:32:25.907671993Z,15.470989,131.151993,Cloud to Ground,-72326,0,14
2026-08-31T00:32:25.895503209Z,15.325198,131.229853,Cloud to Ground,-14833,0,6
2026-08-31T00:32:25.939630571Z,15.475228,131.049799,Cloud to Ground,-26784,0,13
2026-08-31T00:32:26.772168588Z,15.486832,131.006336,Cloud to Ground,-13133,0,11
2026-08-31T00:32:26.467284108Z,15.468146,131.029422,Cloud to Ground,-11238,0,11
2026-08-31T00:32:26.773527805Z,15.252985,131.136051,Cloud to Ground,-18109,0,10
2026-08-31T00:32:26.891506145Z,15.484593,131.204886,Cloud to Ground,18615,0,12
2026-08-31T00:32:26.640637097Z,17.19494,127.25857,Cloud to Ground,-23571,0,17
2026-08-31T00:32:26.649820810Z,17.086453,127.326848,Cloud to Cloud,-10661,8554,7
2026-08-31T00:32:26.780536206Z,17.182849,127.270865,Cloud to Cloud,-9183,3323,10
2026-08-31T00:32:27.137935971Z,17.18619,127.275686,Cloud to Cloud,6056,15583,8
2026-08-31T00:32:26.642340199Z,17.220344,127.301244,Cloud to Cloud,11963,3004,9
2026-08-31T00:32:26.641320217Z,17.1311,127.253501,Cloud to Ground,46020,0,9
2026-08-31T00:32:26.643830951Z,17.253161,127.144924,Cloud to Cloud,7261,4151,8
2026-08-31T00:32:26.512961283Z,15.971707,129.955617,Cloud to Cloud,-8907,6749,9
2026-08-31T00:32:28.508896904Z,17.075574,112.320574,Cloud to Ground,-26111,0,10
2026-08-31T00:32:28.841316733Z,18.282285,114.915773,Cloud to Cloud,-6696,3021,11
2026-08-31T00:32:28.714251678Z,18.405573,114.935943,Cloud to Ground,-9272,0,8
2026-08-31T00:32:28.531167022Z,18.423595,114.933934,Cloud to Cloud,4334,14281,5
2026-08-31T00:32:28.538112533Z,18.409294,114.960565,Cloud to Cloud,11434,11693,7
2026-08-31T00:32:29.342967783Z,14.365459,132.168731,Cloud to Ground,15325,0,8
2026-08-31T00:32:30.478977050Z,14.163071,133.144732,Cloud to Ground,14491,0,10
2026-08-31T00:32:30.480295775Z,14.168609,133.138229,Cloud to Ground,26864,0,20
2026-08-31T00:32:32.838203100Z,18.780778,115.751597,Cloud to Ground,22896,0,14
2026-08-31T00:32:32.457767771Z,19.119979,118.984702,Cloud to Ground,-68462,0,13
2026-08-31T00:32:32.720153445Z,19.174209,119.001856,Cloud to Cloud,7587,7593,7
2026-08-31T00:32:32.456995162Z,19.228761,118.898995,Cloud to Cloud,20567,11124,14
2026-08-31T00:32:32.561185302Z,19.202114,118.956749,Cloud to Ground,46802,0,14
2026-08-31T00:32:33.906618454Z,19.868772,120.378845,Cloud to Ground,-38737,0,18
2026-08-31T00:32:33.785889918Z,19.868269,120.375819,Cloud to Ground,-29030,0,15
2026-08-31T00:32:33.817004166Z,19.866442,120.363546,Cloud to Ground,-23236,0,10
2026-08-31T00:32:33.973952326Z,19.867844,120.364544,Cloud to Ground,-17941,0,12
2026-08-31T00:32:34.173193571Z,19.867773,120.366448,Cloud to Ground,-17108,0,11
2026-08-31T00:32:34.004006788Z,19.867257,120.36442,Cloud to Ground,-15809,0,8
2026-08-31T00:32:34.332955755Z,19.863832,120.35597,Cloud to Ground,-9953,0,7
2026-08-31T00:32:34.233652056Z,19.864924,120.356839,Cloud to Ground,-9177,0,6
2026-08-31T00:32:33.116296145Z,16.880157,128.162584,Cloud to Cloud,-9290,6200,7
2026-08-31T00:32:33.114859590Z,16.825511,128.140935,Cloud to Cloud,19248,4082,10
2026-08-31T00:32:33.115324810Z,16.877173,128.172988,Cloud to Ground,57005,0,15
2026-08-31T00:32:33.807284173Z,15.966746,129.856797,Cloud to Ground,-14526,0,6
2026-08-31T00:32:34.512467173Z,14.27764,134.144247,Cloud to Ground,-34327,0,12
2026-08-31T00:32:34.510449997Z,14.253299,134.207067,Cloud to Cloud,-28582,6767,16
2026-08-31T00:32:34.524823236Z,14.277612,134.140351,Cloud to Ground,-27372,0,13
2026-08-31T00:32:34.511037997Z,14.326302,134.072908,Cloud to Ground,-19583,0,19
2026-08-31T00:32:34.509782519Z,14.270671,134.147093,Cloud to Ground,26645,0,19
2026-08-31T00:32:35.085081680Z,19.089934,116.87092,Cloud to Ground,19813,0,8
2026-08-31T00:32:35.285089000Z,17.9409,113.1648,Cloud to Ground,34251,0,5
2026-08-31T00:32:36.523435967Z,17.194285,134.453754,Cloud to Ground,-20161,0,13
2026-08-31T00:32:36.524143620Z,17.206354,134.434895,Cloud to Ground,-16272,0,12
2026-08-31T00:32:36.522873693Z,17.197599,134.439771,Cloud to Ground,-15619,0,12
2026-08-31T00:32:36.525111874Z,17.260955,134.392839,Cloud to Ground,-14040,0,10
2026-08-31T00:32:36.529049475Z,17.236886,134.424461,Cloud to Ground,-11186,0,11
2026-08-31T00:32:36.720190228Z,18.337844,114.144452,Cloud to Ground,-45183,0,13
2026-08-31T00:32:36.702923176Z,18.347821,114.055065,Cloud to Cloud,-20210,13689,9
2026-08-31T00:32:36.832960633Z,18.323989,114.138289,Cloud to Ground,-19776,0,7
2026-08-31T00:32:36.824384228Z,18.264515,114.188488,Cloud to Cloud,-16263,3004,7
2026-08-31T00:32:36.856532852Z,18.332304,114.140322,Cloud to Ground,15888,0,11
2026-08-31T00:32:37.429256690Z,16.012199,129.974076,Cloud to Ground,-10161,0,7
2026-08-31T00:32:38.960935032Z,14.376657,132.952846,Cloud to Ground,-12871,0,12
2026-08-31T00:32:38.812598432Z,14.399715,132.929339,Cloud to Ground,32820,0,7
2026-08-31T00:32:38.616578814Z,14.429376,132.09363,Cloud to Cloud,-7917,3040,9
2026-08-31T00:32:38.627397526Z,14.464616,132.026364,Cloud to Cloud,-7295,13587,8
2026-08-31T00:32:40.553377101Z,15.317413,131.07125,Cloud to Cloud,-11387,4811,12
2026-08-31T00:32:41.414931891Z,14.3324,132.491222,Cloud to Cloud,-20015,6097,12
2026-08-31T00:32:41.421791502Z,14.411016,132.403959,Cloud to Ground,-9218,0,14
2026-08-31T00:32:41.317564954Z,18.484561,114.974922,Cloud to Ground,-31706,0,12
2026-08-31T00:32:41.337038530Z,18.483948,114.977401,Cloud to Cloud,-8756,6459,8
2026-08-31T00:32:41.321342476Z,18.444306,114.959423,Cloud to Cloud,8057,3011,6
2026-08-31T00:32:46.913376616Z,15.859117,130.010522,Cloud to Cloud,-10402,5197,8
2026-08-31T00:32:46.881797463Z,15.998636,129.97141,Cloud to Ground,-8243,0,7
2026-08-31T00:32:46.829626286Z,16.073102,129.775201,Cloud to Cloud,10851,17450,8
2026-08-31T00:32:47.652726631Z,17.33328,127.138655,Cloud to Cloud,-10206,3046,12
2026-08-31T00:32:47.581818123Z,17.340422,127.007454,Cloud to Cloud,-11288,18850,10
2026-08-31T00:32:47.311381844Z,16.615591,128.664559,Cloud to Cloud,10766,17086,10
2026-08-31T00:32:47.424367000Z,10.664,111.5815,Cloud to Ground,62329,0,6
2026-08-31T00:32:48.396072935Z,16.301003,129.024934,Cloud to Cloud,-14643,16085,13
2026-08-31T00:32:48.184124731Z,16.269238,128.983436,Cloud to Cloud,23400,3082,8
2026-08-31T00:32:48.143523336Z,16.209182,129.138752,Cloud to Ground,-17024,0,10
2026-08-31T00:32:48.393298882Z,16.246602,129.145519,Cloud to Ground,11209,0,12
2026-08-31T00:32:49.096167574Z,14.0244,133.818742,Cloud to Ground,16469,0,15
2026-08-31T00:32:49.332338741Z,18.980353,116.879464,Cloud to Cloud,6898,3482,6
2026-08-31T00:32:49.161663550Z,19.011843,116.927018,Cloud to Cloud,8896,4304,6
2026-08-31T00:32:51.168583201Z,14.349436,133.4672,Cloud to Ground,-14789,0,13
2026-08-31T00:32:51.165370040Z,14.276989,133.522623,Cloud to Ground,-14572,0,10
2026-08-31T00:32:51.886302947Z,16.05189,129.887052,Cloud to Cloud,-10499,13653,7
2026-08-31T00:32:51.748506352Z,16.079937,129.878988,Cloud to Cloud,10707,6187,11
2026-08-31T00:32:52.922841672Z,19.455704,120.133414,Cloud to Ground,-20794,0,7
2026-08-31T00:32:53.160441908Z,19.43741,120.143403,Cloud to Cloud,-6149,6102,9
2026-08-31T00:32:52.711734565Z,17.100646,112.358727,Cloud to Ground,-61304,0,13
2026-08-31T00:32:52.471023105Z,17.080025,112.247336,Cloud to Cloud,-41398,3057,10
2026-08-31T00:32:52.609699849Z,17.107844,112.325185,Cloud to Ground,-27570,0,8
2026-08-31T00:32:52.485772186Z,17.09301,112.334957,Cloud to Ground,-27164,0,12
2026-08-31T00:32:52.510537522Z,17.092147,112.336598,Cloud to Ground,-24580,0,10
2026-08-31T00:32:52.855680603Z,17.058285,112.301517,Cloud to Ground,-20109,0,6
2026-08-31T00:32:52.497945892Z,17.051131,112.196063,Cloud to Cloud,-17343,6791,10
2026-08-31T00:32:53.193534502Z,17.073758,112.298472,Cloud to Ground,-13782,0,8
2026-08-31T00:32:52.582968256Z,17.136669,112.347578,Cloud to Ground,16054,0,10
2026-08-31T00:32:52.840370572Z,18.489008,114.195804,Cloud to Ground,-26448,0,11
2026-08-31T00:32:52.843324690Z,18.471604,114.197027,Cloud to Cloud,14248,5685,8
2026-08-31T00:32:52.274109195Z,16.103727,129.656894,Cloud to Ground,-47245,0,18
2026-08-31T00:32:52.324755171Z,16.070495,129.662779,Cloud to Ground,21389,0,11
2026-08-31T00:32:52.326306191Z,16.176851,129.583813,Cloud to Ground,-16811,0,14
2026-08-31T00:32:53.471195784Z,19.292839,120.241405,Cloud to Cloud,-9721,5901,11
2026-08-31T00:32:54.619751906Z,18.908015,116.838077,Cloud to Ground,-28643,0,12
2026-08-31T00:32:54.651279438Z,18.907371,116.833892,Cloud to Ground,-13091,0,8
2026-08-31T00:32:55.291322528Z,15.985177,129.961915,Cloud to Cloud,10750,14260,9
2026-08-31T00:32:56.648228140Z,14.415984,132.601499,Cloud to Ground,-10048,0,12
2026-08-31T00:32:56.647279395Z,14.444537,132.591029,Cloud to Ground,15832,0,14
2026-08-31T00:32:57.576390244Z,17.358594,127.031995,Cloud to Cloud,10616,3780,7
2026-08-31T00:32:59.588361866Z,8.279553,117.684512,Cloud to Cloud,21411,8329,7
2026-08-31T00:32:59.683659000Z,8.4202,117.617,Cloud to Ground,7240,0,5
2026-08-31T00:32:59.493791000Z,8.345,117.59,Cloud to Ground,24003,0,5
2026-08-31T00:32:59.574802000Z,8.3252,117.5249,Cloud to Ground,36454,0,7
2026-08-31T00:32:59.262339670Z,18.811538,115.804115,Cloud to Cloud,-32078,3023,12
2026-08-31T00:32:59.705732231Z,19.865069,120.371696,Cloud to Ground,-54267,0,16
2026-08-31T00:32:59.583169796Z,19.863541,120.376868,Cloud to Ground,-32021,0,14
2026-08-31T00:32:59.865882489Z,19.842141,120.364992,Cloud to Ground,-24523,0,10
2026-08-31T00:32:59.647006080Z,19.863131,120.369142,Cloud to Ground,-21700,0,10
2026-08-31T00:32:59.994256903Z,19.844899,120.364405,Cloud to Ground,-16653,0,9
2026-08-31T00:33:00.101067488Z,19.842528,120.356494,Cloud to Ground,-7064,0,6
2026-08-31T00:33:02.340409123Z,18.770004,115.774599,Cloud to Cloud,-16205,3000,7
2026-08-31T00:33:02.225922676Z,18.77457,115.783089,Cloud to Cloud,-13243,3119,10
2026-08-31T00:33:02.325054777Z,18.855303,115.765041,Cloud to Cloud,-8343,9764,6
2026-08-31T00:33:03.720759087Z,14.403787,132.095096,Cloud to Ground,-18736,0,8
2026-08-31T00:33:03.750942902Z,14.438529,132.081638,Cloud to Cloud,-8307,7819,12
2026-08-31T00:33:03.927265620Z,14.465322,131.98112,Cloud to Cloud,-11222,13837,12
2026-08-31T00:33:03.232133049Z,18.017925,120.842321,Cloud to Cloud,10877,12757,9
2026-08-31T00:33:04.392132639Z,18.223774,114.863879,Cloud to Ground,18074,0,8
2026-08-31T00:33:04.443708011Z,18.341056,114.789264,Cloud to Cloud,6319,3028,9
2026-08-31T00:33:04.765935571Z,19.721764,115.601283,Cloud to Cloud,8819,3006,7
2026-08-31T00:33:05.578393416Z,14.308701,132.412857,Cloud to Ground,12927,0,8
2026-08-31T00:33:05.688077717Z,20.42644,120.893567,Cloud to Cloud,8504,3012,6
2026-08-31T00:33:07.555330349Z,4.966433,113.838289,Cloud to Cloud,-7413,11881,6
2026-08-31T00:33:07.306177506Z,4.921695,113.778329,Cloud to Cloud,8043,3040,7
2026-08-31T00:33:07.320381362Z,4.966949,113.890333,Cloud to Ground,11116,0,7
2026-08-31T00:33:08.028598715Z,15.897156,130.030535,Cloud to Cloud,12394,3019,8
2026-08-31T00:33:08.105793587Z,15.980998,129.968882,Cloud to Cloud,-7334,9184,9
2026-08-31T00:33:08.143326191Z,15.974331,129.808384,Cloud to Ground,13907,0,14
2026-08-31T00:33:08.708447000Z,10.6143,120.0581,Cloud to Ground,-9755,0,6
2026-08-31T00:33:09.606194851Z,19.141222,118.89393,Cloud to Cloud,-8367,3744,7
2026-08-31T00:33:09.467442796Z,19.106991,118.994002,Cloud to Cloud,6128,3090,7
2026-08-31T00:33:09.790057975Z,19.132564,118.911427,Cloud to Cloud,7059,19868,6
2026-08-31T00:33:09.518438653Z,19.085618,118.918343,Cloud to Cloud,10867,3011,8
2026-08-31T00:33:09.525258646Z,19.170465,118.928567,Cloud to Cloud,13284,18918,7
2026-08-31T00:33:09.510928703Z,19.083957,118.91523,Cloud to Cloud,18740,17174,10
2026-08-31T00:33:11.331036381Z,18.211575,114.007807,Cloud to Cloud,6756,4638,7
2026-08-31T00:33:10.984529278Z,18.238119,114.094176,Cloud to Ground,11737,0,7
2026-08-31T00:33:11.587497999Z,17.574837,112.648671,Cloud to Ground,14335,0,12
2026-08-31T00:33:11.631557670Z,17.586797,112.735512,Cloud to Ground,14933,0,8
2026-08-31T00:33:11.524585789Z,17.564471,112.66629,Cloud to Ground,37659,0,7
2026-08-31T00:33:12.185888567Z,18.600519,115.513506,Cloud to Ground,-31492,0,13
2026-08-31T00:33:12.202768520Z,18.612241,115.50602,Cloud to Cloud,-7590,3006,7
2026-08-31T00:33:13.845840575Z,15.34788,130.929099,Cloud to Cloud,7744,3003,13
2026-08-31T00:33:13.849605888Z,15.368222,131.054155,Cloud to Ground,-10738,0,9
2026-08-31T00:33:13.722175223Z,19.308736,119.845411,Cloud to Cloud,-17057,5179,9
2026-08-31T00:33:13.710788699Z,19.352275,119.780247,Cloud to Cloud,5136,14761,6
2026-08-31T00:33:13.700349031Z,19.433316,119.799497,Cloud to Cloud,7307,5803,7
2026-08-31T00:33:13.834904305Z,19.304195,119.807635,Cloud to Ground,13808,0,12
2026-08-31T00:33:15.104386606Z,17.292649,127.147912,Cloud to Cloud,9669,17258,10
2026-08-31T00:33:17.877627990Z,16.087044,129.620961,Cloud to Ground,-78048,0,12
2026-08-31T00:33:18.104913620Z,16.053045,129.724966,Cloud to Cloud,10003,14613,8
2026-08-31T00:33:19.033889972Z,15.979065,129.927363,Cloud to Cloud,-9561,3000,10
2026-08-31T00:33:21.311697039Z,16.433511,128.984801,Cloud to Cloud,-11320,4803,14
2026-08-31T00:33:21.254449309Z,16.422813,128.976419,Cloud to Cloud,-10597,7630,7
2026-08-31T00:33:21.243671080Z,16.373588,129.066985,Cloud to Cloud,9010,3002,8
2026-08-31T00:33:21.604655625Z,16.437745,128.988494,Cloud to Cloud,9644,6387,10
2026-08-31T00:33:21.239695528Z,16.451979,129.042281,Cloud to Cloud,23540,11259,14
2026-08-31T00:33:21.250128784Z,16.513876,128.842931,Cloud to Cloud,5733,10759,7
2026-08-31T00:33:22.358043107Z,16.005403,129.875154,Cloud to Cloud,-9663,14666,7
2026-08-31T00:33:22.150837737Z,16.02746,129.86404,Cloud to Ground,33235,0,12
2026-08-31T00:33:22.254743738Z,19.907082,120.378463,Cloud to Cloud,6771,14401,7
2026-08-31T00:33:22.539592523Z,19.860871,120.355111,Cloud to Cloud,8018,17782,8
2026-08-31T00:33:23.386519691Z,14.355943,132.405871,Cloud to Cloud,8870,3714,8
2026-08-31T00:33:23.416134547Z,17.118309,127.239325,Cloud to Ground,-10397,0,8
2026-08-31T00:33:24.897120521Z,14.236136,132.911512,Cloud to Ground,38029,0,16
2026-08-31T00:33:24.896002556Z,14.233342,132.922462,Cloud to Ground,38303,0,15
2026-08-31T00:33:24.849222045Z,14.294756,133.961342,Cloud to Ground,-81251,0,18
2026-08-31T00:33:25.796506773Z,16.300294,129.226303,Cloud to Ground,26164,0,13
2026-08-31T00:33:26.890741041Z,16.029261,129.832838,Cloud to Ground,-36855,0,11
2026-08-31T00:33:26.987895000Z,16.0503,129.8189,Cloud to Ground,26884,0,5
2026-08-31T00:33:26.353897254Z,18.999788,116.86165,Cloud to Cloud,-11517,3000,10
2026-08-31T00:33:26.043129507Z,19.090194,116.903238,Cloud to Cloud,11603,3017,8
2026-08-31T00:33:26.101766077Z,19.070505,116.895194,Cloud to Cloud,15849,13433,8
2026-08-31T00:33:27.726896085Z,19.390107,116.76867,Cloud to Ground,-62638,0,13
2026-08-31T00:33:27.141625044Z,18.340777,114.152165,Cloud to Ground,-45286,0,10
2026-08-31T00:33:27.066909532Z,18.333975,114.130022,Cloud to Cloud,-28345,17440,10
2026-08-31T00:33:28.258802394Z,19.39874,116.645016,Cloud to Cloud,17809,4408,6
2026-08-31T00:33:29.322137060Z,17.943573,113.114281,Cloud to Cloud,16844,3114,7
2026-08-31T00:33:29.467847665Z,17.93114,113.129063,Cloud to Ground,27202,0,10
2026-08-31T00:33:29.519517954Z,17.913701,113.081987,Cloud to Ground,27258,0,8
2026-08-31T00:33:29.411915612Z,17.94484,113.117862,Cloud to Ground,74805,0,16
2026-08-31T00:33:29.306113931Z,17.93453,113.111923,Cloud to Ground,75932,0,16
2026-08-31T00:33:30.104941068Z,15.304548,131.075477,Cloud to Cloud,-14251,5814,8
2026-08-31T00:33:30.062188161Z,18.303743,114.091909,Cloud to Ground,-11530,0,8
2026-08-31T00:33:30.096879197Z,18.290255,114.097872,Cloud to Cloud,7630,16084,7
2026-08-31T00:33:30.245971646Z,18.283486,113.98454,Cloud to Cloud,23659,5771,7
2026-08-31T00:33:30.353763000Z,18.3246,114.0502,Cloud to Ground,48026,0,9
2026-08-31T00:33:31.832821773Z,14.384266,132.314838,Cloud to Ground,-14667,0,7
2026-08-31T00:33:31.549706667Z,14.369495,132.333038,Cloud to Ground,9513,0,10
2026-08-31T00:33:31.418611334Z,16.04722,129.979102,Cloud to Cloud,-21336,4979,10
2026-08-31T00:33:31.657723247Z,17.128466,112.369045,Cloud to Ground,-48841,0,15
2026-08-31T00:33:31.701918870Z,17.116284,112.334088,Cloud to Ground,-14778,0,9
2026-08-31T00:33:31.782048000Z,17.1565,112.3229,Cloud to Ground,37942,0,6
2026-08-31T00:33:31.851399000Z,17.1694,112.3254,Cloud to Ground,41900,0,5
2026-08-31T00:33:32.987692079Z,15.495905,131.2199,Cloud to Cloud,-12722,3037,10
2026-08-31T00:33:32.967801702Z,15.501891,131.197483,Cloud to Ground,15982,0,10
2026-08-31T00:33:32.720151094Z,16.035111,129.84043,Cloud to Cloud,-19110,18661,12
2026-08-31T00:33:34.385353554Z,17.351097,126.919756,Cloud to Cloud,8880,7220,9
2026-08-31T00:33:34.227160544Z,17.341953,127.054389,Cloud to Ground,22576,0,20
2026-08-31T00:33:37.916204165Z,15.369633,131.050443,Cloud to Cloud,-8815,17825,6
2026-08-31T00:33:40.893363000Z,19.8801,120.3738,Cloud to Ground,-19515,0,6
2026-08-31T00:33:40.977567357Z,19.870951,120.359104,Cloud to Ground,-5836,0,6
2026-08-31T00:33:41.389495155Z,8.395419,117.541459,Cloud to Cloud,-9073,9751,7
2026-08-31T00:33:43.443639549Z,15.948942,129.906373,Cloud to Cloud,10032,11983,6
2026-08-31T00:33:42.985861433Z,16.027958,129.867608,Cloud to Ground,21580,0,12
2026-08-31T00:33:43.770423606Z,14.320127,132.463131,Cloud to Ground,40184,0,10
2026-08-31T00:33:44.889059486Z,18.904137,116.830379,Cloud to Cloud,11215,14760,7
2026-08-31T00:33:45.031180341Z,17.962881,113.144814,Cloud to Ground,-14342,0,6
2026-08-31T00:33:44.742155390Z,17.996734,113.055389,Cloud to Cloud,-13802,7085,9
2026-08-31T00:33:44.975894219Z,18.002438,113.113829,Cloud to Cloud,9674,10439,7
2026-08-31T00:33:44.716371259Z,18.007906,112.996384,Cloud to Ground,9847,0,7
2026-08-31T00:33:44.957665434Z,18.012022,113.039505,Cloud to Cloud,15974,7205,9
2026-08-31T00:33:44.924377902Z,18.012385,113.022263,Cloud to Ground,19014,0,9
2026-08-31T00:33:44.752345758Z,17.927533,113.123707,Cloud to Ground,24142,0,10
2026-08-31T00:33:45.213955308Z,14.435849,131.967698,Cloud to Cloud,13511,5114,7
2026-08-31T00:33:45.499404138Z,14.461685,132.078394,Cloud to Ground,-20322,0,6
2026-08-31T00:33:45.379493666Z,14.441068,132.118476,Cloud to Ground,-18995,0,16
2026-08-31T00:33:45.252074849Z,14.461161,132.075774,Cloud to Ground,-16127,0,16
2026-08-31T00:33:45.370198010Z,14.418712,132.123737,Cloud to Ground,11798,0,7
2026-08-31T00:33:45.842954103Z,16.891994,128.270768,Cloud to Cloud,-9000,3098,12
2026-08-31T00:33:46.075958154Z,16.877302,128.251237,Cloud to Cloud,-8070,3293,11
2026-08-31T00:33:45.829919230Z,16.885788,128.260046,Cloud to Cloud,10364,8459,8
2026-08-31T00:33:45.836198019Z,16.876345,128.271861,Cloud to Cloud,14931,10253,15
2026-08-31T00:33:45.862671473Z,16.884274,128.272186,Cloud to Cloud,32001,15797,16
2026-08-31T00:33:47.949734094Z,17.29288,127.147824,Cloud to Cloud,9733,14688,6
2026-08-31T00:33:48.080238477Z,16.871063,128.174751,Cloud to Cloud,-17997,6684,14
2026-08-31T00:33:48.078701732Z,16.874565,128.170389,Cloud to Ground,-14967,0,10
2026-08-31T00:33:48.081028678Z,16.880233,128.20087,Cloud to Cloud,11380,6897,10
2026-08-31T00:33:48.951522714Z,18.859873,115.85177,Cloud to Ground,45681,0,9
2026-08-31T00:33:49.333769413Z,15.976991,129.849336,Cloud to Cloud,11561,3146,13
2026-08-31T00:33:49.236696081Z,16.254816,129.920796,Cloud to Ground,8437,0,8
2026-08-31T00:33:49.232146644Z,16.260061,129.908462,Cloud to Cloud,20521,5844,10
2026-08-31T00:33:49.911392967Z,15.998239,130.053906,Cloud to Ground,-27927,0,14
2026-08-31T00:33:49.905309384Z,16.002718,130.05553,Cloud to Ground,-8747,0,10
2026-08-31T00:33:49.355140972Z,15.996819,130.005206,Cloud to Cloud,8161,3063,7
2026-08-31T00:33:49.316467895Z,15.989566,129.997345,Cloud to Ground,14395,0,16
2026-08-31T00:33:49.363998391Z,15.993962,129.972968,Cloud to Ground,22398,0,9
2026-08-31T00:33:50.065685171Z,15.988193,130.074067,Cloud to Cloud,43075,11786,20
2026-08-31T00:33:49.770984449Z,16.9362,127.840671,Cloud to Ground,-11930,0,15
2026-08-31T00:33:49.727845497Z,16.924667,127.972281,Cloud to Cloud,-8484,3075,10
2026-08-31T00:33:49.722372337Z,16.969185,128.005507,Cloud to Ground,16240,0,10
2026-08-31T00:33:51.852124830Z,14.5552,132.709372,Cloud to Ground,-25574,0,24
2026-08-31T00:33:51.851179265Z,14.535848,132.73054,Cloud to Ground,-23574,0,16
2026-08-31T00:33:51.857112215Z,14.457325,132.771357,Cloud to Ground,-18568,0,11
2026-08-31T00:33:51.852576164Z,14.529441,132.723738,Cloud to Ground,-17892,0,24
2026-08-31T00:33:51.393722628Z,16.225107,129.08801,Cloud to Cloud,7176,17636,7
2026-08-31T00:33:51.674214387Z,18.331569,114.064649,Cloud to Ground,13829,0,10
2026-08-31T00:33:51.642439094Z,18.326365,114.06637,Cloud to Ground,31225,0,9
2026-08-31T00:33:52.838880364Z,18.529204,115.103561,Cloud to Cloud,9796,3044,9
2026-08-31T00:33:52.421351291Z,18.79337,115.741461,Cloud to Ground,-33866,0,12
2026-08-31T00:33:52.543141289Z,18.793678,115.717298,Cloud to Ground,-25497,0,9
2026-08-31T00:33:52.720742061Z,18.810337,115.743224,Cloud to Ground,-9667,0,7
2026-08-31T00:33:54.089339814Z,14.194861,134.004701,Cloud to Ground,-27938,0,15
2026-08-31T00:33:53.736333277Z,14.199859,134.012855,Cloud to Ground,-17055,0,16
2026-08-31T00:33:54.335277918Z,14.215036,133.996827,Cloud to Ground,32401,0,15
2026-08-31T00:33:53.735790918Z,14.219378,133.990699,Cloud to Ground,33079,0,13
2026-08-31T00:33:53.760560972Z,14.218239,133.998912,Cloud to Ground,47792,0,14
2026-08-31T00:33:53.660335438Z,14.187344,134.016244,Cloud to Ground,225378,0,23
2026-08-31T00:33:54.097335563Z,19.024931,118.824735,Cloud to Cloud,9083,3081,8
2026-08-31T00:33:54.170104950Z,19.620996,120.241869,Cloud to Cloud,6101,3024,7
2026-08-31T00:33:54.180163385Z,19.611197,120.22817,Cloud to Cloud,7756,19678,7
2026-08-31T00:33:54.162927522Z,19.631546,120.248827,Cloud to Cloud,8385,9325,7
2026-08-31T00:33:55.990453814Z,8.309188,117.43654,Cloud to Cloud,-20317,6553,11
2026-08-31T00:33:55.517422710Z,4.965062,113.887402,Cloud to Ground,33594,0,17
2026-08-31T00:33:56.152793916Z,8.435281,117.549251,Cloud to Cloud,-14594,14895,7
2026-08-31T00:33:56.806385593Z,19.459448,120.151683,Cloud to Cloud,10342,5762,9
2026-08-31T00:33:56.760719665Z,19.463164,120.160931,Cloud to Cloud,19454,18706,8
2026-08-31T00:33:57.572194867Z,16.070851,129.641841,Cloud to Ground,-32997,0,18
2026-08-31T00:33:57.678106499Z,16.090404,129.65063,Cloud to Ground,-28568,0,13
2026-08-31T00:33:57.906458224Z,16.088516,129.63572,Cloud to Ground,-9317,0,8
2026-08-31T00:33:57.724088401Z,16.048562,129.688713,Cloud to Ground,17631,0,9
2026-08-31T00:33:58.259885259Z,14.326182,133.219284,Cloud to Ground,-18462,0,17
2026-08-31T00:33:58.259142111Z,14.332597,133.242806,Cloud to Ground,-13709,0,18
2026-08-31T00:33:58.473567540Z,14.243722,133.344995,Cloud to Ground,-11884,0,14
2026-08-31T00:33:58.130916365Z,14.355283,132.262612,Cloud to Cloud,-11480,9821,10
2026-08-31T00:33:58.336308634Z,14.390512,132.355822,Cloud to Cloud,-13310,18948,12
2026-08-31T00:33:58.318386611Z,17.284655,127.15807,Cloud to Cloud,16877,7273,11
2026-08-31T00:33:58.755069377Z,16.05309,129.719074,Cloud to Cloud,10352,3645,19
2026-08-31T00:33:59.154491765Z,16.060858,129.891738,Cloud to Cloud,-21464,5847,13
2026-08-31T00:33:59.728083943Z,18.578041,115.486564,Cloud to Cloud,-7950,3023,8
2026-08-31T00:33:59.471558418Z,18.575882,115.500498,Cloud to Cloud,12933,3023,8
2026-08-31T00:34:01.078353267Z,16.373481,129.031079,Cloud to Cloud,-13265,5686,7
2026-08-31T00:34:00.986259681Z,16.347296,129.058563,Cloud to Cloud,12011,8784,8
2026-08-31T00:34:01.897154918Z,15.999373,129.908782,Cloud to Cloud,-8517,11104,8
2026-08-31T00:34:02.247967277Z,14.330183,132.304176,Cloud to Cloud,-8332,3054,11
2026-08-31T00:34:03.706682075Z,15.906203,130.231256,Cloud to Cloud,-11354,4197,12
2026-08-31T00:34:03.713773689Z,15.86451,130.282939,Cloud to Cloud,-11157,7747,8
2026-08-31T00:34:04.039598173Z,19.183658,119.01068,Cloud to Ground,-39587,0,14
2026-08-31T00:34:04.044636000Z,19.1993,118.9788,Cloud to Ground,-11516,0,5
2026-08-31T00:34:04.043706690Z,19.196945,119.002645,Cloud to Cloud,15081,7452,10
2026-08-31T00:34:04.038560348Z,19.181905,119.010878,Cloud to Cloud,15846,18598,11
2026-08-31T00:34:05.565425944Z,16.049859,129.716665,Cloud to Cloud,-14587,5737,14
2026-08-31T00:34:06.075739250Z,15.361645,131.058158,Cloud to Cloud,12373,15833,14
2026-08-31T00:34:07.418824346Z,15.476823,131.202748,Cloud to Cloud,8186,15387,7
2026-08-31T00:34:06.911224391Z,15.457266,131.188027,Cloud to Ground,11487,0,7
2026-08-31T00:34:07.357920084Z,15.473603,131.206739,Cloud to Cloud,11804,11368,12
2026-08-31T00:34:07.317721998Z,15.464722,131.177786,Cloud to Cloud,14346,5258,10
2026-08-31T00:34:07.599590970Z,15.478118,131.183348,Cloud to Cloud,17630,19216,9
2026-08-31T00:34:07.769276060Z,15.482246,131.173469,Cloud to Cloud,17981,18181,6
2026-08-31T00:34:07.480705773Z,15.48451,131.198025,Cloud to Cloud,20215,15620,9
2026-08-31T00:34:06.983169966Z,15.484091,131.201424,Cloud to Ground,31025,0,10
2026-08-31T00:34:07.305584276Z,15.43398,130.892707,Cloud to Ground,-15048,0,19
2026-08-31T00:34:07.190408021Z,15.502347,131.058005,Cloud to Ground,-26676,0,20
2026-08-31T00:34:06.921608764Z,15.485363,131.051275,Cloud to Ground,-22951,0,25
2026-08-31T00:34:07.065760267Z,15.507896,131.077776,Cloud to Ground,-19673,0,24
2026-08-31T00:34:06.849938726Z,15.51755,131.063443,Cloud to Cloud,-13242,4757,19
2026-08-31T00:34:06.802283615Z,15.45672,131.054208,Cloud to Ground,-10605,0,10
2026-08-31T00:34:07.382795976Z,18.270693,114.11833,Cloud to Ground,-18638,0,9
2026-08-31T00:34:07.344266017Z,18.277243,114.106711,Cloud to Ground,-18378,0,9
2026-08-31T00:34:07.487529667Z,18.25647,114.08635,Cloud to Ground,-14926,0,11
2026-08-31T00:34:07.322836199Z,18.246308,114.046388,Cloud to Cloud,12408,3583,7
2026-08-31T00:34:07.470744672Z,18.257234,114.118941,Cloud to Ground,14389,0,11
2026-08-31T00:34:07.348602299Z,18.172386,114.03638,Cloud to Cloud,14593,4484,8
2026-08-31T00:34:07.314933303Z,18.258118,114.085851,Cloud to Ground,23731,0,12
2026-08-31T00:34:08.707788693Z,14.368737,132.342234,Cloud to Cloud,-19198,7492,11
2026-08-31T00:34:08.619223382Z,14.337077,132.422769,Cloud to Cloud,-11635,6758,7
2026-08-31T00:34:09.562987087Z,14.382534,132.316832,Cloud to Ground,-42439,0,16
2026-08-31T00:34:09.656766920Z,14.363256,132.308894,Cloud to Ground,-15435,0,23
2026-08-31T00:34:09.029695794Z,10.560916,111.435294,Cloud to Ground,16235,0,11
2026-08-31T00:34:09.432610537Z,18.909738,116.836525,Cloud to Ground,-16968,0,8
2026-08-31T00:34:09.367605021Z,18.933654,116.922415,Cloud to Cloud,-12898,17418,8
2026-08-31T00:34:10.679993453Z,16.051737,129.857244,Cloud to Ground,-19574,0,9
2026-08-31T00:34:10.627436972Z,16.050014,129.876454,Cloud to Ground,-18354,0,11
2026-08-31T00:34:10.404551587Z,15.975147,129.919485,Cloud to Cloud,-17544,11082,9
2026-08-31T00:34:10.311400423Z,16.04751,129.868907,Cloud to Ground,-16177,0,8
2026-08-31T00:34:10.732235654Z,16.052563,129.867058,Cloud to Ground,-14499,0,10
2026-08-31T00:34:10.371946758Z,16.022258,129.889176,Cloud to Cloud,-14429,6282,11
2026-08-31T00:34:10.736640744Z,16.075759,129.905328,Cloud to Cloud,-8601,3061,7
2026-08-31T00:34:11.026408167Z,15.986994,129.914627,Cloud to Ground,15090,0,8
2026-08-31T00:34:10.462267916Z,16.056166,129.889417,Cloud to Ground,27186,0,10
2026-08-31T00:34:10.526585646Z,19.921519,120.378986,Cloud to Cloud,5711,3006,7
2026-08-31T00:34:11.800652711Z,17.344462,126.945885,Cloud to Cloud,6732,4222,8
2026-08-31T00:34:11.793057767Z,17.358606,127.036333,Cloud to Ground,15800,0,11
2026-08-31T00:34:11.130186800Z,17.596439,112.769841,Cloud to Ground,24257,0,11
2026-08-31T00:34:13.012082138Z,14.147955,133.815934,Cloud to Ground,-73914,0,19
2026-08-31T00:34:12.876444335Z,14.163399,133.791212,Cloud to Ground,21013,0,13
2026-08-31T00:34:13.205982903Z,17.532948,112.610933,Cloud to Cloud,5436,11687,6
2026-08-31T00:34:13.194248195Z,17.52941,112.589388,Cloud to Ground,19424,0,11
2026-08-31T00:34:13.200005341Z,17.557659,112.704417,Cloud to Cloud,20151,4926,12
2026-08-31T00:34:13.193485270Z,17.559932,112.694937,Cloud to Cloud,30229,13316,14
2026-08-31T00:34:13.530443654Z,18.777907,115.782396,Cloud to Ground,12986,0,9
2026-08-31T00:34:15.272470442Z,15.915347,130.001622,Cloud to Cloud,12611,5743,8
2026-08-31T00:34:15.238832466Z,16.03217,129.88405,Cloud to Cloud,-14355,17129,12
2026-08-31T00:34:15.094974569Z,16.050662,129.973497,Cloud to Cloud,-10748,7053,7
2026-08-31T00:34:15.194707122Z,16.014346,129.84915,Cloud to Cloud,11915,11816,14
2026-08-31T00:34:15.491876310Z,16.94705,128.026055,Cloud to Ground,8917,0,9
2026-08-31T00:34:17.674917289Z,8.326087,117.552803,Cloud to Cloud,-16637,12914,10
2026-08-31T00:34:18.005945988Z,14.32095,132.427367,Cloud to Cloud,-10337,11842,8
2026-08-31T00:34:18.760396178Z,18.365272,114.882729,Cloud to Cloud,-43658,19258,15
2026-08-31T00:34:18.776696403Z,18.358888,114.880616,Cloud to Cloud,-10833,3831,7
2026-08-31T00:34:18.794035744Z,18.319988,114.894151,Cloud to Cloud,-10612,4027,8
2026-08-31T00:34:19.013016723Z,16.026649,129.909917,Cloud to Ground,-13783,0,7
2026-08-31T00:34:19.152659165Z,17.281186,127.150521,Cloud to Ground,13285,0,10
2026-08-31T00:34:20.260186957Z,16.246681,129.119561,Cloud to Cloud,-9846,9512,6
2026-08-31T00:34:20.391172046Z,16.250794,129.106586,Cloud to Cloud,-6839,3469,9
2026-08-31T00:34:20.141114660Z,16.248462,129.054282,Cloud to Cloud,11918,3010,7
2026-08-31T00:34:20.145230600Z,16.25746,129.156149,Cloud to Ground,18852,0,16
2026-08-31T00:34:20.611322490Z,16.071706,129.488758,Cloud to Cloud,-38975,17756,26
2026-08-31T00:34:20.872499479Z,16.087971,129.502789,Cloud to Ground,-17493,0,9
2026-08-31T00:34:20.803249443Z,16.084249,129.480826,Cloud to Ground,-16495,0,8
2026-08-31T00:34:20.770234474Z,16.093988,129.454941,Cloud to Ground,-14886,0,7
2026-08-31T00:34:21.309270737Z,16.059239,129.671934,Cloud to Cloud,7745,3010,7
2026-08-31T00:34:21.202388143Z,16.10805,129.660122,Cloud to Cloud,10518,3273,9
2026-08-31T00:34:20.902635300Z,16.057734,129.673591,Cloud to Ground,11593,0,7
2026-08-31T00:34:20.883717339Z,16.096907,129.809531,Cloud to Ground,16042,0,10
2026-08-31T00:34:21.092722029Z,16.01003,129.847249,Cloud to Cloud,-4973,6272,9
2026-08-31T00:34:24.684795590Z,19.298433,120.091614,Cloud to Cloud,2618,9532,5
2026-08-31T00:34:24.641444544Z,19.39848,120.06066,Cloud to Cloud,6487,18157,5
2026-08-31T00:34:24.612055237Z,19.364282,120.112493,Cloud to Cloud,9065,10571,7
2026-08-31T00:34:24.638565200Z,19.401847,120.167614,Cloud to Ground,25200,0,11
2026-08-31T00:34:26.784535795Z,17.342565,127.17299,Cloud to Ground,-60017,0,16
2026-08-31T00:34:26.853643718Z,17.348412,127.212921,Cloud to Ground,-34490,0,16
2026-08-31T00:34:26.887107994Z,17.312443,127.226022,Cloud to Cloud,-13884,12361,7
2026-08-31T00:34:26.815466344Z,17.339212,127.200491,Cloud to Cloud,-11942,3028,12
2026-08-31T00:34:28.886035300Z,15.96865,129.874728,Cloud to Cloud,20172,3309,9
2026-08-31T00:34:28.530917180Z,20.038133,121.077635,Cloud to Cloud,-11462,11478,8
2026-08-31T00:34:28.633786105Z,20.028196,121.10153,Cloud to Cloud,-5724,19786,8
2026-08-31T00:34:28.303985810Z,19.983434,120.8865,Cloud to Ground,-13634,0,9
2026-08-31T00:34:28.068257127Z,20.13203,120.906481,Cloud to Cloud,-7254,10582,9
2026-08-31T00:34:27.815294316Z,19.905674,120.903242,Cloud to Cloud,-7206,10600,7
2026-08-31T00:34:27.781962510Z,19.915382,120.867326,Cloud to Cloud,4721,9444,6
2026-08-31T00:34:27.778935295Z,19.916062,120.883103,Cloud to Cloud,5058,19239,5
2026-08-31T00:34:27.841523389Z,19.961559,120.900535,Cloud to Cloud,5562,4460,7
2026-08-31T00:34:27.919057423Z,19.941857,120.91532,Cloud to Cloud,5829,18757,5
2026-08-31T00:34:28.073989408Z,19.91776,120.887319,Cloud to Cloud,5860,19435,6
2026-08-31T00:34:28.613825648Z,20.07758,120.904476,Cloud to Cloud,6182,3007,6
2026-08-31T00:34:28.111588609Z,20.057184,120.874652,Cloud to Cloud,7197,3372,8
2026-08-31T00:34:28.545271987Z,19.988367,120.864475,Cloud to Cloud,7937,3836,12
2026-08-31T00:34:27.802004296Z,19.902368,120.882945,Cloud to Cloud,10593,10199,6
2026-08-31T00:34:27.977920721Z,19.874655,120.858004,Cloud to Cloud,12192,15360,7
2026-08-31T00:34:29.288265464Z,16.068317,129.853062,Cloud to Cloud,-10430,3265,9
2026-08-31T00:34:29.903620193Z,17.360436,127.079407,Cloud to Cloud,-9152,17518,8
2026-08-31T00:34:29.583743916Z,17.358069,127.031002,Cloud to Cloud,6056,5332,6
2026-08-31T00:34:29.671582944Z,17.367943,127.08496,Cloud to Cloud,11527,3214,8
2026-08-31T00:34:30.546196631Z,15.361042,131.058173,Cloud to Cloud,-11688,10243,14
2026-08-31T00:34:30.063195941Z,15.344202,131.040354,Cloud to Ground,18887,0,8
2026-08-31T00:34:30.486306737Z,15.369149,131.054514,Cloud to Ground,25834,0,19
2026-08-31T00:34:30.711625077Z,19.074626,115.979981,Cloud to Cloud,-10538,3069,7
2026-08-31T00:34:31.656413943Z,17.111114,127.286632,Cloud to Ground,18381,0,8
2026-08-31T00:34:31.661231192Z,17.045876,127.349789,Cloud to Ground,22772,0,10
2026-08-31T00:34:31.655823620Z,17.200485,127.30783,Cloud to Ground,22016,0,15
2026-08-31T00:34:33.527625130Z,14.015164,133.811975,Cloud to Cloud,-10018,3054,10
2026-08-31T00:34:33.557482362Z,14.025303,133.801769,Cloud to Ground,7426,0,9
2026-08-31T00:34:34.780773450Z,17.100796,112.329278,Cloud to Ground,-30614,0,15
2026-08-31T00:34:34.613503430Z,17.0943,112.354184,Cloud to Ground,-15773,0,12
2026-08-31T00:34:34.582770211Z,17.122224,112.33876,Cloud to Ground,-15656,0,10
2026-08-31T00:34:34.481549516Z,17.105333,112.30151,Cloud to Cloud,-14243,11249,9
2026-08-31T00:34:34.361780298Z,17.110207,112.349893,Cloud to Ground,-13252,0,6
2026-08-31T00:34:34.631413049Z,17.153288,112.321749,Cloud to Cloud,-12234,11055,6
2026-08-31T00:34:34.279532908Z,17.087595,112.265003,Cloud to Ground,13960,0,6
2026-08-31T00:34:34.519348308Z,16.122983,129.824382,Cloud to Ground,-20036,0,23
2026-08-31T00:34:34.592125937Z,16.047138,129.879031,Cloud to Cloud,-10872,6843,10
2026-08-31T00:34:34.700591838Z,16.071764,129.737608,Cloud to Ground,-19753,0,22
2026-08-31T00:34:36.649001360Z,16.034687,129.98689,Cloud to Ground,-25479,0,7
2026-08-31T00:34:36.416957697Z,15.919359,130.00777,Cloud to Ground,-15370,0,6
2026-08-31T00:34:36.536794654Z,15.96642,129.986461,Cloud to Cloud,-8212,18148,11
2026-08-31T00:34:36.420785171Z,15.988002,130.013408,Cloud to Cloud,10348,6283,9
2026-08-31T00:34:36.783306372Z,18.390892,114.826174,Cloud to Cloud,-16930,3033,8
2026-08-31T00:34:36.366393044Z,18.424525,114.86035,Cloud to Cloud,-12835,5941,10
2026-08-31T00:34:36.548784206Z,18.41818,114.947236,Cloud to Cloud,-11842,4318,10
2026-08-31T00:34:37.665766693Z,14.204154,133.998251,Cloud to Ground,-54795,0,16
2026-08-31T00:34:37.664840084Z,14.248928,133.929255,Cloud to Cloud,-11978,3119,14
2026-08-31T00:34:37.668136007Z,14.26962,133.955877,Cloud to Ground,-10779,0,8
2026-08-31T00:34:40.404435726Z,4.658066,113.625477,Cloud to Ground,14851,0,9
2026-08-31T00:34:40.369270050Z,4.829279,113.600612,Cloud to Cloud,23102,3759,8
2026-08-31T00:34:40.145070237Z,4.790442,113.594031,Cloud to Ground,128935,0,26
2026-08-31T00:34:40.141121715Z,5.04661,113.893141,Cloud to Ground,-24416,0,13
2026-08-31T00:34:40.435905080Z,17.369422,127.068765,Cloud to Ground,17502,0,9
2026-08-31T00:34:40.725964895Z,17.326732,127.187733,Cloud to Ground,19404,0,12
2026-08-31T00:34:40.678982638Z,16.043607,129.865568,Cloud to Cloud,-26701,5516,12
2026-08-31T00:34:40.861771181Z,16.058875,129.816303,Cloud to Ground,-10589,0,8
2026-08-31T00:34:40.711992040Z,16.040132,129.909616,Cloud to Ground,11013,0,7
2026-08-31T00:34:40.836245652Z,16.105072,129.854247,Cloud to Cloud,12872,5121,10
2026-08-31T00:34:40.484443170Z,18.472917,114.203938,Cloud to Cloud,10205,5311,6
2026-08-31T00:34:40.486138382Z,18.484294,114.13942,Cloud to Ground,17099,0,9
2026-08-31T00:34:43.937449285Z,17.383614,126.702736,Cloud to Cloud,17724,10099,16
2026-08-31T00:34:43.100592408Z,19.87506,120.523367,Cloud to Cloud,9170,19851,7
2026-08-31T00:34:44.775715247Z,19.007404,116.927002,Cloud to Cloud,6972,3014,9
2026-08-31T00:34:45.617219415Z,14.396911,132.369145,Cloud to Cloud,-10144,3575,10
2026-08-31T00:34:45.568997561Z,14.38519,132.411689,Cloud to Ground,-9470,0,15
2026-08-31T00:34:45.591429886Z,14.340194,132.426866,Cloud to Cloud,8510,6128,9
2026-08-31T00:34:45.606453272Z,14.328086,132.423038,Cloud to Ground,12310,0,7
2026-08-31T00:34:45.786355759Z,14.505696,131.980176,Cloud to Ground,-25951,0,11
2026-08-31T00:34:45.804108830Z,14.444973,132.081351,Cloud to Cloud,-15470,3622,11
2026-08-31T00:34:45.784978924Z,14.482094,132.023413,Cloud to Cloud,-10764,6041,9
2026-08-31T00:34:45.812252925Z,14.496319,132.032116,Cloud to Cloud,-7415,14073,16
2026-08-31T00:34:46.086196833Z,14.45966,132.091639,Cloud to Ground,-6034,0,7
2026-08-31T00:34:45.833203689Z,14.470288,132.087397,Cloud to Ground,41141,0,18
2026-08-31T00:34:45.943291000Z,17.9535,113.0574,Cloud to Ground,19390,0,8
