timestamp,latitude,longitude,type,amplitude_ka,height_m,num_sensors
2026-08-31T04:57:34.008517183Z,16.58649,128.755484,Cloud to Cloud,-10018,5457,10
2026-08-31T04:57:33.967467721Z,16.594737,128.749854,Cloud to Cloud,-8127,5991,9
2026-08-31T04:57:33.996923274Z,16.615996,128.734205,Cloud to Ground,10228,0,9
2026-08-31T04:57:35.019796873Z,13.613164,134.257551,Cloud to Ground,-17477,0,26
2026-08-31T04:57:35.049717794Z,13.592592,134.224842,Cloud to Ground,-14861,0,16
2026-08-31T04:57:36.375684786Z,16.490156,129.166983,Cloud to Cloud,-13338,3011,7
2026-08-31T04:57:37.345308657Z,17.648503,114.277411,Cloud to Cloud,8821,6377,7
2026-08-31T04:57:37.346198154Z,17.673123,114.25,Cloud to Cloud,11484,3480,10
2026-08-31T04:57:37.291542526Z,17.632978,114.303876,Cloud to Ground,57681,0,16
2026-08-31T04:57:37.417506448Z,17.853601,113.675406,Cloud to Cloud,-14550,4171,9
2026-08-31T04:57:37.364336512Z,17.849557,113.617179,Cloud to Ground,22732,0,8
2026-08-31T04:57:40.737695331Z,19.056023,116.45265,Cloud to Ground,21082,0,7
2026-08-31T04:57:40.421282540Z,19.075229,116.546311,Cloud to Cloud,20586,7221,7
2026-08-31T04:57:42.922678685Z,16.496622,129.091292,Cloud to Cloud,-9481,8279,7
2026-08-31T04:57:42.888838306Z,16.455634,129.159473,Cloud to Ground,27553,0,13
2026-08-31T04:57:43.629013413Z,15.458767,132.106606,Cloud to Ground,-16183,0,13
2026-08-31T04:57:43.545949369Z,15.405747,132.174233,Cloud to Cloud,-13891,16710,14
2026-08-31T04:57:43.554269002Z,15.434719,132.16718,Cloud to Ground,-10615,0,8
2026-08-31T04:57:43.543569656Z,15.415158,132.182703,Cloud to Cloud,-7688,3033,13
2026-08-31T04:57:44.031910872Z,15.429118,132.127385,Cloud to Ground,18464,0,10
2026-08-31T04:57:47.018339846Z,16.489888,129.27987,Cloud to Ground,-12421,0,9
2026-08-31T04:57:48.525886535Z,18.520567,114.871215,Cloud to Ground,14368,0,9
2026-08-31T04:57:48.479035351Z,18.533323,114.983891,Cloud to Ground,-46449,0,13
2026-08-31T04:57:48.524476944Z,18.506498,114.980613,Cloud to Cloud,-11522,3896,7
2026-08-31T04:57:48.532071545Z,18.51408,114.971028,Cloud to Cloud,-7521,6787,9
2026-08-31T04:57:51.501383842Z,16.539995,128.819524,Cloud to Cloud,-9298,10618,13
2026-08-31T04:57:51.376176231Z,16.609892,128.770699,Cloud to Cloud,-4559,7372,10
2026-08-31T04:57:53.877368905Z,14.05304,133.560763,Cloud to Ground,-13758,0,7
2026-08-31T04:57:57.231024030Z,16.48671,129.311,Cloud to Cloud,-6976,19211,8
2026-08-31T04:57:57.118719529Z,16.477073,129.313557,Cloud to Cloud,11135,3430,10
2026-08-31T04:58:03.453109049Z,16.520276,129.118468,Cloud to Ground,-18857,0,15
2026-08-31T04:58:03.597462246Z,16.557142,129.227422,Cloud to Cloud,-9972,4502,7
2026-08-31T04:58:05.480369172Z,15.213045,133.331142,Cloud to Ground,-19426,0,18
2026-08-31T04:58:05.897981551Z,15.129186,133.328355,Cloud to Cloud,-9093,19392,12
2026-08-31T04:58:05.678544439Z,15.138198,133.365082,Cloud to Ground,-7226,0,12
2026-08-31T04:58:06.040053894Z,15.126506,133.280914,Cloud to Cloud,7215,3713,5
2026-08-31T04:58:05.477669544Z,15.151994,133.384061,Cloud to Ground,10868,0,7
2026-08-31T04:58:06.152675915Z,15.483508,132.472246,Cloud to Ground,-11705,0,26
2026-08-31T04:58:06.147881184Z,15.459474,132.630798,Cloud to Cloud,-14383,10791,12
2026-08-31T04:58:06.150260825Z,15.489981,132.635685,Cloud to Ground,-10922,0,7
2026-08-31T04:58:06.145626490Z,15.514947,132.61063,Cloud to Ground,-8097,0,10
2026-08-31T04:58:07.622977103Z,16.372667,129.709563,Cloud to Ground,-17282,0,18
2026-08-31T04:58:07.556237605Z,16.315814,129.893573,Cloud to Ground,12861,0,8
2026-08-31T04:58:08.569803921Z,16.487789,129.338691,Cloud to Cloud,-8803,18013,7
2026-08-31T04:58:08.171923656Z,16.511769,129.206965,Cloud to Cloud,11229,3692,12
2026-08-31T04:58:10.550933896Z,16.502571,128.790638,Cloud to Cloud,9551,6002,11
2026-08-31T04:58:10.730532182Z,16.544988,128.626393,Cloud to Cloud,11763,4789,11
2026-08-31T04:58:11.397348816Z,4.837966,113.676151,Cloud to Cloud,-24237,8857,9
2026-08-31T04:58:12.843429968Z,5.121085,113.930104,Cloud to Ground,-17330,0,18
2026-08-31T04:58:12.842165239Z,5.068339,113.851022,Cloud to Cloud,7082,6768,7
2026-08-31T04:58:12.276809894Z,19.02609,116.081853,Cloud to Ground,-5941,0,6
2026-08-31T04:58:13.408392632Z,19.599406,121.183204,Cloud to Cloud,6952,6107,7
2026-08-31T04:58:14.558838397Z,11.245552,113.721542,Cloud to Ground,-16408,0,9
2026-08-31T04:58:14.562247010Z,11.261616,113.768709,Cloud to Ground,-8160,0,7
2026-08-31T04:58:16.919259818Z,15.212305,133.183256,Cloud to Ground,13053,0,9
2026-08-31T04:58:23.159251387Z,17.799324,114.439657,Cloud to Ground,15108,0,8
2026-08-31T04:58:23.154112033Z,17.82728,114.517416,Cloud to Ground,32314,0,22
2026-08-31T04:58:23.253662297Z,17.813549,114.430903,Cloud to Ground,55385,0,11
2026-08-31T04:58:26.230566602Z,19.582091,118.856635,Cloud to Ground,-16770,0,12
2026-08-31T04:58:28.173514180Z,13.586969,134.227619,Cloud to Ground,-10666,0,7
2026-08-31T04:58:30.377244316Z,16.449191,129.346203,Cloud to Cloud,-9502,3016,7
2026-08-31T04:58:30.314669543Z,16.489685,129.381441,Cloud to Ground,-9485,0,7
2026-08-31T04:58:30.370705020Z,16.50696,129.325328,Cloud to Cloud,-8739,3152,8
2026-08-31T04:58:30.373141490Z,16.477471,129.334405,Cloud to Cloud,-6710,7543,6
2026-08-31T04:58:30.369547234Z,16.492588,129.33702,Cloud to Cloud,-6568,13653,8
2026-08-31T04:58:37.392424607Z,15.062079,133.298799,Cloud to Ground,-28177,0,13
2026-08-31T04:58:37.854867866Z,15.083617,133.276773,Cloud to Ground,-12677,0,16
2026-08-31T04:58:37.861631860Z,15.079533,133.260396,Cloud to Cloud,-9774,3342,11
2026-08-31T04:58:37.395920200Z,15.06744,133.311226,Cloud to Ground,-9144,0,8
2026-08-31T04:58:37.528761747Z,15.086048,133.310933,Cloud to Ground,-9098,0,7
2026-08-31T04:58:37.467474417Z,15.065779,133.310883,Cloud to Ground,-7408,0,7
2026-08-31T04:58:37.441016737Z,15.089504,133.306933,Cloud to Ground,7408,0,7
2026-08-31T04:58:39.028341538Z,16.623925,128.758778,Cloud to Cloud,-10482,3208,10
2026-08-31T04:58:39.021806429Z,16.575973,128.645112,Cloud to Ground,18764,0,8
2026-08-31T04:58:41.915699968Z,16.49536,129.304829,Cloud to Ground,-13312,0,9
2026-08-31T04:58:42.109636121Z,19.563868,121.09674,Cloud to Cloud,-6484,3062,7
2026-08-31T04:58:42.112964530Z,19.565357,121.110548,Cloud to Cloud,-3819,18691,5
2026-08-31T04:58:41.962709685Z,19.586379,121.109845,Cloud to Cloud,7028,5796,7
2026-08-31T04:58:42.116115301Z,19.557221,121.089407,Cloud to Cloud,7050,17218,6
2026-08-31T04:58:41.981923421Z,19.589662,121.106829,Cloud to Cloud,17022,9765,8
2026-08-31T04:58:42.275207485Z,19.718928,121.179332,Cloud to Cloud,-12895,7084,7
2026-08-31T04:58:44.882185153Z,16.287991,130.063755,Cloud to Ground,-24534,0,13
2026-08-31T04:58:45.280796778Z,16.299983,130.076412,Cloud to Ground,-10014,0,7
2026-08-31T04:58:44.901425788Z,16.220482,130.05971,Cloud to Cloud,-9535,3072,8
2026-08-31T04:58:45.144834788Z,16.295842,130.098386,Cloud to Ground,9289,0,9
2026-08-31T04:58:45.303606546Z,16.299536,130.097328,Cloud to Ground,13140,0,10
2026-08-31T04:58:45.327359000Z,16.3171,130.0456,Cloud to Ground,14743,0,6
2026-08-31T04:58:46.941353015Z,17.997369,114.602391,Cloud to Ground,19547,0,9
2026-08-31T04:58:47.168621128Z,18.042829,114.779799,Cloud to Cloud,-18821,3030,11
2026-08-31T04:58:47.299739259Z,18.035444,114.79494,Cloud to Ground,-11208,0,6
2026-08-31T04:58:47.170839054Z,18.035997,114.744151,Cloud to Ground,-8325,0,7
2026-08-31T04:58:46.940250731Z,18.054242,114.691706,Cloud to Cloud,7204,3134,6
2026-08-31T04:58:47.164875575Z,18.053483,114.767752,Cloud to Cloud,7256,3000,9
2026-08-31T04:58:47.096095812Z,18.03565,114.710748,Cloud to Cloud,10480,4485,12
2026-08-31T04:58:47.174767636Z,18.044345,114.770187,Cloud to Cloud,10622,3076,13
2026-08-31T04:58:46.944035795Z,18.110503,114.64569,Cloud to Cloud,11820,3014,7
2026-08-31T04:58:46.959354580Z,18.021825,114.705339,Cloud to Ground,14356,0,14
2026-08-31T04:58:47.166507516Z,18.046022,114.761109,Cloud to Ground,20409,0,11
2026-08-31T04:58:54.124235901Z,16.531805,128.736834,Cloud to Cloud,-13109,14370,7
2026-08-31T04:58:54.113228176Z,16.559291,128.741738,Cloud to Cloud,6986,6190,6
2026-08-31T04:58:53.882501899Z,16.557419,128.732637,Cloud to Cloud,13130,12169,8
2026-08-31T04:58:54.128195758Z,16.548567,129.177897,Cloud to Cloud,-11143,3090,7
2026-08-31T04:58:54.076020364Z,16.466419,129.192159,Cloud to Cloud,10338,7798,10
2026-08-31T04:58:54.067283093Z,16.547718,129.184605,Cloud to Ground,28629,0,14
2026-08-31T04:58:54.068150867Z,16.551453,129.185647,Cloud to Ground,31192,0,14
2026-08-31T04:58:54.066829818Z,16.542462,129.192159,Cloud to Ground,38506,0,18
2026-08-31T04:58:55.762644600Z,16.522065,129.167434,Cloud to Cloud,-14028,10577,18
2026-08-31T04:58:55.724321259Z,16.582796,129.266995,Cloud to Ground,-19558,0,12
2026-08-31T04:58:56.010439028Z,16.523159,129.334675,Cloud to Ground,-15573,0,9
2026-08-31T04:58:55.745905048Z,16.488764,129.353797,Cloud to Ground,19226,0,11
2026-08-31T04:58:55.836373000Z,16.5303,129.3057,Cloud to Ground,28246,0,14
2026-08-31T04:58:56.878129422Z,11.248037,113.773102,Cloud to Ground,-8544,0,8
2026-08-31T04:58:56.657606093Z,19.497499,117.709849,Cloud to Cloud,-13498,11765,8
2026-08-31T04:58:56.621865728Z,19.507666,117.701986,Cloud to Cloud,8161,3015,7
2026-08-31T04:58:56.570074919Z,19.499492,117.720603,Cloud to Cloud,9622,19600,6
2026-08-31T04:58:56.571310024Z,19.5646,117.720421,Cloud to Cloud,24580,3022,8
2026-08-31T04:58:56.701616648Z,19.500311,117.688136,Cloud to Ground,40436,0,15
2026-08-31T04:58:57.794203829Z,16.511761,129.145404,Cloud to Ground,-14637,0,11
2026-08-31T04:58:57.621911960Z,16.464356,129.32554,Cloud to Cloud,-7838,10126,13
2026-08-31T04:59:01.027306024Z,15.084075,133.294542,Cloud to Ground,-10625,0,7
2026-08-31T04:59:01.529718739Z,15.090458,133.230316,Cloud to Ground,-10517,0,15
2026-08-31T04:59:00.769321193Z,15.081939,133.295873,Cloud to Cloud,8749,4614,7
2026-08-31T04:59:01.542164909Z,15.095926,133.254507,Cloud to Ground,9098,0,7
2026-08-31T04:59:01.113374357Z,15.091476,133.294072,Cloud to Cloud,9620,3922,12
2026-08-31T04:59:05.459160712Z,15.502725,132.623137,Cloud to Ground,8528,0,9
2026-08-31T04:59:06.589805277Z,17.801943,132.073457,Cloud to Ground,-10907,0,14
2026-08-31T04:59:06.587187332Z,17.801945,132.097147,Cloud to Cloud,-9822,3393,15
2026-08-31T04:59:07.153339315Z,17.848748,132.091392,Cloud to Ground,-6907,0,7
2026-08-31T04:59:06.592688825Z,17.819157,132.104404,Cloud to Ground,-5827,0,5
2026-08-31T04:59:06.586302097Z,17.804733,132.090635,Cloud to Ground,39811,0,14
2026-08-31T04:59:06.585874200Z,17.813577,132.086371,Cloud to Ground,77264,0,15
2026-08-31T04:59:07.161698430Z,17.716453,131.97223,Cloud to Ground,-14136,0,9
2026-08-31T04:59:08.668583925Z,16.390054,130.369279,Cloud to Cloud,5969,15883,8
2026-08-31T04:59:08.664525000Z,16.3576,130.2831,Cloud to Ground,20215,0,5
2026-08-31T04:59:08.959978519Z,16.499967,129.34507,Cloud to Ground,-9127,0,6
2026-08-31T04:59:09.436918882Z,17.852036,113.554313,Cloud to Cloud,-72488,14166,10
2026-08-31T04:59:09.550716766Z,17.763954,113.613364,Cloud to Cloud,-28624,4312,7
2026-08-31T04:59:09.487409212Z,17.862128,113.567385,Cloud to Cloud,-21196,3253,12
2026-08-31T04:59:09.478170027Z,17.860431,113.554332,Cloud to Ground,-20331,0,9
2026-08-31T04:59:09.750255140Z,17.790342,113.540456,Cloud to Cloud,-17731,7642,11
2026-08-31T04:59:09.509696706Z,17.85298,113.559708,Cloud to Ground,-14862,0,6
2026-08-31T04:59:09.554885545Z,17.843334,113.550071,Cloud to Cloud,-14518,6501,7
2026-08-31T04:59:09.431019204Z,17.851089,113.490969,Cloud to Cloud,-11095,7773,7
2026-08-31T04:59:09.495261637Z,17.839207,113.558993,Cloud to Ground,29405,0,11
2026-08-31T04:59:18.555620629Z,7.994205,116.33506,Cloud to Cloud,-18690,3010,14
2026-08-31T04:59:19.541478421Z,16.488325,129.345133,Cloud to Cloud,-6522,4453,6
2026-08-31T04:59:19.368011608Z,16.21833,129.77662,Cloud to Ground,-9833,0,7
2026-08-31T04:59:19.473938096Z,16.213949,129.750372,Cloud to Ground,38030,0,15
2026-08-31T04:59:27.136238884Z,15.969296,131.247787,Cloud to Cloud,-9863,13110,7
2026-08-31T04:59:27.035811970Z,15.980451,131.225635,Cloud to Ground,21367,0,12
2026-08-31T04:59:27.034442277Z,15.987825,131.19319,Cloud to Ground,23583,0,15
2026-08-31T04:59:27.293062647Z,16.099715,131.283459,Cloud to Ground,40203,0,14
2026-08-31T04:59:27.604742100Z,16.482875,129.358178,Cloud to Cloud,-10999,11106,7
2026-08-31T04:59:27.827229835Z,16.524261,129.359868,Cloud to Cloud,12007,6023,7
2026-08-31T04:59:29.857853160Z,18.924968,115.857201,Cloud to Cloud,-8608,7561,6
2026-08-31T04:59:29.613593508Z,18.993558,115.881488,Cloud to Cloud,8951,6650,8
2026-08-31T04:59:32.336731496Z,13.588999,134.494215,Cloud to Cloud,-14163,7484,9
2026-08-31T04:59:32.337972481Z,13.589345,134.486383,Cloud to Cloud,-6000,4710,7
2026-08-31T04:59:32.341546434Z,13.611703,134.418411,Cloud to Ground,7237,0,7
2026-08-31T04:59:32.024252731Z,13.588713,134.327035,Cloud to Cloud,-9667,3142,9
2026-08-31T04:59:32.073222991Z,13.658462,134.249923,Cloud to Ground,-11499,0,11
2026-08-31T04:59:34.803178815Z,15.071847,133.320268,Cloud to Ground,-9946,0,7
2026-08-31T04:59:34.545996000Z,15.0986,133.309,Cloud to Ground,-5937,0,10
2026-08-31T04:59:35.112628791Z,15.063348,133.289135,Cloud to Cloud,8979,4716,6
2026-08-31T04:59:34.615886250Z,15.086218,133.328143,Cloud to Ground,11016,0,7
2026-08-31T04:59:34.301377138Z,16.560083,128.749024,Cloud to Cloud,-16479,6158,12
2026-08-31T04:59:34.134946848Z,16.515244,128.622168,Cloud to Cloud,-5770,13159,7
2026-08-31T04:59:34.478629045Z,16.587139,128.609659,Cloud to Cloud,12132,12651,14
2026-08-31T04:59:34.983289684Z,19.106185,116.483734,Cloud to Ground,-11496,0,6
2026-08-31T04:59:35.020644901Z,19.014636,116.543366,Cloud to Ground,-9224,0,7
2026-08-31T04:59:34.939392631Z,19.074775,116.578112,Cloud to Cloud,-7970,5241,6
2026-08-31T04:59:34.843372486Z,19.08206,116.497849,Cloud to Ground,8949,0,7
2026-08-31T04:59:34.832276340Z,19.106955,116.568123,Cloud to Cloud,10723,19857,6
2026-08-31T04:59:35.217780489Z,19.638653,118.903034,Cloud to Cloud,4601,19516,7
2026-08-31T04:59:35.214952837Z,19.701106,118.92755,Cloud to Cloud,12464,18224,8
2026-08-31T04:59:36.984458261Z,15.480525,132.333897,Cloud to Ground,-49788,0,12
2026-08-31T04:59:36.986684412Z,15.498757,132.301201,Cloud to Ground,-18879,0,13
2026-08-31T04:59:36.983871970Z,15.468893,132.339455,Cloud to Ground,-17108,0,13
2026-08-31T04:59:36.994247360Z,15.473394,132.328978,Cloud to Ground,-15030,0,10
2026-08-31T04:59:36.989184697Z,15.493361,132.325492,Cloud to Ground,-7127,0,7
2026-08-31T04:59:36.985938207Z,15.486483,132.33571,Cloud to Ground,8920,0,12
2026-08-31T04:59:37.628713740Z,16.794528,128.818875,Cloud to Ground,-14956,0,12
2026-08-31T04:59:37.468340293Z,16.673503,128.954262,Cloud to Cloud,-6649,3403,12
2026-08-31T04:59:37.132754000Z,16.6862,128.9017,Cloud to Ground,15982,0,6
2026-08-31T04:59:42.834855052Z,15.41884,132.136083,Cloud to Ground,-39071,0,14
2026-08-31T04:59:43.438199638Z,15.41661,132.066925,Cloud to Ground,-28566,0,14
2026-08-31T04:59:42.841834246Z,15.432735,132.129543,Cloud to Cloud,-18640,3013,13
2026-08-31T04:59:42.833716121Z,15.425892,132.129659,Cloud to Cloud,-15004,3968,11
2026-08-31T04:59:42.844732172Z,15.3985,132.135487,Cloud to Cloud,-13657,7136,10
2026-08-31T04:59:43.438790491Z,15.42718,132.066791,Cloud to Cloud,-12156,4420,10
2026-08-31T04:59:43.437300669Z,15.417392,132.074532,Cloud to Ground,19116,0,11
2026-08-31T04:59:42.835262000Z,15.4294,132.086,Cloud to Ground,135794,0,9
2026-08-31T04:59:43.915654663Z,16.334075,129.870592,Cloud to Cloud,-21366,7434,18
2026-08-31T04:59:43.894895789Z,16.316511,129.89871,Cloud to Cloud,11475,7169,8
2026-08-31T04:59:43.889481047Z,16.315097,129.887084,Cloud to Cloud,11743,3055,16
2026-08-31T04:59:43.891186875Z,16.253036,129.813832,Cloud to Cloud,12825,3013,10
2026-08-31T04:59:45.670900785Z,18.06256,114.718838,Cloud to Cloud,-11359,3019,11
2026-08-31T04:59:45.674419522Z,18.039706,114.732663,Cloud to Cloud,-11047,7618,8
2026-08-31T04:59:48.168937621Z,16.628418,128.710328,Cloud to Cloud,-7235,7784,7
2026-08-31T04:59:48.106739921Z,16.575983,128.756375,Cloud to Cloud,7813,19409,8
2026-08-31T04:59:49.703342448Z,16.414392,129.212557,Cloud to Cloud,-12999,14882,8
2026-08-31T04:59:49.434782966Z,16.447612,129.161054,Cloud to Cloud,9188,18708,7
2026-08-31T04:59:49.460418365Z,16.418157,129.18203,Cloud to Cloud,25783,18611,14
2026-08-31T04:59:52.161540242Z,16.478691,129.346702,Cloud to Cloud,-21963,9100,9
2026-08-31T04:59:53.694701531Z,8.054845,116.308938,Cloud to Ground,11624,0,6
2026-08-31T04:59:54.518098218Z,18.588403,115.040966,Cloud to Cloud,-9246,3000,8
2026-08-31T04:59:54.512630090Z,18.585979,114.938534,Cloud to Ground,28638,0,10
2026-08-31T04:59:54.514103203Z,18.575808,115.014272,Cloud to Ground,76206,0,9
2026-08-31T04:59:56.322193560Z,16.299532,130.085029,Cloud to Ground,-31347,0,15
2026-08-31T04:59:56.380029335Z,16.292386,130.108015,Cloud to Ground,-16626,0,10
2026-08-31T04:59:56.405679846Z,16.285287,130.110092,Cloud to Ground,13688,0,9
2026-08-31T04:59:56.460749495Z,16.287327,129.92411,Cloud to Cloud,-40948,13625,22
2026-08-31T04:59:56.505563000Z,16.3081,129.9663,Cloud to Ground,3829,0,6
2026-08-31T04:59:57.780222559Z,16.568852,128.825285,Cloud to Cloud,-11184,16486,10
2026-08-31T04:59:57.728433850Z,16.563934,128.812199,Cloud to Cloud,-9332,3093,10
2026-08-31T05:00:00.296079733Z,19.638643,121.090756,Cloud to Cloud,7177,7693,12
2026-08-31T05:00:00.337898841Z,19.614205,121.160442,Cloud to Cloud,7520,17211,7
2026-08-31T05:00:00.244523587Z,19.602562,121.126996,Cloud to Ground,22837,0,11
2026-08-31T05:00:00.251695703Z,19.447087,121.213373,Cloud to Cloud,13202,15935,11
2026-08-31T05:00:07.172025465Z,16.509719,129.17046,Cloud to Cloud,-24449,3523,24
2026-08-31T05:00:07.252292958Z,16.53591,129.144637,Cloud to Ground,-23873,0,17
2026-08-31T05:00:08.680187225Z,17.879574,113.929855,Cloud to Ground,-80099,0,19
2026-08-31T05:00:08.677623954Z,17.882627,113.927424,Cloud to Ground,-46867,0,17
2026-08-31T05:00:09.287351138Z,17.888507,113.92891,Cloud to Ground,-17480,0,7
2026-08-31T05:00:08.683790096Z,17.880444,113.937415,Cloud to Cloud,-16183,3007,13
2026-08-31T05:00:08.677084493Z,17.881235,113.837953,Cloud to Ground,21450,0,9
2026-08-31T05:00:08.678353337Z,17.891302,113.933999,Cloud to Ground,25175,0,12
2026-08-31T05:00:08.931654814Z,16.572783,128.756354,Cloud to Ground,11579,0,8
2026-08-31T05:00:08.849489292Z,16.597517,128.649915,Cloud to Cloud,8218,10800,12
2026-08-31T05:00:16.929429052Z,18.005699,114.731787,Cloud to Ground,-6702,0,6
2026-08-31T05:00:16.925368124Z,18.032968,114.744598,Cloud to Cloud,5038,3071,8
2026-08-31T05:00:16.932933351Z,18.102786,114.777685,Cloud to Cloud,8898,3013,8
2026-08-31T05:00:18.255806401Z,17.488992,119.396406,Cloud to Cloud,-11676,15494,7
2026-08-31T05:00:18.241997137Z,17.504171,119.398211,Cloud to Ground,28608,0,14
2026-08-31T05:00:18.238954930Z,17.497323,119.397756,Cloud to Ground,88347,0,16
2026-08-31T05:00:20.848388633Z,15.149189,133.250675,Cloud to Ground,-8853,0,7
2026-08-31T05:00:27.356332656Z,16.562855,128.718203,Cloud to Cloud,6569,12741,7
2026-08-31T05:00:27.461786916Z,11.255005,113.749888,Cloud to Cloud,16293,3203,11
2026-08-31T05:00:27.460417180Z,11.245443,113.708861,Cloud to Ground,30219,0,11
2026-08-31T05:00:33.947714784Z,19.001378,116.116351,Cloud to Ground,-13614,0,7
2026-08-31T05:00:33.800551629Z,19.002832,116.119793,Cloud to Ground,-6467,0,6
2026-08-31T05:00:33.582705084Z,18.991061,116.17073,Cloud to Ground,33586,0,18
2026-08-31T05:00:34.815165228Z,16.229927,130.017346,Cloud to Ground,-20764,0,11
2026-08-31T05:00:34.812770572Z,16.233043,130.024404,Cloud to Cloud,10483,3353,7
2026-08-31T05:00:34.809940768Z,16.235942,130.019399,Cloud to Ground,17475,0,7
2026-08-31T05:00:35.647733861Z,13.63954,134.258151,Cloud to Cloud,-23105,9299,21
2026-08-31T05:00:35.670465521Z,13.64218,134.271968,Cloud to Ground,-9690,0,7
2026-08-31T05:00:35.796403464Z,13.666909,134.270474,Cloud to Ground,10213,0,9
2026-08-31T05:00:35.629979885Z,13.595171,134.335431,Cloud to Ground,10774,0,8
2026-08-31T05:00:35.150944189Z,16.531323,129.311409,Cloud to Cloud,-9257,13887,8
2026-08-31T05:00:35.128903665Z,16.511352,129.350368,Cloud to Cloud,17817,3417,10
2026-08-31T05:00:35.105060514Z,16.511189,129.193831,Cloud to Ground,-13750,0,8
2026-08-31T05:00:35.116859763Z,16.467665,129.206046,Cloud to Cloud,-12284,11823,10
2026-08-31T05:00:35.113945027Z,16.504269,129.210821,Cloud to Ground,13541,0,15
2026-08-31T05:00:42.137258357Z,16.475152,129.026255,Cloud to Ground,-21516,0,19
2026-08-31T05:00:42.175838583Z,16.476227,129.014435,Cloud to Ground,-16243,0,23
2026-08-31T05:00:42.202531604Z,16.466839,129.005149,Cloud to Ground,-11895,0,19
2026-08-31T05:00:42.225088191Z,16.482293,129.176491,Cloud to Ground,16076,0,12
2026-08-31T05:00:45.282789243Z,13.230553,134.987122,Cloud to Ground,-9846,0,15
2026-08-31T05:00:45.130639033Z,16.543617,129.206572,Cloud to Ground,13795,0,11
2026-08-31T05:00:45.132537164Z,16.563446,129.16357,Cloud to Cloud,21751,14754,9
2026-08-31T05:00:46.631848397Z,16.488162,129.372263,Cloud to Ground,18838,0,6
2026-08-31T05:00:46.346347652Z,16.555946,129.358152,Cloud to Ground,23418,0,11
2026-08-31T05:00:46.464831790Z,16.542859,129.162081,Cloud to Ground,-14578,0,16
2026-08-31T05:00:46.587639157Z,16.534321,129.199843,Cloud to Ground,-14303,0,17
2026-08-31T05:00:46.521120101Z,16.544407,129.188778,Cloud to Cloud,-12653,10880,12
2026-08-31T05:00:46.347919833Z,16.555919,129.207838,Cloud to Cloud,11118,13402,11
2026-08-31T05:00:48.307199604Z,16.530309,128.774149,Cloud to Cloud,-9849,4520,8
2026-08-31T05:00:48.298079233Z,16.518615,128.779179,Cloud to Cloud,-5305,13669,6
2026-08-31T05:00:48.719791526Z,16.560355,128.763361,Cloud to Cloud,8402,3030,8
2026-08-31T05:00:48.279339493Z,16.553477,128.766649,Cloud to Ground,13735,0,12
2026-08-31T05:00:49.050122148Z,16.318358,129.854014,Cloud to Ground,-35582,0,14
2026-08-31T05:00:49.086890839Z,16.314038,129.883351,Cloud to Ground,8715,0,8
2026-08-31T05:00:49.072661933Z,16.32344,129.884671,Cloud to Ground,14313,0,15
2026-08-31T05:00:49.094441702Z,16.398528,129.720001,Cloud to Cloud,-11739,18772,8
2026-08-31T05:00:50.910126039Z,16.497176,129.358186,Cloud to Ground,16167,0,12
2026-08-31T05:00:50.726010103Z,16.418425,129.37866,Cloud to Cloud,16771,3020,12
2026-08-31T05:00:52.111724980Z,16.565433,128.409942,Cloud to Cloud,5801,11336,10
2026-08-31T05:00:52.103087533Z,16.679278,128.464193,Cloud to Ground,-33733,0,17
2026-08-31T05:00:52.107905850Z,16.609714,128.533829,Cloud to Cloud,-9799,6414,12
2026-08-31T05:00:52.105864387Z,16.635958,128.548049,Cloud to Cloud,7010,3028,9
2026-08-31T05:00:52.114675640Z,16.627987,128.533521,Cloud to Cloud,8479,3234,8
2026-08-31T05:00:52.132233433Z,16.546389,128.554533,Cloud to Cloud,9901,4608,12
2026-08-31T05:00:52.909685329Z,16.719804,128.516037,Cloud to Cloud,12474,5514,10
2026-08-31T05:00:52.349313029Z,16.677292,128.467367,Cloud to Ground,16032,0,10
2026-08-31T05:00:52.103944435Z,16.636608,128.549164,Cloud to Ground,47667,0,11
2026-08-31T05:00:52.085484741Z,18.982518,115.906648,Cloud to Cloud,9508,15582,5
2026-08-31T05:00:55.536524780Z,15.084118,133.214977,Cloud to Ground,-34173,0,15
2026-08-31T05:00:55.941886093Z,15.139666,133.195894,Cloud to Ground,-20402,0,11
2026-08-31T05:00:55.534733843Z,15.044542,133.221994,Cloud to Cloud,-15488,4742,12
2026-08-31T05:00:55.532599049Z,15.078173,133.204646,Cloud to Cloud,-12258,6683,11
2026-08-31T05:00:55.930382173Z,15.074252,133.160047,Cloud to Ground,-9993,0,8
2026-08-31T05:00:55.563206296Z,15.087296,133.098945,Cloud to Ground,-8563,0,7
2026-08-31T05:00:55.913412958Z,15.08911,133.200956,Cloud to Ground,11984,0,7
2026-08-31T05:00:55.562257656Z,15.03048,133.227717,Cloud to Ground,16295,0,9
2026-08-31T05:00:55.063886209Z,16.235547,130.123499,Cloud to Cloud,-15229,3006,8
2026-08-31T05:00:55.014482878Z,16.303195,130.108113,Cloud to Cloud,-8050,15857,13
2026-08-31T05:00:55.052085637Z,16.303017,130.09262,Cloud to Cloud,7939,15302,10
2026-08-31T05:00:58.219295114Z,15.556353,132.556187,Cloud to Cloud,-14162,9690,12
2026-08-31T05:00:58.113635278Z,15.539182,132.635296,Cloud to Ground,20287,0,10
2026-08-31T05:00:58.441305820Z,16.489494,128.775541,Cloud to Cloud,19842,3008,8
2026-08-31T05:00:58.023824962Z,19.605485,121.136686,Cloud to Cloud,8764,7100,7
2026-08-31T05:00:58.019239057Z,19.606215,121.141322,Cloud to Ground,10261,0,8
2026-08-31T05:00:58.237593128Z,19.581627,121.125446,Cloud to Ground,11274,0,11
2026-08-31T05:00:58.383273504Z,19.607977,121.17072,Cloud to Ground,11879,0,8
2026-08-31T05:00:58.016968147Z,19.604433,121.136878,Cloud to Ground,26653,0,10
2026-08-31T05:01:00.183153404Z,16.237048,129.828284,Cloud to Cloud,-47313,5214,15
2026-08-31T05:01:00.260625625Z,16.249556,129.811162,Cloud to Cloud,-14860,3032,13
2026-08-31T05:01:00.387879402Z,16.220964,129.854208,Cloud to Ground,9692,0,8
2026-08-31T05:01:00.368126432Z,16.261355,129.841346,Cloud to Cloud,9997,3006,9
2026-08-31T05:01:00.348407628Z,16.24196,129.855372,Cloud to Ground,13650,0,10
2026-08-31T05:01:00.209718311Z,16.29516,129.834951,Cloud to Ground,20824,0,11
2026-08-31T05:01:02.863678504Z,13.629967,134.7459,Cloud to Cloud,-11367,7290,11
2026-08-31T05:01:02.940274258Z,13.623826,134.841808,Cloud to Ground,-118361,0,15
2026-08-31T05:01:02.861832459Z,13.58325,134.841183,Cloud to Ground,12535,0,15
2026-08-31T05:01:02.862860054Z,13.583502,134.831879,Cloud to Ground,35026,0,26
2026-08-31T05:01:02.500783075Z,22.328704,114.025103,Cloud to Cloud,12053,6238,14
2026-08-31T05:01:02.510018985Z,22.427827,114.057128,Cloud to Cloud,9415,3049,7
2026-08-31T05:01:05.146291668Z,18.804041,115.07337,Cloud to Ground,-6471,0,7
2026-08-31T05:01:05.046407119Z,18.834391,115.102762,Cloud to Cloud,4390,7270,7
2026-08-31T05:01:05.058161021Z,18.812017,115.104092,Cloud to Cloud,8094,3880,7
2026-08-31T05:01:05.042673513Z,18.723867,115.086104,Cloud to Cloud,14824,11432,9
2026-08-31T05:01:08.585687363Z,19.512203,117.737544,Cloud to Cloud,7380,7740,7
2026-08-31T05:01:08.409168459Z,19.57286,117.743048,Cloud to Cloud,10900,3006,8
2026-08-31T05:01:10.181673710Z,16.579778,128.630678,Cloud to Cloud,-9951,15894,10
2026-08-31T05:01:10.173001695Z,16.55341,128.623095,Cloud to Cloud,10407,4294,10
2026-08-31T05:01:10.637777377Z,16.567248,128.827967,Cloud to Cloud,-6392,7497,10
2026-08-31T05:01:10.620286475Z,16.600498,128.735617,Cloud to Cloud,-6071,14520,7
2026-08-31T05:01:10.681426789Z,16.562316,128.76626,Cloud to Cloud,-5892,10369,10
2026-08-31T05:01:10.422814000Z,16.5586,128.8209,Cloud to Ground,10944,0,5
2026-08-31T05:01:10.392632029Z,16.266739,129.835817,Cloud to Cloud,-5757,12415,9
2026-08-31T05:01:13.100822802Z,13.565253,134.668169,Cloud to Cloud,-26422,3128,20
2026-08-31T05:01:13.225128317Z,13.579317,134.647702,Cloud to Ground,-23067,0,18
2026-08-31T05:01:13.062116949Z,13.520873,134.702545,Cloud to Ground,-17117,0,15
2026-08-31T05:01:13.064771471Z,13.517694,134.709576,Cloud to Ground,-9440,0,9
2026-08-31T05:01:14.653219089Z,16.48163,129.305978,Cloud to Ground,-19628,0,13
2026-08-31T05:01:14.659473287Z,16.492106,129.352525,Cloud to Ground,-12569,0,8
2026-08-31T05:01:14.676010976Z,16.428373,129.383335,Cloud to Cloud,-10280,7907,8
2026-08-31T05:01:14.781353115Z,16.449218,129.25487,Cloud to Cloud,-9546,6422,7
2026-08-31T05:01:14.671801318Z,16.479807,129.372001,Cloud to Cloud,-8939,15538,12
2026-08-31T05:01:14.631753431Z,16.484869,129.244128,Cloud to Ground,13789,0,10
2026-08-31T05:01:15.748473583Z,4.85829,113.80921,Cloud to Ground,12055,0,10
2026-08-31T05:01:15.662163358Z,4.789421,113.675983,Cloud to Cloud,-19167,3096,14
2026-08-31T05:01:15.260351031Z,17.326618,133.712581,Cloud to Ground,-11726,0,13
2026-08-31T05:01:15.266635439Z,17.323584,133.713351,Cloud to Ground,-9745,0,7
2026-08-31T05:01:15.262606337Z,17.322645,133.723434,Cloud to Ground,-8127,0,14
2026-08-31T05:01:15.357448608Z,17.37578,133.722488,Cloud to Cloud,7724,19871,6
2026-08-31T05:01:15.547920681Z,17.397274,133.674813,Cloud to Cloud,9172,9605,14
2026-08-31T05:01:15.670275026Z,17.339893,133.747832,Cloud to Ground,9204,0,9
2026-08-31T05:01:15.551460753Z,17.359731,133.715386,Cloud to Ground,9532,0,10
2026-08-31T05:01:15.312867050Z,16.175116,129.993258,Cloud to Ground,-19446,0,7
2026-08-31T05:01:15.309055792Z,16.166432,129.96892,Cloud to Cloud,8954,5158,8
2026-08-31T05:01:18.295090092Z,16.215166,131.270364,Cloud to Ground,21385,0,13
2026-08-31T05:01:18.299182372Z,15.980283,131.312813,Cloud to Ground,-14200,0,11
2026-08-31T05:01:18.302386469Z,15.98536,131.292852,Cloud to Cloud,-9166,4171,12
2026-08-31T05:01:18.294159312Z,15.983039,131.310012,Cloud to Ground,13913,0,15
2026-08-31T05:01:18.327549855Z,16.002813,131.307824,Cloud to Ground,15528,0,9
2026-08-31T05:01:19.216923591Z,8.073309,116.315597,Cloud to Cloud,-39753,3062,7
2026-08-31T05:01:19.235882041Z,8.070671,116.320059,Cloud to Cloud,-12194,3022,8
2026-08-31T05:01:19.264999000Z,8.0281,116.3352,Cloud to Ground,34069,0,9
2026-08-31T05:01:22.008829673Z,16.600256,128.965217,Cloud to Ground,-25152,0,14
2026-08-31T05:01:23.437740243Z,19.063477,116.508439,Cloud to Cloud,-5741,12602,7
2026-08-31T05:01:23.514303258Z,19.148815,116.549658,Cloud to Cloud,-5717,17184,8
2026-08-31T05:01:25.327142712Z,16.58664,129.318384,Cloud to Cloud,-29002,3755,21
2026-08-31T05:01:25.411476445Z,16.549972,129.346299,Cloud to Cloud,14768,6376,7
2026-08-31T05:01:25.230475641Z,16.514591,129.368477,Cloud to Ground,26728,0,10
2026-08-31T05:01:25.175738094Z,16.489404,129.416762,Cloud to Ground,32601,0,7
2026-08-31T05:01:25.207238021Z,16.51705,129.366564,Cloud to Ground,38059,0,12
2026-08-31T05:01:29.420192781Z,16.549033,128.670838,Cloud to Cloud,5821,3010,10
2026-08-31T05:01:29.555790365Z,16.56858,128.792914,Cloud to Cloud,-5732,18418,9
2026-08-31T05:01:31.405406916Z,15.055366,133.091736,Cloud to Ground,-10873,0,12
2026-08-31T05:01:31.027768700Z,15.113016,133.303154,Cloud to Ground,11167,0,14
2026-08-31T05:01:31.048087806Z,15.089861,133.326324,Cloud to Ground,26877,0,20
2026-08-31T05:01:31.058964187Z,15.084411,133.323022,Cloud to Ground,28329,0,15
2026-08-31T05:01:31.643131892Z,15.090583,133.321407,Cloud to Ground,36131,0,14
2026-08-31T05:01:31.112976549Z,15.130983,133.319029,Cloud to Ground,40756,0,14
2026-08-31T05:01:31.000515768Z,15.109406,133.31834,Cloud to Ground,194987,0,14
2026-08-31T05:01:34.133477228Z,20.283198,114.312352,Cloud to Cloud,-15038,3375,13
2026-08-31T05:01:34.144771745Z,20.253988,114.330689,Cloud to Cloud,-12973,6746,8
2026-08-31T05:01:36.269062372Z,16.558197,128.990453,Cloud to Cloud,7996,3051,7
2026-08-31T05:01:36.265726997Z,16.484092,129.155148,Cloud to Cloud,-22031,3120,12
2026-08-31T05:01:36.293429000Z,16.4812,129.1628,Cloud to Ground,-7147,0,5
2026-08-31T05:01:39.564860880Z,4.883077,113.746696,Cloud to Ground,-16307,0,12
2026-08-31T05:01:39.563981430Z,4.822581,113.795882,Cloud to Ground,15481,0,6
2026-08-31T05:01:39.368761827Z,17.908117,113.163979,Cloud to Cloud,-13302,6546,8
2026-08-31T05:01:41.833370991Z,13.712271,133.91971,Cloud to Ground,-7908,0,9
2026-08-31T05:01:41.024882860Z,16.577314,128.773359,Cloud to Ground,-4398,0,7
2026-08-31T05:01:43.585043718Z,8.047851,116.329197,Cloud to Cloud,-14248,16269,6
2026-08-31T05:01:43.576139553Z,8.040235,116.334154,Cloud to Cloud,-6705,4854,7
2026-08-31T05:01:43.569569701Z,7.953175,116.384699,Cloud to Cloud,24294,4995,7
2026-08-31T05:01:45.862788787Z,17.326365,133.719383,Cloud to Ground,-10205,0,8
2026-08-31T05:01:45.987638615Z,16.428508,129.40242,Cloud to Cloud,-11641,13038,9
2026-08-31T05:01:45.831467141Z,16.492602,129.365954,Cloud to Cloud,-7438,14980,7
2026-08-31T05:01:45.807161337Z,16.402016,129.407001,Cloud to Cloud,11402,5671,10
2026-08-31T05:01:45.814065746Z,16.483693,129.358031,Cloud to Cloud,18638,15181,14
2026-08-31T05:01:47.957508181Z,22.42036,112.366101,Cloud to Cloud,-14154,3110,10
2026-08-31T05:01:47.955909488Z,22.368311,112.394705,Cloud to Cloud,-12563,17306,10
2026-08-31T05:01:48.725907759Z,15.52758,132.623892,Cloud to Cloud,-11010,3254,8
2026-08-31T05:01:48.792714367Z,15.503831,132.630509,Cloud to Ground,-10501,0,7
2026-08-31T05:01:52.903962649Z,15.436568,132.145543,Cloud to Ground,-88459,0,12
2026-08-31T05:01:52.906606362Z,15.438901,132.155781,Cloud to Cloud,-24756,13912,11
2026-08-31T05:01:52.903510418Z,15.471896,132.038522,Cloud to Ground,-18288,0,10
2026-08-31T05:01:52.905644465Z,15.443473,132.118887,Cloud to Ground,-11063,0,12
2026-08-31T05:01:52.902795867Z,15.436376,132.14039,Cloud to Ground,8866,0,7
2026-08-31T05:01:52.031748168Z,19.610029,121.151879,Cloud to Cloud,8805,11169,6
2026-08-31T05:01:52.602931902Z,16.569652,128.778721,Cloud to Cloud,13107,6750,8
2026-08-31T05:01:53.998935667Z,15.494104,132.356119,Cloud to Ground,-75695,0,12
2026-08-31T05:01:53.998205760Z,15.493291,132.345053,Cloud to Ground,18301,0,8
2026-08-31T05:01:54.000325608Z,15.486867,132.362935,Cloud to Ground,19668,0,11
2026-08-31T05:01:54.002330437Z,15.477478,132.347526,Cloud to Ground,22965,0,15
2026-08-31T05:01:56.300727107Z,16.238552,129.87818,Cloud to Ground,-9415,0,10
2026-08-31T05:01:56.174110937Z,17.419852,119.476017,Cloud to Ground,21033,0,8
2026-08-31T05:01:56.359869478Z,17.548437,119.451196,Cloud to Ground,-18524,0,10
2026-08-31T05:01:56.169189968Z,17.502828,119.406749,Cloud to Ground,12561,0,13
2026-08-31T05:01:59.058031638Z,6.614517,115.921557,Cloud to Ground,22746,0,18
2026-08-31T05:02:04.559896458Z,15.154899,133.429659,Cloud to Ground,-24928,0,14
2026-08-31T05:02:04.803187830Z,15.059899,133.396763,Cloud to Ground,-23676,0,9
2026-08-31T05:02:04.557706437Z,15.145526,133.43299,Cloud to Ground,-14994,0,14
2026-08-31T05:02:05.468255873Z,15.121322,133.438849,Cloud to Ground,10725,0,8
2026-08-31T05:02:04.512062197Z,15.12329,133.382978,Cloud to Ground,13102,0,16
2026-08-31T05:02:05.259631041Z,15.12467,133.427365,Cloud to Ground,15529,0,11
2026-08-31T05:02:05.217189414Z,15.109203,133.448955,Cloud to Ground,16356,0,12
2026-08-31T05:02:05.106761417Z,15.107168,133.448254,Cloud to Ground,18690,0,12
2026-08-31T05:02:04.800630000Z,15.1286,133.4197,Cloud to Ground,21311,0,6
2026-08-31T05:02:04.720403797Z,19.654267,118.912105,Cloud to Cloud,30467,14619,9
2026-08-31T05:02:08.020306827Z,16.520694,128.799446,Cloud to Ground,-15736,0,9
2026-08-31T05:02:14.579580000Z,16.4987,129.1008,Cloud to Ground,-17698,0,6
2026-08-31T05:02:14.580306368Z,16.504226,129.16757,Cloud to Cloud,-10144,6622,8
2026-08-31T05:02:14.862820182Z,16.473839,129.195546,Cloud to Ground,9778,0,7
2026-08-31T05:02:14.674537509Z,19.880261,121.08097,Cloud to Cloud,15806,14242,7
2026-08-31T05:02:14.749499000Z,19.6336,121.1443,Cloud to Ground,-14679,0,5
2026-08-31T05:02:14.629241943Z,19.583828,121.148394,Cloud to Cloud,6526,10127,6
2026-08-31T05:02:17.580328388Z,16.219961,130.006426,Cloud to Ground,-12515,0,13
2026-08-31T05:02:18.369476708Z,14.16195,133.474842,Cloud to Cloud,-16357,19543,11
2026-08-31T05:02:18.417361943Z,14.128995,133.61212,Cloud to Ground,-25510,0,13
2026-08-31T05:02:18.577217238Z,14.174758,133.596986,Cloud to Ground,12959,0,8
2026-08-31T05:02:18.427035130Z,14.188327,133.563971,Cloud to Ground,16415,0,12
2026-08-31T05:02:18.539808902Z,14.174448,133.605755,Cloud to Ground,16435,0,9
2026-08-31T05:02:18.478704865Z,14.16711,133.598704,Cloud to Ground,26479,0,14
2026-08-31T05:02:18.539198407Z,14.175584,133.597479,Cloud to Ground,41262,0,15
2026-08-31T05:02:18.424358398Z,14.155208,133.609831,Cloud to Ground,68010,0,16
2026-08-31T05:02:18.329616938Z,14.127911,133.634796,Cloud to Ground,253008,0,20
2026-08-31T05:02:25.160183691Z,16.498879,129.349803,Cloud to Cloud,-11669,8356,12
2026-08-31T05:02:25.185336790Z,16.485281,129.290961,Cloud to Cloud,6351,3078,8
2026-08-31T05:02:25.155301833Z,16.362448,129.409477,Cloud to Cloud,7752,3169,7
2026-08-31T05:02:25.176322561Z,16.439362,129.394029,Cloud to Cloud,8256,18378,6
2026-08-31T05:02:25.170809021Z,16.42854,129.405468,Cloud to Cloud,12265,3075,11
2026-08-31T05:02:25.571922566Z,16.690296,129.379596,Cloud to Ground,-9309,0,9
2026-08-31T05:02:25.861008274Z,16.653798,129.306608,Cloud to Cloud,-8643,3122,9
2026-08-31T05:02:26.032468726Z,13.624412,134.310911,Cloud to Cloud,-13973,5997,12
2026-08-31T05:02:26.056782306Z,13.570182,134.361248,Cloud to Cloud,-10699,7778,20
2026-08-31T05:02:26.034569264Z,13.573867,134.364006,Cloud to Ground,11680,0,15
2026-08-31T05:02:26.286299978Z,22.312994,114.0147,Cloud to Cloud,-7713,3003,7
2026-08-31T05:02:26.264282700Z,22.344551,114.11095,Cloud to Ground,9909,0,6
2026-08-31T05:02:28.487728960Z,15.133707,133.359947,Cloud to Ground,8636,0,9
2026-08-31T05:02:28.577954871Z,15.127937,133.361614,Cloud to Ground,9842,0,7
2026-08-31T05:02:28.380216404Z,15.129634,133.355706,Cloud to Ground,16291,0,12
2026-08-31T05:02:27.886118000Z,15.0354,133.3668,Cloud to Ground,19589,0,6
2026-08-31T05:02:27.863470648Z,15.109639,133.368116,Cloud to Ground,63368,0,21
2026-08-31T05:02:28.335615809Z,15.119084,133.369646,Cloud to Ground,70420,0,17
2026-08-31T05:02:27.800162138Z,15.136485,133.359776,Cloud to Ground,87706,0,13
2026-08-31T05:02:28.493521756Z,15.076833,133.214537,Cloud to Ground,10270,0,7
2026-08-31T05:02:28.194289415Z,16.531719,128.599815,Cloud to Cloud,-9245,10528,10
2026-08-31T05:02:31.479586161Z,16.301158,130.090786,Cloud to Cloud,-8806,8704,12
2026-08-31T05:02:31.480153213Z,16.318479,130.116682,Cloud to Ground,50772,0,13
2026-08-31T05:02:31.227600000Z,4.8295,113.7631,Cloud to Ground,-7351,0,5
2026-08-31T05:02:35.560588297Z,16.602133,128.655243,Cloud to Ground,-15826,0,12
2026-08-31T05:02:35.650998617Z,16.604182,128.775993,Cloud to Ground,15157,0,11
2026-08-31T05:02:38.985319855Z,19.541362,117.760898,Cloud to Cloud,9629,3015,9
2026-08-31T05:02:38.798566150Z,19.5051,117.717283,Cloud to Ground,14082,0,7
2026-08-31T05:02:38.797293506Z,19.50732,117.72945,Cloud to Cloud,15919,3003,14
2026-08-31T05:02:41.612000250Z,16.684808,128.763951,Cloud to Cloud,8941,6260,8
2026-08-31T05:02:41.246038192Z,16.606803,128.975705,Cloud to Ground,-15215,0,13
2026-08-31T05:02:41.246534239Z,16.524192,129.013579,Cloud to Ground,6664,0,8
2026-08-31T05:02:41.263282124Z,16.603757,129.002513,Cloud to Cloud,12902,3010,9
2026-08-31T05:02:44.864762439Z,16.224757,130.010788,Cloud to Cloud,-7982,5261,13
2026-08-31T05:02:45.577039213Z,13.706765,133.92852,Cloud to Ground,15980,0,13
2026-08-31T05:02:45.271440085Z,19.108911,116.520875,Cloud to Ground,-55659,0,13
2026-08-31T05:02:45.402044141Z,19.111089,116.512581,Cloud to Ground,-16946,0,8
2026-08-31T05:02:45.345191305Z,19.101743,116.49406,Cloud to Ground,-16715,0,11
2026-08-31T05:02:45.485367585Z,19.111299,116.508689,Cloud to Ground,-11031,0,8
2026-08-31T05:02:45.460477595Z,19.109641,116.501092,Cloud to Ground,-7883,0,6
2026-08-31T05:02:47.927116810Z,15.084644,133.357358,Cloud to Ground,-19772,0,14
2026-08-31T05:02:47.924918201Z,15.090349,133.358086,Cloud to Cloud,-10479,3012,9
2026-08-31T05:02:47.765665288Z,18.493791,115.048754,Cloud to Cloud,-33690,3075,16
2026-08-31T05:02:47.771798740Z,18.504114,115.036608,Cloud to Ground,-14628,0,6
2026-08-31T05:02:47.780520730Z,18.488385,115.04908,Cloud to Ground,-12880,0,8
2026-08-31T05:02:48.262279959Z,18.601939,115.053047,Cloud to Cloud,10966,4683,7
2026-08-31T05:02:47.767899461Z,18.497447,115.061887,Cloud to Ground,21629,0,9
2026-08-31T05:02:47.764532101Z,18.48436,115.049866,Cloud to Ground,25365,0,9
2026-08-31T05:02:47.974549981Z,18.54628,115.020647,Cloud to Ground,25930,0,13
2026-08-31T05:02:48.361749532Z,17.370947,133.697106,Cloud to Ground,10117,0,8
2026-08-31T05:02:48.337671093Z,17.35894,133.707766,Cloud to Ground,16600,0,17
2026-08-31T05:02:48.306294456Z,17.365318,133.696016,Cloud to Ground,20458,0,17
2026-08-31T05:02:48.391792133Z,17.359448,133.697034,Cloud to Ground,21452,0,16
2026-08-31T05:02:48.041430408Z,17.357427,133.710868,Cloud to Ground,42597,0,21
2026-08-31T05:02:48.191412188Z,17.359325,133.708219,Cloud to Ground,46554,0,18
2026-08-31T05:02:48.339141219Z,18.695733,115.061317,Cloud to Ground,-18764,0,8
2026-08-31T05:02:48.004115857Z,18.497589,114.768894,Cloud to Ground,-13875,0,6
2026-08-31T05:02:51.880872018Z,13.370579,134.735527,Cloud to Cloud,-17344,3714,16
2026-08-31T05:02:53.479516035Z,4.85628,113.811311,Cloud to Ground,-27218,0,9
2026-08-31T05:02:53.847433416Z,4.94723,113.786535,Cloud to Ground,-13120,0,10
2026-08-31T05:02:53.468956326Z,4.85338,113.797618,Cloud to Cloud,-12780,14836,6
2026-08-31T05:02:53.692177945Z,4.861001,113.794311,Cloud to Cloud,-10515,3553,5
2026-08-31T05:02:53.803968429Z,4.876344,113.830199,Cloud to Ground,18148,0,16
2026-08-31T05:02:53.816215026Z,13.771771,134.161626,Cloud to Cloud,-17502,7380,18
2026-08-31T05:02:53.819177408Z,13.788146,134.148459,Cloud to Ground,-17057,0,17
2026-08-31T05:02:53.817120284Z,13.716835,134.189428,Cloud to Ground,68468,0,24
2026-08-31T05:02:54.360178648Z,15.131981,133.420075,Cloud to Cloud,6728,3025,7
2026-08-31T05:02:54.296424689Z,15.125375,133.390478,Cloud to Cloud,10709,11017,12
2026-08-31T05:02:54.194132940Z,15.128484,133.41695,Cloud to Ground,17460,0,15
2026-08-31T05:02:54.747458381Z,16.482959,129.381332,Cloud to Cloud,-10850,3000,11
2026-08-31T05:02:54.745367772Z,16.479851,129.400965,Cloud to Cloud,-7189,3620,10
2026-08-31T05:02:54.690496779Z,16.48137,129.367272,Cloud to Cloud,-6737,18111,8
2026-08-31T05:02:54.646708165Z,16.408411,129.401993,Cloud to Cloud,7208,10805,8
2026-08-31T05:02:55.444176020Z,16.504016,128.816977,Cloud to Cloud,-10782,14299,7
2026-08-31T05:02:55.472739381Z,16.557548,128.797574,Cloud to Cloud,12577,3017,11
2026-08-31T05:02:57.624633287Z,16.220836,129.902655,Cloud to Ground,-19232,0,10
2026-08-31T05:02:57.665792151Z,16.309853,129.826272,Cloud to Cloud,-10735,5896,6
2026-08-31T05:02:57.640631115Z,16.273032,129.86276,Cloud to Cloud,-7471,6631,10
2026-08-31T05:02:57.622544023Z,16.253543,129.888484,Cloud to Ground,71324,0,32
2026-08-31T05:02:58.764280342Z,17.310849,112.464006,Cloud to Ground,-16227,0,7
2026-08-31T05:02:58.773826112Z,17.337021,112.463297,Cloud to Cloud,-13903,6656,8
2026-08-31T05:02:58.761815688Z,17.308925,112.374338,Cloud to Ground,13292,0,8
2026-08-31T05:03:01.704053301Z,6.670814,115.885414,Cloud to Ground,-17309,0,7
2026-08-31T05:03:01.623513730Z,6.690665,115.882802,Cloud to Ground,-12446,0,12
2026-08-31T05:03:01.599791052Z,6.630671,115.89398,Cloud to Ground,19921,0,7
2026-08-31T05:03:04.279539874Z,15.983992,131.309311,Cloud to Ground,-14584,0,15
2026-08-31T05:03:04.271482833Z,15.984001,131.331037,Cloud to Ground,-13346,0,10
2026-08-31T05:03:04.308437313Z,15.985801,131.319641,Cloud to Ground,-12362,0,10
2026-08-31T05:03:04.275466685Z,15.995383,131.335921,Cloud to Cloud,-10974,3034,12
2026-08-31T05:03:04.272595035Z,15.99964,131.284395,Cloud to Ground,-10456,0,12
2026-08-31T05:03:04.276757609Z,16.017304,131.135526,Cloud to Ground,-28530,0,12
2026-08-31T05:03:10.976411265Z,4.943565,113.820326,Cloud to Cloud,-19169,19397,7
2026-08-31T05:03:10.965605767Z,4.858992,113.814977,Cloud to Cloud,7993,3152,7
2026-08-31T05:03:10.943957305Z,16.568754,128.808294,Cloud to Cloud,-11028,7820,9
2026-08-31T05:03:11.342927249Z,16.577116,128.809613,Cloud to Ground,-9789,0,8
2026-08-31T05:03:10.987987417Z,16.568074,128.816248,Cloud to Cloud,-7206,4301,6
2026-08-31T05:03:11.331343000Z,19.0142,116.1802,Cloud to Ground,-18658,0,5
2026-08-31T05:03:11.252812388Z,19.003348,116.182719,Cloud to Ground,63949,0,16
2026-08-31T05:03:12.486224379Z,16.518654,129.397977,Cloud to Cloud,-26712,5278,15
2026-08-31T05:03:12.789194004Z,16.567171,129.274955,Cloud to Ground,-17869,0,10
2026-08-31T05:03:12.513551546Z,16.520763,129.208264,Cloud to Ground,-14450,0,17
2026-08-31T05:03:12.798786166Z,16.547449,129.300053,Cloud to Cloud,-9574,3123,7
2026-08-31T05:03:12.573682000Z,16.5134,129.3234,Cloud to Ground,-5159,0,7
2026-08-31T05:03:12.788616320Z,16.5409,129.360081,Cloud to Cloud,6906,4637,6
2026-08-31T05:03:12.861823877Z,16.56092,129.355727,Cloud to Cloud,7329,19548,8
2026-08-31T05:03:12.478044385Z,16.558018,129.2987,Cloud to Cloud,7950,3798,8
2026-08-31T05:03:12.607966033Z,16.521881,129.377415,Cloud to Ground,13660,0,8
2026-08-31T05:03:14.412412550Z,15.14296,133.284985,Cloud to Ground,-10289,0,8
2026-08-31T05:03:13.903463548Z,15.08666,133.353804,Cloud to Ground,-9728,0,8
2026-08-31T05:03:15.109482647Z,18.840006,115.103136,Cloud to Cloud,-11019,18897,11
2026-08-31T05:03:15.092210916Z,18.83969,115.120594,Cloud to Cloud,15858,3028,7
2026-08-31T05:03:15.099651293Z,18.733378,114.912951,Cloud to Cloud,-9124,3031,7
2026-08-31T05:03:19.339197899Z,4.849922,113.71794,Cloud to Cloud,-11612,17185,7
2026-08-31T05:03:19.571338562Z,16.589844,128.773513,Cloud to Ground,-14224,0,9
2026-08-31T05:03:22.442201418Z,16.403485,129.228888,Cloud to Cloud,-13189,3134,10
2026-08-31T05:03:22.478393995Z,16.431305,129.20743,Cloud to Cloud,-9343,9429,11
2026-08-31T05:03:27.473429714Z,17.504166,119.391102,Cloud to Cloud,-5504,11827,6
2026-08-31T05:03:27.463796450Z,17.514055,119.411533,Cloud to Cloud,8226,5207,6
2026-08-31T05:03:29.511649365Z,16.525913,128.818455,Cloud to Ground,-12719,0,7
2026-08-31T05:03:29.557799888Z,16.57737,128.809541,Cloud to Cloud,-6780,6177,11
2026-08-31T05:03:29.972013982Z,8.063622,116.340492,Cloud to Cloud,8991,3062,7
2026-08-31T05:03:30.089942239Z,8.074779,116.33764,Cloud to Ground,19680,0,6
2026-08-31T05:03:30.411428337Z,13.601455,134.361633,Cloud to Ground,-13723,0,10
2026-08-31T05:03:30.460240540Z,13.643012,134.327791,Cloud to Ground,-13033,0,12
2026-08-31T05:03:30.095284441Z,16.418053,129.415043,Cloud to Cloud,15208,5430,8
2026-08-31T05:03:31.465936118Z,18.977519,115.912802,Cloud to Cloud,10117,3000,9
2026-08-31T05:03:34.677882406Z,15.42838,132.548843,Cloud to Ground,-17808,0,14
2026-08-31T05:03:34.672997193Z,15.426244,132.532638,Cloud to Ground,-11384,0,11
2026-08-31T05:03:34.748844933Z,15.431052,132.520679,Cloud to Ground,-8364,0,12
2026-08-31T05:03:34.675183230Z,15.420846,132.526787,Cloud to Ground,20675,0,7
2026-08-31T05:03:34.245971584Z,17.873621,113.581187,Cloud to Cloud,-12557,3075,9
2026-08-31T05:03:34.242569313Z,17.889146,113.604442,Cloud to Cloud,6075,7949,7
2026-08-31T05:03:34.235599200Z,17.890857,113.582453,Cloud to Cloud,15698,3000,10
2026-08-31T05:03:34.234109203Z,17.892333,113.565936,Cloud to Ground,43697,0,19
2026-08-31T05:03:36.933775634Z,16.213482,129.999343,Cloud to Ground,-33811,0,12
2026-08-31T05:03:38.464953150Z,19.096401,116.524686,Cloud to Ground,-34879,0,10
2026-08-31T05:03:38.852117382Z,19.107985,116.526292,Cloud to Cloud,-17721,3053,10
2026-08-31T05:03:39.289231164Z,19.113047,116.520083,Cloud to Cloud,-10653,18996,8
2026-08-31T05:03:39.224049142Z,19.111983,116.519046,Cloud to Cloud,-10164,7491,9
2026-08-31T05:03:39.378670150Z,19.111909,116.520012,Cloud to Ground,-8128,0,6
2026-08-31T05:03:38.878471424Z,4.797528,113.826783,Cloud to Ground,18732,0,10
2026-08-31T05:03:39.047596231Z,4.818213,113.842978,Cloud to Ground,21439,0,16
2026-08-31T05:03:39.210674769Z,4.806111,113.840808,Cloud to Ground,22749,0,6
2026-08-31T05:03:38.983094407Z,4.803171,113.834751,Cloud to Cloud,24669,16070,7
2026-08-31T05:03:39.811522421Z,19.512204,117.739571,Cloud to Cloud,10018,15752,7
2026-08-31T05:03:42.777146113Z,18.068699,114.765376,Cloud to Ground,-21900,0,12
2026-08-31T05:03:42.778034649Z,18.041304,114.773245,Cloud to Ground,13415,0,10
2026-08-31T05:03:42.779053998Z,18.072588,114.768169,Cloud to Ground,20454,0,13
2026-08-31T05:03:42.781129000Z,18.0964,114.7158,Cloud to Ground,24606,0,6
2026-08-31T05:03:42.888214679Z,17.987408,114.693891,Cloud to Cloud,-8267,3002,7
2026-08-31T05:03:44.661680485Z,16.326588,129.881705,Cloud to Cloud,10247,13001,10
2026-08-31T05:03:46.741874362Z,17.354903,133.765129,Cloud to Ground,38150,0,17
2026-08-31T05:03:47.376610750Z,4.929707,113.791212,Cloud to Ground,-12104,0,17
2026-08-31T05:03:47.387625935Z,4.93052,113.819421,Cloud to Cloud,-9801,3007,6
2026-08-31T05:03:52.102590971Z,16.51636,129.358217,Cloud to Ground,-22018,0,9
2026-08-31T05:03:53.013672920Z,13.767612,133.89196,Cloud to Ground,-8836,0,8
2026-08-31T05:03:55.003785539Z,15.144434,133.286754,Cloud to Ground,-10142,0,7
2026-08-31T05:03:54.993819257Z,15.093736,133.354533,Cloud to Ground,34812,0,18
2026-08-31T05:03:55.075495853Z,19.593712,121.189025,Cloud to Ground,-65701,0,12
2026-08-31T05:03:55.109535466Z,19.610961,121.165778,Cloud to Ground,-21639,0,8
2026-08-31T05:03:55.328409632Z,19.601779,121.167122,Cloud to Ground,-18725,0,8
2026-08-31T05:03:55.550189522Z,19.61025,121.170382,Cloud to Ground,-17994,0,9
2026-08-31T05:03:56.104823710Z,19.610736,121.088578,Cloud to Ground,-16110,0,11
2026-08-31T05:03:55.145811000Z,19.6479,121.1701,Cloud to Ground,8816,0,8
2026-08-31T05:03:55.770096635Z,15.50382,121.056119,Cloud to Ground,-20502,0,7
2026-08-31T05:03:55.775948496Z,15.453124,121.091808,Cloud to Cloud,11360,7058,8
2026-08-31T05:03:58.356419532Z,16.613957,128.630249,Cloud to Ground,-15059,0,18
2026-08-31T05:03:58.383040550Z,16.582673,128.804623,Cloud to Ground,-17261,0,8
2026-08-31T05:03:58.535814426Z,16.616504,128.835408,Cloud to Ground,16645,0,8
2026-08-31T05:03:58.320778000Z,16.6055,128.7772,Cloud to Ground,36356,0,8
2026-08-31T05:03:58.575993596Z,22.416082,113.334241,Cloud to Ground,-15064,0,9
2026-08-31T05:04:00.920901444Z,6.664715,115.894293,Cloud to Cloud,-13664,7678,8
2026-08-31T05:04:00.918422920Z,6.615533,115.888003,Cloud to Cloud,-12411,12243,6
2026-08-31T05:04:00.915580057Z,6.602589,115.884937,Cloud to Ground,33145,0,18
2026-08-31T05:04:01.736550098Z,13.580976,134.369277,Cloud to Ground,-17054,0,11
2026-08-31T05:04:01.752347564Z,13.62968,134.333502,Cloud to Ground,-12453,0,9
2026-08-31T05:04:01.717385577Z,13.588634,134.37145,Cloud to Ground,11570,0,6
2026-08-31T05:04:01.230405458Z,16.655015,128.688814,Cloud to Cloud,-9487,3736,9
2026-08-31T05:04:01.023986616Z,16.476591,128.865485,Cloud to Cloud,8456,14562,9
2026-08-31T05:04:02.545906006Z,16.58549,129.009059,Cloud to Cloud,-12653,3142,10
2026-08-31T05:04:03.446610034Z,4.885282,113.80599,Cloud to Cloud,-11740,7148,6
2026-08-31T05:04:04.590224542Z,16.450704,129.18937,Cloud to Ground,-38182,0,14
2026-08-31T05:04:04.645326756Z,16.451625,129.184516,Cloud to Ground,-23422,0,14
2026-08-31T05:04:04.928172213Z,16.443367,129.164353,Cloud to Ground,-16856,0,9
2026-08-31T05:04:04.575459553Z,16.446537,129.202149,Cloud to Ground,-14253,0,11
2026-08-31T05:04:05.280209460Z,15.595641,132.629746,Cloud to Ground,-15808,0,16
2026-08-31T05:04:05.298588891Z,15.474129,132.700369,Cloud to Ground,-9488,0,7
2026-08-31T05:04:05.276690180Z,15.530757,132.686281,Cloud to Ground,9643,0,12
2026-08-31T05:04:05.282432198Z,15.544293,132.662046,Cloud to Ground,10066,0,10
2026-08-31T05:04:05.003150634Z,16.469609,129.041855,Cloud to Ground,-23533,0,17
2026-08-31T05:04:04.855270251Z,16.459663,129.056579,Cloud to Ground,-13113,0,10
2026-08-31T05:04:04.755304370Z,16.443076,129.034967,Cloud to Ground,-11897,0,22
2026-08-31T05:04:07.391493022Z,15.125611,133.208785,Cloud to Ground,-24444,0,26
2026-08-31T05:04:07.487684492Z,15.091579,133.360777,Cloud to Ground,12356,0,10
2026-08-31T05:04:07.486214472Z,15.164195,133.31975,Cloud to Ground,15134,0,12
2026-08-31T05:04:07.723648080Z,15.179229,133.319906,Cloud to Ground,22088,0,18
2026-08-31T05:04:07.720776563Z,15.077479,133.341626,Cloud to Ground,30993,0,16
2026-08-31T05:04:07.315712060Z,15.124172,133.359791,Cloud to Ground,41175,0,8
2026-08-31T05:04:07.440570147Z,15.09808,133.370664,Cloud to Ground,41340,0,19
2026-08-31T05:04:07.583072183Z,15.112243,133.375324,Cloud to Ground,90566,0,19
2026-08-31T05:04:07.271136655Z,15.103341,133.368927,Cloud to Ground,119737,0,21
2026-08-31T05:04:10.282071170Z,17.783356,114.25202,Cloud to Cloud,-23136,3011,8
2026-08-31T05:04:10.277715669Z,17.652302,114.359179,Cloud to Cloud,-28479,3031,16
2026-08-31T05:04:10.579267449Z,17.692784,114.235218,Cloud to Cloud,-16839,3005,9
2026-08-31T05:04:10.298982000Z,17.6576,114.3773,Cloud to Ground,-14755,0,5
2026-08-31T05:04:10.328785360Z,17.683655,114.358722,Cloud to Cloud,-13907,3571,11
2026-08-31T05:04:10.312795926Z,17.669899,114.277863,Cloud to Cloud,-10596,3992,7
2026-08-31T05:04:10.279825687Z,17.651771,114.359463,Cloud to Cloud,12133,3080,7
2026-08-31T05:04:10.456645470Z,17.608067,114.37732,Cloud to Ground,42848,0,14
2026-08-31T05:04:12.324460212Z,16.544202,128.836876,Cloud to Cloud,-13955,9802,9
2026-08-31T05:04:12.134226824Z,16.524634,128.839723,Cloud to Ground,-9187,0,9
2026-08-31T05:04:12.226969506Z,16.56254,128.775656,Cloud to Cloud,-4792,5588,7
2026-08-31T05:04:12.314610014Z,16.587256,128.77417,Cloud to Cloud,5602,6938,7
2026-08-31T05:04:14.652361654Z,16.486492,129.385594,Cloud to Cloud,-10261,5652,8
2026-08-31T05:04:14.999667429Z,16.464605,129.272184,Cloud to Cloud,-9735,7160,9
2026-08-31T05:04:14.990209881Z,16.464482,129.352589,Cloud to Cloud,-7159,5847,9
2026-08-31T05:04:14.651306532Z,16.43664,129.409525,Cloud to Cloud,13295,3060,10
2026-08-31T05:04:15.058461753Z,16.598831,129.194725,Cloud to Cloud,-10686,3045,7
2026-08-31T05:04:17.966323360Z,4.835681,113.808167,Cloud to Ground,24043,0,8
2026-08-31T05:04:20.199487016Z,15.93661,131.275676,Cloud to Cloud,-43392,7213,15
2026-08-31T05:04:20.226331017Z,15.98845,131.222952,Cloud to Cloud,-14777,3063,13
2026-08-31T05:04:20.206283476Z,15.984281,131.247822,Cloud to Cloud,-11983,3039,8
2026-08-31T05:04:24.423545704Z,13.666412,133.941746,Cloud to Ground,22775,0,12
2026-08-31T05:04:24.859859153Z,16.268171,129.865171,Cloud to Cloud,-13515,3049,12
2026-08-31T05:04:24.841994364Z,16.263156,129.890026,Cloud to Cloud,-8866,18919,12
2026-08-31T05:04:24.859021290Z,16.28299,129.908864,Cloud to Cloud,8998,4232,7
2026-08-31T05:04:24.840615606Z,16.269648,129.892754,Cloud to Ground,15282,0,13
2026-08-31T05:04:24.926615360Z,19.555732,121.152266,Cloud to Cloud,4066,17061,6
2026-08-31T05:04:25.056070531Z,19.607087,121.167911,Cloud to Cloud,6636,13409,8
2026-08-31T05:04:24.672423473Z,19.629037,121.105195,Cloud to Cloud,8389,19780,15
2026-08-31T05:04:24.910885726Z,19.628688,121.15789,Cloud to Cloud,8771,3776,7
2026-08-31T05:04:24.674746498Z,19.652741,121.120168,Cloud to Cloud,9447,3036,9
2026-08-31T05:04:27.525030932Z,17.349498,133.732695,Cloud to Ground,-10663,0,10
2026-08-31T05:04:27.485856191Z,17.344461,133.750501,Cloud to Ground,33371,0,22
2026-08-31T05:04:28.284522569Z,19.119785,116.541789,Cloud to Ground,-45758,0,13
2026-08-31T05:04:28.368060800Z,19.126907,116.533447,Cloud to Cloud,-30282,3000,12
2026-08-31T05:04:28.413804415Z,19.099916,116.535264,Cloud to Ground,-9580,0,6
2026-08-31T05:04:33.208637216Z,19.59342,118.911128,Cloud to Cloud,5349,7683,8
2026-08-31T05:04:34.585239730Z,4.900224,113.770315,Cloud to Ground,-14933,0,13
2026-08-31T05:04:35.213684816Z,19.726341,121.143855,Cloud to Cloud,8504,19077,8
2026-08-31T05:04:36.392185632Z,17.81595,114.61983,Cloud to Cloud,8981,3025,9
2026-08-31T05:04:36.393143302Z,17.818474,114.619202,Cloud to Ground,31542,0,14
2026-08-31T05:04:36.687768997Z,18.518913,115.057209,Cloud to Cloud,7501,3021,7
2026-08-31T05:04:36.686586455Z,18.529364,114.968572,Cloud to Cloud,21911,3070,8
2026-08-31T05:04:37.424209346Z,13.580945,134.362835,Cloud to Ground,-16559,0,10
2026-08-31T05:04:37.421612967Z,13.629864,134.331159,Cloud to Cloud,-15423,7914,16
2026-08-31T05:04:37.730096852Z,13.523363,134.320627,Cloud to Cloud,-15111,3089,12
2026-08-31T05:04:42.057080582Z,16.452893,129.167682,Cloud to Cloud,-11600,14213,8
2026-08-31T05:04:42.447808588Z,16.458081,129.205649,Cloud to Cloud,-8448,6124,5
2026-08-31T05:04:42.324905319Z,16.399549,129.145439,Cloud to Cloud,-6849,3030,7
2026-08-31T05:04:42.089692562Z,16.384548,129.160971,Cloud to Cloud,11296,3081,8
2026-08-31T05:04:43.908478406Z,15.420646,132.213693,Cloud to Ground,-61969,0,13
2026-08-31T05:04:43.909179365Z,15.435903,132.194281,Cloud to Cloud,-24959,10882,11
2026-08-31T05:04:43.914101255Z,15.425566,132.213942,Cloud to Ground,-12222,0,11
2026-08-31T05:04:43.906801670Z,15.440085,132.198887,Cloud to Ground,-11149,0,6
2026-08-31T05:04:44.247425429Z,15.464018,132.199601,Cloud to Ground,-8539,0,6
2026-08-31T05:04:44.319521262Z,15.428286,132.24332,Cloud to Cloud,-6900,4712,11
2026-08-31T05:04:43.946196714Z,15.409413,132.218319,Cloud to Ground,23996,0,13
2026-08-31T05:04:44.427414764Z,15.491999,132.155758,Cloud to Ground,64118,0,12
2026-08-31T05:04:46.700817198Z,16.243689,130.030489,Cloud to Cloud,-6382,4988,7
2026-08-31T05:04:51.835103110Z,16.629071,128.690267,Cloud to Ground,-21659,0,13
2026-08-31T05:04:51.904086733Z,16.654374,128.731329,Cloud to Ground,-19298,0,18
2026-08-31T05:04:51.926018527Z,16.611781,128.8139,Cloud to Cloud,9305,6674,11
2026-08-31T05:04:56.262786254Z,16.293672,129.935312,Cloud to Cloud,11193,10441,10
2026-08-31T05:04:56.781430395Z,17.368108,112.534005,Cloud to Cloud,-24182,6005,15
2026-08-31T05:04:56.764917341Z,17.370402,112.468925,Cloud to Ground,25780,0,10
2026-08-31T05:04:56.765525488Z,17.354736,112.52457,Cloud to Cloud,25875,19457,8
2026-08-31T05:05:03.072271311Z,15.076527,133.387616,Cloud to Ground,-100058,0,16
2026-08-31T05:05:03.075206148Z,15.108541,133.339011,Cloud to Ground,-30008,0,13
2026-08-31T05:05:03.496743754Z,15.078112,133.390747,Cloud to Ground,-12369,0,6
2026-08-31T05:05:03.092329158Z,15.130904,133.297272,Cloud to Cloud,-12282,5609,13
2026-08-31T05:05:03.502227729Z,14.992818,133.390768,Cloud to Ground,-12177,0,10
2026-08-31T05:05:03.092793360Z,15.129317,133.293708,Cloud to Cloud,-11123,3189,13
2026-08-31T05:05:03.577595000Z,15.0862,133.3228,Cloud to Ground,-7650,0,5
2026-08-31T05:05:05.391321915Z,17.346986,133.978953,Cloud to Ground,-14676,0,13
2026-08-31T05:05:05.386816600Z,17.346939,133.968861,Cloud to Cloud,-14439,12288,12
2026-08-31T05:05:05.414682367Z,17.340396,133.970061,Cloud to Ground,-13318,0,15
2026-08-31T05:05:05.388355491Z,17.344139,133.966146,Cloud to Ground,-8107,0,8
2026-08-31T05:05:05.419046346Z,17.355829,133.954539,Cloud to Ground,-7049,0,6
2026-08-31T05:05:05.387329988Z,17.337154,133.978476,Cloud to Ground,50979,0,16
2026-08-31T05:05:06.707833094Z,17.359754,133.730704,Cloud to Ground,11011,0,8
2026-08-31T05:05:06.681735076Z,17.36288,133.726106,Cloud to Ground,38038,0,15
2026-08-31T05:05:07.988720784Z,16.210573,130.049812,Cloud to Cloud,-13859,3013,9
2026-08-31T05:05:07.986821197Z,16.219016,130.066218,Cloud to Ground,47057,0,13
2026-08-31T05:05:08.032394167Z,16.505303,129.409003,Cloud to Cloud,11044,3055,9
2026-08-31T05:05:08.001934169Z,16.503761,129.38972,Cloud to Cloud,12822,11221,8
2026-08-31T05:05:07.930685813Z,16.51766,129.386002,Cloud to Ground,17759,0,13
2026-08-31T05:05:08.000314000Z,16.7042,129.276,Cloud to Ground,-20439,0,5
2026-08-31T05:05:09.141973681Z,19.102687,116.519062,Cloud to Cloud,8147,3005,7
2026-08-31T05:05:10.996298186Z,13.600678,134.353435,Cloud to Ground,-18673,0,13
2026-08-31T05:05:11.021808963Z,13.630534,134.359657,Cloud to Ground,-11342,0,13
2026-08-31T05:05:10.954532537Z,13.572908,134.224582,Cloud to Ground,-10873,0,14
2026-08-31T05:05:10.169030354Z,16.573403,128.827759,Cloud to Cloud,-6630,4612,8
2026-08-31T05:05:10.186459372Z,16.571724,128.690293,Cloud to Cloud,-9565,3019,10
2026-08-31T05:05:17.756079294Z,16.457274,129.039505,Cloud to Ground,-17334,0,22
2026-08-31T05:05:17.571990489Z,16.444553,129.224802,Cloud to Cloud,-21009,5677,11
2026-08-31T05:05:17.375748159Z,16.444467,129.185775,Cloud to Ground,-20746,0,15
2026-08-31T05:05:17.351880013Z,16.419396,129.229698,Cloud to Ground,-16402,0,10
2026-08-31T05:05:17.455008288Z,16.517697,129.162462,Cloud to Cloud,-14470,17862,21
2026-08-31T05:05:17.718770063Z,16.419301,129.209887,Cloud to Ground,11716,0,7
2026-08-31T05:05:17.781718260Z,16.415525,129.216812,Cloud to Ground,14721,0,12
2026-08-31T05:05:17.494368313Z,16.463853,129.222082,Cloud to Cloud,27090,18180,13
2026-08-31T05:05:22.506279935Z,15.48049,132.379804,Cloud to Ground,-30421,0,13
2026-08-31T05:05:22.500044503Z,15.546271,132.348061,Cloud to Ground,-18293,0,14
2026-08-31T05:05:22.512411857Z,15.512419,132.34034,Cloud to Ground,-15381,0,7
2026-08-31T05:05:23.037531311Z,15.568907,132.376508,Cloud to Ground,13514,0,12
2026-08-31T05:05:22.536981916Z,15.468068,132.383964,Cloud to Ground,14664,0,7
2026-08-31T05:05:22.499455698Z,15.476964,132.386563,Cloud to Ground,28361,0,19
2026-08-31T05:05:22.388654456Z,15.127725,133.3942,Cloud to Ground,12022,0,11
2026-08-31T05:05:22.251374502Z,15.177125,133.389203,Cloud to Ground,12484,0,14
2026-08-31T05:05:22.452859524Z,15.118591,133.414917,Cloud to Ground,18218,0,9
2026-08-31T05:05:22.326585536Z,15.108136,133.452799,Cloud to Ground,38858,0,19
2026-08-31T05:05:22.479044435Z,15.108153,133.461015,Cloud to Ground,41775,0,13
2026-08-31T05:05:22.392296495Z,15.104443,133.422269,Cloud to Ground,57144,0,14
2026-08-31T05:05:22.552212619Z,15.114126,133.45177,Cloud to Ground,57154,0,15
2026-08-31T05:05:22.268990921Z,15.106265,133.434893,Cloud to Ground,61716,0,17
2026-08-31T05:05:22.682672349Z,15.115187,133.451606,Cloud to Ground,80348,0,16
2026-08-31T05:05:25.254299120Z,16.596242,128.835612,Cloud to Cloud,7575,7401,13
2026-08-31T05:05:25.108878059Z,16.606943,128.6729,Cloud to Ground,-16803,0,22
2026-08-31T05:05:25.218786661Z,16.632778,128.666421,Cloud to Ground,-13973,0,12
2026-08-31T05:05:25.522646227Z,15.513961,132.641233,Cloud to Cloud,-16011,7604,9
2026-08-31T05:05:25.532148555Z,15.536656,132.633965,Cloud to Cloud,7525,14584,8
2026-08-31T05:05:25.521949197Z,15.54566,132.634275,Cloud to Ground,8974,0,10
2026-08-31T05:05:26.088961583Z,15.589612,132.653389,Cloud to Ground,13824,0,10
2026-08-31T05:05:26.048603755Z,15.574594,132.657749,Cloud to Ground,40656,0,17
2026-08-31T05:05:28.908343096Z,19.699799,121.129515,Cloud to Cloud,6065,13106,7
2026-08-31T05:05:28.906936438Z,19.622734,121.108921,Cloud to Cloud,10689,19073,7
2026-08-31T05:05:29.533158210Z,16.259106,129.833918,Cloud to Cloud,-19902,16710,7
2026-08-31T05:05:30.010625142Z,16.276639,129.919702,Cloud to Cloud,-10332,14886,12
2026-08-31T05:05:30.033022937Z,16.239912,129.846842,Cloud to Cloud,-8937,3685,8
2026-08-31T05:05:30.227708950Z,4.839686,113.815864,Cloud to Ground,-26152,0,21
2026-08-31T05:05:31.169563446Z,16.555622,128.811278,Cloud to Ground,-6045,0,6
2026-08-31T05:05:31.150598110Z,16.573773,128.842091,Cloud to Cloud,17835,17718,9
2026-08-31T05:05:31.240771893Z,16.468979,128.862547,Cloud to Cloud,-9278,6329,8
2026-08-31T05:05:35.533526067Z,17.912435,113.610581,Cloud to Ground,-13798,0,8
2026-08-31T05:05:35.520053508Z,17.892541,113.580404,Cloud to Cloud,10988,19239,8
2026-08-31T05:05:35.520588591Z,17.90248,113.58619,Cloud to Ground,17744,0,8
2026-08-31T05:05:35.552549082Z,17.903191,113.591447,Cloud to Ground,22704,0,8
2026-08-31T05:05:35.521615131Z,17.898959,113.50493,Cloud to Ground,25613,0,14
2026-08-31T05:05:37.715652411Z,19.845762,119.348618,Cloud to Ground,-9940,0,7
2026-08-31T05:05:37.891910904Z,19.841407,119.346284,Cloud to Cloud,16381,16883,6
2026-08-31T05:05:38.584153000Z,19.0489,116.1258,Cloud to Ground,-16784,0,6
2026-08-31T05:05:41.113584594Z,17.275634,134.40694,Cloud to Ground,42323,0,16
2026-08-31T05:05:43.678631310Z,16.564143,128.846439,Cloud to Ground,22308,0,14
2026-08-31T05:05:43.549478000Z,16.58,128.9515,Cloud to Ground,23606,0,6
2026-08-31T05:05:48.915326664Z,13.632791,134.345847,Cloud to Cloud,-11543,3659,9
2026-08-31T05:05:50.715729107Z,17.339708,133.743937,Cloud to Cloud,11336,3117,11
2026-08-31T05:05:50.992418942Z,17.338203,133.743859,Cloud to Ground,46192,0,18
2026-08-31T05:05:50.687440865Z,17.325986,133.753248,Cloud to Ground,68085,0,18
2026-08-31T05:05:50.273471177Z,19.529929,117.780687,Cloud to Cloud,19456,18865,9
2026-08-31T05:05:50.271895494Z,19.539952,117.77078,Cloud to Ground,19819,0,12
2026-08-31T05:05:51.417043940Z,6.682286,115.908622,Cloud to Ground,-21763,0,10
2026-08-31T05:05:51.572877442Z,6.618201,115.907874,Cloud to Ground,-14058,0,23
2026-08-31T05:05:51.417650158Z,6.701604,115.9285,Cloud to Ground,-10876,0,11
2026-08-31T05:05:56.241060751Z,22.421478,113.326354,Cloud to Cloud,-18897,15858,12
2026-08-31T05:05:56.212310127Z,22.395472,113.330439,Cloud to Cloud,17278,3028,12
2026-08-31T05:05:57.852712385Z,15.202407,133.5876,Cloud to Ground,-12341,0,7
2026-08-31T05:05:57.853424044Z,15.19541,133.592067,Cloud to Ground,13241,0,14
2026-08-31T05:05:59.922132468Z,16.551502,128.834017,Cloud to Cloud,-6396,16781,8
2026-08-31T05:06:00.277317673Z,16.532716,128.810625,Cloud to Cloud,-4902,5595,7
2026-08-31T05:05:59.883646868Z,16.568441,128.842027,Cloud to Cloud,9127,17604,8
2026-08-31T05:06:06.620116354Z,15.128926,133.264705,Cloud to Ground,15323,0,10
2026-08-31T05:06:06.479062200Z,15.103542,133.418102,Cloud to Ground,-40942,0,14
2026-08-31T05:06:06.677522296Z,15.12016,133.418094,Cloud to Ground,8548,0,12
2026-08-31T05:06:06.678150431Z,15.102814,133.40918,Cloud to Ground,18993,0,10
2026-08-31T05:06:06.643136251Z,15.105961,133.421103,Cloud to Ground,28119,0,15
2026-08-31T05:06:06.588290876Z,15.103094,133.426828,Cloud to Ground,64382,0,21
2026-08-31T05:06:08.957881857Z,18.082141,114.790972,Cloud to Cloud,-18412,4315,11
2026-08-31T05:06:08.957103270Z,18.09567,114.796758,Cloud to Cloud,-14708,17946,11
2026-08-31T05:06:08.961849498Z,18.104909,114.783742,Cloud to Cloud,-11657,5774,8
2026-08-31T05:06:08.956445821Z,18.099121,114.78107,Cloud to Ground,23707,0,8
2026-08-31T05:06:09.974102064Z,16.313493,129.978719,Cloud to Cloud,-9613,7013,11
2026-08-31T05:06:09.533123828Z,13.477324,134.557602,Cloud to Ground,-200315,0,23
2026-08-31T05:06:09.464386672Z,13.536183,134.445257,Cloud to Ground,-15274,0,12
2026-08-31T05:06:09.463333693Z,13.485168,134.443062,Cloud to Ground,-12490,0,22
2026-08-31T05:06:09.502518142Z,13.500025,134.548568,Cloud to Ground,-12127,0,10
2026-08-31T05:06:09.476645948Z,13.541344,134.511597,Cloud to Ground,-8616,0,12
2026-08-31T05:06:10.176123194Z,13.317839,134.670715,Cloud to Ground,-11562,0,21
2026-08-31T05:06:09.974762305Z,16.314659,130.15808,Cloud to Ground,13661,0,18
2026-08-31T05:06:10.029893289Z,16.284361,130.109253,Cloud to Ground,15322,0,12
2026-08-31T05:06:09.975285789Z,16.323951,130.142713,Cloud to Cloud,21259,6579,13
2026-08-31T05:06:11.493385178Z,14.149252,133.504204,Cloud to Ground,-8866,0,14
2026-08-31T05:06:11.489912330Z,14.168503,133.597932,Cloud to Cloud,-16791,3028,12
2026-08-31T05:06:11.492574269Z,14.142068,133.612984,Cloud to Ground,-14402,0,15
2026-08-31T05:06:12.328175331Z,19.643041,121.274248,Cloud to Cloud,-6967,19247,7
2026-08-31T05:06:12.345668039Z,19.671818,121.286454,Cloud to Cloud,6097,14312,9
2026-08-31T05:06:12.802552784Z,19.642734,121.244608,Cloud to Cloud,6707,12032,6
2026-08-31T05:06:12.765240395Z,19.660869,121.278305,Cloud to Cloud,8652,9787,6
2026-08-31T05:06:13.770918519Z,16.5534,129.311072,Cloud to Cloud,-43883,19865,17
2026-08-31T05:06:14.099890685Z,16.496112,129.369279,Cloud to Cloud,-28162,17815,18
2026-08-31T05:06:13.803199796Z,16.514546,129.401882,Cloud to Ground,-18209,0,10
2026-08-31T05:06:14.311443423Z,16.514907,129.224801,Cloud to Ground,-17335,0,14
2026-08-31T05:06:13.867182032Z,16.492739,129.36522,Cloud to Ground,-15417,0,11
2026-08-31T05:06:13.822803373Z,16.527801,129.227018,Cloud to Ground,-12505,0,14
2026-08-31T05:06:14.102454659Z,16.557669,129.373663,Cloud to Cloud,8368,3279,7
2026-08-31T05:06:14.150975133Z,16.50124,129.400896,Cloud to Cloud,9189,7748,9
2026-08-31T05:06:14.101573336Z,16.492539,129.37213,Cloud to Ground,9972,0,11
2026-08-31T05:06:14.552808299Z,16.502284,129.392907,Cloud to Cloud,10073,14982,9
2026-08-31T05:06:13.785519993Z,16.50195,129.415083,Cloud to Cloud,10325,7881,8
2026-08-31T05:06:13.916454027Z,16.510089,129.397876,Cloud to Ground,61471,0,12
2026-08-31T05:06:13.984667000Z,16.7052,129.3423,Cloud to Ground,9175,0,7
2026-08-31T05:06:18.953523602Z,17.349115,133.988408,Cloud to Ground,-10336,0,12
2026-08-31T05:06:19.004906843Z,17.321634,133.979566,Cloud to Ground,9379,0,5
2026-08-31T05:06:18.886807481Z,22.211774,113.342127,Cloud to Cloud,-11820,19430,10
2026-08-31T05:06:18.889096214Z,22.197789,113.355285,Cloud to Cloud,-11753,6193,7
2026-08-31T05:06:20.778538390Z,17.537636,119.436977,Cloud to Ground,-27274,0,16
2026-08-31T05:06:20.051076086Z,16.588916,129.027968,Cloud to Cloud,16397,3033,8
2026-08-31T05:06:27.250341384Z,11.208791,113.862579,Cloud to Ground,-29425,0,11
2026-08-31T05:06:27.170223135Z,11.063195,113.814691,Cloud to Ground,17560,0,7
2026-08-31T05:06:28.099910660Z,15.030476,133.032152,Cloud to Ground,-11381,0,6
2026-08-31T05:06:28.078423512Z,14.9541,133.20034,Cloud to Ground,-27104,0,8
2026-08-31T05:06:28.074597560Z,15.061128,133.130904,Cloud to Ground,-14133,0,12
2026-08-31T05:06:30.020196052Z,16.538448,128.846066,Cloud to Cloud,19657,3761,10
2026-08-31T05:06:29.997514549Z,16.562044,128.884408,Cloud to Ground,23154,0,14
2026-08-31T05:06:30.004861588Z,16.538855,128.738597,Cloud to Cloud,10353,6528,11
2026-08-31T05:06:31.707093000Z,17.366784,133.759231,Cloud to Cloud,9061,6574,5
2026-08-31T05:06:31.661569810Z,17.371521,133.751376,Cloud to Ground,10659,0,12
2026-08-31T05:06:31.560040875Z,17.359433,133.762466,Cloud to Ground,52567,0,17
2026-08-31T05:06:31.415556158Z,17.374459,133.757491,Cloud to Ground,52930,0,16
2026-08-31T05:06:31.662494344Z,17.33675,133.656539,Cloud to Ground,-12942,0,9
2026-08-31T05:06:33.177570887Z,16.473469,129.229515,Cloud to Cloud,-10917,3704,7
2026-08-31T05:06:33.282848651Z,16.497418,129.247038,Cloud to Cloud,-10211,6446,11
2026-08-31T05:06:33.165071892Z,16.502759,129.226063,Cloud to Cloud,-8148,3000,10
2026-08-31T05:06:33.151886503Z,16.471363,129.232223,Cloud to Ground,17047,0,10
2026-08-31T05:06:40.711399025Z,19.632533,121.126771,Cloud to Ground,-17562,0,10
2026-08-31T05:06:40.644786276Z,19.633785,121.141563,Cloud to Ground,-16458,0,8
2026-08-31T05:06:40.336703265Z,19.626144,121.12828,Cloud to Ground,-15224,0,11
2026-08-31T05:06:40.424613000Z,19.6495,121.1392,Cloud to Ground,-3988,0,10
2026-08-31T05:06:40.314784000Z,19.6634,121.126,Cloud to Ground,4276,0,5
2026-08-31T05:06:42.656001152Z,15.498276,132.512226,Cloud to Ground,-12133,0,11
2026-08-31T05:06:42.649630452Z,15.454462,132.555827,Cloud to Ground,23613,0,10
2026-08-31T05:06:42.649035861Z,15.456749,132.569211,Cloud to Ground,53473,0,13
2026-08-31T05:06:42.096370000Z,8.0887,116.286,Cloud to Ground,29600,0,6
2026-08-31T05:06:43.272382287Z,15.185348,133.364625,Cloud to Cloud,-26674,3157,18
2026-08-31T05:06:43.328337268Z,15.176417,133.34398,Cloud to Ground,-12590,0,10
2026-08-31T05:06:43.906168454Z,15.129541,133.422358,Cloud to Ground,15865,0,12
2026-08-31T05:06:43.691351412Z,15.09639,133.434063,Cloud to Ground,19923,0,12
2026-08-31T05:06:43.628825102Z,15.118839,133.436781,Cloud to Ground,66943,0,19
2026-08-31T05:06:43.808601000Z,15.0807,133.335,Cloud to Ground,19620,0,5
2026-08-31T05:06:44.964113100Z,16.531084,129.399618,Cloud to Cloud,-7831,9047,9
2026-08-31T05:06:45.122437899Z,16.452469,129.425447,Cloud to Ground,26530,0,12
2026-08-31T05:06:44.962976428Z,16.499057,129.423149,Cloud to Ground,30909,0,13
2026-08-31T05:06:45.183442045Z,15.572792,121.007622,Cloud to Cloud,7937,3008,8
2026-08-31T05:06:46.046447354Z,6.615344,115.90109,Cloud to Cloud,11211,6077,7
2026-08-31T05:06:46.441076364Z,4.943369,113.769261,Cloud to Ground,-17037,0,8
2026-08-31T05:06:50.321296631Z,13.648744,134.368354,Cloud to Ground,-10447,0,10
2026-08-31T05:06:50.280612152Z,13.582281,134.408569,Cloud to Ground,43738,0,18
2026-08-31T05:06:53.639161353Z,19.642366,118.989217,Cloud to Cloud,7182,9987,6
2026-08-31T05:06:54.072914034Z,19.645357,121.298465,Cloud to Ground,-15142,0,10
2026-08-31T05:06:54.096829819Z,19.647532,121.307468,Cloud to Ground,-7993,0,8
2026-08-31T05:06:54.030893920Z,19.651576,121.36294,Cloud to Cloud,-7298,3025,7
2026-08-31T05:06:56.291182462Z,4.965952,113.805659,Cloud to Cloud,-8459,4150,14
2026-08-31T05:06:57.821638807Z,16.246005,130.043186,Cloud to Cloud,-9407,3067,8
2026-08-31T05:06:57.813543007Z,16.236833,130.091294,Cloud to Ground,7893,0,12
2026-08-31T05:06:57.811732135Z,16.151228,130.110943,Cloud to Cloud,10787,5299,11
2026-08-31T05:06:57.715748311Z,16.591807,128.819703,Cloud to Cloud,7764,4977,7
2026-08-31T05:06:57.743383773Z,16.51664,128.870369,Cloud to Ground,18748,0,13
2026-08-31T05:07:03.379010984Z,4.857911,113.783605,Cloud to Cloud,-9060,9762,6
2026-08-31T05:07:03.358129715Z,4.864423,113.775949,Cloud to Cloud,-8772,16562,6
2026-08-31T05:07:03.252418881Z,4.944642,113.822976,Cloud to Cloud,13294,3091,8
2026-08-31T05:07:03.375683764Z,4.873801,113.797679,Cloud to Ground,18048,0,8
2026-08-31T05:07:03.251000598Z,4.869362,113.820568,Cloud to Ground,30608,0,13
2026-08-31T05:07:05.233458579Z,22.350712,114.013987,Cloud to Cloud,9118,14600,7
2026-08-31T05:07:06.859564658Z,16.035036,131.206029,Cloud to Cloud,-28375,13492,19
2026-08-31T05:07:06.862603937Z,15.953946,131.291466,Cloud to Ground,-17516,0,11
2026-08-31T05:07:06.149865757Z,19.028152,116.193642,Cloud to Cloud,-31890,19330,12
2026-08-31T05:07:06.196455866Z,19.035738,116.190606,Cloud to Ground,-7875,0,6
2026-08-31T05:07:06.195028723Z,19.013253,116.166356,Cloud to Cloud,-7315,3779,6
2026-08-31T05:07:11.359050177Z,18.582558,115.103497,Cloud to Ground,-9518,0,8
2026-08-31T05:07:10.894470180Z,18.592244,115.095816,Cloud to Cloud,-6976,12655,6
2026-08-31T05:07:10.885022505Z,18.578745,115.093607,Cloud to Ground,24349,0,9
2026-08-31T05:07:11.124726049Z,4.97688,113.682757,Cloud to Ground,-11536,0,16
2026-08-31T05:07:12.496961070Z,17.957436,113.969379,Cloud to Cloud,-9245,5389,7
2026-08-31T05:07:12.484487827Z,17.930351,113.877981,Cloud to Cloud,8432,18861,9
2026-08-31T05:07:12.511958605Z,17.925858,114.003766,Cloud to Cloud,8890,3017,7
2026-08-31T05:07:12.482595197Z,17.931472,113.854665,Cloud to Ground,18894,0,10
2026-08-31T05:07:12.593948779Z,17.918979,113.919645,Cloud to Ground,44936,0,16
2026-08-31T05:07:15.677621667Z,15.119772,133.440876,Cloud to Cloud,-12963,16706,14
2026-08-31T05:07:16.512033791Z,15.107492,133.438878,Cloud to Ground,15950,0,16
2026-08-31T05:07:16.386090648Z,15.134378,133.420114,Cloud to Ground,21039,0,14
2026-08-31T05:07:15.981714136Z,15.105571,133.43533,Cloud to Ground,31791,0,13
2026-08-31T05:07:15.895924727Z,15.124454,133.428289,Cloud to Ground,42672,0,18
2026-08-31T05:07:15.942257775Z,15.110717,133.431007,Cloud to Ground,48024,0,19
2026-08-31T05:07:15.712568874Z,15.115007,133.432476,Cloud to Ground,49924,0,20
2026-08-31T05:07:15.772416495Z,15.112672,133.436459,Cloud to Ground,84873,0,20
2026-08-31T05:07:15.653742621Z,15.114556,133.435165,Cloud to Ground,86453,0,21
2026-08-31T05:07:18.177568420Z,17.378267,133.760382,Cloud to Ground,20238,0,16
2026-08-31T05:07:17.863431442Z,17.367142,133.775791,Cloud to Ground,58320,0,16
2026-08-31T05:07:18.201551339Z,15.609083,121.015978,Cloud to Cloud,8485,15831,10
2026-08-31T05:07:19.630371508Z,16.58316,130.429926,Cloud to Ground,25905,0,16
2026-08-31T05:07:20.625747517Z,8.268991,116.446623,Cloud to Cloud,-12581,12705,10
2026-08-31T05:07:20.624174584Z,8.21943,116.441277,Cloud to Cloud,-9775,16927,6
2026-08-31T05:07:20.651156693Z,8.253276,116.444044,Cloud to Cloud,15679,7419,11
2026-08-31T05:07:23.370292365Z,16.256188,129.989516,Cloud to Cloud,-20215,3006,13
2026-08-31T05:07:23.795482210Z,16.263807,130.002009,Cloud to Cloud,-11896,8323,7
2026-08-31T05:07:23.027540585Z,17.753232,114.372046,Cloud to Cloud,-32117,3143,12
2026-08-31T05:07:23.049681321Z,17.649454,114.340703,Cloud to Ground,13255,0,8
2026-08-31T05:07:23.030291463Z,17.730225,114.382902,Cloud to Cloud,15955,4692,9
2026-08-31T05:07:23.171531483Z,17.734221,114.392142,Cloud to Ground,27086,0,13
2026-08-31T05:07:24.477464561Z,15.397392,132.595882,Cloud to Cloud,9347,7920,8
2026-08-31T05:07:24.470067702Z,16.514624,129.182749,Cloud to Cloud,-13478,7856,12
2026-08-31T05:07:24.971272407Z,16.48885,129.261665,Cloud to Ground,-12021,0,9
2026-08-31T05:07:24.450486893Z,16.45061,129.235981,Cloud to Ground,16228,0,13
2026-08-31T05:07:24.448509291Z,16.468736,129.097247,Cloud to Cloud,15230,6544,9
2026-08-31T05:07:24.482678813Z,16.436858,129.119375,Cloud to Ground,16925,0,17
2026-08-31T05:07:24.682503994Z,16.577066,128.844803,Cloud to Ground,-23291,0,13
2026-08-31T05:07:24.758164749Z,16.612749,128.850075,Cloud to Ground,-13561,0,7
2026-08-31T05:07:24.704486354Z,16.57261,128.861161,Cloud to Cloud,-12202,3026,9
2026-08-31T05:07:24.780806628Z,16.583983,128.860505,Cloud to Ground,22558,0,12
2026-08-31T05:07:29.557588959Z,17.897008,113.618663,Cloud to Cloud,-10328,7013,8
2026-08-31T05:07:29.831167420Z,17.883656,113.514784,Cloud to Ground,19403,0,6
2026-08-31T05:07:29.554908944Z,17.899251,113.537792,Cloud to Ground,21361,0,9
2026-08-31T05:07:29.554035842Z,17.904075,113.603258,Cloud to Ground,24756,0,12
2026-08-31T05:07:29.671265085Z,17.897613,113.509199,Cloud to Ground,25721,0,9
2026-08-31T05:07:36.314621479Z,15.078214,133.12735,Cloud to Ground,-15352,0,19
2026-08-31T05:07:38.528959894Z,13.583654,134.388342,Cloud to Ground,-14898,0,13
2026-08-31T05:07:38.567878082Z,13.632608,134.324199,Cloud to Ground,-12264,0,12
2026-08-31T05:07:38.532693029Z,13.601516,134.326867,Cloud to Ground,-12086,0,7
2026-08-31T05:07:38.533888057Z,13.630451,134.334031,Cloud to Cloud,-10693,6641,10
2026-08-31T05:07:38.531612693Z,13.577658,134.384585,Cloud to Ground,13768,0,12
2026-08-31T05:07:38.841964001Z,16.602171,128.836363,Cloud to Cloud,6476,3017,7
2026-08-31T05:07:41.456387823Z,19.137091,116.568312,Cloud to Ground,-70908,0,13
2026-08-31T05:07:42.764396111Z,15.119197,133.460439,Cloud to Ground,11817,0,10
2026-08-31T05:07:42.955189213Z,15.120604,133.458456,Cloud to Ground,12521,0,13
2026-08-31T05:07:42.172059161Z,15.105905,133.466045,Cloud to Ground,18791,0,11
2026-08-31T05:07:42.385668015Z,15.11588,133.459301,Cloud to Ground,22931,0,11
2026-08-31T05:07:42.489047214Z,15.108767,133.46492,Cloud to Ground,23747,0,12
2026-08-31T05:07:42.264250012Z,15.108772,133.46955,Cloud to Ground,32269,0,17
2026-08-31T05:07:42.438008963Z,15.11791,133.462544,Cloud to Ground,36979,0,14
2026-08-31T05:07:42.223569545Z,15.105997,133.460479,Cloud to Ground,38152,0,19
2026-08-31T05:07:42.067819532Z,15.125269,133.456079,Cloud to Ground,40698,0,13
2026-08-31T05:07:42.142240759Z,15.115037,133.460405,Cloud to Ground,43081,0,15
2026-08-31T05:07:42.017943226Z,15.102602,133.46905,Cloud to Ground,51354,0,17
2026-08-31T05:07:42.335236115Z,15.110896,133.467212,Cloud to Ground,58059,0,18
2026-08-31T05:07:43.714237314Z,16.469666,129.426046,Cloud to Ground,18742,0,14
2026-08-31T05:07:46.788378335Z,19.652391,121.313902,Cloud to Ground,-32920,0,14
2026-08-31T05:07:47.666815054Z,16.621049,129.034173,Cloud to Cloud,7729,3010,6
2026-08-31T05:07:47.674760981Z,16.635776,129.044413,Cloud to Cloud,10287,3004,10
2026-08-31T05:07:53.037755652Z,19.727369,121.163531,Cloud to Cloud,7082,14574,9
2026-08-31T05:07:53.012860159Z,19.629256,121.129687,Cloud to Cloud,7186,19407,8
2026-08-31T05:07:56.522067331Z,16.575358,128.695117,Cloud to Ground,-27956,0,24
2026-08-31T05:07:59.771312203Z,4.744381,113.658853,Cloud to Ground,23983,0,16
2026-08-31T05:07:59.575343712Z,4.955903,113.81979,Cloud to Cloud,24949,3160,6
2026-08-31T05:08:01.567897648Z,15.113139,133.426482,Cloud to Ground,12814,0,14
2026-08-31T05:08:01.654518806Z,15.124683,133.39709,Cloud to Ground,14917,0,9
2026-08-31T05:08:01.484297990Z,15.116829,133.43081,Cloud to Ground,45664,0,12
2026-08-31T05:08:02.836069550Z,13.71376,133.972746,Cloud to Ground,22226,0,19
2026-08-31T05:08:06.320164189Z,16.165293,129.975735,Cloud to Cloud,9740,6589,7
2026-08-31T05:08:07.665432853Z,17.361913,133.778164,Cloud to Ground,7170,0,14
2026-08-31T05:08:07.762885938Z,17.371777,133.773321,Cloud to Ground,8804,0,14
2026-08-31T05:08:07.731341637Z,17.36619,133.778006,Cloud to Ground,29067,0,18
2026-08-31T05:08:07.659226941Z,17.364246,133.784043,Cloud to Ground,35330,0,17
2026-08-31T05:08:10.672949139Z,17.383334,132.09991,Cloud to Ground,-67991,0,22
2026-08-31T05:08:10.675551227Z,17.32125,132.125332,Cloud to Ground,-13176,0,12
2026-08-31T05:08:10.671586306Z,17.327417,132.128671,Cloud to Ground,-12935,0,7
2026-08-31T05:08:10.238685066Z,19.029704,116.218095,Cloud to Cloud,-28293,6724,14
2026-08-31T05:08:10.501124698Z,19.089429,116.161825,Cloud to Cloud,-10061,7063,9
2026-08-31T05:08:10.332543482Z,19.036662,116.20159,Cloud to Ground,-9658,0,7
2026-08-31T05:08:10.499403559Z,19.0515,116.186538,Cloud to Ground,16274,0,10
2026-08-31T05:08:11.214010705Z,4.947522,113.73175,Cloud to Ground,-12056,0,11
2026-08-31T05:08:12.917960083Z,13.613668,134.34147,Cloud to Ground,-11176,0,8
2026-08-31T05:08:13.289700942Z,16.44405,129.243073,Cloud to Cloud,-25385,3011,14
2026-08-31T05:08:13.300895264Z,16.463206,129.259567,Cloud to Cloud,-12947,17257,13
2026-08-31T05:08:13.349507342Z,16.491621,129.257562,Cloud to Cloud,12163,7143,12
2026-08-31T05:08:13.309182625Z,16.47279,129.274182,Cloud to Ground,28237,0,14
2026-08-31T05:08:14.391365944Z,15.657523,120.988854,Cloud to Cloud,11757,3005,11
2026-08-31T05:08:19.329935562Z,17.311325,114.083848,Cloud to Ground,21846,0,7
2026-08-31T05:08:19.375191646Z,17.417431,114.030766,Cloud to Ground,14505,0,8
2026-08-31T05:08:21.970668288Z,13.510956,134.539563,Cloud to Cloud,-11420,3257,16
2026-08-31T05:08:21.938785656Z,13.591649,134.684315,Cloud to Ground,-64672,0,23
2026-08-31T05:08:21.938097058Z,13.578835,134.668181,Cloud to Ground,-25981,0,27
2026-08-31T05:08:21.981460161Z,13.587548,134.679231,Cloud to Ground,-11133,0,13
2026-08-31T05:08:22.061941926Z,13.514161,134.761836,Cloud to Ground,22038,0,14
2026-08-31T05:08:24.662322473Z,16.516135,129.43407,Cloud to Cloud,-12460,16806,9
2026-08-31T05:08:24.387012126Z,16.503131,129.459483,Cloud to Ground,30621,0,12
2026-08-31T05:08:27.590727554Z,19.630326,121.166589,Cloud to Ground,-5167,0,6
2026-08-31T05:08:27.697346532Z,19.679907,121.209744,Cloud to Cloud,8384,8728,8
2026-08-31T05:08:27.502972420Z,19.725064,121.134807,Cloud to Cloud,8436,17305,7
2026-08-31T05:08:27.788110872Z,19.597785,121.187912,Cloud to Cloud,8507,19882,8
2026-08-31T05:08:33.169396382Z,16.525672,128.919933,Cloud to Ground,-13354,0,11
2026-08-31T05:08:33.196913853Z,16.569682,128.816488,Cloud to Cloud,-8240,5168,9
2026-08-31T05:08:33.138894546Z,16.555064,128.897543,Cloud to Cloud,20564,17412,14
2026-08-31T05:08:34.197937352Z,8.342486,116.47103,Cloud to Cloud,-12220,4321,11
2026-08-31T05:08:34.177354796Z,17.336858,134.016535,Cloud to Ground,-11282,0,10
2026-08-31T05:08:37.886632014Z,4.838652,113.798303,Cloud to Cloud,7428,3020,6
2026-08-31T05:08:37.911989161Z,15.251365,133.571221,Cloud to Ground,12350,0,13
2026-08-31T05:08:37.910863901Z,15.179343,133.632642,Cloud to Ground,13483,0,11
2026-08-31T05:08:37.706936251Z,15.386177,132.57597,Cloud to Cloud,-11575,3390,11
2026-08-31T05:08:37.699118707Z,15.417573,132.555635,Cloud to Ground,19219,0,11
2026-08-31T05:08:37.701249688Z,15.418585,132.405613,Cloud to Ground,-9494,0,11
2026-08-31T05:08:37.696461636Z,15.444198,132.38301,Cloud to Ground,12152,0,8
2026-08-31T05:08:38.182685357Z,15.445877,132.66149,Cloud to Ground,-16684,0,9
2026-08-31T05:08:39.405482034Z,22.413383,113.356016,Cloud to Ground,-45433,0,15
2026-08-31T05:08:39.482038544Z,22.418514,113.338709,Cloud to Cloud,-16887,5912,10
2026-08-31T05:08:39.389532644Z,22.395938,113.32223,Cloud to Cloud,-15153,3005,9
2026-08-31T05:08:39.458705196Z,22.412108,113.326483,Cloud to Ground,25922,0,10
2026-08-31T05:08:41.593670758Z,16.425443,129.255144,Cloud to Ground,17113,0,13
2026-08-31T05:08:41.544613576Z,16.426242,129.27044,Cloud to Ground,50504,0,12
2026-08-31T05:08:41.545731252Z,16.433749,129.154393,Cloud to Cloud,21321,3060,9
2026-08-31T05:08:42.765029886Z,16.388544,128.951719,Cloud to Ground,-14224,0,11
2026-08-31T05:08:42.528324868Z,22.203463,113.374014,Cloud to Cloud,-15077,3002,14
2026-08-31T05:08:43.324189101Z,16.061037,131.407553,Cloud to Ground,20570,0,12
2026-08-31T05:08:43.227317327Z,15.040904,133.212798,Cloud to Ground,-19772,0,9
2026-08-31T05:08:43.243284579Z,15.038219,133.226066,Cloud to Ground,-15597,0,19
2026-08-31T05:08:43.230653484Z,15.028237,133.211655,Cloud to Ground,27375,0,15
2026-08-31T05:08:43.347463321Z,15.983577,131.238445,Cloud to Cloud,-12982,12946,8
2026-08-31T05:08:44.302332562Z,15.071295,133.363149,Cloud to Ground,17935,0,15
2026-08-31T05:08:44.890927263Z,17.365548,112.542699,Cloud to Ground,-16280,0,9
2026-08-31T05:08:44.893053242Z,17.359681,112.555516,Cloud to Cloud,-13908,19783,9
2026-08-31T05:08:44.898191446Z,17.366363,112.530514,Cloud to Cloud,-9817,15747,6
2026-08-31T05:08:44.896022753Z,17.371851,112.529071,Cloud to Cloud,-9803,3027,8
2026-08-31T05:08:44.890284875Z,17.368227,112.555971,Cloud to Ground,19094,0,9
2026-08-31T05:08:44.889337397Z,17.386247,112.558809,Cloud to Ground,96301,0,18
2026-08-31T05:08:46.146530630Z,16.527622,128.606924,Cloud to Cloud,-8886,6614,10
2026-08-31T05:08:46.114619792Z,16.466216,128.779219,Cloud to Cloud,21349,6464,10
2026-08-31T05:08:49.096652480Z,15.932643,131.221119,Cloud to Cloud,-10024,18765,14
2026-08-31T05:08:49.095213021Z,15.953036,131.224201,Cloud to Ground,38600,0,14
2026-08-31T05:08:50.480925820Z,15.112379,133.341294,Cloud to Ground,-13183,0,14
2026-08-31T05:08:50.457206741Z,15.136872,133.278463,Cloud to Ground,-11082,0,9
2026-08-31T05:08:52.438890480Z,17.371541,132.606224,Cloud to Ground,-18671,0,14
2026-08-31T05:08:52.001923822Z,17.363497,132.641223,Cloud to Ground,-7657,0,7
2026-08-31T05:08:51.994932300Z,17.363735,132.652258,Cloud to Ground,9025,0,14
2026-08-31T05:08:51.996865840Z,17.350287,132.64772,Cloud to Ground,28887,0,16
2026-08-31T05:08:53.378220427Z,18.622982,115.096411,Cloud to Cloud,-25565,13526,12
2026-08-31T05:08:53.393935580Z,18.586195,115.095528,Cloud to Cloud,-15168,7179,7
2026-08-31T05:08:53.383967493Z,18.601298,115.091648,Cloud to Cloud,-10583,16296,9
2026-08-31T05:08:53.375325789Z,18.620032,115.101343,Cloud to Ground,21762,0,12
2026-08-31T05:08:53.379597169Z,18.601341,115.101943,Cloud to Ground,42050,0,22
2026-08-31T05:08:53.947387028Z,17.916948,113.622544,Cloud to Ground,8349,0,8
2026-08-31T05:08:54.158439572Z,16.563538,130.482192,Cloud to Cloud,-18104,6316,14
2026-08-31T05:08:54.250805989Z,16.551518,130.440079,Cloud to Ground,-14093,0,9
2026-08-31T05:08:54.131025337Z,18.550245,115.069391,Cloud to Ground,17883,0,8
2026-08-31T05:08:54.068612840Z,18.50121,114.871792,Cloud to Cloud,7829,7781,10
2026-08-31T05:08:56.649058240Z,15.132041,133.302103,Cloud to Ground,8425,0,11
2026-08-31T05:08:56.764178489Z,15.136103,133.438491,Cloud to Cloud,9865,3078,10
2026-08-31T05:08:57.146847676Z,15.107818,133.45406,Cloud to Ground,14126,0,10
2026-08-31T05:08:56.888915705Z,15.116647,133.44219,Cloud to Ground,21698,0,14
2026-08-31T05:08:56.958536662Z,15.113434,133.450022,Cloud to Ground,21816,0,15
2026-08-31T05:08:56.761842000Z,15.1182,133.4303,Cloud to Ground,24345,0,6
2026-08-31T05:08:56.827989386Z,15.119886,133.450007,Cloud to Ground,29877,0,14
2026-08-31T05:08:56.374758955Z,15.101548,133.464222,Cloud to Ground,47512,0,24
2026-08-31T05:09:02.708355831Z,16.235419,129.727135,Cloud to Cloud,-23751,17175,25
2026-08-31T05:09:02.686661640Z,16.26806,129.745604,Cloud to Ground,-19436,0,16
2026-08-31T05:09:02.656244794Z,16.321537,129.825006,Cloud to Ground,-24352,0,16
2026-08-31T05:09:02.741330000Z,16.2695,129.9282,Cloud to Ground,30722,0,5
2026-08-31T05:09:04.871215435Z,16.584656,128.739916,Cloud to Cloud,9557,4584,7
2026-08-31T05:09:04.900151461Z,16.456695,128.882474,Cloud to Ground,12790,0,8
2026-08-31T05:09:06.989270222Z,19.5989,117.77458,Cloud to Ground,-16050,0,13
2026-08-31T05:09:06.987188799Z,19.562861,117.868543,Cloud to Cloud,5325,18942,6
2026-08-31T05:09:07.014802482Z,19.53408,117.791108,Cloud to Cloud,11223,3246,6
2026-08-31T05:09:11.922760505Z,4.876761,113.795788,Cloud to Cloud,-10057,7054,6
2026-08-31T05:09:11.836822279Z,4.923483,113.822082,Cloud to Ground,-8498,0,6
2026-08-31T05:09:11.781740699Z,4.849918,113.795685,Cloud to Cloud,16721,5522,17
2026-08-31T05:09:11.891808310Z,4.841906,113.808348,Cloud to Cloud,30325,3634,22
2026-08-31T05:09:14.406235766Z,13.58433,134.388846,Cloud to Ground,-16213,0,16
2026-08-31T05:09:14.469877895Z,13.63051,134.354388,Cloud to Ground,-8501,0,14
2026-08-31T05:09:14.426711140Z,13.610566,134.389211,Cloud to Ground,12843,0,13
2026-08-31T05:09:14.671054803Z,20.252467,114.376384,Cloud to Cloud,-10511,3389,7
2026-08-31T05:09:14.668660847Z,20.298889,114.300975,Cloud to Cloud,-9229,12897,8
2026-08-31T05:09:14.667558767Z,20.27634,114.305269,Cloud to Cloud,13002,4106,9
2026-08-31T05:09:14.666686959Z,20.266691,114.305011,Cloud to Ground,51330,0,11
2026-08-31T05:09:18.691589313Z,16.297458,129.964684,Cloud to Cloud,-9172,3184,9
2026-08-31T05:09:18.435326530Z,16.259017,129.914331,Cloud to Cloud,-8736,11631,10
2026-08-31T05:09:18.885592585Z,16.256048,129.843396,Cloud to Cloud,-5941,12067,7
2026-08-31T05:09:18.783259707Z,16.317092,129.897724,Cloud to Cloud,-5296,17582,8
2026-08-31T05:09:18.247530439Z,16.251483,129.968417,Cloud to Ground,14925,0,12
2026-08-31T05:09:19.931076189Z,22.348769,114.108284,Cloud to Cloud,-11412,12291,8
2026-08-31T05:09:20.010084289Z,22.280609,114.13446,Cloud to Ground,-7885,0,9
2026-08-31T05:09:19.963049531Z,22.252823,114.090037,Cloud to Ground,48083,0,8
2026-08-31T05:09:20.402748369Z,19.062531,116.200689,Cloud to Ground,19172,0,11
2026-08-31T05:09:20.267107000Z,19.0723,116.1723,Cloud to Ground,22906,0,7
2026-08-31T05:09:22.814356670Z,15.062383,133.178752,Cloud to Cloud,-6940,7390,20
2026-08-31T05:09:22.800451357Z,15.00838,133.225225,Cloud to Ground,38225,0,22
2026-08-31T05:09:27.712782653Z,17.865538,114.65186,Cloud to Cloud,-11048,3023,10
2026-08-31T05:09:27.441432973Z,17.870932,114.619049,Cloud to Cloud,-8594,13927,8
2026-08-31T05:09:27.716821690Z,17.869284,114.648668,Cloud to Cloud,-7903,3610,8
2026-08-31T05:09:27.433157579Z,17.873852,114.620669,Cloud to Cloud,-7664,5153,8
2026-08-31T05:09:31.048172361Z,16.611831,129.314416,Cloud to Ground,-18517,0,8
2026-08-31T05:09:30.955482731Z,16.566352,129.313789,Cloud to Ground,82419,0,10
2026-08-31T05:09:31.279786976Z,16.665264,129.417197,Cloud to Cloud,-13205,3223,12
2026-08-31T05:09:31.480432895Z,16.562647,129.15283,Cloud to Ground,-26733,0,22
2026-08-31T05:09:31.091429511Z,16.529625,129.182243,Cloud to Cloud,-9326,3020,10
2026-08-31T05:09:32.893062190Z,16.566539,128.893298,Cloud to Cloud,-12615,3043,9
2026-08-31T05:09:32.910768715Z,16.554355,128.868245,Cloud to Cloud,-11611,12554,13
2026-08-31T05:09:32.895974000Z,16.5784,128.898,Cloud to Ground,6813,0,6
2026-08-31T05:09:35.337094194Z,18.899291,120.941089,Cloud to Ground,-66044,0,19
2026-08-31T05:09:35.336579029Z,18.90036,120.933628,Cloud to Ground,-49868,0,22
2026-08-31T05:09:37.605494455Z,22.32202,113.9217,Cloud to Cloud,8901,5183,10
2026-08-31T05:09:42.195053858Z,17.782559,113.499056,Cloud to Ground,-58543,0,18
2026-08-31T05:09:42.069674916Z,17.767147,113.51758,Cloud to Ground,18943,0,10
2026-08-31T05:09:42.071113447Z,17.767115,113.517864,Cloud to Ground,26869,0,10
2026-08-31T05:09:43.058348115Z,6.548033,115.892793,Cloud to Cloud,-17803,9846,7
2026-08-31T05:09:43.172424930Z,6.613625,115.942857,Cloud to Cloud,12516,14559,9
2026-08-31T05:09:43.636085225Z,16.476032,129.461928,Cloud to Cloud,-6930,6824,8
2026-08-31T05:09:43.231357783Z,16.517955,129.442972,Cloud to Cloud,10342,4757,10
2026-08-31T05:09:47.623135533Z,16.537164,130.443164,Cloud to Cloud,7666,4473,7
2026-08-31T05:09:47.632376161Z,16.555777,130.434744,Cloud to Ground,9897,0,7
2026-08-31T05:09:48.855065480Z,15.3856,132.57099,Cloud to Ground,7803,0,8
2026-08-31T05:09:48.992927560Z,19.661435,121.30096,Cloud to Ground,-43646,0,16
2026-08-31T05:09:48.861612131Z,19.632379,121.335587,Cloud to Ground,-40543,0,12
2026-08-31T05:09:49.215671315Z,19.660417,121.290789,Cloud to Ground,-31386,0,13
2026-08-31T05:09:49.032352221Z,19.657451,121.284054,Cloud to Ground,-24247,0,13
2026-08-31T05:09:48.942716639Z,19.653805,121.276519,Cloud to Ground,-23705,0,14
2026-08-31T05:09:48.924203169Z,19.660329,121.29467,Cloud to Ground,-20915,0,11
2026-08-31T05:09:49.080885972Z,19.626239,121.295496,Cloud to Ground,-19810,0,9
2026-08-31T05:09:48.911437025Z,19.703028,121.257741,Cloud to Cloud,-14807,3531,12
2026-08-31T05:09:49.150103573Z,19.657597,121.287952,Cloud to Ground,-7990,0,8
2026-08-31T05:09:49.092913945Z,19.623672,121.292171,Cloud to Ground,-5495,0,7
2026-08-31T05:09:48.663851000Z,15.4714,119.5683,Cloud to Ground,-5880,0,12
2026-08-31T05:09:49.306477899Z,17.382898,119.489294,Cloud to Cloud,18840,4376,10
2026-08-31T05:09:49.301371891Z,17.559375,119.450571,Cloud to Cloud,16297,18657,8
2026-08-31T05:09:52.256497623Z,13.481523,134.614774,Cloud to Ground,9029,0,11
2026-08-31T05:09:52.517925369Z,13.413393,134.591091,Cloud to Ground,15335,0,9
2026-08-31T05:09:52.187761860Z,13.400758,134.615962,Cloud to Ground,34679,0,11
2026-08-31T05:09:52.506490596Z,13.420842,134.567957,Cloud to Ground,41221,0,17
2026-08-31T05:09:52.481939212Z,13.417945,134.573923,Cloud to Ground,55573,0,19
2026-08-31T05:09:55.751354100Z,13.378771,134.778275,Cloud to Cloud,-24607,6685,20
2026-08-31T05:09:58.483376048Z,16.471121,129.24509,Cloud to Cloud,-13456,3014,7
2026-08-31T05:09:58.499020252Z,16.461579,129.261909,Cloud to Cloud,-10379,13397,13
2026-08-31T05:09:58.515199962Z,16.453013,129.261104,Cloud to Cloud,-7281,18925,9
2026-08-31T05:09:58.471261892Z,16.463766,129.266539,Cloud to Cloud,8214,4585,13
2026-08-31T05:09:59.835177269Z,15.080091,133.229877,Cloud to Ground,-25404,0,20
2026-08-31T05:09:59.626038982Z,15.090184,133.389894,Cloud to Cloud,-47803,19238,15
2026-08-31T05:10:00.652455304Z,15.091814,133.301618,Cloud to Ground,10279,0,11
2026-08-31T05:09:59.682616072Z,15.111459,133.395386,Cloud to Ground,12152,0,9
2026-08-31T05:09:59.870707114Z,15.110466,133.399769,Cloud to Ground,25306,0,15
2026-08-31T05:10:00.513504272Z,15.10974,133.388064,Cloud to Ground,30892,0,15
2026-08-31T05:09:59.772551376Z,15.113211,133.389519,Cloud to Ground,39979,0,16
2026-08-31T05:09:59.674275823Z,15.113965,133.393569,Cloud to Ground,62708,0,22
2026-08-31T05:09:59.739892020Z,15.106137,133.400965,Cloud to Ground,68053,0,24
2026-08-31T05:10:00.207373115Z,15.195151,133.291546,Cloud to Cloud,-10339,3204,13
2026-08-31T05:10:00.790005739Z,16.599697,128.646449,Cloud to Cloud,8632,3060,6
2026-08-31T05:10:02.953415048Z,16.599862,128.90215,Cloud to Ground,15905,0,6
2026-08-31T05:10:09.360881868Z,16.245266,129.881874,Cloud to Cloud,-13158,15854,11
2026-08-31T05:10:09.331352708Z,16.241542,129.911368,Cloud to Ground,27162,0,12
2026-08-31T05:10:09.332707554Z,16.229054,129.912706,Cloud to Ground,39271,0,11
2026-08-31T05:10:15.662188011Z,19.030561,116.214064,Cloud to Cloud,-11025,5043,7
2026-08-31T05:10:15.389693000Z,19.0417,116.1447,Cloud to Ground,9134,0,6
2026-08-31T05:10:15.397096677Z,19.032121,116.118188,Cloud to Ground,18905,0,11
2026-08-31T05:10:16.929593799Z,13.583032,134.425397,Cloud to Cloud,-16719,3020,13
2026-08-31T05:10:16.941511612Z,13.595222,134.405641,Cloud to Ground,-9316,0,5
2026-08-31T05:10:17.133914258Z,13.610908,134.391613,Cloud to Ground,-7983,0,7
2026-08-31T05:10:17.347496567Z,15.023337,133.231111,Cloud to Ground,-13926,0,9
2026-08-31T05:10:17.372034836Z,15.042168,133.152531,Cloud to Cloud,-11472,3211,12
2026-08-31T05:10:17.527893635Z,15.027428,133.220036,Cloud to Ground,-10031,0,10
2026-08-31T05:10:17.349711784Z,15.02213,133.22029,Cloud to Ground,12554,0,8
2026-08-31T05:10:17.374368734Z,15.023387,133.024555,Cloud to Ground,-11294,0,7
2026-08-31T05:10:17.001935931Z,13.716334,133.985532,Cloud to Ground,-19494,0,8
2026-08-31T05:10:23.016295988Z,18.858142,115.056073,Cloud to Cloud,26125,3043,12
2026-08-31T05:10:22.958210379Z,18.826833,115.143846,Cloud to Ground,57722,0,10
2026-08-31T05:10:30.097344492Z,16.318049,130.175309,Cloud to Ground,11276,0,10
2026-08-31T05:10:30.095179191Z,16.231201,130.211573,Cloud to Ground,86862,0,10
2026-08-31T05:10:30.670431802Z,16.490933,129.474092,Cloud to Cloud,12432,11826,11
2026-08-31T05:10:31.416822953Z,16.510709,130.242273,Cloud to Ground,-23243,0,21
2026-08-31T05:10:31.599234110Z,16.532037,130.274978,Cloud to Ground,-8605,0,9
2026-08-31T05:10:31.479622564Z,16.540951,130.442632,Cloud to Ground,-20117,0,14
2026-08-31T05:10:31.507385586Z,16.54679,130.435149,Cloud to Cloud,-18479,6631,16
2026-08-31T05:10:31.503963146Z,16.535759,130.43719,Cloud to Cloud,8083,3065,7
2026-08-31T05:10:31.550448000Z,16.5662,130.3762,Cloud to Ground,37889,0,6
2026-08-31T05:10:32.763570010Z,13.469472,134.616656,Cloud to Ground,-20283,0,25
2026-08-31T05:10:32.659007346Z,13.58184,134.712536,Cloud to Ground,-55275,0,16
2026-08-31T05:10:32.660005465Z,13.536919,134.706442,Cloud to Ground,-30392,0,15
2026-08-31T05:10:32.657233798Z,13.513315,134.739436,Cloud to Cloud,-17546,3339,9
2026-08-31T05:10:32.662500751Z,13.572533,134.670111,Cloud to Ground,-11825,0,12
2026-08-31T05:10:32.669555254Z,13.57479,134.712428,Cloud to Ground,-10179,0,11
2026-08-31T05:10:33.957955697Z,14.023137,134.002562,Cloud to Ground,-31184,0,19
2026-08-31T05:10:33.969374000Z,14.0912,133.987,Cloud to Ground,-18403,0,5
2026-08-31T05:10:33.960312750Z,14.069811,133.900247,Cloud to Ground,-13078,0,12
2026-08-31T05:10:33.956874498Z,14.02975,134.007692,Cloud to Ground,37736,0,15
2026-08-31T05:10:35.709482000Z,18.6358,115.1022,Cloud to Ground,-29749,0,7
2026-08-31T05:10:35.716494606Z,18.602477,115.1254,Cloud to Cloud,-19259,3737,10
2026-08-31T05:10:35.989643001Z,18.615045,115.128766,Cloud to Ground,-16839,0,7
2026-08-31T05:10:35.713878037Z,18.628785,115.109181,Cloud to Cloud,5780,5465,6
2026-08-31T05:10:35.722994153Z,18.604433,115.120079,Cloud to Ground,13385,0,10
2026-08-31T05:10:35.708759300Z,18.613776,115.030883,Cloud to Ground,15908,0,11
2026-08-31T05:10:38.160977285Z,15.449139,132.519213,Cloud to Cloud,-6621,3243,8
2026-08-31T05:10:43.196015331Z,17.918226,113.628355,Cloud to Cloud,-13089,10000,10
2026-08-31T05:10:43.194222362Z,17.9202,113.624739,Cloud to Cloud,-12408,19035,9
2026-08-31T05:10:43.190075517Z,17.913707,113.608769,Cloud to Cloud,9182,19492,7
2026-08-31T05:10:43.388592048Z,17.906683,113.659846,Cloud to Cloud,23248,3253,12
2026-08-31T05:10:45.009203622Z,15.685356,120.997425,Cloud to Ground,-4808,0,7
2026-08-31T05:10:46.900385871Z,19.634529,121.174242,Cloud to Ground,-31319,0,17
2026-08-31T05:10:46.924604265Z,19.677199,121.132451,Cloud to Cloud,6258,9323,6
2026-08-31T05:10:47.028408535Z,19.618002,121.171056,Cloud to Cloud,6376,17365,7
2026-08-31T05:10:46.915737583Z,19.631179,121.181954,Cloud to Cloud,6746,18001,7
2026-08-31T05:10:46.897531231Z,19.638192,121.182096,Cloud to Ground,12372,0,9
2026-08-31T05:10:47.008347233Z,19.690359,121.325917,Cloud to Ground,-6915,0,7
2026-08-31T05:10:47.056110431Z,19.659316,121.298288,Cloud to Cloud,4707,9220,6
2026-08-31T05:10:51.003725241Z,13.453193,134.559418,Cloud to Ground,-11106,0,10
2026-08-31T05:10:51.256066636Z,13.466226,134.56189,Cloud to Ground,11175,0,8
2026-08-31T05:10:52.844690758Z,15.994163,131.327723,Cloud to Ground,-17962,0,17
2026-08-31T05:10:52.847615216Z,15.973126,131.336964,Cloud to Ground,-14779,0,10
2026-08-31T05:10:52.849054477Z,15.96532,131.333925,Cloud to Cloud,-7701,3014,12
2026-08-31T05:10:53.286806823Z,16.470624,129.260101,Cloud to Cloud,9278,3023,8
2026-08-31T05:10:54.115879295Z,4.913307,113.744056,Cloud to Cloud,-17345,17305,9
2026-08-31T05:10:54.294449840Z,17.396476,112.577182,Cloud to Cloud,-38603,3047,9
2026-08-31T05:10:55.691830963Z,19.631243,119.024498,Cloud to Cloud,8322,12916,7
2026-08-31T05:10:55.662546743Z,19.559209,119.014565,Cloud to Cloud,8953,19965,7
2026-08-31T05:10:55.696785133Z,19.559532,118.984308,Cloud to Cloud,9032,3000,7
2026-08-31T05:10:55.656747592Z,19.590181,119.020818,Cloud to Ground,23658,0,12
2026-08-31T05:10:58.411033479Z,16.56668,128.732873,Cloud to Ground,-14673,0,12
2026-08-31T05:11:03.746775640Z,16.154446,129.760518,Cloud to Ground,-42328,0,11
2026-08-31T05:11:03.788347074Z,16.232104,129.889659,Cloud to Ground,-20766,0,10
2026-08-31T05:11:03.737215385Z,16.236371,129.919726,Cloud to Ground,-16631,0,10
2026-08-31T05:11:03.953419376Z,16.243569,129.894488,Cloud to Ground,-13834,0,9
2026-08-31T05:11:03.751125819Z,16.244703,129.919868,Cloud to Cloud,-10096,5053,10
2026-08-31T05:11:04.019681626Z,16.239232,129.920139,Cloud to Cloud,9278,7192,7
2026-08-31T05:11:03.781742523Z,16.24261,129.851032,Cloud to Cloud,9980,3008,7
2026-08-31T05:11:03.894035000Z,16.2362,129.8912,Cloud to Ground,18098,0,6
2026-08-31T05:11:04.961509541Z,16.463685,129.268829,Cloud to Ground,-20424,0,12
2026-08-31T05:11:05.060421699Z,16.488314,129.299567,Cloud to Cloud,-16896,3010,13
2026-08-31T05:11:04.971130730Z,16.526052,129.183177,Cloud to Cloud,-9760,3548,8
2026-08-31T05:11:04.847381033Z,16.506264,129.244794,Cloud to Cloud,-7569,14612,8
2026-08-31T05:11:04.975120101Z,16.522274,129.272319,Cloud to Cloud,7716,6382,8
2026-08-31T05:11:04.836034661Z,16.500878,129.333473,Cloud to Cloud,20424,3021,14
2026-08-31T05:11:04.901360528Z,22.24416,114.077791,Cloud to Cloud,-8898,3013,10
2026-08-31T05:11:05.525239391Z,15.036294,133.234825,Cloud to Ground,-26535,0,13
2026-08-31T05:11:09.767893340Z,16.401649,129.496427,Cloud to Cloud,12173,19674,8
2026-08-31T05:11:10.051043618Z,16.513423,129.464734,Cloud to Cloud,-9283,3150,10
2026-08-31T05:11:13.230947787Z,16.425213,129.093783,Cloud to Ground,-13620,0,17
2026-08-31T05:11:13.155251471Z,16.296532,129.253239,Cloud to Cloud,-13368,3160,9
2026-08-31T05:11:12.904273790Z,16.386691,129.193062,Cloud to Cloud,-5999,15939,7
2026-08-31T05:11:13.136054330Z,16.366687,129.255625,Cloud to Ground,12359,0,8
2026-08-31T05:11:15.466557570Z,22.005075,112.877056,Cloud to Cloud,-29079,3044,14
2026-08-31T05:11:18.357088244Z,18.555436,115.123782,Cloud to Cloud,-14761,3008,11
2026-08-31T05:11:18.667058857Z,18.532031,115.097181,Cloud to Cloud,-9647,3040,8
2026-08-31T05:11:18.380726684Z,18.562627,115.135592,Cloud to Cloud,-9455,16238,7
2026-08-31T05:11:18.372087379Z,18.580914,115.111943,Cloud to Cloud,-9384,4511,8
2026-08-31T05:11:18.399793261Z,18.614206,115.108502,Cloud to Cloud,10239,6314,7
2026-08-31T05:11:23.526492592Z,15.65294,121.009947,Cloud to Cloud,-3408,11895,8
2026-08-31T05:11:24.431577527Z,19.630002,121.175514,Cloud to Ground,-25312,0,12
2026-08-31T05:11:24.342704470Z,19.656696,121.200383,Cloud to Ground,-24506,0,12
2026-08-31T05:11:24.365270365Z,19.649508,121.176148,Cloud to Ground,-24453,0,16
2026-08-31T05:11:24.532848829Z,19.651743,121.182532,Cloud to Ground,-16326,0,11
2026-08-31T05:11:24.321755253Z,19.707004,121.15474,Cloud to Cloud,-13512,9158,14
2026-08-31T05:11:26.783188626Z,18.977323,116.680206,Cloud to Ground,-32041,0,10
2026-08-31T05:11:30.314161441Z,17.998571,113.219155,Cloud to Cloud,-35349,3047,15
2026-08-31T05:11:30.318897058Z,18.0058,113.204153,Cloud to Cloud,-15119,5078,6
2026-08-31T05:11:30.319871123Z,17.993173,113.15095,Cloud to Cloud,14691,19365,8
2026-08-31T05:11:30.315086000Z,18.0048,113.2086,Cloud to Ground,17823,0,6
2026-08-31T05:11:30.313233508Z,17.99412,113.128809,Cloud to Ground,21409,0,10
2026-08-31T05:11:30.312569748Z,17.985884,113.223054,Cloud to Ground,27461,0,10
2026-08-31T05:11:33.246757053Z,16.272005,130.164088,Cloud to Ground,-34312,0,13
2026-08-31T05:11:33.360519819Z,16.317047,130.082461,Cloud to Ground,-13641,0,10
2026-08-31T05:11:33.483798383Z,16.271472,130.163621,Cloud to Cloud,10808,5339,11
2026-08-31T05:11:33.296369614Z,16.276719,130.134666,Cloud to Cloud,10809,5611,11
2026-08-31T05:11:33.413908902Z,16.234889,130.172234,Cloud to Ground,33961,0,10
2026-08-31T05:11:34.024336688Z,16.358741,129.26267,Cloud to Cloud,-18813,7986,9
2026-08-31T05:11:33.962013437Z,16.390382,129.251497,Cloud to Ground,-14293,0,7
2026-08-31T05:11:34.037726420Z,16.44639,129.232377,Cloud to Ground,-11840,0,10
2026-08-31T05:11:33.788407039Z,16.417915,129.237529,Cloud to Cloud,10990,18502,14
2026-08-31T05:11:33.712345541Z,16.388025,129.1572,Cloud to Ground,27468,0,12
2026-08-31T05:11:34.626386274Z,15.440608,132.567755,Cloud to Ground,-12904,0,9
2026-08-31T05:11:34.627567917Z,15.407031,132.569692,Cloud to Ground,-9877,0,7
2026-08-31T05:11:34.625214663Z,15.450521,132.583331,Cloud to Ground,-8276,0,10
2026-08-31T05:11:34.651379445Z,15.440379,132.568714,Cloud to Ground,12874,0,8
2026-08-31T05:11:34.621762156Z,15.441257,132.569828,Cloud to Ground,30062,0,13
2026-08-31T05:11:34.622294544Z,15.428685,132.583181,Cloud to Ground,63525,0,14
2026-08-31T05:11:35.357908283Z,16.541295,128.909454,Cloud to Cloud,-13262,3385,11
2026-08-31T05:11:35.355526084Z,16.548251,128.920896,Cloud to Ground,48307,0,15
2026-08-31T05:11:37.033448455Z,15.066221,133.182956,Cloud to Ground,-17842,0,13
2026-08-31T05:11:37.002132700Z,15.042423,133.219096,Cloud to Ground,-9583,0,8
2026-08-31T05:11:37.974751202Z,15.135052,133.335411,Cloud to Ground,-13219,0,9
2026-08-31T05:11:37.944523274Z,15.069748,133.300994,Cloud to Ground,-9801,0,7
2026-08-31T05:11:39.369468238Z,16.250864,129.900766,Cloud to Cloud,-7665,3812,12
2026-08-31T05:11:39.458191804Z,16.240237,129.94136,Cloud to Ground,-6929,0,6
2026-08-31T05:11:39.426640114Z,16.242762,129.919886,Cloud to Ground,11941,0,11
2026-08-31T05:11:39.363887122Z,16.25282,129.945292,Cloud to Cloud,14940,6447,13
2026-08-31T05:11:39.363351779Z,16.230506,129.94594,Cloud to Ground,21062,0,10
2026-08-31T05:11:40.699122895Z,15.970766,131.245582,Cloud to Ground,22311,0,16
2026-08-31T05:11:42.787129797Z,13.644694,134.280722,Cloud to Cloud,-17388,3332,11
2026-08-31T05:11:42.786183538Z,13.656293,134.34586,Cloud to Ground,-12972,0,10
2026-08-31T05:11:42.806794639Z,13.59844,134.261802,Cloud to Cloud,8677,15773,7
2026-08-31T05:11:44.128150362Z,17.337134,114.13611,Cloud to Ground,-47807,0,13
2026-08-31T05:11:44.432209560Z,17.428821,114.054296,Cloud to Ground,-15923,0,7
2026-08-31T05:11:44.245211577Z,17.331499,114.109279,Cloud to Cloud,-14294,3013,8
2026-08-31T05:11:44.143173408Z,17.337544,114.137451,Cloud to Cloud,-11248,7887,7
2026-08-31T05:11:44.136150962Z,17.322762,114.138866,Cloud to Cloud,-7671,4994,6
2026-08-31T05:11:44.131406868Z,17.338843,114.039957,Cloud to Ground,11850,0,9
2026-08-31T05:11:44.372743947Z,17.420562,114.065407,Cloud to Ground,16924,0,8
2026-08-31T05:11:44.296684713Z,17.365025,114.130806,Cloud to Ground,40355,0,13
2026-08-31T05:11:44.826074511Z,17.693943,114.0589,Cloud to Ground,-11781,0,8
2026-08-31T05:11:45.766912333Z,17.757997,114.156224,Cloud to Cloud,9003,3025,7
2026-08-31T05:11:45.829274599Z,17.717188,114.12917,Cloud to Ground,14043,0,10
2026-08-31T05:11:45.516195138Z,17.684917,114.315615,Cloud to Ground,-9534,0,6
2026-08-31T05:11:45.400472273Z,17.690163,114.24491,Cloud to Cloud,12373,8794,8
2026-08-31T05:11:45.385655867Z,17.701738,114.241721,Cloud to Ground,54740,0,11
2026-08-31T05:11:45.546525367Z,17.744827,114.393125,Cloud to Cloud,13886,16129,7
2026-08-31T05:11:45.795049838Z,18.6393,115.13689,Cloud to Cloud,-20086,4360,15
2026-08-31T05:11:45.329409190Z,22.42446,113.294082,Cloud to Cloud,-11988,16720,7
2026-08-31T05:11:45.335898129Z,22.41181,113.195745,Cloud to Ground,15182,0,13
2026-08-31T05:11:46.223365211Z,16.523217,130.451542,Cloud to Ground,-32655,0,16
2026-08-31T05:11:46.288249489Z,16.536072,130.449589,Cloud to Ground,-23106,0,10
2026-08-31T05:11:53.930833340Z,16.455423,129.287985,Cloud to Ground,32623,0,12
2026-08-31T05:11:53.630306834Z,16.57121,128.749898,Cloud to Ground,-27895,0,22
2026-08-31T05:11:53.670365326Z,16.571963,128.71984,Cloud to Ground,-16419,0,16
2026-08-31T05:11:53.722110484Z,16.46239,129.077418,Cloud to Ground,-24258,0,9
2026-08-31T05:11:53.812765794Z,16.465983,129.086026,Cloud to Ground,-16912,0,8
2026-08-31T05:11:53.608055376Z,16.46106,129.115216,Cloud to Ground,-13433,0,20
2026-08-31T05:11:54.908241480Z,17.566141,131.594176,Cloud to Cloud,15196,5798,11
2026-08-31T05:11:54.900361866Z,17.556015,131.744888,Cloud to Cloud,-19337,19130,15
2026-08-31T05:11:55.057511333Z,17.619515,131.722058,Cloud to Ground,-10250,0,15
2026-08-31T05:11:54.910555531Z,17.590614,131.730621,Cloud to Ground,-9426,0,7
2026-08-31T05:11:54.899179557Z,17.581838,131.725953,Cloud to Ground,9041,0,10
2026-08-31T05:11:54.898577314Z,17.59094,131.744192,Cloud to Ground,40659,0,14
2026-08-31T05:11:57.233336895Z,22.159033,113.376658,Cloud to Cloud,-13338,3017,8
2026-08-31T05:11:57.240839828Z,22.193166,113.367031,Cloud to Cloud,17069,11605,10
2026-08-31T05:12:02.143315426Z,17.952806,114.770177,Cloud to Ground,-14335,0,12
2026-08-31T05:12:02.161962770Z,17.98532,114.771213,Cloud to Cloud,9314,7183,6
2026-08-31T05:12:02.157753108Z,17.985054,114.772261,Cloud to Cloud,12177,4895,12
2026-08-31T05:12:03.443317756Z,15.105461,133.467359,Cloud to Ground,-30915,0,23
2026-08-31T05:12:03.458787923Z,15.192478,133.417313,Cloud to Cloud,-25760,17920,21
2026-08-31T05:12:03.768422769Z,15.173169,133.392981,Cloud to Cloud,-18167,8852,14
2026-08-31T05:12:03.443996514Z,15.114681,133.46254,Cloud to Ground,-13887,0,17
2026-08-31T05:12:03.970742778Z,15.089799,133.368508,Cloud to Cloud,-9820,7901,13
2026-08-31T05:12:03.836069703Z,15.124773,133.493686,Cloud to Ground,19106,0,13
2026-08-31T05:12:03.544379781Z,15.110592,133.483562,Cloud to Ground,40426,0,16
2026-08-31T05:12:03.969460496Z,15.105985,133.50804,Cloud to Ground,46101,0,17
2026-08-31T05:12:03.512518821Z,15.125821,133.464404,Cloud to Ground,70084,0,23
2026-08-31T05:12:03.636344336Z,15.096538,133.485001,Cloud to Ground,72782,0,20
2026-08-31T05:12:04.817768852Z,16.491681,128.638831,Cloud to Cloud,-29495,3186,28
2026-08-31T05:12:04.657254753Z,16.543117,128.82769,Cloud to Ground,-87473,0,16
2026-08-31T05:12:04.746107983Z,16.533065,128.809387,Cloud to Ground,-10154,0,8
2026-08-31T05:12:06.098430575Z,6.636728,115.901338,Cloud to Cloud,-15475,3577,8
2026-08-31T05:12:07.331941661Z,16.247508,130.082054,Cloud to Cloud,-10187,3048,8
2026-08-31T05:12:07.475873075Z,16.274388,130.05092,Cloud to Cloud,9801,5527,9
2026-08-31T05:12:07.314373500Z,16.271083,130.082218,Cloud to Ground,19745,0,10
2026-08-31T05:12:08.966426303Z,15.392505,132.331207,Cloud to Ground,-15373,0,17
2026-08-31T05:12:08.983909365Z,15.402318,132.296627,Cloud to Cloud,-10309,4471,14
2026-08-31T05:12:09.519743890Z,22.397286,114.268588,Cloud to Ground,-10210,0,7
2026-08-31T05:12:09.171314837Z,22.361838,114.304074,Cloud to Ground,-8144,0,6
2026-08-31T05:12:10.799067201Z,17.856317,114.699662,Cloud to Cloud,-44379,5894,9
2026-08-31T05:12:10.825236614Z,17.84614,114.709102,Cloud to Cloud,-10118,6880,7
2026-08-31T05:12:10.806845890Z,17.870479,114.694842,Cloud to Cloud,-9934,6647,7
2026-08-31T05:12:10.797192811Z,17.875754,114.696406,Cloud to Cloud,9409,7213,9
2026-08-31T05:12:10.798363726Z,17.886522,114.699348,Cloud to Ground,17548,0,8
2026-08-31T05:12:12.976683968Z,16.377569,129.276803,Cloud to Ground,-22099,0,8
2026-08-31T05:12:13.399010984Z,16.501377,129.48471,Cloud to Cloud,5367,19244,7
2026-08-31T05:12:13.399474200Z,16.4173,129.499033,Cloud to Cloud,11887,7332,9
2026-08-31T05:12:13.398547784Z,16.60007,129.279902,Cloud to Cloud,11340,8121,7
2026-08-31T05:12:15.092018313Z,16.312662,129.856338,Cloud to Cloud,-14470,3070,19
2026-08-31T05:12:15.063942336Z,16.260277,129.923341,Cloud to Cloud,-10795,8940,8
2026-08-31T05:12:17.358689124Z,4.841062,113.677598,Cloud to Cloud,-9201,16110,7
2026-08-31T05:12:17.525427232Z,16.382471,129.251359,Cloud to Cloud,-8699,14446,10
2026-08-31T05:12:18.189346452Z,15.047902,133.273879,Cloud to Ground,-15625,0,6
2026-08-31T05:12:18.017378512Z,15.074165,133.279962,Cloud to Ground,-14742,0,8
2026-08-31T05:12:17.944657403Z,15.033064,133.253465,Cloud to Ground,-8958,0,12
2026-08-31T05:12:17.841753166Z,15.036312,133.281862,Cloud to Cloud,-8958,7619,16
2026-08-31T05:12:17.846968504Z,15.083752,133.232262,Cloud to Ground,-8124,0,9
2026-08-31T05:12:21.801432579Z,19.572808,117.835483,Cloud to Ground,15497,0,9
2026-08-31T05:12:21.786809879Z,19.657736,117.864856,Cloud to Cloud,40653,3023,17
2026-08-31T05:12:24.861951498Z,4.962833,113.798469,Cloud to Cloud,-15351,6804,7
2026-08-31T05:12:25.388898604Z,16.420504,129.2563,Cloud to Cloud,-12573,5313,10
2026-08-31T05:12:25.342609813Z,16.42586,129.260492,Cloud to Cloud,-8355,3022,8
2026-08-31T05:12:26.855315540Z,13.664536,134.399739,Cloud to Ground,-19292,0,9
2026-08-31T05:12:33.253906090Z,15.34146,132.393216,Cloud to Ground,23983,0,13
2026-08-31T05:12:34.227680321Z,15.406967,132.571929,Cloud to Ground,-10718,0,7
2026-08-31T05:12:33.890238841Z,15.36656,132.594775,Cloud to Ground,18391,0,12
2026-08-31T05:12:34.204666782Z,15.329936,132.419068,Cloud to Cloud,10975,5395,14
2026-08-31T05:12:36.566859175Z,16.409194,129.246608,Cloud to Cloud,-5400,3022,7
2026-08-31T05:12:39.249387657Z,19.749189,121.253818,Cloud to Cloud,5590,9484,7
2026-08-31T05:12:38.875560260Z,19.631746,121.215789,Cloud to Cloud,6295,3014,7
2026-08-31T05:12:38.871368760Z,19.632498,121.213064,Cloud to Cloud,6861,16736,7
2026-08-31T05:12:39.252170598Z,19.680178,121.249295,Cloud to Cloud,7172,13907,10
2026-08-31T05:12:38.920461559Z,19.688277,121.237487,Cloud to Cloud,9314,9250,7
2026-08-31T05:12:38.864528119Z,19.626672,121.219091,Cloud to Ground,14420,0,9
2026-08-31T05:12:38.098665957Z,16.25015,129.905544,Cloud to Cloud,-18665,3030,7
2026-08-31T05:12:38.048683092Z,16.230211,129.873816,Cloud to Cloud,-5299,6411,6
2026-08-31T05:12:41.924620787Z,16.565228,128.885901,Cloud to Cloud,12040,5241,11
2026-08-31T05:12:41.674750994Z,16.569336,128.889287,Cloud to Ground,57014,0,11
2026-08-31T05:12:42.684242236Z,16.396106,129.10536,Cloud to Ground,-12989,0,11
2026-08-31T05:12:42.117939569Z,16.583072,128.731535,Cloud to Cloud,-15766,3687,18
2026-08-31T05:12:43.344726284Z,15.018116,133.13822,Cloud to Ground,-8605,0,23
2026-08-31T05:12:43.508516040Z,15.028804,133.278769,Cloud to Ground,-17657,0,16
2026-08-31T05:12:43.689621197Z,15.013473,133.29889,Cloud to Ground,-12637,0,12
2026-08-31T05:12:43.428627093Z,15.000394,133.305113,Cloud to Ground,-12419,0,7
2026-08-31T05:12:43.652346145Z,15.033721,133.283837,Cloud to Ground,-11563,0,10
2026-08-31T05:12:43.488346481Z,15.036857,133.274902,Cloud to Ground,-11554,0,12
2026-08-31T05:12:43.509479846Z,15.057335,133.270314,Cloud to Ground,-10902,0,12
2026-08-31T05:12:44.762873299Z,16.520799,130.464547,Cloud to Cloud,-28567,3013,13
2026-08-31T05:12:44.751223184Z,16.56014,130.468851,Cloud to Cloud,-9273,6255,9
2026-08-31T05:12:44.787855682Z,16.556396,130.446263,Cloud to Ground,29875,0,15
2026-08-31T05:12:44.791042854Z,16.535944,130.483108,Cloud to Ground,67593,0,18
2026-08-31T05:12:44.933512461Z,16.616555,130.347236,Cloud to Cloud,-17538,14707,12
2026-08-31T05:12:43.688452132Z,15.086189,133.372019,Cloud to Ground,-9207,0,8
2026-08-31T05:12:43.744734694Z,15.086313,133.371635,Cloud to Ground,9133,0,9
2026-08-31T05:12:44.064171285Z,15.145996,133.321057,Cloud to Ground,12201,0,10
2026-08-31T05:12:46.841807524Z,17.366521,132.680156,Cloud to Ground,-11116,0,10
2026-08-31T05:12:46.841181625Z,17.361229,132.667985,Cloud to Ground,-10335,0,8
2026-08-31T05:12:46.871388970Z,17.34214,132.701427,Cloud to Ground,-8588,0,5
2026-08-31T05:12:46.843375748Z,17.346427,132.694773,Cloud to Ground,-7816,0,13
2026-08-31T05:12:46.842278051Z,17.401353,132.63558,Cloud to Cloud,-7151,4729,12
2026-08-31T05:12:46.840482798Z,17.353135,132.70056,Cloud to Ground,24070,0,12
2026-08-31T05:12:48.806756529Z,16.415021,129.258085,Cloud to Cloud,-15022,3179,9
2026-08-31T05:12:48.561024346Z,16.471043,129.233356,Cloud to Ground,-10849,0,7
2026-08-31T05:12:48.821906648Z,18.148322,111.514956,Cloud to Cloud,13092,18528,8
2026-08-31T05:12:48.821218375Z,18.134798,111.597426,Cloud to Ground,15251,0,10
2026-08-31T05:12:49.687646336Z,17.380598,112.519217,Cloud to Cloud,6426,3402,7
2026-08-31T05:12:49.677985748Z,17.392945,112.52313,Cloud to Ground,26174,0,11
2026-08-31T05:12:50.631140354Z,15.494937,132.680242,Cloud to Ground,-15501,0,12
2026-08-31T05:12:50.989946309Z,22.413286,112.577935,Cloud to Ground,10568,0,10
2026-08-31T05:12:50.154580259Z,15.678234,121.058926,Cloud to Cloud,-4785,7077,9
2026-08-31T05:12:51.100606722Z,22.456991,112.681579,Cloud to Ground,20246,0,10
2026-08-31T05:12:53.074592610Z,22.013898,112.849888,Cloud to Cloud,-12762,5700,7
2026-08-31T05:12:56.615610877Z,16.496208,129.492358,Cloud to Cloud,15724,6908,7
2026-08-31T05:12:56.604215258Z,16.480614,129.502702,Cloud to Cloud,17400,4656,14
2026-08-31T05:12:57.907918082Z,16.424514,129.291045,Cloud to Ground,13948,0,12
2026-08-31T05:12:57.574263143Z,22.463981,113.282767,Cloud to Cloud,-15561,3373,8
2026-08-31T05:12:57.605879950Z,22.431014,113.281907,Cloud to Cloud,-12486,3616,8
2026-08-31T05:12:58.767245640Z,15.384647,132.00922,Cloud to Ground,-9105,0,14
2026-08-31T05:12:58.912487650Z,15.401442,131.95727,Cloud to Ground,16910,0,18
2026-08-31T05:12:58.728595957Z,15.463365,132.113093,Cloud to Ground,-48917,0,26
2026-08-31T05:12:58.741008525Z,15.450005,132.116051,Cloud to Ground,-21722,0,20
2026-08-31T05:12:58.727569524Z,15.377293,132.138031,Cloud to Cloud,-14336,18598,12
2026-08-31T05:12:58.730970018Z,15.396226,132.131233,Cloud to Ground,-13522,0,8
2026-08-31T05:12:58.765368443Z,15.384682,132.136953,Cloud to Ground,10484,0,8
2026-08-31T05:12:58.754124926Z,15.478548,132.118531,Cloud to Ground,11262,0,11
2026-08-31T05:12:58.727077761Z,15.381017,132.134303,Cloud to Ground,15227,0,9
2026-08-31T05:12:58.728079002Z,15.371735,132.139291,Cloud to Ground,26560,0,12
2026-08-31T05:13:05.885965476Z,18.648761,115.15028,Cloud to Cloud,-9620,6382,7
2026-08-31T05:13:05.881414584Z,18.647536,115.145801,Cloud to Cloud,4145,3004,9
2026-08-31T05:13:05.883826005Z,18.655371,115.14399,Cloud to Cloud,5856,3002,8
2026-08-31T05:13:05.880525059Z,18.739644,115.157253,Cloud to Ground,20178,0,9
2026-08-31T05:13:06.661943137Z,15.205153,133.421658,Cloud to Cloud,-35723,3083,13
2026-08-31T05:13:06.752257945Z,15.079433,133.510143,Cloud to Ground,42114,0,19
2026-08-31T05:13:06.875683178Z,15.131069,133.467968,Cloud to Ground,42125,0,18
2026-08-31T05:13:06.821579806Z,15.132829,133.467254,Cloud to Ground,60146,0,19
2026-08-31T05:13:07.655839137Z,13.39265,134.626055,Cloud to Ground,-12606,0,12
2026-08-31T05:13:10.157975650Z,15.02955,133.262436,Cloud to Cloud,-10730,3553,19
2026-08-31T05:13:10.600466344Z,15.039551,133.273794,Cloud to Ground,-10720,0,11
2026-08-31T05:13:11.021048564Z,16.28758,129.215728,Cloud to Cloud,-15603,4519,11
2026-08-31T05:13:17.262397000Z,16.591,128.9041,Cloud to Ground,19643,0,5
2026-08-31T05:13:18.738766255Z,15.684408,120.997689,Cloud to Cloud,-6872,18245,8
2026-08-31T05:13:22.892301682Z,16.309347,129.307716,Cloud to Cloud,-10794,4693,7
2026-08-31T05:13:25.891237456Z,19.002914,116.719681,Cloud to Cloud,-41167,13657,14
2026-08-31T05:13:26.702509123Z,17.367498,133.842151,Cloud to Ground,-21206,0,17
2026-08-31T05:13:26.764884915Z,17.389225,133.82784,Cloud to Ground,9668,0,7
2026-08-31T05:13:27.003015595Z,17.368344,133.808599,Cloud to Ground,12644,0,13
2026-08-31T05:13:26.832259375Z,17.391044,133.841618,Cloud to Ground,21953,0,16
2026-08-31T05:13:26.849031530Z,17.390124,133.843268,Cloud to Ground,23297,0,14
2026-08-31T05:13:26.763881373Z,17.371504,133.838776,Cloud to Ground,27114,0,16
2026-08-31T05:13:26.711492161Z,17.382395,133.83256,Cloud to Ground,91875,0,16
2026-08-31T05:13:28.760443653Z,16.435572,129.339957,Cloud to Cloud,-11909,5391,8
2026-08-31T05:13:28.721530401Z,16.399158,129.259253,Cloud to Cloud,-9329,11754,10
2026-08-31T05:13:30.109468112Z,15.40335,132.647825,Cloud to Ground,13511,0,7
2026-08-31T05:13:30.331818553Z,17.902298,113.683993,Cloud to Cloud,-18494,3417,9
2026-08-31T05:13:30.330650400Z,17.929127,113.697875,Cloud to Cloud,-11239,3808,7
2026-08-31T05:13:30.340112582Z,17.9086,113.673286,Cloud to Cloud,5102,12042,8
2026-08-31T05:13:30.334945676Z,17.90077,113.678347,Cloud to Ground,18440,0,10
2026-08-31T05:13:30.329170843Z,17.897762,113.694438,Cloud to Cloud,22297,3015,9
2026-08-31T05:13:31.550114675Z,15.029865,133.292283,Cloud to Cloud,-10567,6171,11
2026-08-31T05:13:31.033102430Z,17.854851,113.592103,Cloud to Cloud,-8712,3086,7
2026-08-31T05:13:32.460806394Z,4.851231,113.740037,Cloud to Cloud,-20789,16815,15
2026-08-31T05:13:32.484333837Z,4.882244,113.737435,Cloud to Cloud,-17674,3013,7
2026-08-31T05:13:32.621921734Z,4.849212,113.734901,Cloud to Ground,18757,0,11
2026-08-31T05:13:32.565037589Z,4.847586,113.733532,Cloud to Ground,19390,0,10
2026-08-31T05:13:32.622362933Z,4.908023,113.742223,Cloud to Ground,21287,0,10
2026-08-31T05:13:32.624229620Z,4.921182,113.731149,Cloud to Ground,21581,0,18
2026-08-31T05:13:32.519975376Z,4.851078,113.737174,Cloud to Ground,30757,0,16
2026-08-31T05:13:32.475095614Z,4.838886,113.731742,Cloud to Ground,71486,0,28
2026-08-31T05:13:32.138581272Z,16.414333,129.234115,Cloud to Ground,29507,0,14
2026-08-31T05:13:32.525446956Z,16.579967,128.782894,Cloud to Ground,-11343,0,18
2026-08-31T05:13:33.546191224Z,22.351309,113.418968,Cloud to Cloud,16732,17159,7
2026-08-31T05:13:34.197183353Z,17.563707,132.332734,Cloud to Ground,-8700,0,7
2026-08-31T05:13:35.464796028Z,16.553203,130.323274,Cloud to Cloud,9624,19176,9
2026-08-31T05:13:35.420395497Z,16.543564,130.479447,Cloud to Ground,-17365,0,12
2026-08-31T05:13:35.436455880Z,16.558384,130.428219,Cloud to Cloud,-12608,3029,9
2026-08-31T05:13:36.101601597Z,13.714877,134.443451,Cloud to Cloud,-14267,3041,16
2026-08-31T05:13:36.926867819Z,16.494472,129.253761,Cloud to Cloud,14458,3024,13
2026-08-31T05:13:36.985329468Z,16.456192,129.270929,Cloud to Ground,18333,0,7
2026-08-31T05:13:37.056257096Z,16.430153,129.291517,Cloud to Ground,25966,0,12
2026-08-31T05:13:38.204575140Z,16.492726,129.422361,Cloud to Ground,-15177,0,10
2026-08-31T05:13:38.330075279Z,16.484309,129.407579,Cloud to Ground,-13853,0,8
2026-08-31T05:13:38.232354567Z,16.510936,129.413993,Cloud to Ground,27706,0,12
2026-08-31T05:13:42.976023960Z,18.651399,115.141186,Cloud to Cloud,-9441,19541,7
2026-08-31T05:13:43.226625440Z,15.037744,133.076842,Cloud to Ground,-18271,0,15
2026-08-31T05:13:43.214826637Z,15.101862,133.211055,Cloud to Ground,-18717,0,19
2026-08-31T05:13:43.229905640Z,15.071896,133.253657,Cloud to Ground,19776,0,10
2026-08-31T05:13:45.750722726Z,17.271096,132.918685,Cloud to Ground,-8822,0,7
2026-08-31T05:13:45.853836758Z,17.351204,132.783102,Cloud to Ground,-51911,0,17
2026-08-31T05:13:45.422299024Z,17.352611,132.701413,Cloud to Ground,-8205,0,9
2026-08-31T05:13:45.423546964Z,17.356299,132.706034,Cloud to Ground,-8075,0,7
2026-08-31T05:13:46.989226177Z,15.697838,121.0269,Cloud to Cloud,-5886,17606,6
2026-08-31T05:13:55.232130725Z,16.248403,129.956525,Cloud to Cloud,-10090,9323,9
2026-08-31T05:13:55.232860811Z,16.194704,129.982058,Cloud to Ground,8522,0,9
2026-08-31T05:13:55.233611130Z,16.237628,129.960699,Cloud to Ground,13847,0,11
2026-08-31T05:13:55.263233393Z,16.158512,129.983304,Cloud to Cloud,17967,3340,7
2026-08-31T05:13:56.033083004Z,16.464967,129.478748,Cloud to Cloud,-14471,3354,11
2026-08-31T05:13:56.053788096Z,16.438475,129.508099,Cloud to Cloud,-13481,5618,7
2026-08-31T05:13:56.138465757Z,16.491657,129.497361,Cloud to Cloud,-13125,19365,8
2026-08-31T05:13:55.748981635Z,16.492096,129.509272,Cloud to Cloud,20917,3082,11
2026-08-31T05:13:56.879439507Z,15.034177,133.277898,Cloud to Ground,42728,0,15
2026-08-31T05:13:56.916303887Z,15.031108,133.283251,Cloud to Ground,63479,0,14
2026-08-31T05:13:56.747406105Z,17.973944,114.782652,Cloud to Cloud,-9539,11195,6
2026-08-31T05:13:56.741447990Z,17.989465,114.777784,Cloud to Ground,12471,0,9
2026-08-31T05:13:56.971788171Z,16.443053,129.115736,Cloud to Cloud,12301,5329,10
2026-08-31T05:13:56.928060719Z,16.396021,129.231077,Cloud to Cloud,-14457,5313,9
2026-08-31T05:13:57.741225918Z,16.475645,129.299045,Cloud to Ground,24508,0,11
2026-08-31T05:13:57.225154997Z,22.422167,113.299083,Cloud to Cloud,-22310,3023,11
2026-08-31T05:13:57.160264401Z,22.409249,113.318463,Cloud to Ground,-16872,0,11
2026-08-31T05:13:57.119841717Z,22.507999,113.214173,Cloud to Cloud,-9844,3002,8
2026-08-31T05:13:58.954950340Z,16.553459,130.449742,Cloud to Cloud,-9778,5301,9
2026-08-31T05:13:58.701114863Z,16.553156,130.475033,Cloud to Cloud,-8312,3460,12
2026-08-31T05:13:59.325760931Z,18.598307,115.183288,Cloud to Ground,-30942,0,12
2026-08-31T05:13:59.384179965Z,18.591869,115.133974,Cloud to Ground,-16839,0,9
2026-08-31T05:13:59.312225044Z,18.578911,115.161185,Cloud to Cloud,-13442,4820,9
2026-08-31T05:13:59.335197356Z,18.618021,115.152594,Cloud to Cloud,-12815,3598,14
2026-08-31T05:14:03.628989955Z,15.133204,133.362255,Cloud to Ground,-11888,0,8
2026-08-31T05:14:03.486201387Z,15.117478,133.299542,Cloud to Cloud,-11684,7483,12
2026-08-31T05:14:02.928165640Z,15.034242,133.296864,Cloud to Ground,-9817,0,5
2026-08-31T05:14:03.283964303Z,15.067275,133.379762,Cloud to Cloud,-9739,4233,9
2026-08-31T05:14:02.949304191Z,15.039274,133.296854,Cloud to Ground,11677,0,7
2026-08-31T05:14:02.943858904Z,15.02289,133.299894,Cloud to Ground,18882,0,14
2026-08-31T05:14:02.874453993Z,22.262623,114.060667,Cloud to Cloud,-11782,3013,8
2026-08-31T05:14:02.593668054Z,22.264029,114.052024,Cloud to Ground,-9789,0,7
2026-08-31T05:14:03.171882431Z,16.414458,129.226082,Cloud to Ground,49407,0,9
2026-08-31T05:14:04.999119196Z,16.523543,128.83998,Cloud to Cloud,-6030,7294,7
2026-08-31T05:14:04.844465848Z,16.603848,128.916278,Cloud to Cloud,9077,16850,15
2026-08-31T05:14:05.248013679Z,16.580112,128.934037,Cloud to Cloud,11707,3031,9
2026-08-31T05:14:04.842785778Z,16.524539,128.94365,Cloud to Cloud,13643,14108,10
2026-08-31T05:14:04.842108503Z,16.605049,128.904371,Cloud to Cloud,21070,4055,10
2026-08-31T05:14:05.104228905Z,16.454275,129.157982,Cloud to Ground,-15545,0,11
2026-08-31T05:14:05.864638760Z,16.427896,129.231425,Cloud to Cloud,-14948,4522,14
2026-08-31T05:14:09.901634720Z,15.510287,132.693717,Cloud to Cloud,-8709,3037,9
2026-08-31T05:14:09.903196304Z,15.435473,132.739056,Cloud to Ground,12695,0,10
2026-08-31T05:14:14.520404435Z,16.581888,128.795165,Cloud to Ground,-16918,0,12
2026-08-31T05:14:14.947441780Z,16.374639,129.302545,Cloud to Ground,-12747,0,8
2026-08-31T05:14:14.752379519Z,16.428923,129.143184,Cloud to Ground,-9845,0,8
2026-08-31T05:14:15.029876475Z,16.407351,129.158991,Cloud to Cloud,7245,3024,8
2026-08-31T05:14:15.756494782Z,15.036254,133.287445,Cloud to Ground,-20346,0,7
2026-08-31T05:14:15.758646531Z,15.042403,133.292918,Cloud to Ground,-9965,0,9
2026-08-31T05:14:15.497129253Z,15.032024,133.299115,Cloud to Ground,-8807,0,5
2026-08-31T05:14:15.913934576Z,15.104826,133.238957,Cloud to Cloud,9313,4039,7
2026-08-31T05:14:16.020198691Z,15.657594,121.027943,Cloud to Cloud,5487,19243,7
2026-08-31T05:14:19.358053887Z,16.406321,129.241595,Cloud to Ground,33515,0,13
2026-08-31T05:14:20.638934980Z,19.646286,121.194889,Cloud to Ground,-85386,0,15
2026-08-31T05:14:20.659293311Z,19.628001,121.211106,Cloud to Ground,-64793,0,14
2026-08-31T05:14:20.723608193Z,19.65022,121.197392,Cloud to Ground,-44190,0,13
2026-08-31T05:14:20.756454781Z,19.62905,121.200938,Cloud to Ground,-22762,0,11
2026-08-31T05:14:20.552776743Z,19.597388,117.871461,Cloud to Cloud,-16616,3041,10
2026-08-31T05:14:20.563406806Z,19.582512,117.860251,Cloud to Ground,23222,0,10
2026-08-31T05:14:25.802965064Z,15.40754,132.367924,Cloud to Ground,-19330,0,16
2026-08-31T05:14:25.798964069Z,15.421167,132.407143,Cloud to Ground,7733,0,7
2026-08-31T05:14:25.737991704Z,15.427004,132.414994,Cloud to Ground,8485,0,7
2026-08-31T05:14:25.723818358Z,15.477081,132.51146,Cloud to Ground,-49005,0,17
2026-08-31T05:14:25.767266021Z,15.429127,132.534932,Cloud to Ground,-10576,0,10
2026-08-31T05:14:26.186857880Z,15.411671,132.541349,Cloud to Ground,20799,0,11
2026-08-31T05:14:25.241735132Z,16.425631,129.105089,Cloud to Cloud,10990,3029,7
2026-08-31T05:14:27.307852286Z,13.510691,134.842417,Cloud to Ground,-25497,0,16
2026-08-31T05:14:27.317232421Z,13.501187,134.811755,Cloud to Cloud,-16090,4411,17
2026-08-31T05:14:27.312284322Z,13.580454,134.759745,Cloud to Ground,-9746,0,7
2026-08-31T05:14:27.323284751Z,13.512401,134.748567,Cloud to Ground,-7702,0,7
2026-08-31T05:14:27.306071591Z,13.510612,134.858766,Cloud to Ground,22258,0,11
2026-08-31T05:14:28.970116991Z,14.97388,133.284246,Cloud to Ground,27989,0,8
2026-08-31T05:14:28.102546502Z,15.040449,133.277981,Cloud to Ground,13756,0,15
2026-08-31T05:14:28.085082594Z,15.033677,133.283377,Cloud to Ground,49617,0,18
2026-08-31T05:14:28.807421380Z,15.047071,133.065441,Cloud to Ground,-12495,0,10
2026-08-31T05:14:29.052960333Z,15.046697,133.119875,Cloud to Ground,-10632,0,16
2026-08-31T05:14:28.532460437Z,15.948659,132.862296,Cloud to Cloud,-17480,7466,10
2026-08-31T05:14:28.531470170Z,15.93365,132.8754,Cloud to Ground,26591,0,14
2026-08-31T05:14:28.560726089Z,16.433863,129.238199,Cloud to Cloud,-13464,16167,6
2026-08-31T05:14:28.212008672Z,16.368524,129.26109,Cloud to Cloud,-8694,3415,7
2026-08-31T05:14:28.823640181Z,15.109068,133.25377,Cloud to Ground,-13549,0,6
2026-08-31T05:14:29.217977731Z,15.061408,133.257639,Cloud to Ground,20602,0,13
2026-08-31T05:14:34.169151117Z,16.481216,129.234876,Cloud to Cloud,-19036,16907,21
2026-08-31T05:14:34.623522683Z,16.446286,129.293238,Cloud to Cloud,17123,19655,9
2026-08-31T05:14:34.384048470Z,16.403728,129.303085,Cloud to Ground,17288,0,9
2026-08-31T05:14:34.341134000Z,16.3925,129.1555,Cloud to Ground,-16347,0,9
2026-08-31T05:14:34.615912688Z,16.389751,129.146706,Cloud to Cloud,10679,5122,12
2026-08-31T05:14:39.390061032Z,15.046498,133.287692,Cloud to Ground,-10604,0,8
2026-08-31T05:14:39.828450706Z,15.080473,133.22843,Cloud to Cloud,-10307,4194,10
2026-08-31T05:14:40.858725405Z,15.650798,121.038989,Cloud to Cloud,-7601,3403,12
2026-08-31T05:14:41.031991905Z,15.578915,121.137569,Cloud to Ground,-13911,0,8
2026-08-31T05:14:41.181960232Z,19.024347,115.215865,Cloud to Cloud,-18738,3620,10
2026-08-31T05:14:41.211911693Z,19.032802,115.216483,Cloud to Cloud,-13506,18339,7
2026-08-31T05:14:41.187916320Z,19.054923,115.215296,Cloud to Cloud,11807,3018,9
2026-08-31T05:14:41.179956088Z,19.044853,115.207959,Cloud to Ground,15382,0,10
2026-08-31T05:14:41.089067113Z,16.418102,129.223542,Cloud to Cloud,9408,7440,7
2026-08-31T05:14:42.050957739Z,16.358257,129.265592,Cloud to Ground,-11575,0,8
2026-08-31T05:14:42.656259789Z,16.435509,129.274271,Cloud to Cloud,8477,6320,7
2026-08-31T05:14:42.175136469Z,16.406667,129.233728,Cloud to Ground,18587,0,9
2026-08-31T05:14:42.352416751Z,17.754695,120.563907,Cloud to Cloud,8970,8944,9
2026-08-31T05:14:42.353180834Z,17.613056,120.595415,Cloud to Cloud,15785,6474,18
2026-08-31T05:14:46.017173165Z,16.275071,129.963049,Cloud to Ground,-30035,0,12
2026-08-31T05:14:46.017946569Z,16.25645,129.968195,Cloud to Cloud,-15702,14832,12
2026-08-31T05:14:46.018411077Z,16.196044,130.002387,Cloud to Cloud,49409,3055,11
2026-08-31T05:14:46.632438835Z,16.397749,129.286233,Cloud to Ground,-15682,0,17
2026-08-31T05:14:46.698607073Z,16.403173,129.230582,Cloud to Cloud,12057,4554,7
2026-08-31T05:14:47.129663005Z,16.428746,129.301892,Cloud to Ground,25552,0,9
2026-08-31T05:14:46.679097058Z,16.407364,129.3133,Cloud to Cloud,31122,5950,10
2026-08-31T05:14:48.503087928Z,18.470749,114.824595,Cloud to Ground,28100,0,11
2026-08-31T05:14:48.497835822Z,18.480392,114.959518,Cloud to Ground,-19882,0,17
2026-08-31T05:14:48.502435469Z,18.460221,114.931523,Cloud to Cloud,-19382,3419,9
2026-08-31T05:14:48.510075009Z,18.476368,114.946781,Cloud to Cloud,-10567,3001,9
2026-08-31T05:14:48.610489380Z,18.510006,114.965041,Cloud to Ground,15619,0,8
2026-08-31T05:14:48.636416865Z,18.433563,114.93379,Cloud to Ground,23324,0,13
2026-08-31T05:14:48.500094014Z,18.469046,114.940628,Cloud to Ground,23763,0,7
2026-08-31T05:14:48.371137495Z,16.425556,129.297183,Cloud to Cloud,-14196,7363,6
2026-08-31T05:14:51.724774369Z,15.008427,133.178743,Cloud to Ground,-8232,0,9
2026-08-31T05:14:52.177840607Z,15.048992,133.174887,Cloud to Ground,8944,0,7
2026-08-31T05:14:52.123174494Z,15.054078,133.277809,Cloud to Ground,8229,0,8
2026-08-31T05:15:00.893563794Z,17.89179,114.720022,Cloud to Ground,-62730,0,11
2026-08-31T05:15:01.098075327Z,17.99288,114.642451,Cloud to Cloud,-12597,19599,7
2026-08-31T05:15:00.956063457Z,17.956655,114.653664,Cloud to Ground,-12543,0,6
2026-08-31T05:15:00.900889565Z,17.878392,114.718202,Cloud to Cloud,-11839,3048,10
2026-08-31T05:15:01.432481000Z,17.876,114.6821,Cloud to Ground,-6500,0,5
2026-08-31T05:15:01.102564539Z,17.903494,114.698915,Cloud to Cloud,12121,19440,6
2026-08-31T05:15:00.892791158Z,17.87117,114.722766,Cloud to Ground,31710,0,9
2026-08-31T05:15:00.613856310Z,16.410475,129.235403,Cloud to Ground,24470,0,9
2026-08-31T05:15:01.556748168Z,17.911521,114.519858,Cloud to Cloud,-13761,3006,10
2026-08-31T05:15:02.482726074Z,17.691232,114.462413,Cloud to Cloud,-18804,11275,12
2026-08-31T05:15:02.540992373Z,17.69641,114.465354,Cloud to Cloud,-13216,7493,6
2026-08-31T05:15:02.460129156Z,17.692869,114.45836,Cloud to Cloud,-12448,17364,7
2026-08-31T05:15:02.458693762Z,17.681495,114.459171,Cloud to Cloud,-9100,9027,8
2026-08-31T05:15:02.455092297Z,17.679399,114.415878,Cloud to Ground,36613,0,12
2026-08-31T05:15:02.456211682Z,17.582714,114.430489,Cloud to Ground,25769,0,7
2026-08-31T05:15:03.859625734Z,16.436117,129.30872,Cloud to Cloud,-15242,3059,8
2026-08-31T05:15:03.201591659Z,16.519533,129.421805,Cloud to Cloud,6319,12048,7
2026-08-31T05:15:03.056992670Z,16.52538,129.409122,Cloud to Ground,18954,0,12
2026-08-31T05:15:03.488750455Z,16.504649,129.431064,Cloud to Ground,25065,0,9
2026-08-31T05:15:04.898053778Z,17.991588,114.715318,Cloud to Ground,9573,0,9
2026-08-31T05:15:07.819550660Z,16.399722,129.246987,Cloud to Ground,-17125,0,9
2026-08-31T05:15:08.195301600Z,16.39657,129.240818,Cloud to Cloud,-7387,14073,8
2026-08-31T05:15:08.447166207Z,16.304032,129.265309,Cloud to Cloud,14362,3641,9
2026-08-31T05:15:09.026281010Z,16.369711,130.163615,Cloud to Cloud,-13691,19084,24
2026-08-31T05:15:09.073739806Z,16.292893,130.220475,Cloud to Cloud,-13336,6779,8
2026-08-31T05:15:09.026916504Z,16.313848,130.22044,Cloud to Ground,18962,0,12
2026-08-31T05:15:09.035796609Z,16.318792,130.218178,Cloud to Ground,20501,0,12
2026-08-31T05:15:10.312450746Z,16.566872,130.476327,Cloud to Cloud,-9936,10379,8
2026-08-31T05:15:10.326227280Z,16.542416,130.485828,Cloud to Cloud,-8625,10426,9
2026-08-31T05:15:10.328415682Z,16.608976,130.436148,Cloud to Cloud,-8201,3014,10
2026-08-31T05:15:10.283714220Z,16.542418,130.489055,Cloud to Cloud,-7745,5402,12
2026-08-31T05:15:10.289547931Z,16.554149,130.450659,Cloud to Cloud,9166,3017,9
2026-08-31T05:15:10.318894557Z,16.558418,130.498479,Cloud to Cloud,12461,5493,10
2026-08-31T05:15:10.948416536Z,16.505769,129.128681,Cloud to Cloud,-8488,7917,7
2026-08-31T05:15:11.455547726Z,15.410302,132.354494,Cloud to Ground,-12029,0,11
2026-08-31T05:15:11.466984302Z,15.366225,132.38114,Cloud to Cloud,-10751,5531,14
2026-08-31T05:15:11.454524202Z,15.379473,132.40275,Cloud to Cloud,-9740,3025,13
2026-08-31T05:15:11.462934904Z,15.371984,132.386609,Cloud to Ground,-8528,0,10
2026-08-31T05:15:11.452711060Z,15.374974,132.403164,Cloud to Ground,11903,0,8
2026-08-31T05:15:11.453525784Z,15.378004,132.394185,Cloud to Ground,37564,0,15
2026-08-31T05:15:11.732396382Z,17.521432,132.25023,Cloud to Ground,-12733,0,8
2026-08-31T05:15:11.688063553Z,17.545407,132.276682,Cloud to Ground,37655,0,17
2026-08-31T05:15:11.310210438Z,16.423158,129.310409,Cloud to Cloud,-10138,4080,10
2026-08-31T05:15:14.325542488Z,16.435235,128.815435,Cloud to Ground,-11816,0,7
2026-08-31T05:15:14.053735170Z,16.531455,128.879115,Cloud to Ground,-26150,0,13
2026-08-31T05:15:14.228690691Z,16.558725,128.767676,Cloud to Ground,-17398,0,14
2026-08-31T05:15:14.179646470Z,16.53555,128.724081,Cloud to Ground,-16576,0,10
2026-08-31T05:15:14.098854246Z,16.607931,128.845689,Cloud to Ground,-13340,0,25
2026-08-31T05:15:14.338967659Z,17.915736,113.684419,Cloud to Cloud,-21296,3102,12
2026-08-31T05:15:15.955507522Z,16.39913,129.221208,Cloud to Cloud,13127,7352,7
2026-08-31T05:15:16.852481429Z,13.61015,134.374297,Cloud to Ground,-21016,0,18
2026-08-31T05:15:17.266338373Z,13.628813,134.462912,Cloud to Ground,-11631,0,10
2026-08-31T05:15:16.850686540Z,13.563313,134.355849,Cloud to Cloud,-9957,5366,8
2026-08-31T05:15:19.734295889Z,15.671121,121.116293,Cloud to Cloud,4272,7712,9
2026-08-31T05:15:20.762147199Z,17.979164,113.144207,Cloud to Cloud,23066,5779,8
2026-08-31T05:15:20.761243648Z,18.007573,113.260777,Cloud to Ground,-48248,0,17
2026-08-31T05:15:20.763843445Z,18.012891,113.25082,Cloud to Ground,-9820,0,10
2026-08-31T05:15:21.372118628Z,15.462565,132.509482,Cloud to Ground,-21013,0,12
2026-08-31T05:15:21.634925077Z,15.394854,132.679041,Cloud to Ground,-10585,0,11
2026-08-31T05:15:21.630274624Z,15.374792,132.71205,Cloud to Ground,18078,0,6
2026-08-31T05:15:22.811975378Z,16.46852,129.168412,Cloud to Ground,-13553,0,21
2026-08-31T05:15:23.000610503Z,16.443641,129.169817,Cloud to Cloud,-9553,17950,11
2026-08-31T05:15:23.001434271Z,16.4235,129.328183,Cloud to Ground,-10204,0,8
2026-08-31T05:15:23.109023627Z,16.466685,129.319882,Cloud to Ground,24530,0,13
2026-08-31T05:15:22.934795063Z,16.430145,129.322577,Cloud to Ground,25342,0,10
2026-08-31T05:15:24.506661000Z,16.4489,129.2973,Cloud to Ground,-11955,0,5
2026-08-31T05:15:27.425086179Z,15.00224,133.178804,Cloud to Ground,-10197,0,14
2026-08-31T05:15:27.785623682Z,15.024778,133.321227,Cloud to Ground,-55722,0,15
2026-08-31T05:15:27.338389295Z,15.031493,133.298856,Cloud to Ground,-13726,0,8
2026-08-31T05:15:27.306144031Z,15.08061,133.271208,Cloud to Ground,-11624,0,9
2026-08-31T05:15:27.492172529Z,15.056879,133.282776,Cloud to Ground,-10170,0,11
2026-08-31T05:15:27.304057111Z,15.075228,133.26376,Cloud to Ground,-9321,0,8
2026-08-31T05:15:28.234423215Z,15.086145,133.416925,Cloud to Ground,-8716,0,10
2026-08-31T05:15:27.845778904Z,15.083175,133.346136,Cloud to Ground,9020,0,11
2026-08-31T05:15:28.627327015Z,4.850598,113.723742,Cloud to Cloud,10233,5901,11
2026-08-31T05:15:30.139869621Z,16.408456,129.22815,Cloud to Cloud,12893,3064,8
2026-08-31T05:15:30.377258228Z,22.408124,113.290157,Cloud to Ground,-11403,0,6
2026-08-31T05:15:30.106290328Z,22.393575,113.273977,Cloud to Cloud,-8322,18877,9
2026-08-31T05:15:30.258885804Z,22.39109,113.29533,Cloud to Cloud,-7525,7483,6
2026-08-31T05:15:30.362922772Z,22.425237,113.196606,Cloud to Ground,10209,0,11
2026-08-31T05:15:33.144209095Z,16.39524,129.326678,Cloud to Ground,27328,0,16
2026-08-31T05:15:34.668492779Z,18.652763,115.138846,Cloud to Ground,-16083,0,7
2026-08-31T05:15:34.656287484Z,18.634377,115.144524,Cloud to Cloud,-12889,8349,8
2026-08-31T05:15:34.658858795Z,18.649781,115.126878,Cloud to Ground,38471,0,14
2026-08-31T05:15:37.410013183Z,15.443121,132.73562,Cloud to Ground,-10584,0,6
2026-08-31T05:15:37.215530361Z,15.425611,132.724569,Cloud to Ground,19708,0,11
2026-08-31T05:15:37.216653000Z,15.4768,132.7023,Cloud to Ground,28880,0,11
2026-08-31T05:15:39.846266000Z,16.5683,129.2423,Cloud to Ground,-13352,0,5
2026-08-31T05:15:39.867889785Z,16.491631,129.25778,Cloud to Ground,11042,0,12
2026-08-31T05:15:41.013240163Z,17.39697,112.628876,Cloud to Ground,-50929,0,14
2026-08-31T05:15:41.010890421Z,17.396489,112.625035,Cloud to Cloud,-20996,5977,9
2026-08-31T05:15:41.065719994Z,17.409118,112.632335,Cloud to Cloud,-8861,16753,9
2026-08-31T05:15:41.645871376Z,17.380133,112.573361,Cloud to Ground,-8798,0,9
2026-08-31T05:15:41.009923556Z,17.389946,112.607755,Cloud to Ground,12632,0,8
2026-08-31T05:15:41.098159047Z,17.396103,112.588872,Cloud to Cloud,13172,3031,10
2026-08-31T05:15:41.526925000Z,17.3802,112.5112,Cloud to Ground,15751,0,7
2026-08-31T05:15:42.793325559Z,17.958285,114.035183,Cloud to Ground,-14140,0,8
2026-08-31T05:15:42.556108090Z,17.961593,114.087348,Cloud to Cloud,-13294,3027,8
2026-08-31T05:15:42.737334316Z,17.968365,114.11789,Cloud to Ground,24048,0,14
2026-08-31T05:15:42.550038910Z,17.9544,113.979997,Cloud to Ground,26450,0,12
2026-08-31T05:15:42.968687224Z,18.084848,114.076412,Cloud to Ground,-15352,0,10
2026-08-31T05:15:42.999931464Z,18.063559,114.080704,Cloud to Ground,27806,0,14
2026-08-31T05:15:43.022543000Z,18.1121,114.056,Cloud to Ground,31237,0,6
2026-08-31T05:15:42.703886528Z,16.57266,128.943461,Cloud to Ground,-12405,0,13
2026-08-31T05:15:42.702190028Z,16.555549,128.947058,Cloud to Cloud,-11037,18837,8
2026-08-31T05:15:42.704756088Z,16.60331,128.930439,Cloud to Cloud,-8297,18003,8
2026-08-31T05:15:42.703148098Z,16.614186,128.94786,Cloud to Ground,27763,0,11
2026-08-31T05:15:44.223269773Z,22.411841,113.300427,Cloud to Ground,-11378,0,13
2026-08-31T05:15:45.748141726Z,16.598775,130.302521,Cloud to Ground,-22348,0,8
2026-08-31T05:15:45.714890979Z,16.583279,130.310971,Cloud to Cloud,-12890,3044,24
2026-08-31T05:15:45.679042789Z,16.549742,130.47746,Cloud to Ground,-24626,0,10
2026-08-31T05:15:45.871776137Z,16.577967,130.477127,Cloud to Ground,-20749,0,11
2026-08-31T05:15:45.749135421Z,16.56577,130.484206,Cloud to Cloud,-14087,3003,10
2026-08-31T05:15:45.835952255Z,16.573561,130.486804,Cloud to Cloud,-12133,3351,9
2026-08-31T05:15:45.663060957Z,16.574619,130.492195,Cloud to Ground,-9895,0,7
2026-08-31T05:15:45.723180889Z,16.571782,130.487535,Cloud to Ground,7149,0,12
2026-08-31T05:15:45.697556772Z,16.577138,130.482029,Cloud to Cloud,8757,3002,8
2026-08-31T05:15:46.637047015Z,16.393701,129.218657,Cloud to Cloud,-11421,3332,13
2026-08-31T05:15:51.245497860Z,16.397425,129.229903,Cloud to Cloud,7152,5012,9
2026-08-31T05:15:52.968515693Z,16.350649,129.267739,Cloud to Cloud,7657,17915,7
2026-08-31T05:15:52.165182171Z,22.442913,112.689535,Cloud to Cloud,-10383,3014,6
2026-08-31T05:15:52.873967938Z,15.661266,121.03711,Cloud to Cloud,6550,15440,9
2026-08-31T05:15:53.951460707Z,16.206365,130.000802,Cloud to Cloud,-11455,16230,7
2026-08-31T05:15:53.936153701Z,16.248683,129.952037,Cloud to Cloud,-10918,4125,8
2026-08-31T05:15:53.934073303Z,16.21124,130.00399,Cloud to Ground,83488,0,10
2026-08-31T05:15:54.398504026Z,16.302132,130.065906,Cloud to Ground,-10112,0,8
2026-08-31T05:15:55.683778105Z,15.098593,133.230822,Cloud to Cloud,-11208,7365,16
2026-08-31T05:15:55.842772783Z,14.868678,133.344716,Cloud to Ground,-14467,0,10
2026-08-31T05:15:55.990459953Z,15.029121,133.321321,Cloud to Ground,-11486,0,8
2026-08-31T05:15:55.311553734Z,22.310588,114.027902,Cloud to Cloud,-8231,3001,10
2026-08-31T05:15:55.306629395Z,22.297177,114.081118,Cloud to Ground,10273,0,6
2026-08-31T05:15:58.056052509Z,16.389796,129.25561,Cloud to Cloud,-7990,14152,5
2026-08-31T05:16:01.931578037Z,16.401405,129.297413,Cloud to Ground,-22061,0,14
2026-08-31T05:16:02.032713404Z,16.420219,129.283673,Cloud to Cloud,6267,5778,8
2026-08-31T05:16:02.096207990Z,16.409621,129.11127,Cloud to Ground,-13446,0,12
2026-08-31T05:16:03.645787561Z,19.05176,115.537223,Cloud to Cloud,-32947,6476,14
2026-08-31T05:16:07.443958858Z,16.376013,129.327636,Cloud to Ground,-14054,0,10
2026-08-31T05:16:07.667851914Z,16.382503,129.303499,Cloud to Cloud,-8910,9085,7
2026-08-31T05:16:07.777137533Z,16.457627,129.28312,Cloud to Cloud,-8658,3011,8
2026-08-31T05:16:07.393113245Z,16.337357,129.324715,Cloud to Cloud,7125,3127,7
2026-08-31T05:16:07.446317610Z,16.372281,129.310639,Cloud to Ground,12914,0,8
2026-08-31T05:16:11.123169635Z,17.374797,133.869284,Cloud to Ground,-8189,0,12
2026-08-31T05:16:11.304016853Z,17.414037,133.86744,Cloud to Ground,8854,0,8
2026-08-31T05:16:11.234604353Z,17.415058,133.868287,Cloud to Ground,9253,0,7
2026-08-31T05:16:11.114563676Z,17.374201,133.866827,Cloud to Ground,10627,0,10
2026-08-31T05:16:11.279661691Z,17.408565,133.876529,Cloud to Ground,11384,0,13
2026-08-31T05:16:11.202404981Z,17.402347,133.867103,Cloud to Ground,13554,0,16
2026-08-31T05:16:11.338390293Z,17.408959,133.869038,Cloud to Ground,14395,0,15
2026-08-31T05:16:11.239071781Z,17.351206,133.878256,Cloud to Ground,38744,0,17
2026-08-31T05:16:11.156822298Z,17.370473,133.868838,Cloud to Ground,54626,0,17
2026-08-31T05:16:11.124136667Z,17.372281,133.865252,Cloud to Ground,63221,0,16
2026-08-31T05:16:11.080466601Z,17.389238,133.877119,Cloud to Ground,89579,0,17
2026-08-31T05:16:11.639339287Z,16.380318,129.228863,Cloud to Ground,-19320,0,11
2026-08-31T05:16:12.934959868Z,16.487142,130.520602,Cloud to Ground,10625,0,7
2026-08-31T05:16:13.753977680Z,16.463893,129.059516,Cloud to Cloud,-27340,16605,15
2026-08-31T05:16:14.413492356Z,19.5547,121.384883,Cloud to Cloud,-4557,15366,7
2026-08-31T05:16:14.095627859Z,19.664029,121.335467,Cloud to Cloud,-11161,10429,7
2026-08-31T05:16:14.010001183Z,19.666632,121.242515,Cloud to Cloud,6527,15060,6
2026-08-31T05:16:13.959314210Z,19.674003,121.23074,Cloud to Cloud,9906,7297,8
2026-08-31T05:16:14.409461000Z,19.6314,121.4393,Cloud to Ground,-37746,0,11
2026-08-31T05:16:16.137731338Z,15.020743,133.327608,Cloud to Ground,-12747,0,13
2026-08-31T05:16:16.156156463Z,15.020038,133.320427,Cloud to Ground,-11420,0,7
2026-08-31T05:16:16.115702586Z,15.09492,133.263838,Cloud to Ground,-10731,0,7
2026-08-31T05:16:16.102885658Z,15.089808,133.277768,Cloud to Ground,-9323,0,10
2026-08-31T05:16:16.279026236Z,15.045597,133.337418,Cloud to Ground,6306,0,7
2026-08-31T05:16:16.301970328Z,15.013067,133.326972,Cloud to Ground,10464,0,7
2026-08-31T05:16:16.405386050Z,15.013828,133.317722,Cloud to Ground,13981,0,10
2026-08-31T05:16:16.064826793Z,16.323622,129.346495,Cloud to Cloud,-8319,7708,6
2026-08-31T05:16:19.891450732Z,16.420766,129.538466,Cloud to Cloud,21958,9404,10
2026-08-31T05:16:20.146081212Z,13.613643,134.404081,Cloud to Ground,-15864,0,14
2026-08-31T05:16:20.150525863Z,13.598496,134.376793,Cloud to Ground,-14534,0,13
2026-08-31T05:16:20.175527584Z,13.589053,134.354901,Cloud to Ground,-10306,0,14
2026-08-31T05:16:20.162568414Z,13.534803,134.193544,Cloud to Cloud,-18290,5663,17
2026-08-31T05:16:21.869400644Z,15.345742,132.714919,Cloud to Cloud,-10123,6198,10
2026-08-31T05:16:21.871118843Z,15.387571,132.703181,Cloud to Ground,-8077,0,6
2026-08-31T05:16:21.104034671Z,16.398702,129.280063,Cloud to Ground,-29990,0,12
2026-08-31T05:16:21.304539723Z,16.424973,129.303647,Cloud to Cloud,10354,3082,9
2026-08-31T05:16:21.288679561Z,16.412106,129.302087,Cloud to Cloud,19682,16902,9
2026-08-31T05:16:22.751419956Z,13.494322,134.653434,Cloud to Ground,-32260,0,20
2026-08-31T05:16:22.748958028Z,13.568778,134.800621,Cloud to Ground,-42904,0,19
2026-08-31T05:16:22.753142837Z,13.507915,134.838739,Cloud to Ground,-15756,0,13
2026-08-31T05:16:22.749835865Z,13.504582,134.825806,Cloud to Ground,54124,0,26
2026-08-31T05:16:22.378664680Z,15.449697,132.565073,Cloud to Cloud,-11378,3067,10
2026-08-31T05:16:23.620809120Z,17.550591,132.268274,Cloud to Ground,-8529,0,7
2026-08-31T05:16:23.609339564Z,17.56392,132.266148,Cloud to Ground,9954,0,9
2026-08-31T05:16:23.906698920Z,16.454968,129.277438,Cloud to Ground,-12673,0,8
2026-08-31T05:16:23.784054743Z,16.426741,129.290807,Cloud to Cloud,-11375,11827,7
2026-08-31T05:16:23.586848540Z,16.417496,129.29947,Cloud to Cloud,14691,3882,13
2026-08-31T05:16:27.591082227Z,16.400626,129.228661,Cloud to Ground,17428,0,9
2026-08-31T05:16:28.510251669Z,17.989661,114.825745,Cloud to Cloud,-12851,12498,10
2026-08-31T05:16:28.686399356Z,17.999182,114.801383,Cloud to Cloud,-6620,19270,8
2026-08-31T05:16:28.558317401Z,15.707616,121.129358,Cloud to Cloud,11611,7835,7
2026-08-31T05:16:29.098184584Z,15.030697,133.316246,Cloud to Ground,-39321,0,14
2026-08-31T05:16:29.188713983Z,15.045874,133.318543,Cloud to Ground,-12904,0,14
2026-08-31T05:16:29.276759283Z,15.024286,133.324247,Cloud to Ground,-12295,0,14
2026-08-31T05:16:29.294807707Z,15.050863,133.382423,Cloud to Ground,-10403,0,11
2026-08-31T05:16:29.295966705Z,14.999638,133.279353,Cloud to Cloud,-8006,3446,12
2026-08-31T05:16:29.479514785Z,15.033323,133.27428,Cloud to Ground,10385,0,8
2026-08-31T05:16:29.341498844Z,15.024942,133.291257,Cloud to Ground,11389,0,10
2026-08-31T05:16:29.388907412Z,15.014487,133.289877,Cloud to Ground,21231,0,18
2026-08-31T05:16:32.357983702Z,16.43387,129.311205,Cloud to Ground,18467,0,11
2026-08-31T05:16:37.533026499Z,15.035325,133.311533,Cloud to Ground,-10028,0,9
2026-08-31T05:16:37.676406274Z,15.016948,133.314449,Cloud to Cloud,-9407,11276,7
2026-08-31T05:16:37.129348233Z,16.41589,129.292057,Cloud to Cloud,-9290,6131,7
2026-08-31T05:16:37.127978319Z,16.4284,129.288496,Cloud to Cloud,-8337,5284,10
2026-08-31T05:16:39.681510631Z,15.017864,133.153027,Cloud to Ground,-13440,0,7
2026-08-31T05:16:39.543072163Z,15.041499,133.32044,Cloud to Ground,-23150,0,13
2026-08-31T05:16:39.333495771Z,15.028322,133.322445,Cloud to Ground,18954,0,14
2026-08-31T05:16:39.294487394Z,15.031188,133.28904,Cloud to Ground,52711,0,16
2026-08-31T05:16:39.191059090Z,15.025112,133.308324,Cloud to Ground,57486,0,25
2026-08-31T05:16:39.542190779Z,15.028216,133.325161,Cloud to Ground,91624,0,17
2026-08-31T05:16:40.959632368Z,4.874633,113.794171,Cloud to Ground,17503,0,14
2026-08-31T05:16:40.959027216Z,4.873686,113.79606,Cloud to Ground,20561,0,7
2026-08-31T05:16:40.455108871Z,15.110697,133.311336,Cloud to Ground,-14168,0,26
2026-08-31T05:16:42.238259844Z,16.552084,130.488752,Cloud to Ground,-10573,0,14
2026-08-31T05:16:43.285599928Z,16.461771,129.152218,Cloud to Cloud,14258,6375,10
2026-08-31T05:16:43.826326182Z,15.644165,121.070699,Cloud to Cloud,-8056,7987,11
2026-08-31T05:16:45.085830613Z,16.337424,129.341558,Cloud to Ground,-13583,0,7
2026-08-31T05:16:50.875096000Z,16.4336,129.2477,Cloud to Ground,-12095,0,5
2026-08-31T05:16:50.837644709Z,16.402036,129.27929,Cloud to Cloud,-9951,17482,15
2026-08-31T05:16:51.587294081Z,13.585051,134.348251,Cloud to Ground,-9002,0,7
2026-08-31T05:16:53.042558123Z,18.767254,115.178375,Cloud to Cloud,13133,3001,7
2026-08-31T05:16:52.909558962Z,18.749203,115.193512,Cloud to Ground,33135,0,7
2026-08-31T05:16:53.178622912Z,18.595979,115.178065,Cloud to Cloud,-10328,6401,7
2026-08-31T05:16:54.341365852Z,16.604289,128.962486,Cloud to Ground,20573,0,16
2026-08-31T05:16:55.924334779Z,15.016088,133.143052,Cloud to Ground,-12032,0,7
2026-08-31T05:16:55.896018520Z,15.039041,133.310534,Cloud to Ground,-18094,0,10
2026-08-31T05:16:55.715552473Z,15.10128,133.305628,Cloud to Ground,-13956,0,9
2026-08-31T05:16:55.746040595Z,15.039844,133.318317,Cloud to Ground,-8718,0,6
2026-08-31T05:16:56.469753610Z,16.582105,130.50292,Cloud to Cloud,-11016,19223,12
2026-08-31T05:17:00.528400262Z,13.553462,134.599946,Cloud to Ground,-61606,0,22
2026-08-31T05:17:00.531555665Z,13.630259,134.54389,Cloud to Ground,-17686,0,11
2026-08-31T05:17:00.529133544Z,13.639428,134.556211,Cloud to Ground,-10143,0,9
2026-08-31T05:17:03.331239286Z,16.436601,129.12476,Cloud to Ground,-16614,0,10
2026-08-31T05:17:03.186135829Z,16.412811,129.121658,Cloud to Cloud,-12771,14272,15
2026-08-31T05:17:03.470883515Z,16.431741,129.145297,Cloud to Ground,-12334,0,13
2026-08-31T05:17:03.518947000Z,16.5197,129.21,Cloud to Ground,-17528,0,5
2026-08-31T05:17:03.105375365Z,16.414939,129.26083,Cloud to Ground,-17219,0,12
2026-08-31T05:17:03.143048000Z,16.4106,129.2603,Cloud to Ground,3615,0,7
2026-08-31T05:17:03.579433068Z,16.436327,129.305872,Cloud to Cloud,11126,5599,7
2026-08-31T05:17:03.366660519Z,16.389699,129.321443,Cloud to Ground,11806,0,7
2026-08-31T05:17:03.520521667Z,16.428278,129.284881,Cloud to Cloud,11862,3089,7
2026-08-31T05:17:03.504075320Z,16.376816,129.290827,Cloud to Ground,19941,0,8
2026-08-31T05:17:03.162142530Z,16.416661,129.313774,Cloud to Ground,26748,0,12
2026-08-31T05:17:03.330781709Z,16.433807,129.316592,Cloud to Ground,40704,0,15
2026-08-31T05:17:05.087651347Z,16.399703,129.228195,Cloud to Ground,29257,0,13
2026-08-31T05:17:06.619583933Z,16.159141,130.029364,Cloud to Ground,28234,0,9
2026-08-31T05:17:06.737645523Z,16.257224,129.987313,Cloud to Cloud,-10135,3129,12
2026-08-31T05:17:06.620465729Z,16.265793,130.019059,Cloud to Cloud,8052,18078,11
2026-08-31T05:17:07.643480573Z,16.405553,129.212848,Cloud to Cloud,7658,7698,5
2026-08-31T05:17:09.405275614Z,17.587127,116.983026,Cloud to Cloud,14088,5032,11
2026-08-31T05:17:12.984163980Z,15.073069,133.065673,Cloud to Ground,-18988,0,12
2026-08-31T05:17:20.273998697Z,17.385551,133.880944,Cloud to Cloud,-15827,7877,8
2026-08-31T05:17:20.250676344Z,17.356316,133.884081,Cloud to Ground,-15255,0,9
2026-08-31T05:17:20.286392900Z,17.35244,133.959914,Cloud to Ground,-8718,0,7
2026-08-31T05:17:20.393275195Z,17.396976,133.869403,Cloud to Ground,15049,0,9
2026-08-31T05:17:20.356627112Z,17.389439,133.888229,Cloud to Ground,65918,0,16
2026-08-31T05:17:20.264981432Z,17.381412,133.884403,Cloud to Ground,93924,0,20
2026-08-31T05:17:22.480508967Z,15.05131,133.306626,Cloud to Ground,10393,0,9
2026-08-31T05:17:26.056053372Z,22.248785,114.08844,Cloud to Ground,-10452,0,10
2026-08-31T05:17:26.562571201Z,15.599915,121.103375,Cloud to Cloud,7515,15843,7
2026-08-31T05:17:27.988383762Z,15.041599,133.290868,Cloud to Ground,-7631,0,6
2026-08-31T05:17:27.693065964Z,15.025271,133.332437,Cloud to Cloud,-6900,7054,7
2026-08-31T05:17:28.211041985Z,15.051549,133.356839,Cloud to Ground,21032,0,8
2026-08-31T05:17:29.684202195Z,16.562726,129.359123,Cloud to Ground,18754,0,10
2026-08-31T05:17:29.884543759Z,16.462239,129.20319,Cloud to Cloud,-10945,16974,17
2026-08-31T05:17:29.831777841Z,16.355961,129.345448,Cloud to Cloud,-13396,4104,11
2026-08-31T05:17:29.739703246Z,16.389686,129.321868,Cloud to Cloud,-12850,14260,12
2026-08-31T05:17:30.037591115Z,16.43884,129.3566,Cloud to Cloud,-8604,3023,9
2026-08-31T05:17:29.885078740Z,16.426429,129.351446,Cloud to Cloud,10535,3181,9
2026-08-31T05:17:30.733403139Z,16.410038,129.198267,Cloud to Ground,15064,0,9
2026-08-31T05:17:31.975129562Z,13.602722,134.38407,Cloud to Ground,-16121,0,11
2026-08-31T05:17:31.948612704Z,13.594061,134.413942,Cloud to Ground,-15790,0,17
2026-08-31T05:17:31.969040641Z,13.611346,134.375588,Cloud to Ground,-8824,0,15
2026-08-31T05:17:32.046633087Z,13.612043,134.385263,Cloud to Ground,-7000,0,7
2026-08-31T05:17:31.944162917Z,13.580285,134.429162,Cloud to Ground,11842,0,8
2026-08-31T05:17:34.658011819Z,16.535289,128.700679,Cloud to Cloud,9931,11409,8
2026-08-31T05:17:38.427980252Z,15.100239,133.283034,Cloud to Ground,-9098,0,10
2026-08-31T05:17:38.834734653Z,16.398863,129.229804,Cloud to Ground,18281,0,10
2026-08-31T05:17:39.067132501Z,17.909791,114.744347,Cloud to Cloud,-31575,3003,12
2026-08-31T05:17:39.420227246Z,17.911182,114.750386,Cloud to Cloud,-16855,5832,7
2026-08-31T05:17:39.077767431Z,17.900019,114.749319,Cloud to Cloud,-14225,3130,7
2026-08-31T05:17:39.066640348Z,17.859647,114.753405,Cloud to Cloud,-12409,13725,9
2026-08-31T05:17:39.070979566Z,17.891463,114.753375,Cloud to Cloud,-10539,18588,10
2026-08-31T05:17:39.073927541Z,17.901057,114.708592,Cloud to Cloud,-9087,6936,12
2026-08-31T05:17:39.101081000Z,17.9397,114.6974,Cloud to Ground,-2745,0,9
2026-08-31T05:17:39.075226042Z,17.91911,114.734782,Cloud to Cloud,10492,7717,6
2026-08-31T05:17:39.072146267Z,17.891362,114.737217,Cloud to Cloud,16539,7450,14
2026-08-31T05:17:39.067861135Z,17.907007,114.625628,Cloud to Ground,17316,0,9
2026-08-31T05:17:39.068434092Z,17.90413,114.748181,Cloud to Ground,29713,0,16
2026-08-31T05:17:44.519829170Z,17.586327,132.184415,Cloud to Ground,10619,0,11
2026-08-31T05:17:46.375428957Z,16.428059,129.334591,Cloud to Ground,-27114,0,14
2026-08-31T05:17:46.419501000Z,16.4826,129.3636,Cloud to Ground,24652,0,6
2026-08-31T05:17:47.951248051Z,15.032904,133.31261,Cloud to Cloud,-14745,5032,10
2026-08-31T05:17:47.901726695Z,15.077877,133.289382,Cloud to Cloud,-12749,3380,17
2026-08-31T05:17:48.012395267Z,15.097272,133.308685,Cloud to Ground,-10286,0,13
2026-08-31T05:17:47.891100924Z,15.032328,133.32287,Cloud to Ground,19810,0,14
2026-08-31T05:17:50.698495022Z,17.919792,113.731536,Cloud to Ground,-10257,0,7
2026-08-31T05:17:50.692941768Z,17.918754,113.72985,Cloud to Cloud,-7106,9246,8
2026-08-31T05:17:50.696489783Z,17.913612,113.725958,Cloud to Cloud,-6609,4974,7
2026-08-31T05:17:50.693918922Z,17.914419,113.722946,Cloud to Ground,43372,0,10
2026-08-31T05:17:52.589862624Z,15.045505,133.30776,Cloud to Ground,21431,0,9
2026-08-31T05:17:53.325436790Z,18.017483,114.831379,Cloud to Cloud,-12082,4599,8
2026-08-31T05:17:53.245767201Z,18.019989,114.819866,Cloud to Cloud,-8536,17577,7
2026-08-31T05:17:53.248832345Z,18.009191,114.784729,Cloud to Ground,16678,0,7
2026-08-31T05:17:53.310893894Z,18.013005,114.825803,Cloud to Ground,20107,0,14
2026-08-31T05:17:55.806356331Z,16.390577,129.322525,Cloud to Cloud,-13206,9760,9
2026-08-31T05:17:57.548513754Z,15.131873,133.502148,Cloud to Ground,-14112,0,8
2026-08-31T05:17:57.553089559Z,15.130861,133.50298,Cloud to Cloud,-9705,10263,7
2026-08-31T05:17:57.546942955Z,15.117271,133.513081,Cloud to Ground,41083,0,20
2026-08-31T05:17:57.554921307Z,15.182466,133.281992,Cloud to Ground,-25469,0,8
2026-08-31T05:17:57.955353000Z,15.2186,133.3574,Cloud to Ground,-7221,0,5
2026-08-31T05:17:57.614027822Z,16.406474,129.207702,Cloud to Ground,17594,0,8
2026-08-31T05:17:58.023192780Z,15.088465,133.377873,Cloud to Ground,-25943,0,11
2026-08-31T05:17:59.218148147Z,9.038861,110.226595,Cloud to Ground,18631,0,14
2026-08-31T05:17:59.683245567Z,18.687709,115.170071,Cloud to Cloud,-11663,11039,10
2026-08-31T05:17:59.353015799Z,18.676657,115.170557,Cloud to Cloud,9420,3026,10
2026-08-31T05:17:59.351237268Z,18.685413,115.17016,Cloud to Ground,13399,0,10
2026-08-31T05:18:00.505673581Z,16.378372,130.528154,Cloud to Cloud,5624,6695,7
2026-08-31T05:18:00.507015654Z,16.366154,130.545191,Cloud to Ground,17939,0,12
2026-08-31T05:18:01.901549000Z,19.697,121.2961,Cloud to Ground,-95443,0,6
2026-08-31T05:18:02.010117795Z,19.685512,121.265336,Cloud to Cloud,7658,15739,7
2026-08-31T05:18:02.008692123Z,19.680784,121.256048,Cloud to Cloud,13295,7338,7
2026-08-31T05:18:02.003878508Z,19.677646,121.242117,Cloud to Cloud,16483,19839,6
2026-08-31T05:18:02.005482937Z,19.680907,121.25,Cloud to Ground,21026,0,14
2026-08-31T05:18:03.532554883Z,13.63261,134.383475,Cloud to Ground,-14454,0,14
2026-08-31T05:18:03.477623135Z,13.573111,134.316907,Cloud to Ground,-9822,0,14
2026-08-31T05:18:03.917511504Z,13.589955,134.319186,Cloud to Ground,-9125,0,13
2026-08-31T05:18:03.717376446Z,13.556433,134.467037,Cloud to Ground,18946,0,11
2026-08-31T05:18:05.074776335Z,16.305262,130.253952,Cloud to Ground,-15627,0,8
2026-08-31T05:18:05.031761548Z,16.304549,130.247875,Cloud to Cloud,9330,3144,8
2026-08-31T05:18:05.032567707Z,16.288004,130.266988,Cloud to Ground,17707,0,10
2026-08-31T05:18:05.751890337Z,21.968151,112.84326,Cloud to Cloud,-10878,3005,10
2026-08-31T05:18:07.265991456Z,15.031597,133.155257,Cloud to Cloud,-15079,18947,11
2026-08-31T05:18:07.330545681Z,15.054926,133.331759,Cloud to Ground,9286,0,16
2026-08-31T05:18:14.462375137Z,14.914836,133.356359,Cloud to Ground,-9159,0,7
2026-08-31T05:18:14.122623925Z,15.034478,133.273773,Cloud to Cloud,7365,18156,7
2026-08-31T05:18:18.629488737Z,16.376496,129.325838,Cloud to Ground,-12748,0,7
2026-08-31T05:18:18.604464642Z,16.403639,129.23612,Cloud to Cloud,-9260,17628,7
2026-08-31T05:18:18.753607882Z,16.37172,129.319643,Cloud to Ground,-8313,0,6
2026-08-31T05:18:19.858803720Z,16.570087,130.533566,Cloud to Cloud,-7811,5647,7
2026-08-31T05:18:19.860731623Z,16.491546,130.541003,Cloud to Cloud,15677,4518,8
2026-08-31T05:18:19.751778117Z,16.544825,130.379673,Cloud to Ground,16810,0,10
2026-08-31T05:18:19.326641218Z,19.676967,119.058236,Cloud to Cloud,-8140,4893,14
2026-08-31T05:18:19.340844492Z,19.664323,119.056783,Cloud to Cloud,3238,3012,7
2026-08-31T05:18:19.302987388Z,19.799129,119.07011,Cloud to Cloud,5943,3160,7
2026-08-31T05:18:19.300847999Z,19.738877,119.094187,Cloud to Cloud,7402,16509,10
2026-08-31T05:18:22.542799205Z,15.03999,133.343657,Cloud to Ground,10111,0,9
2026-08-31T05:18:22.541198969Z,15.01951,133.356916,Cloud to Ground,10859,0,11
2026-08-31T05:18:22.427905418Z,15.031568,133.349753,Cloud to Ground,11440,0,10
2026-08-31T05:18:22.851929067Z,15.03849,133.341559,Cloud to Ground,12265,0,11
2026-08-31T05:18:21.822252109Z,15.025882,133.350081,Cloud to Ground,13596,0,11
2026-08-31T05:18:22.504686138Z,15.040483,133.340346,Cloud to Ground,13986,0,13
2026-08-31T05:18:22.757630474Z,15.030105,133.346064,Cloud to Ground,17078,0,11
2026-08-31T05:18:22.304087739Z,15.026054,133.35427,Cloud to Ground,17287,0,12
2026-08-31T05:18:22.724848800Z,15.043888,133.334505,Cloud to Ground,17964,0,13
2026-08-31T05:18:22.414336752Z,15.022006,133.351861,Cloud to Ground,33523,0,16
2026-08-31T05:18:21.793626464Z,15.017257,133.356865,Cloud to Ground,58408,0,11
2026-08-31T05:18:21.447612641Z,22.418941,112.576048,Cloud to Cloud,-4536,3032,8
2026-08-31T05:18:21.448781651Z,22.376951,112.683431,Cloud to Cloud,-12166,3012,8
2026-08-31T05:18:26.193799071Z,13.564431,134.763973,Cloud to Ground,-21442,0,19
2026-08-31T05:18:26.218748415Z,13.569393,134.749067,Cloud to Ground,-18014,0,22
2026-08-31T05:18:26.196641879Z,13.574165,134.768112,Cloud to Ground,-14804,0,11
2026-08-31T05:18:26.197278383Z,13.52118,134.796705,Cloud to Ground,-13341,0,12
2026-08-31T05:18:26.194834000Z,13.534,134.7503,Cloud to Ground,47742,0,8
2026-08-31T05:18:27.437452825Z,13.316173,134.88965,Cloud to Ground,62983,0,22
2026-08-31T05:18:28.648287050Z,15.005962,133.345916,Cloud to Ground,-14527,0,7
2026-08-31T05:18:28.712752199Z,15.036184,133.334883,Cloud to Ground,-9671,0,6
2026-08-31T05:18:28.375555014Z,15.279614,132.716703,Cloud to Ground,-28753,0,8
2026-08-31T05:18:28.388288681Z,15.524763,132.660589,Cloud to Ground,-8691,0,10
2026-08-31T05:18:28.434627753Z,15.443887,132.709927,Cloud to Ground,-26912,0,14
2026-08-31T05:18:28.849221238Z,15.395843,132.774672,Cloud to Cloud,-22180,9874,11
2026-08-31T05:18:27.829790651Z,15.410941,132.638088,Cloud to Ground,-18675,0,13
2026-08-31T05:18:28.421074735Z,15.389965,132.57255,Cloud to Ground,-7523,0,11
2026-08-31T05:18:27.829139610Z,15.402541,132.635233,Cloud to Ground,10804,0,10
2026-08-31T05:18:29.731392219Z,16.461486,129.239668,Cloud to Cloud,-8474,3034,12
2026-08-31T05:18:29.767332582Z,16.392566,129.161465,Cloud to Cloud,-12789,5566,11
2026-08-31T05:18:29.770203994Z,16.381611,129.306401,Cloud to Cloud,-10169,3044,6
2026-08-31T05:18:34.352715913Z,16.212332,129.99414,Cloud to Cloud,-13744,3023,8
2026-08-31T05:18:34.665180529Z,16.224048,130.061088,Cloud to Cloud,-8931,15228,7
2026-08-31T05:18:37.113282004Z,13.576244,134.464,Cloud to Ground,13337,0,13
2026-08-31T05:18:37.562418428Z,17.531211,132.30775,Cloud to Ground,37514,0,15
2026-08-31T05:18:38.608570731Z,14.961444,133.316697,Cloud to Ground,11233,0,8
2026-08-31T05:18:38.584409740Z,16.516552,129.52506,Cloud to Ground,18567,0,14
2026-08-31T05:18:40.715861685Z,16.538263,128.812127,Cloud to Cloud,-18423,5414,10
2026-08-31T05:18:40.788222037Z,16.531777,128.813313,Cloud to Cloud,-7328,6889,12
2026-08-31T05:18:40.732523216Z,16.469392,128.856431,Cloud to Cloud,11446,3011,9
2026-08-31T05:18:40.792314907Z,16.528669,128.851157,Cloud to Cloud,12784,11562,7
2026-08-31T05:18:40.749221148Z,16.460801,128.863605,Cloud to Ground,22312,0,10
2026-08-31T05:18:44.548430897Z,16.420145,129.318018,Cloud to Cloud,-16961,3507,13
2026-08-31T05:18:44.546247127Z,16.407993,129.319189,Cloud to Ground,24153,0,11
2026-08-31T05:18:46.983405482Z,15.081647,133.233536,Cloud to Ground,-10120,0,10
2026-08-31T05:18:46.943536187Z,15.044277,133.317528,Cloud to Ground,-9643,0,14
2026-08-31T05:18:47.008839000Z,15.0402,133.3265,Cloud to Ground,-8528,0,5
2026-08-31T05:18:47.330819207Z,15.034905,133.343098,Cloud to Cloud,8772,6562,7
2026-08-31T05:18:49.589962906Z,18.050731,114.852157,Cloud to Ground,11861,0,10
2026-08-31T05:18:49.288495725Z,18.037291,114.847507,Cloud to Ground,24284,0,14
2026-08-31T05:18:49.876651031Z,19.249976,116.234233,Cloud to Ground,19244,0,12
2026-08-31T05:18:56.882882690Z,15.048868,133.313406,Cloud to Ground,14412,0,8
2026-08-31T05:18:57.046143026Z,16.374291,129.269663,Cloud to Cloud,-11689,7363,7
2026-08-31T05:18:57.155853561Z,16.403062,129.295145,Cloud to Cloud,-11433,14901,10
2026-08-31T05:18:56.786238794Z,16.414883,129.198472,Cloud to Cloud,13317,9049,10
2026-08-31T05:18:56.624412808Z,19.667445,119.064195,Cloud to Cloud,4499,17690,6
2026-08-31T05:19:04.128468634Z,15.012083,133.290414,Cloud to Ground,-19479,0,21
2026-08-31T05:19:03.933166056Z,15.058838,133.259599,Cloud to Ground,-10224,0,10
2026-08-31T05:19:04.193190765Z,15.0107,133.301077,Cloud to Ground,17139,0,8
2026-08-31T05:19:07.256916041Z,16.490991,129.257072,Cloud to Cloud,-14905,3001,9
2026-08-31T05:19:07.183658000Z,16.4168,129.3464,Cloud to Ground,3378,0,5
2026-08-31T05:19:07.295301079Z,16.47184,129.321761,Cloud to Cloud,15677,3967,8
2026-08-31T05:19:11.260486643Z,13.572281,134.454922,Cloud to Ground,-11585,0,8
2026-08-31T05:19:11.239503267Z,13.576478,134.457527,Cloud to Ground,-10463,0,5
2026-08-31T05:19:11.558340786Z,13.562674,134.473402,Cloud to Ground,-10438,0,7
2026-08-31T05:19:11.345860628Z,13.574709,134.441774,Cloud to Ground,-9278,0,5
2026-08-31T05:19:11.296427106Z,13.557516,134.476195,Cloud to Ground,10508,0,10
2026-08-31T05:19:12.629302000Z,18.6589,115.1887,Cloud to Ground,-12216,0,5
2026-08-31T05:19:12.217657774Z,18.748341,115.137096,Cloud to Cloud,-9597,3009,7
2026-08-31T05:19:12.222512994Z,18.681695,115.16929,Cloud to Cloud,-7652,10648,7
2026-08-31T05:19:14.636019959Z,15.059968,133.356752,Cloud to Ground,-14824,0,6
2026-08-31T05:19:14.508520000Z,15.0775,133.2909,Cloud to Ground,-9932,0,6
2026-08-31T05:19:14.404699887Z,15.026172,133.358861,Cloud to Ground,12739,0,9
2026-08-31T05:19:16.390418508Z,15.436049,132.496084,Cloud to Ground,-29977,0,14
2026-08-31T05:19:16.391483738Z,15.412847,132.515801,Cloud to Ground,-8619,0,8
2026-08-31T05:19:16.389678954Z,15.380426,132.52471,Cloud to Cloud,-8519,3040,10
2026-08-31T05:19:16.410804220Z,15.395961,132.473946,Cloud to Ground,-8070,0,9
2026-08-31T05:19:16.466452032Z,15.404874,132.478543,Cloud to Ground,14795,0,12
2026-08-31T05:19:16.389124321Z,15.4082,132.513163,Cloud to Ground,32764,0,14
2026-08-31T05:19:16.058700652Z,17.640461,119.583227,Cloud to Cloud,9211,12594,8
2026-08-31T05:19:16.060103000Z,17.5962,119.561,Cloud to Ground,19707,0,6
2026-08-31T05:19:17.874355113Z,16.41017,129.245224,Cloud to Cloud,-11443,6485,13
2026-08-31T05:19:17.847387173Z,16.28278,129.350528,Cloud to Cloud,16178,17460,10
2026-08-31T05:19:17.893803670Z,16.377742,129.343222,Cloud to Cloud,-9193,7625,8
2026-08-31T05:19:19.522049775Z,17.259119,133.722324,Cloud to Ground,27808,0,17
2026-08-31T05:19:19.989426402Z,17.603903,116.993813,Cloud to Ground,18860,0,15
2026-08-31T05:19:19.994126128Z,17.698712,116.907933,Cloud to Ground,11654,0,9
2026-08-31T05:19:20.296278994Z,16.568668,130.505494,Cloud to Cloud,-13246,3001,15
2026-08-31T05:19:20.348974327Z,16.543022,130.550255,Cloud to Cloud,-10695,16568,6
2026-08-31T05:19:20.519353486Z,16.50242,130.474484,Cloud to Ground,-10092,0,14
2026-08-31T05:19:20.322153981Z,16.552743,130.533723,Cloud to Cloud,-9450,3010,15
2026-08-31T05:19:20.341947231Z,16.5543,130.53553,Cloud to Ground,17153,0,17
2026-08-31T05:19:20.297903346Z,16.444753,130.56102,Cloud to Cloud,11011,11156,7
2026-08-31T05:19:20.814391777Z,14.98642,133.197975,Cloud to Ground,-13677,0,7
2026-08-31T05:19:27.945911531Z,15.427465,132.698473,Cloud to Ground,-23447,0,15
2026-08-31T05:19:27.948094043Z,15.412067,132.733229,Cloud to Ground,-9603,0,6
2026-08-31T05:19:28.518976622Z,16.438694,129.352098,Cloud to Cloud,19211,3003,8
2026-08-31T05:19:30.704921286Z,4.811581,113.720029,Cloud to Cloud,20391,3039,6
2026-08-31T05:19:32.769218995Z,16.590139,128.986998,Cloud to Ground,15433,0,12
2026-08-31T05:19:32.517815890Z,22.655274,113.752473,Cloud to Cloud,-12527,12996,10
2026-08-31T05:19:32.532810429Z,22.422869,112.489108,Cloud to Cloud,-12489,6021,10
2026-08-31T05:19:32.590762572Z,22.428723,112.466177,Cloud to Cloud,-12237,5723,8
2026-08-31T05:19:32.515788670Z,22.402011,112.484007,Cloud to Cloud,-12061,3064,8
2026-08-31T05:19:32.520313054Z,22.409567,112.465683,Cloud to Cloud,-10750,7102,9
2026-08-31T05:19:32.527928291Z,22.409057,112.460379,Cloud to Cloud,-8044,6269,8
2026-08-31T05:19:33.391518952Z,15.183696,133.488754,Cloud to Ground,-21602,0,20
2026-08-31T05:19:33.389099700Z,15.131505,133.531233,Cloud to Cloud,-14524,7369,8
2026-08-31T05:19:33.387410563Z,15.122305,133.551405,Cloud to Ground,-11484,0,8
2026-08-31T05:19:33.411517820Z,15.135564,133.526453,Cloud to Ground,-9893,0,8
2026-08-31T05:19:33.758852096Z,15.031271,133.333232,Cloud to Ground,-16607,0,7
2026-08-31T05:19:33.816560309Z,15.034887,133.326962,Cloud to Ground,-14492,0,7
2026-08-31T05:19:33.726962294Z,15.02876,133.34114,Cloud to Ground,-12172,0,12
2026-08-31T05:19:33.747927082Z,15.031752,133.341277,Cloud to Ground,-11424,0,12
2026-08-31T05:19:33.807061916Z,15.017624,133.334608,Cloud to Ground,12350,0,9
2026-08-31T05:19:33.748840851Z,15.060882,133.447507,Cloud to Ground,11017,0,9
2026-08-31T05:19:33.352701758Z,15.709521,120.989692,Cloud to Cloud,-10286,9571,11
2026-08-31T05:19:33.331131657Z,15.632414,121.041505,Cloud to Cloud,8602,12428,7
2026-08-31T05:19:33.332984152Z,15.634736,121.030335,Cloud to Cloud,11707,9140,12
2026-08-31T05:19:35.688935681Z,16.369769,129.335457,Cloud to Ground,-17825,0,8
2026-08-31T05:19:35.217586272Z,16.382123,129.33835,Cloud to Cloud,-12063,14301,9
2026-08-31T05:19:35.297763442Z,16.365369,129.34743,Cloud to Cloud,16963,19386,10
2026-08-31T05:19:36.694263417Z,16.238934,129.970524,Cloud to Cloud,7812,15909,7
2026-08-31T05:19:36.691569940Z,16.227161,130.0038,Cloud to Ground,13937,0,10
2026-08-31T05:19:36.692278470Z,16.229295,129.976327,Cloud to Ground,19283,0,14
2026-08-31T05:19:36.541450826Z,16.156596,129.81135,Cloud to Cloud,-14311,5341,8
2026-08-31T05:19:37.998951684Z,19.69404,121.307775,Cloud to Ground,-35770,0,11
2026-08-31T05:19:37.959432000Z,19.6457,121.2055,Cloud to Ground,-28780,0,7
2026-08-31T05:19:38.190188310Z,19.696051,121.296941,Cloud to Cloud,10487,13736,9
2026-08-31T05:19:38.180888204Z,19.694645,121.349754,Cloud to Cloud,12751,12820,9
2026-08-31T05:19:37.954237687Z,19.67984,121.266792,Cloud to Cloud,27350,11555,15
2026-08-31T05:19:44.917765234Z,13.607423,134.387968,Cloud to Ground,-12465,0,14
2026-08-31T05:19:45.231660983Z,13.58934,134.385229,Cloud to Ground,-12174,0,10
2026-08-31T05:19:44.893881124Z,13.567244,134.367829,Cloud to Cloud,-9403,19778,14
2026-08-31T05:19:45.483555000Z,13.8126,134.4273,Cloud to Ground,-6799,0,5
2026-08-31T05:19:47.400388568Z,15.41214,132.490106,Cloud to Ground,-11935,0,14
2026-08-31T05:19:47.513290628Z,15.368527,132.60318,Cloud to Ground,-9897,0,7
2026-08-31T05:19:48.188019905Z,15.382575,132.691467,Cloud to Ground,-8482,0,7
2026-08-31T05:19:47.348850330Z,15.093272,133.318264,Cloud to Ground,14530,0,9
2026-08-31T05:19:49.565765104Z,17.723212,120.566592,Cloud to Cloud,-8953,11613,7
2026-08-31T05:19:49.563567471Z,17.736394,120.587328,Cloud to Cloud,-8389,3409,12
2026-08-31T05:19:49.558338757Z,17.731428,120.556113,Cloud to Cloud,7371,13197,7
2026-08-31T05:19:50.798477460Z,16.396109,129.361028,Cloud to Ground,19321,0,8
2026-08-31T05:19:50.807939750Z,16.395006,129.343881,Cloud to Ground,19882,0,11
2026-08-31T05:19:51.059774836Z,16.399264,129.132146,Cloud to Cloud,-8313,4254,7
2026-08-31T05:19:53.949889957Z,13.492723,134.39267,Cloud to Ground,-20017,0,14
2026-08-31T05:19:53.948467509Z,13.410162,134.687709,Cloud to Ground,-16068,0,15
2026-08-31T05:19:53.951890398Z,13.486294,134.605633,Cloud to Ground,-14929,0,14
2026-08-31T05:19:54.007027000Z,13.4203,134.6,Cloud to Ground,-7778,0,5
2026-08-31T05:19:53.947309944Z,13.374391,134.711242,Cloud to Ground,33578,0,14
2026-08-31T05:19:53.887129566Z,15.02154,133.313731,Cloud to Ground,-8514,0,12
2026-08-31T05:20:00.500358831Z,13.366305,134.806711,Cloud to Ground,-8412,0,7
2026-08-31T05:20:00.497541650Z,13.314407,134.879109,Cloud to Ground,27711,0,16
2026-08-31T05:20:01.946151687Z,16.448969,129.355621,Cloud to Ground,44555,0,11
2026-08-31T05:20:01.879412762Z,16.422721,129.179814,Cloud to Ground,-13502,0,17
2026-08-31T05:20:02.760305906Z,16.309797,129.235158,Cloud to Cloud,10960,3040,10
2026-08-31T05:20:02.390440783Z,16.360589,129.194812,Cloud to Cloud,11849,19268,14
2026-08-31T05:20:02.620764801Z,17.318009,133.727614,Cloud to Ground,28444,0,18
2026-08-31T05:20:02.703009178Z,17.306423,133.738322,Cloud to Ground,30444,0,17
2026-08-31T05:20:02.741054598Z,16.387502,129.363094,Cloud to Cloud,-11347,3591,9
2026-08-31T05:20:03.439734576Z,16.264843,130.20683,Cloud to Cloud,-21877,3158,10
2026-08-31T05:20:03.496645141Z,16.275101,130.213243,Cloud to Ground,-18163,0,15
2026-08-31T05:20:03.558010981Z,16.356098,130.172653,Cloud to Ground,-13013,0,16
2026-08-31T05:20:03.557175408Z,16.269604,130.234935,Cloud to Cloud,7650,3023,12
2026-08-31T05:20:03.543817768Z,16.285814,130.227732,Cloud to Ground,10922,0,7
2026-08-31T05:20:03.524392468Z,16.277057,130.227382,Cloud to Ground,11242,0,9
2026-08-31T05:20:03.658443771Z,16.30503,130.212104,Cloud to Cloud,11262,4909,8
2026-08-31T05:20:03.604700106Z,16.264773,130.23392,Cloud to Ground,16634,0,10
2026-08-31T05:20:04.420498325Z,15.041873,133.345681,Cloud to Ground,-28306,0,16
2026-08-31T05:20:04.958116906Z,15.078084,133.288452,Cloud to Ground,-11488,0,8
2026-08-31T05:20:09.900489477Z,16.573329,130.528159,Cloud to Cloud,-9272,14820,8
2026-08-31T05:20:09.668256154Z,16.503466,130.482742,Cloud to Cloud,-8338,10324,8
2026-08-31T05:20:09.612259252Z,16.57979,130.507288,Cloud to Ground,12942,0,8
2026-08-31T05:20:09.665193134Z,16.452742,130.560774,Cloud to Cloud,19012,4485,11
2026-08-31T05:20:09.899038584Z,16.51148,130.58515,Cloud to Cloud,29353,4079,12
2026-08-31T05:20:10.203030646Z,16.441341,128.741192,Cloud to Cloud,9942,18421,13
2026-08-31T05:20:10.204102041Z,16.536305,128.845985,Cloud to Ground,-21932,0,12
2026-08-31T05:20:10.229682020Z,16.560403,128.853823,Cloud to Cloud,-9665,3839,10
2026-08-31T05:20:10.225768153Z,16.459191,128.840881,Cloud to Cloud,9922,3048,7
2026-08-31T05:20:10.212638243Z,16.550716,128.851588,Cloud to Cloud,11952,7264,11
2026-08-31T05:20:12.720812478Z,14.902183,133.349984,Cloud to Ground,-21925,0,9
2026-08-31T05:20:13.226854855Z,15.086547,133.374165,Cloud to Ground,-26149,0,7
2026-08-31T05:20:12.482354345Z,15.021721,133.308665,Cloud to Cloud,7297,7713,6
2026-08-31T05:20:12.823049426Z,15.022526,133.306377,Cloud to Ground,10964,0,5
2026-08-31T05:20:12.490788916Z,15.01832,133.310325,Cloud to Ground,11370,0,10
2026-08-31T05:20:13.496947000Z,15.024366,133.323232,Cloud to Cloud,11955,3092,5
2026-08-31T05:20:12.720167104Z,15.046256,133.306899,Cloud to Ground,14661,0,9
2026-08-31T05:20:13.343204985Z,15.030603,133.310568,Cloud to Ground,16900,0,6
2026-08-31T05:20:12.819544476Z,15.03168,133.310792,Cloud to Ground,21522,0,13
2026-08-31T05:20:12.609269458Z,15.022523,133.310089,Cloud to Ground,23115,0,19
2026-08-31T05:20:12.538123627Z,15.065887,133.285341,Cloud to Ground,31486,0,8
2026-08-31T05:20:12.587866328Z,15.018385,133.322355,Cloud to Ground,31593,0,20
2026-08-31T05:20:12.488944000Z,15.0417,133.2476,Cloud to Ground,36193,0,5
2026-08-31T05:20:13.225521892Z,15.034864,133.315606,Cloud to Ground,45855,0,12
2026-08-31T05:20:12.403379787Z,15.030903,133.329741,Cloud to Ground,72697,0,17
2026-08-31T05:20:12.718629351Z,15.020318,133.320227,Cloud to Ground,75373,0,21
2026-08-31T05:20:13.215114388Z,16.384043,129.362554,Cloud to Ground,-19216,0,10
2026-08-31T05:20:13.364241762Z,16.398947,129.339626,Cloud to Cloud,-10681,6073,12
2026-08-31T05:20:13.373152691Z,16.314383,129.384039,Cloud to Cloud,17001,4428,11
2026-08-31T05:20:13.306031952Z,16.524899,129.482117,Cloud to Cloud,-13836,6067,8
2026-08-31T05:20:13.319655956Z,16.516562,129.505255,Cloud to Cloud,11457,12570,7
2026-08-31T05:20:13.300267000Z,16.5219,129.4604,Cloud to Ground,25009,0,7
2026-08-31T05:20:13.299826374Z,16.435495,129.527236,Cloud to Cloud,29346,3028,10
2026-08-31T05:20:14.036291566Z,17.534864,132.374373,Cloud to Ground,-19657,0,14
2026-08-31T05:20:14.031073206Z,17.524288,132.396933,Cloud to Ground,-16264,0,14
2026-08-31T05:20:14.029161871Z,17.48552,132.417568,Cloud to Ground,17668,0,8
2026-08-31T05:20:14.030038734Z,17.520436,132.38213,Cloud to Ground,30435,0,13
2026-08-31T05:20:14.029607870Z,17.512208,132.403263,Cloud to Ground,49446,0,15
2026-08-31T05:20:14.830507960Z,19.027387,116.758248,Cloud to Cloud,-14705,17164,8
2026-08-31T05:20:21.249462105Z,15.494247,132.746207,Cloud to Ground,21140,0,14
2026-08-31T05:20:22.870123724Z,15.001507,133.303561,Cloud to Ground,-8408,0,9
2026-08-31T05:20:23.136461179Z,14.997713,133.331568,Cloud to Cloud,11057,3012,7
2026-08-31T05:20:22.800738065Z,14.996826,133.328535,Cloud to Ground,22375,0,14
2026-08-31T05:20:22.389505113Z,16.415579,129.156828,Cloud to Ground,-8358,0,8
2026-08-31T05:20:22.453047688Z,16.444523,129.342023,Cloud to Ground,36301,0,10
2026-08-31T05:20:31.028259216Z,16.113524,129.980834,Cloud to Cloud,-10076,5832,7
2026-08-31T05:20:33.353400158Z,16.461505,129.199632,Cloud to Cloud,12247,5335,8
2026-08-31T05:20:33.694845860Z,16.324918,129.381769,Cloud to Cloud,-10061,3005,7
2026-08-31T05:20:33.520698466Z,16.306147,129.342776,Cloud to Cloud,-6569,3164,11
2026-08-31T05:20:33.418677762Z,16.259572,129.376976,Cloud to Cloud,12357,7011,7
2026-08-31T05:20:33.393573051Z,16.290095,129.379855,Cloud to Cloud,12550,3958,8
2026-08-31T05:20:34.266700594Z,21.990783,112.829376,Cloud to Ground,16204,0,12
2026-08-31T05:20:36.854564107Z,14.978856,133.338156,Cloud to Ground,10896,0,11
2026-08-31T05:20:36.847658347Z,14.976641,133.208231,Cloud to Cloud,-12871,17125,15
2026-08-31T05:20:36.841887125Z,15.061774,133.201924,Cloud to Ground,11553,0,14
2026-08-31T05:20:36.715202410Z,13.623635,134.446619,Cloud to Ground,-13587,0,13
2026-08-31T05:20:36.753172902Z,13.630438,134.475238,Cloud to Ground,-9981,0,12
2026-08-31T05:20:36.727076805Z,13.576456,134.487622,Cloud to Ground,-9881,0,13
2026-08-31T05:20:36.717378692Z,13.62418,134.427909,Cloud to Cloud,-9832,18254,14
2026-08-31T05:20:38.087752610Z,16.208106,130.035662,Cloud to Ground,12663,0,9
2026-08-31T05:20:38.318039666Z,16.155463,129.947095,Cloud to Cloud,17119,3005,11
2026-08-31T05:20:43.173190590Z,19.711944,121.414009,Cloud to Cloud,-6456,3002,7
2026-08-31T05:20:42.819464763Z,19.722222,121.420956,Cloud to Cloud,8377,18484,8
2026-08-31T05:20:42.732064000Z,19.7039,121.2533,Cloud to Ground,-34805,0,8
2026-08-31T05:20:42.758243339Z,19.717218,121.305831,Cloud to Cloud,10994,16875,7
2026-08-31T05:20:42.752842174Z,19.706886,121.29612,Cloud to Cloud,11217,17193,6
2026-08-31T05:20:42.732986144Z,19.702713,121.290027,Cloud to Ground,20928,0,10
2026-08-31T05:20:42.563474947Z,19.100214,116.267089,Cloud to Ground,31311,0,11
2026-08-31T05:20:44.803535479Z,16.533898,130.52881,Cloud to Ground,-7518,0,13
2026-08-31T05:20:44.836894773Z,16.56568,130.528652,Cloud to Ground,10472,0,12
2026-08-31T05:20:44.290763782Z,16.321223,129.210486,Cloud to Ground,-36936,0,10
2026-08-31T05:20:44.379386000Z,16.3771,129.3226,Cloud to Ground,-6278,0,5
2026-08-31T05:20:44.511582537Z,16.400706,129.348623,Cloud to Ground,13709,0,11
2026-08-31T05:20:44.823581119Z,18.020781,114.856429,Cloud to Ground,-16988,0,8
2026-08-31T05:20:44.949457612Z,18.025782,114.862923,Cloud to Cloud,-13600,15297,13
2026-08-31T05:20:44.770966210Z,18.033422,114.871754,Cloud to Cloud,8403,3027,8
2026-08-31T05:20:47.848885930Z,15.03565,133.218811,Cloud to Ground,-6343,0,12
2026-08-31T05:20:48.278430525Z,16.430655,129.231133,Cloud to Cloud,13346,11728,16
2026-08-31T05:20:49.522809879Z,8.245161,116.473901,Cloud to Cloud,14452,15661,10
2026-08-31T05:20:49.868858040Z,15.672069,121.096517,Cloud to Cloud,4662,10838,6
2026-08-31T05:20:50.347568513Z,16.242686,130.179933,Cloud to Ground,39742,0,12
2026-08-31T05:20:56.152900030Z,15.37487,132.433192,Cloud to Ground,-22323,0,12
2026-08-31T05:20:56.170418947Z,15.385495,132.462016,Cloud to Ground,-13387,0,12
2026-08-31T05:20:56.154118381Z,15.371397,132.436915,Cloud to Cloud,-10742,17794,10
2026-08-31T05:20:56.240876543Z,15.338048,132.366522,Cloud to Cloud,-10394,13404,8
2026-08-31T05:20:57.580820016Z,17.931708,114.814387,Cloud to Cloud,-19142,3782,12
2026-08-31T05:20:57.584173182Z,17.901245,114.777031,Cloud to Cloud,-16530,6323,8
2026-08-31T05:20:57.591351594Z,17.920605,114.794061,Cloud to Cloud,-13725,6505,9
2026-08-31T05:20:57.582769942Z,17.945849,114.807927,Cloud to Ground,21617,0,11
2026-08-31T05:20:57.581419732Z,17.932873,114.80719,Cloud to Ground,42733,0,9
2026-08-31T05:20:58.314025524Z,22.98216,113.385219,Cloud to Cloud,-13938,3024,7
2026-08-31T05:20:58.313373593Z,22.989189,113.384429,Cloud to Cloud,-13687,16829,7
2026-08-31T05:21:01.890446847Z,16.46921,128.786551,Cloud to Ground,-19421,0,22
2026-08-31T05:21:02.012645308Z,16.481999,128.784775,Cloud to Ground,-13654,0,22
2026-08-31T05:21:01.427009125Z,16.45863,128.888585,Cloud to Cloud,6446,3138,10
2026-08-31T05:21:01.395121068Z,16.546146,128.843796,Cloud to Cloud,7038,8567,9
2026-08-31T05:21:01.433457232Z,16.54181,128.879303,Cloud to Cloud,7692,18059,9
2026-08-31T05:21:02.050007061Z,16.465142,128.964522,Cloud to Ground,9907,0,12
2026-08-31T05:21:01.970800000Z,16.4911,128.926,Cloud to Ground,26152,0,5
2026-08-31T05:21:03.179134896Z,15.062451,133.290603,Cloud to Ground,-23250,0,24
2026-08-31T05:21:11.623021462Z,15.193186,133.407804,Cloud to Cloud,-19445,5796,23
2026-08-31T05:21:10.883659214Z,15.053521,133.452263,Cloud to Ground,-15291,0,13
2026-08-31T05:21:10.885217853Z,15.047679,133.454194,Cloud to Ground,-14479,0,13
2026-08-31T05:21:11.626080131Z,15.144935,133.454307,Cloud to Cloud,-12300,16906,12
2026-08-31T05:21:11.469252353Z,15.097714,133.397635,Cloud to Ground,-10295,0,8
2026-08-31T05:21:11.134938274Z,15.094104,133.529554,Cloud to Cloud,7272,3237,7
2026-08-31T05:21:13.156626262Z,18.039557,113.347439,Cloud to Ground,-93459,0,19
2026-08-31T05:21:13.155405515Z,18.020206,113.353484,Cloud to Ground,13550,0,10
2026-08-31T05:21:13.154388811Z,18.0403,113.346739,Cloud to Ground,52637,0,18
2026-08-31T05:21:14.874277018Z,22.371075,113.289972,Cloud to Cloud,-16091,3023,11
2026-08-31T05:21:18.162266298Z,15.015406,133.34445,Cloud to Ground,-16881,0,7
2026-08-31T05:21:17.994286906Z,15.041569,133.345651,Cloud to Ground,10320,0,10
2026-08-31T05:21:18.106020000Z,15.029,133.2984,Cloud to Ground,19794,0,7
2026-08-31T05:21:17.685200531Z,15.013943,133.335102,Cloud to Ground,27188,0,12
2026-08-31T05:21:17.812085280Z,15.026461,133.33026,Cloud to Ground,37396,0,16
2026-08-31T05:21:17.748650576Z,15.038646,133.322551,Cloud to Ground,46751,0,13
2026-08-31T05:21:17.669023249Z,15.026555,133.331809,Cloud to Ground,92594,0,21
2026-08-31T05:21:25.921027589Z,15.081833,133.328255,Cloud to Ground,-12784,0,9
2026-08-31T05:21:25.959814745Z,15.072329,133.344558,Cloud to Ground,8772,0,10
2026-08-31T05:21:25.482453908Z,15.046062,133.34143,Cloud to Ground,19041,0,9
2026-08-31T05:21:26.869791123Z,13.328858,134.887839,Cloud to Ground,-15101,0,8
2026-08-31T05:21:26.870970703Z,13.32316,134.90097,Cloud to Ground,-11665,0,11
2026-08-31T05:21:28.446747484Z,15.393596,132.581387,Cloud to Ground,-14944,0,10
2026-08-31T05:21:32.756170934Z,16.388229,129.363323,Cloud to Ground,-15301,0,10
2026-08-31T05:21:32.778098283Z,16.366756,129.361298,Cloud to Cloud,-13183,3359,7
2026-08-31T05:21:32.799044881Z,16.45015,129.360319,Cloud to Ground,-8215,0,12
2026-08-31T05:21:32.900763219Z,16.404411,129.36267,Cloud to Cloud,-6190,16489,9
2026-08-31T05:21:34.941846238Z,16.583804,130.396312,Cloud to Ground,-11956,0,10
2026-08-31T05:21:34.781119778Z,16.557963,130.531894,Cloud to Ground,-33657,0,13
2026-08-31T05:21:34.884345231Z,16.533984,130.526481,Cloud to Cloud,-13984,3018,9
2026-08-31T05:21:34.877667259Z,22.207674,114.101112,Cloud to Cloud,-10303,3012,12
2026-08-31T05:21:35.006938061Z,22.211423,114.116922,Cloud to Ground,-9203,0,8
2026-08-31T05:21:39.026184229Z,19.675974,119.105488,Cloud to Cloud,-6170,15296,7
2026-08-31T05:21:38.936069199Z,19.67836,119.085303,Cloud to Cloud,8645,17465,7
2026-08-31T05:21:38.939468208Z,19.677255,119.093926,Cloud to Cloud,9752,3002,7
2026-08-31T05:21:41.128911415Z,16.190842,129.997617,Cloud to Cloud,13871,5372,9
2026-08-31T05:21:41.146515677Z,16.179949,130.00736,Cloud to Cloud,15565,12635,14
2026-08-31T05:21:46.042000551Z,16.38855,130.569058,Cloud to Cloud,16593,6448,11
2026-08-31T05:21:46.043343213Z,16.37448,130.575582,Cloud to Ground,18560,0,14
2026-08-31T05:21:46.042762856Z,16.373681,130.584369,Cloud to Ground,31497,0,19
2026-08-31T05:21:46.672155366Z,13.615028,134.295609,Cloud to Ground,-10559,0,15
2026-08-31T05:21:46.673036692Z,13.604001,134.419597,Cloud to Ground,-46970,0,15
2026-08-31T05:21:46.675112248Z,13.610131,134.413638,Cloud to Ground,-34597,0,14
2026-08-31T05:21:47.444247600Z,16.390018,129.390977,Cloud to Ground,14623,0,8
2026-08-31T05:21:48.102981871Z,16.482215,129.416597,Cloud to Cloud,6777,3049,8
2026-08-31T05:21:50.041935988Z,17.894019,113.642208,Cloud to Cloud,-23863,7726,7
2026-08-31T05:21:49.599624418Z,17.956279,113.763394,Cloud to Ground,-20045,0,10
2026-08-31T05:21:50.051131675Z,17.904227,113.686281,Cloud to Cloud,-19178,3371,8
2026-08-31T05:21:49.595794895Z,17.962832,113.752486,Cloud to Cloud,-18477,3016,11
2026-08-31T05:21:49.602730565Z,17.931822,113.756118,Cloud to Cloud,-12073,7130,8
2026-08-31T05:21:50.032679610Z,17.896197,113.663063,Cloud to Cloud,-9641,3146,7
2026-08-31T05:21:50.036857161Z,17.86378,113.636147,Cloud to Cloud,8855,17538,7
2026-08-31T05:21:49.612564203Z,17.95209,113.757357,Cloud to Cloud,10387,3022,8
2026-08-31T05:21:50.054158076Z,17.843341,113.59601,Cloud to Cloud,14661,7437,8
2026-08-31T05:21:49.594067165Z,17.935787,113.746097,Cloud to Ground,20159,0,8
2026-08-31T05:21:49.593514533Z,17.962864,113.754781,Cloud to Ground,55120,0,11
2026-08-31T05:21:51.762212729Z,15.059346,133.294748,Cloud to Ground,-12596,0,19
2026-08-31T05:21:52.142226583Z,17.560638,131.829256,Cloud to Ground,-12080,0,11
2026-08-31T05:21:52.057336278Z,17.575755,131.817021,Cloud to Cloud,-10728,16825,12
2026-08-31T05:21:52.061468627Z,17.589691,131.825096,Cloud to Ground,-8325,0,8
2026-08-31T05:21:52.072605569Z,17.608447,131.819152,Cloud to Ground,-6595,0,9
2026-08-31T05:21:52.054253623Z,17.589864,131.82613,Cloud to Ground,39782,0,32
2026-08-31T05:21:54.439580810Z,13.414975,134.683327,Cloud to Ground,-60490,0,15
2026-08-31T05:21:55.230835362Z,19.675992,121.405564,Cloud to Ground,-82739,0,20
2026-08-31T05:21:55.477759646Z,19.687266,121.385633,Cloud to Ground,-16341,0,10
2026-08-31T05:21:54.901603058Z,19.674067,121.323014,Cloud to Cloud,6067,6293,7
2026-08-31T05:21:54.636129376Z,19.70914,121.291627,Cloud to Cloud,6655,17704,7
2026-08-31T05:21:54.644893707Z,19.707121,121.321771,Cloud to Cloud,7258,18834,7
2026-08-31T05:21:54.640880318Z,19.709551,121.319133,Cloud to Cloud,11682,5676,6
2026-08-31T05:21:54.630688388Z,19.705921,121.299582,Cloud to Cloud,14239,19927,7
2026-08-31T05:21:54.632867737Z,19.708599,121.300469,Cloud to Ground,16068,0,10
2026-08-31T05:21:54.640239808Z,19.71052,121.303377,Cloud to Ground,16359,0,9
2026-08-31T05:21:54.634250024Z,19.696162,121.308881,Cloud to Ground,83339,0,18
2026-08-31T05:21:58.943587094Z,15.311601,132.716726,Cloud to Ground,-14867,0,9
2026-08-31T05:21:58.322851035Z,15.626426,121.137265,Cloud to Cloud,10321,7549,7
2026-08-31T05:21:58.324031720Z,15.685971,121.093015,Cloud to Ground,16318,0,10
2026-08-31T05:21:59.253487773Z,15.377858,132.620157,Cloud to Ground,-21815,0,10
2026-08-31T05:21:59.165836010Z,15.37681,132.60983,Cloud to Cloud,-7476,13145,12
2026-08-31T05:21:59.023504024Z,16.511674,129.511425,Cloud to Ground,24576,0,15
2026-08-31T05:22:01.673663542Z,15.156867,133.637363,Cloud to Ground,-11641,0,12
2026-08-31T05:22:01.685627086Z,15.153874,133.661206,Cloud to Ground,48238,0,14
2026-08-31T05:22:01.717016245Z,15.157315,133.652338,Cloud to Ground,49499,0,15
2026-08-31T05:22:01.749856197Z,15.139913,133.662146,Cloud to Ground,51283,0,14
2026-08-31T05:22:01.657484765Z,15.146385,133.657658,Cloud to Ground,119910,0,19
2026-08-31T05:22:01.903246695Z,15.186565,133.499409,Cloud to Ground,-15376,0,23
2026-08-31T05:22:02.342700390Z,15.158123,133.464858,Cloud to Ground,-13024,0,18
2026-08-31T05:22:02.537514916Z,15.158909,133.627912,Cloud to Ground,11839,0,10
2026-08-31T05:22:02.514064372Z,16.568489,128.884535,Cloud to Cloud,-21209,3002,13
2026-08-31T05:22:02.650657981Z,16.60466,128.837185,Cloud to Cloud,8639,18463,8
2026-08-31T05:22:02.844788000Z,16.6626,128.6384,Cloud to Ground,-7072,0,5
2026-08-31T05:22:03.923580929Z,16.619042,128.816973,Cloud to Cloud,-12968,14439,10
2026-08-31T05:22:04.935088268Z,16.358561,129.199866,Cloud to Ground,-43137,0,25
2026-08-31T05:22:05.154480318Z,16.418298,129.271447,Cloud to Cloud,-21686,8410,11
2026-08-31T05:22:05.103794611Z,16.362125,129.323589,Cloud to Cloud,-14331,3886,10
2026-08-31T05:22:05.025854991Z,16.362013,129.344248,Cloud to Cloud,-12847,3009,10
2026-08-31T05:22:04.950974539Z,16.369502,129.360456,Cloud to Cloud,-9695,3881,8
2026-08-31T05:22:06.050646781Z,16.382813,129.343279,Cloud to Ground,-8640,0,7
2026-08-31T05:22:06.244029108Z,16.372247,129.361042,Cloud to Cloud,8429,6178,6
2026-08-31T05:22:05.355505834Z,16.348951,129.371524,Cloud to Ground,12318,0,9
2026-08-31T05:22:05.463003335Z,16.353983,129.370541,Cloud to Ground,14379,0,8
2026-08-31T05:22:05.001059957Z,16.369664,129.36842,Cloud to Ground,23315,0,12
2026-08-31T05:22:05.067588912Z,16.387715,129.36478,Cloud to Ground,48198,0,10
2026-08-31T05:22:08.534488295Z,15.903521,131.232804,Cloud to Cloud,-19873,3644,14
2026-08-31T05:22:10.619760717Z,15.066093,133.271611,Cloud to Ground,-10528,0,12
2026-08-31T05:22:10.584290975Z,15.039999,133.299326,Cloud to Ground,16087,0,9
2026-08-31T05:22:10.639306204Z,15.032768,133.142818,Cloud to Ground,-5900,0,7
2026-08-31T05:22:17.482359858Z,8.271173,116.460383,Cloud to Cloud,19525,18513,12
2026-08-31T05:22:20.271716967Z,19.968255,119.403017,Cloud to Ground,-35171,0,12
2026-08-31T05:22:20.309794000Z,19.9411,119.3767,Cloud to Ground,-7329,0,7
2026-08-31T05:22:24.135593236Z,22.987869,113.380388,Cloud to Cloud,-11733,3729,7
2026-08-31T05:22:28.390172502Z,16.407406,129.203696,Cloud to Ground,-14637,0,21
2026-08-31T05:22:28.844943976Z,16.385376,129.331047,Cloud to Ground,-12552,0,10
2026-08-31T05:22:28.739482994Z,16.385769,129.34025,Cloud to Ground,-11335,0,5
2026-08-31T05:22:28.787323716Z,16.384751,129.349194,Cloud to Cloud,11126,3119,7
2026-08-31T05:22:28.336332738Z,16.39053,129.354975,Cloud to Ground,12159,0,10
2026-08-31T05:22:28.578720000Z,16.4056,129.2841,Cloud to Ground,13034,0,7
2026-08-31T05:22:28.479980053Z,16.340343,129.369586,Cloud to Ground,14813,0,9
2026-08-31T05:22:28.426051603Z,16.395751,129.351328,Cloud to Cloud,15389,11016,9
2026-08-31T05:22:28.238090279Z,16.400235,129.351306,Cloud to Ground,29959,0,14
2026-08-31T05:22:28.165089000Z,16.4515,129.4801,Cloud to Ground,-14380,0,6
2026-08-31T05:22:29.725562065Z,14.950116,133.344328,Cloud to Ground,-14371,0,7
2026-08-31T05:22:29.748525821Z,17.734173,120.582421,Cloud to Ground,-45980,0,14
2026-08-31T05:22:29.758248708Z,17.740979,120.550498,Cloud to Cloud,-9664,13703,11
2026-08-31T05:22:29.746972574Z,17.733806,120.570815,Cloud to Cloud,9507,16279,5
2026-08-31T05:22:29.769254462Z,17.703948,120.590971,Cloud to Cloud,13873,11296,7
2026-08-31T05:22:29.759809811Z,17.7293,120.58019,Cloud to Ground,16925,0,12
2026-08-31T05:22:29.749856564Z,17.738772,120.634345,Cloud to Cloud,18334,8414,16
2026-08-31T05:22:29.723474915Z,19.778786,119.1205,Cloud to Cloud,7547,4519,6
2026-08-31T05:22:31.489845629Z,22.392524,113.280299,Cloud to Ground,-31564,0,15
2026-08-31T05:22:31.520179345Z,22.377976,113.287783,Cloud to Ground,-20377,0,11
2026-08-31T05:22:31.524176557Z,22.38633,113.268426,Cloud to Cloud,15964,4235,7
2026-08-31T05:22:31.484899057Z,22.4139,113.290352,Cloud to Ground,18716,0,7
2026-08-31T05:22:33.713168973Z,19.073018,115.334175,Cloud to Cloud,-11794,4778,9
2026-08-31T05:22:33.650010086Z,19.077966,115.289567,Cloud to Cloud,-9620,3220,10
2026-08-31T05:22:33.659697742Z,19.096447,115.290321,Cloud to Cloud,-8758,3727,10
2026-08-31T05:22:33.652575696Z,19.092176,115.291775,Cloud to Cloud,-7598,12753,7
2026-08-31T05:22:37.539354739Z,16.316372,129.408416,Cloud to Cloud,-11939,19549,6
2026-08-31T05:22:37.530233086Z,16.421035,129.330034,Cloud to Cloud,-9724,7862,15
2026-08-31T05:22:37.405398540Z,16.413531,129.423836,Cloud to Cloud,-9483,7742,7
2026-08-31T05:22:37.222038400Z,16.388894,129.393093,Cloud to Cloud,-7342,14204,7
2026-08-31T05:22:37.552888115Z,16.315771,129.41157,Cloud to Cloud,13644,18056,9
2026-08-31T05:22:38.387023815Z,13.692634,134.512907,Cloud to Ground,-12348,0,12
2026-08-31T05:22:38.381381619Z,13.672438,134.469133,Cloud to Ground,-9296,0,12
2026-08-31T05:22:39.863460034Z,16.179076,129.950546,Cloud to Cloud,-9594,14764,8
2026-08-31T05:22:40.041950230Z,16.522312,130.566517,Cloud to Ground,-10081,0,11
2026-08-31T05:22:40.047594801Z,16.566064,130.55176,Cloud to Cloud,-7278,7279,14
2026-08-31T05:22:40.075727159Z,16.562258,130.561259,Cloud to Cloud,8601,3014,14
2026-08-31T05:22:40.309362066Z,16.180187,130.109957,Cloud to Cloud,-30691,3946,12
2026-08-31T05:22:40.277234977Z,16.225916,130.098918,Cloud to Cloud,6571,14840,9
2026-08-31T05:22:40.075007302Z,16.534263,130.424385,Cloud to Cloud,-8729,14287,12
2026-08-31T05:22:40.046887145Z,16.572054,130.429829,Cloud to Cloud,13453,3229,10
2026-08-31T05:22:40.021146318Z,16.192465,129.741424,Cloud to Ground,-11184,0,11
2026-08-31T05:22:41.935222144Z,15.084506,133.242203,Cloud to Cloud,-17966,18053,18
2026-08-31T05:22:41.823265600Z,15.050731,133.307261,Cloud to Ground,-15421,0,8
2026-08-31T05:22:42.056692239Z,15.051579,133.308257,Cloud to Ground,11200,0,10
2026-08-31T05:22:41.754848175Z,18.725733,115.183828,Cloud to Cloud,-14127,11268,12
2026-08-31T05:22:41.755730000Z,18.7224,115.225,Cloud to Ground,-6067,0,6
2026-08-31T05:22:42.262407349Z,8.221595,116.410046,Cloud to Ground,5880,0,7
2026-08-31T05:22:42.991938889Z,15.036605,133.421721,Cloud to Cloud,-10198,3986,9
2026-08-31T05:22:42.987131786Z,15.133912,133.449806,Cloud to Ground,-15675,0,13
2026-08-31T05:22:42.546227806Z,15.178565,133.46404,Cloud to Cloud,-14561,3024,8
2026-08-31T05:22:42.544618626Z,15.126182,133.548759,Cloud to Ground,39410,0,10
2026-08-31T05:22:46.247599875Z,16.450978,129.356662,Cloud to Cloud,10312,3515,9
2026-08-31T05:22:46.028891298Z,16.404791,129.366939,Cloud to Ground,13697,0,11
2026-08-31T05:22:49.328497850Z,19.07465,124.773249,Cloud to Cloud,-8135,6589,11
2026-08-31T05:22:49.065847390Z,19.04282,124.866316,Cloud to Cloud,-5161,18943,5
2026-08-31T05:22:49.020974046Z,19.032638,124.829416,Cloud to Cloud,4459,6480,5
2026-08-31T05:22:49.015799922Z,19.032658,124.828283,Cloud to Cloud,11077,6896,10
2026-08-31T05:22:49.014156682Z,19.031685,124.827642,Cloud to Cloud,17737,3041,11
2026-08-31T05:22:49.027085279Z,16.477745,128.848154,Cloud to Cloud,9859,4617,7
2026-08-31T05:22:49.062221004Z,16.549489,128.875955,Cloud to Ground,10971,0,16
2026-08-31T05:22:49.128042244Z,16.529638,128.707549,Cloud to Cloud,-11730,4547,8
2026-08-31T05:22:53.186736857Z,15.033265,133.312067,Cloud to Ground,-12927,0,14
2026-08-31T05:22:53.417458326Z,15.024562,133.300306,Cloud to Ground,-11586,0,8
2026-08-31T05:22:53.773052644Z,15.036344,133.317107,Cloud to Ground,10345,0,6
2026-08-31T05:22:53.710495380Z,15.001178,133.333049,Cloud to Cloud,10575,3570,7
2026-08-31T05:22:53.833931971Z,15.031534,133.320254,Cloud to Ground,11629,0,6
2026-08-31T05:22:53.057117520Z,15.616652,121.134185,Cloud to Ground,-24893,0,9
2026-08-31T05:22:53.280040573Z,15.692895,121.067093,Cloud to Cloud,-11627,3587,8
2026-08-31T05:22:53.278088873Z,15.607235,121.26329,Cloud to Ground,-24245,0,13
2026-08-31T05:22:54.270121105Z,16.292978,130.273709,Cloud to Cloud,-13535,19586,7
2026-08-31T05:22:54.309961685Z,16.283862,130.285158,Cloud to Cloud,7223,11955,12
2026-08-31T05:22:54.261960759Z,16.279416,130.284368,Cloud to Cloud,18728,3113,14
2026-08-31T05:22:54.262830472Z,16.277205,130.28097,Cloud to Ground,52527,0,11
2026-08-31T05:22:57.381067826Z,15.431042,132.37407,Cloud to Cloud,-17881,5553,10
2026-08-31T05:22:57.538021528Z,15.395187,132.50031,Cloud to Ground,-18469,0,10
2026-08-31T05:22:57.542731740Z,15.424451,132.517207,Cloud to Ground,-11142,0,8
2026-08-31T05:22:57.379254765Z,15.424365,132.550302,Cloud to Ground,7271,0,8
2026-08-31T05:22:57.377350713Z,15.421425,132.517527,Cloud to Ground,12943,0,7
2026-08-31T05:22:57.378152625Z,15.422781,132.52053,Cloud to Ground,22955,0,12
2026-08-31T05:22:57.379890773Z,15.419693,132.527696,Cloud to Ground,35348,0,14
2026-08-31T05:23:01.580001101Z,15.132909,133.663148,Cloud to Ground,-14554,0,11
2026-08-31T05:23:01.682125107Z,15.151926,133.682088,Cloud to Ground,11873,0,9
2026-08-31T05:23:01.596993711Z,15.1717,133.655575,Cloud to Ground,69527,0,14
2026-08-31T05:23:02.997706441Z,16.229592,129.826165,Cloud to Cloud,8641,7833,12
2026-08-31T05:23:03.389730318Z,16.172218,130.006735,Cloud to Cloud,-5724,3553,12
2026-08-31T05:23:02.995361613Z,16.11822,129.961427,Cloud to Cloud,14991,7672,7
2026-08-31T05:23:08.175644655Z,13.595503,134.324771,Cloud to Cloud,-9025,4864,16
2026-08-31T05:23:08.197516215Z,13.594441,134.444489,Cloud to Ground,-18433,0,18
2026-08-31T05:23:08.177631110Z,13.569929,134.447309,Cloud to Ground,-9914,0,8
2026-08-31T05:23:09.962782182Z,15.072778,133.297174,Cloud to Ground,-19351,0,17
2026-08-31T05:23:09.760268422Z,15.033065,133.305304,Cloud to Ground,-7233,0,6
2026-08-31T05:23:09.952560764Z,15.045002,133.308981,Cloud to Ground,17447,0,10
2026-08-31T05:23:10.243623850Z,15.110092,133.345124,Cloud to Ground,20571,0,15
2026-08-31T05:23:10.650527898Z,15.045303,133.473023,Cloud to Cloud,-12892,3022,10
2026-08-31T05:23:10.068116781Z,18.363197,118.954051,Cloud to Cloud,6554,10015,8
2026-08-31T05:23:11.581986396Z,16.434845,129.315174,Cloud to Ground,-31190,0,17
2026-08-31T05:23:16.876947791Z,17.907094,114.82786,Cloud to Cloud,-12610,12312,10
2026-08-31T05:23:16.732393130Z,17.914245,114.83717,Cloud to Cloud,-10492,10071,8
2026-08-31T05:23:16.943597827Z,17.906032,114.848818,Cloud to Ground,-9640,0,6
2026-08-31T05:23:16.997013777Z,18.003271,114.874126,Cloud to Ground,-9546,0,6
2026-08-31T05:23:16.774466375Z,17.931148,114.829548,Cloud to Cloud,-8772,15195,7
2026-08-31T05:23:17.011824828Z,18.026097,114.880853,Cloud to Ground,20920,0,9
2026-08-31T05:23:18.608330386Z,16.405941,129.361343,Cloud to Cloud,21419,4920,9
2026-08-31T05:23:20.372277048Z,22.185617,114.106176,Cloud to Ground,-13679,0,10
2026-08-31T05:23:20.264976322Z,22.211661,114.088756,Cloud to Cloud,9466,6017,7
2026-08-31T05:23:23.064996842Z,15.300348,132.353405,Cloud to Ground,-9806,0,8
2026-08-31T05:23:23.742331959Z,14.98561,133.346623,Cloud to Ground,-14043,0,7
2026-08-31T05:23:23.692476545Z,14.99544,133.348689,Cloud to Ground,46500,0,16
2026-08-31T05:23:24.464757658Z,15.400377,132.523714,Cloud to Cloud,-26870,15360,10
2026-08-31T05:23:24.468065663Z,15.406157,132.685041,Cloud to Ground,-12430,0,12
2026-08-31T05:23:24.461715815Z,15.393653,132.693969,Cloud to Ground,-9341,0,13
2026-08-31T05:23:24.463892158Z,15.406163,132.669884,Cloud to Ground,20773,0,13
2026-08-31T05:23:25.363554827Z,12.686578,133.787784,Cloud to Ground,31918,0,22
2026-08-31T05:23:27.923032225Z,16.390778,129.217756,Cloud to Ground,-27142,0,23
2026-08-31T05:23:27.820673664Z,16.432028,129.246951,Cloud to Ground,-14635,0,11
2026-08-31T05:23:29.542438000Z,19.884,119.3374,Cloud to Ground,32634,0,5
2026-08-31T05:23:30.725738353Z,16.565321,129.397989,Cloud to Ground,-14051,0,9
2026-08-31T05:23:30.125830175Z,16.504907,129.555829,Cloud to Cloud,-21080,3695,13
2026-08-31T05:23:30.124131737Z,16.500662,129.520806,Cloud to Cloud,-15732,3234,15
2026-08-31T05:23:30.062946510Z,16.12643,129.989054,Cloud to Cloud,-10505,14511,6
2026-08-31T05:23:29.817506671Z,16.176937,129.931239,Cloud to Cloud,-6025,3218,7
2026-08-31T05:23:29.833465197Z,16.182414,129.956705,Cloud to Cloud,5128,3569,8
2026-08-31T05:23:31.732871506Z,19.053149,116.737641,Cloud to Cloud,-19667,3253,13
2026-08-31T05:23:32.131811407Z,19.044749,116.729902,Cloud to Cloud,6657,4790,6
2026-08-31T05:23:36.851981179Z,15.030091,133.31748,Cloud to Ground,-11681,0,7
2026-08-31T05:23:37.058463074Z,15.022605,133.161514,Cloud to Ground,7761,0,10
2026-08-31T05:23:41.726728169Z,19.798949,121.24329,Cloud to Cloud,-19244,8936,7
2026-08-31T05:23:41.724657087Z,19.807609,121.242787,Cloud to Cloud,-9558,11107,7
2026-08-31T05:23:41.414577346Z,19.714802,121.447479,Cloud to Cloud,6993,3041,5
2026-08-31T05:23:41.418093948Z,19.743589,121.450385,Cloud to Cloud,7844,16686,6
2026-08-31T05:23:41.724202000Z,19.7497,121.3263,Cloud to Ground,-11674,0,5
2026-08-31T05:23:41.277240484Z,19.706806,121.330318,Cloud to Cloud,13954,19536,8
2026-08-31T05:23:41.269357237Z,19.711544,121.320255,Cloud to Ground,19011,0,11
2026-08-31T05:23:41.271124858Z,19.786701,121.345352,Cloud to Ground,20917,0,8
2026-08-31T05:23:43.563586408Z,19.713801,119.212211,Cloud to Cloud,3888,9766,9
2026-08-31T05:23:43.496564755Z,19.756527,119.164368,Cloud to Cloud,7499,14555,7
2026-08-31T05:23:43.905567318Z,16.396975,129.352424,Cloud to Cloud,-10168,17246,9
2026-08-31T05:23:44.100192135Z,16.735728,111.77062,Cloud to Ground,-90389,0,12
2026-08-31T05:23:44.110710960Z,16.731594,111.760947,Cloud to Ground,-71861,0,13
2026-08-31T05:23:44.148329024Z,16.727936,111.700894,Cloud to Cloud,-17464,13158,10
2026-08-31T05:23:44.180035247Z,16.710018,111.71236,Cloud to Cloud,-9300,7863,7
2026-08-31T05:23:45.693013977Z,13.673435,134.544767,Cloud to Ground,-10359,0,7
2026-08-31T05:23:47.877204830Z,13.51803,134.640469,Cloud to Ground,-12057,0,7
2026-08-31T05:23:47.884247141Z,13.423339,134.698325,Cloud to Ground,-11095,0,10
2026-08-31T05:23:47.870307997Z,13.463729,134.596735,Cloud to Ground,-11076,0,12
2026-08-31T05:23:48.160059640Z,13.484911,134.644443,Cloud to Ground,-10392,0,11
2026-08-31T05:23:49.270718816Z,16.233337,130.095627,Cloud to Ground,-23363,0,11
2026-08-31T05:23:48.972526795Z,16.160244,130.184677,Cloud to Cloud,6711,7372,7
2026-08-31T05:23:49.408872522Z,16.239946,130.11162,Cloud to Cloud,15845,3023,11
2026-08-31T05:23:49.580464094Z,16.19346,130.130319,Cloud to Ground,23152,0,10
2026-08-31T05:23:49.158214193Z,16.218309,130.185259,Cloud to Ground,30986,0,9
2026-08-31T05:23:48.966819955Z,16.2349,130.156704,Cloud to Ground,39575,0,20
2026-08-31T05:23:51.307458628Z,8.251092,116.478977,Cloud to Cloud,12573,3004,8
2026-08-31T05:23:52.244265463Z,16.207522,130.016766,Cloud to Ground,-19303,0,9
2026-08-31T05:23:52.087563900Z,16.198119,130.007238,Cloud to Ground,24769,0,15
2026-08-31T05:23:54.288512176Z,16.563253,128.761563,Cloud to Cloud,-15959,18895,20
2026-08-31T05:23:54.475277623Z,16.476109,129.308668,Cloud to Cloud,-20849,19949,17
2026-08-31T05:23:54.607206939Z,16.405238,129.34998,Cloud to Ground,-19610,0,8
2026-08-31T05:23:54.762062935Z,16.433681,129.23345,Cloud to Cloud,-15267,17028,24
2026-08-31T05:23:55.285534730Z,16.43666,129.220189,Cloud to Cloud,-8651,3662,13
2026-08-31T05:23:54.841930941Z,16.414037,129.365332,Cloud to Cloud,9625,6682,8
2026-08-31T05:23:54.812328271Z,16.444971,129.359913,Cloud to Cloud,11160,3138,8
2026-08-31T05:23:54.752495000Z,16.4443,129.3451,Cloud to Ground,26644,0,5
2026-08-31T05:23:55.219792267Z,16.412443,129.374049,Cloud to Ground,33440,0,9
2026-08-31T05:23:54.541661469Z,16.423622,129.37105,Cloud to Ground,72213,0,12
2026-08-31T05:23:55.662955266Z,16.343258,129.248502,Cloud to Cloud,-10155,4621,10
2026-08-31T05:23:56.348296805Z,15.042631,133.293029,Cloud to Ground,-16326,0,7
2026-08-31T05:23:56.332075906Z,15.001645,133.314513,Cloud to Ground,-14256,0,11
2026-08-31T05:23:56.377158036Z,15.023213,133.227689,Cloud to Ground,-9565,0,6
2026-08-31T05:23:57.670570537Z,15.157285,133.64803,Cloud to Cloud,-17143,4745,11
2026-08-31T05:23:57.694912583Z,15.16337,133.663025,Cloud to Ground,-9384,0,9
2026-08-31T05:23:57.820809386Z,15.185721,133.666261,Cloud to Ground,20279,0,12
2026-08-31T05:23:57.718398123Z,15.180187,133.675749,Cloud to Ground,29902,0,14
2026-08-31T05:23:57.643271896Z,15.15891,133.668711,Cloud to Ground,67087,0,19
2026-08-31T05:23:59.954921175Z,14.975202,133.374445,Cloud to Ground,-22273,0,15
2026-08-31T05:24:04.813829331Z,8.270754,116.461662,Cloud to Cloud,6792,5428,6
2026-08-31T05:24:04.725442814Z,15.480609,132.787604,Cloud to Cloud,-11694,3916,11
2026-08-31T05:24:04.718092914Z,15.527429,132.740065,Cloud to Ground,-9539,0,10
2026-08-31T05:24:04.714525309Z,15.494673,132.795897,Cloud to Ground,36835,0,15
2026-08-31T05:24:04.659985112Z,16.550964,130.629414,Cloud to Cloud,-15702,14409,11
2026-08-31T05:24:04.774650564Z,16.46174,130.536396,Cloud to Cloud,-14798,18269,7
2026-08-31T05:24:04.572892437Z,16.584196,130.547686,Cloud to Cloud,-11449,4203,10
2026-08-31T05:24:04.561406137Z,16.54653,130.516577,Cloud to Cloud,-7624,5914,9
2026-08-31T05:24:04.030550692Z,16.384602,129.367521,Cloud to Cloud,11452,3412,7
2026-08-31T05:24:04.015715954Z,16.432011,129.27869,Cloud to Cloud,-16213,3668,12
2026-08-31T05:24:09.695619612Z,22.244152,114.063542,Cloud to Cloud,9031,18424,7
2026-08-31T05:24:09.655996000Z,22.1622,114.1108,Cloud to Ground,16541,0,5
2026-08-31T05:24:09.891695805Z,17.973976,114.852217,Cloud to Ground,-31598,0,12
2026-08-31T05:24:09.934153541Z,17.9823,114.852631,Cloud to Ground,-21755,0,10
2026-08-31T05:24:10.304721422Z,17.975525,114.856772,Cloud to Ground,-19412,0,13
2026-08-31T05:24:10.305333084Z,18.030238,114.879927,Cloud to Ground,-18885,0,8
2026-08-31T05:24:09.967722350Z,17.980394,114.85434,Cloud to Cloud,-15836,3050,10
2026-08-31T05:24:10.115676932Z,18.060386,114.879364,Cloud to Cloud,-13339,3014,12
2026-08-31T05:24:09.589143901Z,17.922503,114.849847,Cloud to Cloud,-12314,3166,10
2026-08-31T05:24:09.583871790Z,17.884678,114.876256,Cloud to Cloud,-11420,5850,8
2026-08-31T05:24:09.585497444Z,17.915093,114.850746,Cloud to Ground,-9770,0,5
2026-08-31T05:24:09.988008379Z,17.985171,114.849473,Cloud to Ground,36074,0,17
2026-08-31T05:24:12.526688192Z,15.014062,133.329366,Cloud to Cloud,-6263,16126,5
2026-08-31T05:24:14.066789467Z,16.507336,129.342574,Cloud to Ground,-20465,0,18
2026-08-31T05:24:14.133374406Z,16.431115,129.35973,Cloud to Ground,-20147,0,11
2026-08-31T05:24:14.295678000Z,16.4536,129.3936,Cloud to Ground,-7550,0,5
2026-08-31T05:24:14.371324405Z,16.457058,129.391759,Cloud to Ground,12258,0,9
2026-08-31T05:24:14.164769531Z,16.41109,129.406124,Cloud to Ground,17273,0,10
2026-08-31T05:24:15.454201315Z,16.361554,129.258736,Cloud to Ground,12241,0,11
2026-08-31T05:24:15.532344698Z,16.392354,129.358602,Cloud to Ground,-11681,0,8
2026-08-31T05:24:15.694702306Z,16.412258,129.357021,Cloud to Cloud,-9498,3275,10
2026-08-31T05:24:15.611041644Z,16.354669,129.397257,Cloud to Ground,-7402,0,8
2026-08-31T05:24:19.998118782Z,12.712342,133.793187,Cloud to Ground,15940,0,9
2026-08-31T05:24:26.177403787Z,13.607042,134.345634,Cloud to Ground,-8329,0,16
2026-08-31T05:24:26.181925902Z,13.565572,134.510581,Cloud to Ground,-10689,0,7
2026-08-31T05:24:26.208515457Z,13.621349,134.456571,Cloud to Cloud,-8588,6233,12
2026-08-31T05:24:27.715111810Z,15.393805,132.625534,Cloud to Ground,-15559,0,12
2026-08-31T05:24:27.778185559Z,15.454374,132.601239,Cloud to Ground,-11143,0,8
2026-08-31T05:24:27.757782693Z,15.449803,132.59004,Cloud to Cloud,-9098,13928,22
2026-08-31T05:24:27.719146796Z,15.391035,132.6433,Cloud to Ground,80269,0,17
2026-08-31T05:24:28.337745762Z,14.987951,133.330547,Cloud to Ground,-15281,0,8
2026-08-31T05:24:28.319669784Z,15.021565,133.314561,Cloud to Ground,-14109,0,15
2026-08-31T05:24:29.152218556Z,15.715053,121.137607,Cloud to Cloud,-9760,15794,8
2026-08-31T05:24:30.348018533Z,16.194784,129.853537,Cloud to Cloud,13097,3034,14
2026-08-31T05:24:30.383533163Z,16.187954,130.009031,Cloud to Cloud,-9689,3033,11
2026-08-31T05:24:30.363789206Z,16.192443,129.981449,Cloud to Cloud,-6100,19220,11
2026-08-31T05:24:30.362351118Z,16.125286,129.958281,Cloud to Cloud,13018,18751,7
2026-08-31T05:24:30.371989200Z,16.090497,130.002329,Cloud to Cloud,16681,3053,7
2026-08-31T05:24:30.350643583Z,16.204353,129.993619,Cloud to Cloud,27622,17329,12
2026-08-31T05:24:31.356829147Z,16.460436,129.297728,Cloud to Cloud,-13351,5163,13
2026-08-31T05:24:31.284087000Z,16.3878,129.358,Cloud to Ground,15095,0,10
2026-08-31T05:24:32.418670000Z,19.962472,119.459516,Cloud to Cloud,7974,18807,7
