timestamp,latitude,longitude,type,amplitude_ka,height_m,num_sensors
2026-08-30T06:03:54.314186296Z,16.233758,132.207119,Cloud to Ground,-23070,0,13
2026-08-30T06:03:54.274636000Z,16.2412,132.216,Cloud to Ground,-18836,0,7
2026-08-30T06:03:54.301599834Z,16.240556,132.206682,Cloud to Ground,-9195,0,7
2026-08-30T06:03:54.305734149Z,19.306155,115.422649,Cloud to Cloud,-11010,17634,11
2026-08-30T06:03:54.425694726Z,19.261421,115.438041,Cloud to Ground,14689,0,10
2026-08-30T06:03:54.613975230Z,19.355134,115.426589,Cloud to Cloud,15814,19848,10
2026-08-30T06:03:54.757751758Z,19.296614,115.498781,Cloud to Ground,22385,0,10
2026-08-30T06:03:54.743910364Z,19.244568,115.389687,Cloud to Ground,24372,0,12
2026-08-30T06:03:54.878530832Z,19.058551,115.304943,Cloud to Cloud,18848,5541,11
2026-08-30T06:03:54.833065698Z,17.71183,114.348451,Cloud to Cloud,-13664,7391,11
2026-08-30T06:03:54.714907955Z,17.782162,114.364491,Cloud to Ground,-10927,0,7
2026-08-30T06:03:54.466122650Z,17.775214,114.353939,Cloud to Ground,33666,0,19
2026-08-30T06:03:56.482240073Z,19.345309,115.381851,Cloud to Ground,55622,0,13
2026-08-30T06:03:56.902324149Z,22.608313,113.61489,Cloud to Ground,11380,0,7
2026-08-30T06:03:57.235887787Z,18.46884,117.753994,Cloud to Ground,-18123,0,14
2026-08-30T06:03:58.639369431Z,18.662939,116.883286,Cloud to Cloud,-12857,5676,10
2026-08-30T06:03:58.718819793Z,17.892384,114.551837,Cloud to Cloud,-11621,14961,7
2026-08-30T06:03:58.424984836Z,18.802384,118.649079,Cloud to Cloud,7520,18103,9
2026-08-30T06:03:58.428580000Z,18.9131,118.5245,Cloud to Ground,2331,0,5
2026-08-30T06:03:59.771077650Z,16.94771,112.816844,Cloud to Ground,-19843,0,7
2026-08-30T06:03:59.762867649Z,16.952434,112.832621,Cloud to Cloud,14763,7793,8
2026-08-30T06:04:01.721641007Z,19.409459,115.105584,Cloud to Cloud,-38476,7467,16
2026-08-30T06:04:01.792451148Z,19.415009,115.090778,Cloud to Cloud,-20907,3167,15
2026-08-30T06:04:01.779555561Z,19.384037,115.058658,Cloud to Ground,13429,0,8
2026-08-30T06:04:01.746893000Z,19.4131,114.9566,Cloud to Ground,19418,0,5
2026-08-30T06:04:01.941083992Z,16.052535,119.930275,Cloud to Cloud,8617,5437,5
2026-08-30T06:04:01.815848994Z,16.069005,119.904713,Cloud to Cloud,11290,4590,12
2026-08-30T06:04:01.822268977Z,15.99649,119.938459,Cloud to Cloud,13574,6683,7
2026-08-30T06:04:01.817649093Z,16.003236,119.95976,Cloud to Cloud,14488,6421,7
2026-08-30T06:04:03.027822122Z,18.940496,115.10605,Cloud to Cloud,-11580,16811,6
2026-08-30T06:04:03.065449267Z,18.937949,115.094183,Cloud to Cloud,-10646,13667,8
2026-08-30T06:04:02.556507373Z,18.869769,115.129413,Cloud to Cloud,-8988,3023,9
2026-08-30T06:04:03.142653793Z,18.977697,115.103105,Cloud to Cloud,9105,18384,12
2026-08-30T06:04:02.559357612Z,18.869495,115.017418,Cloud to Cloud,10201,5239,9
2026-08-30T06:04:02.557346948Z,18.883598,115.095532,Cloud to Ground,35034,0,16
2026-08-30T06:04:04.075200733Z,19.344258,115.418472,Cloud to Ground,17819,0,13
2026-08-30T06:04:05.407370045Z,17.720047,114.52348,Cloud to Ground,-9799,0,6
2026-08-30T06:04:05.145030846Z,17.744599,114.508562,Cloud to Ground,8840,0,10
2026-08-30T06:04:05.148288912Z,17.731586,114.509624,Cloud to Ground,39332,0,13
2026-08-30T06:04:05.264554951Z,19.448151,114.83023,Cloud to Cloud,-9179,3124,8
2026-08-30T06:04:06.338279538Z,22.576555,113.619522,Cloud to Cloud,-16193,18923,10
2026-08-30T06:04:06.579301421Z,18.510631,119.908958,Cloud to Cloud,-4667,3000,6
2026-08-30T06:04:06.563711096Z,18.505113,119.890561,Cloud to Cloud,8389,3322,8
2026-08-30T06:04:06.764671479Z,18.828193,119.651517,Cloud to Cloud,-17281,17132,8
2026-08-30T06:04:07.943581747Z,19.383079,115.392388,Cloud to Ground,10212,0,12
2026-08-30T06:04:08.464296896Z,21.583124,111.936364,Cloud to Cloud,-17853,3002,9
2026-08-30T06:04:09.194904710Z,19.362636,115.408504,Cloud to Ground,24251,0,13
2026-08-30T06:04:09.901901512Z,18.467752,117.815118,Cloud to Cloud,13363,5088,7
2026-08-30T06:04:10.293529100Z,19.383443,115.421221,Cloud to Ground,30341,0,14
2026-08-30T06:04:11.282235280Z,18.561392,114.651907,Cloud to Cloud,-21062,4689,12
2026-08-30T06:04:11.464770107Z,18.621827,114.646473,Cloud to Cloud,-11858,7030,7
2026-08-30T06:04:11.280143300Z,18.549935,114.605221,Cloud to Cloud,12300,3025,7
2026-08-30T06:04:11.287710013Z,18.548011,114.661712,Cloud to Cloud,17930,4948,8
2026-08-30T06:04:11.277124800Z,18.560974,114.664564,Cloud to Ground,49895,0,16
2026-08-30T06:04:12.161703532Z,19.354113,115.415776,Cloud to Cloud,10369,14076,11
2026-08-30T06:04:12.326374000Z,19.2639,116.1515,Cloud to Ground,-26258,0,7
2026-08-30T06:04:12.959738321Z,19.636615,114.582906,Cloud to Cloud,10523,14070,11
2026-08-30T06:04:15.371933307Z,22.537282,113.536837,Cloud to Ground,-33439,0,15
2026-08-30T06:04:15.432637219Z,22.535328,113.539552,Cloud to Cloud,-9117,3011,8
2026-08-30T06:04:16.073703991Z,22.543467,113.583934,Cloud to Ground,23165,0,14
2026-08-30T06:04:17.069129463Z,15.850351,130.249811,Cloud to Cloud,-44046,7292,13
2026-08-30T06:04:17.758711394Z,16.020766,130.04722,Cloud to Cloud,-16740,5460,16
2026-08-30T06:04:17.760472435Z,16.035756,130.097762,Cloud to Cloud,-16293,3004,13
2026-08-30T06:04:17.761216232Z,16.032564,130.077186,Cloud to Cloud,-12353,19020,14
2026-08-30T06:04:18.370277902Z,19.331664,115.341939,Cloud to Cloud,8903,4440,8
2026-08-30T06:04:20.023306986Z,19.337856,115.442074,Cloud to Ground,-12087,0,10
2026-08-30T06:04:19.781884037Z,19.358789,115.438522,Cloud to Ground,16842,0,13
2026-08-30T06:04:19.341327604Z,21.519438,112.565658,Cloud to Cloud,-21948,3067,13
2026-08-30T06:04:19.349760872Z,21.503398,112.557437,Cloud to Ground,-10241,0,7
2026-08-30T06:04:19.340358399Z,21.514026,112.56404,Cloud to Ground,30730,0,16
2026-08-30T06:04:19.339296000Z,21.5018,112.5593,Cloud to Ground,41996,0,12
2026-08-30T06:04:18.620971387Z,17.914912,114.504414,Cloud to Cloud,-33494,3094,9
2026-08-30T06:04:19.006924203Z,17.995117,114.491873,Cloud to Ground,-20449,0,6
2026-08-30T06:04:18.979965620Z,17.924979,114.452945,Cloud to Cloud,-19765,3134,7
2026-08-30T06:04:19.000008901Z,17.916035,114.48868,Cloud to Ground,-13391,0,14
2026-08-30T06:04:20.827169000Z,18.766,116.5013,Cloud to Ground,24122,0,7
2026-08-30T06:04:21.237380646Z,17.707887,114.338356,Cloud to Ground,11685,0,9
2026-08-30T06:04:21.246094509Z,17.686091,114.346038,Cloud to Ground,12670,0,10
2026-08-30T06:04:21.236326632Z,17.708934,114.341854,Cloud to Ground,33292,0,14
2026-08-30T06:04:23.415296202Z,19.329153,115.42454,Cloud to Ground,17207,0,14
2026-08-30T06:04:28.325259018Z,19.199316,114.364304,Cloud to Ground,-8095,0,7
2026-08-30T06:04:29.684153445Z,18.763791,115.935215,Cloud to Ground,37140,0,8
2026-08-30T06:04:30.404613304Z,19.364706,115.499887,Cloud to Cloud,-12840,3020,7
2026-08-30T06:04:31.845361974Z,16.468355,128.142854,Cloud to Cloud,-13285,12896,12
2026-08-30T06:04:31.685165795Z,16.406823,128.338148,Cloud to Ground,29879,0,9
2026-08-30T06:04:31.689761000Z,16.4845,128.2646,Cloud to Ground,14189,0,5
2026-08-30T06:04:31.435852628Z,22.5482,113.656328,Cloud to Cloud,11111,3574,8
2026-08-30T06:04:31.917343978Z,19.340373,115.412364,Cloud to Cloud,12382,19400,12
2026-08-30T06:04:32.961570582Z,17.660772,134.170586,Cloud to Ground,-24300,0,13
2026-08-30T06:04:33.012635890Z,17.67474,134.093955,Cloud to Ground,-17086,0,15
2026-08-30T06:04:32.958966098Z,17.690336,134.13776,Cloud to Ground,-13924,0,7
2026-08-30T06:04:32.960404786Z,17.680413,134.170026,Cloud to Ground,16197,0,7
2026-08-30T06:04:32.684034700Z,17.617985,114.057511,Cloud to Cloud,-15247,18789,8
2026-08-30T06:04:32.599996993Z,16.871676,112.603326,Cloud to Ground,15907,0,9
2026-08-30T06:04:32.595902919Z,16.890659,112.683861,Cloud to Ground,31620,0,7
2026-08-30T06:04:32.597090000Z,16.9687,112.4117,Cloud to Ground,22892,0,7
2026-08-30T06:04:33.723289182Z,18.843023,118.517983,Cloud to Ground,-42625,0,15
2026-08-30T06:04:33.703761044Z,18.856486,118.569561,Cloud to Cloud,-13490,3224,10
2026-08-30T06:04:34.479676228Z,20.123147,113.320387,Cloud to Cloud,-14383,13327,9
2026-08-30T06:04:34.418711405Z,19.633168,114.581037,Cloud to Cloud,11684,5970,10
2026-08-30T06:04:35.090531679Z,18.851431,118.514932,Cloud to Ground,-24777,0,9
2026-08-30T06:04:35.276108718Z,18.847671,118.505008,Cloud to Ground,-8012,0,6
2026-08-30T06:04:35.334425970Z,19.839937,114.326516,Cloud to Ground,-10456,0,9
2026-08-30T06:04:37.412194000Z,16.8663,112.5538,Cloud to Ground,3359,0,8
2026-08-30T06:04:37.248713486Z,16.850169,112.568985,Cloud to Ground,13968,0,8
2026-08-30T06:04:37.290503985Z,16.82841,112.56439,Cloud to Ground,30106,0,10
2026-08-30T06:04:37.705226949Z,18.516004,117.701013,Cloud to Cloud,14051,7291,9
2026-08-30T06:04:38.431305438Z,16.23116,132.204257,Cloud to Ground,-11859,0,10
2026-08-30T06:04:40.485478188Z,20.15125,114.64544,Cloud to Cloud,10859,16938,10
2026-08-30T06:04:40.159367856Z,20.006935,114.820305,Cloud to Cloud,-20278,5095,15
2026-08-30T06:04:39.890490821Z,19.910109,114.808829,Cloud to Cloud,-10483,3300,9
2026-08-30T06:04:39.459898933Z,19.920955,114.807844,Cloud to Cloud,15596,3075,10
2026-08-30T06:04:41.082805853Z,22.541479,113.600531,Cloud to Ground,26997,0,15
2026-08-30T06:04:42.902484374Z,19.344952,115.378384,Cloud to Ground,74721,0,13
2026-08-30T06:04:43.885822429Z,22.544773,113.606329,Cloud to Ground,-30175,0,15
2026-08-30T06:04:43.917342527Z,22.527456,113.614036,Cloud to Cloud,12667,5132,10
2026-08-30T06:04:44.200382981Z,19.482945,114.90887,Cloud to Cloud,12321,3136,7
2026-08-30T06:04:44.332471932Z,18.6855,114.779416,Cloud to Ground,25823,0,8
2026-08-30T06:04:45.087009256Z,17.61704,133.750832,Cloud to Ground,-36959,0,16
2026-08-30T06:04:45.088622889Z,17.61673,133.748547,Cloud to Ground,-13212,0,13
2026-08-30T06:04:45.085227679Z,17.61415,133.737763,Cloud to Ground,-12036,0,7
2026-08-30T06:04:45.180390331Z,17.588282,133.793232,Cloud to Ground,-11825,0,8
2026-08-30T06:04:45.090175841Z,17.61735,133.737218,Cloud to Ground,-11293,0,13
2026-08-30T06:04:45.366260622Z,17.622762,133.741167,Cloud to Ground,-11292,0,6
2026-08-30T06:04:45.266225086Z,17.62735,133.736132,Cloud to Ground,-9828,0,6
2026-08-30T06:04:45.412771009Z,17.652427,133.770421,Cloud to Ground,15858,0,8
2026-08-30T06:04:45.111657416Z,17.619573,133.74907,Cloud to Ground,16914,0,8
2026-08-30T06:04:45.787728827Z,19.376133,115.404405,Cloud to Cloud,8480,3348,10
2026-08-30T06:04:46.245272637Z,15.210894,134.863319,Cloud to Ground,-37429,0,14
2026-08-30T06:04:46.381492732Z,15.225445,134.876019,Cloud to Ground,25110,0,16
2026-08-30T06:04:46.345006036Z,15.228462,134.874752,Cloud to Ground,50249,0,12
2026-08-30T06:04:46.258851245Z,15.19745,134.892147,Cloud to Ground,86598,0,18
2026-08-30T06:04:46.984579829Z,19.397899,115.047989,Cloud to Cloud,-9591,15654,7
2026-08-30T06:04:46.685924683Z,19.412007,115.074409,Cloud to Cloud,11968,3025,8
2026-08-30T06:04:46.206246794Z,20.850782,110.3008,Cloud to Cloud,-21792,4891,12
2026-08-30T06:04:46.204520568Z,20.825801,110.214417,Cloud to Cloud,15426,3027,14
2026-08-30T06:04:47.558362473Z,19.117573,114.416028,Cloud to Cloud,6241,3275,8
2026-08-30T06:04:47.547107905Z,19.131792,114.509075,Cloud to Cloud,7672,3022,10
2026-08-30T06:04:50.333459848Z,17.046554,132.421765,Cloud to Ground,-39939,0,14
2026-08-30T06:04:50.379201662Z,17.068178,132.407445,Cloud to Ground,16913,0,12
2026-08-30T06:04:50.371110329Z,17.02104,132.398107,Cloud to Ground,31094,0,9
2026-08-30T06:04:50.442990175Z,17.055128,132.422209,Cloud to Ground,50731,0,16
2026-08-30T06:04:50.421249706Z,17.071588,132.40873,Cloud to Ground,62560,0,15
2026-08-30T06:04:51.650697925Z,18.463576,117.707217,Cloud to Cloud,-10007,3080,8
2026-08-30T06:04:53.119961692Z,19.096806,114.148429,Cloud to Ground,-28513,0,13
2026-08-30T06:04:53.118424234Z,19.100645,114.138642,Cloud to Ground,-7715,0,8
2026-08-30T06:04:54.808261279Z,3.070471,112.990831,Cloud to Ground,-13335,0,5
2026-08-30T06:04:54.751031377Z,3.120142,113.014715,Cloud to Ground,10996,0,6
2026-08-30T06:04:54.745395996Z,3.223517,113.026394,Cloud to Ground,-14976,0,7
2026-08-30T06:04:55.332765287Z,22.589572,113.635891,Cloud to Cloud,-9189,12198,10
2026-08-30T06:04:55.244455679Z,22.571883,113.621857,Cloud to Cloud,13518,3015,5
2026-08-30T06:04:55.334454260Z,22.552535,113.608273,Cloud to Cloud,25399,3007,12
2026-08-30T06:04:56.355051932Z,18.037098,114.444506,Cloud to Ground,24782,0,7
2026-08-30T06:04:56.634624077Z,17.970875,114.511682,Cloud to Ground,6536,0,10
2026-08-30T06:04:56.356494775Z,17.952592,114.479665,Cloud to Ground,10934,0,11
2026-08-30T06:04:57.531154961Z,19.344876,115.422479,Cloud to Cloud,16334,3363,13
2026-08-30T06:04:59.847148008Z,16.128851,119.944717,Cloud to Ground,-61159,0,12
2026-08-30T06:04:59.862480364Z,16.132821,119.935037,Cloud to Ground,-8257,0,8
2026-08-30T06:04:59.861802887Z,16.06036,120.015954,Cloud to Cloud,-10044,18079,7
2026-08-30T06:05:00.380070834Z,17.906194,114.387779,Cloud to Cloud,-8643,5173,6
2026-08-30T06:05:00.378249646Z,17.917039,114.377121,Cloud to Cloud,8284,7312,9
2026-08-30T06:05:00.374099073Z,17.917368,114.376608,Cloud to Cloud,8750,5880,6
2026-08-30T06:05:00.375569263Z,17.902265,114.37823,Cloud to Ground,19134,0,13
2026-08-30T06:05:02.533362354Z,19.332496,115.536917,Cloud to Ground,-66218,0,13
2026-08-30T06:05:02.773609263Z,19.33191,115.537631,Cloud to Ground,-28729,0,11
2026-08-30T06:05:03.015163532Z,19.336176,115.537782,Cloud to Ground,-22911,0,12
2026-08-30T06:05:02.586845435Z,19.345297,115.528479,Cloud to Cloud,-18032,9880,7
2026-08-30T06:05:02.562401973Z,19.313284,115.435962,Cloud to Cloud,-17094,6996,10
2026-08-30T06:05:02.907662000Z,19.3832,115.4907,Cloud to Ground,19887,0,7
2026-08-30T06:05:02.626927646Z,19.336883,115.517739,Cloud to Cloud,22791,3028,10
2026-08-30T06:05:02.714038000Z,19.3236,115.5463,Cloud to Ground,23376,0,6
2026-08-30T06:05:02.562849534Z,19.33841,115.523988,Cloud to Ground,25956,0,17
2026-08-30T06:05:02.626166881Z,19.315431,115.528284,Cloud to Ground,46646,0,12
2026-08-30T06:05:03.601001332Z,17.75871,114.354268,Cloud to Cloud,-9811,3170,6
2026-08-30T06:05:03.494843136Z,17.752039,114.312581,Cloud to Ground,9772,0,6
2026-08-30T06:05:03.492025019Z,17.763613,114.255186,Cloud to Cloud,13982,3096,7
2026-08-30T06:05:03.489417241Z,17.77696,114.358443,Cloud to Ground,17034,0,11
2026-08-30T06:05:03.490958915Z,17.766499,114.359537,Cloud to Ground,17330,0,8
2026-08-30T06:05:03.498563697Z,17.742323,114.26751,Cloud to Ground,22807,0,7
2026-08-30T06:05:03.379482440Z,21.614027,111.787882,Cloud to Ground,11233,0,8
2026-08-30T06:05:05.868310000Z,16.0476,120.0614,Cloud to Ground,5822,0,7
2026-08-30T06:05:05.855887070Z,16.066614,120.007145,Cloud to Cloud,6279,19190,7
2026-08-30T06:05:06.401225420Z,17.819512,114.229842,Cloud to Cloud,-26652,3116,12
2026-08-30T06:05:06.383392729Z,17.808199,114.227706,Cloud to Ground,-14253,0,9
2026-08-30T06:05:06.393722579Z,17.836531,114.204083,Cloud to Ground,-11069,0,9
2026-08-30T06:05:06.382348689Z,17.805183,114.237953,Cloud to Cloud,16005,4189,6
2026-08-30T06:05:06.380302551Z,17.80039,114.231897,Cloud to Ground,34239,0,15
2026-08-30T06:05:06.381226312Z,17.835378,114.210281,Cloud to Ground,54209,0,13
2026-08-30T06:05:07.679412334Z,17.713675,114.439226,Cloud to Cloud,-16848,3146,10
2026-08-30T06:05:07.466765378Z,17.711072,114.436651,Cloud to Ground,-13490,0,13
2026-08-30T06:05:08.706434255Z,17.630408,114.297958,Cloud to Ground,20544,0,10
2026-08-30T06:05:10.658090209Z,17.577795,113.898908,Cloud to Ground,-87385,0,13
2026-08-30T06:05:10.843877765Z,17.576408,113.920729,Cloud to Ground,-21708,0,11
2026-08-30T06:05:10.963514391Z,19.345433,115.412356,Cloud to Ground,29597,0,14
2026-08-30T06:05:11.159751257Z,15.822966,131.123465,Cloud to Ground,-154385,0,25
2026-08-30T06:05:11.874017895Z,19.728178,114.686168,Cloud to Ground,19302,0,9
2026-08-30T06:05:13.330754987Z,15.871081,131.28224,Cloud to Cloud,-12190,11657,10
2026-08-30T06:05:13.313223808Z,15.879521,131.278102,Cloud to Ground,19285,0,10
2026-08-30T06:05:13.307727813Z,15.885085,131.131008,Cloud to Cloud,29491,4532,12
2026-08-30T06:05:13.280069857Z,18.674745,116.690569,Cloud to Ground,32753,0,11
2026-08-30T06:05:13.701253261Z,19.347719,115.410808,Cloud to Cloud,10083,13301,6
2026-08-30T06:05:14.919720062Z,12.294491,122.025855,Cloud to Cloud,11444,3002,8
2026-08-30T06:05:14.922419457Z,12.302647,122.002016,Cloud to Cloud,12257,7066,11
2026-08-30T06:05:14.921173660Z,12.312672,122.020459,Cloud to Cloud,13690,17616,7
2026-08-30T06:05:14.310478194Z,19.826869,114.315081,Cloud to Ground,-17025,0,7
2026-08-30T06:05:13.944678947Z,19.82443,114.315454,Cloud to Cloud,-11363,6246,8
2026-08-30T06:05:13.979192746Z,19.821123,114.322032,Cloud to Cloud,-11068,5213,6
2026-08-30T06:05:14.005583548Z,19.831773,114.293723,Cloud to Ground,-10740,0,5
2026-08-30T06:05:15.276025548Z,22.588396,113.595838,Cloud to Ground,8733,0,7
2026-08-30T06:05:15.351228019Z,22.597376,113.595321,Cloud to Cloud,10765,6755,7
2026-08-30T06:05:14.729131056Z,22.610858,113.645922,Cloud to Ground,31337,0,13
2026-08-30T06:05:17.249153335Z,17.857218,114.475748,Cloud to Cloud,-17169,15351,14
2026-08-30T06:05:17.047178390Z,17.979539,114.461141,Cloud to Cloud,7061,7530,6
2026-08-30T06:05:17.043267230Z,17.893433,114.453111,Cloud to Cloud,8197,3699,8
2026-08-30T06:05:17.072723715Z,17.983882,114.547128,Cloud to Ground,11495,0,7
2026-08-30T06:05:17.071354756Z,18.033748,114.579848,Cloud to Ground,12246,0,7
2026-08-30T06:05:17.048819211Z,17.839304,114.482185,Cloud to Ground,16047,0,7
2026-08-30T06:05:16.534869336Z,17.951275,114.555821,Cloud to Ground,22199,0,14
2026-08-30T06:05:16.467315221Z,19.318126,115.410728,Cloud to Ground,36187,0,13
2026-08-30T06:05:16.445411395Z,19.412976,115.082862,Cloud to Ground,-15929,0,8
2026-08-30T06:05:16.716787369Z,19.383087,115.093077,Cloud to Cloud,-14556,4081,6
2026-08-30T06:05:16.661136671Z,22.544041,113.596296,Cloud to Ground,14708,0,12
2026-08-30T06:05:17.941901733Z,22.595066,113.633633,Cloud to Cloud,-13635,18485,7
2026-08-30T06:05:18.753157474Z,21.472535,112.777592,Cloud to Cloud,-43406,4144,14
2026-08-30T06:05:18.758879816Z,21.458823,112.81025,Cloud to Cloud,-16144,3001,9
2026-08-30T06:05:18.759655061Z,21.47474,112.806442,Cloud to Cloud,11968,3130,8
2026-08-30T06:05:18.751343498Z,21.450425,112.784051,Cloud to Ground,26211,0,9
2026-08-30T06:05:19.028489000Z,21.4757,112.8369,Cloud to Ground,41112,0,5
2026-08-30T06:05:19.664127752Z,18.181176,114.730735,Cloud to Ground,-34922,0,13
2026-08-30T06:05:19.666756551Z,18.150322,114.708684,Cloud to Cloud,-18948,14390,8
2026-08-30T06:05:20.536215435Z,21.845305,111.568293,Cloud to Ground,-25553,0,13
2026-08-30T06:05:21.237856108Z,18.950951,115.338758,Cloud to Cloud,-9529,3077,8
2026-08-30T06:05:21.435760974Z,19.003749,115.294569,Cloud to Cloud,5158,3010,7
2026-08-30T06:05:21.244767587Z,18.949101,115.306121,Cloud to Ground,12857,0,10
2026-08-30T06:05:21.225180236Z,18.959279,115.298568,Cloud to Cloud,13050,7638,7
2026-08-30T06:05:23.357506676Z,19.377108,115.415874,Cloud to Ground,16553,0,11
2026-08-30T06:05:23.013441797Z,19.33947,115.43573,Cloud to Ground,33365,0,13
2026-08-30T06:05:23.656978138Z,19.358566,115.386741,Cloud to Ground,35521,0,12
2026-08-30T06:05:25.351481692Z,19.29562,115.390621,Cloud to Cloud,-6880,4979,8
2026-08-30T06:05:25.573588884Z,19.349562,115.472901,Cloud to Cloud,7665,3035,8
2026-08-30T06:05:26.400990575Z,18.894116,115.117794,Cloud to Ground,-27642,0,10
2026-08-30T06:05:26.575312703Z,18.874415,115.076047,Cloud to Ground,8579,0,10
2026-08-30T06:05:29.623137598Z,18.44446,117.672208,Cloud to Cloud,5905,7199,7
2026-08-30T06:05:29.924562721Z,22.552438,113.612654,Cloud to Cloud,12879,4829,12
2026-08-30T06:05:29.823426720Z,19.174912,114.420622,Cloud to Cloud,-14821,3044,10
2026-08-30T06:05:29.807073049Z,19.239663,114.397187,Cloud to Ground,-11686,0,10
2026-08-30T06:05:30.541272217Z,17.274727,120.455574,Cloud to Ground,15730,0,16
2026-08-30T06:05:30.890654055Z,17.320001,120.420897,Cloud to Ground,16494,0,8
2026-08-30T06:05:31.727304784Z,22.52895,113.689759,Cloud to Ground,32444,0,14
2026-08-30T06:05:32.439128258Z,17.620501,114.01895,Cloud to Ground,-38778,0,16
2026-08-30T06:05:32.397015088Z,17.62471,114.034739,Cloud to Ground,-22835,0,12
2026-08-30T06:05:32.401070924Z,17.60752,114.018682,Cloud to Cloud,-17715,6966,10
2026-08-30T06:05:32.076730186Z,17.630097,114.05796,Cloud to Ground,24269,0,14
2026-08-30T06:05:32.346782875Z,16.832971,112.472465,Cloud to Cloud,-16190,6998,8
2026-08-30T06:05:32.083952223Z,16.811648,112.497896,Cloud to Ground,26484,0,6
2026-08-30T06:05:33.284239133Z,18.876469,118.503914,Cloud to Cloud,-9313,15960,10
2026-08-30T06:05:32.796009836Z,18.841911,118.520515,Cloud to Cloud,16207,4209,10
2026-08-30T06:05:32.844273000Z,18.8984,118.6001,Cloud to Ground,15430,0,5
2026-08-30T06:05:32.814579938Z,20.096218,113.471341,Cloud to Ground,-12216,0,7
2026-08-30T06:05:33.893576818Z,18.801134,116.063427,Cloud to Cloud,-33264,3007,12
2026-08-30T06:05:33.973291492Z,18.843219,116.044303,Cloud to Cloud,-11376,3479,8
2026-08-30T06:05:37.964097852Z,19.356547,115.428761,Cloud to Ground,21835,0,14
2026-08-30T06:05:38.364244216Z,19.415949,115.098236,Cloud to Cloud,-14645,3016,11
2026-08-30T06:05:38.577772307Z,19.371866,115.113861,Cloud to Cloud,10089,6093,7
2026-08-30T06:05:40.798861814Z,19.359007,115.422741,Cloud to Cloud,7427,12865,8
2026-08-30T06:05:40.736298266Z,19.333542,115.41268,Cloud to Ground,34177,0,13
2026-08-30T06:05:41.340474904Z,18.614125,117.564239,Cloud to Cloud,-15179,17921,12
2026-08-30T06:05:41.673316278Z,18.672129,117.642408,Cloud to Cloud,-14398,8584,7
2026-08-30T06:05:41.674684173Z,18.60621,117.613789,Cloud to Cloud,-11084,3035,9
2026-08-30T06:05:41.674143328Z,18.661402,117.650524,Cloud to Cloud,-9355,3006,8
2026-08-30T06:05:41.351204197Z,18.627549,117.581835,Cloud to Cloud,10027,4430,6
2026-08-30T06:05:41.694986958Z,18.638413,117.559878,Cloud to Cloud,11286,19820,12
2026-08-30T06:05:41.824134322Z,18.566614,117.622029,Cloud to Cloud,16458,3069,10
2026-08-30T06:05:44.167810657Z,18.48449,117.880939,Cloud to Ground,57312,0,14
2026-08-30T06:05:44.589064259Z,22.585025,113.625007,Cloud to Cloud,10469,3057,6
2026-08-30T06:05:45.138906804Z,18.806188,118.66554,Cloud to Cloud,4540,6523,8
2026-08-30T06:05:45.896567101Z,22.542102,113.58787,Cloud to Ground,26432,0,12
2026-08-30T06:05:45.048820845Z,19.334813,115.412074,Cloud to Cloud,9445,3064,10
2026-08-30T06:05:46.347318793Z,16.102441,130.859301,Cloud to Cloud,-10652,19958,7
2026-08-30T06:05:46.704171227Z,18.734876,114.787441,Cloud to Ground,20356,0,10
2026-08-30T06:05:47.317095908Z,18.719238,114.922576,Cloud to Ground,13907,0,9
2026-08-30T06:05:46.925894705Z,18.728031,114.922907,Cloud to Ground,19103,0,14
2026-08-30T06:05:46.950262472Z,18.804008,114.993957,Cloud to Cloud,13088,6211,7
2026-08-30T06:05:47.371902640Z,17.739669,114.37233,Cloud to Ground,16929,0,11
2026-08-30T06:05:54.082954540Z,15.876696,130.228047,Cloud to Cloud,19568,6799,8
2026-08-30T06:05:54.081841745Z,16.035155,130.198476,Cloud to Cloud,13995,19580,8
2026-08-30T06:05:54.354805706Z,16.868721,112.676349,Cloud to Ground,-24434,0,8
2026-08-30T06:05:54.293637231Z,16.880471,112.656711,Cloud to Ground,14594,0,8
2026-08-30T06:05:54.930361214Z,14.700953,120.675342,Cloud to Cloud,13922,5424,8
2026-08-30T06:05:54.931525287Z,14.679035,120.689546,Cloud to Ground,26951,0,11
2026-08-30T06:05:54.592072473Z,16.125749,119.923979,Cloud to Ground,-32060,0,13
2026-08-30T06:05:56.579480393Z,21.695977,112.040078,Cloud to Ground,-15700,0,6
2026-08-30T06:05:56.280166091Z,21.650583,111.894183,Cloud to Cloud,-19990,6054,10
2026-08-30T06:05:56.451268127Z,21.689596,111.900119,Cloud to Ground,24026,0,11
2026-08-30T06:05:56.247293635Z,21.576222,111.81722,Cloud to Cloud,9309,6618,6
2026-08-30T06:05:56.952698150Z,17.50791,114.291161,Cloud to Ground,22792,0,9
2026-08-30T06:05:56.959360348Z,17.59849,114.301727,Cloud to Ground,-19229,0,12
2026-08-30T06:05:56.955454213Z,17.611103,114.287136,Cloud to Ground,15292,0,6
2026-08-30T06:05:58.014869983Z,22.515753,113.633487,Cloud to Ground,-61358,0,18
2026-08-30T06:05:58.789688761Z,22.494579,113.60863,Cloud to Ground,-12521,0,9
2026-08-30T06:05:58.041584659Z,22.512291,113.628157,Cloud to Ground,-10489,0,9
2026-08-30T06:05:57.997594983Z,22.507461,113.632509,Cloud to Cloud,11560,4392,8
2026-08-30T06:05:58.031799349Z,22.51799,113.62874,Cloud to Cloud,16136,3064,8
2026-08-30T06:05:58.485362000Z,22.5131,113.5527,Cloud to Ground,27255,0,5
2026-08-30T06:05:58.325487054Z,22.454141,113.585151,Cloud to Ground,33724,0,8
2026-08-30T06:05:58.040045410Z,22.518708,113.632609,Cloud to Ground,36326,0,15
2026-08-30T06:05:58.629757414Z,19.339164,115.437144,Cloud to Ground,27828,0,13
2026-08-30T06:05:59.632719667Z,18.283302,114.606266,Cloud to Ground,10288,0,7
2026-08-30T06:05:59.791785722Z,17.923491,114.35575,Cloud to Cloud,-16993,3003,15
2026-08-30T06:05:59.464855085Z,17.92626,114.360998,Cloud to Ground,12061,0,9
2026-08-30T06:05:59.678359764Z,19.633645,114.884987,Cloud to Cloud,-29980,3012,11
2026-08-30T06:05:58.919865017Z,19.702685,114.736484,Cloud to Cloud,-24835,8107,8
2026-08-30T06:05:59.244568751Z,19.691286,114.750001,Cloud to Cloud,-19350,13782,15
2026-08-30T06:05:59.486142275Z,19.633515,114.8072,Cloud to Ground,12759,0,10
2026-08-30T06:05:59.425838239Z,19.745074,114.795917,Cloud to Ground,22349,0,13
2026-08-30T06:05:59.001314999Z,19.700439,114.736437,Cloud to Ground,75056,0,14
2026-08-30T06:05:59.776688297Z,19.378724,115.497165,Cloud to Cloud,-23806,16695,17
2026-08-30T06:05:59.442528899Z,19.355374,115.483619,Cloud to Cloud,-17353,3035,9
2026-08-30T06:05:59.548455141Z,19.362524,115.485449,Cloud to Cloud,10887,3784,11
2026-08-30T06:05:59.431131490Z,19.379568,115.489883,Cloud to Ground,14588,0,8
2026-08-30T06:05:59.851712758Z,19.335056,115.490166,Cloud to Ground,20794,0,8
2026-08-30T06:06:00.157630848Z,16.468992,128.286147,Cloud to Ground,-22616,0,13
2026-08-30T06:06:01.812168749Z,18.59304,115.697101,Cloud to Ground,21455,0,7
2026-08-30T06:06:03.588713029Z,19.892935,114.71255,Cloud to Ground,-38348,0,12
2026-08-30T06:06:03.593372190Z,19.883767,114.729909,Cloud to Cloud,-14448,6972,7
2026-08-30T06:06:03.605498896Z,19.900999,114.725674,Cloud to Cloud,10056,3240,8
2026-08-30T06:06:03.752484007Z,19.882392,114.721468,Cloud to Cloud,14888,7255,6
2026-08-30T06:06:03.751838781Z,19.920315,114.730201,Cloud to Ground,20201,0,11
2026-08-30T06:06:03.589698803Z,19.903388,114.72054,Cloud to Ground,24823,0,14
2026-08-30T06:06:04.356433131Z,17.58522,113.897646,Cloud to Ground,21355,0,10
2026-08-30T06:06:04.747958189Z,17.513756,113.79924,Cloud to Cloud,-15903,7705,7
2026-08-30T06:06:05.231119532Z,14.313724,123.16949,Cloud to Cloud,11042,6385,7
2026-08-30T06:06:05.225449726Z,14.32583,123.134355,Cloud to Cloud,11421,17648,9
2026-08-30T06:06:05.581542695Z,22.597701,113.615938,Cloud to Cloud,-22472,3010,12
2026-08-30T06:06:05.409172649Z,22.562562,113.629472,Cloud to Ground,-9092,0,8
2026-08-30T06:06:06.741328145Z,19.233688,114.513563,Cloud to Cloud,-14916,3892,9
2026-08-30T06:06:09.896939864Z,19.116387,114.515649,Cloud to Cloud,-17599,3500,13
2026-08-30T06:06:09.891932524Z,19.118117,114.433598,Cloud to Ground,18422,0,9
2026-08-30T06:06:11.080782311Z,21.762888,112.161861,Cloud to Ground,27077,0,14
2026-08-30T06:06:11.081343923Z,21.74995,112.160335,Cloud to Ground,31513,0,9
2026-08-30T06:06:11.819569729Z,17.711213,114.451492,Cloud to Ground,-13798,0,10
2026-08-30T06:06:12.301455602Z,17.68405,114.299038,Cloud to Ground,-6370,0,6
2026-08-30T06:06:11.960455625Z,17.724191,114.506309,Cloud to Cloud,6554,4248,7
2026-08-30T06:06:11.817080549Z,17.715245,114.359663,Cloud to Ground,14023,0,8
2026-08-30T06:06:11.815682144Z,17.694545,114.30228,Cloud to Ground,23923,0,8
2026-08-30T06:06:14.192238555Z,16.247787,132.184393,Cloud to Ground,12149,0,7
2026-08-30T06:06:14.936902675Z,22.613024,113.643252,Cloud to Ground,-16828,0,14
2026-08-30T06:06:15.054044077Z,22.611429,113.64311,Cloud to Ground,-9628,0,10
2026-08-30T06:06:14.996617631Z,22.595864,113.641289,Cloud to Cloud,19567,7527,10
2026-08-30T06:06:14.616929000Z,22.579,113.6075,Cloud to Ground,22153,0,5
2026-08-30T06:06:14.513139567Z,14.892407,120.572914,Cloud to Cloud,12724,4483,9
2026-08-30T06:06:14.513975858Z,14.891077,120.603171,Cloud to Ground,63529,0,15
2026-08-30T06:06:16.368506049Z,17.974815,114.579332,Cloud to Cloud,-37136,3082,13
2026-08-30T06:06:16.370390059Z,17.970042,114.575664,Cloud to Cloud,-23898,5427,18
2026-08-30T06:06:16.369733317Z,17.962031,114.571621,Cloud to Cloud,-13957,16915,13
2026-08-30T06:06:16.717443077Z,17.972991,114.579383,Cloud to Ground,-11776,0,8
2026-08-30T06:06:16.704232267Z,17.964358,114.577071,Cloud to Ground,-9950,0,8
2026-08-30T06:06:16.654197521Z,17.944508,114.511906,Cloud to Ground,-8332,0,6
2026-08-30T06:06:16.389844396Z,17.977452,114.566846,Cloud to Cloud,-8100,10993,6
2026-08-30T06:06:16.675705811Z,17.96416,114.583343,Cloud to Ground,-7338,0,6
2026-08-30T06:06:16.378894338Z,17.956253,114.524349,Cloud to Cloud,7128,10020,8
2026-08-30T06:06:16.367343059Z,17.942748,114.505697,Cloud to Cloud,9591,3008,8
2026-08-30T06:06:16.723706888Z,17.973315,114.579568,Cloud to Cloud,10889,17126,7
2026-08-30T06:06:17.547766983Z,15.85511,130.497567,Cloud to Cloud,15025,12099,7
2026-08-30T06:06:17.550044194Z,15.90748,130.554019,Cloud to Ground,48467,0,12
2026-08-30T06:06:17.093914281Z,18.641448,116.478279,Cloud to Ground,10303,0,9
2026-08-30T06:06:18.175099592Z,19.210813,114.370744,Cloud to Cloud,9110,16133,10
2026-08-30T06:06:19.464234205Z,17.682813,134.177744,Cloud to Ground,16771,0,9
2026-08-30T06:06:19.459989015Z,17.696035,134.159137,Cloud to Ground,16952,0,8
2026-08-30T06:06:19.446070177Z,17.69418,134.159363,Cloud to Ground,19588,0,9
2026-08-30T06:06:19.763106807Z,18.426341,117.76603,Cloud to Cloud,-29104,7565,9
2026-08-30T06:06:19.756606132Z,18.44718,117.774734,Cloud to Cloud,-20596,17293,11
2026-08-30T06:06:20.924286246Z,18.837682,118.513809,Cloud to Ground,-22581,0,12
2026-08-30T06:06:21.474311145Z,19.410166,115.382734,Cloud to Ground,40271,0,7
2026-08-30T06:06:21.265891003Z,19.360268,115.394095,Cloud to Ground,43353,0,13
2026-08-30T06:06:21.904675155Z,19.408552,115.09594,Cloud to Cloud,-11108,5271,7
2026-08-30T06:06:21.893890925Z,19.411563,115.094595,Cloud to Cloud,10781,3919,8
2026-08-30T06:06:21.905811383Z,19.392758,115.094879,Cloud to Ground,21603,0,9
2026-08-30T06:06:21.044075000Z,18.9423,118.5326,Cloud to Ground,8413,0,7
2026-08-30T06:06:24.323004379Z,22.587366,113.639422,Cloud to Ground,22986,0,16
2026-08-30T06:06:25.694576964Z,18.507685,117.578977,Cloud to Cloud,-21550,8914,12
2026-08-30T06:06:25.675561784Z,18.48847,117.555266,Cloud to Cloud,-11655,17141,6
2026-08-30T06:06:25.670976923Z,18.510528,117.583661,Cloud to Cloud,9157,15613,7
2026-08-30T06:06:25.672303817Z,18.518281,117.587328,Cloud to Ground,19156,0,10
2026-08-30T06:06:26.218512906Z,17.288979,120.450609,Cloud to Cloud,-9195,4839,10
2026-08-30T06:06:27.575839473Z,17.63504,133.759476,Cloud to Ground,-17175,0,14
2026-08-30T06:06:27.560872490Z,17.634091,133.759042,Cloud to Ground,-15204,0,11
2026-08-30T06:06:27.582972265Z,17.612948,133.77341,Cloud to Ground,-13261,0,9
2026-08-30T06:06:27.753923861Z,17.601768,133.770379,Cloud to Ground,-8573,0,11
2026-08-30T06:06:27.570748966Z,17.644253,133.755636,Cloud to Ground,-7417,0,6
2026-08-30T06:06:27.562480720Z,17.630993,133.758682,Cloud to Ground,10360,0,6
2026-08-30T06:06:30.695214978Z,18.524877,114.588738,Cloud to Cloud,9301,3046,9
2026-08-30T06:06:30.239476211Z,17.985392,114.730953,Cloud to Ground,15134,0,12
2026-08-30T06:06:30.234036163Z,17.987774,114.746325,Cloud to Ground,19443,0,9
2026-08-30T06:06:30.004017093Z,19.935478,114.056945,Cloud to Ground,-50774,0,14
2026-08-30T06:06:30.302915377Z,19.956486,114.125231,Cloud to Ground,-25018,0,11
2026-08-30T06:06:30.235378392Z,19.947185,114.114592,Cloud to Cloud,-15687,15596,10
2026-08-30T06:06:30.016381364Z,19.949746,113.972885,Cloud to Ground,18980,0,11
2026-08-30T06:06:30.488484772Z,19.941906,114.121553,Cloud to Ground,27542,0,11
2026-08-30T06:06:30.000812317Z,19.930788,114.069062,Cloud to Ground,33173,0,10
2026-08-30T06:06:32.698947066Z,14.794814,120.652349,Cloud to Cloud,-4465,3683,7
2026-08-30T06:06:33.069316017Z,14.779535,120.657454,Cloud to Cloud,5195,7254,6
2026-08-30T06:06:32.696171839Z,14.728591,120.693171,Cloud to Ground,20364,0,16
2026-08-30T06:06:33.607406388Z,22.564199,113.761693,Cloud to Ground,-17621,0,8
2026-08-30T06:06:33.276528450Z,22.592521,113.643237,Cloud to Ground,17380,0,8
2026-08-30T06:06:35.979510023Z,21.600638,111.902049,Cloud to Cloud,-33399,18653,16
2026-08-30T06:06:36.361131161Z,21.594078,111.849992,Cloud to Cloud,8204,5752,8
2026-08-30T06:06:41.307538089Z,16.822366,112.513341,Cloud to Ground,17889,0,9
2026-08-30T06:06:41.692988453Z,22.501966,113.598082,Cloud to Cloud,-14060,7273,11
2026-08-30T06:06:41.744950130Z,22.529049,113.588626,Cloud to Ground,-13810,0,13
2026-08-30T06:06:41.700135748Z,22.487803,113.592241,Cloud to Cloud,-13420,3574,8
2026-08-30T06:06:41.195747277Z,22.536496,113.582902,Cloud to Ground,16357,0,15
2026-08-30T06:06:41.206840807Z,19.339303,115.435493,Cloud to Ground,32260,0,13
2026-08-30T06:06:41.022537815Z,18.417271,117.77455,Cloud to Ground,-13581,0,6
2026-08-30T06:06:42.788645636Z,18.516019,117.911689,Cloud to Cloud,-11044,3397,8
2026-08-30T06:06:42.783465885Z,18.493693,117.91924,Cloud to Ground,-10363,0,9
2026-08-30T06:06:42.912328369Z,19.930787,114.836598,Cloud to Cloud,32274,17600,14
2026-08-30T06:06:42.279772336Z,19.434471,115.091057,Cloud to Cloud,29161,4867,15
2026-08-30T06:06:42.269053603Z,19.363596,115.517689,Cloud to Cloud,-16531,14715,13
2026-08-30T06:06:42.324606335Z,19.386171,115.489486,Cloud to Ground,38882,0,14
2026-08-30T06:06:42.320146822Z,17.360781,120.458354,Cloud to Cloud,12232,10092,10
2026-08-30T06:06:43.218893750Z,16.087075,119.968869,Cloud to Ground,-80160,0,10
2026-08-30T06:06:43.455868137Z,16.083023,119.936717,Cloud to Ground,-58808,0,15
2026-08-30T06:06:43.367999029Z,16.081928,119.936808,Cloud to Ground,-48643,0,15
2026-08-30T06:06:43.407608274Z,16.083219,119.931531,Cloud to Ground,-30867,0,13
2026-08-30T06:06:43.503054895Z,16.083486,119.931716,Cloud to Ground,-20876,0,10
2026-08-30T06:06:43.531174492Z,16.080328,119.929693,Cloud to Cloud,-16702,5865,7
2026-08-30T06:06:43.885350060Z,16.082199,119.926163,Cloud to Ground,-12917,0,9
2026-08-30T06:06:43.061214907Z,17.692111,114.113032,Cloud to Ground,-11868,0,9
2026-08-30T06:06:43.057316514Z,17.698136,114.103892,Cloud to Ground,69811,0,19
2026-08-30T06:06:46.415459048Z,19.639104,114.596786,Cloud to Ground,-23041,0,12
2026-08-30T06:06:46.402707269Z,19.621092,114.588945,Cloud to Ground,-14911,0,11
2026-08-30T06:06:46.185221558Z,19.650338,114.583023,Cloud to Cloud,26221,5387,10
2026-08-30T06:06:47.216222425Z,19.105614,114.324626,Cloud to Ground,13718,0,7
2026-08-30T06:06:47.705086267Z,22.615901,113.647421,Cloud to Ground,-12106,0,7
2026-08-30T06:06:48.562682333Z,17.950543,114.578809,Cloud to Ground,-11522,0,7
2026-08-30T06:06:48.608526502Z,17.928457,114.477087,Cloud to Ground,6739,0,6
2026-08-30T06:06:48.564807703Z,17.953281,114.485835,Cloud to Ground,8326,0,9
2026-08-30T06:06:48.014953293Z,19.359146,115.456714,Cloud to Cloud,13759,3001,10
2026-08-30T06:06:54.772388611Z,17.637319,114.304774,Cloud to Ground,-29730,0,10
2026-08-30T06:06:54.770490771Z,17.631839,114.273772,Cloud to Cloud,-11815,3224,10
2026-08-30T06:06:54.811033479Z,17.609814,114.223924,Cloud to Ground,7553,0,7
2026-08-30T06:06:54.767854773Z,17.634142,114.30869,Cloud to Ground,11198,0,11
2026-08-30T06:06:54.780125392Z,17.63723,114.200069,Cloud to Ground,16851,0,8
2026-08-30T06:06:54.563919702Z,16.887054,112.618224,Cloud to Cloud,7813,3054,6
2026-08-30T06:06:54.559733653Z,16.89543,112.706577,Cloud to Ground,39935,0,12
2026-08-30T06:06:56.623761140Z,17.713262,114.470386,Cloud to Cloud,-16552,3268,11
2026-08-30T06:06:56.535211293Z,17.727137,114.467884,Cloud to Ground,-14889,0,8
2026-08-30T06:06:56.802485559Z,17.730502,114.475152,Cloud to Ground,16169,0,10
2026-08-30T06:06:56.835627490Z,17.721402,114.437982,Cloud to Ground,21200,0,7
2026-08-30T06:06:57.895615335Z,18.460785,117.730576,Cloud to Ground,-42336,0,7
2026-08-30T06:06:58.799504169Z,18.423362,117.78197,Cloud to Cloud,-18307,18875,9
2026-08-30T06:06:58.526933178Z,18.442744,117.783441,Cloud to Cloud,7861,13817,8
2026-08-30T06:06:58.538210000Z,18.4369,117.7631,Cloud to Ground,11000,0,9
2026-08-30T06:06:58.403065586Z,17.562783,114.039677,Cloud to Ground,-14641,0,7
2026-08-30T06:06:58.303068992Z,17.556669,113.991208,Cloud to Cloud,-10346,7610,7
2026-08-30T06:06:58.447382546Z,17.546711,114.000611,Cloud to Ground,-10143,0,6
2026-08-30T06:06:58.301985920Z,17.565266,113.972325,Cloud to Ground,16240,0,6
2026-08-30T06:06:58.300273197Z,17.579476,113.937739,Cloud to Ground,21570,0,13
2026-08-30T06:07:00.118295692Z,18.722101,116.019783,Cloud to Cloud,-15230,4385,7
2026-08-30T06:07:00.117270000Z,18.7227,116.0247,Cloud to Ground,18560,0,6
2026-08-30T06:07:03.941629046Z,21.839958,112.064443,Cloud to Ground,-24976,0,8
2026-08-30T06:07:03.958097827Z,21.813169,112.059235,Cloud to Cloud,-7439,3003,8
2026-08-30T06:07:03.969589026Z,21.811917,112.061118,Cloud to Ground,32216,0,14
2026-08-30T06:07:03.943754373Z,21.810758,111.914755,Cloud to Ground,14964,0,10
2026-08-30T06:07:04.358335909Z,19.416034,115.124481,Cloud to Cloud,-15285,3008,12
2026-08-30T06:07:04.440211999Z,19.387311,115.134624,Cloud to Cloud,-14552,9069,10
2026-08-30T06:07:04.173725462Z,19.40868,115.115847,Cloud to Ground,23269,0,11
2026-08-30T06:07:04.631090455Z,21.466894,112.772999,Cloud to Cloud,-19495,6115,7
2026-08-30T06:07:05.653488330Z,22.574859,113.741819,Cloud to Ground,34579,0,7
2026-08-30T06:07:05.734239637Z,22.56867,113.520996,Cloud to Ground,13706,0,7
2026-08-30T06:07:06.602352055Z,18.611464,115.685081,Cloud to Cloud,12241,7041,7
2026-08-30T06:07:06.607274056Z,18.609864,115.697585,Cloud to Ground,20216,0,10
2026-08-30T06:07:06.360473688Z,18.872188,118.545786,Cloud to Ground,-38658,0,13
2026-08-30T06:07:07.244117111Z,18.777623,117.712917,Cloud to Ground,19088,0,12
2026-08-30T06:07:08.097423907Z,4.823266,113.571874,Cloud to Ground,-19861,0,8
2026-08-30T06:07:08.094929785Z,4.824075,113.564521,Cloud to Ground,-18049,0,7
2026-08-30T06:07:08.098436681Z,4.887903,113.517072,Cloud to Ground,-12294,0,12
2026-08-30T06:07:08.595363029Z,4.88503,113.622318,Cloud to Cloud,23118,4127,8
2026-08-30T06:07:08.545062794Z,4.855015,113.617518,Cloud to Cloud,24359,6820,9
2026-08-30T06:07:08.233410466Z,4.832855,113.611947,Cloud to Ground,49256,0,9
2026-08-30T06:07:12.493938805Z,19.330872,115.46368,Cloud to Cloud,-20795,17290,13
2026-08-30T06:07:12.774407562Z,19.383622,115.426294,Cloud to Cloud,-12661,9147,6
2026-08-30T06:07:12.390926645Z,19.334825,115.454273,Cloud to Ground,-9279,0,7
2026-08-30T06:07:12.590258131Z,19.326189,115.457692,Cloud to Cloud,-8962,15446,9
2026-08-30T06:07:12.528356617Z,19.351831,115.45552,Cloud to Ground,17310,0,12
2026-08-30T06:07:12.560034281Z,21.556626,111.888356,Cloud to Cloud,-13353,7259,10
2026-08-30T06:07:12.812438000Z,22.5606,113.6569,Cloud to Ground,27924,0,11
2026-08-30T06:07:13.718326071Z,16.473471,120.336536,Cloud to Ground,27181,0,10
2026-08-30T06:07:13.719455554Z,16.374933,120.411097,Cloud to Cloud,14218,18088,8
2026-08-30T06:07:15.843421668Z,17.558471,133.804032,Cloud to Ground,-18516,0,9
2026-08-30T06:07:15.833107976Z,17.61436,133.774311,Cloud to Ground,-16454,0,11
2026-08-30T06:07:15.835211660Z,17.622533,133.77011,Cloud to Ground,-12872,0,9
2026-08-30T06:07:15.832106322Z,17.619881,133.7773,Cloud to Ground,-11109,0,10
2026-08-30T06:07:15.830364981Z,17.618186,133.779476,Cloud to Ground,17366,0,15
2026-08-30T06:07:16.221612886Z,20.096538,113.484974,Cloud to Cloud,-13381,3061,10
2026-08-30T06:07:16.032815103Z,18.434692,117.71668,Cloud to Cloud,-8729,17773,7
2026-08-30T06:07:19.778908532Z,22.597211,113.632155,Cloud to Cloud,-19082,7792,14
2026-08-30T06:07:19.772748332Z,22.612139,113.630258,Cloud to Cloud,-14253,17766,8
2026-08-30T06:07:19.463672660Z,22.597963,113.612793,Cloud to Cloud,-12328,7035,5
2026-08-30T06:07:20.652425883Z,16.006152,120.009567,Cloud to Cloud,14775,3040,10
2026-08-30T06:07:21.380548743Z,19.415541,115.093876,Cloud to Cloud,-13029,3299,9
2026-08-30T06:07:22.998336818Z,16.857437,112.552153,Cloud to Ground,18252,0,10
2026-08-30T06:07:23.185363815Z,17.743873,114.382414,Cloud to Cloud,-9140,13802,8
2026-08-30T06:07:23.174357608Z,17.731818,114.293622,Cloud to Ground,12946,0,10
2026-08-30T06:07:23.861231457Z,16.120443,119.956159,Cloud to Ground,-23733,0,8
2026-08-30T06:07:24.556857439Z,15.912568,130.16508,Cloud to Cloud,17343,7931,7
2026-08-30T06:07:24.551407421Z,15.956742,130.108978,Cloud to Ground,63993,0,24
2026-08-30T06:07:24.559267966Z,15.95893,130.258495,Cloud to Cloud,-9725,3455,8
2026-08-30T06:07:24.550091175Z,15.87301,130.288319,Cloud to Ground,34712,0,8
2026-08-30T06:07:24.502829637Z,18.653844,116.45707,Cloud to Ground,13299,0,10
2026-08-30T06:07:25.837115331Z,15.96367,130.145924,Cloud to Cloud,26053,5649,8
2026-08-30T06:07:25.591392315Z,19.507381,119.383313,Cloud to Cloud,6542,7058,6
2026-08-30T06:07:25.450106000Z,19.4092,119.3068,Cloud to Ground,-11068,0,6
2026-08-30T06:07:25.458179208Z,19.384237,119.277859,Cloud to Cloud,8767,15088,7
2026-08-30T06:07:25.481313355Z,19.460803,119.300359,Cloud to Cloud,9218,16449,8
2026-08-30T06:07:25.458841422Z,19.448222,119.270348,Cloud to Cloud,10739,18855,9
2026-08-30T06:07:25.451777000Z,19.4526,119.3027,Cloud to Ground,25647,0,5
2026-08-30T06:07:30.167829355Z,19.130176,114.12441,Cloud to Cloud,-23859,5531,9
2026-08-30T06:07:30.166812134Z,19.113796,114.124001,Cloud to Ground,38404,0,12
2026-08-30T06:07:30.672259871Z,19.625804,114.60587,Cloud to Cloud,-25781,3008,7
2026-08-30T06:07:30.697417875Z,19.66338,114.618891,Cloud to Cloud,-25251,7818,14
2026-08-30T06:07:30.986500363Z,19.657647,114.51285,Cloud to Cloud,-17481,4802,7
2026-08-30T06:07:30.669289267Z,19.659586,114.600443,Cloud to Cloud,18348,10237,9
2026-08-30T06:07:33.282835161Z,16.079342,120.248234,Cloud to Cloud,-8447,15632,8
2026-08-30T06:07:32.970104737Z,16.167438,120.250126,Cloud to Cloud,17586,6333,8
2026-08-30T06:07:33.918230278Z,18.826117,118.533828,Cloud to Cloud,-12136,19949,7
2026-08-30T06:07:34.191724037Z,18.89778,118.621393,Cloud to Cloud,-11054,13804,8
2026-08-30T06:07:34.196479912Z,18.845767,118.55153,Cloud to Cloud,-7927,15936,7
2026-08-30T06:07:34.638822441Z,18.881778,118.493875,Cloud to Cloud,5128,12065,6
2026-08-30T06:07:33.917199861Z,18.863906,118.559472,Cloud to Cloud,9367,18927,8
2026-08-30T06:07:34.527719579Z,18.618767,115.66323,Cloud to Cloud,-8783,3023,7
2026-08-30T06:07:37.255744104Z,19.380638,115.47855,Cloud to Cloud,-18463,4823,9
2026-08-30T06:07:37.000011574Z,19.354344,115.508758,Cloud to Ground,-14054,0,10
2026-08-30T06:07:36.868300156Z,19.37122,115.485576,Cloud to Cloud,5438,6621,8
2026-08-30T06:07:36.876645805Z,19.409249,115.453021,Cloud to Cloud,7165,17778,7
2026-08-30T06:07:37.285078717Z,19.398903,115.561661,Cloud to Cloud,11784,15741,8
2026-08-30T06:07:39.318462739Z,17.79264,114.142105,Cloud to Ground,-57837,0,14
2026-08-30T06:07:38.332727815Z,17.656351,114.086577,Cloud to Cloud,-13231,3221,10
2026-08-30T06:07:38.741310756Z,17.728049,114.14771,Cloud to Cloud,-11911,14902,10
2026-08-30T06:07:38.624437049Z,17.728713,114.066971,Cloud to Cloud,-9656,3089,8
2026-08-30T06:07:38.729112493Z,17.810706,114.078234,Cloud to Cloud,-8316,3061,6
2026-08-30T06:07:38.867752813Z,17.7639,114.119238,Cloud to Cloud,6109,3052,7
2026-08-30T06:07:38.329045810Z,17.655304,114.082014,Cloud to Ground,13261,0,9
2026-08-30T06:07:38.330828222Z,17.645741,114.087285,Cloud to Ground,18597,0,12
2026-08-30T06:07:39.023706869Z,17.593247,113.968748,Cloud to Cloud,-17904,3365,11
2026-08-30T06:07:39.022623375Z,17.58912,113.960699,Cloud to Cloud,-17045,3843,10
2026-08-30T06:07:39.040900544Z,17.579091,113.916827,Cloud to Ground,-11459,0,7
2026-08-30T06:07:38.797579905Z,17.574005,114.014329,Cloud to Cloud,-10672,3061,7
2026-08-30T06:07:39.014373581Z,17.522798,113.922786,Cloud to Ground,12214,0,8
2026-08-30T06:07:39.696617106Z,19.243484,114.322799,Cloud to Ground,12154,0,7
2026-08-30T06:07:41.520364038Z,19.374855,115.156302,Cloud to Cloud,-20604,16146,8
2026-08-30T06:07:41.180624304Z,19.40349,115.123057,Cloud to Cloud,-6909,12534,8
2026-08-30T06:07:41.121319053Z,19.414789,115.118508,Cloud to Ground,16275,0,10
2026-08-30T06:07:42.369033584Z,21.607761,111.800511,Cloud to Ground,-14723,0,7
2026-08-30T06:07:43.857784782Z,18.543309,117.895722,Cloud to Cloud,-8331,3009,7
2026-08-30T06:07:43.855434782Z,18.55709,117.890226,Cloud to Cloud,5077,17545,5
2026-08-30T06:07:43.923839858Z,18.482127,117.904844,Cloud to Cloud,15748,11054,9
2026-08-30T06:07:43.849846905Z,18.502141,117.917718,Cloud to Ground,22223,0,13
2026-08-30T06:07:43.622123044Z,18.455811,117.722986,Cloud to Ground,-19688,0,7
2026-08-30T06:07:43.558405718Z,19.107933,114.444986,Cloud to Ground,14875,0,10
2026-08-30T06:07:43.556841555Z,19.118629,114.540869,Cloud to Cloud,17992,19350,17
2026-08-30T06:07:43.557443351Z,19.101119,114.542331,Cloud to Cloud,19270,3010,10
2026-08-30T06:07:44.437298335Z,19.50483,115.459002,Cloud to Ground,69819,0,13
2026-08-30T06:07:44.752433672Z,19.522409,115.355282,Cloud to Ground,-12770,0,9
2026-08-30T06:07:45.774690911Z,22.682805,113.476313,Cloud to Ground,13223,0,10
2026-08-30T06:07:45.748959462Z,22.518392,113.628104,Cloud to Cloud,-26565,3042,10
2026-08-30T06:07:45.459102667Z,22.563107,113.596168,Cloud to Cloud,-18740,6716,9
2026-08-30T06:07:45.406863008Z,22.583382,113.593451,Cloud to Cloud,-13902,3454,7
2026-08-30T06:07:45.139712715Z,22.529095,113.650275,Cloud to Ground,-12114,0,9
2026-08-30T06:07:45.582263489Z,22.526645,113.609053,Cloud to Cloud,11263,15802,10
2026-08-30T06:07:45.131966852Z,22.550764,113.601919,Cloud to Ground,11843,0,11
2026-08-30T06:07:45.352436408Z,22.49768,113.609197,Cloud to Cloud,12577,3003,10
2026-08-30T06:07:46.859329917Z,18.908998,115.140043,Cloud to Ground,-16377,0,8
2026-08-30T06:07:46.858264972Z,18.90189,115.103094,Cloud to Cloud,-14365,18848,7
2026-08-30T06:07:46.857377686Z,18.898415,115.093823,Cloud to Ground,23753,0,10
2026-08-30T06:07:46.897687175Z,18.044114,114.67606,Cloud to Cloud,-10880,3042,12
2026-08-30T06:07:46.876063028Z,17.995127,114.715803,Cloud to Ground,12538,0,9
2026-08-30T06:07:46.390312175Z,18.013791,114.674526,Cloud to Ground,22788,0,15
2026-08-30T06:07:46.829146037Z,17.968765,114.711092,Cloud to Ground,23643,0,9
2026-08-30T06:07:46.721889359Z,16.861816,112.655762,Cloud to Cloud,18539,15255,7
2026-08-30T06:07:47.483262803Z,17.593475,114.271898,Cloud to Ground,13010,0,8
2026-08-30T06:07:47.495370360Z,16.831305,112.602666,Cloud to Cloud,33604,19142,10
2026-08-30T06:07:47.246394433Z,22.607629,113.644428,Cloud to Ground,12004,0,13
2026-08-30T06:07:48.488655565Z,18.613385,115.342493,Cloud to Ground,-12838,0,13
2026-08-30T06:07:48.849339156Z,22.581391,113.636095,Cloud to Ground,-20585,0,13
2026-08-30T06:07:50.838372880Z,17.946979,114.400816,Cloud to Ground,-10402,0,6
2026-08-30T06:07:50.836044192Z,17.94662,114.373078,Cloud to Ground,12295,0,8
2026-08-30T06:07:50.834913888Z,17.934555,114.390123,Cloud to Ground,39288,0,15
2026-08-30T06:07:51.375697736Z,21.560107,111.94186,Cloud to Ground,-21773,0,12
2026-08-30T06:07:51.755516422Z,21.704779,112.013309,Cloud to Ground,72506,0,14
2026-08-30T06:07:51.638106966Z,17.997778,114.259658,Cloud to Ground,18230,0,9
2026-08-30T06:07:52.712902005Z,19.928553,114.069199,Cloud to Ground,17799,0,10
2026-08-30T06:07:52.893831839Z,15.885783,130.220471,Cloud to Cloud,11169,6694,9
2026-08-30T06:07:53.133813093Z,15.885913,130.17188,Cloud to Ground,18387,0,9
2026-08-30T06:07:55.388344089Z,21.822902,111.491743,Cloud to Cloud,12168,10810,9
2026-08-30T06:07:55.387744257Z,21.818081,111.504228,Cloud to Cloud,12411,5465,7
2026-08-30T06:07:55.389588181Z,21.837093,111.578298,Cloud to Ground,32245,0,19
2026-08-30T06:07:56.404478634Z,16.567642,120.54643,Cloud to Ground,13396,0,14
2026-08-30T06:07:57.949209173Z,17.974907,114.567021,Cloud to Cloud,-12882,5659,9
2026-08-30T06:07:57.948327683Z,17.970002,114.572377,Cloud to Ground,5933,0,7
2026-08-30T06:07:57.947712745Z,17.975903,114.59139,Cloud to Ground,13204,0,10
2026-08-30T06:07:57.946129363Z,17.972018,114.574999,Cloud to Ground,16154,0,11
2026-08-30T06:07:57.961744952Z,17.950012,114.495994,Cloud to Ground,17423,0,6
2026-08-30T06:08:01.678060709Z,15.856872,131.294154,Cloud to Ground,-56484,0,16
2026-08-30T06:08:02.084850059Z,15.879943,131.282774,Cloud to Cloud,-19899,17072,12
2026-08-30T06:08:02.086091286Z,15.877413,131.286665,Cloud to Ground,-13343,0,13
2026-08-30T06:08:02.477099750Z,15.864178,131.300118,Cloud to Cloud,16321,7153,11
2026-08-30T06:08:02.128887258Z,15.863013,131.297582,Cloud to Ground,23769,0,12
2026-08-30T06:08:02.154842212Z,15.819904,131.308757,Cloud to Ground,25238,0,11
2026-08-30T06:08:02.273028612Z,15.926237,131.35558,Cloud to Cloud,35680,17928,15
2026-08-30T06:08:01.681327000Z,15.8447,131.2763,Cloud to Ground,229525,0,5
2026-08-30T06:08:02.092114454Z,15.651094,131.430202,Cloud to Ground,-172162,0,12
2026-08-30T06:08:02.545926925Z,16.582867,128.18205,Cloud to Cloud,18952,12348,15
2026-08-30T06:08:02.900349269Z,16.791497,128.156392,Cloud to Cloud,-11913,16369,18
2026-08-30T06:08:02.537350566Z,16.6021,128.36725,Cloud to Cloud,-26237,14425,11
2026-08-30T06:08:02.509089147Z,16.59654,128.313408,Cloud to Ground,-18079,0,7
2026-08-30T06:08:02.548709267Z,16.585949,128.348329,Cloud to Cloud,40777,9547,16
2026-08-30T06:08:02.505959401Z,16.544131,128.374327,Cloud to Ground,42179,0,9
2026-08-30T06:08:04.174905059Z,22.581899,113.63806,Cloud to Cloud,-25862,6432,15
2026-08-30T06:08:04.222028402Z,22.643546,113.598796,Cloud to Cloud,-11020,19154,8
2026-08-30T06:08:04.310955880Z,22.536523,113.655203,Cloud to Cloud,-9750,10208,6
2026-08-30T06:08:04.342041884Z,22.526717,113.644369,Cloud to Cloud,12425,3017,8
2026-08-30T06:08:04.192837879Z,22.618327,113.702801,Cloud to Cloud,19292,19453,9
2026-08-30T06:08:06.633089114Z,17.28369,120.49383,Cloud to Ground,68655,0,17
2026-08-30T06:08:06.752532584Z,16.806911,112.580804,Cloud to Ground,19513,0,10
2026-08-30T06:08:07.334993580Z,18.844673,118.545934,Cloud to Cloud,-14907,8746,12
2026-08-30T06:08:07.533531661Z,18.856268,118.549345,Cloud to Cloud,6033,16035,9
2026-08-30T06:08:07.402520394Z,18.927276,118.583122,Cloud to Cloud,10100,7116,8
2026-08-30T06:08:07.268568821Z,18.930459,118.599579,Cloud to Cloud,14760,6544,8
2026-08-30T06:08:07.534350688Z,18.865093,118.566589,Cloud to Ground,15897,0,11
2026-08-30T06:08:07.366496093Z,18.935885,118.56929,Cloud to Cloud,20297,3102,8
2026-08-30T06:08:10.623304441Z,16.827189,112.593527,Cloud to Cloud,-12200,5989,8
2026-08-30T06:08:12.134544111Z,19.434702,115.11144,Cloud to Cloud,-18893,3615,8
2026-08-30T06:08:12.139115023Z,19.426715,115.119166,Cloud to Cloud,12451,3180,8
2026-08-30T06:08:12.126705962Z,19.419921,115.106438,Cloud to Cloud,13400,3056,10
2026-08-30T06:08:12.133414723Z,19.438529,115.01627,Cloud to Ground,26882,0,10
2026-08-30T06:08:13.003275322Z,17.579277,114.212532,Cloud to Cloud,7342,5727,6
2026-08-30T06:08:15.227443595Z,4.814628,113.5626,Cloud to Ground,-14816,0,15
2026-08-30T06:08:15.245856511Z,4.814168,113.564802,Cloud to Ground,16024,0,8
2026-08-30T06:08:17.512256533Z,22.724899,113.625827,Cloud to Cloud,-33211,12925,9
2026-08-30T06:08:17.541920456Z,22.597237,113.6535,Cloud to Ground,-36185,0,14
2026-08-30T06:08:17.997315483Z,22.59618,113.634635,Cloud to Ground,-35500,0,16
2026-08-30T06:08:17.822081868Z,22.588314,113.637629,Cloud to Ground,-18952,0,11
2026-08-30T06:08:17.720288292Z,22.634221,113.635972,Cloud to Ground,-15461,0,10
2026-08-30T06:08:17.822692336Z,22.544173,113.635833,Cloud to Cloud,-14026,15739,12
2026-08-30T06:08:18.286044412Z,22.595514,113.634014,Cloud to Ground,-8412,0,8
2026-08-30T06:08:19.990917527Z,18.860967,114.891965,Cloud to Ground,19148,0,12
2026-08-30T06:08:20.316458209Z,19.302266,115.260884,Cloud to Ground,-17674,0,10
2026-08-30T06:08:20.186274152Z,18.823821,114.997764,Cloud to Ground,-20355,0,6
2026-08-30T06:08:20.312942240Z,19.348949,115.520989,Cloud to Ground,-64447,0,15
2026-08-30T06:08:20.395660056Z,19.345081,115.525194,Cloud to Ground,-37193,0,18
2026-08-30T06:08:20.280472880Z,19.332524,115.536279,Cloud to Cloud,-25946,3000,12
2026-08-30T06:08:20.396163216Z,19.333696,115.537293,Cloud to Ground,-25326,0,11
2026-08-30T06:08:20.314480245Z,19.327211,115.528673,Cloud to Ground,-22891,0,14
2026-08-30T06:08:20.421169276Z,19.321669,115.510399,Cloud to Ground,16498,0,7
2026-08-30T06:08:20.397396380Z,19.277872,115.540852,Cloud to Ground,20557,0,7
2026-08-30T06:08:19.912687294Z,19.419881,115.564485,Cloud to Cloud,28658,19851,7
2026-08-30T06:08:20.916119000Z,16.0787,119.9123,Cloud to Ground,4445,0,6
2026-08-30T06:08:21.155440824Z,16.073867,119.938952,Cloud to Cloud,11497,7985,6
2026-08-30T06:08:20.917279776Z,16.073443,119.921293,Cloud to Ground,21104,0,12
2026-08-30T06:08:20.912785733Z,16.082208,119.937917,Cloud to Cloud,25078,18940,9
2026-08-30T06:08:21.009572039Z,14.380261,123.173446,Cloud to Ground,29306,0,13
2026-08-30T06:08:21.007247947Z,14.328381,123.119641,Cloud to Ground,43946,0,9
2026-08-30T06:08:24.972589948Z,17.778218,114.363985,Cloud to Ground,-14683,0,11
2026-08-30T06:08:25.341623638Z,17.72993,114.365167,Cloud to Ground,-9342,0,8
2026-08-30T06:08:24.970251451Z,17.780269,114.370437,Cloud to Ground,25908,0,14
2026-08-30T06:08:24.970822192Z,17.776557,114.369453,Cloud to Ground,28143,0,14
2026-08-30T06:08:25.101455490Z,17.81068,114.231529,Cloud to Cloud,12159,3695,6
2026-08-30T06:08:26.816720349Z,16.742131,132.428225,Cloud to Cloud,-31603,5818,13
2026-08-30T06:08:26.813966543Z,16.737322,132.423827,Cloud to Ground,17160,0,10
2026-08-30T06:08:26.952962230Z,16.733327,132.419907,Cloud to Ground,25779,0,12
2026-08-30T06:08:26.060631941Z,18.59642,117.59725,Cloud to Cloud,5777,19782,7
2026-08-30T06:08:26.154130985Z,18.572537,117.553549,Cloud to Ground,26184,0,14
2026-08-30T06:08:26.062368000Z,18.6052,117.5871,Cloud to Ground,34313,0,6
2026-08-30T06:08:26.755492730Z,22.575614,113.768539,Cloud to Cloud,-15120,3000,6
2026-08-30T06:08:26.724295889Z,22.561005,113.764899,Cloud to Ground,24768,0,10
2026-08-30T06:08:27.627601921Z,17.699437,114.383384,Cloud to Ground,22255,0,7
2026-08-30T06:08:28.324893518Z,17.600789,113.951191,Cloud to Ground,-25320,0,15
2026-08-30T06:08:27.704674236Z,17.596875,114.070812,Cloud to Ground,-8943,0,6
2026-08-30T06:08:27.697028607Z,17.606544,114.112412,Cloud to Cloud,-7783,5919,9
2026-08-30T06:08:27.947794000Z,17.6716,114.0093,Cloud to Ground,8192,0,5
2026-08-30T06:08:28.326324305Z,17.602174,114.066026,Cloud to Cloud,15133,7711,13
2026-08-30T06:08:27.695470077Z,17.606719,114.070598,Cloud to Ground,36966,0,12
2026-08-30T06:08:27.698901000Z,17.6343,114.0196,Cloud to Ground,52823,0,12
2026-08-30T06:08:27.200246247Z,16.813095,112.513793,Cloud to Ground,6531,0,5
2026-08-30T06:08:28.796987547Z,14.74282,120.661087,Cloud to Cloud,-13073,3645,6
2026-08-30T06:08:28.803765736Z,14.744012,120.641599,Cloud to Cloud,9070,10410,6
2026-08-30T06:08:29.686460037Z,18.54961,117.838551,Cloud to Ground,-29191,0,8
2026-08-30T06:08:29.452101082Z,18.428712,117.785759,Cloud to Ground,16784,0,10
2026-08-30T06:08:29.427414493Z,18.451225,117.798572,Cloud to Ground,27634,0,9
2026-08-30T06:08:29.525562574Z,16.80973,112.553051,Cloud to Cloud,-21929,6058,8
2026-08-30T06:08:29.350270200Z,12.299416,122.06301,Cloud to Ground,21812,0,10
2026-08-30T06:08:29.346854143Z,12.382475,121.998667,Cloud to Ground,-40647,0,11
2026-08-30T06:08:29.279724918Z,19.829171,114.396253,Cloud to Ground,35942,0,13
2026-08-30T06:08:30.518532581Z,18.456134,117.756529,Cloud to Ground,-18496,0,14
2026-08-30T06:08:30.134577324Z,22.556801,113.616549,Cloud to Cloud,16604,3003,10
2026-08-30T06:08:30.163685569Z,22.59865,113.580744,Cloud to Cloud,21860,19804,7
2026-08-30T06:08:30.483542805Z,20.455844,114.025442,Cloud to Ground,-11031,0,7
2026-08-30T06:08:31.019312119Z,20.240448,114.027045,Cloud to Cloud,-35997,7715,13
2026-08-30T06:08:30.997429000Z,20.302,114.0693,Cloud to Ground,606,0,5
2026-08-30T06:08:31.004222606Z,20.239143,113.926967,Cloud to Cloud,14643,17973,10
2026-08-30T06:08:31.125260238Z,20.238809,113.947808,Cloud to Cloud,15548,16240,8
2026-08-30T06:08:31.017548864Z,20.29018,114.107631,Cloud to Ground,26071,0,13
2026-08-30T06:08:34.842683224Z,16.297434,111.258245,Cloud to Ground,15886,0,10
2026-08-30T06:08:35.508474862Z,16.840047,112.547375,Cloud to Ground,23392,0,8
2026-08-30T06:08:35.544237344Z,17.610534,114.221944,Cloud to Ground,11069,0,7
2026-08-30T06:08:38.063316452Z,18.636131,116.439949,Cloud to Cloud,-26021,3030,8
2026-08-30T06:08:37.916301169Z,18.638246,116.492648,Cloud to Cloud,-8343,3000,10
2026-08-30T06:08:40.979984366Z,18.83097,118.676621,Cloud to Ground,-24091,0,12
2026-08-30T06:08:41.751535089Z,16.844572,112.590305,Cloud to Ground,7698,0,5
2026-08-30T06:08:46.535671639Z,19.228229,114.416402,Cloud to Ground,-36549,0,18
2026-08-30T06:08:46.543248043Z,19.218694,114.425218,Cloud to Ground,-12157,0,8
2026-08-30T06:08:47.336579842Z,19.658064,114.627528,Cloud to Cloud,-21722,3129,9
2026-08-30T06:08:47.489090214Z,19.628481,114.624703,Cloud to Cloud,11329,7768,7
2026-08-30T06:08:47.316743784Z,19.66058,114.616532,Cloud to Ground,36553,0,14
2026-08-30T06:08:48.520333733Z,22.592802,113.646706,Cloud to Ground,-15473,0,6
2026-08-30T06:08:48.214478651Z,22.617572,113.639608,Cloud to Ground,13597,0,7
2026-08-30T06:08:48.698728861Z,18.450969,117.738593,Cloud to Ground,-31466,0,10
2026-08-30T06:08:51.415138554Z,18.464501,117.925572,Cloud to Cloud,-19619,3021,11
2026-08-30T06:08:51.425143565Z,18.460568,117.911283,Cloud to Cloud,6854,5714,7
2026-08-30T06:08:51.413971688Z,18.468814,117.912401,Cloud to Cloud,18161,3258,11
2026-08-30T06:08:51.403731031Z,19.347833,115.497369,Cloud to Cloud,7836,3005,7
2026-08-30T06:08:52.391200293Z,16.05059,130.978927,Cloud to Cloud,-13392,5974,9
2026-08-30T06:08:52.363515577Z,16.031696,130.979498,Cloud to Cloud,-11452,4288,11
2026-08-30T06:08:52.358823094Z,16.007489,131.003535,Cloud to Ground,22928,0,12
2026-08-30T06:08:52.699010967Z,16.842166,112.534254,Cloud to Ground,-18536,0,9
2026-08-30T06:08:53.681535374Z,18.03958,114.695674,Cloud to Cloud,-13046,7993,10
2026-08-30T06:08:56.862391337Z,15.945264,130.25446,Cloud to Cloud,-19383,3023,9
2026-08-30T06:08:56.866840726Z,15.961047,130.262006,Cloud to Ground,-16672,0,13
2026-08-30T06:08:56.860305760Z,15.942846,130.26369,Cloud to Cloud,22353,5427,17
2026-08-30T06:08:56.217131897Z,18.717626,116.574151,Cloud to Ground,-26942,0,13
2026-08-30T06:08:56.265427938Z,18.734723,116.53019,Cloud to Ground,-18506,0,9
2026-08-30T06:08:56.289771778Z,18.718494,116.572031,Cloud to Ground,-13338,0,9
2026-08-30T06:08:57.625473330Z,16.166395,130.292303,Cloud to Ground,-55282,0,18
2026-08-30T06:08:57.450537773Z,16.084068,130.316343,Cloud to Cloud,-19239,3011,8
2026-08-30T06:08:57.652457317Z,16.114401,130.186846,Cloud to Ground,-9964,0,15
2026-08-30T06:08:58.265632000Z,16.0699,130.2112,Cloud to Ground,23779,0,5
2026-08-30T06:08:57.662910000Z,16.0677,130.303,Cloud to Ground,25682,0,5
2026-08-30T06:08:58.371629485Z,16.095052,130.325807,Cloud to Cloud,-32628,3070,12
2026-08-30T06:08:58.712341242Z,22.578478,113.415326,Cloud to Ground,14123,0,7
2026-08-30T06:08:58.517313234Z,22.559828,113.637532,Cloud to Ground,-34651,0,14
2026-08-30T06:08:58.854297818Z,22.551452,113.643086,Cloud to Ground,-30822,0,12
2026-08-30T06:08:58.411775979Z,22.565285,113.627673,Cloud to Ground,-27249,0,7
2026-08-30T06:08:58.169022235Z,22.553611,113.640668,Cloud to Ground,-27172,0,17
2026-08-30T06:08:58.518622298Z,22.555106,113.646569,Cloud to Cloud,-19804,14713,11
2026-08-30T06:08:58.221458654Z,22.559666,113.639764,Cloud to Ground,-18860,0,9
2026-08-30T06:08:58.718832365Z,22.529742,113.651239,Cloud to Ground,-17542,0,8
2026-08-30T06:08:58.409745726Z,22.554899,113.704732,Cloud to Cloud,-17233,3081,9
2026-08-30T06:08:58.307817523Z,22.556753,113.638385,Cloud to Ground,-12303,0,10
2026-08-30T06:08:58.197020378Z,22.556525,113.636809,Cloud to Ground,-11083,0,12
2026-08-30T06:08:58.909738663Z,22.543193,113.63162,Cloud to Ground,17321,0,8
2026-08-30T06:08:58.517884472Z,22.501708,113.641089,Cloud to Cloud,31142,6498,10
2026-08-30T06:08:59.407105405Z,19.703701,114.770836,Cloud to Ground,-32145,0,10
2026-08-30T06:08:59.408042968Z,19.700668,114.778829,Cloud to Cloud,-17329,3026,8
2026-08-30T06:08:59.406508271Z,19.675837,114.770493,Cloud to Cloud,25213,3006,7
2026-08-30T06:08:59.405633245Z,19.685917,114.771217,Cloud to Ground,26869,0,10
2026-08-30T06:08:59.514014585Z,19.737872,114.743772,Cloud to Ground,31360,0,15
2026-08-30T06:08:59.005643906Z,16.82834,112.583189,Cloud to Cloud,-13739,3003,8
2026-08-30T06:08:59.053126686Z,16.80787,112.500485,Cloud to Ground,22137,0,6
2026-08-30T06:08:59.870708328Z,15.179434,119.872042,Cloud to Ground,-10606,0,6
2026-08-30T06:08:59.839181000Z,15.1941,119.838,Cloud to Ground,-10350,0,10
2026-08-30T06:09:00.038465330Z,15.125001,119.796157,Cloud to Cloud,4162,12208,6
2026-08-30T06:09:01.558991584Z,16.895565,112.709447,Cloud to Cloud,17551,6066,7
2026-08-30T06:09:01.560309818Z,16.879268,112.623815,Cloud to Ground,21637,0,10
2026-08-30T06:09:01.557421772Z,16.901625,112.633969,Cloud to Ground,22240,0,8
2026-08-30T06:09:02.913476246Z,15.870769,131.317864,Cloud to Ground,-19216,0,9
2026-08-30T06:09:02.917388775Z,15.874279,131.317891,Cloud to Ground,-18138,0,9
2026-08-30T06:09:03.012611268Z,15.884682,131.311189,Cloud to Ground,-17951,0,8
2026-08-30T06:09:02.429092393Z,19.810008,114.401362,Cloud to Ground,35298,0,7
2026-08-30T06:09:02.562853000Z,19.9355,114.3271,Cloud to Ground,-33713,0,8
2026-08-30T06:09:02.435445646Z,19.89197,114.271393,Cloud to Cloud,-30947,16037,10
2026-08-30T06:09:02.427778572Z,19.876364,114.246242,Cloud to Ground,33189,0,8
2026-08-30T06:09:03.937190195Z,21.793791,112.057466,Cloud to Ground,-17964,0,6
2026-08-30T06:09:04.047318012Z,16.858959,112.601603,Cloud to Ground,-9413,0,8
2026-08-30T06:09:05.966892231Z,17.740615,114.289746,Cloud to Ground,-19299,0,7
2026-08-30T06:09:06.176327885Z,17.734802,114.310567,Cloud to Ground,-10475,0,7
2026-08-30T06:09:05.616952445Z,17.754258,114.293824,Cloud to Ground,15304,0,7
2026-08-30T06:09:05.618874076Z,17.764497,114.280711,Cloud to Ground,45676,0,18
2026-08-30T06:09:06.994399086Z,19.336732,115.560943,Cloud to Ground,-34473,0,12
2026-08-30T06:09:07.171185624Z,19.31997,115.578863,Cloud to Ground,-11605,0,9
2026-08-30T06:09:06.145366691Z,16.316032,111.36486,Cloud to Ground,-13241,0,10
2026-08-30T06:09:11.735901818Z,17.73923,114.487551,Cloud to Cloud,-7177,5765,8
2026-08-30T06:09:11.361933299Z,17.742772,114.500377,Cloud to Ground,17030,0,8
2026-08-30T06:09:11.216831386Z,18.341166,117.891568,Cloud to Cloud,11829,15760,11
2026-08-30T06:09:11.319371021Z,18.274773,117.879613,Cloud to Cloud,20388,3057,14
2026-08-30T06:09:12.900037619Z,22.582112,113.636277,Cloud to Ground,36997,0,12
2026-08-30T06:09:14.482460820Z,18.586001,117.605203,Cloud to Cloud,7731,3025,8
2026-08-30T06:09:14.659490640Z,14.378178,123.183967,Cloud to Ground,29235,0,17
2026-08-30T06:09:17.765509867Z,18.455538,117.710282,Cloud to Ground,-8818,0,6
2026-08-30T06:09:18.822913997Z,17.634973,114.337752,Cloud to Cloud,-22336,7810,14
2026-08-30T06:09:18.819918704Z,17.637585,114.327268,Cloud to Ground,18946,0,9
2026-08-30T06:09:18.821562190Z,17.632178,114.330281,Cloud to Ground,67842,0,25
2026-08-30T06:09:18.827598069Z,17.539539,114.290808,Cloud to Cloud,13715,4478,7
2026-08-30T06:09:18.167559174Z,16.852753,112.61577,Cloud to Cloud,-17949,3400,12
2026-08-30T06:09:17.963405327Z,16.834385,112.579337,Cloud to Cloud,-15486,6441,7
2026-08-30T06:09:19.678809022Z,19.951756,113.984275,Cloud to Cloud,17298,6026,11
2026-08-30T06:09:19.522205116Z,19.964863,114.159061,Cloud to Cloud,11413,6882,7
2026-08-30T06:09:19.535986774Z,19.966669,114.109277,Cloud to Cloud,11746,3036,8
2026-08-30T06:09:19.523105168Z,19.971625,114.151772,Cloud to Cloud,24221,3110,15
2026-08-30T06:09:19.531303664Z,19.97831,114.152549,Cloud to Ground,24894,0,16
2026-08-30T06:09:20.148896485Z,4.839132,113.569424,Cloud to Ground,-11271,0,5
2026-08-30T06:09:20.445400699Z,15.933083,130.733096,Cloud to Cloud,-25096,4169,20
2026-08-30T06:09:20.443569362Z,15.8605,130.68588,Cloud to Cloud,19866,18655,11
2026-08-30T06:09:20.482777845Z,12.309343,122.07214,Cloud to Cloud,8078,19465,7
2026-08-30T06:09:21.385169364Z,17.6411,133.773046,Cloud to Ground,-37984,0,14
2026-08-30T06:09:21.440929913Z,17.639094,133.781296,Cloud to Ground,-13745,0,12
2026-08-30T06:09:21.384254792Z,17.633793,133.78362,Cloud to Ground,22829,0,14
2026-08-30T06:09:21.383407979Z,17.637385,133.787397,Cloud to Ground,33207,0,16
2026-08-30T06:09:21.292608774Z,17.616856,114.077253,Cloud to Ground,17396,0,11
2026-08-30T06:09:21.294285326Z,17.605645,114.079988,Cloud to Ground,28197,0,8
2026-08-30T06:09:21.301752699Z,22.621106,114.0958,Cloud to Ground,-16484,0,7
2026-08-30T06:09:21.204121414Z,22.54288,113.64255,Cloud to Ground,-71787,0,15
2026-08-30T06:09:21.259879341Z,22.524115,113.661543,Cloud to Ground,-47123,0,9
2026-08-30T06:09:21.019002252Z,22.527691,113.653116,Cloud to Ground,-41292,0,17
2026-08-30T06:09:21.055832803Z,22.525252,113.657287,Cloud to Ground,-19155,0,10
2026-08-30T06:09:21.610392425Z,22.501193,113.655874,Cloud to Cloud,19054,3009,9
2026-08-30T06:09:21.129024209Z,22.537286,113.566648,Cloud to Ground,33583,0,12
2026-08-30T06:09:21.088009000Z,22.5381,113.6438,Cloud to Ground,47971,0,11
2026-08-30T06:09:22.255625129Z,18.636965,118.594293,Cloud to Cloud,17786,3108,12
2026-08-30T06:09:25.861784791Z,18.872866,118.558886,Cloud to Ground,-24234,0,15
2026-08-30T06:09:25.754158731Z,18.873511,118.56033,Cloud to Ground,-22526,0,9
2026-08-30T06:09:25.689314000Z,18.8665,118.5605,Cloud to Ground,41894,0,8
2026-08-30T06:09:26.228187034Z,21.450654,112.682668,Cloud to Cloud,12627,3103,10
2026-08-30T06:09:26.213274538Z,21.467225,112.780947,Cloud to Cloud,-35880,6477,12
2026-08-30T06:09:28.144192337Z,16.684635,120.553279,Cloud to Ground,-72306,0,16
2026-08-30T06:09:28.209809985Z,16.673705,120.564202,Cloud to Ground,57478,0,11
2026-08-30T06:09:29.516856804Z,18.706719,116.54831,Cloud to Ground,-15068,0,9
2026-08-30T06:09:30.263097667Z,19.442578,115.135453,Cloud to Cloud,-28818,14689,14
2026-08-30T06:09:30.256342509Z,19.433956,115.135945,Cloud to Cloud,-14667,6803,9
2026-08-30T06:09:30.427933087Z,19.422772,115.114355,Cloud to Cloud,-13233,5658,6
2026-08-30T06:09:30.429667314Z,19.437628,115.125639,Cloud to Cloud,-11336,3029,9
2026-08-30T06:09:30.288792777Z,19.404665,115.041445,Cloud to Cloud,8994,6785,8
2026-08-30T06:09:30.279782690Z,19.396437,115.031731,Cloud to Cloud,15457,3011,7
2026-08-30T06:09:30.038794088Z,14.960136,120.57734,Cloud to Cloud,-17206,11409,8
2026-08-30T06:09:32.674091147Z,17.996778,114.787406,Cloud to Ground,-39376,0,16
2026-08-30T06:09:32.738130660Z,17.985066,114.773338,Cloud to Ground,-15787,0,14
2026-08-30T06:09:32.655890853Z,17.90355,114.734726,Cloud to Cloud,-15611,3219,8
2026-08-30T06:09:32.702883085Z,17.987064,114.762033,Cloud to Cloud,-10465,3003,7
2026-08-30T06:09:33.037988772Z,17.981351,114.773123,Cloud to Ground,24748,0,10
2026-08-30T06:09:32.817056708Z,18.00966,114.750904,Cloud to Ground,37577,0,16
2026-08-30T06:09:33.977517546Z,18.895983,115.138215,Cloud to Cloud,-17300,11826,10
2026-08-30T06:09:33.994177454Z,18.907339,115.143919,Cloud to Ground,-10267,0,11
2026-08-30T06:09:33.976872145Z,18.887431,115.132693,Cloud to Ground,13387,0,7
2026-08-30T06:09:33.039977538Z,19.387815,115.03302,Cloud to Cloud,-17143,3282,11
2026-08-30T06:09:33.336954655Z,19.362861,114.956524,Cloud to Cloud,-7712,4016,8
2026-08-30T06:09:34.520894439Z,18.551582,117.858458,Cloud to Cloud,-10992,5812,6
2026-08-30T06:09:34.248064128Z,18.479586,117.820412,Cloud to Cloud,3074,15001,5
2026-08-30T06:09:36.736676697Z,17.74433,114.468782,Cloud to Ground,-13209,0,10
2026-08-30T06:09:36.758576028Z,17.739798,114.457808,Cloud to Cloud,13436,5126,9
2026-08-30T06:09:36.378101327Z,17.750364,114.462109,Cloud to Ground,16759,0,13
2026-08-30T06:09:38.651598093Z,22.570395,113.648039,Cloud to Ground,19801,0,8
2026-08-30T06:09:38.741899195Z,16.816046,112.519262,Cloud to Cloud,12051,3151,8
2026-08-30T06:09:38.717350177Z,16.80516,112.535592,Cloud to Ground,26766,0,7
2026-08-30T06:09:39.328850580Z,19.09218,114.629851,Cloud to Cloud,-51847,4080,13
2026-08-30T06:09:44.913114871Z,14.680007,120.692677,Cloud to Cloud,-15944,13227,9
2026-08-30T06:09:44.540637566Z,14.701172,120.703276,Cloud to Cloud,14831,5012,9
2026-08-30T06:09:45.720207394Z,16.451037,128.411161,Cloud to Cloud,-35369,3071,9
2026-08-30T06:09:45.242579000Z,16.5258,128.3335,Cloud to Ground,-13801,0,6
2026-08-30T06:09:45.483683324Z,15.478173,120.849976,Cloud to Ground,28293,0,11
2026-08-30T06:09:45.599189424Z,18.874665,118.584638,Cloud to Cloud,-15691,10045,6
2026-08-30T06:09:45.421810269Z,18.868587,118.569938,Cloud to Ground,33506,0,11
2026-08-30T06:09:46.534909027Z,19.295145,115.462209,Cloud to Ground,-9314,0,11
2026-08-30T06:09:46.601315789Z,19.35023,115.485755,Cloud to Cloud,-9282,7912,9
2026-08-30T06:09:47.353129659Z,19.676947,119.507827,Cloud to Ground,-31732,0,14
2026-08-30T06:09:49.635909581Z,16.837472,112.578037,Cloud to Cloud,-11105,3092,8
2026-08-30T06:09:50.038356426Z,16.751824,112.576712,Cloud to Cloud,13025,6506,7
2026-08-30T06:09:51.760923711Z,18.735351,116.466859,Cloud to Ground,50878,0,8
2026-08-30T06:09:52.486720795Z,16.051931,120.524544,Cloud to Ground,-6721,0,10
2026-08-30T06:09:52.162695679Z,15.987036,120.555466,Cloud to Cloud,12742,8771,9
2026-08-30T06:09:54.875886086Z,21.610091,111.91461,Cloud to Ground,-102293,0,20
2026-08-30T06:09:54.917025441Z,21.587673,111.929767,Cloud to Ground,-55635,0,13
2026-08-30T06:09:54.983182900Z,21.626303,111.887739,Cloud to Cloud,-45967,7269,12
2026-08-30T06:09:54.877072000Z,21.654,111.8038,Cloud to Ground,-37886,0,5
2026-08-30T06:09:55.022198826Z,21.61956,111.903128,Cloud to Ground,45685,0,18
2026-08-30T06:09:54.863484703Z,21.599239,111.684951,Cloud to Cloud,-23866,14538,17
2026-08-30T06:09:54.283215365Z,16.032765,120.005525,Cloud to Cloud,13324,18689,8
2026-08-30T06:09:54.280976511Z,16.09407,119.94446,Cloud to Cloud,16178,19418,7
2026-08-30T06:09:54.284508172Z,16.101468,119.949428,Cloud to Cloud,19322,4490,8
2026-08-30T06:09:55.014471077Z,19.289432,115.558245,Cloud to Ground,-34247,0,10
2026-08-30T06:09:55.381870285Z,19.242845,115.52392,Cloud to Cloud,10314,3008,9
2026-08-30T06:09:55.372566737Z,19.020623,115.338915,Cloud to Cloud,-14764,6963,9
2026-08-30T06:09:57.698205331Z,17.620529,114.055455,Cloud to Ground,-15899,0,14
2026-08-30T06:09:57.974256141Z,17.58233,114.048744,Cloud to Cloud,-13346,6683,9
2026-08-30T06:09:57.680514564Z,17.630037,114.052595,Cloud to Cloud,-8807,6460,6
2026-08-30T06:09:58.070079740Z,17.6275,114.047152,Cloud to Cloud,11233,3057,5
2026-08-30T06:09:57.668628122Z,17.624248,114.046646,Cloud to Ground,21629,0,11
2026-08-30T06:09:57.482363834Z,16.339372,111.396377,Cloud to Ground,13998,0,7
2026-08-30T06:09:58.474046442Z,18.733187,116.122277,Cloud to Ground,-67017,0,9
2026-08-30T06:09:58.474630000Z,18.7119,116.0607,Cloud to Ground,51076,0,6
2026-08-30T06:10:00.003195065Z,15.896097,131.300374,Cloud to Ground,-15975,0,15
2026-08-30T06:09:59.971196197Z,15.890019,131.31269,Cloud to Cloud,-15023,18174,12
2026-08-30T06:10:00.829008086Z,18.909908,119.391647,Cloud to Ground,51241,0,13
2026-08-30T06:10:02.463638353Z,17.952001,114.58389,Cloud to Ground,-27599,0,12
2026-08-30T06:10:02.460995540Z,17.973963,114.588001,Cloud to Cloud,-26478,6794,13
2026-08-30T06:10:02.460486674Z,17.979811,114.588504,Cloud to Cloud,21172,10612,14
2026-08-30T06:10:02.461958441Z,17.950236,114.498572,Cloud to Ground,21521,0,11
2026-08-30T06:10:02.910194000Z,18.075,114.4777,Cloud to Ground,-63977,0,10
2026-08-30T06:10:02.738643020Z,16.87277,112.621382,Cloud to Cloud,16113,14446,7
2026-08-30T06:10:03.308039828Z,18.617076,117.110074,Cloud to Ground,18052,0,7
2026-08-30T06:10:04.223023073Z,16.826068,112.541585,Cloud to Cloud,17024,4315,6
2026-08-30T06:10:04.956573371Z,18.440665,117.738238,Cloud to Ground,26818,0,9
2026-08-30T06:10:05.846094811Z,22.521635,113.465464,Cloud to Ground,-13433,0,7
2026-08-30T06:10:05.710011929Z,22.513393,113.650694,Cloud to Ground,-14758,0,9
2026-08-30T06:10:05.709528967Z,22.513066,113.611158,Cloud to Ground,33422,0,12
2026-08-30T06:10:09.488689735Z,18.635385,115.728077,Cloud to Ground,-12467,0,14
2026-08-30T06:10:10.063979771Z,18.121095,125.225445,Cloud to Cloud,24358,7078,13
2026-08-30T06:10:11.467813300Z,20.653803,126.252513,Cloud to Ground,-61586,0,18
2026-08-30T06:10:11.492304094Z,20.674976,126.262993,Cloud to Cloud,11304,4053,15
2026-08-30T06:10:12.755435509Z,18.486415,117.966258,Cloud to Cloud,17125,3641,10
2026-08-30T06:10:13.470941000Z,15.8563,130.2858,Cloud to Ground,-7734,0,5
2026-08-30T06:10:16.472977094Z,18.870699,118.548998,Cloud to Ground,-34441,0,14
2026-08-30T06:10:16.913833811Z,18.878617,118.54908,Cloud to Ground,-32900,0,13
2026-08-30T06:10:16.804312446Z,18.865951,118.554272,Cloud to Ground,-21814,0,8
2026-08-30T06:10:16.531263603Z,18.800965,118.553231,Cloud to Cloud,-18287,10432,7
2026-08-30T06:10:16.566188665Z,18.862011,118.539277,Cloud to Cloud,10997,3024,7
2026-08-30T06:10:16.417282547Z,17.734941,114.489223,Cloud to Cloud,-21150,3151,10
2026-08-30T06:10:16.390679369Z,17.748413,114.486741,Cloud to Cloud,-11471,3015,7
2026-08-30T06:10:16.387677186Z,17.751797,114.482207,Cloud to Ground,10243,0,9
2026-08-30T06:10:17.409943854Z,19.467707,114.980471,Cloud to Cloud,-12767,3022,7
2026-08-30T06:10:17.436400157Z,19.483671,114.92029,Cloud to Cloud,11379,5385,10
2026-08-30T06:10:17.466695940Z,19.499679,114.976958,Cloud to Ground,37241,0,13
2026-08-30T06:10:21.873114236Z,3.09663,113.031191,Cloud to Ground,-16270,0,5
2026-08-30T06:10:21.957804243Z,19.359316,119.23801,Cloud to Cloud,-11593,18805,12
2026-08-30T06:10:21.735553000Z,19.3702,119.2666,Cloud to Ground,-8539,0,5
2026-08-30T06:10:21.793980677Z,19.373912,119.241984,Cloud to Cloud,3828,3102,6
2026-08-30T06:10:21.733580299Z,19.448414,119.298798,Cloud to Cloud,8616,16760,10
2026-08-30T06:10:21.739033126Z,19.384571,119.267308,Cloud to Cloud,12469,7517,9
2026-08-30T06:10:21.742950596Z,19.401105,119.26383,Cloud to Cloud,14743,3327,10
2026-08-30T06:10:21.260622258Z,19.105216,114.152315,Cloud to Ground,14068,0,8
2026-08-30T06:10:23.357621748Z,22.636575,113.536205,Cloud to Ground,-31279,0,16
2026-08-30T06:10:23.616988035Z,22.628157,113.5423,Cloud to Ground,-21081,0,16
2026-08-30T06:10:24.056262815Z,22.639015,113.539372,Cloud to Ground,-9439,0,8
2026-08-30T06:10:23.856928011Z,22.628409,113.530953,Cloud to Cloud,17254,17919,11
2026-08-30T06:10:23.380732438Z,19.106206,114.233653,Cloud to Ground,18472,0,10
2026-08-30T06:10:24.677935000Z,19.4228,115.1396,Cloud to Ground,15439,0,5
2026-08-30T06:10:24.710227650Z,19.381294,115.133617,Cloud to Cloud,18480,13020,8
2026-08-30T06:10:26.575395708Z,17.941623,114.706048,Cloud to Cloud,-17708,3002,8
2026-08-30T06:10:26.238323212Z,17.967063,114.775213,Cloud to Cloud,-14778,17590,12
2026-08-30T06:10:26.235394486Z,17.962368,114.68445,Cloud to Ground,11354,0,10
2026-08-30T06:10:26.234121659Z,17.979148,114.766548,Cloud to Ground,20250,0,14
2026-08-30T06:10:26.787103589Z,21.578904,111.804091,Cloud to Cloud,12103,3076,6
2026-08-30T06:10:26.789959905Z,21.58126,111.943736,Cloud to Cloud,-22865,5217,10
2026-08-30T06:10:26.793497122Z,21.706759,111.82218,Cloud to Cloud,6885,7164,6
2026-08-30T06:10:28.059305002Z,18.824191,115.067482,Cloud to Ground,-28242,0,14
2026-08-30T06:10:28.063394600Z,18.813183,115.073337,Cloud to Cloud,10866,6189,11
2026-08-30T06:10:28.083273313Z,18.836551,115.042079,Cloud to Cloud,16173,9207,9
2026-08-30T06:10:29.047235221Z,16.884029,112.657954,Cloud to Cloud,16113,3849,8
2026-08-30T06:10:29.048025901Z,16.8977,112.720205,Cloud to Ground,107635,0,17
2026-08-30T06:10:31.681099869Z,19.334429,115.465347,Cloud to Cloud,-11517,19468,11
2026-08-30T06:10:31.753510290Z,19.338173,115.450502,Cloud to Cloud,20642,17115,10
2026-08-30T06:10:32.534390306Z,19.326115,115.499585,Cloud to Cloud,10258,3004,7
2026-08-30T06:10:32.349131000Z,19.4472,115.4408,Cloud to Ground,10801,0,5
2026-08-30T06:10:34.106994665Z,17.540711,113.932193,Cloud to Cloud,-15365,4825,7
2026-08-30T06:10:33.919242428Z,17.591549,114.062062,Cloud to Ground,-13350,0,8
2026-08-30T06:10:33.918721871Z,17.553123,113.968452,Cloud to Cloud,-12272,3002,8
2026-08-30T06:10:33.921056145Z,17.578726,113.970162,Cloud to Cloud,-9866,19882,8
2026-08-30T06:10:34.139404037Z,17.470337,113.956437,Cloud to Ground,19125,0,8
2026-08-30T06:10:38.496286835Z,22.883656,113.591018,Cloud to Ground,-11041,0,8
2026-08-30T06:10:38.498872650Z,22.91019,113.599312,Cloud to Cloud,-9999,3082,8
2026-08-30T06:10:39.048748173Z,3.190033,113.12805,Cloud to Ground,-18184,0,5
2026-08-30T06:10:38.725573588Z,3.240346,113.081093,Cloud to Ground,-15344,0,19
2026-08-30T06:10:40.007152000Z,14.7568,120.5973,Cloud to Ground,-7937,0,5
2026-08-30T06:10:41.858644086Z,19.111392,114.56442,Cloud to Cloud,-9944,3009,8
2026-08-30T06:10:41.857380193Z,19.098527,114.564499,Cloud to Cloud,10351,3009,8
2026-08-30T06:10:42.173585380Z,17.775744,114.359358,Cloud to Cloud,-9934,3045,7
2026-08-30T06:10:42.223173218Z,17.72055,114.463442,Cloud to Cloud,-6873,4644,7
2026-08-30T06:10:42.168768102Z,17.723266,114.457139,Cloud to Cloud,9256,3014,9
2026-08-30T06:10:42.767748418Z,17.719469,114.44116,Cloud to Cloud,12513,3022,8
2026-08-30T06:10:42.191929957Z,16.839653,112.627863,Cloud to Ground,-9360,0,8
2026-08-30T06:10:43.886992033Z,18.461639,114.665906,Cloud to Cloud,-10530,7416,9
2026-08-30T06:10:43.833221253Z,18.460993,114.665409,Cloud to Ground,11880,0,8
2026-08-30T06:10:43.761274425Z,18.483824,114.760252,Cloud to Cloud,16979,11219,13
2026-08-30T06:10:43.879459642Z,18.476161,114.724298,Cloud to Ground,34421,0,13
2026-08-30T06:10:44.699368608Z,22.565895,113.638568,Cloud to Cloud,-21376,13870,15
2026-08-30T06:10:46.759716270Z,17.64584,133.793859,Cloud to Ground,-21557,0,13
2026-08-30T06:10:46.761178544Z,17.63768,133.803639,Cloud to Ground,-19702,0,10
2026-08-30T06:10:46.757423797Z,17.628203,133.825456,Cloud to Ground,-10228,0,7
2026-08-30T06:10:46.758736389Z,17.629863,133.805587,Cloud to Ground,71881,0,15
2026-08-30T06:10:46.593215086Z,17.987951,114.643302,Cloud to Cloud,-13096,3901,9
2026-08-30T06:10:46.856239126Z,17.96095,114.61943,Cloud to Ground,-12878,0,9
2026-08-30T06:10:46.876051936Z,17.964899,114.509759,Cloud to Cloud,-9096,5841,6
2026-08-30T06:10:46.867054330Z,17.969887,114.596518,Cloud to Ground,17631,0,10
2026-08-30T06:10:46.173838787Z,16.801995,112.579701,Cloud to Ground,40538,0,11
2026-08-30T06:10:49.969181384Z,18.460956,117.916301,Cloud to Cloud,8793,5487,7
2026-08-30T06:10:49.585983755Z,18.529462,117.795293,Cloud to Cloud,18356,5391,8
2026-08-30T06:10:51.185035227Z,16.263793,120.61946,Cloud to Cloud,18838,16068,12
2026-08-30T06:10:52.210270758Z,15.954858,130.296196,Cloud to Ground,-23641,0,14
2026-08-30T06:10:53.566186399Z,16.798886,112.559063,Cloud to Ground,21926,0,9
2026-08-30T06:10:54.558549498Z,17.283199,120.495302,Cloud to Ground,-9942,0,10
2026-08-30T06:10:55.616567849Z,4.846312,113.573337,Cloud to Ground,16219,0,9
2026-08-30T06:10:55.440439167Z,19.667783,114.657329,Cloud to Ground,-15621,0,11
2026-08-30T06:10:55.074359431Z,21.59347,111.820459,Cloud to Cloud,12102,19537,9
2026-08-30T06:10:58.441129913Z,22.558517,113.663057,Cloud to Cloud,-15759,16683,8
2026-08-30T06:10:57.979426015Z,22.542301,113.693223,Cloud to Ground,-15723,0,7
2026-08-30T06:10:58.706173250Z,22.498958,113.668295,Cloud to Ground,-12076,0,8
2026-08-30T06:10:58.299886155Z,22.525638,113.67985,Cloud to Cloud,10037,3104,6
2026-08-30T06:10:57.939548000Z,22.5271,113.6418,Cloud to Ground,19775,0,6
2026-08-30T06:11:00.931558094Z,16.78789,112.658684,Cloud to Cloud,-13615,7733,7
2026-08-30T06:11:00.402464571Z,16.835581,112.50579,Cloud to Cloud,18389,3026,9
2026-08-30T06:11:01.678754314Z,17.766057,114.357366,Cloud to Ground,-12044,0,9
2026-08-30T06:11:01.387569018Z,17.787526,114.422664,Cloud to Ground,10307,0,6
2026-08-30T06:11:01.102836777Z,18.923207,118.638847,Cloud to Cloud,17605,14611,9
2026-08-30T06:11:02.604311593Z,18.009115,114.766652,Cloud to Cloud,-18567,3576,12
2026-08-30T06:11:02.680391211Z,18.02829,114.786957,Cloud to Cloud,-17196,3053,13
2026-08-30T06:11:03.975277210Z,19.369657,116.033549,Cloud to Cloud,12392,3040,9
2026-08-30T06:11:03.881148280Z,19.284733,116.042988,Cloud to Ground,86614,0,14
2026-08-30T06:11:03.815862961Z,19.284433,116.188197,Cloud to Cloud,18055,7765,7
2026-08-30T06:11:03.960980875Z,19.226584,116.134149,Cloud to Ground,25551,0,13
2026-08-30T06:11:03.258950348Z,17.62241,113.98765,Cloud to Ground,37457,0,11
2026-08-30T06:11:03.251840096Z,17.636706,114.090844,Cloud to Ground,17809,0,13
2026-08-30T06:11:03.823184408Z,18.827098,118.628906,Cloud to Ground,-11952,0,10
2026-08-30T06:11:04.852485768Z,19.210334,114.450235,Cloud to Cloud,-16154,4851,12
2026-08-30T06:11:05.251849259Z,13.687245,120.131034,Cloud to Cloud,10319,6612,6
2026-08-30T06:11:05.271954426Z,13.68203,120.123546,Cloud to Cloud,12359,18813,9
2026-08-30T06:11:06.369666412Z,19.933556,114.836916,Cloud to Ground,-34235,0,12
2026-08-30T06:11:06.444798135Z,19.952172,114.818279,Cloud to Cloud,-11026,7418,6
2026-08-30T06:11:06.367521087Z,19.941789,114.827839,Cloud to Cloud,6060,6328,6
2026-08-30T06:11:06.371074111Z,19.910606,114.826605,Cloud to Ground,28985,0,7
2026-08-30T06:11:05.903982485Z,18.469966,117.941892,Cloud to Cloud,-10927,3005,7
2026-08-30T06:11:06.111790710Z,18.48397,117.913425,Cloud to Ground,-10818,0,9
2026-08-30T06:11:06.114543035Z,18.453278,117.884243,Cloud to Cloud,-10549,7415,7
2026-08-30T06:11:07.261157735Z,17.639427,114.303742,Cloud to Cloud,-11048,5205,11
2026-08-30T06:11:07.262674887Z,17.642431,114.291403,Cloud to Cloud,21521,3080,8
2026-08-30T06:11:08.648835918Z,19.637489,123.967437,Cloud to Ground,-64979,0,14
2026-08-30T06:11:08.686701586Z,19.573602,123.973824,Cloud to Ground,-26803,0,12
2026-08-30T06:11:08.581306172Z,19.575075,123.901978,Cloud to Cloud,13533,16463,6
2026-08-30T06:11:08.729641004Z,19.366486,115.569343,Cloud to Ground,-13501,0,13
2026-08-30T06:11:08.935125450Z,19.366189,115.561844,Cloud to Cloud,15878,5002,13
2026-08-30T06:11:08.145998359Z,18.551974,115.820074,Cloud to Cloud,-8404,9172,8
2026-08-30T06:11:10.010481080Z,19.466412,115.148701,Cloud to Cloud,9870,7322,8
2026-08-30T06:11:12.224714428Z,16.872966,112.633004,Cloud to Ground,-23520,0,9
2026-08-30T06:11:16.387205755Z,16.848741,112.632845,Cloud to Ground,50974,0,18
2026-08-30T06:11:18.313866864Z,22.61282,113.623182,Cloud to Ground,12906,0,9
2026-08-30T06:11:19.283254837Z,19.671896,114.859055,Cloud to Cloud,-11033,6559,10
2026-08-30T06:11:19.134184405Z,19.691694,114.85402,Cloud to Ground,21174,0,16
2026-08-30T06:11:19.261239246Z,19.699864,114.872382,Cloud to Ground,26164,0,11
2026-08-30T06:11:20.078191138Z,18.467524,117.778101,Cloud to Cloud,8237,10214,9
2026-08-30T06:11:21.445846626Z,19.539626,119.363848,Cloud to Cloud,5060,10561,7
2026-08-30T06:11:20.967604190Z,19.485981,119.335385,Cloud to Cloud,5808,3013,6
2026-08-30T06:11:20.969570739Z,19.412762,119.311336,Cloud to Cloud,8357,3030,7
2026-08-30T06:11:20.973983264Z,19.40115,119.324087,Cloud to Cloud,10685,16223,7
2026-08-30T06:11:21.437391313Z,19.611083,119.428825,Cloud to Cloud,11039,15358,10
2026-08-30T06:11:21.434174393Z,19.580782,119.431409,Cloud to Cloud,28162,4080,7
2026-08-30T06:11:22.431324012Z,19.373462,119.332029,Cloud to Ground,-56005,0,12
2026-08-30T06:11:22.247763551Z,19.384668,119.316628,Cloud to Ground,-40930,0,13
2026-08-30T06:11:22.288212058Z,19.35647,119.308017,Cloud to Ground,-18790,0,9
2026-08-30T06:11:22.432978806Z,19.346459,119.284076,Cloud to Cloud,10795,17901,9
2026-08-30T06:11:25.983881000Z,18.8305,118.6244,Cloud to Ground,29842,0,8
2026-08-30T06:11:28.486237484Z,21.500035,112.688951,Cloud to Ground,-52036,0,16
2026-08-30T06:11:28.488788420Z,21.478776,112.69531,Cloud to Ground,-36285,0,16
2026-08-30T06:11:28.487418402Z,21.499872,112.68873,Cloud to Ground,33234,0,8
2026-08-30T06:11:28.486833837Z,21.507237,112.677761,Cloud to Ground,49129,0,8
2026-08-30T06:11:29.885942713Z,12.348101,122.063093,Cloud to Cloud,-16848,4104,10
2026-08-30T06:11:29.784301424Z,12.425169,122.080699,Cloud to Ground,-16612,0,11
2026-08-30T06:11:29.881026752Z,12.426881,122.074837,Cloud to Cloud,-4785,6870,5
2026-08-30T06:11:29.708558434Z,12.400062,122.000621,Cloud to Cloud,10940,19883,7
2026-08-30T06:11:29.714023998Z,12.341131,122.067582,Cloud to Cloud,17827,6597,6
2026-08-30T06:11:30.039387508Z,19.220263,115.634966,Cloud to Cloud,-13399,5783,7
2026-08-30T06:11:30.542531671Z,19.225748,115.576055,Cloud to Cloud,5591,18209,6
2026-08-30T06:11:30.376153347Z,19.30691,115.641011,Cloud to Cloud,7564,3026,8
2026-08-30T06:11:30.911452708Z,19.320996,115.484376,Cloud to Ground,-11054,0,6
2026-08-30T06:11:31.718202555Z,19.25852,114.286276,Cloud to Ground,73565,0,15
2026-08-30T06:11:33.933516598Z,18.686616,116.591259,Cloud to Ground,30556,0,11
2026-08-30T06:11:33.469524253Z,15.37282,120.636206,Cloud to Cloud,15457,3014,7
2026-08-30T06:11:33.468359474Z,15.401557,120.706538,Cloud to Ground,36193,0,10
2026-08-30T06:11:33.292398801Z,18.438372,117.860267,Cloud to Ground,-8727,0,7
2026-08-30T06:11:36.523751361Z,17.621018,114.283244,Cloud to Cloud,14093,11038,7
2026-08-30T06:11:37.936112056Z,17.634721,114.208525,Cloud to Ground,-16215,0,8
2026-08-30T06:11:37.974446364Z,17.679656,114.132757,Cloud to Ground,-14292,0,8
2026-08-30T06:11:38.160121518Z,17.604862,114.080001,Cloud to Ground,-12399,0,7
2026-08-30T06:11:37.956765149Z,17.710712,114.125389,Cloud to Cloud,-10636,7736,7
2026-08-30T06:11:37.921319509Z,17.653486,114.003584,Cloud to Cloud,-9584,3223,7
2026-08-30T06:11:37.954642630Z,17.59225,114.020091,Cloud to Ground,27674,0,8
2026-08-30T06:11:37.545798277Z,16.846766,112.528835,Cloud to Ground,26290,0,7
2026-08-30T06:11:37.028645797Z,18.771684,118.568789,Cloud to Cloud,-4972,12723,7
2026-08-30T06:11:38.619954314Z,17.808559,114.216459,Cloud to Ground,8749,0,9
2026-08-30T06:11:38.613423889Z,17.816054,114.209745,Cloud to Ground,15699,0,12
2026-08-30T06:11:38.611763556Z,17.795434,114.166824,Cloud to Ground,53959,0,9
2026-08-30T06:11:40.123670277Z,19.273322,114.522349,Cloud to Cloud,-20256,5249,6
2026-08-30T06:11:39.493814470Z,19.243145,114.575342,Cloud to Cloud,11290,3021,7
2026-08-30T06:11:40.820353137Z,19.921782,114.308377,Cloud to Ground,-24687,0,10
2026-08-30T06:11:40.967422797Z,19.952558,114.282102,Cloud to Ground,15514,0,7
2026-08-30T06:11:40.864521705Z,19.956129,114.301283,Cloud to Ground,72664,0,12
2026-08-30T06:11:40.149321408Z,19.170064,114.462781,Cloud to Cloud,-20896,4179,15
2026-08-30T06:11:40.107878790Z,19.159108,114.385575,Cloud to Ground,19759,0,10
2026-08-30T06:11:42.062184184Z,18.89393,118.589004,Cloud to Ground,-26230,0,16
2026-08-30T06:11:42.321027011Z,18.848814,118.568246,Cloud to Cloud,-20350,13013,17
2026-08-30T06:11:45.671968359Z,22.574395,113.678943,Cloud to Ground,-94917,0,13
2026-08-30T06:11:45.815933717Z,22.539702,113.653561,Cloud to Ground,-48101,0,14
2026-08-30T06:11:45.933741015Z,22.548468,113.645425,Cloud to Ground,-26844,0,12
2026-08-30T06:11:45.995200677Z,22.549616,113.644255,Cloud to Ground,-26279,0,8
2026-08-30T06:11:45.868684970Z,22.54258,113.646119,Cloud to Ground,-12227,0,6
2026-08-30T06:11:46.047443625Z,22.590569,113.64866,Cloud to Ground,12802,0,8
2026-08-30T06:11:46.406698849Z,22.495851,113.611,Cloud to Cloud,15442,19793,7
2026-08-30T06:11:45.804119665Z,16.891232,112.797963,Cloud to Ground,16078,0,7
2026-08-30T06:11:46.027154394Z,19.273746,115.489938,Cloud to Cloud,14325,7240,10
2026-08-30T06:11:47.176003074Z,19.134296,114.113784,Cloud to Ground,17042,0,13
2026-08-30T06:11:47.490457746Z,16.715748,112.367548,Cloud to Cloud,-10689,3203,8
2026-08-30T06:11:48.170629546Z,18.637622,117.692278,Cloud to Cloud,13516,5843,14
2026-08-30T06:11:48.564457505Z,18.554474,117.763032,Cloud to Cloud,11203,7759,7
2026-08-30T06:11:49.196140850Z,21.461213,112.677474,Cloud to Ground,56569,0,14
2026-08-30T06:11:48.970307400Z,17.728448,114.511225,Cloud to Cloud,-25997,6425,12
2026-08-30T06:11:49.105271397Z,17.734807,114.525621,Cloud to Ground,-8657,0,8
2026-08-30T06:11:49.818984775Z,17.134047,113.294802,Cloud to Ground,-22271,0,14
2026-08-30T06:11:49.858231890Z,17.139437,113.281762,Cloud to Cloud,-8965,6983,6
2026-08-30T06:11:49.817705623Z,17.120371,113.210921,Cloud to Ground,16164,0,7
2026-08-30T06:11:52.847975698Z,19.216517,115.644866,Cloud to Cloud,5594,14131,7
2026-08-30T06:11:53.743523302Z,15.937543,131.175723,Cloud to Ground,196483,0,25
2026-08-30T06:11:52.708927902Z,18.832675,115.090768,Cloud to Cloud,-16793,4145,8
2026-08-30T06:11:53.022591438Z,18.873227,115.011125,Cloud to Ground,-16190,0,9
2026-08-30T06:11:52.750418379Z,18.823575,115.084094,Cloud to Cloud,-8800,3088,9
2026-08-30T06:11:52.711258404Z,18.81879,115.102487,Cloud to Cloud,12248,4191,8
2026-08-30T06:11:53.051168000Z,18.7986,118.7206,Cloud to Ground,27553,0,5
2026-08-30T06:11:54.286329039Z,15.904397,131.336644,Cloud to Ground,-26371,0,15
2026-08-30T06:11:55.643050140Z,15.925761,130.165039,Cloud to Cloud,-33268,4865,7
2026-08-30T06:11:55.570923377Z,15.835744,130.290113,Cloud to Cloud,-18919,3051,8
2026-08-30T06:11:55.428140341Z,15.884653,130.273895,Cloud to Cloud,-12578,3771,9
2026-08-30T06:11:55.692258303Z,15.941939,130.120137,Cloud to Cloud,-11046,3334,16
2026-08-30T06:11:55.899224194Z,15.862854,130.184398,Cloud to Cloud,-10595,3024,7
2026-08-30T06:11:55.432295041Z,15.888793,130.281659,Cloud to Ground,29832,0,14
2026-08-30T06:11:55.467134000Z,18.618987,115.733933,Cloud to Cloud,-10853,17337,7
2026-08-30T06:11:57.929839671Z,19.369908,115.513296,Cloud to Cloud,5286,3005,8
2026-08-30T06:11:58.829878631Z,14.736958,120.724037,Cloud to Cloud,6195,10887,7
2026-08-30T06:11:58.814927474Z,14.71338,120.733165,Cloud to Cloud,11107,12079,8
2026-08-30T06:12:00.415496721Z,17.867117,114.766831,Cloud to Ground,32225,0,8
2026-08-30T06:12:00.417106409Z,18.002419,114.735977,Cloud to Cloud,-9544,3065,8
2026-08-30T06:12:00.413364266Z,17.984574,114.768888,Cloud to Ground,10935,0,11
2026-08-30T06:12:00.552713137Z,17.993122,114.742642,Cloud to Cloud,20332,3000,7
2026-08-30T06:12:01.652733054Z,16.853194,132.450241,Cloud to Ground,-15525,0,10
2026-08-30T06:12:01.680792730Z,16.788605,132.518724,Cloud to Ground,-11171,0,9
2026-08-30T06:12:01.663697253Z,16.813785,132.499895,Cloud to Ground,21610,0,18
2026-08-30T06:12:01.580806838Z,19.453663,115.171514,Cloud to Ground,-38244,0,9
2026-08-30T06:12:01.685082501Z,19.444319,115.197396,Cloud to Ground,-21443,0,8
2026-08-30T06:12:03.794484886Z,18.447218,117.833703,Cloud to Ground,-26787,0,9
2026-08-30T06:12:03.881988794Z,18.435558,117.840531,Cloud to Ground,-18846,0,10
2026-08-30T06:12:03.825436960Z,18.45269,117.86619,Cloud to Ground,-14854,0,8
2026-08-30T06:12:03.362032024Z,22.54022,113.630968,Cloud to Cloud,-12099,10445,8
2026-08-30T06:12:03.759180524Z,22.579008,113.595052,Cloud to Cloud,-8088,10382,6
2026-08-30T06:12:03.361580543Z,22.552227,113.632979,Cloud to Cloud,8907,13229,8
2026-08-30T06:12:03.566996315Z,16.09149,120.23403,Cloud to Cloud,-11945,3115,10
2026-08-30T06:12:04.042057736Z,16.068737,120.281246,Cloud to Cloud,-5030,11471,6
2026-08-30T06:12:04.038523149Z,16.046515,120.30392,Cloud to Cloud,8719,17624,6
2026-08-30T06:12:04.195720515Z,18.628411,116.502376,Cloud to Ground,11247,0,9
2026-08-30T06:12:04.212039798Z,15.926227,120.252114,Cloud to Cloud,-10459,19911,8
2026-08-30T06:12:06.221472182Z,15.904673,130.803415,Cloud to Cloud,-17519,11187,10
2026-08-30T06:12:06.220275521Z,15.90299,130.804294,Cloud to Ground,28790,0,14
2026-08-30T06:12:07.799904163Z,18.725518,115.044332,Cloud to Cloud,-11206,6946,10
2026-08-30T06:12:07.795714149Z,18.735922,114.993276,Cloud to Cloud,8025,7807,7
2026-08-30T06:12:08.737856310Z,16.84418,112.590855,Cloud to Cloud,6957,3792,7
2026-08-30T06:12:10.838064361Z,17.299919,120.508288,Cloud to Cloud,19352,3002,11
2026-08-30T06:12:13.860308076Z,18.820473,118.629681,Cloud to Ground,-13441,0,8
2026-08-30T06:12:15.886611627Z,17.57103,114.001875,Cloud to Ground,-10199,0,8
2026-08-30T06:12:16.249069656Z,17.603699,113.975381,Cloud to Cloud,6025,5542,7
2026-08-30T06:12:15.683724558Z,17.57257,113.983726,Cloud to Cloud,19845,19632,9
2026-08-30T06:12:15.766921734Z,18.446443,117.831224,Cloud to Cloud,-9996,18267,8
2026-08-30T06:12:15.519612532Z,18.493901,117.846596,Cloud to Cloud,5256,3010,7
2026-08-30T06:12:15.521977301Z,18.538605,117.904037,Cloud to Cloud,10386,4338,8
2026-08-30T06:12:16.105534577Z,16.796399,112.533038,Cloud to Cloud,9148,13744,10
2026-08-30T06:12:17.648944175Z,16.826608,112.569444,Cloud to Cloud,11930,14346,8
2026-08-30T06:12:17.740358852Z,17.09201,113.143056,Cloud to Ground,-10186,0,6
2026-08-30T06:12:17.152005886Z,19.26466,114.321039,Cloud to Ground,20460,0,7
2026-08-30T06:12:17.389317600Z,19.199787,114.439551,Cloud to Ground,-13558,0,8
2026-08-30T06:12:17.203823696Z,19.124293,114.387693,Cloud to Ground,17847,0,12
2026-08-30T06:12:17.304929047Z,19.123455,114.415286,Cloud to Ground,35806,0,14
2026-08-30T06:12:18.126143428Z,17.735739,114.5773,Cloud to Ground,-6136,0,6
2026-08-30T06:12:17.721440144Z,17.780342,114.441478,Cloud to Ground,9272,0,8
2026-08-30T06:12:17.898503453Z,17.745159,114.551496,Cloud to Ground,10839,0,8
2026-08-30T06:12:17.676478977Z,17.776023,114.476635,Cloud to Ground,17595,0,7
2026-08-30T06:12:17.645969331Z,22.602957,113.610854,Cloud to Cloud,-13196,13708,11
2026-08-30T06:12:17.700519898Z,22.589916,113.621064,Cloud to Cloud,-11301,4073,7
2026-08-30T06:12:18.659106002Z,17.640936,133.831666,Cloud to Ground,21575,0,18
2026-08-30T06:12:18.524467298Z,17.783902,114.39222,Cloud to Cloud,-14033,19997,9
2026-08-30T06:12:18.458188996Z,22.564192,113.694078,Cloud to Ground,-11377,0,8
2026-08-30T06:12:19.331294500Z,17.683871,134.222933,Cloud to Ground,-68682,0,17
2026-08-30T06:12:19.205198145Z,17.689917,134.249998,Cloud to Ground,-23878,0,14
2026-08-30T06:12:19.192266913Z,17.681829,134.232988,Cloud to Ground,-16268,0,15
2026-08-30T06:12:19.242380394Z,17.706872,134.203671,Cloud to Ground,-13164,0,8
2026-08-30T06:12:19.206325509Z,17.707182,134.179742,Cloud to Ground,-8858,0,6
2026-08-30T06:12:19.193377492Z,17.675965,134.245368,Cloud to Ground,18468,0,10
2026-08-30T06:12:19.191555659Z,17.702956,134.236298,Cloud to Ground,40192,0,16
2026-08-30T06:12:22.179667768Z,3.181585,113.114621,Cloud to Ground,19275,0,9
2026-08-30T06:12:22.424365934Z,3.288439,113.124317,Cloud to Ground,19276,0,12
2026-08-30T06:12:23.311993279Z,19.399301,115.091454,Cloud to Ground,12526,0,9
2026-08-30T06:12:23.320314667Z,19.428121,115.104562,Cloud to Ground,54725,0,8
2026-08-30T06:12:24.638826722Z,18.872315,118.558229,Cloud to Cloud,-19534,4903,8
2026-08-30T06:12:24.618598324Z,18.873158,118.541055,Cloud to Ground,-13348,0,11
2026-08-30T06:12:24.625249269Z,18.892321,118.579792,Cloud to Cloud,7853,19152,7
2026-08-30T06:12:24.659672182Z,18.873569,118.573865,Cloud to Ground,20556,0,12
2026-08-30T06:12:25.020460986Z,18.77598,116.11153,Cloud to Ground,12826,0,10
2026-08-30T06:12:26.517626285Z,20.130959,113.457388,Cloud to Ground,75566,0,9
2026-08-30T06:12:26.553280158Z,20.071233,113.534786,Cloud to Cloud,-13007,5391,8
2026-08-30T06:12:26.565004992Z,20.052851,113.542406,Cloud to Cloud,12268,7150,8
2026-08-30T06:12:28.377943805Z,14.391788,123.205896,Cloud to Cloud,6665,6364,7
2026-08-30T06:12:28.636734537Z,16.869346,112.657748,Cloud to Cloud,-12556,6639,9
2026-08-30T06:12:29.223722487Z,19.312536,116.124638,Cloud to Ground,12264,0,9
2026-08-30T06:12:30.226715511Z,14.910108,120.664518,Cloud to Cloud,14246,11334,8
2026-08-30T06:12:31.233118273Z,16.795854,112.552731,Cloud to Ground,11697,0,9
2026-08-30T06:12:31.778050444Z,19.303513,115.582562,Cloud to Ground,19090,0,8
2026-08-30T06:12:31.533718944Z,19.871705,114.781683,Cloud to Ground,-20695,0,8
2026-08-30T06:12:31.516369532Z,19.876737,114.784907,Cloud to Cloud,-14147,5567,9
2026-08-30T06:12:31.481515354Z,19.870897,114.780918,Cloud to Cloud,-11223,4108,8
2026-08-30T06:12:31.297368966Z,19.88487,114.777939,Cloud to Ground,26637,0,10
2026-08-30T06:12:31.443588035Z,19.901426,114.807017,Cloud to Ground,27133,0,8
2026-08-30T06:12:31.295020553Z,19.89979,114.77716,Cloud to Ground,27361,0,9
2026-08-30T06:12:31.298628333Z,19.884103,114.680226,Cloud to Ground,18664,0,7
2026-08-30T06:12:32.450736350Z,18.606262,117.139305,Cloud to Cloud,-16709,3019,7
2026-08-30T06:12:32.452075040Z,18.626319,117.136858,Cloud to Ground,14704,0,11
2026-08-30T06:12:32.190589197Z,19.22513,115.462431,Cloud to Ground,16423,0,12
2026-08-30T06:12:33.364633127Z,17.081043,113.257766,Cloud to Ground,17383,0,7
2026-08-30T06:12:33.683637000Z,15.8723,131.3401,Cloud to Ground,-15167,0,8
2026-08-30T06:12:33.683277000Z,15.9533,130.292,Cloud to Ground,-2770,0,5
2026-08-30T06:12:34.263304664Z,16.9305,112.747152,Cloud to Cloud,18063,4271,11
2026-08-30T06:12:34.266117016Z,16.912537,112.671633,Cloud to Cloud,28272,3096,7
2026-08-30T06:12:35.593495443Z,17.764302,114.006148,Cloud to Cloud,-15744,3013,7
2026-08-30T06:12:37.852477708Z,19.05765,114.239681,Cloud to Ground,-6963,0,10
2026-08-30T06:12:37.441670804Z,19.145158,114.065878,Cloud to Cloud,-8608,3013,7
2026-08-30T06:12:38.736664797Z,16.466949,128.523782,Cloud to Cloud,-10874,3030,7
2026-08-30T06:12:38.715851838Z,16.560765,128.50475,Cloud to Ground,31348,0,13
2026-08-30T06:12:38.719561000Z,16.5604,128.3444,Cloud to Ground,-8614,0,8
2026-08-30T06:12:39.674762401Z,16.773641,128.431366,Cloud to Ground,-18784,0,9
2026-08-30T06:12:39.553629082Z,16.771489,128.473033,Cloud to Cloud,-6775,12939,6
2026-08-30T06:12:39.673993964Z,16.777199,128.436063,Cloud to Cloud,15684,3034,11
2026-08-30T06:12:40.460893663Z,20.403232,132.312472,Cloud to Cloud,-14966,7195,11
2026-08-30T06:12:40.471592183Z,20.414396,132.315081,Cloud to Ground,-10194,0,9
2026-08-30T06:12:40.456196671Z,20.413138,132.320103,Cloud to Ground,-9589,0,9
2026-08-30T06:12:40.457906325Z,20.424793,132.311125,Cloud to Ground,-8149,0,9
2026-08-30T06:12:40.537155713Z,20.42015,132.336108,Cloud to Ground,-7801,0,6
2026-08-30T06:12:40.453134610Z,20.431958,132.306306,Cloud to Ground,-7279,0,8
2026-08-30T06:12:40.455421798Z,20.429343,132.317924,Cloud to Ground,17418,0,12
2026-08-30T06:12:41.518127791Z,16.867219,112.633081,Cloud to Cloud,-8600,19214,8
2026-08-30T06:12:41.539516212Z,16.867039,112.639516,Cloud to Cloud,-7344,6488,6
2026-08-30T06:12:41.664341508Z,16.855331,112.540874,Cloud to Cloud,6439,15859,7
2026-08-30T06:12:41.537259209Z,16.854378,112.596466,Cloud to Cloud,6741,19641,8
2026-08-30T06:12:42.158605501Z,17.646968,114.3555,Cloud to Cloud,-10936,8503,8
2026-08-30T06:12:42.152703874Z,17.633426,114.35522,Cloud to Ground,-9350,0,7
2026-08-30T06:12:42.578247074Z,17.665426,114.376199,Cloud to Ground,6981,0,11
2026-08-30T06:12:42.160786423Z,17.609923,114.269435,Cloud to Cloud,7535,7058,7
2026-08-30T06:12:42.153809165Z,17.60836,114.275635,Cloud to Ground,34502,0,8
2026-08-30T06:12:42.025705597Z,18.464146,117.840154,Cloud to Ground,-29643,0,11
2026-08-30T06:12:42.055201983Z,18.463387,117.834223,Cloud to Ground,-14687,0,10
2026-08-30T06:12:42.054377846Z,18.448106,117.840845,Cloud to Cloud,-8314,18846,8
2026-08-30T06:12:43.922853647Z,22.433137,113.446013,Cloud to Ground,26223,0,11
2026-08-30T06:12:43.864416403Z,22.568028,113.666144,Cloud to Ground,-98280,0,14
2026-08-30T06:12:43.976197130Z,22.568435,113.664028,Cloud to Ground,-54858,0,11
2026-08-30T06:12:44.098248178Z,22.572779,113.667112,Cloud to Ground,-26305,0,7
2026-08-30T06:12:43.926579656Z,22.56747,113.646861,Cloud to Ground,-17240,0,8
2026-08-30T06:12:43.912035009Z,22.559027,113.641163,Cloud to Ground,-16334,0,5
2026-08-30T06:12:44.214188461Z,22.558631,113.676839,Cloud to Ground,-14832,0,6
2026-08-30T06:12:44.018579153Z,22.570286,113.669511,Cloud to Ground,-11045,0,9
2026-08-30T06:12:43.924221113Z,22.648223,113.598604,Cloud to Ground,17205,0,10
2026-08-30T06:12:44.340826000Z,22.5834,113.6562,Cloud to Ground,36785,0,5
2026-08-30T06:12:44.154121553Z,22.715642,114.084673,Cloud to Ground,-16659,0,7
2026-08-30T06:12:46.500713844Z,19.439027,115.171025,Cloud to Cloud,-21474,6085,10
2026-08-30T06:12:46.501931466Z,19.455351,115.170111,Cloud to Cloud,5990,3214,6
2026-08-30T06:12:46.532363003Z,19.4294,115.168593,Cloud to Cloud,6240,6125,6
2026-08-30T06:12:46.520304040Z,19.440061,115.184289,Cloud to Cloud,8010,3469,6
2026-08-30T06:12:46.185163900Z,18.416706,117.748833,Cloud to Cloud,-14555,3088,10
2026-08-30T06:12:45.850598380Z,18.469669,117.744934,Cloud to Cloud,5685,6507,7
2026-08-30T06:12:46.243645161Z,18.489603,117.750115,Cloud to Cloud,12907,17891,9
2026-08-30T06:12:47.484729763Z,17.128106,133.252659,Cloud to Ground,-58999,0,17
2026-08-30T06:12:48.236508654Z,17.089608,133.263907,Cloud to Ground,19530,0,15
2026-08-30T06:12:48.215230812Z,17.190088,133.318082,Cloud to Ground,-9484,0,7
2026-08-30T06:12:48.536394860Z,16.85573,112.623762,Cloud to Cloud,7868,3043,7
2026-08-30T06:12:48.537582954Z,16.831599,112.568549,Cloud to Ground,14203,0,6
2026-08-30T06:12:49.264351174Z,18.890951,118.59635,Cloud to Ground,-12304,0,9
2026-08-30T06:12:49.678110920Z,18.896305,118.569913,Cloud to Ground,-11120,0,7
2026-08-30T06:12:56.794764760Z,21.605475,111.819562,Cloud to Ground,11254,0,7
2026-08-30T06:12:56.741329680Z,21.598136,111.790899,Cloud to Cloud,17807,3294,17
2026-08-30T06:12:57.508608246Z,3.181535,113.127629,Cloud to Ground,-11741,0,7
2026-08-30T06:12:57.850386136Z,3.206069,113.108455,Cloud to Ground,27347,0,8
2026-08-30T06:12:57.748445556Z,19.492622,115.037303,Cloud to Ground,16680,0,7
2026-08-30T06:12:57.747187101Z,19.486807,115.035016,Cloud to Ground,41672,0,12
2026-08-30T06:12:58.136123248Z,19.651,114.635857,Cloud to Ground,-11944,0,8
2026-08-30T06:12:58.713589713Z,17.765558,114.516174,Cloud to Ground,-45950,0,14
2026-08-30T06:12:59.142523629Z,17.824112,114.439248,Cloud to Cloud,-14134,18342,7
2026-08-30T06:12:58.761356752Z,17.737018,114.500306,Cloud to Cloud,6811,3577,8
2026-08-30T06:12:58.712463042Z,17.739881,114.421873,Cloud to Cloud,7414,7587,5
2026-08-30T06:12:58.907436694Z,17.758532,114.486265,Cloud to Cloud,11699,14777,9
2026-08-30T06:12:58.729800574Z,17.766643,114.422547,Cloud to Ground,14251,0,10
2026-08-30T06:13:00.937650794Z,22.626722,113.430316,Cloud to Cloud,22716,7839,18
2026-08-30T06:13:01.411651457Z,18.001418,114.75313,Cloud to Ground,-15610,0,9
2026-08-30T06:13:01.869880167Z,18.031561,114.803406,Cloud to Cloud,6583,7284,7
2026-08-30T06:13:01.324952862Z,17.978757,114.773802,Cloud to Ground,10998,0,9
2026-08-30T06:13:01.322634745Z,17.983709,114.768411,Cloud to Ground,12840,0,8
2026-08-30T06:13:01.835088863Z,18.727066,117.034486,Cloud to Ground,-9488,0,7
2026-08-30T06:13:01.697316075Z,18.725609,116.92116,Cloud to Ground,17779,0,9
2026-08-30T06:13:01.001926785Z,22.633062,113.612581,Cloud to Ground,-18705,0,17
2026-08-30T06:13:00.605068402Z,22.598139,113.623791,Cloud to Cloud,11728,3530,8
2026-08-30T06:13:01.771057642Z,17.891472,114.741419,Cloud to Cloud,-12744,5826,9
2026-08-30T06:13:02.013406610Z,16.797701,112.557748,Cloud to Ground,20811,0,9
2026-08-30T06:13:02.052796191Z,17.99478,114.594231,Cloud to Cloud,-14532,3017,8
2026-08-30T06:13:01.499494213Z,17.98331,114.613828,Cloud to Cloud,10723,7700,8
2026-08-30T06:13:02.054322218Z,17.997002,114.618788,Cloud to Ground,21221,0,10
2026-08-30T06:13:03.934812732Z,18.735321,116.554296,Cloud to Cloud,13162,6682,7
2026-08-30T06:13:03.936022002Z,18.742527,116.556504,Cloud to Cloud,17307,3098,7
2026-08-30T06:13:02.974009233Z,18.492837,117.984449,Cloud to Cloud,-13412,3027,11
2026-08-30T06:13:02.980487445Z,18.473214,117.899147,Cloud to Cloud,-8772,11256,6
2026-08-30T06:13:03.386261017Z,18.532959,117.8932,Cloud to Ground,-8754,0,9
2026-08-30T06:13:02.720295067Z,18.449502,117.88096,Cloud to Cloud,-5012,3004,6
2026-08-30T06:13:02.990923644Z,18.486151,117.900293,Cloud to Cloud,6405,7152,7
2026-08-30T06:13:02.965972973Z,18.488048,117.874515,Cloud to Cloud,14779,18526,10
2026-08-30T06:13:02.712877338Z,18.571002,117.877322,Cloud to Cloud,20328,3000,7
2026-08-30T06:13:03.193765973Z,17.777958,114.314073,Cloud to Cloud,-16875,12385,11
2026-08-30T06:13:03.193003888Z,17.769142,114.315833,Cloud to Ground,31872,0,8
2026-08-30T06:13:04.321068213Z,18.818184,118.622096,Cloud to Ground,-17714,0,9
2026-08-30T06:13:04.569304266Z,18.819592,118.613014,Cloud to Ground,-7180,0,7
2026-08-30T06:13:04.554084706Z,18.815399,118.607361,Cloud to Cloud,-5291,17446,6
2026-08-30T06:13:04.105098000Z,18.8217,118.6423,Cloud to Ground,15710,0,10
2026-08-30T06:13:04.533827508Z,19.942574,114.43771,Cloud to Ground,-10113,0,8
2026-08-30T06:13:04.504657419Z,19.9324,114.402039,Cloud to Ground,-7496,0,6
2026-08-30T06:13:04.623465806Z,19.92475,114.437484,Cloud to Cloud,11562,3020,7
2026-08-30T06:13:05.124856812Z,16.914322,132.993279,Cloud to Ground,-32663,0,14
2026-08-30T06:13:05.838914246Z,16.926274,132.979972,Cloud to Ground,10498,0,10
2026-08-30T06:13:05.498392921Z,16.909776,132.991302,Cloud to Ground,21753,0,11
2026-08-30T06:13:05.139144144Z,16.912633,132.994085,Cloud to Ground,84450,0,17
2026-08-30T06:13:05.463012258Z,18.601847,117.140925,Cloud to Ground,-22267,0,7
2026-08-30T06:13:05.503218189Z,18.602206,117.135101,Cloud to Ground,-7980,0,5
2026-08-30T06:13:07.854554017Z,16.843921,112.652895,Cloud to Cloud,21755,5268,9
2026-08-30T06:13:09.637030638Z,18.828995,115.102582,Cloud to Cloud,-7531,5258,7
2026-08-30T06:13:13.134933141Z,16.782556,112.498976,Cloud to Ground,-16268,0,5
2026-08-30T06:13:16.609845676Z,19.691772,114.826134,Cloud to Ground,10939,0,7
2026-08-30T06:13:16.610661000Z,19.6798,114.809,Cloud to Ground,22242,0,6
2026-08-30T06:13:16.767617721Z,19.714826,114.779865,Cloud to Ground,45806,0,12
2026-08-30T06:13:17.064129430Z,16.834437,112.628605,Cloud to Cloud,-8106,15593,7
2026-08-30T06:13:18.806543544Z,15.876617,130.147492,Cloud to Ground,22615,0,10
2026-08-30T06:13:18.990710591Z,16.840096,112.556494,Cloud to Ground,9888,0,6
2026-08-30T06:13:19.621693499Z,16.107447,130.127561,Cloud to Cloud,16966,3093,14
2026-08-30T06:13:19.622129970Z,16.023304,130.17166,Cloud to Ground,-26075,0,8
2026-08-30T06:13:19.675800991Z,15.985887,130.200905,Cloud to Cloud,-21425,14585,13
2026-08-30T06:13:19.682298986Z,16.010138,130.163025,Cloud to Cloud,18788,3126,14
2026-08-30T06:13:19.157889258Z,19.350717,115.540942,Cloud to Cloud,-9674,7856,9
2026-08-30T06:13:21.832009575Z,17.454144,113.888767,Cloud to Cloud,-10394,3027,10
2026-08-30T06:13:21.034833022Z,19.400254,115.103915,Cloud to Cloud,-11033,3028,11
2026-08-30T06:13:21.039969074Z,19.451769,115.103359,Cloud to Cloud,-7653,3016,9
2026-08-30T06:13:21.046895664Z,19.386808,115.09645,Cloud to Cloud,10353,17148,10
2026-08-30T06:13:21.034237846Z,19.397501,115.005393,Cloud to Cloud,11528,3012,8
2026-08-30T06:13:21.024890683Z,19.404152,115.103531,Cloud to Ground,22121,0,13
2026-08-30T06:13:21.012347652Z,19.415386,115.003687,Cloud to Ground,26253,0,13
2026-08-30T06:13:21.350146416Z,18.480426,117.851517,Cloud to Cloud,-10689,3003,9
2026-08-30T06:13:23.264910953Z,17.595412,114.115558,Cloud to Ground,26934,0,12
2026-08-30T06:13:26.718284641Z,15.979675,131.451826,Cloud to Ground,25832,0,14
2026-08-30T06:13:26.717713724Z,16.000357,131.432044,Cloud to Ground,27612,0,14
2026-08-30T06:13:26.719206308Z,16.006858,131.422736,Cloud to Ground,47927,0,13
2026-08-30T06:13:26.804874647Z,16.08004,131.35446,Cloud to Ground,-14265,0,12
2026-08-30T06:13:26.630660687Z,20.073305,113.532692,Cloud to Ground,-20328,0,8
2026-08-30T06:13:26.097493044Z,21.772697,112.162233,Cloud to Cloud,38883,3352,14
2026-08-30T06:13:26.708892556Z,18.872174,118.528022,Cloud to Ground,17624,0,11
2026-08-30T06:13:26.312727073Z,18.990813,118.632563,Cloud to Cloud,29164,4960,10
2026-08-30T06:13:27.595450742Z,22.029282,111.337871,Cloud to Ground,-25873,0,7
2026-08-30T06:13:27.566087277Z,21.954053,111.308366,Cloud to Ground,-11008,0,7
2026-08-30T06:13:27.578332193Z,21.960585,111.418247,Cloud to Cloud,-24999,3006,12
2026-08-30T06:13:28.396599564Z,19.132817,114.628612,Cloud to Cloud,-19766,3067,7
2026-08-30T06:13:28.513057313Z,19.131816,114.645914,Cloud to Ground,-13236,0,9
2026-08-30T06:13:28.388027772Z,19.122591,114.645646,Cloud to Cloud,-13101,3042,9
2026-08-30T06:13:28.389812546Z,19.157965,114.647538,Cloud to Cloud,-10469,7300,10
2026-08-30T06:13:28.369514200Z,19.125391,114.644674,Cloud to Ground,32161,0,14
2026-08-30T06:13:30.074552943Z,16.118956,120.047524,Cloud to Ground,-11645,0,11
2026-08-30T06:13:30.087620064Z,16.10287,120.038789,Cloud to Cloud,-5109,5197,7
2026-08-30T06:13:30.076469107Z,16.026777,120.061171,Cloud to Cloud,21526,19443,11
2026-08-30T06:13:30.194637696Z,18.920892,118.729666,Cloud to Cloud,24198,19828,8
2026-08-30T06:13:31.894741162Z,20.432366,132.375316,Cloud to Ground,46481,0,18
2026-08-30T06:13:31.954175173Z,17.746149,114.547187,Cloud to Cloud,-39535,3004,14
2026-08-30T06:13:31.977535368Z,17.729799,114.55321,Cloud to Ground,-15816,0,10
2026-08-30T06:13:31.951658498Z,17.735535,114.590614,Cloud to Cloud,12250,6036,7
2026-08-30T06:13:31.769865731Z,16.145861,120.035807,Cloud to Ground,-28369,0,10
2026-08-30T06:13:32.800458347Z,16.82418,112.564712,Cloud to Ground,25988,0,10
2026-08-30T06:13:33.454814080Z,16.812651,132.534653,Cloud to Ground,11268,0,7
2026-08-30T06:13:33.434791965Z,16.814384,132.513507,Cloud to Ground,31820,0,18
2026-08-30T06:13:33.352085062Z,18.615435,117.700619,Cloud to Cloud,-7997,14126,8
2026-08-30T06:13:34.389192236Z,18.62214,117.129766,Cloud to Cloud,11651,7987,7
2026-08-30T06:13:34.388452121Z,18.7169,117.157596,Cloud to Ground,32180,0,7
2026-08-30T06:13:35.520214493Z,13.758711,120.081837,Cloud to Cloud,-10448,15278,9
2026-08-30T06:13:35.700250682Z,13.72724,120.114428,Cloud to Cloud,-8539,11339,8
2026-08-30T06:13:35.470261160Z,13.760135,120.07689,Cloud to Cloud,-7674,3345,11
2026-08-30T06:13:35.706415405Z,13.741285,120.085525,Cloud to Cloud,9256,13219,6
2026-08-30T06:13:35.496356747Z,13.708997,120.132683,Cloud to Cloud,14675,16922,10
2026-08-30T06:13:35.468365302Z,13.702302,120.133217,Cloud to Cloud,17408,10949,8
2026-08-30T06:13:36.659553024Z,22.520667,113.683876,Cloud to Cloud,8420,4063,6
2026-08-30T06:13:37.447071830Z,19.430747,115.173485,Cloud to Cloud,14765,8275,9
2026-08-30T06:13:39.420636842Z,16.016418,120.332946,Cloud to Cloud,10713,6490,11
2026-08-30T06:13:42.078089781Z,16.904619,112.64403,Cloud to Ground,-28983,0,9
2026-08-30T06:13:42.682003000Z,16.886267,112.650436,Cloud to Cloud,-12642,18859,7
2026-08-30T06:13:42.582525949Z,16.843216,112.577026,Cloud to Ground,16025,0,9
2026-08-30T06:13:45.728554926Z,18.458583,117.858167,Cloud to Cloud,-18880,3004,9
2026-08-30T06:13:45.668467062Z,18.481202,117.864812,Cloud to Ground,-18357,0,7
2026-08-30T06:13:45.762340361Z,18.495892,117.87057,Cloud to Ground,-8839,0,6
2026-08-30T06:13:45.793268298Z,18.455121,117.871776,Cloud to Ground,10083,0,9
2026-08-30T06:13:48.740375428Z,14.733584,120.759606,Cloud to Cloud,4495,15487,6
2026-08-30T06:13:49.389732938Z,19.316781,115.689255,Cloud to Ground,24234,0,15
2026-08-30T06:13:49.514790217Z,18.846379,118.679947,Cloud to Cloud,3545,9960,6
2026-08-30T06:13:49.674897472Z,18.848256,118.678197,Cloud to Cloud,9660,9731,8
2026-08-30T06:13:49.499458179Z,15.982201,120.457912,Cloud to Cloud,5642,12903,7
2026-08-30T06:13:49.538805358Z,15.949924,120.498013,Cloud to Cloud,15055,3048,7
2026-08-30T06:13:49.071958890Z,14.783352,120.67554,Cloud to Cloud,-16197,7130,6
2026-08-30T06:13:50.224834070Z,17.657567,114.365333,Cloud to Cloud,-11370,3092,6
2026-08-30T06:13:50.591989704Z,17.676829,114.382512,Cloud to Ground,7462,0,7
2026-08-30T06:13:50.222357153Z,17.661152,114.364874,Cloud to Cloud,7633,17305,5
2026-08-30T06:13:50.411762683Z,17.648691,114.32112,Cloud to Cloud,14682,16958,9
2026-08-30T06:13:52.237181199Z,18.726969,115.961842,Cloud to Cloud,8312,4898,7
2026-08-30T06:13:52.267368103Z,18.76393,116.129306,Cloud to Cloud,9468,15244,9
2026-08-30T06:13:52.238294474Z,18.747296,116.095157,Cloud to Ground,10516,0,9
2026-08-30T06:13:54.745237488Z,19.64388,114.666706,Cloud to Cloud,-13458,19115,8
2026-08-30T06:13:54.432018737Z,19.664295,114.67784,Cloud to Ground,18378,0,8
2026-08-30T06:13:54.476239800Z,19.677324,114.675242,Cloud to Ground,18892,0,12
2026-08-30T06:13:55.700198774Z,16.6587,120.18119,Cloud to Cloud,19468,14627,10
2026-08-30T06:13:55.703430146Z,16.591744,120.23983,Cloud to Cloud,20534,10647,7
2026-08-30T06:13:55.199035059Z,21.57612,111.912929,Cloud to Cloud,-15281,3199,10
2026-08-30T06:13:55.437193595Z,21.52774,111.950251,Cloud to Ground,-13139,0,8
2026-08-30T06:13:57.879360677Z,22.615084,113.580354,Cloud to Cloud,-81876,12191,12
2026-08-30T06:13:57.766698390Z,22.594846,113.548051,Cloud to Ground,-45262,0,14
2026-08-30T06:13:58.015342170Z,22.596251,113.592183,Cloud to Ground,-21145,0,14
2026-08-30T06:13:58.508556266Z,22.585866,113.63855,Cloud to Ground,-12036,0,6
2026-08-30T06:13:57.956128492Z,22.610554,113.583057,Cloud to Ground,-11968,0,9
2026-08-30T06:13:58.514813128Z,22.582033,113.593147,Cloud to Cloud,-9380,8913,9
2026-08-30T06:13:57.883040121Z,22.63789,113.582959,Cloud to Cloud,8181,4385,7
2026-08-30T06:13:57.951607772Z,22.607034,113.566733,Cloud to Cloud,11698,3146,10
2026-08-30T06:13:58.103702560Z,22.576697,113.586409,Cloud to Ground,29134,0,12
2026-08-30T06:13:58.058348000Z,22.6146,113.5463,Cloud to Ground,45765,0,14
2026-08-30T06:13:57.975090422Z,19.398894,115.113606,Cloud to Cloud,-26622,3034,9
2026-08-30T06:13:58.789791344Z,18.452481,117.871647,Cloud to Ground,-31473,0,10
2026-08-30T06:13:59.261072315Z,18.697571,116.627148,Cloud to Cloud,-6423,14249,7
2026-08-30T06:13:59.265398312Z,18.675684,116.630584,Cloud to Ground,13240,0,9
2026-08-30T06:14:00.835082261Z,19.31139,115.53201,Cloud to Ground,-11134,0,7
2026-08-30T06:14:02.628227943Z,17.770434,114.543251,Cloud to Cloud,-7230,8540,7
2026-08-30T06:14:04.377552444Z,20.408333,132.365125,Cloud to Ground,30566,0,19
2026-08-30T06:14:03.934061178Z,17.59299,113.963711,Cloud to Cloud,-19602,7383,7
2026-08-30T06:14:04.277915414Z,17.573081,114.007393,Cloud to Ground,-12905,0,8
2026-08-30T06:14:03.932946045Z,17.599388,114.006128,Cloud to Cloud,17267,12584,8
2026-08-30T06:14:04.620033197Z,21.408087,112.84662,Cloud to Cloud,-29223,5260,13
2026-08-30T06:14:07.223803914Z,16.068857,131.019606,Cloud to Ground,-47248,0,19
2026-08-30T06:14:07.242377202Z,16.023539,131.035522,Cloud to Ground,-23362,0,10
2026-08-30T06:14:07.227669888Z,16.061817,131.037161,Cloud to Cloud,11105,3453,8
2026-08-30T06:14:07.225387952Z,16.043267,131.017026,Cloud to Ground,35613,0,10
2026-08-30T06:14:07.224686824Z,16.073929,130.867842,Cloud to Ground,19610,0,13
2026-08-30T06:14:07.470998704Z,17.653304,114.417736,Cloud to Ground,-10429,0,7
2026-08-30T06:14:07.472529130Z,17.64878,114.376817,Cloud to Ground,7489,0,9
2026-08-30T06:14:07.004679754Z,16.816529,112.682273,Cloud to Ground,-15154,0,8
2026-08-30T06:14:08.241682686Z,14.275679,123.189155,Cloud to Cloud,4791,4179,7
2026-08-30T06:14:08.249335132Z,14.322878,123.221199,Cloud to Cloud,14200,14270,8
2026-08-30T06:14:11.487813464Z,18.509926,117.962441,Cloud to Cloud,-15052,4356,9
2026-08-30T06:14:11.359658425Z,18.593534,117.971945,Cloud to Cloud,4886,3009,5
2026-08-30T06:14:11.338531193Z,18.516248,117.918876,Cloud to Cloud,5544,6479,6
2026-08-30T06:14:11.309469187Z,18.584038,117.972644,Cloud to Cloud,6807,17492,8
2026-08-30T06:14:11.316139094Z,18.514173,117.912315,Cloud to Cloud,7411,17700,6
2026-08-30T06:14:11.712310555Z,18.514267,117.941453,Cloud to Cloud,8213,3002,9
2026-08-30T06:14:11.307944407Z,18.585339,117.968682,Cloud to Cloud,12355,3044,8
2026-08-30T06:14:11.538151758Z,18.512994,118.044328,Cloud to Ground,16235,0,8
2026-08-30T06:14:14.005452266Z,15.818103,130.272081,Cloud to Cloud,22320,4662,11
2026-08-30T06:14:14.408272797Z,15.880544,130.244039,Cloud to Ground,35106,0,10
2026-08-30T06:14:15.919520442Z,3.198349,113.139101,Cloud to Ground,19575,0,8
2026-08-30T06:14:18.222960205Z,20.447661,132.290347,Cloud to Ground,-33771,0,16
2026-08-30T06:14:17.892994944Z,20.394703,132.335132,Cloud to Cloud,-24724,3593,16
2026-08-30T06:14:18.274430327Z,20.413378,132.334528,Cloud to Ground,-24670,0,19
2026-08-30T06:14:18.072035670Z,20.403287,132.346196,Cloud to Ground,-22990,0,14
2026-08-30T06:14:18.274929694Z,20.452189,132.298492,Cloud to Ground,-15784,0,14
2026-08-30T06:14:18.072890932Z,20.399614,132.336441,Cloud to Cloud,-14466,14753,18
2026-08-30T06:14:17.894568515Z,20.427356,132.299379,Cloud to Ground,-11648,0,7
2026-08-30T06:14:17.898994054Z,20.376694,132.344658,Cloud to Cloud,-10520,16706,8
2026-08-30T06:14:18.271352832Z,20.360973,132.335547,Cloud to Ground,11186,0,11
2026-08-30T06:14:17.891593149Z,20.419794,132.319622,Cloud to Ground,22255,0,15
2026-08-30T06:14:18.071371588Z,20.359278,132.339333,Cloud to Ground,27247,0,20
2026-08-30T06:14:18.017051834Z,20.358848,132.338345,Cloud to Ground,50897,0,18
2026-08-30T06:14:17.942020097Z,20.362365,132.339384,Cloud to Ground,85880,0,16
2026-08-30T06:14:17.733385677Z,18.916939,118.61174,Cloud to Cloud,3454,17915,7
2026-08-30T06:14:17.722545323Z,18.90045,118.584821,Cloud to Cloud,6566,13824,9
2026-08-30T06:14:19.124481573Z,18.876707,116.168666,Cloud to Ground,-70138,0,15
2026-08-30T06:14:19.414404499Z,17.999773,114.763356,Cloud to Ground,21015,0,9
2026-08-30T06:14:19.755799481Z,22.611885,113.606841,Cloud to Cloud,-10100,5698,6
2026-08-30T06:14:21.136017769Z,19.933189,114.080027,Cloud to Cloud,-17292,7453,7
2026-08-30T06:14:20.780518606Z,19.94124,114.070123,Cloud to Cloud,-14163,4677,9
2026-08-30T06:14:20.807822132Z,19.938126,114.060501,Cloud to Cloud,-13494,19628,11
2026-08-30T06:14:21.140922774Z,19.979452,114.060653,Cloud to Cloud,5705,8904,6
2026-08-30T06:14:21.492754110Z,19.97973,113.979684,Cloud to Cloud,7739,10963,7
2026-08-30T06:14:20.781613585Z,19.922622,113.980858,Cloud to Ground,15777,0,11
2026-08-30T06:14:20.799888073Z,19.933263,114.071343,Cloud to Cloud,15804,3000,8
2026-08-30T06:14:20.779255000Z,19.9352,114.0372,Cloud to Ground,23112,0,6
2026-08-30T06:14:21.147357632Z,20.03233,113.899202,Cloud to Cloud,-7571,6144,7
2026-08-30T06:14:23.503535841Z,19.395274,115.113214,Cloud to Ground,-16521,0,8
2026-08-30T06:14:23.811715898Z,19.477617,115.148402,Cloud to Cloud,-11460,5183,7
2026-08-30T06:14:23.526701486Z,19.403152,115.013751,Cloud to Cloud,8179,5428,10
2026-08-30T06:14:23.509385058Z,19.37583,115.099779,Cloud to Cloud,18611,6549,8
2026-08-30T06:14:24.517824076Z,16.291041,111.388092,Cloud to Ground,-36567,0,12
2026-08-30T06:14:24.521350684Z,16.296505,111.319114,Cloud to Ground,33028,0,7
2026-08-30T06:14:27.064317152Z,16.874784,112.66359,Cloud to Cloud,6179,4113,9
2026-08-30T06:14:31.089696571Z,17.650664,114.207168,Cloud to Ground,-17516,0,10
2026-08-30T06:14:31.618399851Z,17.639949,114.107538,Cloud to Ground,-11862,0,9
2026-08-30T06:14:31.297278248Z,17.637321,114.200876,Cloud to Ground,-11832,0,10
2026-08-30T06:14:31.596669752Z,17.648861,114.203062,Cloud to Cloud,-9346,3002,7
2026-08-30T06:14:31.152259671Z,17.635596,114.120401,Cloud to Cloud,5610,19782,8
2026-08-30T06:14:32.676812545Z,15.415126,120.764387,Cloud to Cloud,18044,19290,12
2026-08-30T06:14:33.325272821Z,15.258782,134.81652,Cloud to Cloud,-24606,3041,18
2026-08-30T06:14:33.808527125Z,17.75588,114.527165,Cloud to Ground,30610,0,15
2026-08-30T06:14:34.366152020Z,17.764472,114.39021,Cloud to Ground,-9566,0,9
2026-08-30T06:14:34.712816170Z,17.919511,114.671282,Cloud to Cloud,-19491,15426,9
2026-08-30T06:14:34.711210890Z,17.922772,114.652076,Cloud to Ground,18264,0,13
2026-08-30T06:14:34.786970351Z,19.399063,115.113922,Cloud to Cloud,19060,4046,14
2026-08-30T06:14:35.839266626Z,20.056871,113.486756,Cloud to Cloud,6979,7958,7
2026-08-30T06:14:36.167182575Z,18.482604,117.807934,Cloud to Cloud,-12242,3175,10
2026-08-30T06:14:36.005507719Z,18.487325,117.817509,Cloud to Cloud,15103,17361,10
2026-08-30T06:14:36.439665906Z,22.537229,113.626923,Cloud to Cloud,5791,6226,6
2026-08-30T06:14:37.680027336Z,21.761146,112.103384,Cloud to Cloud,-65206,3989,12
2026-08-30T06:14:37.680724171Z,21.804434,112.079603,Cloud to Ground,-51713,0,14
2026-08-30T06:14:37.822251562Z,21.777307,112.079429,Cloud to Cloud,-14047,3006,9
2026-08-30T06:14:37.863055695Z,18.638586,118.58226,Cloud to Cloud,6643,3003,6
2026-08-30T06:14:37.875478728Z,18.633137,118.554478,Cloud to Cloud,8745,6227,7
2026-08-30T06:14:37.856017414Z,18.6484,118.590868,Cloud to Cloud,9937,3006,7
2026-08-30T06:14:39.569594997Z,15.905356,131.366897,Cloud to Ground,-57781,0,17
2026-08-30T06:14:40.066574794Z,15.910342,131.381487,Cloud to Ground,-22084,0,12
2026-08-30T06:14:39.568550517Z,15.889209,131.362631,Cloud to Ground,45874,0,12
2026-08-30T06:14:42.237699812Z,16.902717,112.64076,Cloud to Ground,12916,0,10
2026-08-30T06:14:45.224904673Z,18.441162,114.802973,Cloud to Cloud,-10432,17533,7
2026-08-30T06:14:45.079746131Z,18.464772,114.717072,Cloud to Ground,37062,0,10
2026-08-30T06:14:45.860407531Z,19.350608,115.540963,Cloud to Ground,-11879,0,6
2026-08-30T06:14:45.573192797Z,19.379808,115.519423,Cloud to Cloud,12743,3178,9
2026-08-30T06:14:45.533231000Z,19.4039,114.88,Cloud to Ground,-7777,0,5
2026-08-30T06:14:48.968254000Z,18.9175,115.129,Cloud to Ground,-28050,0,7
2026-08-30T06:14:48.779300279Z,18.898129,115.170675,Cloud to Cloud,-23759,3150,10
2026-08-30T06:14:49.173672017Z,18.884206,115.059115,Cloud to Ground,-12610,0,8
2026-08-30T06:14:48.782811766Z,18.896025,115.048974,Cloud to Ground,21076,0,9
2026-08-30T06:14:48.777643178Z,18.908857,115.068583,Cloud to Ground,35893,0,15
2026-08-30T06:14:48.780880766Z,18.897692,115.049412,Cloud to Ground,41855,0,13
2026-08-30T06:14:48.314915616Z,18.46417,118.15446,Cloud to Cloud,8825,14017,8
2026-08-30T06:14:49.363208486Z,19.237439,115.65822,Cloud to Cloud,9357,3012,8
2026-08-30T06:14:51.768055264Z,15.828165,130.376823,Cloud to Cloud,27492,3983,8
2026-08-30T06:14:51.551976450Z,22.550573,113.685147,Cloud to Cloud,-76041,3091,14
2026-08-30T06:14:51.719021550Z,22.541513,113.683214,Cloud to Ground,-28031,0,11
2026-08-30T06:14:52.031170849Z,22.551264,113.703248,Cloud to Ground,-13585,0,7
2026-08-30T06:14:51.605558000Z,22.563,113.6713,Cloud to Ground,40673,0,7
2026-08-30T06:14:51.416218004Z,18.828919,118.640954,Cloud to Cloud,-8511,18506,7
2026-08-30T06:14:51.412906000Z,18.8949,118.6031,Cloud to Ground,-6514,0,6
2026-08-30T06:14:52.387861254Z,21.506719,112.703497,Cloud to Ground,-62746,0,15
2026-08-30T06:14:52.389193476Z,21.500734,112.709776,Cloud to Ground,-39894,0,13
2026-08-30T06:14:52.391510064Z,21.510217,112.710135,Cloud to Cloud,-16445,3118,12
2026-08-30T06:14:52.392508789Z,21.494683,112.605634,Cloud to Cloud,13513,7514,7
2026-08-30T06:14:54.353848738Z,19.262862,114.368711,Cloud to Ground,10691,0,6
2026-08-30T06:14:54.131372000Z,19.1451,114.2492,Cloud to Ground,48242,0,5
2026-08-30T06:14:54.132811957Z,19.138628,114.263844,Cloud to Ground,70543,0,13
2026-08-30T06:14:54.125833127Z,18.681468,116.541507,Cloud to Cloud,15915,15556,8
2026-08-30T06:14:55.098121020Z,13.751459,120.088808,Cloud to Cloud,-3745,6044,6
2026-08-30T06:14:55.451639382Z,13.755982,120.079323,Cloud to Cloud,-3716,8068,6
2026-08-30T06:14:55.065947628Z,13.753054,120.088469,Cloud to Cloud,3941,11000,6
2026-08-30T06:14:55.098353231Z,20.071702,113.53913,Cloud to Cloud,-13726,3068,11
2026-08-30T06:14:56.258373421Z,4.94159,114.959361,Cloud to Ground,21627,0,11
2026-08-30T06:14:56.887061177Z,22.591909,113.670194,Cloud to Ground,-24324,0,11
2026-08-30T06:14:56.786986413Z,14.919948,120.660158,Cloud to Cloud,6424,3126,6
2026-08-30T06:14:58.347904626Z,15.829436,119.864748,Cloud to Cloud,13455,14297,10
2026-08-30T06:14:58.346180369Z,15.801162,119.805364,Cloud to Cloud,14032,17191,7
2026-08-30T06:15:00.519078314Z,19.267597,114.423695,Cloud to Cloud,-22184,4636,8
2026-08-30T06:15:00.496835152Z,19.199159,114.476762,Cloud to Ground,25439,0,20
2026-08-30T06:15:00.536926560Z,19.190729,114.482618,Cloud to Cloud,27061,5636,8
2026-08-30T06:15:00.777149330Z,17.609555,114.039939,Cloud to Ground,11766,0,7
2026-08-30T06:15:00.455884256Z,17.678353,114.382014,Cloud to Ground,-19595,0,10
2026-08-30T06:15:00.444299231Z,17.670904,114.38739,Cloud to Cloud,-16334,10350,9
2026-08-30T06:15:00.399452856Z,17.674435,114.38734,Cloud to Ground,16487,0,9
2026-08-30T06:15:00.090160364Z,21.577765,111.90309,Cloud to Ground,-26446,0,8
2026-08-30T06:15:00.423914014Z,16.082648,120.070168,Cloud to Ground,-43541,0,7
2026-08-30T06:15:00.410707261Z,16.02171,120.029424,Cloud to Cloud,17136,5875,14
2026-08-30T06:15:00.382675722Z,16.102519,120.045889,Cloud to Cloud,18639,3018,11
2026-08-30T06:15:00.378258000Z,16.1111,120.0404,Cloud to Ground,28446,0,10
2026-08-30T06:15:01.658885356Z,18.759548,116.134472,Cloud to Cloud,-19810,9121,10
2026-08-30T06:15:01.657395081Z,18.747152,116.142324,Cloud to Cloud,-17593,6007,10
2026-08-30T06:15:01.655057801Z,18.772881,116.147388,Cloud to Cloud,-11130,3038,9
2026-08-30T06:15:01.797900950Z,22.61602,113.563245,Cloud to Cloud,20885,3017,7
2026-08-30T06:15:08.460951830Z,18.621638,117.664304,Cloud to Cloud,8249,3020,8
2026-08-30T06:15:08.466916694Z,18.607557,117.643728,Cloud to Ground,13584,0,8
2026-08-30T06:15:08.466062171Z,18.642678,117.754805,Cloud to Cloud,15565,18437,10
2026-08-30T06:15:09.859799821Z,17.621028,133.764104,Cloud to Ground,-20994,0,12
2026-08-30T06:15:09.785484484Z,17.651219,133.833236,Cloud to Ground,36704,0,18
2026-08-30T06:15:09.713411000Z,18.8227,118.6116,Cloud to Ground,8356,0,5
2026-08-30T06:15:11.929354969Z,16.838875,112.608014,Cloud to Cloud,-10285,15732,6
2026-08-30T06:15:11.900513260Z,16.856498,112.649316,Cloud to Cloud,-9862,6168,8
2026-08-30T06:15:11.789223492Z,16.870886,112.559921,Cloud to Cloud,12538,3022,9
2026-08-30T06:15:12.270755070Z,17.961199,114.660473,Cloud to Cloud,-24879,6052,11
2026-08-30T06:15:12.277353916Z,17.96731,114.667424,Cloud to Cloud,-15489,3554,7
2026-08-30T06:15:12.531590382Z,17.955687,114.565072,Cloud to Cloud,-14354,19160,9
2026-08-30T06:15:12.422601203Z,17.924611,114.717792,Cloud to Cloud,-13210,13541,8
2026-08-30T06:15:12.305860394Z,18.002737,114.602573,Cloud to Cloud,6183,3056,8
2026-08-30T06:15:12.310477744Z,18.00843,114.629922,Cloud to Ground,6732,0,8
2026-08-30T06:15:12.264678180Z,17.94554,114.566741,Cloud to Ground,7282,0,9
2026-08-30T06:15:12.269234045Z,17.963983,114.650351,Cloud to Ground,21646,0,10
2026-08-30T06:15:12.267651514Z,17.976467,114.544362,Cloud to Ground,24089,0,8
2026-08-30T06:15:13.351781192Z,17.618442,114.033934,Cloud to Ground,16422,0,8
2026-08-30T06:15:13.421802102Z,17.625331,114.132922,Cloud to Ground,-27451,0,13
2026-08-30T06:15:13.351266570Z,17.625198,114.132637,Cloud to Ground,19423,0,8
2026-08-30T06:15:14.469860129Z,17.844145,114.482459,Cloud to Ground,19052,0,10
2026-08-30T06:15:14.780039348Z,17.751075,114.534725,Cloud to Cloud,-25868,4591,15
2026-08-30T06:15:14.474023649Z,17.750136,114.550744,Cloud to Cloud,-24771,19730,14
2026-08-30T06:15:14.553630781Z,17.764465,114.553691,Cloud to Cloud,-12273,3020,9
2026-08-30T06:15:14.545193544Z,17.675346,114.572311,Cloud to Ground,-9883,0,6
2026-08-30T06:15:14.606295837Z,17.744425,114.533963,Cloud to Ground,-8079,0,6
2026-08-30T06:15:14.472175969Z,17.754569,114.550842,Cloud to Ground,21083,0,14
2026-08-30T06:15:16.104774854Z,16.916141,133.05174,Cloud to Ground,-20026,0,7
2026-08-30T06:15:16.159786886Z,16.923769,133.018591,Cloud to Ground,31917,0,14
2026-08-30T06:15:16.225292307Z,16.90702,133.017918,Cloud to Ground,33364,0,16
2026-08-30T06:15:16.120751774Z,16.926255,133.01796,Cloud to Ground,47802,0,19
2026-08-30T06:15:16.264727765Z,18.704585,116.975185,Cloud to Ground,21021,0,7
2026-08-30T06:15:16.980373121Z,19.397918,115.001187,Cloud to Cloud,13371,8578,7
2026-08-30T06:15:17.154674647Z,19.412295,115.127811,Cloud to Cloud,-13037,17905,7
2026-08-30T06:15:16.970369046Z,19.390677,115.123165,Cloud to Ground,-12969,0,9
2026-08-30T06:15:19.986170917Z,22.568649,113.62907,Cloud to Ground,-17331,0,15
2026-08-30T06:15:19.566835787Z,22.542147,113.648783,Cloud to Cloud,-14726,13977,8
2026-08-30T06:15:19.982847788Z,22.554594,113.628818,Cloud to Cloud,-13860,3005,9
2026-08-30T06:15:20.153015103Z,22.571221,113.652615,Cloud to Ground,29502,0,12
2026-08-30T06:15:25.214867962Z,16.11064,120.290891,Cloud to Cloud,-14453,6883,11
2026-08-30T06:15:24.844800287Z,16.092511,120.303514,Cloud to Ground,23417,0,14
2026-08-30T06:15:24.957665000Z,19.903,114.8085,Cloud to Ground,-7247,0,9
2026-08-30T06:15:24.817966000Z,19.8786,114.7973,Cloud to Ground,16706,0,7
2026-08-30T06:15:24.911623000Z,16.6438,128.2942,Cloud to Ground,3348,0,5
2026-08-30T06:15:25.251999326Z,16.601975,120.563246,Cloud to Ground,62244,0,13
2026-08-30T06:15:25.257885000Z,19.902,114.6331,Cloud to Ground,-31524,0,5
2026-08-30T06:15:28.049531683Z,15.949408,130.238281,Cloud to Cloud,-21578,3018,16
2026-08-30T06:15:28.123082414Z,15.896443,130.243111,Cloud to Cloud,-13279,11343,7
2026-08-30T06:15:28.014725466Z,15.889544,130.26649,Cloud to Cloud,-12108,15730,9
2026-08-30T06:15:31.068450897Z,16.875842,112.593668,Cloud to Ground,13190,0,9
2026-08-30T06:15:31.257781128Z,19.132588,114.677862,Cloud to Cloud,-12882,5343,8
2026-08-30T06:15:31.291721085Z,19.129015,114.680215,Cloud to Ground,-10887,0,7
2026-08-30T06:15:34.381212706Z,19.439494,115.180582,Cloud to Ground,27100,0,8
2026-08-30T06:15:34.734687959Z,18.510841,118.158156,Cloud to Ground,-12665,0,8
2026-08-30T06:15:35.704385660Z,17.174288,113.299538,Cloud to Cloud,10584,4507,11
2026-08-30T06:15:35.439233728Z,19.896164,113.809662,Cloud to Cloud,-19968,9061,7
2026-08-30T06:15:36.583834817Z,4.942038,114.938495,Cloud to Ground,22093,0,9
2026-08-30T06:15:38.726250260Z,15.489958,120.848868,Cloud to Cloud,5762,19442,8
2026-08-30T06:15:39.560066039Z,16.838846,112.501386,Cloud to Cloud,12915,6579,9
2026-08-30T06:15:40.882210632Z,18.794234,114.992681,Cloud to Ground,-19203,0,10
2026-08-30T06:15:41.029460595Z,18.815144,114.977456,Cloud to Cloud,-14606,3129,6
2026-08-30T06:15:40.919148024Z,18.722724,115.011732,Cloud to Ground,-12783,0,9
2026-08-30T06:15:40.617878410Z,18.744493,115.056444,Cloud to Cloud,-10411,3030,9
2026-08-30T06:15:40.936568979Z,18.721352,115.005845,Cloud to Cloud,21863,8562,9
2026-08-30T06:15:40.615374412Z,18.762453,115.033158,Cloud to Ground,25204,0,23
2026-08-30T06:15:41.122721839Z,18.487779,117.898774,Cloud to Cloud,7971,15742,9
2026-08-30T06:15:42.445923535Z,15.261421,130.948974,Cloud to Cloud,-30091,5179,12
2026-08-30T06:15:42.621430323Z,15.265912,130.953746,Cloud to Cloud,10496,9515,9
2026-08-30T06:15:43.038001895Z,19.42002,115.113778,Cloud to Cloud,6328,4144,6
2026-08-30T06:15:42.952246801Z,19.413371,115.12942,Cloud to Ground,29120,0,10
2026-08-30T06:15:43.574988802Z,19.677577,114.650051,Cloud to Cloud,-9629,4243,8
2026-08-30T06:15:43.439862945Z,19.638899,114.68231,Cloud to Cloud,-4925,19454,7
2026-08-30T06:15:43.438061412Z,19.648928,114.679355,Cloud to Cloud,10033,6348,9
2026-08-30T06:15:43.442248387Z,19.638162,114.672637,Cloud to Cloud,13214,4601,8
2026-08-30T06:15:44.856978561Z,19.214577,114.34534,Cloud to Cloud,-12958,12516,11
2026-08-30T06:15:44.872914659Z,19.226411,114.346586,Cloud to Cloud,4550,3002,7
2026-08-30T06:15:45.779709000Z,12.3988,121.9886,Cloud to Ground,-5162,0,5
2026-08-30T06:15:45.753874641Z,12.430072,122.087299,Cloud to Cloud,-5111,15829,7
2026-08-30T06:15:45.720868774Z,12.406359,122.000779,Cloud to Cloud,5539,6917,5
2026-08-30T06:15:46.819280990Z,19.343472,119.334329,Cloud to Ground,-12145,0,9
2026-08-30T06:15:46.812041886Z,19.356395,119.360006,Cloud to Cloud,16397,19913,13
2026-08-30T06:15:48.035028345Z,18.843404,118.664226,Cloud to Cloud,-14337,4278,9
2026-08-30T06:15:48.191064030Z,18.823244,118.670504,Cloud to Ground,-10696,0,7
2026-08-30T06:15:51.245348600Z,18.611037,115.745993,Cloud to Cloud,-61284,3928,14
2026-08-30T06:15:51.248221922Z,18.619781,115.735951,Cloud to Ground,18202,0,13
2026-08-30T06:15:51.246689703Z,18.60952,115.652194,Cloud to Ground,29543,0,14
2026-08-30T06:15:52.834751967Z,15.930265,131.411789,Cloud to Ground,-29956,0,14
2026-08-30T06:15:53.595758924Z,15.879418,131.377399,Cloud to Cloud,-27004,4901,11
2026-08-30T06:15:52.899996956Z,15.936927,131.365915,Cloud to Ground,-20800,0,11
2026-08-30T06:15:52.841820492Z,15.925687,131.35599,Cloud to Ground,-20722,0,10
2026-08-30T06:15:53.232591913Z,15.894741,131.347592,Cloud to Cloud,-12614,3057,12
2026-08-30T06:15:53.473112292Z,15.912916,131.358753,Cloud to Cloud,-10299,3095,8
2026-08-30T06:15:52.836047493Z,15.915553,131.406644,Cloud to Ground,35967,0,13
2026-08-30T06:15:52.511358428Z,16.855614,112.668364,Cloud to Ground,-12963,0,6
2026-08-30T06:15:52.947395953Z,16.31586,111.429006,Cloud to Ground,-30554,0,7
2026-08-30T06:15:53.174504000Z,16.318,111.4417,Cloud to Ground,77489,0,9
2026-08-30T06:15:53.651045537Z,17.74816,114.523104,Cloud to Ground,-20369,0,8
2026-08-30T06:15:53.625926787Z,17.766936,114.52908,Cloud to Ground,-15085,0,10
2026-08-30T06:15:53.624019763Z,17.774596,114.540893,Cloud to Ground,17903,0,12
2026-08-30T06:15:53.626989452Z,17.764744,114.545091,Cloud to Ground,24130,0,13
2026-08-30T06:15:54.290871188Z,17.851392,114.387972,Cloud to Ground,-11011,0,6
2026-08-30T06:15:53.631178399Z,17.76865,114.396664,Cloud to Ground,-9134,0,6
2026-08-30T06:15:53.622932685Z,17.844886,114.475386,Cloud to Ground,16968,0,7
2026-08-30T06:15:53.458824034Z,19.572069,114.786151,Cloud to Ground,27356,0,11
2026-08-30T06:15:54.253769546Z,15.950286,130.221303,Cloud to Ground,-12844,0,12
2026-08-30T06:15:55.596217633Z,17.537392,114.060757,Cloud to Ground,-144285,0,21
2026-08-30T06:15:56.117755890Z,17.537387,114.070146,Cloud to Ground,-12726,0,6
2026-08-30T06:15:55.414265306Z,17.550806,114.043996,Cloud to Cloud,8501,18467,10
2026-08-30T06:15:55.412708735Z,17.554109,114.048134,Cloud to Cloud,11447,15174,8
2026-08-30T06:15:55.410991851Z,17.549993,114.046017,Cloud to Ground,25855,0,8
2026-08-30T06:15:55.411714835Z,17.573819,114.050482,Cloud to Ground,58415,0,13
2026-08-30T06:15:55.825644355Z,17.540539,114.06433,Cloud to Ground,61260,0,18
2026-08-30T06:15:55.787761469Z,17.54133,114.061776,Cloud to Ground,85602,0,20
2026-08-30T06:15:57.237637178Z,19.214572,114.410926,Cloud to Ground,32401,0,7
2026-08-30T06:15:58.324596178Z,22.646777,113.601421,Cloud to Ground,-19704,0,8
2026-08-30T06:16:01.873731204Z,16.929663,112.65077,Cloud to Ground,-24238,0,7
2026-08-30T06:16:01.899798688Z,16.877869,112.660584,Cloud to Ground,-13789,0,7
2026-08-30T06:16:02.141176339Z,18.923176,115.162476,Cloud to Cloud,-15707,3252,12
2026-08-30T06:16:02.400434120Z,18.9456,115.168699,Cloud to Cloud,-15255,3377,7
2026-08-30T06:16:02.155577258Z,18.913243,115.187616,Cloud to Cloud,-9876,3515,6
2026-08-30T06:16:02.414908538Z,18.891388,115.206694,Cloud to Cloud,-8403,4870,8
2026-08-30T06:16:02.409855391Z,18.88415,115.157091,Cloud to Cloud,17574,4073,7
2026-08-30T06:16:02.139013271Z,18.914305,115.173034,Cloud to Ground,25907,0,10
2026-08-30T06:16:03.562690546Z,17.667109,114.339362,Cloud to Cloud,9078,8297,10
2026-08-30T06:16:03.513196290Z,17.652709,114.315281,Cloud to Cloud,10042,18133,8
2026-08-30T06:16:03.446715787Z,17.664956,114.329224,Cloud to Ground,20131,0,9
2026-08-30T06:16:03.503059007Z,17.668535,114.401091,Cloud to Ground,37185,0,17
2026-08-30T06:16:07.536145843Z,17.066832,113.119041,Cloud to Ground,25508,0,7
2026-08-30T06:16:07.505241467Z,17.078972,113.198348,Cloud to Ground,26437,0,10
2026-08-30T06:16:07.503164594Z,17.084153,113.117457,Cloud to Ground,46146,0,14
2026-08-30T06:16:10.004698240Z,19.404395,115.163086,Cloud to Cloud,-20198,7621,9
2026-08-30T06:16:09.723109399Z,19.409308,115.121043,Cloud to Cloud,-19741,7910,8
2026-08-30T06:16:09.660515630Z,19.397719,115.133569,Cloud to Cloud,14687,3023,9
2026-08-30T06:16:13.087157536Z,20.091197,113.544957,Cloud to Ground,-19077,0,9
2026-08-30T06:16:13.968580542Z,16.021394,120.142881,Cloud to Cloud,17657,6005,8
2026-08-30T06:16:14.296136192Z,16.038482,120.158705,Cloud to Ground,30779,0,7
2026-08-30T06:16:14.325681336Z,16.113744,120.046222,Cloud to Ground,-27044,0,10
2026-08-30T06:16:14.292342879Z,16.146696,120.041264,Cloud to Cloud,7124,6951,11
2026-08-30T06:16:14.294279000Z,16.1587,120.0192,Cloud to Ground,16718,0,7
2026-08-30T06:16:15.864742979Z,16.875971,112.658742,Cloud to Ground,-24538,0,10
2026-08-30T06:16:16.062387365Z,18.892744,118.640506,Cloud to Ground,-44875,0,12
2026-08-30T06:16:16.113210865Z,18.916788,118.630011,Cloud to Ground,-43437,0,12
2026-08-30T06:16:16.140498847Z,18.914477,118.631026,Cloud to Ground,-33980,0,11
2026-08-30T06:16:16.202707749Z,18.893188,118.622468,Cloud to Ground,-19401,0,9
2026-08-30T06:16:16.423867944Z,18.90984,118.626378,Cloud to Ground,-14782,0,8
2026-08-30T06:16:16.083333572Z,18.664825,118.498821,Cloud to Ground,-30072,0,7
2026-08-30T06:16:17.735861090Z,22.553996,113.664232,Cloud to Ground,-58274,0,18
2026-08-30T06:16:18.259648444Z,22.568148,113.654346,Cloud to Ground,-55308,0,15
2026-08-30T06:16:18.464387402Z,22.565572,113.655519,Cloud to Ground,-40868,0,15
2026-08-30T06:16:18.465082972Z,22.636147,113.619281,Cloud to Cloud,-37428,3002,10
2026-08-30T06:16:18.093482008Z,22.569206,113.653091,Cloud to Ground,-29223,0,13
2026-08-30T06:16:18.937198454Z,22.551339,113.667171,Cloud to Ground,-24353,0,6
2026-08-30T06:16:18.165682267Z,22.586208,113.621604,Cloud to Ground,-23928,0,9
2026-08-30T06:16:17.718843634Z,22.634802,113.672543,Cloud to Cloud,-23216,3015,11
2026-08-30T06:16:18.329037186Z,22.563698,113.72443,Cloud to Ground,-17336,0,8
2026-08-30T06:16:18.938793345Z,22.542944,113.671168,Cloud to Cloud,17598,3006,8
2026-08-30T06:16:19.005182551Z,22.567128,113.639375,Cloud to Ground,19620,0,14
2026-08-30T06:16:18.329987928Z,22.625224,113.591288,Cloud to Cloud,19857,3007,7
2026-08-30T06:16:18.505658996Z,22.583717,113.646706,Cloud to Ground,25075,0,8
2026-08-30T06:16:18.166517000Z,22.5837,113.631,Cloud to Ground,43792,0,10
2026-08-30T06:16:19.734421639Z,19.314859,115.687849,Cloud to Ground,19513,0,14
2026-08-30T06:16:19.764622163Z,19.381117,115.712509,Cloud to Ground,22575,0,9
2026-08-30T06:16:20.003461704Z,19.207629,114.456847,Cloud to Ground,-15415,0,8
2026-08-30T06:16:19.746576653Z,19.193912,114.459318,Cloud to Ground,16747,0,10
2026-08-30T06:16:21.224995227Z,17.927987,114.590602,Cloud to Cloud,-19011,5197,8
2026-08-30T06:16:21.155789939Z,17.931484,114.596156,Cloud to Ground,13675,0,8
2026-08-30T06:16:21.157444036Z,17.941841,114.591779,Cloud to Ground,24768,0,12
2026-08-30T06:16:21.159415788Z,17.917463,114.595451,Cloud to Ground,25227,0,14
2026-08-30T06:16:21.156558782Z,17.923244,114.498273,Cloud to Ground,33598,0,11
2026-08-30T06:16:22.858026265Z,17.651369,114.116384,Cloud to Cloud,-14707,5396,10
2026-08-30T06:16:23.005143304Z,17.776681,114.154049,Cloud to Cloud,-13158,3842,10
2026-08-30T06:16:23.006190050Z,17.791747,114.145594,Cloud to Ground,-11750,0,6
2026-08-30T06:16:22.981795953Z,17.741356,114.127635,Cloud to Cloud,-9011,15229,5
2026-08-30T06:16:22.855510135Z,17.737547,114.071236,Cloud to Ground,21881,0,8
2026-08-30T06:16:22.859594806Z,17.655902,114.136139,Cloud to Ground,27528,0,8
2026-08-30T06:16:22.862701770Z,17.658971,114.127368,Cloud to Ground,38146,0,13
2026-08-30T06:16:22.242289166Z,16.872278,112.565542,Cloud to Cloud,8035,3066,7
2026-08-30T06:16:22.438308138Z,16.887336,112.589772,Cloud to Cloud,15474,3006,8
2026-08-30T06:16:22.071150978Z,16.902205,112.652292,Cloud to Cloud,16627,5329,7
2026-08-30T06:16:22.810330282Z,16.041317,120.235151,Cloud to Cloud,13926,5262,7
2026-08-30T06:16:22.811421000Z,16.2486,120.0099,Cloud to Ground,8601,0,8
2026-08-30T06:16:24.880051976Z,18.707675,116.949753,Cloud to Ground,13932,0,8
2026-08-30T06:16:24.867820000Z,18.7363,116.9364,Cloud to Ground,23599,0,7
2026-08-30T06:16:24.705737657Z,19.955479,114.086622,Cloud to Ground,49345,0,19
2026-08-30T06:16:27.460082220Z,19.091601,114.277261,Cloud to Cloud,7854,13001,8
2026-08-30T06:16:27.461728251Z,19.094411,114.276691,Cloud to Cloud,10645,3057,9
2026-08-30T06:16:27.587057433Z,19.107701,114.252173,Cloud to Ground,27073,0,12
2026-08-30T06:16:27.461170390Z,19.080136,114.274423,Cloud to Ground,29969,0,13
2026-08-30T06:16:27.997496337Z,19.36156,115.632698,Cloud to Cloud,-14052,7738,11
2026-08-30T06:16:28.437562140Z,19.369087,115.613317,Cloud to Cloud,-14003,3004,8
2026-08-30T06:16:28.015541759Z,19.345062,115.635362,Cloud to Ground,32027,0,13
2026-08-30T06:16:29.968093752Z,16.843542,112.596128,Cloud to Cloud,-24923,5219,7
2026-08-30T06:16:29.964240062Z,16.845116,112.560717,Cloud to Cloud,-20823,5901,7
2026-08-30T06:16:29.990604578Z,16.832317,112.489376,Cloud to Cloud,8935,17583,8
2026-08-30T06:16:30.209811595Z,16.846813,112.559619,Cloud to Ground,23919,0,6
2026-08-30T06:16:30.818735664Z,17.381331,120.599679,Cloud to Ground,-9382,0,7
2026-08-30T06:16:30.451748602Z,17.84953,114.490317,Cloud to Ground,14485,0,11
2026-08-30T06:16:30.430535326Z,17.770708,114.565471,Cloud to Ground,-12388,0,8
2026-08-30T06:16:30.428333148Z,17.773637,114.559284,Cloud to Ground,21478,0,11
2026-08-30T06:16:30.514138748Z,17.770529,114.554144,Cloud to Ground,21814,0,9
2026-08-30T06:16:30.453913429Z,17.757717,114.567345,Cloud to Ground,22865,0,10
2026-08-30T06:16:30.425858915Z,17.773085,114.560656,Cloud to Ground,24227,0,12
2026-08-30T06:16:30.192650889Z,18.456735,117.871672,Cloud to Cloud,-17245,3001,8
2026-08-30T06:16:30.090811726Z,18.489312,117.817672,Cloud to Ground,-8780,0,6
2026-08-30T06:16:29.845372551Z,18.465606,117.813854,Cloud to Cloud,-6400,6321,10
2026-08-30T06:16:29.743015251Z,18.480694,117.757966,Cloud to Cloud,6418,6261,8
2026-08-30T06:16:30.622648962Z,18.48815,117.898212,Cloud to Cloud,7850,3023,7
2026-08-30T06:16:31.488438923Z,19.50176,119.383109,Cloud to Cloud,9659,3009,6
2026-08-30T06:16:31.434493029Z,19.538946,119.527831,Cloud to Cloud,-9692,5231,7
2026-08-30T06:16:31.029112508Z,19.575827,119.474,Cloud to Cloud,19387,5217,9
2026-08-30T06:16:31.147726147Z,17.478694,120.614194,Cloud to Ground,-43538,0,14
2026-08-30T06:16:30.725445108Z,17.542189,120.55414,Cloud to Cloud,6530,18840,7
2026-08-30T06:16:30.732751790Z,17.519281,120.484215,Cloud to Ground,9928,0,13
2026-08-30T06:16:30.829085761Z,17.49577,120.562814,Cloud to Cloud,27741,17092,13
2026-08-30T06:16:31.174120413Z,18.782803,118.654003,Cloud to Cloud,11077,18458,10
2026-08-30T06:16:34.958622025Z,18.859107,116.192369,Cloud to Ground,-12550,0,12
2026-08-30T06:16:35.742933000Z,19.4622,115.1872,Cloud to Ground,24909,0,7
2026-08-30T06:16:35.741999716Z,19.466936,115.205481,Cloud to Ground,37910,0,8
2026-08-30T06:16:36.531301440Z,16.81239,112.595983,Cloud to Cloud,-13901,5155,7
2026-08-30T06:16:36.463832070Z,16.858426,112.626131,Cloud to Cloud,-9736,17989,8
2026-08-30T06:16:37.670602215Z,19.247508,115.148189,Cloud to Ground,12163,0,7
2026-08-30T06:16:37.672519527Z,19.497675,115.044875,Cloud to Cloud,-10838,3002,10
2026-08-30T06:16:37.673362855Z,19.393288,115.104763,Cloud to Cloud,-8869,8610,6
2026-08-30T06:16:39.438467525Z,16.043602,130.731732,Cloud to Cloud,11477,15966,7
2026-08-30T06:16:39.720334454Z,16.024471,130.742695,Cloud to Ground,16684,0,7
2026-08-30T06:16:39.377864693Z,15.920011,130.663558,Cloud to Cloud,-17142,15910,15
2026-08-30T06:16:39.395178131Z,15.936722,130.656441,Cloud to Cloud,-15053,7556,10
2026-08-30T06:16:39.381842643Z,15.942605,130.683347,Cloud to Cloud,-14898,15050,10
2026-08-30T06:16:40.037943380Z,16.813687,112.553787,Cloud to Ground,9142,0,7
2026-08-30T06:16:41.831767908Z,15.920658,131.36231,Cloud to Ground,-35696,0,13
2026-08-30T06:16:41.834786705Z,15.909956,131.389262,Cloud to Cloud,-18914,3497,13
2026-08-30T06:16:41.830657161Z,15.919563,131.384302,Cloud to Cloud,-12606,10701,8
2026-08-30T06:16:41.832336592Z,15.903536,131.398711,Cloud to Cloud,-10258,12069,8
2026-08-30T06:16:41.890841355Z,15.889626,131.210864,Cloud to Cloud,-19164,3048,11
2026-08-30T06:16:41.689102045Z,16.894615,112.663405,Cloud to Cloud,-6545,5533,5
2026-08-30T06:16:41.632497537Z,19.380661,115.296101,Cloud to Cloud,21449,3468,9
2026-08-30T06:16:41.760110161Z,19.389287,115.301046,Cloud to Ground,22498,0,9
2026-08-30T06:16:42.678689115Z,19.13069,114.587047,Cloud to Cloud,-18534,3071,9
2026-08-30T06:16:42.269140247Z,16.930127,112.781685,Cloud to Cloud,21511,11607,7
2026-08-30T06:16:42.113525212Z,16.873399,112.554056,Cloud to Ground,21489,0,8
2026-08-30T06:16:43.943363401Z,19.208647,114.496716,Cloud to Cloud,-9238,9004,6
2026-08-30T06:16:45.413875345Z,16.87982,112.665266,Cloud to Ground,-20183,0,9
2026-08-30T06:16:45.368871424Z,16.896278,112.649111,Cloud to Cloud,-11419,19595,6
2026-08-30T06:16:45.778335008Z,22.569452,113.645893,Cloud to Cloud,-12192,3006,10
2026-08-30T06:16:47.787823874Z,16.056143,120.038882,Cloud to Cloud,-21190,19197,8
2026-08-30T06:16:47.414868188Z,16.149147,120.05179,Cloud to Cloud,-19623,3024,9
2026-08-30T06:16:49.419592816Z,3.196745,113.108413,Cloud to Ground,-16570,0,6
2026-08-30T06:16:49.538524676Z,3.193173,113.085066,Cloud to Ground,24568,0,6
2026-08-30T06:16:49.423464492Z,3.215697,113.12944,Cloud to Ground,26449,0,12
2026-08-30T06:16:50.825743106Z,17.95556,114.669476,Cloud to Ground,-9353,0,8
2026-08-30T06:16:50.821606795Z,17.951736,114.586276,Cloud to Ground,7504,0,7
2026-08-30T06:16:50.801580021Z,17.960674,114.573072,Cloud to Ground,22871,0,12
2026-08-30T06:16:50.296095575Z,21.576806,111.931334,Cloud to Ground,-15523,0,10
2026-08-30T06:16:50.353498166Z,21.574268,111.918909,Cloud to Cloud,-14472,3034,10
2026-08-30T06:16:50.300230451Z,21.603579,111.930466,Cloud to Ground,-14152,0,8
2026-08-30T06:16:50.602671471Z,21.638761,111.85602,Cloud to Cloud,-7178,7905,6
2026-08-30T06:16:51.167638105Z,18.555509,114.964741,Cloud to Cloud,19762,6547,7
2026-08-30T06:16:57.696071992Z,22.582976,113.63543,Cloud to Cloud,-15783,3051,11
2026-08-30T06:16:57.496733792Z,22.582301,113.635639,Cloud to Ground,-10897,0,8
2026-08-30T06:16:57.775053671Z,22.583974,113.604568,Cloud to Cloud,-6626,19181,7
2026-08-30T06:16:59.124476099Z,16.85043,112.541059,Cloud to Ground,12494,0,6
2026-08-30T06:16:59.193119267Z,16.879962,112.66716,Cloud to Ground,-29782,0,12
2026-08-30T06:17:00.185024935Z,18.709977,116.594654,Cloud to Ground,-45598,0,14
2026-08-30T06:17:03.001459536Z,17.123664,113.238496,Cloud to Ground,-16889,0,12
2026-08-30T06:17:03.003444261Z,17.095371,113.199634,Cloud to Ground,-13347,0,11
2026-08-30T06:17:02.751567903Z,17.110603,113.142539,Cloud to Cloud,6042,17570,7
2026-08-30T06:17:02.828792173Z,17.086872,113.133715,Cloud to Ground,7866,0,11
2026-08-30T06:17:03.005234654Z,17.094908,113.125188,Cloud to Cloud,7995,4545,6
2026-08-30T06:17:03.132338669Z,17.164076,113.199406,Cloud to Ground,32867,0,8
2026-08-30T06:17:03.467168637Z,15.906839,119.835682,Cloud to Cloud,7435,14840,12
2026-08-30T06:17:03.465023559Z,15.903567,119.836095,Cloud to Cloud,8235,4937,12
2026-08-30T06:17:03.500403013Z,15.948245,119.914127,Cloud to Cloud,14583,3000,8
2026-08-30T06:17:05.345900877Z,19.62755,114.672329,Cloud to Cloud,-25200,14805,12
2026-08-30T06:17:05.361879545Z,19.661537,114.665939,Cloud to Cloud,-15911,8289,13
2026-08-30T06:17:05.071056215Z,19.448078,115.138464,Cloud to Cloud,-9789,6122,9
2026-08-30T06:17:05.246980397Z,19.420419,115.127262,Cloud to Cloud,5409,3016,7
2026-08-30T06:17:05.074344520Z,19.49716,115.138635,Cloud to Cloud,7752,3154,10
2026-08-30T06:17:05.096026349Z,19.480817,115.159426,Cloud to Cloud,8635,19447,8
2026-08-30T06:17:05.064745187Z,19.377787,115.120011,Cloud to Ground,22218,0,7
2026-08-30T06:17:06.154683741Z,18.63683,115.382563,Cloud to Ground,25654,0,16
2026-08-30T06:17:07.306438636Z,17.766795,114.547473,Cloud to Ground,-20922,0,11
2026-08-30T06:17:07.153871000Z,17.8271,114.5153,Cloud to Ground,24170,0,10
2026-08-30T06:17:10.031806143Z,17.597887,114.457442,Cloud to Ground,-8866,0,7
2026-08-30T06:17:10.313237636Z,18.464894,117.895875,Cloud to Cloud,-7679,19440,8
2026-08-30T06:17:11.469040433Z,16.891386,112.658775,Cloud to Cloud,-20311,4927,8
2026-08-30T06:17:11.566240029Z,16.861647,112.567293,Cloud to Ground,16084,0,8
2026-08-30T06:17:11.592511431Z,16.885025,112.506479,Cloud to Cloud,28981,4152,7
2026-08-30T06:17:14.744645275Z,15.841739,130.157844,Cloud to Cloud,-9165,6817,11
2026-08-30T06:17:14.761005348Z,15.892549,130.305305,Cloud to Ground,-16445,0,10
2026-08-30T06:17:14.417116786Z,15.917213,130.2411,Cloud to Cloud,-13656,15103,12
2026-08-30T06:17:14.790302155Z,15.880889,130.302302,Cloud to Ground,24701,0,9
2026-08-30T06:17:15.241170622Z,17.658869,114.346582,Cloud to Ground,20534,0,8
2026-08-30T06:17:15.243535738Z,17.655313,114.343645,Cloud to Ground,25905,0,8
2026-08-30T06:17:15.289751853Z,17.658051,114.257469,Cloud to Ground,44484,0,14
2026-08-30T06:17:16.493125342Z,19.862711,114.157276,Cloud to Ground,13440,0,9
2026-08-30T06:17:16.342206741Z,19.850456,114.324344,Cloud to Cloud,10572,10992,8
2026-08-30T06:17:16.375692368Z,19.875389,114.292688,Cloud to Cloud,11629,13884,9
2026-08-30T06:17:16.487772799Z,19.898802,114.350303,Cloud to Cloud,12246,13090,8
2026-08-30T06:17:16.357853051Z,19.852304,114.318177,Cloud to Ground,20433,0,10
2026-08-30T06:17:18.758112709Z,16.834038,112.523478,Cloud to Cloud,6406,15353,7
2026-08-30T06:17:18.750471583Z,16.819415,112.581428,Cloud to Cloud,8107,11692,8
2026-08-30T06:17:18.774925101Z,16.823316,112.582653,Cloud to Cloud,10525,14580,8
2026-08-30T06:17:18.734906415Z,16.82488,112.582231,Cloud to Ground,16459,0,6
2026-08-30T06:17:18.717552925Z,16.324186,111.380473,Cloud to Ground,-10861,0,8
2026-08-30T06:17:18.720358465Z,16.321267,111.343427,Cloud to Cloud,7542,6472,8
2026-08-30T06:17:18.719203137Z,16.321121,111.336806,Cloud to Ground,39867,0,7
2026-08-30T06:17:19.828086740Z,18.872073,116.214324,Cloud to Ground,-18619,0,12
2026-08-30T06:17:19.129685907Z,20.089379,113.564595,Cloud to Cloud,-23333,3010,11
2026-08-30T06:17:19.132617126Z,20.165039,113.498739,Cloud to Ground,24846,0,8
2026-08-30T06:17:21.248130370Z,19.185263,114.502171,Cloud to Ground,-14694,0,10
2026-08-30T06:17:21.053363754Z,19.19757,114.512015,Cloud to Cloud,-11840,18478,10
2026-08-30T06:17:22.733030689Z,17.540305,114.029178,Cloud to Cloud,20267,14213,8
2026-08-30T06:17:22.516396313Z,17.647548,114.135137,Cloud to Ground,38764,0,11
2026-08-30T06:17:22.520058420Z,18.030678,114.786756,Cloud to Cloud,-18345,19948,8
2026-08-30T06:17:23.825061078Z,15.252725,134.909629,Cloud to Ground,-27289,0,21
2026-08-30T06:17:23.826810234Z,15.249703,134.913193,Cloud to Ground,-8025,0,7
2026-08-30T06:17:23.825588231Z,15.185926,134.99351,Cloud to Ground,-30307,0,15
2026-08-30T06:17:23.868513117Z,22.540922,113.649805,Cloud to Ground,-47297,0,16
2026-08-30T06:17:23.893133315Z,22.540541,113.64707,Cloud to Cloud,-24386,5806,7
2026-08-30T06:17:23.931239924Z,22.552205,113.655931,Cloud to Ground,-21987,0,12
2026-08-30T06:17:23.992850164Z,22.536312,113.649285,Cloud to Ground,-16367,0,13
2026-08-30T06:17:23.929005400Z,22.588197,113.599324,Cloud to Cloud,14768,3004,8
2026-08-30T06:17:23.954731108Z,22.488696,113.634598,Cloud to Ground,76190,0,8
2026-08-30T06:17:24.188567000Z,21.4968,112.7234,Cloud to Ground,6330,0,5
2026-08-30T06:17:24.185262801Z,21.456302,112.697297,Cloud to Cloud,17996,3010,7
2026-08-30T06:17:24.963933709Z,14.349839,123.262909,Cloud to Ground,21207,0,10
2026-08-30T06:17:25.400901537Z,21.791525,111.988625,Cloud to Ground,-23285,0,11
2026-08-30T06:17:25.413593651Z,21.775189,112.100941,Cloud to Ground,-18975,0,7
2026-08-30T06:17:25.400152190Z,21.783308,112.089808,Cloud to Cloud,25503,4562,11
2026-08-30T06:17:27.752071280Z,18.910414,115.022506,Cloud to Cloud,9500,7133,8
2026-08-30T06:17:27.796810863Z,18.91734,115.172105,Cloud to Cloud,-10501,5457,10
2026-08-30T06:17:27.756550095Z,18.929365,115.185129,Cloud to Cloud,6734,8872,10
2026-08-30T06:17:27.750348000Z,18.8989,115.1776,Cloud to Ground,34441,0,6
2026-08-30T06:17:32.452685332Z,19.207648,114.290932,Cloud to Cloud,7020,5992,8
2026-08-30T06:17:32.502613214Z,19.221042,114.463966,Cloud to Cloud,16011,3017,8
2026-08-30T06:17:35.485061037Z,17.592224,113.984778,Cloud to Ground,-56907,0,19
2026-08-30T06:17:34.972175629Z,17.563306,114.08432,Cloud to Ground,-23992,0,12
2026-08-30T06:17:35.467841233Z,17.633974,114.032683,Cloud to Ground,-20671,0,10
2026-08-30T06:17:35.062867007Z,17.562561,114.078816,Cloud to Ground,-14426,0,8
2026-08-30T06:17:34.973712832Z,17.544704,114.062104,Cloud to Cloud,-13107,6250,7
2026-08-30T06:17:34.971070487Z,17.556273,113.99334,Cloud to Ground,13548,0,8
2026-08-30T06:17:34.975103501Z,17.562211,113.98241,Cloud to Ground,15213,0,8
2026-08-30T06:17:35.378878034Z,17.622076,114.140675,Cloud to Cloud,17469,18018,8
2026-08-30T06:17:34.969124244Z,17.564422,113.988916,Cloud to Ground,18156,0,8
2026-08-30T06:17:34.968471595Z,17.561086,114.077497,Cloud to Ground,32833,0,11
2026-08-30T06:17:35.277376719Z,19.333051,115.569712,Cloud to Cloud,-17492,3111,11
2026-08-30T06:17:38.220213569Z,19.021438,115.408097,Cloud to Ground,-15160,0,10
2026-08-30T06:17:38.388272721Z,19.017696,115.435696,Cloud to Ground,19978,0,10
2026-08-30T06:17:38.219263517Z,19.023381,115.327908,Cloud to Cloud,41820,13210,7
2026-08-30T06:17:38.208794000Z,18.9833,115.4203,Cloud to Ground,59549,0,8
2026-08-30T06:17:38.554776351Z,17.666717,114.330763,Cloud to Ground,17337,0,10
2026-08-30T06:17:38.551839881Z,17.676826,114.419803,Cloud to Ground,20341,0,13
2026-08-30T06:17:40.782436504Z,18.468492,117.664749,Cloud to Cloud,-15732,4037,7
2026-08-30T06:17:41.518272607Z,18.541881,117.562024,Cloud to Cloud,-8820,3005,9
2026-08-30T06:17:43.352974495Z,22.605654,113.638252,Cloud to Ground,-20221,0,15
2026-08-30T06:17:43.189054792Z,17.765013,114.587166,Cloud to Ground,32246,0,12
2026-08-30T06:17:44.976973379Z,18.855318,118.701861,Cloud to Cloud,8903,18664,10
2026-08-30T06:17:47.487778378Z,19.142853,114.225726,Cloud to Ground,-8650,0,8
2026-08-30T06:17:47.201026274Z,19.12044,114.296135,Cloud to Ground,10207,0,7
2026-08-30T06:17:47.205566334Z,19.109414,114.304049,Cloud to Ground,24620,0,11
2026-08-30T06:17:48.018643994Z,16.018207,120.383127,Cloud to Cloud,9221,13168,9
2026-08-30T06:17:51.574198280Z,16.042709,130.168225,Cloud to Cloud,-13408,4994,10
2026-08-30T06:17:51.111749693Z,15.858243,130.315742,Cloud to Cloud,-11724,5506,10
2026-08-30T06:17:51.009803499Z,15.913613,130.251485,Cloud to Ground,-10770,0,7
2026-08-30T06:17:51.029468000Z,15.7418,130.2201,Cloud to Ground,-10634,0,6
2026-08-30T06:17:52.863128457Z,19.88532,113.777554,Cloud to Cloud,11927,3804,8
2026-08-30T06:17:52.862282575Z,19.968504,114.193765,Cloud to Ground,32722,0,14
2026-08-30T06:17:52.933206189Z,20.072348,114.214207,Cloud to Ground,-68676,0,21
2026-08-30T06:17:52.955289815Z,19.182121,114.477913,Cloud to Cloud,-20468,3015,12
2026-08-30T06:17:53.111806290Z,19.190098,114.481305,Cloud to Cloud,-8440,3035,8
2026-08-30T06:17:53.052647574Z,19.23588,114.445973,Cloud to Cloud,4338,4354,7
2026-08-30T06:17:52.941765078Z,19.17738,114.381891,Cloud to Ground,7976,0,7
2026-08-30T06:17:52.872710574Z,18.474441,117.879729,Cloud to Cloud,4947,7732,7
2026-08-30T06:17:52.556727659Z,18.459361,117.866188,Cloud to Cloud,9311,12254,7
2026-08-30T06:17:52.553354642Z,18.482172,117.872056,Cloud to Cloud,12082,18110,9
2026-08-30T06:17:52.576948657Z,18.465988,117.876018,Cloud to Cloud,12329,13594,8
2026-08-30T06:17:53.608931692Z,16.942703,112.914842,Cloud to Ground,-6257,0,7
2026-08-30T06:17:54.915091922Z,19.454489,115.227536,Cloud to Ground,25468,0,9
2026-08-30T06:17:55.288625334Z,19.41008,115.064664,Cloud to Cloud,-11007,3251,9
2026-08-30T06:17:57.995356996Z,19.317484,115.701581,Cloud to Cloud,5150,7764,10
2026-08-30T06:17:57.142046411Z,17.772942,114.496756,Cloud to Cloud,7692,16995,8
2026-08-30T06:17:58.676797414Z,18.941134,119.637415,Cloud to Cloud,12403,16791,10
2026-08-30T06:17:59.407360413Z,22.583636,113.650568,Cloud to Ground,-41013,0,16
2026-08-30T06:17:59.623620399Z,22.581723,113.64963,Cloud to Ground,-20015,0,10
2026-08-30T06:17:59.743552824Z,22.579488,113.650462,Cloud to Ground,-18260,0,13
2026-08-30T06:17:59.985163455Z,22.572558,113.65492,Cloud to Ground,-18106,0,9
2026-08-30T06:17:59.952320219Z,22.597393,113.639426,Cloud to Ground,-15402,0,8
2026-08-30T06:17:59.565127248Z,22.578281,113.657814,Cloud to Ground,-13857,0,9
2026-08-30T06:18:00.395676180Z,22.559308,113.652721,Cloud to Cloud,9234,3006,6
2026-08-30T06:18:00.297832000Z,22.6229,113.5683,Cloud to Ground,22302,0,5
2026-08-30T06:17:59.505009000Z,22.5864,113.6245,Cloud to Ground,24127,0,6
2026-08-30T06:17:59.684848000Z,22.5845,113.6336,Cloud to Ground,31417,0,8
2026-08-30T06:17:59.853940000Z,22.596,113.632,Cloud to Ground,70979,0,10
2026-08-30T06:18:03.933424253Z,12.397854,122.08235,Cloud to Ground,-16108,0,7
2026-08-30T06:18:03.793875811Z,12.409565,122.028362,Cloud to Cloud,7510,7761,6
2026-08-30T06:18:03.781045311Z,12.351814,122.057844,Cloud to Ground,14031,0,7
2026-08-30T06:18:03.792425652Z,18.856387,116.20126,Cloud to Cloud,-11792,4028,10
2026-08-30T06:18:03.807270489Z,18.872843,116.206769,Cloud to Cloud,3746,3004,7
2026-08-30T06:18:03.785537831Z,18.86627,116.202133,Cloud to Ground,27489,0,12
2026-08-30T06:18:04.918475275Z,19.618475,115.320208,Cloud to Cloud,-32359,3007,14
2026-08-30T06:18:04.894630657Z,19.631573,115.344536,Cloud to Ground,-16352,0,8
2026-08-30T06:18:05.144962416Z,19.620425,115.327966,Cloud to Ground,-12936,0,8
2026-08-30T06:18:04.877049360Z,19.615062,115.326467,Cloud to Cloud,41037,17553,14
2026-08-30T06:18:05.014719250Z,19.575113,115.313132,Cloud to Ground,53231,0,15
2026-08-30T06:18:06.263022190Z,15.197493,134.896876,Cloud to Ground,-22013,0,14
2026-08-30T06:18:06.260870353Z,15.201651,134.904708,Cloud to Cloud,-15967,3217,9
2026-08-30T06:18:06.556118397Z,19.20923,114.467425,Cloud to Ground,-20530,0,8
2026-08-30T06:18:06.520213972Z,19.142112,114.46764,Cloud to Ground,21625,0,8
2026-08-30T06:18:07.244342395Z,18.539826,115.88801,Cloud to Cloud,-23280,3024,10
2026-08-30T06:18:07.227119367Z,18.554659,115.887427,Cloud to Ground,-11944,0,8
2026-08-30T06:18:07.191311946Z,18.550828,115.882666,Cloud to Cloud,9085,9240,10
2026-08-30T06:18:07.784435968Z,18.890475,118.777994,Cloud to Cloud,6750,19391,10
2026-08-30T06:18:07.794492588Z,18.76105,115.083599,Cloud to Cloud,-11044,12258,6
2026-08-30T06:18:07.790465390Z,18.754309,115.084281,Cloud to Cloud,13923,3007,9
2026-08-30T06:18:08.702560656Z,16.830024,132.578476,Cloud to Ground,-11574,0,12
2026-08-30T06:18:08.700446301Z,16.838779,132.673637,Cloud to Ground,19063,0,10
2026-08-30T06:18:08.712365586Z,16.849312,132.557533,Cloud to Ground,25620,0,9
2026-08-30T06:18:08.699369679Z,16.825489,132.584659,Cloud to Ground,27193,0,14
2026-08-30T06:18:08.701626787Z,16.847197,132.568807,Cloud to Ground,29285,0,13
2026-08-30T06:18:08.416298296Z,16.876307,112.61366,Cloud to Cloud,19307,3037,8
2026-08-30T06:18:09.050097575Z,16.93933,112.76844,Cloud to Cloud,-18240,6063,7
2026-08-30T06:18:08.845840617Z,16.934201,112.717757,Cloud to Cloud,34795,3002,17
2026-08-30T06:18:08.256768567Z,18.789838,114.981564,Cloud to Cloud,-18789,3062,9
2026-08-30T06:18:09.827172868Z,19.671092,114.684725,Cloud to Cloud,-19860,3014,11
2026-08-30T06:18:09.439919214Z,19.638618,114.579124,Cloud to Ground,14704,0,8
2026-08-30T06:18:10.084284570Z,19.193764,114.454722,Cloud to Cloud,8147,10727,10
2026-08-30T06:18:12.099377571Z,18.519702,117.867006,Cloud to Ground,-13152,0,9
2026-08-30T06:18:13.284724050Z,16.343397,111.416472,Cloud to Ground,-13026,0,10
2026-08-30T06:18:13.281964115Z,16.324086,111.334143,Cloud to Ground,14528,0,7
2026-08-30T06:18:14.791254399Z,17.627151,133.839498,Cloud to Ground,-57787,0,12
2026-08-30T06:18:14.788199609Z,17.633837,133.821907,Cloud to Ground,-28179,0,18
2026-08-30T06:18:14.788979650Z,17.61287,133.844548,Cloud to Ground,-23296,0,15
2026-08-30T06:18:14.793779926Z,17.610761,133.865867,Cloud to Ground,-18085,0,16
2026-08-30T06:18:14.796992749Z,17.622635,133.846952,Cloud to Ground,-14677,0,13
2026-08-30T06:18:14.887396307Z,19.298439,115.702739,Cloud to Ground,-16886,0,11
2026-08-30T06:18:15.623750218Z,19.903949,114.383681,Cloud to Ground,44085,0,17
2026-08-30T06:18:15.624577789Z,19.950091,114.110802,Cloud to Ground,-69265,0,11
2026-08-30T06:18:15.625943794Z,19.960437,114.116445,Cloud to Ground,31544,0,15
2026-08-30T06:18:15.332625000Z,18.9434,118.6261,Cloud to Ground,-15320,0,5
2026-08-30T06:18:15.331449860Z,19.032728,118.6355,Cloud to Cloud,25703,7773,9
2026-08-30T06:18:17.657825620Z,16.051969,120.095577,Cloud to Cloud,14515,5971,7
2026-08-30T06:18:17.628200000Z,16.1271,120.0095,Cloud to Ground,-20941,0,11
2026-08-30T06:18:19.246853221Z,17.659726,114.146416,Cloud to Ground,-11940,0,11
2026-08-30T06:18:19.572317349Z,17.668614,114.090799,Cloud to Cloud,-8871,3159,8
2026-08-30T06:18:19.238920355Z,17.635813,114.117434,Cloud to Ground,19226,0,7
2026-08-30T06:18:19.235580002Z,17.669865,114.151112,Cloud to Ground,21247,0,11
2026-08-30T06:18:19.956799206Z,19.499343,115.002948,Cloud to Ground,11658,0,6
2026-08-30T06:18:19.959072883Z,19.426441,115.142992,Cloud to Cloud,-25347,3067,12
2026-08-30T06:18:19.923228523Z,19.407127,115.13509,Cloud to Cloud,-8454,18389,8
2026-08-30T06:18:19.941823979Z,19.409912,115.14071,Cloud to Ground,20216,0,11
2026-08-30T06:18:19.920633102Z,19.375288,115.041826,Cloud to Cloud,12242,3439,8
2026-08-30T06:18:20.647016352Z,15.836109,130.366275,Cloud to Cloud,-8710,3086,7
2026-08-30T06:18:21.173404738Z,17.695141,114.355535,Cloud to Cloud,5010,3079,6
2026-08-30T06:18:21.473444638Z,17.693895,114.406383,Cloud to Ground,7385,0,8
2026-08-30T06:18:21.115179709Z,17.696243,114.3141,Cloud to Cloud,7498,3233,7
2026-08-30T06:18:21.126169262Z,17.655766,114.326944,Cloud to Ground,10345,0,10
2026-08-30T06:18:21.115922749Z,17.680961,114.323709,Cloud to Ground,19183,0,8
2026-08-30T06:18:22.891411867Z,17.512726,120.514467,Cloud to Ground,26220,0,9
2026-08-30T06:18:22.633574378Z,19.187311,114.528679,Cloud to Ground,-24118,0,11
2026-08-30T06:18:22.586364883Z,19.172013,114.521406,Cloud to Cloud,12178,19877,9
2026-08-30T06:18:22.562729326Z,19.173183,114.523716,Cloud to Ground,16133,0,8
2026-08-30T06:18:22.499793810Z,19.179886,114.519757,Cloud to Ground,26323,0,9
2026-08-30T06:18:23.250657325Z,16.889276,112.588294,Cloud to Ground,13190,0,5
2026-08-30T06:18:23.259117961Z,16.807128,112.616661,Cloud to Ground,14877,0,7
2026-08-30T06:18:25.449196565Z,18.555538,117.732004,Cloud to Ground,29532,0,9
2026-08-30T06:18:26.304261669Z,17.756281,114.597014,Cloud to Ground,14840,0,8
2026-08-30T06:18:26.817660224Z,19.215726,114.360334,Cloud to Ground,13524,0,10
2026-08-30T06:18:27.601253353Z,19.17753,114.483555,Cloud to Cloud,-20235,3112,11
2026-08-30T06:18:27.805771505Z,19.170993,114.487508,Cloud to Ground,-12445,0,9
2026-08-30T06:18:27.855427527Z,19.202195,114.452323,Cloud to Cloud,7791,3107,9
2026-08-30T06:18:29.358755753Z,22.559659,113.665671,Cloud to Ground,-58029,0,11
2026-08-30T06:18:29.444193756Z,22.566742,113.67087,Cloud to Ground,-52641,0,14
2026-08-30T06:18:29.638571092Z,22.486495,113.677321,Cloud to Ground,-37459,0,9
2026-08-30T06:18:29.378985064Z,22.413343,113.653115,Cloud to Ground,-21084,0,8
2026-08-30T06:18:29.523478000Z,22.6129,113.6523,Cloud to Ground,18606,0,10
2026-08-30T06:18:30.795487695Z,16.221025,120.103948,Cloud to Cloud,12958,16054,13
2026-08-30T06:18:30.552826445Z,16.239437,120.057981,Cloud to Ground,19441,0,16
2026-08-30T06:18:31.364047406Z,15.889617,131.392352,Cloud to Ground,-29633,0,17
2026-08-30T06:18:31.382627168Z,15.917581,131.362031,Cloud to Ground,-22773,0,14
2026-08-30T06:18:31.471208158Z,15.925158,131.424777,Cloud to Ground,-21729,0,15
2026-08-30T06:18:31.365098907Z,15.907354,131.362386,Cloud to Ground,61024,0,16
2026-08-30T06:18:31.466707202Z,15.839322,131.253328,Cloud to Cloud,12444,3082,8
2026-08-30T06:18:31.717465724Z,16.884368,112.592042,Cloud to Ground,-16081,0,6
2026-08-30T06:18:31.683528920Z,16.859036,112.603554,Cloud to Ground,25905,0,6
2026-08-30T06:18:32.101868498Z,16.072725,131.457303,Cloud to Ground,-70737,0,13
2026-08-30T06:18:32.168022699Z,16.105572,131.439002,Cloud to Cloud,-39276,3005,17
2026-08-30T06:18:32.307505807Z,16.047786,131.429878,Cloud to Cloud,-21115,4479,11
2026-08-30T06:18:32.193161675Z,16.110747,131.448,Cloud to Ground,16517,0,6
2026-08-30T06:18:32.359676421Z,16.074926,131.447528,Cloud to Ground,22874,0,9
2026-08-30T06:18:33.060700488Z,4.935469,114.953445,Cloud to Ground,-22042,0,8
2026-08-30T06:18:33.311906503Z,15.891624,130.31004,Cloud to Ground,-22911,0,7
2026-08-30T06:18:33.334351016Z,15.906979,130.280654,Cloud to Cloud,-18185,3020,9
2026-08-30T06:18:33.498800987Z,15.866005,130.346287,Cloud to Ground,19033,0,11
2026-08-30T06:18:33.184465452Z,17.077104,113.117599,Cloud to Ground,44686,0,12
2026-08-30T06:18:34.184346725Z,17.001685,133.179036,Cloud to Ground,-15362,0,11
2026-08-30T06:18:34.289464183Z,17.038638,133.084466,Cloud to Ground,11361,0,7
2026-08-30T06:18:34.308462828Z,17.028632,133.130383,Cloud to Ground,25010,0,12
2026-08-30T06:18:34.283336911Z,16.989156,133.152473,Cloud to Ground,45694,0,14
2026-08-30T06:18:34.230601499Z,16.991944,133.182484,Cloud to Ground,102370,0,20
2026-08-30T06:18:34.190325979Z,16.996032,133.173547,Cloud to Ground,106102,0,23
2026-08-30T06:18:36.700772293Z,16.644679,120.233039,Cloud to Cloud,6847,19452,10
2026-08-30T06:18:36.697185110Z,16.638796,120.244036,Cloud to Ground,9054,0,12
2026-08-30T06:18:36.725763491Z,16.568083,120.2926,Cloud to Cloud,11313,16761,10
2026-08-30T06:18:36.698001996Z,16.716389,120.173386,Cloud to Ground,19706,0,11
2026-08-30T06:18:38.095896343Z,14.281523,123.314574,Cloud to Ground,37926,0,10
2026-08-30T06:18:40.329837060Z,19.148236,114.373503,Cloud to Cloud,-5908,3012,8
2026-08-30T06:18:40.363730462Z,19.185388,114.488452,Cloud to Cloud,-12860,18143,11
2026-08-30T06:18:40.150472703Z,19.158624,114.48192,Cloud to Cloud,-7855,3013,7
2026-08-30T06:18:40.191035513Z,19.179037,114.493354,Cloud to Ground,10106,0,8
2026-08-30T06:18:41.655072829Z,18.839345,116.213861,Cloud to Cloud,8793,5596,11
2026-08-30T06:18:41.760010707Z,18.753731,116.180958,Cloud to Ground,10066,0,7
2026-08-30T06:18:41.573376834Z,21.51961,112.674247,Cloud to Cloud,-7215,3388,7
2026-08-30T06:18:41.480175053Z,21.530362,112.654986,Cloud to Cloud,-6621,17553,6
2026-08-30T06:18:41.542830017Z,21.496687,112.657498,Cloud to Ground,14742,0,10
2026-08-30T06:18:42.583208629Z,19.238907,115.681086,Cloud to Cloud,-15523,3020,11
2026-08-30T06:18:42.579574000Z,19.2632,115.6459,Cloud to Ground,-11600,0,8
2026-08-30T06:18:42.577651091Z,19.267364,115.666918,Cloud to Cloud,14725,7742,13
2026-08-30T06:18:43.850193549Z,3.177856,113.012282,Cloud to Ground,21767,0,8
2026-08-30T06:18:43.847990561Z,3.122776,113.105237,Cloud to Ground,28646,0,17
2026-08-30T06:18:44.940712990Z,21.586092,111.898465,Cloud to Ground,-9348,0,9
2026-08-30T06:18:46.639749817Z,16.881656,112.697316,Cloud to Cloud,-18397,3972,11
2026-08-30T06:18:46.467098782Z,16.874258,112.703027,Cloud to Cloud,-12557,12865,8
2026-08-30T06:18:46.684813149Z,16.882561,112.692883,Cloud to Ground,-10763,0,8
2026-08-30T06:18:46.322861209Z,16.87642,112.672753,Cloud to Ground,-8151,0,7
2026-08-30T06:18:46.648759959Z,16.88165,112.590656,Cloud to Cloud,11104,5236,7
2026-08-30T06:18:46.358977052Z,16.870867,112.608983,Cloud to Cloud,15658,18406,8
2026-08-30T06:18:47.222856002Z,16.590907,128.455373,Cloud to Cloud,16489,3026,8
2026-08-30T06:18:47.221688509Z,16.521336,128.493149,Cloud to Cloud,21046,3123,9
2026-08-30T06:18:48.108764879Z,14.346405,123.253773,Cloud to Ground,17707,0,8
2026-08-30T06:18:48.110807764Z,14.340103,123.278807,Cloud to Ground,24075,0,14
2026-08-30T06:18:48.863117340Z,19.350715,115.835543,Cloud to Cloud,-25551,3066,10
2026-08-30T06:18:48.458538075Z,19.403758,115.724719,Cloud to Cloud,-16477,10354,7
2026-08-30T06:18:48.306853596Z,19.348797,115.705803,Cloud to Ground,-10252,0,10
2026-08-30T06:18:48.132228674Z,19.305606,115.707125,Cloud to Cloud,9828,5540,8
2026-08-30T06:18:48.619963509Z,22.603025,113.722732,Cloud to Cloud,-14004,6918,11
2026-08-30T06:18:49.194182368Z,22.660887,113.771119,Cloud to Ground,-13291,0,8
2026-08-30T06:18:49.530058122Z,22.642869,113.767188,Cloud to Ground,26872,0,11
2026-08-30T06:18:49.315128389Z,19.31368,115.70546,Cloud to Cloud,-15684,3011,11
2026-08-30T06:18:49.730023866Z,18.652585,117.179327,Cloud to Cloud,10984,6217,9
2026-08-30T06:18:50.918713528Z,19.182015,114.500633,Cloud to Cloud,-11503,5510,7
2026-08-30T06:18:52.260676422Z,17.57155,114.086696,Cloud to Ground,-44187,0,14
2026-08-30T06:18:52.763752513Z,17.649636,114.092842,Cloud to Cloud,-17618,7025,12
2026-08-30T06:18:52.258746904Z,17.639812,114.027618,Cloud to Ground,8233,0,7
2026-08-30T06:18:52.756416454Z,17.652234,113.987279,Cloud to Ground,8490,0,6
2026-08-30T06:18:52.266214221Z,17.565716,114.098671,Cloud to Cloud,14902,7079,8
2026-08-30T06:18:52.263235401Z,17.581736,114.086223,Cloud to Ground,18321,0,11
2026-08-30T06:18:52.047998448Z,18.613981,117.828336,Cloud to Ground,-14179,0,11
2026-08-30T06:18:52.093847604Z,18.614034,117.826873,Cloud to Ground,-10499,0,7
2026-08-30T06:18:53.672404938Z,18.53365,115.908693,Cloud to Cloud,7140,6111,7
2026-08-30T06:18:55.821007421Z,16.863893,112.658776,Cloud to Ground,20987,0,11
2026-08-30T06:18:55.433206986Z,19.102593,114.292723,Cloud to Cloud,-19310,3052,11
2026-08-30T06:18:55.825567958Z,19.096909,114.311827,Cloud to Ground,-7762,0,7
2026-08-30T06:18:55.428519625Z,19.0934,114.309467,Cloud to Cloud,11069,3024,8
2026-08-30T06:18:55.429204187Z,19.107017,114.301153,Cloud to Ground,21055,0,14
2026-08-30T06:18:55.429881600Z,19.075407,114.268227,Cloud to Ground,22807,0,12
2026-08-30T06:18:59.050537229Z,16.061312,120.372285,Cloud to Cloud,17581,14795,9
2026-08-30T06:19:00.863848019Z,19.191261,114.485109,Cloud to Ground,-18190,0,8
2026-08-30T06:19:01.322571787Z,19.924447,113.838549,Cloud to Cloud,-8956,19157,10
2026-08-30T06:19:01.292236083Z,19.914645,113.749478,Cloud to Ground,12355,0,12
2026-08-30T06:19:01.291473079Z,19.915119,113.829234,Cloud to Ground,24234,0,8
2026-08-30T06:19:02.669043625Z,12.395344,122.014179,Cloud to Cloud,4943,3441,6
2026-08-30T06:19:03.454380730Z,15.834931,130.343565,Cloud to Ground,20050,0,9
2026-08-30T06:19:03.701557000Z,15.7687,130.4278,Cloud to Ground,12487,0,5
2026-08-30T06:19:04.101729911Z,18.729311,116.979624,Cloud to Ground,20140,0,10
2026-08-30T06:19:05.956428421Z,17.784987,114.529812,Cloud to Cloud,-17241,3393,9
2026-08-30T06:19:05.962818777Z,17.782841,114.566484,Cloud to Ground,-14497,0,7
2026-08-30T06:19:05.959670482Z,17.77658,114.558741,Cloud to Ground,15754,0,9
2026-08-30T06:19:05.955854735Z,17.789375,114.560248,Cloud to Ground,30728,0,14
2026-08-30T06:19:05.514218676Z,15.836747,119.908576,Cloud to Cloud,12661,5634,12
2026-08-30T06:19:07.130626695Z,16.880868,112.598557,Cloud to Cloud,10091,3710,10
2026-08-30T06:19:07.111499151Z,16.875449,112.606685,Cloud to Ground,14370,0,9
2026-08-30T06:19:07.567919514Z,16.917594,112.691732,Cloud to Cloud,-9862,3019,6
2026-08-30T06:19:08.352550140Z,5.048313,114.944757,Cloud to Ground,40700,0,14
2026-08-30T06:19:11.513234290Z,19.176118,114.500226,Cloud to Cloud,-6689,3002,5
2026-08-30T06:19:11.716574322Z,19.143847,114.507836,Cloud to Cloud,-5352,6934,7
2026-08-30T06:19:11.497041767Z,19.181961,114.497558,Cloud to Ground,17172,0,14
2026-08-30T06:19:14.921932533Z,19.657665,114.59175,Cloud to Ground,21135,0,8
2026-08-30T06:19:14.920153297Z,19.650135,114.68639,Cloud to Ground,21544,0,8
2026-08-30T06:19:15.158889017Z,19.703798,114.696889,Cloud to Ground,26925,0,11
2026-08-30T06:19:15.789690233Z,19.85148,114.772181,Cloud to Cloud,-17113,6968,13
2026-08-30T06:19:16.057427517Z,19.946178,114.770345,Cloud to Cloud,-5765,5587,7
2026-08-30T06:19:15.837628315Z,19.893317,114.79453,Cloud to Cloud,5810,9265,6
2026-08-30T06:19:15.654576264Z,19.865395,114.753117,Cloud to Cloud,10579,4477,6
2026-08-30T06:19:16.303967107Z,19.328364,115.714216,Cloud to Cloud,7041,7215,7
2026-08-30T06:19:16.665213041Z,19.362939,115.761051,Cloud to Cloud,8353,15978,6
2026-08-30T06:19:17.065197672Z,16.03355,131.018332,Cloud to Ground,-13399,0,12
2026-08-30T06:19:17.192020056Z,16.09392,131.035082,Cloud to Ground,-12603,0,14
2026-08-30T06:19:17.199092135Z,16.080375,131.062131,Cloud to Cloud,11640,6233,13
2026-08-30T06:19:17.057605422Z,16.016201,131.163485,Cloud to Ground,39310,0,12
2026-08-30T06:19:17.431066799Z,16.867935,112.586447,Cloud to Ground,7989,0,9
2026-08-30T06:19:17.414110402Z,16.870632,112.488192,Cloud to Ground,13649,0,8
2026-08-30T06:19:17.391933947Z,16.805479,112.520035,Cloud to Cloud,42976,3020,6
2026-08-30T06:19:19.306128419Z,15.863253,130.334536,Cloud to Ground,25803,0,11
2026-08-30T06:19:21.299396220Z,16.893372,112.687358,Cloud to Cloud,-12425,3025,9
2026-08-30T06:19:21.340195161Z,16.878731,112.602797,Cloud to Cloud,6657,17667,6
2026-08-30T06:19:22.074063066Z,16.849302,132.572692,Cloud to Ground,29408,0,16
2026-08-30T06:19:22.158828823Z,19.170767,114.693864,Cloud to Cloud,-21559,3038,10
2026-08-30T06:19:22.222871976Z,18.509762,117.865506,Cloud to Ground,-50279,0,10
2026-08-30T06:19:22.638960776Z,18.50759,117.870735,Cloud to Ground,-25368,0,8
2026-08-30T06:19:23.051109608Z,22.572719,113.500131,Cloud to Ground,23982,0,12
2026-08-30T06:19:23.041082166Z,22.58559,113.614986,Cloud to Ground,-15118,0,8
2026-08-30T06:19:23.087972689Z,22.550894,113.597131,Cloud to Cloud,13987,3033,8
2026-08-30T06:19:23.479769199Z,19.178967,114.524152,Cloud to Ground,-14463,0,12
2026-08-30T06:19:23.282261450Z,19.17885,114.472174,Cloud to Ground,10226,0,9
2026-08-30T06:19:24.497716022Z,15.283126,130.99635,Cloud to Cloud,33823,6446,13
2026-08-30T06:19:25.091671719Z,17.675829,114.402196,Cloud to Cloud,-9571,3017,10
2026-08-30T06:19:25.072226442Z,17.689454,114.426329,Cloud to Ground,19595,0,10
2026-08-30T06:19:25.074003870Z,17.678228,114.338629,Cloud to Cloud,26006,7704,14
2026-08-30T06:19:28.001867962Z,18.778342,116.153758,Cloud to Ground,20983,0,11
2026-08-30T06:19:27.986173415Z,18.783232,116.153323,Cloud to Ground,26545,0,14
2026-08-30T06:19:27.655671048Z,17.968251,114.780946,Cloud to Cloud,-53199,3123,13
2026-08-30T06:19:27.656510643Z,17.963115,114.776777,Cloud to Ground,-22224,0,12
2026-08-30T06:19:27.561718313Z,16.130432,120.066037,Cloud to Ground,-22973,0,8
2026-08-30T06:19:28.542106098Z,20.080974,113.578711,Cloud to Cloud,-36357,10468,16
2026-08-30T06:19:28.545765091Z,20.071096,113.584766,Cloud to Ground,-11934,0,7
2026-08-30T06:19:28.461370628Z,17.922503,114.808592,Cloud to Cloud,14177,4355,9
2026-08-30T06:19:28.460718752Z,17.89985,114.657791,Cloud to Ground,25786,0,7
2026-08-30T06:19:30.986361456Z,22.557034,113.670794,Cloud to Ground,-44951,0,11
2026-08-30T06:19:30.986887981Z,22.56923,113.656951,Cloud to Ground,-33289,0,10
2026-08-30T06:19:30.793899710Z,22.561041,113.676076,Cloud to Ground,-32048,0,19
2026-08-30T06:19:30.881338870Z,22.568002,113.688919,Cloud to Ground,-29435,0,13
2026-08-30T06:19:30.733991935Z,22.555426,113.678211,Cloud to Ground,-28252,0,16
2026-08-30T06:19:31.269651503Z,22.549372,113.676461,Cloud to Ground,-11753,0,8
2026-08-30T06:19:31.103624604Z,22.5515,113.696603,Cloud to Ground,-8784,0,8
2026-08-30T06:19:31.104362596Z,22.489651,113.673081,Cloud to Cloud,12644,7601,7
2026-08-30T06:19:31.201088000Z,22.6121,113.6603,Cloud to Ground,29219,0,8
2026-08-30T06:19:31.516742331Z,18.464719,117.807252,Cloud to Cloud,5732,6718,7
2026-08-30T06:19:33.421550000Z,18.9584,115.1394,Cloud to Ground,-16732,0,5
2026-08-30T06:19:33.434300399Z,18.910254,115.199555,Cloud to Ground,12186,0,7
2026-08-30T06:19:33.267644734Z,18.408615,117.800347,Cloud to Cloud,4921,10699,6
2026-08-30T06:19:34.714963442Z,19.424924,115.147678,Cloud to Ground,-59630,0,10
2026-08-30T06:19:34.710783404Z,19.43113,115.146645,Cloud to Cloud,-27287,3013,13
2026-08-30T06:19:34.810406169Z,19.432242,115.146044,Cloud to Cloud,-22678,3051,7
2026-08-30T06:19:34.748803013Z,19.444146,115.148982,Cloud to Ground,-22610,0,10
2026-08-30T06:19:34.767246160Z,19.429086,115.154662,Cloud to Ground,-10525,0,6
2026-08-30T06:19:34.732110239Z,19.434039,115.152976,Cloud to Ground,34830,0,10
2026-08-30T06:19:34.838808243Z,19.441857,115.134648,Cloud to Ground,50551,0,15
2026-08-30T06:19:35.708557251Z,18.834682,116.131043,Cloud to Cloud,13703,4030,11
2026-08-30T06:19:35.703241867Z,18.861496,116.22661,Cloud to Ground,16678,0,12
2026-08-30T06:19:35.702131715Z,18.945221,116.239634,Cloud to Cloud,19352,3004,7
2026-08-30T06:19:39.741006651Z,18.902243,118.629955,Cloud to Ground,-11720,0,11
2026-08-30T06:19:40.688984661Z,17.624933,114.143354,Cloud to Cloud,-12675,17132,7
2026-08-30T06:19:40.710971194Z,17.655754,114.147849,Cloud to Cloud,-12235,3040,7
2026-08-30T06:19:40.375179639Z,17.664559,114.200683,Cloud to Cloud,-6845,3000,5
2026-08-30T06:19:40.163094773Z,17.672142,114.052898,Cloud to Cloud,15482,3020,7
2026-08-30T06:19:40.158084297Z,17.666736,114.142846,Cloud to Ground,26651,0,7
2026-08-30T06:19:42.467269772Z,15.83763,130.350627,Cloud to Ground,27066,0,15
2026-08-30T06:19:42.556762243Z,17.788771,114.597698,Cloud to Cloud,-7024,3022,8
2026-08-30T06:19:42.558081747Z,17.798155,114.588122,Cloud to Ground,14328,0,10
2026-08-30T06:19:44.659271893Z,15.852422,119.903122,Cloud to Cloud,6051,18851,6
2026-08-30T06:19:44.843950134Z,15.919775,119.839882,Cloud to Cloud,12998,3002,13
2026-08-30T06:19:44.634972896Z,15.945907,119.822307,Cloud to Ground,20494,0,11
2026-08-30T06:19:44.631043129Z,15.920855,119.844218,Cloud to Cloud,31400,6393,14
2026-08-30T06:19:45.533267200Z,16.899964,112.699917,Cloud to Cloud,-13812,7994,7
2026-08-30T06:19:45.412885050Z,16.888104,112.700093,Cloud to Ground,-11941,0,7
2026-08-30T06:19:45.407434719Z,16.89479,112.697391,Cloud to Cloud,-11839,3085,9
2026-08-30T06:19:45.248822609Z,16.890384,112.614983,Cloud to Cloud,13652,3307,8
2026-08-30T06:19:48.433625650Z,19.113211,114.21608,Cloud to Cloud,6350,4449,7
2026-08-30T06:19:49.351762355Z,17.084856,113.264604,Cloud to Ground,-28258,0,13
2026-08-30T06:19:49.096172166Z,17.128022,113.232061,Cloud to Ground,-21265,0,10
2026-08-30T06:19:49.057668693Z,17.128528,113.236607,Cloud to Ground,-16148,0,7
2026-08-30T06:19:49.062195580Z,17.1272,113.1822,Cloud to Ground,12815,0,10
2026-08-30T06:19:50.674344812Z,18.472824,114.860121,Cloud to Ground,-12105,0,8
2026-08-30T06:19:52.425924291Z,17.497851,120.524213,Cloud to Ground,32080,0,11
2026-08-30T06:19:52.341678725Z,17.434745,120.592477,Cloud to Cloud,13586,12150,11
2026-08-30T06:19:53.817950137Z,19.2003,114.387534,Cloud to Cloud,7274,13201,7
2026-08-30T06:19:53.252189538Z,17.469707,120.533955,Cloud to Cloud,21099,3098,13
2026-08-30T06:19:55.635848800Z,16.257023,132.37318,Cloud to Ground,-29420,0,13
2026-08-30T06:19:55.621256426Z,16.250605,132.372936,Cloud to Ground,21660,0,11
2026-08-30T06:19:55.233585627Z,15.832474,130.371953,Cloud to Cloud,25538,3804,7
2026-08-30T06:19:55.304728430Z,22.597026,113.459695,Cloud to Ground,-29337,0,18
2026-08-30T06:19:55.293529895Z,22.585297,113.634359,Cloud to Cloud,-56242,3216,19
2026-08-30T06:19:55.388372526Z,22.583664,113.671285,Cloud to Cloud,-50684,3028,12
2026-08-30T06:19:55.522685199Z,22.573997,113.667377,Cloud to Ground,-46709,0,12
2026-08-30T06:19:55.772967220Z,22.581695,113.654038,Cloud to Ground,-18213,0,11
2026-08-30T06:19:55.441465136Z,22.579246,113.655512,Cloud to Ground,-16027,0,12
2026-08-30T06:19:55.672685545Z,22.583893,113.650421,Cloud to Ground,-15242,0,7
2026-08-30T06:19:55.751141189Z,22.579576,113.659668,Cloud to Ground,-12612,0,10
2026-08-30T06:19:55.336275943Z,22.573558,113.627176,Cloud to Cloud,15270,3001,7
2026-08-30T06:19:55.942296987Z,22.566476,113.648823,Cloud to Ground,19162,0,12
2026-08-30T06:19:55.953926000Z,14.8615,120.7533,Cloud to Ground,-3799,0,5
2026-08-30T06:19:56.007675334Z,16.052753,130.374683,Cloud to Ground,-50433,0,16
2026-08-30T06:19:56.049029058Z,16.019141,130.42951,Cloud to Cloud,12118,17123,8
2026-08-30T06:19:56.797970980Z,18.795127,115.044675,Cloud to Cloud,-18572,5298,8
2026-08-30T06:19:56.796607477Z,18.786485,115.058102,Cloud to Cloud,-8219,14784,7
2026-08-30T06:19:56.847411021Z,18.746327,114.935717,Cloud to Ground,-8234,0,7
2026-08-30T06:19:57.784841033Z,16.935979,133.070486,Cloud to Ground,-15876,0,12
2026-08-30T06:19:57.769739381Z,16.956773,133.060946,Cloud to Ground,-12276,0,7
2026-08-30T06:19:57.772117184Z,16.948108,133.063662,Cloud to Ground,-11060,0,9
2026-08-30T06:19:57.780313103Z,16.943931,133.063405,Cloud to Ground,-10358,0,7
2026-08-30T06:19:57.790805524Z,16.949895,133.058144,Cloud to Ground,15027,0,7
2026-08-30T06:19:57.269690378Z,18.535295,115.885472,Cloud to Cloud,-24032,3021,10
2026-08-30T06:19:57.265947804Z,18.548035,115.877862,Cloud to Ground,15170,0,13
2026-08-30T06:19:57.276174749Z,18.539363,115.794211,Cloud to Ground,18602,0,9
2026-08-30T06:19:57.279653806Z,18.548811,115.896694,Cloud to Cloud,20338,13265,12
2026-08-30T06:19:57.984020639Z,19.253904,119.37379,Cloud to Ground,-23684,0,18
2026-08-30T06:19:58.696952543Z,19.442309,119.400134,Cloud to Cloud,5541,19220,7
2026-08-30T06:19:58.727410267Z,19.457716,119.361212,Cloud to Cloud,8130,8065,8
2026-08-30T06:19:58.640833269Z,19.365405,119.41605,Cloud to Cloud,15522,3005,8
2026-08-30T06:19:59.014336000Z,18.4981,118.1772,Cloud to Ground,51611,0,8
2026-08-30T06:20:00.468007226Z,18.752577,116.457857,Cloud to Cloud,11563,13096,9
2026-08-30T06:20:01.918716972Z,18.428543,117.842729,Cloud to Cloud,14002,5328,10
2026-08-30T06:20:01.442828888Z,17.339005,120.60341,Cloud to Ground,-12607,0,9
2026-08-30T06:20:02.197366000Z,16.845923,112.656727,Cloud to Ground,-24127,0,8
2026-08-30T06:20:01.624612998Z,16.844438,112.623672,Cloud to Ground,15988,0,9
2026-08-30T06:20:04.387113404Z,16.298451,111.367568,Cloud to Cloud,-15535,3001,9
2026-08-30T06:20:08.202543824Z,17.85818,114.542756,Cloud to Cloud,-20551,3028,12
2026-08-30T06:20:08.187416968Z,17.812926,114.475221,Cloud to Ground,-15234,0,7
2026-08-30T06:20:08.157976986Z,17.840451,114.534653,Cloud to Ground,-8915,0,7
2026-08-30T06:20:08.160486440Z,17.833766,114.537741,Cloud to Ground,9771,0,7
2026-08-30T06:20:08.489168347Z,16.877378,112.745434,Cloud to Ground,-18238,0,10
2026-08-30T06:20:09.486487563Z,17.765705,114.372875,Cloud to Cloud,9452,3006,7
2026-08-30T06:20:09.301592636Z,18.112904,114.133028,Cloud to Ground,-37448,0,11
2026-08-30T06:20:09.292012416Z,18.109492,114.116283,Cloud to Ground,-22104,0,10
2026-08-30T06:20:09.292577329Z,18.109893,114.11356,Cloud to Ground,89247,0,12
2026-08-30T06:20:09.564301627Z,18.050252,113.812361,Cloud to Cloud,-22170,5667,8
2026-08-30T06:20:09.392202000Z,18.0463,113.9945,Cloud to Ground,-56561,0,9
2026-08-30T06:20:09.733544392Z,18.10344,113.986811,Cloud to Cloud,-17377,3021,10
2026-08-30T06:20:09.527780984Z,18.113039,113.992354,Cloud to Ground,25977,0,6
2026-08-30T06:20:09.634466054Z,18.142096,114.005178,Cloud to Ground,40406,0,8
2026-08-30T06:20:11.335355308Z,18.183817,114.185687,Cloud to Cloud,9447,5835,11
2026-08-30T06:20:10.892987046Z,18.186083,114.187618,Cloud to Ground,18580,0,14
2026-08-30T06:20:12.210872386Z,16.159161,120.011591,Cloud to Cloud,-10565,7422,12
2026-08-30T06:20:11.836673042Z,16.066689,120.153263,Cloud to Cloud,6073,3034,6
2026-08-30T06:20:11.711365220Z,16.066015,120.087365,Cloud to Cloud,7260,14793,11
2026-08-30T06:20:11.712374777Z,16.142646,120.077244,Cloud to Cloud,10943,10983,10
2026-08-30T06:20:11.216986974Z,19.185908,114.483805,Cloud to Cloud,-18152,5820,6
2026-08-30T06:20:11.217511280Z,19.173818,114.492912,Cloud to Cloud,-15067,4086,9
2026-08-30T06:20:11.567907243Z,22.505868,113.685866,Cloud to Cloud,-15624,5955,10
2026-08-30T06:20:12.892640988Z,19.53323,119.494206,Cloud to Cloud,5308,18101,7
2026-08-30T06:20:12.900577109Z,19.599301,119.501055,Cloud to Cloud,16500,3012,7
2026-08-30T06:20:15.387429193Z,19.272459,115.436733,Cloud to Ground,-17583,0,10
2026-08-30T06:20:15.016718267Z,19.389579,115.699945,Cloud to Ground,-36290,0,17
2026-08-30T06:20:15.386388995Z,19.377487,115.73768,Cloud to Ground,-16469,0,7
2026-08-30T06:20:14.962333309Z,19.335035,115.673708,Cloud to Cloud,-15633,3044,10
2026-08-30T06:20:14.953067079Z,19.34027,115.666,Cloud to Ground,-10603,0,8
2026-08-30T06:20:14.489682533Z,19.276145,115.66786,Cloud to Cloud,-10340,5036,11
2026-08-30T06:20:16.871467847Z,15.764729,119.861479,Cloud to Cloud,21566,18597,12
2026-08-30T06:20:17.527773855Z,15.827935,130.249139,Cloud to Ground,29659,0,11
2026-08-30T06:20:21.412360226Z,18.860831,116.229721,Cloud to Ground,-16996,0,11
2026-08-30T06:20:21.432760226Z,18.8559,116.229033,Cloud to Ground,-14700,0,8
2026-08-30T06:20:21.413742578Z,18.851314,116.23374,Cloud to Cloud,-8359,3005,9
2026-08-30T06:20:21.421505735Z,18.871048,116.228809,Cloud to Cloud,5338,4494,9
2026-08-30T06:20:21.510527104Z,19.947032,114.193341,Cloud to Cloud,6889,7713,7
2026-08-30T06:20:21.526955237Z,19.929774,114.227153,Cloud to Ground,10942,0,7
2026-08-30T06:20:21.513631653Z,19.935075,114.19925,Cloud to Cloud,21230,3005,7
2026-08-30T06:20:22.055501413Z,18.492939,118.133125,Cloud to Ground,13907,0,9
2026-08-30T06:20:22.090990181Z,19.648494,114.698611,Cloud to Cloud,11915,6383,9
2026-08-30T06:20:24.596070774Z,19.174971,114.48306,Cloud to Cloud,-8440,3014,6
2026-08-30T06:20:26.510168581Z,18.0334,114.856135,Cloud to Ground,-8065,0,8
2026-08-30T06:20:26.493957000Z,18.0322,114.8355,Cloud to Ground,30872,0,7
2026-08-30T06:20:26.879654819Z,16.852746,112.585584,Cloud to Cloud,-6035,3976,6
2026-08-30T06:20:27.023078747Z,16.86172,112.537235,Cloud to Cloud,7403,5163,8
2026-08-30T06:20:26.951265038Z,16.856378,112.541051,Cloud to Ground,13069,0,10
2026-08-30T06:20:27.477380247Z,15.398537,120.419547,Cloud to Cloud,15558,3007,12
2026-08-30T06:20:28.238230601Z,19.341482,115.776601,Cloud to Cloud,-7529,7991,7
2026-08-30T06:20:28.134269216Z,19.332658,115.764209,Cloud to Cloud,4595,3014,6
2026-08-30T06:20:28.085310158Z,19.346133,115.702435,Cloud to Ground,7803,0,8
2026-08-30T06:20:29.408550570Z,18.5154,117.972955,Cloud to Cloud,-13415,14216,10
2026-08-30T06:20:29.280265326Z,18.458578,117.906647,Cloud to Ground,15336,0,7
2026-08-30T06:20:29.317400766Z,18.567768,117.92724,Cloud to Cloud,16135,3052,7
2026-08-30T06:20:29.329171440Z,18.471246,117.894831,Cloud to Cloud,16441,6750,7
2026-08-30T06:20:29.284482680Z,18.570399,117.927377,Cloud to Ground,20173,0,7
2026-08-30T06:20:30.675045182Z,19.407165,115.024166,Cloud to Ground,19604,0,8
2026-08-30T06:20:30.570432358Z,19.403348,115.172996,Cloud to Ground,-77836,0,12
2026-08-30T06:20:30.794255614Z,19.414809,115.152672,Cloud to Cloud,-56922,3008,19
2026-08-30T06:20:30.659978665Z,19.396255,115.135407,Cloud to Ground,-37383,0,10
2026-08-30T06:20:30.579474518Z,19.418255,115.161842,Cloud to Ground,-15778,0,6
2026-08-30T06:20:30.577309877Z,19.424016,115.163587,Cloud to Cloud,-14372,3259,7
2026-08-30T06:20:30.817618644Z,19.376004,115.123763,Cloud to Cloud,-14347,18413,7
2026-08-30T06:20:30.638777609Z,19.390654,115.153634,Cloud to Cloud,-14302,5951,8
2026-08-30T06:20:30.663748647Z,19.394948,115.13813,Cloud to Cloud,19498,4181,7
2026-08-30T06:20:30.636911000Z,19.441,115.1694,Cloud to Ground,30458,0,6
2026-08-30T06:20:31.017135509Z,17.740993,114.195802,Cloud to Ground,-32258,0,11
2026-08-30T06:20:30.733917485Z,17.692826,114.171759,Cloud to Ground,-17547,0,11
2026-08-30T06:20:30.727206289Z,17.693324,114.165721,Cloud to Ground,13573,0,9
2026-08-30T06:20:30.729557000Z,17.6516,114.1973,Cloud to Ground,34795,0,5
2026-08-30T06:20:31.470151779Z,14.79474,120.789044,Cloud to Cloud,4786,13191,7
2026-08-30T06:20:31.699731978Z,19.158033,114.495697,Cloud to Ground,-14550,0,10
2026-08-30T06:20:33.281489100Z,17.537869,114.165554,Cloud to Cloud,-47724,4200,7
2026-08-30T06:20:36.626291147Z,16.894383,112.69962,Cloud to Ground,-14087,0,6
2026-08-30T06:20:36.686432500Z,16.876627,112.626929,Cloud to Ground,9769,0,8
2026-08-30T06:20:37.975409938Z,17.750689,114.631936,Cloud to Ground,10693,0,8
2026-08-30T06:20:37.974023954Z,17.795198,114.60366,Cloud to Ground,19888,0,12
2026-08-30T06:20:37.489998593Z,19.195277,114.498386,Cloud to Cloud,-10513,7869,9
2026-08-30T06:20:39.384327337Z,15.928227,119.848768,Cloud to Cloud,-9818,7433,5
2026-08-30T06:20:39.204344029Z,15.9234,119.854649,Cloud to Cloud,7473,14979,7
2026-08-30T06:20:40.619255909Z,18.933958,115.294586,Cloud to Cloud,-20291,3012,10
2026-08-30T06:20:40.210225086Z,18.930462,115.128429,Cloud to Ground,10812,0,8
2026-08-30T06:20:41.756318737Z,22.063175,111.191071,Cloud to Ground,12433,0,7
2026-08-30T06:20:41.764554888Z,21.547049,111.998873,Cloud to Ground,-29938,0,16
2026-08-30T06:20:42.033150162Z,21.547169,112.001778,Cloud to Cloud,-11072,3457,8
2026-08-30T06:20:41.947429466Z,21.585013,111.934799,Cloud to Cloud,-8617,3051,6
2026-08-30T06:20:41.762463012Z,21.519291,112.020313,Cloud to Cloud,23883,7565,9
2026-08-30T06:20:43.812413006Z,17.691147,114.423912,Cloud to Cloud,-12064,15970,11
2026-08-30T06:20:43.928506906Z,17.679181,114.428409,Cloud to Ground,-11952,0,9
2026-08-30T06:20:43.961345480Z,17.650835,114.396677,Cloud to Cloud,-8583,3970,6
2026-08-30T06:20:43.838634189Z,17.638124,114.349727,Cloud to Ground,12051,0,9
2026-08-30T06:20:43.804467634Z,17.684212,114.354453,Cloud to Ground,14403,0,6
2026-08-30T06:20:43.803390327Z,17.700789,114.431525,Cloud to Ground,25517,0,13
2026-08-30T06:20:43.806066000Z,17.7245,114.4776,Cloud to Ground,96856,0,6
2026-08-30T06:20:45.332994222Z,19.120621,114.204851,Cloud to Ground,-8134,0,10
2026-08-30T06:20:45.511974399Z,19.129161,114.201135,Cloud to Cloud,-7168,16287,8
2026-08-30T06:20:46.182847485Z,4.958354,114.942238,Cloud to Ground,20169,0,9
2026-08-30T06:20:45.931552833Z,4.92879,114.954907,Cloud to Ground,33563,0,12
2026-08-30T06:20:46.030435055Z,4.95757,114.941081,Cloud to Ground,42561,0,8
2026-08-30T06:20:46.521855514Z,21.658384,112.239416,Cloud to Cloud,26286,7509,13
2026-08-30T06:20:46.512404000Z,21.6273,112.3522,Cloud to Ground,46729,0,7
2026-08-30T06:20:47.553280184Z,19.184021,114.511374,Cloud to Cloud,-17791,3135,11
2026-08-30T06:20:47.202442257Z,19.204258,114.515307,Cloud to Ground,-12396,0,7
2026-08-30T06:20:47.689293728Z,19.229714,114.409226,Cloud to Cloud,-15009,3014,11
2026-08-30T06:20:48.728240138Z,22.538358,113.673675,Cloud to Ground,-56496,0,14
2026-08-30T06:20:48.800396401Z,22.541375,113.670423,Cloud to Ground,-46677,0,18
2026-08-30T06:20:49.347839000Z,22.5251,113.6316,Cloud to Ground,24320,0,10
2026-08-30T06:20:49.214836369Z,20.094703,113.583299,Cloud to Ground,34494,0,10
2026-08-30T06:20:53.727902192Z,18.904055,118.73444,Cloud to Cloud,-8203,15927,8
2026-08-30T06:20:53.698240650Z,18.834093,118.719775,Cloud to Cloud,-6392,16106,8
2026-08-30T06:20:53.897993016Z,18.884281,118.738365,Cloud to Cloud,12585,17075,9
2026-08-30T06:20:54.459104258Z,19.191375,114.513219,Cloud to Cloud,-14551,9150,8
2026-08-30T06:20:55.003581559Z,16.161863,120.266077,Cloud to Cloud,-10194,4016,8
2026-08-30T06:20:57.800637784Z,18.854868,116.226078,Cloud to Cloud,-9695,3083,9
2026-08-30T06:20:57.760656332Z,18.865696,116.234736,Cloud to Cloud,-6991,17212,7
2026-08-30T06:20:57.675790661Z,18.869077,116.232843,Cloud to Ground,16349,0,8
2026-08-30T06:20:57.705468132Z,18.855171,116.237679,Cloud to Cloud,16676,6500,9
2026-08-30T06:20:59.367970851Z,15.953324,131.474015,Cloud to Ground,-19968,0,10
2026-08-30T06:20:59.364067066Z,15.940907,131.496068,Cloud to Ground,42302,0,14
2026-08-30T06:20:59.200898335Z,15.980122,130.69982,Cloud to Cloud,-16473,18560,7
2026-08-30T06:20:59.126680472Z,15.923444,130.676251,Cloud to Ground,-13589,0,8
2026-08-30T06:20:59.756312446Z,17.081963,126.943476,Cloud to Cloud,-14248,5979,8
2026-08-30T06:20:59.758355288Z,17.055961,126.952585,Cloud to Ground,21910,0,8
2026-08-30T06:20:59.757077168Z,17.016116,126.976479,Cloud to Ground,32076,0,12
2026-08-30T06:20:59.730866287Z,18.509006,117.829043,Cloud to Ground,22677,0,12
2026-08-30T06:20:59.306759249Z,19.410956,115.149385,Cloud to Cloud,11938,5259,9
2026-08-30T06:20:59.288221789Z,19.344953,115.652802,Cloud to Cloud,-16142,15442,12
2026-08-30T06:20:59.747548311Z,22.962517,113.569218,Cloud to Cloud,-16873,3034,10
2026-08-30T06:20:59.740881998Z,22.944992,113.579578,Cloud to Ground,19653,0,8
2026-08-30T06:21:00.547608002Z,18.653597,117.762448,Cloud to Ground,-11093,0,8
2026-08-30T06:21:00.709656015Z,18.638287,117.74905,Cloud to Cloud,11181,11523,11
2026-08-30T06:21:00.529553537Z,18.626323,117.76033,Cloud to Ground,72319,0,8
2026-08-30T06:21:02.036118054Z,18.929193,115.416366,Cloud to Ground,49605,0,12
2026-08-30T06:21:02.262422220Z,19.049755,115.483347,Cloud to Ground,-20114,0,9
2026-08-30T06:21:02.757184938Z,21.507457,112.672095,Cloud to Cloud,-28141,3026,12
2026-08-30T06:21:02.734946521Z,21.504402,112.663812,Cloud to Ground,24412,0,7
2026-08-30T06:21:04.092080339Z,15.865512,130.402341,Cloud to Cloud,13312,3017,8
2026-08-30T06:21:04.059237482Z,15.847123,130.372605,Cloud to Cloud,17977,11650,8
2026-08-30T06:21:03.968060971Z,15.864128,130.368813,Cloud to Ground,24721,0,11
2026-08-30T06:21:04.057723000Z,15.8465,130.4211,Cloud to Ground,26093,0,10
2026-08-30T06:21:04.662753921Z,18.625047,115.41932,Cloud to Cloud,-12587,18895,9
2026-08-30T06:21:04.630080670Z,18.636101,115.401223,Cloud to Cloud,-12325,13959,7
2026-08-30T06:21:04.913513908Z,18.545412,115.876478,Cloud to Cloud,-18402,4216,7
2026-08-30T06:21:04.904555994Z,18.547953,115.879049,Cloud to Ground,26960,0,9
2026-08-30T06:21:04.695201388Z,16.867891,112.619993,Cloud to Ground,16776,0,7
2026-08-30T06:21:08.759464644Z,19.179101,114.513107,Cloud to Cloud,-15229,7576,11
2026-08-30T06:21:09.945508169Z,18.854648,115.056529,Cloud to Cloud,-12616,4784,19
2026-08-30T06:21:10.186489000Z,18.8789,115.2651,Cloud to Ground,-35244,0,10
2026-08-30T06:21:10.120818552Z,18.818317,115.272887,Cloud to Cloud,-10195,11841,7
2026-08-30T06:21:11.305456982Z,18.695775,115.06508,Cloud to Cloud,-15655,3108,10
2026-08-30T06:21:11.299647021Z,18.707487,115.07252,Cloud to Cloud,15548,11610,7
2026-08-30T06:21:11.301341191Z,18.703743,115.071108,Cloud to Ground,16617,0,8
2026-08-30T06:21:11.310250422Z,17.112651,113.228742,Cloud to Ground,18929,0,9
2026-08-30T06:21:11.314000219Z,17.101844,113.228734,Cloud to Ground,78060,0,7
2026-08-30T06:21:13.194022221Z,19.114146,114.331186,Cloud to Cloud,-16128,6675,9
2026-08-30T06:21:13.200610360Z,19.116643,114.323635,Cloud to Cloud,-14807,13239,10
2026-08-30T06:21:13.192190496Z,19.132969,114.304094,Cloud to Ground,16472,0,8
2026-08-30T06:21:14.408409680Z,15.825666,130.342531,Cloud to Ground,37811,0,9
2026-08-30T06:21:14.230187875Z,17.550482,114.039181,Cloud to Ground,14687,0,7
2026-08-30T06:21:14.509933534Z,17.656464,114.127914,Cloud to Ground,18925,0,7
2026-08-30T06:21:14.873447000Z,19.8559,114.36,Cloud to Ground,19310,0,7
2026-08-30T06:21:15.645939051Z,17.197329,113.287983,Cloud to Ground,8859,0,7
2026-08-30T06:21:15.640739307Z,17.198961,113.404195,Cloud to Ground,31487,0,7
2026-08-30T06:21:15.641178299Z,17.291929,113.399617,Cloud to Ground,-34292,0,22
2026-08-30T06:21:17.622817584Z,19.190383,114.497707,Cloud to Cloud,-15746,19737,8
2026-08-30T06:21:17.967978003Z,19.176613,114.5127,Cloud to Cloud,-12843,6150,8
2026-08-30T06:21:17.207433574Z,16.269867,111.238311,Cloud to Cloud,-14680,7687,7
2026-08-30T06:21:18.048346321Z,16.547802,120.194226,Cloud to Cloud,10464,6657,7
2026-08-30T06:21:18.352307352Z,16.671667,120.239811,Cloud to Cloud,-10187,6733,8
2026-08-30T06:21:20.571766374Z,18.732458,116.869165,Cloud to Ground,39945,0,16
2026-08-30T06:21:21.734670573Z,17.961515,114.885154,Cloud to Ground,-18740,0,6
2026-08-30T06:21:21.594878367Z,17.950715,114.763979,Cloud to Ground,-10781,0,6
2026-08-30T06:21:21.446053547Z,17.980192,114.736803,Cloud to Ground,70639,0,16
2026-08-30T06:21:22.266213434Z,22.65166,113.695179,Cloud to Ground,-72939,0,18
2026-08-30T06:21:23.039719723Z,19.196821,114.533948,Cloud to Cloud,28558,3023,15
2026-08-30T06:21:24.547485972Z,18.619942,115.694139,Cloud to Cloud,-28373,3202,10
2026-08-30T06:21:24.674773343Z,19.406826,115.160881,Cloud to Cloud,-22424,3016,7
2026-08-30T06:21:25.762165904Z,19.189387,114.508786,Cloud to Cloud,-24635,3081,12
2026-08-30T06:21:25.798545291Z,19.188061,114.518394,Cloud to Cloud,-13646,3804,8
2026-08-30T06:21:25.531548290Z,19.165075,114.513895,Cloud to Ground,-10110,0,7
2026-08-30T06:21:25.807632810Z,19.194752,114.472915,Cloud to Cloud,-9780,18315,8
2026-08-30T06:21:25.642025031Z,19.179812,114.344321,Cloud to Ground,-7885,0,7
2026-08-30T06:21:27.764260738Z,19.340202,115.703843,Cloud to Cloud,-18682,3002,8
2026-08-30T06:21:27.454397843Z,19.299062,115.73382,Cloud to Cloud,-7381,3005,7
2026-08-30T06:21:28.985927125Z,18.729535,120.307857,Cloud to Ground,-33742,0,16
2026-08-30T06:21:29.346155062Z,15.748183,119.85737,Cloud to Cloud,-21220,3006,7
2026-08-30T06:21:30.253458007Z,15.796168,130.300162,Cloud to Ground,37690,0,9
2026-08-30T06:21:31.139528000Z,16.002354,130.272172,Cloud to Cloud,-29881,9108,24
2026-08-30T06:21:31.234779484Z,15.94946,130.330387,Cloud to Ground,-22839,0,12
2026-08-30T06:21:31.273900483Z,15.967584,130.331666,Cloud to Ground,16385,0,8
2026-08-30T06:21:31.382811394Z,18.569287,115.983333,Cloud to Cloud,9574,4971,8
2026-08-30T06:21:31.889396013Z,16.911871,112.704617,Cloud to Ground,-18010,0,12
2026-08-30T06:21:32.075129494Z,16.901359,112.701638,Cloud to Ground,-17840,0,10
2026-08-30T06:21:32.106808352Z,16.945987,112.773874,Cloud to Ground,13972,0,6
2026-08-30T06:21:33.631016620Z,16.957337,112.942002,Cloud to Cloud,-206875,17764,17
2026-08-30T06:21:33.653692236Z,16.934249,112.864313,Cloud to Ground,24980,0,7
2026-08-30T06:21:33.957107000Z,16.9476,112.9086,Cloud to Ground,45648,0,10
2026-08-30T06:21:33.387103915Z,19.220502,114.406728,Cloud to Cloud,-12076,4439,8
2026-08-30T06:21:33.372953678Z,19.218914,114.382905,Cloud to Ground,23691,0,9
2026-08-30T06:21:34.154411452Z,15.807145,130.329246,Cloud to Ground,-21997,0,9
2026-08-30T06:21:35.708107514Z,19.235211,114.330927,Cloud to Ground,15348,0,7
2026-08-30T06:21:35.549946972Z,19.429,115.100798,Cloud to Cloud,-19712,3138,10
2026-08-30T06:21:36.128237997Z,18.881604,116.231309,Cloud to Cloud,-23514,3130,12
2026-08-30T06:21:37.516950568Z,16.193418,120.631578,Cloud to Ground,21244,0,12
2026-08-30T06:21:37.065568085Z,18.699701,117.031794,Cloud to Ground,-7721,0,7
2026-08-30T06:21:38.663352521Z,19.185608,114.521519,Cloud to Cloud,-15708,4618,8
2026-08-30T06:21:38.601725985Z,19.182828,114.526393,Cloud to Ground,-15657,0,12
2026-08-30T06:21:39.994311649Z,17.834036,114.666663,Cloud to Ground,-20078,0,9
2026-08-30T06:21:39.905251197Z,16.04584,120.099565,Cloud to Ground,28882,0,9
2026-08-30T06:21:40.559837695Z,16.274244,120.052874,Cloud to Cloud,12943,19197,7
2026-08-30T06:21:40.017074505Z,16.126325,120.04991,Cloud to Cloud,-12571,11674,7
2026-08-30T06:21:40.558391678Z,16.190872,120.138992,Cloud to Cloud,11467,19786,12
2026-08-30T06:21:39.864306647Z,16.138579,120.065826,Cloud to Ground,20420,0,11
2026-08-30T06:21:39.866756000Z,16.1337,120.0434,Cloud to Ground,58511,0,6
2026-08-30T06:21:40.008055572Z,16.130202,120.062198,Cloud to Ground,102903,0,13
2026-08-30T06:21:41.804273705Z,4.949203,114.941555,Cloud to Ground,17570,0,7
2026-08-30T06:21:41.674958359Z,5.0147,114.960484,Cloud to Ground,48777,0,11
2026-08-30T06:21:41.569355479Z,18.862821,116.36059,Cloud to Ground,-18539,0,10
2026-08-30T06:21:42.874849000Z,19.6864,114.7545,Cloud to Ground,-38591,0,11
2026-08-30T06:21:42.909195157Z,19.717225,114.832671,Cloud to Ground,24761,0,7
2026-08-30T06:21:43.646227636Z,15.802456,130.413706,Cloud to Cloud,13220,16600,6
2026-08-30T06:21:43.723634905Z,15.763835,130.425199,Cloud to Ground,23374,0,9
2026-08-30T06:21:43.787238245Z,15.791743,130.422981,Cloud to Ground,27369,0,15
2026-08-30T06:21:43.535508000Z,15.7552,130.3207,Cloud to Ground,13350,0,7
2026-08-30T06:21:44.600214253Z,19.179979,114.525311,Cloud to Ground,19715,0,10
2026-08-30T06:21:45.975336393Z,15.94378,131.567685,Cloud to Ground,-30559,0,12
2026-08-30T06:21:45.979497135Z,15.960886,131.456181,Cloud to Cloud,-20351,7448,10
2026-08-30T06:21:45.978834743Z,15.987063,131.507167,Cloud to Cloud,-15879,3323,16
2026-08-30T06:21:45.996761620Z,16.000886,131.498886,Cloud to Cloud,-13478,7938,8
2026-08-30T06:21:45.974471542Z,15.938133,131.55543,Cloud to Ground,33436,0,14
