timestamp,latitude,longitude,type,amplitude_ka,height_m,num_sensors
2026-08-31T01:18:00.282938775Z,15.898751,130.183078,Cloud to Cloud,11212,18826,10
2026-08-31T01:18:00.812497733Z,15.905974,130.174498,Cloud to Cloud,13996,3015,9
2026-08-31T01:18:00.329973505Z,15.901961,130.179642,Cloud to Ground,44988,0,10
2026-08-31T01:18:00.359135398Z,15.875467,129.983244,Cloud to Cloud,-8888,3000,10
2026-08-31T01:18:00.023582000Z,15.9068,130.0722,Cloud to Ground,25979,0,9
2026-08-31T01:18:01.833948994Z,18.659484,115.243217,Cloud to Cloud,7666,3061,6
2026-08-31T01:18:01.837221508Z,18.550386,115.292929,Cloud to Ground,6342,0,6
2026-08-31T01:18:01.835523688Z,18.568803,115.266443,Cloud to Ground,16339,0,7
2026-08-31T01:18:02.204263979Z,15.972466,129.520798,Cloud to Cloud,-7018,3425,7
2026-08-31T01:18:02.167121870Z,19.118838,117.674522,Cloud to Cloud,10968,17382,8
2026-08-31T01:18:08.054468350Z,16.330432,129.390143,Cloud to Ground,-31024,0,14
2026-08-31T01:18:08.100275405Z,16.26956,129.462409,Cloud to Ground,-20007,0,11
2026-08-31T01:18:08.155924966Z,16.236471,129.512971,Cloud to Cloud,-16105,5860,9
2026-08-31T01:18:08.155185939Z,16.315016,129.383435,Cloud to Cloud,-15632,18928,16
2026-08-31T01:18:08.124313173Z,16.26931,129.45462,Cloud to Cloud,-9563,4581,10
2026-08-31T01:18:09.939293193Z,19.244088,116.448043,Cloud to Ground,57534,0,9
2026-08-31T01:18:11.333579477Z,16.009376,130.019994,Cloud to Cloud,15627,3044,9
2026-08-31T01:18:11.392040000Z,16.2022,130.0139,Cloud to Ground,-6953,0,5
2026-08-31T01:18:12.073610201Z,18.426112,114.384437,Cloud to Cloud,-45174,3007,15
2026-08-31T01:18:12.125735670Z,18.424043,114.386784,Cloud to Ground,-43787,0,11
2026-08-31T01:18:12.316315567Z,18.42325,114.385157,Cloud to Cloud,-11321,3175,12
2026-08-31T01:18:12.307037722Z,18.431622,114.328688,Cloud to Cloud,12021,8284,9
2026-08-31T01:18:12.309385094Z,18.43277,114.326432,Cloud to Ground,23925,0,7
2026-08-31T01:18:12.326253212Z,18.445096,114.420528,Cloud to Ground,25724,0,13
2026-08-31T01:18:13.565179086Z,17.249312,134.940379,Cloud to Ground,-14107,0,12
2026-08-31T01:18:13.693935522Z,18.905458,116.143583,Cloud to Cloud,-8854,5872,10
2026-08-31T01:18:13.693276598Z,18.907468,116.149862,Cloud to Ground,16560,0,11
2026-08-31T01:18:15.336777067Z,14.204518,134.842336,Cloud to Ground,-9868,0,7
2026-08-31T01:18:16.027850811Z,16.360504,129.123615,Cloud to Cloud,6460,16782,7
2026-08-31T01:18:15.693741126Z,16.412748,129.156422,Cloud to Cloud,12460,18583,11
2026-08-31T01:18:15.771159648Z,16.379788,129.260337,Cloud to Ground,-14690,0,8
2026-08-31T01:18:16.038618478Z,16.379072,129.298989,Cloud to Cloud,-9436,11745,9
2026-08-31T01:18:16.042802693Z,16.38632,129.258304,Cloud to Cloud,5458,3038,6
2026-08-31T01:18:15.747859179Z,16.382842,129.263549,Cloud to Ground,12677,0,8
2026-08-31T01:18:16.022665711Z,16.340112,129.273838,Cloud to Ground,19606,0,15
2026-08-31T01:18:15.729753523Z,16.384237,129.275145,Cloud to Ground,22517,0,14
2026-08-31T01:18:14.934453582Z,19.088471,117.380362,Cloud to Cloud,-12979,6198,8
2026-08-31T01:18:15.296881274Z,19.147929,117.333244,Cloud to Ground,12623,0,9
2026-08-31T01:18:15.129547472Z,18.774226,115.811212,Cloud to Cloud,-15777,18864,7
2026-08-31T01:18:15.217495763Z,18.773517,115.814281,Cloud to Ground,15660,0,13
2026-08-31T01:18:15.468803797Z,19.628144,120.509033,Cloud to Cloud,9903,10612,7
2026-08-31T01:18:15.002346237Z,17.757959,111.659908,Cloud to Ground,-13126,0,7
2026-08-31T01:18:16.419455054Z,16.210545,129.19205,Cloud to Ground,10102,0,8
2026-08-31T01:18:17.921566972Z,16.261697,129.478495,Cloud to Ground,-12980,0,7
2026-08-31T01:18:17.602759292Z,16.5028,128.748382,Cloud to Cloud,-10914,8276,9
2026-08-31T01:18:18.990990332Z,14.205086,134.993469,Cloud to Ground,-9985,0,10
2026-08-31T01:18:18.507769220Z,15.964521,130.146879,Cloud to Cloud,-14116,4745,10
2026-08-31T01:18:18.665300385Z,16.072206,130.109298,Cloud to Cloud,-7866,17110,15
2026-08-31T01:18:18.700818428Z,18.398656,114.635367,Cloud to Cloud,-22150,4928,12
2026-08-31T01:18:18.702821971Z,18.390772,114.552219,Cloud to Ground,10869,0,8
2026-08-31T01:18:18.700376640Z,18.382306,114.551171,Cloud to Ground,16648,0,11
2026-08-31T01:18:18.701506715Z,18.394778,114.562878,Cloud to Ground,29029,0,7
2026-08-31T01:18:19.891352507Z,15.959574,130.331943,Cloud to Cloud,-12425,3046,9
2026-08-31T01:18:20.372755249Z,14.110881,134.935519,Cloud to Ground,-16063,0,11
2026-08-31T01:18:22.030758562Z,15.951808,130.221534,Cloud to Cloud,9967,7467,8
2026-08-31T01:18:21.951795780Z,15.95903,130.162105,Cloud to Ground,20542,0,15
2026-08-31T01:18:21.992646965Z,15.939786,130.203587,Cloud to Cloud,33881,7099,10
2026-08-31T01:18:22.076588200Z,15.946705,130.017324,Cloud to Cloud,-11199,16971,12
2026-08-31T01:18:23.166360407Z,16.303064,129.205343,Cloud to Ground,12966,0,9
2026-08-31T01:18:23.842786017Z,16.842664,128.437899,Cloud to Ground,32921,0,13
2026-08-31T01:18:23.237909255Z,16.299746,129.3209,Cloud to Cloud,-13657,13620,7
2026-08-31T01:18:23.526067030Z,16.293961,129.335356,Cloud to Cloud,5507,3036,7
2026-08-31T01:18:25.976841847Z,8.919911,118.244303,Cloud to Ground,25626,0,11
2026-08-31T01:18:25.708333282Z,16.087996,130.397049,Cloud to Cloud,-19621,14740,16
2026-08-31T01:18:26.096795254Z,8.831169,118.275844,Cloud to Ground,-5855,0,7
2026-08-31T01:18:26.216670091Z,14.382893,132.280062,Cloud to Ground,15447,0,10
2026-08-31T01:18:26.295684823Z,14.385637,132.390394,Cloud to Cloud,-10961,6129,7
2026-08-31T01:18:30.970936469Z,8.674273,118.238579,Cloud to Ground,-21099,0,9
2026-08-31T01:18:30.937193344Z,8.670441,118.232978,Cloud to Ground,-17469,0,13
2026-08-31T01:18:34.345995399Z,16.08264,130.265223,Cloud to Cloud,-10278,3030,11
2026-08-31T01:18:33.883294699Z,16.02764,130.202297,Cloud to Ground,-9547,0,18
2026-08-31T01:18:33.431413787Z,17.234749,127.480363,Cloud to Cloud,-9242,7461,8
2026-08-31T01:18:33.798790162Z,17.235029,127.530047,Cloud to Cloud,-7724,3060,9
2026-08-31T01:18:33.273969031Z,17.349286,127.407613,Cloud to Cloud,-13508,3114,7
2026-08-31T01:18:33.024321387Z,17.351478,127.325308,Cloud to Cloud,16246,6559,12
2026-08-31T01:18:33.616703013Z,15.991005,129.695951,Cloud to Cloud,9190,7052,8
2026-08-31T01:18:34.545667584Z,15.780572,130.277197,Cloud to Cloud,21599,9909,7
2026-08-31T01:18:34.562574733Z,15.947388,130.251085,Cloud to Cloud,-24527,3027,16
2026-08-31T01:18:34.544861574Z,15.893776,130.254671,Cloud to Cloud,-13842,6921,9
2026-08-31T01:18:34.961829328Z,15.997484,130.20003,Cloud to Cloud,-11915,10597,6
2026-08-31T01:18:34.872345813Z,15.948599,130.161945,Cloud to Cloud,-7251,16932,14
2026-08-31T01:18:35.833519380Z,14.409182,132.610524,Cloud to Cloud,15636,5790,11
2026-08-31T01:18:43.656277776Z,15.46214,131.579126,Cloud to Cloud,-10410,19732,14
2026-08-31T01:18:46.257411145Z,19.743607,120.620559,Cloud to Cloud,13786,7208,15
2026-08-31T01:18:46.182298697Z,19.763446,120.681751,Cloud to Ground,23860,0,9
2026-08-31T01:18:47.991988056Z,16.058085,130.10484,Cloud to Ground,-24702,0,11
2026-08-31T01:18:47.993337158Z,16.025633,130.103571,Cloud to Ground,22142,0,9
2026-08-31T01:18:47.539080674Z,15.984808,129.669818,Cloud to Cloud,-9477,19750,6
2026-08-31T01:18:50.399992681Z,14.143911,134.760611,Cloud to Ground,-15990,0,15
2026-08-31T01:18:51.815460100Z,14.213989,134.616403,Cloud to Ground,-12052,0,9
2026-08-31T01:18:51.085084000Z,14.1586,134.7509,Cloud to Ground,-10637,0,6
2026-08-31T01:18:50.421140936Z,14.152371,134.754903,Cloud to Ground,-10362,0,12
2026-08-31T01:18:51.319216011Z,14.175608,134.677173,Cloud to Ground,11133,0,10
2026-08-31T01:18:51.072803671Z,14.153836,134.753409,Cloud to Cloud,12731,16895,7
2026-08-31T01:18:50.278807646Z,17.55261,120.348302,Cloud to Cloud,14637,19155,10
2026-08-31T01:18:51.437262064Z,14.127964,134.533207,Cloud to Ground,-29732,0,14
2026-08-31T01:18:51.477633655Z,14.083359,134.574167,Cloud to Ground,-14021,0,14
2026-08-31T01:18:51.431148003Z,14.08404,134.577545,Cloud to Ground,-13495,0,11
2026-08-31T01:18:52.790781357Z,16.004191,130.476734,Cloud to Ground,-23653,0,7
2026-08-31T01:18:53.117661305Z,15.981158,130.455109,Cloud to Ground,-12330,0,9
2026-08-31T01:18:53.918936683Z,15.932609,130.163858,Cloud to Ground,-20323,0,12
2026-08-31T01:18:53.913991522Z,15.957848,130.155693,Cloud to Ground,-11711,0,6
2026-08-31T01:18:53.976109715Z,15.951253,130.160829,Cloud to Cloud,-7134,5988,11
2026-08-31T01:18:54.416793319Z,15.961269,130.168664,Cloud to Cloud,-6612,5347,5
2026-08-31T01:18:53.671165193Z,18.765444,115.790201,Cloud to Cloud,14415,9284,9
2026-08-31T01:18:54.703759096Z,13.939701,134.112466,Cloud to Ground,-14587,0,12
2026-08-31T01:18:54.705806020Z,13.867351,134.171462,Cloud to Ground,-11992,0,11
2026-08-31T01:18:54.735142646Z,13.929486,134.142512,Cloud to Ground,10780,0,10
2026-08-31T01:18:56.048931111Z,15.974295,129.715215,Cloud to Ground,12921,0,8
2026-08-31T01:18:56.810788074Z,16.554818,128.848922,Cloud to Cloud,21129,15006,8
2026-08-31T01:18:57.614690915Z,8.849369,118.23846,Cloud to Cloud,-10627,13485,8
2026-08-31T01:18:57.654587195Z,14.453168,132.448609,Cloud to Cloud,-11143,6139,20
2026-08-31T01:18:58.209519919Z,14.180375,134.933405,Cloud to Ground,14860,0,12
2026-08-31T01:18:58.303167357Z,14.170203,134.947305,Cloud to Ground,22161,0,17
2026-08-31T01:18:57.827830564Z,14.171895,134.945256,Cloud to Ground,37329,0,24
2026-08-31T01:18:57.219774764Z,15.908727,129.804452,Cloud to Cloud,19869,3003,8
2026-08-31T01:18:58.277599969Z,14.585669,132.766862,Cloud to Ground,10666,0,7
2026-08-31T01:18:58.609131038Z,17.194729,127.339261,Cloud to Cloud,12286,3146,9
2026-08-31T01:18:58.613565231Z,17.133172,127.454486,Cloud to Cloud,-13160,7075,8
2026-08-31T01:18:58.608384739Z,17.144404,127.471491,Cloud to Cloud,9820,4552,8
2026-08-31T01:18:58.918282000Z,17.267051,127.167043,Cloud to Cloud,-23726,6155,10
2026-08-31T01:18:59.130734528Z,16.883353,128.136936,Cloud to Ground,-28090,0,12
2026-08-31T01:18:59.333738480Z,18.780462,115.84305,Cloud to Cloud,-25470,3014,12
2026-08-31T01:19:00.054945479Z,18.994022,118.012065,Cloud to Ground,-26482,0,12
2026-08-31T01:19:01.909687091Z,14.172425,133.247978,Cloud to Ground,-19340,0,9
2026-08-31T01:19:01.911012517Z,14.122452,133.252392,Cloud to Cloud,-9904,4812,13
2026-08-31T01:19:01.387375277Z,18.832912,115.824437,Cloud to Cloud,8587,4305,8
2026-08-31T01:19:03.626792744Z,16.329345,129.324593,Cloud to Ground,-26177,0,15
2026-08-31T01:19:03.516377979Z,16.415083,129.299874,Cloud to Cloud,-22371,18905,19
2026-08-31T01:19:04.052428520Z,16.302893,129.355798,Cloud to Cloud,11943,3092,9
2026-08-31T01:19:03.660290020Z,16.363412,129.349193,Cloud to Cloud,20151,3006,9
2026-08-31T01:19:03.399636055Z,16.401027,129.332606,Cloud to Ground,29792,0,16
2026-08-31T01:19:03.985405986Z,16.351149,129.352653,Cloud to Ground,41813,0,12
2026-08-31T01:19:04.274091477Z,15.943279,130.424689,Cloud to Cloud,-9953,5844,10
2026-08-31T01:19:04.243232851Z,15.951822,130.420146,Cloud to Cloud,9971,9380,11
2026-08-31T01:19:04.661169319Z,15.978181,130.457691,Cloud to Ground,11042,0,8
2026-08-31T01:19:04.330730757Z,15.936312,130.278023,Cloud to Cloud,-8832,3245,10
2026-08-31T01:19:04.217626146Z,16.33814,129.170797,Cloud to Cloud,-10912,13061,15
2026-08-31T01:19:03.888597301Z,16.332065,129.159631,Cloud to Cloud,-10436,19713,22
2026-08-31T01:19:05.714458269Z,16.302365,130.54103,Cloud to Cloud,-13037,19071,14
2026-08-31T01:19:05.482207588Z,16.251944,130.702707,Cloud to Cloud,-52506,3001,19
2026-08-31T01:19:05.642641997Z,16.259572,130.729017,Cloud to Cloud,-10642,18839,10
2026-08-31T01:19:05.621360983Z,16.26931,130.716837,Cloud to Cloud,-7896,13466,6
2026-08-31T01:19:05.659483127Z,16.232756,130.73538,Cloud to Cloud,-6553,5569,9
2026-08-31T01:19:05.694755308Z,16.254459,130.721815,Cloud to Cloud,7947,6478,15
2026-08-31T01:19:05.799406745Z,16.261354,130.732193,Cloud to Cloud,12942,3140,13
2026-08-31T01:19:05.625628000Z,16.2321,130.6944,Cloud to Ground,20020,0,5
2026-08-31T01:19:05.222217970Z,15.883814,129.684255,Cloud to Cloud,13913,3569,6
2026-08-31T01:19:06.908556809Z,15.925237,130.18065,Cloud to Ground,-18000,0,10
2026-08-31T01:19:06.950444258Z,15.948096,130.164418,Cloud to Cloud,-10474,6847,11
2026-08-31T01:19:07.064831681Z,15.982827,130.219398,Cloud to Cloud,-9646,3085,7
2026-08-31T01:19:06.752638286Z,16.011025,129.748661,Cloud to Cloud,-13125,3717,7
2026-08-31T01:19:06.023918000Z,19.2068,119.2262,Cloud to Ground,-19902,0,11
2026-08-31T01:19:06.177330000Z,19.2078,119.2089,Cloud to Ground,-16334,0,6
2026-08-31T01:19:07.982128015Z,19.128336,117.363233,Cloud to Ground,-13952,0,10
2026-08-31T01:19:09.542170502Z,16.291833,129.50113,Cloud to Ground,-12335,0,12
2026-08-31T01:19:09.580081605Z,16.245424,129.516685,Cloud to Cloud,13547,5238,8
2026-08-31T01:19:09.117375410Z,18.050443,119.845107,Cloud to Cloud,-4278,19063,12
2026-08-31T01:19:09.117950000Z,19.5122,120.4206,Cloud to Ground,-63376,0,14
2026-08-31T01:19:09.156771619Z,19.518624,120.478206,Cloud to Ground,-31648,0,10
2026-08-31T01:19:09.433077045Z,19.519127,120.477815,Cloud to Ground,-19257,0,9
2026-08-31T01:19:09.177230759Z,19.511715,120.468129,Cloud to Cloud,-14053,12278,9
2026-08-31T01:19:09.255646000Z,19.5141,120.4568,Cloud to Ground,295,0,12
2026-08-31T01:19:10.029607890Z,14.119174,134.767165,Cloud to Ground,17944,0,12
2026-08-31T01:19:10.249757856Z,19.3953,119.563752,Cloud to Ground,-47724,0,12
2026-08-31T01:19:10.362012823Z,19.384019,119.563223,Cloud to Ground,-39845,0,14
2026-08-31T01:19:10.294110840Z,19.373075,119.563885,Cloud to Ground,-19349,0,9
2026-08-31T01:19:10.966848120Z,19.389941,119.559924,Cloud to Ground,-9370,0,7
2026-08-31T01:19:10.813305167Z,19.387466,119.562652,Cloud to Ground,-9270,0,7
2026-08-31T01:19:10.577726222Z,19.366217,119.525025,Cloud to Cloud,5582,4282,6
2026-08-31T01:19:10.563095581Z,19.368955,119.555563,Cloud to Cloud,7332,18816,7
2026-08-31T01:19:11.110309526Z,16.368742,129.251459,Cloud to Cloud,-10376,3068,10
2026-08-31T01:19:11.076057619Z,16.368858,129.252476,Cloud to Ground,10943,0,7
2026-08-31T01:19:11.513450251Z,16.357543,129.266749,Cloud to Ground,13877,0,9
2026-08-31T01:19:13.349385455Z,14.281122,134.823671,Cloud to Ground,-16060,0,16
2026-08-31T01:19:12.788669006Z,14.210827,134.894969,Cloud to Ground,-15524,0,17
2026-08-31T01:19:13.121113647Z,14.198794,134.933824,Cloud to Ground,-12096,0,8
2026-08-31T01:19:12.821891849Z,14.233391,134.879624,Cloud to Ground,-11399,0,11
2026-08-31T01:19:12.818601521Z,14.14995,134.943713,Cloud to Ground,-8695,0,5
2026-08-31T01:19:12.820483009Z,14.156387,134.939267,Cloud to Ground,12543,0,5
2026-08-31T01:19:12.736081122Z,14.176513,134.902291,Cloud to Ground,22000,0,16
2026-08-31T01:19:16.923847731Z,15.893972,130.198952,Cloud to Cloud,-16709,7091,14
2026-08-31T01:19:16.552440472Z,15.857765,130.186567,Cloud to Ground,-12577,0,9
2026-08-31T01:19:17.037965345Z,15.942273,130.144839,Cloud to Cloud,-10533,16511,8
2026-08-31T01:19:16.546470823Z,15.867716,130.179188,Cloud to Cloud,-9964,5831,10
2026-08-31T01:19:16.925240554Z,15.936198,130.141767,Cloud to Cloud,6975,6402,7
2026-08-31T01:19:18.077301389Z,16.897092,128.057358,Cloud to Ground,-11463,0,6
2026-08-31T01:19:18.293433926Z,16.912208,127.916837,Cloud to Cloud,-7220,11923,16
2026-08-31T01:19:18.297010198Z,16.928434,128.049296,Cloud to Ground,-7030,0,10
2026-08-31T01:19:18.184118519Z,16.905194,128.019798,Cloud to Cloud,5843,7373,10
2026-08-31T01:19:18.176904680Z,16.912556,127.998906,Cloud to Cloud,9621,3004,8
2026-08-31T01:19:18.059531750Z,16.960335,127.887315,Cloud to Cloud,10249,17583,11
2026-08-31T01:19:18.152068023Z,16.914001,128.059406,Cloud to Cloud,10290,3302,10
2026-08-31T01:19:18.027932926Z,16.898689,128.03602,Cloud to Cloud,10563,3072,13
2026-08-31T01:19:18.289213123Z,16.943278,128.065238,Cloud to Cloud,11174,3016,9
2026-08-31T01:19:20.020550209Z,18.946364,116.204228,Cloud to Ground,-19461,0,12
2026-08-31T01:19:21.428043463Z,14.331832,133.118077,Cloud to Ground,-46444,0,17
2026-08-31T01:19:21.431127766Z,14.30556,133.056988,Cloud to Ground,-20168,0,16
2026-08-31T01:19:21.431689852Z,14.284562,133.145481,Cloud to Ground,-19626,0,12
2026-08-31T01:19:21.426508758Z,14.307152,133.120826,Cloud to Ground,-11831,0,8
2026-08-31T01:19:21.314008000Z,19.922,120.7327,Cloud to Ground,-34473,0,10
2026-08-31T01:19:21.313301555Z,19.936115,120.769741,Cloud to Cloud,-18481,17281,7
2026-08-31T01:19:21.323765745Z,19.92736,120.763386,Cloud to Cloud,5705,3013,6
2026-08-31T01:19:21.317064103Z,19.925466,120.774953,Cloud to Cloud,6025,19963,5
2026-08-31T01:19:21.361919722Z,19.898146,120.722701,Cloud to Cloud,6952,13385,6
2026-08-31T01:19:21.441023485Z,19.894826,120.747082,Cloud to Cloud,8028,19530,5
2026-08-31T01:19:24.265731353Z,16.017746,129.933026,Cloud to Cloud,-13682,6081,9
2026-08-31T01:19:24.248651135Z,16.026352,129.889063,Cloud to Cloud,-8256,3019,7
2026-08-31T01:19:24.256924504Z,16.026961,129.952361,Cloud to Ground,27874,0,13
2026-08-31T01:19:24.668337619Z,16.367691,129.245019,Cloud to Ground,15505,0,7
2026-08-31T01:19:24.912628013Z,16.226808,129.257044,Cloud to Cloud,-7045,8053,16
2026-08-31T01:19:25.221898520Z,16.239338,129.307521,Cloud to Ground,15098,0,9
2026-08-31T01:19:24.703356421Z,16.254142,129.251628,Cloud to Ground,22575,0,14
2026-08-31T01:19:25.666662402Z,16.690967,128.655835,Cloud to Cloud,-23031,3147,9
2026-08-31T01:19:26.029787784Z,16.615925,128.734465,Cloud to Cloud,-11746,18437,10
2026-08-31T01:19:25.713334000Z,16.6215,128.7817,Cloud to Ground,-4261,0,6
2026-08-31T01:19:27.645491839Z,15.915199,130.201066,Cloud to Cloud,-11957,4823,11
2026-08-31T01:19:27.644085000Z,16.0114,130.0959,Cloud to Ground,18352,0,5
2026-08-31T01:19:27.665828000Z,15.9548,130.1622,Cloud to Ground,20238,0,5
2026-08-31T01:19:27.715800831Z,15.948315,129.749194,Cloud to Cloud,-8314,13738,8
2026-08-31T01:19:29.010307601Z,14.116957,134.779379,Cloud to Ground,-34572,0,23
2026-08-31T01:19:28.576802764Z,14.119569,134.714342,Cloud to Ground,-16134,0,8
2026-08-31T01:19:28.900539650Z,14.174528,134.754709,Cloud to Cloud,-14376,3254,13
2026-08-31T01:19:28.825231402Z,14.087993,134.786766,Cloud to Ground,-11943,0,9
2026-08-31T01:19:28.605182957Z,14.142507,134.729558,Cloud to Ground,-11392,0,11
2026-08-31T01:19:28.721654979Z,14.089041,134.789039,Cloud to Ground,-9518,0,6
2026-08-31T01:19:29.575742709Z,19.136687,117.387265,Cloud to Ground,-15293,0,14
2026-08-31T01:19:29.563330969Z,19.152533,117.397572,Cloud to Ground,10610,0,10
2026-08-31T01:19:31.515563147Z,15.988897,130.343276,Cloud to Ground,-23111,0,11
2026-08-31T01:19:31.524474969Z,15.99039,130.352344,Cloud to Cloud,-19202,3056,17
2026-08-31T01:19:31.611191005Z,15.989629,130.346663,Cloud to Cloud,9693,19853,8
2026-08-31T01:19:31.728216628Z,15.975654,130.353717,Cloud to Ground,11626,0,10
2026-08-31T01:19:31.610567102Z,16.032988,130.35814,Cloud to Cloud,13082,7508,10
2026-08-31T01:19:31.594776014Z,16.0001,130.374048,Cloud to Ground,43687,0,11
2026-08-31T01:19:31.279060081Z,19.664762,120.490174,Cloud to Cloud,7627,14385,6
2026-08-31T01:19:34.669538109Z,16.429672,129.054023,Cloud to Cloud,12255,5073,17
2026-08-31T01:19:36.923968499Z,15.856435,130.201252,Cloud to Cloud,13283,15080,12
2026-08-31T01:19:37.224940659Z,15.972399,130.144337,Cloud to Cloud,-9175,4081,11
2026-08-31T01:19:36.973278413Z,15.939859,130.103939,Cloud to Cloud,-6364,5449,7
2026-08-31T01:19:36.442540939Z,15.987546,130.059546,Cloud to Ground,19168,0,14
2026-08-31T01:19:36.706741700Z,16.274088,129.358989,Cloud to Ground,-26178,0,18
2026-08-31T01:19:36.645137782Z,16.261317,129.502955,Cloud to Ground,-21532,0,13
2026-08-31T01:19:36.667074031Z,16.257058,129.513357,Cloud to Ground,-18153,0,13
2026-08-31T01:19:36.730426000Z,16.3005,129.4301,Cloud to Ground,10139,0,6
2026-08-31T01:19:38.850726133Z,15.954923,129.524183,Cloud to Cloud,-14093,11576,11
2026-08-31T01:19:38.394954322Z,19.669271,120.576,Cloud to Cloud,-9838,3936,7
2026-08-31T01:19:38.551509069Z,19.585028,120.601298,Cloud to Cloud,13810,7159,8
2026-08-31T01:19:39.078515519Z,14.382791,132.574468,Cloud to Ground,-17263,0,7
2026-08-31T01:19:39.050975478Z,14.397044,132.574428,Cloud to Cloud,-11849,3580,8
2026-08-31T01:19:38.987182282Z,14.191365,134.986507,Cloud to Ground,-15478,0,18
2026-08-31T01:19:39.983056373Z,14.109973,134.79958,Cloud to Ground,-15086,0,15
2026-08-31T01:19:40.267251303Z,14.235201,134.764218,Cloud to Ground,-15080,0,14
2026-08-31T01:19:39.334938304Z,14.161132,134.92302,Cloud to Cloud,-14625,19694,13
2026-08-31T01:19:40.509171306Z,14.269167,134.757093,Cloud to Ground,-12424,0,6
2026-08-31T01:19:39.770990291Z,14.212802,134.880509,Cloud to Ground,-10945,0,10
2026-08-31T01:19:40.324594214Z,14.198759,134.80156,Cloud to Ground,-10936,0,8
2026-08-31T01:19:39.331189147Z,14.155724,134.933315,Cloud to Cloud,8504,4581,7
2026-08-31T01:19:40.569674602Z,14.113349,134.785304,Cloud to Ground,12142,0,9
2026-08-31T01:19:40.261964399Z,14.196884,134.810849,Cloud to Ground,13735,0,8
2026-08-31T01:19:40.302777164Z,14.198101,134.797492,Cloud to Ground,16894,0,14
2026-08-31T01:19:41.146392816Z,14.369867,132.424173,Cloud to Cloud,-9723,4884,12
2026-08-31T01:19:41.145576393Z,16.357075,129.10683,Cloud to Ground,16154,0,20
2026-08-31T01:19:41.112913089Z,16.392569,129.389116,Cloud to Cloud,13771,4337,13
2026-08-31T01:19:43.335267878Z,15.911094,130.478461,Cloud to Cloud,-15972,3054,8
2026-08-31T01:19:43.361469215Z,16.011241,130.452698,Cloud to Cloud,11475,6497,12
2026-08-31T01:19:43.092333846Z,15.983892,130.466074,Cloud to Ground,22793,0,10
2026-08-31T01:19:43.769134814Z,19.590871,120.369096,Cloud to Cloud,10089,6263,10
2026-08-31T01:19:43.840988517Z,19.615574,120.47954,Cloud to Cloud,-9164,15834,7
2026-08-31T01:19:45.143560501Z,16.322105,129.163504,Cloud to Ground,-13758,0,22
2026-08-31T01:19:45.243333528Z,16.372508,129.161681,Cloud to Ground,-11545,0,17
2026-08-31T01:19:45.407783890Z,16.326699,129.322754,Cloud to Ground,-24665,0,9
2026-08-31T01:19:45.637906828Z,16.329576,129.337676,Cloud to Cloud,11619,3139,7
2026-08-31T01:19:45.909414460Z,16.330615,129.335383,Cloud to Cloud,14762,3828,13
2026-08-31T01:19:47.158805771Z,8.382933,117.48209,Cloud to Cloud,-11923,6528,10
2026-08-31T01:19:46.502494849Z,8.222603,117.561664,Cloud to Ground,-10665,0,7
2026-08-31T01:19:46.510117822Z,8.299317,117.529175,Cloud to Cloud,-10242,7054,8
2026-08-31T01:19:46.497337777Z,8.286313,117.549213,Cloud to Ground,21193,0,10
2026-08-31T01:19:46.498186985Z,8.350339,117.516974,Cloud to Ground,34515,0,10
2026-08-31T01:19:46.380964539Z,15.89906,130.187354,Cloud to Cloud,-19356,17425,5
2026-08-31T01:19:46.275049393Z,15.836183,130.198874,Cloud to Cloud,18009,4423,8
2026-08-31T01:19:46.091038576Z,16.174294,129.388169,Cloud to Ground,-10433,0,6
2026-08-31T01:19:48.761509829Z,17.819357,111.745516,Cloud to Ground,9537,0,7
2026-08-31T01:19:48.759713046Z,17.824002,111.747996,Cloud to Ground,20813,0,7
2026-08-31T01:19:50.826469000Z,19.5363,120.3868,Cloud to Ground,-13646,0,6
2026-08-31T01:19:50.828794000Z,19.5379,120.3755,Cloud to Ground,13462,0,5
2026-08-31T01:19:50.923056748Z,19.513993,120.364588,Cloud to Ground,34881,0,14
2026-08-31T01:19:52.810042625Z,16.221061,129.254173,Cloud to Ground,-13774,0,8
2026-08-31T01:19:52.468726040Z,16.331331,129.214997,Cloud to Ground,-13584,0,9
2026-08-31T01:19:53.997441931Z,18.873091,115.79317,Cloud to Cloud,-13014,6996,14
2026-08-31T01:19:53.915114745Z,18.759908,115.716663,Cloud to Cloud,9271,3829,9
2026-08-31T01:19:53.879247232Z,18.75805,115.818603,Cloud to Ground,-69879,0,12
2026-08-31T01:19:54.289583383Z,18.770903,115.840449,Cloud to Cloud,-16127,3508,8
2026-08-31T01:19:54.389319632Z,18.75794,115.860936,Cloud to Ground,24037,0,13
2026-08-31T01:19:54.197455206Z,17.169152,127.507177,Cloud to Ground,13446,0,7
2026-08-31T01:19:55.780368068Z,14.178224,134.920193,Cloud to Ground,-15308,0,15
2026-08-31T01:19:55.861791419Z,14.212608,134.874529,Cloud to Ground,-13190,0,10
2026-08-31T01:19:55.041877106Z,17.170432,127.317232,Cloud to Ground,-82792,0,20
2026-08-31T01:19:55.042919305Z,17.137248,127.461793,Cloud to Cloud,-14373,4600,9
2026-08-31T01:19:56.810651322Z,15.941633,130.025893,Cloud to Ground,6474,0,13
2026-08-31T01:19:56.744369537Z,15.949602,130.043536,Cloud to Cloud,11137,3468,8
2026-08-31T01:19:59.491959187Z,16.239163,129.48516,Cloud to Ground,-17098,0,14
2026-08-31T01:19:59.994468129Z,16.267328,129.466357,Cloud to Cloud,-10254,7739,11
2026-08-31T01:19:59.940692479Z,19.374985,119.575842,Cloud to Ground,-31515,0,12
2026-08-31T01:19:59.870482617Z,19.379637,119.58022,Cloud to Ground,-22029,0,9
2026-08-31T01:19:59.407682960Z,19.376334,119.585417,Cloud to Ground,-20502,0,12
2026-08-31T01:19:59.757804451Z,19.379467,119.58624,Cloud to Ground,-18454,0,8
2026-08-31T01:20:00.296148383Z,19.377521,119.580559,Cloud to Ground,-18083,0,11
2026-08-31T01:20:00.061351063Z,19.381863,119.593436,Cloud to Ground,-8938,0,8
2026-08-31T01:19:59.478156971Z,19.37967,119.580979,Cloud to Ground,-8659,0,6
2026-08-31T01:20:00.157112933Z,19.373076,119.557509,Cloud to Ground,-8247,0,8
2026-08-31T01:20:00.006324977Z,19.372613,119.554554,Cloud to Ground,-4879,0,6
2026-08-31T01:20:00.740508215Z,15.949901,129.547292,Cloud to Cloud,-13495,4219,12
2026-08-31T01:20:02.092498699Z,18.890795,116.164196,Cloud to Cloud,-14916,3961,7
2026-08-31T01:20:02.068054557Z,18.990899,116.191593,Cloud to Cloud,14952,10141,8
2026-08-31T01:20:02.068689369Z,18.905013,116.161892,Cloud to Cloud,17115,3014,10
2026-08-31T01:20:02.250880734Z,18.970296,116.211766,Cloud to Cloud,19979,17838,8
2026-08-31T01:20:04.366471101Z,14.075623,134.807607,Cloud to Cloud,-28418,6936,16
2026-08-31T01:20:03.844244721Z,14.120997,134.790578,Cloud to Ground,-13620,0,9
2026-08-31T01:20:05.745616683Z,8.655175,118.156778,Cloud to Ground,7828,0,14
2026-08-31T01:20:05.276822898Z,17.857342,111.909357,Cloud to Ground,-11978,0,10
2026-08-31T01:20:07.188652660Z,15.967182,130.207373,Cloud to Cloud,-17448,3039,11
2026-08-31T01:20:07.937222716Z,16.024776,130.158865,Cloud to Ground,-16128,0,24
2026-08-31T01:20:07.300562848Z,15.989679,130.237183,Cloud to Ground,42982,0,13
2026-08-31T01:20:07.289704471Z,16.365619,129.176097,Cloud to Ground,19958,0,11
2026-08-31T01:20:07.296245969Z,16.366117,129.286808,Cloud to Cloud,-9288,4227,8
2026-08-31T01:20:07.323283130Z,16.285532,129.329807,Cloud to Ground,13654,0,8
2026-08-31T01:20:08.215598371Z,15.989088,130.470162,Cloud to Ground,-24490,0,14
2026-08-31T01:20:08.443652538Z,16.020079,130.460022,Cloud to Cloud,13616,15270,12
2026-08-31T01:20:08.248572985Z,16.011596,130.45647,Cloud to Ground,34090,0,12
2026-08-31T01:20:08.292114479Z,16.020871,130.305613,Cloud to Cloud,-20756,6069,10
2026-08-31T01:20:08.036653409Z,15.955421,130.234933,Cloud to Ground,54105,0,12
2026-08-31T01:20:08.117583699Z,15.846479,130.22361,Cloud to Ground,-12306,0,12
2026-08-31T01:20:10.186411249Z,18.391759,114.464731,Cloud to Cloud,-21047,7749,13
2026-08-31T01:20:10.188315077Z,18.446282,114.445882,Cloud to Ground,-16130,0,11
2026-08-31T01:20:10.184209782Z,18.450325,114.400643,Cloud to Cloud,12820,3003,12
2026-08-31T01:20:10.185277083Z,18.428847,114.346854,Cloud to Ground,15148,0,9
2026-08-31T01:20:10.199013064Z,18.430988,114.338707,Cloud to Cloud,15339,3002,12
2026-08-31T01:20:11.859081455Z,18.766362,115.823681,Cloud to Cloud,-13525,5071,7
2026-08-31T01:20:11.843811841Z,18.776272,115.813996,Cloud to Ground,14894,0,16
2026-08-31T01:20:11.289813112Z,19.573415,120.516075,Cloud to Cloud,5167,3011,7
2026-08-31T01:20:12.813101284Z,19.182214,119.291156,Cloud to Cloud,21026,3190,8
2026-08-31T01:20:12.329804606Z,16.844774,128.462126,Cloud to Ground,15362,0,11
2026-08-31T01:20:13.096248075Z,19.656438,120.689505,Cloud to Cloud,-8185,13537,7
2026-08-31T01:20:12.574594282Z,19.680446,120.63417,Cloud to Cloud,6486,19966,5
2026-08-31T01:20:13.811340186Z,19.347162,119.55951,Cloud to Cloud,-14114,3000,7
2026-08-31T01:20:13.995332033Z,19.294975,119.583142,Cloud to Ground,35691,0,13
2026-08-31T01:20:13.095659925Z,19.785344,120.658382,Cloud to Cloud,14411,19287,7
2026-08-31T01:20:17.824925384Z,16.883509,127.903361,Cloud to Ground,-19940,0,19
2026-08-31T01:20:17.771022530Z,16.871087,128.040475,Cloud to Ground,-48211,0,13
2026-08-31T01:20:18.135820352Z,16.875534,128.050466,Cloud to Ground,-18636,0,13
2026-08-31T01:20:17.900125319Z,16.877893,128.085826,Cloud to Ground,23807,0,9
2026-08-31T01:20:19.884767049Z,15.897518,130.213532,Cloud to Cloud,-18020,11965,8
2026-08-31T01:20:19.573379958Z,15.950616,130.189662,Cloud to Cloud,10189,7555,12
2026-08-31T01:20:19.569633342Z,15.947381,130.066851,Cloud to Ground,27109,0,16
2026-08-31T01:20:19.164312276Z,14.181884,134.942983,Cloud to Ground,-19758,0,12
2026-08-31T01:20:19.240164552Z,17.397703,127.296241,Cloud to Cloud,-10149,7889,10
2026-08-31T01:20:19.236771572Z,17.330009,127.284561,Cloud to Cloud,5801,13300,10
2026-08-31T01:20:19.235954406Z,17.369858,127.375372,Cloud to Ground,12473,0,9
2026-08-31T01:20:19.233536931Z,17.317328,127.415828,Cloud to Ground,33137,0,12
2026-08-31T01:20:19.233034443Z,17.292234,127.434375,Cloud to Ground,55326,0,15
2026-08-31T01:20:19.810498738Z,19.406392,114.982797,Cloud to Cloud,9117,3035,10
2026-08-31T01:20:20.891854606Z,14.139787,134.512438,Cloud to Cloud,-30286,4921,18
2026-08-31T01:20:20.913664508Z,14.098914,134.567581,Cloud to Ground,-29073,0,11
2026-08-31T01:20:20.882189965Z,14.080318,134.592859,Cloud to Ground,-22331,0,15
2026-08-31T01:20:21.006361883Z,14.077664,134.619268,Cloud to Ground,13430,0,9
2026-08-31T01:20:21.073763687Z,14.062764,134.593851,Cloud to Ground,16372,0,11
2026-08-31T01:20:21.792297166Z,14.094695,134.600714,Cloud to Ground,23970,0,12
2026-08-31T01:20:21.447781103Z,14.088242,134.598017,Cloud to Ground,33659,0,15
2026-08-31T01:20:20.928688311Z,14.064022,134.58655,Cloud to Ground,56986,0,17
2026-08-31T01:20:21.938339944Z,15.813535,130.196882,Cloud to Ground,-9838,0,11
2026-08-31T01:20:21.453052606Z,14.216721,134.655012,Cloud to Ground,-20624,0,13
2026-08-31T01:20:22.731461970Z,16.383177,129.171359,Cloud to Cloud,-11035,6918,12
2026-08-31T01:20:22.883430069Z,16.388847,129.144901,Cloud to Ground,9859,0,7
2026-08-31T01:20:23.797924070Z,14.216508,134.689322,Cloud to Ground,-27782,0,16
2026-08-31T01:20:23.645753668Z,14.111514,134.760278,Cloud to Ground,-17003,0,8
2026-08-31T01:20:23.251539137Z,14.17803,134.775773,Cloud to Ground,-16250,0,14
2026-08-31T01:20:23.470754056Z,14.19128,134.789966,Cloud to Ground,-14999,0,7
2026-08-31T01:20:23.543124041Z,14.207305,134.715525,Cloud to Ground,-10195,0,8
2026-08-31T01:20:23.910749287Z,14.16269,134.712067,Cloud to Ground,13516,0,7
2026-08-31T01:20:23.602210806Z,15.996237,129.770168,Cloud to Cloud,-7879,15304,9
2026-08-31T01:20:24.227868676Z,15.98818,130.480381,Cloud to Cloud,-6407,3015,7
2026-08-31T01:20:23.886362955Z,15.973018,130.502666,Cloud to Ground,7224,0,7
2026-08-31T01:20:23.888211403Z,15.954647,130.494477,Cloud to Ground,12921,0,11
2026-08-31T01:20:22.976208389Z,16.365492,129.268366,Cloud to Cloud,-24889,3321,11
2026-08-31T01:20:23.014444150Z,16.300982,129.249644,Cloud to Ground,-16364,0,10
2026-08-31T01:20:22.757237366Z,16.249705,129.261726,Cloud to Cloud,18311,6064,8
2026-08-31T01:20:25.957986261Z,14.068379,134.345514,Cloud to Cloud,-16862,17489,17
2026-08-31T01:20:25.956099973Z,14.017382,134.388224,Cloud to Ground,-12755,0,6
2026-08-31T01:20:26.092315548Z,14.15612,134.415869,Cloud to Ground,-12499,0,10
2026-08-31T01:20:25.960736811Z,13.99984,134.39937,Cloud to Ground,-8792,0,8
2026-08-31T01:20:26.100706821Z,14.085147,134.433008,Cloud to Cloud,-7832,3818,7
2026-08-31T01:20:27.272748603Z,8.330811,117.535839,Cloud to Cloud,16642,17938,7
2026-08-31T01:20:27.945838139Z,19.57036,120.440925,Cloud to Cloud,5138,7991,6
2026-08-31T01:20:27.575777619Z,19.58454,120.514154,Cloud to Cloud,5842,4666,6
2026-08-31T01:20:27.555200104Z,19.654552,120.523644,Cloud to Cloud,5973,16602,8
2026-08-31T01:20:27.353653574Z,19.139124,117.404452,Cloud to Cloud,13496,18142,6
2026-08-31T01:20:30.739229163Z,15.969127,130.342372,Cloud to Cloud,-13044,12197,8
2026-08-31T01:20:31.397330000Z,18.9772,116.2854,Cloud to Ground,19834,0,5
2026-08-31T01:20:32.307125083Z,14.204054,134.86683,Cloud to Ground,18550,0,12
2026-08-31T01:20:36.730457426Z,16.287558,129.507099,Cloud to Ground,-20486,0,16
2026-08-31T01:20:36.720852524Z,16.176417,129.54194,Cloud to Ground,-15783,0,10
2026-08-31T01:20:36.796146590Z,16.245302,129.520682,Cloud to Cloud,-9050,14149,7
2026-08-31T01:20:36.764060059Z,16.227994,129.529188,Cloud to Ground,19683,0,10
2026-08-31T01:20:39.676808916Z,16.362866,129.158343,Cloud to Ground,13824,0,14
2026-08-31T01:20:40.288548236Z,16.288768,129.341836,Cloud to Cloud,-9611,7697,8
2026-08-31T01:20:40.274453388Z,16.288749,129.332562,Cloud to Cloud,13051,3578,12
2026-08-31T01:20:40.186460183Z,16.391836,129.34064,Cloud to Cloud,-11397,7567,7
2026-08-31T01:20:39.729040332Z,16.359387,129.266455,Cloud to Cloud,-10447,3051,10
2026-08-31T01:20:40.855380210Z,19.122906,117.379775,Cloud to Cloud,-12112,3006,7
2026-08-31T01:20:40.865869206Z,19.128272,117.384457,Cloud to Cloud,-9697,3456,8
2026-08-31T01:20:40.900249222Z,19.144614,117.392884,Cloud to Cloud,7998,3082,6
2026-08-31T01:20:40.887152764Z,19.145031,117.393394,Cloud to Cloud,9745,14033,5
2026-08-31T01:20:40.665945519Z,19.134427,117.371542,Cloud to Ground,12035,0,9
2026-08-31T01:20:40.859526773Z,19.142553,117.357328,Cloud to Ground,16675,0,6
2026-08-31T01:20:40.833204895Z,19.574267,120.607229,Cloud to Cloud,8177,3661,7
2026-08-31T01:20:41.038982188Z,19.0901,117.23996,Cloud to Cloud,-13524,5008,8
2026-08-31T01:20:41.257177368Z,19.100875,117.209097,Cloud to Cloud,-13514,17954,13
2026-08-31T01:20:43.680598838Z,16.657115,128.542035,Cloud to Cloud,31968,5205,10
2026-08-31T01:20:44.931587115Z,16.083409,130.109394,Cloud to Cloud,-13570,3005,9
2026-08-31T01:20:44.929332802Z,16.054367,130.130363,Cloud to Cloud,10146,6085,11
2026-08-31T01:20:44.924131000Z,16.0472,130.1156,Cloud to Ground,33026,0,5
2026-08-31T01:20:45.256355393Z,14.239167,134.735211,Cloud to Ground,-17029,0,8
2026-08-31T01:20:44.562425181Z,14.190919,134.784856,Cloud to Ground,-13300,0,18
2026-08-31T01:20:45.612697565Z,15.933933,130.108754,Cloud to Cloud,-9849,12487,6
2026-08-31T01:20:45.525916430Z,16.015224,130.014233,Cloud to Cloud,-9473,14718,7
2026-08-31T01:20:45.522678895Z,16.001686,130.015873,Cloud to Cloud,12063,3002,7
2026-08-31T01:20:46.942467402Z,14.158957,133.466673,Cloud to Ground,-22881,0,16
2026-08-31T01:20:47.409942141Z,14.072076,133.474682,Cloud to Ground,11707,0,9
2026-08-31T01:20:47.300623407Z,15.962163,130.12524,Cloud to Ground,-14512,0,10
2026-08-31T01:20:47.130896219Z,15.941723,130.216116,Cloud to Cloud,-10417,4284,10
2026-08-31T01:20:46.896210041Z,15.96158,130.083613,Cloud to Ground,16142,0,8
2026-08-31T01:20:46.734964307Z,19.045985,118.002517,Cloud to Cloud,-15897,12938,10
2026-08-31T01:20:46.728074999Z,19.019143,118.02804,Cloud to Cloud,8641,18094,6
2026-08-31T01:20:47.977193758Z,14.332198,133.880982,Cloud to Ground,-21012,0,11
2026-08-31T01:20:47.625634640Z,14.442364,133.635204,Cloud to Ground,-86410,0,22
2026-08-31T01:20:47.699353824Z,14.387487,133.673803,Cloud to Ground,13760,0,8
2026-08-31T01:20:47.258277540Z,17.35076,127.471045,Cloud to Cloud,-24072,5150,12
2026-08-31T01:20:48.734915212Z,16.244404,129.318643,Cloud to Cloud,15835,6940,10
2026-08-31T01:20:48.743116124Z,16.377184,129.254368,Cloud to Cloud,-21049,3297,9
2026-08-31T01:20:48.532050289Z,16.361369,129.294589,Cloud to Ground,-19829,0,10
2026-08-31T01:20:48.307113614Z,16.3695,129.333444,Cloud to Ground,-17442,0,11
2026-08-31T01:20:48.394721900Z,16.368622,129.119174,Cloud to Ground,-17268,0,18
2026-08-31T01:20:49.663262256Z,16.381119,129.173252,Cloud to Ground,-12561,0,16
2026-08-31T01:20:49.217751034Z,16.371657,129.128885,Cloud to Ground,-9974,0,8
2026-08-31T01:20:49.077848215Z,16.361327,129.144362,Cloud to Ground,-9306,0,18
2026-08-31T01:20:49.316160432Z,16.364823,129.331991,Cloud to Cloud,8042,3104,8
2026-08-31T01:20:49.382874988Z,16.393966,129.318302,Cloud to Cloud,11037,3015,10
2026-08-31T01:20:48.351328119Z,16.387869,129.332734,Cloud to Ground,20530,0,11
2026-08-31T01:20:48.733606000Z,16.3798,129.2328,Cloud to Ground,20944,0,6
2026-08-31T01:20:49.138500036Z,15.94894,129.80756,Cloud to Ground,-19002,0,10
2026-08-31T01:20:49.199859015Z,15.932498,129.817789,Cloud to Cloud,-9577,3862,7
2026-08-31T01:20:50.721682728Z,14.134793,134.728216,Cloud to Ground,-14287,0,7
2026-08-31T01:20:50.421488253Z,19.00762,116.306471,Cloud to Ground,-32686,0,15
2026-08-31T01:20:50.927717136Z,18.433285,115.236841,Cloud to Ground,-9713,0,7
2026-08-31T01:20:51.518092835Z,15.990195,130.33924,Cloud to Ground,-21169,0,11
2026-08-31T01:20:51.047683738Z,16.01076,130.366446,Cloud to Cloud,12994,3019,10
2026-08-31T01:20:51.822035392Z,16.02463,130.498979,Cloud to Ground,11954,0,7
2026-08-31T01:20:51.428547104Z,16.007435,130.210467,Cloud to Ground,-13462,0,21
2026-08-31T01:20:51.009820780Z,15.968188,130.193919,Cloud to Ground,-10648,0,18
2026-08-31T01:20:51.713462330Z,14.44009,132.549589,Cloud to Ground,-17552,0,12
2026-08-31T01:20:51.343902226Z,14.389253,132.442943,Cloud to Cloud,-7580,3022,8
2026-08-31T01:20:52.062000263Z,14.160065,134.995073,Cloud to Ground,-10726,0,6
2026-08-31T01:20:51.809323980Z,14.16262,134.971104,Cloud to Ground,10850,0,9
2026-08-31T01:20:51.470429017Z,17.142793,127.50774,Cloud to Ground,22106,0,10
2026-08-31T01:20:52.773605917Z,18.765842,115.818338,Cloud to Ground,-24211,0,13
2026-08-31T01:20:52.723240000Z,18.8031,115.7744,Cloud to Ground,40304,0,5
2026-08-31T01:20:52.745962396Z,18.710922,115.341802,Cloud to Ground,5066,0,7
2026-08-31T01:20:54.728866338Z,16.380144,129.219125,Cloud to Ground,-27243,0,19
2026-08-31T01:20:54.591073786Z,16.343906,129.258863,Cloud to Ground,-9103,0,10
2026-08-31T01:20:54.427317736Z,16.423928,129.076049,Cloud to Cloud,7973,9527,9
2026-08-31T01:20:56.598413523Z,15.944949,130.450672,Cloud to Cloud,-12371,5166,13
2026-08-31T01:20:56.594580971Z,15.942247,130.462314,Cloud to Ground,14385,0,7
2026-08-31T01:20:56.588176110Z,16.223892,129.524576,Cloud to Cloud,-14927,5406,11
2026-08-31T01:20:56.815020687Z,16.25159,129.51314,Cloud to Cloud,-8422,19185,6
2026-08-31T01:20:58.506100449Z,15.979572,130.136016,Cloud to Ground,-15271,0,12
2026-08-31T01:20:58.551703677Z,15.936366,130.155004,Cloud to Cloud,-12317,5666,8
2026-08-31T01:20:58.170489953Z,15.948054,130.184629,Cloud to Ground,30909,0,17
2026-08-31T01:21:00.823394796Z,16.892118,128.15535,Cloud to Ground,-19718,0,13
2026-08-31T01:21:00.846381090Z,16.895392,128.153549,Cloud to Cloud,-12908,14388,7
2026-08-31T01:21:00.804716134Z,16.862521,128.176747,Cloud to Cloud,-12726,3012,8
2026-08-31T01:21:01.255713740Z,16.896035,128.145274,Cloud to Ground,-12670,0,11
2026-08-31T01:21:00.154199726Z,15.988458,129.710106,Cloud to Cloud,13771,19482,6
2026-08-31T01:21:01.719178181Z,16.324487,129.321156,Cloud to Ground,13054,0,10
2026-08-31T01:21:01.519645539Z,19.574358,120.498217,Cloud to Cloud,5727,17127,8
2026-08-31T01:21:01.503508259Z,19.586607,120.541389,Cloud to Cloud,6348,7681,7
2026-08-31T01:21:03.639463440Z,15.620163,129.917131,Cloud to Cloud,17011,3220,10
2026-08-31T01:21:03.610722805Z,15.895288,129.84191,Cloud to Ground,-13544,0,7
2026-08-31T01:21:04.752542400Z,14.128562,134.750516,Cloud to Ground,-12297,0,10
2026-08-31T01:21:05.003612276Z,18.948408,116.187616,Cloud to Ground,-54383,0,11
2026-08-31T01:21:05.134481450Z,18.952387,116.173212,Cloud to Ground,-27663,0,12
2026-08-31T01:21:05.713485266Z,18.984364,116.201988,Cloud to Ground,-21009,0,9
2026-08-31T01:21:05.225536091Z,18.968065,116.153902,Cloud to Cloud,-15305,3090,8
2026-08-31T01:21:06.074029235Z,18.985264,116.202678,Cloud to Ground,-11396,0,7
2026-08-31T01:21:06.940168081Z,17.307763,134.910992,Cloud to Ground,-53667,0,14
2026-08-31T01:21:06.939290295Z,17.298014,134.903567,Cloud to Ground,-23210,0,18
2026-08-31T01:21:06.941133857Z,17.251192,134.946874,Cloud to Ground,-20425,0,15
2026-08-31T01:21:06.942522466Z,17.260333,134.949187,Cloud to Ground,-18181,0,9
2026-08-31T01:21:06.170437458Z,14.03862,134.387154,Cloud to Ground,-17969,0,7
2026-08-31T01:21:06.953467268Z,14.201855,134.957067,Cloud to Ground,18176,0,10
2026-08-31T01:21:06.787172262Z,14.188074,134.97135,Cloud to Ground,24416,0,15
2026-08-31T01:21:06.649172207Z,16.878269,128.056508,Cloud to Ground,-30267,0,11
2026-08-31T01:21:06.691280090Z,16.862896,128.069141,Cloud to Cloud,16183,7028,7
2026-08-31T01:21:06.695552966Z,16.864199,128.082675,Cloud to Ground,22087,0,7
2026-08-31T01:21:07.672736750Z,16.267421,129.26914,Cloud to Cloud,-15403,15548,9
2026-08-31T01:21:07.682609807Z,16.336897,129.246628,Cloud to Ground,-11382,0,10
2026-08-31T01:21:07.491839715Z,19.14497,117.394013,Cloud to Cloud,10060,7364,7
2026-08-31T01:21:08.981522976Z,18.083036,111.893876,Cloud to Ground,-12298,0,7
2026-08-31T01:21:08.698571155Z,18.101118,111.883919,Cloud to Cloud,9585,3102,8
2026-08-31T01:21:09.099205024Z,18.969775,116.328746,Cloud to Cloud,-8046,19683,8
2026-08-31T01:21:10.458563827Z,15.983015,130.499525,Cloud to Cloud,-8734,12899,8
2026-08-31T01:21:10.302082098Z,15.984766,130.491477,Cloud to Cloud,9227,3012,12
2026-08-31T01:21:10.297882383Z,15.981933,130.497021,Cloud to Cloud,9246,7509,15
2026-08-31T01:21:12.615033540Z,14.107745,134.792111,Cloud to Ground,-19276,0,10
2026-08-31T01:21:12.967625851Z,14.08126,134.799091,Cloud to Ground,-17237,0,10
2026-08-31T01:21:12.735376043Z,14.162667,134.780803,Cloud to Ground,-14691,0,7
2026-08-31T01:21:12.825416022Z,14.16142,134.755981,Cloud to Ground,-13263,0,8
2026-08-31T01:21:12.773373523Z,14.157004,134.731141,Cloud to Ground,-11814,0,6
2026-08-31T01:21:12.767132826Z,14.122396,134.771616,Cloud to Ground,-11186,0,7
2026-08-31T01:21:12.585592299Z,14.171971,134.761858,Cloud to Ground,-11095,0,7
2026-08-31T01:21:12.780344864Z,14.157832,134.789603,Cloud to Ground,-9949,0,7
2026-08-31T01:21:13.135412831Z,14.240524,134.697826,Cloud to Ground,-8238,0,5
2026-08-31T01:21:12.461625235Z,14.08847,134.791012,Cloud to Cloud,11937,3064,6
2026-08-31T01:21:11.790862147Z,14.098671,134.778805,Cloud to Ground,27550,0,15
2026-08-31T01:21:11.331921555Z,15.947362,129.820291,Cloud to Cloud,-7490,9361,8
2026-08-31T01:21:12.518128788Z,14.084843,134.645429,Cloud to Ground,-10034,0,9
2026-08-31T01:21:13.635691403Z,15.491644,131.619661,Cloud to Ground,28379,0,14
2026-08-31T01:21:13.419904423Z,15.470276,131.438894,Cloud to Cloud,-13171,15695,24
2026-08-31T01:21:13.502901121Z,15.472542,131.412688,Cloud to Ground,-11229,0,16
2026-08-31T01:21:14.902455985Z,16.83751,128.654246,Cloud to Cloud,-10443,11762,8
2026-08-31T01:21:14.840337898Z,16.831159,128.670632,Cloud to Ground,9840,0,11
2026-08-31T01:21:15.830224658Z,16.01446,130.058894,Cloud to Cloud,11560,17333,8
2026-08-31T01:21:15.364200999Z,15.991169,130.32716,Cloud to Ground,-25941,0,12
2026-08-31T01:21:15.149128157Z,16.044996,130.258363,Cloud to Cloud,-18951,7448,16
2026-08-31T01:21:15.789763353Z,15.999178,130.342452,Cloud to Ground,10173,0,14
2026-08-31T01:21:15.699877899Z,15.991938,130.340329,Cloud to Ground,12011,0,8
2026-08-31T01:21:15.446510721Z,15.95774,130.356346,Cloud to Ground,20681,0,7
2026-08-31T01:21:15.810636222Z,15.998014,130.346,Cloud to Cloud,20777,3692,12
2026-08-31T01:21:15.511305259Z,19.335549,119.574124,Cloud to Cloud,6874,6778,5
2026-08-31T01:21:15.401831929Z,19.403042,119.613038,Cloud to Cloud,7037,19193,8
2026-08-31T01:21:15.616235715Z,19.335354,119.570627,Cloud to Cloud,7141,5249,5
2026-08-31T01:21:15.354617100Z,19.370945,119.540946,Cloud to Cloud,7340,3017,11
2026-08-31T01:21:15.800464470Z,19.326794,119.555963,Cloud to Cloud,9104,3081,7
2026-08-31T01:21:16.423999633Z,15.930396,130.171242,Cloud to Ground,-11494,0,10
2026-08-31T01:21:16.011082249Z,15.85598,130.21414,Cloud to Cloud,8603,7730,12
2026-08-31T01:21:16.469432667Z,16.008316,130.191305,Cloud to Cloud,9849,3494,9
2026-08-31T01:21:17.369302132Z,14.052781,134.786264,Cloud to Ground,-17073,0,9
2026-08-31T01:21:18.919427985Z,16.106395,129.471991,Cloud to Cloud,-14428,14560,10
2026-08-31T01:21:19.151059528Z,15.94543,129.725494,Cloud to Cloud,-12531,7876,7
2026-08-31T01:21:18.679470982Z,15.918088,129.68278,Cloud to Ground,14128,0,9
2026-08-31T01:21:19.082815723Z,16.332535,129.32416,Cloud to Cloud,-13267,3018,7
2026-08-31T01:21:19.056998129Z,16.422333,129.235196,Cloud to Cloud,-13760,3118,10
2026-08-31T01:21:20.422088812Z,14.422028,132.667814,Cloud to Ground,-18418,0,7
2026-08-31T01:21:20.415822064Z,14.501558,132.615118,Cloud to Ground,-13503,0,10
2026-08-31T01:21:20.416766763Z,14.504829,132.643506,Cloud to Ground,-10316,0,10
2026-08-31T01:21:20.420951761Z,14.481414,132.645976,Cloud to Ground,-8828,0,7
2026-08-31T01:21:20.414527336Z,14.431644,132.687267,Cloud to Ground,10665,0,13
2026-08-31T01:21:20.414954722Z,14.436242,132.686484,Cloud to Ground,28216,0,18
2026-08-31T01:21:21.830757769Z,15.910614,129.853496,Cloud to Cloud,-8974,11282,9
2026-08-31T01:21:22.735457195Z,14.1959,134.957126,Cloud to Ground,-17014,0,9
2026-08-31T01:21:22.314892766Z,14.231205,134.920382,Cloud to Cloud,-14531,5327,18
2026-08-31T01:21:23.315492075Z,14.216577,134.96201,Cloud to Ground,-12339,0,19
2026-08-31T01:21:22.774055754Z,14.185254,134.957833,Cloud to Ground,-10627,0,6
2026-08-31T01:21:22.733097719Z,14.176455,134.988005,Cloud to Cloud,-10556,17561,5
2026-08-31T01:21:22.777428587Z,14.175372,134.956675,Cloud to Ground,-9723,0,9
2026-08-31T01:21:22.349718444Z,14.169481,134.976522,Cloud to Ground,-8063,0,7
2026-08-31T01:21:24.885715645Z,16.879692,127.894875,Cloud to Ground,-20423,0,25
2026-08-31T01:21:24.949727685Z,16.895617,128.063739,Cloud to Ground,-14316,0,12
2026-08-31T01:21:24.902191914Z,16.951094,128.017527,Cloud to Cloud,-9982,19503,13
2026-08-31T01:21:24.919519426Z,16.920106,128.084903,Cloud to Ground,9367,0,7
2026-08-31T01:21:27.400448125Z,16.423731,129.167795,Cloud to Cloud,-13333,17438,19
2026-08-31T01:21:27.637178184Z,16.333833,129.235312,Cloud to Cloud,-10188,6686,13
2026-08-31T01:21:27.571242641Z,16.332594,129.307721,Cloud to Ground,-10083,0,7
2026-08-31T01:21:27.444171634Z,16.245797,129.26581,Cloud to Cloud,7497,5180,7
2026-08-31T01:21:28.251674900Z,14.124133,134.726537,Cloud to Ground,-16155,0,15
2026-08-31T01:21:28.153158829Z,14.110442,134.74513,Cloud to Cloud,-12785,3007,14
2026-08-31T01:21:27.817091586Z,14.089034,134.80229,Cloud to Ground,-11045,0,5
2026-08-31T01:21:27.566089210Z,14.078592,134.794224,Cloud to Ground,14451,0,7
2026-08-31T01:21:28.937592798Z,15.758507,130.241703,Cloud to Ground,13139,0,9
2026-08-31T01:21:28.779789630Z,19.08743,117.253833,Cloud to Cloud,-10170,3070,9
2026-08-31T01:21:29.162325052Z,15.984874,130.206818,Cloud to Ground,-14314,0,8
2026-08-31T01:21:29.355789973Z,15.957484,130.133564,Cloud to Cloud,-13645,15951,11
2026-08-31T01:21:28.983100085Z,15.958486,130.15334,Cloud to Cloud,-9340,3103,7
2026-08-31T01:21:29.351535784Z,15.952371,130.183215,Cloud to Cloud,-9238,3049,8
2026-08-31T01:21:28.929343617Z,15.983875,130.060964,Cloud to Cloud,22043,3047,14
2026-08-31T01:21:29.910222578Z,19.618068,120.408933,Cloud to Cloud,7721,3009,8
2026-08-31T01:21:30.191376000Z,19.5147,120.5316,Cloud to Ground,-25562,0,9
2026-08-31T01:21:30.234056453Z,19.522174,120.551179,Cloud to Ground,-13211,0,17
2026-08-31T01:21:29.899179735Z,19.557155,120.517842,Cloud to Cloud,6039,3002,6
2026-08-31T01:21:31.504793091Z,19.203862,119.248503,Cloud to Cloud,18983,3004,13
2026-08-31T01:21:32.498805243Z,17.396919,112.922981,Cloud to Cloud,-11698,4426,10
2026-08-31T01:21:33.897590893Z,15.956134,129.823795,Cloud to Cloud,-10419,13182,7
2026-08-31T01:21:34.000466266Z,15.982686,129.835109,Cloud to Cloud,-10327,14610,8
2026-08-31T01:21:35.607323003Z,14.019146,134.130741,Cloud to Ground,-12333,0,9
2026-08-31T01:21:35.552253892Z,14.036463,134.113689,Cloud to Ground,-11809,0,11
2026-08-31T01:21:35.985586695Z,14.006105,134.231405,Cloud to Cloud,-10548,14056,13
2026-08-31T01:21:35.551551279Z,13.964698,134.159959,Cloud to Ground,20441,0,13
2026-08-31T01:21:36.274658524Z,15.94874,130.157827,Cloud to Ground,-15511,0,8
2026-08-31T01:21:36.197125947Z,15.936205,130.223921,Cloud to Cloud,8790,3623,6
2026-08-31T01:21:36.168771434Z,16.372554,129.186695,Cloud to Cloud,-10788,3029,7
2026-08-31T01:21:36.587999156Z,16.57161,128.741885,Cloud to Ground,12279,0,10
2026-08-31T01:21:37.902809622Z,14.386132,132.546724,Cloud to Ground,13901,0,7
2026-08-31T01:21:37.668666004Z,14.333332,132.514964,Cloud to Ground,21216,0,10
2026-08-31T01:21:37.466853340Z,14.401473,132.330075,Cloud to Cloud,-12715,3007,7
2026-08-31T01:21:37.896593000Z,14.4479,132.3822,Cloud to Ground,-8806,0,5
2026-08-31T01:21:38.724027398Z,19.726377,120.648153,Cloud to Cloud,-10635,14434,14
2026-08-31T01:21:38.251071000Z,19.7642,120.5772,Cloud to Ground,21084,0,5
2026-08-31T01:21:39.851530004Z,16.906994,127.988191,Cloud to Ground,-14142,0,20
2026-08-31T01:21:39.762925656Z,16.962214,128.082949,Cloud to Ground,-18235,0,20
2026-08-31T01:21:40.025138070Z,16.917886,128.132386,Cloud to Cloud,10652,3049,11
2026-08-31T01:21:40.024446233Z,16.895188,128.149609,Cloud to Cloud,11274,3715,9
2026-08-31T01:21:39.783771238Z,16.90852,128.180387,Cloud to Cloud,14878,13634,13
2026-08-31T01:21:39.387970246Z,18.404119,114.557767,Cloud to Ground,27244,0,9
2026-08-31T01:21:39.389759903Z,18.396824,114.654445,Cloud to Cloud,-25104,6885,9
2026-08-31T01:21:39.391433252Z,18.399,114.657586,Cloud to Ground,8116,0,8
2026-08-31T01:21:40.992058360Z,14.056121,134.851418,Cloud to Ground,-15707,0,10
2026-08-31T01:21:41.227453816Z,15.965955,130.166628,Cloud to Ground,-13063,0,11
2026-08-31T01:21:42.029875473Z,16.042615,130.326707,Cloud to Cloud,-11498,16638,11
2026-08-31T01:21:41.332292407Z,15.962345,130.196949,Cloud to Cloud,10247,3021,9
2026-08-31T01:21:41.566494253Z,16.008088,130.182795,Cloud to Cloud,14047,3101,10
2026-08-31T01:21:41.666346082Z,16.007948,130.25083,Cloud to Cloud,21473,4790,12
2026-08-31T01:21:41.286474000Z,15.9882,130.1103,Cloud to Ground,31095,0,5
2026-08-31T01:21:41.505576278Z,16.018183,130.183663,Cloud to Ground,58372,0,14
2026-08-31T01:21:41.341151300Z,14.193813,134.87912,Cloud to Ground,-16668,0,13
2026-08-31T01:21:41.281966536Z,14.245804,134.781678,Cloud to Ground,14627,0,9
2026-08-31T01:21:41.167477243Z,14.209169,134.800341,Cloud to Ground,31892,0,15
2026-08-31T01:21:41.241114504Z,14.230777,134.792941,Cloud to Ground,36428,0,19
2026-08-31T01:21:41.136345386Z,14.213595,134.797176,Cloud to Ground,40067,0,21
2026-08-31T01:21:41.015158274Z,14.217345,134.791332,Cloud to Ground,46848,0,20
2026-08-31T01:21:41.092969626Z,14.227576,134.796015,Cloud to Ground,48066,0,18
2026-08-31T01:21:42.161729990Z,14.182612,134.997425,Cloud to Ground,13801,0,8
2026-08-31T01:21:41.929627459Z,14.184492,134.992106,Cloud to Ground,17298,0,12
2026-08-31T01:21:41.865308807Z,14.184353,134.998688,Cloud to Ground,22487,0,13
2026-08-31T01:21:42.598250182Z,17.212912,127.304266,Cloud to Cloud,-14893,18807,10
2026-08-31T01:21:42.599195465Z,17.24908,127.41889,Cloud to Ground,52360,0,9
2026-08-31T01:21:42.600224546Z,17.368851,127.39757,Cloud to Cloud,11878,3008,11
2026-08-31T01:21:43.075175229Z,16.354522,129.190663,Cloud to Cloud,-9410,16200,10
2026-08-31T01:21:44.849304606Z,15.988906,130.448204,Cloud to Cloud,9455,7281,10
2026-08-31T01:21:46.794251736Z,14.085488,134.646419,Cloud to Ground,15829,0,10
2026-08-31T01:21:46.983807601Z,16.816406,127.92799,Cloud to Cloud,-8717,3014,7
2026-08-31T01:21:46.955895035Z,16.775793,127.96026,Cloud to Cloud,9699,16856,7
2026-08-31T01:21:46.956449047Z,16.755561,127.953238,Cloud to Cloud,28757,3004,7
2026-08-31T01:21:47.785419605Z,14.186895,134.700171,Cloud to Ground,-11495,0,8
2026-08-31T01:21:47.764481683Z,14.127766,134.738871,Cloud to Ground,-10603,0,8
2026-08-31T01:21:47.201192001Z,16.908439,128.119415,Cloud to Cloud,-8309,3054,13
2026-08-31T01:21:46.567414025Z,16.889899,128.111857,Cloud to Cloud,-8109,3089,8
2026-08-31T01:21:48.084044369Z,14.347601,133.023827,Cloud to Ground,-15906,0,16
2026-08-31T01:21:48.082189497Z,14.335402,133.076644,Cloud to Cloud,-13571,7067,12
2026-08-31T01:21:48.085304581Z,14.314146,132.940353,Cloud to Cloud,-9288,7264,7
2026-08-31T01:21:48.356749762Z,14.275723,133.168206,Cloud to Ground,-14946,0,6
2026-08-31T01:21:48.715664227Z,14.344403,133.178891,Cloud to Cloud,-10270,11663,14
2026-08-31T01:21:49.467757005Z,19.590631,120.502145,Cloud to Ground,-43975,0,15
2026-08-31T01:21:49.883206575Z,19.589031,120.493958,Cloud to Ground,-19926,0,7
2026-08-31T01:21:49.457539859Z,19.639084,120.511644,Cloud to Cloud,-12410,17703,6
2026-08-31T01:21:49.476329472Z,19.571229,120.488433,Cloud to Cloud,-6327,17603,6
2026-08-31T01:21:51.001041791Z,15.968508,130.044881,Cloud to Ground,24471,0,11
2026-08-31T01:21:51.033763554Z,15.952066,130.168421,Cloud to Cloud,-10917,3626,7
2026-08-31T01:21:51.182418830Z,16.263768,129.511085,Cloud to Ground,-44741,0,15
2026-08-31T01:21:51.282903509Z,16.251224,129.541606,Cloud to Cloud,-26704,5651,10
2026-08-31T01:21:51.233112325Z,16.267632,129.559375,Cloud to Ground,-18785,0,15
2026-08-31T01:21:51.272722115Z,16.279063,129.529512,Cloud to Cloud,7683,5962,7
2026-08-31T01:21:51.211790140Z,16.266432,129.530339,Cloud to Ground,10363,0,7
2026-08-31T01:21:51.194373254Z,16.276455,129.386283,Cloud to Cloud,-13460,4499,8
2026-08-31T01:21:51.256388724Z,16.264881,129.362731,Cloud to Ground,-11973,0,14
2026-08-31T01:21:51.213801789Z,16.281687,129.403966,Cloud to Ground,-11937,0,11
2026-08-31T01:21:52.943516413Z,16.324322,129.354404,Cloud to Ground,29361,0,21
2026-08-31T01:21:53.963162065Z,8.96472,118.265325,Cloud to Ground,-11289,0,10
2026-08-31T01:21:53.940647749Z,14.176793,134.529532,Cloud to Ground,-24011,0,19
2026-08-31T01:21:54.057565065Z,14.122999,134.544751,Cloud to Ground,-17376,0,14
2026-08-31T01:21:53.158038947Z,16.009981,129.720958,Cloud to Cloud,11174,13671,9
2026-08-31T01:21:53.236549211Z,19.16025,117.412288,Cloud to Ground,18782,0,11
2026-08-31T01:21:53.247778903Z,19.152101,117.388224,Cloud to Cloud,22532,3040,7
2026-08-31T01:21:54.960092969Z,15.949232,130.21551,Cloud to Cloud,-17142,3007,10
2026-08-31T01:21:54.969072772Z,15.961678,130.224952,Cloud to Cloud,-11588,3718,11
2026-08-31T01:21:54.996447691Z,15.948926,130.219903,Cloud to Cloud,-10420,7692,9
2026-08-31T01:21:54.970989552Z,15.947246,130.229545,Cloud to Cloud,-8538,19613,9
2026-08-31T01:21:54.901987413Z,15.939803,130.225366,Cloud to Cloud,10780,13150,10
2026-08-31T01:21:54.871973776Z,15.9531,130.226484,Cloud to Cloud,19191,6578,13
2026-08-31T01:21:54.477821822Z,15.561165,131.604328,Cloud to Ground,24914,0,10
2026-08-31T01:21:56.715097948Z,14.090322,134.766475,Cloud to Ground,-16318,0,15
2026-08-31T01:21:57.518835331Z,18.772752,115.852271,Cloud to Ground,-55958,0,13
2026-08-31T01:21:57.632169294Z,18.782872,115.839262,Cloud to Ground,-15077,0,10
2026-08-31T01:21:57.572208969Z,18.776422,115.843079,Cloud to Ground,32179,0,16
2026-08-31T01:21:57.603833865Z,16.341974,129.35125,Cloud to Cloud,17516,12052,11
2026-08-31T01:21:58.017026766Z,16.386698,129.224675,Cloud to Cloud,-9159,12865,8
2026-08-31T01:21:57.948451138Z,19.595351,120.229404,Cloud to Ground,-39294,0,11
2026-08-31T01:21:57.951983635Z,19.588705,120.215838,Cloud to Ground,18123,0,13
2026-08-31T01:21:58.072177400Z,19.621635,120.27704,Cloud to Ground,40658,0,13
2026-08-31T01:21:59.078136757Z,16.354538,129.229237,Cloud to Ground,-8462,0,6
2026-08-31T01:21:59.579509741Z,16.341424,129.24519,Cloud to Cloud,-7016,18821,8
2026-08-31T01:22:00.814185070Z,14.227633,134.934915,Cloud to Ground,-9933,0,18
2026-08-31T01:22:00.336567710Z,16.894919,128.411749,Cloud to Cloud,-22220,3961,12
2026-08-31T01:22:00.336078972Z,16.820073,128.38504,Cloud to Cloud,13878,13770,14
2026-08-31T01:22:00.337719545Z,16.832469,128.525553,Cloud to Ground,22531,0,13
2026-08-31T01:22:00.338589898Z,16.826855,128.502731,Cloud to Ground,38744,0,15
2026-08-31T01:22:02.723302658Z,15.907743,130.559158,Cloud to Cloud,17548,7037,10
2026-08-31T01:22:02.366719414Z,15.96385,130.478727,Cloud to Cloud,36251,6576,11
2026-08-31T01:22:02.039315924Z,14.132988,134.736234,Cloud to Ground,-10123,0,7
2026-08-31T01:22:02.197672586Z,18.946877,116.185678,Cloud to Ground,-43228,0,12
2026-08-31T01:22:02.348849972Z,18.824981,115.843732,Cloud to Ground,30848,0,13
2026-08-31T01:22:04.976318108Z,14.087089,134.769151,Cloud to Ground,-15811,0,10
2026-08-31T01:22:04.007153315Z,15.95271,130.214985,Cloud to Cloud,-11571,3747,10
2026-08-31T01:22:04.009130383Z,15.834377,130.199977,Cloud to Cloud,12257,4321,8
2026-08-31T01:22:04.051707734Z,15.901053,130.249367,Cloud to Ground,14493,0,11
2026-08-31T01:22:04.691156276Z,19.565904,120.485623,Cloud to Cloud,3633,18611,5
2026-08-31T01:22:04.632582424Z,19.656874,120.555645,Cloud to Cloud,11240,10450,7
2026-08-31T01:22:06.773607415Z,14.212432,134.807754,Cloud to Ground,-13687,0,12
2026-08-31T01:22:06.540566518Z,14.135966,134.770435,Cloud to Cloud,-12751,3096,12
2026-08-31T01:22:06.841429688Z,14.165387,134.833102,Cloud to Cloud,-11635,3084,11
2026-08-31T01:22:06.363199810Z,14.144741,134.750842,Cloud to Ground,-11273,0,19
2026-08-31T01:22:06.447251932Z,14.098139,134.794666,Cloud to Ground,-9785,0,8
2026-08-31T01:22:06.482902266Z,14.162209,134.771073,Cloud to Ground,-9576,0,11
2026-08-31T01:22:06.537624393Z,14.107124,134.812404,Cloud to Ground,-8062,0,8
2026-08-31T01:22:06.568405622Z,14.107154,134.80301,Cloud to Cloud,7452,7165,6
2026-08-31T01:22:07.756124338Z,18.959018,116.161306,Cloud to Cloud,-15014,14313,10
2026-08-31T01:22:07.507474480Z,18.956384,116.219328,Cloud to Cloud,-10400,7634,6
2026-08-31T01:22:07.552959685Z,18.896792,116.119048,Cloud to Cloud,9638,15287,5
2026-08-31T01:22:07.371261846Z,18.905093,116.120003,Cloud to Cloud,17317,14389,16
2026-08-31T01:22:07.613554583Z,18.852802,116.197747,Cloud to Ground,24478,0,8
2026-08-31T01:22:07.818208009Z,19.174228,117.408043,Cloud to Ground,9431,0,8
2026-08-31T01:22:08.917670195Z,16.193652,129.533337,Cloud to Cloud,12431,5730,8
2026-08-31T01:22:09.654895514Z,16.356807,129.191805,Cloud to Cloud,-8670,5365,10
2026-08-31T01:22:09.692718698Z,16.362628,129.136247,Cloud to Cloud,8095,19019,10
2026-08-31T01:22:11.533869886Z,15.941534,130.124007,Cloud to Ground,-34998,0,11
2026-08-31T01:22:11.288535073Z,15.979414,130.197795,Cloud to Ground,-20879,0,16
2026-08-31T01:22:11.598453988Z,16.006538,130.104026,Cloud to Cloud,-17060,16867,16
2026-08-31T01:22:12.340930948Z,15.942669,130.204826,Cloud to Ground,-16312,0,10
2026-08-31T01:22:11.627392202Z,15.950224,130.004407,Cloud to Ground,-15181,0,15
2026-08-31T01:22:11.654069306Z,15.92408,130.02276,Cloud to Ground,-15161,0,22
2026-08-31T01:22:11.828057907Z,15.953053,130.044346,Cloud to Ground,-11414,0,14
2026-08-31T01:22:11.975720663Z,15.950561,130.187802,Cloud to Ground,-10995,0,7
2026-08-31T01:22:11.656358210Z,15.95439,130.206184,Cloud to Cloud,-9833,6840,12
2026-08-31T01:22:12.033532128Z,15.951462,130.105214,Cloud to Cloud,10907,14569,8
2026-08-31T01:22:11.736817487Z,15.892318,130.257895,Cloud to Cloud,18567,7736,7
2026-08-31T01:22:12.114174932Z,18.98076,116.174581,Cloud to Ground,7308,0,7
2026-08-31T01:22:12.289714112Z,18.974415,116.335631,Cloud to Ground,-19530,0,10
2026-08-31T01:22:12.286737152Z,18.997732,116.309249,Cloud to Ground,12123,0,9
2026-08-31T01:22:15.594158900Z,15.966694,129.843803,Cloud to Cloud,8071,18982,8
2026-08-31T01:22:18.537569237Z,14.146393,134.834094,Cloud to Ground,14561,0,7
2026-08-31T01:22:18.839229306Z,14.168331,134.806866,Cloud to Ground,16049,0,7
2026-08-31T01:22:18.754887609Z,14.144489,134.825316,Cloud to Ground,18987,0,13
2026-08-31T01:22:18.671838189Z,14.166119,134.810537,Cloud to Ground,19070,0,7
2026-08-31T01:22:19.293888195Z,14.160725,134.815018,Cloud to Ground,19365,0,11
2026-08-31T01:22:18.430732251Z,14.151762,134.82039,Cloud to Ground,19547,0,12
2026-08-31T01:22:18.205078687Z,14.147642,134.819812,Cloud to Ground,22068,0,8
2026-08-31T01:22:18.633244861Z,14.146689,134.824867,Cloud to Ground,25868,0,11
2026-08-31T01:22:19.005955860Z,14.148119,134.825349,Cloud to Ground,26749,0,10
2026-08-31T01:22:18.788567560Z,14.163867,134.811135,Cloud to Ground,26923,0,10
2026-08-31T01:22:18.243193229Z,14.1466,134.822366,Cloud to Ground,36538,0,13
2026-08-31T01:22:18.133525200Z,14.142452,134.820188,Cloud to Ground,37645,0,13
2026-08-31T01:22:18.179250776Z,14.151136,134.821292,Cloud to Ground,50170,0,11
2026-08-31T01:22:18.313824091Z,14.150044,134.820616,Cloud to Ground,54141,0,16
2026-08-31T01:22:20.207825386Z,16.030256,130.143302,Cloud to Ground,-13060,0,14
2026-08-31T01:22:20.184436491Z,15.95298,130.197675,Cloud to Cloud,-12220,4341,12
2026-08-31T01:22:21.079241946Z,16.390391,129.091573,Cloud to Ground,-19021,0,11
2026-08-31T01:22:21.131731205Z,16.375206,129.294509,Cloud to Ground,-28336,0,13
2026-08-31T01:22:21.060452521Z,16.465698,129.275776,Cloud to Ground,-16836,0,14
2026-08-31T01:22:21.021843138Z,16.447867,129.232157,Cloud to Ground,-15928,0,16
2026-08-31T01:22:21.631034457Z,16.371544,129.314865,Cloud to Ground,22827,0,9
2026-08-31T01:22:21.482244906Z,16.387312,129.318414,Cloud to Ground,33933,0,7
2026-08-31T01:22:22.798946165Z,14.21929,134.906215,Cloud to Ground,-16057,0,13
2026-08-31T01:22:22.634697579Z,14.14193,134.800072,Cloud to Ground,-13052,0,14
2026-08-31T01:22:22.606966712Z,14.222778,134.911245,Cloud to Ground,-12054,0,13
2026-08-31T01:22:22.601370009Z,14.201866,134.817983,Cloud to Ground,-11611,0,7
2026-08-31T01:22:26.730290968Z,15.987567,129.716658,Cloud to Cloud,-11477,17942,9
2026-08-31T01:22:26.981719957Z,15.976612,129.563671,Cloud to Cloud,13899,6847,14
2026-08-31T01:22:26.437975297Z,19.555749,120.488158,Cloud to Cloud,-11080,3963,9
2026-08-31T01:22:26.540913670Z,19.453485,120.474407,Cloud to Ground,-10896,0,18
2026-08-31T01:22:30.698318215Z,15.487747,131.661365,Cloud to Cloud,10679,3043,14
2026-08-31T01:22:30.676591245Z,15.472774,131.669374,Cloud to Ground,15219,0,8
2026-08-31T01:22:30.498262872Z,19.151295,117.408432,Cloud to Cloud,-12577,5832,7
2026-08-31T01:22:31.460013893Z,15.959285,130.168994,Cloud to Cloud,-11008,19481,6
2026-08-31T01:22:31.335529551Z,15.940828,130.199585,Cloud to Cloud,-9639,18512,9
2026-08-31T01:22:31.629409824Z,15.871207,130.220323,Cloud to Cloud,16315,6476,10
2026-08-31T01:22:31.356178337Z,19.082396,120.651523,Cloud to Ground,-20794,0,9
2026-08-31T01:22:31.413485481Z,19.084365,120.659545,Cloud to Ground,-16113,0,10
2026-08-31T01:22:32.436193000Z,16.374275,129.319135,Cloud to Ground,18902,0,12
2026-08-31T01:22:32.634028771Z,16.376794,129.125943,Cloud to Cloud,-12850,18801,8
2026-08-31T01:22:32.899986455Z,16.374595,129.150677,Cloud to Cloud,11980,3637,14
2026-08-31T01:22:35.062590041Z,17.175974,127.274758,Cloud to Cloud,7057,3029,12
2026-08-31T01:22:35.461180099Z,17.288711,127.464644,Cloud to Ground,-15462,0,11
2026-08-31T01:22:35.486416597Z,17.265521,127.359446,Cloud to Cloud,-7027,12595,7
2026-08-31T01:22:35.083070096Z,17.234187,127.420144,Cloud to Cloud,13891,9342,13
2026-08-31T01:22:35.054837479Z,17.186288,127.389033,Cloud to Ground,19202,0,13
2026-08-31T01:22:35.055713598Z,17.209509,127.435353,Cloud to Ground,29979,0,12
2026-08-31T01:22:36.681089552Z,18.435984,114.418366,Cloud to Cloud,-16034,4831,9
2026-08-31T01:22:36.141700433Z,18.446926,114.41901,Cloud to Cloud,-10813,3025,8
2026-08-31T01:22:36.079480319Z,18.473389,114.428269,Cloud to Cloud,-9270,7150,12
2026-08-31T01:22:36.074403234Z,18.40254,114.32273,Cloud to Ground,19267,0,14
2026-08-31T01:22:40.377195310Z,16.916832,128.022469,Cloud to Cloud,-16308,4508,23
2026-08-31T01:22:40.217869918Z,16.836476,127.884518,Cloud to Cloud,-6370,5085,9
2026-08-31T01:22:40.335163653Z,16.897118,128.144262,Cloud to Ground,-42883,0,17
2026-08-31T01:22:40.453286463Z,16.893849,128.158735,Cloud to Ground,-33347,0,13
2026-08-31T01:22:40.790898081Z,16.907916,128.183331,Cloud to Cloud,8809,14507,8
2026-08-31T01:22:40.836170215Z,16.909498,128.18657,Cloud to Cloud,11259,16862,9
2026-08-31T01:22:40.433123608Z,16.93178,128.169264,Cloud to Ground,17219,0,10
2026-08-31T01:22:40.683998994Z,16.959607,128.13958,Cloud to Ground,18266,0,12
2026-08-31T01:22:40.358805099Z,16.892181,128.186462,Cloud to Ground,26446,0,10
2026-08-31T01:22:41.108485012Z,16.819388,128.147676,Cloud to Cloud,32175,7708,7
2026-08-31T01:22:41.184317722Z,16.948067,127.939822,Cloud to Cloud,13531,3113,15
2026-08-31T01:22:41.190628616Z,16.915508,127.939054,Cloud to Cloud,16316,19765,15
2026-08-31T01:22:41.129221323Z,16.912511,128.058927,Cloud to Cloud,-9593,19710,7
2026-08-31T01:22:41.845012142Z,16.250546,129.522431,Cloud to Cloud,-17808,7898,10
2026-08-31T01:22:41.874879141Z,16.2462,129.541373,Cloud to Ground,-8061,0,12
2026-08-31T01:22:41.826034537Z,16.243407,129.542335,Cloud to Ground,27852,0,17
2026-08-31T01:22:41.823037426Z,19.312623,116.341272,Cloud to Cloud,14520,5834,7
2026-08-31T01:22:41.366451000Z,19.3247,116.4933,Cloud to Ground,-22042,0,8
2026-08-31T01:22:41.387952249Z,19.277228,116.523079,Cloud to Cloud,-8606,11908,8
2026-08-31T01:22:41.392680018Z,19.291343,116.519985,Cloud to Ground,16262,0,9
2026-08-31T01:22:41.518394698Z,19.295813,116.560927,Cloud to Ground,68649,0,13
2026-08-31T01:22:42.262572353Z,16.323852,129.334429,Cloud to Cloud,-15362,3526,10
2026-08-31T01:22:42.374314603Z,16.429498,129.232832,Cloud to Cloud,-13259,14385,9
2026-08-31T01:22:43.525928037Z,17.143502,127.593053,Cloud to Cloud,-12937,16689,12
2026-08-31T01:22:43.385387318Z,17.108634,127.648657,Cloud to Ground,12147,0,9
2026-08-31T01:22:44.809771139Z,15.953264,129.833665,Cloud to Cloud,10327,3251,11
2026-08-31T01:22:44.821565997Z,15.957753,129.815202,Cloud to Cloud,12761,16247,7
2026-08-31T01:22:45.608139292Z,19.006343,117.240877,Cloud to Cloud,14629,3662,11
2026-08-31T01:22:46.050655510Z,19.001652,116.273861,Cloud to Ground,-16791,0,10
2026-08-31T01:22:46.137587937Z,18.970633,116.196439,Cloud to Ground,-9730,0,6
2026-08-31T01:22:45.542245802Z,18.945022,116.256266,Cloud to Ground,16921,0,11
2026-08-31T01:22:46.386343401Z,14.40133,132.608258,Cloud to Cloud,14027,5138,13
2026-08-31T01:22:46.389333938Z,14.497401,132.545121,Cloud to Cloud,-22402,3094,12
2026-08-31T01:22:46.834741427Z,14.605845,132.533164,Cloud to Ground,-15151,0,13
2026-08-31T01:22:46.765781087Z,14.515016,132.636278,Cloud to Ground,-12522,0,8
2026-08-31T01:22:46.394821952Z,14.533636,132.511345,Cloud to Ground,-10075,0,11
2026-08-31T01:22:46.386917110Z,14.497627,132.554583,Cloud to Cloud,-9636,14447,11
2026-08-31T01:22:47.180994969Z,14.545959,132.439048,Cloud to Cloud,-8413,14398,13
2026-08-31T01:22:48.345796821Z,15.953875,130.14685,Cloud to Cloud,-13317,3047,10
2026-08-31T01:22:48.274989348Z,16.003962,130.139434,Cloud to Cloud,-12264,6839,10
2026-08-31T01:22:47.918865798Z,15.991426,130.157288,Cloud to Cloud,-12101,3069,12
2026-08-31T01:22:47.919301620Z,15.929175,130.222486,Cloud to Cloud,-12054,7453,10
2026-08-31T01:22:48.256398704Z,15.941532,130.22154,Cloud to Cloud,-9124,7547,8
2026-08-31T01:22:48.265035612Z,15.93498,130.213778,Cloud to Cloud,-6461,10940,10
2026-08-31T01:22:48.020670390Z,15.940748,130.221101,Cloud to Cloud,8632,3020,7
2026-08-31T01:22:47.981254761Z,15.980987,130.202261,Cloud to Cloud,10486,3039,7
2026-08-31T01:22:47.845724652Z,15.915231,130.113013,Cloud to Ground,11655,0,9
2026-08-31T01:22:48.337494235Z,15.93597,130.143573,Cloud to Cloud,12527,3005,10
2026-08-31T01:22:47.944725402Z,15.934894,130.240486,Cloud to Ground,29288,0,14
2026-08-31T01:22:47.444495145Z,16.413747,129.098261,Cloud to Cloud,-9387,6689,10
2026-08-31T01:22:47.121213128Z,16.386208,129.178633,Cloud to Cloud,6153,14133,8
2026-08-31T01:22:47.594063424Z,16.321405,129.36859,Cloud to Cloud,-12097,17451,14
2026-08-31T01:22:47.593108211Z,16.316654,129.360339,Cloud to Cloud,-7793,9420,6
2026-08-31T01:22:48.151541084Z,19.025656,116.327656,Cloud to Cloud,-18324,6045,12
2026-08-31T01:22:49.629826646Z,19.001222,116.136255,Cloud to Cloud,14516,7161,7
2026-08-31T01:22:50.890202333Z,19.565546,120.512322,Cloud to Cloud,-6874,17630,8
2026-08-31T01:22:50.777001270Z,19.577977,120.516386,Cloud to Cloud,6608,3013,6
2026-08-31T01:22:51.561499162Z,14.328741,132.649584,Cloud to Ground,-17058,0,14
2026-08-31T01:22:53.318663050Z,8.864807,118.291587,Cloud to Ground,-21022,0,9
2026-08-31T01:22:53.403557000Z,8.8949,118.0609,Cloud to Ground,24482,0,6
2026-08-31T01:22:53.766913428Z,16.358977,129.175349,Cloud to Cloud,-10638,3067,8
2026-08-31T01:22:56.920676964Z,18.936889,116.218954,Cloud to Cloud,-7916,3570,6
2026-08-31T01:22:56.737809817Z,18.911965,116.202201,Cloud to Ground,12537,0,8
2026-08-31T01:22:57.448191465Z,15.999517,130.46216,Cloud to Cloud,-7621,4061,8
2026-08-31T01:22:57.445629882Z,15.916174,130.495137,Cloud to Ground,27034,0,9
2026-08-31T01:22:58.031015793Z,14.202639,134.772438,Cloud to Ground,-22011,0,11
2026-08-31T01:22:58.018628017Z,14.162829,134.793809,Cloud to Ground,-16285,0,13
2026-08-31T01:22:58.437741925Z,14.107098,134.798956,Cloud to Cloud,-15506,4560,13
2026-08-31T01:22:57.997939149Z,14.118677,134.815295,Cloud to Ground,-15037,0,11
2026-08-31T01:22:58.419847036Z,14.196683,134.786939,Cloud to Ground,-13015,0,18
2026-08-31T01:22:58.420307488Z,14.124461,134.821199,Cloud to Ground,-12692,0,12
2026-08-31T01:22:57.991155131Z,14.142194,134.809558,Cloud to Ground,-12168,0,12
2026-08-31T01:22:58.055087327Z,14.197928,134.806777,Cloud to Ground,-9388,0,12
2026-08-31T01:22:58.891630219Z,17.381965,112.948643,Cloud to Cloud,-23623,9701,12
2026-08-31T01:22:59.477195756Z,15.909225,130.171629,Cloud to Ground,-31000,0,13
2026-08-31T01:23:00.310910373Z,15.958653,130.276259,Cloud to Cloud,-11705,6678,13
2026-08-31T01:22:59.511698015Z,15.93414,130.191555,Cloud to Ground,8142,0,8
2026-08-31T01:23:00.188815551Z,15.928088,130.179319,Cloud to Cloud,12274,18266,7
2026-08-31T01:23:00.081237037Z,15.914119,130.191125,Cloud to Ground,15060,0,10
2026-08-31T01:23:00.004114436Z,15.926072,130.218901,Cloud to Cloud,19981,16394,7
2026-08-31T01:23:00.562911000Z,15.9149,130.3212,Cloud to Ground,26562,0,5
2026-08-31T01:23:00.316304394Z,15.952909,130.281461,Cloud to Ground,28226,0,17
2026-08-31T01:22:59.388507724Z,15.909849,130.207925,Cloud to Ground,119847,0,11
2026-08-31T01:22:59.489311599Z,14.181636,134.972268,Cloud to Ground,-41145,0,18
2026-08-31T01:22:59.495875663Z,14.191529,134.962923,Cloud to Ground,-11542,0,9
2026-08-31T01:23:00.002157623Z,15.936946,130.019343,Cloud to Cloud,-19191,19275,15
2026-08-31T01:23:00.090438822Z,16.681936,128.515879,Cloud to Ground,-41049,0,15
2026-08-31T01:23:00.121248173Z,16.684211,128.527063,Cloud to Ground,-21264,0,13
2026-08-31T01:23:00.145313560Z,16.682569,128.391202,Cloud to Ground,-16003,0,21
2026-08-31T01:23:01.390003432Z,19.897163,120.777329,Cloud to Cloud,7898,13643,16
2026-08-31T01:23:01.303839393Z,19.947724,120.809765,Cloud to Cloud,8108,18776,8
2026-08-31T01:23:01.309255895Z,19.937541,120.787944,Cloud to Cloud,9564,3491,8
2026-08-31T01:23:01.633937020Z,19.941485,120.797547,Cloud to Cloud,12802,7965,7
2026-08-31T01:23:01.524264605Z,19.969313,120.79461,Cloud to Ground,20783,0,11
2026-08-31T01:23:02.925095127Z,16.313469,129.252932,Cloud to Ground,15881,0,10
2026-08-31T01:23:04.953400313Z,16.417475,129.094584,Cloud to Ground,12084,0,8
2026-08-31T01:23:06.170501150Z,19.879946,120.694762,Cloud to Cloud,5195,11910,8
2026-08-31T01:23:05.969279948Z,19.796475,120.688489,Cloud to Cloud,10687,18835,7
2026-08-31T01:23:09.266706884Z,19.133695,117.411894,Cloud to Cloud,-11120,6998,7
2026-08-31T01:23:09.325342589Z,19.131527,117.390891,Cloud to Ground,-10905,0,8
2026-08-31T01:23:09.399127315Z,15.982184,129.859462,Cloud to Cloud,-6289,3781,11
2026-08-31T01:23:11.084800875Z,15.987713,130.164974,Cloud to Ground,12044,0,7
2026-08-31T01:23:10.656705173Z,15.937986,130.183981,Cloud to Cloud,12295,9755,14
2026-08-31T01:23:11.850883369Z,16.002878,130.002961,Cloud to Ground,68127,0,12
2026-08-31T01:23:11.866461720Z,16.033319,129.865548,Cloud to Cloud,10952,17911,10
2026-08-31T01:23:12.297928013Z,17.335466,127.35354,Cloud to Cloud,-12556,3019,12
2026-08-31T01:23:12.299118167Z,17.342773,127.385178,Cloud to Ground,13943,0,9
2026-08-31T01:23:13.395143062Z,15.915939,129.844793,Cloud to Cloud,-10044,5050,6
2026-08-31T01:23:15.490974847Z,19.530737,120.519765,Cloud to Cloud,-7173,18321,12
2026-08-31T01:23:15.527335091Z,19.519534,120.533268,Cloud to Cloud,9258,10845,5
2026-08-31T01:23:14.885911990Z,19.530341,120.505928,Cloud to Cloud,22552,6771,10
2026-08-31T01:23:16.554089726Z,14.10814,134.811191,Cloud to Ground,-12694,0,7
2026-08-31T01:23:16.655155842Z,14.107283,134.795176,Cloud to Ground,-12661,0,8
2026-08-31T01:23:16.545088505Z,14.102704,134.776258,Cloud to Ground,-10650,0,10
2026-08-31T01:23:16.982368074Z,16.274817,129.403287,Cloud to Cloud,-17913,15694,10
2026-08-31T01:23:16.909265064Z,16.126215,129.6,Cloud to Cloud,-21435,14928,6
2026-08-31T01:23:16.640629300Z,16.257731,129.530944,Cloud to Ground,-35256,0,15
2026-08-31T01:23:16.682429869Z,16.264437,129.51951,Cloud to Ground,-25772,0,11
2026-08-31T01:23:17.064960805Z,16.256215,129.559407,Cloud to Cloud,8493,15842,7
2026-08-31T01:23:16.905908565Z,16.260478,129.556291,Cloud to Ground,17917,0,7
2026-08-31T01:23:16.744724496Z,16.255403,129.563536,Cloud to Ground,19393,0,16
2026-08-31T01:23:17.029711400Z,16.236562,129.567936,Cloud to Ground,36541,0,10
2026-08-31T01:23:16.805604650Z,16.259389,129.563115,Cloud to Ground,39332,0,12
2026-08-31T01:23:18.675100561Z,16.321432,129.21426,Cloud to Cloud,-6593,3663,7
2026-08-31T01:23:18.697756010Z,16.259573,129.141826,Cloud to Cloud,-14014,15007,10
2026-08-31T01:23:18.649549629Z,16.257387,129.329261,Cloud to Ground,-23872,0,8
2026-08-31T01:23:18.657254132Z,16.263372,129.341616,Cloud to Cloud,-18629,3021,7
2026-08-31T01:23:17.954806501Z,16.185538,129.42511,Cloud to Cloud,-11195,19504,10
2026-08-31T01:23:17.986870664Z,16.243204,129.352784,Cloud to Cloud,9647,4404,10
2026-08-31T01:23:17.952419024Z,16.201605,129.403955,Cloud to Ground,9869,0,11
2026-08-31T01:23:17.953420864Z,16.224653,129.404267,Cloud to Cloud,20284,3305,14
2026-08-31T01:23:19.052617468Z,18.965256,116.196018,Cloud to Cloud,-13904,3008,11
2026-08-31T01:23:19.115498895Z,18.96602,116.196095,Cloud to Cloud,-10809,3016,12
2026-08-31T01:23:20.330852498Z,14.176385,134.990834,Cloud to Ground,-12865,0,20
2026-08-31T01:23:21.481380797Z,19.420439,119.609035,Cloud to Cloud,13226,7293,10
2026-08-31T01:23:21.243611866Z,19.561871,114.174287,Cloud to Ground,57803,0,15
2026-08-31T01:23:21.093521154Z,19.60524,114.262431,Cloud to Ground,-35821,0,12
2026-08-31T01:23:21.094174474Z,19.610547,114.259794,Cloud to Cloud,-19958,3502,9
2026-08-31T01:23:21.099011094Z,19.637354,114.272348,Cloud to Cloud,-17213,4089,9
2026-08-31T01:23:21.098250497Z,19.618225,114.26079,Cloud to Cloud,-16690,3017,7
2026-08-31T01:23:21.112213103Z,19.647484,114.20767,Cloud to Cloud,10659,4681,7
2026-08-31T01:23:21.092765316Z,19.627587,114.260398,Cloud to Cloud,22196,4687,8
2026-08-31T01:23:21.130702051Z,19.620534,114.264316,Cloud to Ground,25247,0,8
2026-08-31T01:23:22.538289071Z,14.168206,134.95821,Cloud to Cloud,-18813,17587,15
2026-08-31T01:23:22.544031639Z,14.209497,134.880543,Cloud to Ground,-7771,0,8
2026-08-31T01:23:22.540256801Z,14.171105,134.954201,Cloud to Ground,18117,0,21
2026-08-31T01:23:22.700549000Z,17.5657,120.3722,Cloud to Ground,18701,0,5
2026-08-31T01:23:23.664310569Z,17.267011,134.963916,Cloud to Cloud,-15971,4751,15
2026-08-31T01:23:23.662800384Z,17.304331,134.917404,Cloud to Ground,-13647,0,7
2026-08-31T01:23:23.976677082Z,15.964453,130.17933,Cloud to Ground,26810,0,10
2026-08-31T01:23:23.814029583Z,15.969277,129.75107,Cloud to Cloud,18260,3015,14
2026-08-31T01:23:23.813030531Z,15.966694,129.757041,Cloud to Cloud,51021,7217,20
2026-08-31T01:23:24.133890826Z,15.843564,130.239903,Cloud to Cloud,11323,17269,7
2026-08-31T01:23:24.016709311Z,16.896876,128.142492,Cloud to Ground,-24891,0,13
2026-08-31T01:23:23.949933442Z,16.900179,128.138912,Cloud to Ground,-21701,0,12
2026-08-31T01:23:24.423931993Z,16.909187,128.135337,Cloud to Ground,-17300,0,12
2026-08-31T01:23:24.507093442Z,16.874873,128.054906,Cloud to Cloud,-8257,9007,8
2026-08-31T01:23:24.513717406Z,16.886616,128.118282,Cloud to Cloud,8223,19469,9
2026-08-31T01:23:24.516714585Z,16.923184,127.986271,Cloud to Cloud,12546,11053,8
2026-08-31T01:23:24.036128977Z,16.91864,128.166464,Cloud to Ground,15775,0,12
2026-08-31T01:23:28.892462214Z,15.50016,131.639669,Cloud to Cloud,-8342,14267,11
2026-08-31T01:23:29.103903799Z,15.499274,131.648099,Cloud to Cloud,6713,3061,15
2026-08-31T01:23:28.948387831Z,15.477814,131.654029,Cloud to Ground,14167,0,9
2026-08-31T01:23:28.991742964Z,15.485928,131.66485,Cloud to Ground,49020,0,20
2026-08-31T01:23:28.914277716Z,15.488437,131.657675,Cloud to Ground,52175,0,20
2026-08-31T01:23:28.742068891Z,16.036125,130.149749,Cloud to Cloud,-9372,16401,10
2026-08-31T01:23:28.748712932Z,16.052452,130.098192,Cloud to Cloud,-6321,3004,7
2026-08-31T01:23:28.743374432Z,15.975894,130.157975,Cloud to Cloud,12367,4809,8
2026-08-31T01:23:28.739430167Z,16.053513,130.16126,Cloud to Ground,16151,0,11
2026-08-31T01:23:28.740251967Z,16.053071,130.161301,Cloud to Ground,43037,0,12
2026-08-31T01:23:28.625103503Z,16.364844,129.172226,Cloud to Cloud,10308,3761,9
2026-08-31T01:23:28.024086965Z,17.82583,111.723429,Cloud to Ground,14726,0,8
2026-08-31T01:23:29.115055670Z,15.569495,131.576942,Cloud to Ground,-11002,0,7
2026-08-31T01:23:29.047965721Z,15.497611,131.502184,Cloud to Cloud,-15121,4542,19
2026-08-31T01:23:29.019157639Z,16.382847,129.317379,Cloud to Cloud,-9432,7130,9
2026-08-31T01:23:28.976399610Z,16.384435,129.308534,Cloud to Cloud,-8200,4731,9
2026-08-31T01:23:30.983075032Z,14.080521,134.791931,Cloud to Ground,13100,0,6
2026-08-31T01:23:30.470753036Z,16.853793,127.895231,Cloud to Ground,10299,0,7
2026-08-31T01:23:30.829391866Z,18.767386,115.861671,Cloud to Ground,-40470,0,11
2026-08-31T01:23:30.379981374Z,18.861102,116.131358,Cloud to Ground,-24102,0,10
2026-08-31T01:23:31.949363165Z,19.028686,118.04409,Cloud to Cloud,10235,18273,7
2026-08-31T01:23:31.112050894Z,18.913318,116.340506,Cloud to Cloud,10697,6353,8
2026-08-31T01:23:31.463503116Z,19.1217,117.278095,Cloud to Ground,-8592,0,7
2026-08-31T01:23:31.041156409Z,18.961747,116.25363,Cloud to Cloud,-12266,8468,7
2026-08-31T01:23:30.592792153Z,18.930369,116.246226,Cloud to Cloud,10538,15866,9
2026-08-31T01:23:33.626696828Z,14.134026,134.789988,Cloud to Ground,-17481,0,17
2026-08-31T01:23:33.628285193Z,14.19533,134.721539,Cloud to Ground,-15603,0,14
2026-08-31T01:23:33.916613679Z,14.238951,134.644029,Cloud to Ground,-14956,0,7
2026-08-31T01:23:33.407894723Z,16.642411,128.857722,Cloud to Cloud,-13776,3342,26
2026-08-31T01:23:33.389628871Z,16.562692,128.800513,Cloud to Ground,-51122,0,10
2026-08-31T01:23:33.388687953Z,16.535837,128.946249,Cloud to Ground,21117,0,11
2026-08-31T01:23:35.937784032Z,8.649939,118.137056,Cloud to Ground,20052,0,7
2026-08-31T01:23:35.451570928Z,19.623676,120.317831,Cloud to Cloud,10490,3001,10
2026-08-31T01:23:35.668930580Z,19.57604,120.551953,Cloud to Cloud,-8747,19167,13
2026-08-31T01:23:35.447123700Z,19.658374,120.553438,Cloud to Cloud,6570,17824,8
2026-08-31T01:23:37.698230196Z,19.193337,117.423037,Cloud to Cloud,11297,16750,10
2026-08-31T01:23:37.627981112Z,19.244619,117.459655,Cloud to Ground,30983,0,7
2026-08-31T01:23:40.830434112Z,15.924789,130.036664,Cloud to Cloud,-25917,15053,28
2026-08-31T01:23:40.413761284Z,15.884526,130.006914,Cloud to Cloud,-13076,3793,14
2026-08-31T01:23:40.310543168Z,15.913899,130.190745,Cloud to Ground,-35503,0,17
2026-08-31T01:23:40.688571989Z,16.015229,130.110103,Cloud to Cloud,-16920,6448,15
2026-08-31T01:23:40.370488392Z,15.927348,130.209161,Cloud to Ground,-13563,0,9
2026-08-31T01:23:40.738206913Z,15.967573,130.228217,Cloud to Cloud,-10900,3007,13
2026-08-31T01:23:40.370937363Z,15.942848,130.206007,Cloud to Cloud,-8851,3029,8
2026-08-31T01:23:40.335584687Z,15.98299,130.119007,Cloud to Ground,11698,0,11
2026-08-31T01:23:40.960172249Z,15.882985,130.21985,Cloud to Ground,17800,0,7
2026-08-31T01:23:40.988420208Z,15.935501,130.176034,Cloud to Cloud,28878,6135,12
2026-08-31T01:23:40.812366677Z,15.870227,129.793124,Cloud to Cloud,16381,3220,7
2026-08-31T01:23:41.378052628Z,15.996292,130.477678,Cloud to Ground,-49672,0,15
2026-08-31T01:23:42.000805939Z,16.032947,130.368043,Cloud to Ground,-20001,0,23
2026-08-31T01:23:41.415310694Z,15.993383,130.389095,Cloud to Ground,-18709,0,11
2026-08-31T01:23:41.417306883Z,16.016446,130.501291,Cloud to Cloud,-13518,12238,12
2026-08-31T01:23:42.040493974Z,16.005571,130.497316,Cloud to Cloud,7645,18852,7
2026-08-31T01:23:42.146874335Z,16.000672,130.353482,Cloud to Ground,13169,0,12
2026-08-31T01:23:41.393843213Z,15.993772,130.331775,Cloud to Ground,17731,0,11
2026-08-31T01:23:42.076447763Z,15.994526,130.497252,Cloud to Ground,20362,0,13
2026-08-31T01:23:41.436231544Z,16.001269,130.488813,Cloud to Ground,34825,0,11
2026-08-31T01:23:41.380833696Z,14.184049,134.978597,Cloud to Ground,14900,0,11
2026-08-31T01:23:41.902692886Z,14.199647,134.968364,Cloud to Ground,14982,0,11
2026-08-31T01:23:41.401489623Z,14.179309,134.979061,Cloud to Ground,18608,0,14
2026-08-31T01:23:41.824580574Z,14.195997,134.971899,Cloud to Ground,21580,0,13
2026-08-31T01:23:41.355210065Z,14.184582,134.980764,Cloud to Ground,50063,0,17
2026-08-31T01:23:41.482509659Z,14.17958,134.98091,Cloud to Ground,54686,0,24
2026-08-31T01:23:43.964615656Z,8.961703,118.305915,Cloud to Ground,-13947,0,15
2026-08-31T01:23:44.023739000Z,8.896,118.2912,Cloud to Ground,31123,0,7
2026-08-31T01:23:44.535925948Z,16.412459,129.232312,Cloud to Ground,-14995,0,9
2026-08-31T01:23:44.543211396Z,16.330188,129.372845,Cloud to Cloud,-14924,7837,13
2026-08-31T01:23:43.950951728Z,16.382248,129.316031,Cloud to Ground,8540,0,6
2026-08-31T01:23:43.849000308Z,16.364449,129.297841,Cloud to Ground,9162,0,8
2026-08-31T01:23:44.945792999Z,16.383098,129.351159,Cloud to Ground,10432,0,8
2026-08-31T01:23:44.718066891Z,16.377194,129.350758,Cloud to Cloud,15329,3002,10
2026-08-31T01:23:43.849572175Z,16.381448,129.349726,Cloud to Ground,18853,0,12
2026-08-31T01:23:43.826930125Z,16.357009,129.185598,Cloud to Ground,-51742,0,23
2026-08-31T01:23:43.925668000Z,16.3333,129.1832,Cloud to Ground,-35140,0,8
2026-08-31T01:23:44.927262691Z,14.120403,134.37423,Cloud to Ground,-26996,0,17
2026-08-31T01:23:44.925908385Z,14.139323,134.411923,Cloud to Ground,-14024,0,12
2026-08-31T01:23:44.106564142Z,14.15425,134.605274,Cloud to Ground,-17929,0,7
2026-08-31T01:23:44.092446564Z,14.151646,134.614523,Cloud to Ground,-15294,0,12
2026-08-31T01:23:44.222514264Z,14.138098,134.588037,Cloud to Ground,-15110,0,10
2026-08-31T01:23:44.076070642Z,14.226035,134.593145,Cloud to Ground,-12523,0,11
2026-08-31T01:23:44.074337182Z,14.18075,134.599068,Cloud to Ground,14251,0,7
2026-08-31T01:23:44.726017283Z,16.310982,129.228874,Cloud to Cloud,9051,3003,10
2026-08-31T01:23:45.180659333Z,19.132289,119.256221,Cloud to Cloud,-9387,3003,11
2026-08-31T01:23:44.843245933Z,19.204113,119.258928,Cloud to Cloud,8760,6769,7
2026-08-31T01:23:44.841459000Z,19.2556,119.2651,Cloud to Ground,10942,0,6
2026-08-31T01:23:46.266348338Z,18.844294,116.13012,Cloud to Ground,39487,0,12
2026-08-31T01:23:47.852488173Z,19.074318,116.272892,Cloud to Ground,21766,0,18
2026-08-31T01:23:47.310164374Z,16.313652,129.442919,Cloud to Cloud,-10413,3005,10
2026-08-31T01:23:48.230726726Z,14.214266,134.774715,Cloud to Ground,-24372,0,13
2026-08-31T01:23:48.349157951Z,14.207723,134.740088,Cloud to Ground,-22553,0,13
2026-08-31T01:23:48.831602808Z,14.224685,134.813266,Cloud to Ground,-14618,0,12
2026-08-31T01:23:48.810342435Z,14.206442,134.776768,Cloud to Ground,-13767,0,11
2026-08-31T01:23:48.469030720Z,14.166288,134.83681,Cloud to Ground,-10587,0,6
2026-08-31T01:23:49.924097770Z,15.897128,129.836948,Cloud to Cloud,-9562,4711,7
2026-08-31T01:23:49.953025560Z,15.855121,129.848629,Cloud to Cloud,17705,6905,7
2026-08-31T01:23:50.999135763Z,14.421499,132.505707,Cloud to Cloud,-9019,7641,17
2026-08-31T01:23:51.000669888Z,14.431815,132.624983,Cloud to Cloud,-30735,6159,10
2026-08-31T01:23:50.997708177Z,14.427441,132.653214,Cloud to Cloud,-8767,15344,11
2026-08-31T01:23:52.277989342Z,14.476609,132.377718,Cloud to Cloud,7186,7427,7
2026-08-31T01:23:51.971050536Z,17.149888,127.536099,Cloud to Cloud,-15350,4251,9
2026-08-31T01:23:52.275508026Z,17.137395,127.584919,Cloud to Ground,-12555,0,7
2026-08-31T01:23:51.968901401Z,17.179537,127.526809,Cloud to Cloud,-9920,3320,9
2026-08-31T01:23:51.973375828Z,17.152961,127.572813,Cloud to Ground,-9087,0,7
2026-08-31T01:23:51.956464298Z,17.163976,127.579327,Cloud to Cloud,7626,3689,10
2026-08-31T01:23:52.034725974Z,17.139749,127.492795,Cloud to Cloud,12951,3422,12
2026-08-31T01:23:51.951287215Z,17.161378,127.579676,Cloud to Cloud,13895,4134,8
2026-08-31T01:23:53.901132056Z,19.522819,120.546022,Cloud to Ground,-14132,0,14
2026-08-31T01:23:53.819768676Z,19.517904,120.51865,Cloud to Cloud,-8840,6655,8
2026-08-31T01:23:54.788594702Z,15.965896,130.628725,Cloud to Cloud,-6748,4307,7
2026-08-31T01:23:54.787386812Z,15.970254,130.63097,Cloud to Ground,88710,0,23
2026-08-31T01:23:54.234403712Z,14.184503,134.937723,Cloud to Ground,-27232,0,11
2026-08-31T01:23:53.827140259Z,14.191472,134.944288,Cloud to Ground,-21166,0,11
2026-08-31T01:23:54.181886862Z,14.224053,134.913981,Cloud to Ground,-12591,0,6
2026-08-31T01:23:56.895454659Z,15.931648,130.211223,Cloud to Ground,31653,0,13
2026-08-31T01:23:57.925993000Z,16.4081,129.2697,Cloud to Ground,-15422,0,6
2026-08-31T01:23:58.076011868Z,16.361294,129.287975,Cloud to Cloud,-10274,18292,9
2026-08-31T01:23:57.888543320Z,16.376626,129.314405,Cloud to Cloud,-9710,5822,10
2026-08-31T01:23:57.830360808Z,16.363031,129.211644,Cloud to Cloud,11068,3140,8
2026-08-31T01:23:57.566590874Z,16.84835,112.039103,Cloud to Ground,21735,0,11
2026-08-31T01:23:57.795084624Z,18.511862,115.27756,Cloud to Ground,-94287,0,11
2026-08-31T01:23:57.792986867Z,18.54009,115.277376,Cloud to Ground,29439,0,15
2026-08-31T01:23:58.289420080Z,15.964896,130.49986,Cloud to Cloud,-11086,3005,11
2026-08-31T01:23:58.290434642Z,15.907652,130.526517,Cloud to Ground,12010,0,9
2026-08-31T01:23:59.736171931Z,14.385941,132.830598,Cloud to Ground,-14700,0,10
2026-08-31T01:24:01.502898957Z,14.356491,133.138296,Cloud to Ground,-24425,0,11
2026-08-31T01:24:01.502015458Z,14.377183,133.133308,Cloud to Ground,-11873,0,9
2026-08-31T01:24:02.095416430Z,16.416064,129.068894,Cloud to Cloud,-9260,16532,9
2026-08-31T01:24:03.487683114Z,15.88471,129.783944,Cloud to Cloud,14683,5887,6
2026-08-31T01:24:05.692044609Z,14.127668,134.817837,Cloud to Ground,-15055,0,7
2026-08-31T01:24:05.234591943Z,14.120168,134.802189,Cloud to Ground,-13752,0,10
2026-08-31T01:24:05.452946300Z,14.126382,134.758691,Cloud to Ground,-12581,0,16
2026-08-31T01:24:06.986660971Z,17.395249,112.964685,Cloud to Ground,-22871,0,13
2026-08-31T01:24:06.964010916Z,17.394237,112.882262,Cloud to Cloud,-9401,4308,10
2026-08-31T01:24:08.201183296Z,19.664445,120.645144,Cloud to Ground,24287,0,8
2026-08-31T01:24:09.520136690Z,15.928932,129.748071,Cloud to Ground,14875,0,7
2026-08-31T01:24:10.994382637Z,19.033483,116.330691,Cloud to Ground,-33755,0,12
2026-08-31T01:24:11.043677565Z,19.022896,116.336864,Cloud to Ground,-11182,0,12
2026-08-31T01:24:11.274052870Z,19.023041,116.333983,Cloud to Ground,-11030,0,8
2026-08-31T01:24:11.221041469Z,19.134811,117.420897,Cloud to Cloud,-14741,5150,7
2026-08-31T01:24:10.911214762Z,19.163557,117.429354,Cloud to Cloud,-6888,15355,7
2026-08-31T01:24:12.076117365Z,15.493801,131.516933,Cloud to Cloud,-7164,5055,16
2026-08-31T01:24:12.074137444Z,15.552855,131.634491,Cloud to Ground,11320,0,8
2026-08-31T01:24:13.820674242Z,14.106346,134.839479,Cloud to Ground,10707,0,8
2026-08-31T01:24:13.852590272Z,14.108949,134.853061,Cloud to Ground,11646,0,11
2026-08-31T01:24:14.428218165Z,14.09853,134.862962,Cloud to Ground,12019,0,8
2026-08-31T01:24:14.514964142Z,14.091775,134.862662,Cloud to Ground,15724,0,7
2026-08-31T01:24:14.191036808Z,14.100709,134.859549,Cloud to Ground,25327,0,18
2026-08-31T01:24:13.821269771Z,14.098426,134.861174,Cloud to Ground,41381,0,19
2026-08-31T01:24:13.743105286Z,14.097388,134.86053,Cloud to Ground,51574,0,24
2026-08-31T01:24:13.296622207Z,16.304054,129.427283,Cloud to Ground,-12410,0,8
2026-08-31T01:24:15.140733890Z,16.814071,128.586203,Cloud to Cloud,-26248,3146,12
2026-08-31T01:24:15.722098000Z,16.8329,128.4841,Cloud to Ground,-7046,0,6
2026-08-31T01:24:15.719940052Z,16.841875,128.531267,Cloud to Cloud,9870,13189,11
2026-08-31T01:24:15.637998358Z,19.588688,120.554566,Cloud to Cloud,5753,13572,5
2026-08-31T01:24:16.717614774Z,15.922771,129.856979,Cloud to Cloud,8236,5326,8
2026-08-31T01:24:17.572241519Z,15.939934,130.234776,Cloud to Ground,-16053,0,7
2026-08-31T01:24:17.711915674Z,15.940619,130.29672,Cloud to Cloud,-15428,7292,14
2026-08-31T01:24:17.510900821Z,15.930859,130.291579,Cloud to Cloud,5943,19625,10
2026-08-31T01:24:16.907551174Z,15.947974,130.189015,Cloud to Ground,24064,0,9
2026-08-31T01:24:17.710613747Z,15.818439,130.270231,Cloud to Ground,-15939,0,7
2026-08-31T01:24:17.653104042Z,19.093575,117.665413,Cloud to Cloud,7237,14779,6
2026-08-31T01:24:18.830959950Z,16.005427,130.206059,Cloud to Ground,-14173,0,15
2026-08-31T01:24:18.181374813Z,18.910755,116.145046,Cloud to Ground,-26038,0,9
2026-08-31T01:24:18.085454432Z,18.913596,116.144553,Cloud to Cloud,-19003,3118,10
2026-08-31T01:24:18.388155527Z,18.9141,116.145926,Cloud to Cloud,-10300,3012,6
2026-08-31T01:24:18.483190680Z,18.892804,116.137916,Cloud to Cloud,13284,5266,8
2026-08-31T01:24:18.685190000Z,17.2488,112.7994,Cloud to Ground,-57564,0,8
2026-08-31T01:24:19.280529193Z,17.273762,112.795061,Cloud to Ground,-39143,0,10
2026-08-31T01:24:18.985030160Z,17.297293,112.716588,Cloud to Cloud,-15407,7180,9
2026-08-31T01:24:19.314014000Z,17.2919,112.7492,Cloud to Ground,18815,0,7
2026-08-31T01:24:22.757561587Z,16.918904,128.082838,Cloud to Cloud,-7317,3020,10
2026-08-31T01:24:22.854402797Z,16.914197,128.110719,Cloud to Cloud,-6633,12997,6
2026-08-31T01:24:22.788547821Z,16.871431,128.114708,Cloud to Cloud,10748,3080,8
2026-08-31T01:24:23.470572342Z,15.992038,130.470993,Cloud to Ground,-17182,0,8
2026-08-31T01:24:23.680409426Z,16.040596,130.504757,Cloud to Cloud,5180,15864,7
2026-08-31T01:24:23.522697004Z,16.006325,130.497708,Cloud to Cloud,14576,3074,12
2026-08-31T01:24:23.571539578Z,15.968485,130.49157,Cloud to Ground,17358,0,9
2026-08-31T01:24:23.415507900Z,15.981188,130.308166,Cloud to Cloud,-12038,3253,9
2026-08-31T01:24:23.728168115Z,16.694485,128.472713,Cloud to Cloud,-10367,6431,8
2026-08-31T01:24:23.752660478Z,16.64798,128.560691,Cloud to Cloud,-10515,3549,11
2026-08-31T01:24:23.730285110Z,16.664511,128.58838,Cloud to Cloud,9448,17435,12
2026-08-31T01:24:25.320824439Z,16.310256,129.301554,Cloud to Ground,-10837,0,9
2026-08-31T01:24:25.713977020Z,16.333144,129.251872,Cloud to Cloud,-7138,6096,14
2026-08-31T01:24:25.292337240Z,16.350835,129.300376,Cloud to Cloud,17161,5460,8
2026-08-31T01:24:25.289193651Z,16.253343,129.323517,Cloud to Ground,17897,0,9
2026-08-31T01:24:25.475330526Z,18.887176,116.127755,Cloud to Ground,11872,0,9
2026-08-31T01:24:25.516109678Z,19.30157,116.56714,Cloud to Cloud,9106,18285,6
2026-08-31T01:24:26.430546419Z,15.922498,130.209029,Cloud to Ground,-33646,0,15
2026-08-31T01:24:27.126871784Z,15.946811,130.209072,Cloud to Cloud,9464,3053,10
2026-08-31T01:24:27.203256996Z,15.881545,130.233266,Cloud to Ground,11971,0,8
2026-08-31T01:24:26.329256463Z,15.970602,130.202735,Cloud to Ground,91806,0,10
2026-08-31T01:24:26.541721057Z,15.976825,130.101997,Cloud to Cloud,-22016,8071,15
2026-08-31T01:24:27.077757119Z,15.962642,130.02594,Cloud to Ground,-11950,0,10
2026-08-31T01:24:26.864461087Z,15.954216,130.055202,Cloud to Cloud,-11722,6009,19
2026-08-31T01:24:26.636749482Z,15.92497,130.08195,Cloud to Ground,-9514,0,9
2026-08-31T01:24:29.554138232Z,14.144687,134.946312,Cloud to Ground,-15764,0,12
2026-08-31T01:24:29.585969678Z,14.169522,134.921003,Cloud to Ground,-14083,0,9
2026-08-31T01:24:29.127283607Z,14.207399,134.810903,Cloud to Ground,-13772,0,11
2026-08-31T01:24:29.616163536Z,14.207918,134.797469,Cloud to Ground,-13289,0,7
2026-08-31T01:24:29.613639769Z,14.202156,134.890629,Cloud to Ground,-10310,0,8
2026-08-31T01:24:29.368934235Z,14.225644,134.787638,Cloud to Ground,-10087,0,9
2026-08-31T01:24:29.568796614Z,14.128124,134.82959,Cloud to Ground,12546,0,7
2026-08-31T01:24:31.414192134Z,15.922039,130.248643,Cloud to Cloud,-10281,5270,6
2026-08-31T01:24:31.212373244Z,19.032136,116.328337,Cloud to Ground,-34844,0,11
2026-08-31T01:24:32.854638283Z,8.83283,118.136703,Cloud to Cloud,7631,6838,11
2026-08-31T01:24:32.257055765Z,15.922365,129.841636,Cloud to Cloud,-11948,16135,9
2026-08-31T01:24:32.175205804Z,15.94713,129.83091,Cloud to Cloud,-9701,5974,8
2026-08-31T01:24:32.734285814Z,16.771946,127.931223,Cloud to Cloud,12503,4423,7
2026-08-31T01:24:33.793042951Z,19.390038,115.068781,Cloud to Cloud,-10721,3069,10
2026-08-31T01:24:35.577595137Z,16.253948,129.546684,Cloud to Cloud,-50320,7366,13
2026-08-31T01:24:35.597389691Z,16.297674,129.51047,Cloud to Cloud,-15831,3107,9
2026-08-31T01:24:36.374757481Z,18.918746,116.18081,Cloud to Cloud,-12044,3030,9
2026-08-31T01:24:36.470242167Z,18.955092,116.200867,Cloud to Cloud,-10418,12693,10
2026-08-31T01:24:35.972512181Z,18.972522,116.220841,Cloud to Cloud,14750,16397,10
2026-08-31T01:24:35.495780079Z,17.869605,111.77572,Cloud to Ground,-12970,0,6
2026-08-31T01:24:35.487839941Z,17.845901,111.716714,Cloud to Ground,-8872,0,7
2026-08-31T01:24:35.498317018Z,17.838055,111.788349,Cloud to Ground,20491,0,7
2026-08-31T01:24:36.068650536Z,18.770667,115.882697,Cloud to Ground,-21183,0,9
2026-08-31T01:24:35.851228062Z,18.777148,115.880013,Cloud to Ground,-17459,0,10
2026-08-31T01:24:36.038429236Z,18.788114,115.870127,Cloud to Ground,-15946,0,9
2026-08-31T01:24:36.273655554Z,18.771641,115.882089,Cloud to Ground,-9975,0,7
2026-08-31T01:24:36.123840804Z,18.754368,115.763405,Cloud to Cloud,7966,3052,7
2026-08-31T01:24:37.151795830Z,15.891252,129.865402,Cloud to Cloud,-13761,3042,10
2026-08-31T01:24:37.316227761Z,15.983485,129.793828,Cloud to Cloud,-8429,15060,12
2026-08-31T01:24:38.784615671Z,18.922884,118.937793,Cloud to Cloud,9017,6909,8
2026-08-31T01:24:39.615865091Z,8.964052,118.27716,Cloud to Ground,-33660,0,9
2026-08-31T01:24:39.865473963Z,8.852854,118.287866,Cloud to Ground,-21427,0,9
2026-08-31T01:24:39.585301278Z,8.801287,118.339449,Cloud to Cloud,-20855,17542,7
2026-08-31T01:24:39.654677556Z,8.838083,118.292124,Cloud to Ground,20311,0,10
2026-08-31T01:24:39.727480581Z,8.895344,118.280141,Cloud to Ground,46047,0,8
2026-08-31T01:24:38.993917155Z,19.36898,119.613802,Cloud to Cloud,7569,4207,8
2026-08-31T01:24:39.045547469Z,19.404298,119.608945,Cloud to Cloud,20798,10426,14
2026-08-31T01:24:43.427187928Z,14.382235,132.437014,Cloud to Cloud,-18472,5162,23
2026-08-31T01:24:43.383462287Z,14.460062,132.417499,Cloud to Cloud,-18419,3008,17
2026-08-31T01:24:43.400744050Z,14.380316,132.475771,Cloud to Ground,12298,0,10
2026-08-31T01:24:43.849611008Z,16.366877,129.350752,Cloud to Ground,-38314,0,16
2026-08-31T01:24:44.079716640Z,16.392852,129.372056,Cloud to Ground,-20053,0,14
2026-08-31T01:24:43.837172490Z,16.377447,129.344003,Cloud to Ground,-16877,0,10
2026-08-31T01:24:44.111509127Z,16.388767,129.347752,Cloud to Cloud,13351,3172,8
2026-08-31T01:24:43.925192944Z,16.408663,129.337739,Cloud to Cloud,22509,4273,10
2026-08-31T01:24:43.987918000Z,16.3776,129.2825,Cloud to Ground,33196,0,6
2026-08-31T01:24:43.955601341Z,16.399387,129.339759,Cloud to Ground,36281,0,10
2026-08-31T01:24:43.317214450Z,19.55423,120.526312,Cloud to Ground,-34349,0,10
2026-08-31T01:24:43.699478390Z,19.553644,120.513868,Cloud to Ground,-10957,0,5
2026-08-31T01:24:43.258519000Z,19.5587,120.4113,Cloud to Ground,256,0,5
2026-08-31T01:24:44.206860466Z,15.753775,130.288136,Cloud to Cloud,10939,5050,8
2026-08-31T01:24:44.356897702Z,16.004414,130.200997,Cloud to Ground,-15699,0,9
2026-08-31T01:24:44.647807267Z,15.95667,130.057326,Cloud to Ground,-11949,0,8
2026-08-31T01:24:44.283875535Z,16.031863,130.10326,Cloud to Cloud,-11066,19573,7
2026-08-31T01:24:44.002882103Z,15.991784,130.175518,Cloud to Ground,-11048,0,9
2026-08-31T01:24:44.525868804Z,15.949213,130.190478,Cloud to Ground,14696,0,8
2026-08-31T01:24:43.965368151Z,15.979981,130.098624,Cloud to Ground,21281,0,12
2026-08-31T01:24:44.151212218Z,15.961225,130.175328,Cloud to Ground,32925,0,12
2026-08-31T01:24:44.197583227Z,15.96934,130.157013,Cloud to Ground,42193,0,23
2026-08-31T01:24:44.761197211Z,22.815307,128.951335,Cloud to Ground,-32294,0,18
2026-08-31T01:24:44.844583589Z,22.819653,128.945334,Cloud to Ground,-22043,0,12
2026-08-31T01:24:44.740509079Z,22.806156,128.96974,Cloud to Ground,-13310,0,10
2026-08-31T01:24:44.798602845Z,22.86856,128.965708,Cloud to Cloud,10946,3108,7
2026-08-31T01:24:44.894238484Z,22.805753,128.977704,Cloud to Cloud,12059,14769,11
2026-08-31T01:24:44.832982641Z,16.359336,129.179843,Cloud to Ground,-19118,0,22
2026-08-31T01:24:44.074323328Z,16.341708,129.189371,Cloud to Ground,-34002,0,28
2026-08-31T01:24:43.900713138Z,16.378985,129.15173,Cloud to Ground,-15182,0,10
2026-08-31T01:24:47.930179483Z,18.466331,114.443378,Cloud to Cloud,31243,3029,14
2026-08-31T01:24:47.929303493Z,18.485516,114.447771,Cloud to Ground,36017,0,15
2026-08-31T01:24:47.226606985Z,19.201629,117.417474,Cloud to Ground,19301,0,9
2026-08-31T01:24:48.212480716Z,16.437574,129.104932,Cloud to Cloud,-6689,10667,8
2026-08-31T01:24:48.777776668Z,14.171165,134.797362,Cloud to Ground,-12572,0,10
2026-08-31T01:24:48.388740010Z,14.111344,134.785593,Cloud to Ground,-9954,0,9
2026-08-31T01:24:48.713640350Z,14.103401,134.761616,Cloud to Ground,10829,0,9
2026-08-31T01:24:49.361632910Z,14.119434,134.831136,Cloud to Ground,19615,0,10
2026-08-31T01:24:50.489243816Z,17.22329,127.48689,Cloud to Ground,136608,0,12
2026-08-31T01:24:50.389486663Z,19.616005,120.556934,Cloud to Cloud,7214,13351,5
2026-08-31T01:24:50.395557761Z,19.586104,120.372841,Cloud to Cloud,9078,18096,10
2026-08-31T01:24:55.024096328Z,16.869341,128.160593,Cloud to Ground,-20483,0,11
2026-08-31T01:24:54.923351014Z,16.879347,128.14838,Cloud to Ground,-18761,0,12
2026-08-31T01:24:54.949299114Z,16.893567,128.176596,Cloud to Cloud,-13949,6274,9
2026-08-31T01:24:56.514417978Z,14.417963,132.599502,Cloud to Ground,-17717,0,18
2026-08-31T01:24:56.493949095Z,14.388398,132.598016,Cloud to Cloud,-11372,3033,7
2026-08-31T01:24:56.811379578Z,14.369094,132.664465,Cloud to Cloud,-10222,6252,7
2026-08-31T01:24:56.821308591Z,14.475243,132.584266,Cloud to Cloud,-9718,4027,10
2026-08-31T01:24:57.162451580Z,14.441236,132.608881,Cloud to Cloud,-9545,3045,9
2026-08-31T01:24:57.186893932Z,14.444412,132.547832,Cloud to Cloud,-5597,11237,8
2026-08-31T01:24:57.303670213Z,14.483091,132.52418,Cloud to Cloud,15338,3962,10
2026-08-31T01:24:57.557416996Z,16.293227,129.271059,Cloud to Cloud,-13298,7886,13
2026-08-31T01:24:58.805745901Z,15.931396,129.850638,Cloud to Cloud,-13918,3049,11
2026-08-31T01:24:58.807590588Z,15.941307,129.8516,Cloud to Cloud,-13096,7231,8
2026-08-31T01:24:59.472240101Z,14.067818,134.789955,Cloud to Ground,-21422,0,11
2026-08-31T01:24:59.473696346Z,14.131549,134.800363,Cloud to Ground,-14566,0,6
2026-08-31T01:24:58.717442347Z,14.082379,134.778196,Cloud to Ground,-10791,0,6
2026-08-31T01:24:59.208603501Z,14.147879,134.749337,Cloud to Ground,-9643,0,8
2026-08-31T01:24:59.318496261Z,14.003784,133.697625,Cloud to Cloud,-15234,3033,11
2026-08-31T01:24:59.320190926Z,14.024707,133.684154,Cloud to Ground,-13109,0,10
2026-08-31T01:25:01.235974071Z,19.515464,120.48361,Cloud to Cloud,-3721,18172,6
2026-08-31T01:25:03.179946920Z,18.866186,116.140598,Cloud to Cloud,-8518,3038,7
2026-08-31T01:25:04.391193397Z,17.842109,111.932608,Cloud to Ground,-12611,0,7
2026-08-31T01:25:05.074932582Z,15.926858,130.225515,Cloud to Cloud,-17873,7982,12
2026-08-31T01:25:05.077084070Z,15.912501,130.163106,Cloud to Ground,-16839,0,11
2026-08-31T01:25:04.831759368Z,15.945898,130.071973,Cloud to Cloud,-11262,16833,7
2026-08-31T01:25:04.566308566Z,15.942017,130.228107,Cloud to Cloud,-10651,6507,9
2026-08-31T01:25:04.864277746Z,15.93365,130.21586,Cloud to Cloud,-9456,13868,7
2026-08-31T01:25:05.064134719Z,15.94618,130.232286,Cloud to Ground,-9448,0,7
2026-08-31T01:25:04.677464259Z,15.94544,130.20147,Cloud to Cloud,-8593,16055,8
2026-08-31T01:25:04.624193414Z,15.936055,130.128432,Cloud to Cloud,-6554,3122,6
2026-08-31T01:25:05.147636652Z,15.956818,130.21164,Cloud to Ground,10338,0,8
2026-08-31T01:25:05.368641165Z,16.58306,128.921172,Cloud to Cloud,9254,3022,11
2026-08-31T01:25:05.369202878Z,16.533749,128.962222,Cloud to Ground,34815,0,14
2026-08-31T01:25:07.261406662Z,15.983585,130.461529,Cloud to Cloud,-15686,17175,12
2026-08-31T01:25:07.337163425Z,15.995209,130.506264,Cloud to Cloud,-15112,4572,12
2026-08-31T01:25:07.280383241Z,15.982331,130.498113,Cloud to Cloud,6731,3004,9
2026-08-31T01:25:07.272723207Z,16.258254,129.518411,Cloud to Ground,-14877,0,10
2026-08-31T01:25:12.427715093Z,16.778304,127.919456,Cloud to Ground,-19415,0,9
2026-08-31T01:25:12.422343070Z,16.776409,127.914374,Cloud to Cloud,9535,18295,12
2026-08-31T01:25:14.036940080Z,14.17022,134.845188,Cloud to Ground,-47960,0,32
2026-08-31T01:25:14.226787186Z,14.246927,134.925155,Cloud to Ground,-13834,0,7
2026-08-31T01:25:14.049212300Z,14.228769,134.956371,Cloud to Ground,-12145,0,13
2026-08-31T01:25:14.092966310Z,14.244633,134.922554,Cloud to Ground,-11092,0,11
2026-08-31T01:25:14.088523037Z,14.244962,134.940414,Cloud to Ground,-9530,0,10
2026-08-31T01:25:14.993980565Z,19.540595,120.474563,Cloud to Ground,-20182,0,11
2026-08-31T01:25:15.130915761Z,19.540067,120.470957,Cloud to Ground,-19200,0,7
2026-08-31T01:25:15.040547987Z,19.53101,120.468541,Cloud to Ground,-14936,0,7
2026-08-31T01:25:14.480001262Z,16.81262,128.089447,Cloud to Ground,33091,0,10
2026-08-31T01:25:14.477951486Z,16.907276,128.072135,Cloud to Ground,-9656,0,12
2026-08-31T01:25:15.047597864Z,16.784462,128.180385,Cloud to Cloud,12713,15420,9
2026-08-31T01:25:15.640820362Z,19.15124,119.422533,Cloud to Cloud,10474,17615,8
2026-08-31T01:25:16.056666584Z,20.221595,121.201654,Cloud to Cloud,-5754,5271,6
2026-08-31T01:25:16.308689682Z,20.230221,121.242902,Cloud to Cloud,3569,14399,6
2026-08-31T01:25:16.079592591Z,20.25163,121.163249,Cloud to Cloud,6187,19947,6
2026-08-31T01:25:16.105263677Z,20.244108,121.156919,Cloud to Cloud,6794,13787,7
2026-08-31T01:25:15.745983834Z,20.248924,121.171532,Cloud to Cloud,10044,15971,6
2026-08-31T01:25:16.331573093Z,20.195732,121.245653,Cloud to Ground,10498,0,7
2026-08-31T01:25:17.599376021Z,16.289553,130.751089,Cloud to Cloud,-9613,8629,11
2026-08-31T01:25:17.642682561Z,16.294118,130.781467,Cloud to Ground,11138,0,7
2026-08-31T01:25:17.801721630Z,16.307349,130.75518,Cloud to Cloud,11449,4671,6
2026-08-31T01:25:17.592998000Z,16.2865,130.7331,Cloud to Ground,63762,0,10
2026-08-31T01:25:17.702927897Z,19.197828,117.435322,Cloud to Ground,10776,0,10
2026-08-31T01:25:18.493318569Z,17.398797,112.967319,Cloud to Cloud,11604,3057,8
2026-08-31T01:25:18.284667431Z,17.419468,112.974629,Cloud to Ground,90426,0,18
2026-08-31T01:25:19.404655512Z,19.580625,120.5555,Cloud to Cloud,-7192,18894,6
2026-08-31T01:25:19.139760660Z,19.588851,120.525216,Cloud to Cloud,8203,16714,7
2026-08-31T01:25:19.413084495Z,18.922906,116.149826,Cloud to Ground,-9276,0,6
2026-08-31T01:25:23.949460699Z,19.78976,120.723694,Cloud to Ground,22692,0,7
2026-08-31T01:25:24.242346626Z,19.683453,120.756503,Cloud to Cloud,5176,8218,7
2026-08-31T01:25:24.081366723Z,19.678885,120.729496,Cloud to Cloud,6076,6434,6
2026-08-31T01:25:23.938543001Z,19.675096,120.724126,Cloud to Cloud,11353,7715,6
2026-08-31T01:25:25.498117971Z,15.794065,129.877815,Cloud to Ground,10997,0,7
2026-08-31T01:25:25.517888926Z,15.899185,129.849816,Cloud to Ground,31672,0,8
2026-08-31T01:25:25.687040120Z,17.153704,127.590195,Cloud to Ground,-32579,0,13
2026-08-31T01:25:25.688270299Z,17.161231,127.629274,Cloud to Cloud,13671,3625,14
2026-08-31T01:25:25.687754891Z,17.14177,127.609792,Cloud to Ground,41147,0,11
2026-08-31T01:25:25.067328424Z,19.31568,119.489405,Cloud to Ground,-19326,0,14
2026-08-31T01:25:25.069195117Z,19.312528,119.485727,Cloud to Cloud,18709,18463,13
2026-08-31T01:25:25.739672303Z,19.358936,119.621692,Cloud to Ground,-39921,0,12
2026-08-31T01:25:26.090351363Z,15.927961,130.186744,Cloud to Ground,-60801,0,12
2026-08-31T01:25:26.118369571Z,15.927741,130.191564,Cloud to Ground,-19987,0,11
2026-08-31T01:25:26.199381298Z,15.917711,130.259146,Cloud to Cloud,-11809,5090,14
2026-08-31T01:25:26.142206322Z,15.930695,130.223645,Cloud to Cloud,16817,3064,12
2026-08-31T01:25:26.714101790Z,19.601077,120.20489,Cloud to Cloud,7802,3799,6
2026-08-31T01:25:26.523314926Z,19.585147,120.262129,Cloud to Ground,35739,0,12
2026-08-31T01:25:27.768726022Z,16.347679,129.133691,Cloud to Cloud,16208,5457,11
2026-08-31T01:25:27.810020540Z,16.428046,129.084692,Cloud to Cloud,-6156,11534,9
2026-08-31T01:25:31.575090898Z,16.124031,129.431329,Cloud to Cloud,-18831,3007,8
2026-08-31T01:25:31.541949942Z,16.452113,129.343663,Cloud to Cloud,-35620,6993,17
2026-08-31T01:25:32.240984068Z,16.427981,129.284251,Cloud to Cloud,-15252,13948,8
2026-08-31T01:25:31.562874552Z,16.369827,129.349886,Cloud to Cloud,-8720,4289,17
2026-08-31T01:25:32.639542419Z,16.376677,129.36932,Cloud to Cloud,13974,3025,7
2026-08-31T01:25:32.725609981Z,16.369688,129.372157,Cloud to Cloud,19034,3238,12
2026-08-31T01:25:32.894647141Z,16.375594,129.191951,Cloud to Ground,-11171,0,10
2026-08-31T01:25:32.023039299Z,18.643646,115.254294,Cloud to Cloud,-10631,3064,10
2026-08-31T01:25:32.587708119Z,18.570466,115.340651,Cloud to Cloud,-27880,6314,11
2026-08-31T01:25:33.545011759Z,13.968721,134.865183,Cloud to Ground,34855,0,14
2026-08-31T01:25:33.418323580Z,14.111761,134.812651,Cloud to Ground,-16184,0,14
2026-08-31T01:25:33.419226453Z,14.172497,134.73916,Cloud to Ground,-16015,0,16
2026-08-31T01:25:33.340749316Z,14.164936,134.822809,Cloud to Ground,-13093,0,12
2026-08-31T01:25:33.513527242Z,14.088917,134.84812,Cloud to Ground,11625,0,11
2026-08-31T01:25:33.491406095Z,14.096537,134.843656,Cloud to Ground,14435,0,15
2026-08-31T01:25:33.490794510Z,14.092703,134.836461,Cloud to Ground,17504,0,14
2026-08-31T01:25:33.399416558Z,14.088659,134.847288,Cloud to Ground,19888,0,14
2026-08-31T01:25:33.382528538Z,14.090993,134.881397,Cloud to Ground,38420,0,18
2026-08-31T01:25:33.320326590Z,14.096939,134.841288,Cloud to Ground,74364,0,18
2026-08-31T01:25:34.965532694Z,8.355048,117.536874,Cloud to Cloud,18253,11367,7
2026-08-31T01:25:34.286914992Z,14.111857,134.766432,Cloud to Ground,10871,0,9
2026-08-31T01:25:34.341658675Z,14.096676,134.835458,Cloud to Ground,23030,0,16
2026-08-31T01:25:34.218673529Z,14.107175,134.799342,Cloud to Ground,29427,0,13
2026-08-31T01:25:35.222066248Z,16.578159,128.648407,Cloud to Cloud,14679,7669,10
2026-08-31T01:25:37.177412096Z,16.238196,129.531557,Cloud to Ground,-9286,0,13
2026-08-31T01:25:37.226738625Z,16.159749,129.559928,Cloud to Cloud,14929,18020,7
2026-08-31T01:25:37.211986978Z,16.143191,129.559518,Cloud to Ground,21530,0,8
2026-08-31T01:25:37.142654410Z,16.223107,129.561629,Cloud to Ground,34081,0,15
2026-08-31T01:25:38.393606872Z,18.761791,115.89459,Cloud to Ground,-43994,0,14
2026-08-31T01:25:38.507359661Z,18.78169,115.89325,Cloud to Ground,-43266,0,10
2026-08-31T01:25:40.719390760Z,14.376323,132.49625,Cloud to Ground,15920,0,16
2026-08-31T01:25:40.972597000Z,18.893,120.5577,Cloud to Ground,9481,0,6
2026-08-31T01:25:40.389745185Z,18.919454,120.505318,Cloud to Ground,36555,0,8
2026-08-31T01:25:41.591386803Z,18.309999,120.916893,Cloud to Cloud,11939,6052,7
2026-08-31T01:25:42.027837710Z,15.86802,130.533237,Cloud to Cloud,10887,14243,11
2026-08-31T01:25:43.915030540Z,17.203996,127.475672,Cloud to Ground,13117,0,9
2026-08-31T01:25:43.926508168Z,17.184404,127.342662,Cloud to Cloud,-13748,18591,12
2026-08-31T01:25:43.912900626Z,17.108196,127.359468,Cloud to Cloud,10172,3268,10
2026-08-31T01:25:44.311763604Z,17.176934,127.33322,Cloud to Cloud,10925,3042,7
2026-08-31T01:25:43.910005217Z,17.098027,127.372326,Cloud to Ground,15956,0,9
2026-08-31T01:25:43.912066325Z,17.16467,127.364682,Cloud to Ground,44826,0,11
2026-08-31T01:25:43.910568344Z,17.077548,127.387747,Cloud to Ground,83022,0,11
2026-08-31T01:25:44.381806184Z,15.87118,130.271647,Cloud to Ground,-23870,0,8
2026-08-31T01:25:44.381211080Z,15.89606,130.263655,Cloud to Ground,-12192,0,9
2026-08-31T01:25:44.849229727Z,15.923469,130.261199,Cloud to Cloud,-11966,16278,9
2026-08-31T01:25:44.378071224Z,15.904162,130.267383,Cloud to Ground,-10591,0,7
2026-08-31T01:25:44.436605087Z,15.901212,130.273976,Cloud to Cloud,10614,18309,16
2026-08-31T01:25:44.641468790Z,19.61333,120.554182,Cloud to Cloud,4781,8930,6
2026-08-31T01:25:44.818792264Z,19.615679,120.548006,Cloud to Cloud,6195,5706,5
2026-08-31T01:25:44.858894930Z,19.572983,120.570809,Cloud to Cloud,9107,3002,5
2026-08-31T01:25:44.071129103Z,18.95257,116.158581,Cloud to Ground,-14120,0,9
2026-08-31T01:25:43.470036053Z,18.904176,116.155355,Cloud to Ground,10274,0,11
2026-08-31T01:25:45.591721681Z,16.825341,128.299176,Cloud to Cloud,20606,5738,10
2026-08-31T01:25:45.614864919Z,16.924668,128.308947,Cloud to Cloud,12006,4464,11
2026-08-31T01:25:45.693633049Z,18.976556,116.228639,Cloud to Ground,-22939,0,12
2026-08-31T01:25:46.247335346Z,19.288536,116.56143,Cloud to Ground,13012,0,10
2026-08-31T01:25:49.467945165Z,19.025683,116.312109,Cloud to Ground,13480,0,8
2026-08-31T01:25:51.247774798Z,16.978277,128.047412,Cloud to Cloud,-17531,6343,16
2026-08-31T01:25:51.120552754Z,16.949846,127.996372,Cloud to Ground,-16003,0,21
2026-08-31T01:25:51.162739455Z,16.90657,128.079003,Cloud to Ground,-12658,0,10
2026-08-31T01:25:52.008950535Z,15.474444,131.670204,Cloud to Cloud,-17236,4804,12
2026-08-31T01:25:52.006738969Z,15.499407,131.663845,Cloud to Ground,29154,0,26
2026-08-31T01:25:52.634064809Z,20.063679,120.792349,Cloud to Cloud,-17632,13402,8
2026-08-31T01:25:52.346045527Z,19.940923,120.771428,Cloud to Cloud,-11331,15613,7
2026-08-31T01:25:52.352955816Z,19.967642,120.815702,Cloud to Cloud,7355,5786,7
2026-08-31T01:25:52.466328420Z,19.966809,120.815251,Cloud to Cloud,8828,4220,6
2026-08-31T01:25:52.332610372Z,19.947322,120.777079,Cloud to Cloud,11264,19409,9
2026-08-31T01:25:52.360056059Z,19.9715,120.811493,Cloud to Ground,13639,0,9
2026-08-31T01:25:54.398848531Z,16.853504,127.903393,Cloud to Cloud,17993,17881,12
2026-08-31T01:25:54.529613924Z,19.075306,117.280608,Cloud to Cloud,21154,5553,8
2026-08-31T01:25:56.462839360Z,14.117591,134.773253,Cloud to Ground,-19789,0,18
2026-08-31T01:25:56.483761020Z,14.116629,134.771474,Cloud to Ground,-14310,0,18
2026-08-31T01:26:01.461042159Z,16.304445,130.572535,Cloud to Ground,-19351,0,9
2026-08-31T01:26:01.300413377Z,16.280905,130.570278,Cloud to Ground,-16572,0,12
2026-08-31T01:26:01.340832284Z,16.269442,130.76935,Cloud to Cloud,7565,5930,7
2026-08-31T01:26:01.373527228Z,16.266693,130.777513,Cloud to Ground,8955,0,10
2026-08-31T01:26:01.416220000Z,16.294,130.7043,Cloud to Ground,38998,0,5
2026-08-31T01:26:02.321960665Z,15.868771,130.566143,Cloud to Cloud,16878,5375,12
2026-08-31T01:26:04.747099424Z,16.382941,129.222575,Cloud to Ground,-27617,0,20
2026-08-31T01:26:04.541837052Z,16.361153,129.356169,Cloud to Ground,-20305,0,10
2026-08-31T01:26:04.641525996Z,16.371201,129.346861,Cloud to Ground,-14955,0,12
2026-08-31T01:26:04.684391000Z,16.3879,129.2826,Cloud to Ground,15002,0,6
2026-08-31T01:26:04.464682888Z,16.437928,129.205184,Cloud to Ground,15272,0,8
2026-08-31T01:26:04.785553000Z,16.3862,129.3273,Cloud to Ground,21272,0,7
2026-08-31T01:26:04.587661000Z,16.3677,129.3644,Cloud to Ground,34888,0,5
2026-08-31T01:26:04.441233000Z,16.3921,129.3074,Cloud to Ground,132729,0,9
2026-08-31T01:26:05.623032647Z,18.922304,116.191082,Cloud to Cloud,-8126,3852,6
2026-08-31T01:26:06.683501771Z,8.956962,118.287108,Cloud to Ground,-30633,0,18
2026-08-31T01:26:06.917207000Z,8.8471,118.3519,Cloud to Ground,25923,0,8
2026-08-31T01:26:06.217930199Z,14.232761,134.968518,Cloud to Ground,-12762,0,21
2026-08-31T01:26:06.495004171Z,14.255279,134.979239,Cloud to Ground,-9689,0,7
2026-08-31T01:26:06.880019150Z,16.331337,129.132821,Cloud to Cloud,10563,16299,7
2026-08-31T01:26:06.852322311Z,15.986552,129.786964,Cloud to Cloud,21207,17010,11
2026-08-31T01:26:07.694051996Z,15.964837,129.815368,Cloud to Ground,-19089,0,10
2026-08-31T01:26:07.702128737Z,15.93204,129.868298,Cloud to Cloud,-13542,15115,10
2026-08-31T01:26:07.773914089Z,15.971977,129.845349,Cloud to Cloud,-9373,16514,10
2026-08-31T01:26:07.773480219Z,15.955966,129.842815,Cloud to Ground,35743,0,12
2026-08-31T01:26:07.702997536Z,16.047003,129.667524,Cloud to Ground,-13793,0,7
2026-08-31T01:26:07.733199000Z,16.189,129.6739,Cloud to Ground,-18796,0,5
2026-08-31T01:26:07.946353179Z,19.013379,116.345364,Cloud to Cloud,-14960,8660,13
2026-08-31T01:26:09.154965062Z,14.330739,132.70599,Cloud to Cloud,19270,4733,8
2026-08-31T01:26:09.462532960Z,14.503153,132.616159,Cloud to Ground,-22271,0,12
2026-08-31T01:26:09.157210550Z,14.441956,132.66275,Cloud to Cloud,-13688,3261,11
2026-08-31T01:26:09.153261581Z,14.450449,132.64224,Cloud to Cloud,-13173,3692,12
2026-08-31T01:26:09.202850226Z,14.465446,132.687708,Cloud to Cloud,-11130,15699,7
2026-08-31T01:26:09.158632877Z,14.423931,132.668473,Cloud to Ground,-9867,0,9
2026-08-31T01:26:10.624994035Z,8.829707,118.219916,Cloud to Cloud,11809,19062,6
2026-08-31T01:26:10.237125384Z,18.950464,116.358029,Cloud to Cloud,-12103,3020,8
2026-08-31T01:26:11.017240159Z,19.857141,120.69179,Cloud to Cloud,-7411,19800,7
2026-08-31T01:26:11.014068631Z,19.811098,120.704691,Cloud to Cloud,4921,17047,6
2026-08-31T01:26:11.426248432Z,19.884749,120.786876,Cloud to Cloud,7243,4795,8
2026-08-31T01:26:11.021808000Z,19.8828,120.7139,Cloud to Ground,9450,0,5
2026-08-31T01:26:11.787054254Z,14.177071,134.826808,Cloud to Ground,-14542,0,9
2026-08-31T01:26:11.775242632Z,14.168886,134.807606,Cloud to Ground,-13371,0,11
2026-08-31T01:26:11.760737282Z,14.121668,134.842891,Cloud to Ground,7431,0,6
2026-08-31T01:26:12.509808565Z,14.131366,134.794485,Cloud to Ground,10904,0,7
2026-08-31T01:26:12.381830483Z,14.089886,134.845807,Cloud to Ground,17105,0,9
2026-08-31T01:26:12.385237163Z,14.08546,134.845352,Cloud to Ground,20276,0,10
2026-08-31T01:26:12.170102685Z,14.077049,134.848497,Cloud to Ground,22314,0,18
2026-08-31T01:26:12.333637705Z,14.073829,134.861128,Cloud to Ground,83952,0,20
2026-08-31T01:26:12.968214436Z,16.840336,128.473313,Cloud to Cloud,-14297,3926,10
2026-08-31T01:26:12.973126226Z,16.846156,128.49321,Cloud to Cloud,11529,3648,9
2026-08-31T01:26:12.967079577Z,16.854903,128.523244,Cloud to Ground,34420,0,13
2026-08-31T01:26:12.967583724Z,16.839834,128.528473,Cloud to Ground,42884,0,13
2026-08-31T01:26:13.041292071Z,14.161889,134.432399,Cloud to Ground,-9577,0,7
2026-08-31T01:26:13.013837539Z,14.170717,134.656765,Cloud to Ground,-28598,0,16
2026-08-31T01:26:13.022773001Z,14.152683,134.586934,Cloud to Ground,-16632,0,10
2026-08-31T01:26:13.010485019Z,14.233213,134.595981,Cloud to Ground,-13145,0,17
2026-08-31T01:26:13.016608590Z,14.15963,134.615232,Cloud to Ground,-10847,0,11
2026-08-31T01:26:13.036211243Z,14.180313,134.58418,Cloud to Ground,-10832,0,8
2026-08-31T01:26:13.043827665Z,14.249486,134.6473,Cloud to Ground,-9600,0,10
2026-08-31T01:26:13.044752400Z,14.259926,134.699324,Cloud to Ground,-8733,0,7
2026-08-31T01:26:13.036921170Z,19.577372,120.53498,Cloud to Cloud,7889,18443,5
2026-08-31T01:26:14.068263030Z,16.01561,130.088002,Cloud to Ground,13248,0,7
2026-08-31T01:26:14.073082524Z,15.933656,130.087571,Cloud to Ground,36957,0,18
2026-08-31T01:26:14.331470433Z,15.872739,130.285067,Cloud to Ground,10892,0,9
2026-08-31T01:26:15.271256514Z,16.569104,128.943848,Cloud to Ground,21405,0,23
2026-08-31T01:26:15.283301650Z,16.566656,128.825147,Cloud to Cloud,8287,3030,10
2026-08-31T01:26:17.338924900Z,14.393838,132.494695,Cloud to Cloud,-8652,4455,10
2026-08-31T01:26:17.473946403Z,16.886993,112.18549,Cloud to Cloud,-14290,6727,7
2026-08-31T01:26:17.476174870Z,16.859701,112.12729,Cloud to Ground,7631,0,7
2026-08-31T01:26:18.292157296Z,18.408657,114.751302,Cloud to Cloud,-9971,3014,9
2026-08-31T01:26:18.291275011Z,18.430465,114.658353,Cloud to Cloud,8046,4588,10
2026-08-31T01:26:18.287752410Z,18.438308,114.748658,Cloud to Cloud,9986,4391,7
2026-08-31T01:26:18.736374752Z,16.135054,129.629803,Cloud to Cloud,14954,4364,9
2026-08-31T01:26:18.673417642Z,16.16915,129.612967,Cloud to Cloud,24425,3867,8
2026-08-31T01:26:19.001620597Z,16.255568,129.514155,Cloud to Cloud,-7326,3614,9
2026-08-31T01:26:20.625354608Z,3.667964,112.501326,Cloud to Ground,22146,0,12
2026-08-31T01:26:20.679260064Z,17.336501,127.474476,Cloud to Ground,-13735,0,10
2026-08-31T01:26:20.717248814Z,17.342563,127.483899,Cloud to Cloud,-10858,3728,8
2026-08-31T01:26:20.676429512Z,17.320428,127.499225,Cloud to Ground,34770,0,12
2026-08-31T01:26:20.675922283Z,17.410964,127.483117,Cloud to Ground,49925,0,12
2026-08-31T01:26:20.325119000Z,19.6515,120.5559,Cloud to Ground,-19116,0,5
2026-08-31T01:26:20.291402054Z,19.605476,120.545599,Cloud to Cloud,11918,16418,6
2026-08-31T01:26:23.196643890Z,14.007815,133.704698,Cloud to Ground,-38791,0,15
2026-08-31T01:26:26.462557181Z,18.95413,116.07175,Cloud to Ground,17045,0,11
2026-08-31T01:26:28.522506699Z,15.714841,129.923836,Cloud to Cloud,14678,5540,8
2026-08-31T01:26:28.976379226Z,15.951483,129.846676,Cloud to Cloud,-7883,4715,8
2026-08-31T01:26:28.815951895Z,15.935268,129.845757,Cloud to Cloud,-6311,3781,9
2026-08-31T01:26:29.187738648Z,19.187759,117.431147,Cloud to Ground,-16898,0,10
2026-08-31T01:26:31.836956863Z,19.012904,116.34657,Cloud to Cloud,-12186,5696,7
2026-08-31T01:26:32.884229504Z,18.919117,116.15934,Cloud to Cloud,-13718,3181,12
2026-08-31T01:26:33.335091542Z,18.915344,116.208581,Cloud to Cloud,-9633,15081,8
2026-08-31T01:26:33.664409857Z,16.292793,129.286726,Cloud to Cloud,-9397,16192,7
2026-08-31T01:26:33.691878796Z,16.32458,129.262492,Cloud to Cloud,-7822,3037,10
2026-08-31T01:26:33.395029999Z,16.309367,129.240928,Cloud to Cloud,9797,7667,13
2026-08-31T01:26:33.963844278Z,16.326876,129.243861,Cloud to Cloud,10034,5705,13
2026-08-31T01:26:35.766214733Z,14.127721,134.803156,Cloud to Ground,-10415,0,10
2026-08-31T01:26:35.889616134Z,14.087675,134.844634,Cloud to Ground,11690,0,7
2026-08-31T01:26:37.006242849Z,17.132974,127.459209,Cloud to Cloud,-5155,18835,7
2026-08-31T01:26:36.895420041Z,17.128625,127.469542,Cloud to Cloud,7624,5562,10
2026-08-31T01:26:37.002874142Z,17.131531,127.59789,Cloud to Cloud,-10419,11988,11
2026-08-31T01:26:36.897286854Z,17.137804,127.593211,Cloud to Ground,29475,0,14
2026-08-31T01:26:37.755565008Z,16.01315,130.226175,Cloud to Cloud,-17202,7863,12
2026-08-31T01:26:37.781183963Z,16.030125,130.238638,Cloud to Cloud,-10034,16500,17
2026-08-31T01:26:38.473323853Z,18.988265,116.244862,Cloud to Ground,-16340,0,8
2026-08-31T01:26:37.905139269Z,18.9714,116.207588,Cloud to Ground,33058,0,7
2026-08-31T01:26:46.012267763Z,15.496444,131.560643,Cloud to Ground,-37031,0,12
2026-08-31T01:26:46.059915055Z,15.495984,131.720018,Cloud to Cloud,12434,5996,11
2026-08-31T01:26:46.058169410Z,15.560039,131.650844,Cloud to Ground,16081,0,20
2026-08-31T01:26:47.859416025Z,19.579948,120.575499,Cloud to Ground,-40770,0,14
2026-08-31T01:26:48.480975960Z,19.482766,120.613856,Cloud to Ground,62841,0,14
2026-08-31T01:26:48.243169032Z,19.671755,120.507973,Cloud to Cloud,7555,10833,12
2026-08-31T01:26:49.539548267Z,14.218298,133.307015,Cloud to Ground,-33223,0,14
2026-08-31T01:26:49.541167285Z,14.235695,133.310001,Cloud to Ground,-22247,0,13
2026-08-31T01:26:49.542197600Z,14.220039,133.300123,Cloud to Ground,-15989,0,10
2026-08-31T01:26:49.544043437Z,14.273847,133.262505,Cloud to Ground,-14986,0,13
2026-08-31T01:26:49.549257666Z,14.291633,133.267423,Cloud to Ground,-10090,0,9
2026-08-31T01:26:49.538563054Z,14.224012,133.327436,Cloud to Ground,10752,0,8
2026-08-31T01:26:49.639003255Z,15.939486,129.69301,Cloud to Cloud,-29024,10745,30
2026-08-31T01:26:50.307092321Z,15.97009,129.682598,Cloud to Cloud,-13751,5166,10
2026-08-31T01:26:49.756620034Z,15.963794,129.846467,Cloud to Ground,-16211,0,10
2026-08-31T01:26:50.048127252Z,15.958347,129.838938,Cloud to Ground,-11916,0,8
2026-08-31T01:26:50.254045035Z,15.978725,129.857919,Cloud to Cloud,7074,4454,6
2026-08-31T01:26:50.410463888Z,15.965685,129.857892,Cloud to Ground,11028,0,9
2026-08-31T01:26:50.204593755Z,15.960772,129.859121,Cloud to Ground,14012,0,9
2026-08-31T01:26:49.788906988Z,15.910904,129.877514,Cloud to Ground,15055,0,7
2026-08-31T01:26:50.003338779Z,15.970784,129.863422,Cloud to Ground,31323,0,12
2026-08-31T01:26:51.476583619Z,15.961711,129.994562,Cloud to Ground,-10503,0,7
2026-08-31T01:26:51.643192260Z,16.05244,130.106005,Cloud to Cloud,5315,3055,7
2026-08-31T01:26:51.258857860Z,15.963712,129.98896,Cloud to Cloud,7654,7849,11
2026-08-31T01:26:51.515798225Z,16.024291,130.031626,Cloud to Ground,9064,0,7
2026-08-31T01:26:50.916312689Z,15.953285,129.995487,Cloud to Ground,13505,0,12
2026-08-31T01:26:51.664401314Z,16.098791,130.015632,Cloud to Ground,25834,0,16
2026-08-31T01:26:52.148481049Z,19.204303,117.440824,Cloud to Cloud,-12120,7023,10
2026-08-31T01:26:52.742162947Z,19.046645,116.366308,Cloud to Ground,-27712,0,12
2026-08-31T01:26:52.901651352Z,19.045011,116.349537,Cloud to Cloud,-22213,4894,7
2026-08-31T01:26:54.309025993Z,16.694505,128.613692,Cloud to Ground,-9181,0,7
2026-08-31T01:26:54.301554695Z,16.665991,128.441071,Cloud to Cloud,-10128,16788,19
2026-08-31T01:26:54.088804438Z,16.688892,128.472683,Cloud to Ground,31072,0,7
2026-08-31T01:26:54.294507965Z,17.842208,111.894367,Cloud to Ground,-11237,0,6
2026-08-31T01:26:54.323775267Z,17.835962,111.856973,Cloud to Cloud,7139,4209,6
2026-08-31T01:26:55.789133669Z,16.266402,130.78787,Cloud to Cloud,-10110,18183,8
2026-08-31T01:26:55.791004463Z,16.270325,130.767153,Cloud to Cloud,-6175,4259,8
2026-08-31T01:26:57.613509698Z,16.270418,129.418055,Cloud to Ground,-36228,0,11
2026-08-31T01:26:57.627575849Z,16.313921,129.396542,Cloud to Ground,-31644,0,11
2026-08-31T01:26:57.695728362Z,16.31521,129.388693,Cloud to Ground,-31022,0,13
2026-08-31T01:26:57.649973208Z,16.332268,129.410798,Cloud to Ground,24199,0,7
2026-08-31T01:26:57.727531945Z,16.337304,129.412499,Cloud to Ground,44717,0,12
2026-08-31T01:27:00.855506051Z,14.246321,134.826808,Cloud to Ground,-18677,0,22
2026-08-31T01:27:00.857669975Z,14.250926,134.848203,Cloud to Ground,-16151,0,15
2026-08-31T01:27:00.869737847Z,14.242185,134.833,Cloud to Ground,-14595,0,13
2026-08-31T01:27:00.860097363Z,14.16857,134.897461,Cloud to Ground,-16222,0,10
2026-08-31T01:27:00.900364301Z,14.135111,134.851583,Cloud to Cloud,-11521,10035,15
2026-08-31T01:27:00.117089650Z,14.061127,134.873742,Cloud to Ground,15714,0,9
2026-08-31T01:27:00.641862690Z,14.06074,134.889464,Cloud to Ground,28675,0,15
2026-08-31T01:27:00.210059755Z,14.06197,134.870365,Cloud to Ground,36452,0,16
2026-08-31T01:27:00.183421278Z,14.061745,134.888145,Cloud to Ground,42694,0,12
2026-08-31T01:27:00.073814015Z,14.060404,134.873158,Cloud to Ground,57507,0,19
2026-08-31T01:27:00.076605813Z,15.921518,129.855386,Cloud to Ground,-23668,0,10
2026-08-31T01:27:01.528622356Z,18.539304,115.304402,Cloud to Ground,26270,0,10
2026-08-31T01:27:03.239263675Z,15.866313,130.682329,Cloud to Ground,-23977,0,11
2026-08-31T01:27:03.678287576Z,19.165007,119.445336,Cloud to Ground,10453,0,9
2026-08-31T01:27:03.640571769Z,19.163342,119.4395,Cloud to Cloud,10925,3000,7
2026-08-31T01:27:06.751689638Z,18.674551,115.581332,Cloud to Ground,15324,0,10
2026-08-31T01:27:06.750389855Z,18.671816,115.573327,Cloud to Ground,35450,0,11
2026-08-31T01:27:06.806518000Z,19.0856,117.2499,Cloud to Ground,12978,0,6
2026-08-31T01:27:08.857718286Z,15.930875,130.232962,Cloud to Cloud,-19135,3214,10
2026-08-31T01:27:08.858557370Z,15.956856,130.226205,Cloud to Cloud,-15170,9584,12
2026-08-31T01:27:08.817430678Z,15.950029,130.2262,Cloud to Cloud,-12262,3042,8
2026-08-31T01:27:08.814824781Z,15.852544,130.249811,Cloud to Ground,16150,0,8
2026-08-31T01:27:08.058605384Z,18.503207,111.88807,Cloud to Cloud,12596,17557,11
2026-08-31T01:27:08.060092833Z,18.496225,111.88365,Cloud to Ground,12867,0,9
2026-08-31T01:27:08.065898335Z,18.48692,111.878157,Cloud to Ground,13458,0,10
2026-08-31T01:27:09.185791218Z,16.140511,130.234515,Cloud to Ground,-7465,0,7
2026-08-31T01:27:14.051636021Z,19.017731,116.356991,Cloud to Ground,-19599,0,11
2026-08-31T01:27:16.349347319Z,3.726423,112.49485,Cloud to Ground,15013,0,9
2026-08-31T01:27:16.423288715Z,3.691343,112.495785,Cloud to Ground,26970,0,11
2026-08-31T01:27:18.013118454Z,14.137568,134.779056,Cloud to Ground,-16289,0,16
2026-08-31T01:27:18.142953565Z,14.154334,134.807573,Cloud to Ground,-10670,0,10
2026-08-31T01:27:18.752335492Z,19.545705,120.467085,Cloud to Cloud,-7047,3792,7
2026-08-31T01:27:18.386600396Z,19.612301,120.567404,Cloud to Ground,-28208,0,19
2026-08-31T01:27:20.054051486Z,19.320641,116.58561,Cloud to Ground,15266,0,9
2026-08-31T01:27:21.291768892Z,16.329684,129.248986,Cloud to Cloud,10754,15435,7
2026-08-31T01:27:21.077899016Z,19.417313,116.506433,Cloud to Cloud,12699,3021,8
2026-08-31T01:27:23.188496018Z,18.985542,116.231873,Cloud to Ground,-17924,0,10
2026-08-31T01:27:23.641509807Z,18.955329,116.249951,Cloud to Cloud,6497,12461,7
2026-08-31T01:27:24.197813699Z,19.827198,120.586381,Cloud to Ground,12930,0,8
2026-08-31T01:27:24.048749194Z,19.555108,120.530954,Cloud to Ground,-19903,0,12
2026-08-31T01:27:24.105210626Z,19.558812,120.510014,Cloud to Ground,-18757,0,9
2026-08-31T01:27:24.415988579Z,19.554189,120.529029,Cloud to Ground,-13324,0,10
2026-08-31T01:27:24.384552477Z,19.558356,120.540709,Cloud to Ground,-6185,0,6
2026-08-31T01:27:25.025712089Z,15.490907,131.535859,Cloud to Ground,-10985,0,14
2026-08-31T01:27:25.317894901Z,16.455874,129.315917,Cloud to Ground,-41419,0,18
2026-08-31T01:27:25.365492419Z,16.366092,129.381013,Cloud to Ground,-24182,0,11
2026-08-31T01:27:25.393207887Z,16.378829,129.398566,Cloud to Ground,-23114,0,14
2026-08-31T01:27:25.870132011Z,16.390715,129.193679,Cloud to Ground,-12765,0,10
2026-08-31T01:27:26.094836563Z,16.158279,129.392689,Cloud to Cloud,-9407,3091,8
2026-08-31T01:27:25.873335443Z,16.183095,129.435502,Cloud to Cloud,12019,3251,7
2026-08-31T01:27:26.081357090Z,16.271655,129.412948,Cloud to Ground,-12801,0,12
2026-08-31T01:27:26.222892333Z,16.344356,129.400939,Cloud to Ground,14589,0,9
2026-08-31T01:27:27.810157856Z,19.01535,116.369278,Cloud to Cloud,-12510,3006,9
2026-08-31T01:27:27.113888674Z,16.853205,128.213538,Cloud to Ground,-22277,0,7
2026-08-31T01:27:27.434162016Z,16.968714,128.223233,Cloud to Cloud,-12366,3058,10
2026-08-31T01:27:27.115309203Z,16.922107,128.205156,Cloud to Cloud,-9008,10717,10
2026-08-31T01:27:27.088148331Z,16.919476,128.208767,Cloud to Cloud,-8420,3176,9
2026-08-31T01:27:27.078011907Z,16.894628,128.218808,Cloud to Ground,16935,0,8
2026-08-31T01:27:27.076819098Z,16.907667,128.089851,Cloud to Cloud,17202,3026,11
2026-08-31T01:27:27.964362154Z,19.147354,119.123815,Cloud to Cloud,7313,19359,7
2026-08-31T01:27:28.133766385Z,19.143086,119.072685,Cloud to Cloud,18958,3000,7
2026-08-31T01:27:28.067820005Z,19.091943,119.028411,Cloud to Cloud,19352,6405,13
2026-08-31T01:27:29.953915386Z,15.943267,130.380415,Cloud to Ground,-13204,0,7
2026-08-31T01:27:29.638176811Z,15.8636,130.27609,Cloud to Cloud,-18367,9853,9
2026-08-31T01:27:29.654308030Z,15.92245,130.270937,Cloud to Ground,-13171,0,9
2026-08-31T01:27:29.541763186Z,15.889108,130.273221,Cloud to Cloud,-12560,6504,10
2026-08-31T01:27:29.136524955Z,15.909827,130.247055,Cloud to Cloud,-12410,15288,16
2026-08-31T01:27:29.130940448Z,15.94875,130.262077,Cloud to Ground,-11918,0,8
2026-08-31T01:27:29.606717164Z,15.926586,130.20871,Cloud to Ground,13866,0,7
2026-08-31T01:27:29.468033330Z,16.232516,129.588436,Cloud to Ground,-13332,0,8
2026-08-31T01:27:29.468875477Z,16.201517,129.630549,Cloud to Ground,16502,0,10
2026-08-31T01:27:29.877783327Z,19.683252,120.747708,Cloud to Ground,-14949,0,14
2026-08-31T01:27:29.867858720Z,19.688057,120.753674,Cloud to Cloud,6079,14621,7
2026-08-31T01:27:30.019048540Z,19.76948,120.749022,Cloud to Ground,10761,0,8
2026-08-31T01:27:29.857795114Z,19.691582,120.745967,Cloud to Ground,14580,0,8
2026-08-31T01:27:32.433512687Z,15.895321,129.890819,Cloud to Ground,-16999,0,12
2026-08-31T01:27:32.436528733Z,15.995904,129.79468,Cloud to Cloud,-11090,17819,7
2026-08-31T01:27:32.175704144Z,15.940293,129.851399,Cloud to Cloud,-5919,3049,8
2026-08-31T01:27:32.171551944Z,15.939538,129.84111,Cloud to Cloud,12153,3040,8
2026-08-31T01:27:32.222589073Z,15.931253,129.837877,Cloud to Ground,23821,0,17
2026-08-31T01:27:33.043604071Z,14.330988,132.667418,Cloud to Cloud,-12641,3223,13
2026-08-31T01:27:33.032350045Z,14.387693,132.611847,Cloud to Ground,-10152,0,10
2026-08-31T01:27:33.737574550Z,14.487507,132.678753,Cloud to Ground,11010,0,8
2026-08-31T01:27:33.736925793Z,14.455127,132.613627,Cloud to Cloud,15271,13882,12
2026-08-31T01:27:33.608291014Z,14.412225,132.630908,Cloud to Ground,15812,0,13
2026-08-31T01:27:33.607829849Z,14.410488,132.654849,Cloud to Ground,49711,0,17
2026-08-31T01:27:36.370346893Z,11.294106,112.679574,Cloud to Ground,26460,0,11
2026-08-31T01:27:41.984337267Z,15.96097,130.547876,Cloud to Cloud,14802,14160,10
2026-08-31T01:27:41.945182486Z,15.964444,130.541112,Cloud to Cloud,15660,3055,18
2026-08-31T01:27:42.209788162Z,15.95889,130.665671,Cloud to Ground,-9664,0,10
2026-08-31T01:27:42.207750575Z,15.979207,130.649876,Cloud to Ground,9794,0,12
2026-08-31T01:27:42.208354887Z,15.987077,130.645465,Cloud to Ground,16175,0,9
2026-08-31T01:27:45.902899446Z,16.217517,130.814804,Cloud to Cloud,-9345,3435,7
2026-08-31T01:27:45.130112536Z,16.390781,129.133756,Cloud to Ground,-14121,0,8
2026-08-31T01:27:46.405034951Z,15.99718,130.251479,Cloud to Ground,-26896,0,11
2026-08-31T01:27:46.329814868Z,15.959804,130.250616,Cloud to Ground,45827,0,12
2026-08-31T01:27:46.857404343Z,16.081757,130.198989,Cloud to Cloud,-9509,5263,5
2026-08-31T01:27:48.734314909Z,17.14221,127.615526,Cloud to Cloud,8748,6597,7
2026-08-31T01:27:48.732960081Z,17.153268,127.632798,Cloud to Ground,47355,0,9
2026-08-31T01:27:50.759147567Z,19.313603,119.49593,Cloud to Cloud,-16208,13837,13
2026-08-31T01:27:50.768285958Z,19.311353,119.495186,Cloud to Cloud,5249,3046,6
2026-08-31T01:27:50.111505101Z,18.916162,116.144624,Cloud to Ground,-34369,0,14
2026-08-31T01:27:51.929132939Z,16.57467,128.644863,Cloud to Cloud,-10983,3025,12
2026-08-31T01:27:51.637274448Z,16.423997,129.09229,Cloud to Ground,-13845,0,13
2026-08-31T01:27:54.832657838Z,14.181214,134.792447,Cloud to Ground,-23814,0,13
2026-08-31T01:27:54.404911626Z,14.110087,134.850562,Cloud to Ground,-20401,0,12
2026-08-31T01:27:54.398507146Z,14.12943,134.833371,Cloud to Ground,-20236,0,13
2026-08-31T01:27:54.317059828Z,14.097788,134.860661,Cloud to Ground,-18346,0,11
2026-08-31T01:27:54.396523094Z,14.165856,134.823291,Cloud to Ground,-14191,0,8
2026-08-31T01:27:54.335678899Z,14.082373,134.855146,Cloud to Ground,11039,0,10
2026-08-31T01:27:54.353694131Z,14.058912,134.878104,Cloud to Ground,43932,0,23
2026-08-31T01:27:54.384620824Z,14.081375,134.868246,Cloud to Ground,51624,0,20
2026-08-31T01:27:54.321552965Z,14.078149,134.870074,Cloud to Ground,56726,0,19
2026-08-31T01:27:54.280101878Z,14.074986,134.870846,Cloud to Ground,96108,0,21
2026-08-31T01:27:55.590070986Z,15.979329,130.265318,Cloud to Ground,-18425,0,14
2026-08-31T01:27:55.211728508Z,15.888112,130.265809,Cloud to Ground,32533,0,13
2026-08-31T01:28:00.647675789Z,15.942708,129.850979,Cloud to Ground,-33286,0,16
2026-08-31T01:28:01.064002200Z,15.916853,129.816975,Cloud to Ground,-13011,0,7
2026-08-31T01:28:00.745620086Z,15.961056,129.867123,Cloud to Cloud,10305,4668,10
2026-08-31T01:28:00.677298134Z,15.984001,129.852774,Cloud to Cloud,12315,5319,10
2026-08-31T01:28:00.732360728Z,15.94924,129.865246,Cloud to Ground,12927,0,9
2026-08-31T01:28:01.061687000Z,15.9794,129.8105,Cloud to Ground,16809,0,7
2026-08-31T01:28:00.945300212Z,16.410122,129.249042,Cloud to Cloud,9324,3017,12
2026-08-31T01:28:00.368792766Z,19.601112,120.608276,Cloud to Cloud,-9423,5230,8
2026-08-31T01:28:01.733643867Z,19.133796,117.304639,Cloud to Ground,-9949,0,6
2026-08-31T01:28:04.472268472Z,8.725625,118.275379,Cloud to Ground,-20960,0,8
2026-08-31T01:28:04.430977003Z,8.730533,118.289388,Cloud to Ground,-13520,0,10
2026-08-31T01:28:04.408638349Z,8.807727,118.239568,Cloud to Ground,156179,0,7
2026-08-31T01:28:04.567132863Z,15.955388,130.28848,Cloud to Ground,21824,0,10
2026-08-31T01:28:04.477336000Z,16.0291,130.3963,Cloud to Ground,19650,0,5
2026-08-31T01:28:05.112004931Z,15.890462,130.214627,Cloud to Ground,22004,0,9
2026-08-31T01:28:05.412565544Z,19.000044,116.362432,Cloud to Cloud,-8203,5973,6
2026-08-31T01:28:05.184987229Z,18.999682,116.334178,Cloud to Cloud,-7763,19617,6
2026-08-31T01:28:05.567727339Z,19.547763,120.527249,Cloud to Cloud,8808,3014,6
2026-08-31T01:28:07.210553288Z,14.07942,134.802988,Cloud to Cloud,9382,7518,7
2026-08-31T01:28:07.418917555Z,14.133388,134.706618,Cloud to Ground,-8471,0,7
2026-08-31T01:28:06.939343278Z,19.774987,120.759439,Cloud to Cloud,5043,10675,8
2026-08-31T01:28:07.129751392Z,19.836197,120.749999,Cloud to Cloud,8899,10612,7
2026-08-31T01:28:08.642754430Z,15.960174,130.524306,Cloud to Cloud,8473,14660,9
2026-08-31T01:28:08.638792781Z,15.932711,130.458954,Cloud to Cloud,10723,3083,6
2026-08-31T01:28:08.157450714Z,16.862539,128.141334,Cloud to Ground,-9365,0,7
2026-08-31T01:28:08.095083177Z,16.865241,128.168146,Cloud to Ground,12106,0,10
2026-08-31T01:28:08.094445967Z,16.870195,128.161117,Cloud to Ground,18704,0,13
2026-08-31T01:28:10.856428507Z,14.068569,133.313989,Cloud to Ground,-14043,0,26
2026-08-31T01:28:10.833885498Z,14.039302,133.25,Cloud to Ground,-11352,0,12
2026-08-31T01:28:10.899711096Z,14.039098,133.215465,Cloud to Ground,17900,0,18
2026-08-31T01:28:10.936092876Z,14.362334,132.488701,Cloud to Ground,-15153,0,10
2026-08-31T01:28:10.909257449Z,14.452142,132.436432,Cloud to Ground,-11121,0,11
2026-08-31T01:28:10.904571642Z,14.386836,132.497618,Cloud to Ground,33296,0,20
2026-08-31T01:28:12.621183280Z,18.416997,114.617623,Cloud to Cloud,-8068,16221,7
2026-08-31T01:28:14.231892926Z,18.435065,114.372254,Cloud to Ground,-18311,0,8
2026-08-31T01:28:14.231124000Z,18.412,114.3965,Cloud to Ground,28413,0,5
2026-08-31T01:28:14.143096691Z,18.385017,114.325143,Cloud to Ground,36589,0,14
2026-08-31T01:28:14.056226156Z,18.456613,114.418694,Cloud to Ground,38356,0,12
2026-08-31T01:28:16.613666570Z,18.657922,115.346886,Cloud to Cloud,-49513,13898,15
2026-08-31T01:28:16.604068955Z,18.688429,115.326596,Cloud to Ground,-24240,0,17
2026-08-31T01:28:16.687373757Z,18.664119,115.328699,Cloud to Ground,-21454,0,11
2026-08-31T01:28:16.774619040Z,18.679348,115.335288,Cloud to Cloud,-7165,11697,6
2026-08-31T01:28:16.631376627Z,18.683481,115.333441,Cloud to Ground,28596,0,12
2026-08-31T01:28:17.453000853Z,19.058521,116.370409,Cloud to Ground,-14062,0,8
2026-08-31T01:28:17.522314480Z,19.048956,116.361675,Cloud to Ground,-13953,0,9
2026-08-31T01:28:17.574719738Z,19.054349,116.35744,Cloud to Ground,-13937,0,6
2026-08-31T01:28:17.958225000Z,18.9444,116.0806,Cloud to Ground,27255,0,5
2026-08-31T01:28:18.719726192Z,16.915456,127.860221,Cloud to Cloud,-12638,19628,11
2026-08-31T01:28:18.709674071Z,16.850741,127.932737,Cloud to Cloud,-7784,17754,10
2026-08-31T01:28:18.724334837Z,16.840373,127.951357,Cloud to Cloud,11525,4686,13
2026-08-31T01:28:19.191739371Z,16.307031,129.37944,Cloud to Cloud,-9680,3081,7
2026-08-31T01:28:18.692165422Z,16.276882,129.424578,Cloud to Ground,23248,0,14
2026-08-31T01:28:21.535216237Z,17.20311,127.352545,Cloud to Ground,-15074,0,8
2026-08-31T01:28:21.054914638Z,17.097553,127.441005,Cloud to Cloud,9486,3337,8
2026-08-31T01:28:21.080424910Z,15.79714,129.830716,Cloud to Cloud,-12144,6357,8
2026-08-31T01:28:22.997357326Z,19.623049,120.283961,Cloud to Cloud,5300,12920,5
2026-08-31T01:28:23.594221754Z,15.956952,130.205751,Cloud to Ground,-11403,0,8
2026-08-31T01:28:23.812097850Z,15.972787,130.166249,Cloud to Ground,-11399,0,7
2026-08-31T01:28:23.739174602Z,15.976306,130.181778,Cloud to Ground,-11251,0,8
2026-08-31T01:28:23.724451824Z,15.966395,130.23624,Cloud to Cloud,-9955,3580,7
2026-08-31T01:28:23.803004486Z,15.920603,130.297035,Cloud to Cloud,-9916,6548,11
2026-08-31T01:28:23.597338276Z,15.95394,130.247351,Cloud to Cloud,-7972,3012,12
2026-08-31T01:28:23.317535654Z,15.982247,130.241687,Cloud to Cloud,11703,4076,9
2026-08-31T01:28:25.754357049Z,15.918738,130.037489,Cloud to Cloud,-20988,3142,9
2026-08-31T01:28:25.536512800Z,16.023694,130.025848,Cloud to Ground,-14979,0,10
2026-08-31T01:28:25.721851589Z,16.044946,130.022617,Cloud to Cloud,-14597,4187,20
2026-08-31T01:28:25.819183608Z,15.993329,130.013205,Cloud to Cloud,-14164,18848,11
2026-08-31T01:28:25.778506621Z,15.9518,130.069128,Cloud to Cloud,-10626,15626,10
2026-08-31T01:28:25.541916317Z,15.976793,129.969322,Cloud to Cloud,-8099,5172,8
2026-08-31T01:28:25.549584277Z,16.016531,130.033748,Cloud to Ground,21270,0,8
2026-08-31T01:28:26.663085199Z,14.448407,132.649605,Cloud to Cloud,-9180,3532,6
2026-08-31T01:28:26.637156342Z,14.452369,132.679285,Cloud to Cloud,11685,3007,8
2026-08-31T01:28:26.636403393Z,14.466355,132.679557,Cloud to Ground,13026,0,8
2026-08-31T01:28:27.040907826Z,14.192524,134.54963,Cloud to Ground,-23659,0,24
2026-08-31T01:28:27.038813127Z,14.199448,134.524488,Cloud to Ground,-20991,0,11
2026-08-31T01:28:27.059050253Z,14.173171,134.557595,Cloud to Ground,-15957,0,14
2026-08-31T01:28:27.534830015Z,14.119448,134.591332,Cloud to Ground,-15717,0,11
2026-08-31T01:28:27.095872385Z,14.07807,134.593582,Cloud to Ground,10718,0,8
2026-08-31T01:28:27.036737144Z,14.131423,134.576208,Cloud to Ground,40048,0,14
2026-08-31T01:28:27.815181721Z,19.386143,119.645919,Cloud to Ground,-19244,0,12
2026-08-31T01:28:28.279184241Z,14.118544,134.741956,Cloud to Ground,104591,0,18
2026-08-31T01:28:29.182131819Z,14.268726,134.979168,Cloud to Ground,-14393,0,17
2026-08-31T01:28:29.161877510Z,14.271037,134.940355,Cloud to Ground,-10001,0,6
2026-08-31T01:28:29.728912974Z,14.29013,134.861196,Cloud to Ground,8690,0,8
2026-08-31T01:28:29.598755897Z,19.128073,120.735726,Cloud to Ground,21222,0,14
2026-08-31T01:28:29.338420000Z,10.1487,111.8365,Cloud to Ground,5988,0,5
2026-08-31T01:28:29.351650000Z,10.2282,111.7883,Cloud to Ground,-13169,0,5
2026-08-31T01:28:31.478583659Z,18.773571,120.952733,Cloud to Cloud,14697,11471,12
2026-08-31T01:28:31.347187273Z,19.375757,119.906583,Cloud to Cloud,26010,3003,10
2026-08-31T01:28:31.373571016Z,19.441045,119.813378,Cloud to Cloud,6507,19691,6
2026-08-31T01:28:34.494095970Z,19.968003,120.765017,Cloud to Cloud,7484,10857,7
2026-08-31T01:28:36.715515500Z,16.470424,129.071634,Cloud to Cloud,-9360,7291,19
2026-08-31T01:28:36.663433016Z,16.399088,129.113764,Cloud to Cloud,-6621,16015,8
2026-08-31T01:28:36.046428058Z,18.967946,116.282685,Cloud to Cloud,-8192,3010,7
2026-08-31T01:28:38.202199819Z,14.279123,133.177543,Cloud to Ground,-15356,0,12
2026-08-31T01:28:38.346027080Z,14.33688,133.164739,Cloud to Ground,-14631,0,10
2026-08-31T01:28:38.201371890Z,14.295974,133.16729,Cloud to Ground,-14110,0,13
2026-08-31T01:28:38.218942459Z,14.358412,133.133588,Cloud to Ground,-11748,0,11
2026-08-31T01:28:38.521494836Z,15.478252,131.680007,Cloud to Ground,-37255,0,20
2026-08-31T01:28:38.590358386Z,15.558143,131.674805,Cloud to Ground,-13150,0,8
2026-08-31T01:28:38.557783036Z,15.494057,131.653592,Cloud to Ground,12965,0,10
2026-08-31T01:28:38.797653262Z,15.510845,131.682519,Cloud to Cloud,13880,3230,13
2026-08-31T01:28:38.632792541Z,15.540405,131.569922,Cloud to Ground,-16889,0,18
2026-08-31T01:28:38.571367000Z,15.7361,131.5477,Cloud to Ground,26650,0,5
2026-08-31T01:28:39.637519997Z,16.358361,129.218177,Cloud to Ground,-27084,0,28
2026-08-31T01:28:39.561414276Z,16.357718,129.26396,Cloud to Ground,-23816,0,26
2026-08-31T01:28:39.780380984Z,16.313621,129.264507,Cloud to Ground,-23332,0,22
2026-08-31T01:28:39.713438523Z,16.421161,129.312624,Cloud to Ground,-20242,0,22
2026-08-31T01:28:39.887033241Z,16.420854,129.314704,Cloud to Ground,-17148,0,19
2026-08-31T01:28:39.982815403Z,16.380568,129.399661,Cloud to Cloud,-17826,3546,12
2026-08-31T01:28:39.539828189Z,16.297886,129.424694,Cloud to Ground,-16071,0,13
2026-08-31T01:28:40.308504128Z,16.319551,129.418818,Cloud to Cloud,17248,4666,12
2026-08-31T01:28:40.263113787Z,16.338365,129.413751,Cloud to Cloud,18600,3067,12
2026-08-31T01:28:40.154771976Z,16.297887,129.448278,Cloud to Cloud,21085,5708,7
2026-08-31T01:28:39.980714968Z,16.304811,129.436435,Cloud to Ground,34811,0,8
2026-08-31T01:28:39.476455578Z,19.491126,120.496032,Cloud to Cloud,18003,19861,8
2026-08-31T01:28:39.480530128Z,19.62336,120.565465,Cloud to Cloud,-11405,14449,12
2026-08-31T01:28:40.002357000Z,19.585955,120.600712,Cloud to Cloud,5671,7319,7
2026-08-31T01:28:39.814297489Z,19.584096,120.580894,Cloud to Cloud,7811,7649,5
2026-08-31T01:28:39.916057533Z,19.522581,120.625389,Cloud to Cloud,13188,4626,9
2026-08-31T01:28:41.046440535Z,15.940677,129.846003,Cloud to Cloud,-11864,16006,7
2026-08-31T01:28:40.864298849Z,15.950961,129.842588,Cloud to Cloud,14683,19096,9
2026-08-31T01:28:42.613776922Z,15.936843,130.282552,Cloud to Ground,-36500,0,18
2026-08-31T01:28:42.634088130Z,15.874518,130.287487,Cloud to Ground,-15467,0,8
2026-08-31T01:28:42.686982750Z,15.913653,130.278358,Cloud to Cloud,-12010,18965,10
2026-08-31T01:28:43.104718455Z,15.897166,130.292915,Cloud to Cloud,-5795,4715,9
2026-08-31T01:28:43.173625687Z,15.945021,130.192157,Cloud to Cloud,10811,17544,8
2026-08-31T01:28:42.693736922Z,15.944581,130.285435,Cloud to Cloud,12914,15337,11
2026-08-31T01:28:42.626250004Z,15.919407,130.152116,Cloud to Ground,20091,0,10
2026-08-31T01:28:42.837838965Z,15.978112,130.322527,Cloud to Ground,35447,0,9
2026-08-31T01:28:42.693256918Z,15.964028,130.29078,Cloud to Ground,41570,0,11
2026-08-31T01:28:43.816039417Z,15.958451,130.545197,Cloud to Ground,10214,0,12
2026-08-31T01:28:43.579836284Z,15.95072,130.553469,Cloud to Ground,23997,0,19
2026-08-31T01:28:44.557080407Z,14.155285,134.834844,Cloud to Cloud,-20092,3508,20
2026-08-31T01:28:44.575348373Z,14.084076,134.882562,Cloud to Cloud,12153,4611,6
2026-08-31T01:28:44.987165389Z,14.063817,134.888763,Cloud to Ground,27728,0,15
2026-08-31T01:28:44.485011159Z,16.302397,130.820242,Cloud to Ground,53886,0,12
2026-08-31T01:28:46.554684930Z,19.054353,116.374003,Cloud to Ground,-19040,0,8
2026-08-31T01:28:49.358987634Z,19.103119,116.430035,Cloud to Ground,-14869,0,7
2026-08-31T01:28:49.403904921Z,19.119891,116.423031,Cloud to Ground,16774,0,8
2026-08-31T01:28:49.171264471Z,19.514857,115.024916,Cloud to Cloud,14158,6239,8
2026-08-31T01:28:50.074765122Z,18.158372,111.926778,Cloud to Cloud,-12984,3789,7
2026-08-31T01:28:50.071342781Z,18.149496,112.022232,Cloud to Ground,30130,0,15
2026-08-31T01:28:50.070897175Z,18.139602,111.942419,Cloud to Ground,40339,0,12
2026-08-31T01:28:53.766782455Z,14.081883,133.623745,Cloud to Ground,-10613,0,17
2026-08-31T01:28:53.763889000Z,14.0609,133.6139,Cloud to Ground,20333,0,8
2026-08-31T01:28:53.137193160Z,16.250249,129.583498,Cloud to Cloud,-9748,3001,8
2026-08-31T01:28:53.145113584Z,16.250824,129.575713,Cloud to Cloud,-7459,10610,8
2026-08-31T01:28:53.141462441Z,16.269434,129.550001,Cloud to Cloud,-7274,3964,13
2026-08-31T01:28:53.036456263Z,16.189531,129.477882,Cloud to Cloud,7338,18652,7
2026-08-31T01:28:52.938004821Z,16.184529,129.544248,Cloud to Cloud,10095,3178,10
2026-08-31T01:28:53.127575269Z,16.282137,129.570393,Cloud to Ground,12131,0,10
2026-08-31T01:28:53.129727169Z,16.257232,129.578273,Cloud to Ground,16595,0,9
2026-08-31T01:28:54.996006918Z,18.770382,115.962677,Cloud to Ground,-10111,0,7
2026-08-31T01:28:54.978761060Z,18.754205,115.95235,Cloud to Cloud,-10089,4960,8
2026-08-31T01:28:54.976942637Z,18.83826,115.983613,Cloud to Cloud,10803,16581,8
2026-08-31T01:28:57.170807191Z,16.819741,128.167166,Cloud to Cloud,-15231,3735,9
2026-08-31T01:28:57.131201000Z,16.9074,128.0793,Cloud to Ground,-13685,0,6
2026-08-31T01:28:57.449227911Z,16.900892,128.112802,Cloud to Ground,-12947,0,9
2026-08-31T01:28:57.470394708Z,16.857256,128.034059,Cloud to Cloud,-11870,4548,8
2026-08-31T01:28:57.740614523Z,16.863502,128.09685,Cloud to Ground,-10364,0,8
2026-08-31T01:28:58.056217378Z,16.867324,128.067512,Cloud to Ground,-10177,0,8
2026-08-31T01:28:57.741157664Z,16.959834,128.076232,Cloud to Cloud,14999,3001,9
2026-08-31T01:28:57.296651686Z,16.753608,128.214231,Cloud to Cloud,18583,17630,11
2026-08-31T01:28:59.818081504Z,16.619105,128.175162,Cloud to Cloud,25778,17930,18
2026-08-31T01:29:00.707940527Z,19.222479,117.466701,Cloud to Ground,-35281,0,13
2026-08-31T01:29:00.752162000Z,19.2129,117.4092,Cloud to Ground,29522,0,6
2026-08-31T01:29:03.849918089Z,15.874736,130.165367,Cloud to Cloud,9815,19834,7
2026-08-31T01:29:04.022981820Z,15.946801,130.227944,Cloud to Cloud,-10478,19657,7
2026-08-31T01:29:04.114573079Z,15.92434,130.2925,Cloud to Cloud,-9579,12639,10
2026-08-31T01:29:03.762005325Z,15.906907,130.283407,Cloud to Cloud,11547,3034,8
2026-08-31T01:29:04.261405309Z,16.046358,130.474368,Cloud to Cloud,-12153,14126,8
2026-08-31T01:29:04.240973439Z,15.929724,130.562985,Cloud to Ground,-18691,0,11
2026-08-31T01:29:04.255012245Z,15.975367,130.545913,Cloud to Cloud,-11696,4482,9
2026-08-31T01:29:04.249013171Z,15.904455,130.516359,Cloud to Ground,-9700,0,8
2026-08-31T01:29:06.947345132Z,15.941227,129.859489,Cloud to Cloud,-10988,15424,12
2026-08-31T01:29:06.907163792Z,15.940772,129.877177,Cloud to Cloud,-9654,19786,7
2026-08-31T01:29:07.786575755Z,16.325294,129.360974,Cloud to Cloud,7967,3049,7
2026-08-31T01:29:07.936676749Z,18.99113,116.290074,Cloud to Cloud,11374,3026,6
2026-08-31T01:29:10.704107285Z,15.830034,130.82031,Cloud to Cloud,-13039,3025,12
2026-08-31T01:29:10.682583989Z,15.796309,130.868718,Cloud to Cloud,-11324,3016,9
2026-08-31T01:29:10.702187259Z,15.824225,130.842744,Cloud to Cloud,-9753,7162,10
2026-08-31T01:29:11.226714929Z,15.906695,130.967658,Cloud to Cloud,-11870,12044,12
2026-08-31T01:29:11.206675763Z,15.913996,130.914489,Cloud to Ground,29771,0,12
2026-08-31T01:29:12.530019451Z,16.087684,130.148295,Cloud to Cloud,-22982,3005,15
2026-08-31T01:29:12.585116591Z,16.039285,130.093574,Cloud to Cloud,-12851,3015,14
2026-08-31T01:29:12.602488687Z,16.046602,130.101332,Cloud to Ground,-11359,0,11
2026-08-31T01:29:12.901291487Z,15.905337,130.275943,Cloud to Ground,-11252,0,12
2026-08-31T01:29:12.208329000Z,19.7159,120.7252,Cloud to Ground,-21791,0,5
2026-08-31T01:29:12.296842582Z,19.695868,120.671552,Cloud to Ground,8522,0,7
2026-08-31T01:29:15.336582512Z,17.811816,111.942696,Cloud to Ground,-48003,0,7
2026-08-31T01:29:16.153874233Z,19.164386,119.458922,Cloud to Cloud,7457,16857,7
2026-08-31T01:29:17.954565990Z,15.933607,130.263991,Cloud to Ground,12096,0,7
2026-08-31T01:29:18.100709610Z,15.942453,130.259979,Cloud to Ground,18711,0,8
2026-08-31T01:29:17.888737973Z,15.950841,130.267484,Cloud to Ground,36949,0,12
2026-08-31T01:29:17.558357404Z,15.954607,130.261375,Cloud to Ground,43502,0,12
2026-08-31T01:29:17.969962804Z,14.152179,134.802261,Cloud to Ground,-27471,0,21
2026-08-31T01:29:18.349566039Z,14.103402,134.788267,Cloud to Ground,-13126,0,10
2026-08-31T01:29:18.291074647Z,15.955056,130.117953,Cloud to Ground,-10147,0,19
2026-08-31T01:29:20.440824000Z,11.2895,112.781,Cloud to Ground,31602,0,12
2026-08-31T01:29:21.865493266Z,16.418732,129.117913,Cloud to Cloud,-8519,19983,12
2026-08-31T01:29:21.935155331Z,19.012444,119.162211,Cloud to Cloud,5159,16298,7
2026-08-31T01:29:21.928086675Z,19.080202,119.182869,Cloud to Cloud,9498,16429,7
2026-08-31T01:29:22.776641581Z,16.676054,128.60667,Cloud to Cloud,-11286,3007,15
2026-08-31T01:29:23.747079098Z,15.889705,130.299895,Cloud to Cloud,-7659,4644,9
2026-08-31T01:29:23.930603342Z,19.008744,116.354391,Cloud to Cloud,-25836,3013,11
2026-08-31T01:29:23.995419865Z,19.027807,116.346849,Cloud to Ground,-15690,0,8
2026-08-31T01:29:25.914267373Z,19.625125,120.591603,Cloud to Ground,-67121,0,15
2026-08-31T01:29:26.037791000Z,19.6265,120.572,Cloud to Ground,-11108,0,5
2026-08-31T01:29:26.643279776Z,14.04882,133.454415,Cloud to Ground,34673,0,17
2026-08-31T01:29:26.842859062Z,14.121717,133.375193,Cloud to Cloud,9553,5160,10
2026-08-31T01:29:26.829591932Z,20.949073,121.277083,Cloud to Cloud,5706,9672,7
2026-08-31T01:29:26.803310894Z,20.94238,121.255111,Cloud to Cloud,7059,13954,6
2026-08-31T01:29:26.794351000Z,20.9692,121.204,Cloud to Ground,14094,0,5
2026-08-31T01:29:28.771922162Z,15.83324,129.882681,Cloud to Ground,12325,0,7
2026-08-31T01:29:28.310388215Z,15.978012,129.783324,Cloud to Ground,-13861,0,7
2026-08-31T01:29:28.326562837Z,15.995642,129.802472,Cloud to Cloud,-12561,3088,17
2026-08-31T01:29:28.694810748Z,15.92311,129.861577,Cloud to Cloud,-12113,3007,12
2026-08-31T01:29:28.324381400Z,15.972751,129.794109,Cloud to Cloud,-9826,17350,17
2026-08-31T01:29:31.597388013Z,16.197034,130.19754,Cloud to Cloud,-22124,4405,7
2026-08-31T01:29:31.249858207Z,15.979296,130.532478,Cloud to Cloud,-20931,8748,13
2026-08-31T01:29:31.269678886Z,15.968141,130.543972,Cloud to Ground,-6829,0,7
2026-08-31T01:29:31.219048597Z,15.939964,130.477336,Cloud to Cloud,11202,4234,8
2026-08-31T01:29:31.222534651Z,15.97138,130.555584,Cloud to Ground,33433,0,14
2026-08-31T01:29:31.958057827Z,14.249281,134.9917,Cloud to Ground,45177,0,20
2026-08-31T01:29:32.820343246Z,19.217082,117.458744,Cloud to Cloud,11899,19014,7
2026-08-31T01:29:32.823827000Z,19.2747,117.4586,Cloud to Ground,18788,0,5
2026-08-31T01:29:33.576472481Z,19.205276,117.38513,Cloud to Cloud,-16503,3056,7
2026-08-31T01:29:33.586721405Z,19.132205,117.371148,Cloud to Cloud,-13804,3011,7
2026-08-31T01:29:33.577231661Z,19.237642,117.460413,Cloud to Cloud,23864,3012,6
2026-08-31T01:29:35.122772261Z,14.260396,132.177794,Cloud to Cloud,19692,4604,14
2026-08-31T01:29:35.303608310Z,18.986546,119.002438,Cloud to Ground,-23184,0,19
2026-08-31T01:29:35.304149000Z,19.0486,118.8802,Cloud to Ground,-17192,0,5
2026-08-31T01:29:36.658511292Z,15.975862,130.041196,Cloud to Cloud,-8099,4041,10
2026-08-31T01:29:36.656631097Z,15.999241,130.040833,Cloud to Cloud,-7483,7612,8
2026-08-31T01:29:36.659091271Z,15.975873,130.060714,Cloud to Ground,32464,0,14
2026-08-31T01:29:36.391151190Z,16.839895,127.882221,Cloud to Cloud,-11746,3061,10
2026-08-31T01:29:36.386673926Z,16.82767,127.748669,Cloud to Cloud,5477,5773,16
2026-08-31T01:29:37.173431941Z,19.330074,116.66992,Cloud to Cloud,16511,3009,7
2026-08-31T01:29:37.174145000Z,19.3736,116.652,Cloud to Ground,35335,0,6
2026-08-31T01:29:39.950637701Z,15.82336,130.253551,Cloud to Ground,-13634,0,5
2026-08-31T01:29:39.973671019Z,15.92188,130.196979,Cloud to Cloud,-13818,3005,7
2026-08-31T01:29:39.990939275Z,16.008856,130.216865,Cloud to Ground,-13805,0,9
2026-08-31T01:29:40.384232908Z,15.922476,130.252903,Cloud to Cloud,-11776,17735,12
2026-08-31T01:29:39.916075757Z,15.924736,130.157724,Cloud to Cloud,9421,3023,7
2026-08-31T01:29:39.923320140Z,15.957084,130.271643,Cloud to Cloud,13462,15474,12
2026-08-31T01:29:40.483428558Z,3.702072,112.507662,Cloud to Ground,-67159,0,12
2026-08-31T01:29:40.492292000Z,3.7675,112.5097,Cloud to Ground,-41468,0,5
2026-08-31T01:29:40.510940327Z,3.700325,112.519992,Cloud to Ground,-11514,0,12
2026-08-31T01:29:40.644465176Z,3.692143,112.488866,Cloud to Ground,-10931,0,10
2026-08-31T01:29:40.693716745Z,3.721866,112.508841,Cloud to Ground,19290,0,13
2026-08-31T01:29:41.862084029Z,14.437251,132.458429,Cloud to Ground,-10877,0,10
2026-08-31T01:29:41.834416815Z,14.408302,132.452107,Cloud to Ground,-10019,0,9
2026-08-31T01:29:41.819314352Z,14.43936,132.457692,Cloud to Ground,-9723,0,12
2026-08-31T01:29:41.473204422Z,15.841837,130.504388,Cloud to Cloud,14483,9909,8
2026-08-31T01:29:41.454781875Z,15.953827,130.464794,Cloud to Ground,-22335,0,10
2026-08-31T01:29:41.433976855Z,15.95036,130.48041,Cloud to Ground,-13346,0,9
2026-08-31T01:29:41.436933238Z,15.951426,130.472058,Cloud to Cloud,-11157,18376,12
2026-08-31T01:29:41.435069297Z,15.935692,130.475886,Cloud to Ground,14755,0,8
2026-08-31T01:29:41.504407588Z,15.960808,130.4768,Cloud to Ground,19560,0,11
2026-08-31T01:29:41.433309628Z,16.87353,128.06054,Cloud to Ground,56989,0,8
2026-08-31T01:29:41.453641487Z,16.875884,128.187402,Cloud to Cloud,-12574,7549,16
2026-08-31T01:29:42.001919542Z,16.917634,128.164923,Cloud to Cloud,-11437,3022,14
2026-08-31T01:29:41.714347473Z,16.944846,128.168113,Cloud to Cloud,-11047,5763,11
2026-08-31T01:29:41.432308340Z,16.920909,128.210916,Cloud to Cloud,12588,9073,9
2026-08-31T01:29:41.713664474Z,16.842989,128.243301,Cloud to Cloud,19258,4965,11
2026-08-31T01:29:44.073838476Z,16.306014,129.336866,Cloud to Cloud,-10017,9491,14
2026-08-31T01:29:43.658062461Z,16.331206,129.369865,Cloud to Cloud,-9845,15371,8
2026-08-31T01:29:43.660460839Z,16.324147,129.403951,Cloud to Cloud,19799,14487,13
2026-08-31T01:29:44.779940431Z,14.491868,132.61235,Cloud to Ground,-31081,0,11
2026-08-31T01:29:44.786313441Z,14.472657,132.625797,Cloud to Ground,-16097,0,9
2026-08-31T01:29:44.783320358Z,14.435095,132.668461,Cloud to Cloud,-15129,6794,10
2026-08-31T01:29:44.780986087Z,14.427946,132.679666,Cloud to Cloud,-14420,6668,10
2026-08-31T01:29:44.789972142Z,14.409699,132.55942,Cloud to Cloud,-11199,14425,10
2026-08-31T01:29:44.779326620Z,14.443969,132.679123,Cloud to Cloud,13006,5317,7
2026-08-31T01:29:44.692006999Z,15.926937,129.85889,Cloud to Ground,-12999,0,9
2026-08-31T01:29:44.708283924Z,15.911256,129.854822,Cloud to Cloud,-11852,3078,9
2026-08-31T01:29:44.666838830Z,15.912096,129.869718,Cloud to Cloud,-11144,5391,7
2026-08-31T01:29:44.688902881Z,15.929891,129.867601,Cloud to Cloud,-9336,3174,9
2026-08-31T01:29:44.685682830Z,15.855121,129.891996,Cloud to Cloud,17616,12563,10
2026-08-31T01:29:47.659379852Z,16.669016,128.502724,Cloud to Cloud,18591,3022,10
2026-08-31T01:29:47.048624953Z,18.4297,114.59662,Cloud to Ground,19056,0,12
2026-08-31T01:29:47.099153618Z,18.420801,114.469973,Cloud to Cloud,-8193,3010,9
2026-08-31T01:29:48.436678733Z,16.43016,129.129184,Cloud to Cloud,-12222,18874,7
2026-08-31T01:29:48.428069845Z,16.423624,129.126438,Cloud to Cloud,-6647,3437,12
2026-08-31T01:29:48.514953955Z,16.41557,129.096753,Cloud to Cloud,5466,16281,9
2026-08-31T01:29:48.456373445Z,16.416828,129.124501,Cloud to Cloud,12965,4958,12
2026-08-31T01:29:48.110826483Z,16.477509,128.907866,Cloud to Ground,16247,0,9
2026-08-31T01:29:49.842341025Z,15.900959,130.271535,Cloud to Cloud,-13662,7067,9
2026-08-31T01:29:50.070672277Z,15.90084,130.292574,Cloud to Cloud,-13578,5308,10
2026-08-31T01:29:49.652660421Z,15.920896,130.285536,Cloud to Ground,-10968,0,7
2026-08-31T01:29:50.029461395Z,15.903294,130.277806,Cloud to Ground,-9874,0,7
2026-08-31T01:29:49.708277391Z,15.917136,130.285251,Cloud to Ground,-9589,0,7
2026-08-31T01:29:49.991561414Z,15.858824,130.330142,Cloud to Cloud,-4944,19506,6
2026-08-31T01:29:50.176643914Z,15.870617,130.294458,Cloud to Ground,9902,0,8
2026-08-31T01:29:49.897616563Z,15.825231,130.266049,Cloud to Cloud,14414,11176,7
2026-08-31T01:29:49.648094698Z,15.897304,130.29027,Cloud to Ground,26853,0,11
2026-08-31T01:29:50.461382169Z,16.344593,129.25227,Cloud to Cloud,19196,3007,11
2026-08-31T01:29:52.236813201Z,19.60324,120.580141,Cloud to Cloud,-5361,10318,6
2026-08-31T01:29:59.488627056Z,18.98195,116.075281,Cloud to Ground,21413,0,14
2026-08-31T01:30:00.457310513Z,19.207328,119.31865,Cloud to Cloud,5376,3001,8
2026-08-31T01:30:00.400619051Z,19.195449,119.393161,Cloud to Cloud,12140,10638,11
2026-08-31T01:30:02.913127117Z,15.914319,129.825348,Cloud to Ground,-31103,0,17
2026-08-31T01:30:03.098547685Z,15.92795,129.830375,Cloud to Ground,-20211,0,14
2026-08-31T01:30:02.962773147Z,15.929816,129.835761,Cloud to Cloud,12512,3024,17
2026-08-31T01:30:03.540828254Z,16.288427,129.224069,Cloud to Ground,-31637,0,16
2026-08-31T01:30:03.616044043Z,16.305023,129.403619,Cloud to Ground,-25161,0,13
2026-08-31T01:30:03.633909792Z,16.312002,129.421344,Cloud to Cloud,16755,14883,12
2026-08-31T01:30:03.587479457Z,19.332285,119.533719,Cloud to Cloud,7845,19318,7
2026-08-31T01:30:03.531833944Z,19.328947,119.535928,Cloud to Cloud,17070,3607,8
2026-08-31T01:30:04.747636051Z,16.31637,129.197236,Cloud to Cloud,9650,6954,13
2026-08-31T01:30:04.717581658Z,16.217735,129.313024,Cloud to Ground,-48061,0,12
2026-08-31T01:30:05.482895971Z,10.176606,111.868725,Cloud to Ground,-26562,0,9
2026-08-31T01:30:05.647249847Z,10.216492,111.780071,Cloud to Ground,-22227,0,11
2026-08-31T01:30:05.498802573Z,10.16897,111.86557,Cloud to Ground,-10436,0,7
2026-08-31T01:30:05.492863110Z,10.168215,111.797531,Cloud to Ground,14916,0,8
2026-08-31T01:30:05.484192817Z,10.141943,111.768174,Cloud to Ground,32068,0,8
2026-08-31T01:30:05.521774239Z,18.909855,116.201854,Cloud to Ground,-20852,0,10
2026-08-31T01:30:05.372107221Z,18.898118,116.171996,Cloud to Cloud,-15656,15997,8
2026-08-31T01:30:04.960948215Z,18.895924,116.169174,Cloud to Cloud,-10125,17705,8
2026-08-31T01:30:05.529448978Z,16.786998,128.644239,Cloud to Cloud,-15333,3035,13
2026-08-31T01:30:09.781663115Z,16.567752,128.99977,Cloud to Cloud,7756,7237,8
2026-08-31T01:30:09.782549815Z,16.474894,129.02556,Cloud to Ground,43022,0,13
2026-08-31T01:30:10.311384788Z,15.941437,130.242843,Cloud to Ground,-15219,0,7
2026-08-31T01:30:10.107856880Z,15.908151,130.263123,Cloud to Cloud,-7372,3266,10
2026-08-31T01:30:10.286411951Z,15.929807,130.333203,Cloud to Cloud,-5969,3084,7
2026-08-31T01:30:10.058457482Z,15.898216,130.279224,Cloud to Ground,18485,0,9
2026-08-31T01:30:11.302677771Z,14.243226,134.965361,Cloud to Ground,-31734,0,24
2026-08-31T01:30:11.303735194Z,14.2407,134.984155,Cloud to Cloud,-20738,7089,17
2026-08-31T01:30:11.307589691Z,14.20513,134.991627,Cloud to Ground,13412,0,7
2026-08-31T01:30:11.673567672Z,16.900118,128.04385,Cloud to Ground,-28765,0,25
2026-08-31T01:30:11.599205073Z,16.936278,128.109221,Cloud to Ground,-12358,0,17
2026-08-31T01:30:12.078726536Z,19.016951,116.365161,Cloud to Cloud,-14292,3043,8
2026-08-31T01:30:12.074354858Z,19.039538,116.349659,Cloud to Ground,-10945,0,6
2026-08-31T01:30:12.388157098Z,19.017316,116.228321,Cloud to Cloud,19755,3029,9
2026-08-31T01:30:13.155308180Z,19.179294,117.487119,Cloud to Cloud,-6752,15856,7
2026-08-31T01:30:13.049938197Z,19.205673,117.498415,Cloud to Ground,23125,0,10
2026-08-31T01:30:14.491004352Z,15.967407,129.716537,Cloud to Cloud,-10331,7450,16
2026-08-31T01:30:14.236939501Z,15.956782,129.85719,Cloud to Ground,-23252,0,11
2026-08-31T01:30:14.269497945Z,15.978811,129.880451,Cloud to Cloud,9979,10682,9
2026-08-31T01:30:14.253547452Z,15.953805,129.896245,Cloud to Cloud,14688,7450,8
2026-08-31T01:30:14.569834437Z,15.868619,129.909639,Cloud to Ground,21566,0,9
2026-08-31T01:30:16.889959102Z,17.152982,127.521223,Cloud to Cloud,-8267,6013,10
2026-08-31T01:30:18.982565381Z,16.05103,130.572414,Cloud to Cloud,10233,16637,7
2026-08-31T01:30:18.530143405Z,15.950022,130.545134,Cloud to Cloud,-19832,3007,9
2026-08-31T01:30:18.551363923Z,15.936295,130.569697,Cloud to Cloud,-14989,3022,11
2026-08-31T01:30:18.197307023Z,15.498878,131.718627,Cloud to Cloud,-12171,19641,11
2026-08-31T01:30:18.349928496Z,15.562663,131.760459,Cloud to Ground,43733,0,10
2026-08-31T01:30:18.169816084Z,15.491318,131.585922,Cloud to Ground,18216,0,19
2026-08-31T01:30:20.609511424Z,15.717073,130.910938,Cloud to Cloud,8608,19140,7
2026-08-31T01:30:21.371603652Z,8.735891,118.259396,Cloud to Ground,-27738,0,9
2026-08-31T01:30:21.183510604Z,8.774989,118.250095,Cloud to Cloud,6549,3054,8
2026-08-31T01:30:21.012250781Z,15.869929,130.930659,Cloud to Ground,-19306,0,13
2026-08-31T01:30:22.993597068Z,3.63224,112.476097,Cloud to Ground,16768,0,5
2026-08-31T01:30:22.849128389Z,15.980053,130.029998,Cloud to Cloud,14430,17312,10
2026-08-31T01:30:22.768240866Z,15.958831,129.922956,Cloud to Ground,21862,0,11
2026-08-31T01:30:23.142612332Z,16.895188,127.961027,Cloud to Ground,-32151,0,11
2026-08-31T01:30:23.130223128Z,16.830287,128.014385,Cloud to Ground,-18290,0,9
2026-08-31T01:30:23.206529907Z,16.89884,127.973145,Cloud to Ground,-16213,0,11
2026-08-31T01:30:23.163994032Z,16.903579,127.998357,Cloud to Ground,14866,0,13
2026-08-31T01:30:25.431516661Z,16.339697,129.401653,Cloud to Cloud,11075,7723,8
2026-08-31T01:30:25.434339139Z,16.280156,129.429739,Cloud to Ground,11121,0,9
2026-08-31T01:30:26.826911937Z,15.927075,129.854714,Cloud to Cloud,-10298,3509,9
2026-08-31T01:30:26.406266190Z,15.945863,129.886487,Cloud to Cloud,-10146,6190,9
2026-08-31T01:30:26.648830715Z,15.937018,129.873045,Cloud to Ground,-8163,0,8
2026-08-31T01:30:27.706067846Z,16.409833,129.108416,Cloud to Ground,-16117,0,10
2026-08-31T01:30:28.518039186Z,16.963109,127.995682,Cloud to Cloud,10370,3037,8
2026-08-31T01:30:28.540473493Z,16.879123,128.126324,Cloud to Cloud,-7820,6782,11
2026-08-31T01:30:28.522280932Z,16.893504,128.136744,Cloud to Cloud,-6435,3234,11
2026-08-31T01:30:28.529035725Z,16.887241,128.14039,Cloud to Cloud,12105,3146,9
2026-08-31T01:30:31.550297756Z,15.918843,130.275657,Cloud to Ground,-21082,0,8
2026-08-31T01:30:31.458705158Z,15.890676,130.213784,Cloud to Ground,-17252,0,12
2026-08-31T01:30:31.210932339Z,15.862429,130.280617,Cloud to Cloud,-14310,3039,10
2026-08-31T01:30:30.889405829Z,15.889933,130.270306,Cloud to Cloud,-12201,3858,11
2026-08-31T01:30:30.977884524Z,15.876292,130.316086,Cloud to Cloud,-10776,11628,8
2026-08-31T01:30:30.879067247Z,15.869163,130.270724,Cloud to Cloud,-9659,3320,7
2026-08-31T01:30:31.445907595Z,15.904517,130.325615,Cloud to Cloud,-6292,14708,8
2026-08-31T01:30:30.945531907Z,15.901115,130.288276,Cloud to Cloud,7579,3062,6
2026-08-31T01:30:30.970767975Z,15.909078,130.283478,Cloud to Cloud,9777,15713,9
2026-08-31T01:30:30.847689946Z,15.897371,130.27497,Cloud to Ground,20006,0,10
2026-08-31T01:30:30.948822229Z,15.895383,130.284545,Cloud to Ground,34529,0,14
2026-08-31T01:30:30.197499064Z,14.092909,133.545906,Cloud to Ground,-16145,0,13
2026-08-31T01:30:30.178906514Z,14.030668,133.595291,Cloud to Ground,-14354,0,11
2026-08-31T01:30:30.200985596Z,14.148716,133.518269,Cloud to Ground,-12079,0,11
2026-08-31T01:30:30.209002238Z,14.155556,133.509903,Cloud to Ground,-9354,0,10
2026-08-31T01:30:32.987585194Z,18.789976,115.87332,Cloud to Cloud,-9200,12671,7
2026-08-31T01:30:33.513767367Z,18.777357,115.872657,Cloud to Cloud,8889,3032,8
2026-08-31T01:30:36.775037559Z,19.279654,114.457287,Cloud to Ground,17169,0,12
2026-08-31T01:30:40.538176356Z,16.663594,128.619741,Cloud to Cloud,-7293,3072,11
2026-08-31T01:30:41.534852121Z,18.133591,112.019204,Cloud to Cloud,-11193,3058,6
2026-08-31T01:30:41.531698412Z,18.150721,112.072438,Cloud to Ground,20070,0,18
2026-08-31T01:30:41.531103955Z,18.151529,111.945649,Cloud to Cloud,25858,4715,11
2026-08-31T01:30:43.990392552Z,15.84087,129.916493,Cloud to Cloud,33697,3792,13
2026-08-31T01:30:43.916129192Z,15.932176,129.920406,Cloud to Cloud,-36816,3015,15
2026-08-31T01:30:44.599079818Z,18.444156,114.552847,Cloud to Ground,-7808,0,7
