timestamp,latitude,longitude,type,amplitude_ka,height_m,num_sensors
2026-08-29T22:10:32.639679548Z,15.688491,131.12875,Cloud to Cloud,-12388,3030,7
2026-08-29T22:10:33.393468323Z,19.266211,115.41776,Cloud to Cloud,-18125,7504,10
2026-08-29T22:10:33.136962645Z,19.200614,115.426264,Cloud to Ground,-16551,0,12
2026-08-29T22:10:33.143985975Z,19.173926,115.425287,Cloud to Cloud,-15226,5341,7
2026-08-29T22:10:33.536310081Z,19.197694,115.451375,Cloud to Cloud,-9538,7776,7
2026-08-29T22:10:33.135347404Z,19.171342,115.4103,Cloud to Cloud,16530,3001,12
2026-08-29T22:10:33.163570798Z,18.904703,114.764422,Cloud to Ground,-29237,0,12
2026-08-29T22:10:33.160241750Z,18.912074,114.761295,Cloud to Cloud,11809,14780,10
2026-08-29T22:10:37.919711518Z,15.370166,120.385142,Cloud to Ground,-17895,0,12
2026-08-29T22:10:37.922936196Z,15.306537,120.450169,Cloud to Cloud,10410,19601,9
2026-08-29T22:10:37.917269396Z,15.367944,120.388244,Cloud to Cloud,11704,17224,11
2026-08-29T22:10:38.057910166Z,17.58112,126.158904,Cloud to Ground,40588,0,13
2026-08-29T22:10:38.591136263Z,17.53593,126.437001,Cloud to Ground,-9305,0,9
2026-08-29T22:10:38.145786000Z,17.624,126.6136,Cloud to Ground,-52326,0,7
2026-08-29T22:10:39.915528930Z,21.578252,115.420091,Cloud to Ground,-82459,0,17
2026-08-29T22:10:40.033430678Z,21.598888,115.403592,Cloud to Ground,-22408,0,6
2026-08-29T22:10:39.998290243Z,21.593141,115.405046,Cloud to Ground,-21472,0,10
2026-08-29T22:10:39.943787897Z,21.588332,115.39934,Cloud to Ground,-14703,0,9
2026-08-29T22:10:40.110913392Z,21.593195,115.407839,Cloud to Ground,-9782,0,9
2026-08-29T22:10:39.083458999Z,17.444793,126.615305,Cloud to Ground,-50622,0,21
2026-08-29T22:10:39.259469039Z,17.480109,126.537091,Cloud to Ground,-24092,0,13
2026-08-29T22:10:39.062770382Z,17.439441,126.483578,Cloud to Cloud,-8587,4920,16
2026-08-29T22:10:39.223246000Z,17.4972,126.0623,Cloud to Ground,-30399,0,5
2026-08-29T22:10:40.542248149Z,17.403602,127.498034,Cloud to Ground,23351,0,14
2026-08-29T22:10:40.092202829Z,17.451664,127.354045,Cloud to Ground,28526,0,12
2026-08-29T22:10:40.737967744Z,21.225238,113.840675,Cloud to Ground,28544,0,13
2026-08-29T22:10:40.739156405Z,21.256315,113.694675,Cloud to Ground,15557,0,10
2026-08-29T22:10:43.902859607Z,17.436803,127.73453,Cloud to Cloud,10341,9876,7
2026-08-29T22:10:43.762045151Z,17.437832,127.764008,Cloud to Ground,23676,0,10
2026-08-29T22:10:43.408371125Z,18.754686,117.068456,Cloud to Ground,-21985,0,14
2026-08-29T22:10:43.404920443Z,18.742993,117.057291,Cloud to Ground,-15534,0,6
2026-08-29T22:10:44.414085711Z,17.562193,127.873876,Cloud to Ground,11923,0,12
2026-08-29T22:10:46.602345212Z,15.684473,131.32225,Cloud to Ground,-19855,0,14
2026-08-29T22:10:46.597928308Z,15.694445,131.289889,Cloud to Cloud,10555,3521,12
2026-08-29T22:10:46.674332748Z,17.568214,127.024087,Cloud to Cloud,-11100,12599,8
2026-08-29T22:10:47.176524756Z,15.551645,130.61556,Cloud to Cloud,-23871,5924,11
2026-08-29T22:10:47.124762802Z,15.56996,130.457655,Cloud to Ground,22874,0,11
2026-08-29T22:10:47.443104912Z,20.527531,110.076584,Cloud to Cloud,-12389,3004,9
2026-08-29T22:10:47.449350505Z,20.614134,110.185253,Cloud to Cloud,-14067,13356,6
2026-08-29T22:10:47.077685916Z,17.550068,128.044819,Cloud to Cloud,-13057,10297,14
2026-08-29T22:10:47.157528033Z,17.49142,128.065901,Cloud to Cloud,-8803,4272,14
2026-08-29T22:10:49.016426097Z,17.444449,127.429926,Cloud to Ground,-16716,0,12
2026-08-29T22:10:49.965524000Z,17.191,120.4276,Cloud to Ground,-24920,0,5
2026-08-29T22:10:49.955228696Z,17.632017,126.16,Cloud to Cloud,5212,14225,6
2026-08-29T22:10:50.436383315Z,17.636626,126.168883,Cloud to Cloud,7696,14150,8
2026-08-29T22:10:50.511451869Z,17.603638,126.289927,Cloud to Cloud,8248,7713,8
2026-08-29T22:10:50.531213120Z,15.264291,120.624542,Cloud to Cloud,6125,19639,8
2026-08-29T22:10:51.965741671Z,19.528746,118.328481,Cloud to Cloud,14910,15408,8
2026-08-29T22:10:51.815082282Z,16.291858,120.36712,Cloud to Ground,-18577,0,14
2026-08-29T22:10:52.142802000Z,16.1751,120.4992,Cloud to Ground,-9925,0,5
2026-08-29T22:10:51.814588128Z,16.224252,120.42146,Cloud to Cloud,17572,3694,7
2026-08-29T22:10:53.444805182Z,17.533939,128.378439,Cloud to Cloud,6559,5874,6
2026-08-29T22:10:53.104918963Z,17.505063,128.39106,Cloud to Cloud,7438,15106,7
2026-08-29T22:10:53.749647420Z,17.441879,127.51137,Cloud to Ground,16775,0,11
2026-08-29T22:10:53.792530001Z,17.492543,128.101751,Cloud to Ground,-15538,0,12
2026-08-29T22:10:53.109736137Z,17.572508,128.128227,Cloud to Cloud,11126,18698,14
2026-08-29T22:10:54.701850037Z,21.419281,115.646668,Cloud to Ground,-41841,0,11
2026-08-29T22:10:54.632760000Z,21.473,115.6561,Cloud to Ground,-39541,0,5
2026-08-29T22:10:54.998772160Z,21.409161,115.657352,Cloud to Ground,-28894,0,12
2026-08-29T22:10:55.648225193Z,21.409745,115.662523,Cloud to Ground,-11319,0,8
2026-08-29T22:10:55.351633660Z,21.413342,115.658321,Cloud to Ground,-8404,0,7
2026-08-29T22:10:54.602631443Z,21.076501,113.523266,Cloud to Cloud,-10813,19851,7
2026-08-29T22:10:56.799524138Z,17.478876,127.981431,Cloud to Ground,12935,0,9
2026-08-29T22:10:57.154589105Z,17.538849,127.903638,Cloud to Cloud,7590,3734,8
2026-08-29T22:11:00.912055952Z,14.896136,120.449542,Cloud to Cloud,-10394,17656,8
2026-08-29T22:11:01.407609271Z,10.688663,120.936326,Cloud to Ground,-35015,0,7
2026-08-29T22:11:01.014451050Z,10.695347,120.919799,Cloud to Ground,-30603,0,7
2026-08-29T22:11:01.537019685Z,10.623754,120.84145,Cloud to Ground,-88547,0,12
2026-08-29T22:11:01.867070177Z,10.623068,120.838464,Cloud to Ground,-66105,0,11
2026-08-29T22:11:01.346796601Z,11.052591,120.637009,Cloud to Ground,-63154,0,13
2026-08-29T22:11:01.085774000Z,10.6403,120.7227,Cloud to Ground,-36734,0,7
2026-08-29T22:11:01.039680467Z,21.235125,115.703895,Cloud to Ground,23493,0,8
2026-08-29T22:11:02.617494516Z,17.437481,128.032273,Cloud to Cloud,-16407,18823,13
2026-08-29T22:11:02.375462022Z,17.469399,127.746848,Cloud to Ground,-26879,0,12
2026-08-29T22:11:03.032032931Z,17.477033,127.785988,Cloud to Ground,-17767,0,17
2026-08-29T22:11:02.491109000Z,17.4592,127.844,Cloud to Ground,17076,0,6
2026-08-29T22:11:02.906504189Z,17.346898,120.599886,Cloud to Ground,41239,0,15
2026-08-29T22:11:02.897357732Z,13.350045,120.029792,Cloud to Cloud,15175,19291,7
2026-08-29T22:11:02.934425124Z,13.287547,120.109728,Cloud to Cloud,19111,19786,6
2026-08-29T22:11:02.526376189Z,10.876682,121.23789,Cloud to Cloud,20915,7776,11
2026-08-29T22:11:03.811864432Z,15.546667,130.591207,Cloud to Ground,23406,0,7
2026-08-29T22:11:03.492454504Z,15.433897,131.970323,Cloud to Ground,24430,0,14
2026-08-29T22:11:03.212792705Z,17.606728,119.554807,Cloud to Ground,-38609,0,15
2026-08-29T22:11:04.217232243Z,15.543751,132.106999,Cloud to Ground,-10998,0,11
2026-08-29T22:11:04.204732993Z,15.420182,132.052051,Cloud to Ground,-10792,0,13
2026-08-29T22:11:04.595881690Z,17.502946,128.050758,Cloud to Ground,-21422,0,18
2026-08-29T22:11:04.649432439Z,17.504111,128.031429,Cloud to Ground,-16281,0,9
2026-08-29T22:11:04.674943829Z,17.507447,128.037933,Cloud to Ground,-11158,0,8
2026-08-29T22:11:05.753304951Z,17.576679,126.126912,Cloud to Ground,32036,0,13
2026-08-29T22:11:06.614712871Z,21.223132,115.688688,Cloud to Ground,-37963,0,16
2026-08-29T22:11:06.805669874Z,21.237581,115.690031,Cloud to Ground,-17449,0,10
2026-08-29T22:11:07.490848051Z,17.607169,126.134427,Cloud to Ground,19553,0,12
2026-08-29T22:11:07.050183592Z,15.291668,120.599472,Cloud to Cloud,-13402,16705,8
2026-08-29T22:11:07.056212871Z,15.404552,120.490516,Cloud to Ground,-134212,0,13
2026-08-29T22:11:07.131407000Z,15.4246,120.4452,Cloud to Ground,-24149,0,5
2026-08-29T22:11:07.137266970Z,15.376385,120.519485,Cloud to Cloud,21417,3007,9
2026-08-29T22:11:08.211482134Z,17.515129,128.114991,Cloud to Cloud,-11265,6269,10
2026-08-29T22:11:09.594653888Z,19.327865,115.560762,Cloud to Ground,-12914,0,9
2026-08-29T22:11:08.914276501Z,19.28924,115.490335,Cloud to Ground,12957,0,12
2026-08-29T22:11:10.202271585Z,17.443844,127.457448,Cloud to Cloud,5695,10903,6
2026-08-29T22:11:09.978110968Z,17.389507,127.397349,Cloud to Ground,22609,0,10
2026-08-29T22:11:10.196836437Z,17.44462,127.458172,Cloud to Ground,24485,0,8
2026-08-29T22:11:10.865605306Z,17.451123,126.980007,Cloud to Cloud,-9258,3044,6
2026-08-29T22:11:10.881075078Z,17.301561,127.164724,Cloud to Cloud,-10105,6529,9
2026-08-29T22:11:10.251204386Z,17.370143,127.188168,Cloud to Cloud,10609,3704,8
2026-08-29T22:11:11.732882606Z,20.414596,116.893321,Cloud to Cloud,12641,8115,10
2026-08-29T22:11:12.553127692Z,17.504286,127.729039,Cloud to Cloud,-12148,5976,7
2026-08-29T22:11:12.842877547Z,17.490843,127.872897,Cloud to Ground,-4954,0,7
2026-08-29T22:11:12.082293490Z,19.721081,114.567135,Cloud to Ground,-21860,0,12
2026-08-29T22:11:13.927923905Z,21.576717,115.398815,Cloud to Ground,-43802,0,16
2026-08-29T22:11:13.996362370Z,21.583984,115.402453,Cloud to Ground,-20100,0,9
2026-08-29T22:11:13.958008976Z,21.596027,115.428171,Cloud to Cloud,-19985,7481,16
2026-08-29T22:11:14.065247561Z,21.587238,115.398879,Cloud to Ground,-12527,0,9
2026-08-29T22:11:14.308836231Z,21.56361,115.397472,Cloud to Ground,-10727,0,9
2026-08-29T22:11:14.102137661Z,21.544676,115.394819,Cloud to Cloud,16217,3065,8
2026-08-29T22:11:14.035235000Z,21.5781,115.4049,Cloud to Ground,16617,0,8
2026-08-29T22:11:13.642324000Z,17.2965,120.3941,Cloud to Ground,-16442,0,5
2026-08-29T22:11:13.607708687Z,17.223015,120.452938,Cloud to Cloud,-5751,15173,7
2026-08-29T22:11:13.523059175Z,17.221094,120.43717,Cloud to Cloud,7819,18370,8
2026-08-29T22:11:14.449478042Z,15.532994,130.591266,Cloud to Ground,31342,0,9
2026-08-29T22:11:14.149797868Z,21.761614,114.770052,Cloud to Cloud,10185,8776,8
2026-08-29T22:11:14.818805025Z,21.89529,114.83466,Cloud to Ground,40479,0,11
2026-08-29T22:11:15.743169293Z,18.990622,114.864964,Cloud to Cloud,-36858,3040,14
2026-08-29T22:11:15.976073697Z,19.00355,114.835665,Cloud to Ground,-15497,0,9
2026-08-29T22:11:15.916877853Z,19.002222,114.838106,Cloud to Ground,-14901,0,11
2026-08-29T22:11:15.869214972Z,19.000165,114.838268,Cloud to Ground,-13787,0,9
2026-08-29T22:11:15.066705476Z,19.062387,113.944011,Cloud to Cloud,-9236,3073,9
2026-08-29T22:11:15.062875368Z,19.096124,113.919142,Cloud to Cloud,9365,7247,8
2026-08-29T22:11:17.125255225Z,15.238194,131.559096,Cloud to Ground,-16858,0,9
2026-08-29T22:11:17.127732851Z,15.191617,131.707441,Cloud to Ground,22866,0,17
2026-08-29T22:11:17.426578980Z,19.634376,115.710887,Cloud to Ground,-20646,0,14
2026-08-29T22:11:17.428592805Z,19.635834,115.707138,Cloud to Cloud,11972,3180,8
2026-08-29T22:11:21.098522562Z,17.416798,127.378037,Cloud to Cloud,-8903,12628,7
2026-08-29T22:11:20.827147254Z,17.442148,127.431116,Cloud to Cloud,-8297,19125,8
2026-08-29T22:11:20.850394167Z,17.442049,127.454995,Cloud to Cloud,-5889,19854,6
2026-08-29T22:11:20.932921486Z,17.37436,127.320039,Cloud to Cloud,8229,3079,9
2026-08-29T22:11:22.092987128Z,20.428451,116.906881,Cloud to Cloud,11167,16618,10
2026-08-29T22:11:23.149155439Z,20.904062,111.685145,Cloud to Ground,-20744,0,9
2026-08-29T22:11:23.150916408Z,20.931683,111.670337,Cloud to Cloud,8039,6847,8
2026-08-29T22:11:23.213901166Z,20.912217,111.600056,Cloud to Ground,9187,0,7
2026-08-29T22:11:24.851423527Z,17.466038,126.427364,Cloud to Cloud,13566,7797,10
2026-08-29T22:11:24.878812401Z,17.528059,126.496647,Cloud to Ground,-12430,0,14
2026-08-29T22:11:24.902689165Z,17.46703,126.556429,Cloud to Cloud,-4823,17358,7
2026-08-29T22:11:24.868646264Z,17.470404,126.576333,Cloud to Cloud,6666,10685,9
2026-08-29T22:11:24.856186001Z,17.476493,126.571064,Cloud to Cloud,7055,3061,6
2026-08-29T22:11:25.117599941Z,17.475419,126.631513,Cloud to Cloud,7510,3770,7
2026-08-29T22:11:24.846128661Z,17.477371,126.577093,Cloud to Cloud,8859,13204,10
2026-08-29T22:11:25.110241569Z,17.479009,126.576353,Cloud to Cloud,10668,15698,8
2026-08-29T22:11:25.322471032Z,17.514518,126.518188,Cloud to Cloud,11246,3234,8
2026-08-29T22:11:25.323253380Z,17.508352,126.343785,Cloud to Cloud,-15648,14515,7
2026-08-29T22:11:25.355997001Z,17.574206,126.352669,Cloud to Cloud,9563,4890,10
2026-08-29T22:11:27.949468264Z,15.805306,130.93574,Cloud to Cloud,13627,18861,11
2026-08-29T22:11:27.948795458Z,15.818481,131.026044,Cloud to Ground,14273,0,12
2026-08-29T22:11:27.543923648Z,16.819824,129.248945,Cloud to Ground,-41400,0,17
2026-08-29T22:11:27.171619040Z,16.648357,128.727929,Cloud to Cloud,9962,5907,12
2026-08-29T22:11:27.194939457Z,16.654827,128.864533,Cloud to Ground,-23875,0,16
2026-08-29T22:11:27.177133003Z,16.674983,128.876373,Cloud to Cloud,6339,3674,7
2026-08-29T22:11:27.104964003Z,17.473139,126.271267,Cloud to Cloud,-10492,3034,7
2026-08-29T22:11:27.528538128Z,20.624242,116.906404,Cloud to Cloud,10796,13795,8
2026-08-29T22:11:28.918567785Z,20.747639,116.958879,Cloud to Ground,-10411,0,10
2026-08-29T22:11:29.117807102Z,20.875066,116.905481,Cloud to Cloud,-10963,17191,7
2026-08-29T22:11:28.878249914Z,20.853645,116.873694,Cloud to Cloud,6622,16717,7
2026-08-29T22:11:29.176315159Z,20.845277,116.900727,Cloud to Cloud,16127,9607,10
2026-08-29T22:11:28.875751009Z,20.856192,116.900056,Cloud to Cloud,17130,19343,10
2026-08-29T22:11:28.879535928Z,20.853146,116.904302,Cloud to Ground,34195,0,8
2026-08-29T22:11:29.146419388Z,15.604167,130.581969,Cloud to Ground,-12950,0,11
2026-08-29T22:11:29.421646961Z,17.42808,126.804212,Cloud to Cloud,17321,3915,11
2026-08-29T22:11:29.420354356Z,17.427018,126.812144,Cloud to Cloud,22187,3004,10
2026-08-29T22:11:29.420872839Z,17.3686,126.952483,Cloud to Ground,-22114,0,12
2026-08-29T22:11:29.457871178Z,17.365148,126.972333,Cloud to Cloud,11126,7246,6
2026-08-29T22:11:29.335972059Z,17.564911,126.146565,Cloud to Ground,40442,0,14
2026-08-29T22:11:29.782614000Z,14.8072,120.5949,Cloud to Ground,-26204,0,5
2026-08-29T22:11:30.152790608Z,16.92706,120.385736,Cloud to Ground,46570,0,9
2026-08-29T22:11:31.398817303Z,17.466862,127.998228,Cloud to Cloud,12169,5131,12
2026-08-29T22:11:31.035528291Z,17.487952,128.155602,Cloud to Ground,10018,0,7
2026-08-29T22:11:34.769024479Z,17.486195,127.978066,Cloud to Cloud,-10863,4774,8
2026-08-29T22:11:34.392321479Z,17.488492,127.95137,Cloud to Cloud,8689,13312,7
2026-08-29T22:11:34.513820592Z,17.438029,127.824492,Cloud to Cloud,10105,3006,7
2026-08-29T22:11:34.356064694Z,17.487378,127.794405,Cloud to Ground,21491,0,7
2026-08-29T22:11:35.640957181Z,17.413587,127.329671,Cloud to Ground,54787,0,18
2026-08-29T22:11:35.438783713Z,18.807899,114.93554,Cloud to Cloud,-12292,3011,10
2026-08-29T22:11:35.441789860Z,18.82868,114.942832,Cloud to Cloud,-10072,18058,11
2026-08-29T22:11:35.442792363Z,18.824014,114.943745,Cloud to Cloud,11315,3024,9
2026-08-29T22:11:35.063068356Z,10.564304,120.874087,Cloud to Cloud,19756,16440,7
2026-08-29T22:11:35.240214864Z,10.569792,121.060419,Cloud to Cloud,20499,11947,7
2026-08-29T22:11:35.056773421Z,10.68688,120.890316,Cloud to Cloud,23668,5553,7
2026-08-29T22:11:37.454186545Z,17.509096,127.88356,Cloud to Ground,-24370,0,12
2026-08-29T22:11:37.456434695Z,17.328134,127.888669,Cloud to Cloud,-22311,4666,11
2026-08-29T22:11:38.388123126Z,15.548266,130.469971,Cloud to Ground,17220,0,11
2026-08-29T22:11:38.710899529Z,15.543966,130.617389,Cloud to Cloud,11941,6665,7
2026-08-29T22:11:38.322558454Z,17.394095,127.445167,Cloud to Ground,19585,0,9
2026-08-29T22:11:39.355336372Z,18.980815,114.753934,Cloud to Cloud,-14612,11316,11
2026-08-29T22:11:40.111571491Z,18.888451,114.773171,Cloud to Cloud,7380,3073,10
2026-08-29T22:11:40.020293528Z,21.231398,112.522765,Cloud to Cloud,14430,15350,10
2026-08-29T22:11:41.090865616Z,17.336954,127.132071,Cloud to Ground,13022,0,10
2026-08-29T22:11:41.618622643Z,17.405656,126.962993,Cloud to Cloud,11844,19184,9
2026-08-29T22:11:41.201967290Z,18.747589,115.533236,Cloud to Cloud,9466,4740,7
2026-08-29T22:11:42.552279103Z,17.461949,127.319022,Cloud to Ground,37930,0,13
2026-08-29T22:11:42.707468824Z,15.352213,120.409316,Cloud to Cloud,-8321,18671,11
2026-08-29T22:11:42.863737064Z,15.341066,120.364572,Cloud to Cloud,-3411,16005,6
2026-08-29T22:11:42.877914546Z,15.342188,120.336258,Cloud to Cloud,2668,7904,5
2026-08-29T22:11:43.125610013Z,15.472185,132.181719,Cloud to Ground,-49608,0,17
2026-08-29T22:11:43.142699000Z,15.5022,132.0978,Cloud to Ground,-14022,0,5
2026-08-29T22:11:43.162919437Z,15.4862,132.175852,Cloud to Ground,18530,0,10
2026-08-29T22:11:43.472694775Z,17.487088,127.967673,Cloud to Ground,-14446,0,10
2026-08-29T22:11:43.613353724Z,17.529585,127.991791,Cloud to Cloud,-8618,3107,7
2026-08-29T22:11:43.161719596Z,17.486557,128.153001,Cloud to Ground,-50748,0,11
2026-08-29T22:11:43.433860996Z,17.494113,128.14551,Cloud to Ground,-14506,0,12
2026-08-29T22:11:45.407363956Z,21.213961,115.693754,Cloud to Ground,29396,0,14
2026-08-29T22:11:46.994687297Z,20.846475,116.973488,Cloud to Ground,-8800,0,6
2026-08-29T22:11:46.070483381Z,20.884014,116.911353,Cloud to Ground,-48585,0,15
2026-08-29T22:11:45.889191000Z,20.8741,116.8689,Cloud to Ground,-30404,0,7
2026-08-29T22:11:46.214856548Z,20.878536,116.910603,Cloud to Ground,-16438,0,9
2026-08-29T22:11:45.789127000Z,20.8744,116.8841,Cloud to Ground,258,0,5
2026-08-29T22:11:47.916026963Z,17.605885,126.165845,Cloud to Cloud,-8444,16162,7
2026-08-29T22:11:47.808130486Z,17.605009,126.14428,Cloud to Cloud,-8439,14274,7
2026-08-29T22:11:47.584251761Z,17.596598,126.165039,Cloud to Cloud,10467,4863,7
2026-08-29T22:11:47.676552038Z,17.383519,127.244736,Cloud to Cloud,-8733,18508,9
2026-08-29T22:11:48.509663444Z,14.426888,129.914072,Cloud to Cloud,15977,10335,8
2026-08-29T22:11:49.153984336Z,17.782045,119.384149,Cloud to Ground,28456,0,8
2026-08-29T22:11:49.747926099Z,13.442844,120.176467,Cloud to Ground,-54068,0,7
2026-08-29T22:11:49.870877069Z,13.457654,120.17393,Cloud to Cloud,-10336,13275,7
2026-08-29T22:11:49.784929773Z,13.44016,120.172481,Cloud to Ground,22927,0,16
2026-08-29T22:11:49.451819749Z,21.594794,115.400985,Cloud to Ground,-107359,0,13
2026-08-29T22:11:49.529162565Z,21.605448,115.387514,Cloud to Ground,-33611,0,10
2026-08-29T22:11:49.608612170Z,21.610316,115.387982,Cloud to Ground,-20675,0,10
2026-08-29T22:11:49.832195622Z,21.608421,115.389035,Cloud to Ground,-15394,0,8
2026-08-29T22:11:49.927269000Z,21.6148,115.3677,Cloud to Ground,26726,0,8
2026-08-29T22:11:49.578115553Z,17.850635,119.249392,Cloud to Cloud,-15824,19478,12
2026-08-29T22:11:52.636605627Z,17.58658,127.870158,Cloud to Cloud,9559,18233,8
2026-08-29T22:11:52.418404236Z,10.734151,121.195512,Cloud to Cloud,13903,18202,7
2026-08-29T22:11:52.420322560Z,10.7029,121.234473,Cloud to Cloud,20688,3004,7
2026-08-29T22:11:55.411261490Z,17.464522,127.797472,Cloud to Cloud,12775,3411,10
2026-08-29T22:11:54.884070446Z,17.456279,127.770947,Cloud to Ground,25749,0,10
2026-08-29T22:11:54.504884660Z,21.418063,115.617316,Cloud to Cloud,-45533,12041,13
2026-08-29T22:11:54.581186494Z,21.445334,115.639995,Cloud to Ground,-26042,0,10
2026-08-29T22:11:54.656236692Z,21.447595,115.637114,Cloud to Ground,-19655,0,10
2026-08-29T22:11:54.707403880Z,21.449556,115.639384,Cloud to Ground,-16246,0,8
2026-08-29T22:11:54.738765949Z,21.444833,115.644474,Cloud to Ground,-10649,0,8
2026-08-29T22:11:54.618450437Z,21.445011,115.643891,Cloud to Ground,-10231,0,7
2026-08-29T22:11:54.490582314Z,21.408955,115.64099,Cloud to Ground,25050,0,14
2026-08-29T22:11:55.601991923Z,17.393796,127.174759,Cloud to Ground,-16428,0,16
2026-08-29T22:11:55.523966829Z,17.393951,127.163179,Cloud to Cloud,-14631,3016,8
2026-08-29T22:11:55.212272226Z,17.370224,126.922545,Cloud to Cloud,-17574,5623,7
2026-08-29T22:11:56.806909525Z,14.894589,131.934811,Cloud to Cloud,-10569,5681,10
2026-08-29T22:11:56.803089602Z,14.874127,132.088702,Cloud to Ground,-14233,0,7
2026-08-29T22:11:56.827533253Z,14.892643,132.069571,Cloud to Ground,12527,0,13
2026-08-29T22:11:56.984049793Z,21.906143,114.853475,Cloud to Cloud,12169,15375,7
2026-08-29T22:11:57.629506398Z,15.681388,131.206472,Cloud to Ground,-15688,0,16
2026-08-29T22:11:57.638745650Z,15.667513,131.353621,Cloud to Ground,-44420,0,15
2026-08-29T22:11:57.629924080Z,15.6715,131.321059,Cloud to Cloud,-21914,17110,17
2026-08-29T22:11:57.715055479Z,15.683045,131.301148,Cloud to Ground,-15453,0,11
2026-08-29T22:11:57.630419934Z,15.572365,131.373182,Cloud to Cloud,-35812,5673,13
2026-08-29T22:11:58.674923277Z,17.514671,126.42207,Cloud to Cloud,-14883,5226,11
2026-08-29T22:11:58.381515155Z,17.550403,126.45883,Cloud to Cloud,10910,19644,9
2026-08-29T22:11:58.936665671Z,20.575782,116.905956,Cloud to Ground,13130,0,8
2026-08-29T22:11:59.836998794Z,17.511755,128.105494,Cloud to Ground,-25010,0,14
2026-08-29T22:12:00.033063502Z,17.511456,128.104661,Cloud to Ground,-17240,0,14
2026-08-29T22:11:59.438038936Z,20.856147,116.554356,Cloud to Cloud,18077,8519,9
2026-08-29T22:11:59.687921352Z,19.37655,114.996174,Cloud to Cloud,-12506,6090,7
2026-08-29T22:11:59.686737000Z,19.3811,114.9851,Cloud to Ground,-10465,0,8
2026-08-29T22:12:01.805995577Z,19.38976,113.190202,Cloud to Cloud,9796,3074,7
2026-08-29T22:12:02.892885241Z,21.273004,112.973887,Cloud to Ground,22951,0,7
2026-08-29T22:12:03.971709789Z,21.293372,112.576831,Cloud to Cloud,6374,3105,7
2026-08-29T22:12:04.532071993Z,21.23973,115.706741,Cloud to Ground,17283,0,9
2026-08-29T22:12:04.198227870Z,21.295571,112.69692,Cloud to Cloud,-8995,3746,8
2026-08-29T22:12:05.906907374Z,17.381799,127.253008,Cloud to Ground,-9078,0,10
2026-08-29T22:12:05.570229096Z,17.386558,127.471245,Cloud to Cloud,-9345,3139,9
2026-08-29T22:12:06.026845198Z,17.373386,127.379123,Cloud to Cloud,7618,14092,7
2026-08-29T22:12:05.803302927Z,17.409269,127.481805,Cloud to Cloud,10463,3302,7
2026-08-29T22:12:06.292597449Z,17.415982,127.528747,Cloud to Cloud,10608,3001,12
2026-08-29T22:12:05.662879458Z,17.439214,127.422573,Cloud to Cloud,13407,18884,7
2026-08-29T22:12:05.607380402Z,19.341993,115.223865,Cloud to Ground,-35313,0,13
2026-08-29T22:12:04.577382455Z,19.328282,115.218249,Cloud to Ground,-22156,0,9
2026-08-29T22:12:04.717360601Z,19.339106,115.215168,Cloud to Ground,-11293,0,8
2026-08-29T22:12:05.061269000Z,19.3492,115.2032,Cloud to Ground,17893,0,5
2026-08-29T22:12:06.929636681Z,15.425181,131.97663,Cloud to Ground,11630,0,12
2026-08-29T22:12:09.645317545Z,17.488347,128.134956,Cloud to Cloud,4831,12441,5
2026-08-29T22:12:09.306912867Z,21.559128,115.404625,Cloud to Cloud,-27841,17196,8
2026-08-29T22:12:09.496201563Z,21.561337,115.408827,Cloud to Ground,-21923,0,11
2026-08-29T22:12:09.248045519Z,21.571042,115.402874,Cloud to Ground,-17615,0,9
2026-08-29T22:12:09.366071126Z,21.569144,115.40252,Cloud to Ground,-14886,0,10
2026-08-29T22:12:10.145803620Z,14.463957,134.784676,Cloud to Ground,-9267,0,7
2026-08-29T22:12:10.345490749Z,17.498722,128.111516,Cloud to Cloud,6228,3002,6
2026-08-29T22:12:10.967745000Z,17.3644,127.3582,Cloud to Ground,-10850,0,5
2026-08-29T22:12:10.965503675Z,17.33434,127.359441,Cloud to Cloud,8358,7544,7
2026-08-29T22:12:10.878443252Z,17.594181,126.04106,Cloud to Cloud,4841,3016,8
2026-08-29T22:12:11.236929482Z,17.552854,126.236394,Cloud to Cloud,-6018,14575,6
2026-08-29T22:12:10.133698054Z,17.598603,126.147212,Cloud to Cloud,4827,14167,6
2026-08-29T22:12:11.237654480Z,17.599668,126.156233,Cloud to Cloud,5247,3026,8
2026-08-29T22:12:10.553785646Z,17.610674,126.162044,Cloud to Cloud,5287,4740,6
2026-08-29T22:12:12.345240366Z,17.213877,120.411539,Cloud to Ground,-21115,0,9
2026-08-29T22:12:11.967937953Z,17.173561,120.441037,Cloud to Cloud,5130,3077,7
2026-08-29T22:12:11.936407982Z,17.17103,120.448105,Cloud to Cloud,5846,18967,11
2026-08-29T22:12:11.964018959Z,17.15359,120.463724,Cloud to Cloud,6980,5214,7
2026-08-29T22:12:12.028275571Z,17.193242,120.424196,Cloud to Cloud,7276,6005,8
2026-08-29T22:12:12.330742407Z,17.171714,120.438293,Cloud to Cloud,8980,19163,7
2026-08-29T22:12:12.199159278Z,17.174159,120.450321,Cloud to Cloud,14411,18313,10
2026-08-29T22:12:13.730196970Z,17.449948,127.683121,Cloud to Cloud,17853,14114,14
2026-08-29T22:12:13.636832000Z,18.9848,115.0428,Cloud to Ground,-12438,0,5
2026-08-29T22:12:13.714022284Z,19.05246,115.017745,Cloud to Cloud,3658,4232,10
2026-08-29T22:12:13.214363594Z,19.069939,114.936027,Cloud to Cloud,9031,3101,7
2026-08-29T22:12:14.906252676Z,15.576386,130.603627,Cloud to Ground,-12745,0,12
2026-08-29T22:12:14.343108687Z,15.531649,130.605714,Cloud to Ground,37876,0,6
2026-08-29T22:12:14.602388171Z,17.49896,127.66579,Cloud to Ground,-20210,0,10
2026-08-29T22:12:14.223480210Z,17.559821,127.769272,Cloud to Cloud,-16499,3002,8
2026-08-29T22:12:14.084333690Z,17.534005,127.803948,Cloud to Cloud,-14825,5110,10
2026-08-29T22:12:14.267895797Z,17.468843,127.923745,Cloud to Ground,-25054,0,13
2026-08-29T22:12:13.804473199Z,17.474988,127.928731,Cloud to Cloud,-10439,5449,6
2026-08-29T22:12:14.099848951Z,17.431479,127.849709,Cloud to Ground,19605,0,9
2026-08-29T22:12:14.027644181Z,18.976746,114.896507,Cloud to Ground,11229,0,10
2026-08-29T22:12:14.793509158Z,21.081562,113.579234,Cloud to Cloud,8026,6787,8
2026-08-29T22:12:15.906030584Z,19.904623,114.187701,Cloud to Cloud,6940,3036,9
2026-08-29T22:12:16.236037276Z,21.894044,114.690833,Cloud to Ground,14710,0,12
2026-08-29T22:12:16.560406684Z,21.221855,115.693303,Cloud to Ground,-23059,0,13
2026-08-29T22:12:16.777602460Z,21.228375,115.684149,Cloud to Ground,-8667,0,10
2026-08-29T22:12:18.882806831Z,17.395303,127.439526,Cloud to Cloud,11679,14470,5
2026-08-29T22:12:18.256594758Z,17.395971,127.444121,Cloud to Ground,56930,0,16
2026-08-29T22:12:18.176967618Z,18.923975,114.788565,Cloud to Cloud,10724,6573,9
2026-08-29T22:12:18.314854361Z,18.848605,114.698167,Cloud to Cloud,10884,3140,7
2026-08-29T22:12:20.248759436Z,17.540387,126.43279,Cloud to Cloud,6644,3322,9
2026-08-29T22:12:21.576235568Z,15.216972,130.656729,Cloud to Cloud,-14438,3064,17
2026-08-29T22:12:21.575718767Z,15.009675,130.754914,Cloud to Ground,16467,0,11
2026-08-29T22:12:21.740860907Z,17.458384,127.551736,Cloud to Ground,-17000,0,21
2026-08-29T22:12:21.674934810Z,17.464876,127.726895,Cloud to Ground,-30964,0,15
2026-08-29T22:12:21.675974593Z,17.451215,127.737421,Cloud to Cloud,-18979,3009,10
2026-08-29T22:12:21.775025755Z,17.447905,128.266206,Cloud to Cloud,14318,4815,7
2026-08-29T22:12:21.224637068Z,10.686557,120.884984,Cloud to Cloud,14868,16413,8
2026-08-29T22:12:21.367863523Z,21.244171,115.003813,Cloud to Cloud,-5888,3096,6
2026-08-29T22:12:21.603007810Z,21.892242,114.827737,Cloud to Ground,35458,0,11
2026-08-29T22:12:22.438700194Z,17.51115,128.035892,Cloud to Ground,-28451,0,17
2026-08-29T22:12:22.373816117Z,17.518129,128.046665,Cloud to Cloud,-24324,4038,14
2026-08-29T22:12:23.035222664Z,20.834989,116.957616,Cloud to Ground,11181,0,8
2026-08-29T22:12:22.518557036Z,20.842204,116.914791,Cloud to Cloud,23999,5369,11
2026-08-29T22:12:24.909088681Z,17.414896,126.810065,Cloud to Cloud,-14852,3766,14
2026-08-29T22:12:24.257692558Z,17.361251,127.165457,Cloud to Ground,-51216,0,12
2026-08-29T22:12:24.409779344Z,17.433382,127.124894,Cloud to Cloud,-9640,5739,18
2026-08-29T22:12:24.310582597Z,17.366961,127.206533,Cloud to Cloud,7933,7232,7
2026-08-29T22:12:24.708054195Z,17.411611,126.911926,Cloud to Cloud,-17220,18389,12
2026-08-29T22:12:24.285084000Z,17.4183,126.9918,Cloud to Ground,-15751,0,5
2026-08-29T22:12:25.659045880Z,17.261799,120.594995,Cloud to Cloud,5126,10503,6
2026-08-29T22:12:25.146321552Z,21.904164,114.831023,Cloud to Ground,18923,0,11
2026-08-29T22:12:26.899189000Z,21.7053,115.4306,Cloud to Ground,18105,0,5
2026-08-29T22:12:26.796632148Z,21.581534,115.397028,Cloud to Ground,-34262,0,10
2026-08-29T22:12:26.859460639Z,21.587407,115.399423,Cloud to Ground,-20111,0,7
2026-08-29T22:12:26.944115398Z,21.589561,115.395079,Cloud to Ground,-17601,0,9
2026-08-29T22:12:27.004074000Z,21.582,115.3939,Cloud to Ground,6031,0,6
2026-08-29T22:12:27.681836504Z,17.440202,127.505171,Cloud to Ground,-41190,0,13
2026-08-29T22:12:27.741876085Z,17.46567,127.477301,Cloud to Ground,-22592,0,17
2026-08-29T22:12:27.744333679Z,17.437355,127.358731,Cloud to Cloud,-18921,3784,15
2026-08-29T22:12:27.885743131Z,17.448658,127.377991,Cloud to Ground,-15799,0,23
2026-08-29T22:12:27.769162957Z,17.441274,127.503978,Cloud to Ground,-13396,0,8
2026-08-29T22:12:27.836119000Z,17.4916,127.4572,Cloud to Ground,-5992,0,5
2026-08-29T22:12:28.384751057Z,17.5664,127.320379,Cloud to Ground,-23938,0,12
2026-08-29T22:12:28.907409780Z,20.794085,117.049777,Cloud to Ground,-63404,0,14
2026-08-29T22:12:30.152173007Z,20.797957,117.053948,Cloud to Ground,-25665,0,14
2026-08-29T22:12:29.496865086Z,20.8041,117.049034,Cloud to Ground,-23587,0,11
2026-08-29T22:12:28.899442790Z,20.855824,117.1049,Cloud to Cloud,-18688,18112,9
2026-08-29T22:12:30.241065000Z,20.8484,117.0871,Cloud to Ground,-18604,0,7
2026-08-29T22:12:28.796125000Z,14.8542,120.3919,Cloud to Ground,7367,0,10
2026-08-29T22:12:30.913446052Z,17.477233,127.961405,Cloud to Ground,-42394,0,26
2026-08-29T22:12:33.032062905Z,17.469325,127.938034,Cloud to Ground,-47903,0,15
2026-08-29T22:12:33.272647348Z,17.466649,127.925574,Cloud to Ground,-26100,0,11
2026-08-29T22:12:33.109088138Z,17.472396,127.942889,Cloud to Ground,-14286,0,10
2026-08-29T22:12:32.902787674Z,17.479166,128.003023,Cloud to Ground,-4370,0,5
2026-08-29T22:12:33.110125730Z,17.491606,127.971926,Cloud to Cloud,8515,3164,8
2026-08-29T22:12:33.460356763Z,17.454157,127.907447,Cloud to Ground,13632,0,8
2026-08-29T22:12:34.707919606Z,15.884287,120.02606,Cloud to Cloud,17693,3031,9
2026-08-29T22:12:35.380299499Z,14.131045,120.47564,Cloud to Cloud,10527,14448,6
2026-08-29T22:12:35.317479306Z,20.591833,116.903403,Cloud to Cloud,12976,11949,8
2026-08-29T22:12:35.681479061Z,21.230338,115.694735,Cloud to Cloud,10082,5461,10
2026-08-29T22:12:37.215492901Z,17.593356,126.164566,Cloud to Cloud,7299,12835,5
2026-08-29T22:12:36.874421883Z,17.593412,126.168443,Cloud to Ground,54702,0,15
2026-08-29T22:12:36.256042485Z,17.405013,127.32063,Cloud to Cloud,11152,9596,8
2026-08-29T22:12:36.579230537Z,17.404361,127.446252,Cloud to Cloud,3403,12219,5
2026-08-29T22:12:37.468806000Z,21.4966,115.6513,Cloud to Ground,-44352,0,12
2026-08-29T22:12:37.527967475Z,21.533133,115.647854,Cloud to Ground,-13989,0,10
2026-08-29T22:12:37.641678354Z,21.500335,115.718016,Cloud to Ground,-12481,0,7
2026-08-29T22:12:38.859362976Z,15.791919,131.223935,Cloud to Ground,-21352,0,14
2026-08-29T22:12:38.858432399Z,15.805464,131.093952,Cloud to Cloud,9425,4399,18
2026-08-29T22:12:38.857792000Z,15.7454,131.3178,Cloud to Ground,-20384,0,5
2026-08-29T22:12:39.417485147Z,21.091305,113.576127,Cloud to Cloud,-14514,3342,11
2026-08-29T22:12:39.455296164Z,21.07893,113.562286,Cloud to Cloud,-12413,3503,11
2026-08-29T22:12:41.607964894Z,19.587044,115.761406,Cloud to Ground,-73612,0,16
2026-08-29T22:12:41.671521939Z,19.605934,115.735749,Cloud to Ground,-32061,0,14
2026-08-29T22:12:41.938850978Z,19.58358,115.754622,Cloud to Cloud,14703,4488,12
2026-08-29T22:12:41.309585835Z,18.987234,114.874494,Cloud to Ground,-19654,0,8
2026-08-29T22:12:41.539241534Z,18.918594,114.923208,Cloud to Ground,-15537,0,7
2026-08-29T22:12:41.160079949Z,18.988288,114.921713,Cloud to Ground,-13250,0,9
2026-08-29T22:12:41.374264838Z,18.983562,114.875752,Cloud to Ground,-12269,0,8
2026-08-29T22:12:41.193511071Z,18.98281,114.946997,Cloud to Cloud,13595,7476,7
2026-08-29T22:12:41.446378000Z,18.88,114.7589,Cloud to Ground,20244,0,5
2026-08-29T22:12:42.292527923Z,17.611782,126.154249,Cloud to Cloud,-13385,19354,9
2026-08-29T22:12:42.381006083Z,17.605506,126.164601,Cloud to Cloud,7938,5270,5
2026-08-29T22:12:41.943752889Z,17.605072,126.168999,Cloud to Cloud,9237,12638,5
2026-08-29T22:12:43.899190538Z,17.373221,127.14628,Cloud to Ground,-11559,0,13
2026-08-29T22:12:43.990880324Z,17.341198,127.202889,Cloud to Cloud,-11437,7909,9
2026-08-29T22:12:43.310213695Z,17.324606,127.221558,Cloud to Cloud,-10895,6325,9
2026-08-29T22:12:43.594751909Z,17.360223,127.235826,Cloud to Ground,-7881,0,7
2026-08-29T22:12:43.914401430Z,17.359501,127.199959,Cloud to Cloud,7996,3034,8
2026-08-29T22:12:43.878144255Z,17.317048,126.994185,Cloud to Cloud,-17736,4418,10
2026-08-29T22:12:43.838763390Z,17.336724,127.040827,Cloud to Ground,-17473,0,14
2026-08-29T22:12:44.461648781Z,21.265518,115.696349,Cloud to Ground,22470,0,9
2026-08-29T22:12:44.076501260Z,21.591128,115.397586,Cloud to Ground,-30006,0,12
2026-08-29T22:12:44.221637361Z,21.59752,115.391575,Cloud to Ground,-16336,0,10
2026-08-29T22:12:44.120062533Z,21.59613,115.392685,Cloud to Ground,-9836,0,8
2026-08-29T22:12:44.282357000Z,21.6272,115.4178,Cloud to Ground,-4669,0,6
2026-08-29T22:12:44.167241000Z,21.6168,115.4058,Cloud to Ground,14032,0,10
2026-08-29T22:12:44.669937387Z,21.20794,113.684083,Cloud to Cloud,12542,3025,9
2026-08-29T22:12:45.264850046Z,17.463549,127.805143,Cloud to Ground,-34753,0,24
2026-08-29T22:12:45.812051220Z,17.476876,127.810873,Cloud to Ground,-32639,0,13
2026-08-29T22:12:45.180098136Z,17.478698,127.937229,Cloud to Ground,-47282,0,16
2026-08-29T22:12:46.098464513Z,17.458,127.963503,Cloud to Ground,-29787,0,19
2026-08-29T22:12:46.479746359Z,17.499782,127.944615,Cloud to Ground,12977,0,11
2026-08-29T22:12:45.812908957Z,17.491462,128.015487,Cloud to Cloud,13238,6108,7
2026-08-29T22:12:45.111257756Z,21.217093,113.799192,Cloud to Cloud,-14702,18736,11
2026-08-29T22:12:46.949922692Z,17.49862,128.121192,Cloud to Cloud,-11598,3032,10
2026-08-29T22:12:46.569781829Z,17.522241,128.110842,Cloud to Cloud,-9400,10067,10
2026-08-29T22:12:47.033145291Z,17.487887,128.068854,Cloud to Cloud,-8489,14047,7
2026-08-29T22:12:46.744967221Z,17.545941,128.147632,Cloud to Cloud,10881,15962,9
2026-08-29T22:12:47.484749598Z,17.570516,126.126193,Cloud to Ground,18879,0,10
2026-08-29T22:12:47.081492865Z,17.608152,127.999605,Cloud to Ground,14984,0,7
2026-08-29T22:12:48.195761853Z,17.387945,127.84157,Cloud to Cloud,8983,18020,10
2026-08-29T22:12:48.859665078Z,18.727294,115.708796,Cloud to Ground,16983,0,11
2026-08-29T22:12:51.186861641Z,15.638886,130.566212,Cloud to Cloud,-13855,16972,21
2026-08-29T22:12:50.980311311Z,15.576557,130.561073,Cloud to Cloud,-12751,18471,7
2026-08-29T22:12:51.607462956Z,17.482186,127.283914,Cloud to Ground,35735,0,9
2026-08-29T22:12:52.277596085Z,0.147202,120.749527,Cloud to Cloud,-11288,10854,11
2026-08-29T22:12:52.540725115Z,17.453981,127.492667,Cloud to Ground,16498,0,8
2026-08-29T22:12:52.523191114Z,17.457835,127.49023,Cloud to Ground,27438,0,10
2026-08-29T22:12:52.485905544Z,21.092042,115.781278,Cloud to Ground,-45999,0,15
2026-08-29T22:12:52.585355543Z,21.141356,115.803445,Cloud to Ground,-8909,0,6
2026-08-29T22:12:52.476187070Z,21.106558,115.66219,Cloud to Ground,28953,0,8
2026-08-29T22:12:52.702933062Z,20.840451,116.92103,Cloud to Cloud,17964,12926,9
2026-08-29T22:12:53.424442583Z,15.424556,131.97432,Cloud to Ground,22648,0,12
2026-08-29T22:12:53.473965356Z,17.562638,126.42479,Cloud to Cloud,8341,7780,6
2026-08-29T22:12:54.989023137Z,13.348592,120.027495,Cloud to Cloud,4345,11104,5
2026-08-29T22:12:54.976861789Z,13.345318,120.045264,Cloud to Cloud,11183,12694,7
2026-08-29T22:12:54.011625410Z,19.275168,113.266658,Cloud to Ground,-31078,0,9
2026-08-29T22:12:54.014561391Z,19.307899,113.259073,Cloud to Cloud,-10879,16797,9
2026-08-29T22:12:54.040014384Z,19.330448,113.246681,Cloud to Ground,19818,0,8
2026-08-29T22:12:54.017517107Z,19.30376,113.134894,Cloud to Ground,11547,0,11
2026-08-29T22:12:54.939841839Z,19.295699,115.206061,Cloud to Cloud,12524,9741,9
2026-08-29T22:12:54.950676554Z,19.299696,115.210802,Cloud to Ground,24216,0,7
2026-08-29T22:12:55.088159592Z,19.839156,114.223986,Cloud to Ground,18538,0,9
2026-08-29T22:12:55.019374011Z,21.212078,115.668317,Cloud to Ground,-43106,0,13
2026-08-29T22:12:55.137749919Z,21.24204,115.704151,Cloud to Ground,-20665,0,12
2026-08-29T22:12:55.393925034Z,21.246157,115.700998,Cloud to Ground,-13584,0,8
2026-08-29T22:12:55.319053650Z,21.24573,115.702689,Cloud to Ground,-13262,0,8
2026-08-29T22:12:55.523661900Z,21.238076,115.70789,Cloud to Ground,-9682,0,8
2026-08-29T22:12:55.253813000Z,21.2418,115.674,Cloud to Ground,12930,0,12
2026-08-29T22:12:55.006423232Z,19.049981,114.847315,Cloud to Cloud,-18511,3279,12
2026-08-29T22:12:57.566642899Z,17.379337,127.456444,Cloud to Ground,39416,0,13
2026-08-29T22:12:57.378477594Z,10.651241,120.838597,Cloud to Ground,-21099,0,8
2026-08-29T22:12:57.469463263Z,10.584773,120.867602,Cloud to Cloud,-16812,17843,8
2026-08-29T22:12:57.459235769Z,10.653533,120.847046,Cloud to Ground,-15303,0,8
2026-08-29T22:12:57.406937623Z,10.706216,120.916877,Cloud to Ground,-14722,0,7
2026-08-29T22:12:58.728415899Z,15.453491,132.003827,Cloud to Ground,13023,0,12
2026-08-29T22:12:59.607480300Z,15.569633,132.207438,Cloud to Cloud,-9028,7272,10
2026-08-29T22:12:59.864715905Z,15.660479,131.158551,Cloud to Cloud,-9907,6380,7
2026-08-29T22:12:59.983582910Z,19.965629,114.359598,Cloud to Cloud,10550,3097,8
2026-08-29T22:13:00.574918490Z,17.398342,127.443003,Cloud to Cloud,9792,18340,5
2026-08-29T22:13:00.228156653Z,17.399162,127.438133,Cloud to Ground,32215,0,11
2026-08-29T22:13:01.334078734Z,14.304683,134.25,Cloud to Ground,-9379,0,10
2026-08-29T22:13:01.339861370Z,14.201692,134.452086,Cloud to Ground,-18704,0,8
2026-08-29T22:13:01.715572292Z,14.329599,134.36735,Cloud to Ground,-10073,0,7
2026-08-29T22:13:01.334570750Z,14.298022,134.393,Cloud to Ground,12058,0,7
2026-08-29T22:13:01.606397103Z,14.263019,134.407447,Cloud to Ground,15521,0,8
2026-08-29T22:13:01.842430569Z,17.62093,126.11177,Cloud to Ground,-12238,0,6
2026-08-29T22:13:01.715158046Z,17.635873,126.080852,Cloud to Cloud,-6352,4281,8
2026-08-29T22:13:04.154806911Z,17.623693,127.645749,Cloud to Cloud,-19155,3340,7
2026-08-29T22:13:04.075124577Z,17.463815,127.768871,Cloud to Ground,11860,0,12
2026-08-29T22:13:04.075722915Z,17.44297,127.855556,Cloud to Cloud,13008,3040,8
2026-08-29T22:13:04.018537593Z,17.497425,127.807875,Cloud to Ground,22948,0,12
2026-08-29T22:13:04.249569974Z,21.05606,113.605905,Cloud to Ground,-16166,0,7
2026-08-29T22:13:04.207301139Z,21.075586,113.587405,Cloud to Ground,-9156,0,6
2026-08-29T22:13:04.445911113Z,21.076095,113.548591,Cloud to Cloud,-9135,9066,6
2026-08-29T22:13:04.175255000Z,21.1395,113.5861,Cloud to Ground,24972,0,5
2026-08-29T22:13:05.027656322Z,18.9886,115.03298,Cloud to Cloud,6633,3119,8
2026-08-29T22:13:05.474100775Z,18.971444,114.995194,Cloud to Cloud,6758,3000,10
2026-08-29T22:13:05.189093588Z,18.968733,115.002624,Cloud to Cloud,10874,7888,8
2026-08-29T22:13:06.459342685Z,17.425902,127.425917,Cloud to Cloud,8734,12055,6
2026-08-29T22:13:06.067124092Z,17.42476,127.431198,Cloud to Ground,20943,0,13
2026-08-29T22:13:08.349966823Z,17.516162,126.42779,Cloud to Cloud,12318,19125,10
2026-08-29T22:13:08.225166162Z,17.523428,126.435528,Cloud to Ground,32933,0,11
2026-08-29T22:13:08.845764875Z,19.32863,115.617866,Cloud to Cloud,-10959,10413,8
2026-08-29T22:13:08.844176601Z,19.336539,115.61723,Cloud to Ground,24108,0,10
2026-08-29T22:13:09.547973766Z,19.274833,115.649272,Cloud to Ground,-40398,0,13
2026-08-29T22:13:09.666563125Z,13.246481,119.831727,Cloud to Cloud,11069,16214,7
2026-08-29T22:13:09.663768548Z,13.257799,119.838805,Cloud to Cloud,15849,11937,7
2026-08-29T22:13:09.663271553Z,13.327016,119.777366,Cloud to Ground,-21811,0,9
2026-08-29T22:13:10.962814407Z,17.366977,128.177639,Cloud to Cloud,12379,6473,7
2026-08-29T22:13:10.322679128Z,17.50177,128.141476,Cloud to Ground,-18957,0,16
2026-08-29T22:13:10.867383591Z,17.515451,128.136468,Cloud to Ground,-15202,0,11
2026-08-29T22:13:10.742020799Z,17.586602,128.11941,Cloud to Cloud,-13593,4504,15
2026-08-29T22:13:10.483358605Z,17.195903,120.408585,Cloud to Cloud,21081,6858,12
2026-08-29T22:13:11.263526000Z,17.8779,119.3214,Cloud to Ground,-17374,0,5
2026-08-29T22:13:11.262439087Z,17.876834,119.410574,Cloud to Cloud,16995,4560,8
2026-08-29T22:13:13.863148738Z,17.422513,127.31193,Cloud to Cloud,-12540,5966,10
2026-08-29T22:13:13.227909802Z,21.192896,113.022836,Cloud to Ground,-9142,0,7
2026-08-29T22:13:14.071225125Z,17.49358,127.893569,Cloud to Ground,-28356,0,19
2026-08-29T22:13:14.898510777Z,17.648219,126.03243,Cloud to Cloud,7189,5167,7
2026-08-29T22:13:15.941202746Z,21.050856,125.739941,Cloud to Cloud,7521,19050,10
2026-08-29T22:13:15.939733312Z,21.099314,125.732466,Cloud to Ground,15900,0,12
2026-08-29T22:13:15.949841380Z,21.081601,125.719729,Cloud to Ground,17965,0,14
2026-08-29T22:13:16.042219168Z,21.089924,125.889719,Cloud to Ground,-22490,0,9
2026-08-29T22:13:15.938005386Z,21.062405,125.850281,Cloud to Cloud,5095,19880,6
2026-08-29T22:13:17.030327983Z,15.54177,130.465046,Cloud to Ground,18788,0,10
2026-08-29T22:13:18.450803964Z,21.266095,115.696539,Cloud to Ground,19246,0,9
2026-08-29T22:13:19.383738794Z,21.549863,115.399814,Cloud to Ground,-51178,0,12
2026-08-29T22:13:19.438470622Z,21.566667,115.394561,Cloud to Ground,-25585,0,11
2026-08-29T22:13:19.484537465Z,21.561844,115.396146,Cloud to Ground,-22640,0,11
2026-08-29T22:13:20.970856510Z,17.48577,128.137712,Cloud to Ground,17115,0,10
2026-08-29T22:13:22.919677546Z,21.267827,115.6519,Cloud to Cloud,8465,14053,5
2026-08-29T22:13:23.056731494Z,15.837471,131.067934,Cloud to Ground,17624,0,13
2026-08-29T22:13:23.057433698Z,15.840906,131.079001,Cloud to Ground,25032,0,14
2026-08-29T22:13:23.519611064Z,20.871007,116.941366,Cloud to Ground,-57197,0,14
2026-08-29T22:13:23.672871000Z,20.8834,116.9104,Cloud to Ground,-20259,0,7
2026-08-29T22:13:23.584073376Z,20.86758,116.936861,Cloud to Ground,-18768,0,10
2026-08-29T22:13:23.636935000Z,20.912188,116.960441,Cloud to Cloud,15156,3771,8
2026-08-29T22:13:24.104296252Z,15.809433,130.948592,Cloud to Ground,-26795,0,22
2026-08-29T22:13:24.375891947Z,21.406285,115.663325,Cloud to Cloud,-52998,5708,10
2026-08-29T22:13:24.426946946Z,21.423312,115.64231,Cloud to Ground,-27275,0,9
2026-08-29T22:13:24.601211044Z,21.427865,115.647107,Cloud to Ground,-19727,0,9
2026-08-29T22:13:24.510719038Z,21.430462,115.658397,Cloud to Ground,-11755,0,8
2026-08-29T22:13:24.458269000Z,21.4265,115.6309,Cloud to Ground,30490,0,10
2026-08-29T22:13:24.889027264Z,17.466529,127.943102,Cloud to Ground,23160,0,8
2026-08-29T22:13:24.480369548Z,17.617597,126.331116,Cloud to Cloud,17239,17950,9
2026-08-29T22:13:24.959765901Z,18.724973,117.166043,Cloud to Ground,65205,0,8
2026-08-29T22:13:25.059958219Z,17.49057,127.776269,Cloud to Cloud,13347,13323,8
2026-08-29T22:13:25.246906057Z,17.462043,127.795498,Cloud to Cloud,13904,6655,10
2026-08-29T22:13:26.022921557Z,14.392111,134.90481,Cloud to Ground,-10532,0,15
2026-08-29T22:13:26.091531788Z,13.457806,120.189376,Cloud to Cloud,4058,13823,5
2026-08-29T22:13:26.086583971Z,13.386789,120.260253,Cloud to Cloud,14907,9889,8
2026-08-29T22:13:27.402428713Z,17.390392,127.435624,Cloud to Ground,22174,0,10
2026-08-29T22:13:27.904410257Z,10.705019,120.845977,Cloud to Cloud,-7108,7964,5
2026-08-29T22:13:27.103026317Z,10.652375,120.811192,Cloud to Ground,20668,0,8
2026-08-29T22:13:30.972225705Z,15.508621,132.050218,Cloud to Ground,-11938,0,10
2026-08-29T22:13:30.444739349Z,15.425618,131.980037,Cloud to Ground,31312,0,14
2026-08-29T22:13:30.082747031Z,18.988976,114.827214,Cloud to Ground,-22090,0,11
2026-08-29T22:13:30.259531349Z,18.969979,114.832589,Cloud to Ground,-21806,0,7
2026-08-29T22:13:29.615496438Z,18.995888,114.819412,Cloud to Ground,-18530,0,7
2026-08-29T22:13:30.123722825Z,18.998198,114.815846,Cloud to Ground,-15908,0,7
2026-08-29T22:13:30.407937393Z,18.9876,114.822076,Cloud to Ground,-10254,0,10
2026-08-29T22:13:31.013693792Z,17.461379,127.415465,Cloud to Cloud,-10598,18532,7
2026-08-29T22:13:32.609364747Z,17.161299,120.450741,Cloud to Ground,-35144,0,11
2026-08-29T22:13:32.977177849Z,17.211606,120.5109,Cloud to Ground,-19939,0,10
2026-08-29T22:13:32.686207000Z,17.1655,120.3981,Cloud to Ground,-17629,0,6
2026-08-29T22:13:33.449363924Z,17.172549,120.439433,Cloud to Ground,-13197,0,10
2026-08-29T22:13:32.270960103Z,19.239488,118.384147,Cloud to Cloud,-7604,14738,7
2026-08-29T22:13:34.647666844Z,15.081023,131.698613,Cloud to Cloud,15209,4598,9
2026-08-29T22:13:34.910108115Z,17.494522,128.336482,Cloud to Cloud,-10709,12880,10
2026-08-29T22:13:34.556772798Z,17.494514,128.310483,Cloud to Cloud,-7793,6976,7
2026-08-29T22:13:34.278020174Z,21.231215,115.704754,Cloud to Ground,18179,0,9
2026-08-29T22:13:35.209042599Z,20.708617,117.067559,Cloud to Ground,-37101,0,9
2026-08-29T22:13:35.091479809Z,20.707713,117.063139,Cloud to Ground,-34716,0,7
2026-08-29T22:13:36.171221006Z,15.602987,131.172476,Cloud to Ground,16939,0,8
2026-08-29T22:13:36.254109779Z,21.168152,114.847735,Cloud to Ground,48529,0,16
2026-08-29T22:13:37.486535088Z,21.893922,114.832623,Cloud to Ground,39889,0,10
2026-08-29T22:13:38.551043397Z,17.476632,127.822878,Cloud to Cloud,-11301,7129,9
2026-08-29T22:13:38.536816919Z,17.477654,127.959498,Cloud to Ground,-37654,0,13
2026-08-29T22:13:39.269391852Z,17.537267,127.861791,Cloud to Ground,-15819,0,13
2026-08-29T22:13:39.145461891Z,17.485764,127.92562,Cloud to Cloud,-5618,3085,6
2026-08-29T22:13:38.214037837Z,17.562021,127.935066,Cloud to Cloud,12549,10382,7
2026-08-29T22:13:40.291911195Z,16.306745,120.394114,Cloud to Ground,63148,0,13
2026-08-29T22:13:40.592417234Z,20.630516,116.905597,Cloud to Cloud,18279,15626,8
2026-08-29T22:13:40.620030825Z,20.235311,117.828904,Cloud to Cloud,19203,19540,7
2026-08-29T22:13:43.946816338Z,17.484846,127.294071,Cloud to Cloud,11412,17386,10
2026-08-29T22:13:43.966230866Z,17.494183,127.302658,Cloud to Ground,16765,0,11
2026-08-29T22:13:43.789994553Z,21.899523,114.869076,Cloud to Ground,-19682,0,13
2026-08-29T22:13:46.039962658Z,17.604219,126.160308,Cloud to Ground,31201,0,13
2026-08-29T22:13:46.800093293Z,15.401059,120.514417,Cloud to Ground,-36034,0,12
2026-08-29T22:13:46.803233814Z,15.409524,120.511243,Cloud to Cloud,7795,18215,9
2026-08-29T22:13:47.753832273Z,20.632819,116.908741,Cloud to Cloud,8563,13654,7
2026-08-29T22:13:48.456948880Z,15.442358,132.147689,Cloud to Ground,33000,0,8
2026-08-29T22:13:48.723544333Z,17.858311,119.350049,Cloud to Cloud,-6032,13982,6
2026-08-29T22:13:49.318164105Z,13.937469,133.781814,Cloud to Ground,-9682,0,13
2026-08-29T22:13:49.590129575Z,13.819123,133.885902,Cloud to Ground,13258,0,7
2026-08-29T22:13:50.326702171Z,14.790627,134.435566,Cloud to Ground,13073,0,13
2026-08-29T22:13:50.360931689Z,14.726284,134.4743,Cloud to Ground,13468,0,8
2026-08-29T22:13:50.306592959Z,14.669209,134.529182,Cloud to Ground,35522,0,11
2026-08-29T22:13:50.504192895Z,17.507216,127.953578,Cloud to Ground,-25745,0,13
2026-08-29T22:13:50.551652534Z,17.50689,127.922857,Cloud to Ground,-15656,0,13
2026-08-29T22:13:50.435119099Z,17.528754,127.98534,Cloud to Cloud,-14038,19627,8
2026-08-29T22:13:50.588093163Z,17.5172,127.953853,Cloud to Ground,-13155,0,7
2026-08-29T22:13:50.246732452Z,17.509317,128.13373,Cloud to Ground,-45535,0,13
2026-08-29T22:13:50.382176820Z,17.510874,128.145813,Cloud to Ground,-36416,0,12
2026-08-29T22:13:53.818180101Z,15.456173,132.142843,Cloud to Ground,-11386,0,10
2026-08-29T22:13:53.641635720Z,15.40949,131.989887,Cloud to Ground,13378,0,10
2026-08-29T22:13:53.837659760Z,17.507359,127.899765,Cloud to Ground,-58182,0,13
2026-08-29T22:13:53.974030757Z,17.506311,127.884968,Cloud to Ground,-36226,0,12
2026-08-29T22:13:53.859273418Z,17.622813,126.15602,Cloud to Cloud,6607,5397,7
2026-08-29T22:13:54.612515916Z,17.410329,127.421663,Cloud to Ground,19244,0,10
2026-08-29T22:13:54.748439873Z,17.506738,127.895381,Cloud to Ground,-25839,0,11
2026-08-29T22:13:54.896208698Z,17.523492,127.927287,Cloud to Ground,26530,0,7
2026-08-29T22:13:54.808680000Z,17.501,127.7887,Cloud to Ground,-20634,0,6
2026-08-29T22:13:54.654404895Z,21.235912,115.712267,Cloud to Ground,-48064,0,15
2026-08-29T22:13:54.528944970Z,21.231274,115.710598,Cloud to Ground,-27503,0,13
2026-08-29T22:13:54.388378210Z,20.483683,110.066225,Cloud to Ground,-13521,0,7
2026-08-29T22:13:54.033793706Z,13.467022,120.197017,Cloud to Ground,-20579,0,9
2026-08-29T22:13:54.138638183Z,13.464128,120.19687,Cloud to Ground,-19302,0,9
2026-08-29T22:13:55.328096518Z,21.610718,115.379812,Cloud to Ground,-41934,0,12
2026-08-29T22:13:55.968846883Z,21.605857,115.374632,Cloud to Ground,-35976,0,13
2026-08-29T22:13:55.410430382Z,21.618083,115.374788,Cloud to Ground,-18523,0,9
2026-08-29T22:13:55.559435656Z,21.35417,114.146397,Cloud to Ground,18511,0,8
2026-08-29T22:13:58.472290808Z,22.809666,112.110865,Cloud to Ground,16377,0,13
2026-08-29T22:13:59.390388421Z,17.558958,127.86481,Cloud to Cloud,9281,3023,10
2026-08-29T22:13:59.052451450Z,18.822292,115.014889,Cloud to Cloud,5728,13558,8
2026-08-29T22:13:59.320815716Z,18.826232,114.998463,Cloud to Ground,11318,0,9
2026-08-29T22:14:01.933511607Z,17.407922,127.304402,Cloud to Ground,-13476,0,12
2026-08-29T22:14:01.278617195Z,19.056391,114.841456,Cloud to Cloud,-5399,9315,6
2026-08-29T22:14:01.232364891Z,19.050744,114.838112,Cloud to Cloud,4951,5721,7
2026-08-29T22:14:01.234560287Z,19.13135,114.868863,Cloud to Cloud,11407,3013,7
2026-08-29T22:14:02.027874158Z,17.444079,127.991523,Cloud to Cloud,-16361,3999,7
2026-08-29T22:14:02.663185089Z,19.055659,114.922386,Cloud to Ground,-11824,0,11
2026-08-29T22:14:02.696004100Z,19.319319,115.582569,Cloud to Cloud,13584,11893,9
2026-08-29T22:14:03.593501592Z,16.675577,128.912958,Cloud to Cloud,-4777,3167,7
2026-08-29T22:14:03.586185839Z,16.673311,128.895689,Cloud to Ground,10565,0,11
2026-08-29T22:14:04.370176297Z,20.852914,116.89837,Cloud to Cloud,8089,4992,8
2026-08-29T22:14:04.361145268Z,20.853763,116.919669,Cloud to Cloud,20655,15053,9
2026-08-29T22:14:04.407531771Z,21.060414,113.599762,Cloud to Ground,-53565,0,14
2026-08-29T22:14:04.497321704Z,21.082204,113.557938,Cloud to Cloud,-23202,3022,12
2026-08-29T22:14:04.592019441Z,21.099914,113.553491,Cloud to Ground,-13103,0,7
2026-08-29T22:14:04.752326264Z,21.081414,113.551987,Cloud to Cloud,-10674,3025,10
2026-08-29T22:14:05.638861176Z,17.38815,127.434555,Cloud to Ground,31508,0,9
2026-08-29T22:14:05.565685000Z,20.8687,116.8729,Cloud to Ground,-26792,0,6
2026-08-29T22:14:05.846423596Z,20.880665,116.96317,Cloud to Cloud,-16428,19136,13
2026-08-29T22:14:05.385619435Z,20.88286,116.9709,Cloud to Cloud,9689,17938,8
2026-08-29T22:14:06.884400982Z,16.566919,129.279023,Cloud to Ground,-10889,0,8
2026-08-29T22:14:07.564800017Z,15.368489,120.415724,Cloud to Cloud,11660,8424,11
2026-08-29T22:14:07.562032434Z,15.300446,120.486472,Cloud to Cloud,16537,18642,9
2026-08-29T22:14:07.560890123Z,15.36601,120.425951,Cloud to Ground,44636,0,21
2026-08-29T22:14:08.434980425Z,21.90496,114.902516,Cloud to Ground,-7561,0,9
2026-08-29T22:14:08.253154000Z,21.9106,114.8991,Cloud to Ground,15809,0,5
2026-08-29T22:14:09.175483088Z,17.49721,127.899848,Cloud to Ground,-14146,0,8
2026-08-29T22:14:08.510135176Z,17.4894,127.915409,Cloud to Cloud,-13582,11403,9
2026-08-29T22:14:08.422692334Z,17.453022,127.830405,Cloud to Cloud,10279,4854,8
2026-08-29T22:14:10.472858012Z,17.364243,127.522804,Cloud to Cloud,-8895,4670,9
2026-08-29T22:14:09.823282010Z,17.438935,127.428446,Cloud to Cloud,-7807,14392,7
2026-08-29T22:14:10.295200293Z,17.425373,127.40388,Cloud to Cloud,-5228,9744,6
2026-08-29T22:14:09.927824881Z,17.436632,127.43203,Cloud to Cloud,5800,6297,5
2026-08-29T22:14:10.360934592Z,17.407138,127.467631,Cloud to Cloud,7449,6513,7
2026-08-29T22:14:10.522261298Z,17.377935,127.333088,Cloud to Cloud,15441,3006,10
2026-08-29T22:14:10.659143311Z,19.370462,115.026568,Cloud to Cloud,-11431,16266,7
2026-08-29T22:14:12.643441933Z,17.368235,127.191428,Cloud to Ground,-157848,0,13
2026-08-29T22:14:13.137609052Z,15.584471,130.606421,Cloud to Ground,-60535,0,17
2026-08-29T22:14:13.131876087Z,15.662289,130.601242,Cloud to Ground,14458,0,13
2026-08-29T22:14:13.268946549Z,15.596593,130.61021,Cloud to Ground,16246,0,8
2026-08-29T22:14:13.255542349Z,15.651699,130.592663,Cloud to Ground,20065,0,8
2026-08-29T22:14:13.907922653Z,17.459335,127.658443,Cloud to Ground,-67763,0,16
2026-08-29T22:14:13.952002646Z,17.462807,127.668037,Cloud to Ground,-20611,0,12
2026-08-29T22:14:13.927875597Z,17.467648,127.700698,Cloud to Ground,14067,0,7
2026-08-29T22:14:14.416894295Z,17.440304,127.487169,Cloud to Ground,-18498,0,26
2026-08-29T22:14:13.961814941Z,17.40881,127.427126,Cloud to Cloud,10090,5191,6
2026-08-29T22:14:14.586034215Z,21.381586,112.829224,Cloud to Ground,20113,0,9
2026-08-29T22:14:15.794237195Z,21.235187,115.706208,Cloud to Ground,31472,0,10
2026-08-29T22:14:19.906770612Z,17.596278,126.173274,Cloud to Cloud,10567,18189,8
2026-08-29T22:14:19.212226205Z,17.596222,126.176923,Cloud to Ground,40092,0,12
2026-08-29T22:14:20.753647117Z,18.820001,114.96742,Cloud to Cloud,-8012,6532,10
2026-08-29T22:14:20.744320073Z,18.822365,114.983044,Cloud to Ground,13283,0,7
2026-08-29T22:14:21.542349501Z,20.622748,116.915811,Cloud to Ground,-49232,0,10
2026-08-29T22:14:21.738502731Z,20.616332,116.911374,Cloud to Ground,-18715,0,12
2026-08-29T22:14:21.968311596Z,20.612859,116.913366,Cloud to Ground,-11158,0,9
2026-08-29T22:14:22.131121410Z,20.619549,116.911465,Cloud to Ground,-10783,0,8
2026-08-29T22:14:21.938032314Z,20.618285,116.912988,Cloud to Ground,-10665,0,10
2026-08-29T22:14:21.527800514Z,20.618177,116.892271,Cloud to Cloud,-8498,8940,6
2026-08-29T22:14:21.718351319Z,20.629516,116.904118,Cloud to Cloud,18085,14883,11
2026-08-29T22:14:21.410802174Z,18.847186,114.831987,Cloud to Cloud,7730,13705,7
2026-08-29T22:14:22.785310422Z,17.569176,127.699893,Cloud to Cloud,-20465,19772,11
2026-08-29T22:14:22.801536337Z,17.586232,127.711573,Cloud to Cloud,14325,14581,10
2026-08-29T22:14:22.778494732Z,19.366083,115.179388,Cloud to Cloud,15363,8001,10
2026-08-29T22:14:23.145964545Z,17.38291,127.868786,Cloud to Cloud,14511,18335,7
2026-08-29T22:14:31.113374777Z,15.444786,132.059818,Cloud to Ground,10407,0,10
2026-08-29T22:14:30.946183996Z,15.452281,132.009895,Cloud to Ground,23306,0,13
2026-08-29T22:14:31.678663956Z,15.644098,132.28515,Cloud to Ground,44477,0,14
2026-08-29T22:14:31.382155812Z,15.44079,132.190341,Cloud to Ground,12879,0,7
2026-08-29T22:14:31.749435623Z,15.68781,131.361987,Cloud to Cloud,6914,3029,9
2026-08-29T22:14:31.811608803Z,15.741855,131.365546,Cloud to Ground,10152,0,8
2026-08-29T22:14:31.552467750Z,15.817474,131.182514,Cloud to Ground,-11892,0,10
2026-08-29T22:14:31.752372965Z,15.629139,131.209284,Cloud to Cloud,-9502,3207,17
2026-08-29T22:14:34.169629089Z,17.596726,126.179124,Cloud to Cloud,12040,6712,8
2026-08-29T22:14:34.430445553Z,17.28061,120.452528,Cloud to Cloud,-11058,19808,8
2026-08-29T22:14:34.450211265Z,17.242459,120.378482,Cloud to Cloud,9564,6768,8
2026-08-29T22:14:35.718396262Z,17.490195,128.005408,Cloud to Ground,-23952,0,15
2026-08-29T22:14:36.216357999Z,20.858042,116.565792,Cloud to Ground,-26596,0,12
2026-08-29T22:14:36.834904184Z,20.865966,116.567568,Cloud to Cloud,-13373,3324,8
2026-08-29T22:14:36.651623634Z,20.864918,116.570951,Cloud to Ground,-9852,0,7
2026-08-29T22:14:36.382849478Z,17.490477,127.830226,Cloud to Ground,-20515,0,13
2026-08-29T22:14:37.758784730Z,15.547489,130.635143,Cloud to Cloud,-33412,3549,13
2026-08-29T22:14:37.681065267Z,15.564068,130.461631,Cloud to Ground,-11031,0,11
2026-08-29T22:14:37.660140506Z,15.556532,130.451899,Cloud to Cloud,12279,13798,17
2026-08-29T22:14:38.338279293Z,13.46996,120.199643,Cloud to Cloud,8869,7281,7
2026-08-29T22:14:38.345846401Z,13.416357,120.256982,Cloud to Cloud,9909,19383,8
2026-08-29T22:14:42.572242627Z,14.345736,134.388491,Cloud to Cloud,-8889,3036,9
2026-08-29T22:14:43.738373034Z,10.822461,121.100936,Cloud to Ground,-46761,0,9
2026-08-29T22:14:43.860073664Z,10.756924,121.271758,Cloud to Cloud,9389,11940,6
2026-08-29T22:14:44.339586814Z,10.780173,121.257153,Cloud to Cloud,12347,15027,7
2026-08-29T22:14:45.684443071Z,21.9032,114.86125,Cloud to Ground,-26268,0,11
2026-08-29T22:14:45.509575939Z,21.904981,114.853862,Cloud to Ground,-22530,0,13
2026-08-29T22:14:45.576643885Z,21.911159,114.856019,Cloud to Ground,-13248,0,9
2026-08-29T22:14:45.022586169Z,20.630084,116.915253,Cloud to Cloud,12129,3547,7
2026-08-29T22:14:46.939991989Z,19.129547,114.33243,Cloud to Ground,-10998,0,7
2026-08-29T22:14:46.399783641Z,21.570534,115.395664,Cloud to Ground,-36066,0,12
2026-08-29T22:14:46.669780682Z,21.567334,115.390032,Cloud to Ground,-22051,0,9
2026-08-29T22:14:46.670988712Z,21.578335,115.394322,Cloud to Ground,-20399,0,10
2026-08-29T22:14:46.488746349Z,21.699346,115.396643,Cloud to Cloud,-10756,19960,6
2026-08-29T22:14:46.907816365Z,21.62608,115.375006,Cloud to Cloud,12541,16771,8
2026-08-29T22:14:46.914048934Z,21.703791,115.412574,Cloud to Cloud,13697,19556,8
2026-08-29T22:14:47.257051000Z,21.5062,115.6564,Cloud to Ground,-32440,0,8
2026-08-29T22:14:47.261019687Z,21.525433,115.685836,Cloud to Cloud,15683,19395,8
2026-08-29T22:14:48.659181561Z,21.236253,115.71957,Cloud to Cloud,-62910,6262,12
2026-08-29T22:14:48.797186642Z,21.223072,115.689666,Cloud to Ground,-18439,0,9
2026-08-29T22:14:48.894557345Z,21.253416,115.717716,Cloud to Ground,-14859,0,9
2026-08-29T22:14:48.948000336Z,21.255947,115.715708,Cloud to Ground,-13701,0,8
2026-08-29T22:14:48.795616487Z,21.251924,115.711668,Cloud to Ground,-11006,0,9
2026-08-29T22:14:48.751745781Z,21.262315,115.686939,Cloud to Cloud,-10546,3868,7
2026-08-29T22:14:48.884642642Z,21.22593,115.691072,Cloud to Ground,-8931,0,7
2026-08-29T22:14:48.818306357Z,21.235427,115.70544,Cloud to Ground,23148,0,13
2026-08-29T22:14:48.615343950Z,21.19075,113.959889,Cloud to Cloud,14777,4181,6
2026-08-29T22:14:48.617535366Z,21.184406,113.86431,Cloud to Ground,16180,0,9
2026-08-29T22:14:48.618400058Z,21.149291,113.96991,Cloud to Ground,25393,0,10
2026-08-29T22:14:49.406687898Z,21.189797,113.862033,Cloud to Ground,-40372,0,17
2026-08-29T22:14:49.480814000Z,21.1516,113.8455,Cloud to Ground,27219,0,5
2026-08-29T22:14:53.673259637Z,21.183532,115.700259,Cloud to Ground,-8689,0,6
2026-08-29T22:14:54.839230458Z,17.425959,127.433895,Cloud to Ground,26458,0,12
2026-08-29T22:14:55.655063716Z,17.484235,127.454559,Cloud to Cloud,-7241,3453,7
2026-08-29T22:14:55.125937821Z,20.432767,116.891201,Cloud to Cloud,3352,3012,5
2026-08-29T22:14:55.120602304Z,20.432099,116.88712,Cloud to Cloud,9717,12138,7
2026-08-29T22:14:55.117922139Z,20.430179,116.887878,Cloud to Cloud,10372,17049,7
2026-08-29T22:14:55.801496210Z,20.949815,117.130834,Cloud to Cloud,9367,4048,10
2026-08-29T22:14:56.566892493Z,20.874,116.959683,Cloud to Ground,-24730,0,12
2026-08-29T22:14:56.472289011Z,20.872662,116.943609,Cloud to Ground,-20440,0,9
2026-08-29T22:14:56.683326980Z,20.875748,116.941661,Cloud to Ground,-9351,0,7
2026-08-29T22:14:56.813452395Z,21.236482,114.93781,Cloud to Cloud,12439,16736,10
2026-08-29T22:14:57.059002282Z,17.403225,127.431514,Cloud to Cloud,4784,6417,7
2026-08-29T22:14:57.473562675Z,14.817431,120.425987,Cloud to Cloud,5984,15621,6
2026-08-29T22:14:57.319541223Z,21.250842,114.828128,Cloud to Cloud,-8440,3039,7
2026-08-29T22:14:58.233656376Z,17.460965,127.919322,Cloud to Cloud,-9767,18150,9
2026-08-29T22:14:58.598258106Z,17.459175,127.989349,Cloud to Cloud,-9410,5211,10
2026-08-29T22:14:58.175605781Z,17.432798,127.958968,Cloud to Cloud,5245,17766,5
2026-08-29T22:15:01.123555707Z,17.437109,128.051803,Cloud to Cloud,-12380,3015,10
2026-08-29T22:15:01.216194973Z,17.516497,128.102806,Cloud to Ground,-29143,0,16
2026-08-29T22:15:01.101603704Z,17.503406,128.147391,Cloud to Ground,-26253,0,14
2026-08-29T22:15:01.545483142Z,17.509003,128.126668,Cloud to Ground,-13290,0,9
2026-08-29T22:15:01.600172039Z,17.507632,128.121034,Cloud to Cloud,-9424,19111,7
2026-08-29T22:15:01.656571427Z,17.529645,128.152537,Cloud to Cloud,20061,15731,7
2026-08-29T22:15:01.134127257Z,17.52972,127.981274,Cloud to Ground,-13792,0,13
2026-08-29T22:15:01.832847022Z,18.944026,114.893813,Cloud to Cloud,6598,3009,8
2026-08-29T22:15:01.511821772Z,18.932764,114.660631,Cloud to Cloud,16090,5467,10
2026-08-29T22:15:02.607750793Z,20.874452,112.312159,Cloud to Cloud,13678,3213,9
2026-08-29T22:15:02.570949851Z,20.839669,112.425257,Cloud to Cloud,-9598,5514,8
2026-08-29T22:15:02.567291000Z,20.8737,112.4271,Cloud to Ground,-6518,0,7
2026-08-29T22:15:02.972786688Z,21.085982,113.593949,Cloud to Ground,-10430,0,10
2026-08-29T22:15:03.271867731Z,21.055593,113.574167,Cloud to Cloud,-7738,6611,9
2026-08-29T22:15:03.655124718Z,21.900494,114.864499,Cloud to Cloud,-10538,12665,9
2026-08-29T22:15:06.806702035Z,14.763763,130.377995,Cloud to Ground,-37926,0,16
2026-08-29T22:15:06.991288826Z,14.78073,130.391065,Cloud to Cloud,-11494,7480,6
2026-08-29T22:15:06.649403876Z,17.578818,126.069028,Cloud to Ground,21053,0,14
2026-08-29T22:15:06.460028835Z,17.467917,127.933992,Cloud to Ground,-27868,0,16
2026-08-29T22:15:06.528561494Z,17.471342,127.94283,Cloud to Ground,-23367,0,14
2026-08-29T22:15:06.485093755Z,10.577628,121.063057,Cloud to Cloud,9445,15406,7
2026-08-29T22:15:07.704742463Z,17.178149,120.476982,Cloud to Ground,-67373,0,16
2026-08-29T22:15:08.386272863Z,17.182454,120.466963,Cloud to Ground,-29157,0,12
2026-08-29T22:15:07.785931344Z,17.184933,120.466763,Cloud to Ground,-20220,0,12
2026-08-29T22:15:07.689103928Z,17.193987,120.558462,Cloud to Cloud,-9332,18114,8
2026-08-29T22:15:08.505399532Z,15.448698,132.002799,Cloud to Ground,11976,0,7
2026-08-29T22:15:08.832693423Z,17.602009,126.168918,Cloud to Cloud,9507,19768,6
2026-08-29T22:15:08.697449047Z,17.290653,120.719043,Cloud to Cloud,14344,5917,12
2026-08-29T22:15:09.053348000Z,17.2988,120.6437,Cloud to Ground,55826,0,5
2026-08-29T22:15:09.034144191Z,17.398319,127.294914,Cloud to Ground,27481,0,8
2026-08-29T22:15:10.285492178Z,17.613126,126.195135,Cloud to Cloud,7141,3006,6
2026-08-29T22:15:12.053337544Z,17.495516,128.053408,Cloud to Ground,-25092,0,13
2026-08-29T22:15:12.344233742Z,17.384152,127.329208,Cloud to Cloud,8086,18511,9
2026-08-29T22:15:13.534433109Z,19.212597,112.807806,Cloud to Ground,14033,0,12
2026-08-29T22:15:13.275781994Z,17.464707,128.242896,Cloud to Ground,21528,0,12
2026-08-29T22:15:14.035340761Z,13.291986,120.104705,Cloud to Cloud,-5828,14634,7
2026-08-29T22:15:14.021835225Z,13.26924,120.131507,Cloud to Cloud,5878,11749,7
2026-08-29T22:15:14.026565470Z,13.347468,120.066402,Cloud to Cloud,14191,13626,9
2026-08-29T22:15:14.988083235Z,19.060629,114.837306,Cloud to Cloud,-8516,13622,6
2026-08-29T22:15:14.947244785Z,19.050711,114.844115,Cloud to Cloud,11498,3032,10
2026-08-29T22:15:15.408726734Z,18.955218,114.818617,Cloud to Cloud,9601,3005,8
2026-08-29T22:15:16.657101139Z,21.186778,113.473094,Cloud to Cloud,9414,14311,10
2026-08-29T22:15:16.779767323Z,21.01214,113.4265,Cloud to Ground,10263,0,8
2026-08-29T22:15:17.962379675Z,17.849225,119.279165,Cloud to Cloud,3195,13998,5
2026-08-29T22:15:17.918355564Z,17.874036,119.338951,Cloud to Cloud,7924,9520,6
2026-08-29T22:15:17.919797595Z,17.872271,119.347747,Cloud to Cloud,11225,3099,8
2026-08-29T22:15:18.995288974Z,21.901738,114.880753,Cloud to Ground,-10833,0,8
2026-08-29T22:15:18.723844550Z,21.951226,114.843854,Cloud to Ground,31010,0,12
2026-08-29T22:15:20.373499066Z,21.606807,115.431466,Cloud to Ground,23470,0,9
2026-08-29T22:15:21.559954647Z,21.387777,115.608291,Cloud to Ground,-60804,0,13
2026-08-29T22:15:21.988841048Z,21.426858,115.616875,Cloud to Ground,-17508,0,11
2026-08-29T22:15:22.047732435Z,21.429215,115.61882,Cloud to Ground,-15657,0,8
2026-08-29T22:15:21.607017713Z,21.4247,115.618606,Cloud to Ground,-12204,0,9
2026-08-29T22:15:22.594000820Z,21.427083,115.619984,Cloud to Ground,-10458,0,7
2026-08-29T22:15:21.887555452Z,21.443081,115.648018,Cloud to Ground,-10248,0,10
2026-08-29T22:15:22.971459837Z,17.499601,127.835624,Cloud to Ground,-69286,0,20
2026-08-29T22:15:22.897895423Z,17.449326,127.348282,Cloud to Ground,16164,0,8
2026-08-29T22:15:22.793626633Z,17.451486,127.343429,Cloud to Ground,34578,0,13
2026-08-29T22:15:22.772261178Z,21.444681,115.823413,Cloud to Cloud,10424,6357,7
2026-08-29T22:15:23.089432557Z,17.462471,127.928536,Cloud to Ground,-31459,0,16
2026-08-29T22:15:23.579977955Z,17.550831,127.931251,Cloud to Cloud,-11705,3272,6
2026-08-29T22:15:24.656378416Z,16.529462,129.13211,Cloud to Ground,-15406,0,18
2026-08-29T22:15:24.909297670Z,13.364375,119.780712,Cloud to Cloud,3795,15509,5
2026-08-29T22:15:24.904774770Z,13.360103,119.775002,Cloud to Cloud,5545,8507,7
2026-08-29T22:15:25.937185616Z,17.45206,127.511389,Cloud to Ground,-62708,0,11
2026-08-29T22:15:26.128128809Z,17.430459,127.237018,Cloud to Ground,18861,0,9
2026-08-29T22:15:26.091312557Z,17.423807,127.231956,Cloud to Ground,21483,0,11
2026-08-29T22:15:26.058147809Z,17.322227,127.223841,Cloud to Ground,-105874,0,26
2026-08-29T22:15:26.088901172Z,17.302161,127.207717,Cloud to Cloud,-19808,3019,10
2026-08-29T22:15:26.106484663Z,17.324274,127.041958,Cloud to Ground,-17954,0,19
2026-08-29T22:15:26.160065042Z,21.840655,116.306015,Cloud to Cloud,-16662,19745,14
2026-08-29T22:15:26.628821121Z,21.856306,116.337443,Cloud to Ground,-16522,0,7
2026-08-29T22:15:26.084754762Z,19.569884,115.782268,Cloud to Ground,-34805,0,7
2026-08-29T22:15:27.899924906Z,15.452871,132.156727,Cloud to Cloud,-12641,11983,6
2026-08-29T22:15:27.755736974Z,15.471228,132.008542,Cloud to Ground,25528,0,12
2026-08-29T22:15:28.800792263Z,15.48784,130.603471,Cloud to Cloud,10564,15647,7
2026-08-29T22:15:28.781884616Z,15.483481,130.610052,Cloud to Cloud,15932,11932,8
2026-08-29T22:15:28.813908136Z,15.612921,130.609993,Cloud to Ground,-12575,0,11
2026-08-29T22:15:28.644733092Z,15.406205,120.527234,Cloud to Cloud,12275,6842,9
2026-08-29T22:15:29.058178125Z,13.473622,120.215049,Cloud to Cloud,4142,18710,7
2026-08-29T22:15:31.935461667Z,17.431923,127.445415,Cloud to Ground,22462,0,8
2026-08-29T22:15:32.929137673Z,17.425188,126.660829,Cloud to Ground,-55484,0,13
2026-08-29T22:15:33.252376030Z,17.364459,126.657844,Cloud to Cloud,-13686,3046,10
2026-08-29T22:15:32.979632339Z,17.437,126.669562,Cloud to Ground,-9235,0,7
2026-08-29T22:15:32.921345420Z,17.511905,126.512116,Cloud to Ground,-21810,0,13
2026-08-29T22:15:33.463371495Z,17.514543,126.409629,Cloud to Ground,-12344,0,10
2026-08-29T22:15:33.278749795Z,17.541364,126.49704,Cloud to Cloud,-10704,7481,8
2026-08-29T22:15:33.451205186Z,17.415078,127.432207,Cloud to Cloud,7437,14518,6
2026-08-29T22:15:32.924802114Z,17.414703,127.434181,Cloud to Ground,22296,0,11
2026-08-29T22:15:32.725619430Z,21.238286,113.593349,Cloud to Ground,-8229,0,6
2026-08-29T22:15:33.519451398Z,17.218096,120.44698,Cloud to Cloud,7869,12474,8
2026-08-29T22:15:32.833782733Z,17.188381,120.43634,Cloud to Cloud,12734,6040,7
2026-08-29T22:15:33.860726736Z,17.467596,126.834578,Cloud to Cloud,10090,9434,7
2026-08-29T22:15:33.603261167Z,19.964113,114.364717,Cloud to Cloud,-20725,3047,10
2026-08-29T22:15:34.254688347Z,17.370281,126.985539,Cloud to Cloud,-8197,7859,7
2026-08-29T22:15:34.774227410Z,10.946572,114.979596,Cloud to Cloud,-11969,5744,7
2026-08-29T22:15:34.771899302Z,10.874349,114.953798,Cloud to Ground,18404,0,7
2026-08-29T22:15:34.772841295Z,11.004899,115.083028,Cloud to Ground,20069,0,13
2026-08-29T22:15:35.891605724Z,17.621581,126.081448,Cloud to Cloud,-5234,13482,7
2026-08-29T22:15:35.733921179Z,17.668369,126.018944,Cloud to Cloud,5363,11009,7
2026-08-29T22:15:35.909681004Z,17.534434,127.810008,Cloud to Ground,21769,0,10
2026-08-29T22:15:35.960758358Z,17.483937,127.910391,Cloud to Cloud,-9935,18538,5
2026-08-29T22:15:35.945555724Z,17.480801,127.956763,Cloud to Cloud,6419,4042,9
2026-08-29T22:15:36.019927380Z,20.614001,116.924609,Cloud to Ground,-75816,0,13
2026-08-29T22:15:36.857321905Z,18.837815,114.962602,Cloud to Cloud,-15402,3000,9
2026-08-29T22:15:36.898315157Z,18.829648,115.025672,Cloud to Cloud,-9115,4357,7
2026-08-29T22:15:37.323814026Z,20.62115,116.922713,Cloud to Ground,-48985,0,14
2026-08-29T22:15:37.473196866Z,20.618907,116.917706,Cloud to Ground,-31038,0,15
2026-08-29T22:15:37.448753513Z,17.540629,127.859337,Cloud to Ground,22813,0,9
2026-08-29T22:15:37.371515437Z,17.480378,127.978364,Cloud to Ground,-9254,0,6
2026-08-29T22:15:39.048629331Z,17.463567,127.987552,Cloud to Ground,-15980,0,9
2026-08-29T22:15:38.832608440Z,17.4662,128.00232,Cloud to Ground,-11726,0,8
2026-08-29T22:15:39.256005338Z,17.464793,128.000429,Cloud to Ground,-9225,0,7
2026-08-29T22:15:39.126869044Z,17.40935,127.448107,Cloud to Cloud,-6208,5248,7
2026-08-29T22:15:39.543439094Z,21.993632,114.920334,Cloud to Cloud,10753,4161,7
2026-08-29T22:15:39.300255693Z,21.576258,115.436913,Cloud to Ground,25825,0,9
2026-08-29T22:15:40.324108318Z,17.304419,127.474089,Cloud to Cloud,-8808,13712,8
2026-08-29T22:15:40.352670588Z,17.336598,127.440477,Cloud to Cloud,10852,5432,8
2026-08-29T22:15:42.263370932Z,20.817927,116.719044,Cloud to Ground,-34799,0,10
2026-08-29T22:15:42.223387809Z,20.837429,116.936884,Cloud to Ground,-62882,0,14
2026-08-29T22:15:42.361285236Z,20.865928,117.005216,Cloud to Ground,-24975,0,10
2026-08-29T22:15:43.189244642Z,20.85003,116.92982,Cloud to Ground,-20365,0,9
2026-08-29T22:15:43.527310366Z,20.834241,116.940568,Cloud to Ground,-12788,0,8
2026-08-29T22:15:43.574169271Z,20.835593,116.936779,Cloud to Ground,-12326,0,8
2026-08-29T22:15:45.320400780Z,17.445945,127.826622,Cloud to Ground,-29652,0,19
2026-08-29T22:15:45.552376976Z,17.473327,128.009918,Cloud to Ground,-16978,0,12
2026-08-29T22:15:45.208068597Z,17.520678,127.962356,Cloud to Ground,-16177,0,12
2026-08-29T22:15:45.208806546Z,17.461421,127.94732,Cloud to Cloud,-12118,3043,10
2026-08-29T22:15:45.534073360Z,17.581166,126.050208,Cloud to Cloud,11294,19809,8
2026-08-29T22:15:46.043158551Z,19.062157,114.211153,Cloud to Cloud,-5311,11645,7
2026-08-29T22:15:45.869010979Z,19.073309,114.181837,Cloud to Ground,9408,0,9
2026-08-29T22:15:48.585708145Z,14.821169,120.424392,Cloud to Cloud,12033,18389,8
2026-08-29T22:15:49.059559139Z,13.145644,119.805105,Cloud to Cloud,5025,3136,6
2026-08-29T22:15:49.073202244Z,13.079241,119.874309,Cloud to Cloud,13434,10911,8
2026-08-29T22:15:48.995526602Z,16.299563,120.48,Cloud to Cloud,3531,3019,7
2026-08-29T22:15:49.131687730Z,16.25537,120.451246,Cloud to Cloud,12610,3225,7
2026-08-29T22:15:50.242729495Z,14.194142,120.457524,Cloud to Cloud,3379,16086,5
2026-08-29T22:15:51.503824909Z,14.694007,121.052158,Cloud to Ground,12308,0,11
2026-08-29T22:15:53.172291793Z,16.023373,119.955958,Cloud to Cloud,-7971,7028,7
2026-08-29T22:15:53.077824573Z,16.0495,119.940595,Cloud to Cloud,4177,17336,7
2026-08-29T22:15:53.012017740Z,16.05702,119.949625,Cloud to Cloud,9632,4629,10
2026-08-29T22:15:55.175241922Z,15.213073,131.8395,Cloud to Ground,-12833,0,13
2026-08-29T22:15:55.183743549Z,15.233687,131.751938,Cloud to Cloud,-9198,17704,11
2026-08-29T22:15:55.177133572Z,15.300094,131.831548,Cloud to Ground,19814,0,22
2026-08-29T22:15:55.229517697Z,19.296059,115.511564,Cloud to Cloud,-16267,4469,10
2026-08-29T22:15:55.225444422Z,19.289557,115.495883,Cloud to Cloud,10655,3049,9
2026-08-29T22:15:59.055239918Z,14.869977,132.104269,Cloud to Ground,23307,0,11
2026-08-29T22:16:00.169430212Z,21.242167,114.909438,Cloud to Cloud,7543,3001,7
2026-08-29T22:16:00.194314904Z,21.216141,114.946032,Cloud to Cloud,12926,6842,10
2026-08-29T22:16:01.890370261Z,15.470075,132.02335,Cloud to Ground,11306,0,11
2026-08-29T22:16:01.937853549Z,14.858793,120.682409,Cloud to Ground,-16372,0,9
2026-08-29T22:16:01.976731463Z,14.781514,120.71649,Cloud to Cloud,9376,3018,10
2026-08-29T22:16:01.269624290Z,10.759798,121.222734,Cloud to Cloud,9617,7679,7
2026-08-29T22:16:03.012721814Z,15.934283,120.372184,Cloud to Ground,14430,0,10
2026-08-29T22:16:03.011035815Z,16.008865,120.31658,Cloud to Cloud,10298,8906,11
2026-08-29T22:16:03.180805871Z,21.907991,114.880535,Cloud to Ground,-25543,0,9
2026-08-29T22:16:03.384405451Z,21.899499,114.888901,Cloud to Ground,-8606,0,7
2026-08-29T22:16:03.107869330Z,19.246045,115.136939,Cloud to Cloud,-11277,3119,7
2026-08-29T22:16:04.348530324Z,17.479328,127.931882,Cloud to Ground,-80901,0,18
2026-08-29T22:16:04.446518236Z,17.438232,127.774659,Cloud to Ground,-43406,0,25
2026-08-29T22:16:04.596669296Z,17.44217,127.806325,Cloud to Ground,-25043,0,25
2026-08-29T22:16:04.670299512Z,17.512941,127.869244,Cloud to Ground,-22995,0,11
2026-08-29T22:16:04.496888774Z,17.484531,127.784973,Cloud to Ground,-21107,0,20
2026-08-29T22:16:04.801645640Z,17.461717,127.816979,Cloud to Ground,-18135,0,9
2026-08-29T22:16:04.949141967Z,17.466139,127.966101,Cloud to Ground,-18087,0,13
2026-08-29T22:16:04.863251549Z,17.468398,127.960349,Cloud to Ground,-17645,0,12
2026-08-29T22:16:04.513312975Z,17.408948,127.834997,Cloud to Ground,-17470,0,7
2026-08-29T22:16:04.977355296Z,17.64069,126.060629,Cloud to Cloud,15760,18351,10
2026-08-29T22:16:04.312274567Z,21.078735,113.591858,Cloud to Ground,26866,0,10
2026-08-29T22:16:05.835625564Z,1.967633,111.171305,Cloud to Cloud,10703,17114,5
2026-08-29T22:16:05.067117511Z,21.207228,115.734494,Cloud to Ground,-12264,0,8
2026-08-29T22:16:05.113509441Z,21.212901,115.732866,Cloud to Ground,-7741,0,8
2026-08-29T22:16:05.083514299Z,20.614447,116.912053,Cloud to Cloud,21816,3021,9
2026-08-29T22:16:08.971461102Z,15.647619,130.508828,Cloud to Ground,-24929,0,12
2026-08-29T22:16:08.666712816Z,15.541231,130.654317,Cloud to Cloud,-17205,18986,12
2026-08-29T22:16:08.962702624Z,16.245605,128.56017,Cloud to Ground,-9254,0,18
2026-08-29T22:16:11.053456640Z,17.510575,128.130028,Cloud to Ground,-59874,0,16
2026-08-29T22:16:11.186009742Z,17.51476,128.107946,Cloud to Ground,-23900,0,10
2026-08-29T22:16:11.073320007Z,17.44518,128.195632,Cloud to Cloud,-16501,4790,10
2026-08-29T22:16:11.313904891Z,17.514657,128.124789,Cloud to Ground,-14058,0,10
2026-08-29T22:16:11.104076066Z,17.495238,128.151174,Cloud to Ground,27147,0,11
2026-08-29T22:16:11.435840000Z,17.5183,128.0118,Cloud to Ground,-23831,0,7
2026-08-29T22:16:11.131680309Z,17.514171,127.950051,Cloud to Ground,-23668,0,9
2026-08-29T22:16:11.865936056Z,17.518109,127.935863,Cloud to Ground,-14503,0,10
2026-08-29T22:16:11.249726000Z,17.2632,128.1865,Cloud to Ground,21191,0,5
2026-08-29T22:16:12.804105998Z,17.297058,120.645466,Cloud to Cloud,13532,4871,8
2026-08-29T22:16:12.671079159Z,17.238485,120.393571,Cloud to Ground,-69368,0,10
2026-08-29T22:16:13.334647258Z,17.311974,120.407426,Cloud to Ground,-40872,0,12
2026-08-29T22:16:13.451269266Z,17.30941,120.408252,Cloud to Ground,-37033,0,11
2026-08-29T22:16:13.125126624Z,17.252553,120.448202,Cloud to Cloud,6803,3577,6
2026-08-29T22:16:12.967567879Z,17.262193,120.397654,Cloud to Cloud,8983,12050,7
2026-08-29T22:16:12.673434000Z,17.2185,120.2416,Cloud to Ground,-19493,0,5
2026-08-29T22:16:13.977050002Z,15.595406,132.063855,Cloud to Ground,-34228,0,13
2026-08-29T22:16:13.883655218Z,15.472696,132.168278,Cloud to Ground,-13270,0,11
2026-08-29T22:16:13.618439074Z,17.441422,127.803873,Cloud to Ground,-31593,0,26
2026-08-29T22:16:13.310879851Z,17.407397,127.806525,Cloud to Ground,-17297,0,13
2026-08-29T22:16:13.953642959Z,17.458653,127.979952,Cloud to Ground,-19974,0,11
2026-08-29T22:16:14.135337911Z,17.458564,127.985333,Cloud to Ground,-11812,0,6
2026-08-29T22:16:14.305782908Z,17.455321,127.971845,Cloud to Ground,-10484,0,8
2026-08-29T22:16:13.705722762Z,17.351928,120.547855,Cloud to Ground,-41965,0,12
2026-08-29T22:16:13.098937650Z,21.605372,115.434329,Cloud to Cloud,16205,11641,9
2026-08-29T22:16:14.499119548Z,15.535345,132.278477,Cloud to Ground,16841,0,13
2026-08-29T22:16:14.404724594Z,17.413093,127.432726,Cloud to Cloud,17744,17580,8
2026-08-29T22:16:15.933990195Z,19.047453,115.058862,Cloud to Cloud,-23640,3019,12
2026-08-29T22:16:15.986303202Z,19.05572,115.071295,Cloud to Ground,-18709,0,10
2026-08-29T22:16:16.038950084Z,19.053784,115.050414,Cloud to Cloud,-12733,14362,11
2026-08-29T22:16:16.459760123Z,19.036225,115.070672,Cloud to Cloud,-11527,3272,6
2026-08-29T22:16:16.659627501Z,19.054981,115.061301,Cloud to Ground,-10419,0,9
2026-08-29T22:16:16.081446723Z,19.059801,115.067261,Cloud to Ground,-8601,0,8
2026-08-29T22:16:15.211497171Z,17.508463,128.300442,Cloud to Cloud,-13515,3026,15
2026-08-29T22:16:15.182771801Z,17.499635,128.378739,Cloud to Cloud,15683,7897,16
2026-08-29T22:16:15.187456086Z,18.682444,117.108611,Cloud to Ground,-21284,0,9
2026-08-29T22:16:17.316112658Z,17.398539,127.435594,Cloud to Ground,18427,0,10
2026-08-29T22:16:19.482239333Z,15.595898,131.186163,Cloud to Cloud,10566,3031,7
2026-08-29T22:16:19.180748942Z,18.821969,115.593517,Cloud to Ground,-17313,0,13
2026-08-29T22:16:20.388165142Z,21.058657,113.55107,Cloud to Ground,-28816,0,8
2026-08-29T22:16:19.528670349Z,21.074565,113.587816,Cloud to Cloud,-21399,3037,11
2026-08-29T22:16:19.994674669Z,21.089821,113.58432,Cloud to Ground,-8290,0,9
2026-08-29T22:16:19.691146020Z,21.09291,113.582552,Cloud to Ground,-7750,0,9
2026-08-29T22:16:21.433012892Z,19.386304,114.99278,Cloud to Ground,-22801,0,14
2026-08-29T22:16:21.249107908Z,20.878592,116.379722,Cloud to Cloud,9247,14071,7
2026-08-29T22:16:21.298275800Z,20.844963,116.3644,Cloud to Cloud,12162,14643,7
2026-08-29T22:16:22.126013546Z,20.808579,117.184487,Cloud to Ground,-10679,0,9
2026-08-29T22:16:22.075057660Z,20.811277,117.057922,Cloud to Ground,-67768,0,16
2026-08-29T22:16:22.063251832Z,20.78897,116.701815,Cloud to Ground,-10877,0,9
2026-08-29T22:16:22.759113032Z,21.597764,115.435142,Cloud to Ground,13299,0,7
2026-08-29T22:16:22.888413892Z,19.582636,115.775018,Cloud to Cloud,-50978,3011,13
2026-08-29T22:16:23.168866995Z,19.575801,115.771987,Cloud to Ground,-21680,0,10
2026-08-29T22:16:23.290037083Z,19.579085,115.770468,Cloud to Ground,-18020,0,7
2026-08-29T22:16:23.630600722Z,19.535848,115.807627,Cloud to Ground,-13544,0,7
2026-08-29T22:16:27.401734546Z,17.42198,127.434573,Cloud to Ground,13905,0,10
2026-08-29T22:16:28.731406936Z,21.217759,113.75991,Cloud to Cloud,9325,5749,12
2026-08-29T22:16:28.732349933Z,21.211699,113.865078,Cloud to Cloud,-13420,3089,10
2026-08-29T22:16:28.834362742Z,21.21005,113.863879,Cloud to Cloud,-11035,12891,6
2026-08-29T22:16:29.404376648Z,21.091641,113.608365,Cloud to Cloud,-6845,11932,7
2026-08-29T22:16:29.089042882Z,18.931421,114.911203,Cloud to Cloud,-8173,4683,10
2026-08-29T22:16:30.206467054Z,17.417339,127.289296,Cloud to Ground,19702,0,16
2026-08-29T22:16:32.664196818Z,17.526611,128.03044,Cloud to Ground,-16369,0,15
2026-08-29T22:16:33.265771371Z,17.502849,128.176594,Cloud to Ground,-15699,0,7
2026-08-29T22:16:32.188574416Z,17.497761,128.150047,Cloud to Ground,-13255,0,14
2026-08-29T22:16:33.043700902Z,17.46654,128.003339,Cloud to Ground,-13020,0,14
2026-08-29T22:16:33.119959987Z,17.50435,128.003637,Cloud to Ground,-12760,0,10
2026-08-29T22:16:32.717920266Z,17.521859,128.161834,Cloud to Ground,-9836,0,6
2026-08-29T22:16:33.270023127Z,17.513109,128.091046,Cloud to Cloud,5838,17998,7
2026-08-29T22:16:32.801455026Z,21.894356,114.841242,Cloud to Cloud,-6665,12401,6
2026-08-29T22:16:34.039481389Z,17.630778,126.177906,Cloud to Cloud,5691,16922,5
2026-08-29T22:16:34.060557406Z,17.621573,126.163503,Cloud to Cloud,7221,15201,7
2026-08-29T22:16:33.974293069Z,17.589826,126.150779,Cloud to Cloud,16056,13165,10
2026-08-29T22:16:33.326370862Z,10.14987,119.70544,Cloud to Ground,-25778,0,9
2026-08-29T22:16:33.339289791Z,10.172189,119.687966,Cloud to Cloud,-5153,4581,5
2026-08-29T22:16:34.286598539Z,15.538507,130.503367,Cloud to Ground,19864,0,12
2026-08-29T22:16:34.765868633Z,17.458321,127.510744,Cloud to Cloud,7274,5180,6
2026-08-29T22:16:34.750428689Z,17.473401,127.397112,Cloud to Ground,38223,0,19
2026-08-29T22:16:35.122523076Z,17.552235,127.297735,Cloud to Cloud,9257,16385,7
2026-08-29T22:16:36.783138284Z,17.47765,127.018238,Cloud to Ground,19341,0,7
2026-08-29T22:16:37.054578310Z,17.383755,127.249762,Cloud to Cloud,9045,3089,9
2026-08-29T22:16:36.791492468Z,17.375723,127.189131,Cloud to Cloud,10520,3036,7
2026-08-29T22:16:36.264864124Z,20.361495,117.80824,Cloud to Ground,-33371,0,17
2026-08-29T22:16:37.575665998Z,15.241461,131.56247,Cloud to Cloud,-11956,17375,16
2026-08-29T22:16:37.615950756Z,15.273258,131.681013,Cloud to Ground,-33166,0,12
2026-08-29T22:16:37.779248707Z,15.224813,131.667705,Cloud to Ground,-11762,0,8
2026-08-29T22:16:37.975226055Z,19.972227,114.305365,Cloud to Cloud,-16242,5178,11
2026-08-29T22:16:38.010356327Z,19.95146,114.37283,Cloud to Ground,-15782,0,10
2026-08-29T22:16:38.075593897Z,19.959426,114.370729,Cloud to Ground,-12023,0,9
2026-08-29T22:16:38.396771491Z,19.052442,114.263942,Cloud to Cloud,8412,4424,8
2026-08-29T22:16:39.100000708Z,17.536492,127.877665,Cloud to Ground,-26730,0,20
2026-08-29T22:16:40.487440851Z,16.402385,120.139642,Cloud to Cloud,-12200,10932,8
2026-08-29T22:16:40.972465053Z,17.449229,127.89216,Cloud to Ground,-23172,0,12
2026-08-29T22:16:42.869554785Z,21.233609,112.737021,Cloud to Cloud,-10544,18544,9
2026-08-29T22:16:43.140710724Z,21.25362,112.70495,Cloud to Cloud,-10274,5803,10
2026-08-29T22:16:43.833462041Z,21.111917,125.835287,Cloud to Ground,-17079,0,8
2026-08-29T22:16:43.582404181Z,21.05364,125.867068,Cloud to Cloud,4796,16026,7
2026-08-29T22:16:43.563165188Z,21.10502,125.693734,Cloud to Cloud,7418,6544,12
2026-08-29T22:16:43.553096850Z,21.140703,125.760353,Cloud to Ground,11412,0,7
2026-08-29T22:16:43.554870331Z,21.026689,125.758031,Cloud to Ground,25026,0,12
2026-08-29T22:16:44.295596637Z,20.900586,111.621368,Cloud to Cloud,9423,19925,7
2026-08-29T22:16:45.993376931Z,19.379541,118.522331,Cloud to Cloud,4350,15526,6
2026-08-29T22:16:45.100849061Z,19.470933,118.457557,Cloud to Cloud,15094,3808,8
2026-08-29T22:16:45.544312432Z,13.37445,119.805612,Cloud to Cloud,4753,13602,6
2026-08-29T22:16:45.543019561Z,13.3741,119.799395,Cloud to Cloud,7154,16013,8
2026-08-29T22:16:46.732520448Z,21.58316,115.41906,Cloud to Ground,-118508,0,18
2026-08-29T22:16:46.804749648Z,21.592436,115.404418,Cloud to Ground,-36431,0,9
2026-08-29T22:16:46.726853110Z,21.623597,115.396201,Cloud to Ground,-17936,0,9
2026-08-29T22:16:47.334694547Z,21.595672,115.410159,Cloud to Ground,-13616,0,8
2026-08-29T22:16:47.163707851Z,21.615142,115.404476,Cloud to Cloud,6016,3082,7
2026-08-29T22:16:46.882903324Z,21.594459,115.376893,Cloud to Cloud,11314,3003,10
2026-08-29T22:16:47.512952808Z,17.098941,120.207094,Cloud to Cloud,7685,9861,6
2026-08-29T22:16:47.683228937Z,19.309331,115.186143,Cloud to Cloud,-11213,9706,8
2026-08-29T22:16:47.122812432Z,19.343846,115.153885,Cloud to Cloud,13851,12495,8
2026-08-29T22:16:47.581366203Z,10.62849,120.84409,Cloud to Ground,17775,0,7
2026-08-29T22:16:48.278079657Z,10.723021,120.788863,Cloud to Ground,-21483,0,10
2026-08-29T22:16:48.051840898Z,20.612211,116.915049,Cloud to Ground,31508,0,10
2026-08-29T22:16:48.984227627Z,17.251261,120.395109,Cloud to Cloud,6545,7122,9
2026-08-29T22:16:50.412411212Z,17.499524,127.318772,Cloud to Ground,13229,0,8
2026-08-29T22:16:50.854412970Z,13.478312,120.213595,Cloud to Cloud,2775,18637,5
2026-08-29T22:16:51.377425700Z,18.904016,114.853409,Cloud to Cloud,-15779,3000,7
2026-08-29T22:16:51.190469443Z,18.99346,115.007388,Cloud to Cloud,-6015,6519,6
2026-08-29T22:16:51.301050103Z,10.761699,121.196882,Cloud to Cloud,21513,19580,7
2026-08-29T22:16:51.424307793Z,20.623372,116.938115,Cloud to Cloud,11760,15448,6
2026-08-29T22:16:52.837795575Z,17.405083,127.445944,Cloud to Ground,25021,0,12
2026-08-29T22:16:53.756922338Z,18.95838,114.839968,Cloud to Cloud,-15940,3019,10
2026-08-29T22:16:53.597197883Z,18.953596,114.821295,Cloud to Ground,-12093,0,10
2026-08-29T22:16:53.827654267Z,18.94398,114.818586,Cloud to Cloud,-10291,9199,9
2026-08-29T22:16:54.017889210Z,18.937668,114.822109,Cloud to Ground,-7636,0,7
2026-08-29T22:16:53.214341095Z,18.878183,114.778475,Cloud to Cloud,-7170,3617,6
2026-08-29T22:16:53.724112057Z,18.997808,114.836704,Cloud to Cloud,-6696,3087,9
2026-08-29T22:16:53.304245713Z,18.912889,114.787519,Cloud to Ground,13989,0,12
2026-08-29T22:16:53.700016159Z,18.961084,114.665453,Cloud to Cloud,-8272,3018,6
2026-08-29T22:16:53.603970167Z,21.501394,115.672304,Cloud to Cloud,9135,3052,8
2026-08-29T22:16:54.263330210Z,10.627356,121.012012,Cloud to Cloud,-9097,16301,8
2026-08-29T22:16:54.242163833Z,10.568082,121.077212,Cloud to Cloud,16121,6565,7
2026-08-29T22:16:55.506565784Z,14.719424,120.53614,Cloud to Cloud,6174,11612,9
2026-08-29T22:16:55.488570000Z,14.8298,120.3124,Cloud to Ground,-50700,0,8
2026-08-29T22:16:55.596371000Z,14.8378,120.4218,Cloud to Ground,-14078,0,6
2026-08-29T22:16:56.362712087Z,17.560712,127.871876,Cloud to Ground,9982,0,8
2026-08-29T22:16:56.592073495Z,17.458666,127.819556,Cloud to Ground,16904,0,11
2026-08-29T22:16:56.370261531Z,17.504617,127.862866,Cloud to Ground,24494,0,11
2026-08-29T22:16:56.689382182Z,10.744967,121.332066,Cloud to Cloud,21128,15894,8
2026-08-29T22:16:57.180685113Z,17.485979,127.993386,Cloud to Cloud,-7727,4976,6
2026-08-29T22:16:58.200258242Z,22.78719,112.20004,Cloud to Ground,-16877,0,8
2026-08-29T22:16:58.198861764Z,22.78737,112.238753,Cloud to Ground,-15025,0,12
2026-08-29T22:16:58.143975541Z,21.891906,114.873811,Cloud to Cloud,423,3715,5
2026-08-29T22:17:00.712169445Z,21.084862,113.634821,Cloud to Cloud,-7828,19354,11
2026-08-29T22:17:00.890168268Z,21.248123,115.678297,Cloud to Ground,15128,0,10
2026-08-29T22:17:01.355667583Z,17.608527,126.378385,Cloud to Ground,-54675,0,19
2026-08-29T22:17:01.403148778Z,17.529176,126.452147,Cloud to Ground,-32138,0,16
2026-08-29T22:17:01.793802111Z,17.545022,126.386712,Cloud to Cloud,-10055,9878,9
2026-08-29T22:17:01.943209375Z,17.453218,126.647518,Cloud to Ground,-28215,0,13
2026-08-29T22:17:01.792692572Z,17.621555,126.256218,Cloud to Ground,-24430,0,9
2026-08-29T22:17:03.488893571Z,21.894212,114.895358,Cloud to Ground,-14982,0,10
2026-08-29T22:17:05.465293466Z,17.358539,127.216228,Cloud to Ground,-77680,0,16
2026-08-29T22:17:05.726159092Z,17.338228,127.245271,Cloud to Ground,-33210,0,16
2026-08-29T22:17:05.589293204Z,17.35467,127.23076,Cloud to Ground,-26089,0,13
2026-08-29T22:17:05.640674414Z,17.36306,127.240747,Cloud to Ground,-23175,0,9
2026-08-29T22:17:05.480894611Z,17.361895,127.220303,Cloud to Ground,-22198,0,11
2026-08-29T22:17:05.848868521Z,17.336306,127.244967,Cloud to Ground,-20510,0,11
2026-08-29T22:17:06.431205295Z,17.331566,127.226123,Cloud to Ground,-18107,0,9
2026-08-29T22:17:05.911243171Z,17.33233,127.233352,Cloud to Ground,-15291,0,7
2026-08-29T22:17:05.512578720Z,17.361013,127.235767,Cloud to Cloud,-14477,6208,8
2026-08-29T22:17:05.639439618Z,17.349063,127.230447,Cloud to Cloud,-10719,3023,16
2026-08-29T22:17:06.600101829Z,17.413403,127.051441,Cloud to Cloud,8999,7817,8
2026-08-29T22:17:06.589793300Z,17.403209,127.042759,Cloud to Ground,19688,0,16
2026-08-29T22:17:06.908316724Z,17.62171,126.137661,Cloud to Cloud,-6576,6104,7
2026-08-29T22:17:08.623567000Z,19.3196,115.6125,Cloud to Ground,-6811,0,6
2026-08-29T22:17:08.622756757Z,19.315382,115.614516,Cloud to Cloud,13826,11115,8
2026-08-29T22:17:08.922932946Z,17.407525,127.458605,Cloud to Cloud,-13678,9725,8
2026-08-29T22:17:08.651740075Z,17.397049,127.469881,Cloud to Cloud,7741,7959,8
2026-08-29T22:17:08.053511140Z,17.219392,120.481597,Cloud to Ground,-20825,0,10
2026-08-29T22:17:08.569670377Z,17.212357,120.462273,Cloud to Ground,-19070,0,9
2026-08-29T22:17:08.573756012Z,17.122704,120.47365,Cloud to Cloud,-11743,5338,10
2026-08-29T22:17:08.746965247Z,17.212585,120.463136,Cloud to Ground,-8937,0,9
2026-08-29T22:17:09.354667463Z,21.237717,115.734339,Cloud to Ground,-106395,0,16
2026-08-29T22:17:09.453756000Z,21.2428,115.7303,Cloud to Ground,-21740,0,7
2026-08-29T22:17:09.488975272Z,17.306411,127.433526,Cloud to Ground,15677,0,8
2026-08-29T22:17:10.671132438Z,16.319035,120.432429,Cloud to Ground,-15750,0,8
2026-08-29T22:17:10.663044279Z,16.311704,120.399598,Cloud to Cloud,11030,11683,8
2026-08-29T22:17:10.237708638Z,13.489502,120.257063,Cloud to Ground,-17454,0,9
2026-08-29T22:17:10.582204000Z,19.5982,115.7836,Cloud to Ground,16071,0,5
2026-08-29T22:17:14.467731196Z,21.201139,114.877605,Cloud to Cloud,17440,17993,9
2026-08-29T22:17:14.599567907Z,10.171602,119.670584,Cloud to Ground,37430,0,14
2026-08-29T22:17:15.495530203Z,20.641647,116.92214,Cloud to Cloud,15414,16658,7
2026-08-29T22:17:17.211450833Z,17.467095,127.768874,Cloud to Ground,-26025,0,13
2026-08-29T22:17:17.185736865Z,17.487482,127.795865,Cloud to Cloud,-18784,6363,11
2026-08-29T22:17:17.077852363Z,17.478836,127.954116,Cloud to Ground,-42645,0,17
2026-08-29T22:17:17.695614531Z,17.478322,127.959229,Cloud to Ground,-14026,0,9
2026-08-29T22:17:17.098543800Z,17.511751,127.966867,Cloud to Cloud,-9064,6011,13
2026-08-29T22:17:17.643456058Z,17.444941,127.981612,Cloud to Ground,31759,0,11
2026-08-29T22:17:18.009509298Z,17.477523,127.787609,Cloud to Ground,-12384,0,14
2026-08-29T22:17:19.433904037Z,20.455988,110.043997,Cloud to Cloud,7600,17828,6
2026-08-29T22:17:20.666476877Z,21.623826,115.435159,Cloud to Ground,24997,0,10
2026-08-29T22:17:21.602325981Z,20.890041,116.950298,Cloud to Ground,-113020,0,10
2026-08-29T22:17:22.780584805Z,20.787816,116.986871,Cloud to Ground,-34092,0,7
2026-08-29T22:17:21.944417446Z,20.854465,117.061615,Cloud to Ground,-32425,0,14
2026-08-29T22:17:22.649074532Z,20.772264,117.084035,Cloud to Ground,-29395,0,10
2026-08-29T22:17:22.011458035Z,20.783364,117.037262,Cloud to Cloud,-27517,10379,11
2026-08-29T22:17:22.514591381Z,20.880324,116.945252,Cloud to Ground,-25931,0,10
2026-08-29T22:17:22.885868000Z,20.8297,117.0642,Cloud to Ground,-25251,0,5
2026-08-29T22:17:21.591916876Z,20.880046,117.032121,Cloud to Ground,-13596,0,10
2026-08-29T22:17:21.715865855Z,20.879881,116.943671,Cloud to Ground,-13030,0,9
2026-08-29T22:17:21.853085066Z,20.824966,116.942933,Cloud to Cloud,-8754,3454,6
2026-08-29T22:17:21.591362066Z,20.877149,116.93192,Cloud to Cloud,-8614,16970,8
2026-08-29T22:17:21.917343444Z,19.050498,114.874789,Cloud to Cloud,8963,3048,8
2026-08-29T22:17:24.874418309Z,17.518235,128.08062,Cloud to Ground,-38920,0,14
2026-08-29T22:17:24.986027866Z,17.514348,128.060359,Cloud to Ground,-12338,0,9
2026-08-29T22:17:25.986411880Z,17.463328,128.098823,Cloud to Cloud,10158,6277,9
2026-08-29T22:17:25.008592082Z,17.500913,127.927401,Cloud to Ground,-20480,0,12
2026-08-29T22:17:24.930386065Z,17.509582,127.954034,Cloud to Ground,-18237,0,7
2026-08-29T22:17:24.917720858Z,17.519016,127.900912,Cloud to Ground,-16496,0,8
2026-08-29T22:17:25.655645769Z,17.537576,127.96346,Cloud to Ground,-13744,0,10
2026-08-29T22:17:25.900440020Z,17.536379,127.916435,Cloud to Ground,-13397,0,16
2026-08-29T22:17:24.937468915Z,17.488593,127.928518,Cloud to Ground,-11995,0,10
2026-08-29T22:17:24.995258541Z,17.535598,127.946908,Cloud to Cloud,-9403,7927,12
2026-08-29T22:17:25.095558236Z,13.462426,120.218986,Cloud to Cloud,3303,14859,5
2026-08-29T22:17:27.850850729Z,21.928901,114.820762,Cloud to Cloud,10576,4423,6
2026-08-29T22:17:27.736042826Z,20.464667,116.920048,Cloud to Ground,-39415,0,14
2026-08-29T22:17:27.889599654Z,20.412184,116.942214,Cloud to Ground,-30765,0,10
2026-08-29T22:17:27.806967000Z,20.4955,116.8865,Cloud to Ground,-21862,0,5
2026-08-29T22:17:27.780275615Z,20.446706,116.904615,Cloud to Cloud,-14646,4630,11
2026-08-29T22:17:28.604595513Z,20.862723,116.571407,Cloud to Ground,-34259,0,12
2026-08-29T22:17:28.701995013Z,20.865348,116.574778,Cloud to Ground,-29834,0,13
2026-08-29T22:17:29.132344315Z,20.85169,116.578021,Cloud to Ground,-9663,0,7
2026-08-29T22:17:31.601568335Z,13.084849,119.872572,Cloud to Cloud,17341,5776,8
2026-08-29T22:17:31.075508433Z,18.956829,114.883842,Cloud to Cloud,-8353,3050,8
2026-08-29T22:17:30.914734275Z,18.956388,114.883533,Cloud to Cloud,-6631,3594,9
2026-08-29T22:17:31.171687224Z,18.946097,114.899033,Cloud to Cloud,-5919,6164,6
2026-08-29T22:17:31.353798532Z,18.954268,114.862557,Cloud to Cloud,6581,3084,8
2026-08-29T22:17:31.065942801Z,18.958869,114.90117,Cloud to Ground,23567,0,12
2026-08-29T22:17:31.200912868Z,21.095657,113.634052,Cloud to Cloud,7008,3013,5
2026-08-29T22:17:32.605797318Z,18.797699,115.529974,Cloud to Cloud,-7130,6719,7
2026-08-29T22:17:34.539366622Z,19.774774,114.671611,Cloud to Ground,-11684,0,8
2026-08-29T22:17:35.618749453Z,17.464343,127.978226,Cloud to Ground,-20241,0,12
2026-08-29T22:17:35.530414517Z,17.556298,127.961476,Cloud to Ground,-18534,0,12
2026-08-29T22:17:35.698798707Z,17.477415,127.817719,Cloud to Ground,-22175,0,18
2026-08-29T22:17:35.878001139Z,17.427602,127.813632,Cloud to Ground,-17082,0,19
2026-08-29T22:17:36.041935199Z,17.595632,127.807407,Cloud to Ground,-11381,0,8
2026-08-29T22:17:36.717814777Z,17.392634,127.443502,Cloud to Ground,54511,0,15
2026-08-29T22:17:39.645341400Z,17.598517,128.038033,Cloud to Ground,-12098,0,24
2026-08-29T22:17:39.380328764Z,17.359293,127.189222,Cloud to Ground,-45296,0,11
2026-08-29T22:17:39.471503338Z,17.354502,127.203288,Cloud to Ground,-32401,0,12
2026-08-29T22:17:39.534025307Z,17.350636,127.205987,Cloud to Ground,-28416,0,15
2026-08-29T22:17:39.436898248Z,17.357732,127.079585,Cloud to Ground,-17705,0,12
2026-08-29T22:17:39.672194209Z,17.412161,127.145704,Cloud to Ground,-17523,0,16
2026-08-29T22:17:40.014599421Z,17.368496,127.047849,Cloud to Ground,-13856,0,7
2026-08-29T22:17:39.400813935Z,17.24354,127.198455,Cloud to Cloud,-13794,3410,7
2026-08-29T22:17:39.340642640Z,14.785103,120.719707,Cloud to Cloud,10241,14032,7
2026-08-29T22:17:40.650821730Z,17.442381,127.541883,Cloud to Ground,-134988,0,16
2026-08-29T22:17:40.689663157Z,17.425402,127.341838,Cloud to Ground,-33463,0,15
2026-08-29T22:17:40.720408187Z,17.406425,127.584042,Cloud to Ground,-20295,0,10
2026-08-29T22:17:40.748299720Z,17.426009,127.390868,Cloud to Ground,-19124,0,20
2026-08-29T22:17:41.257998811Z,17.466618,127.428254,Cloud to Ground,-16009,0,14
2026-08-29T22:17:40.691700170Z,17.449456,127.483193,Cloud to Ground,25768,0,18
2026-08-29T22:17:41.034850754Z,19.252337,115.502749,Cloud to Cloud,-10040,3051,8
2026-08-29T22:17:41.001660797Z,19.230838,115.524907,Cloud to Cloud,-9890,3022,8
2026-08-29T22:17:40.904768559Z,19.290181,115.491979,Cloud to Ground,26550,0,15
2026-08-29T22:17:41.663837000Z,20.8448,115.2691,Cloud to Ground,-11486,0,6
2026-08-29T22:17:42.904414716Z,15.587891,130.640349,Cloud to Cloud,-5195,11272,6
2026-08-29T22:17:42.430341413Z,21.25773,115.681517,Cloud to Ground,20602,0,10
2026-08-29T22:17:44.240065253Z,14.688698,134.436846,Cloud to Ground,7805,0,6
2026-08-29T22:17:45.901815611Z,15.701415,131.184286,Cloud to Ground,-21113,0,11
2026-08-29T22:17:45.019024785Z,21.411083,115.637603,Cloud to Ground,21126,0,9
2026-08-29T22:17:45.976738378Z,21.883809,114.858412,Cloud to Cloud,-9045,3077,11
2026-08-29T22:17:46.132167108Z,21.903249,114.896204,Cloud to Cloud,9268,7419,8
2026-08-29T22:17:49.629603144Z,17.590122,126.008718,Cloud to Cloud,-10008,3213,7
2026-08-29T22:17:50.560077865Z,17.419129,127.99036,Cloud to Cloud,-9957,4449,9
2026-08-29T22:17:50.564506414Z,10.726307,121.125326,Cloud to Ground,21187,0,8
2026-08-29T22:17:51.478492327Z,15.4268,132.03739,Cloud to Ground,27295,0,10
2026-08-29T22:17:51.507872071Z,21.257668,114.955425,Cloud to Cloud,-15093,13030,12
2026-08-29T22:17:51.570326656Z,21.289707,114.947505,Cloud to Cloud,14054,3190,8
2026-08-29T22:17:51.952676834Z,20.704326,116.909626,Cloud to Cloud,-9813,19179,7
2026-08-29T22:17:51.758709067Z,20.57141,116.957009,Cloud to Ground,-31681,0,18
2026-08-29T22:17:52.695836537Z,16.278435,128.572297,Cloud to Ground,-15256,0,14
2026-08-29T22:17:53.346086457Z,17.574567,128.216775,Cloud to Cloud,8811,3171,8
2026-08-29T22:17:53.314538057Z,17.485712,128.261026,Cloud to Cloud,9477,8607,13
2026-08-29T22:17:53.344636406Z,17.511143,128.355993,Cloud to Cloud,-25867,3029,8
2026-08-29T22:17:53.594021491Z,17.498391,128.432192,Cloud to Cloud,-12080,3394,8
2026-08-29T22:17:55.448139763Z,17.344107,127.23106,Cloud to Ground,-39286,0,12
2026-08-29T22:17:55.728857552Z,17.475131,128.009179,Cloud to Ground,-27924,0,16
2026-08-29T22:17:55.662174172Z,17.4748,128.012593,Cloud to Ground,-19504,0,11
2026-08-29T22:17:56.264432000Z,17.4961,127.958,Cloud to Ground,-12624,0,5
2026-08-29T22:17:56.188139645Z,17.453168,128.019501,Cloud to Ground,25798,0,8
2026-08-29T22:17:55.932797200Z,12.870686,120.610496,Cloud to Ground,-29681,0,13
2026-08-29T22:17:56.657712321Z,21.226519,115.702165,Cloud to Ground,17340,0,9
2026-08-29T22:17:56.437130113Z,21.047153,113.528103,Cloud to Cloud,11153,3073,6
2026-08-29T22:17:56.395839908Z,21.037315,113.532722,Cloud to Cloud,12691,6285,10
2026-08-29T22:17:56.403096684Z,21.046743,113.518221,Cloud to Cloud,13659,6485,7
2026-08-29T22:17:58.652077733Z,18.84435,114.669877,Cloud to Ground,25112,0,13
2026-08-29T22:17:58.492068518Z,19.960817,114.388265,Cloud to Cloud,-23472,4541,14
2026-08-29T22:17:58.465115226Z,19.96598,114.385394,Cloud to Cloud,-11774,7113,7
2026-08-29T22:17:58.565392924Z,19.955838,114.387706,Cloud to Cloud,9462,12861,6
2026-08-29T22:17:58.082551336Z,21.539811,115.436575,Cloud to Cloud,-9453,8628,6
2026-08-29T22:18:00.674695034Z,17.233006,120.337806,Cloud to Cloud,6446,19287,7
2026-08-29T22:18:01.487544354Z,19.954499,114.425001,Cloud to Cloud,-10764,4158,8
2026-08-29T22:18:02.922746073Z,17.414193,127.453552,Cloud to Ground,31334,0,11
2026-08-29T22:18:02.197677780Z,19.463052,118.446531,Cloud to Cloud,14859,7638,8
2026-08-29T22:18:03.668609000Z,21.6103,114.7159,Cloud to Ground,-21051,0,7
2026-08-29T22:18:06.945974127Z,19.534459,115.765284,Cloud to Ground,-38377,0,13
2026-08-29T22:18:07.592906409Z,19.352221,113.161716,Cloud to Cloud,8273,3000,7
2026-08-29T22:18:08.282343477Z,19.245833,113.138301,Cloud to Cloud,-74475,3067,16
2026-08-29T22:18:08.631018907Z,17.464067,127.75856,Cloud to Cloud,10130,3038,10
2026-08-29T22:18:08.585552693Z,21.625493,115.443775,Cloud to Ground,26869,0,9
2026-08-29T22:18:09.286044916Z,15.253973,131.874201,Cloud to Ground,-14469,0,8
2026-08-29T22:18:09.538937586Z,17.489191,126.430624,Cloud to Cloud,-9805,6071,12
2026-08-29T22:18:09.061040295Z,21.245299,115.715733,Cloud to Ground,-52440,0,11
2026-08-29T22:18:09.111234446Z,21.249343,115.709794,Cloud to Ground,-27993,0,12
2026-08-29T22:18:09.050222182Z,21.23149,115.770472,Cloud to Cloud,-15519,6065,15
2026-08-29T22:18:09.267510194Z,21.203074,115.697082,Cloud to Ground,-14189,0,10
2026-08-29T22:18:10.862614899Z,19.310844,115.213509,Cloud to Ground,-69199,0,13
2026-08-29T22:18:10.960274386Z,19.314325,115.197707,Cloud to Ground,-15313,0,9
2026-08-29T22:18:11.408715470Z,19.314267,115.200146,Cloud to Cloud,-7897,7603,7
2026-08-29T22:18:10.942550756Z,17.517657,127.898435,Cloud to Ground,-21653,0,20
2026-08-29T22:18:11.450587450Z,17.492345,128.002833,Cloud to Ground,-28238,0,12
2026-08-29T22:18:11.053728053Z,17.49951,128.023276,Cloud to Ground,-26223,0,12
2026-08-29T22:18:11.113928019Z,19.047134,114.879985,Cloud to Ground,-11409,0,12
2026-08-29T22:18:11.330723000Z,21.1601,113.7238,Cloud to Ground,30549,0,6
2026-08-29T22:18:13.086024798Z,18.991178,114.771258,Cloud to Cloud,-14049,3114,9
2026-08-29T22:18:13.215980837Z,18.929381,114.764317,Cloud to Cloud,-12060,5784,9
2026-08-29T22:18:13.107075540Z,18.925437,114.805436,Cloud to Cloud,-6509,3179,8
2026-08-29T22:18:13.304469577Z,18.890211,114.843601,Cloud to Cloud,-6336,3220,7
2026-08-29T22:18:14.575207475Z,21.07048,113.488662,Cloud to Cloud,-12831,4499,9
2026-08-29T22:18:14.594034228Z,17.093705,120.240946,Cloud to Cloud,8730,18135,8
2026-08-29T22:18:15.170335294Z,21.20755,113.830344,Cloud to Cloud,6675,3060,7
2026-08-29T22:18:16.287029094Z,21.884405,114.882676,Cloud to Ground,-38498,0,17
2026-08-29T22:18:16.478681629Z,21.896359,114.871509,Cloud to Ground,-21841,0,13
2026-08-29T22:18:16.395308556Z,21.910025,114.864291,Cloud to Ground,-17664,0,7
2026-08-29T22:18:16.596601044Z,21.908667,114.871031,Cloud to Ground,-9648,0,9
2026-08-29T22:18:16.953131949Z,17.449098,127.975841,Cloud to Ground,-21300,0,10
2026-08-29T22:18:16.715017704Z,17.389085,127.464711,Cloud to Ground,27374,0,11
2026-08-29T22:18:17.872890269Z,17.456046,127.353868,Cloud to Ground,11839,0,12
2026-08-29T22:18:17.537682430Z,13.362467,119.795912,Cloud to Cloud,-4794,6764,6
2026-08-29T22:18:17.518573330Z,13.353082,119.812056,Cloud to Cloud,6564,4744,6
2026-08-29T22:18:17.509682291Z,13.365504,119.795342,Cloud to Cloud,12636,18962,9
2026-08-29T22:18:17.534588361Z,13.304204,119.861367,Cloud to Cloud,18389,17582,7
2026-08-29T22:18:17.900041385Z,14.762597,120.5067,Cloud to Ground,37285,0,8
2026-08-29T22:18:18.470356612Z,17.52992,126.44551,Cloud to Ground,-90437,0,19
2026-08-29T22:18:18.482926481Z,17.627046,126.300135,Cloud to Ground,-20893,0,13
2026-08-29T22:18:18.287717221Z,17.428188,127.487557,Cloud to Ground,-11239,0,7
2026-08-29T22:18:18.401126874Z,17.425036,127.477369,Cloud to Ground,-9082,0,8
2026-08-29T22:18:21.215986162Z,17.37328,120.735897,Cloud to Cloud,-7938,10157,9
2026-08-29T22:18:21.210174370Z,17.35544,120.733766,Cloud to Cloud,7589,3035,7
2026-08-29T22:18:21.209118307Z,17.365768,120.831649,Cloud to Cloud,5989,7859,11
2026-08-29T22:18:22.680259791Z,18.697631,117.135376,Cloud to Cloud,-6705,3001,8
2026-08-29T22:18:22.642225221Z,18.695294,117.22294,Cloud to Cloud,12169,3218,8
2026-08-29T22:18:23.576136997Z,21.214614,113.85735,Cloud to Cloud,10652,3487,8
2026-08-29T22:18:23.572315441Z,21.198774,113.981627,Cloud to Ground,-16873,0,9
2026-08-29T22:18:23.718143220Z,21.144126,113.998521,Cloud to Cloud,11512,3355,8
2026-08-29T22:18:25.710840240Z,19.244264,115.258541,Cloud to Ground,-11581,0,10
2026-08-29T22:18:27.866154399Z,20.610285,116.901042,Cloud to Cloud,-33712,7101,12
2026-08-29T22:18:27.929536028Z,20.618477,116.891904,Cloud to Ground,-22239,0,11
2026-08-29T22:18:28.093229262Z,20.608335,116.890504,Cloud to Ground,-14232,0,7
2026-08-29T22:18:28.015194313Z,20.619894,116.924922,Cloud to Ground,-11190,0,9
2026-08-29T22:18:28.139813403Z,20.615335,116.890733,Cloud to Ground,-9543,0,7
2026-08-29T22:18:28.962808537Z,14.428984,134.878186,Cloud to Ground,-9162,0,9
2026-08-29T22:18:30.995418788Z,18.995529,114.908317,Cloud to Cloud,-16344,4844,10
2026-08-29T22:18:30.175323502Z,17.466808,128.008543,Cloud to Ground,-54701,0,16
2026-08-29T22:18:30.397456747Z,20.954181,111.715613,Cloud to Cloud,-35137,4028,10
2026-08-29T22:18:32.824136625Z,14.431599,129.982955,Cloud to Ground,41111,0,12
2026-08-29T22:18:32.110985590Z,10.783007,121.181422,Cloud to Cloud,10047,7565,9
2026-08-29T22:18:33.547718337Z,15.691578,131.402212,Cloud to Cloud,-12995,3022,10
2026-08-29T22:18:33.545031671Z,15.711407,131.389597,Cloud to Ground,10529,0,13
2026-08-29T22:18:33.920356032Z,15.525396,131.392546,Cloud to Ground,-31933,0,11
2026-08-29T22:18:33.857942846Z,15.74728,131.286384,Cloud to Ground,-15028,0,13
2026-08-29T22:18:34.678549939Z,17.467174,127.00269,Cloud to Ground,-20945,0,18
2026-08-29T22:18:34.668050573Z,17.373175,127.222224,Cloud to Ground,-124813,0,15
2026-08-29T22:18:35.173161055Z,17.375309,127.225623,Cloud to Ground,-35622,0,13
2026-08-29T22:18:34.795673511Z,17.383154,127.234316,Cloud to Ground,-14192,0,6
2026-08-29T22:18:35.121698418Z,17.382201,127.219164,Cloud to Ground,-7815,0,5
2026-08-29T22:18:34.751425556Z,17.380334,127.215719,Cloud to Ground,39430,0,12
2026-08-29T22:18:34.289932367Z,13.463891,120.245137,Cloud to Ground,-67008,0,13
2026-08-29T22:18:34.328885825Z,13.469486,120.238729,Cloud to Cloud,13056,19889,7
2026-08-29T22:18:34.346388000Z,13.5047,120.069,Cloud to Ground,-27899,0,5
2026-08-29T22:18:35.009538941Z,17.3755,127.071976,Cloud to Ground,-15820,0,9
2026-08-29T22:18:35.242537128Z,17.364474,127.097603,Cloud to Ground,-12359,0,10
2026-08-29T22:18:34.876341000Z,17.4567,127.9064,Cloud to Ground,-27799,0,5
2026-08-29T22:18:35.387716685Z,17.447448,127.838137,Cloud to Ground,-26166,0,26
2026-08-29T22:18:34.946652000Z,17.433,127.9115,Cloud to Ground,17646,0,6
2026-08-29T22:18:35.193897072Z,17.458087,128.002061,Cloud to Ground,-82170,0,14
2026-08-29T22:18:35.194528142Z,17.490156,128.004893,Cloud to Ground,-37726,0,12
2026-08-29T22:18:34.837479514Z,17.459746,128.007222,Cloud to Ground,-27394,0,11
2026-08-29T22:18:36.112484884Z,17.482197,127.96294,Cloud to Ground,-25417,0,9
2026-08-29T22:18:34.915870946Z,17.456101,128.019661,Cloud to Ground,-19196,0,9
2026-08-29T22:18:36.163530159Z,17.492069,128.004451,Cloud to Ground,-11540,0,12
2026-08-29T22:18:35.541475775Z,17.464573,128.023785,Cloud to Ground,16161,0,9
2026-08-29T22:18:35.551324290Z,17.488096,128.196328,Cloud to Ground,-37961,0,18
2026-08-29T22:18:35.605977852Z,17.480974,128.199407,Cloud to Ground,-25416,0,13
2026-08-29T22:18:35.627568984Z,17.493848,128.196116,Cloud to Ground,-13974,0,7
2026-08-29T22:18:35.538166288Z,17.512953,128.201756,Cloud to Ground,-10260,0,6
2026-08-29T22:18:36.113745168Z,17.526641,128.115292,Cloud to Cloud,10113,6965,6
2026-08-29T22:18:37.524915043Z,21.225691,115.700186,Cloud to Ground,16654,0,8
2026-08-29T22:18:37.496056190Z,10.694142,120.783085,Cloud to Cloud,-6336,19485,9
2026-08-29T22:18:39.514387000Z,19.9188,114.3171,Cloud to Ground,-17736,0,6
2026-08-29T22:18:39.513079961Z,19.898723,114.318744,Cloud to Ground,14318,0,9
2026-08-29T22:18:39.512394207Z,19.903592,114.313977,Cloud to Ground,17983,0,10
2026-08-29T22:18:40.673679081Z,14.433905,132.93403,Cloud to Ground,15453,0,10
2026-08-29T22:18:40.547492823Z,18.806841,115.542758,Cloud to Cloud,12983,5697,8
2026-08-29T22:18:42.809468970Z,15.193201,131.868647,Cloud to Cloud,-127922,4446,15
2026-08-29T22:18:42.971671075Z,17.417641,127.453289,Cloud to Ground,8943,0,6
2026-08-29T22:18:43.224346139Z,17.419236,127.456114,Cloud to Cloud,23309,4074,7
2026-08-29T22:18:42.398809370Z,13.087495,119.894329,Cloud to Ground,15527,0,8
2026-08-29T22:18:43.652392736Z,17.504461,128.390772,Cloud to Cloud,6574,3178,9
2026-08-29T22:18:43.793891788Z,17.486481,127.976032,Cloud to Ground,-16741,0,12
2026-08-29T22:18:44.414804393Z,15.481841,132.17233,Cloud to Cloud,-5403,13188,7
2026-08-29T22:18:44.872230379Z,18.883244,114.73152,Cloud to Cloud,-6196,7530,6
2026-08-29T22:18:45.742194800Z,17.611942,126.181106,Cloud to Ground,13882,0,8
2026-08-29T22:18:45.706805379Z,20.637004,116.902495,Cloud to Cloud,13585,3408,8
2026-08-29T22:18:46.735109421Z,20.905434,110.698473,Cloud to Cloud,9969,15767,8
2026-08-29T22:18:46.664488924Z,20.910814,110.701793,Cloud to Cloud,12563,5430,11
2026-08-29T22:18:46.669019125Z,20.937696,110.779207,Cloud to Ground,17603,0,7
2026-08-29T22:18:46.747724488Z,14.860866,120.674471,Cloud to Cloud,5216,16933,8
2026-08-29T22:18:48.486954000Z,21.2463,115.6548,Cloud to Ground,-59299,0,11
2026-08-29T22:18:48.245229056Z,21.222931,115.70677,Cloud to Ground,-14570,0,10
2026-08-29T22:18:48.209368000Z,21.1912,115.604,Cloud to Ground,42640,0,6
2026-08-29T22:18:49.718274527Z,16.019691,120.337882,Cloud to Cloud,8142,15867,8
2026-08-29T22:18:49.290215901Z,16.018455,120.346392,Cloud to Cloud,10664,18922,7
2026-08-29T22:18:49.292636000Z,16.0155,120.3431,Cloud to Ground,14251,0,7
2026-08-29T22:18:49.875350131Z,21.198682,114.929292,Cloud to Cloud,9324,7468,10
2026-08-29T22:18:49.892916587Z,21.901457,114.91644,Cloud to Cloud,-8398,14025,6
2026-08-29T22:18:49.146494923Z,20.25752,117.776018,Cloud to Cloud,3577,9537,7
2026-08-29T22:18:49.143255264Z,20.248949,117.724153,Cloud to Cloud,4829,15697,5
2026-08-29T22:18:49.138346801Z,20.258271,117.767423,Cloud to Cloud,9469,7521,7
2026-08-29T22:18:49.460289437Z,20.243194,117.741944,Cloud to Cloud,9822,11215,6
2026-08-29T22:18:50.871284427Z,19.385665,115.047263,Cloud to Ground,21260,0,14
2026-08-29T22:18:50.126428639Z,19.026414,113.984328,Cloud to Ground,-19580,0,11
2026-08-29T22:18:51.302951409Z,20.434918,116.915354,Cloud to Ground,-27613,0,9
2026-08-29T22:18:51.320172480Z,20.435133,116.916025,Cloud to Ground,-13467,0,7
2026-08-29T22:18:51.140764933Z,21.663958,115.512738,Cloud to Cloud,14214,7215,7
2026-08-29T22:18:53.309976522Z,15.202801,131.542352,Cloud to Cloud,12548,18756,13
2026-08-29T22:18:54.056298135Z,19.028286,113.957672,Cloud to Ground,15205,0,13
2026-08-29T22:18:55.426047111Z,21.005681,115.883937,Cloud to Ground,-13553,0,9
2026-08-29T22:18:55.422518526Z,21.02754,115.880503,Cloud to Ground,20242,0,9
2026-08-29T22:18:56.834854653Z,17.351211,127.247498,Cloud to Ground,-67008,0,15
2026-08-29T22:18:56.988581810Z,17.35176,127.228714,Cloud to Ground,-50804,0,13
2026-08-29T22:18:57.540287227Z,17.352153,127.24975,Cloud to Ground,-13998,0,6
2026-08-29T22:18:57.949583999Z,17.367845,127.31541,Cloud to Cloud,13699,7188,10
2026-08-29T22:18:56.350677116Z,20.624336,116.902638,Cloud to Ground,-14251,0,9
2026-08-29T22:18:56.063033074Z,20.625206,116.89668,Cloud to Ground,-10406,0,7
2026-08-29T22:18:56.413102710Z,19.226634,115.228586,Cloud to Cloud,-7387,4383,7
2026-08-29T22:18:55.781115000Z,19.229,115.1809,Cloud to Ground,19249,0,9
2026-08-29T22:18:57.182528922Z,17.33315,127.060609,Cloud to Cloud,-10969,9747,13
2026-08-29T22:18:57.184578937Z,17.434322,127.090308,Cloud to Cloud,-8693,13166,15
2026-08-29T22:18:57.886905039Z,21.550447,114.736598,Cloud to Cloud,12312,4231,9
2026-08-29T22:18:57.116256634Z,19.009104,115.106867,Cloud to Ground,-14656,0,11
2026-08-29T22:18:57.695624196Z,18.990796,115.12384,Cloud to Cloud,-8754,6370,7
2026-08-29T22:18:57.106992000Z,19.0582,114.9256,Cloud to Ground,-30240,0,6
2026-08-29T22:19:00.686523230Z,19.028953,113.96986,Cloud to Cloud,8914,7509,9
2026-08-29T22:19:01.414211383Z,19.448688,118.501331,Cloud to Cloud,-6273,15288,6
2026-08-29T22:19:02.992377084Z,17.215626,120.378415,Cloud to Cloud,-4992,11519,5
2026-08-29T22:19:02.851486286Z,17.256204,120.457885,Cloud to Ground,9897,0,8
2026-08-29T22:19:03.813982871Z,17.346597,120.550864,Cloud to Cloud,4584,11945,7
2026-08-29T22:19:03.657102562Z,17.254573,120.46775,Cloud to Cloud,8363,5635,8
2026-08-29T22:19:04.235393177Z,17.620154,126.170178,Cloud to Cloud,-6077,13787,7
2026-08-29T22:19:06.925047643Z,20.850446,116.980273,Cloud to Ground,-76107,0,13
2026-08-29T22:19:06.510552515Z,20.875521,116.922954,Cloud to Cloud,15824,4340,8
2026-08-29T22:19:06.873367451Z,17.511074,128.086474,Cloud to Ground,-21191,0,13
2026-08-29T22:19:06.895847715Z,17.488048,127.95161,Cloud to Ground,-18578,0,12
2026-08-29T22:19:06.827509184Z,17.497575,128.070408,Cloud to Ground,-16165,0,18
2026-08-29T22:19:07.540263517Z,17.480995,128.024452,Cloud to Cloud,8138,17824,6
2026-08-29T22:19:07.242744737Z,17.450044,127.853599,Cloud to Cloud,9839,7838,6
2026-08-29T22:19:06.963700007Z,17.484241,127.853585,Cloud to Ground,18651,0,18
2026-08-29T22:19:07.143066787Z,20.838739,117.098717,Cloud to Cloud,14566,18375,9
2026-08-29T22:19:08.616632803Z,16.263645,120.525871,Cloud to Cloud,18689,13779,11
2026-08-29T22:19:12.265205106Z,16.538561,129.361974,Cloud to Ground,-19917,0,13
2026-08-29T22:19:12.264759798Z,16.598359,129.308335,Cloud to Ground,-16295,0,12
2026-08-29T22:19:12.266317842Z,16.631052,129.370674,Cloud to Cloud,16561,5630,14
2026-08-29T22:19:13.130711909Z,17.443977,126.534655,Cloud to Ground,-58248,0,9
2026-08-29T22:19:13.131574086Z,17.593833,126.314664,Cloud to Cloud,9228,15307,11
2026-08-29T22:19:13.078769892Z,17.545949,126.456429,Cloud to Ground,-49746,0,15
2026-08-29T22:19:13.105367462Z,17.545386,126.458021,Cloud to Ground,-27318,0,14
2026-08-29T22:19:13.627385228Z,17.565126,126.453927,Cloud to Cloud,9686,3305,8
2026-08-29T22:19:13.636711138Z,17.495463,126.436824,Cloud to Cloud,11687,5522,9
2026-08-29T22:19:14.486713000Z,12.8495,120.5495,Cloud to Ground,-41803,0,9
2026-08-29T22:19:14.608589268Z,12.881923,120.613978,Cloud to Ground,-26667,0,7
2026-08-29T22:19:14.890132000Z,12.8723,120.5573,Cloud to Ground,-15677,0,6
2026-08-29T22:19:14.468162263Z,12.80842,120.656363,Cloud to Cloud,-14624,12095,8
2026-08-29T22:19:15.825489855Z,16.694534,128.933442,Cloud to Cloud,-12010,3035,10
2026-08-29T22:19:16.734717850Z,20.913785,111.594494,Cloud to Ground,21788,0,11
2026-08-29T22:19:16.206123000Z,20.5298,116.7184,Cloud to Ground,-19888,0,8
2026-08-29T22:19:17.391623549Z,17.437263,127.849676,Cloud to Ground,-24981,0,18
2026-08-29T22:19:17.535470000Z,17.4649,127.9439,Cloud to Ground,-19336,0,8
2026-08-29T22:19:17.308284682Z,17.485052,127.922561,Cloud to Cloud,-13795,14761,9
2026-08-29T22:19:18.402072493Z,21.886273,114.899926,Cloud to Cloud,-9484,7573,9
2026-08-29T22:19:19.500123664Z,21.032415,113.541896,Cloud to Ground,-42539,0,14
2026-08-29T22:19:19.511069552Z,21.041017,113.539405,Cloud to Cloud,17233,19798,9
2026-08-29T22:19:19.646946592Z,18.958849,114.778298,Cloud to Cloud,-17025,3018,9
2026-08-29T22:19:19.816857259Z,18.939706,114.790966,Cloud to Cloud,-16091,4957,7
2026-08-29T22:19:19.229935527Z,18.895816,114.898514,Cloud to Cloud,-10015,3002,8
2026-08-29T22:19:23.494163497Z,16.056447,119.957442,Cloud to Cloud,10426,18289,7
2026-08-29T22:19:23.497433000Z,16.084,119.8297,Cloud to Ground,-30289,0,9
2026-08-29T22:19:24.512692460Z,17.487156,126.996937,Cloud to Ground,17433,0,7
2026-08-29T22:19:24.254205449Z,17.289964,127.057209,Cloud to Cloud,8343,18579,12
2026-08-29T22:19:24.507768537Z,17.429876,127.15111,Cloud to Cloud,-9224,3019,9
2026-08-29T22:19:24.511943541Z,17.370688,127.206167,Cloud to Cloud,8316,3799,6
2026-08-29T22:19:24.258615000Z,17.5142,126.7821,Cloud to Ground,13792,0,5
2026-08-29T22:19:25.113630684Z,17.505843,127.973381,Cloud to Ground,-19522,0,13
2026-08-29T22:19:25.439177550Z,17.499151,128.008132,Cloud to Ground,-15770,0,10
2026-08-29T22:19:27.240671661Z,14.455572,134.966757,Cloud to Ground,11965,0,14
2026-08-29T22:19:27.373539198Z,19.499233,115.744854,Cloud to Cloud,8779,3004,7
2026-08-29T22:19:27.302904300Z,19.491293,115.714122,Cloud to Cloud,10416,12889,7
2026-08-29T22:19:27.063256651Z,19.490283,115.723401,Cloud to Cloud,11460,17567,10
2026-08-29T22:19:28.604149750Z,17.434176,128.211374,Cloud to Cloud,-13270,16940,12
2026-08-29T22:19:28.371494731Z,17.5503,128.020647,Cloud to Cloud,-13566,17955,10
2026-08-29T22:19:28.583009157Z,17.577401,128.137381,Cloud to Cloud,-14197,7330,8
2026-08-29T22:19:28.589921569Z,17.511097,128.296189,Cloud to Cloud,7997,3716,6
2026-08-29T22:19:30.461645615Z,17.429517,127.344285,Cloud to Ground,-25424,0,7
2026-08-29T22:19:30.300887000Z,17.433397,127.556248,Cloud to Ground,-48081,0,16
2026-08-29T22:19:30.431494848Z,17.427203,127.560168,Cloud to Ground,-35665,0,16
2026-08-29T22:19:30.378687357Z,17.426412,127.554973,Cloud to Ground,-29885,0,12
2026-08-29T22:19:30.059397808Z,21.327459,112.782554,Cloud to Cloud,-39337,3078,8
2026-08-29T22:19:32.908501042Z,13.167405,119.795951,Cloud to Cloud,4841,8526,6
2026-08-29T22:19:33.026589042Z,19.532885,115.779903,Cloud to Ground,-14556,0,11
2026-08-29T22:19:33.205526357Z,19.530061,115.780618,Cloud to Ground,-11904,0,10
2026-08-29T22:19:32.649999512Z,19.533091,115.781091,Cloud to Ground,-8713,0,6
2026-08-29T22:19:32.627908000Z,19.5454,115.7757,Cloud to Ground,22216,0,5
2026-08-29T22:19:34.579857000Z,21.5732,115.377,Cloud to Ground,-44475,0,5
2026-08-29T22:19:36.387326716Z,19.026802,113.961711,Cloud to Ground,8767,0,10
2026-08-29T22:19:37.228809403Z,15.500033,132.308915,Cloud to Ground,33942,0,11
2026-08-29T22:19:38.735816380Z,10.710717,121.143257,Cloud to Ground,-27687,0,7
2026-08-29T22:19:38.893016986Z,14.840236,120.463923,Cloud to Ground,25030,0,11
2026-08-29T22:19:39.487825976Z,15.935021,131.270303,Cloud to Ground,-14444,0,8
2026-08-29T22:19:39.518387735Z,15.921871,131.256026,Cloud to Cloud,-11392,14101,10
2026-08-29T22:19:39.488660631Z,15.808872,131.299495,Cloud to Cloud,12753,6235,8
2026-08-29T22:19:40.028489615Z,21.257027,114.851423,Cloud to Cloud,-7415,13038,7
2026-08-29T22:19:41.443525670Z,15.950301,120.096284,Cloud to Cloud,17923,3866,12
2026-08-29T22:19:43.561817762Z,21.753189,115.083226,Cloud to Cloud,-13354,7002,8
2026-08-29T22:19:43.155948242Z,21.778046,115.065217,Cloud to Ground,16729,0,9
2026-08-29T22:19:43.156855985Z,21.771343,115.08152,Cloud to Cloud,18896,6463,10
2026-08-29T22:19:44.390360285Z,20.615231,116.909015,Cloud to Ground,-45968,0,17
2026-08-29T22:19:44.525242020Z,20.615317,116.911929,Cloud to Ground,-23556,0,11
2026-08-29T22:19:44.822094987Z,20.632536,116.901742,Cloud to Ground,-17472,0,7
2026-08-29T22:19:44.656410468Z,20.622814,116.908448,Cloud to Ground,-15254,0,10
2026-08-29T22:19:44.720873147Z,20.620313,116.909189,Cloud to Ground,-12329,0,7
2026-08-29T22:19:44.607878039Z,20.619944,116.915509,Cloud to Ground,-11137,0,7
2026-08-29T22:19:46.906178229Z,19.012703,113.862077,Cloud to Ground,11417,0,9
2026-08-29T22:19:46.901107577Z,19.02264,113.917016,Cloud to Cloud,18308,5573,8
2026-08-29T22:19:46.856672204Z,17.480598,127.847925,Cloud to Ground,-31581,0,13
2026-08-29T22:19:46.402590395Z,17.475265,127.836146,Cloud to Ground,-15382,0,18
2026-08-29T22:19:46.370709079Z,17.48337,128.027246,Cloud to Ground,-61868,0,15
2026-08-29T22:19:47.490980301Z,21.023338,113.569215,Cloud to Ground,-41229,0,14
2026-08-29T22:19:47.715804000Z,21.04359,113.593221,Cloud to Ground,-18020,0,8
2026-08-29T22:19:47.995693454Z,21.073191,113.59709,Cloud to Ground,-17717,0,6
2026-08-29T22:19:47.533552546Z,21.013596,113.558326,Cloud to Cloud,-10412,17344,7
2026-08-29T22:19:47.780373320Z,21.017418,113.585415,Cloud to Cloud,12029,5786,7
2026-08-29T22:19:47.563712000Z,21.0768,113.7334,Cloud to Ground,19939,0,6
2026-08-29T22:19:47.456397402Z,19.293067,115.474692,Cloud to Ground,-32548,0,13
2026-08-29T22:19:46.975245355Z,19.264677,115.522153,Cloud to Cloud,-17597,8498,12
2026-08-29T22:19:49.231940588Z,20.401783,116.944701,Cloud to Ground,-19777,0,12
2026-08-29T22:19:49.296560882Z,20.403524,116.940947,Cloud to Ground,-15144,0,8
2026-08-29T22:19:50.363522684Z,21.219308,115.698008,Cloud to Ground,-18690,0,11
2026-08-29T22:19:50.057675940Z,10.571147,121.083604,Cloud to Cloud,22993,12889,9
2026-08-29T22:19:51.049591873Z,15.791201,131.235021,Cloud to Ground,-14121,0,8
2026-08-29T22:19:51.642876892Z,21.847912,114.896155,Cloud to Ground,-40682,0,14
2026-08-29T22:19:52.098145425Z,21.90141,114.886751,Cloud to Cloud,-8279,19105,10
2026-08-29T22:19:53.426637380Z,21.939281,114.817547,Cloud to Ground,40791,0,12
2026-08-29T22:19:53.182105117Z,22.80059,112.228621,Cloud to Cloud,-6902,19789,7
2026-08-29T22:19:53.182669047Z,22.780016,112.246603,Cloud to Ground,19331,0,11
2026-08-29T22:19:53.183559376Z,22.782821,112.238455,Cloud to Ground,23823,0,11
2026-08-29T22:19:54.406280729Z,13.152725,119.844693,Cloud to Ground,-15583,0,12
2026-08-29T22:19:54.309324877Z,13.154864,119.821606,Cloud to Cloud,3198,18278,5
2026-08-29T22:19:54.195219549Z,13.160582,119.838983,Cloud to Cloud,4609,13372,7
2026-08-29T22:19:55.060485250Z,17.362033,127.201396,Cloud to Ground,-55515,0,13
2026-08-29T22:19:55.076491894Z,17.378625,127.230479,Cloud to Ground,-26108,0,10
2026-08-29T22:19:55.170685916Z,17.364343,127.247385,Cloud to Ground,-16161,0,10
2026-08-29T22:19:55.229795288Z,17.372476,127.091667,Cloud to Ground,-14654,0,10
2026-08-29T22:19:55.203303102Z,17.404453,127.122946,Cloud to Ground,-13379,0,14
2026-08-29T22:19:55.269716526Z,17.35846,127.294968,Cloud to Ground,18880,0,11
2026-08-29T22:19:56.729951596Z,19.935764,114.390991,Cloud to Ground,-34546,0,13
2026-08-29T22:19:57.862676924Z,15.409401,120.58828,Cloud to Cloud,4315,19954,9
2026-08-29T22:19:57.863758000Z,15.4303,120.5793,Cloud to Ground,9442,0,5
2026-08-29T22:19:59.824217556Z,17.48139,127.784581,Cloud to Ground,-33409,0,24
2026-08-29T22:20:00.340417228Z,17.48408,127.768103,Cloud to Ground,-26936,0,13
2026-08-29T22:19:59.873550726Z,17.491529,127.962825,Cloud to Ground,-19783,0,12
2026-08-29T22:19:59.908718587Z,17.493006,127.963612,Cloud to Ground,-18193,0,9
2026-08-29T22:20:00.030259398Z,17.514737,127.9827,Cloud to Ground,-17596,0,11
2026-08-29T22:20:00.589960031Z,17.507828,127.981722,Cloud to Ground,-13278,0,10
2026-08-29T22:20:00.612400338Z,17.443545,128.007356,Cloud to Cloud,10771,3227,8
2026-08-29T22:20:00.166678647Z,17.485896,128.006746,Cloud to Ground,18281,0,9
2026-08-29T22:19:59.479262066Z,21.218968,115.714316,Cloud to Ground,24893,0,11
2026-08-29T22:20:00.595655282Z,17.576136,127.709904,Cloud to Ground,-12968,0,10
2026-08-29T22:20:00.435367509Z,18.790723,115.587654,Cloud to Cloud,-13347,3482,11
2026-08-29T22:20:02.077826958Z,17.418388,127.397193,Cloud to Ground,-11226,0,8
2026-08-29T22:20:02.309842226Z,17.386787,127.357166,Cloud to Cloud,-6024,11538,8
2026-08-29T22:20:01.514691693Z,17.404572,127.347905,Cloud to Ground,14935,0,11
2026-08-29T22:20:01.203995771Z,19.325557,115.206496,Cloud to Ground,-45278,0,16
2026-08-29T22:20:01.205611566Z,19.308873,115.31149,Cloud to Cloud,-9682,7622,7
2026-08-29T22:20:02.654411161Z,21.313319,114.89794,Cloud to Ground,32906,0,9
2026-08-29T22:20:02.933637253Z,21.194291,115.001255,Cloud to Cloud,-10485,6622,13
2026-08-29T22:20:02.918046206Z,21.181247,114.991479,Cloud to Cloud,8795,9167,8
2026-08-29T22:20:02.651970612Z,21.194329,114.98168,Cloud to Cloud,15459,3026,6
2026-08-29T22:20:04.478996447Z,20.473939,116.912912,Cloud to Cloud,14458,15270,9
2026-08-29T22:20:05.934832568Z,21.539251,114.758734,Cloud to Cloud,-7723,7309,6
2026-08-29T22:20:06.052855465Z,21.559293,114.782051,Cloud to Ground,-6621,0,6
2026-08-29T22:20:05.709699320Z,21.546581,114.746615,Cloud to Cloud,7663,3030,6
2026-08-29T22:20:05.696810714Z,21.553249,114.743192,Cloud to Ground,8675,0,7
2026-08-29T22:20:06.072154540Z,21.541368,114.786878,Cloud to Ground,52945,0,12
2026-08-29T22:20:07.461235061Z,13.478244,120.260611,Cloud to Cloud,-8118,13519,8
2026-08-29T22:20:07.456139580Z,13.415956,120.306,Cloud to Cloud,10063,9278,8
2026-08-29T22:20:08.366852656Z,20.438505,110.058827,Cloud to Ground,-8821,0,5
2026-08-29T22:20:08.349930781Z,20.419833,110.020064,Cloud to Cloud,14737,3147,9
2026-08-29T22:20:08.184716644Z,17.43913,127.79583,Cloud to Ground,-23941,0,24
2026-08-29T22:20:08.494391086Z,17.469265,127.830311,Cloud to Ground,-23373,0,24
2026-08-29T22:20:08.213961939Z,17.47937,127.998545,Cloud to Ground,-7709,0,6
2026-08-29T22:20:10.256895877Z,20.967755,115.354708,Cloud to Cloud,10144,8085,6
2026-08-29T22:20:12.628777117Z,20.179657,131.055103,Cloud to Ground,-17450,0,9
2026-08-29T22:20:12.489361934Z,20.150849,131.116939,Cloud to Ground,-13011,0,9
2026-08-29T22:20:12.514846867Z,20.154046,131.14343,Cloud to Ground,-11098,0,7
2026-08-29T22:20:12.551256896Z,18.925871,114.972581,Cloud to Cloud,-12443,5366,8
2026-08-29T22:20:13.423846075Z,18.976085,114.92066,Cloud to Cloud,-10570,3008,8
2026-08-29T22:20:12.536922852Z,18.984128,114.926695,Cloud to Cloud,-8698,3714,9
2026-08-29T22:20:12.938575991Z,19.034894,114.959025,Cloud to Cloud,-8257,3008,10
2026-08-29T22:20:12.826065312Z,19.039174,114.852054,Cloud to Cloud,-7554,3045,7
2026-08-29T22:20:12.642846227Z,18.957376,114.915136,Cloud to Cloud,-5972,14506,7
2026-08-29T22:20:13.330028194Z,18.966379,114.882423,Cloud to Cloud,10911,6656,8
2026-08-29T22:20:13.413789534Z,18.988199,114.917767,Cloud to Cloud,11623,7476,7
2026-08-29T22:20:13.747180525Z,18.864657,115.084164,Cloud to Ground,-35650,0,12
2026-08-29T22:20:13.854722000Z,18.9075,115.0817,Cloud to Ground,15243,0,5
2026-08-29T22:20:13.920771293Z,17.534393,126.475062,Cloud to Ground,-120801,0,15
2026-08-29T22:20:13.944206653Z,17.539271,126.247718,Cloud to Ground,-23969,0,10
2026-08-29T22:20:13.954408494Z,17.513738,126.298742,Cloud to Cloud,-19513,15738,13
2026-08-29T22:20:13.932866487Z,17.609191,126.362371,Cloud to Cloud,-13807,17021,10
2026-08-29T22:20:15.226075332Z,21.894421,114.951851,Cloud to Ground,-8631,0,5
2026-08-29T22:20:17.696416000Z,19.4819,118.4257,Cloud to Ground,-14487,0,12
2026-08-29T22:20:18.769446757Z,20.832492,112.168223,Cloud to Cloud,11763,3005,11
2026-08-29T22:20:18.740083706Z,20.842668,112.165796,Cloud to Ground,27837,0,13
2026-08-29T22:20:18.900987301Z,20.877391,112.299357,Cloud to Ground,-6136,0,7
2026-08-29T22:20:18.853555967Z,17.402679,127.917245,Cloud to Ground,-21136,0,18
2026-08-29T22:20:18.395525683Z,17.490558,128.06469,Cloud to Cloud,-17612,7704,8
2026-08-29T22:20:21.745043128Z,17.353354,120.722573,Cloud to Cloud,4728,19666,7
2026-08-29T22:20:21.643104521Z,17.197342,120.52783,Cloud to Ground,-28480,0,9
2026-08-29T22:20:21.585201461Z,17.251772,120.45011,Cloud to Cloud,-20340,11860,6
2026-08-29T22:20:21.505485987Z,17.24105,120.532235,Cloud to Cloud,12508,17645,10
2026-08-29T22:20:21.617798397Z,17.203791,120.497412,Cloud to Cloud,17456,5317,11
2026-08-29T22:20:22.108113957Z,21.123066,113.498726,Cloud to Cloud,13474,3018,7
2026-08-29T22:20:22.035266436Z,21.029963,113.565892,Cloud to Ground,-39447,0,11
2026-08-29T22:20:22.121380594Z,21.041698,113.56168,Cloud to Ground,-22389,0,10
2026-08-29T22:20:22.296025804Z,21.027623,113.56318,Cloud to Cloud,13555,14006,8
2026-08-29T22:20:22.237823000Z,21.0347,113.532,Cloud to Ground,29950,0,5
2026-08-29T22:20:23.189459181Z,15.935966,120.569116,Cloud to Cloud,19145,18087,12
2026-08-29T22:20:25.495326000Z,10.8765,121.2814,Cloud to Ground,-52430,0,8
2026-08-29T22:20:26.077561675Z,10.842686,121.30328,Cloud to Cloud,-13776,3841,8
2026-08-29T22:20:26.076453000Z,10.7762,121.1857,Cloud to Ground,-43509,0,7
2026-08-29T22:20:26.030953000Z,20.4756,116.8004,Cloud to Ground,-13818,0,7
2026-08-29T22:20:29.250812421Z,18.67675,117.144133,Cloud to Cloud,-18774,5988,12
2026-08-29T22:20:29.267558532Z,18.695885,117.138511,Cloud to Cloud,-10980,5179,6
2026-08-29T22:20:29.497757414Z,18.67139,117.140027,Cloud to Ground,-10827,0,7
2026-08-29T22:20:29.701510613Z,13.166827,119.857059,Cloud to Ground,-36730,0,10
2026-08-29T22:20:30.064764216Z,13.174757,119.872222,Cloud to Ground,-25299,0,8
2026-08-29T22:20:29.778063187Z,13.169408,119.856413,Cloud to Ground,-20849,0,9
2026-08-29T22:20:29.832520056Z,13.168479,119.859537,Cloud to Ground,-17831,0,9
2026-08-29T22:20:29.936893000Z,13.1131,119.7734,Cloud to Ground,5877,0,5
2026-08-29T22:20:30.608223871Z,17.509566,128.406698,Cloud to Ground,-17999,0,12
2026-08-29T22:20:30.618176707Z,17.514874,128.382585,Cloud to Cloud,10309,5173,6
2026-08-29T22:20:31.803054741Z,17.419665,127.369895,Cloud to Cloud,-8294,19103,13
2026-08-29T22:20:31.242769981Z,17.407639,127.449453,Cloud to Cloud,10104,18420,8
2026-08-29T22:20:31.228934455Z,17.414903,127.419825,Cloud to Ground,30238,0,12
2026-08-29T22:20:32.988205239Z,15.715221,131.072806,Cloud to Cloud,11693,19068,11
2026-08-29T22:20:32.621273286Z,17.413293,127.118689,Cloud to Ground,21358,0,10
2026-08-29T22:20:33.317622717Z,15.695225,131.203469,Cloud to Cloud,9163,3070,16
2026-08-29T22:20:33.842930327Z,14.429955,132.907991,Cloud to Ground,-11669,0,10
2026-08-29T22:20:33.236683000Z,19.0204,115.1823,Cloud to Ground,-16587,0,5
2026-08-29T22:20:33.239072079Z,18.984219,115.127549,Cloud to Cloud,-11123,6329,8
2026-08-29T22:20:33.247203052Z,19.003022,115.118292,Cloud to Cloud,-10069,3029,8
2026-08-29T22:20:33.329972498Z,19.026663,115.070082,Cloud to Cloud,-9128,3000,10
2026-08-29T22:20:33.154786918Z,17.104966,120.301915,Cloud to Ground,-17852,0,12
2026-08-29T22:20:34.213652113Z,17.511347,128.016474,Cloud to Ground,20331,0,10
