timestamp,latitude,longitude,type,amplitude_ka,height_m,num_sensors
2026-08-31T03:18:00.169777197Z,16.786432,128.037269,Cloud to Cloud,-9096,3035,7
2026-08-31T03:18:00.337014633Z,16.810313,128.150471,Cloud to Cloud,4517,18449,7
2026-08-31T03:18:06.536259114Z,15.725632,130.840321,Cloud to Cloud,11941,3095,8
2026-08-31T03:18:07.959078295Z,17.75455,112.865447,Cloud to Ground,-16734,0,11
2026-08-31T03:18:07.977422445Z,17.792664,112.871608,Cloud to Ground,13234,0,11
2026-08-31T03:18:07.960529883Z,17.783221,112.764209,Cloud to Ground,17202,0,11
2026-08-31T03:18:07.953526693Z,17.806094,112.789345,Cloud to Ground,21114,0,9
2026-08-31T03:18:07.961174261Z,17.791957,112.767254,Cloud to Ground,21949,0,9
2026-08-31T03:18:07.956433439Z,17.798402,112.757903,Cloud to Ground,31858,0,12
2026-08-31T03:18:08.282050124Z,16.857152,128.01479,Cloud to Cloud,-9238,19171,8
2026-08-31T03:18:08.255262191Z,16.857435,128.021379,Cloud to Ground,12020,0,10
2026-08-31T03:18:08.269592137Z,16.848293,128.015925,Cloud to Ground,14372,0,12
2026-08-31T03:18:08.259419847Z,16.8411,128.057141,Cloud to Ground,32637,0,18
2026-08-31T03:18:08.256514443Z,16.834169,128.04073,Cloud to Cloud,43158,5148,24
2026-08-31T03:18:08.729000672Z,18.073526,112.785713,Cloud to Ground,25643,0,12
2026-08-31T03:18:08.562961701Z,17.975706,112.801074,Cloud to Cloud,-17970,17652,9
2026-08-31T03:18:09.720920522Z,16.036114,130.206042,Cloud to Ground,-14981,0,11
2026-08-31T03:18:09.721963788Z,16.032499,130.237991,Cloud to Ground,-13247,0,11
2026-08-31T03:18:09.928069699Z,16.009851,130.24906,Cloud to Cloud,-10968,5533,11
2026-08-31T03:18:09.985720328Z,16.059329,130.182824,Cloud to Cloud,9272,19305,8
2026-08-31T03:18:10.074805659Z,15.95527,130.239174,Cloud to Cloud,17206,3051,13
2026-08-31T03:18:11.075856693Z,19.553304,118.536213,Cloud to Cloud,8789,8872,9
2026-08-31T03:18:11.072989713Z,19.557021,118.533592,Cloud to Cloud,13635,5393,10
2026-08-31T03:18:11.099983472Z,19.637912,118.623561,Cloud to Cloud,7111,3007,6
2026-08-31T03:18:13.360664489Z,19.201401,116.747953,Cloud to Cloud,-9269,5024,7
2026-08-31T03:18:13.424634842Z,19.119223,116.709622,Cloud to Cloud,17592,3021,9
2026-08-31T03:18:14.772826241Z,15.578962,130.942782,Cloud to Ground,-16694,0,20
2026-08-31T03:18:14.746137607Z,15.690544,131.236589,Cloud to Ground,-40403,0,20
2026-08-31T03:18:14.769380152Z,15.697997,131.241178,Cloud to Cloud,-10246,3843,20
2026-08-31T03:18:14.786738000Z,15.7185,131.1486,Cloud to Ground,14934,0,6
2026-08-31T03:18:15.235507042Z,15.673764,131.257532,Cloud to Ground,15065,0,15
2026-08-31T03:18:16.580554501Z,16.793348,112.744369,Cloud to Cloud,-12815,15235,7
2026-08-31T03:18:16.447370201Z,16.784986,112.695591,Cloud to Ground,24555,0,7
2026-08-31T03:18:16.631592395Z,16.790006,112.694147,Cloud to Ground,31005,0,12
2026-08-31T03:18:16.445408446Z,16.794968,112.669246,Cloud to Ground,68608,0,12
2026-08-31T03:18:17.115386969Z,16.882175,112.787449,Cloud to Ground,-6595,0,6
2026-08-31T03:18:16.860924774Z,16.894299,112.775327,Cloud to Cloud,18266,19018,11
2026-08-31T03:18:23.726001766Z,16.529743,128.946216,Cloud to Cloud,-6340,3000,7
2026-08-31T03:18:23.662351688Z,16.553372,128.978353,Cloud to Ground,12015,0,16
2026-08-31T03:18:23.639417045Z,16.55449,128.959584,Cloud to Cloud,15124,3401,13
2026-08-31T03:18:23.616383380Z,16.542683,128.848214,Cloud to Cloud,14694,6299,10
2026-08-31T03:18:23.431538149Z,16.460115,129.104542,Cloud to Ground,-10755,0,7
2026-08-31T03:18:23.584261080Z,16.494751,129.093569,Cloud to Cloud,-9226,19785,9
2026-08-31T03:18:23.438258172Z,16.463885,129.097421,Cloud to Cloud,-9076,3085,10
2026-08-31T03:18:23.495608181Z,16.482539,129.100786,Cloud to Ground,20865,0,16
2026-08-31T03:18:26.935485196Z,18.595713,115.271392,Cloud to Cloud,-26466,3012,12
2026-08-31T03:18:26.933518288Z,18.583331,115.258487,Cloud to Ground,27724,0,10
2026-08-31T03:18:29.682963785Z,13.875781,134.223848,Cloud to Cloud,-16184,3054,24
2026-08-31T03:18:29.726329707Z,13.806666,134.165261,Cloud to Cloud,-13159,3199,16
2026-08-31T03:18:29.684025320Z,13.788982,134.260576,Cloud to Ground,-11317,0,13
2026-08-31T03:18:29.681815096Z,13.82903,134.277762,Cloud to Ground,14889,0,8
2026-08-31T03:18:29.681289548Z,13.801386,134.29034,Cloud to Ground,25412,0,10
2026-08-31T03:18:30.933323107Z,13.925449,133.502125,Cloud to Ground,-13471,0,16
2026-08-31T03:18:31.083622804Z,18.990704,116.547139,Cloud to Ground,36433,0,18
2026-08-31T03:18:31.081811000Z,19.0417,116.4611,Cloud to Ground,37216,0,5
2026-08-31T03:18:34.597348823Z,16.812342,128.361243,Cloud to Ground,-23589,0,13
2026-08-31T03:18:34.599398325Z,16.809201,128.357541,Cloud to Cloud,-11356,3001,10
2026-08-31T03:18:34.618389167Z,16.812322,128.377073,Cloud to Cloud,7833,3016,9
2026-08-31T03:18:34.613799487Z,16.846094,128.359237,Cloud to Ground,15398,0,10
2026-08-31T03:18:35.310186954Z,16.814012,128.235935,Cloud to Cloud,-13505,12982,8
2026-08-31T03:18:35.256085317Z,16.785168,128.133341,Cloud to Cloud,-8434,16005,11
2026-08-31T03:18:40.158445834Z,16.479894,128.962258,Cloud to Ground,-10071,0,10
2026-08-31T03:18:40.212342763Z,16.466322,129.116372,Cloud to Cloud,-10027,3090,11
2026-08-31T03:18:41.561244134Z,16.864215,128.363889,Cloud to Cloud,10091,12403,10
2026-08-31T03:18:41.562670214Z,16.874807,128.478852,Cloud to Ground,-30146,0,15
2026-08-31T03:18:41.563449257Z,16.892075,128.485765,Cloud to Cloud,7383,3023,7
2026-08-31T03:18:41.562204436Z,16.798274,128.510589,Cloud to Ground,54192,0,11
2026-08-31T03:18:41.347353866Z,19.158076,117.050803,Cloud to Ground,15793,0,10
2026-08-31T03:18:42.986753233Z,17.588594,113.626285,Cloud to Cloud,10251,3078,7
2026-08-31T03:18:43.004035370Z,17.60643,113.713922,Cloud to Ground,22041,0,14
2026-08-31T03:18:42.984762480Z,17.61801,113.706103,Cloud to Ground,31605,0,18
2026-08-31T03:18:43.579307442Z,16.82018,128.019256,Cloud to Ground,-11151,0,16
2026-08-31T03:18:43.065253961Z,16.830874,127.906507,Cloud to Cloud,-9414,7449,7
2026-08-31T03:18:43.252866681Z,16.825572,127.940197,Cloud to Cloud,-8210,3006,8
2026-08-31T03:18:44.233913542Z,19.445439,119.964198,Cloud to Cloud,8753,17289,7
2026-08-31T03:18:44.348350206Z,19.38127,120.011494,Cloud to Cloud,20557,16251,13
2026-08-31T03:18:44.235872000Z,19.3846,119.9394,Cloud to Ground,23981,0,6
2026-08-31T03:18:44.315948261Z,19.371196,119.95152,Cloud to Ground,53039,0,15
2026-08-31T03:18:45.856216056Z,16.763603,128.141797,Cloud to Ground,12384,0,10
2026-08-31T03:18:47.983476789Z,16.40091,129.395347,Cloud to Cloud,13650,17364,8
2026-08-31T03:18:47.981861009Z,16.537558,129.422918,Cloud to Ground,37541,0,11
2026-08-31T03:18:48.831757956Z,15.431621,132.562567,Cloud to Ground,-25978,0,10
2026-08-31T03:18:48.761755074Z,15.410949,132.710298,Cloud to Ground,-54741,0,16
2026-08-31T03:18:48.756866088Z,15.403235,132.741333,Cloud to Ground,-28128,0,14
2026-08-31T03:18:48.830841297Z,15.419889,132.723162,Cloud to Ground,-21610,0,14
2026-08-31T03:18:48.756435573Z,15.330065,132.754088,Cloud to Ground,-17949,0,8
2026-08-31T03:18:48.829145954Z,15.485555,132.707888,Cloud to Ground,-16406,0,14
2026-08-31T03:18:48.824937871Z,15.473439,132.670911,Cloud to Ground,-12226,0,6
2026-08-31T03:18:48.789628705Z,15.414682,132.719568,Cloud to Ground,45853,0,14
2026-08-31T03:18:48.803123179Z,15.382642,132.869337,Cloud to Ground,59710,0,14
2026-08-31T03:18:48.739799000Z,19.5916,118.6002,Cloud to Ground,-9231,0,5
2026-08-31T03:18:48.465622845Z,19.658994,118.601529,Cloud to Cloud,23317,4742,13
2026-08-31T03:18:48.786572254Z,19.382652,117.308245,Cloud to Cloud,13360,3000,7
2026-08-31T03:18:49.770623960Z,13.974649,133.868539,Cloud to Ground,-25834,0,16
2026-08-31T03:18:49.773576242Z,13.988858,133.873726,Cloud to Ground,-20302,0,12
2026-08-31T03:18:49.776566004Z,13.968194,133.898646,Cloud to Ground,-18212,0,15
2026-08-31T03:18:49.780083838Z,13.987521,133.884159,Cloud to Ground,-15500,0,9
2026-08-31T03:18:49.789472000Z,14.0045,133.7929,Cloud to Ground,17864,0,6
2026-08-31T03:18:49.309667581Z,19.386838,117.404397,Cloud to Ground,28516,0,11
2026-08-31T03:18:50.971339776Z,16.551697,128.920902,Cloud to Cloud,-10993,11524,16
2026-08-31T03:18:51.291984593Z,16.418749,129.007504,Cloud to Ground,-11268,0,8
2026-08-31T03:18:52.982725892Z,19.064833,115.658381,Cloud to Ground,-37521,0,13
2026-08-31T03:18:54.435787550Z,15.752946,131.235729,Cloud to Ground,-22620,0,20
2026-08-31T03:18:54.437302374Z,15.724021,131.212829,Cloud to Cloud,-16277,11581,15
2026-08-31T03:18:54.435063594Z,15.683875,131.257247,Cloud to Cloud,-12497,7850,11
2026-08-31T03:18:54.433964823Z,15.68791,131.25402,Cloud to Ground,-11014,0,10
2026-08-31T03:18:54.745575473Z,15.676466,131.257299,Cloud to Cloud,-7927,4877,10
2026-08-31T03:18:54.434546714Z,15.68115,131.246129,Cloud to Ground,7734,0,8
2026-08-31T03:18:54.089549555Z,16.493341,129.185138,Cloud to Ground,-12850,0,17
2026-08-31T03:18:53.780342446Z,16.504405,129.185457,Cloud to Cloud,-11876,7307,8
2026-08-31T03:18:54.032434133Z,16.482545,129.20876,Cloud to Cloud,-9191,3170,10
2026-08-31T03:18:55.384810663Z,13.919476,133.456542,Cloud to Ground,-13724,0,14
2026-08-31T03:19:01.019526708Z,19.267359,117.233521,Cloud to Ground,-15025,0,11
2026-08-31T03:19:01.248854480Z,16.484248,129.071379,Cloud to Cloud,-9534,6717,8
2026-08-31T03:19:06.168877786Z,15.337649,132.905766,Cloud to Ground,20779,0,15
2026-08-31T03:19:06.167439867Z,15.25499,132.935786,Cloud to Ground,27725,0,12
2026-08-31T03:19:09.776020718Z,16.500721,129.105981,Cloud to Cloud,9698,5223,13
2026-08-31T03:19:09.749793541Z,16.517206,129.103646,Cloud to Cloud,10090,3058,9
2026-08-31T03:19:09.802706428Z,16.499795,129.102504,Cloud to Ground,13654,0,8
2026-08-31T03:19:09.630864197Z,16.503917,129.104768,Cloud to Cloud,16589,8045,10
2026-08-31T03:19:12.156937765Z,16.832099,128.219904,Cloud to Cloud,-9530,17922,13
2026-08-31T03:19:12.425843749Z,16.813187,128.037294,Cloud to Cloud,9014,6194,12
2026-08-31T03:19:12.100737809Z,16.87623,128.091935,Cloud to Cloud,10688,12756,10
2026-08-31T03:19:16.040051281Z,16.95555,127.805313,Cloud to Cloud,-12203,3260,20
2026-08-31T03:19:16.003667000Z,16.8433,127.903,Cloud to Ground,19888,0,5
2026-08-31T03:19:17.938560905Z,16.628778,111.881855,Cloud to Ground,45957,0,18
2026-08-31T03:19:18.915699049Z,13.86571,133.529762,Cloud to Ground,24945,0,10
2026-08-31T03:19:20.826721487Z,15.058075,120.375768,Cloud to Cloud,10196,17764,8
2026-08-31T03:19:22.999961415Z,16.539533,128.857599,Cloud to Cloud,-8628,6209,11
2026-08-31T03:19:22.973744876Z,16.605063,128.853609,Cloud to Cloud,10478,7216,8
2026-08-31T03:19:23.305530927Z,16.519122,128.99233,Cloud to Ground,-10913,0,8
2026-08-31T03:19:23.020019942Z,16.528748,128.986649,Cloud to Cloud,-7124,5052,6
2026-08-31T03:19:27.111456326Z,16.807278,112.631747,Cloud to Ground,-15534,0,7
2026-08-31T03:19:26.810257075Z,16.865817,112.582193,Cloud to Ground,-10877,0,7
2026-08-31T03:19:27.417236739Z,16.81222,112.569405,Cloud to Ground,-9575,0,7
2026-08-31T03:19:29.317221150Z,16.479612,128.960749,Cloud to Cloud,-9154,5146,10
2026-08-31T03:19:30.458881363Z,16.598336,111.485476,Cloud to Ground,-32180,0,15
2026-08-31T03:19:30.275513932Z,16.580066,111.374638,Cloud to Ground,7750,0,7
2026-08-31T03:19:30.274284092Z,16.561829,111.44018,Cloud to Ground,27853,0,9
2026-08-31T03:19:30.622767651Z,19.207526,119.675762,Cloud to Cloud,4281,7296,6
2026-08-31T03:19:30.620767624Z,19.208421,119.664392,Cloud to Cloud,6113,5274,7
2026-08-31T03:19:39.052756387Z,18.076924,134.676042,Cloud to Ground,-17676,0,14
2026-08-31T03:19:39.176618585Z,18.133655,134.680282,Cloud to Ground,-12684,0,8
2026-08-31T03:19:39.051453733Z,18.070947,134.671233,Cloud to Ground,-10874,0,8
2026-08-31T03:19:39.057751955Z,18.06326,134.673588,Cloud to Ground,13828,0,12
2026-08-31T03:19:39.727408782Z,13.897017,133.52045,Cloud to Ground,7838,0,7
2026-08-31T03:19:39.841915488Z,16.522312,128.989388,Cloud to Ground,-9220,0,7
2026-08-31T03:19:40.442751223Z,15.627902,131.171618,Cloud to Cloud,-7886,3007,10
2026-08-31T03:19:40.422715278Z,15.640732,131.282331,Cloud to Cloud,-14720,19883,17
2026-08-31T03:19:40.427638104Z,15.692123,131.237329,Cloud to Cloud,-12599,6631,8
2026-08-31T03:19:41.413832192Z,16.505828,129.180257,Cloud to Ground,19401,0,10
2026-08-31T03:19:42.840892833Z,16.717017,128.16978,Cloud to Ground,37021,0,9
2026-08-31T03:19:46.933896502Z,13.49205,134.877908,Cloud to Ground,-19722,0,17
2026-08-31T03:19:46.931922940Z,13.487686,134.8622,Cloud to Ground,-19230,0,16
2026-08-31T03:19:46.936027467Z,13.429883,134.911044,Cloud to Ground,-13671,0,13
2026-08-31T03:19:47.129044972Z,13.51064,134.82337,Cloud to Ground,-13290,0,12
2026-08-31T03:19:46.953108378Z,13.440427,134.905246,Cloud to Ground,-12489,0,6
2026-08-31T03:19:46.939979810Z,13.452673,134.89653,Cloud to Ground,10204,0,6
2026-08-31T03:19:46.926065007Z,13.423853,134.906943,Cloud to Ground,26094,0,18
2026-08-31T03:19:47.360560905Z,13.778912,134.954518,Cloud to Cloud,-13305,12461,12
2026-08-31T03:19:47.535497901Z,13.755345,134.974597,Cloud to Cloud,8177,3058,11
2026-08-31T03:19:47.390708250Z,13.797014,134.980475,Cloud to Ground,14915,0,11
2026-08-31T03:19:47.158381348Z,19.152933,117.042261,Cloud to Cloud,8108,14530,8
2026-08-31T03:19:50.608501000Z,19.6654,118.5196,Cloud to Ground,-14578,0,5
2026-08-31T03:19:50.974520120Z,19.592885,118.609847,Cloud to Cloud,-5138,19731,7
2026-08-31T03:19:50.973383843Z,19.631594,118.608994,Cloud to Cloud,7253,3023,9
2026-08-31T03:19:50.959019091Z,19.549451,118.538211,Cloud to Cloud,9069,8652,6
2026-08-31T03:19:51.006307096Z,19.574453,118.556147,Cloud to Cloud,9246,3042,7
2026-08-31T03:19:56.751253469Z,14.197402,133.22644,Cloud to Ground,-12423,0,7
2026-08-31T03:19:56.676164752Z,14.207378,133.316283,Cloud to Ground,10646,0,8
2026-08-31T03:19:57.006371662Z,16.549349,128.993507,Cloud to Cloud,7778,8786,14
2026-08-31T03:19:58.954978484Z,16.418739,129.069545,Cloud to Cloud,9247,17807,9
2026-08-31T03:19:59.967886834Z,18.335235,130.845988,Cloud to Cloud,-6929,17300,8
2026-08-31T03:19:59.940575715Z,18.329256,130.843029,Cloud to Cloud,7225,3402,7
2026-08-31T03:19:59.783290228Z,18.255987,130.818421,Cloud to Cloud,7584,3013,8
2026-08-31T03:20:00.181111753Z,18.251852,130.990556,Cloud to Ground,-7656,0,7
2026-08-31T03:20:01.908553826Z,10.844018,112.923415,Cloud to Ground,-19622,0,8
2026-08-31T03:20:01.766430373Z,10.855731,112.789893,Cloud to Ground,14621,0,7
2026-08-31T03:20:08.645238394Z,16.47488,128.989753,Cloud to Cloud,8022,3199,6
2026-08-31T03:20:08.917529000Z,16.9167,127.9546,Cloud to Ground,-6284,0,5
2026-08-31T03:20:08.378608875Z,16.871103,128.010094,Cloud to Cloud,10970,19105,16
2026-08-31T03:20:10.257206552Z,15.419606,132.690368,Cloud to Ground,-37044,0,17
2026-08-31T03:20:10.284948209Z,15.427636,132.798454,Cloud to Ground,-9936,0,7
2026-08-31T03:20:10.358270172Z,15.426583,132.720067,Cloud to Ground,9937,0,11
2026-08-31T03:20:10.358778166Z,15.444239,132.733807,Cloud to Ground,12718,0,11
2026-08-31T03:20:10.328236957Z,15.396882,132.726483,Cloud to Ground,21154,0,11
2026-08-31T03:20:10.291102708Z,15.4011,132.735273,Cloud to Ground,37456,0,19
2026-08-31T03:20:10.248710424Z,15.297289,132.782256,Cloud to Ground,-41093,0,14
2026-08-31T03:20:11.697885075Z,19.039032,116.948408,Cloud to Cloud,6547,3015,8
2026-08-31T03:20:11.573547887Z,19.159167,117.055606,Cloud to Cloud,8790,3017,5
2026-08-31T03:20:16.147738274Z,15.738457,131.226618,Cloud to Cloud,-11050,17710,7
2026-08-31T03:20:17.172057000Z,19.5852,118.4449,Cloud to Ground,6501,0,5
2026-08-31T03:20:20.555651109Z,16.888115,128.18679,Cloud to Ground,-57437,0,26
2026-08-31T03:20:20.496172763Z,16.814841,128.218724,Cloud to Cloud,-17666,5114,14
2026-08-31T03:20:20.490357529Z,16.812414,128.192085,Cloud to Ground,-15078,0,7
2026-08-31T03:20:20.607759439Z,16.76384,128.205954,Cloud to Cloud,-5970,3009,7
2026-08-31T03:20:20.489071099Z,16.777071,128.200423,Cloud to Cloud,21072,3089,9
2026-08-31T03:20:21.775163156Z,19.329678,117.225388,Cloud to Ground,-12977,0,7
2026-08-31T03:20:21.434205717Z,19.433638,117.177164,Cloud to Ground,-8646,0,7
2026-08-31T03:20:21.456962322Z,19.361741,117.151205,Cloud to Cloud,10813,6082,6
2026-08-31T03:20:21.432224694Z,19.320048,117.201786,Cloud to Ground,48220,0,16
2026-08-31T03:20:23.628465455Z,16.487977,129.05814,Cloud to Cloud,-9499,4830,10
2026-08-31T03:20:24.137843971Z,16.537531,128.937557,Cloud to Cloud,-5545,3031,7
2026-08-31T03:20:24.190966931Z,16.516037,128.89541,Cloud to Cloud,6763,19295,8
2026-08-31T03:20:24.276154806Z,16.440142,129.064192,Cloud to Cloud,7051,11846,7
2026-08-31T03:20:23.605444706Z,16.426454,129.040236,Cloud to Cloud,8532,5963,9
2026-08-31T03:20:24.187873393Z,16.503531,129.009415,Cloud to Ground,14594,0,7
2026-08-31T03:20:26.229260695Z,16.823703,128.383091,Cloud to Cloud,-5814,4070,9
2026-08-31T03:20:27.482750598Z,17.609763,113.704826,Cloud to Cloud,-16112,6528,11
2026-08-31T03:20:27.478552604Z,17.605565,113.686361,Cloud to Cloud,6999,5293,7
2026-08-31T03:20:27.849053898Z,17.595423,113.713847,Cloud to Ground,7113,0,6
2026-08-31T03:20:30.180858209Z,19.08767,116.545229,Cloud to Cloud,8571,18644,8
2026-08-31T03:20:30.183142000Z,19.1071,116.5222,Cloud to Ground,16516,0,6
2026-08-31T03:20:31.619043596Z,17.053306,113.124252,Cloud to Cloud,11086,3010,9
2026-08-31T03:20:31.612472634Z,17.046261,113.038475,Cloud to Ground,14998,0,9
2026-08-31T03:20:31.612984975Z,17.048423,113.034957,Cloud to Ground,16741,0,10
2026-08-31T03:20:31.893505005Z,15.632718,131.298007,Cloud to Cloud,-7788,3035,11
2026-08-31T03:20:32.029815110Z,15.584736,131.303931,Cloud to Ground,14748,0,12
2026-08-31T03:20:33.960519864Z,15.246367,132.614025,Cloud to Ground,37253,0,11
2026-08-31T03:20:33.925585689Z,15.261639,132.586971,Cloud to Ground,47372,0,15
2026-08-31T03:20:33.880102196Z,15.24578,132.619409,Cloud to Ground,92064,0,16
2026-08-31T03:20:41.073789621Z,17.826723,112.779639,Cloud to Cloud,-10339,3409,7
2026-08-31T03:20:41.002988780Z,17.810467,112.79244,Cloud to Ground,-10055,0,9
2026-08-31T03:20:40.994323225Z,17.802922,112.849813,Cloud to Cloud,-7618,5968,8
2026-08-31T03:20:40.992322823Z,17.819834,112.778294,Cloud to Ground,33801,0,22
2026-08-31T03:20:41.148775949Z,19.169272,116.764946,Cloud to Ground,32394,0,11
2026-08-31T03:20:43.269682982Z,14.82406,120.36386,Cloud to Cloud,7503,13512,8
2026-08-31T03:20:43.271282111Z,14.757396,120.447987,Cloud to Cloud,8528,14499,7
2026-08-31T03:20:43.272543877Z,14.818592,120.370673,Cloud to Cloud,9472,10145,6
2026-08-31T03:20:43.279244020Z,14.75872,120.416193,Cloud to Cloud,11976,12508,6
2026-08-31T03:20:43.277661000Z,14.8785,120.284,Cloud to Ground,-3330,0,5
2026-08-31T03:20:45.534167578Z,15.628548,131.14774,Cloud to Ground,-13558,0,16
2026-08-31T03:20:44.974577889Z,15.611735,131.309195,Cloud to Cloud,-16811,3028,10
2026-08-31T03:20:45.191297921Z,15.619957,131.329073,Cloud to Cloud,8926,3012,6
2026-08-31T03:20:45.105833231Z,15.607234,131.320285,Cloud to Ground,19648,0,11
2026-08-31T03:20:46.704781301Z,16.038406,130.257976,Cloud to Cloud,-17474,10156,10
2026-08-31T03:20:47.590126213Z,19.418707,117.325452,Cloud to Cloud,18025,7240,6
2026-08-31T03:20:49.048966674Z,16.483035,129.077117,Cloud to Cloud,-7285,4497,12
2026-08-31T03:20:49.094322028Z,16.364454,129.14473,Cloud to Cloud,-5405,6287,7
2026-08-31T03:20:49.036954022Z,16.39039,129.125478,Cloud to Cloud,10332,5186,10
2026-08-31T03:20:49.001299031Z,16.474791,129.092396,Cloud to Ground,19204,0,11
2026-08-31T03:20:52.439970844Z,22.859963,128.332178,Cloud to Ground,11078,0,10
2026-08-31T03:20:53.131088169Z,13.717005,134.229563,Cloud to Cloud,-13638,5398,11
2026-08-31T03:20:53.130539214Z,13.710264,134.242919,Cloud to Ground,25248,0,19
2026-08-31T03:20:54.245335802Z,16.573187,128.98984,Cloud to Cloud,-9194,12903,7
2026-08-31T03:20:54.408254807Z,16.59693,128.788252,Cloud to Cloud,-9931,4639,8
2026-08-31T03:20:54.432810703Z,16.588472,128.865372,Cloud to Cloud,8948,18065,7
2026-08-31T03:20:54.654531868Z,16.773355,127.952113,Cloud to Cloud,7779,3704,11
2026-08-31T03:20:54.653515468Z,16.818977,128.028366,Cloud to Cloud,16508,3048,8
2026-08-31T03:20:54.655434000Z,16.8577,127.9076,Cloud to Ground,-65212,0,6
2026-08-31T03:20:57.597669443Z,13.799735,133.375046,Cloud to Ground,-11083,0,13
2026-08-31T03:20:57.447045391Z,13.805081,133.530908,Cloud to Ground,42889,0,17
2026-08-31T03:21:01.570416390Z,16.855159,127.847834,Cloud to Cloud,11645,10126,14
2026-08-31T03:21:01.788354585Z,16.80454,127.954112,Cloud to Ground,-13444,0,9
2026-08-31T03:21:01.675912218Z,16.746008,127.980795,Cloud to Cloud,-12039,3063,8
2026-08-31T03:21:01.621581424Z,16.811523,127.957593,Cloud to Cloud,-9801,4238,9
2026-08-31T03:21:01.651194566Z,16.81897,127.940938,Cloud to Cloud,-4964,7541,12
2026-08-31T03:21:08.313309015Z,16.491336,129.172727,Cloud to Cloud,11072,3043,8
2026-08-31T03:21:10.247911713Z,16.814231,128.207094,Cloud to Cloud,6858,13623,7
2026-08-31T03:21:11.642616968Z,16.639988,112.226441,Cloud to Cloud,16056,19189,12
2026-08-31T03:21:11.647812631Z,16.665883,112.229259,Cloud to Ground,162314,0,15
2026-08-31T03:21:12.262212579Z,14.193533,133.29289,Cloud to Ground,-9913,0,7
2026-08-31T03:21:13.458417518Z,19.226877,119.696126,Cloud to Cloud,5217,10989,7
2026-08-31T03:21:16.666870098Z,19.180706,117.070492,Cloud to Cloud,-12796,5545,7
2026-08-31T03:21:16.967330077Z,19.171908,117.059237,Cloud to Cloud,5621,9343,6
2026-08-31T03:21:16.665902352Z,19.172053,117.069062,Cloud to Cloud,16164,8657,9
2026-08-31T03:21:16.867328317Z,19.169954,117.034552,Cloud to Ground,32124,0,16
2026-08-31T03:21:18.963933552Z,16.491562,128.973285,Cloud to Ground,13760,0,11
2026-08-31T03:21:20.777344949Z,13.946305,133.86766,Cloud to Ground,-30813,0,16
2026-08-31T03:21:20.515285676Z,14.013406,133.823162,Cloud to Ground,-22450,0,28
2026-08-31T03:21:20.748948781Z,14.052531,133.838334,Cloud to Ground,-11175,0,11
2026-08-31T03:21:23.763442840Z,18.203796,130.866507,Cloud to Ground,-12500,0,7
2026-08-31T03:21:23.510152277Z,18.248293,130.843624,Cloud to Ground,-8516,0,6
2026-08-31T03:21:23.931897122Z,18.313867,130.814279,Cloud to Ground,-8478,0,9
2026-08-31T03:21:23.460482671Z,18.249309,130.844823,Cloud to Ground,-7491,0,7
2026-08-31T03:21:23.461654023Z,18.249867,130.833578,Cloud to Ground,15236,0,11
2026-08-31T03:21:23.464172542Z,16.870787,127.810997,Cloud to Cloud,8216,4274,8
2026-08-31T03:21:23.466067524Z,16.853699,127.907224,Cloud to Ground,29311,0,10
2026-08-31T03:21:26.680531748Z,16.751512,128.059308,Cloud to Cloud,10769,11525,8
2026-08-31T03:21:26.618825809Z,16.833352,128.029367,Cloud to Ground,28109,0,10
2026-08-31T03:21:26.209621716Z,16.80436,128.52121,Cloud to Cloud,10829,7281,14
2026-08-31T03:21:26.954156038Z,16.674471,128.466721,Cloud to Cloud,-15310,6055,10
2026-08-31T03:21:28.849507599Z,16.458205,129.144178,Cloud to Ground,-13979,0,11
2026-08-31T03:21:28.866024940Z,16.497524,129.126545,Cloud to Cloud,-9973,7999,8
2026-08-31T03:21:31.577552820Z,15.680819,131.63812,Cloud to Cloud,-8915,6050,14
2026-08-31T03:21:31.679631033Z,15.762654,131.645898,Cloud to Cloud,9570,4946,12
2026-08-31T03:21:31.698607868Z,15.41375,132.74844,Cloud to Cloud,-12870,4101,8
2026-08-31T03:21:31.701999861Z,15.40309,132.778594,Cloud to Cloud,-9893,5618,12
2026-08-31T03:21:31.697919598Z,15.41381,132.757525,Cloud to Ground,33143,0,11
2026-08-31T03:21:32.906864000Z,19.4471,118.5976,Cloud to Ground,34381,0,6
2026-08-31T03:21:33.538658003Z,15.638285,131.154378,Cloud to Ground,-20506,0,16
2026-08-31T03:21:33.492852679Z,15.678051,131.254678,Cloud to Cloud,-19148,5300,20
2026-08-31T03:21:33.556742655Z,15.624038,131.299971,Cloud to Ground,12082,0,13
2026-08-31T03:21:33.572916271Z,15.607654,131.318566,Cloud to Ground,22080,0,15
2026-08-31T03:21:33.705500000Z,15.6365,131.2298,Cloud to Ground,72905,0,11
2026-08-31T03:21:33.245698699Z,19.617712,118.674636,Cloud to Cloud,-7746,10000,6
2026-08-31T03:21:34.356930542Z,16.968236,127.798852,Cloud to Cloud,-6941,15444,13
2026-08-31T03:21:34.354435546Z,16.986376,127.812382,Cloud to Cloud,13661,3189,8
2026-08-31T03:21:34.355436909Z,16.970774,127.809699,Cloud to Ground,28410,0,14
2026-08-31T03:21:34.356153974Z,16.816175,127.852064,Cloud to Cloud,27515,4948,8
2026-08-31T03:21:38.373778398Z,17.509727,113.566028,Cloud to Cloud,-14140,14290,11
2026-08-31T03:21:38.373128572Z,17.494215,113.535308,Cloud to Cloud,-8784,3039,9
2026-08-31T03:21:38.384262628Z,17.500463,113.574066,Cloud to Cloud,-7512,3037,6
2026-08-31T03:21:38.595832705Z,17.507222,113.59265,Cloud to Cloud,-6608,7780,6
2026-08-31T03:21:38.838072614Z,17.538316,113.578449,Cloud to Ground,13367,0,11
2026-08-31T03:21:40.531046998Z,16.459109,129.299715,Cloud to Ground,18328,0,9
2026-08-31T03:21:43.524004664Z,15.682985,131.286996,Cloud to Ground,-21592,0,17
2026-08-31T03:21:43.528419713Z,15.743435,131.209608,Cloud to Cloud,-10792,13883,11
2026-08-31T03:21:43.522475540Z,15.706782,131.255241,Cloud to Cloud,-10390,7963,16
2026-08-31T03:21:43.525685668Z,15.686618,131.271704,Cloud to Cloud,11591,6154,10
2026-08-31T03:21:43.522976287Z,15.664045,131.301465,Cloud to Ground,29443,0,14
2026-08-31T03:21:43.525260564Z,15.699412,131.121293,Cloud to Cloud,-9663,7831,11
2026-08-31T03:21:44.519909095Z,16.773023,128.082925,Cloud to Cloud,-8483,12280,9
2026-08-31T03:21:45.786379919Z,16.49002,129.025948,Cloud to Ground,14230,0,10
2026-08-31T03:21:49.375235657Z,16.479424,129.117313,Cloud to Cloud,-17402,7087,13
2026-08-31T03:21:49.206054837Z,16.470538,129.135154,Cloud to Cloud,9281,3248,10
2026-08-31T03:21:51.927497580Z,16.461538,129.079852,Cloud to Cloud,14198,12210,11
2026-08-31T03:21:52.249235362Z,19.357165,117.318295,Cloud to Ground,-21995,0,12
2026-08-31T03:21:52.251563326Z,19.358067,117.31389,Cloud to Cloud,-12829,3022,7
2026-08-31T03:21:52.264056873Z,19.443187,117.330402,Cloud to Cloud,13544,3128,7
2026-08-31T03:21:52.248788940Z,19.420479,117.338074,Cloud to Ground,18496,0,6
2026-08-31T03:21:53.639291589Z,13.914568,133.507469,Cloud to Ground,-13951,0,7
2026-08-31T03:21:55.823717753Z,16.483902,129.064997,Cloud to Cloud,17624,6537,7
2026-08-31T03:21:57.596668026Z,16.804154,127.944836,Cloud to Cloud,-8669,3032,7
2026-08-31T03:21:57.773192037Z,16.745102,127.967828,Cloud to Cloud,9228,3778,7
2026-08-31T03:21:57.489257458Z,16.811364,128.009058,Cloud to Cloud,9316,18832,12
2026-08-31T03:21:57.478555276Z,16.801587,127.942595,Cloud to Ground,15654,0,8
2026-08-31T03:21:57.442459518Z,16.783533,127.867215,Cloud to Cloud,18424,19803,10
2026-08-31T03:21:57.444660354Z,16.711383,127.999766,Cloud to Ground,31732,0,9
2026-08-31T03:22:00.588190261Z,16.711263,128.393413,Cloud to Cloud,9053,6569,7
2026-08-31T03:22:00.481811590Z,16.711828,128.326433,Cloud to Cloud,10176,3039,8
2026-08-31T03:22:00.061210439Z,16.749999,128.315289,Cloud to Cloud,18093,4515,8
2026-08-31T03:22:01.466966507Z,19.592759,118.598977,Cloud to Cloud,-7967,6380,6
2026-08-31T03:22:00.960480271Z,19.560667,118.619208,Cloud to Cloud,6493,3000,7
2026-08-31T03:22:00.981569957Z,19.631061,118.644785,Cloud to Cloud,19005,18361,7
2026-08-31T03:22:02.055713089Z,16.682228,128.141689,Cloud to Cloud,11780,3031,9
2026-08-31T03:22:05.582123851Z,15.64681,131.182109,Cloud to Ground,-21182,0,28
2026-08-31T03:22:05.503300280Z,15.629284,131.168747,Cloud to Cloud,-19220,19938,26
2026-08-31T03:22:05.379218723Z,15.600256,131.162485,Cloud to Ground,-15824,0,22
2026-08-31T03:22:05.582702109Z,15.610426,131.33104,Cloud to Cloud,10494,5397,8
2026-08-31T03:22:05.643365055Z,15.637895,131.328975,Cloud to Ground,17441,0,12
2026-08-31T03:22:14.209401935Z,16.42372,129.066729,Cloud to Ground,-21763,0,7
2026-08-31T03:22:14.079663241Z,16.546647,129.028841,Cloud to Ground,-20881,0,14
2026-08-31T03:22:14.419271994Z,16.510563,129.087543,Cloud to Ground,-13445,0,11
2026-08-31T03:22:14.258718045Z,16.522461,129.124636,Cloud to Ground,9921,0,9
2026-08-31T03:22:14.499290931Z,16.527472,129.122524,Cloud to Ground,12277,0,9
2026-08-31T03:22:14.345216000Z,16.504,129.0605,Cloud to Ground,33586,0,5
2026-08-31T03:22:17.040315687Z,16.527404,129.088939,Cloud to Cloud,-9485,16818,12
2026-08-31T03:22:18.866105578Z,16.616258,112.000806,Cloud to Ground,13234,0,7
2026-08-31T03:22:18.865323630Z,16.606294,111.875036,Cloud to Cloud,13834,17661,10
2026-08-31T03:22:18.878058790Z,16.614939,111.916074,Cloud to Ground,14514,0,9
2026-08-31T03:22:18.864034064Z,16.624352,111.92165,Cloud to Cloud,43490,6369,12
2026-08-31T03:22:19.989747173Z,16.769385,128.186162,Cloud to Cloud,-8952,3018,6
2026-08-31T03:22:21.024039993Z,16.029143,130.219077,Cloud to Cloud,-10887,6050,9
2026-08-31T03:22:21.199160127Z,15.672778,131.276648,Cloud to Ground,-13422,0,8
2026-08-31T03:22:21.196506155Z,15.663137,131.281262,Cloud to Cloud,-12329,14215,12
2026-08-31T03:22:21.195748709Z,15.687747,131.280676,Cloud to Ground,23635,0,15
2026-08-31T03:22:24.098193774Z,13.481095,134.892404,Cloud to Ground,-9821,0,16
2026-08-31T03:22:24.100552936Z,13.499313,134.85534,Cloud to Ground,-7795,0,8
2026-08-31T03:22:24.871875868Z,16.494097,129.001092,Cloud to Ground,-10806,0,9
2026-08-31T03:22:24.873899795Z,16.520197,129.013276,Cloud to Cloud,18191,16194,13
2026-08-31T03:22:27.993164419Z,18.064932,134.721174,Cloud to Ground,-99695,0,18
2026-08-31T03:22:27.991723921Z,18.081398,134.684912,Cloud to Ground,-30954,0,15
2026-08-31T03:22:27.994008403Z,18.067541,134.71483,Cloud to Ground,-13248,0,14
2026-08-31T03:22:28.005455922Z,18.067401,134.729752,Cloud to Ground,-9501,0,6
2026-08-31T03:22:27.997428821Z,18.067804,134.692681,Cloud to Ground,-8366,0,9
2026-08-31T03:22:27.994841408Z,18.073025,134.707657,Cloud to Ground,-8314,0,12
2026-08-31T03:22:27.990217787Z,18.057001,134.717629,Cloud to Ground,-8283,0,7
2026-08-31T03:22:33.703740957Z,16.826337,128.013239,Cloud to Cloud,-9042,3494,8
2026-08-31T03:22:34.414990352Z,17.602724,113.727392,Cloud to Cloud,-11418,3172,6
2026-08-31T03:22:34.332985842Z,17.61126,113.738246,Cloud to Cloud,-10937,3020,10
2026-08-31T03:22:34.347188952Z,17.622124,113.734404,Cloud to Cloud,-10481,9803,10
2026-08-31T03:22:34.612558217Z,17.635599,113.780069,Cloud to Cloud,-9694,3001,8
2026-08-31T03:22:34.336919644Z,17.604525,113.634719,Cloud to Cloud,7244,5352,7
2026-08-31T03:22:40.615716176Z,15.363624,132.55465,Cloud to Ground,-39477,0,18
2026-08-31T03:22:40.613671400Z,15.346778,132.60508,Cloud to Cloud,-14079,3045,19
2026-08-31T03:22:40.433895963Z,16.769123,127.988093,Cloud to Cloud,-11522,16965,6
2026-08-31T03:22:40.426988646Z,16.819475,127.974321,Cloud to Cloud,-8915,7029,9
2026-08-31T03:22:40.392200264Z,16.798654,127.939413,Cloud to Cloud,-6835,9681,7
2026-08-31T03:22:40.397603056Z,16.849288,127.827251,Cloud to Cloud,7878,5711,10
2026-08-31T03:22:42.956076819Z,16.576166,128.851059,Cloud to Ground,-11440,0,8
2026-08-31T03:22:42.886834705Z,16.65665,128.848794,Cloud to Cloud,10556,3368,11
2026-08-31T03:22:42.918611433Z,16.541889,129.015451,Cloud to Cloud,-11902,16827,7
2026-08-31T03:22:42.946306506Z,16.833697,128.023688,Cloud to Cloud,7366,3034,7
2026-08-31T03:22:43.303906551Z,16.483372,129.209356,Cloud to Cloud,-7836,3771,10
2026-08-31T03:22:43.288820876Z,16.476282,129.19166,Cloud to Cloud,-6143,12154,9
2026-08-31T03:22:43.201904851Z,16.441949,129.146508,Cloud to Cloud,11208,16183,9
2026-08-31T03:22:46.226529527Z,16.482756,129.091622,Cloud to Cloud,-7837,3234,8
2026-08-31T03:22:46.368630867Z,18.055619,113.012903,Cloud to Cloud,-30968,3208,11
2026-08-31T03:22:46.363538631Z,18.050007,113.015116,Cloud to Ground,28580,0,7
2026-08-31T03:22:46.364092692Z,18.066629,112.927068,Cloud to Ground,29262,0,11
2026-08-31T03:22:47.914410134Z,19.104695,116.58018,Cloud to Cloud,-9472,3071,11
2026-08-31T03:22:50.043121954Z,16.800861,128.360459,Cloud to Cloud,10856,3005,7
2026-08-31T03:22:51.396047246Z,16.902573,127.769337,Cloud to Cloud,11482,3023,14
2026-08-31T03:22:51.427101553Z,16.800571,127.90101,Cloud to Cloud,-9635,7651,7
2026-08-31T03:22:50.830085659Z,16.745403,128.027467,Cloud to Cloud,-4428,15143,7
2026-08-31T03:22:51.391107138Z,16.889258,127.924235,Cloud to Ground,15174,0,12
2026-08-31T03:22:51.389796296Z,16.850735,127.934899,Cloud to Ground,16194,0,12
2026-08-31T03:22:51.388914693Z,16.799253,127.958931,Cloud to Ground,21611,0,9
2026-08-31T03:22:56.712626377Z,19.124007,115.697825,Cloud to Cloud,-16430,3079,9
2026-08-31T03:22:56.697520703Z,19.112233,115.675793,Cloud to Cloud,8694,13056,5
2026-08-31T03:22:56.683358982Z,19.183949,115.721869,Cloud to Ground,27976,0,11
2026-08-31T03:22:59.830968522Z,16.854304,127.957347,Cloud to Cloud,-9111,5272,16
2026-08-31T03:23:00.925678445Z,13.873882,133.546065,Cloud to Ground,-8741,0,8
2026-08-31T03:23:00.905445708Z,13.954919,133.489338,Cloud to Cloud,-18490,3017,18
2026-08-31T03:23:01.239940670Z,18.242771,130.846595,Cloud to Cloud,7770,3030,9
2026-08-31T03:23:01.241813847Z,18.241558,130.853968,Cloud to Cloud,9544,5984,12
2026-08-31T03:23:02.018877490Z,18.25657,130.999832,Cloud to Ground,-8020,0,8
2026-08-31T03:23:02.028260705Z,18.231667,131.025811,Cloud to Cloud,-6416,16345,12
2026-08-31T03:23:02.030386064Z,18.273407,130.998005,Cloud to Cloud,5711,3267,6
2026-08-31T03:23:01.986419076Z,18.280628,130.920915,Cloud to Cloud,8196,3035,10
2026-08-31T03:23:02.764130834Z,16.540197,129.102039,Cloud to Ground,12298,0,10
2026-08-31T03:23:02.491622000Z,16.5044,128.9764,Cloud to Ground,-13523,0,6
2026-08-31T03:23:03.151730000Z,19.3828,117.2815,Cloud to Ground,21334,0,10
2026-08-31T03:23:05.710579426Z,19.35784,120.09211,Cloud to Cloud,-13248,8189,10
2026-08-31T03:23:05.390781365Z,19.35998,120.12676,Cloud to Cloud,7085,3024,6
2026-08-31T03:23:05.388774143Z,19.421729,120.080196,Cloud to Cloud,8337,5727,7
2026-08-31T03:23:05.371999212Z,19.35618,120.14603,Cloud to Cloud,9154,12635,7
2026-08-31T03:23:05.370154812Z,19.384932,120.129754,Cloud to Cloud,14747,16482,11
2026-08-31T03:23:05.341845385Z,19.389069,120.140213,Cloud to Ground,60992,0,16
2026-08-31T03:23:05.345134281Z,18.637513,115.160552,Cloud to Cloud,10136,15343,11
2026-08-31T03:23:05.316410207Z,18.645053,115.291825,Cloud to Cloud,10020,3855,9
2026-08-31T03:23:08.430526169Z,16.396721,129.05333,Cloud to Cloud,10842,19676,11
2026-08-31T03:23:08.460227000Z,16.5564,128.9727,Cloud to Ground,-8700,0,5
2026-08-31T03:23:08.628706922Z,16.51475,128.98406,Cloud to Cloud,5534,3022,7
2026-08-31T03:23:08.488984595Z,16.550805,128.996331,Cloud to Ground,8607,0,7
2026-08-31T03:23:08.626955242Z,16.529934,129.014684,Cloud to Ground,15805,0,15
2026-08-31T03:23:09.868294999Z,11.331609,122.0298,Cloud to Cloud,9850,6952,7
2026-08-31T03:23:09.863269963Z,11.328655,122.004815,Cloud to Ground,75742,0,10
2026-08-31T03:23:10.532992774Z,16.831223,128.050103,Cloud to Ground,-8391,0,9
2026-08-31T03:23:10.384503471Z,16.891311,127.979467,Cloud to Cloud,-9792,10549,13
2026-08-31T03:23:10.121877103Z,16.813337,127.885031,Cloud to Cloud,-7781,12178,10
2026-08-31T03:23:10.565962223Z,16.782079,127.878951,Cloud to Cloud,-6052,19023,9
2026-08-31T03:23:14.228425438Z,15.630576,131.235174,Cloud to Ground,-10752,0,14
2026-08-31T03:23:14.224004799Z,15.637818,131.223272,Cloud to Cloud,12363,4523,7
2026-08-31T03:23:16.875385724Z,15.427315,132.766852,Cloud to Ground,-7059,0,12
2026-08-31T03:23:16.873360993Z,15.417386,132.779089,Cloud to Ground,15780,0,9
2026-08-31T03:23:16.871932925Z,15.40738,132.775333,Cloud to Ground,40998,0,23
2026-08-31T03:23:16.675577167Z,16.516231,129.184672,Cloud to Cloud,-8644,4209,9
2026-08-31T03:23:19.931594597Z,16.73102,127.6795,Cloud to Ground,-18985,0,17
2026-08-31T03:23:21.682419453Z,16.451615,129.120864,Cloud to Cloud,-8408,8021,10
2026-08-31T03:23:21.159467154Z,16.531973,129.050853,Cloud to Cloud,-9764,3124,7
2026-08-31T03:23:20.977796844Z,16.469163,129.113835,Cloud to Cloud,4520,4302,6
2026-08-31T03:23:21.366934658Z,16.482542,128.945696,Cloud to Cloud,8177,3779,14
2026-08-31T03:23:22.065858279Z,14.257617,133.192597,Cloud to Ground,-47267,0,18
2026-08-31T03:23:22.063931345Z,14.233625,133.220434,Cloud to Cloud,-12019,3010,17
2026-08-31T03:23:22.065329665Z,14.246556,133.22718,Cloud to Cloud,-9901,3031,14
2026-08-31T03:23:22.067755868Z,14.212488,133.263832,Cloud to Ground,16418,0,11
2026-08-31T03:23:23.720002820Z,15.122981,132.365533,Cloud to Ground,-17899,0,13
2026-08-31T03:23:23.314173975Z,17.313009,113.329601,Cloud to Cloud,-13495,7552,11
2026-08-31T03:23:23.127520070Z,17.207261,113.287278,Cloud to Cloud,-11856,19825,6
2026-08-31T03:23:23.159267189Z,17.240831,113.238695,Cloud to Cloud,-8178,5157,7
2026-08-31T03:23:22.998047951Z,17.187273,113.307309,Cloud to Ground,18110,0,11
2026-08-31T03:23:23.168394519Z,17.311394,113.251286,Cloud to Ground,37289,0,12
2026-08-31T03:23:26.256737741Z,13.969574,133.885507,Cloud to Ground,16800,0,9
2026-08-31T03:23:27.738808652Z,19.606958,118.56342,Cloud to Cloud,11132,17788,14
2026-08-31T03:23:28.520829572Z,16.715252,128.243621,Cloud to Cloud,19691,3011,10
2026-08-31T03:23:28.864090066Z,16.838693,128.216391,Cloud to Ground,-12816,0,10
2026-08-31T03:23:28.517653443Z,16.819861,128.154127,Cloud to Cloud,-11102,4911,12
2026-08-31T03:23:28.728194000Z,16.8469,128.1095,Cloud to Ground,-9844,0,5
2026-08-31T03:23:35.228545134Z,17.805668,112.917024,Cloud to Cloud,-12634,6717,8
2026-08-31T03:23:35.220835669Z,17.800137,112.81636,Cloud to Cloud,9156,12542,7
2026-08-31T03:23:35.221728353Z,17.820615,112.900915,Cloud to Ground,13107,0,7
2026-08-31T03:23:35.217736719Z,17.8198,112.825758,Cloud to Ground,18864,0,13
2026-08-31T03:23:35.220127080Z,17.822469,112.89333,Cloud to Cloud,27500,4663,9
2026-08-31T03:23:36.435379978Z,16.577537,129.025826,Cloud to Cloud,-5961,3039,7
2026-08-31T03:23:36.467640869Z,16.472008,129.075523,Cloud to Cloud,16150,13373,10
2026-08-31T03:23:36.845070816Z,16.817456,128.036476,Cloud to Cloud,-5231,3015,7
2026-08-31T03:23:38.779545771Z,19.404287,117.221022,Cloud to Ground,21658,0,9
2026-08-31T03:23:38.986955341Z,19.387968,117.209853,Cloud to Ground,29732,0,10
2026-08-31T03:23:43.391890041Z,14.203592,132.931983,Cloud to Cloud,10398,3014,6
2026-08-31T03:23:43.368858889Z,14.194964,132.944836,Cloud to Cloud,16639,6533,9
2026-08-31T03:23:43.817365248Z,16.643821,112.147335,Cloud to Cloud,26718,3130,12
2026-08-31T03:23:43.722145855Z,16.646324,112.242773,Cloud to Ground,-80507,0,8
2026-08-31T03:23:43.729276739Z,16.623544,112.252308,Cloud to Ground,-56973,0,9
2026-08-31T03:23:45.293203913Z,16.767644,128.410489,Cloud to Ground,-36254,0,15
2026-08-31T03:23:47.851899677Z,15.680665,131.315631,Cloud to Ground,-11925,0,10
2026-08-31T03:23:48.055801397Z,15.622233,131.335069,Cloud to Cloud,-9051,4138,7
2026-08-31T03:23:48.799098000Z,18.827,115.5282,Cloud to Ground,6741,0,5
2026-08-31T03:23:48.780616401Z,18.845926,115.5663,Cloud to Cloud,9000,18341,9
2026-08-31T03:23:48.808537236Z,18.848843,115.56075,Cloud to Cloud,9869,3069,9
2026-08-31T03:23:49.031195441Z,15.883074,131.360837,Cloud to Cloud,-14014,3003,11
2026-08-31T03:23:49.418795981Z,15.877505,131.375157,Cloud to Cloud,-12111,18437,13
2026-08-31T03:23:49.028551775Z,15.868726,131.361082,Cloud to Ground,15301,0,10
2026-08-31T03:23:49.111836000Z,19.3299,117.0593,Cloud to Ground,-18418,0,5
2026-08-31T03:23:49.103441000Z,19.3162,117.3063,Cloud to Ground,-26480,0,5
2026-08-31T03:23:49.283316997Z,19.330061,117.326924,Cloud to Ground,14351,0,10
2026-08-31T03:23:49.164519690Z,19.282647,117.274916,Cloud to Ground,30122,0,13
2026-08-31T03:23:50.055613719Z,16.777415,128.10514,Cloud to Ground,-17633,0,13
2026-08-31T03:23:50.264947922Z,16.756027,128.197082,Cloud to Cloud,5223,7371,7
2026-08-31T03:23:52.427505276Z,16.728699,128.073089,Cloud to Cloud,5781,18867,7
2026-08-31T03:23:52.548725816Z,16.709621,128.043546,Cloud to Ground,16192,0,7
2026-08-31T03:23:53.485871903Z,16.433343,129.160728,Cloud to Cloud,-18421,11640,14
2026-08-31T03:23:53.583616767Z,16.459703,129.161405,Cloud to Cloud,-9144,11300,9
2026-08-31T03:23:53.523124354Z,16.455365,129.141043,Cloud to Cloud,8367,12610,10
2026-08-31T03:23:53.527375511Z,16.421924,129.149642,Cloud to Ground,16117,0,13
2026-08-31T03:23:54.942334734Z,16.880652,127.822726,Cloud to Cloud,-6260,11301,7
2026-08-31T03:23:54.935961699Z,19.394749,120.768045,Cloud to Ground,-11717,0,10
2026-08-31T03:23:54.833886843Z,19.461145,120.802104,Cloud to Cloud,-6819,10071,8
2026-08-31T03:23:54.859814000Z,19.4022,120.7464,Cloud to Ground,18734,0,8
2026-08-31T03:24:00.642222543Z,16.870223,128.089392,Cloud to Ground,-14169,0,21
2026-08-31T03:24:00.551344295Z,16.869296,128.111843,Cloud to Ground,-11337,0,9
2026-08-31T03:24:00.485447269Z,16.825274,128.085377,Cloud to Cloud,-7914,17150,15
2026-08-31T03:24:00.589999000Z,16.8234,128.1102,Cloud to Ground,12744,0,6
2026-08-31T03:24:00.882894094Z,18.049794,112.931196,Cloud to Cloud,9611,4295,8
2026-08-31T03:24:00.884844754Z,18.080344,113.00116,Cloud to Cloud,26636,7205,8
2026-08-31T03:24:02.150604396Z,16.569405,129.01539,Cloud to Cloud,11442,3077,8
2026-08-31T03:24:02.209613393Z,16.564941,129.038645,Cloud to Cloud,33667,16046,21
2026-08-31T03:24:02.008006914Z,16.59357,129.277916,Cloud to Cloud,-33946,12631,13
2026-08-31T03:24:02.014552824Z,16.660552,129.219379,Cloud to Cloud,-11488,3080,20
2026-08-31T03:24:02.010093781Z,16.600218,129.247402,Cloud to Cloud,-9997,19995,10
2026-08-31T03:24:02.585081360Z,16.521606,129.259433,Cloud to Cloud,-9355,3141,8
2026-08-31T03:24:02.005394218Z,16.573248,129.279738,Cloud to Ground,24438,0,9
2026-08-31T03:24:03.478143882Z,16.792196,128.245785,Cloud to Ground,-19777,0,9
2026-08-31T03:24:03.172433029Z,16.802366,128.337198,Cloud to Ground,-10588,0,7
2026-08-31T03:24:06.695610527Z,16.487709,129.118916,Cloud to Ground,-9931,0,8
2026-08-31T03:24:06.761390876Z,16.499777,129.132674,Cloud to Cloud,9164,3202,13
2026-08-31T03:24:06.613632317Z,16.482692,128.96045,Cloud to Ground,-24403,0,26
2026-08-31T03:24:06.499416433Z,16.4843,128.940633,Cloud to Ground,-22404,0,15
2026-08-31T03:24:06.726705504Z,16.512138,128.985172,Cloud to Ground,-11219,0,16
2026-08-31T03:24:08.809210815Z,13.882323,133.548712,Cloud to Ground,-52044,0,18
2026-08-31T03:24:08.812694587Z,13.954328,133.508261,Cloud to Ground,-12590,0,11
2026-08-31T03:24:12.608456922Z,16.660332,128.197183,Cloud to Ground,41328,0,9
2026-08-31T03:24:12.388778780Z,16.776031,128.167014,Cloud to Cloud,9837,11218,11
2026-08-31T03:24:14.966588148Z,19.539738,118.621158,Cloud to Cloud,-17595,3101,12
2026-08-31T03:24:14.887525337Z,19.538033,118.632769,Cloud to Cloud,7349,11485,7
2026-08-31T03:24:16.618894812Z,16.805337,128.028792,Cloud to Ground,-4441,0,7
2026-08-31T03:24:16.651530209Z,16.872503,127.971488,Cloud to Cloud,6929,6123,7
2026-08-31T03:24:16.616028735Z,16.808882,128.029881,Cloud to Cloud,7826,3052,12
2026-08-31T03:24:18.995361230Z,16.497928,129.151409,Cloud to Ground,-13926,0,8
2026-08-31T03:24:18.996295978Z,16.479578,129.193541,Cloud to Cloud,7437,17631,13
2026-08-31T03:24:18.655125991Z,16.517256,129.012915,Cloud to Ground,-13408,0,12
2026-08-31T03:24:21.739222237Z,16.467805,128.906015,Cloud to Ground,11125,0,9
2026-08-31T03:24:21.744426107Z,16.518357,128.969402,Cloud to Ground,32299,0,14
2026-08-31T03:24:23.550204412Z,15.711847,131.650882,Cloud to Ground,-19198,0,10
2026-08-31T03:24:23.550875509Z,15.727973,131.651079,Cloud to Cloud,-13376,16515,11
2026-08-31T03:24:24.658149468Z,16.77845,127.801782,Cloud to Cloud,-20185,5686,13
2026-08-31T03:24:24.649924505Z,16.559046,127.917688,Cloud to Cloud,-14449,3028,11
2026-08-31T03:24:27.702433702Z,18.28639,130.767774,Cloud to Cloud,9590,7623,13
2026-08-31T03:24:27.704327676Z,18.239948,130.869307,Cloud to Ground,15212,0,15
2026-08-31T03:24:27.718569610Z,14.203606,133.35421,Cloud to Ground,-11689,0,7
2026-08-31T03:24:30.415451218Z,16.933615,127.849047,Cloud to Cloud,-13405,10985,10
2026-08-31T03:24:30.452996101Z,16.88991,127.932363,Cloud to Cloud,13919,13381,12
2026-08-31T03:24:30.323005284Z,16.780202,128.173848,Cloud to Ground,-18827,0,9
2026-08-31T03:24:30.356849587Z,16.788156,128.200343,Cloud to Ground,-16174,0,8
2026-08-31T03:24:30.379908378Z,16.781084,128.197522,Cloud to Cloud,-9371,13730,11
2026-08-31T03:24:30.894975255Z,16.788581,128.191827,Cloud to Ground,-8247,0,8
2026-08-31T03:24:31.020459116Z,16.792019,128.172886,Cloud to Ground,-7543,0,9
2026-08-31T03:24:30.991463115Z,16.79009,128.207049,Cloud to Cloud,7423,4344,11
2026-08-31T03:24:30.420905305Z,16.806612,128.198891,Cloud to Cloud,9639,13437,9
2026-08-31T03:24:30.935798239Z,16.79924,128.204831,Cloud to Cloud,11273,17916,9
2026-08-31T03:24:34.351777828Z,16.549534,128.921522,Cloud to Ground,10128,0,10
2026-08-31T03:24:34.367966832Z,16.465059,129.049722,Cloud to Cloud,12555,3484,7
2026-08-31T03:24:37.842823806Z,16.503252,129.38536,Cloud to Cloud,-14503,7767,12
2026-08-31T03:24:37.845082680Z,16.488314,129.382225,Cloud to Cloud,-7865,11070,8
2026-08-31T03:24:37.842321402Z,16.486136,129.404633,Cloud to Ground,-5231,0,7
2026-08-31T03:24:38.928746327Z,19.601855,118.621252,Cloud to Cloud,-10065,12604,11
2026-08-31T03:24:38.897232711Z,19.566004,118.623382,Cloud to Cloud,6788,7122,7
2026-08-31T03:24:39.110054760Z,16.808806,112.627409,Cloud to Ground,-20222,0,10
2026-08-31T03:24:39.196086590Z,16.791855,112.67179,Cloud to Cloud,-7410,12008,6
2026-08-31T03:24:39.119291948Z,16.800138,112.566329,Cloud to Ground,15626,0,8
2026-08-31T03:24:39.108107177Z,16.818257,112.576645,Cloud to Ground,17509,0,8
2026-08-31T03:24:39.108917982Z,16.82471,112.584542,Cloud to Cloud,32008,3012,10
2026-08-31T03:24:45.295705666Z,15.103585,132.606416,Cloud to Ground,-24677,0,16
2026-08-31T03:24:45.438396928Z,15.126491,132.471592,Cloud to Ground,-20111,0,14
2026-08-31T03:24:45.413099884Z,16.012755,130.299339,Cloud to Ground,-18727,0,10
2026-08-31T03:24:45.431072382Z,16.038574,130.243257,Cloud to Ground,-14880,0,8
2026-08-31T03:24:45.450330208Z,16.09384,130.246875,Cloud to Cloud,-14513,13738,12
2026-08-31T03:24:45.409299536Z,15.989685,130.28554,Cloud to Ground,-11957,0,11
2026-08-31T03:24:45.416543629Z,16.006634,130.256363,Cloud to Cloud,-10695,14444,11
2026-08-31T03:24:45.852551000Z,16.0804,130.4584,Cloud to Ground,-11584,0,5
2026-08-31T03:24:45.086329000Z,19.1335,116.5558,Cloud to Ground,-6396,0,5
2026-08-31T03:24:45.063481864Z,19.105869,116.590184,Cloud to Ground,15764,0,8
2026-08-31T03:24:46.319523804Z,15.620588,131.286846,Cloud to Cloud,-14732,3032,8
2026-08-31T03:24:46.414594481Z,15.618524,131.326886,Cloud to Cloud,-10397,4722,13
2026-08-31T03:24:46.321001549Z,15.603935,131.233208,Cloud to Cloud,-9252,16647,7
2026-08-31T03:24:46.324308459Z,15.708422,131.312068,Cloud to Ground,-10436,0,12
2026-08-31T03:24:48.393504992Z,16.500655,129.239318,Cloud to Ground,-15547,0,12
2026-08-31T03:24:51.327392117Z,19.387391,120.780889,Cloud to Ground,-24098,0,13
2026-08-31T03:24:52.357317667Z,16.555438,129.053787,Cloud to Cloud,-9073,17485,13
2026-08-31T03:24:52.292840357Z,16.50405,129.027463,Cloud to Cloud,-6383,12530,6
2026-08-31T03:24:51.948789908Z,16.52772,128.999192,Cloud to Cloud,7096,6154,12
2026-08-31T03:24:51.913190016Z,16.512856,128.991861,Cloud to Cloud,14967,16422,11
2026-08-31T03:24:52.396377178Z,16.517503,128.994076,Cloud to Cloud,31322,13675,17
2026-08-31T03:24:53.531994152Z,19.400162,119.984144,Cloud to Cloud,9952,14781,14
2026-08-31T03:24:53.534802407Z,19.373434,119.980079,Cloud to Cloud,14482,18841,7
2026-08-31T03:24:56.809654615Z,16.784316,128.015209,Cloud to Cloud,-7286,18750,12
2026-08-31T03:24:57.634142865Z,17.521139,113.629757,Cloud to Cloud,-20132,3743,11
2026-08-31T03:24:57.657728250Z,17.507074,113.636107,Cloud to Cloud,-14075,3561,8
2026-08-31T03:24:57.637361639Z,17.486682,113.551826,Cloud to Cloud,7317,3128,6
2026-08-31T03:24:57.668511453Z,17.500151,113.544097,Cloud to Cloud,8503,4006,6
2026-08-31T03:24:57.633171391Z,17.504772,113.567003,Cloud to Cloud,9209,3166,8
2026-08-31T03:24:57.394468382Z,16.763108,128.147695,Cloud to Ground,-21781,0,14
2026-08-31T03:24:57.457882640Z,16.76191,128.140823,Cloud to Ground,-16576,0,8
2026-08-31T03:24:56.827493678Z,16.788174,128.141174,Cloud to Cloud,-8856,3015,7
2026-08-31T03:24:56.974204984Z,16.789323,128.16059,Cloud to Cloud,9155,8466,7
2026-08-31T03:24:58.261328903Z,16.805016,127.963717,Cloud to Cloud,-13527,18636,10
2026-08-31T03:24:59.692290732Z,19.344242,117.29945,Cloud to Ground,-37336,0,11
2026-08-31T03:25:01.879832602Z,16.666964,128.858692,Cloud to Cloud,-11514,3006,8
2026-08-31T03:25:01.859449514Z,16.460569,129.113163,Cloud to Ground,-9673,0,6
2026-08-31T03:25:01.863284060Z,16.484259,129.090162,Cloud to Cloud,-9192,6330,7
2026-08-31T03:25:01.938788198Z,16.455842,129.164701,Cloud to Cloud,-8801,19286,8
2026-08-31T03:25:01.908211406Z,16.463353,129.151965,Cloud to Cloud,5623,13274,8
2026-08-31T03:25:01.944188425Z,16.467497,129.14488,Cloud to Ground,19287,0,12
2026-08-31T03:25:04.142098043Z,14.187858,132.933439,Cloud to Cloud,-17914,4622,15
2026-08-31T03:25:04.134894038Z,14.186228,132.939004,Cloud to Ground,18130,0,14
2026-08-31T03:25:06.490307538Z,16.57226,129.025973,Cloud to Cloud,-9299,5727,9
2026-08-31T03:25:06.225924951Z,16.551746,129.037263,Cloud to Cloud,-7973,7238,7
2026-08-31T03:25:08.880327703Z,19.323891,117.310133,Cloud to Cloud,-9484,5354,7
2026-08-31T03:25:08.876367546Z,19.332415,117.317347,Cloud to Cloud,8922,17016,5
2026-08-31T03:25:08.857366151Z,19.330136,117.299201,Cloud to Ground,22114,0,8
2026-08-31T03:25:08.966985644Z,19.327971,117.299765,Cloud to Ground,29974,0,14
2026-08-31T03:25:10.215393891Z,15.174975,132.284409,Cloud to Cloud,-9857,3032,15
2026-08-31T03:25:10.995705646Z,16.424136,129.28133,Cloud to Cloud,-11532,8954,11
2026-08-31T03:25:10.980298217Z,16.485563,129.276578,Cloud to Cloud,-11484,3001,9
2026-08-31T03:25:10.975038387Z,16.424836,129.244245,Cloud to Cloud,18185,18400,7
2026-08-31T03:25:10.438219925Z,16.340267,129.130344,Cloud to Cloud,-8476,16838,8
2026-08-31T03:25:11.993832855Z,15.606029,131.343874,Cloud to Ground,-8853,0,8
2026-08-31T03:25:12.041442761Z,15.602763,131.357829,Cloud to Cloud,6828,3085,9
2026-08-31T03:25:11.909714169Z,15.62766,131.338678,Cloud to Cloud,16818,6246,15
2026-08-31T03:25:11.458758158Z,16.747439,128.442096,Cloud to Ground,-53140,0,15
2026-08-31T03:25:11.503969401Z,16.788702,128.315437,Cloud to Ground,-23426,0,21
2026-08-31T03:25:11.487677404Z,16.767829,128.423054,Cloud to Ground,-14128,0,9
2026-08-31T03:25:11.658187000Z,16.8027,128.3382,Cloud to Ground,14169,0,5
2026-08-31T03:25:11.551857977Z,18.783099,115.479087,Cloud to Cloud,7674,3091,6
2026-08-31T03:25:13.990664092Z,15.415283,132.774662,Cloud to Ground,-73041,0,14
2026-08-31T03:25:13.998201115Z,15.487401,132.732641,Cloud to Ground,9575,0,7
2026-08-31T03:25:13.989318189Z,15.400301,132.766414,Cloud to Ground,52964,0,18
2026-08-31T03:25:19.759147713Z,16.621955,128.938015,Cloud to Cloud,-9471,4588,7
2026-08-31T03:25:21.101935647Z,16.597928,129.254712,Cloud to Cloud,-9816,4645,7
2026-08-31T03:25:21.104632467Z,16.58746,129.27726,Cloud to Ground,15079,0,14
2026-08-31T03:25:21.103441529Z,16.584261,129.290739,Cloud to Cloud,19749,7218,11
2026-08-31T03:25:22.097010966Z,16.35054,129.061881,Cloud to Cloud,-18865,6767,9
2026-08-31T03:25:22.149422553Z,16.414382,129.047192,Cloud to Cloud,19757,3846,7
2026-08-31T03:25:23.713390311Z,13.922198,133.943702,Cloud to Cloud,-19279,3910,13
2026-08-31T03:25:23.714130220Z,13.925366,133.942185,Cloud to Ground,10879,0,11
2026-08-31T03:25:23.938561541Z,13.961603,133.899917,Cloud to Ground,28555,0,15
2026-08-31T03:25:23.955499917Z,17.932782,112.831029,Cloud to Cloud,9621,6825,7
2026-08-31T03:25:23.908203067Z,18.038047,112.909838,Cloud to Cloud,-5792,16154,7
2026-08-31T03:25:23.544161849Z,18.048762,113.016389,Cloud to Cloud,-9889,3324,8
2026-08-31T03:25:24.107176589Z,14.100007,133.877841,Cloud to Ground,-12149,0,16
2026-08-31T03:25:27.517003045Z,17.654851,113.769915,Cloud to Cloud,-14150,3003,11
2026-08-31T03:25:27.515631487Z,17.648197,113.764268,Cloud to Ground,15460,0,9
2026-08-31T03:25:27.514185296Z,17.644604,113.772177,Cloud to Ground,34541,0,8
2026-08-31T03:25:27.518838000Z,17.6839,113.6643,Cloud to Ground,-7702,0,5
2026-08-31T03:25:28.854462230Z,16.71873,128.430537,Cloud to Ground,31975,0,11
2026-08-31T03:25:28.868538810Z,16.712807,128.446095,Cloud to Cloud,42438,14931,11
2026-08-31T03:25:29.215060275Z,16.720661,128.334514,Cloud to Cloud,-8846,3529,7
2026-08-31T03:25:31.498508109Z,16.932507,112.943273,Cloud to Ground,-10140,0,9
2026-08-31T03:25:31.496504003Z,16.906092,112.879698,Cloud to Ground,13276,0,8
2026-08-31T03:25:30.841287080Z,17.019798,112.924561,Cloud to Ground,17320,0,11
2026-08-31T03:25:31.063098808Z,17.035387,113.042075,Cloud to Ground,-20356,0,16
2026-08-31T03:25:30.964482437Z,16.991301,113.032063,Cloud to Cloud,-13860,4965,12
2026-08-31T03:25:30.939083399Z,17.022132,113.019106,Cloud to Cloud,-8005,6080,9
2026-08-31T03:25:32.718106857Z,19.328144,120.428885,Cloud to Cloud,15375,6900,10
2026-08-31T03:25:33.390785070Z,19.646992,118.534711,Cloud to Cloud,-4760,17333,6
2026-08-31T03:25:33.286854462Z,19.630783,118.616384,Cloud to Cloud,4988,5608,6
2026-08-31T03:25:33.374835295Z,19.630575,118.620241,Cloud to Cloud,11654,11682,7
2026-08-31T03:25:33.317037225Z,19.711601,118.663997,Cloud to Cloud,18447,19674,10
2026-08-31T03:25:33.283598452Z,19.697065,118.643337,Cloud to Cloud,30433,19939,8
2026-08-31T03:25:34.122086766Z,19.721083,118.51557,Cloud to Ground,-5338,0,6
2026-08-31T03:25:37.531331130Z,19.128052,115.724364,Cloud to Cloud,-15173,3014,9
2026-08-31T03:25:37.545333381Z,19.096224,115.716525,Cloud to Cloud,-14619,3456,7
2026-08-31T03:25:37.521542414Z,19.139497,115.734113,Cloud to Cloud,-14047,3026,12
2026-08-31T03:25:37.874496129Z,19.161845,115.686964,Cloud to Ground,15832,0,9
2026-08-31T03:25:37.512906014Z,19.113215,115.713262,Cloud to Ground,50989,0,14
2026-08-31T03:25:37.513562260Z,19.131604,115.724365,Cloud to Ground,76832,0,8
2026-08-31T03:25:40.687585969Z,16.507912,128.957854,Cloud to Ground,-11828,0,12
2026-08-31T03:25:40.969285000Z,16.4935,129.0891,Cloud to Ground,11443,0,6
2026-08-31T03:25:40.747421373Z,16.502095,129.132553,Cloud to Ground,28042,0,11
2026-08-31T03:25:41.772629699Z,16.539117,129.031479,Cloud to Cloud,-9024,15022,12
2026-08-31T03:25:41.767672727Z,16.554218,128.883999,Cloud to Cloud,-7882,13818,14
2026-08-31T03:25:42.449681459Z,19.395692,120.793545,Cloud to Ground,-23754,0,11
2026-08-31T03:25:42.452389509Z,19.380311,120.801643,Cloud to Cloud,-7851,8293,10
2026-08-31T03:25:42.450988315Z,19.394656,120.788393,Cloud to Cloud,6379,3240,6
2026-08-31T03:25:42.454211514Z,19.400058,120.790734,Cloud to Cloud,6872,10232,6
2026-08-31T03:25:43.514602779Z,19.451805,117.429678,Cloud to Ground,15803,0,8
2026-08-31T03:25:46.387650133Z,17.502556,132.214615,Cloud to Ground,-12158,0,8
2026-08-31T03:25:46.394194896Z,17.48269,132.250612,Cloud to Ground,-9642,0,10
2026-08-31T03:25:46.405337234Z,17.459945,132.288001,Cloud to Cloud,-8169,6896,9
2026-08-31T03:25:46.404744264Z,17.440713,132.304747,Cloud to Cloud,8349,17578,9
2026-08-31T03:25:46.390639413Z,17.4861,132.241003,Cloud to Ground,14108,0,13
2026-08-31T03:25:46.475076299Z,16.752076,128.221943,Cloud to Ground,-13253,0,8
2026-08-31T03:25:46.430853874Z,16.708387,128.227173,Cloud to Cloud,12234,5818,8
2026-08-31T03:25:46.595677008Z,16.69757,128.247512,Cloud to Ground,18321,0,8
2026-08-31T03:25:46.425637661Z,16.821913,128.095757,Cloud to Ground,24844,0,20
2026-08-31T03:25:47.207404402Z,16.810534,127.997885,Cloud to Cloud,-8380,5865,14
2026-08-31T03:25:47.139052150Z,16.827493,128.03073,Cloud to Ground,-6380,0,8
2026-08-31T03:25:49.293596548Z,13.989651,133.534067,Cloud to Cloud,-10782,6754,12
2026-08-31T03:25:49.089593272Z,16.770291,128.046081,Cloud to Cloud,12777,17120,8
2026-08-31T03:26:00.119361253Z,13.315174,134.979761,Cloud to Cloud,-10291,3102,26
2026-08-31T03:26:02.443949289Z,17.112762,134.28739,Cloud to Ground,27491,0,16
2026-08-31T03:26:02.265886206Z,17.108321,134.305312,Cloud to Ground,77206,0,20
2026-08-31T03:26:04.669318069Z,15.616753,131.343486,Cloud to Cloud,-10683,5840,8
2026-08-31T03:26:04.668376212Z,15.624789,131.337856,Cloud to Cloud,7994,4731,8
2026-08-31T03:26:04.670152690Z,15.628403,131.34553,Cloud to Ground,23581,0,15
2026-08-31T03:26:04.510351065Z,16.564151,129.014722,Cloud to Ground,-33851,0,16
2026-08-31T03:26:04.763644436Z,16.581735,129.055207,Cloud to Ground,11900,0,9
2026-08-31T03:26:05.218419796Z,16.449758,129.189671,Cloud to Cloud,-12071,8237,9
2026-08-31T03:26:09.928863381Z,16.546834,128.864854,Cloud to Cloud,-13999,3602,10
2026-08-31T03:26:10.267258671Z,16.502266,128.890896,Cloud to Cloud,-9921,13111,10
2026-08-31T03:26:09.869254868Z,16.559924,128.886003,Cloud to Ground,13623,0,16
2026-08-31T03:26:10.174430710Z,16.919196,127.834563,Cloud to Ground,-24559,0,9
2026-08-31T03:26:10.200310983Z,16.921693,127.826739,Cloud to Ground,-21111,0,10
2026-08-31T03:26:09.795577845Z,16.883218,127.890012,Cloud to Cloud,6396,3448,7
2026-08-31T03:26:09.776409532Z,16.886553,127.868648,Cloud to Ground,16770,0,12
2026-08-31T03:26:10.122805058Z,16.527513,128.982721,Cloud to Ground,-11513,0,11
2026-08-31T03:26:10.123688965Z,16.474029,129.014624,Cloud to Ground,-11154,0,10
2026-08-31T03:26:09.877199419Z,16.520935,128.988831,Cloud to Ground,-10580,0,7
2026-08-31T03:26:10.124126902Z,16.470642,129.010955,Cloud to Cloud,15990,3164,10
2026-08-31T03:26:11.649625297Z,16.694276,128.490354,Cloud to Cloud,13959,17032,13
2026-08-31T03:26:11.662575038Z,16.775515,128.342445,Cloud to Cloud,-8952,15217,10
2026-08-31T03:26:12.000545489Z,16.817362,128.418476,Cloud to Cloud,6962,3368,9
2026-08-31T03:26:14.350394152Z,19.392346,117.384754,Cloud to Cloud,-17650,3002,10
2026-08-31T03:26:14.358917202Z,19.380746,117.367324,Cloud to Cloud,5276,6433,7
2026-08-31T03:26:14.738534102Z,19.39319,117.355035,Cloud to Cloud,11455,7625,7
2026-08-31T03:26:15.009369078Z,18.652539,115.331571,Cloud to Cloud,6974,3090,8
2026-08-31T03:26:15.008565546Z,18.66699,115.33087,Cloud to Ground,23267,0,9
2026-08-31T03:26:17.050122767Z,16.773499,128.083171,Cloud to Ground,-8270,0,7
2026-08-31T03:26:17.051011489Z,16.797966,128.075312,Cloud to Cloud,13052,12922,13
2026-08-31T03:26:18.878766006Z,16.423075,129.343189,Cloud to Cloud,-7314,9351,9
2026-08-31T03:26:18.874343299Z,16.516614,129.204644,Cloud to Cloud,-9032,6792,11
2026-08-31T03:26:19.305996441Z,14.136075,133.267327,Cloud to Cloud,-27475,17604,17
2026-08-31T03:26:19.309338802Z,14.175576,133.285126,Cloud to Ground,-12848,0,9
2026-08-31T03:26:19.410663723Z,14.220184,133.360847,Cloud to Cloud,-12033,7988,13
2026-08-31T03:26:19.305088192Z,14.171231,133.276932,Cloud to Ground,14658,0,13
2026-08-31T03:26:22.740062391Z,16.006605,130.30084,Cloud to Cloud,-12554,3100,12
2026-08-31T03:26:22.749024346Z,16.032941,130.293776,Cloud to Cloud,-8563,3033,11
2026-08-31T03:26:23.008778973Z,16.054612,130.315906,Cloud to Cloud,-8483,11509,8
2026-08-31T03:26:22.738409834Z,16.026599,130.287383,Cloud to Ground,29796,0,8
2026-08-31T03:26:24.828857966Z,18.852031,115.436959,Cloud to Cloud,11690,4425,8
2026-08-31T03:26:27.258133392Z,16.501173,129.025131,Cloud to Ground,-23607,0,20
2026-08-31T03:26:32.997536789Z,18.211505,130.881376,Cloud to Ground,-9300,0,5
2026-08-31T03:26:33.011498550Z,18.281692,130.880959,Cloud to Cloud,5598,4471,7
2026-08-31T03:26:32.999889017Z,18.222,130.87233,Cloud to Ground,24101,0,13
2026-08-31T03:26:32.446662308Z,16.51409,129.010728,Cloud to Ground,14812,0,10
2026-08-31T03:26:32.845427993Z,16.631939,112.29236,Cloud to Ground,-44333,0,12
2026-08-31T03:26:32.830576842Z,16.645346,112.205726,Cloud to Ground,-22595,0,13
2026-08-31T03:26:32.865227019Z,16.645438,112.192152,Cloud to Ground,-12981,0,10
2026-08-31T03:26:33.002970708Z,18.181949,130.729043,Cloud to Cloud,-8297,3167,8
2026-08-31T03:26:33.275461513Z,16.799699,128.018731,Cloud to Cloud,12702,13934,11
2026-08-31T03:26:33.353934554Z,10.531705,112.908162,Cloud to Ground,-8937,0,7
2026-08-31T03:26:33.357325163Z,10.512309,112.806257,Cloud to Ground,20762,0,11
2026-08-31T03:26:33.375725484Z,10.521957,112.884886,Cloud to Ground,23901,0,9
2026-08-31T03:26:34.632387611Z,19.311214,117.329041,Cloud to Cloud,7377,11994,6
2026-08-31T03:26:38.025358765Z,15.426152,132.779766,Cloud to Ground,-18563,0,16
2026-08-31T03:26:38.008195691Z,15.391542,132.788499,Cloud to Ground,28644,0,14
2026-08-31T03:26:46.141596168Z,16.496635,129.283424,Cloud to Cloud,-12543,3014,9
2026-08-31T03:26:46.119533913Z,16.494835,129.297294,Cloud to Ground,39617,0,15
2026-08-31T03:26:46.496880086Z,16.503014,129.027367,Cloud to Cloud,-7630,7808,8
2026-08-31T03:26:46.530595563Z,16.550909,128.958523,Cloud to Cloud,7864,4285,8
2026-08-31T03:26:46.488327064Z,16.480822,129.12262,Cloud to Cloud,11769,4635,9
2026-08-31T03:26:47.885727379Z,16.531875,129.033545,Cloud to Ground,-16503,0,13
2026-08-31T03:26:47.761367243Z,16.557025,128.948101,Cloud to Cloud,7659,11945,16
2026-08-31T03:26:47.568529055Z,19.331222,120.465334,Cloud to Ground,-31132,0,13
2026-08-31T03:26:48.484844343Z,16.523205,129.533396,Cloud to Cloud,-30246,6872,13
2026-08-31T03:26:48.757972594Z,16.518749,129.565296,Cloud to Cloud,-25185,8408,11
2026-08-31T03:26:48.488798236Z,16.515556,129.576875,Cloud to Cloud,-11127,3211,8
2026-08-31T03:26:48.486103069Z,16.524588,129.540473,Cloud to Cloud,-9141,3591,7
2026-08-31T03:26:49.083771284Z,16.495394,129.47779,Cloud to Ground,21726,0,14
2026-08-31T03:26:48.483892474Z,16.535744,129.568462,Cloud to Ground,50239,0,15
2026-08-31T03:26:48.785309383Z,19.587245,118.599682,Cloud to Cloud,12708,18689,11
2026-08-31T03:26:48.589115379Z,19.680909,118.661437,Cloud to Cloud,-7397,7667,6
2026-08-31T03:26:49.580533941Z,16.817347,128.016216,Cloud to Cloud,9231,17843,7
2026-08-31T03:26:55.580256703Z,19.389596,120.014112,Cloud to Cloud,9929,15307,13
2026-08-31T03:26:56.024397929Z,16.931528,113.007535,Cloud to Cloud,-12285,9583,9
2026-08-31T03:26:56.020990986Z,16.922148,113.003329,Cloud to Cloud,-8701,18198,10
2026-08-31T03:26:59.616174931Z,19.428852,117.381587,Cloud to Cloud,10170,15377,8
2026-08-31T03:27:03.817791606Z,16.492846,129.00005,Cloud to Ground,-11267,0,10
2026-08-31T03:27:03.528551888Z,16.480849,129.144666,Cloud to Ground,-38190,0,12
2026-08-31T03:27:03.789917143Z,16.482342,129.157057,Cloud to Ground,-9990,0,8
2026-08-31T03:27:03.683194542Z,16.47596,129.139507,Cloud to Cloud,6897,17998,6
2026-08-31T03:27:03.680491912Z,16.499472,129.173955,Cloud to Cloud,11662,3077,8
2026-08-31T03:27:03.628009853Z,16.498562,129.181106,Cloud to Ground,46842,0,10
2026-08-31T03:27:04.583369656Z,19.335255,117.275596,Cloud to Cloud,6022,3029,6
2026-08-31T03:27:05.236210398Z,16.769264,127.980768,Cloud to Cloud,9675,6450,7
2026-08-31T03:27:09.623321466Z,16.833274,128.118619,Cloud to Ground,-25806,0,23
2026-08-31T03:27:09.532046815Z,16.76011,128.204904,Cloud to Ground,-25206,0,12
2026-08-31T03:27:09.433548926Z,16.669716,128.237896,Cloud to Cloud,10264,3103,7
2026-08-31T03:27:09.304941945Z,16.726418,128.238472,Cloud to Ground,42488,0,12
2026-08-31T03:27:11.746599756Z,16.812849,128.084186,Cloud to Cloud,-4932,13549,6
2026-08-31T03:27:11.795841367Z,16.821065,128.048641,Cloud to Cloud,9147,8402,7
2026-08-31T03:27:11.720364400Z,16.727028,128.094557,Cloud to Cloud,11122,13300,8
2026-08-31T03:27:11.525619242Z,16.722237,128.097552,Cloud to Ground,16023,0,14
2026-08-31T03:27:12.434291000Z,18.8985,115.5506,Cloud to Ground,6928,0,7
2026-08-31T03:27:16.302623369Z,13.867555,133.557938,Cloud to Cloud,9346,3011,8
2026-08-31T03:27:16.429559297Z,16.469265,129.028641,Cloud to Ground,-45026,0,23
2026-08-31T03:27:16.681040758Z,16.504048,129.009501,Cloud to Ground,-21110,0,16
2026-08-31T03:27:16.512680985Z,16.531601,129.058013,Cloud to Cloud,-14281,18233,14
2026-08-31T03:27:16.824961310Z,16.521207,129.021986,Cloud to Ground,-13637,0,12
2026-08-31T03:27:16.842619547Z,16.492206,129.191458,Cloud to Cloud,9763,3192,8
2026-08-31T03:27:19.295655171Z,14.244477,132.942239,Cloud to Ground,-13140,0,17
2026-08-31T03:27:19.305420697Z,14.193035,132.966608,Cloud to Ground,-9881,0,7
2026-08-31T03:27:19.511988266Z,16.52694,128.996826,Cloud to Cloud,-8621,3863,10
2026-08-31T03:27:19.088831907Z,16.542847,129.020864,Cloud to Cloud,-6531,7908,6
2026-08-31T03:27:19.068546902Z,16.478357,129.053947,Cloud to Cloud,8587,3175,8
2026-08-31T03:27:21.762770323Z,15.609551,131.346848,Cloud to Ground,-17775,0,15
2026-08-31T03:27:21.763419028Z,15.661506,131.313993,Cloud to Cloud,-9091,3110,12
2026-08-31T03:27:21.760604328Z,15.5716,131.350452,Cloud to Ground,17152,0,13
2026-08-31T03:27:21.762192226Z,15.780989,131.254073,Cloud to Cloud,-13277,3779,9
2026-08-31T03:27:24.321382096Z,16.761649,128.466777,Cloud to Cloud,-13659,7124,10
2026-08-31T03:27:24.320292218Z,16.786491,128.45475,Cloud to Cloud,-11488,3000,11
2026-08-31T03:27:24.317995829Z,16.763099,128.449713,Cloud to Ground,-8839,0,8
2026-08-31T03:27:24.519076313Z,19.139076,116.585513,Cloud to Ground,35194,0,12
2026-08-31T03:27:26.583710990Z,19.576262,118.608975,Cloud to Cloud,3335,7499,5
2026-08-31T03:27:32.652536862Z,16.959227,113.077285,Cloud to Ground,-29385,0,13
2026-08-31T03:27:32.647639210Z,16.967433,113.070634,Cloud to Cloud,-6639,14771,7
2026-08-31T03:27:34.796980941Z,16.473959,129.183474,Cloud to Ground,-41126,0,15
2026-08-31T03:27:34.680040148Z,16.493935,129.050468,Cloud to Ground,-32258,0,28
2026-08-31T03:27:34.851660554Z,16.499643,129.054823,Cloud to Ground,-17444,0,23
2026-08-31T03:27:34.727842565Z,16.471672,129.023047,Cloud to Cloud,-14964,12061,12
2026-08-31T03:27:34.897708000Z,16.3955,129.0538,Cloud to Ground,32380,0,5
2026-08-31T03:27:34.054070319Z,16.826269,127.884613,Cloud to Ground,-24568,0,24
2026-08-31T03:27:33.853279595Z,16.885412,127.989771,Cloud to Ground,-24249,0,21
2026-08-31T03:27:34.002957668Z,16.870363,127.934248,Cloud to Ground,-16211,0,15
2026-08-31T03:27:33.970226000Z,16.827,127.9435,Cloud to Ground,-13805,0,6
2026-08-31T03:27:34.250689815Z,16.803038,127.826979,Cloud to Ground,-13594,0,13
2026-08-31T03:27:34.296483212Z,16.806539,128.038494,Cloud to Cloud,15754,3003,10
2026-08-31T03:27:33.945167000Z,16.8303,127.9402,Cloud to Ground,17873,0,7
2026-08-31T03:27:34.184278331Z,16.817856,128.031904,Cloud to Cloud,18709,5632,8
2026-08-31T03:27:38.440819511Z,16.892919,127.714334,Cloud to Ground,-43465,0,31
2026-08-31T03:27:38.609437525Z,16.893821,127.712444,Cloud to Ground,-28162,0,24
2026-08-31T03:27:38.985320823Z,16.898419,127.715705,Cloud to Ground,-17065,0,23
2026-08-31T03:27:38.537170660Z,16.961692,127.834532,Cloud to Ground,-16863,0,12
2026-08-31T03:27:39.046792537Z,16.963741,127.833922,Cloud to Cloud,-13779,5912,13
2026-08-31T03:27:38.824979371Z,16.917117,127.883274,Cloud to Cloud,11073,16156,7
2026-08-31T03:27:38.789401918Z,16.898072,127.883543,Cloud to Ground,29915,0,11
2026-08-31T03:27:41.518499157Z,16.823317,128.049308,Cloud to Cloud,-8471,8006,9
2026-08-31T03:27:41.515835179Z,16.768829,128.089063,Cloud to Cloud,11600,7564,8
2026-08-31T03:27:41.053362000Z,16.625,129.1528,Cloud to Ground,12326,0,5
2026-08-31T03:27:42.154136272Z,16.840054,127.858844,Cloud to Ground,-12462,0,10
2026-08-31T03:27:41.532762277Z,16.833096,127.885995,Cloud to Cloud,2401,5088,11
2026-08-31T03:27:43.778560534Z,16.768197,128.093399,Cloud to Cloud,-6048,14461,7
2026-08-31T03:27:43.767765450Z,16.790084,128.198388,Cloud to Cloud,-5977,3343,7
2026-08-31T03:27:43.509116420Z,19.438495,117.387393,Cloud to Ground,-15141,0,7
2026-08-31T03:27:49.240403127Z,15.626521,131.342775,Cloud to Cloud,-26659,5140,16
2026-08-31T03:27:49.578239463Z,16.559169,129.102656,Cloud to Cloud,-19657,3496,17
2026-08-31T03:27:49.601711672Z,16.504219,129.159422,Cloud to Cloud,10568,3008,6
2026-08-31T03:27:49.925290788Z,16.510826,129.009051,Cloud to Ground,-13955,0,22
2026-08-31T03:27:49.961403864Z,16.508147,128.999547,Cloud to Ground,-11758,0,20
2026-08-31T03:27:49.568604136Z,18.079497,113.034275,Cloud to Ground,-14238,0,8
2026-08-31T03:27:49.356693871Z,18.082676,112.995589,Cloud to Cloud,-13322,3026,7
2026-08-31T03:27:49.571906005Z,18.085736,113.029447,Cloud to Cloud,-12525,3743,8
2026-08-31T03:27:49.324409813Z,18.08797,113.014935,Cloud to Cloud,-10333,5439,9
2026-08-31T03:27:49.323419180Z,18.074485,112.931947,Cloud to Ground,17380,0,9
2026-08-31T03:27:49.322715686Z,18.079938,112.947289,Cloud to Ground,23431,0,9
2026-08-31T03:27:51.706653786Z,19.440298,117.454632,Cloud to Cloud,-8250,7671,6
2026-08-31T03:27:51.697582281Z,19.473099,117.535034,Cloud to Cloud,8779,19396,8
2026-08-31T03:27:52.020634449Z,16.830828,128.145644,Cloud to Cloud,8836,5704,7
2026-08-31T03:27:54.382425843Z,19.32359,117.281097,Cloud to Cloud,-17999,12621,8
2026-08-31T03:27:54.036985782Z,19.274036,117.259094,Cloud to Ground,-15382,0,16
2026-08-31T03:27:54.175208367Z,19.268998,117.256713,Cloud to Ground,-6667,0,6
2026-08-31T03:27:56.630076878Z,16.500034,129.020153,Cloud to Ground,-16190,0,21
2026-08-31T03:27:58.922450312Z,19.088914,115.735742,Cloud to Cloud,-10082,17575,7
2026-08-31T03:27:58.882261862Z,19.130271,115.727763,Cloud to Ground,11970,0,8
2026-08-31T03:27:58.874103246Z,19.141823,115.729639,Cloud to Ground,18125,0,10
2026-08-31T03:27:58.876361237Z,19.15515,115.733115,Cloud to Cloud,20392,12709,9
2026-08-31T03:27:58.877521000Z,19.1321,115.5412,Cloud to Ground,33285,0,5
2026-08-31T03:28:01.963714126Z,18.238224,130.905292,Cloud to Cloud,-8386,3185,7
2026-08-31T03:28:01.689132615Z,18.268116,130.91701,Cloud to Ground,-8005,0,8
2026-08-31T03:28:01.687482771Z,18.263892,130.936517,Cloud to Cloud,6889,6003,9
2026-08-31T03:28:02.430857227Z,18.222717,130.91244,Cloud to Cloud,7947,12321,7
2026-08-31T03:28:01.684950652Z,18.250983,130.814766,Cloud to Cloud,8994,3040,7
2026-08-31T03:28:01.686192925Z,18.26912,130.916058,Cloud to Ground,11232,0,11
2026-08-31T03:28:01.685686549Z,18.264741,130.916936,Cloud to Ground,18099,0,9
2026-08-31T03:28:03.265405745Z,16.844317,128.007744,Cloud to Ground,-13413,0,10
2026-08-31T03:28:03.213437261Z,16.812066,128.072029,Cloud to Cloud,6862,16196,12
2026-08-31T03:28:03.820226976Z,16.51547,129.451472,Cloud to Ground,31627,0,16
2026-08-31T03:28:03.977577863Z,16.426939,129.073757,Cloud to Ground,11937,0,7
2026-08-31T03:28:03.831039968Z,18.884674,115.594681,Cloud to Ground,-9166,0,7
2026-08-31T03:28:03.590160224Z,18.852762,115.504185,Cloud to Cloud,13605,3006,8
2026-08-31T03:28:04.362698837Z,16.578789,129.070725,Cloud to Cloud,-13363,3003,15
2026-08-31T03:28:04.332874785Z,16.557157,128.949234,Cloud to Cloud,-10144,13651,12
2026-08-31T03:28:04.122859641Z,16.519572,128.951694,Cloud to Ground,-6071,0,7
2026-08-31T03:28:04.346812871Z,16.593418,128.893232,Cloud to Cloud,6420,7748,7
2026-08-31T03:28:10.200596565Z,16.785786,128.093085,Cloud to Ground,-15453,0,7
2026-08-31T03:28:10.493518000Z,16.7934,128.1198,Cloud to Ground,-8490,0,5
2026-08-31T03:28:11.409933924Z,19.345525,120.457724,Cloud to Ground,-42893,0,16
2026-08-31T03:28:11.475747663Z,19.341819,120.453121,Cloud to Ground,-17049,0,9
2026-08-31T03:28:13.606219544Z,16.484566,129.130376,Cloud to Ground,-23850,0,16
2026-08-31T03:28:13.681344792Z,16.485583,129.131304,Cloud to Ground,-20086,0,12
2026-08-31T03:28:13.752136736Z,16.512776,128.982012,Cloud to Ground,-12713,0,14
2026-08-31T03:28:13.854262771Z,16.500028,128.975375,Cloud to Ground,-12471,0,17
2026-08-31T03:28:13.631988441Z,16.538143,129.066981,Cloud to Cloud,-11706,14842,11
2026-08-31T03:28:13.720329727Z,16.491411,128.986399,Cloud to Ground,-11325,0,14
2026-08-31T03:28:14.548945955Z,14.170966,132.993682,Cloud to Ground,16311,0,11
2026-08-31T03:28:17.203348746Z,19.656096,118.660792,Cloud to Cloud,7568,16419,7
2026-08-31T03:28:17.211947050Z,19.635893,118.616139,Cloud to Cloud,7819,3004,7
2026-08-31T03:28:19.195932314Z,16.487831,129.119608,Cloud to Ground,-10786,0,11
2026-08-31T03:28:18.986836317Z,16.502045,129.284498,Cloud to Cloud,-12961,15194,9
2026-08-31T03:28:19.212015716Z,16.574635,129.259539,Cloud to Ground,-7160,0,9
2026-08-31T03:28:19.282786676Z,16.399065,129.192891,Cloud to Ground,-15485,0,10
2026-08-31T03:28:19.278886162Z,16.403147,129.348446,Cloud to Ground,37267,0,10
2026-08-31T03:28:19.659471421Z,16.713286,128.008567,Cloud to Ground,28300,0,10
2026-08-31T03:28:19.846208307Z,16.817572,127.982081,Cloud to Cloud,-12358,3990,10
2026-08-31T03:28:20.537791325Z,16.027496,130.327863,Cloud to Ground,22338,0,18
2026-08-31T03:28:20.537126645Z,16.030301,130.313255,Cloud to Ground,56332,0,13
2026-08-31T03:28:21.356994602Z,17.964825,114.153751,Cloud to Cloud,-95696,3126,12
2026-08-31T03:28:21.347133280Z,17.972837,114.067466,Cloud to Cloud,-26373,7311,9
2026-08-31T03:28:24.825294584Z,15.165007,132.290419,Cloud to Cloud,-16721,3627,10
2026-08-31T03:28:24.825984930Z,15.180025,132.350282,Cloud to Cloud,-12249,3025,12
2026-08-31T03:28:24.829212381Z,15.126125,132.397621,Cloud to Ground,-10225,0,8
2026-08-31T03:28:24.769336994Z,16.47697,129.023749,Cloud to Ground,-10777,0,12
2026-08-31T03:28:24.770389916Z,16.449147,129.156397,Cloud to Ground,-7960,0,9
2026-08-31T03:28:24.566519263Z,16.50127,129.201651,Cloud to Ground,16593,0,11
2026-08-31T03:28:25.587035568Z,15.59953,131.355799,Cloud to Ground,-12068,0,10
2026-08-31T03:28:25.561580255Z,15.497221,131.40449,Cloud to Cloud,17225,3178,13
2026-08-31T03:28:30.619965678Z,16.54761,129.590435,Cloud to Cloud,8965,13468,10
2026-08-31T03:28:30.618451037Z,16.524426,129.580695,Cloud to Cloud,10138,6808,14
2026-08-31T03:28:31.317397602Z,16.791866,128.201211,Cloud to Cloud,-11212,3078,12
2026-08-31T03:28:31.517973521Z,16.788549,128.242751,Cloud to Cloud,-6215,3778,8
2026-08-31T03:28:31.544893612Z,16.777682,128.287863,Cloud to Cloud,12010,3049,11
2026-08-31T03:28:31.617263689Z,16.48964,129.036414,Cloud to Cloud,-9709,10930,12
2026-08-31T03:28:31.403489062Z,16.504967,129.017291,Cloud to Cloud,9697,17791,9
2026-08-31T03:28:31.303575519Z,16.46833,129.024908,Cloud to Cloud,10982,15164,10
2026-08-31T03:28:31.250777578Z,16.428374,129.028146,Cloud to Cloud,11006,5495,7
2026-08-31T03:28:32.564744902Z,16.811514,128.050881,Cloud to Cloud,-13758,19781,13
2026-08-31T03:28:32.640097092Z,16.844229,128.072499,Cloud to Cloud,-13380,3002,7
2026-08-31T03:28:32.489613117Z,16.738967,128.086011,Cloud to Cloud,-6875,18636,6
2026-08-31T03:28:32.817686128Z,16.759965,127.98362,Cloud to Cloud,6957,3008,8
2026-08-31T03:28:32.449969604Z,16.870841,128.047277,Cloud to Ground,15591,0,10
2026-08-31T03:28:32.453786359Z,16.892488,128.029083,Cloud to Cloud,18826,17237,11
2026-08-31T03:28:32.465965333Z,16.899392,128.025264,Cloud to Ground,28677,0,22
2026-08-31T03:28:33.111376454Z,18.866613,115.602595,Cloud to Ground,-15423,0,11
2026-08-31T03:28:33.522513609Z,18.857471,115.64055,Cloud to Ground,-14893,0,7
2026-08-31T03:28:33.646765227Z,18.8532,115.642948,Cloud to Ground,-10836,0,8
2026-08-31T03:28:33.842014721Z,16.401819,128.997295,Cloud to Cloud,17214,3064,11
2026-08-31T03:28:33.391201067Z,19.429481,117.342341,Cloud to Cloud,8417,17426,5
2026-08-31T03:28:35.691657383Z,16.772443,128.450857,Cloud to Cloud,-10547,3021,7
2026-08-31T03:28:37.093258153Z,19.385253,120.009826,Cloud to Cloud,-29121,9758,11
2026-08-31T03:28:37.373757598Z,19.430246,120.079643,Cloud to Ground,-11040,0,16
2026-08-31T03:28:37.130628691Z,19.428376,120.067937,Cloud to Cloud,-10224,12874,7
2026-08-31T03:28:37.256861829Z,19.391905,120.016021,Cloud to Cloud,8863,3003,7
2026-08-31T03:28:37.091848497Z,19.392014,120.021411,Cloud to Cloud,9526,6592,6
2026-08-31T03:28:37.383719914Z,19.431086,120.069042,Cloud to Ground,63986,0,11
2026-08-31T03:28:37.106303332Z,16.461761,129.510987,Cloud to Cloud,-36374,3011,14
2026-08-31T03:28:37.477691927Z,16.490027,129.508562,Cloud to Cloud,-19045,16075,11
2026-08-31T03:28:37.118758553Z,16.49381,129.510491,Cloud to Cloud,-10823,3390,8
2026-08-31T03:28:37.104080787Z,16.472964,129.521886,Cloud to Ground,31815,0,12
2026-08-31T03:28:37.377286583Z,16.430637,111.951486,Cloud to Ground,-8733,0,6
2026-08-31T03:28:42.786980934Z,17.534748,132.223536,Cloud to Ground,-14397,0,10
2026-08-31T03:28:42.947037945Z,17.560471,132.218617,Cloud to Cloud,7325,14617,9
2026-08-31T03:28:45.473205619Z,18.650157,115.337963,Cloud to Cloud,-23514,5119,16
2026-08-31T03:28:45.532190149Z,18.619652,115.345173,Cloud to Ground,-6586,0,5
2026-08-31T03:28:45.466760911Z,18.658383,115.34012,Cloud to Cloud,5557,3648,8
2026-08-31T03:28:45.468186000Z,18.6725,115.2605,Cloud to Ground,18934,0,5
2026-08-31T03:28:46.680818694Z,15.379134,132.992403,Cloud to Cloud,-11235,8913,11
2026-08-31T03:28:46.508270063Z,15.402577,132.960613,Cloud to Ground,-8799,0,12
2026-08-31T03:28:46.507108079Z,15.356017,132.985671,Cloud to Cloud,-7596,4706,13
2026-08-31T03:28:46.507569473Z,15.333339,133.006292,Cloud to Ground,24423,0,13
2026-08-31T03:28:47.308337268Z,16.799128,128.058104,Cloud to Cloud,-11741,16629,15
2026-08-31T03:28:47.326745240Z,16.819194,127.904752,Cloud to Cloud,-16316,5816,15
2026-08-31T03:28:47.064049015Z,16.833181,127.936032,Cloud to Cloud,-8819,6179,12
2026-08-31T03:28:47.630997837Z,16.485313,129.023019,Cloud to Cloud,14405,12822,12
2026-08-31T03:28:47.633077349Z,16.458183,129.011485,Cloud to Ground,25640,0,11
2026-08-31T03:28:48.883974782Z,15.098623,132.520868,Cloud to Ground,-24069,0,29
2026-08-31T03:28:48.880056115Z,15.16895,132.617025,Cloud to Ground,-10816,0,12
2026-08-31T03:28:48.881593820Z,15.105628,132.65448,Cloud to Ground,25717,0,14
2026-08-31T03:28:48.038525748Z,16.461729,129.163296,Cloud to Cloud,-11349,3191,9
2026-08-31T03:28:50.091788774Z,4.458025,113.523037,Cloud to Ground,18161,0,13
2026-08-31T03:28:54.856266612Z,10.226461,112.605473,Cloud to Ground,-9635,0,6
2026-08-31T03:28:54.858953597Z,10.207692,112.518949,Cloud to Ground,21327,0,10
2026-08-31T03:28:54.953375509Z,10.277437,112.633287,Cloud to Ground,27099,0,8
2026-08-31T03:28:54.857390267Z,10.204516,112.561584,Cloud to Ground,38380,0,13
2026-08-31T03:28:54.746387284Z,16.589083,111.515321,Cloud to Cloud,-6960,13125,7
2026-08-31T03:28:54.742404949Z,16.589626,111.431195,Cloud to Cloud,11013,15380,9
2026-08-31T03:28:55.969950214Z,16.546646,129.042232,Cloud to Ground,10501,0,14
2026-08-31T03:29:01.957834585Z,14.245124,132.953627,Cloud to Ground,-13949,0,13
2026-08-31T03:29:01.528089281Z,16.494243,129.301032,Cloud to Cloud,13597,3007,7
2026-08-31T03:29:01.528840605Z,16.483944,129.301791,Cloud to Ground,17084,0,11
2026-08-31T03:29:01.564137000Z,16.5092,129.1905,Cloud to Ground,-640,0,5
2026-08-31T03:29:01.331394791Z,19.707345,117.765761,Cloud to Cloud,19571,14781,7
2026-08-31T03:29:01.320495977Z,19.708228,117.781579,Cloud to Ground,24315,0,11
2026-08-31T03:29:01.329674212Z,19.77847,117.792693,Cloud to Cloud,24563,3072,9
2026-08-31T03:29:02.477663588Z,16.783106,128.081377,Cloud to Ground,-13421,0,7
2026-08-31T03:29:02.209133314Z,16.799118,128.050696,Cloud to Ground,19067,0,10
2026-08-31T03:29:09.326084482Z,15.608325,131.364279,Cloud to Ground,-22123,0,15
2026-08-31T03:29:09.290498408Z,15.685814,131.334666,Cloud to Ground,-16071,0,16
2026-08-31T03:29:09.318563743Z,15.598604,131.376831,Cloud to Cloud,-8678,3271,8
2026-08-31T03:29:09.285172284Z,15.626737,131.224521,Cloud to Cloud,14877,7710,8
2026-08-31T03:29:09.038653407Z,16.863364,128.199537,Cloud to Cloud,-55048,3731,21
2026-08-31T03:29:09.057718436Z,16.778642,128.230124,Cloud to Cloud,-29576,10006,16
2026-08-31T03:29:09.282202892Z,16.767379,128.242719,Cloud to Ground,8755,0,7
2026-08-31T03:29:09.070233775Z,16.793152,128.239367,Cloud to Cloud,18217,5628,10
2026-08-31T03:29:09.654647034Z,16.476058,129.05608,Cloud to Ground,-16064,0,10
2026-08-31T03:29:09.798312379Z,16.556222,129.160304,Cloud to Ground,22925,0,15
2026-08-31T03:29:10.192878290Z,15.133136,132.274686,Cloud to Ground,-36642,0,28
2026-08-31T03:29:10.312571300Z,15.11496,132.239552,Cloud to Ground,-21133,0,18
2026-08-31T03:29:10.409698855Z,15.132891,132.264085,Cloud to Ground,-12287,0,19
2026-08-31T03:29:10.221283974Z,15.115264,132.391868,Cloud to Ground,-13273,0,10
2026-08-31T03:29:10.265691002Z,15.103617,132.39807,Cloud to Ground,35737,0,14
2026-08-31T03:29:10.232077071Z,15.102353,132.404236,Cloud to Ground,41186,0,12
2026-08-31T03:29:14.053450440Z,19.353707,120.466712,Cloud to Cloud,5631,3004,8
2026-08-31T03:29:16.554815493Z,18.485167,114.289338,Cloud to Ground,-18202,0,13
2026-08-31T03:29:16.586526784Z,18.460885,114.30747,Cloud to Ground,-10523,0,7
2026-08-31T03:29:16.596644369Z,18.475263,114.298798,Cloud to Cloud,-8597,3763,7
2026-08-31T03:29:16.828848152Z,18.471218,114.275031,Cloud to Ground,-6739,0,5
2026-08-31T03:29:18.103163186Z,19.361767,117.424176,Cloud to Cloud,-11790,3009,6
2026-08-31T03:29:17.943809149Z,19.292767,117.265152,Cloud to Cloud,-10796,15797,8
2026-08-31T03:29:17.652452000Z,19.3099,117.376,Cloud to Ground,15437,0,5
2026-08-31T03:29:17.644693995Z,19.314821,117.292135,Cloud to Ground,21209,0,9
2026-08-31T03:29:17.965579868Z,19.530079,118.647051,Cloud to Cloud,-14088,19559,14
2026-08-31T03:29:18.024805998Z,19.540464,118.649254,Cloud to Cloud,-11834,3031,11
2026-08-31T03:29:18.042711480Z,19.60253,118.655594,Cloud to Cloud,9742,3002,9
2026-08-31T03:29:23.855621344Z,16.692414,128.150223,Cloud to Cloud,10418,3001,8
2026-08-31T03:29:23.982523343Z,16.822326,128.141393,Cloud to Cloud,-5082,6092,6
2026-08-31T03:29:23.706728286Z,16.881375,128.012023,Cloud to Cloud,-10708,10864,10
2026-08-31T03:29:23.659150011Z,16.821344,127.981644,Cloud to Cloud,7376,3059,8
2026-08-31T03:29:30.461727457Z,16.500343,129.176834,Cloud to Ground,-24243,0,12
2026-08-31T03:29:30.464799786Z,16.442634,129.186182,Cloud to Ground,-7805,0,7
2026-08-31T03:29:31.293329675Z,4.439931,113.429883,Cloud to Ground,14522,0,14
2026-08-31T03:29:31.330001850Z,18.427154,115.379381,Cloud to Cloud,-8171,6088,9
2026-08-31T03:29:31.329362565Z,18.453461,115.374123,Cloud to Cloud,6844,3014,6
2026-08-31T03:29:32.943079356Z,16.479283,129.202921,Cloud to Cloud,18563,6780,9
2026-08-31T03:29:32.944572608Z,16.501964,129.321086,Cloud to Ground,25529,0,9
2026-08-31T03:29:33.498975111Z,16.517455,128.909301,Cloud to Cloud,10761,3020,13
2026-08-31T03:29:33.518546769Z,16.545564,129.046033,Cloud to Ground,-25857,0,13
2026-08-31T03:29:33.634059607Z,16.529963,129.035653,Cloud to Ground,-13978,0,7
2026-08-31T03:29:39.199595004Z,15.611015,131.372265,Cloud to Ground,-33708,0,14
2026-08-31T03:29:39.200351613Z,15.472764,131.412324,Cloud to Cloud,-23577,3054,9
2026-08-31T03:29:39.301806398Z,15.604412,131.347846,Cloud to Ground,13285,0,16
2026-08-31T03:29:39.360506317Z,15.662067,131.345299,Cloud to Ground,15742,0,10
2026-08-31T03:29:39.358696608Z,15.540619,131.401563,Cloud to Ground,19167,0,10
2026-08-31T03:29:39.227831102Z,15.602342,131.378927,Cloud to Ground,21299,0,17
2026-08-31T03:29:39.434803290Z,16.50128,128.986112,Cloud to Ground,-13812,0,12
2026-08-31T03:29:39.525128453Z,16.492782,129.184564,Cloud to Cloud,8852,9537,8
2026-08-31T03:29:40.294547000Z,16.9669,112.9865,Cloud to Ground,-66287,0,9
2026-08-31T03:29:40.276041346Z,16.935791,113.018736,Cloud to Ground,-15528,0,9
2026-08-31T03:29:40.331024029Z,16.955129,113.008453,Cloud to Ground,18948,0,7
2026-08-31T03:29:42.649389692Z,17.980985,114.158094,Cloud to Ground,-33992,0,16
2026-08-31T03:29:42.779242475Z,17.983024,114.161054,Cloud to Ground,-25524,0,12
2026-08-31T03:29:42.780058418Z,18.086896,114.093817,Cloud to Ground,-14470,0,7
2026-08-31T03:29:43.015208606Z,19.12075,116.609643,Cloud to Ground,29532,0,15
2026-08-31T03:29:43.016067239Z,19.206563,116.567774,Cloud to Ground,19484,0,17
2026-08-31T03:29:43.781428832Z,18.095976,113.052867,Cloud to Ground,-14498,0,7
2026-08-31T03:29:43.776538625Z,18.108722,113.023379,Cloud to Cloud,-13224,7768,9
2026-08-31T03:29:43.775679989Z,18.089838,112.960192,Cloud to Cloud,10821,6014,6
2026-08-31T03:29:44.125290033Z,17.530917,132.256873,Cloud to Ground,-18672,0,11
2026-08-31T03:29:44.125809298Z,17.534045,132.255661,Cloud to Ground,-17815,0,14
2026-08-31T03:29:44.196623612Z,17.558244,132.264727,Cloud to Ground,25146,0,12
2026-08-31T03:29:44.154525645Z,17.56395,132.264954,Cloud to Ground,64088,0,16
2026-08-31T03:29:44.086299312Z,18.910824,115.615207,Cloud to Ground,-14079,0,10
2026-08-31T03:29:44.682840000Z,19.7018,118.6829,Cloud to Ground,16919,0,6
2026-08-31T03:29:48.916796178Z,16.018502,130.335015,Cloud to Cloud,15030,6512,12
2026-08-31T03:29:48.937615931Z,15.927974,130.362967,Cloud to Cloud,33527,6520,8
2026-08-31T03:29:49.837631121Z,16.818473,128.026902,Cloud to Cloud,-9235,19008,9
2026-08-31T03:29:49.811119812Z,16.803169,128.044678,Cloud to Cloud,5860,5185,7
2026-08-31T03:29:49.827003164Z,16.807761,128.045344,Cloud to Ground,21756,0,13
2026-08-31T03:29:49.913560095Z,16.692091,128.098143,Cloud to Cloud,10555,10515,9
2026-08-31T03:29:52.126638835Z,15.48283,132.768085,Cloud to Ground,-32547,0,16
2026-08-31T03:29:52.127844276Z,15.414782,132.807571,Cloud to Ground,-23982,0,14
2026-08-31T03:29:52.125732701Z,15.438569,132.72193,Cloud to Ground,-12401,0,7
2026-08-31T03:29:52.129316290Z,15.406094,132.818126,Cloud to Ground,-9653,0,7
2026-08-31T03:29:53.107730867Z,16.425427,129.079389,Cloud to Ground,-12677,0,8
2026-08-31T03:29:53.107183618Z,16.475139,129.220706,Cloud to Ground,32913,0,13
2026-08-31T03:29:55.036787206Z,13.723294,134.210504,Cloud to Ground,-10134,0,11
2026-08-31T03:29:55.881867501Z,16.928484,127.798728,Cloud to Cloud,8326,7928,8
2026-08-31T03:29:55.882674148Z,16.826637,127.952508,Cloud to Cloud,10311,6187,9
2026-08-31T03:29:55.881335941Z,16.860529,127.941954,Cloud to Ground,26819,0,10
2026-08-31T03:29:55.924881000Z,16.8995,128.0804,Cloud to Ground,-12020,0,7
2026-08-31T03:29:56.076820693Z,19.395418,117.339913,Cloud to Cloud,-17075,7019,9
2026-08-31T03:29:56.344694668Z,19.401268,117.336634,Cloud to Ground,-16014,0,9
2026-08-31T03:29:57.696116162Z,16.417752,129.531284,Cloud to Cloud,-8914,18624,6
2026-08-31T03:29:57.664383091Z,16.391073,129.540638,Cloud to Cloud,9067,3035,8
2026-08-31T03:29:58.519733078Z,16.531512,129.557031,Cloud to Ground,-21636,0,13
2026-08-31T03:29:58.525613604Z,16.56304,129.51836,Cloud to Cloud,-6660,4914,9
2026-08-31T03:29:58.792251423Z,16.562548,129.548035,Cloud to Cloud,7883,3016,7
2026-08-31T03:29:58.520417630Z,16.531774,129.597309,Cloud to Cloud,8462,4605,12
2026-08-31T03:29:59.412563978Z,15.599209,131.366529,Cloud to Ground,16006,0,9
2026-08-31T03:29:59.262295753Z,19.243073,115.789358,Cloud to Cloud,-23194,7537,18
2026-08-31T03:29:58.798371095Z,19.179474,115.725328,Cloud to Cloud,-21497,4956,15
2026-08-31T03:29:58.674528429Z,19.140603,115.711105,Cloud to Cloud,13890,3077,9
2026-08-31T03:29:59.219889000Z,19.2014,115.7113,Cloud to Ground,22747,0,6
2026-08-31T03:29:59.264442000Z,19.2598,115.7283,Cloud to Ground,25875,0,6
2026-08-31T03:30:00.026075478Z,16.567104,128.926032,Cloud to Cloud,-12976,16182,10
2026-08-31T03:30:00.028575352Z,16.57978,129.087252,Cloud to Cloud,-9183,19913,7
2026-08-31T03:30:00.025186160Z,16.558969,129.099966,Cloud to Ground,15433,0,12
2026-08-31T03:30:00.624689470Z,19.308164,117.289913,Cloud to Ground,23476,0,8
2026-08-31T03:30:01.049089656Z,16.562016,111.106455,Cloud to Ground,-14318,0,10
2026-08-31T03:30:02.004988709Z,16.660276,112.290348,Cloud to Cloud,-8621,12889,9
2026-08-31T03:30:01.974492617Z,16.650343,112.272104,Cloud to Ground,-8274,0,7
2026-08-31T03:30:01.981976796Z,16.653059,112.216041,Cloud to Ground,13795,0,6
2026-08-31T03:30:01.976304761Z,16.669616,112.302923,Cloud to Ground,20363,0,9
2026-08-31T03:30:03.438569087Z,17.570132,132.204068,Cloud to Cloud,-9599,7784,11
2026-08-31T03:30:04.221003075Z,19.46135,117.450835,Cloud to Cloud,-8387,18841,6
2026-08-31T03:30:04.044203883Z,19.452715,117.406075,Cloud to Cloud,12426,3016,7
2026-08-31T03:30:04.067029323Z,19.452553,117.398386,Cloud to Ground,12829,0,9
2026-08-31T03:30:04.043178395Z,19.454302,117.405987,Cloud to Cloud,25178,16070,11
2026-08-31T03:30:05.282189676Z,16.479587,129.30351,Cloud to Cloud,-21791,16799,9
2026-08-31T03:30:14.557494500Z,16.479204,129.156211,Cloud to Cloud,20207,3007,10
2026-08-31T03:30:14.529508447Z,16.469738,129.161098,Cloud to Ground,23304,0,14
2026-08-31T03:30:14.517031797Z,16.456157,129.169692,Cloud to Ground,31108,0,11
2026-08-31T03:30:14.425159809Z,16.468447,129.058654,Cloud to Ground,-30721,0,8
2026-08-31T03:30:15.696790000Z,16.7758,128.0126,Cloud to Ground,12202,0,6
2026-08-31T03:30:15.680572503Z,16.8155,127.950792,Cloud to Cloud,12419,10281,8
2026-08-31T03:30:18.592438302Z,19.369838,120.481776,Cloud to Ground,-30007,0,14
2026-08-31T03:30:18.619238324Z,19.371649,120.484691,Cloud to Ground,-16995,0,12
2026-08-31T03:30:20.325362357Z,16.726112,128.252497,Cloud to Cloud,6229,12449,8
2026-08-31T03:30:19.904626228Z,16.78741,128.214809,Cloud to Ground,17163,0,10
2026-08-31T03:30:19.879641000Z,16.795,128.1878,Cloud to Ground,23847,0,6
2026-08-31T03:30:19.985631168Z,16.652516,128.316468,Cloud to Cloud,-10704,18941,11
2026-08-31T03:30:22.469060423Z,19.309908,117.29034,Cloud to Cloud,-8889,4897,7
2026-08-31T03:30:22.511917096Z,19.321954,117.307029,Cloud to Ground,13527,0,8
2026-08-31T03:30:24.542158339Z,16.802358,128.496291,Cloud to Cloud,-8279,7507,10
2026-08-31T03:30:24.196071429Z,16.812568,128.544087,Cloud to Cloud,-7867,3038,9
2026-08-31T03:30:24.198272017Z,16.811574,128.552726,Cloud to Cloud,-7086,6915,14
2026-08-31T03:30:24.351848725Z,16.787693,128.586126,Cloud to Cloud,-6424,3192,8
2026-08-31T03:30:24.194710325Z,16.718643,128.589755,Cloud to Ground,31227,0,10
2026-08-31T03:30:26.469858233Z,18.273613,130.912319,Cloud to Cloud,-27254,12628,11
2026-08-31T03:30:26.475818279Z,18.25977,130.935409,Cloud to Ground,-8905,0,12
2026-08-31T03:30:26.469038266Z,18.262794,130.951546,Cloud to Ground,124483,0,13
2026-08-31T03:30:27.570307415Z,18.846528,115.610687,Cloud to Ground,-7320,0,6
2026-08-31T03:30:30.016298086Z,16.003972,120.144281,Cloud to Cloud,7417,19657,8
2026-08-31T03:30:30.021467972Z,15.928452,120.208558,Cloud to Cloud,7971,18563,8
2026-08-31T03:30:31.952368675Z,16.47957,129.165454,Cloud to Ground,-17839,0,10
2026-08-31T03:30:32.389922280Z,16.481902,129.172518,Cloud to Ground,15110,0,9
2026-08-31T03:30:31.590262651Z,19.385897,117.316223,Cloud to Cloud,-8649,3641,8
2026-08-31T03:30:31.254949227Z,19.422816,117.360658,Cloud to Cloud,9737,19187,7
2026-08-31T03:30:31.286052337Z,19.357768,117.33531,Cloud to Ground,12823,0,7
2026-08-31T03:30:32.250125598Z,16.473721,129.003575,Cloud to Ground,-12306,0,21
2026-08-31T03:30:32.309295819Z,16.48403,128.972206,Cloud to Ground,-11135,0,10
2026-08-31T03:30:32.228408008Z,19.405699,120.056985,Cloud to Cloud,12184,14452,7
2026-08-31T03:30:32.528005346Z,19.42058,120.060541,Cloud to Cloud,15133,18627,5
2026-08-31T03:30:32.510197940Z,19.47118,120.07432,Cloud to Cloud,16072,10871,7
2026-08-31T03:30:32.519693471Z,19.405163,120.055753,Cloud to Cloud,17227,12971,7
2026-08-31T03:30:33.688181198Z,16.554795,129.058213,Cloud to Cloud,-10762,3011,7
2026-08-31T03:30:34.072551687Z,16.478912,129.072344,Cloud to Cloud,7097,7914,14
2026-08-31T03:30:33.663901693Z,16.452895,129.074217,Cloud to Cloud,7921,5884,8
2026-08-31T03:30:34.787382564Z,15.590242,131.358034,Cloud to Ground,-28604,0,10
2026-08-31T03:30:34.659724860Z,15.588781,131.403018,Cloud to Ground,45669,0,17
2026-08-31T03:30:34.100490666Z,16.526243,128.882323,Cloud to Cloud,-10342,4161,10
2026-08-31T03:30:35.128211202Z,15.102253,132.280986,Cloud to Cloud,7754,3208,14
2026-08-31T03:30:35.100435968Z,15.200508,132.388823,Cloud to Cloud,-37310,4454,15
2026-08-31T03:30:35.139916309Z,15.130651,132.436464,Cloud to Ground,-33132,0,24
2026-08-31T03:30:35.168956808Z,15.127452,132.438967,Cloud to Ground,-28175,0,26
2026-08-31T03:30:35.087879772Z,15.140501,132.428415,Cloud to Ground,-12965,0,7
2026-08-31T03:30:35.187448650Z,15.171232,132.410529,Cloud to Cloud,14146,3560,12
2026-08-31T03:30:35.404609502Z,15.147172,132.438989,Cloud to Ground,28027,0,14
2026-08-31T03:30:38.937152561Z,16.484427,129.307932,Cloud to Cloud,-6565,3099,11
2026-08-31T03:30:38.533528468Z,16.487571,129.310095,Cloud to Ground,36021,0,21
2026-08-31T03:30:43.345386633Z,19.429143,120.855557,Cloud to Cloud,11609,4726,7
2026-08-31T03:30:47.248089453Z,13.931616,133.544243,Cloud to Cloud,-13024,3385,10
2026-08-31T03:30:47.793400944Z,17.650113,113.806473,Cloud to Ground,-14866,0,8
2026-08-31T03:30:47.792333372Z,17.647888,113.812278,Cloud to Cloud,-14702,9950,7
2026-08-31T03:30:47.796067464Z,17.650042,113.806628,Cloud to Cloud,-11114,5227,8
2026-08-31T03:30:47.792873757Z,17.633937,113.799189,Cloud to Ground,14130,0,8
2026-08-31T03:30:48.735363335Z,16.450963,129.099748,Cloud to Cloud,9323,8543,9
2026-08-31T03:30:49.621479332Z,15.139083,132.65195,Cloud to Ground,-11587,0,12
2026-08-31T03:30:49.014967759Z,16.403857,129.184655,Cloud to Cloud,-9122,11368,10
2026-08-31T03:30:49.505716140Z,17.993646,114.171821,Cloud to Ground,-33753,0,11
2026-08-31T03:30:49.556621264Z,17.993416,114.170483,Cloud to Cloud,-26393,6423,14
2026-08-31T03:30:49.603228510Z,18.000174,114.164889,Cloud to Ground,-13359,0,7
2026-08-31T03:30:49.755425040Z,17.991233,114.188908,Cloud to Ground,14852,0,8
2026-08-31T03:30:49.602461735Z,18.005038,114.173797,Cloud to Cloud,18003,18613,12
2026-08-31T03:30:55.706939767Z,19.365035,117.337516,Cloud to Cloud,-23068,17310,9
2026-08-31T03:30:55.576812008Z,19.43356,117.366651,Cloud to Cloud,8771,12970,7
2026-08-31T03:30:55.719471090Z,19.366863,117.338901,Cloud to Cloud,10843,3017,7
2026-08-31T03:30:55.885573889Z,19.402628,117.341927,Cloud to Cloud,11679,3002,9
2026-08-31T03:30:56.402545237Z,15.71252,131.709623,Cloud to Ground,-14307,0,10
2026-08-31T03:30:56.404522980Z,15.72771,131.719875,Cloud to Ground,27967,0,13
2026-08-31T03:30:59.216735079Z,4.434378,113.480715,Cloud to Cloud,12687,15132,6
2026-08-31T03:31:03.440957797Z,16.502508,129.024858,Cloud to Ground,-11002,0,21
2026-08-31T03:31:05.941730447Z,16.851045,127.901665,Cloud to Ground,-16407,0,10
2026-08-31T03:31:06.018157325Z,16.834725,127.927665,Cloud to Ground,-14206,0,12
2026-08-31T03:31:06.459021109Z,16.795887,127.993134,Cloud to Cloud,-6593,3011,8
2026-08-31T03:31:05.595713247Z,16.826908,128.066671,Cloud to Ground,-23967,0,12
2026-08-31T03:31:05.572828061Z,16.836685,128.099245,Cloud to Cloud,-19902,7082,10
2026-08-31T03:31:05.715897752Z,16.834584,128.089904,Cloud to Ground,-16975,0,12
2026-08-31T03:31:05.650203000Z,16.8713,128.0807,Cloud to Ground,17731,0,8
2026-08-31T03:31:05.941278276Z,16.892433,128.12199,Cloud to Ground,24770,0,12
2026-08-31T03:31:05.189082142Z,16.82192,128.35479,Cloud to Cloud,12543,17332,6
2026-08-31T03:31:07.039365162Z,16.562406,129.055379,Cloud to Ground,-41464,0,14
2026-08-31T03:31:07.179074704Z,16.561221,129.075441,Cloud to Ground,-15613,0,16
2026-08-31T03:31:07.159817556Z,16.623713,129.07996,Cloud to Cloud,11180,16054,7
2026-08-31T03:31:07.126149868Z,16.567518,128.924976,Cloud to Ground,-23207,0,28
2026-08-31T03:31:07.440233199Z,16.596275,128.956521,Cloud to Ground,-16063,0,24
2026-08-31T03:31:07.202993389Z,16.584729,128.925941,Cloud to Ground,-11514,0,10
2026-08-31T03:31:09.871053120Z,17.549527,132.276602,Cloud to Ground,13016,0,14
2026-08-31T03:31:09.869598103Z,17.536937,132.25772,Cloud to Ground,23887,0,11
2026-08-31T03:31:09.914985558Z,17.539098,132.284269,Cloud to Ground,28196,0,18
2026-08-31T03:31:09.821758015Z,17.545468,132.280816,Cloud to Ground,82920,0,21
2026-08-31T03:31:09.877847027Z,14.209826,133.29944,Cloud to Ground,-21891,0,8
2026-08-31T03:31:10.332019343Z,14.254512,133.235865,Cloud to Ground,-11752,0,7
2026-08-31T03:31:09.690197050Z,14.246034,133.368879,Cloud to Cloud,-10817,3057,12
2026-08-31T03:31:09.671573000Z,14.2797,133.2794,Cloud to Ground,41999,0,5
2026-08-31T03:31:09.679088040Z,14.274958,133.083579,Cloud to Ground,-21821,0,10
2026-08-31T03:31:10.909286963Z,16.69139,128.489264,Cloud to Ground,-23132,0,10
2026-08-31T03:31:10.906547732Z,16.68938,128.463427,Cloud to Ground,-18912,0,14
2026-08-31T03:31:10.908402477Z,16.69572,128.377531,Cloud to Cloud,-5769,13458,7
2026-08-31T03:31:10.912909437Z,16.694323,128.503857,Cloud to Cloud,10265,3487,8
2026-08-31T03:31:13.782571225Z,10.212301,112.532103,Cloud to Cloud,7458,7904,7
2026-08-31T03:31:13.779804905Z,10.147731,112.47875,Cloud to Ground,11353,0,8
2026-08-31T03:31:13.980570000Z,10.3031,112.5742,Cloud to Ground,23987,0,5
2026-08-31T03:31:13.780724089Z,10.220676,112.580652,Cloud to Ground,33848,0,7
2026-08-31T03:31:14.767062251Z,16.40134,129.340877,Cloud to Cloud,-11342,4279,8
2026-08-31T03:31:14.750643000Z,16.4947,129.3147,Cloud to Ground,-12039,0,5
2026-08-31T03:31:15.434299801Z,19.551664,118.684009,Cloud to Ground,-16509,0,17
2026-08-31T03:31:15.567646653Z,19.553003,118.656925,Cloud to Cloud,-12731,6836,10
2026-08-31T03:31:15.720855648Z,19.559254,118.682637,Cloud to Cloud,-11774,3010,12
2026-08-31T03:31:15.580020882Z,19.553309,118.66022,Cloud to Cloud,-11699,5184,9
2026-08-31T03:31:15.551405147Z,19.570843,118.688331,Cloud to Cloud,-7517,3013,7
2026-08-31T03:31:15.408785000Z,19.5336,118.7099,Cloud to Ground,-6322,0,6
2026-08-31T03:31:15.484699609Z,19.619472,118.682569,Cloud to Cloud,6563,3000,7
2026-08-31T03:31:15.320178971Z,19.546253,118.659474,Cloud to Cloud,6566,3027,7
2026-08-31T03:31:19.736237658Z,14.201824,132.873566,Cloud to Ground,-17447,0,26
2026-08-31T03:31:19.734740318Z,14.189677,132.964958,Cloud to Cloud,-12272,3025,12
2026-08-31T03:31:20.995056207Z,19.340671,117.412907,Cloud to Ground,-17200,0,11
2026-08-31T03:31:21.009380930Z,19.324587,117.299296,Cloud to Cloud,-7789,14192,6
2026-08-31T03:31:20.997370041Z,19.341729,117.312211,Cloud to Cloud,12286,17270,5
2026-08-31T03:31:20.215299370Z,18.669017,115.33478,Cloud to Cloud,-78901,3059,14
2026-08-31T03:31:20.243270695Z,18.666931,115.254267,Cloud to Ground,-21184,0,10
2026-08-31T03:31:20.283904564Z,18.650461,115.342403,Cloud to Cloud,22529,3328,12
2026-08-31T03:31:20.308981000Z,18.6836,115.3426,Cloud to Ground,28135,0,5
2026-08-31T03:31:22.033291823Z,16.432418,129.55599,Cloud to Ground,-9340,0,7
2026-08-31T03:31:21.816945515Z,16.468333,129.530647,Cloud to Ground,17998,0,13
2026-08-31T03:31:21.819520333Z,16.467093,129.540912,Cloud to Cloud,19403,6796,12
2026-08-31T03:31:24.538605315Z,15.146244,132.418491,Cloud to Ground,12646,0,10
2026-08-31T03:31:24.661170703Z,15.103128,132.44936,Cloud to Ground,25580,0,13
2026-08-31T03:31:24.573065000Z,15.1405,132.3938,Cloud to Ground,35889,0,8
2026-08-31T03:31:24.537550013Z,15.118878,132.461571,Cloud to Ground,37588,0,16
2026-08-31T03:31:24.674498643Z,16.470934,129.053349,Cloud to Ground,-24480,0,11
2026-08-31T03:31:24.700885857Z,16.587475,129.020901,Cloud to Ground,-12457,0,11
2026-08-31T03:31:24.008537466Z,10.530156,112.94886,Cloud to Cloud,-125410,4679,9
2026-08-31T03:31:24.060541182Z,10.545175,112.955036,Cloud to Cloud,-40832,3031,12
2026-08-31T03:31:24.170880607Z,10.560397,112.952964,Cloud to Ground,87221,0,15
2026-08-31T03:31:26.342501091Z,16.849205,127.966069,Cloud to Cloud,-13145,7782,9
2026-08-31T03:31:26.036337949Z,16.876921,127.9194,Cloud to Cloud,12264,3027,9
2026-08-31T03:31:26.036928752Z,16.881338,127.933373,Cloud to Ground,31802,0,12
2026-08-31T03:31:28.492148367Z,16.494515,129.138098,Cloud to Ground,-8801,0,8
2026-08-31T03:31:30.559534240Z,16.969976,113.035326,Cloud to Ground,-18790,0,11
2026-08-31T03:31:30.663247139Z,16.974377,113.02554,Cloud to Ground,-12092,0,11
2026-08-31T03:31:30.553472492Z,16.964154,113.028705,Cloud to Cloud,-8932,7693,7
2026-08-31T03:31:30.505158325Z,16.937584,113.062018,Cloud to Cloud,-8189,7280,7
2026-08-31T03:31:30.958870141Z,17.039974,113.031385,Cloud to Ground,-5839,0,6
2026-08-31T03:31:30.465030200Z,16.953011,112.965873,Cloud to Cloud,5426,7699,6
2026-08-31T03:31:31.206530427Z,16.696994,128.289852,Cloud to Cloud,23284,5345,12
2026-08-31T03:31:31.208934839Z,16.782717,128.258128,Cloud to Cloud,6447,3146,7
2026-08-31T03:31:33.679797933Z,19.67439,118.701247,Cloud to Cloud,7151,6607,7
2026-08-31T03:31:33.766764496Z,19.627261,118.705224,Cloud to Cloud,8320,3052,6
2026-08-31T03:31:33.718694522Z,19.65785,118.643468,Cloud to Cloud,13607,7654,7
2026-08-31T03:31:33.678463000Z,19.6623,118.7275,Cloud to Ground,15202,0,6
2026-08-31T03:31:35.328455986Z,15.625461,131.401964,Cloud to Ground,-12624,0,9
2026-08-31T03:31:35.778504570Z,15.620653,131.4162,Cloud to Ground,-8954,0,8
2026-08-31T03:31:35.259891203Z,15.608172,131.413532,Cloud to Ground,27570,0,13
2026-08-31T03:31:35.792017875Z,15.717374,131.316249,Cloud to Cloud,-9672,5766,6
2026-08-31T03:31:36.286626172Z,15.883441,131.280024,Cloud to Cloud,-8123,4323,9
2026-08-31T03:31:37.715215302Z,14.010986,133.943709,Cloud to Ground,-69702,0,26
2026-08-31T03:31:37.734095238Z,13.916518,133.992013,Cloud to Ground,-43503,0,15
2026-08-31T03:31:37.674223420Z,14.017216,133.894804,Cloud to Ground,-25354,0,19
2026-08-31T03:31:37.672173696Z,13.962029,133.958851,Cloud to Ground,-19555,0,11
2026-08-31T03:31:37.673473534Z,14.026426,133.900494,Cloud to Cloud,-10805,3343,10
2026-08-31T03:31:38.462397825Z,18.044512,112.951708,Cloud to Ground,12420,0,10
2026-08-31T03:31:38.469055508Z,18.033002,112.866407,Cloud to Ground,17390,0,11
2026-08-31T03:31:39.051585035Z,16.884983,128.030736,Cloud to Cloud,-9002,3538,12
2026-08-31T03:31:39.166062493Z,16.78702,128.03769,Cloud to Ground,-7375,0,8
2026-08-31T03:31:39.171173327Z,16.818018,128.110949,Cloud to Cloud,9337,3010,14
2026-08-31T03:31:39.090039862Z,16.837064,128.066042,Cloud to Cloud,9472,6317,7
2026-08-31T03:31:39.241188267Z,16.815087,128.052575,Cloud to Ground,14891,0,10
2026-08-31T03:31:39.180899388Z,16.817957,128.058914,Cloud to Ground,15363,0,10
2026-08-31T03:31:39.009850993Z,16.825115,128.06202,Cloud to Ground,16186,0,13
2026-08-31T03:31:39.033441713Z,16.826736,128.077257,Cloud to Cloud,29869,7755,13
2026-08-31T03:31:40.225547604Z,19.438029,120.885197,Cloud to Cloud,6557,3027,10
2026-08-31T03:31:41.809570235Z,4.404595,113.454666,Cloud to Ground,20789,0,6
2026-08-31T03:31:41.626857392Z,19.186428,117.187722,Cloud to Ground,-16375,0,7
2026-08-31T03:31:41.623192230Z,19.237825,117.213393,Cloud to Ground,20543,0,8
2026-08-31T03:31:42.190025898Z,16.496626,128.98791,Cloud to Ground,-18907,0,12
2026-08-31T03:31:51.483190819Z,16.871815,127.966937,Cloud to Ground,-16183,0,12
2026-08-31T03:31:52.736688219Z,16.782965,128.595711,Cloud to Ground,32900,0,10
2026-08-31T03:31:52.139691791Z,19.367868,117.342173,Cloud to Ground,11259,0,7
2026-08-31T03:31:52.151655636Z,19.448556,117.365913,Cloud to Cloud,16263,4932,8
2026-08-31T03:31:53.156004963Z,16.483924,129.195256,Cloud to Ground,-25733,0,12
2026-08-31T03:31:53.197008998Z,16.547444,129.172967,Cloud to Ground,-15727,0,15
2026-08-31T03:31:53.578713740Z,16.498998,129.231436,Cloud to Cloud,6393,15748,7
2026-08-31T03:31:53.370923239Z,16.437149,129.247943,Cloud to Ground,11539,0,7
2026-08-31T03:31:53.345008000Z,16.494668,129.241494,Cloud to Ground,22262,0,12
2026-08-31T03:31:53.235341218Z,16.461205,129.277995,Cloud to Ground,28984,0,7
2026-08-31T03:31:53.089667146Z,16.437528,129.254527,Cloud to Ground,30827,0,12
2026-08-31T03:31:53.472773201Z,16.473951,129.24269,Cloud to Ground,35173,0,18
2026-08-31T03:31:53.299924828Z,16.486689,129.066344,Cloud to Ground,-21009,0,22
2026-08-31T03:31:53.121328154Z,16.503165,129.053424,Cloud to Ground,-14773,0,11
2026-08-31T03:31:54.334988368Z,16.522089,129.329631,Cloud to Cloud,18533,5804,10
2026-08-31T03:31:54.387542947Z,16.495991,129.14573,Cloud to Ground,-15315,0,22
2026-08-31T03:31:58.552303572Z,16.79683,128.242908,Cloud to Ground,-14591,0,10
2026-08-31T03:31:58.646603156Z,16.84481,128.248312,Cloud to Cloud,17069,3405,11
2026-08-31T03:31:58.613033470Z,16.806594,128.247355,Cloud to Cloud,25990,4095,14
2026-08-31T03:31:59.185936400Z,16.828614,128.028821,Cloud to Ground,-11916,0,17
2026-08-31T03:32:00.245846796Z,16.527106,129.04728,Cloud to Cloud,-9897,19908,7
2026-08-31T03:32:00.125880208Z,16.473317,129.037892,Cloud to Cloud,6235,14580,5
2026-08-31T03:32:00.062555986Z,16.469513,128.983807,Cloud to Cloud,8384,7136,7
2026-08-31T03:32:00.175143823Z,16.53683,128.954174,Cloud to Cloud,8907,11356,13
2026-08-31T03:32:00.056018831Z,16.435131,129.076179,Cloud to Ground,15007,0,9
2026-08-31T03:32:02.895978943Z,19.559737,118.669137,Cloud to Cloud,-4447,12802,7
2026-08-31T03:32:03.234731617Z,19.542804,118.654812,Cloud to Cloud,6811,3010,5
2026-08-31T03:32:02.884961348Z,19.640845,118.679458,Cloud to Cloud,6894,17016,7
2026-08-31T03:32:03.286912174Z,19.65055,118.65935,Cloud to Cloud,8083,15481,6
2026-08-31T03:32:03.052995528Z,19.565856,118.646146,Cloud to Cloud,8817,4088,6
2026-08-31T03:32:07.209858034Z,16.430556,129.192437,Cloud to Ground,-18255,0,11
2026-08-31T03:32:06.991185039Z,16.483384,129.151666,Cloud to Ground,-14665,0,9
2026-08-31T03:32:07.093835139Z,16.360238,129.20991,Cloud to Ground,-12122,0,8
2026-08-31T03:32:07.095211579Z,16.542083,129.084125,Cloud to Cloud,-11619,11523,10
2026-08-31T03:32:07.096441237Z,16.477974,129.148813,Cloud to Cloud,9808,3007,8
2026-08-31T03:32:06.991789044Z,16.476961,129.169934,Cloud to Cloud,11420,7570,8
2026-08-31T03:32:06.913110000Z,16.4868,129.0962,Cloud to Ground,16087,0,8
2026-08-31T03:32:09.318949783Z,16.406965,129.382487,Cloud to Cloud,30956,12724,12
2026-08-31T03:32:10.136438529Z,19.171958,116.632704,Cloud to Ground,-17035,0,11
2026-08-31T03:32:09.695714118Z,19.147663,116.636222,Cloud to Cloud,-10664,17685,10
2026-08-31T03:32:09.682261340Z,19.12092,116.639076,Cloud to Cloud,-9789,15540,7
2026-08-31T03:32:09.638014774Z,19.131973,116.638103,Cloud to Cloud,9015,19598,6
2026-08-31T03:32:09.627079470Z,19.222532,116.658298,Cloud to Cloud,20103,3061,8
2026-08-31T03:32:11.248465628Z,16.503929,129.592027,Cloud to Cloud,-6927,8755,8
2026-08-31T03:32:15.970674290Z,16.803144,127.98071,Cloud to Cloud,6853,3098,12
2026-08-31T03:32:15.968164119Z,16.825592,127.965158,Cloud to Cloud,10016,3026,8
2026-08-31T03:32:17.605453335Z,15.903599,130.383427,Cloud to Cloud,-11664,9926,7
2026-08-31T03:32:17.326700869Z,16.000305,130.324888,Cloud to Cloud,8950,6863,6
2026-08-31T03:32:18.488743183Z,19.349809,117.374411,Cloud to Cloud,-10195,10812,13
2026-08-31T03:32:18.505084855Z,19.400898,117.417613,Cloud to Cloud,9670,3006,6
2026-08-31T03:32:18.501608913Z,19.420203,117.372076,Cloud to Cloud,9801,6329,8
2026-08-31T03:32:18.966977213Z,19.380762,117.420086,Cloud to Ground,13547,0,7
2026-08-31T03:32:18.474512603Z,19.438452,117.380508,Cloud to Ground,14388,0,8
2026-08-31T03:32:18.483878949Z,19.373765,117.352802,Cloud to Ground,15612,0,12
2026-08-31T03:32:21.119148889Z,16.521782,129.054569,Cloud to Ground,-13573,0,9
2026-08-31T03:32:21.366574874Z,16.463135,129.131865,Cloud to Cloud,-15158,5961,7
2026-08-31T03:32:21.369846992Z,16.576463,128.908674,Cloud to Cloud,-11860,17832,14
2026-08-31T03:32:21.573940481Z,17.606653,113.707613,Cloud to Ground,-15678,0,10
2026-08-31T03:32:21.564220577Z,17.606213,113.721076,Cloud to Cloud,-13921,5744,11
2026-08-31T03:32:21.611180404Z,17.60111,113.717629,Cloud to Ground,-12705,0,8
2026-08-31T03:32:21.566635973Z,17.612376,113.711779,Cloud to Cloud,-11288,7064,7
2026-08-31T03:32:21.560805297Z,17.601983,113.723279,Cloud to Cloud,-10189,7260,7
2026-08-31T03:32:21.562135314Z,17.599091,113.645959,Cloud to Ground,8976,0,7
2026-08-31T03:32:21.562813678Z,17.598099,113.682277,Cloud to Cloud,22902,7077,7
2026-08-31T03:32:25.757347376Z,16.441723,129.223902,Cloud to Cloud,-18473,7039,12
2026-08-31T03:32:25.754516878Z,16.459069,129.213338,Cloud to Cloud,19197,12327,14
2026-08-31T03:32:28.619599000Z,19.4022,120.4869,Cloud to Ground,-12266,0,9
2026-08-31T03:32:28.692608166Z,19.375478,120.468158,Cloud to Cloud,5950,11217,7
2026-08-31T03:32:28.697684561Z,19.41448,120.514615,Cloud to Cloud,6390,15370,6
2026-08-31T03:32:28.617721127Z,19.405063,120.588606,Cloud to Cloud,8852,18487,7
2026-08-31T03:32:30.296901454Z,18.719942,115.408313,Cloud to Cloud,7392,4166,9
2026-08-31T03:32:30.614106249Z,18.771015,115.414183,Cloud to Cloud,8799,12278,8
2026-08-31T03:32:30.194749000Z,18.8062,115.3657,Cloud to Ground,18240,0,6
2026-08-31T03:32:31.141772597Z,19.018696,114.462219,Cloud to Cloud,-9590,3042,8
2026-08-31T03:32:32.063059663Z,16.815238,128.145026,Cloud to Ground,28824,0,12
2026-08-31T03:32:34.811758514Z,16.490451,129.166777,Cloud to Ground,24382,0,11
2026-08-31T03:32:34.161409597Z,19.438768,117.371847,Cloud to Cloud,-20087,3009,7
2026-08-31T03:32:36.594235168Z,19.574728,118.677981,Cloud to Ground,-57707,0,15
2026-08-31T03:32:36.685864328Z,19.57666,118.677193,Cloud to Ground,-10240,0,7
2026-08-31T03:32:36.669204217Z,19.574604,118.669651,Cloud to Cloud,-4273,13738,6
2026-08-31T03:32:35.911240472Z,19.564933,118.672608,Cloud to Cloud,3794,4221,6
2026-08-31T03:32:37.534274000Z,19.4412,120.0476,Cloud to Ground,-65195,0,11
2026-08-31T03:32:38.456653955Z,18.239177,131.004312,Cloud to Ground,-40242,0,14
2026-08-31T03:32:37.965950916Z,18.225795,131.069878,Cloud to Cloud,-25843,3042,8
2026-08-31T03:32:37.957605594Z,18.233742,131.052077,Cloud to Cloud,-17762,7674,14
2026-08-31T03:32:37.979657510Z,18.226091,131.069629,Cloud to Cloud,-12330,10378,15
2026-08-31T03:32:37.975694811Z,18.22869,131.069087,Cloud to Ground,-10308,0,8
2026-08-31T03:32:37.964158729Z,18.241151,131.105954,Cloud to Ground,-9804,0,7
2026-08-31T03:32:37.959015824Z,18.189964,131.096668,Cloud to Cloud,17939,3034,12
2026-08-31T03:32:38.865644758Z,19.349704,117.352797,Cloud to Cloud,6457,3000,5
2026-08-31T03:32:38.860359187Z,19.366781,117.35745,Cloud to Cloud,8208,3001,5
2026-08-31T03:32:38.696961842Z,19.351525,117.320854,Cloud to Cloud,9714,19957,6
2026-08-31T03:32:38.718711755Z,19.431081,117.400942,Cloud to Cloud,10331,4045,8
2026-08-31T03:32:40.639233673Z,16.676913,112.303645,Cloud to Ground,-20849,0,12
2026-08-31T03:32:40.637170275Z,16.643854,112.243448,Cloud to Ground,19435,0,10
2026-08-31T03:32:40.638316464Z,16.646516,112.243358,Cloud to Ground,19540,0,7
2026-08-31T03:32:41.159916466Z,15.622777,131.282851,Cloud to Cloud,-7449,3027,22
2026-08-31T03:32:41.213853769Z,15.626131,131.387848,Cloud to Cloud,-11022,3120,5
2026-08-31T03:32:41.107210524Z,15.596369,131.405878,Cloud to Ground,-9046,0,7
2026-08-31T03:32:42.804897488Z,16.514389,129.093475,Cloud to Ground,-17877,0,24
2026-08-31T03:32:42.619418561Z,16.510244,129.232892,Cloud to Cloud,13175,3851,13
2026-08-31T03:32:43.383744914Z,16.744822,127.935129,Cloud to Cloud,-18313,16546,7
2026-08-31T03:32:43.450556816Z,16.795852,127.957636,Cloud to Cloud,-9238,3657,12
2026-08-31T03:32:43.401664875Z,16.796056,127.899365,Cloud to Cloud,20294,7587,11
2026-08-31T03:32:43.387251159Z,16.760172,127.80253,Cloud to Cloud,7580,8996,11
2026-08-31T03:32:43.673164152Z,18.166095,113.045031,Cloud to Cloud,9908,7402,6
2026-08-31T03:32:44.427657924Z,15.120198,132.670984,Cloud to Ground,-14208,0,13
2026-08-31T03:32:44.429215559Z,15.084159,132.687861,Cloud to Cloud,-11533,3101,13
2026-08-31T03:32:44.434820403Z,15.111513,132.654739,Cloud to Ground,-9665,0,12
2026-08-31T03:32:44.428479638Z,15.108079,132.678067,Cloud to Ground,-8749,0,12
2026-08-31T03:32:44.083379521Z,19.162524,115.76308,Cloud to Cloud,-28524,3114,13
2026-08-31T03:32:44.181037802Z,19.154611,115.749369,Cloud to Cloud,-8687,3002,7
2026-08-31T03:32:44.077781766Z,19.153094,115.745229,Cloud to Cloud,16339,3998,8
2026-08-31T03:32:44.078832395Z,19.187696,115.750077,Cloud to Ground,23238,0,8
2026-08-31T03:32:50.587447114Z,10.532115,112.873973,Cloud to Ground,18979,0,11
2026-08-31T03:32:50.586155575Z,10.445699,112.909206,Cloud to Ground,21746,0,7
2026-08-31T03:32:50.588862252Z,10.474272,112.825705,Cloud to Ground,23285,0,11
2026-08-31T03:32:50.590424373Z,10.509212,112.806228,Cloud to Ground,27285,0,9
2026-08-31T03:32:51.495849877Z,19.428988,120.403899,Cloud to Cloud,-16649,15161,9
2026-08-31T03:32:51.319261238Z,19.413391,120.396613,Cloud to Cloud,-5745,8753,6
2026-08-31T03:32:51.401996144Z,19.380165,120.457589,Cloud to Cloud,-2943,19933,6
2026-08-31T03:32:53.377456158Z,16.662186,128.11426,Cloud to Cloud,28613,7992,10
2026-08-31T03:32:54.792848319Z,16.500537,129.351247,Cloud to Ground,18682,0,19
2026-08-31T03:32:55.008952332Z,16.476107,129.109962,Cloud to Cloud,7319,3013,8
2026-08-31T03:32:54.989590281Z,16.512006,129.17542,Cloud to Cloud,17367,3025,9
2026-08-31T03:32:55.123203572Z,16.502415,129.179147,Cloud to Ground,20640,0,12
2026-08-31T03:32:54.941944277Z,16.491694,129.184723,Cloud to Ground,55354,0,9
2026-08-31T03:32:58.092321868Z,17.463609,132.335872,Cloud to Ground,8980,0,8
2026-08-31T03:32:57.722040277Z,17.507921,132.289203,Cloud to Cloud,9725,7554,7
2026-08-31T03:32:58.062254037Z,17.50335,132.2732,Cloud to Ground,10302,0,7
2026-08-31T03:32:57.864430056Z,17.589852,132.305219,Cloud to Ground,16989,0,14
2026-08-31T03:32:57.976201199Z,17.530342,132.263329,Cloud to Ground,27864,0,14
2026-08-31T03:32:57.860266772Z,17.541769,132.279546,Cloud to Ground,42750,0,16
2026-08-31T03:32:57.750600767Z,17.539543,132.275658,Cloud to Ground,96091,0,14
2026-08-31T03:32:57.974164788Z,17.540944,132.298369,Cloud to Ground,96564,0,16
2026-08-31T03:33:00.399084345Z,18.756424,115.390735,Cloud to Ground,-13061,0,9
2026-08-31T03:33:01.880823989Z,16.527506,111.031405,Cloud to Ground,17720,0,8
2026-08-31T03:33:01.877915884Z,16.553431,111.136351,Cloud to Ground,9552,0,8
2026-08-31T03:33:01.878817032Z,16.557338,111.157687,Cloud to Ground,14143,0,10
2026-08-31T03:33:01.965454573Z,16.960114,113.132805,Cloud to Cloud,-10776,16630,11
2026-08-31T03:33:01.957075908Z,16.910155,113.003709,Cloud to Cloud,-6491,7364,6
2026-08-31T03:33:02.229618928Z,16.517644,128.940007,Cloud to Cloud,8271,17661,13
2026-08-31T03:33:02.232214973Z,16.517274,129.054588,Cloud to Ground,-15539,0,15
2026-08-31T03:33:02.265695503Z,16.517912,129.093512,Cloud to Cloud,12121,4975,16
2026-08-31T03:33:02.307304935Z,16.532971,129.09059,Cloud to Cloud,13695,18502,19
2026-08-31T03:33:03.356487286Z,19.370202,117.353885,Cloud to Ground,-16530,0,10
2026-08-31T03:33:03.357227381Z,19.362841,117.364057,Cloud to Cloud,-7108,6685,8
2026-08-31T03:33:08.633218401Z,14.18623,133.032592,Cloud to Ground,-13601,0,11
2026-08-31T03:33:08.040907386Z,16.491646,129.545485,Cloud to Cloud,-6881,3082,11
2026-08-31T03:33:08.013999515Z,16.375224,129.587192,Cloud to Cloud,10956,5156,10
2026-08-31T03:33:08.841669167Z,19.670302,118.62719,Cloud to Cloud,-7581,17354,8
2026-08-31T03:33:09.152221379Z,19.554118,118.509455,Cloud to Cloud,-6739,11955,7
2026-08-31T03:33:08.864858606Z,19.596469,118.562283,Cloud to Cloud,-6024,19899,7
2026-08-31T03:33:08.674285021Z,19.582469,118.651222,Cloud to Cloud,2930,18022,5
2026-08-31T03:33:08.677829742Z,19.587762,118.656324,Cloud to Cloud,10495,6342,7
2026-08-31T03:33:10.093343425Z,19.288013,117.411376,Cloud to Cloud,14469,3011,6
2026-08-31T03:33:10.113552880Z,19.397317,117.437524,Cloud to Cloud,7755,18855,6
2026-08-31T03:33:10.791374864Z,19.444548,117.423249,Cloud to Cloud,10972,7659,5
2026-08-31T03:33:10.081215856Z,19.452172,117.387339,Cloud to Cloud,16749,3072,8
2026-08-31T03:33:11.180878502Z,15.257192,132.697823,Cloud to Ground,-15870,0,13
2026-08-31T03:33:11.190563467Z,15.26634,132.702821,Cloud to Ground,-15529,0,10
2026-08-31T03:33:11.184232472Z,15.252432,132.698632,Cloud to Ground,-14504,0,10
2026-08-31T03:33:11.408248383Z,15.32504,132.688972,Cloud to Cloud,-14454,7226,11
2026-08-31T03:33:11.187601460Z,15.305569,132.713187,Cloud to Ground,-12499,0,9
2026-08-31T03:33:11.192853404Z,15.317297,132.715708,Cloud to Ground,10803,0,10
2026-08-31T03:33:11.195445888Z,15.334203,132.699479,Cloud to Ground,17622,0,9
2026-08-31T03:33:11.176275389Z,15.255459,132.714582,Cloud to Ground,29685,0,14
2026-08-31T03:33:18.390441087Z,19.568033,118.660272,Cloud to Cloud,6764,10820,5
2026-08-31T03:33:18.318202398Z,19.634948,118.674814,Cloud to Cloud,8387,3002,8
2026-08-31T03:33:20.018671442Z,16.846247,128.233989,Cloud to Cloud,-13641,3030,15
2026-08-31T03:33:20.015462778Z,16.787625,128.284598,Cloud to Cloud,-10985,12310,11
2026-08-31T03:33:20.313658208Z,16.800238,128.307102,Cloud to Ground,-8912,0,6
2026-08-31T03:33:20.022986785Z,16.765647,128.192201,Cloud to Cloud,9143,8871,13
2026-08-31T03:33:20.014055149Z,16.77394,128.302559,Cloud to Cloud,27263,18723,15
2026-08-31T03:33:20.451489460Z,16.769793,128.419698,Cloud to Ground,-15095,0,12
2026-08-31T03:33:22.798151129Z,17.928852,134.67957,Cloud to Ground,-24097,0,11
2026-08-31T03:33:22.799283686Z,18.037661,134.661586,Cloud to Ground,-18029,0,18
2026-08-31T03:33:22.797366400Z,18.027419,134.664106,Cloud to Cloud,-12151,7793,12
2026-08-31T03:33:22.796815239Z,18.040894,134.670831,Cloud to Cloud,-11605,7936,14
2026-08-31T03:33:26.796258057Z,16.530717,128.989895,Cloud to Cloud,-11857,5721,13
2026-08-31T03:33:26.205918177Z,16.465626,129.162377,Cloud to Ground,-33412,0,13
2026-08-31T03:33:26.278610085Z,16.473594,129.177039,Cloud to Cloud,-15328,3015,10
2026-08-31T03:33:26.374887701Z,16.478929,129.171585,Cloud to Cloud,11694,6596,8
2026-08-31T03:33:26.277807304Z,16.502741,129.173642,Cloud to Ground,13881,0,12
2026-08-31T03:33:26.758324001Z,16.474068,129.175407,Cloud to Ground,14521,0,7
2026-08-31T03:33:26.365284000Z,16.4763,129.1204,Cloud to Ground,14527,0,6
2026-08-31T03:33:26.747103999Z,16.427425,129.189973,Cloud to Ground,14599,0,9
2026-08-31T03:33:26.868018330Z,16.46703,129.189281,Cloud to Cloud,17769,14581,10
2026-08-31T03:33:26.372869413Z,16.872803,127.887717,Cloud to Ground,-14825,0,8
2026-08-31T03:33:28.072385687Z,18.649046,114.200175,Cloud to Cloud,15916,4346,7
2026-08-31T03:33:28.052618321Z,18.513354,114.334937,Cloud to Ground,-20230,0,14
2026-08-31T03:33:28.028162983Z,18.542094,114.319507,Cloud to Cloud,-14790,3015,9
2026-08-31T03:33:28.047434492Z,18.522655,114.290222,Cloud to Cloud,-12385,4009,8
2026-08-31T03:33:28.018703255Z,18.517251,114.330149,Cloud to Cloud,11021,7058,13
2026-08-31T03:33:28.019349436Z,18.506228,114.339764,Cloud to Ground,17592,0,8
2026-08-31T03:33:28.021297910Z,18.500661,114.340429,Cloud to Ground,23227,0,11
2026-08-31T03:33:28.020025105Z,18.508473,114.332468,Cloud to Ground,23512,0,9
2026-08-31T03:33:28.020485411Z,18.497194,114.331165,Cloud to Ground,64393,0,8
2026-08-31T03:33:28.625834607Z,19.554059,118.641007,Cloud to Cloud,-9456,6348,7
2026-08-31T03:33:28.551298827Z,19.71746,118.712667,Cloud to Cloud,-6614,16982,7
2026-08-31T03:33:34.475409565Z,17.989348,114.186534,Cloud to Ground,-83148,0,15
2026-08-31T03:33:34.547182401Z,18.012729,114.192912,Cloud to Cloud,-32627,6780,14
2026-08-31T03:33:34.548959566Z,18.010765,114.201971,Cloud to Cloud,-23703,15405,12
2026-08-31T03:33:34.658459768Z,18.012843,114.191001,Cloud to Ground,-14093,0,9
2026-08-31T03:33:34.652292682Z,17.978276,114.124204,Cloud to Ground,18228,0,8
2026-08-31T03:33:35.167778979Z,19.376656,117.378317,Cloud to Ground,22883,0,10
2026-08-31T03:33:36.573172111Z,19.563562,118.65482,Cloud to Cloud,6177,12038,6
2026-08-31T03:33:37.269039774Z,18.675092,115.369645,Cloud to Ground,-59615,0,10
2026-08-31T03:33:37.276532842Z,18.669337,115.376172,Cloud to Cloud,-11874,5343,8
2026-08-31T03:33:37.266713042Z,18.682907,115.363359,Cloud to Cloud,18019,3457,9
2026-08-31T03:33:39.175869261Z,15.166957,132.632376,Cloud to Ground,-10665,0,12
2026-08-31T03:33:43.806108150Z,16.787832,128.044772,Cloud to Ground,18262,0,14
2026-08-31T03:33:43.507182352Z,16.909643,128.086454,Cloud to Cloud,11694,18815,7
2026-08-31T03:33:46.913916201Z,16.500787,129.377747,Cloud to Ground,20436,0,17
2026-08-31T03:33:47.396311760Z,16.461039,129.285439,Cloud to Cloud,15942,4350,10
2026-08-31T03:33:49.965713259Z,16.018179,130.259799,Cloud to Cloud,-8184,3955,9
2026-08-31T03:33:49.621585570Z,19.599787,118.745589,Cloud to Cloud,7950,3011,8
2026-08-31T03:33:51.014730094Z,16.489061,128.920336,Cloud to Cloud,7902,18592,8
2026-08-31T03:33:51.056341021Z,16.530065,129.07899,Cloud to Ground,9154,0,10
2026-08-31T03:33:51.015172665Z,16.479243,128.982418,Cloud to Cloud,11375,4601,8
2026-08-31T03:33:51.071733515Z,16.46718,128.90073,Cloud to Cloud,16140,3106,12
2026-08-31T03:33:51.033488067Z,16.526756,129.07678,Cloud to Cloud,19719,3063,16
2026-08-31T03:33:51.153519491Z,16.5145,129.029484,Cloud to Ground,22821,0,10
2026-08-31T03:33:51.013299908Z,16.514063,129.091085,Cloud to Ground,34540,0,15
2026-08-31T03:33:51.450860914Z,19.348966,120.174686,Cloud to Cloud,-6792,6227,7
2026-08-31T03:33:51.132982968Z,19.412974,120.106411,Cloud to Cloud,10701,3005,6
2026-08-31T03:33:51.133707767Z,19.384678,120.048346,Cloud to Cloud,15934,12872,17
2026-08-31T03:33:51.297880281Z,19.410985,120.126621,Cloud to Cloud,19643,16659,7
2026-08-31T03:33:51.393332027Z,19.571154,120.353858,Cloud to Cloud,-7270,18169,8
2026-08-31T03:33:51.778467929Z,19.48482,120.195401,Cloud to Cloud,-9200,16027,8
2026-08-31T03:33:52.369896519Z,4.563717,113.489005,Cloud to Cloud,-12072,4559,9
2026-08-31T03:33:52.546052562Z,19.49611,120.885539,Cloud to Cloud,4435,16271,8
2026-08-31T03:33:52.549810205Z,19.492967,120.853674,Cloud to Cloud,6159,5301,7
2026-08-31T03:33:53.656393319Z,18.706446,114.610179,Cloud to Ground,40701,0,8
2026-08-31T03:33:54.927233592Z,19.438064,117.369131,Cloud to Cloud,-16011,3420,7
2026-08-31T03:33:54.804330555Z,19.382094,117.353614,Cloud to Cloud,7400,19891,8
2026-08-31T03:33:54.832332636Z,19.375516,117.368047,Cloud to Cloud,8176,19898,6
2026-08-31T03:33:55.155374068Z,16.480586,129.166374,Cloud to Ground,-26382,0,15
2026-08-31T03:33:55.420499114Z,16.485847,129.186023,Cloud to Ground,-15682,0,7
2026-08-31T03:33:55.340884933Z,16.53664,129.054544,Cloud to Cloud,-11571,18350,13
2026-08-31T03:33:55.708918146Z,16.496189,129.032157,Cloud to Ground,-10060,0,16
2026-08-31T03:33:55.483208003Z,16.481236,129.189296,Cloud to Ground,8867,0,9
2026-08-31T03:33:55.612282131Z,16.496462,129.181685,Cloud to Cloud,12016,6802,9
2026-08-31T03:33:55.226670000Z,16.4749,129.1846,Cloud to Ground,23872,0,5
2026-08-31T03:33:55.340117000Z,16.5188,129.1212,Cloud to Ground,25225,0,5
2026-08-31T03:33:55.202097914Z,16.496488,129.194506,Cloud to Ground,41379,0,9
2026-08-31T03:34:03.289617908Z,18.990932,114.486454,Cloud to Cloud,-18277,5093,12
2026-08-31T03:34:03.274597914Z,19.016347,114.469487,Cloud to Cloud,6168,8348,8
2026-08-31T03:34:03.073924726Z,19.594154,118.672311,Cloud to Cloud,6999,3011,9
2026-08-31T03:34:04.464391710Z,19.50132,117.678091,Cloud to Ground,-10183,0,8
2026-08-31T03:34:04.511464860Z,19.50097,117.676778,Cloud to Cloud,-9238,14767,7
2026-08-31T03:34:04.428755220Z,19.515778,117.693017,Cloud to Ground,48723,0,14
2026-08-31T03:34:05.067593825Z,19.416803,117.759308,Cloud to Cloud,-8993,3004,6
2026-08-31T03:34:04.710671898Z,19.334837,117.748078,Cloud to Cloud,-7309,16155,6
2026-08-31T03:34:08.215627831Z,14.257229,133.30566,Cloud to Ground,-10589,0,16
2026-08-31T03:34:08.286631471Z,14.284358,133.43289,Cloud to Ground,-13781,0,7
2026-08-31T03:34:11.382301599Z,16.522839,128.953208,Cloud to Cloud,9932,4348,8
2026-08-31T03:34:11.649108823Z,16.525277,129.064062,Cloud to Cloud,6530,3170,8
2026-08-31T03:34:12.391956443Z,13.894538,133.536797,Cloud to Ground,-25594,0,15
2026-08-31T03:34:12.396877859Z,13.902595,133.52175,Cloud to Ground,-24376,0,17
2026-08-31T03:34:12.392587441Z,13.896772,133.555436,Cloud to Ground,-16450,0,14
2026-08-31T03:34:12.882998523Z,13.91558,133.590166,Cloud to Ground,14461,0,9
2026-08-31T03:34:12.187811142Z,19.482451,120.541989,Cloud to Cloud,8190,11998,7
2026-08-31T03:34:12.179036943Z,19.455853,120.491989,Cloud to Cloud,12143,11816,14
2026-08-31T03:34:15.142655161Z,19.38272,117.354911,Cloud to Cloud,-10947,6060,6
2026-08-31T03:34:15.051464000Z,19.3826,117.2905,Cloud to Ground,8544,0,6
2026-08-31T03:34:15.080456391Z,19.446989,117.380099,Cloud to Cloud,9659,7939,8
2026-08-31T03:34:17.519148510Z,16.78861,128.086985,Cloud to Cloud,-9279,5973,6
2026-08-31T03:34:17.959528648Z,16.819267,128.082209,Cloud to Cloud,-5656,3002,7
2026-08-31T03:34:17.507560000Z,16.8125,128.001,Cloud to Ground,7892,0,7
2026-08-31T03:34:17.196605459Z,16.463816,128.987103,Cloud to Cloud,-10478,7387,12
2026-08-31T03:34:16.926870000Z,16.4728,129.1007,Cloud to Ground,1078,0,5
2026-08-31T03:34:17.548805882Z,16.475304,129.171658,Cloud to Cloud,8991,3012,8
2026-08-31T03:34:17.215295006Z,16.464869,129.174924,Cloud to Ground,9405,0,6
2026-08-31T03:34:17.020982072Z,16.494496,129.162303,Cloud to Cloud,11793,7381,7
2026-08-31T03:34:17.035151051Z,16.432869,129.178781,Cloud to Cloud,13791,12107,9
2026-08-31T03:34:17.233800141Z,16.424778,129.189848,Cloud to Ground,21323,0,9
2026-08-31T03:34:17.469646000Z,16.4632,129.1732,Cloud to Ground,25675,0,5
2026-08-31T03:34:16.866435045Z,16.476011,129.173688,Cloud to Ground,26566,0,12
2026-08-31T03:34:17.080813523Z,16.45527,129.182877,Cloud to Ground,40226,0,15
2026-08-31T03:34:24.784898159Z,19.34084,117.319501,Cloud to Cloud,6357,3937,5
2026-08-31T03:34:25.603439595Z,19.542855,118.653721,Cloud to Ground,-10430,0,8
2026-08-31T03:34:25.645221943Z,18.186565,113.021162,Cloud to Ground,19703,0,11
2026-08-31T03:34:27.829957221Z,16.916803,127.872975,Cloud to Cloud,-8808,18293,12
2026-08-31T03:34:27.828144184Z,16.878808,127.839724,Cloud to Ground,26889,0,9
2026-08-31T03:34:28.778089191Z,16.395115,129.156548,Cloud to Cloud,22174,3053,11
2026-08-31T03:34:28.984555765Z,16.485663,129.026162,Cloud to Cloud,9479,18240,11
2026-08-31T03:34:28.789823886Z,16.506764,129.133507,Cloud to Ground,-12980,0,7
2026-08-31T03:34:28.593506492Z,16.506894,129.138151,Cloud to Cloud,-13475,17876,6
2026-08-31T03:34:28.960797209Z,16.528779,129.135227,Cloud to Cloud,-8468,18452,8
2026-08-31T03:34:32.061530864Z,19.595524,118.647571,Cloud to Cloud,4484,19997,6
2026-08-31T03:34:32.005154968Z,19.610963,118.779823,Cloud to Cloud,5922,19953,7
2026-08-31T03:34:31.955715035Z,19.61041,118.753657,Cloud to Cloud,7890,7996,8
2026-08-31T03:34:31.991206684Z,19.667535,118.701227,Cloud to Cloud,12144,18090,7
2026-08-31T03:34:31.977189992Z,19.669067,118.698569,Cloud to Cloud,19525,18587,7
2026-08-31T03:34:34.502082703Z,15.640373,131.431337,Cloud to Cloud,-17652,3013,7
2026-08-31T03:34:34.490217454Z,15.625563,131.416492,Cloud to Cloud,-17645,3282,8
2026-08-31T03:34:34.489751684Z,15.630267,131.396779,Cloud to Cloud,-13980,3030,9
2026-08-31T03:34:34.492033412Z,15.626286,131.480554,Cloud to Cloud,11800,3083,9
2026-08-31T03:34:34.491183798Z,15.632116,131.391988,Cloud to Ground,13629,0,16
2026-08-31T03:34:35.422766108Z,19.440834,117.413113,Cloud to Ground,19921,0,11
2026-08-31T03:34:35.424571000Z,19.4017,117.3047,Cloud to Ground,19232,0,5
2026-08-31T03:34:36.609337380Z,4.459989,113.468446,Cloud to Cloud,-13227,3006,7
2026-08-31T03:34:36.586048799Z,4.489106,113.471941,Cloud to Cloud,-9961,17129,6
2026-08-31T03:34:37.764826475Z,15.730088,131.761407,Cloud to Ground,-26659,0,14
2026-08-31T03:34:37.767643356Z,15.767052,131.726989,Cloud to Ground,-12544,0,7
2026-08-31T03:34:37.769168613Z,15.72497,131.753734,Cloud to Ground,-10966,0,10
2026-08-31T03:34:37.765928202Z,15.816821,131.716116,Cloud to Ground,13517,0,27
2026-08-31T03:34:37.763815586Z,15.733941,131.582391,Cloud to Ground,-12457,0,13
2026-08-31T03:34:39.394285177Z,19.316683,117.367919,Cloud to Cloud,-12356,5717,11
2026-08-31T03:34:39.353235973Z,19.320659,117.325319,Cloud to Cloud,-9361,3018,7
2026-08-31T03:34:40.206181423Z,16.810009,128.370135,Cloud to Cloud,26989,14638,9
2026-08-31T03:34:40.208423291Z,16.804626,128.199246,Cloud to Cloud,-20588,3142,8
2026-08-31T03:34:40.269287177Z,16.795046,128.290073,Cloud to Cloud,-8692,3404,10
2026-08-31T03:34:40.202841155Z,16.820716,128.210344,Cloud to Cloud,15574,3181,9
2026-08-31T03:34:44.240267000Z,19.5864,118.6546,Cloud to Ground,-6394,0,8
2026-08-31T03:34:44.177746971Z,19.629734,118.718105,Cloud to Cloud,8552,18300,7
2026-08-31T03:34:46.640903962Z,16.486663,129.370848,Cloud to Ground,11282,0,10
2026-08-31T03:34:46.641386517Z,16.365504,129.395144,Cloud to Cloud,23745,3103,11
2026-08-31T03:34:47.664782565Z,15.118366,132.461777,Cloud to Ground,-52112,0,13
2026-08-31T03:34:47.718455686Z,15.147364,132.303836,Cloud to Ground,-25479,0,27
2026-08-31T03:34:47.732332976Z,15.091994,132.29459,Cloud to Ground,-18716,0,11
2026-08-31T03:34:47.661956244Z,15.179168,132.378927,Cloud to Ground,9941,0,11
2026-08-31T03:34:47.751293696Z,15.142228,132.431599,Cloud to Ground,17601,0,13
2026-08-31T03:34:47.267966162Z,18.786086,115.418484,Cloud to Ground,-26330,0,11
2026-08-31T03:34:48.782705768Z,17.540333,132.278341,Cloud to Ground,-21596,0,14
2026-08-31T03:34:48.761324186Z,17.506416,132.311988,Cloud to Ground,-16574,0,11
2026-08-31T03:34:48.830236019Z,17.52554,132.307185,Cloud to Ground,-13207,0,7
2026-08-31T03:34:49.214699105Z,17.534365,132.305368,Cloud to Ground,7316,0,13
2026-08-31T03:34:49.104754511Z,17.537508,132.298039,Cloud to Cloud,9233,3244,10
2026-08-31T03:34:49.057528329Z,17.532262,132.290319,Cloud to Ground,9386,0,9
2026-08-31T03:34:49.237029000Z,17.5531,132.2442,Cloud to Ground,20534,0,5
2026-08-31T03:34:48.836492617Z,17.541761,132.311436,Cloud to Ground,39777,0,18
2026-08-31T03:34:48.878342626Z,17.528178,132.307525,Cloud to Ground,41553,0,13
2026-08-31T03:34:49.058202136Z,17.528749,132.312012,Cloud to Ground,127913,0,19
2026-08-31T03:34:50.967198759Z,16.514654,129.602145,Cloud to Ground,-32065,0,16
2026-08-31T03:34:50.956369078Z,16.451913,129.616354,Cloud to Cloud,-14073,18669,9
2026-08-31T03:34:51.089980572Z,16.563891,129.591937,Cloud to Cloud,-9687,3181,9
2026-08-31T03:34:51.132642753Z,16.52297,129.57567,Cloud to Cloud,9131,3023,8
2026-08-31T03:34:50.381952377Z,19.415166,117.358567,Cloud to Cloud,10225,12165,6
2026-08-31T03:34:51.706795899Z,16.812997,127.947065,Cloud to Cloud,7750,3107,8
2026-08-31T03:34:51.702661301Z,16.868145,127.932087,Cloud to Ground,14279,0,10
2026-08-31T03:34:51.708854041Z,16.761797,128.083379,Cloud to Cloud,13114,4476,10
2026-08-31T03:34:51.200260555Z,16.547797,129.452499,Cloud to Cloud,-14982,7186,21
2026-08-31T03:34:56.314249093Z,18.010661,114.201586,Cloud to Ground,-45471,0,12
2026-08-31T03:34:56.298110022Z,18.014774,114.199292,Cloud to Cloud,-38443,3010,10
2026-08-31T03:34:56.358109659Z,18.022289,114.199181,Cloud to Cloud,-21713,13196,17
2026-08-31T03:34:56.355305530Z,18.009843,114.202468,Cloud to Cloud,-20920,3134,11
2026-08-31T03:34:56.354783593Z,18.019846,114.197774,Cloud to Ground,25965,0,14
2026-08-31T03:34:57.190384883Z,18.227024,130.850806,Cloud to Cloud,5735,3025,7
2026-08-31T03:34:57.191283943Z,18.21544,130.988012,Cloud to Cloud,-16963,11146,15
2026-08-31T03:34:57.189418482Z,18.236626,130.980959,Cloud to Cloud,-13505,3003,13
2026-08-31T03:34:57.195476824Z,18.239218,130.965559,Cloud to Cloud,-10195,3208,11
2026-08-31T03:34:57.519246928Z,18.26639,131.028925,Cloud to Ground,-8084,0,8
2026-08-31T03:34:57.193797120Z,18.249992,130.978243,Cloud to Cloud,-7477,17579,11
2026-08-31T03:34:58.830250709Z,16.746341,127.958826,Cloud to Cloud,16328,16897,8
2026-08-31T03:34:59.128985117Z,16.67913,128.02408,Cloud to Ground,-8885,0,7
2026-08-31T03:35:00.703131496Z,15.530212,131.426481,Cloud to Cloud,9144,4064,8
2026-08-31T03:35:02.344051784Z,15.17245,132.627615,Cloud to Ground,-11292,0,7
2026-08-31T03:35:02.165245360Z,15.173167,132.627799,Cloud to Cloud,-10818,12667,14
2026-08-31T03:35:02.164378191Z,15.114032,132.691835,Cloud to Ground,21752,0,12
2026-08-31T03:35:03.103468857Z,17.033636,113.146019,Cloud to Ground,-13126,0,8
2026-08-31T03:35:02.915958188Z,17.044016,113.127836,Cloud to Ground,-12746,0,7
2026-08-31T03:35:02.942142424Z,17.047121,113.096197,Cloud to Cloud,7276,18764,6
2026-08-31T03:35:02.973750044Z,17.113729,113.175142,Cloud to Ground,13800,0,6
2026-08-31T03:35:03.083352480Z,17.058501,113.090697,Cloud to Cloud,15335,17743,9
2026-08-31T03:35:03.130238331Z,16.997555,113.015565,Cloud to Ground,-11890,0,11
2026-08-31T03:35:02.896115036Z,17.033461,112.981983,Cloud to Cloud,14475,3426,8
2026-08-31T03:35:03.475843341Z,17.298086,113.400049,Cloud to Cloud,-26243,3369,14
2026-08-31T03:35:03.278343762Z,17.30082,113.389582,Cloud to Cloud,-9662,3208,9
2026-08-31T03:35:04.974882084Z,16.34664,129.535856,Cloud to Cloud,-18406,5986,9
2026-08-31T03:35:04.946445857Z,16.536937,129.546754,Cloud to Ground,-13762,0,8
2026-08-31T03:35:04.712931481Z,16.472776,129.603941,Cloud to Cloud,-13185,7354,8
2026-08-31T03:35:04.933883547Z,16.546028,129.58829,Cloud to Cloud,-9630,16699,7
2026-08-31T03:35:04.987033710Z,16.511495,129.608264,Cloud to Ground,-5321,0,6
2026-08-31T03:35:04.658260927Z,16.427394,129.622436,Cloud to Cloud,9673,3027,14
2026-08-31T03:35:04.732661729Z,17.474359,113.561542,Cloud to Cloud,-12985,16275,12
2026-08-31T03:35:04.249951144Z,17.593711,113.667737,Cloud to Ground,16528,0,8
2026-08-31T03:35:05.962448103Z,16.486589,129.092168,Cloud to Ground,-24012,0,11
2026-08-31T03:35:05.969010824Z,16.525186,129.070602,Cloud to Ground,-21192,0,12
2026-08-31T03:35:06.040346290Z,16.558238,129.081671,Cloud to Cloud,9872,7660,10
2026-08-31T03:35:05.995482634Z,16.526485,129.103055,Cloud to Ground,17856,0,9
2026-08-31T03:35:05.199072614Z,19.337312,117.325191,Cloud to Cloud,13523,10660,8
2026-08-31T03:35:07.883716836Z,19.602695,118.662521,Cloud to Cloud,-9098,5619,9
2026-08-31T03:35:08.026797516Z,19.597715,118.647647,Cloud to Cloud,-5726,3962,6
2026-08-31T03:35:07.644564316Z,19.602833,118.667481,Cloud to Cloud,7603,17712,7
2026-08-31T03:35:11.690143787Z,19.384073,117.388609,Cloud to Cloud,-6773,14449,6
2026-08-31T03:35:12.100209000Z,19.3606,117.3741,Cloud to Ground,24607,0,8
2026-08-31T03:35:15.562826890Z,14.225816,133.018892,Cloud to Ground,-9447,0,7
2026-08-31T03:35:17.517896109Z,19.589929,118.670894,Cloud to Cloud,-10315,3022,7
2026-08-31T03:35:17.632050879Z,19.581785,118.68159,Cloud to Cloud,-7793,5898,14
2026-08-31T03:35:17.455267636Z,19.583521,118.67063,Cloud to Cloud,7730,3720,8
2026-08-31T03:35:20.233481341Z,9.970538,112.112097,Cloud to Ground,37914,0,10
2026-08-31T03:35:21.085149066Z,16.81726,128.064774,Cloud to Ground,-21201,0,12
2026-08-31T03:35:21.473124632Z,16.823999,128.057957,Cloud to Ground,-19414,0,10
2026-08-31T03:35:21.871399709Z,16.823226,128.086858,Cloud to Ground,-10336,0,7
2026-08-31T03:35:21.832858537Z,16.823708,128.097669,Cloud to Cloud,-6352,17100,7
2026-08-31T03:35:21.660750463Z,16.794208,128.097034,Cloud to Ground,19949,0,9
2026-08-31T03:35:24.896577390Z,19.382708,117.364622,Cloud to Cloud,11102,10907,5
2026-08-31T03:35:24.941227759Z,19.387005,117.385004,Cloud to Ground,19504,0,10
2026-08-31T03:35:24.857903662Z,18.760396,115.453668,Cloud to Cloud,10617,3022,5
2026-08-31T03:35:28.405380178Z,17.110792,134.353304,Cloud to Ground,-18312,0,12
2026-08-31T03:35:28.476423607Z,17.13932,134.329923,Cloud to Cloud,-11851,4082,12
2026-08-31T03:35:28.406801825Z,17.108867,134.333287,Cloud to Cloud,-11794,4166,14
2026-08-31T03:35:30.354115430Z,17.65956,113.814451,Cloud to Cloud,-12173,14006,10
2026-08-31T03:35:30.313117714Z,17.645666,113.739009,Cloud to Cloud,10468,3153,10
2026-08-31T03:35:30.311705090Z,17.634967,113.818176,Cloud to Ground,36515,0,9
2026-08-31T03:35:31.403524393Z,13.96926,133.639694,Cloud to Ground,-12908,0,16
2026-08-31T03:35:31.380343431Z,13.946531,133.688029,Cloud to Ground,-10803,0,9
2026-08-31T03:35:32.348637761Z,19.640949,118.705021,Cloud to Cloud,9350,12262,8
2026-08-31T03:35:32.268653650Z,19.56765,118.681639,Cloud to Cloud,12209,3120,7
2026-08-31T03:35:32.124574175Z,19.637814,118.716154,Cloud to Ground,17076,0,12
2026-08-31T03:35:32.147789308Z,19.352296,117.360727,Cloud to Cloud,7309,6895,6
2026-08-31T03:35:32.119738352Z,19.414523,120.551531,Cloud to Cloud,6644,18793,7
2026-08-31T03:35:32.252993342Z,19.41294,120.547049,Cloud to Cloud,6952,11916,6
2026-08-31T03:35:32.115327000Z,19.4059,120.549,Cloud to Ground,17979,0,6
2026-08-31T03:35:36.261670645Z,13.923835,134.006641,Cloud to Ground,-11941,0,7
2026-08-31T03:35:36.315793451Z,14.034818,133.980559,Cloud to Ground,-78448,0,25
2026-08-31T03:35:36.264176750Z,14.011588,133.958374,Cloud to Ground,-13054,0,16
2026-08-31T03:35:36.264733926Z,13.940878,133.876099,Cloud to Cloud,-11140,3093,13
2026-08-31T03:35:36.267018638Z,13.972992,133.876105,Cloud to Ground,-10907,0,16
2026-08-31T03:35:38.791841885Z,16.549805,111.143377,Cloud to Ground,-15288,0,10
2026-08-31T03:35:40.354657053Z,16.855779,128.354602,Cloud to Cloud,11429,19782,10
2026-08-31T03:35:40.238722661Z,16.80785,128.495129,Cloud to Cloud,-14136,16965,7
2026-08-31T03:35:40.236886633Z,16.816284,128.501327,Cloud to Cloud,-13044,3054,12
2026-08-31T03:35:40.296762579Z,16.769142,128.499704,Cloud to Cloud,-6345,9165,6
2026-08-31T03:35:40.231796170Z,16.736458,128.546825,Cloud to Ground,20178,0,9
2026-08-31T03:35:41.538236867Z,15.302791,132.694433,Cloud to Ground,-14121,0,8
2026-08-31T03:35:41.528114148Z,15.296713,132.700643,Cloud to Cloud,-11405,3005,8
2026-08-31T03:35:41.540388680Z,15.339725,132.666991,Cloud to Ground,-10136,0,14
2026-08-31T03:35:41.526468291Z,15.287969,132.707923,Cloud to Ground,34902,0,14
2026-08-31T03:35:42.206435869Z,14.191348,133.038262,Cloud to Cloud,9459,3769,7
2026-08-31T03:35:42.638633320Z,16.63952,128.595184,Cloud to Ground,-15589,0,7
2026-08-31T03:35:43.041295229Z,16.701084,128.487688,Cloud to Ground,7673,0,12
2026-08-31T03:35:43.040211243Z,16.62375,128.371568,Cloud to Ground,-17305,0,20
2026-08-31T03:35:47.314931005Z,14.215729,133.30131,Cloud to Ground,-39697,0,8
2026-08-31T03:35:47.355428668Z,14.135777,133.436529,Cloud to Ground,-19995,0,9
2026-08-31T03:35:47.311992220Z,14.173824,133.416837,Cloud to Cloud,-15270,7496,11
2026-08-31T03:35:47.311020726Z,14.161024,133.437367,Cloud to Ground,11704,0,7
2026-08-31T03:35:47.411135288Z,16.723951,128.113555,Cloud to Cloud,-15922,3306,8
2026-08-31T03:35:47.653766932Z,16.832524,128.095276,Cloud to Cloud,-13333,7506,7
2026-08-31T03:35:47.404726840Z,16.826247,128.093774,Cloud to Cloud,-13263,3287,7
2026-08-31T03:35:47.637828111Z,16.818041,128.08955,Cloud to Cloud,9302,4858,6
2026-08-31T03:35:47.840557050Z,16.853012,128.0243,Cloud to Cloud,9554,12598,7
2026-08-31T03:35:48.683177326Z,19.578514,118.700622,Cloud to Cloud,-6208,5510,7
2026-08-31T03:35:48.558257275Z,19.653192,118.710281,Cloud to Cloud,9886,16853,6
2026-08-31T03:35:48.759755470Z,19.585611,118.799803,Cloud to Cloud,12150,19427,12
2026-08-31T03:35:48.317997463Z,19.368931,117.358469,Cloud to Ground,-19101,0,11
2026-08-31T03:35:48.250388436Z,19.36906,117.354937,Cloud to Ground,-16450,0,7
2026-08-31T03:35:48.381513489Z,19.37266,117.358394,Cloud to Ground,-9562,0,9
2026-08-31T03:35:48.218855747Z,19.373665,117.358033,Cloud to Ground,-8705,0,7
2026-08-31T03:35:48.404872159Z,19.367039,117.343267,Cloud to Ground,-8152,0,6
2026-08-31T03:35:48.346225085Z,19.371195,117.359005,Cloud to Ground,-5310,0,6
2026-08-31T03:35:48.189422000Z,19.4105,117.285,Cloud to Ground,15728,0,5
2026-08-31T03:35:49.791975734Z,16.490615,129.594681,Cloud to Cloud,-11123,16815,14
2026-08-31T03:35:49.793423238Z,16.511625,129.605618,Cloud to Cloud,-8769,11499,8
2026-08-31T03:35:49.808542888Z,16.510566,129.601844,Cloud to Cloud,8140,18570,12
2026-08-31T03:35:49.826951375Z,16.75184,128.305124,Cloud to Cloud,-12750,3043,12
2026-08-31T03:35:49.831928849Z,16.77024,128.307259,Cloud to Cloud,-6819,16201,8
2026-08-31T03:35:49.819132908Z,16.739662,128.29861,Cloud to Cloud,11063,3012,8
2026-08-31T03:35:49.815945991Z,16.704655,128.313643,Cloud to Cloud,17901,5014,10
2026-08-31T03:35:49.817585240Z,16.7874,128.289569,Cloud to Cloud,17989,5833,9
2026-08-31T03:35:49.816731680Z,16.747285,128.291903,Cloud to Ground,77310,0,12
2026-08-31T03:35:51.604074158Z,16.7948,127.936197,Cloud to Cloud,-6837,3004,11
2026-08-31T03:35:52.695746155Z,17.469819,113.633604,Cloud to Ground,7894,0,6
2026-08-31T03:35:52.260291545Z,17.489807,113.580051,Cloud to Ground,12865,0,10
2026-08-31T03:35:56.463943676Z,16.474611,129.026495,Cloud to Ground,-25288,0,27
2026-08-31T03:35:56.578855344Z,16.436149,129.202361,Cloud to Ground,35411,0,9
2026-08-31T03:35:56.539668871Z,16.497445,129.188921,Cloud to Ground,38129,0,10
2026-08-31T03:35:57.067562022Z,19.282981,117.288098,Cloud to Cloud,8046,14960,5
2026-08-31T03:36:00.868668088Z,13.963155,133.49298,Cloud to Ground,-63626,0,19
2026-08-31T03:36:00.869715249Z,13.890173,133.417555,Cloud to Ground,-13529,0,10
2026-08-31T03:36:00.797942952Z,16.820504,127.74681,Cloud to Cloud,4498,7895,9
2026-08-31T03:36:00.799247318Z,16.737946,127.757342,Cloud to Cloud,9860,3260,10
2026-08-31T03:36:01.793837360Z,19.612204,118.685178,Cloud to Cloud,6323,16089,8
2026-08-31T03:36:01.998436026Z,19.6195,118.677371,Cloud to Cloud,6434,7192,5
2026-08-31T03:36:01.794663312Z,19.611315,118.691376,Cloud to Cloud,7918,3000,5
2026-08-31T03:36:04.225420022Z,17.5376,132.313743,Cloud to Ground,12877,0,13
2026-08-31T03:36:04.495018997Z,17.528553,132.329762,Cloud to Ground,48955,0,26
2026-08-31T03:36:04.195947547Z,17.536088,132.320414,Cloud to Ground,63381,0,15
2026-08-31T03:36:06.288654057Z,16.486507,128.987555,Cloud to Cloud,-11110,3946,10
2026-08-31T03:36:06.246413260Z,16.526551,129.090443,Cloud to Ground,-86026,0,23
2026-08-31T03:36:06.292037396Z,16.542117,129.089143,Cloud to Cloud,-9592,3631,9
2026-08-31T03:36:06.277431706Z,16.522915,129.114484,Cloud to Cloud,-9378,17915,8
2026-08-31T03:36:06.243199369Z,16.537548,129.086093,Cloud to Cloud,8445,3001,8
2026-08-31T03:36:06.273754829Z,16.527699,129.104342,Cloud to Ground,16815,0,13
2026-08-31T03:36:08.173993535Z,19.365701,117.395014,Cloud to Cloud,-9352,3004,10
2026-08-31T03:36:08.197299388Z,19.391684,117.398361,Cloud to Cloud,-8158,3988,10
2026-08-31T03:36:07.955440700Z,19.388907,117.379618,Cloud to Cloud,9468,3040,12
2026-08-31T03:36:07.975988725Z,19.412157,117.383665,Cloud to Cloud,17502,7111,10
2026-08-31T03:36:08.614570130Z,16.795971,127.942073,Cloud to Ground,-16088,0,10
2026-08-31T03:36:11.802072596Z,14.208041,133.056932,Cloud to Ground,10397,0,9
2026-08-31T03:36:11.828869129Z,14.220931,133.045471,Cloud to Ground,12638,0,9
2026-08-31T03:36:11.502317655Z,18.496773,114.356238,Cloud to Ground,-87054,0,14
2026-08-31T03:36:11.560046794Z,18.395648,114.355927,Cloud to Ground,-28884,0,10
2026-08-31T03:36:11.532831557Z,18.482166,114.36127,Cloud to Cloud,-16726,19291,7
2026-08-31T03:36:11.579265092Z,18.50004,114.36124,Cloud to Ground,-12198,0,6
2026-08-31T03:36:11.611115737Z,18.528287,114.334906,Cloud to Cloud,-11305,3898,8
2026-08-31T03:36:11.523830429Z,18.487073,114.354736,Cloud to Cloud,18331,17233,13
2026-08-31T03:36:13.033779845Z,15.505099,131.458678,Cloud to Cloud,9952,9134,9
2026-08-31T03:36:13.026840650Z,15.636889,131.417131,Cloud to Ground,-14920,0,12
2026-08-31T03:36:13.508838502Z,15.669741,131.394938,Cloud to Ground,25692,0,14
2026-08-31T03:36:13.643743597Z,15.836187,131.32334,Cloud to Cloud,-12340,3040,7
2026-08-31T03:36:13.450668634Z,15.849788,131.303153,Cloud to Cloud,-11073,3329,7
2026-08-31T03:36:13.697651533Z,15.874272,131.273465,Cloud to Cloud,-8592,4190,6
2026-08-31T03:36:13.634859841Z,15.810529,131.288825,Cloud to Cloud,8710,19877,10
2026-08-31T03:36:16.979826951Z,16.505082,129.209256,Cloud to Ground,71936,0,13
2026-08-31T03:36:17.846239614Z,19.597023,118.705576,Cloud to Ground,-10824,0,11
2026-08-31T03:36:18.082067292Z,19.66065,118.699385,Cloud to Cloud,24240,16825,7
2026-08-31T03:36:18.471586715Z,16.811151,127.803328,Cloud to Cloud,11032,18505,12
2026-08-31T03:36:18.501875670Z,16.79548,127.954506,Cloud to Ground,18262,0,11
2026-08-31T03:36:18.666303501Z,16.962485,113.11803,Cloud to Cloud,-13445,4204,9
2026-08-31T03:36:19.021588561Z,17.005057,113.067574,Cloud to Cloud,-10405,12915,8
2026-08-31T03:36:18.723027014Z,16.931423,113.037052,Cloud to Ground,16234,0,7
2026-08-31T03:36:18.696825449Z,16.997535,112.991946,Cloud to Ground,29433,0,10
2026-08-31T03:36:19.436580997Z,18.801976,115.444703,Cloud to Ground,-23399,0,11
2026-08-31T03:36:19.369846809Z,16.466423,129.620472,Cloud to Ground,-16166,0,8
2026-08-31T03:36:19.200841709Z,16.503394,129.608916,Cloud to Cloud,-9136,8944,8
2026-08-31T03:36:19.371560653Z,16.424032,129.630303,Cloud to Ground,22411,0,9
2026-08-31T03:36:24.089565210Z,16.505397,129.371146,Cloud to Ground,-85967,0,14
2026-08-31T03:36:24.091289443Z,16.510562,129.421144,Cloud to Cloud,8999,4180,10
2026-08-31T03:36:24.089031795Z,16.51468,129.366404,Cloud to Cloud,13081,4844,14
2026-08-31T03:36:24.903630764Z,17.494001,113.657929,Cloud to Cloud,-16961,6829,11
2026-08-31T03:36:24.751890363Z,19.660644,117.606218,Cloud to Cloud,17147,17260,8
2026-08-31T03:36:24.955937402Z,19.589601,120.888442,Cloud to Ground,46795,0,8
2026-08-31T03:36:25.225450326Z,18.084254,113.03588,Cloud to Cloud,10201,12152,8
2026-08-31T03:36:25.398228589Z,18.094692,113.039443,Cloud to Ground,10828,0,7
2026-08-31T03:36:25.228599149Z,18.09254,112.966157,Cloud to Cloud,14603,3029,7
2026-08-31T03:36:25.226634677Z,18.098533,113.040903,Cloud to Ground,42810,0,18
2026-08-31T03:36:28.775480792Z,10.53186,112.926288,Cloud to Ground,11550,0,7
2026-08-31T03:36:29.792945318Z,15.130908,132.459884,Cloud to Ground,32502,0,14
2026-08-31T03:36:29.750908084Z,15.115938,132.325455,Cloud to Ground,-29953,0,33
2026-08-31T03:36:29.832398169Z,15.107496,132.325953,Cloud to Ground,-9429,0,14
2026-08-31T03:36:30.179608171Z,15.969983,130.317103,Cloud to Cloud,-14021,3900,7
2026-08-31T03:36:30.407744034Z,16.85476,127.988119,Cloud to Ground,-24013,0,13
2026-08-31T03:36:30.479626470Z,16.861595,127.935775,Cloud to Ground,-16811,0,7
2026-08-31T03:36:30.726732430Z,19.456811,117.403414,Cloud to Cloud,12200,13800,7
2026-08-31T03:36:30.797611717Z,19.41707,117.403586,Cloud to Ground,26966,0,11
2026-08-31T03:36:37.312049402Z,17.573235,132.2594,Cloud to Ground,10096,0,7
2026-08-31T03:36:37.229605047Z,17.527384,132.333987,Cloud to Ground,25474,0,18
2026-08-31T03:36:37.430862738Z,17.539565,132.320933,Cloud to Ground,31098,0,15
2026-08-31T03:36:37.310959840Z,17.521767,132.305849,Cloud to Ground,37761,0,17
2026-08-31T03:36:39.711460931Z,16.841186,127.964286,Cloud to Ground,-27448,0,22
2026-08-31T03:36:39.774790547Z,16.8497,127.967061,Cloud to Ground,-20062,0,24
2026-08-31T03:36:39.445870369Z,19.607609,118.699727,Cloud to Cloud,8451,9963,9
2026-08-31T03:36:39.664643341Z,19.587963,118.70702,Cloud to Cloud,22019,4177,7
2026-08-31T03:36:40.349843816Z,16.47539,129.200415,Cloud to Cloud,10626,17192,7
2026-08-31T03:36:40.603594098Z,16.442562,129.096198,Cloud to Cloud,-14698,9943,7
2026-08-31T03:36:40.351093341Z,16.470587,129.086494,Cloud to Cloud,-9318,3082,10
2026-08-31T03:36:39.858391738Z,16.825955,128.149002,Cloud to Ground,-9577,0,9
2026-08-31T03:36:40.261946322Z,16.851052,128.103998,Cloud to Cloud,10143,14584,8
2026-08-31T03:36:40.151429117Z,16.779827,128.115208,Cloud to Cloud,26360,13132,9
2026-08-31T03:36:40.050440467Z,16.790509,128.111493,Cloud to Ground,28793,0,10
2026-08-31T03:36:42.977507564Z,15.119828,132.599604,Cloud to Ground,-21232,0,7
2026-08-31T03:36:42.983315032Z,15.115124,132.687062,Cloud to Ground,-7483,0,8
2026-08-31T03:36:44.804817670Z,15.514191,131.444216,Cloud to Ground,-8559,0,10
2026-08-31T03:36:52.754268026Z,16.810764,127.925795,Cloud to Cloud,5152,5708,12
2026-08-31T03:36:52.757662176Z,16.893251,127.951067,Cloud to Cloud,24252,3039,7
2026-08-31T03:36:53.523947025Z,19.669257,118.783065,Cloud to Cloud,6801,3032,8
2026-08-31T03:36:53.411063299Z,19.606787,118.716696,Cloud to Cloud,7630,11301,7
2026-08-31T03:36:53.512092736Z,19.605289,118.713248,Cloud to Cloud,9124,7763,5
2026-08-31T03:36:53.400985890Z,19.657649,118.717283,Cloud to Cloud,11372,11814,17
2026-08-31T03:36:53.500794187Z,19.826141,118.696532,Cloud to Ground,-10205,0,8
2026-08-31T03:36:54.688368974Z,18.936202,115.674405,Cloud to Cloud,-13505,3035,10
2026-08-31T03:36:54.685687000Z,18.9452,115.6373,Cloud to Ground,15850,0,5
2026-08-31T03:36:55.494134891Z,16.789203,127.893665,Cloud to Cloud,-9875,4939,7
2026-08-31T03:36:55.301641631Z,19.51979,117.538298,Cloud to Ground,-28839,0,11
2026-08-31T03:36:55.284930273Z,19.494363,117.461825,Cloud to Cloud,-8005,12395,7
2026-08-31T03:36:55.384608341Z,19.558484,117.480159,Cloud to Cloud,9450,15528,8
2026-08-31T03:36:55.378272083Z,19.504393,117.438102,Cloud to Cloud,10025,19852,8
2026-08-31T03:36:56.696658635Z,18.044203,114.210667,Cloud to Ground,-93876,0,15
2026-08-31T03:36:56.855772780Z,18.026636,114.214578,Cloud to Ground,-36232,0,13
2026-08-31T03:36:56.756733984Z,18.040597,114.214914,Cloud to Ground,-34069,0,11
2026-08-31T03:36:56.706810338Z,18.044614,114.221199,Cloud to Cloud,-17816,3041,14
2026-08-31T03:36:56.725010633Z,18.028924,114.226206,Cloud to Ground,-16245,0,13
2026-08-31T03:36:56.755626888Z,17.994523,114.135106,Cloud to Cloud,-14562,5407,7
2026-08-31T03:36:56.740053524Z,18.037162,114.208941,Cloud to Ground,-14431,0,7
2026-08-31T03:36:56.687414551Z,18.036678,114.212987,Cloud to Cloud,-14416,3038,8
2026-08-31T03:36:56.757512750Z,18.015744,114.205877,Cloud to Cloud,15583,11924,12
2026-08-31T03:36:56.900808954Z,18.036645,114.243914,Cloud to Ground,20725,0,9
2026-08-31T03:36:57.097473120Z,19.36325,117.359064,Cloud to Ground,-26763,0,11
2026-08-31T03:36:57.160729689Z,19.363499,117.358147,Cloud to Ground,-26374,0,11
2026-08-31T03:36:57.266022488Z,19.361421,117.360655,Cloud to Ground,-9739,0,6
2026-08-31T03:36:57.234898000Z,19.3649,117.3356,Cloud to Ground,16391,0,6
2026-08-31T03:36:57.340379000Z,19.3745,117.3068,Cloud to Ground,17874,0,5
2026-08-31T03:37:00.472128981Z,16.907058,128.227193,Cloud to Cloud,-16878,9102,11
2026-08-31T03:37:00.860167419Z,16.755658,128.283013,Cloud to Cloud,-6608,4341,9
2026-08-31T03:37:00.465034496Z,16.772473,128.338208,Cloud to Ground,11482,0,8
2026-08-31T03:37:00.467215659Z,16.735676,128.353197,Cloud to Cloud,12763,18847,12
2026-08-31T03:37:01.936130299Z,16.454476,129.117069,Cloud to Cloud,-13920,4030,9
2026-08-31T03:37:01.950826449Z,16.538653,129.056926,Cloud to Cloud,-7933,6788,9
2026-08-31T03:37:01.903228635Z,16.537749,129.116042,Cloud to Ground,34597,0,10
2026-08-31T03:37:07.049619871Z,16.006192,130.304478,Cloud to Cloud,-10467,17795,7
2026-08-31T03:37:06.830593663Z,16.0321,130.282312,Cloud to Cloud,8342,3104,7
2026-08-31T03:37:08.012362951Z,16.636334,128.489592,Cloud to Cloud,13793,12653,8
2026-08-31T03:37:11.930395429Z,16.781213,127.840519,Cloud to Cloud,12760,5443,12
2026-08-31T03:37:14.488885781Z,19.638776,118.815763,Cloud to Cloud,4449,6374,6
2026-08-31T03:37:14.109033048Z,19.663253,118.715284,Cloud to Cloud,6968,17430,8
2026-08-31T03:37:14.206999511Z,19.595805,118.708055,Cloud to Cloud,6998,16811,8
2026-08-31T03:37:14.531523220Z,19.625952,118.712004,Cloud to Cloud,8595,11896,7
2026-08-31T03:37:16.825335798Z,19.38107,117.380239,Cloud to Ground,-35303,0,8
2026-08-31T03:37:16.877425101Z,19.39318,117.373706,Cloud to Ground,-22793,0,12
2026-08-31T03:37:16.931316274Z,19.390506,117.356153,Cloud to Ground,-9619,0,6
2026-08-31T03:37:23.918580361Z,22.65245,114.049067,Cloud to Cloud,12505,4904,8
2026-08-31T03:37:23.911301171Z,22.548819,114.115305,Cloud to Ground,11112,0,8
2026-08-31T03:37:23.904991956Z,22.487523,114.037787,Cloud to Ground,16577,0,10
2026-08-31T03:37:26.537473892Z,19.535308,117.525959,Cloud to Cloud,10004,7304,10
2026-08-31T03:37:26.586298905Z,19.352921,117.364741,Cloud to Ground,-14555,0,8
2026-08-31T03:37:26.684046574Z,19.384474,117.427999,Cloud to Cloud,-9424,3022,9
2026-08-31T03:37:26.792878039Z,19.369424,117.376565,Cloud to Cloud,10493,7091,7
2026-08-31T03:37:26.448860550Z,19.398459,117.387839,Cloud to Cloud,12267,3138,6
2026-08-31T03:37:26.246407072Z,18.697007,115.299132,Cloud to Cloud,9300,6930,7
2026-08-31T03:37:26.258264011Z,18.677353,115.419905,Cloud to Cloud,-10936,7724,7
2026-08-31T03:37:26.240499329Z,18.679803,115.410301,Cloud to Ground,14996,0,12
2026-08-31T03:37:27.168336828Z,19.452595,120.127548,Cloud to Ground,-22017,0,7
2026-08-31T03:37:27.171266708Z,19.444241,120.132963,Cloud to Cloud,7248,19888,7
2026-08-31T03:37:27.178136587Z,19.508697,120.192232,Cloud to Cloud,11882,7262,8
2026-08-31T03:37:27.169824604Z,19.532176,120.159014,Cloud to Cloud,13510,19954,10
2026-08-31T03:37:29.580341662Z,18.777181,115.427399,Cloud to Ground,-23567,0,11
2026-08-31T03:37:29.666379619Z,18.764345,115.445043,Cloud to Cloud,10055,4939,7
