timestamp,latitude,longitude,type,amplitude_ka,height_m,num_sensors
2026-08-30T04:03:51.480930425Z,18.634974,113.903904,Cloud to Cloud,-15081,3009,11
2026-08-30T04:03:51.483227346Z,18.648838,113.899634,Cloud to Cloud,10561,3388,9
2026-08-30T04:03:51.479262635Z,18.638385,113.900738,Cloud to Ground,37239,0,14
2026-08-30T04:03:51.405248039Z,20.107351,115.082459,Cloud to Cloud,-11125,4406,7
2026-08-30T04:03:51.813886671Z,20.139029,115.076786,Cloud to Cloud,9845,3013,10
2026-08-30T04:03:52.782041822Z,3.993806,113.017461,Cloud to Ground,-17348,0,8
2026-08-30T04:03:52.752155415Z,4.051313,112.968703,Cloud to Ground,-16057,0,6
2026-08-30T04:03:52.671127794Z,4.053255,113.021508,Cloud to Ground,12893,0,7
2026-08-30T04:03:52.589463079Z,4.113874,113.020037,Cloud to Ground,21498,0,8
2026-08-30T04:03:52.530105703Z,4.046601,113.025454,Cloud to Ground,23605,0,12
2026-08-30T04:03:52.794823798Z,4.028095,112.987274,Cloud to Ground,25402,0,11
2026-08-30T04:03:53.427906560Z,4.061426,113.011995,Cloud to Ground,41883,0,17
2026-08-30T04:03:53.208500329Z,4.062948,113.01878,Cloud to Ground,53025,0,20
2026-08-30T04:03:52.669965253Z,4.023445,113.020955,Cloud to Ground,53171,0,23
2026-08-30T04:03:52.408312270Z,14.971487,120.745218,Cloud to Cloud,-3874,5898,6
2026-08-30T04:03:52.903127867Z,17.419624,112.949695,Cloud to Cloud,-9865,5150,7
2026-08-30T04:03:52.274503100Z,17.443391,113.018156,Cloud to Ground,28917,0,13
2026-08-30T04:03:52.342268802Z,20.098574,114.922681,Cloud to Cloud,-5219,3113,8
2026-08-30T04:03:54.100388037Z,16.959092,131.714157,Cloud to Ground,-22779,0,13
2026-08-30T04:03:54.098637090Z,16.956589,131.713343,Cloud to Ground,-12099,0,13
2026-08-30T04:03:54.108362868Z,16.945798,131.720418,Cloud to Ground,-9837,0,6
2026-08-30T04:03:54.077292169Z,17.014703,131.752979,Cloud to Ground,13636,0,8
2026-08-30T04:03:54.551897028Z,17.045241,131.857363,Cloud to Ground,14072,0,7
2026-08-30T04:03:54.493460670Z,17.061351,131.697882,Cloud to Ground,18887,0,10
2026-08-30T04:03:54.754005000Z,17.0434,131.7042,Cloud to Ground,28266,0,7
2026-08-30T04:03:55.173849926Z,17.04061,131.768278,Cloud to Ground,33781,0,13
2026-08-30T04:03:54.075698308Z,17.035357,131.780372,Cloud to Ground,41858,0,19
2026-08-30T04:03:54.630445171Z,17.032182,131.786627,Cloud to Ground,45142,0,21
2026-08-30T04:03:54.204620727Z,16.999665,131.795777,Cloud to Ground,45647,0,10
2026-08-30T04:03:54.537459245Z,17.046928,131.771467,Cloud to Ground,48639,0,16
2026-08-30T04:03:53.971156889Z,17.042187,131.788071,Cloud to Ground,139745,0,17
2026-08-30T04:03:53.780173678Z,18.191969,113.139531,Cloud to Cloud,-10860,3665,7
2026-08-30T04:03:53.543000138Z,18.277311,113.198568,Cloud to Ground,28593,0,10
2026-08-30T04:03:54.207969198Z,16.837155,131.817269,Cloud to Cloud,-13638,4146,7
2026-08-30T04:03:56.477858510Z,4.457592,113.239336,Cloud to Ground,-25201,0,14
2026-08-30T04:03:56.591973099Z,4.444193,113.223553,Cloud to Ground,-14601,0,6
2026-08-30T04:03:58.336991491Z,18.30128,113.449971,Cloud to Cloud,11981,6330,7
2026-08-30T04:03:58.452887816Z,18.651708,114.181564,Cloud to Cloud,-19847,5592,10
2026-08-30T04:03:58.461509210Z,18.658176,114.167135,Cloud to Cloud,-12699,7805,12
2026-08-30T04:03:58.456110786Z,18.673041,114.165239,Cloud to Cloud,5979,3036,6
2026-08-30T04:03:58.451423032Z,18.665562,114.17011,Cloud to Cloud,8617,5792,11
2026-08-30T04:03:58.451007049Z,18.650245,114.172064,Cloud to Ground,12438,0,12
2026-08-30T04:03:58.457770897Z,18.676315,114.169349,Cloud to Cloud,12599,3030,9
2026-08-30T04:03:58.452332799Z,18.651663,114.171121,Cloud to Ground,19828,0,15
2026-08-30T04:04:00.244982493Z,18.426813,113.421271,Cloud to Ground,-12816,0,8
2026-08-30T04:04:00.326515721Z,18.437524,113.396647,Cloud to Cloud,13328,3351,8
2026-08-30T04:04:01.988498488Z,19.472757,118.570726,Cloud to Cloud,-19239,3012,9
2026-08-30T04:04:01.986294541Z,19.538218,118.605894,Cloud to Cloud,19711,7292,9
2026-08-30T04:04:01.987347486Z,19.373161,118.620115,Cloud to Ground,18103,0,10
2026-08-30T04:04:01.179938622Z,18.665735,119.891837,Cloud to Cloud,12889,11755,10
2026-08-30T04:04:01.395696155Z,18.643343,119.831885,Cloud to Ground,66538,0,12
2026-08-30T04:04:01.792509532Z,22.037152,113.256065,Cloud to Cloud,-15956,7062,7
2026-08-30T04:04:03.531805323Z,19.076992,115.663628,Cloud to Ground,-32320,0,11
2026-08-30T04:04:03.641403086Z,19.098314,115.66361,Cloud to Ground,-19630,0,9
2026-08-30T04:04:04.117801594Z,18.933878,115.698938,Cloud to Cloud,5710,6870,7
2026-08-30T04:04:04.379951815Z,18.967348,115.759761,Cloud to Cloud,7718,19776,7
2026-08-30T04:04:03.575000942Z,19.061516,115.657195,Cloud to Cloud,15358,11928,11
2026-08-30T04:04:03.773700258Z,19.019285,115.728591,Cloud to Ground,17766,0,12
2026-08-30T04:04:03.575461000Z,18.9575,115.6915,Cloud to Ground,20963,0,6
2026-08-30T04:04:02.643098026Z,22.145416,113.332749,Cloud to Cloud,-14001,4717,9
2026-08-30T04:04:02.972907315Z,22.079974,113.288633,Cloud to Cloud,-13354,16114,8
2026-08-30T04:04:03.281213417Z,22.056618,113.261299,Cloud to Cloud,-12579,4976,7
2026-08-30T04:04:03.270786930Z,22.08428,113.310372,Cloud to Ground,-12508,0,8
2026-08-30T04:04:02.898798373Z,22.124258,113.341883,Cloud to Cloud,-10943,17524,8
2026-08-30T04:04:02.930474085Z,22.146515,113.348627,Cloud to Cloud,11658,17786,6
2026-08-30T04:04:05.552229527Z,18.926515,115.734415,Cloud to Cloud,-57025,3061,13
2026-08-30T04:04:05.547325534Z,19.269296,122.910532,Cloud to Ground,-96196,0,10
2026-08-30T04:04:05.540839989Z,19.269584,122.892304,Cloud to Cloud,-20788,13123,8
2026-08-30T04:04:05.540432597Z,19.236696,122.785384,Cloud to Cloud,-16806,5777,8
2026-08-30T04:04:06.475307843Z,18.511835,113.439587,Cloud to Ground,-40189,0,18
2026-08-30T04:04:06.477511659Z,18.508849,113.433355,Cloud to Ground,-15295,0,10
2026-08-30T04:04:06.491215914Z,18.542352,113.408705,Cloud to Cloud,19904,5612,7
2026-08-30T04:04:06.781310213Z,19.263525,118.443586,Cloud to Ground,-9625,0,7
2026-08-30T04:04:06.624344495Z,20.8391,113.955368,Cloud to Cloud,14629,3002,6
2026-08-30T04:04:06.604086543Z,20.686595,114.032387,Cloud to Ground,14286,0,10
2026-08-30T04:04:06.605403000Z,20.6559,114.0322,Cloud to Ground,15668,0,6
2026-08-30T04:04:06.606936704Z,20.714058,114.069015,Cloud to Ground,15936,0,9
2026-08-30T04:04:07.121897383Z,17.061568,131.719154,Cloud to Ground,-27981,0,28
2026-08-30T04:04:07.652188878Z,16.977834,131.907797,Cloud to Ground,-15478,0,9
2026-08-30T04:04:07.654658580Z,17.084503,131.93332,Cloud to Ground,-12667,0,11
2026-08-30T04:04:07.176716778Z,17.082839,131.922255,Cloud to Ground,11400,0,8
2026-08-30T04:04:07.298344458Z,17.050624,131.906941,Cloud to Ground,15057,0,9
2026-08-30T04:04:07.290732660Z,17.099598,131.951127,Cloud to Ground,37566,0,18
2026-08-30T04:04:07.431030642Z,17.019224,131.941543,Cloud to Ground,47717,0,12
2026-08-30T04:04:07.650876247Z,17.012851,131.947534,Cloud to Ground,52244,0,13
2026-08-30T04:04:07.177463704Z,17.093548,131.922075,Cloud to Ground,64544,0,16
2026-08-30T04:04:06.948213496Z,19.404743,118.506786,Cloud to Cloud,-9066,5141,10
2026-08-30T04:04:07.157707933Z,19.34691,118.399388,Cloud to Cloud,-4633,6693,7
2026-08-30T04:04:07.126858828Z,19.382718,118.439493,Cloud to Cloud,14691,19994,8
2026-08-30T04:04:09.334442025Z,20.092627,115.167321,Cloud to Cloud,-8208,9655,9
2026-08-30T04:04:09.337460490Z,20.147476,115.105172,Cloud to Ground,-7745,0,7
2026-08-30T04:04:09.182560821Z,20.102445,115.159398,Cloud to Ground,8255,0,6
2026-08-30T04:04:09.197780962Z,20.124908,115.151154,Cloud to Cloud,9008,4462,6
2026-08-30T04:04:08.944244715Z,20.132319,115.148225,Cloud to Ground,15684,0,10
2026-08-30T04:04:09.299967391Z,20.133663,115.143909,Cloud to Ground,18206,0,9
2026-08-30T04:04:08.945909759Z,20.12958,115.156064,Cloud to Ground,29881,0,17
2026-08-30T04:04:09.933835136Z,8.986591,117.800844,Cloud to Cloud,19072,7542,9
2026-08-30T04:04:10.884775301Z,20.517324,112.992908,Cloud to Cloud,-33865,3710,11
2026-08-30T04:04:11.047698112Z,20.454021,112.964816,Cloud to Cloud,-17304,13651,10
2026-08-30T04:04:10.904838040Z,20.504677,112.972978,Cloud to Cloud,12395,3007,9
2026-08-30T04:04:10.968446932Z,20.510274,112.933574,Cloud to Cloud,12961,3002,10
2026-08-30T04:04:10.094583471Z,20.11934,114.710286,Cloud to Cloud,-10638,3001,8
2026-08-30T04:04:11.877532428Z,4.957452,114.134908,Cloud to Cloud,13503,3412,6
2026-08-30T04:04:11.942290700Z,19.353719,116.639399,Cloud to Cloud,-9998,3012,11
2026-08-30T04:04:11.899421293Z,19.35683,116.638797,Cloud to Ground,9483,0,10
2026-08-30T04:04:11.978481099Z,19.452904,116.65436,Cloud to Cloud,7837,9225,7
2026-08-30T04:04:11.368836523Z,14.951975,120.911835,Cloud to Cloud,-6175,8874,6
2026-08-30T04:04:11.862198631Z,20.357485,113.637118,Cloud to Cloud,-11028,19519,7
2026-08-30T04:04:12.938586225Z,18.274469,113.433949,Cloud to Cloud,-16010,3220,12
2026-08-30T04:04:12.937566807Z,18.278232,113.403405,Cloud to Ground,-9120,0,7
2026-08-30T04:04:12.343082117Z,18.199865,113.5045,Cloud to Cloud,21658,4687,7
2026-08-30T04:04:12.422074225Z,18.481675,113.436328,Cloud to Ground,-9021,0,7
2026-08-30T04:04:12.361114486Z,18.547509,113.527479,Cloud to Ground,-10851,0,10
2026-08-30T04:04:13.663751883Z,16.590061,128.407074,Cloud to Ground,-16341,0,8
2026-08-30T04:04:13.663237886Z,16.531701,128.442453,Cloud to Cloud,24031,19098,9
2026-08-30T04:04:13.666696177Z,16.600388,128.428435,Cloud to Ground,28799,0,13
2026-08-30T04:04:13.204170057Z,18.384412,113.306883,Cloud to Cloud,9955,7410,8
2026-08-30T04:04:13.964803244Z,20.48124,112.946544,Cloud to Cloud,-14480,3035,10
2026-08-30T04:04:13.932546685Z,20.503131,112.939452,Cloud to Ground,-12095,0,7
2026-08-30T04:04:13.542292840Z,20.536311,112.828981,Cloud to Cloud,-8692,3045,7
2026-08-30T04:04:13.417712921Z,20.5337,112.881946,Cloud to Cloud,11228,10232,7
2026-08-30T04:04:15.132724374Z,22.062619,113.250671,Cloud to Cloud,-8566,12431,10
2026-08-30T04:04:16.089763818Z,18.986673,118.231142,Cloud to Ground,-20979,0,11
2026-08-30T04:04:16.268548423Z,18.977753,118.230582,Cloud to Ground,-14420,0,11
2026-08-30T04:04:16.280498629Z,18.978534,118.233448,Cloud to Ground,-8644,0,7
2026-08-30T04:04:16.446801722Z,20.291057,113.347383,Cloud to Cloud,-12689,3313,12
2026-08-30T04:04:15.889973920Z,20.266397,113.388884,Cloud to Cloud,-8941,3796,8
2026-08-30T04:04:16.445287286Z,20.298469,113.242173,Cloud to Ground,14654,0,9
2026-08-30T04:04:16.417027766Z,20.291933,113.294417,Cloud to Cloud,15048,4185,8
2026-08-30T04:04:16.435934231Z,22.054675,113.193297,Cloud to Cloud,-13602,3097,10
2026-08-30T04:04:18.439581520Z,16.955078,131.726899,Cloud to Ground,-14854,0,10
2026-08-30T04:04:18.687299608Z,17.004604,131.747738,Cloud to Ground,-14064,0,8
2026-08-30T04:04:18.694725922Z,16.970127,131.767603,Cloud to Ground,-12646,0,7
2026-08-30T04:04:18.715737018Z,17.017509,131.760072,Cloud to Ground,47183,0,15
2026-08-30T04:04:19.121121951Z,16.755189,131.058922,Cloud to Ground,-18865,0,12
2026-08-30T04:04:18.942723381Z,16.77799,131.065815,Cloud to Cloud,-14485,12029,15
2026-08-30T04:04:18.939219053Z,16.723473,131.103912,Cloud to Ground,21539,0,8
2026-08-30T04:04:18.939726975Z,16.740016,131.101466,Cloud to Cloud,22527,17887,13
2026-08-30T04:04:18.770951863Z,19.345107,122.892818,Cloud to Ground,-43021,0,12
2026-08-30T04:04:18.862810157Z,19.32297,122.900129,Cloud to Ground,-27842,0,12
2026-08-30T04:04:19.091658873Z,17.053441,131.645977,Cloud to Ground,-25472,0,10
2026-08-30T04:04:21.794762864Z,22.864628,113.247615,Cloud to Ground,-10864,0,9
2026-08-30T04:04:21.792332747Z,22.853344,113.168068,Cloud to Cloud,9111,3001,8
2026-08-30T04:04:21.793247446Z,22.920262,113.217705,Cloud to Cloud,9917,5691,12
2026-08-30T04:04:22.142019308Z,22.795528,113.283796,Cloud to Cloud,10234,3013,7
2026-08-30T04:04:21.863547942Z,22.93351,113.24315,Cloud to Ground,48158,0,14
2026-08-30T04:04:21.193850817Z,20.15657,115.078756,Cloud to Cloud,-15259,11162,12
2026-08-30T04:04:21.423022078Z,20.106102,115.083575,Cloud to Cloud,-13030,3842,7
2026-08-30T04:04:21.274566615Z,20.088001,115.083431,Cloud to Cloud,-11195,3015,7
2026-08-30T04:04:21.104997054Z,20.108781,115.096593,Cloud to Cloud,8017,17306,6
2026-08-30T04:04:21.432957296Z,20.151711,115.076264,Cloud to Cloud,14334,3027,8
2026-08-30T04:04:21.260213557Z,20.119737,115.082368,Cloud to Ground,17140,0,7
2026-08-30T04:04:21.383724426Z,20.104345,115.080093,Cloud to Ground,27391,0,12
2026-08-30T04:04:21.628412767Z,20.120132,114.982755,Cloud to Cloud,-24890,5428,13
2026-08-30T04:04:21.648360318Z,20.130923,114.965134,Cloud to Cloud,-12326,5851,9
2026-08-30T04:04:21.636240183Z,20.11835,114.964544,Cloud to Cloud,14896,14616,8
2026-08-30T04:04:21.629022454Z,20.100221,114.981363,Cloud to Ground,15247,0,8
2026-08-30T04:04:22.907377529Z,4.641652,113.263266,Cloud to Ground,11200,0,8
2026-08-30T04:04:22.905674125Z,4.562939,113.220506,Cloud to Ground,14703,0,7
2026-08-30T04:04:23.391415485Z,17.09388,131.937204,Cloud to Ground,18652,0,10
2026-08-30T04:04:23.826180221Z,18.261043,113.441198,Cloud to Ground,-11373,0,7
2026-08-30T04:04:23.146163523Z,21.948197,113.269375,Cloud to Ground,-21236,0,11
2026-08-30T04:04:23.318906082Z,21.932312,113.274224,Cloud to Ground,-15113,0,12
2026-08-30T04:04:23.322548473Z,22.054658,113.219337,Cloud to Cloud,-12129,6877,12
2026-08-30T04:04:23.147650395Z,22.003897,113.214842,Cloud to Cloud,7275,7518,7
2026-08-30T04:04:22.680787503Z,21.969316,113.207439,Cloud to Cloud,9222,3055,11
2026-08-30T04:04:23.316265451Z,22.092226,113.201358,Cloud to Cloud,10951,3878,10
2026-08-30T04:04:23.033442000Z,21.9632,113.1653,Cloud to Ground,70562,0,5
2026-08-30T04:04:23.010294000Z,15.0916,119.8431,Cloud to Ground,-6235,0,5
2026-08-30T04:04:23.006972326Z,15.083752,119.896321,Cloud to Cloud,13816,15025,10
2026-08-30T04:04:24.819196386Z,16.974659,131.952801,Cloud to Ground,-46577,0,20
2026-08-30T04:04:24.934494000Z,16.955,132.0983,Cloud to Ground,18131,0,5
2026-08-30T04:04:24.875977000Z,16.9606,132.0537,Cloud to Ground,33370,0,7
2026-08-30T04:04:25.156005114Z,16.961962,132.0641,Cloud to Ground,33911,0,14
2026-08-30T04:04:25.518392006Z,19.334272,114.915629,Cloud to Cloud,-10999,10096,7
2026-08-30T04:04:25.785162947Z,19.361745,114.8809,Cloud to Ground,-8101,0,7
2026-08-30T04:04:25.514081452Z,19.369004,114.887103,Cloud to Cloud,9795,3002,7
2026-08-30T04:04:25.128621065Z,19.444633,114.813294,Cloud to Ground,22078,0,10
2026-08-30T04:04:26.437229578Z,17.08557,131.9118,Cloud to Ground,-33844,0,16
2026-08-30T04:04:27.157808975Z,17.107767,131.966323,Cloud to Ground,-19575,0,10
2026-08-30T04:04:26.528548835Z,17.041416,131.931871,Cloud to Ground,-11006,0,7
2026-08-30T04:04:26.556351870Z,17.085088,131.917122,Cloud to Ground,9588,0,9
2026-08-30T04:04:27.170570122Z,17.102317,131.902209,Cloud to Ground,42564,0,15
2026-08-30T04:04:26.535283413Z,17.096408,131.912803,Cloud to Ground,86788,0,14
2026-08-30T04:04:28.522987072Z,17.51414,120.545948,Cloud to Cloud,-5221,17456,7
2026-08-30T04:04:28.463651252Z,17.550515,120.511931,Cloud to Ground,33614,0,16
2026-08-30T04:04:28.284474000Z,17.5735,120.4993,Cloud to Ground,35123,0,7
2026-08-30T04:04:28.700742804Z,20.134522,115.147616,Cloud to Ground,-9828,0,8
2026-08-30T04:04:29.168236789Z,16.469793,130.978197,Cloud to Cloud,-21817,3023,14
2026-08-30T04:04:29.167074610Z,16.46772,130.967618,Cloud to Cloud,-14090,12917,15
2026-08-30T04:04:29.170756860Z,16.469628,130.937652,Cloud to Cloud,-13787,4379,15
2026-08-30T04:04:29.166463310Z,16.470885,130.94726,Cloud to Cloud,18831,3030,11
2026-08-30T04:04:29.067790156Z,17.113728,131.34191,Cloud to Cloud,-16297,12736,18
2026-08-30T04:04:29.061245235Z,17.074954,131.361241,Cloud to Cloud,-10223,3015,7
2026-08-30T04:04:29.057139805Z,17.100429,131.36064,Cloud to Ground,20811,0,11
2026-08-30T04:04:29.223594777Z,17.681934,113.155239,Cloud to Cloud,-35550,4175,10
2026-08-30T04:04:29.226814043Z,17.671118,113.144754,Cloud to Cloud,-15665,4662,12
2026-08-30T04:04:29.229056414Z,17.649345,113.145242,Cloud to Cloud,-11134,3053,7
2026-08-30T04:04:29.219983685Z,17.671144,113.07585,Cloud to Ground,16825,0,11
2026-08-30T04:04:30.429885872Z,18.457443,113.570491,Cloud to Ground,-8394,0,9
2026-08-30T04:04:30.428961161Z,18.447761,113.470538,Cloud to Ground,17227,0,10
2026-08-30T04:04:29.908684374Z,22.145706,113.340815,Cloud to Cloud,-27655,4278,17
2026-08-30T04:04:30.143172195Z,22.148562,113.343955,Cloud to Ground,-14549,0,11
2026-08-30T04:04:30.001511772Z,22.140422,113.341283,Cloud to Ground,-12910,0,12
2026-08-30T04:04:30.090208387Z,22.17057,113.335174,Cloud to Ground,34042,0,13
2026-08-30T04:04:31.322092404Z,16.798925,127.562119,Cloud to Ground,-27291,0,19
2026-08-30T04:04:31.322770016Z,16.788707,127.563351,Cloud to Ground,-21671,0,16
2026-08-30T04:04:31.230844008Z,16.769932,127.663243,Cloud to Ground,-77900,0,13
2026-08-30T04:04:31.243147914Z,16.792226,127.695055,Cloud to Ground,-38426,0,18
2026-08-30T04:04:31.260981358Z,16.767452,127.701875,Cloud to Ground,-20560,0,10
2026-08-30T04:04:31.254796303Z,16.785473,127.723338,Cloud to Cloud,-5438,16745,6
2026-08-30T04:04:31.285725497Z,16.815468,127.708073,Cloud to Ground,30831,0,10
2026-08-30T04:04:33.561359536Z,17.118008,131.796997,Cloud to Ground,-76682,0,29
2026-08-30T04:04:33.962322100Z,18.532384,113.152293,Cloud to Ground,9953,0,8
2026-08-30T04:04:33.733812134Z,18.459637,113.214067,Cloud to Cloud,-10595,5955,8
2026-08-30T04:04:34.216830436Z,18.354497,113.255612,Cloud to Cloud,-5161,6430,7
2026-08-30T04:04:33.825581967Z,18.430963,113.344998,Cloud to Cloud,6206,3068,8
2026-08-30T04:04:33.732538592Z,18.404908,113.170368,Cloud to Ground,8224,0,14
2026-08-30T04:04:33.735884896Z,18.416864,113.255901,Cloud to Cloud,11257,3458,8
2026-08-30T04:04:33.756876263Z,18.407115,113.255753,Cloud to Ground,12698,0,12
2026-08-30T04:04:33.737918608Z,18.406124,113.168136,Cloud to Ground,15992,0,10
2026-08-30T04:04:33.824385076Z,18.425719,113.26712,Cloud to Ground,18748,0,10
2026-08-30T04:04:35.946061378Z,19.72017,114.380932,Cloud to Ground,20474,0,15
2026-08-30T04:04:35.626900119Z,19.038722,115.698227,Cloud to Cloud,-8538,4071,7
2026-08-30T04:04:36.321206423Z,18.565643,113.481343,Cloud to Cloud,9462,15366,10
2026-08-30T04:04:36.450148223Z,18.594253,113.542953,Cloud to Ground,13959,0,7
2026-08-30T04:04:37.676539906Z,20.166615,114.655221,Cloud to Cloud,-12023,6803,10
2026-08-30T04:04:37.598167199Z,20.145797,114.705148,Cloud to Cloud,12794,4784,8
2026-08-30T04:04:37.776683859Z,20.222888,114.600599,Cloud to Ground,14469,0,7
2026-08-30T04:04:37.062056976Z,18.298481,113.217335,Cloud to Ground,-7322,0,7
2026-08-30T04:04:37.061336454Z,18.279737,113.153501,Cloud to Cloud,5922,6987,8
2026-08-30T04:04:38.954088906Z,20.113917,115.158734,Cloud to Cloud,-9085,3028,11
2026-08-30T04:04:38.587651072Z,20.118959,115.168551,Cloud to Cloud,8277,3009,6
2026-08-30T04:04:39.460499435Z,22.078401,113.227826,Cloud to Cloud,-14647,7811,7
2026-08-30T04:04:40.773171568Z,17.804752,125.183026,Cloud to Cloud,4479,14352,8
2026-08-30T04:04:40.913076518Z,17.805343,125.177534,Cloud to Cloud,7396,4549,9
2026-08-30T04:04:40.954749477Z,17.805053,125.179666,Cloud to Cloud,9336,15288,11
2026-08-30T04:04:40.630306430Z,20.801971,114.008259,Cloud to Cloud,-10348,19641,11
2026-08-30T04:04:40.628645792Z,20.771817,114.016888,Cloud to Cloud,10945,3025,9
2026-08-30T04:04:40.636589342Z,20.77243,114.011893,Cloud to Ground,20906,0,13
2026-08-30T04:04:41.158136130Z,22.069623,113.23236,Cloud to Cloud,8304,3006,7
2026-08-30T04:04:42.625367691Z,18.290575,113.460629,Cloud to Ground,-5993,0,6
2026-08-30T04:04:42.350280299Z,18.664353,113.911161,Cloud to Ground,9548,0,13
2026-08-30T04:04:42.351133477Z,18.668801,113.937414,Cloud to Ground,11806,0,9
2026-08-30T04:04:42.352122909Z,18.671031,113.905496,Cloud to Cloud,15893,10093,9
2026-08-30T04:04:43.271320343Z,22.062771,113.272558,Cloud to Cloud,-12899,18733,11
2026-08-30T04:04:43.002136658Z,22.107886,113.258178,Cloud to Cloud,-10135,6582,7
2026-08-30T04:04:44.532644660Z,17.056582,131.064635,Cloud to Cloud,-12667,11336,9
2026-08-30T04:04:44.657328906Z,16.994935,131.073041,Cloud to Ground,-10292,0,9
2026-08-30T04:04:44.522117131Z,17.046989,131.081173,Cloud to Cloud,22390,4483,13
2026-08-30T04:04:44.533325047Z,17.060798,131.073885,Cloud to Ground,22654,0,12
2026-08-30T04:04:44.697603736Z,17.121733,131.92651,Cloud to Ground,-25131,0,13
2026-08-30T04:04:45.971825878Z,18.271009,113.402072,Cloud to Cloud,-14468,14856,10
2026-08-30T04:04:45.818083488Z,18.283035,113.40908,Cloud to Ground,-10351,0,7
2026-08-30T04:04:45.602895129Z,20.213333,114.174703,Cloud to Cloud,-10781,4350,7
2026-08-30T04:04:45.733316107Z,20.277683,113.105759,Cloud to Cloud,14754,3030,8
2026-08-30T04:04:45.756617088Z,20.293552,113.107851,Cloud to Cloud,16410,3331,10
2026-08-30T04:04:45.731002596Z,20.312588,113.199993,Cloud to Ground,20017,0,17
2026-08-30T04:04:49.698973169Z,4.051329,113.006096,Cloud to Ground,24575,0,8
2026-08-30T04:04:49.586755972Z,4.054868,113.020032,Cloud to Ground,30977,0,8
2026-08-30T04:04:49.525641531Z,4.051754,113.00337,Cloud to Ground,32362,0,6
2026-08-30T04:04:49.702194063Z,4.040314,113.002187,Cloud to Ground,32874,0,7
2026-08-30T04:04:49.626846742Z,4.065093,113.027967,Cloud to Ground,37049,0,10
2026-08-30T04:04:49.671674698Z,4.069831,113.023051,Cloud to Ground,44371,0,12
2026-08-30T04:04:49.403172881Z,4.055677,113.03811,Cloud to Ground,60027,0,13
2026-08-30T04:04:49.492078343Z,4.061473,113.018919,Cloud to Ground,60351,0,16
2026-08-30T04:04:49.229542839Z,22.184493,113.243911,Cloud to Cloud,-35732,5214,10
2026-08-30T04:04:49.228993981Z,22.055226,113.259223,Cloud to Ground,-28988,0,12
2026-08-30T04:04:49.398095588Z,22.053794,113.183904,Cloud to Cloud,-20611,3001,13
2026-08-30T04:04:49.230159579Z,21.979612,113.238913,Cloud to Cloud,-19726,5154,16
2026-08-30T04:04:49.397103502Z,22.051759,113.26271,Cloud to Ground,-11770,0,7
2026-08-30T04:04:48.845801934Z,22.053449,113.262258,Cloud to Cloud,-8885,3008,9
2026-08-30T04:04:48.748313119Z,22.092562,113.289766,Cloud to Cloud,7507,3175,7
2026-08-30T04:04:49.345547984Z,17.204285,120.659859,Cloud to Cloud,22436,18654,10
2026-08-30T04:04:49.344848326Z,17.281258,120.624784,Cloud to Ground,28303,0,12
2026-08-30T04:04:51.608820283Z,16.996917,131.775587,Cloud to Ground,-23563,0,10
2026-08-30T04:04:52.145562721Z,16.964421,131.776943,Cloud to Ground,-16166,0,12
2026-08-30T04:04:52.144308015Z,16.959083,131.782662,Cloud to Ground,-14815,0,10
2026-08-30T04:04:52.133159901Z,16.946465,131.776772,Cloud to Ground,-12369,0,14
2026-08-30T04:04:52.137931725Z,16.971932,131.753751,Cloud to Ground,-5583,0,6
2026-08-30T04:04:52.208996010Z,16.982256,131.746633,Cloud to Ground,9978,0,10
2026-08-30T04:04:52.722632594Z,17.052439,131.750553,Cloud to Ground,10587,0,12
2026-08-30T04:04:51.839195580Z,17.050586,131.751509,Cloud to Ground,14153,0,10
2026-08-30T04:04:52.550500336Z,17.049396,131.748232,Cloud to Ground,35809,0,15
2026-08-30T04:04:51.751751570Z,17.039554,131.764826,Cloud to Ground,181629,0,23
2026-08-30T04:04:52.028324437Z,16.61848,128.184876,Cloud to Ground,23374,0,8
2026-08-30T04:04:52.063400301Z,18.119564,113.482936,Cloud to Ground,12375,0,8
2026-08-30T04:04:52.892357543Z,17.477491,113.046341,Cloud to Cloud,12915,4717,11
2026-08-30T04:04:52.646755569Z,17.468907,113.022231,Cloud to Ground,25085,0,13
2026-08-30T04:04:53.256457379Z,18.417422,113.396535,Cloud to Cloud,-11423,7475,6
2026-08-30T04:04:53.460342558Z,18.41602,113.291163,Cloud to Cloud,6847,15067,6
2026-08-30T04:04:53.349797673Z,18.421544,113.347206,Cloud to Cloud,8671,5069,8
2026-08-30T04:04:55.537745254Z,18.523966,124.656775,Cloud to Cloud,15522,4561,12
2026-08-30T04:04:55.312772310Z,19.36013,116.629597,Cloud to Ground,-8844,0,7
2026-08-30T04:04:55.267583541Z,19.365518,116.658691,Cloud to Cloud,7773,14291,6
2026-08-30T04:04:55.288112947Z,19.339942,116.633232,Cloud to Ground,38383,0,10
2026-08-30T04:04:55.193310558Z,19.557331,114.000605,Cloud to Ground,-10855,0,8
2026-08-30T04:04:55.189808823Z,19.570152,113.993698,Cloud to Cloud,9392,3221,8
2026-08-30T04:04:55.191040762Z,19.556103,113.973427,Cloud to Ground,16027,0,7
2026-08-30T04:04:56.953850048Z,21.822526,112.757853,Cloud to Ground,-38964,0,11
2026-08-30T04:04:56.953373354Z,21.874335,112.961963,Cloud to Ground,-93612,0,16
2026-08-30T04:04:56.962649977Z,21.848941,112.98877,Cloud to Ground,-43385,0,14
2026-08-30T04:04:57.018498982Z,21.850878,112.981905,Cloud to Cloud,-18316,3012,14
2026-08-30T04:04:56.254116769Z,20.132201,115.11964,Cloud to Ground,-25552,0,9
2026-08-30T04:04:56.359426903Z,18.877668,115.915715,Cloud to Ground,-26543,0,11
2026-08-30T04:04:56.547799469Z,18.882252,115.911312,Cloud to Ground,-12855,0,7
2026-08-30T04:04:55.732459000Z,18.9385,115.9324,Cloud to Ground,33734,0,5
2026-08-30T04:04:57.195457977Z,20.097493,115.015325,Cloud to Ground,23862,0,10
2026-08-30T04:04:56.927275906Z,20.107002,114.99194,Cloud to Ground,33359,0,9
2026-08-30T04:04:57.762991727Z,20.373705,113.641709,Cloud to Cloud,11741,3074,7
2026-08-30T04:04:57.761126193Z,20.35035,113.649591,Cloud to Ground,29745,0,12
2026-08-30T04:04:57.093123572Z,21.99763,112.839704,Cloud to Cloud,-19941,3000,8
2026-08-30T04:04:57.184592130Z,20.138231,115.115508,Cloud to Ground,-13513,0,11
2026-08-30T04:04:57.098932506Z,20.132008,115.113943,Cloud to Ground,-7611,0,6
2026-08-30T04:04:58.500722440Z,16.586986,129.045996,Cloud to Ground,-52283,0,16
2026-08-30T04:04:58.646744992Z,16.583516,129.067121,Cloud to Ground,-18623,0,7
2026-08-30T04:04:58.366178777Z,16.537288,129.033399,Cloud to Cloud,-9780,16438,11
2026-08-30T04:04:58.393409999Z,16.59789,129.010349,Cloud to Cloud,-4762,3027,8
2026-08-30T04:04:59.327009902Z,16.849533,129.162618,Cloud to Cloud,-12976,18410,7
2026-08-30T04:04:58.893592485Z,16.85274,129.161237,Cloud to Cloud,13288,10994,8
2026-08-30T04:05:00.749332540Z,20.414888,113.354155,Cloud to Ground,-9683,0,9
2026-08-30T04:05:00.847090044Z,20.373162,113.415229,Cloud to Ground,-8138,0,6
2026-08-30T04:05:00.625376176Z,20.380645,113.349401,Cloud to Cloud,9524,7430,8
2026-08-30T04:05:00.514416582Z,20.369113,113.321869,Cloud to Ground,15238,0,10
2026-08-30T04:05:00.511803537Z,20.391287,113.416069,Cloud to Cloud,17801,15939,9
2026-08-30T04:05:00.518689891Z,20.392824,113.410298,Cloud to Ground,19365,0,11
2026-08-30T04:05:00.530568806Z,22.134617,113.335647,Cloud to Cloud,-13751,15673,11
2026-08-30T04:05:01.960498483Z,20.262438,114.204829,Cloud to Ground,-9652,0,8
2026-08-30T04:05:02.447822015Z,22.056789,113.192969,Cloud to Ground,-23680,0,12
2026-08-30T04:05:03.340540344Z,18.285298,113.454275,Cloud to Cloud,-14750,18347,12
2026-08-30T04:05:04.904037270Z,4.941438,114.127294,Cloud to Cloud,-9908,5126,6
2026-08-30T04:05:04.787578394Z,4.988302,114.136765,Cloud to Cloud,-8770,3013,7
2026-08-30T04:05:06.315830949Z,20.24119,113.297354,Cloud to Cloud,7806,7195,8
2026-08-30T04:05:06.643090012Z,22.031849,113.214061,Cloud to Cloud,-9699,16579,13
2026-08-30T04:05:06.331942986Z,22.041303,113.21084,Cloud to Cloud,6846,13302,7
2026-08-30T04:05:06.677387708Z,22.004327,113.217512,Cloud to Cloud,21096,17128,12
2026-08-30T04:05:06.319012775Z,20.250527,113.402855,Cloud to Ground,11374,0,10
2026-08-30T04:05:07.196311975Z,4.056431,113.113203,Cloud to Ground,10512,0,9
2026-08-30T04:05:08.482583427Z,17.118083,131.818421,Cloud to Ground,-36539,0,15
2026-08-30T04:05:08.108698691Z,18.265694,113.399505,Cloud to Ground,-13953,0,9
2026-08-30T04:05:07.848327289Z,18.268195,113.451212,Cloud to Ground,-12250,0,8
2026-08-30T04:05:08.016340291Z,18.263456,113.343926,Cloud to Ground,12955,0,11
2026-08-30T04:05:07.965009185Z,18.261042,113.45206,Cloud to Ground,13403,0,8
2026-08-30T04:05:08.065151250Z,18.527197,113.569211,Cloud to Ground,-10555,0,7
2026-08-30T04:05:08.112089271Z,18.506934,113.579525,Cloud to Cloud,10963,17874,8
2026-08-30T04:05:08.829912173Z,14.951149,120.949828,Cloud to Cloud,5409,4354,6
2026-08-30T04:05:09.297812657Z,17.115519,127.445295,Cloud to Cloud,-24544,6006,9
2026-08-30T04:05:09.316569929Z,17.039209,127.469096,Cloud to Cloud,-16411,3036,8
2026-08-30T04:05:09.295217788Z,17.069358,127.456067,Cloud to Cloud,-14269,3946,10
2026-08-30T04:05:09.299897766Z,17.042168,127.473181,Cloud to Cloud,-10865,6173,7
2026-08-30T04:05:09.294425522Z,17.062041,127.468001,Cloud to Ground,19996,0,10
2026-08-30T04:05:09.296552777Z,16.957939,127.480683,Cloud to Ground,21855,0,9
2026-08-30T04:05:09.620257261Z,20.116286,115.061992,Cloud to Cloud,-31479,3083,13
2026-08-30T04:05:09.431526201Z,20.103324,114.992137,Cloud to Cloud,-13363,12376,7
2026-08-30T04:05:09.343162166Z,20.125898,115.065688,Cloud to Cloud,8579,7678,7
2026-08-30T04:05:09.503574910Z,18.440527,116.306764,Cloud to Ground,-9244,0,7
2026-08-30T04:05:09.579100000Z,18.4599,116.3095,Cloud to Ground,34513,0,8
2026-08-30T04:05:09.487827000Z,18.3057,116.3265,Cloud to Ground,42900,0,6
2026-08-30T04:05:10.798291883Z,19.436133,114.81988,Cloud to Cloud,-15642,3013,11
2026-08-30T04:05:11.780347207Z,20.10044,114.887929,Cloud to Cloud,-17915,3004,10
2026-08-30T04:05:11.617412930Z,20.138655,114.908371,Cloud to Ground,17965,0,10
2026-08-30T04:05:11.187982868Z,16.191382,120.250817,Cloud to Cloud,11003,9534,9
2026-08-30T04:05:11.852479515Z,20.215677,114.194445,Cloud to Cloud,10053,3015,6
2026-08-30T04:05:12.859493637Z,17.596909,120.529125,Cloud to Cloud,5483,18624,6
2026-08-30T04:05:13.911138695Z,16.750437,127.804168,Cloud to Cloud,20679,19359,8
2026-08-30T04:05:15.658324363Z,4.971821,114.117367,Cloud to Cloud,-11371,8024,6
2026-08-30T04:05:15.994299554Z,17.077008,127.493282,Cloud to Cloud,19612,7429,9
2026-08-30T04:05:16.562262559Z,16.754848,127.701907,Cloud to Cloud,-12284,17221,9
2026-08-30T04:05:16.146707908Z,16.736375,127.625695,Cloud to Cloud,-8128,18666,8
2026-08-30T04:05:15.995121247Z,16.802769,127.712893,Cloud to Cloud,9200,7124,7
2026-08-30T04:05:17.821296771Z,22.168536,113.362486,Cloud to Ground,-45099,0,12
2026-08-30T04:05:17.722956717Z,22.124309,113.29655,Cloud to Cloud,-10735,3020,13
2026-08-30T04:05:17.857237642Z,22.157652,113.353613,Cloud to Cloud,-9873,3016,10
2026-08-30T04:05:17.821741971Z,22.16908,113.347764,Cloud to Cloud,11033,3005,11
2026-08-30T04:05:18.256248907Z,18.271025,113.35217,Cloud to Cloud,-7541,7471,9
2026-08-30T04:05:19.193214434Z,18.531276,113.466525,Cloud to Cloud,7217,3004,7
2026-08-30T04:05:19.251216294Z,18.459329,113.590513,Cloud to Cloud,-12249,19771,8
2026-08-30T04:05:19.189596195Z,18.468577,113.578138,Cloud to Cloud,11687,3058,10
2026-08-30T04:05:20.039722317Z,17.057297,131.758223,Cloud to Ground,77252,0,18
2026-08-30T04:05:20.065707693Z,17.016489,131.957269,Cloud to Ground,-57458,0,19
2026-08-30T04:05:20.157204983Z,17.019182,131.936317,Cloud to Ground,40003,0,15
2026-08-30T04:05:20.125635397Z,17.023548,131.941796,Cloud to Ground,88461,0,18
2026-08-30T04:05:20.539951554Z,19.366428,122.869218,Cloud to Ground,-59388,0,20
2026-08-30T04:05:20.978637070Z,19.367487,122.882215,Cloud to Ground,-28141,0,15
2026-08-30T04:05:20.817941909Z,19.368083,122.888546,Cloud to Ground,-26130,0,12
2026-08-30T04:05:21.032110175Z,19.36647,122.876091,Cloud to Ground,-19195,0,10
2026-08-30T04:05:20.669740379Z,19.370446,122.86721,Cloud to Ground,-17577,0,14
2026-08-30T04:05:20.918921228Z,19.368012,122.880087,Cloud to Ground,-14792,0,10
2026-08-30T04:05:21.060983214Z,19.368209,122.880127,Cloud to Ground,-12654,0,10
2026-08-30T04:05:20.937522232Z,19.369961,122.881769,Cloud to Ground,-9435,0,7
2026-08-30T04:05:20.394099902Z,18.498497,113.448083,Cloud to Cloud,-15405,3028,10
2026-08-30T04:05:21.533927385Z,17.600586,113.0714,Cloud to Ground,-25301,0,9
2026-08-30T04:05:21.545462850Z,17.561385,112.96522,Cloud to Ground,20168,0,10
2026-08-30T04:05:21.535668498Z,17.597841,112.968131,Cloud to Ground,42433,0,13
2026-08-30T04:05:22.449375131Z,17.694766,113.041539,Cloud to Cloud,-13286,3124,10
2026-08-30T04:05:22.441594275Z,17.698616,113.085638,Cloud to Cloud,5742,15299,7
2026-08-30T04:05:22.271962476Z,17.654828,113.037022,Cloud to Cloud,9228,3543,10
2026-08-30T04:05:22.596130236Z,14.493845,121.606178,Cloud to Cloud,3331,12967,6
2026-08-30T04:05:24.826263622Z,19.132334,116.10126,Cloud to Ground,-5860,0,6
2026-08-30T04:05:25.037555111Z,19.17272,116.33055,Cloud to Cloud,-6118,11875,8
2026-08-30T04:05:25.333296106Z,19.191958,116.250405,Cloud to Cloud,8873,5648,8
2026-08-30T04:05:25.224921520Z,19.1006,116.218671,Cloud to Ground,12859,0,9
2026-08-30T04:05:25.902131849Z,20.203559,114.730984,Cloud to Cloud,3846,3031,6
2026-08-30T04:05:25.697790258Z,20.092807,114.64896,Cloud to Cloud,8683,3095,7
2026-08-30T04:05:26.054843769Z,16.091614,130.000718,Cloud to Ground,-42234,0,32
2026-08-30T04:05:25.754098000Z,16.093,130.1806,Cloud to Ground,-8606,0,5
2026-08-30T04:05:26.043576735Z,16.049458,130.216967,Cloud to Cloud,23901,13936,12
2026-08-30T04:05:26.571550078Z,18.277311,113.481544,Cloud to Ground,21503,0,10
2026-08-30T04:05:26.068778914Z,18.522074,113.592935,Cloud to Ground,-61176,0,15
2026-08-30T04:05:26.067604534Z,18.531457,113.587862,Cloud to Cloud,4644,16307,7
2026-08-30T04:05:26.063527024Z,20.171261,114.568719,Cloud to Cloud,-8164,5019,7
2026-08-30T04:05:26.574210140Z,19.204531,115.825716,Cloud to Cloud,8382,17680,10
2026-08-30T04:05:27.302259037Z,18.37994,113.310892,Cloud to Cloud,-11273,3211,12
2026-08-30T04:05:27.303985284Z,18.385956,113.282851,Cloud to Ground,-8652,0,7
2026-08-30T04:05:27.308236170Z,18.406162,113.35792,Cloud to Cloud,-7393,4580,7
2026-08-30T04:05:26.941657450Z,18.41379,113.330531,Cloud to Cloud,15746,3155,10
2026-08-30T04:05:27.155406301Z,18.557208,113.286482,Cloud to Cloud,10004,5718,8
2026-08-30T04:05:28.994583308Z,20.415213,113.448347,Cloud to Cloud,-23209,3011,9
2026-08-30T04:05:28.757369290Z,20.367924,113.421513,Cloud to Cloud,-10769,3745,10
2026-08-30T04:05:28.798767599Z,20.392539,113.41416,Cloud to Ground,-7574,0,8
2026-08-30T04:05:29.277348360Z,15.011757,120.791281,Cloud to Cloud,4530,8812,7
2026-08-30T04:05:29.790166953Z,18.290716,113.364673,Cloud to Cloud,5720,5134,7
2026-08-30T04:05:31.178034110Z,4.458365,113.222447,Cloud to Ground,-20998,0,11
2026-08-30T04:05:31.205787211Z,4.47268,113.226237,Cloud to Ground,-18214,0,9
2026-08-30T04:05:31.778983849Z,17.04137,131.075366,Cloud to Ground,-25664,0,12
2026-08-30T04:05:31.813014961Z,17.069687,131.06575,Cloud to Cloud,-11534,3193,9
2026-08-30T04:05:33.777734002Z,20.199837,114.114263,Cloud to Cloud,9775,3013,12
2026-08-30T04:05:33.774154234Z,20.225372,114.1602,Cloud to Cloud,12240,5641,8
2026-08-30T04:05:35.127530630Z,20.155799,115.150577,Cloud to Ground,-16458,0,9
2026-08-30T04:05:35.012853260Z,20.152115,115.059652,Cloud to Cloud,-8077,19755,7
2026-08-30T04:05:34.766684718Z,20.104807,115.109548,Cloud to Ground,27988,0,14
2026-08-30T04:05:34.789975996Z,22.068202,113.21955,Cloud to Cloud,-85392,14640,18
2026-08-30T04:05:34.798273572Z,22.109513,113.180842,Cloud to Cloud,20491,3108,11
2026-08-30T04:05:34.493987388Z,18.276605,113.333967,Cloud to Ground,15022,0,9
2026-08-30T04:05:34.391421360Z,18.508927,113.53404,Cloud to Ground,-14124,0,6
2026-08-30T04:05:34.549283490Z,18.508373,113.532383,Cloud to Ground,-10436,0,9
2026-08-30T04:05:34.263844008Z,18.503973,113.529109,Cloud to Ground,-8608,0,8
2026-08-30T04:05:34.478515649Z,18.488847,113.540987,Cloud to Cloud,11047,16870,9
2026-08-30T04:05:34.751904417Z,20.468808,112.868794,Cloud to Cloud,-9790,3005,12
2026-08-30T04:05:34.670045488Z,18.762588,119.859323,Cloud to Cloud,16050,14307,9
2026-08-30T04:05:34.443621467Z,18.66873,119.807244,Cloud to Cloud,19046,19667,10
2026-08-30T04:05:35.907092503Z,18.647863,113.939615,Cloud to Cloud,8595,7559,9
2026-08-30T04:05:35.909044574Z,18.65808,113.93727,Cloud to Ground,15872,0,12
2026-08-30T04:05:35.927573222Z,21.850613,112.762305,Cloud to Ground,-22327,0,11
2026-08-30T04:05:35.936621968Z,21.836307,112.78581,Cloud to Cloud,-13048,11408,11
2026-08-30T04:05:36.175348838Z,21.860327,112.769848,Cloud to Cloud,-10522,6655,10
2026-08-30T04:05:35.925726788Z,21.836752,112.769848,Cloud to Cloud,8145,5399,16
2026-08-30T04:05:36.183720801Z,21.87984,112.744481,Cloud to Cloud,8331,7903,6
2026-08-30T04:05:35.937294016Z,21.807865,112.6978,Cloud to Cloud,12014,3013,7
2026-08-30T04:05:36.028064369Z,21.867103,112.686542,Cloud to Cloud,12785,6386,10
2026-08-30T04:05:36.144622005Z,18.672191,114.096411,Cloud to Ground,-25548,0,17
2026-08-30T04:05:35.521084350Z,18.695371,114.051216,Cloud to Cloud,-23942,9834,14
2026-08-30T04:05:35.524357007Z,18.690644,114.046281,Cloud to Cloud,-16938,12663,12
2026-08-30T04:05:36.178528262Z,18.668471,114.152347,Cloud to Ground,-9762,0,7
2026-08-30T04:05:35.509821023Z,18.670702,114.0533,Cloud to Ground,8639,0,9
2026-08-30T04:05:35.514217723Z,18.672902,114.044665,Cloud to Cloud,15282,7039,10
2026-08-30T04:05:37.511823966Z,4.928896,114.108803,Cloud to Cloud,-15003,7764,6
2026-08-30T04:05:37.592197904Z,17.117505,131.822743,Cloud to Ground,-20669,0,13
2026-08-30T04:05:37.357851314Z,22.051975,113.194132,Cloud to Ground,-11898,0,14
2026-08-30T04:05:38.062797322Z,18.558745,113.490158,Cloud to Cloud,6191,15158,6
2026-08-30T04:05:40.137934944Z,22.11851,113.344626,Cloud to Cloud,-12646,3031,15
2026-08-30T04:05:40.218214794Z,22.053205,113.293418,Cloud to Cloud,-7475,5756,6
2026-08-30T04:05:39.821372838Z,22.095537,113.330088,Cloud to Cloud,-7431,19610,6
2026-08-30T04:05:40.151391261Z,22.063508,113.306032,Cloud to Cloud,-6902,4568,7
2026-08-30T04:05:40.138477426Z,22.107129,113.340607,Cloud to Cloud,5208,11454,7
2026-08-30T04:05:40.210522662Z,19.057495,115.658437,Cloud to Cloud,-9077,3036,7
2026-08-30T04:05:40.132915397Z,22.075162,113.198107,Cloud to Cloud,10208,3045,9
2026-08-30T04:05:41.357807797Z,18.836523,114.036738,Cloud to Cloud,7947,16225,8
2026-08-30T04:05:42.902519067Z,18.306569,113.418087,Cloud to Ground,-24539,0,10
2026-08-30T04:05:43.002915955Z,18.29961,113.43005,Cloud to Ground,-15573,0,8
2026-08-30T04:05:43.291462140Z,18.320184,113.412581,Cloud to Ground,-14816,0,7
2026-08-30T04:05:43.467715519Z,18.304452,113.427807,Cloud to Ground,-11207,0,9
2026-08-30T04:05:42.952599130Z,18.312313,113.415899,Cloud to Ground,-10657,0,10
2026-08-30T04:05:42.845475609Z,18.309193,113.433838,Cloud to Cloud,-7538,3119,10
2026-08-30T04:05:42.953714756Z,18.295163,113.427299,Cloud to Cloud,11291,3089,9
2026-08-30T04:05:44.301876037Z,4.138994,113.116609,Cloud to Ground,29980,0,7
2026-08-30T04:05:44.185876080Z,16.956666,120.377139,Cloud to Cloud,15730,12198,10
2026-08-30T04:05:46.956504579Z,18.441492,116.309369,Cloud to Ground,19954,0,10
2026-08-30T04:05:46.958101158Z,18.442669,116.29532,Cloud to Cloud,25418,12353,12
2026-08-30T04:05:47.876239463Z,19.447994,114.466934,Cloud to Cloud,-22452,7271,8
2026-08-30T04:05:47.863710343Z,16.113873,120.085569,Cloud to Ground,-146200,0,12
2026-08-30T04:05:48.034182780Z,16.186528,120.087444,Cloud to Cloud,-15974,17974,13
2026-08-30T04:05:47.845815308Z,16.089988,120.05868,Cloud to Ground,-11181,0,7
2026-08-30T04:05:48.035397034Z,16.131625,120.050614,Cloud to Ground,-10700,0,9
2026-08-30T04:05:47.833338264Z,16.126087,120.138166,Cloud to Cloud,8169,13111,12
2026-08-30T04:05:47.935014178Z,16.096975,120.014301,Cloud to Cloud,13888,3002,6
2026-08-30T04:05:47.989401000Z,16.026531,120.036933,Cloud to Cloud,21750,6056,6
2026-08-30T04:05:48.912734181Z,14.310579,120.602819,Cloud to Cloud,-10836,3018,7
2026-08-30T04:05:48.754030711Z,14.219743,120.615693,Cloud to Cloud,10717,15131,8
2026-08-30T04:05:50.372204219Z,17.443632,112.949306,Cloud to Cloud,-8674,3900,10
2026-08-30T04:05:50.886139130Z,18.334193,113.231538,Cloud to Ground,-6228,0,7
2026-08-30T04:05:50.992382835Z,18.286119,113.217465,Cloud to Cloud,11237,7886,8
2026-08-30T04:05:50.723964306Z,22.1151,113.287967,Cloud to Cloud,-11967,3721,10
2026-08-30T04:05:50.222710603Z,19.722659,114.722115,Cloud to Cloud,19647,3026,11
2026-08-30T04:05:51.836840984Z,20.067101,114.872826,Cloud to Cloud,-15771,11269,9
2026-08-30T04:05:51.884027917Z,20.101537,114.882173,Cloud to Ground,-13787,0,8
2026-08-30T04:05:51.384816770Z,20.140391,114.909696,Cloud to Cloud,15281,16010,10
2026-08-30T04:05:51.464541165Z,20.146478,114.791748,Cloud to Cloud,15742,19909,10
2026-08-30T04:05:51.043540409Z,19.4598,118.556331,Cloud to Cloud,3758,16107,7
2026-08-30T04:05:51.408280814Z,18.211204,113.155061,Cloud to Ground,-95670,0,16
2026-08-30T04:05:51.472391046Z,18.199991,113.160818,Cloud to Cloud,-14667,6825,6
2026-08-30T04:05:50.980928852Z,18.214907,113.10188,Cloud to Cloud,-9028,13922,7
2026-08-30T04:05:51.470541401Z,18.196337,113.170875,Cloud to Ground,24997,0,9
2026-08-30T04:05:51.449435595Z,18.207912,113.158795,Cloud to Ground,55937,0,16
2026-08-30T04:05:52.611305163Z,17.709177,113.103861,Cloud to Ground,-12002,0,7
2026-08-30T04:05:52.606532643Z,17.700284,113.100033,Cloud to Cloud,-11583,3160,8
2026-08-30T04:05:52.609227949Z,17.655417,113.088834,Cloud to Ground,9943,0,8
2026-08-30T04:05:52.298254332Z,17.698642,113.023071,Cloud to Ground,13780,0,8
2026-08-30T04:05:54.413396742Z,16.695259,127.816338,Cloud to Cloud,-24230,4233,10
2026-08-30T04:05:54.442116502Z,16.779599,127.765673,Cloud to Cloud,-17662,3359,8
2026-08-30T04:05:53.948339283Z,16.761335,127.823954,Cloud to Cloud,5807,3005,6
2026-08-30T04:05:54.970553640Z,22.047859,113.185712,Cloud to Ground,-13481,0,11
2026-08-30T04:05:55.660945121Z,18.285539,113.442683,Cloud to Cloud,10445,3094,9
2026-08-30T04:05:55.552610623Z,20.784086,114.020287,Cloud to Cloud,-9923,10873,6
2026-08-30T04:05:56.293063716Z,17.014178,131.960731,Cloud to Ground,-25736,0,17
2026-08-30T04:05:55.864842089Z,17.019043,131.957543,Cloud to Cloud,-22894,4735,14
2026-08-30T04:05:56.331586968Z,16.994489,131.983925,Cloud to Ground,-15270,0,14
2026-08-30T04:05:56.466637000Z,17.0268,131.8687,Cloud to Ground,-14767,0,5
2026-08-30T04:05:56.441662099Z,16.985046,131.973883,Cloud to Ground,-14440,0,10
2026-08-30T04:05:56.404579583Z,17.01715,131.96688,Cloud to Ground,-14073,0,8
2026-08-30T04:05:56.403158482Z,16.985143,131.974161,Cloud to Ground,-12452,0,10
2026-08-30T04:05:56.400204572Z,17.014931,131.957859,Cloud to Ground,-10013,0,11
2026-08-30T04:05:55.876437641Z,17.009974,131.962645,Cloud to Ground,-9797,0,13
2026-08-30T04:05:56.410934560Z,16.988886,131.98775,Cloud to Ground,-8976,0,6
2026-08-30T04:05:56.526581749Z,16.999829,131.97957,Cloud to Ground,-8025,0,9
2026-08-30T04:05:56.138878843Z,16.943972,131.929434,Cloud to Ground,18160,0,7
2026-08-30T04:05:58.702821726Z,19.078897,115.682258,Cloud to Cloud,-5228,3003,6
2026-08-30T04:05:58.565812353Z,19.089829,115.659452,Cloud to Cloud,8560,15164,7
2026-08-30T04:05:59.312381066Z,17.022373,131.787334,Cloud to Ground,-37635,0,13
2026-08-30T04:05:59.234355628Z,17.038162,131.790012,Cloud to Ground,-12674,0,6
2026-08-30T04:06:00.184149750Z,17.038874,131.811712,Cloud to Ground,14231,0,15
2026-08-30T04:05:59.920975581Z,17.033998,131.817062,Cloud to Ground,16141,0,16
2026-08-30T04:05:59.336950613Z,17.037221,131.81627,Cloud to Ground,19835,0,15
2026-08-30T04:06:00.053843288Z,17.033263,131.821632,Cloud to Ground,41789,0,17
2026-08-30T04:05:59.854044602Z,17.038957,131.821261,Cloud to Ground,47592,0,18
2026-08-30T04:05:59.909936223Z,20.388301,113.442436,Cloud to Cloud,-7460,3017,8
2026-08-30T04:05:59.634633492Z,20.370952,113.653269,Cloud to Ground,-75589,0,10
2026-08-30T04:05:59.993786682Z,20.348939,113.66538,Cloud to Cloud,-15033,7612,7
2026-08-30T04:05:59.680738009Z,20.385515,113.645191,Cloud to Cloud,7885,8910,7
2026-08-30T04:05:59.665283668Z,20.379639,113.655015,Cloud to Ground,21284,0,17
2026-08-30T04:06:00.629954600Z,20.215543,113.720902,Cloud to Cloud,-13748,5117,8
2026-08-30T04:06:00.160784780Z,20.24493,113.408117,Cloud to Cloud,-13527,3075,14
2026-08-30T04:06:00.700345000Z,20.3183,113.444,Cloud to Ground,28759,0,7
2026-08-30T04:06:00.341817388Z,19.389953,116.65712,Cloud to Cloud,-20546,5686,13
2026-08-30T04:06:00.333798539Z,19.45791,116.671921,Cloud to Cloud,11503,10044,7
2026-08-30T04:06:00.353416766Z,19.391013,116.646398,Cloud to Ground,11599,0,10
2026-08-30T04:06:00.566824005Z,19.398237,116.672876,Cloud to Ground,16643,0,13
2026-08-30T04:06:00.346862506Z,19.381844,116.630624,Cloud to Ground,20654,0,6
2026-08-30T04:06:00.028835527Z,20.369175,113.840288,Cloud to Cloud,-14498,4763,7
2026-08-30T04:06:00.647089284Z,20.27133,113.80684,Cloud to Cloud,23234,3726,9
2026-08-30T04:06:00.022191048Z,22.053357,113.18521,Cloud to Cloud,-15247,3028,14
2026-08-30T04:06:00.079373700Z,22.046193,113.188343,Cloud to Cloud,-12319,3049,7
2026-08-30T04:05:59.753292338Z,22.04008,113.166225,Cloud to Cloud,-9642,7344,7
2026-08-30T04:06:01.263726132Z,19.321592,116.79797,Cloud to Ground,-54254,0,14
2026-08-30T04:06:01.266903896Z,19.286091,116.808454,Cloud to Cloud,-17201,3079,7
2026-08-30T04:06:01.335144582Z,20.141894,114.723523,Cloud to Cloud,10142,19634,6
2026-08-30T04:06:01.351223290Z,20.047398,114.793647,Cloud to Cloud,11976,7937,7
2026-08-30T04:06:03.616656820Z,17.138765,131.803509,Cloud to Ground,-144899,0,19
2026-08-30T04:06:03.664020878Z,16.779237,127.720477,Cloud to Ground,-98053,0,16
2026-08-30T04:06:03.783377685Z,16.778896,127.681894,Cloud to Ground,-23911,0,10
2026-08-30T04:06:03.922877089Z,16.766003,127.715955,Cloud to Ground,-16937,0,6
2026-08-30T04:06:04.161862686Z,16.787629,127.722492,Cloud to Cloud,2715,10677,8
2026-08-30T04:06:04.787348000Z,16.8213,127.7073,Cloud to Ground,10010,0,5
2026-08-30T04:06:03.858490437Z,16.762868,127.720887,Cloud to Cloud,12632,3019,10
2026-08-30T04:06:04.559553995Z,16.699871,127.745603,Cloud to Cloud,17430,7776,7
2026-08-30T04:06:03.865033000Z,16.7847,127.7051,Cloud to Ground,30941,0,9
2026-08-30T04:06:03.648855732Z,17.439315,113.040169,Cloud to Ground,-23205,0,8
2026-08-30T04:06:03.277995206Z,18.507199,113.545103,Cloud to Cloud,9502,18858,7
2026-08-30T04:06:03.521185764Z,14.862385,120.916712,Cloud to Cloud,12426,4253,8
2026-08-30T04:06:03.754005972Z,14.942666,120.859363,Cloud to Cloud,11790,19440,14
2026-08-30T04:06:03.724430563Z,16.783523,127.543715,Cloud to Ground,-30635,0,18
2026-08-30T04:06:04.378715454Z,16.798288,127.576264,Cloud to Ground,-14320,0,22
2026-08-30T04:06:03.959993074Z,16.83757,127.580665,Cloud to Cloud,-13965,3119,8
2026-08-30T04:06:03.959402384Z,16.800549,127.563965,Cloud to Ground,-12912,0,20
2026-08-30T04:06:04.052405032Z,16.817055,127.580613,Cloud to Ground,61987,0,7
2026-08-30T04:06:05.070129086Z,18.443211,113.208354,Cloud to Cloud,-44106,3127,11
2026-08-30T04:06:05.040434690Z,18.437475,113.235199,Cloud to Cloud,-16325,13287,14
2026-08-30T04:06:05.091824747Z,18.446091,113.209857,Cloud to Ground,-7380,0,9
2026-08-30T04:06:05.383954716Z,18.28706,113.392683,Cloud to Cloud,8232,3193,5
2026-08-30T04:06:06.354476842Z,18.655627,114.167954,Cloud to Cloud,10704,16126,12
2026-08-30T04:06:06.739284111Z,22.07848,113.235356,Cloud to Ground,-20533,0,11
2026-08-30T04:06:07.047787191Z,22.076006,113.245326,Cloud to Cloud,-18827,3015,12
2026-08-30T04:06:07.047229815Z,22.075571,113.225189,Cloud to Ground,-16691,0,11
2026-08-30T04:06:06.618744809Z,22.131644,113.33848,Cloud to Cloud,-14763,3028,12
2026-08-30T04:06:06.833060689Z,22.124689,113.376772,Cloud to Ground,-14353,0,9
2026-08-30T04:06:06.762463172Z,22.129134,113.360398,Cloud to Ground,-14269,0,9
2026-08-30T04:06:06.968511778Z,22.109665,113.297314,Cloud to Ground,-11883,0,9
2026-08-30T04:06:06.688234579Z,22.053635,113.195438,Cloud to Cloud,-10279,15712,8
2026-08-30T04:06:07.147887827Z,22.074542,113.223928,Cloud to Ground,-8194,0,9
2026-08-30T04:06:07.210130322Z,22.152719,113.219266,Cloud to Cloud,9501,7384,8
2026-08-30T04:06:06.619987167Z,22.108703,113.313659,Cloud to Cloud,10394,3036,10
2026-08-30T04:06:06.607000770Z,22.135276,113.306349,Cloud to Cloud,12703,7483,12
2026-08-30T04:06:06.668636317Z,22.167049,113.591998,Cloud to Cloud,-12872,5987,7
2026-08-30T04:06:06.908988673Z,22.218326,113.621269,Cloud to Ground,-10530,0,7
2026-08-30T04:06:07.069261398Z,22.134329,113.442084,Cloud to Ground,-9400,0,8
2026-08-30T04:06:09.233775227Z,20.222285,114.419554,Cloud to Cloud,-15167,6681,11
2026-08-30T04:06:09.138916025Z,20.238519,114.351775,Cloud to Cloud,-11691,3075,11
2026-08-30T04:06:09.419522955Z,20.252357,114.344894,Cloud to Ground,16359,0,12
2026-08-30T04:06:09.286857148Z,20.250541,114.346065,Cloud to Ground,18946,0,13
2026-08-30T04:06:09.413023747Z,20.498907,112.865761,Cloud to Cloud,-7433,3016,12
2026-08-30T04:06:09.474973610Z,20.495739,112.958445,Cloud to Ground,16377,0,13
2026-08-30T04:06:09.447619000Z,20.376,113.004,Cloud to Ground,15168,0,5
2026-08-30T04:06:10.643416116Z,18.34459,113.428759,Cloud to Ground,-11468,0,8
2026-08-30T04:06:10.015041365Z,20.27219,115.122237,Cloud to Cloud,-21327,3177,8
2026-08-30T04:06:09.667340828Z,20.101819,115.128504,Cloud to Cloud,-13490,6634,7
2026-08-30T04:06:10.101192417Z,20.09124,115.160063,Cloud to Ground,-8651,0,6
2026-08-30T04:06:09.741584283Z,20.109094,115.129904,Cloud to Cloud,6848,3099,6
2026-08-30T04:06:09.702999463Z,20.117281,115.122328,Cloud to Cloud,8613,3007,8
2026-08-30T04:06:09.753494924Z,20.134311,115.118405,Cloud to Cloud,9195,15332,6
2026-08-30T04:06:10.136123385Z,20.120124,115.158454,Cloud to Cloud,11765,17812,5
2026-08-30T04:06:10.228412866Z,20.146882,115.197668,Cloud to Cloud,13295,3064,8
2026-08-30T04:06:09.671196788Z,20.198615,115.143696,Cloud to Cloud,15132,5610,8
2026-08-30T04:06:10.175909459Z,20.193386,115.049834,Cloud to Ground,25477,0,12
2026-08-30T04:06:13.186503388Z,4.052361,112.994187,Cloud to Cloud,-18207,3413,7
2026-08-30T04:06:13.309816748Z,4.053953,113.017348,Cloud to Ground,26182,0,12
2026-08-30T04:06:13.630719849Z,4.084727,113.023774,Cloud to Ground,37100,0,9
2026-08-30T04:06:13.197470452Z,4.058411,113.022994,Cloud to Ground,57274,0,24
2026-08-30T04:06:13.291803747Z,4.056139,113.011246,Cloud to Ground,60585,0,33
2026-08-30T04:06:13.268601195Z,4.047664,113.015228,Cloud to Ground,105525,0,28
2026-08-30T04:06:13.931755832Z,17.03141,131.750372,Cloud to Ground,-26467,0,25
2026-08-30T04:06:14.690451852Z,17.022462,131.886163,Cloud to Ground,13420,0,7
2026-08-30T04:06:14.450164853Z,17.008555,131.893956,Cloud to Ground,40952,0,17
2026-08-30T04:06:14.998175137Z,14.365759,121.740921,Cloud to Cloud,12034,4351,7
2026-08-30T04:06:14.746214662Z,16.795673,127.51068,Cloud to Ground,-15218,0,12
2026-08-30T04:06:14.638586206Z,16.796055,127.635547,Cloud to Ground,-57601,0,13
2026-08-30T04:06:14.654480562Z,16.788508,127.678687,Cloud to Cloud,-28910,4058,13
2026-08-30T04:06:14.775490091Z,16.810249,127.640503,Cloud to Ground,-15527,0,9
2026-08-30T04:06:14.730684604Z,16.741936,127.716108,Cloud to Cloud,-13519,9556,8
2026-08-30T04:06:14.670073935Z,16.856455,127.633436,Cloud to Ground,28661,0,8
2026-08-30T04:06:14.239255533Z,18.99835,115.462698,Cloud to Cloud,-12382,7090,7
2026-08-30T04:06:14.241247615Z,19.125815,115.479396,Cloud to Ground,-11645,0,8
2026-08-30T04:06:14.327755001Z,19.06162,115.406375,Cloud to Cloud,-10139,3122,7
2026-08-30T04:06:14.147158900Z,19.138431,115.419376,Cloud to Cloud,15903,3866,9
2026-08-30T04:06:16.316019086Z,18.618589,117.909162,Cloud to Cloud,-5994,3007,8
2026-08-30T04:06:16.312561971Z,18.625133,117.901256,Cloud to Cloud,17075,6649,10
2026-08-30T04:06:17.497331084Z,16.871833,131.334967,Cloud to Ground,-14194,0,15
2026-08-30T04:06:17.469625796Z,16.857819,131.349243,Cloud to Cloud,-13102,3281,11
2026-08-30T04:06:17.509563732Z,16.866014,131.336876,Cloud to Ground,-12585,0,7
2026-08-30T04:06:17.471229186Z,16.883393,131.333567,Cloud to Cloud,-10270,3032,9
2026-08-30T04:06:17.473910377Z,16.86313,131.33392,Cloud to Cloud,-7710,13025,9
2026-08-30T04:06:17.629920226Z,16.85113,131.342957,Cloud to Cloud,-7442,3132,7
2026-08-30T04:06:17.469195401Z,16.852246,131.211174,Cloud to Cloud,-6538,10618,7
2026-08-30T04:06:18.770101997Z,4.063306,113.117284,Cloud to Ground,28559,0,8
2026-08-30T04:06:18.852354708Z,20.513655,112.940899,Cloud to Ground,-9876,0,6
2026-08-30T04:06:18.729833942Z,20.225408,114.086783,Cloud to Cloud,11191,7689,9
2026-08-30T04:06:19.646086242Z,19.081326,115.680114,Cloud to Cloud,7930,17797,6
2026-08-30T04:06:19.850567568Z,22.192237,113.338035,Cloud to Cloud,-10232,14599,7
2026-08-30T04:06:19.681410384Z,22.100384,113.344992,Cloud to Cloud,-9738,4695,7
2026-08-30T04:06:19.879276071Z,22.273721,113.350555,Cloud to Cloud,4790,7593,6
2026-08-30T04:06:19.872531603Z,22.255934,113.348805,Cloud to Cloud,6132,3117,7
2026-08-30T04:06:19.820678371Z,22.141526,113.34362,Cloud to Cloud,10666,3017,10
2026-08-30T04:06:21.873378169Z,20.094005,115.12293,Cloud to Ground,-20017,0,9
2026-08-30T04:06:21.871073739Z,20.07513,115.136115,Cloud to Cloud,-12419,7163,7
2026-08-30T04:06:21.558881732Z,20.105296,115.117915,Cloud to Cloud,-7724,4114,6
2026-08-30T04:06:22.758975938Z,17.799132,128.468012,Cloud to Ground,-46059,0,15
2026-08-30T04:06:22.774377586Z,17.724082,128.485383,Cloud to Cloud,-25350,5892,9
2026-08-30T04:06:22.365927156Z,20.245369,115.003851,Cloud to Cloud,8292,3027,7
2026-08-30T04:06:22.289626561Z,20.242131,114.975709,Cloud to Cloud,10265,19302,8
2026-08-30T04:06:23.217118260Z,17.707717,128.371957,Cloud to Cloud,6633,3035,7
2026-08-30T04:06:23.732096091Z,18.516161,113.555976,Cloud to Cloud,-52452,3027,15
2026-08-30T04:06:23.541050056Z,18.509387,113.565491,Cloud to Ground,-39026,0,11
2026-08-30T04:06:23.521131732Z,18.478131,113.474348,Cloud to Ground,-17020,0,13
2026-08-30T04:06:23.830237973Z,18.526445,113.552452,Cloud to Ground,-16099,0,7
2026-08-30T04:06:23.777655471Z,18.514851,113.563283,Cloud to Ground,-12524,0,11
2026-08-30T04:06:23.811050911Z,18.517354,113.562018,Cloud to Ground,-12122,0,10
2026-08-30T04:06:24.636146851Z,18.52428,113.46093,Cloud to Cloud,-20864,11504,15
2026-08-30T04:06:24.762372047Z,18.525151,113.461926,Cloud to Cloud,-14440,4022,13
2026-08-30T04:06:24.640514332Z,18.531248,113.464799,Cloud to Cloud,-10402,12028,8
2026-08-30T04:06:24.644333581Z,18.513471,113.459531,Cloud to Cloud,-6824,6198,8
2026-08-30T04:06:24.635176513Z,18.538915,113.453295,Cloud to Ground,14409,0,13
2026-08-30T04:06:24.645946743Z,18.533186,113.457517,Cloud to Ground,26288,0,17
2026-08-30T04:06:25.720286631Z,4.682938,113.768108,Cloud to Ground,24156,0,10
2026-08-30T04:06:25.901288057Z,17.138154,131.809201,Cloud to Ground,-98071,0,18
2026-08-30T04:06:25.180575535Z,18.448807,116.311745,Cloud to Ground,15383,0,10
2026-08-30T04:06:26.053194404Z,18.469638,113.531063,Cloud to Ground,-13253,0,9
2026-08-30T04:06:26.141981647Z,18.469941,113.593928,Cloud to Cloud,-11664,5599,10
2026-08-30T04:06:25.929670515Z,18.492337,113.500943,Cloud to Cloud,7919,4956,8
2026-08-30T04:06:30.991478439Z,18.426864,113.472809,Cloud to Ground,-8222,0,7
2026-08-30T04:06:30.431956467Z,22.089373,113.223596,Cloud to Cloud,-13052,7146,10
2026-08-30T04:06:29.895540734Z,22.086383,113.218609,Cloud to Cloud,-9746,7708,7
2026-08-30T04:06:30.377987307Z,22.111734,113.307241,Cloud to Cloud,-8886,7769,8
2026-08-30T04:06:30.248866166Z,22.095162,113.227354,Cloud to Cloud,-8453,3020,6
2026-08-30T04:06:30.234090196Z,22.081249,113.217101,Cloud to Cloud,9294,6829,9
2026-08-30T04:06:31.336806480Z,20.120152,114.66074,Cloud to Ground,-10440,0,9
2026-08-30T04:06:30.993179916Z,20.118502,114.661749,Cloud to Cloud,-9501,4560,11
2026-08-30T04:06:33.182461760Z,18.552078,124.721902,Cloud to Cloud,3926,18400,6
2026-08-30T04:06:32.998257208Z,18.52489,124.662695,Cloud to Cloud,13924,7813,10
2026-08-30T04:06:33.988860213Z,19.515044,114.792272,Cloud to Cloud,-7267,3266,7
2026-08-30T04:06:33.333639129Z,14.306688,120.60774,Cloud to Cloud,5143,15365,7
2026-08-30T04:06:33.334368797Z,14.309762,120.609729,Cloud to Cloud,9358,9157,8
2026-08-30T04:06:33.672829709Z,14.219549,120.619133,Cloud to Cloud,13172,3879,8
2026-08-30T04:06:34.424056043Z,4.96517,114.127263,Cloud to Cloud,-9350,3253,6
2026-08-30T04:06:35.701657962Z,17.003287,131.601221,Cloud to Ground,-17413,0,19
2026-08-30T04:06:35.370450569Z,17.117143,131.371119,Cloud to Ground,26778,0,14
2026-08-30T04:06:35.665671320Z,17.039615,131.802947,Cloud to Ground,-22314,0,8
2026-08-30T04:06:35.730837375Z,17.049909,131.764323,Cloud to Ground,26207,0,14
2026-08-30T04:06:36.356880348Z,17.080784,131.725988,Cloud to Ground,28861,0,15
2026-08-30T04:06:35.636710412Z,17.039473,131.77242,Cloud to Ground,147656,0,19
2026-08-30T04:06:35.371772000Z,17.2177,131.2605,Cloud to Ground,-16267,0,5
2026-08-30T04:06:36.375369862Z,17.044841,131.072424,Cloud to Ground,-16053,0,10
2026-08-30T04:06:36.289564155Z,17.086461,131.01184,Cloud to Ground,-11767,0,13
2026-08-30T04:06:36.287472369Z,17.060955,131.056387,Cloud to Cloud,-10894,3127,8
2026-08-30T04:06:36.363165551Z,17.043432,131.931742,Cloud to Cloud,5342,3234,6
2026-08-30T04:06:36.703647158Z,19.076344,115.69031,Cloud to Cloud,4181,3005,6
2026-08-30T04:06:36.938600884Z,22.057605,113.187159,Cloud to Cloud,-7049,5718,7
2026-08-30T04:06:36.773914185Z,22.054193,113.172399,Cloud to Cloud,12460,7708,9
2026-08-30T04:06:37.373350076Z,20.421957,113.214986,Cloud to Cloud,10440,3194,10
2026-08-30T04:06:37.375636645Z,20.317859,113.247103,Cloud to Cloud,-11052,7685,10
2026-08-30T04:06:37.385073689Z,20.320043,113.22864,Cloud to Cloud,-10386,4803,7
2026-08-30T04:06:37.376549078Z,20.319525,113.244245,Cloud to Cloud,-6956,3017,8
2026-08-30T04:06:37.374480136Z,20.299394,113.247404,Cloud to Ground,25814,0,10
2026-08-30T04:06:38.049804708Z,4.813928,113.764482,Cloud to Ground,9630,0,7
2026-08-30T04:06:38.264835214Z,20.290199,113.425642,Cloud to Ground,-23637,0,13
2026-08-30T04:06:38.230335853Z,20.257833,113.414998,Cloud to Cloud,-9747,3545,11
2026-08-30T04:06:38.294928936Z,20.277486,113.429013,Cloud to Ground,9774,0,8
2026-08-30T04:06:40.389454511Z,16.20518,120.228793,Cloud to Cloud,3378,17079,7
2026-08-30T04:06:41.108394587Z,4.602311,113.248531,Cloud to Ground,12291,0,9
2026-08-30T04:06:41.057426801Z,4.545942,113.243774,Cloud to Ground,21557,0,13
2026-08-30T04:06:41.104664534Z,4.54823,113.261349,Cloud to Ground,22680,0,12
2026-08-30T04:06:41.442590350Z,16.010283,120.080804,Cloud to Cloud,-9870,18903,9
2026-08-30T04:06:42.117942539Z,19.581512,114.018917,Cloud to Cloud,-17735,3011,13
2026-08-30T04:06:42.410067940Z,19.549661,113.935491,Cloud to Cloud,7209,4477,7
2026-08-30T04:06:42.116923014Z,19.575743,114.020833,Cloud to Cloud,10820,5945,10
2026-08-30T04:06:42.119147020Z,19.5543,114.021679,Cloud to Ground,33505,0,9
2026-08-30T04:06:43.502492157Z,4.459881,113.219883,Cloud to Ground,21472,0,10
2026-08-30T04:06:44.889448739Z,18.411307,117.177464,Cloud to Cloud,-10070,3062,8
2026-08-30T04:06:45.196670073Z,20.239351,114.24387,Cloud to Cloud,-21659,3035,12
2026-08-30T04:06:45.192757061Z,20.242776,114.237332,Cloud to Ground,25041,0,16
2026-08-30T04:06:45.163391437Z,18.490932,113.570832,Cloud to Ground,-13305,0,6
2026-08-30T04:06:45.434771262Z,20.117177,115.132561,Cloud to Cloud,-30908,3994,18
2026-08-30T04:06:45.167751231Z,20.116312,115.111473,Cloud to Cloud,-11649,7422,7
2026-08-30T04:06:45.226922794Z,20.197383,115.190323,Cloud to Ground,-10897,0,8
2026-08-30T04:06:45.083601534Z,20.078868,115.02973,Cloud to Cloud,8084,5040,7
2026-08-30T04:06:45.426355840Z,20.131892,115.159872,Cloud to Cloud,8368,3704,6
2026-08-30T04:06:45.315417643Z,20.109617,115.01222,Cloud to Cloud,10612,3029,7
2026-08-30T04:06:45.745521100Z,22.30205,113.262962,Cloud to Cloud,-15499,3016,8
2026-08-30T04:06:46.871505149Z,16.997225,127.283241,Cloud to Ground,-25715,0,14
2026-08-30T04:06:48.146828553Z,16.086368,130.141748,Cloud to Cloud,-15550,7920,7
2026-08-30T04:06:48.819919030Z,17.813337,125.198101,Cloud to Ground,-70448,0,18
2026-08-30T04:06:48.905167291Z,17.816761,125.196858,Cloud to Ground,-34438,0,15
2026-08-30T04:06:48.810112407Z,17.743971,125.246415,Cloud to Cloud,-12641,6518,10
2026-08-30T04:06:48.951579208Z,17.815827,125.202737,Cloud to Ground,-9792,0,6
2026-08-30T04:06:48.831559218Z,17.811435,125.204715,Cloud to Cloud,-9699,4328,12
2026-08-30T04:06:48.807341243Z,17.814172,125.183075,Cloud to Ground,34206,0,16
2026-08-30T04:06:49.377020165Z,19.82643,122.798852,Cloud to Ground,15455,0,8
2026-08-30T04:06:50.320700983Z,19.366704,114.827846,Cloud to Cloud,-10282,3648,7
2026-08-30T04:06:50.185124512Z,19.439857,114.866869,Cloud to Cloud,-7563,10787,7
2026-08-30T04:06:50.272885318Z,19.408945,114.880843,Cloud to Ground,24710,0,12
2026-08-30T04:06:50.733372669Z,18.496519,117.568727,Cloud to Ground,-12762,0,8
2026-08-30T04:06:52.995082601Z,14.26807,120.565747,Cloud to Cloud,-3206,3002,5
2026-08-30T04:06:52.550380048Z,14.281752,120.649868,Cloud to Cloud,3514,9527,7
2026-08-30T04:06:52.012712413Z,19.67663,114.413548,Cloud to Cloud,-11146,7667,12
2026-08-30T04:06:52.027994574Z,19.669837,114.393415,Cloud to Cloud,-10715,3040,7
2026-08-30T04:06:52.010462684Z,19.667269,114.424148,Cloud to Cloud,7909,3003,8
2026-08-30T04:06:52.011669099Z,19.666796,114.31991,Cloud to Ground,35156,0,8
2026-08-30T04:06:53.140693496Z,20.224219,114.74647,Cloud to Cloud,22714,3002,7
2026-08-30T04:06:53.412635000Z,20.1338,114.6841,Cloud to Ground,-32821,0,10
2026-08-30T04:06:53.415433968Z,20.124149,114.722534,Cloud to Cloud,-11954,13485,11
2026-08-30T04:06:53.716074288Z,20.138357,114.711985,Cloud to Ground,-10707,0,7
2026-08-30T04:06:53.143143949Z,20.116783,114.741269,Cloud to Cloud,8146,3047,9
2026-08-30T04:06:53.924786691Z,20.135008,114.747176,Cloud to Cloud,10753,4765,7
2026-08-30T04:06:54.237400761Z,4.742371,113.746649,Cloud to Cloud,-12863,3017,6
2026-08-30T04:06:56.978276335Z,17.473728,112.970596,Cloud to Cloud,-11428,3029,10
2026-08-30T04:06:56.895387173Z,17.447872,112.940223,Cloud to Ground,5074,0,6
2026-08-30T04:06:56.975332748Z,17.479827,112.958826,Cloud to Ground,13377,0,5
2026-08-30T04:06:56.989028114Z,17.466488,112.878996,Cloud to Ground,14927,0,11
2026-08-30T04:06:56.979822335Z,17.444234,112.890303,Cloud to Ground,18922,0,7
2026-08-30T04:06:56.572714853Z,15.021121,120.602075,Cloud to Cloud,7545,3112,7
2026-08-30T04:06:57.552975525Z,4.098412,113.108434,Cloud to Ground,18932,0,12
2026-08-30T04:06:57.689987573Z,4.110439,113.102278,Cloud to Ground,20288,0,5
2026-08-30T04:06:57.168270997Z,4.746033,113.77325,Cloud to Ground,22441,0,12
2026-08-30T04:06:57.335244109Z,18.349307,113.457161,Cloud to Ground,-17677,0,11
2026-08-30T04:06:57.542365521Z,18.316662,113.454746,Cloud to Cloud,-15594,12387,9
2026-08-30T04:06:57.728382035Z,18.350018,113.460097,Cloud to Ground,-13683,0,9
2026-08-30T04:06:57.390724726Z,18.350676,113.458885,Cloud to Ground,-12994,0,9
2026-08-30T04:06:57.661762262Z,18.347702,113.460967,Cloud to Ground,-10305,0,8
2026-08-30T04:06:58.126090831Z,18.278811,113.430222,Cloud to Cloud,5221,5967,8
2026-08-30T04:06:57.602519951Z,18.306715,113.287326,Cloud to Cloud,-15447,6617,9
2026-08-30T04:06:58.277278227Z,18.27554,113.282387,Cloud to Cloud,-5674,7679,9
2026-08-30T04:06:58.823810396Z,18.501229,113.508858,Cloud to Cloud,-10360,3408,9
2026-08-30T04:06:58.913865911Z,18.550759,113.562034,Cloud to Ground,-10146,0,7
2026-08-30T04:06:58.657467656Z,19.076623,115.727134,Cloud to Cloud,-9878,12799,11
2026-08-30T04:06:58.537685864Z,19.093368,115.697982,Cloud to Cloud,8429,3386,7
2026-08-30T04:06:59.121349338Z,20.454208,113.373853,Cloud to Ground,-11524,0,7
2026-08-30T04:06:59.117802460Z,20.487982,113.396008,Cloud to Cloud,-3822,5284,7
2026-08-30T04:06:59.111244592Z,20.391594,113.428409,Cloud to Cloud,8226,9098,9
2026-08-30T04:06:59.112375922Z,20.366254,113.433499,Cloud to Cloud,12975,3738,12
2026-08-30T04:06:59.693372718Z,20.131122,115.142451,Cloud to Cloud,-11266,3129,9
2026-08-30T04:07:00.974286792Z,17.02557,131.718158,Cloud to Ground,-38180,0,22
2026-08-30T04:07:00.709226321Z,19.401766,114.488518,Cloud to Ground,35672,0,10
2026-08-30T04:07:00.193308399Z,22.0344,113.226405,Cloud to Cloud,-9723,5383,10
2026-08-30T04:07:00.178953969Z,22.033664,113.106523,Cloud to Cloud,12910,3020,11
2026-08-30T04:07:02.943764245Z,17.056608,131.962753,Cloud to Ground,-56240,0,14
2026-08-30T04:07:02.925335861Z,17.064814,131.93414,Cloud to Ground,-50016,0,17
2026-08-30T04:07:03.186912032Z,17.07184,131.856694,Cloud to Ground,-37946,0,20
2026-08-30T04:07:03.101550158Z,17.109851,131.9064,Cloud to Cloud,-33207,3873,15
2026-08-30T04:07:03.013910850Z,17.068662,131.845931,Cloud to Ground,-18312,0,21
2026-08-30T04:07:02.950893899Z,17.04184,131.990574,Cloud to Ground,-12838,0,10
2026-08-30T04:07:03.175423270Z,17.057574,131.962951,Cloud to Ground,-10081,0,7
2026-08-30T04:07:03.097551964Z,17.043643,131.965798,Cloud to Cloud,-9119,3161,8
2026-08-30T04:07:03.179043557Z,17.048082,131.957096,Cloud to Ground,12968,0,11
2026-08-30T04:07:03.376509563Z,17.034293,132.019609,Cloud to Ground,50299,0,16
2026-08-30T04:07:03.304302931Z,17.005038,131.919286,Cloud to Ground,60053,0,15
2026-08-30T04:07:02.965617895Z,17.049202,131.972606,Cloud to Ground,70296,0,15
2026-08-30T04:07:03.938669093Z,22.117053,113.343403,Cloud to Cloud,-17328,5424,7
2026-08-30T04:07:04.005661820Z,22.093004,113.318432,Cloud to Cloud,-12424,9085,6
2026-08-30T04:07:04.014725743Z,22.146011,113.296528,Cloud to Cloud,-12213,6155,8
2026-08-30T04:07:04.362397154Z,20.395308,113.642495,Cloud to Cloud,-25227,3003,7
2026-08-30T04:07:04.358990248Z,20.36986,113.665235,Cloud to Cloud,-16573,7100,10
2026-08-30T04:07:04.369765538Z,20.372596,113.658419,Cloud to Ground,-11265,0,8
2026-08-30T04:07:04.371309573Z,20.378715,113.750001,Cloud to Cloud,-11036,3037,9
2026-08-30T04:07:04.359877866Z,20.374882,113.577618,Cloud to Ground,26140,0,10
2026-08-30T04:07:04.362991904Z,20.354037,113.649282,Cloud to Ground,31778,0,13
2026-08-30T04:07:05.379633568Z,20.065122,114.976353,Cloud to Cloud,-12420,16315,8
2026-08-30T04:07:05.193283108Z,20.140078,114.91996,Cloud to Cloud,-9870,3013,11
2026-08-30T04:07:05.306018424Z,20.144686,114.938538,Cloud to Cloud,6994,3001,6
2026-08-30T04:07:05.295600505Z,20.150744,114.932197,Cloud to Cloud,9411,3024,8
2026-08-30T04:07:05.144290389Z,20.150074,114.932959,Cloud to Cloud,12320,6698,10
2026-08-30T04:07:05.176083059Z,20.164246,114.84201,Cloud to Ground,18115,0,7
2026-08-30T04:07:06.351118064Z,18.37012,116.191826,Cloud to Cloud,9326,3035,8
2026-08-30T04:07:08.275446761Z,18.687039,117.410673,Cloud to Cloud,7297,13781,10
2026-08-30T04:07:08.276975339Z,18.70254,117.414508,Cloud to Ground,34587,0,11
2026-08-30T04:07:08.172354881Z,21.996469,113.2176,Cloud to Cloud,-9365,13908,9
2026-08-30T04:07:08.522576750Z,21.908302,113.284126,Cloud to Cloud,-26008,3007,12
2026-08-30T04:07:10.630500327Z,19.340742,122.904807,Cloud to Ground,-64055,0,13
2026-08-30T04:07:10.075847848Z,19.32375,122.916815,Cloud to Ground,-36658,0,16
2026-08-30T04:07:10.065326238Z,19.318726,122.905143,Cloud to Cloud,2938,18857,6
2026-08-30T04:07:10.227314820Z,19.277454,122.899885,Cloud to Cloud,5902,3018,5
2026-08-30T04:07:10.213236875Z,19.277121,122.885395,Cloud to Cloud,7510,15689,9
2026-08-30T04:07:10.590060965Z,19.270463,122.927159,Cloud to Cloud,13389,4281,6
2026-08-30T04:07:10.220280834Z,19.360383,122.844561,Cloud to Cloud,18707,3048,7
2026-08-30T04:07:10.735047961Z,17.621076,113.018535,Cloud to Ground,-9592,0,6
2026-08-30T04:07:10.505314916Z,17.743787,113.141113,Cloud to Ground,-25001,0,12
2026-08-30T04:07:10.647060029Z,17.671945,113.137836,Cloud to Cloud,-11737,3154,6
2026-08-30T04:07:10.513019819Z,17.749197,113.066743,Cloud to Cloud,-7226,18506,7
2026-08-30T04:07:10.507662562Z,17.728592,113.096714,Cloud to Ground,9121,0,7
2026-08-30T04:07:09.731939993Z,20.213209,114.203269,Cloud to Cloud,-17268,7435,12
2026-08-30T04:07:10.028303252Z,20.258854,114.104653,Cloud to Ground,-13392,0,7
2026-08-30T04:07:09.714621510Z,20.214956,114.11264,Cloud to Cloud,21530,3727,12
2026-08-30T04:07:11.929017808Z,16.790526,127.436004,Cloud to Ground,-16186,0,8
2026-08-30T04:07:11.735908270Z,16.788,127.628658,Cloud to Ground,-77068,0,14
2026-08-30T04:07:11.959162849Z,16.718288,127.572442,Cloud to Ground,-67080,0,10
2026-08-30T04:07:12.131279895Z,16.868989,127.582513,Cloud to Ground,-27181,0,25
2026-08-30T04:07:11.861194435Z,16.789965,127.622,Cloud to Ground,-22475,0,9
2026-08-30T04:07:11.890693883Z,16.807693,127.644908,Cloud to Ground,-21176,0,10
2026-08-30T04:07:12.132168786Z,16.847282,127.671002,Cloud to Cloud,-18940,4792,15
2026-08-30T04:07:12.032558179Z,16.799962,127.729808,Cloud to Cloud,-10268,19373,10
2026-08-30T04:07:11.987130765Z,16.710824,127.754036,Cloud to Cloud,12211,16654,11
2026-08-30T04:07:12.039835847Z,16.800404,127.741917,Cloud to Cloud,13416,3143,8
2026-08-30T04:07:12.192222908Z,16.766398,127.67001,Cloud to Cloud,17835,19640,8
2026-08-30T04:07:12.401240000Z,16.7664,127.6642,Cloud to Ground,22456,0,6
2026-08-30T04:07:12.039343381Z,16.759695,127.680599,Cloud to Ground,49225,0,10
2026-08-30T04:07:12.002314750Z,16.925947,131.485928,Cloud to Cloud,-10827,15562,10
2026-08-30T04:07:12.326051035Z,16.937939,131.614765,Cloud to Cloud,14712,3296,11
2026-08-30T04:07:12.955190738Z,18.467869,113.491346,Cloud to Ground,-11570,0,7
2026-08-30T04:07:13.696734337Z,20.597529,112.865368,Cloud to Cloud,5403,6785,6
2026-08-30T04:07:13.628461000Z,20.5164,112.9024,Cloud to Ground,23211,0,6
2026-08-30T04:07:14.471987153Z,20.695868,114.111048,Cloud to Cloud,-12248,9515,8
2026-08-30T04:07:14.464819392Z,20.674228,114.08097,Cloud to Cloud,-9561,16928,8
2026-08-30T04:07:14.463364988Z,20.700665,114.033529,Cloud to Cloud,13198,16912,11
2026-08-30T04:07:14.124728186Z,22.88157,113.279451,Cloud to Cloud,9730,19773,10
2026-08-30T04:07:14.274905783Z,22.893327,113.24753,Cloud to Ground,53229,0,16
2026-08-30T04:07:14.931167888Z,18.40606,113.353362,Cloud to Cloud,-15907,6884,13
2026-08-30T04:07:14.907900287Z,18.423823,113.339708,Cloud to Ground,-11210,0,8
2026-08-30T04:07:14.939411694Z,18.480074,113.252666,Cloud to Ground,-9037,0,7
2026-08-30T04:07:14.871792266Z,18.417344,113.39597,Cloud to Ground,-7926,0,6
2026-08-30T04:07:14.106035837Z,18.457667,113.390231,Cloud to Cloud,-7558,6832,6
2026-08-30T04:07:14.440983705Z,18.434313,113.352628,Cloud to Cloud,-6126,19523,5
2026-08-30T04:07:15.043947979Z,18.532472,113.211732,Cloud to Ground,7236,0,7
2026-08-30T04:07:14.393930824Z,18.43094,113.298853,Cloud to Cloud,9639,7608,9
2026-08-30T04:07:14.950225413Z,18.490717,113.38764,Cloud to Ground,9855,0,7
2026-08-30T04:07:15.025489857Z,20.856734,114.009065,Cloud to Cloud,11764,3001,7
2026-08-30T04:07:16.407103600Z,14.844892,120.968807,Cloud to Cloud,4025,3061,6
2026-08-30T04:07:16.215630564Z,19.551128,114.709462,Cloud to Cloud,-13647,3048,7
2026-08-30T04:07:18.152425432Z,16.954881,131.802641,Cloud to Ground,-26632,0,14
2026-08-30T04:07:35.665771114Z,18.627435,118.022374,Cloud to Ground,-15200,0,12
2026-08-30T04:07:35.019124360Z,22.123549,113.320324,Cloud to Ground,-10040,0,9
2026-08-30T04:07:36.724259180Z,20.529008,112.957485,Cloud to Ground,-21658,0,14
2026-08-30T04:07:36.945467019Z,20.552629,112.966017,Cloud to Ground,-14677,0,8
2026-08-30T04:07:37.023138678Z,20.551178,112.964245,Cloud to Cloud,-10478,5812,9
2026-08-30T04:07:36.947415385Z,20.495286,112.975,Cloud to Ground,-7078,0,6
2026-08-30T04:07:36.808747463Z,20.575569,112.884226,Cloud to Cloud,7756,18336,6
2026-08-30T04:07:36.814398058Z,20.523425,112.971802,Cloud to Ground,45690,0,12
2026-08-30T04:07:37.249155446Z,14.173057,120.606865,Cloud to Ground,-12069,0,9
2026-08-30T04:07:36.843142159Z,14.264672,120.696584,Cloud to Cloud,7850,3523,6
2026-08-30T04:07:36.816967831Z,14.32923,120.629085,Cloud to Cloud,11696,13664,7
2026-08-30T04:07:37.257741636Z,14.292552,120.704923,Cloud to Cloud,13716,3909,7
2026-08-30T04:07:38.587002293Z,18.291635,113.467187,Cloud to Cloud,-13441,6544,10
2026-08-30T04:07:38.630906330Z,18.279329,113.465295,Cloud to Cloud,-9155,3025,8
2026-08-30T04:07:38.598048585Z,18.28203,113.452388,Cloud to Cloud,-6830,6467,6
2026-08-30T04:07:38.596556787Z,18.289294,113.457203,Cloud to Cloud,8657,4962,9
2026-08-30T04:07:38.546846461Z,20.268749,114.221865,Cloud to Cloud,-9330,3005,9
2026-08-30T04:07:38.527454000Z,20.228469,114.229731,Cloud to Ground,22433,0,11
2026-08-30T04:07:39.997861537Z,17.395991,113.081575,Cloud to Cloud,-29276,7801,13
2026-08-30T04:07:39.980209004Z,17.444163,113.047317,Cloud to Cloud,-10876,3462,10
2026-08-30T04:07:39.871981755Z,17.456608,112.992739,Cloud to Ground,-8458,0,5
2026-08-30T04:07:39.408635805Z,17.447839,113.031876,Cloud to Ground,-7755,0,10
2026-08-30T04:07:40.001278968Z,17.419748,113.073988,Cloud to Cloud,7381,6890,9
2026-08-30T04:07:40.268380684Z,17.39949,112.909335,Cloud to Ground,-17112,0,8
2026-08-30T04:07:40.265242962Z,17.575804,112.93259,Cloud to Ground,12807,0,9
2026-08-30T04:07:40.688244267Z,18.489832,113.586895,Cloud to Cloud,-12709,19555,11
2026-08-30T04:07:40.659869231Z,18.513282,113.574446,Cloud to Cloud,-10104,3003,12
2026-08-30T04:07:41.463816412Z,4.76664,113.7363,Cloud to Ground,21473,0,18
2026-08-30T04:07:41.247271177Z,21.986333,113.199511,Cloud to Cloud,-11027,18484,12
2026-08-30T04:07:41.450001563Z,21.949998,113.208991,Cloud to Cloud,10202,7809,8
2026-08-30T04:07:44.198946436Z,19.352054,114.92075,Cloud to Cloud,-10674,10719,8
2026-08-30T04:07:44.339034948Z,19.361848,114.921197,Cloud to Cloud,-7107,16166,8
2026-08-30T04:07:44.440516416Z,19.345448,114.909337,Cloud to Cloud,-6961,13226,6
2026-08-30T04:07:44.116208255Z,19.347041,114.92861,Cloud to Ground,11470,0,7
2026-08-30T04:07:45.432803333Z,4.755535,113.756629,Cloud to Cloud,-8632,18412,6
2026-08-30T04:07:46.720606676Z,18.279384,113.37247,Cloud to Ground,19031,0,11
2026-08-30T04:07:47.922494383Z,16.802878,127.699165,Cloud to Cloud,9071,18451,9
2026-08-30T04:07:47.211145865Z,18.841692,118.001504,Cloud to Cloud,5236,19389,7
2026-08-30T04:07:47.179254916Z,18.854298,118.055849,Cloud to Ground,15586,0,8
2026-08-30T04:07:48.528141189Z,4.671119,113.736912,Cloud to Cloud,-8001,4891,5
2026-08-30T04:07:48.589513320Z,4.752868,113.744927,Cloud to Cloud,-7665,3569,6
2026-08-30T04:07:48.814638205Z,18.57963,124.519246,Cloud to Cloud,5710,11346,8
2026-08-30T04:07:48.810735743Z,18.536645,124.630243,Cloud to Cloud,5903,15427,7
2026-08-30T04:07:48.079881000Z,20.366798,113.562163,Cloud to Ground,27840,0,10
2026-08-30T04:07:48.079001821Z,20.378636,113.657679,Cloud to Cloud,-13185,3878,11
2026-08-30T04:07:48.298665607Z,20.359248,113.675177,Cloud to Ground,-11287,0,8
2026-08-30T04:07:48.078238252Z,20.359132,113.674575,Cloud to Ground,15102,0,7
2026-08-30T04:07:49.100759547Z,20.451643,113.482436,Cloud to Ground,-24995,0,20
2026-08-30T04:07:49.817163876Z,18.267612,113.45724,Cloud to Cloud,-13344,4689,8
2026-08-30T04:07:49.906173172Z,18.238969,113.42502,Cloud to Cloud,-7008,12573,6
2026-08-30T04:07:49.916506182Z,18.255218,113.440042,Cloud to Cloud,-6033,7776,7
2026-08-30T04:07:49.635088117Z,18.326088,113.39589,Cloud to Cloud,6884,7057,8
2026-08-30T04:07:50.317187013Z,17.313728,120.669989,Cloud to Cloud,12658,6302,8
2026-08-30T04:07:50.448662881Z,17.232198,120.636699,Cloud to Ground,57236,0,17
2026-08-30T04:07:51.782310916Z,20.106002,114.977736,Cloud to Cloud,-9529,11710,8
2026-08-30T04:07:51.527729431Z,20.073484,115.120028,Cloud to Cloud,-9072,6537,9
2026-08-30T04:07:51.539849561Z,20.145018,115.125761,Cloud to Cloud,8498,3012,6
2026-08-30T04:07:51.550583022Z,20.092403,115.120154,Cloud to Cloud,11092,7121,9
2026-08-30T04:07:51.174830312Z,20.117052,115.131534,Cloud to Ground,12730,0,12
2026-08-30T04:07:51.361406415Z,20.186847,115.227673,Cloud to Cloud,10155,7191,8
2026-08-30T04:07:52.494809750Z,18.498645,113.602713,Cloud to Ground,-13267,0,9
2026-08-30T04:07:52.877861227Z,18.510234,113.580025,Cloud to Ground,-11465,0,7
2026-08-30T04:07:52.762329984Z,18.50979,113.605029,Cloud to Cloud,-8037,10080,6
2026-08-30T04:07:52.514955629Z,18.508464,113.578754,Cloud to Cloud,-5315,10965,7
2026-08-30T04:07:52.906647065Z,19.419929,114.572538,Cloud to Cloud,6184,14105,7
2026-08-30T04:07:52.356442195Z,19.468769,114.528961,Cloud to Cloud,13058,5313,6
2026-08-30T04:07:53.630059294Z,22.107093,113.330712,Cloud to Ground,-11191,0,8
2026-08-30T04:07:53.327760081Z,22.153601,113.338328,Cloud to Cloud,-8189,3155,8
2026-08-30T04:07:53.810312779Z,22.143768,113.275936,Cloud to Cloud,6248,7512,6
2026-08-30T04:07:53.629567460Z,22.110301,113.326493,Cloud to Cloud,7137,3092,7
2026-08-30T04:07:54.197372590Z,22.045428,113.195763,Cloud to Ground,-25832,0,18
2026-08-30T04:07:58.218826068Z,16.110935,129.536161,Cloud to Cloud,19243,4312,15
2026-08-30T04:07:59.992290815Z,16.070688,120.011014,Cloud to Cloud,-11522,15377,14
2026-08-30T04:07:59.210155895Z,17.557453,120.53085,Cloud to Ground,-49118,0,16
2026-08-30T04:07:59.255615859Z,17.559756,120.539281,Cloud to Ground,-44237,0,14
2026-08-30T04:07:59.225040997Z,17.556248,120.526482,Cloud to Ground,-10390,0,12
2026-08-30T04:07:59.312705866Z,17.533926,120.524818,Cloud to Cloud,-6352,5648,7
2026-08-30T04:07:59.344950767Z,17.557796,120.527645,Cloud to Ground,28999,0,15
2026-08-30T04:08:00.918094197Z,17.127814,131.059425,Cloud to Ground,-33534,0,18
2026-08-30T04:08:01.093003334Z,17.082016,131.172535,Cloud to Cloud,-19228,3144,12
2026-08-30T04:08:01.651192187Z,17.076785,131.067175,Cloud to Ground,-16420,0,11
2026-08-30T04:08:01.083145828Z,17.067801,131.104654,Cloud to Ground,-16081,0,14
2026-08-30T04:08:00.974005364Z,17.061022,131.128514,Cloud to Ground,-12898,0,10
2026-08-30T04:08:01.036009963Z,17.074917,131.115574,Cloud to Ground,-10755,0,6
2026-08-30T04:08:01.641749824Z,17.08434,131.110954,Cloud to Cloud,14271,11869,15
2026-08-30T04:08:00.937216692Z,17.088272,131.096732,Cloud to Ground,39471,0,12
2026-08-30T04:08:00.973082085Z,17.068388,131.126936,Cloud to Ground,58884,0,20
2026-08-30T04:08:00.482433026Z,22.152624,113.313265,Cloud to Ground,-23866,0,10
2026-08-30T04:08:00.577129000Z,22.1657,113.2563,Cloud to Ground,31015,0,5
2026-08-30T04:08:00.543436121Z,14.926114,120.902797,Cloud to Cloud,-8978,11499,7
2026-08-30T04:08:00.536085000Z,14.9419,120.8788,Cloud to Ground,3810,0,6
2026-08-30T04:08:00.537238375Z,14.929991,120.90524,Cloud to Cloud,13665,10900,11
2026-08-30T04:08:01.220238392Z,17.061711,130.929498,Cloud to Cloud,-17305,3097,10
2026-08-30T04:08:01.771719989Z,17.076842,130.96728,Cloud to Cloud,-14563,13352,7
2026-08-30T04:08:01.219257756Z,17.061905,130.938887,Cloud to Cloud,-13460,3002,8
2026-08-30T04:08:01.248510702Z,20.806974,114.038111,Cloud to Ground,37361,0,9
2026-08-30T04:08:01.435292216Z,20.732635,113.932247,Cloud to Cloud,7483,10806,7
2026-08-30T04:08:02.041041052Z,16.242678,130.694299,Cloud to Ground,-27872,0,14
2026-08-30T04:08:02.045735073Z,16.251058,130.699953,Cloud to Cloud,-17141,3141,13
2026-08-30T04:08:02.071527887Z,16.258179,130.72727,Cloud to Ground,-2687,0,6
2026-08-30T04:08:02.042064705Z,16.229685,130.736785,Cloud to Ground,52006,0,13
2026-08-30T04:08:02.234444504Z,20.263869,113.42666,Cloud to Cloud,-15079,14232,7
2026-08-30T04:08:02.358509043Z,20.284492,113.423863,Cloud to Cloud,10688,7653,8
2026-08-30T04:08:02.454191468Z,20.208273,114.239932,Cloud to Cloud,10122,3198,7
2026-08-30T04:08:02.414727765Z,20.230823,114.150491,Cloud to Ground,19420,0,14
2026-08-30T04:08:02.402881706Z,22.060671,113.191133,Cloud to Cloud,-12299,3033,6
2026-08-30T04:08:02.785800361Z,18.471677,113.546063,Cloud to Cloud,-16220,3019,9
2026-08-30T04:08:03.055676150Z,18.471719,113.592172,Cloud to Ground,-10638,0,7
2026-08-30T04:08:03.043682509Z,18.461884,113.502231,Cloud to Cloud,-7814,4679,5
2026-08-30T04:08:04.546202055Z,19.713124,114.411806,Cloud to Cloud,-11993,6238,7
2026-08-30T04:08:04.596667076Z,19.709264,114.414416,Cloud to Ground,23324,0,10
2026-08-30T04:08:05.673251692Z,22.241916,113.373864,Cloud to Ground,8963,0,10
2026-08-30T04:08:05.802360344Z,18.751249,114.016275,Cloud to Cloud,9140,19182,10
2026-08-30T04:08:05.805755258Z,18.73073,113.854948,Cloud to Ground,9761,0,10
2026-08-30T04:08:05.803437563Z,18.738128,113.934894,Cloud to Ground,16459,0,11
2026-08-30T04:08:05.809625572Z,18.885263,113.904238,Cloud to Cloud,-11540,6017,7
2026-08-30T04:08:06.523035991Z,14.223078,120.69719,Cloud to Ground,14664,0,8
2026-08-30T04:08:06.501338093Z,14.200814,120.666871,Cloud to Ground,17242,0,10
2026-08-30T04:08:06.119143283Z,22.313453,113.306723,Cloud to Cloud,-13556,3000,8
2026-08-30T04:08:05.674084994Z,22.25948,113.273112,Cloud to Cloud,9767,3108,12
2026-08-30T04:08:06.748826105Z,18.463934,116.328027,Cloud to Ground,-8984,0,6
2026-08-30T04:08:06.743946607Z,18.47101,116.334684,Cloud to Cloud,10924,3001,8
2026-08-30T04:08:06.830614992Z,14.344478,120.681595,Cloud to Cloud,-6096,4439,6
2026-08-30T04:08:06.793899000Z,19.1831,115.7613,Cloud to Ground,-17799,0,8
2026-08-30T04:08:14.826673403Z,19.216385,118.441231,Cloud to Cloud,-9984,3001,9
2026-08-30T04:08:14.790702516Z,19.215716,118.404398,Cloud to Cloud,5786,3075,7
2026-08-30T04:08:14.925687418Z,19.299047,118.454343,Cloud to Cloud,11181,3008,8
2026-08-30T04:08:14.144986680Z,14.845951,120.944197,Cloud to Cloud,-7266,3239,5
2026-08-30T04:08:14.486484608Z,14.813146,120.980562,Cloud to Cloud,8132,14449,7
2026-08-30T04:08:14.500605926Z,22.044982,113.174443,Cloud to Cloud,-13403,18616,9
2026-08-30T04:08:14.587634693Z,22.114909,113.353507,Cloud to Cloud,11527,3994,7
2026-08-30T04:08:15.909701311Z,20.371181,113.334232,Cloud to Cloud,-10461,3095,8
2026-08-30T04:08:15.398440762Z,20.417279,113.385089,Cloud to Cloud,-9787,3030,7
2026-08-30T04:08:15.895777006Z,20.426363,113.381351,Cloud to Cloud,7059,6960,10
2026-08-30T04:08:15.947739875Z,20.435138,113.363912,Cloud to Cloud,9798,4196,7
2026-08-30T04:08:16.588971138Z,16.849075,127.590315,Cloud to Ground,-28244,0,18
2026-08-30T04:08:16.306990027Z,16.763885,127.710267,Cloud to Ground,-91822,0,13
2026-08-30T04:08:16.408968877Z,16.796578,127.739051,Cloud to Cloud,-31765,4917,9
2026-08-30T04:08:16.706472335Z,16.830706,127.710752,Cloud to Ground,-20663,0,9
2026-08-30T04:08:16.648972874Z,16.796058,127.747138,Cloud to Cloud,-18680,3818,9
2026-08-30T04:08:16.734778689Z,16.827539,127.724176,Cloud to Ground,-14494,0,8
2026-08-30T04:08:16.424466000Z,16.7035,127.7019,Cloud to Ground,21602,0,5
2026-08-30T04:08:16.443339364Z,16.786185,127.739025,Cloud to Ground,24312,0,9
2026-08-30T04:08:16.416998355Z,16.856565,127.727155,Cloud to Cloud,29015,3022,8
2026-08-30T04:08:17.874844000Z,18.1389,120.2014,Cloud to Ground,-72385,0,7
2026-08-30T04:08:20.270386875Z,17.441819,112.933614,Cloud to Cloud,-18033,6864,9
2026-08-30T04:08:20.273155919Z,17.446162,112.962926,Cloud to Ground,-8187,0,7
2026-08-30T04:08:20.267434780Z,17.45705,112.971474,Cloud to Cloud,5741,7201,9
2026-08-30T04:08:20.493496335Z,18.579766,113.442657,Cloud to Cloud,-10505,3197,7
2026-08-30T04:08:20.136823542Z,18.480707,113.493955,Cloud to Cloud,-5382,7556,7
2026-08-30T04:08:21.181179474Z,22.170052,113.284551,Cloud to Cloud,8655,14101,8
2026-08-30T04:08:20.860269200Z,22.158359,113.309143,Cloud to Ground,46777,0,13
2026-08-30T04:08:20.973727768Z,15.03296,120.807307,Cloud to Cloud,3561,15353,7
2026-08-30T04:08:22.808470497Z,20.083035,114.994539,Cloud to Cloud,-73571,3070,16
2026-08-30T04:08:22.243440523Z,20.054573,115.112395,Cloud to Cloud,-15122,8201,10
2026-08-30T04:08:22.013448113Z,20.109062,115.131715,Cloud to Cloud,-12707,4600,9
2026-08-30T04:08:22.465001029Z,20.110549,115.109762,Cloud to Cloud,-10682,3036,8
2026-08-30T04:08:23.180442468Z,20.145263,114.719226,Cloud to Cloud,-9596,3023,8
2026-08-30T04:08:23.149602102Z,20.144804,114.747345,Cloud to Cloud,24272,16597,13
2026-08-30T04:08:23.158152348Z,21.624408,116.728391,Cloud to Cloud,-10540,13564,9
2026-08-30T04:08:23.300068209Z,20.251205,114.810903,Cloud to Ground,-8464,0,8
2026-08-30T04:08:25.438956974Z,17.044049,131.979473,Cloud to Ground,-11586,0,6
2026-08-30T04:08:24.912347254Z,17.037697,131.929688,Cloud to Ground,21265,0,13
2026-08-30T04:08:24.843165446Z,17.044453,131.923518,Cloud to Ground,49923,0,16
2026-08-30T04:08:24.978122926Z,18.542206,113.369813,Cloud to Ground,25535,0,12
2026-08-30T04:08:24.979092603Z,18.442911,113.458834,Cloud to Ground,-47681,0,16
2026-08-30T04:08:24.977257113Z,18.455,113.444056,Cloud to Ground,14215,0,11
2026-08-30T04:08:24.953460657Z,17.594057,112.971414,Cloud to Cloud,8626,6005,9
2026-08-30T04:08:24.612755718Z,17.666949,113.182049,Cloud to Ground,-41779,0,15
2026-08-30T04:08:24.619430093Z,17.66292,113.172382,Cloud to Cloud,-10140,3150,7
2026-08-30T04:08:24.615432140Z,17.679255,113.169564,Cloud to Ground,18472,0,10
2026-08-30T04:08:24.614130101Z,17.654671,113.082369,Cloud to Ground,30338,0,8
2026-08-30T04:08:24.611673822Z,17.654954,113.090401,Cloud to Ground,48430,0,9
2026-08-30T04:08:24.176106080Z,21.052073,113.797647,Cloud to Cloud,-15959,3466,8
2026-08-30T04:08:24.174264922Z,21.017238,113.788189,Cloud to Cloud,22752,7501,7
2026-08-30T04:08:25.405046885Z,17.053371,131.819025,Cloud to Ground,9590,0,11
2026-08-30T04:08:25.443910934Z,17.790724,128.446879,Cloud to Cloud,-14946,6547,15
2026-08-30T04:08:25.453852086Z,17.782462,128.457193,Cloud to Cloud,-8381,5209,12
2026-08-30T04:08:25.442834587Z,17.791598,128.455532,Cloud to Cloud,7809,17784,6
2026-08-30T04:08:25.454265844Z,17.786608,128.422562,Cloud to Cloud,9486,3016,8
2026-08-30T04:08:25.485471691Z,17.789393,128.468863,Cloud to Ground,14813,0,8
2026-08-30T04:08:25.449934130Z,18.409481,113.292104,Cloud to Cloud,-11466,6623,10
2026-08-30T04:08:25.409689242Z,18.41586,113.290319,Cloud to Ground,-10013,0,5
2026-08-30T04:08:25.622946080Z,18.458717,113.27011,Cloud to Cloud,6012,3008,8
2026-08-30T04:08:25.928399865Z,18.432002,113.188828,Cloud to Cloud,8959,7130,7
2026-08-30T04:08:25.613599000Z,17.0599,127.4349,Cloud to Ground,20443,0,6
2026-08-30T04:08:26.008360893Z,18.681678,119.845709,Cloud to Ground,-28900,0,12
2026-08-30T04:08:26.080520021Z,18.682773,119.845455,Cloud to Ground,-16832,0,11
2026-08-30T04:08:26.239570666Z,18.682429,119.844356,Cloud to Ground,-16483,0,10
2026-08-30T04:08:26.045846107Z,18.679202,119.842903,Cloud to Ground,-9770,0,8
2026-08-30T04:08:26.045284984Z,18.65961,119.82411,Cloud to Cloud,-9546,7821,7
2026-08-30T04:08:27.979313319Z,20.287295,113.407638,Cloud to Ground,-34834,0,10
2026-08-30T04:08:27.976114175Z,20.294995,113.413369,Cloud to Cloud,13724,3243,10
2026-08-30T04:08:28.020117163Z,20.249012,113.44404,Cloud to Ground,21384,0,8
2026-08-30T04:08:27.221424783Z,19.07631,115.703273,Cloud to Cloud,12378,11473,10
2026-08-30T04:08:27.246204592Z,19.167437,115.722816,Cloud to Cloud,8068,3001,8
2026-08-30T04:08:28.299880538Z,18.318646,113.451793,Cloud to Cloud,-7463,12011,7
2026-08-30T04:08:30.933699835Z,4.065319,113.108701,Cloud to Ground,28199,0,7
2026-08-30T04:08:31.432287853Z,18.242377,113.464353,Cloud to Ground,-10647,0,8
2026-08-30T04:08:32.661658009Z,19.519812,114.803348,Cloud to Cloud,-10972,3034,10
2026-08-30T04:08:32.875873247Z,19.455443,114.796952,Cloud to Cloud,-8096,4163,8
2026-08-30T04:08:32.471914346Z,21.953796,113.226281,Cloud to Cloud,-10348,18632,6
2026-08-30T04:08:32.291449269Z,21.94532,113.213753,Cloud to Cloud,-9455,11009,8
2026-08-30T04:08:32.756093231Z,20.208893,114.246104,Cloud to Cloud,11849,3416,12
2026-08-30T04:08:33.050391698Z,18.414568,113.171344,Cloud to Ground,-8843,0,9
2026-08-30T04:08:34.289426280Z,19.588901,114.033665,Cloud to Cloud,7380,5454,7
2026-08-30T04:08:34.267448131Z,20.8715,114.513742,Cloud to Cloud,14957,17724,9
2026-08-30T04:08:34.955821636Z,20.78252,114.297635,Cloud to Cloud,-7948,7781,9
2026-08-30T04:08:35.708047382Z,18.528858,113.588228,Cloud to Ground,-14207,0,8
2026-08-30T04:08:35.802035381Z,18.504962,113.613557,Cloud to Ground,-9779,0,11
2026-08-30T04:08:35.542576371Z,18.502922,113.609062,Cloud to Ground,-7393,0,8
2026-08-30T04:08:35.904357078Z,18.537545,113.56863,Cloud to Cloud,-6498,3261,8
2026-08-30T04:08:35.811730116Z,18.512538,113.601361,Cloud to Cloud,9454,3594,6
2026-08-30T04:08:35.572232985Z,18.50154,113.510788,Cloud to Ground,15893,0,11
2026-08-30T04:08:37.649379650Z,17.107225,120.373287,Cloud to Ground,32619,0,13
2026-08-30T04:08:37.477544429Z,18.331752,113.512888,Cloud to Cloud,10219,14683,10
2026-08-30T04:08:38.485892201Z,17.05996,131.863507,Cloud to Ground,29008,0,8
2026-08-30T04:08:38.018974969Z,17.054315,131.864603,Cloud to Ground,29521,0,16
2026-08-30T04:08:38.110590422Z,17.053562,131.857504,Cloud to Ground,41421,0,11
2026-08-30T04:08:38.350839340Z,17.061774,131.860754,Cloud to Ground,60661,0,16
2026-08-30T04:08:38.492102793Z,17.034787,131.73471,Cloud to Cloud,-13443,5251,8
2026-08-30T04:08:37.956505000Z,17.0861,131.7595,Cloud to Ground,23423,0,9
2026-08-30T04:08:39.125406355Z,4.699531,113.786412,Cloud to Ground,25973,0,13
2026-08-30T04:08:39.649672650Z,17.410427,112.965861,Cloud to Ground,-17974,0,9
2026-08-30T04:08:39.650136819Z,17.378041,112.878399,Cloud to Ground,-8449,0,8
2026-08-30T04:08:40.240549141Z,18.462221,113.604999,Cloud to Cloud,-11819,15864,8
2026-08-30T04:08:41.122994525Z,17.104092,131.412924,Cloud to Ground,-16360,0,14
2026-08-30T04:08:41.114574973Z,17.127538,131.403443,Cloud to Ground,-13897,0,17
2026-08-30T04:08:41.113561224Z,17.131364,131.34074,Cloud to Cloud,-11668,3251,7
2026-08-30T04:08:41.131648455Z,17.124555,131.39645,Cloud to Cloud,-10292,19988,12
2026-08-30T04:08:41.110242989Z,17.134456,131.409563,Cloud to Ground,11293,0,7
2026-08-30T04:08:41.115726823Z,17.106403,131.419531,Cloud to Ground,34173,0,17
2026-08-30T04:08:42.697660167Z,20.284165,113.821555,Cloud to Cloud,-15231,7467,7
2026-08-30T04:08:42.661603261Z,20.218944,113.646409,Cloud to Ground,-38681,0,18
2026-08-30T04:08:41.530604658Z,20.367479,113.663647,Cloud to Ground,-30478,0,15
2026-08-30T04:08:41.527927509Z,20.36931,113.683168,Cloud to Cloud,-11185,5897,8
2026-08-30T04:08:41.523028663Z,20.386654,113.681012,Cloud to Cloud,-11086,15850,9
2026-08-30T04:08:41.989518567Z,20.301565,113.642639,Cloud to Cloud,-6836,4561,8
2026-08-30T04:08:42.928107255Z,20.19835,113.735814,Cloud to Cloud,5929,3002,8
2026-08-30T04:08:43.268618999Z,18.68507,114.252798,Cloud to Ground,-14553,0,9
2026-08-30T04:08:43.261394667Z,18.685973,114.205957,Cloud to Cloud,6238,3057,9
2026-08-30T04:08:43.256673916Z,18.666598,114.257922,Cloud to Cloud,11861,7982,10
2026-08-30T04:08:43.301754557Z,18.264234,113.450404,Cloud to Ground,-7813,0,6
2026-08-30T04:08:43.196096772Z,18.252969,113.381719,Cloud to Cloud,-6374,10937,7
2026-08-30T04:08:42.835886991Z,18.29892,113.473852,Cloud to Cloud,8133,7821,8
2026-08-30T04:08:46.001500647Z,22.161699,113.346725,Cloud to Cloud,10107,3002,10
2026-08-30T04:08:46.282670163Z,22.154895,113.36322,Cloud to Ground,14169,0,14
2026-08-30T04:08:46.196245000Z,22.131904,113.367148,Cloud to Cloud,14434,19362,9
2026-08-30T04:08:47.419204978Z,14.341417,120.665303,Cloud to Cloud,-6047,3417,7
2026-08-30T04:08:48.248221900Z,22.087354,113.285293,Cloud to Cloud,7002,3019,7
2026-08-30T04:08:48.386745951Z,22.054913,113.259683,Cloud to Ground,10342,0,13
2026-08-30T04:08:49.205153858Z,19.548179,118.673541,Cloud to Cloud,7487,17900,7
2026-08-30T04:08:49.193610978Z,19.586109,118.709479,Cloud to Cloud,11661,13741,7
2026-08-30T04:08:49.192940153Z,19.470273,118.574122,Cloud to Cloud,5867,10468,8
2026-08-30T04:08:49.405201569Z,19.465158,118.587919,Cloud to Cloud,6154,5944,6
2026-08-30T04:08:49.196399449Z,19.425831,118.627659,Cloud to Cloud,7887,3612,7
2026-08-30T04:08:51.951064822Z,22.255769,113.609987,Cloud to Ground,-4328,0,7
2026-08-30T04:08:52.417424620Z,20.239844,114.780998,Cloud to Cloud,6855,3835,8
2026-08-30T04:08:52.208378846Z,20.12239,114.781875,Cloud to Cloud,-10891,3015,8
2026-08-30T04:08:52.379051567Z,20.111676,114.781737,Cloud to Ground,-6969,0,7
2026-08-30T04:08:52.366733584Z,20.137923,114.776543,Cloud to Ground,9271,0,8
2026-08-30T04:08:52.019034809Z,22.169384,113.350559,Cloud to Ground,-12504,0,12
2026-08-30T04:08:53.608100000Z,18.2138,113.3429,Cloud to Ground,2097,0,5
2026-08-30T04:08:54.047822507Z,18.163464,113.231582,Cloud to Cloud,4883,4985,7
2026-08-30T04:08:53.656414865Z,18.182116,113.348494,Cloud to Ground,9077,0,10
2026-08-30T04:08:53.608983366Z,18.165695,113.269733,Cloud to Cloud,11388,3117,7
2026-08-30T04:08:54.630227039Z,4.71957,113.744198,Cloud to Ground,22469,0,17
2026-08-30T04:08:54.509639251Z,18.318831,113.464854,Cloud to Ground,-24281,0,8
2026-08-30T04:08:54.773775439Z,17.474074,112.975106,Cloud to Cloud,-10344,3014,7
2026-08-30T04:08:54.791028456Z,17.466025,112.980733,Cloud to Cloud,-7915,6561,7
2026-08-30T04:08:54.492179847Z,17.457951,112.9393,Cloud to Cloud,-5944,3523,8
2026-08-30T04:08:55.003718976Z,20.280977,113.861179,Cloud to Cloud,6790,3254,7
2026-08-30T04:08:54.777929568Z,20.310091,113.88815,Cloud to Ground,26513,0,11
2026-08-30T04:08:56.233146956Z,20.112539,114.937766,Cloud to Cloud,-11618,3053,7
2026-08-30T04:08:56.155784962Z,20.137515,114.991107,Cloud to Cloud,-8261,11722,6
2026-08-30T04:08:55.992558366Z,20.1471,114.922196,Cloud to Ground,-6651,0,6
2026-08-30T04:08:55.962048626Z,20.142595,114.944455,Cloud to Cloud,11058,7525,11
2026-08-30T04:08:56.219743547Z,20.185272,114.923086,Cloud to Cloud,11881,4831,7
2026-08-30T04:08:56.019698817Z,20.148848,114.846132,Cloud to Ground,13874,0,11
2026-08-30T04:08:55.964809948Z,20.142704,114.948523,Cloud to Ground,13910,0,10
2026-08-30T04:08:55.033397496Z,20.1915,113.762908,Cloud to Cloud,-7052,4897,7
2026-08-30T04:08:58.368519000Z,19.3874,122.8399,Cloud to Ground,-76805,0,7
2026-08-30T04:08:58.519688000Z,19.3284,122.8922,Cloud to Ground,-13351,0,5
2026-08-30T04:08:58.502822870Z,19.384157,122.870467,Cloud to Cloud,-8892,14685,9
2026-08-30T04:08:58.602920563Z,19.379518,122.87155,Cloud to Cloud,-7853,6958,6
2026-08-30T04:08:58.376189002Z,19.375254,122.848542,Cloud to Cloud,6556,13886,10
2026-08-30T04:08:59.042826677Z,17.032677,131.987769,Cloud to Ground,-296509,0,15
2026-08-30T04:08:59.608555808Z,17.035564,131.987613,Cloud to Ground,-31148,0,15
2026-08-30T04:08:59.610068132Z,17.02082,131.98457,Cloud to Ground,-22683,0,8
2026-08-30T04:08:59.043688764Z,17.025214,131.973908,Cloud to Ground,-19419,0,14
2026-08-30T04:08:59.642644838Z,17.03881,131.905516,Cloud to Ground,-16482,0,9
2026-08-30T04:08:59.683650827Z,17.092067,131.974814,Cloud to Ground,18903,0,13
2026-08-30T04:08:59.832401795Z,17.036542,131.996832,Cloud to Ground,28211,0,18
2026-08-30T04:08:59.739242594Z,17.026064,131.988383,Cloud to Ground,31118,0,16
2026-08-30T04:08:59.508060875Z,18.61894,113.309268,Cloud to Ground,-61673,0,13
2026-08-30T04:09:00.145381599Z,18.50645,113.640355,Cloud to Cloud,-12881,6671,10
2026-08-30T04:08:59.975019031Z,18.50592,113.585101,Cloud to Cloud,-10393,7215,10
2026-08-30T04:08:59.947981796Z,18.504705,113.526235,Cloud to Ground,13130,0,12
2026-08-30T04:08:59.920555138Z,18.530214,113.614803,Cloud to Ground,13162,0,11
2026-08-30T04:08:59.018694189Z,19.23822,115.893458,Cloud to Cloud,-12292,4263,7
2026-08-30T04:09:00.241098838Z,16.796686,127.647842,Cloud to Ground,-33416,0,13
2026-08-30T04:09:00.279773328Z,16.786213,127.657506,Cloud to Ground,-25332,0,10
2026-08-30T04:09:00.296018385Z,16.802638,127.663922,Cloud to Ground,-13331,0,9
2026-08-30T04:09:00.832920000Z,16.8602,127.5033,Cloud to Ground,34168,0,5
2026-08-30T04:09:01.034135224Z,22.043546,113.209598,Cloud to Cloud,-11558,3016,8
2026-08-30T04:09:00.706929460Z,22.058045,113.221862,Cloud to Ground,-10389,0,10
2026-08-30T04:09:01.130517082Z,22.004875,113.240865,Cloud to Cloud,11923,7084,8
2026-08-30T04:09:01.895339491Z,16.950895,132.132505,Cloud to Ground,-37033,0,17
2026-08-30T04:09:01.896270476Z,16.954349,132.120368,Cloud to Cloud,-16805,6483,15
2026-08-30T04:09:01.894759885Z,17.01408,132.059157,Cloud to Cloud,-15544,17313,14
2026-08-30T04:09:01.894093173Z,16.957172,132.137918,Cloud to Ground,11438,0,7
2026-08-30T04:09:01.046320875Z,16.801753,127.669171,Cloud to Ground,-11244,0,7
2026-08-30T04:09:01.050123149Z,16.695991,127.791444,Cloud to Cloud,-20956,3899,7
2026-08-30T04:09:01.631696706Z,20.123729,114.689848,Cloud to Cloud,14087,5412,8
2026-08-30T04:09:03.433153193Z,16.164648,130.172765,Cloud to Cloud,-24488,17344,12
2026-08-30T04:09:03.394125000Z,16.0589,130.189,Cloud to Ground,-15173,0,5
2026-08-30T04:09:02.990274219Z,16.12262,130.181668,Cloud to Cloud,25576,5189,11
2026-08-30T04:09:02.992884451Z,16.124691,130.19344,Cloud to Cloud,34568,7871,10
2026-08-30T04:09:02.615486278Z,16.965033,132.072138,Cloud to Ground,29902,0,14
2026-08-30T04:09:02.468487879Z,18.318599,113.495239,Cloud to Cloud,-41598,3159,13
2026-08-30T04:09:02.551161057Z,18.324018,113.492601,Cloud to Ground,-34168,0,12
2026-08-30T04:09:02.624481551Z,18.332048,113.484563,Cloud to Cloud,-33665,3143,10
2026-08-30T04:09:02.666227834Z,18.317754,113.494173,Cloud to Ground,5642,0,8
2026-08-30T04:09:02.586396093Z,18.307573,113.501588,Cloud to Cloud,9115,7292,9
2026-08-30T04:09:02.807546129Z,18.29289,113.41938,Cloud to Cloud,12004,7531,8
2026-08-30T04:09:02.758635254Z,18.325469,113.499585,Cloud to Ground,45118,0,18
2026-08-30T04:09:03.429110152Z,16.104475,130.42565,Cloud to Ground,-25244,0,8
2026-08-30T04:09:04.642705410Z,19.111414,115.683763,Cloud to Cloud,3813,3039,5
2026-08-30T04:09:04.741019223Z,19.096464,115.683775,Cloud to Ground,25420,0,11
2026-08-30T04:09:04.664831663Z,19.183955,115.600734,Cloud to Cloud,-5184,7576,6
2026-08-30T04:09:06.100202473Z,17.011146,120.474794,Cloud to Ground,-7760,0,10
2026-08-30T04:09:06.303310370Z,17.02308,120.407348,Cloud to Cloud,-7183,18578,8
2026-08-30T04:09:06.034155157Z,17.015049,120.413719,Cloud to Cloud,15440,3948,8
2026-08-30T04:09:06.097905258Z,16.97874,120.423159,Cloud to Ground,52428,0,15
2026-08-30T04:09:07.669590083Z,16.881393,131.362921,Cloud to Ground,-25307,0,16
2026-08-30T04:09:07.672883930Z,16.858139,131.34961,Cloud to Ground,-18139,0,8
2026-08-30T04:09:07.667746108Z,16.838752,131.380865,Cloud to Cloud,-15958,3034,11
2026-08-30T04:09:07.668429783Z,16.87682,131.356907,Cloud to Ground,-15572,0,12
2026-08-30T04:09:07.667079674Z,16.824359,131.380077,Cloud to Cloud,-14332,3114,12
2026-08-30T04:09:07.669075516Z,16.750486,131.415745,Cloud to Cloud,16335,7544,10
2026-08-30T04:09:07.968876525Z,22.010257,113.26817,Cloud to Cloud,-11953,3004,7
2026-08-30T04:09:09.880508108Z,18.273558,113.492397,Cloud to Ground,-14178,0,12
2026-08-30T04:09:16.103525530Z,18.421354,116.26078,Cloud to Cloud,-9218,11046,8
2026-08-30T04:09:16.158526310Z,18.387159,116.274404,Cloud to Cloud,-8902,3020,10
2026-08-30T04:09:16.913300740Z,18.342384,113.449705,Cloud to Cloud,-5561,3049,6
2026-08-30T04:09:17.509064055Z,20.519216,112.95206,Cloud to Cloud,-31888,6146,14
2026-08-30T04:09:17.297626409Z,20.492669,112.997406,Cloud to Ground,-30950,0,12
2026-08-30T04:09:17.883037318Z,20.575488,112.895017,Cloud to Cloud,-20637,6665,8
2026-08-30T04:09:17.949987768Z,20.530146,112.887591,Cloud to Cloud,-11406,7649,12
2026-08-30T04:09:18.144185185Z,20.383573,112.863703,Cloud to Cloud,-6934,7580,11
2026-08-30T04:09:18.143247934Z,20.382414,112.907571,Cloud to Ground,8986,0,8
2026-08-30T04:09:17.819713639Z,20.511659,112.953398,Cloud to Cloud,9139,19176,7
2026-08-30T04:09:18.135810970Z,20.449045,112.96689,Cloud to Ground,10030,0,7
2026-08-30T04:09:18.034799761Z,20.468585,112.971678,Cloud to Cloud,11399,6348,7
2026-08-30T04:09:18.654371633Z,20.370218,113.373993,Cloud to Cloud,13276,3001,8
2026-08-30T04:09:18.637919918Z,20.286162,113.446987,Cloud to Cloud,10306,3078,8
2026-08-30T04:09:19.602771096Z,18.284988,113.457397,Cloud to Ground,-20717,0,11
2026-08-30T04:09:19.596125577Z,18.262307,113.470148,Cloud to Ground,23184,0,11
2026-08-30T04:09:19.304806204Z,20.389294,113.526402,Cloud to Cloud,-9845,3017,10
2026-08-30T04:09:20.749736032Z,22.106576,113.318849,Cloud to Cloud,-12213,9682,8
2026-08-30T04:09:20.648078711Z,22.051924,113.209324,Cloud to Cloud,-11231,3008,12
2026-08-30T04:09:20.301248673Z,18.45455,113.244622,Cloud to Ground,-36302,0,13
2026-08-30T04:09:20.020625118Z,18.462712,113.297981,Cloud to Ground,-14763,0,13
2026-08-30T04:09:20.079448355Z,18.437164,113.234804,Cloud to Ground,32763,0,15
2026-08-30T04:09:21.354043916Z,18.452008,113.45397,Cloud to Ground,-28855,0,12
2026-08-30T04:09:21.630024545Z,18.434881,113.454993,Cloud to Cloud,-14964,7870,8
2026-08-30T04:09:21.615483159Z,18.49218,113.412288,Cloud to Cloud,-11007,3069,7
2026-08-30T04:09:21.355555499Z,18.446408,113.437695,Cloud to Ground,8522,0,8
2026-08-30T04:09:21.352303489Z,18.464181,113.452438,Cloud to Ground,16705,0,13
2026-08-30T04:09:22.118908325Z,4.614294,113.2401,Cloud to Cloud,-13319,3903,13
2026-08-30T04:09:22.109867219Z,4.558012,113.204243,Cloud to Ground,-10719,0,11
2026-08-30T04:09:22.105887527Z,4.552627,113.237812,Cloud to Ground,34029,0,15
2026-08-30T04:09:25.848772950Z,19.632006,115.012583,Cloud to Ground,-23009,0,15
2026-08-30T04:09:26.648223398Z,14.328557,120.64719,Cloud to Ground,-24345,0,12
2026-08-30T04:09:26.714498000Z,14.331,120.6567,Cloud to Ground,-16259,0,7
2026-08-30T04:09:26.764911164Z,14.320799,120.605615,Cloud to Ground,-12309,0,9
2026-08-30T04:09:26.576865485Z,14.335087,120.645667,Cloud to Cloud,19840,4321,7
2026-08-30T04:09:26.574438000Z,14.3255,120.7546,Cloud to Ground,-47535,0,6
2026-08-30T04:09:28.719013550Z,19.158611,115.722081,Cloud to Cloud,-8130,13953,7
2026-08-30T04:09:28.709707810Z,19.102903,115.708884,Cloud to Cloud,-7697,18802,7
2026-08-30T04:09:28.730886079Z,19.095942,115.704146,Cloud to Cloud,-4631,8926,6
2026-08-30T04:09:29.092367089Z,4.459126,113.190472,Cloud to Ground,19638,0,8
2026-08-30T04:09:36.181795732Z,19.568956,114.043008,Cloud to Cloud,8604,3037,13
2026-08-30T04:09:36.061484182Z,14.808058,120.847883,Cloud to Cloud,-3309,3000,5
2026-08-30T04:09:37.225867596Z,17.088272,131.096939,Cloud to Ground,-24610,0,14
2026-08-30T04:09:38.307213480Z,4.921575,114.116998,Cloud to Cloud,-16152,6056,14
2026-08-30T04:09:38.953416768Z,18.853251,113.978884,Cloud to Cloud,-8322,6672,8
2026-08-30T04:09:38.769202378Z,18.805589,118.049297,Cloud to Cloud,-8376,3050,6
2026-08-30T04:09:38.582279759Z,22.15998,113.305951,Cloud to Ground,-16649,0,13
2026-08-30T04:09:38.658665124Z,18.742649,114.033228,Cloud to Cloud,-27048,16031,13
2026-08-30T04:09:38.657326164Z,18.735656,114.034087,Cloud to Ground,35401,0,14
2026-08-30T04:09:39.937487693Z,4.02637,112.997255,Cloud to Ground,-24916,0,14
2026-08-30T04:09:39.945441362Z,4.063747,112.990793,Cloud to Ground,-22162,0,7
2026-08-30T04:09:40.005892319Z,4.003951,113.014864,Cloud to Ground,-18486,0,5
2026-08-30T04:09:39.935828463Z,4.006346,112.976999,Cloud to Ground,-13791,0,6
2026-08-30T04:09:39.236165227Z,4.762009,113.718394,Cloud to Cloud,23562,3074,8
2026-08-30T04:09:40.028872759Z,18.26706,113.286458,Cloud to Cloud,-11036,3001,10
2026-08-30T04:09:40.050939847Z,18.260231,113.32679,Cloud to Cloud,-7118,4591,8
2026-08-30T04:09:39.637036829Z,18.247862,113.266179,Cloud to Ground,21404,0,7
2026-08-30T04:09:39.870406285Z,16.058708,120.073663,Cloud to Cloud,-12005,13141,10
2026-08-30T04:09:40.344050589Z,15.01415,120.820074,Cloud to Cloud,5885,16587,7
2026-08-30T04:09:40.366893400Z,15.013085,120.81977,Cloud to Cloud,7717,17296,6
2026-08-30T04:09:41.583807306Z,4.736654,113.757588,Cloud to Ground,19593,0,6
2026-08-30T04:09:41.505165380Z,17.840776,125.110302,Cloud to Ground,-15228,0,10
2026-08-30T04:09:41.392894050Z,17.795014,125.19702,Cloud to Ground,-104032,0,17
2026-08-30T04:09:41.621531616Z,17.793236,125.201193,Cloud to Ground,-49454,0,14
2026-08-30T04:09:41.549251503Z,17.791028,125.192942,Cloud to Ground,-26366,0,12
2026-08-30T04:09:41.483151134Z,17.790838,125.190431,Cloud to Ground,-21491,0,13
2026-08-30T04:09:41.426883312Z,17.795619,125.202172,Cloud to Ground,-19963,0,9
2026-08-30T04:09:41.675072863Z,17.791693,125.205259,Cloud to Ground,-19695,0,10
2026-08-30T04:09:41.732446950Z,17.796686,125.202722,Cloud to Ground,-17930,0,9
2026-08-30T04:09:41.824450174Z,17.797436,125.199258,Cloud to Ground,-17158,0,11
2026-08-30T04:09:41.908464219Z,17.795432,125.201254,Cloud to Ground,-8557,0,7
2026-08-30T04:09:41.551301329Z,16.801459,127.642961,Cloud to Ground,-42001,0,9
2026-08-30T04:09:41.611963854Z,16.811593,127.530079,Cloud to Cloud,-30247,3360,24
2026-08-30T04:09:41.644826000Z,16.7866,127.5814,Cloud to Ground,-12178,0,7
2026-08-30T04:09:41.316556401Z,16.800805,127.705801,Cloud to Ground,29759,0,10
2026-08-30T04:09:41.883859258Z,17.657709,113.201989,Cloud to Ground,30633,0,12
2026-08-30T04:09:41.885318736Z,17.663611,113.185942,Cloud to Ground,67278,0,18
2026-08-30T04:09:42.445892806Z,16.826108,127.701601,Cloud to Cloud,-17728,3004,11
2026-08-30T04:09:43.825725724Z,19.425332,116.693187,Cloud to Cloud,8253,3019,7
2026-08-30T04:09:43.794673348Z,19.40097,116.689763,Cloud to Ground,31146,0,13
2026-08-30T04:09:44.887187165Z,19.402693,116.485011,Cloud to Ground,-9002,0,7
2026-08-30T04:09:44.482038836Z,19.240617,116.821818,Cloud to Ground,-13201,0,7
2026-08-30T04:09:44.503229473Z,19.216096,116.782439,Cloud to Cloud,9567,9819,7
2026-08-30T04:09:44.477505986Z,19.130284,116.738714,Cloud to Cloud,10626,3102,9
2026-08-30T04:09:44.412486532Z,19.13351,116.760061,Cloud to Cloud,17164,3131,12
2026-08-30T04:09:44.483274756Z,19.148298,116.735383,Cloud to Ground,21687,0,16
2026-08-30T04:09:44.434497529Z,19.553386,113.924706,Cloud to Cloud,2053,3379,6
2026-08-30T04:09:44.328984702Z,20.139802,114.758309,Cloud to Cloud,-14288,15163,8
2026-08-30T04:09:44.358857493Z,20.171727,114.719654,Cloud to Cloud,-11027,8610,9
2026-08-30T04:09:44.317712007Z,20.237548,114.706338,Cloud to Ground,27289,0,17
2026-08-30T04:09:44.854682823Z,20.251506,114.22845,Cloud to Ground,-21239,0,11
2026-08-30T04:09:44.630099987Z,20.268758,114.798946,Cloud to Ground,-10172,0,7
2026-08-30T04:09:45.976113305Z,18.34587,116.371799,Cloud to Cloud,13987,6975,9
2026-08-30T04:09:46.991224783Z,19.366256,114.953858,Cloud to Cloud,-15765,7894,8
2026-08-30T04:09:46.613198898Z,18.504831,113.6166,Cloud to Cloud,-14923,7069,11
2026-08-30T04:09:46.211052706Z,18.504522,113.612178,Cloud to Cloud,13178,10461,14
2026-08-30T04:09:47.910949072Z,4.712919,113.745745,Cloud to Ground,47963,0,13
2026-08-30T04:09:49.156526161Z,18.461731,116.350218,Cloud to Cloud,12189,3020,8
2026-08-30T04:09:50.087676459Z,18.674391,118.057596,Cloud to Cloud,7479,3022,7
2026-08-30T04:09:50.413094006Z,21.597492,112.043657,Cloud to Ground,-12882,0,11
2026-08-30T04:09:50.411292011Z,21.578857,112.050984,Cloud to Cloud,19277,17103,9
2026-08-30T04:09:50.279726133Z,16.29781,129.125913,Cloud to Cloud,-11160,3024,12
2026-08-30T04:09:50.147474821Z,16.176047,129.328325,Cloud to Ground,45211,0,9
2026-08-30T04:09:51.964276434Z,4.482476,112.842384,Cloud to Ground,-16814,0,9
2026-08-30T04:09:51.251449972Z,19.062518,115.716682,Cloud to Ground,-9284,0,9
2026-08-30T04:09:52.390701036Z,18.294442,113.496181,Cloud to Cloud,-11166,3159,10
2026-08-30T04:09:52.058204428Z,20.367068,113.690878,Cloud to Cloud,-19473,9995,8
2026-08-30T04:09:52.842429430Z,20.411075,113.638888,Cloud to Ground,-19131,0,10
2026-08-30T04:09:52.057715485Z,20.373358,113.686914,Cloud to Cloud,-18780,5946,7
2026-08-30T04:09:52.661980249Z,20.420717,113.630343,Cloud to Ground,-9381,0,9
2026-08-30T04:09:52.060253287Z,20.38058,113.586168,Cloud to Ground,34983,0,10
2026-08-30T04:09:52.846150786Z,20.230026,115.355157,Cloud to Cloud,9829,19747,10
2026-08-30T04:09:52.488406257Z,20.112101,115.080945,Cloud to Cloud,-11797,14326,10
2026-08-30T04:09:52.509679307Z,20.140514,115.143435,Cloud to Cloud,8287,17211,9
2026-08-30T04:09:52.434274210Z,20.142008,115.141918,Cloud to Cloud,12148,3002,6
2026-08-30T04:09:52.828382412Z,20.06081,115.048954,Cloud to Cloud,12591,4084,7
2026-08-30T04:09:52.137167999Z,20.12212,115.039953,Cloud to Cloud,19271,4805,13
2026-08-30T04:09:52.633230000Z,20.2259,113.81,Cloud to Ground,35672,0,5
2026-08-30T04:09:53.147028364Z,17.202426,132.081724,Cloud to Ground,-22630,0,11
2026-08-30T04:09:52.668862612Z,16.989938,131.96337,Cloud to Ground,-21612,0,12
2026-08-30T04:09:52.612186748Z,16.974983,131.967452,Cloud to Ground,-18213,0,17
2026-08-30T04:09:53.188849746Z,16.984908,131.944801,Cloud to Ground,-16847,0,12
2026-08-30T04:09:53.321825079Z,17.003576,131.868211,Cloud to Ground,-16456,0,13
2026-08-30T04:09:53.058006601Z,16.980748,131.975994,Cloud to Ground,-11533,0,8
2026-08-30T04:09:52.665449299Z,16.961083,131.980017,Cloud to Ground,12955,0,9
2026-08-30T04:09:53.014240495Z,16.95416,131.805629,Cloud to Ground,13604,0,17
2026-08-30T04:09:53.282574254Z,16.919035,131.875702,Cloud to Ground,13861,0,14
2026-08-30T04:09:53.230780647Z,16.917601,131.876545,Cloud to Ground,20861,0,7
2026-08-30T04:09:53.501474554Z,16.905236,131.891041,Cloud to Ground,27614,0,15
2026-08-30T04:09:53.186602263Z,16.898526,131.890091,Cloud to Ground,95169,0,15
2026-08-30T04:09:54.676367557Z,4.739675,113.757504,Cloud to Ground,48033,0,12
2026-08-30T04:09:55.838513353Z,17.454305,113.030213,Cloud to Cloud,-5934,16652,5
2026-08-30T04:09:56.468670029Z,14.572087,120.937491,Cloud to Cloud,7086,7627,8
2026-08-30T04:09:56.468200776Z,14.513013,120.98525,Cloud to Ground,17476,0,10
2026-08-30T04:09:56.927610291Z,22.184299,113.24412,Cloud to Ground,-17334,0,6
2026-08-30T04:09:58.791619844Z,22.844074,113.210676,Cloud to Ground,-11449,0,8
2026-08-30T04:09:58.411578621Z,22.821561,113.180883,Cloud to Ground,35235,0,14
2026-08-30T04:09:58.617969952Z,22.837814,113.21527,Cloud to Ground,35941,0,14
2026-08-30T04:09:59.001713665Z,20.29735,113.462235,Cloud to Ground,-9154,0,8
2026-08-30T04:09:59.628788062Z,18.317021,113.437179,Cloud to Cloud,7213,6417,8
2026-08-30T04:10:01.010648010Z,21.879256,112.75198,Cloud to Cloud,-14844,5173,12
2026-08-30T04:10:01.019893332Z,21.879282,112.787028,Cloud to Cloud,-14224,14767,9
2026-08-30T04:10:01.314857671Z,21.883334,112.670114,Cloud to Cloud,-13071,3025,7
2026-08-30T04:10:01.001828593Z,21.907854,112.727752,Cloud to Cloud,-10205,3043,10
2026-08-30T04:10:01.004789788Z,21.8433,112.765265,Cloud to Cloud,14140,3007,10
2026-08-30T04:10:02.651184371Z,14.497874,121.73157,Cloud to Cloud,-16742,15525,7
2026-08-30T04:10:02.242189077Z,14.520792,121.687599,Cloud to Cloud,3621,6969,6
2026-08-30T04:10:02.616531038Z,19.42213,114.633956,Cloud to Ground,15583,0,7
2026-08-30T04:10:03.073861873Z,4.841902,113.764854,Cloud to Cloud,-8401,19361,6
2026-08-30T04:10:04.420093191Z,20.22495,114.234973,Cloud to Cloud,-12849,3038,11
2026-08-30T04:10:04.765349273Z,20.283189,114.302078,Cloud to Ground,-11503,0,7
2026-08-30T04:10:04.458592358Z,20.194462,114.245578,Cloud to Cloud,-10469,4461,7
2026-08-30T04:10:04.417540998Z,20.208602,114.239534,Cloud to Cloud,-9499,3017,7
2026-08-30T04:10:04.417053873Z,20.31386,114.256843,Cloud to Cloud,18669,5911,9
2026-08-30T04:10:04.765975189Z,20.287632,114.273885,Cloud to Cloud,21678,6437,12
2026-08-30T04:10:04.440359097Z,20.215748,114.234575,Cloud to Ground,26723,0,9
2026-08-30T04:10:04.723480629Z,18.517724,113.520592,Cloud to Cloud,6674,12958,7
2026-08-30T04:10:04.807873299Z,18.519273,113.542956,Cloud to Ground,10096,0,8
2026-08-30T04:10:06.399208056Z,15.099918,119.967366,Cloud to Cloud,-5731,4711,9
2026-08-30T04:10:06.154249703Z,18.247372,113.240011,Cloud to Cloud,-10708,4452,10
2026-08-30T04:10:06.056135733Z,18.293488,113.478693,Cloud to Ground,-10596,0,10
2026-08-30T04:10:08.445239841Z,20.296199,113.423298,Cloud to Cloud,7627,3111,8
2026-08-30T04:10:08.585199450Z,20.330944,113.39666,Cloud to Cloud,8970,14251,8
2026-08-30T04:10:09.534014147Z,17.090021,132.060143,Cloud to Ground,-12331,0,7
2026-08-30T04:10:09.527074565Z,17.093516,132.049142,Cloud to Cloud,-6288,11496,8
2026-08-30T04:10:09.524527670Z,17.094357,132.056478,Cloud to Ground,6925,0,12
2026-08-30T04:10:10.472399577Z,17.033069,131.918016,Cloud to Cloud,-10622,3021,8
2026-08-30T04:10:10.477304219Z,17.074126,132.044806,Cloud to Ground,-36322,0,18
2026-08-30T04:10:10.251403663Z,17.077289,132.055497,Cloud to Ground,-10890,0,7
2026-08-30T04:10:11.071523182Z,22.100766,113.260105,Cloud to Cloud,-8595,16796,12
2026-08-30T04:10:11.421881914Z,22.094618,113.267954,Cloud to Ground,11315,0,10
2026-08-30T04:10:12.099314368Z,20.525099,112.966317,Cloud to Cloud,-19408,3038,15
2026-08-30T04:10:13.579946933Z,22.042953,113.220484,Cloud to Ground,-48782,0,12
2026-08-30T04:10:13.718763791Z,22.148685,113.174183,Cloud to Cloud,-35207,3011,7
2026-08-30T04:10:13.251031690Z,22.056976,113.225055,Cloud to Ground,-30209,0,13
2026-08-30T04:10:13.932260349Z,22.048081,113.220961,Cloud to Ground,-14213,0,10
2026-08-30T04:10:13.717496678Z,22.03286,113.282424,Cloud to Ground,-12549,0,9
2026-08-30T04:10:13.816588454Z,22.039697,113.225018,Cloud to Ground,-11709,0,14
2026-08-30T04:10:13.486881760Z,22.034008,113.275586,Cloud to Ground,-10148,0,7
2026-08-30T04:10:13.289093786Z,22.065885,113.187852,Cloud to Cloud,10353,3014,5
2026-08-30T04:10:13.367463000Z,22.0457,113.2134,Cloud to Ground,58983,0,8
2026-08-30T04:10:13.755812730Z,18.545045,113.558609,Cloud to Ground,-13881,0,6
2026-08-30T04:10:15.412404571Z,17.418014,112.985314,Cloud to Cloud,-9793,4415,11
2026-08-30T04:10:15.315072374Z,17.424497,112.910512,Cloud to Ground,-5637,0,7
2026-08-30T04:10:15.418244474Z,17.440393,113.005667,Cloud to Cloud,3645,3042,7
2026-08-30T04:10:16.622662514Z,16.984314,131.478266,Cloud to Cloud,-13480,10087,7
2026-08-30T04:10:16.597326450Z,16.959464,131.668852,Cloud to Ground,-29524,0,14
2026-08-30T04:10:16.596224498Z,16.954679,131.66471,Cloud to Ground,-26563,0,18
2026-08-30T04:10:16.922045242Z,16.932512,131.683414,Cloud to Ground,-15871,0,11
2026-08-30T04:10:17.010309254Z,16.89034,131.589908,Cloud to Ground,-12162,0,12
2026-08-30T04:10:16.606158141Z,16.956837,131.646222,Cloud to Ground,-11672,0,11
2026-08-30T04:10:16.598852030Z,16.950695,131.658165,Cloud to Ground,-11459,0,8
2026-08-30T04:10:16.603852468Z,16.969129,131.638406,Cloud to Ground,-8758,0,11
2026-08-30T04:10:16.615098266Z,16.964934,131.631016,Cloud to Cloud,-8567,3339,10
2026-08-30T04:10:16.595674266Z,16.943078,131.667069,Cloud to Ground,34952,0,15
2026-08-30T04:10:16.610084000Z,17.105,131.5883,Cloud to Ground,-9442,0,6
2026-08-30T04:10:17.420339921Z,17.051698,131.765932,Cloud to Ground,20954,0,16
2026-08-30T04:10:17.337414477Z,16.96989,131.813626,Cloud to Ground,-15704,0,16
2026-08-30T04:10:19.892262256Z,19.187543,115.644989,Cloud to Cloud,-6372,11297,6
2026-08-30T04:10:20.125108686Z,19.163304,115.846618,Cloud to Cloud,5318,19270,8
2026-08-30T04:10:19.480501323Z,19.160716,115.764048,Cloud to Cloud,6269,6224,7
2026-08-30T04:10:19.879119821Z,19.122534,115.801603,Cloud to Ground,29076,0,10
2026-08-30T04:10:19.970218698Z,19.230242,114.479826,Cloud to Cloud,-7735,18317,8
2026-08-30T04:10:20.138604458Z,18.303258,113.496492,Cloud to Ground,-13756,0,9
2026-08-30T04:10:21.204396607Z,4.728761,113.773008,Cloud to Ground,21972,0,6
2026-08-30T04:10:21.282491528Z,4.741388,113.783903,Cloud to Ground,35807,0,17
2026-08-30T04:10:21.179119095Z,4.746694,113.795567,Cloud to Ground,53092,0,12
2026-08-30T04:10:21.551005515Z,18.888616,115.459792,Cloud to Ground,-70955,0,12
2026-08-30T04:10:21.992197380Z,18.864523,115.532171,Cloud to Cloud,6512,7380,7
2026-08-30T04:10:21.749523468Z,18.869377,115.527675,Cloud to Cloud,7826,3055,8
2026-08-30T04:10:21.009035000Z,19.225667,118.416272,Cloud to Ground,-56060,0,15
2026-08-30T04:10:21.201070695Z,19.224592,118.408677,Cloud to Ground,-36385,0,14
2026-08-30T04:10:21.113016203Z,19.22188,118.412902,Cloud to Ground,-17097,0,12
2026-08-30T04:10:21.243518368Z,19.224286,118.405796,Cloud to Ground,-12349,0,10
2026-08-30T04:10:21.066811000Z,19.2352,118.3753,Cloud to Ground,-4689,0,6
2026-08-30T04:10:23.631759734Z,20.163446,114.736932,Cloud to Cloud,-14291,13028,12
2026-08-30T04:10:23.633880443Z,20.119522,114.763458,Cloud to Cloud,-10999,15152,6
2026-08-30T04:10:23.635796742Z,20.118321,114.789482,Cloud to Cloud,15426,4644,11
2026-08-30T04:10:23.407856440Z,20.158164,114.761074,Cloud to Ground,22483,0,12
2026-08-30T04:10:23.181261741Z,22.111791,113.298925,Cloud to Ground,-15245,0,13
2026-08-30T04:10:23.396639388Z,22.158212,113.319659,Cloud to Ground,-11911,0,8
2026-08-30T04:10:23.796900217Z,22.126497,113.283673,Cloud to Cloud,11079,3001,10
2026-08-30T04:10:23.661893421Z,22.180451,113.239504,Cloud to Cloud,12424,3002,7
2026-08-30T04:10:23.732537215Z,22.138167,113.276631,Cloud to Cloud,12719,3075,8
2026-08-30T04:10:23.233368000Z,22.1552,113.2552,Cloud to Ground,20748,0,6
2026-08-30T04:10:23.542682672Z,22.101936,113.276135,Cloud to Ground,30786,0,10
2026-08-30T04:10:23.321761570Z,22.156309,113.213759,Cloud to Ground,34806,0,8
2026-08-30T04:10:24.871945721Z,4.721482,113.75433,Cloud to Cloud,-13474,11326,6
2026-08-30T04:10:24.211489606Z,16.940394,127.526141,Cloud to Ground,17085,0,8
2026-08-30T04:10:24.217323026Z,17.036905,127.478463,Cloud to Cloud,8869,12667,6
2026-08-30T04:10:24.214087145Z,17.096979,127.493319,Cloud to Ground,16352,0,13
2026-08-30T04:10:25.842903055Z,16.134442,130.591083,Cloud to Cloud,-15492,7877,12
2026-08-30T04:10:25.831673846Z,16.180949,130.564131,Cloud to Cloud,-8638,16217,7
2026-08-30T04:10:25.563208369Z,16.272583,129.836152,Cloud to Ground,-25083,0,23
2026-08-30T04:10:26.909008600Z,18.443931,113.434651,Cloud to Ground,-18830,0,14
2026-08-30T04:10:26.495106146Z,18.442701,113.446802,Cloud to Ground,-14707,0,11
2026-08-30T04:10:26.492058297Z,18.438814,113.429872,Cloud to Ground,-13297,0,9
2026-08-30T04:10:26.488845500Z,18.449148,113.337173,Cloud to Cloud,8741,17516,6
2026-08-30T04:10:26.486947374Z,18.444898,113.355721,Cloud to Cloud,14618,4305,10
2026-08-30T04:10:26.486178402Z,18.448078,113.358768,Cloud to Ground,15696,0,7
2026-08-30T04:10:26.487556788Z,18.445801,113.325714,Cloud to Ground,42006,0,9
2026-08-30T04:10:26.731285493Z,20.129459,114.691901,Cloud to Ground,-17741,0,7
2026-08-30T04:10:26.583512514Z,20.161662,114.690901,Cloud to Ground,35475,0,13
2026-08-30T04:10:27.841099254Z,22.275498,113.160364,Cloud to Cloud,-11334,3214,10
2026-08-30T04:10:27.956993480Z,17.989875,113.306919,Cloud to Cloud,-40217,17396,9
2026-08-30T04:10:28.294380809Z,17.957024,113.135632,Cloud to Ground,-19172,0,11
2026-08-30T04:10:28.295704013Z,17.96055,113.218872,Cloud to Cloud,-11878,7321,10
2026-08-30T04:10:28.302296465Z,17.987887,113.186092,Cloud to Cloud,-8411,3031,9
2026-08-30T04:10:28.279918823Z,17.975022,113.171179,Cloud to Cloud,13525,3740,7
2026-08-30T04:10:28.792470130Z,18.318765,113.476819,Cloud to Ground,-14090,0,7
2026-08-30T04:10:28.962892223Z,18.298805,113.502152,Cloud to Cloud,-11063,13512,8
2026-08-30T04:10:29.131579796Z,20.733597,114.079645,Cloud to Cloud,-29820,3067,11
2026-08-30T04:10:29.199197595Z,20.75686,114.022212,Cloud to Ground,-16374,0,10
2026-08-30T04:10:29.232344565Z,20.785315,113.999568,Cloud to Ground,-12804,0,15
2026-08-30T04:10:29.246266666Z,20.780887,114.003223,Cloud to Cloud,-12313,3369,6
2026-08-30T04:10:28.538733661Z,20.693678,114.105062,Cloud to Cloud,-9176,4533,7
2026-08-30T04:10:29.188847178Z,20.764877,114.018813,Cloud to Cloud,12137,3031,9
2026-08-30T04:10:28.531185924Z,20.68466,114.125141,Cloud to Cloud,12153,3138,10
2026-08-30T04:10:29.082201874Z,18.50949,113.620322,Cloud to Cloud,-22076,9364,15
2026-08-30T04:10:29.092851611Z,18.532125,113.618434,Cloud to Cloud,-15395,13462,14
2026-08-30T04:10:29.106621109Z,18.511948,113.582273,Cloud to Cloud,-10378,4519,8
2026-08-30T04:10:30.242799407Z,14.915031,120.965456,Cloud to Cloud,11823,6172,7
2026-08-30T04:10:30.242101545Z,14.912445,120.951983,Cloud to Cloud,15382,13807,6
2026-08-30T04:10:30.244934870Z,14.892874,120.941398,Cloud to Ground,40020,0,10
2026-08-30T04:10:33.848979644Z,18.25593,113.34026,Cloud to Cloud,-11783,6769,7
2026-08-30T04:10:33.511193725Z,16.761725,127.725601,Cloud to Ground,-78641,0,12
2026-08-30T04:10:34.213140616Z,16.778303,127.622039,Cloud to Ground,-24251,0,24
2026-08-30T04:10:33.650446263Z,16.758348,127.762609,Cloud to Ground,-16037,0,9
2026-08-30T04:10:33.600152439Z,16.793852,127.754914,Cloud to Cloud,-15752,4523,11
2026-08-30T04:10:33.751927300Z,16.77434,127.790339,Cloud to Cloud,11126,3354,9
2026-08-30T04:10:33.534966102Z,16.782029,127.789136,Cloud to Ground,20750,0,13
2026-08-30T04:10:33.697408000Z,16.7467,127.7139,Cloud to Ground,23899,0,5
2026-08-30T04:10:33.664605000Z,16.7488,127.7408,Cloud to Ground,28769,0,10
2026-08-30T04:10:33.598692000Z,16.7523,127.7098,Cloud to Ground,36933,0,8
2026-08-30T04:10:34.442303603Z,4.931677,114.106327,Cloud to Cloud,-9125,3800,10
2026-08-30T04:10:34.368323016Z,4.999128,114.122209,Cloud to Ground,21078,0,11
2026-08-30T04:10:36.612856914Z,19.434331,114.518569,Cloud to Cloud,7555,12222,7
2026-08-30T04:10:38.812175898Z,18.458693,113.349044,Cloud to Cloud,-6396,3041,7
2026-08-30T04:10:38.842848556Z,18.275238,113.358415,Cloud to Cloud,-6231,6293,8
2026-08-30T04:10:38.831364089Z,22.078442,113.428796,Cloud to Cloud,11061,3005,9
2026-08-30T04:10:39.103268905Z,19.065439,115.713795,Cloud to Cloud,8460,3369,7
2026-08-30T04:10:40.109540736Z,14.311417,120.683034,Cloud to Ground,-68414,0,12
2026-08-30T04:10:40.234689875Z,14.320485,120.704682,Cloud to Ground,-40039,0,10
2026-08-30T04:10:40.375549769Z,14.320357,120.648378,Cloud to Ground,-33068,0,10
2026-08-30T04:10:40.291560513Z,14.316895,120.706373,Cloud to Ground,-24719,0,10
2026-08-30T04:10:40.603169408Z,14.319441,120.704833,Cloud to Ground,-15941,0,9
2026-08-30T04:10:40.201217327Z,14.226127,120.634376,Cloud to Ground,-29534,0,10
2026-08-30T04:10:41.857607676Z,17.796063,128.461466,Cloud to Ground,-115858,0,15
2026-08-30T04:10:41.855005133Z,17.794577,128.489466,Cloud to Ground,-20650,0,11
2026-08-30T04:10:41.952744535Z,18.526262,113.574704,Cloud to Ground,26596,0,8
2026-08-30T04:10:41.727302901Z,20.306236,113.421412,Cloud to Ground,-10735,0,6
2026-08-30T04:10:41.682834341Z,20.258585,113.420919,Cloud to Ground,14941,0,7
2026-08-30T04:10:41.570473776Z,20.27774,113.437777,Cloud to Ground,24490,0,13
2026-08-30T04:10:46.111947882Z,18.498256,113.559408,Cloud to Ground,19028,0,12
2026-08-30T04:10:45.567115570Z,18.521752,113.624059,Cloud to Ground,37270,0,14
2026-08-30T04:10:46.887049699Z,17.761819,113.157516,Cloud to Cloud,-7505,3096,5
2026-08-30T04:10:46.931193888Z,17.801783,113.137986,Cloud to Ground,10745,0,8
2026-08-30T04:10:46.871400812Z,17.733702,113.189764,Cloud to Ground,13521,0,7
2026-08-30T04:10:46.870670924Z,17.671187,113.200001,Cloud to Ground,19898,0,8
2026-08-30T04:10:46.871880679Z,17.673952,113.136591,Cloud to Ground,21380,0,7
2026-08-30T04:10:46.954504156Z,20.271543,113.916985,Cloud to Ground,-8815,0,8
2026-08-30T04:10:46.270229826Z,18.312719,113.392238,Cloud to Cloud,5257,5229,7
2026-08-30T04:10:48.026121318Z,4.691484,113.771683,Cloud to Ground,11163,0,6
2026-08-30T04:10:47.972735702Z,4.700304,113.773547,Cloud to Ground,49666,0,23
2026-08-30T04:10:47.357992978Z,19.608125,114.994292,Cloud to Cloud,-9795,15024,7
2026-08-30T04:10:47.371605598Z,19.607231,114.986606,Cloud to Ground,14808,0,9
2026-08-30T04:10:47.218150897Z,20.207827,114.002269,Cloud to Cloud,-9706,4207,7
2026-08-30T04:10:47.430902072Z,17.643573,113.030446,Cloud to Cloud,-6974,5303,8
2026-08-30T04:10:48.674650729Z,17.468921,113.009861,Cloud to Cloud,-8059,3004,8
2026-08-30T04:10:48.719804183Z,17.479149,112.997289,Cloud to Cloud,-7972,3817,7
2026-08-30T04:10:48.584908141Z,17.43844,113.044976,Cloud to Ground,-6878,0,5
2026-08-30T04:10:48.721524797Z,17.456607,112.979775,Cloud to Cloud,12416,10980,11
2026-08-30T04:10:48.519678917Z,16.237394,129.294895,Cloud to Cloud,7449,3075,7
2026-08-30T04:10:48.477198412Z,16.170425,129.355642,Cloud to Cloud,32005,5105,10
2026-08-30T04:10:48.049847014Z,18.265783,113.468997,Cloud to Cloud,6835,4586,11
2026-08-30T04:10:50.809561353Z,17.013665,131.859205,Cloud to Ground,-43691,0,22
2026-08-30T04:10:50.753876261Z,17.035932,131.851095,Cloud to Ground,15447,0,11
2026-08-30T04:11:08.268541054Z,16.445245,131.050043,Cloud to Ground,-62514,0,14
2026-08-30T04:11:08.269092352Z,16.41639,131.049746,Cloud to Ground,-41774,0,16
2026-08-30T04:11:08.271006287Z,16.449988,131.022009,Cloud to Cloud,-21927,5515,15
2026-08-30T04:11:08.268010912Z,16.438968,131.060566,Cloud to Cloud,-17701,6520,9
2026-08-30T04:11:08.277147199Z,16.436571,130.877178,Cloud to Cloud,-9910,3010,9
2026-08-30T04:11:08.237133200Z,19.92127,115.894464,Cloud to Cloud,-15908,10350,17
2026-08-30T04:11:08.159192803Z,19.902102,115.962733,Cloud to Cloud,-11750,8809,13
2026-08-30T04:11:08.488385255Z,19.892167,115.936459,Cloud to Cloud,-8723,3126,7
2026-08-30T04:11:08.193211840Z,19.904857,115.933758,Cloud to Cloud,7174,3060,6
2026-08-30T04:11:08.164793709Z,19.896744,115.956711,Cloud to Cloud,7935,3418,11
2026-08-30T04:11:09.082187157Z,4.688365,113.730538,Cloud to Ground,-10001,0,6
2026-08-30T04:11:08.718695304Z,21.956902,113.23923,Cloud to Cloud,-15809,3016,7
2026-08-30T04:11:09.069796590Z,22.008352,113.244012,Cloud to Ground,-9295,0,6
2026-08-30T04:11:09.016989695Z,21.961632,113.211605,Cloud to Cloud,-8214,7664,7
2026-08-30T04:11:08.531962840Z,21.900784,113.169619,Cloud to Cloud,8871,3029,8
2026-08-30T04:11:08.525727667Z,21.918218,113.168578,Cloud to Cloud,13516,3034,7
2026-08-30T04:11:10.480745081Z,16.127168,130.141298,Cloud to Cloud,-15177,3262,9
2026-08-30T04:11:10.497140334Z,16.085621,130.218644,Cloud to Cloud,-13274,11897,8
2026-08-30T04:11:10.506290098Z,16.128505,130.161762,Cloud to Cloud,-8801,17532,9
2026-08-30T04:11:10.616372933Z,16.135139,130.218937,Cloud to Cloud,11540,3030,7
2026-08-30T04:11:10.484575730Z,16.145669,130.111439,Cloud to Cloud,14047,6159,12
2026-08-30T04:11:10.479211385Z,16.114316,130.206725,Cloud to Ground,32463,0,16
2026-08-30T04:11:10.479732212Z,16.119305,130.211021,Cloud to Ground,60389,0,12
2026-08-30T04:11:10.654074058Z,17.724575,113.206081,Cloud to Cloud,11108,7234,10
2026-08-30T04:11:10.542437644Z,14.296096,120.652818,Cloud to Cloud,4258,14935,8
2026-08-30T04:11:12.193026976Z,18.336064,113.524455,Cloud to Ground,-19713,0,13
2026-08-30T04:11:11.994091765Z,18.333584,113.494881,Cloud to Ground,-11425,0,9
2026-08-30T04:11:12.197378393Z,18.322901,113.493133,Cloud to Ground,7111,0,5
2026-08-30T04:11:12.195431407Z,18.357316,113.471585,Cloud to Cloud,10091,4370,7
2026-08-30T04:11:12.080570000Z,18.3174,113.4561,Cloud to Ground,36774,0,6
2026-08-30T04:11:12.637317349Z,19.221722,118.449095,Cloud to Cloud,6547,3216,8
2026-08-30T04:11:13.065650318Z,19.223657,118.45833,Cloud to Cloud,6607,3000,8
2026-08-30T04:11:13.088342452Z,19.2954,118.490457,Cloud to Cloud,9321,19482,7
2026-08-30T04:11:13.453173540Z,18.514746,113.482165,Cloud to Ground,18762,0,10
2026-08-30T04:11:14.021124469Z,19.247778,115.910888,Cloud to Ground,-30370,0,14
2026-08-30T04:11:14.021698617Z,19.330592,115.837724,Cloud to Ground,28713,0,8
2026-08-30T04:11:14.793380412Z,18.410779,116.293542,Cloud to Ground,-10778,0,7
2026-08-30T04:11:14.546897874Z,18.364475,116.281022,Cloud to Ground,-8695,0,8
2026-08-30T04:11:15.061050887Z,17.225529,120.572968,Cloud to Ground,72963,0,16
2026-08-30T04:11:16.543971142Z,20.102069,115.164193,Cloud to Cloud,-10280,6446,10
2026-08-30T04:11:16.683110208Z,20.084102,115.16485,Cloud to Cloud,9930,6167,7
2026-08-30T04:11:16.423643636Z,20.094993,115.174413,Cloud to Ground,10561,0,7
2026-08-30T04:11:16.802612897Z,20.120304,115.155052,Cloud to Ground,15866,0,11
2026-08-30T04:11:16.678597714Z,18.745161,114.042692,Cloud to Ground,-6595,0,7
2026-08-30T04:11:16.373641000Z,4.6829,113.8168,Cloud to Ground,-7783,0,5
2026-08-30T04:11:17.098258954Z,20.07537,115.00557,Cloud to Ground,-17432,0,6
2026-08-30T04:11:16.776409705Z,20.123364,115.031753,Cloud to Cloud,-11730,3107,8
2026-08-30T04:11:17.232200863Z,20.116881,114.993738,Cloud to Cloud,-8606,14633,7
2026-08-30T04:11:17.128673996Z,20.092462,115.00778,Cloud to Cloud,11084,6103,8
2026-08-30T04:11:17.284794948Z,18.787457,118.040597,Cloud to Ground,17318,0,9
2026-08-30T04:11:20.126853559Z,22.039085,113.260618,Cloud to Cloud,-22151,3056,10
2026-08-30T04:11:20.513680969Z,22.139665,113.336639,Cloud to Ground,-14080,0,11
2026-08-30T04:11:20.516515001Z,22.172537,113.307846,Cloud to Cloud,8620,3794,6
2026-08-30T04:11:19.853766975Z,22.056152,113.274295,Cloud to Cloud,10928,6150,7
2026-08-30T04:11:20.631752192Z,22.159378,113.307676,Cloud to Cloud,12491,12908,9
2026-08-30T04:11:20.683439477Z,22.109815,113.290697,Cloud to Cloud,19441,5381,10
2026-08-30T04:11:20.676089753Z,18.352026,116.373704,Cloud to Cloud,11451,3009,9
2026-08-30T04:11:21.037409250Z,4.913616,114.093302,Cloud to Ground,19547,0,11
2026-08-30T04:11:21.665046518Z,19.091544,115.697264,Cloud to Cloud,-12265,3024,9
2026-08-30T04:11:21.692932889Z,19.10734,115.698227,Cloud to Cloud,12010,4679,5
2026-08-30T04:11:21.771384023Z,19.106624,115.681682,Cloud to Cloud,15057,3059,7
2026-08-30T04:11:22.836622094Z,16.804742,127.567156,Cloud to Ground,-18374,0,22
2026-08-30T04:11:22.769624044Z,16.779385,127.532018,Cloud to Ground,-15465,0,16
2026-08-30T04:11:22.734554668Z,16.834839,127.593563,Cloud to Cloud,-9584,3013,7
2026-08-30T04:11:22.603887861Z,16.771055,127.669155,Cloud to Ground,-54790,0,12
2026-08-30T04:11:22.650208562Z,16.784328,127.679464,Cloud to Ground,-24687,0,12
2026-08-30T04:11:22.947658139Z,16.789448,127.685519,Cloud to Ground,-15111,0,6
2026-08-30T04:11:22.889824715Z,16.773458,127.684413,Cloud to Ground,-14154,0,8
2026-08-30T04:11:23.315112218Z,16.763451,127.739055,Cloud to Cloud,16360,14268,7
2026-08-30T04:11:23.436743060Z,18.312069,113.469716,Cloud to Cloud,-14778,3044,7
2026-08-30T04:11:23.267250156Z,18.299696,113.483714,Cloud to Cloud,-10992,7760,6
2026-08-30T04:11:23.000516564Z,18.290569,113.388564,Cloud to Cloud,7067,4142,7
2026-08-30T04:11:24.453220871Z,18.653038,114.098686,Cloud to Ground,17683,0,10
2026-08-30T04:11:24.506556825Z,18.697012,114.228523,Cloud to Cloud,-15484,3142,11
2026-08-30T04:11:24.422704195Z,18.682646,114.195921,Cloud to Cloud,7519,13178,6
2026-08-30T04:11:24.482520749Z,18.651375,114.199252,Cloud to Ground,14033,0,8
2026-08-30T04:11:24.169766431Z,16.255999,120.25412,Cloud to Cloud,7324,3937,12
2026-08-30T04:11:26.968160722Z,20.260269,113.552523,Cloud to Cloud,-15288,13091,10
2026-08-30T04:11:26.960788892Z,20.394948,113.688958,Cloud to Cloud,9639,9467,9
2026-08-30T04:11:26.961955052Z,20.371867,113.701543,Cloud to Ground,19627,0,11
2026-08-30T04:11:26.962854541Z,20.369907,113.597866,Cloud to Ground,32497,0,11
2026-08-30T04:11:27.220153526Z,22.174996,113.246211,Cloud to Cloud,-11995,6236,7
2026-08-30T04:11:27.263929362Z,22.099577,113.30858,Cloud to Ground,-8899,0,9
2026-08-30T04:11:27.219349000Z,22.0979,113.2587,Cloud to Ground,25584,0,5
2026-08-30T04:11:27.354352789Z,22.085363,113.298581,Cloud to Ground,53583,0,14
2026-08-30T04:11:28.853133462Z,4.724914,113.760395,Cloud to Ground,-12488,0,13
2026-08-30T04:11:28.909360815Z,4.75714,113.76344,Cloud to Ground,22809,0,17
2026-08-30T04:11:29.004220743Z,4.720977,113.765268,Cloud to Ground,37041,0,13
2026-08-30T04:11:29.135698850Z,19.349855,122.953952,Cloud to Ground,-42946,0,15
2026-08-30T04:11:29.144284629Z,19.300989,122.896043,Cloud to Cloud,8115,5563,9
2026-08-30T04:11:31.390647350Z,16.127751,130.240561,Cloud to Cloud,-11955,5731,13
2026-08-30T04:12:09.468393186Z,20.157456,115.16725,Cloud to Ground,-13055,0,9
2026-08-30T04:12:09.143861871Z,20.242591,115.189648,Cloud to Cloud,17403,3013,7
2026-08-30T04:12:09.798959546Z,20.137068,115.072419,Cloud to Cloud,16427,4618,11
2026-08-30T04:12:12.946843178Z,4.753436,113.756783,Cloud to Ground,14958,0,12
2026-08-30T04:12:12.367828637Z,21.617829,112.019443,Cloud to Cloud,-9746,6585,13
2026-08-30T04:12:12.258840444Z,21.626313,112.016268,Cloud to Cloud,10841,16259,7
2026-08-30T04:12:13.304263277Z,18.45905,113.452281,Cloud to Cloud,-40666,3014,18
2026-08-30T04:12:13.300275570Z,18.469658,113.447785,Cloud to Cloud,12919,3070,10
2026-08-30T04:12:13.301705563Z,18.455091,113.450124,Cloud to Cloud,21257,10262,12
2026-08-30T04:12:13.631431498Z,18.510861,113.582254,Cloud to Ground,-18048,0,13
2026-08-30T04:12:13.884271376Z,18.51851,113.579125,Cloud to Ground,-14391,0,9
2026-08-30T04:12:14.060446119Z,18.517119,113.613473,Cloud to Ground,-12941,0,8
2026-08-30T04:12:13.784877872Z,18.493844,113.552903,Cloud to Cloud,13957,3994,10
2026-08-30T04:12:13.719500000Z,18.5248,113.5418,Cloud to Ground,22645,0,5
2026-08-30T04:12:13.938348771Z,18.501267,113.585452,Cloud to Ground,22656,0,14
2026-08-30T04:12:13.387855900Z,14.534823,121.807523,Cloud to Cloud,-8089,6490,10
2026-08-30T04:12:14.656458436Z,19.093447,115.703644,Cloud to Cloud,-13263,8327,8
2026-08-30T04:12:14.642143255Z,19.057863,115.732095,Cloud to Cloud,-11687,3265,8
2026-08-30T04:12:14.352462222Z,19.105978,115.701706,Cloud to Cloud,-9029,15968,7
2026-08-30T04:12:14.441194110Z,19.190429,115.733551,Cloud to Cloud,7489,14220,8
2026-08-30T04:12:14.425477553Z,19.105084,115.696415,Cloud to Cloud,9278,4243,8
2026-08-30T04:12:14.323633836Z,19.116497,115.706215,Cloud to Ground,19856,0,11
2026-08-30T04:12:14.308199361Z,18.174821,113.34761,Cloud to Cloud,-8937,3074,7
2026-08-30T04:12:14.305516904Z,18.17145,113.354777,Cloud to Cloud,11605,3322,9
2026-08-30T04:12:14.372553878Z,18.225317,113.266637,Cloud to Cloud,-11415,3041,7
2026-08-30T04:12:14.284251473Z,20.300716,113.462714,Cloud to Cloud,-44838,3009,13
2026-08-30T04:12:16.945791360Z,20.247814,114.265249,Cloud to Ground,-20735,0,7
2026-08-30T04:12:17.003627688Z,20.248413,114.259122,Cloud to Ground,-18527,0,11
2026-08-30T04:12:17.047614252Z,18.362304,116.376049,Cloud to Ground,37119,0,13
2026-08-30T04:12:17.299076413Z,20.296498,113.624704,Cloud to Ground,-13289,0,10
2026-08-30T04:12:17.333761021Z,20.396738,113.608036,Cloud to Cloud,-12001,3003,12
2026-08-30T04:12:17.634078649Z,20.291854,113.605083,Cloud to Ground,-10081,0,9
2026-08-30T04:12:16.962722648Z,20.307467,113.613665,Cloud to Cloud,-5949,3031,6
2026-08-30T04:12:17.408506803Z,20.328552,113.604181,Cloud to Cloud,11399,7808,7
2026-08-30T04:12:17.568484288Z,20.400094,113.596023,Cloud to Cloud,12292,3112,8
2026-08-30T04:12:17.409706591Z,20.384703,113.575492,Cloud to Ground,14786,0,10
2026-08-30T04:12:17.190344132Z,20.348714,113.607878,Cloud to Ground,20707,0,9
2026-08-30T04:12:17.443417346Z,15.122709,119.942051,Cloud to Ground,-41191,0,8
2026-08-30T04:12:17.456188880Z,15.106685,119.982241,Cloud to Cloud,-15276,19447,13
2026-08-30T04:12:17.440555952Z,15.100955,119.983205,Cloud to Ground,25390,0,16
2026-08-30T04:12:18.794853583Z,22.107066,113.276359,Cloud to Cloud,-44384,13174,13
2026-08-30T04:12:18.939617484Z,22.110161,113.271902,Cloud to Cloud,-27270,3048,13
2026-08-30T04:12:19.048106545Z,22.122542,113.262131,Cloud to Cloud,-18597,3026,11
2026-08-30T04:12:19.059134671Z,22.042718,113.242631,Cloud to Ground,-15308,0,11
2026-08-30T04:12:18.795398087Z,22.100926,113.314315,Cloud to Cloud,-14119,5127,12
2026-08-30T04:12:18.493569125Z,22.105694,113.265622,Cloud to Ground,-13201,0,14
2026-08-30T04:12:18.696458787Z,22.083602,113.277698,Cloud to Cloud,12367,4913,8
2026-08-30T04:12:19.049456045Z,22.159107,113.269772,Cloud to Cloud,19827,19034,9
2026-08-30T04:12:18.565524053Z,22.124996,113.269229,Cloud to Ground,37548,0,14
2026-08-30T04:12:19.649674412Z,18.350374,113.464042,Cloud to Ground,-10743,0,6
2026-08-30T04:12:22.581125823Z,4.090612,112.919152,Cloud to Cloud,-25678,3036,8
2026-08-30T04:12:22.600044488Z,4.149505,112.930962,Cloud to Ground,24557,0,9
2026-08-30T04:12:26.038277686Z,16.131393,120.07539,Cloud to Cloud,-26433,9224,9
2026-08-30T04:12:26.030597373Z,16.083673,120.11966,Cloud to Cloud,13703,14477,10
2026-08-30T04:12:26.295309000Z,16.1722,120.067,Cloud to Ground,34213,0,7
2026-08-30T04:12:26.086596598Z,17.018784,127.476841,Cloud to Cloud,-18454,3028,11
2026-08-30T04:12:26.080275551Z,17.082283,127.492773,Cloud to Cloud,-14487,8563,7
2026-08-30T04:12:26.146905631Z,16.979006,127.664787,Cloud to Cloud,19682,3037,8
2026-08-30T04:12:27.930868312Z,18.586454,119.170639,Cloud to Cloud,9771,13362,7
2026-08-30T04:12:28.707717911Z,18.486102,113.55079,Cloud to Ground,-10924,0,7
2026-08-30T04:12:28.819284244Z,17.251347,120.599066,Cloud to Ground,-23781,0,11
2026-08-30T04:12:28.820902042Z,17.260507,120.605627,Cloud to Cloud,-4993,9816,7
2026-08-30T04:12:28.816492657Z,17.326025,120.647803,Cloud to Cloud,6154,18915,7
2026-08-30T04:12:29.853081316Z,17.693423,113.238938,Cloud to Ground,-15999,0,12
2026-08-30T04:12:29.207651316Z,17.65753,113.205727,Cloud to Ground,21908,0,7
2026-08-30T04:12:29.675266882Z,18.474993,116.376589,Cloud to Ground,21148,0,11
2026-08-30T04:12:29.620942542Z,18.467245,116.368688,Cloud to Ground,22611,0,8
2026-08-30T04:12:29.621584000Z,18.8691,115.8314,Cloud to Ground,11113,0,6
2026-08-30T04:12:30.762022442Z,17.487535,113.037179,Cloud to Ground,-23859,0,10
2026-08-30T04:12:30.829695215Z,17.495044,112.986896,Cloud to Ground,-10222,0,10
2026-08-30T04:12:30.777661400Z,17.485412,112.945708,Cloud to Cloud,8948,9182,8
2026-08-30T04:12:30.356667551Z,17.601076,113.003419,Cloud to Ground,26840,0,9
2026-08-30T04:12:30.368949746Z,18.323791,113.481583,Cloud to Ground,-14300,0,10
2026-08-30T04:12:30.612217687Z,18.321908,113.467887,Cloud to Cloud,-13584,17598,10
2026-08-30T04:12:30.649081670Z,18.314593,113.4695,Cloud to Ground,-11637,0,9
2026-08-30T04:12:30.636063000Z,18.3756,113.5126,Cloud to Ground,-5654,0,5
2026-08-30T04:12:30.430089495Z,18.312231,113.493314,Cloud to Cloud,13378,3047,8
2026-08-30T04:12:29.975197281Z,21.721005,112.844694,Cloud to Cloud,7680,15698,9
2026-08-30T04:12:30.001941256Z,21.720644,112.842253,Cloud to Cloud,7998,12949,7
2026-08-30T04:12:31.857388063Z,17.788183,128.461993,Cloud to Cloud,-16006,4284,7
2026-08-30T04:12:31.860169863Z,17.797213,128.449814,Cloud to Cloud,-12084,3013,8
2026-08-30T04:12:31.854633882Z,17.789706,128.478444,Cloud to Ground,17218,0,16
2026-08-30T04:12:33.218841784Z,4.923937,114.071711,Cloud to Cloud,10050,4926,7
2026-08-30T04:12:33.076132233Z,19.231746,118.427611,Cloud to Ground,-24013,0,11
2026-08-30T04:12:32.947393600Z,19.234174,118.459151,Cloud to Ground,-22319,0,13
2026-08-30T04:12:32.920059412Z,19.317517,118.46518,Cloud to Cloud,-6084,17836,6
2026-08-30T04:12:33.090261982Z,19.222076,118.436914,Cloud to Ground,-2564,0,7
2026-08-30T04:12:35.819774773Z,22.124788,113.26893,Cloud to Cloud,-44014,3913,16
2026-08-30T04:12:36.129187534Z,22.109706,113.266338,Cloud to Cloud,-8696,3017,6
2026-08-30T04:12:36.110132576Z,22.177875,113.201053,Cloud to Cloud,9494,6431,8
2026-08-30T04:12:35.960202811Z,22.110165,113.285383,Cloud to Ground,33717,0,12
2026-08-30T04:12:35.930267000Z,18.8759,118.1537,Cloud to Ground,24256,0,9
2026-08-30T04:12:36.933338541Z,22.183712,113.350411,Cloud to Ground,-26636,0,14
2026-08-30T04:12:37.249670050Z,22.181626,113.353639,Cloud to Ground,-22177,0,19
2026-08-30T04:12:36.960870870Z,22.184725,113.355092,Cloud to Ground,-8819,0,10
2026-08-30T04:12:37.299675674Z,22.188265,113.351477,Cloud to Cloud,-6433,3008,7
2026-08-30T04:12:37.185884918Z,19.071438,115.708626,Cloud to Cloud,-8741,7576,9
2026-08-30T04:12:37.094362171Z,19.084469,115.711318,Cloud to Cloud,-7464,3299,7
2026-08-30T04:12:37.096553730Z,19.079892,115.728084,Cloud to Cloud,-6574,18421,8
2026-08-30T04:12:36.982462465Z,19.104277,115.689833,Cloud to Cloud,5011,18365,6
2026-08-30T04:12:37.927819009Z,18.504035,113.635181,Cloud to Ground,-24404,0,11
2026-08-30T04:12:37.916377335Z,18.518977,113.6352,Cloud to Cloud,-13681,5462,12
2026-08-30T04:12:39.452814975Z,17.038557,132.027903,Cloud to Ground,-93104,0,17
2026-08-30T04:12:40.883954346Z,20.472573,113.309877,Cloud to Cloud,-8428,7382,7
2026-08-30T04:12:41.231758850Z,4.046137,113.010345,Cloud to Ground,-18757,0,7
2026-08-30T04:12:41.228389020Z,4.107192,113.027938,Cloud to Ground,-13668,0,10
2026-08-30T04:12:41.229031568Z,4.017762,113.015177,Cloud to Ground,-10767,0,7
2026-08-30T04:12:41.225000304Z,4.024325,113.019835,Cloud to Ground,56405,0,10
2026-08-30T04:12:41.060498451Z,18.630759,113.93284,Cloud to Cloud,-9823,3013,9
2026-08-30T04:12:41.151011250Z,18.757831,114.03639,Cloud to Cloud,-11942,4910,10
2026-08-30T04:12:40.938107827Z,18.817659,114.080947,Cloud to Ground,-7962,0,8
2026-08-30T04:12:40.680884898Z,18.794485,113.998791,Cloud to Cloud,8846,3047,9
2026-08-30T04:12:41.130831054Z,18.720726,114.055044,Cloud to Ground,12168,0,10
2026-08-30T04:12:41.180774412Z,20.354706,113.432646,Cloud to Cloud,-13062,3001,12
2026-08-30T04:12:41.202928240Z,20.356672,113.441907,Cloud to Cloud,-12198,17906,8
2026-08-30T04:12:42.480939649Z,4.761948,113.768899,Cloud to Cloud,-16924,15616,10
2026-08-30T04:12:42.198933964Z,18.370731,113.44554,Cloud to Cloud,-9442,6115,7
2026-08-30T04:12:42.323388230Z,18.321154,113.479853,Cloud to Cloud,8197,3055,8
2026-08-30T04:12:42.187108454Z,18.302572,113.406099,Cloud to Cloud,8340,3165,8
2026-08-30T04:12:42.230139000Z,18.2826,113.6008,Cloud to Ground,3793,0,5
2026-08-30T04:12:43.034722490Z,18.323369,113.521661,Cloud to Ground,-20092,0,8
2026-08-30T04:12:43.090134229Z,18.332599,113.521937,Cloud to Ground,-11004,0,8
2026-08-30T04:12:43.177787368Z,18.330763,113.516636,Cloud to Ground,-7540,0,8
2026-08-30T04:12:43.589157612Z,18.683498,114.193391,Cloud to Cloud,-11669,3109,7
2026-08-30T04:12:43.618825011Z,18.653429,114.191676,Cloud to Cloud,-7587,17950,9
2026-08-30T04:12:43.571429134Z,18.641491,114.115174,Cloud to Ground,10096,0,10
2026-08-30T04:12:43.542295354Z,18.652936,114.216125,Cloud to Ground,20643,0,11
2026-08-30T04:12:43.117777387Z,21.755974,112.800806,Cloud to Ground,-11157,0,7
2026-08-30T04:12:44.713620065Z,18.419607,113.150958,Cloud to Ground,-7176,0,7
2026-08-30T04:12:45.176786054Z,18.475594,113.232215,Cloud to Cloud,9227,19552,6
2026-08-30T04:12:44.630516749Z,18.454785,113.26915,Cloud to Ground,20322,0,13
2026-08-30T04:12:44.629797962Z,18.437223,113.225531,Cloud to Ground,20747,0,8
2026-08-30T04:12:44.978093257Z,18.359663,112.966359,Cloud to Cloud,-15632,3000,10
2026-08-30T04:12:45.135840918Z,18.312431,112.967587,Cloud to Cloud,-8299,3014,10
2026-08-30T04:12:44.980775408Z,18.372417,113.03419,Cloud to Ground,19927,0,12
2026-08-30T04:12:44.631294000Z,18.621,113.1189,Cloud to Ground,15443,0,5
2026-08-30T04:12:45.979329446Z,20.517439,112.90248,Cloud to Cloud,-10550,6213,9
2026-08-30T04:12:45.919174973Z,20.480108,112.878805,Cloud to Cloud,-9173,15039,7
2026-08-30T04:12:45.919759713Z,20.483384,112.946535,Cloud to Cloud,12618,18218,11
2026-08-30T04:12:46.102952915Z,20.252767,114.308274,Cloud to Cloud,-13273,3208,7
2026-08-30T04:12:45.689743807Z,20.26188,114.231621,Cloud to Cloud,-11394,4359,11
2026-08-30T04:12:46.397438383Z,20.259963,114.2286,Cloud to Cloud,-5561,3038,7
2026-08-30T04:12:45.687450283Z,20.325013,114.177593,Cloud to Cloud,15804,3768,7
2026-08-30T04:12:45.236556684Z,14.82932,120.936768,Cloud to Cloud,8832,10811,8
2026-08-30T04:12:46.018826200Z,20.282789,113.255753,Cloud to Cloud,-8486,3036,9
2026-08-30T04:12:46.002802449Z,20.607719,113.045994,Cloud to Cloud,-11058,3042,8
2026-08-30T04:12:46.008138218Z,20.487541,113.043584,Cloud to Cloud,11474,5364,10
2026-08-30T04:12:48.735028851Z,4.726915,113.682059,Cloud to Ground,-11839,0,6
2026-08-30T04:12:47.903169570Z,18.509366,113.61084,Cloud to Cloud,-28315,11965,11
2026-08-30T04:12:48.311211002Z,18.513251,113.577876,Cloud to Cloud,-13990,7192,8
2026-08-30T04:12:48.166698649Z,18.516659,113.607038,Cloud to Ground,-13986,0,9
2026-08-30T04:12:47.971875908Z,18.517257,113.611722,Cloud to Ground,-9781,0,9
2026-08-30T04:12:47.950504575Z,18.51318,113.622233,Cloud to Ground,-8393,0,7
2026-08-30T04:12:47.925838318Z,18.568779,113.584935,Cloud to Cloud,7324,15217,7
2026-08-30T04:12:48.267028386Z,18.515179,113.613306,Cloud to Ground,7580,0,6
2026-08-30T04:12:48.083482928Z,18.502641,113.617412,Cloud to Cloud,12813,5089,12
2026-08-30T04:12:48.275735461Z,18.505011,113.618682,Cloud to Cloud,16330,6229,11
2026-08-30T04:12:47.944665016Z,18.518215,113.612184,Cloud to Ground,32029,0,18
2026-08-30T04:12:48.020058117Z,18.495572,113.613193,Cloud to Ground,38308,0,10
2026-08-30T04:12:48.225096428Z,18.505617,113.606733,Cloud to Ground,41649,0,16
2026-08-30T04:12:48.291455089Z,18.357035,113.423183,Cloud to Cloud,14320,3028,7
2026-08-30T04:12:48.262542303Z,18.342125,113.441786,Cloud to Ground,29537,0,13
2026-08-30T04:12:49.250547621Z,16.961575,131.896871,Cloud to Ground,-24136,0,12
2026-08-30T04:12:49.001152075Z,16.96619,131.879738,Cloud to Ground,-19587,0,14
2026-08-30T04:12:48.576735563Z,17.002847,131.876391,Cloud to Ground,-14908,0,11
2026-08-30T04:12:49.261255424Z,17.032567,131.856824,Cloud to Ground,-13338,0,7
2026-08-30T04:12:48.577969180Z,16.951885,131.906062,Cloud to Ground,-12591,0,8
2026-08-30T04:12:49.259792305Z,17.02864,131.959645,Cloud to Ground,-11981,0,9
2026-08-30T04:12:49.197048568Z,18.665257,117.982828,Cloud to Cloud,-5916,15696,7
2026-08-30T04:12:50.246119797Z,16.757389,127.779261,Cloud to Ground,-84097,0,13
2026-08-30T04:12:50.340012420Z,16.77074,127.785337,Cloud to Ground,-49662,0,12
2026-08-30T04:12:50.289913620Z,16.765648,127.775264,Cloud to Ground,-36341,0,15
2026-08-30T04:12:50.239732226Z,16.715618,127.830699,Cloud to Cloud,-17535,3002,8
2026-08-30T04:12:50.305979164Z,16.773898,127.815402,Cloud to Ground,73414,0,11
2026-08-30T04:12:50.392365242Z,16.778793,127.644263,Cloud to Ground,-23591,0,21
2026-08-30T04:12:51.712027968Z,18.554183,124.706995,Cloud to Cloud,8731,3226,7
2026-08-30T04:12:51.707707614Z,18.550277,124.703461,Cloud to Cloud,10563,3528,10
2026-08-30T04:12:51.709166424Z,18.497837,124.673975,Cloud to Cloud,15911,3011,9
2026-08-30T04:12:51.372638000Z,19.0897,115.9042,Cloud to Ground,-12307,0,5
2026-08-30T04:12:51.876513344Z,19.102831,115.974204,Cloud to Cloud,-4822,10094,6
2026-08-30T04:12:52.186059841Z,20.094908,115.156163,Cloud to Ground,-50237,0,11
2026-08-30T04:12:52.207319106Z,20.116323,115.167177,Cloud to Cloud,-13690,16418,9
2026-08-30T04:12:52.454945047Z,20.149746,115.162438,Cloud to Cloud,-11527,10306,6
2026-08-30T04:12:52.270054146Z,20.078967,115.168242,Cloud to Cloud,-9540,3013,8
2026-08-30T04:12:52.491078594Z,20.142726,115.122186,Cloud to Cloud,-5608,17919,6
2026-08-30T04:12:52.490557946Z,20.199366,115.088298,Cloud to Cloud,9019,18240,7
2026-08-30T04:12:52.938513010Z,20.133249,115.069982,Cloud to Cloud,11104,11666,10
2026-08-30T04:12:52.134969006Z,20.13059,115.166092,Cloud to Cloud,17494,5735,8
2026-08-30T04:12:55.883407127Z,16.997613,132.203293,Cloud to Ground,-18475,0,11
2026-08-30T04:12:56.366106693Z,21.967049,113.033383,Cloud to Ground,9063,0,10
2026-08-30T04:12:56.639707012Z,22.058596,113.086237,Cloud to Cloud,-10497,3021,6
2026-08-30T04:12:56.431189813Z,22.042182,113.103034,Cloud to Cloud,8113,3077,7
2026-08-30T04:12:56.276146098Z,18.505408,113.629266,Cloud to Cloud,-14936,9514,9
2026-08-30T04:12:56.234274086Z,18.512873,113.628771,Cloud to Cloud,-13164,7120,6
2026-08-30T04:12:56.218376630Z,18.57036,113.590239,Cloud to Ground,-12781,0,8
2026-08-30T04:12:56.106388684Z,18.561779,113.590331,Cloud to Cloud,-10868,3221,8
2026-08-30T04:12:56.085095367Z,18.63233,113.532129,Cloud to Ground,13453,0,6
2026-08-30T04:12:57.224547626Z,22.039041,113.198533,Cloud to Cloud,-8316,3005,9
2026-08-30T04:12:56.309856754Z,21.961321,113.166931,Cloud to Cloud,-31255,4562,17
2026-08-30T04:12:57.043513936Z,21.935337,113.188048,Cloud to Ground,-15367,0,11
2026-08-30T04:12:57.074667470Z,21.923665,113.127045,Cloud to Cloud,8054,5885,7
2026-08-30T04:12:56.938033018Z,21.905092,113.197419,Cloud to Cloud,9097,15300,6
2026-08-30T04:12:59.603299845Z,4.903878,114.101585,Cloud to Cloud,-8781,3025,6
2026-08-30T04:12:59.027651552Z,18.294751,113.514653,Cloud to Ground,-11097,0,11
2026-08-30T04:13:00.234548565Z,22.079216,113.281263,Cloud to Ground,-40262,0,14
2026-08-30T04:13:00.071733703Z,22.071573,113.287209,Cloud to Cloud,-28722,19361,12
2026-08-30T04:13:00.384821280Z,22.080289,113.281323,Cloud to Ground,-15014,0,13
2026-08-30T04:13:00.170727458Z,22.077827,113.299298,Cloud to Cloud,-13688,3042,10
2026-08-30T04:13:00.171299224Z,22.109868,113.29048,Cloud to Cloud,13211,3049,7
2026-08-30T04:13:00.297570989Z,22.100637,113.277083,Cloud to Ground,33706,0,11
2026-08-30T04:13:01.346828091Z,4.715906,113.744302,Cloud to Cloud,-17750,18133,7
2026-08-30T04:13:02.121042757Z,19.576329,114.87068,Cloud to Ground,14333,0,10
2026-08-30T04:13:01.807756060Z,19.5525,114.856021,Cloud to Ground,25688,0,9
2026-08-30T04:13:02.234382896Z,17.105835,131.046363,Cloud to Cloud,-20400,9030,12
2026-08-30T04:13:02.281258921Z,17.098219,131.058739,Cloud to Cloud,-13017,4229,18
2026-08-30T04:13:02.318982889Z,17.029745,131.024754,Cloud to Ground,-9978,0,10
2026-08-30T04:13:02.114612911Z,18.516755,113.457907,Cloud to Cloud,-10707,4298,6
2026-08-30T04:13:03.097366638Z,20.244982,114.709335,Cloud to Ground,31067,0,8
2026-08-30T04:13:03.119228421Z,20.155726,114.771752,Cloud to Cloud,-16364,12076,7
2026-08-30T04:13:03.730161906Z,20.115575,114.725422,Cloud to Cloud,-13260,9750,9
2026-08-30T04:13:03.109838949Z,20.113682,114.789638,Cloud to Cloud,-9697,14705,7
2026-08-30T04:13:03.098526000Z,20.1698,114.8402,Cloud to Ground,-5060,0,5
2026-08-30T04:13:05.055781935Z,20.271521,113.473333,Cloud to Cloud,-18528,4703,13
2026-08-30T04:13:05.257592485Z,20.272661,113.470987,Cloud to Cloud,-17816,3005,7
2026-08-30T04:13:05.155583395Z,20.272067,113.467817,Cloud to Cloud,-15751,4689,9
2026-08-30T04:13:05.107143873Z,20.29623,113.474724,Cloud to Cloud,-12610,18155,10
2026-08-30T04:13:05.138081681Z,20.27461,113.47378,Cloud to Cloud,-12181,19299,9
2026-08-30T04:13:04.807224842Z,20.275913,113.473326,Cloud to Cloud,-11217,3092,12
2026-08-30T04:13:04.808832910Z,20.335639,113.435192,Cloud to Cloud,-10310,3033,8
2026-08-30T04:13:04.816832323Z,20.289541,113.461757,Cloud to Ground,-8478,0,6
2026-08-30T04:13:04.827940300Z,20.297709,113.401071,Cloud to Ground,-7164,0,7
2026-08-30T04:13:04.805915740Z,20.287932,113.46757,Cloud to Cloud,6972,4205,8
2026-08-30T04:13:04.407745119Z,18.474492,116.336989,Cloud to Ground,-8895,0,7
2026-08-30T04:13:04.091236431Z,18.484957,116.305418,Cloud to Cloud,-6709,8782,7
2026-08-30T04:13:05.422208280Z,17.061634,120.431411,Cloud to Cloud,5135,13451,11
2026-08-30T04:13:05.525601779Z,17.084595,120.368307,Cloud to Ground,27485,0,8
2026-08-30T04:13:05.915457506Z,17.190987,120.371101,Cloud to Cloud,9526,3001,11
2026-08-30T04:13:05.379909811Z,21.692941,112.771014,Cloud to Cloud,10238,3047,7
2026-08-30T04:13:07.395473538Z,17.182125,131.40418,Cloud to Ground,-17211,0,15
2026-08-30T04:13:07.342733914Z,17.125921,131.433162,Cloud to Ground,-16243,0,11
2026-08-30T04:13:07.561917610Z,18.280098,113.533751,Cloud to Cloud,-18902,6127,10
2026-08-30T04:13:07.161927199Z,18.492805,113.648717,Cloud to Cloud,7085,4232,7
2026-08-30T04:13:09.978997919Z,19.900371,114.574448,Cloud to Cloud,-19123,3044,9
2026-08-30T04:13:09.975242452Z,19.099869,115.712514,Cloud to Cloud,4714,10672,5
2026-08-30T04:13:10.817004127Z,14.320763,120.703984,Cloud to Ground,-93475,0,12
2026-08-30T04:13:10.905225333Z,14.323939,120.700474,Cloud to Ground,-41301,0,10
2026-08-30T04:13:10.940432000Z,14.3215,120.6915,Cloud to Ground,-20701,0,7
2026-08-30T04:13:10.401176573Z,22.117995,113.255627,Cloud to Cloud,16407,15523,10
2026-08-30T04:13:11.563998193Z,20.364489,113.708039,Cloud to Cloud,-20118,11721,13
2026-08-30T04:13:11.621991199Z,18.254681,113.461153,Cloud to Cloud,5810,9557,5
2026-08-30T04:13:12.874282634Z,16.956832,131.992573,Cloud to Ground,-43270,0,16
2026-08-30T04:13:12.642056806Z,16.969931,131.962479,Cloud to Ground,-20009,0,8
2026-08-30T04:13:12.953898505Z,16.976837,131.948926,Cloud to Ground,-17927,0,9
2026-08-30T04:13:12.869591292Z,17.043359,131.889635,Cloud to Ground,-15352,0,11
2026-08-30T04:13:12.466541638Z,17.007529,131.827143,Cloud to Ground,-15100,0,13
2026-08-30T04:13:12.868136507Z,17.02861,132.03219,Cloud to Ground,10958,0,6
2026-08-30T04:13:12.968858450Z,17.105219,131.963342,Cloud to Ground,8475,0,6
2026-08-30T04:13:12.261064082Z,17.676148,113.217911,Cloud to Cloud,-7876,3116,7
2026-08-30T04:13:12.148241145Z,19.713124,114.944393,Cloud to Cloud,17947,19774,8
2026-08-30T04:13:13.780297801Z,18.515354,113.626963,Cloud to Ground,-21318,0,12
2026-08-30T04:13:13.710233489Z,18.524744,113.624985,Cloud to Cloud,-9666,7349,9
2026-08-30T04:13:13.928909307Z,18.542204,113.603128,Cloud to Ground,-8874,0,7
2026-08-30T04:13:15.814992082Z,16.893357,131.834014,Cloud to Ground,-11138,0,9
2026-08-30T04:13:15.183442707Z,16.959641,131.63529,Cloud to Ground,-16879,0,13
2026-08-30T04:13:15.162496537Z,16.929225,131.67357,Cloud to Ground,-14640,0,17
2026-08-30T04:13:15.184965740Z,16.942097,131.664267,Cloud to Ground,-14078,0,8
2026-08-30T04:13:15.468142376Z,16.946068,131.661397,Cloud to Ground,-8336,0,8
2026-08-30T04:13:15.792655414Z,16.998697,131.701965,Cloud to Cloud,-6873,3562,7
2026-08-30T04:13:15.160513529Z,16.947347,131.675716,Cloud to Cloud,9488,6112,6
2026-08-30T04:13:15.792020879Z,17.0277,131.841689,Cloud to Ground,-18314,0,11
2026-08-30T04:13:15.810306458Z,17.05954,131.867909,Cloud to Ground,12605,0,12
2026-08-30T04:13:15.488345681Z,19.959866,114.252135,Cloud to Ground,32441,0,12
2026-08-30T04:13:15.646537006Z,19.961802,114.150964,Cloud to Cloud,-6369,5990,6
2026-08-30T04:13:15.131539388Z,19.103542,115.82328,Cloud to Cloud,-8796,3529,8
2026-08-30T04:13:16.516530442Z,18.714224,117.460356,Cloud to Cloud,-15625,11822,15
2026-08-30T04:13:16.522828467Z,18.6866,117.449748,Cloud to Cloud,-9711,18866,8
2026-08-30T04:13:16.517579330Z,18.795982,117.484668,Cloud to Cloud,15019,3026,9
2026-08-30T04:13:18.001458902Z,22.12076,113.288244,Cloud to Cloud,-37518,3141,16
2026-08-30T04:13:17.943135631Z,22.117901,113.288858,Cloud to Cloud,-24602,4587,12
2026-08-30T04:13:18.115572933Z,22.120527,113.293068,Cloud to Ground,-13015,0,11
2026-08-30T04:13:17.211330774Z,22.062032,113.24366,Cloud to Cloud,-12370,10367,10
2026-08-30T04:13:17.261350067Z,22.061172,113.205608,Cloud to Cloud,-7884,3069,7
2026-08-30T04:13:18.247395334Z,22.114019,113.296688,Cloud to Ground,-6672,0,7
2026-08-30T04:13:17.913522000Z,22.1146,113.2633,Cloud to Ground,14150,0,5
2026-08-30T04:13:17.848395991Z,22.131525,113.291417,Cloud to Ground,40084,0,12
2026-08-30T04:13:19.379172967Z,22.528738,110.866371,Cloud to Ground,-31611,0,16
2026-08-30T04:13:19.190373389Z,22.52567,110.885591,Cloud to Cloud,-15318,19393,6
2026-08-30T04:13:19.576209512Z,22.577845,110.849302,Cloud to Ground,-13390,0,10
2026-08-30T04:13:19.378199850Z,22.574193,110.802412,Cloud to Ground,26241,0,15
2026-08-30T04:13:21.053360865Z,17.136659,132.338149,Cloud to Ground,-22561,0,15
2026-08-30T04:13:22.110643279Z,17.487325,113.037406,Cloud to Cloud,-7941,3852,8
2026-08-30T04:13:22.743826152Z,17.618564,113.111805,Cloud to Cloud,-6137,3050,7
2026-08-30T04:13:22.756276851Z,17.634808,113.109294,Cloud to Cloud,6373,6453,7
2026-08-30T04:13:23.182023167Z,4.926096,114.160146,Cloud to Ground,-31210,0,7
2026-08-30T04:13:23.189623035Z,18.313984,113.476337,Cloud to Ground,-5807,0,6
2026-08-30T04:13:23.429353717Z,21.645635,111.994873,Cloud to Cloud,-10652,3018,7
2026-08-30T04:13:24.000457424Z,4.730991,113.737723,Cloud to Cloud,-9830,18333,6
2026-08-30T04:13:25.286376812Z,18.504766,113.575114,Cloud to Cloud,-11630,3024,9
2026-08-30T04:13:25.666001251Z,20.221409,114.288352,Cloud to Cloud,-8970,5661,6
2026-08-30T04:13:25.634002770Z,20.227108,114.283208,Cloud to Cloud,9847,4062,13
2026-08-30T04:13:25.635322819Z,20.219602,114.27625,Cloud to Ground,18516,0,8
2026-08-30T04:13:31.553441432Z,16.155658,120.035475,Cloud to Cloud,10189,18622,8
2026-08-30T04:13:35.768563833Z,16.082564,130.44594,Cloud to Cloud,14488,3302,7
2026-08-30T04:13:35.612007860Z,16.070644,130.298857,Cloud to Cloud,-10890,19156,14
2026-08-30T04:13:35.049316256Z,16.085043,130.320577,Cloud to Cloud,-9540,6240,9
2026-08-30T04:13:35.284993465Z,16.080411,130.264583,Cloud to Cloud,-9177,12931,13
2026-08-30T04:13:35.613246727Z,16.140071,130.328528,Cloud to Cloud,11343,3092,7
2026-08-30T04:13:35.041873047Z,16.049152,130.321885,Cloud to Ground,16591,0,10
2026-08-30T04:13:35.876706000Z,19.8025,115.0025,Cloud to Ground,16210,0,7
2026-08-30T04:13:36.761176884Z,22.081074,113.305914,Cloud to Cloud,-10718,5076,6
2026-08-30T04:13:36.691120358Z,22.063113,113.277711,Cloud to Cloud,-10202,3512,7
2026-08-30T04:13:36.763034155Z,22.069011,113.296214,Cloud to Cloud,-8949,3195,6
2026-08-30T04:13:36.673226631Z,22.070607,113.297629,Cloud to Cloud,-8415,13650,7
2026-08-30T04:13:37.587621583Z,19.892796,115.982572,Cloud to Cloud,-14884,17704,17
2026-08-30T04:13:37.571674000Z,19.9063,115.9589,Cloud to Ground,19780,0,6
2026-08-30T04:13:37.789403018Z,19.906473,116.010288,Cloud to Ground,20493,0,10
2026-08-30T04:13:40.062758354Z,18.493204,113.628469,Cloud to Ground,-11841,0,8
2026-08-30T04:13:39.799939789Z,18.481161,113.554513,Cloud to Cloud,7435,3057,7
2026-08-30T04:13:39.814070813Z,18.500191,113.631589,Cloud to Cloud,12150,3025,8
2026-08-30T04:13:39.709471008Z,18.515687,113.561005,Cloud to Ground,39504,0,11
2026-08-30T04:13:39.110025677Z,21.684383,112.914891,Cloud to Cloud,-10795,3014,8
2026-08-30T04:13:41.379765169Z,5.02545,114.113915,Cloud to Cloud,-13262,11256,8
2026-08-30T04:13:42.938099916Z,4.05911,113.015739,Cloud to Ground,-27760,0,12
2026-08-30T04:13:43.069144181Z,4.049381,112.997363,Cloud to Ground,-12475,0,5
2026-08-30T04:13:42.563693698Z,20.127159,115.192918,Cloud to Cloud,-12849,13131,9
2026-08-30T04:13:42.539571437Z,20.150744,115.192509,Cloud to Cloud,-10677,10724,9
2026-08-30T04:13:42.606302017Z,20.150227,115.255903,Cloud to Cloud,-10529,3069,10
2026-08-30T04:13:42.560825841Z,20.148962,115.213086,Cloud to Cloud,-10204,3083,6
2026-08-30T04:13:42.292483504Z,18.415199,113.257347,Cloud to Cloud,-8954,4786,9
2026-08-30T04:13:42.022686722Z,18.380553,113.285669,Cloud to Ground,16551,0,9
2026-08-30T04:13:42.653542913Z,17.241595,120.615667,Cloud to Ground,-6850,0,13
2026-08-30T04:13:42.654897325Z,17.25317,120.602803,Cloud to Cloud,7245,7360,11
2026-08-30T04:13:43.119335200Z,4.06154,113.108427,Cloud to Ground,27627,0,9
2026-08-30T04:13:43.098339157Z,20.03147,115.066173,Cloud to Cloud,12379,7320,8
2026-08-30T04:13:43.264344909Z,20.160079,115.094163,Cloud to Cloud,9048,3002,6
2026-08-30T04:13:43.325321281Z,20.130039,114.975824,Cloud to Cloud,10429,3110,7
2026-08-30T04:13:43.945229658Z,19.4213,114.845243,Cloud to Cloud,-19447,7538,13
2026-08-30T04:13:43.991696204Z,19.370991,114.853908,Cloud to Ground,-11917,0,7
2026-08-30T04:13:44.231663974Z,19.374262,114.825348,Cloud to Ground,-10392,0,7
2026-08-30T04:13:43.996761812Z,19.39886,114.85239,Cloud to Ground,13716,0,9
2026-08-30T04:13:43.955149276Z,19.410396,114.844939,Cloud to Ground,35119,0,14
2026-08-30T04:13:45.637231378Z,22.203642,113.319276,Cloud to Ground,-24769,0,15
2026-08-30T04:13:45.454366868Z,18.314281,113.471641,Cloud to Cloud,-10915,3001,7
2026-08-30T04:13:45.234389592Z,18.32404,113.498219,Cloud to Cloud,-7749,4236,7
2026-08-30T04:13:46.590475453Z,18.786672,114.03625,Cloud to Cloud,-6950,4841,7
2026-08-30T04:13:46.566682827Z,18.759549,114.070533,Cloud to Cloud,-6676,3013,6
2026-08-30T04:13:46.388619969Z,18.512012,113.629866,Cloud to Ground,-19897,0,14
2026-08-30T04:13:46.419494183Z,18.572655,113.573174,Cloud to Cloud,11267,7521,7
2026-08-30T04:13:46.494996377Z,18.518884,113.630888,Cloud to Ground,36197,0,19
2026-08-30T04:13:46.664360710Z,21.622149,112.014592,Cloud to Cloud,9897,14718,7
2026-08-30T04:13:47.262187979Z,4.781089,113.793145,Cloud to Ground,20372,0,14
2026-08-30T04:13:47.224952100Z,22.841673,113.210271,Cloud to Ground,-105974,0,18
2026-08-30T04:13:47.318609563Z,22.807649,113.289907,Cloud to Cloud,-8306,18730,7
2026-08-30T04:13:48.675848529Z,17.081758,131.808246,Cloud to Cloud,-18965,18384,14
2026-08-30T04:13:48.678529194Z,17.037816,131.865161,Cloud to Ground,-17348,0,7
2026-08-30T04:13:48.672387131Z,17.038546,131.888699,Cloud to Ground,15019,0,8
2026-08-30T04:13:48.678075316Z,17.034632,131.846529,Cloud to Ground,22678,0,8
2026-08-30T04:13:48.530405869Z,22.170324,113.230612,Cloud to Cloud,-13529,3005,9
2026-08-30T04:13:48.173148715Z,22.118002,113.247197,Cloud to Ground,-6703,0,6
2026-08-30T04:13:48.157426603Z,22.137537,113.23261,Cloud to Cloud,-5992,18136,5
2026-08-30T04:13:48.153131389Z,22.100947,113.263825,Cloud to Cloud,-5846,19937,6
2026-08-30T04:13:48.152504311Z,22.104734,113.264306,Cloud to Cloud,8848,17376,9
2026-08-30T04:13:49.391636284Z,18.879643,118.218499,Cloud to Ground,-10842,0,10
2026-08-30T04:13:49.291280000Z,17.0001,131.7023,Cloud to Ground,-2337,0,5
2026-08-30T04:13:50.391630579Z,18.352685,113.567383,Cloud to Ground,-15947,0,12
2026-08-30T04:13:50.291330878Z,18.32407,113.513596,Cloud to Ground,-14771,0,9
2026-08-30T04:13:50.805640609Z,18.342539,113.574157,Cloud to Cloud,-13895,9821,7
2026-08-30T04:13:50.561135534Z,18.348441,113.545906,Cloud to Ground,-11710,0,7
2026-08-30T04:13:50.227613547Z,18.201742,113.10451,Cloud to Cloud,-10141,3903,8
2026-08-30T04:13:50.500210627Z,21.705834,112.855476,Cloud to Cloud,-9296,3027,7
2026-08-30T04:13:51.992820467Z,14.223831,120.74341,Cloud to Ground,8522,0,11
2026-08-30T04:13:51.018550721Z,18.764626,115.968381,Cloud to Cloud,-36998,3050,7
2026-08-30T04:13:51.032680575Z,18.780546,115.96907,Cloud to Ground,-26668,0,10
2026-08-30T04:13:51.218034112Z,18.75864,116.011481,Cloud to Ground,-25644,0,11
2026-08-30T04:13:51.123611466Z,18.76042,116.003624,Cloud to Ground,-22977,0,11
2026-08-30T04:13:51.673121797Z,18.746427,116.009447,Cloud to Ground,-21833,0,10
2026-08-30T04:13:51.057227021Z,18.781765,115.986717,Cloud to Ground,-15661,0,10
2026-08-30T04:13:51.409762086Z,18.761878,116.008402,Cloud to Ground,-9174,0,7
2026-08-30T04:13:51.877379417Z,18.761679,116.006342,Cloud to Ground,-7831,0,7
2026-08-30T04:13:51.970284141Z,18.763916,116.003609,Cloud to Ground,-7667,0,6
2026-08-30T04:13:52.695092274Z,18.388091,117.146025,Cloud to Cloud,6623,3339,7
2026-08-30T04:13:52.845005241Z,20.272544,113.487631,Cloud to Cloud,-17442,4526,12
2026-08-30T04:13:52.950948686Z,20.319043,113.459614,Cloud to Cloud,-7170,11972,6
2026-08-30T04:13:52.818022722Z,20.279714,113.387472,Cloud to Ground,28968,0,12
2026-08-30T04:13:57.953882979Z,16.170099,129.478957,Cloud to Ground,31563,0,11
2026-08-30T04:13:57.948088811Z,16.256971,129.43417,Cloud to Cloud,-30702,3568,16
2026-08-30T04:13:57.417898000Z,19.0865,115.676,Cloud to Ground,-17574,0,6
2026-08-30T04:13:58.579993097Z,15.111689,119.961124,Cloud to Cloud,-15087,5233,8
2026-08-30T04:13:58.583180547Z,15.113968,120.001115,Cloud to Cloud,7693,17220,8
2026-08-30T04:13:58.586027736Z,15.107302,119.98509,Cloud to Cloud,8161,19185,11
2026-08-30T04:13:58.616274981Z,15.020288,119.96104,Cloud to Cloud,15616,3799,7
2026-08-30T04:13:59.011278951Z,17.985553,113.297371,Cloud to Cloud,-72444,3108,12
2026-08-30T04:13:58.513914319Z,18.027015,113.287163,Cloud to Ground,-10355,0,8
2026-08-30T04:13:58.513482970Z,18.022954,113.289469,Cloud to Cloud,6521,3040,8
2026-08-30T04:13:58.523665001Z,18.02785,113.295463,Cloud to Cloud,13355,3035,9
2026-08-30T04:13:58.509519511Z,18.015183,113.214549,Cloud to Ground,14371,0,8
2026-08-30T04:13:58.511171639Z,18.041159,113.285832,Cloud to Cloud,50823,12140,19
2026-08-30T04:13:59.492388608Z,18.491734,113.820337,Cloud to Cloud,-39426,3030,12
2026-08-30T04:13:59.364378019Z,18.511387,113.634563,Cloud to Cloud,-69096,9168,11
2026-08-30T04:13:59.512785541Z,18.503355,113.633877,Cloud to Ground,-55576,0,14
2026-08-30T04:13:59.446803256Z,18.508012,113.635966,Cloud to Cloud,14293,4345,9
2026-08-30T04:13:59.420705993Z,18.501136,113.637777,Cloud to Ground,15288,0,8
2026-08-30T04:13:59.702447209Z,18.506415,113.640028,Cloud to Cloud,17667,3002,8
2026-08-30T04:13:59.399029803Z,18.51111,113.638984,Cloud to Ground,26969,0,11
2026-08-30T04:13:59.505943118Z,18.50647,113.648747,Cloud to Ground,34218,0,14
2026-08-30T04:14:00.806987070Z,19.374966,114.969661,Cloud to Ground,29659,0,13
2026-08-30T04:14:00.052772829Z,19.431108,114.648188,Cloud to Cloud,-20352,7703,9
2026-08-30T04:14:00.053254145Z,19.426496,114.644888,Cloud to Ground,15358,0,11
2026-08-30T04:14:00.706787848Z,19.85248,114.616845,Cloud to Cloud,-23371,15708,11
2026-08-30T04:14:01.835742588Z,16.947794,131.892454,Cloud to Ground,-20609,0,12
2026-08-30T04:14:01.833050932Z,16.926122,131.888753,Cloud to Ground,-13030,0,6
2026-08-30T04:14:01.846347192Z,16.964522,131.893863,Cloud to Cloud,-5914,10350,7
2026-08-30T04:14:02.567001550Z,20.180044,114.790595,Cloud to Cloud,16572,15095,13
2026-08-30T04:14:02.442251890Z,20.164244,114.792594,Cloud to Ground,20215,0,10
2026-08-30T04:14:03.493698701Z,16.811021,127.64701,Cloud to Ground,-81707,0,16
2026-08-30T04:14:03.169836644Z,15.085263,120.802103,Cloud to Ground,-24262,0,8
2026-08-30T04:14:03.837385113Z,14.804661,120.872868,Cloud to Cloud,11472,3019,6
2026-08-30T04:14:03.025171784Z,20.170529,114.635313,Cloud to Cloud,-13718,3051,8
2026-08-30T04:14:05.476320874Z,14.578604,120.965458,Cloud to Cloud,-10928,15282,13
2026-08-30T04:14:05.516322691Z,22.117259,113.275238,Cloud to Ground,-21719,0,11
2026-08-30T04:14:05.318376582Z,22.129512,113.278218,Cloud to Ground,-17813,0,9
2026-08-30T04:14:06.055629869Z,22.118301,113.271517,Cloud to Ground,-16451,0,14
2026-08-30T04:14:05.664951877Z,22.096909,113.289081,Cloud to Ground,-14711,0,7
2026-08-30T04:14:05.969902976Z,22.120852,113.27027,Cloud to Ground,-12670,0,10
2026-08-30T04:14:06.091681640Z,22.125366,113.271795,Cloud to Ground,-11330,0,8
2026-08-30T04:14:06.204050571Z,22.108537,113.244896,Cloud to Cloud,8754,3324,7
2026-08-30T04:14:05.901087595Z,22.102204,113.274579,Cloud to Cloud,8876,19400,5
2026-08-30T04:14:05.712557544Z,22.106234,113.204831,Cloud to Ground,11485,0,8
2026-08-30T04:14:05.878518992Z,22.109782,113.273369,Cloud to Cloud,13769,3142,9
2026-08-30T04:14:05.872664245Z,22.105597,113.272437,Cloud to Cloud,14516,4655,10
2026-08-30T04:14:05.354085153Z,22.111739,113.278989,Cloud to Ground,21726,0,9
2026-08-30T04:14:05.445951224Z,22.073588,113.244529,Cloud to Ground,35527,0,8
2026-08-30T04:14:07.597697941Z,18.685341,114.196657,Cloud to Ground,-56432,0,16
2026-08-30T04:14:07.584424516Z,18.666071,114.149395,Cloud to Cloud,-13835,5298,8
2026-08-30T04:14:07.613448992Z,18.675198,114.222441,Cloud to Cloud,15655,5175,8
2026-08-30T04:14:07.704050319Z,18.674444,114.083187,Cloud to Cloud,21770,3032,7
2026-08-30T04:14:07.752153000Z,18.684,114.1836,Cloud to Ground,25702,0,9
2026-08-30T04:14:07.108918153Z,17.450633,120.488096,Cloud to Ground,-35225,0,11
2026-08-30T04:14:07.637570312Z,22.110701,113.256493,Cloud to Cloud,-14086,4132,7
2026-08-30T04:14:08.100945413Z,18.482418,113.498358,Cloud to Ground,12590,0,11
2026-08-30T04:14:08.032373662Z,18.492331,113.60344,Cloud to Ground,-11069,0,9
2026-08-30T04:14:08.016848073Z,18.524256,113.617266,Cloud to Cloud,8050,6164,9
2026-08-30T04:14:09.763562320Z,18.29415,113.495263,Cloud to Cloud,-14031,13290,8
2026-08-30T04:14:09.874217000Z,18.3096,113.4433,Cloud to Ground,22781,0,5
2026-08-30T04:14:10.581703356Z,17.029432,127.522665,Cloud to Ground,16365,0,11
2026-08-30T04:14:10.583275127Z,17.034077,127.534787,Cloud to Ground,17781,0,8
2026-08-30T04:14:10.581024338Z,16.949316,127.535977,Cloud to Ground,19190,0,9
2026-08-30T04:14:10.582268848Z,16.959036,127.547459,Cloud to Ground,43872,0,9
2026-08-30T04:14:11.042815528Z,18.521047,116.370614,Cloud to Cloud,-6581,9113,7
2026-08-30T04:14:10.415691315Z,18.479155,116.356861,Cloud to Cloud,28634,3000,9
2026-08-30T04:14:13.095841167Z,4.963357,114.155323,Cloud to Ground,26630,0,12
2026-08-30T04:14:14.591942495Z,20.339218,114.339188,Cloud to Cloud,-16713,4818,9
2026-08-30T04:14:14.225681033Z,20.33236,114.191,Cloud to Cloud,13109,5769,9
2026-08-30T04:14:14.233151371Z,20.202223,114.266168,Cloud to Cloud,-26345,3026,11
2026-08-30T04:14:14.228300425Z,20.210364,114.263732,Cloud to Cloud,-12760,3142,8
2026-08-30T04:14:14.231113445Z,20.220051,114.245118,Cloud to Cloud,-5614,3585,7
2026-08-30T04:14:14.596512468Z,20.216047,114.26946,Cloud to Cloud,14776,4690,7
2026-08-30T04:14:14.953669323Z,18.538916,113.655358,Cloud to Cloud,12204,5635,11
2026-08-30T04:14:14.886835273Z,18.545491,113.568659,Cloud to Cloud,16033,3507,11
2026-08-30T04:14:14.170809952Z,18.665463,117.964717,Cloud to Ground,-30938,0,14
2026-08-30T04:14:15.739416420Z,17.06218,132.006473,Cloud to Cloud,-20406,11448,12
2026-08-30T04:14:16.243341431Z,17.074795,132.089072,Cloud to Ground,-6720,0,9
2026-08-30T04:14:15.810197654Z,17.105155,131.957956,Cloud to Ground,23528,0,15
2026-08-30T04:14:15.756172614Z,17.057132,132.021109,Cloud to Ground,85422,0,20
2026-08-30T04:14:15.834761450Z,17.380604,112.879351,Cloud to Cloud,5748,3181,6
2026-08-30T04:14:16.412495974Z,17.039643,131.877372,Cloud to Ground,12813,0,10
2026-08-30T04:14:16.415957704Z,17.042302,131.869469,Cloud to Ground,13219,0,13
2026-08-30T04:14:17.760013026Z,16.761427,127.523014,Cloud to Ground,-88825,0,21
2026-08-30T04:14:17.804415089Z,16.810311,127.60367,Cloud to Ground,-18317,0,14
2026-08-30T04:14:17.057673010Z,22.209564,113.306683,Cloud to Cloud,-21769,6266,14
2026-08-30T04:14:18.394205951Z,16.784893,127.698517,Cloud to Ground,-14176,0,12
2026-08-30T04:14:18.695663629Z,16.81126,127.819664,Cloud to Ground,-13334,0,9
2026-08-30T04:14:18.602236662Z,16.784444,127.697527,Cloud to Ground,-11132,0,8
2026-08-30T04:14:17.869464645Z,16.787252,127.714526,Cloud to Cloud,-9703,19473,13
2026-08-30T04:14:18.693200877Z,16.799035,127.775746,Cloud to Cloud,-8960,3615,6
2026-08-30T04:14:18.896390267Z,16.806391,127.853856,Cloud to Ground,-6030,0,7
2026-08-30T04:14:19.140093497Z,14.609631,121.919943,Cloud to Cloud,-14458,15278,7
2026-08-30T04:14:21.694452955Z,19.409451,116.702473,Cloud to Ground,23247,0,12
2026-08-30T04:14:22.371667078Z,19.575623,114.850386,Cloud to Cloud,-11024,3025,11
2026-08-30T04:14:23.052909886Z,21.619898,111.97737,Cloud to Cloud,-7610,19627,7
2026-08-30T04:14:24.970153459Z,17.632015,112.985455,Cloud to Ground,-6931,0,5
2026-08-30T04:14:24.766101578Z,17.692899,113.231417,Cloud to Cloud,-9084,6420,6
2026-08-30T04:14:24.918145050Z,17.705519,113.252761,Cloud to Ground,-7651,0,7
2026-08-30T04:14:24.776064395Z,17.693623,113.234447,Cloud to Cloud,-6765,5203,5
2026-08-30T04:14:24.763618317Z,17.696666,113.206757,Cloud to Cloud,-5775,3009,6
2026-08-30T04:14:24.927702344Z,17.668899,113.180732,Cloud to Cloud,5916,5581,6
2026-08-30T04:14:24.761623316Z,17.712069,113.246103,Cloud to Cloud,9199,4808,7
2026-08-30T04:14:25.154103670Z,20.399898,113.472057,Cloud to Cloud,-10750,12888,7
2026-08-30T04:14:25.151887104Z,20.398601,113.36956,Cloud to Cloud,11339,5021,9
2026-08-30T04:14:25.148334036Z,20.421204,113.449341,Cloud to Ground,43981,0,19
2026-08-30T04:14:25.788284029Z,19.402752,118.621797,Cloud to Ground,-22144,0,12
2026-08-30T04:14:25.837453012Z,19.38759,118.605881,Cloud to Ground,-20612,0,12
2026-08-30T04:14:25.257664359Z,19.243823,118.466193,Cloud to Ground,-16008,0,12
2026-08-30T04:14:25.458375243Z,19.37757,118.505484,Cloud to Cloud,-7685,3017,7
2026-08-30T04:14:25.796374768Z,22.173318,113.312126,Cloud to Cloud,-13911,6536,12
2026-08-30T04:14:25.989397667Z,18.511313,113.638097,Cloud to Ground,-11077,0,6
2026-08-30T04:14:25.755761478Z,18.493379,113.547109,Cloud to Cloud,6954,5424,8
2026-08-30T04:14:26.073342393Z,18.507553,113.660064,Cloud to Ground,23230,0,12
2026-08-30T04:14:29.730657453Z,19.294758,122.724895,Cloud to Cloud,-19385,16032,19
2026-08-30T04:14:29.734896965Z,19.37585,122.850842,Cloud to Ground,-180406,0,13
2026-08-30T04:14:29.779875354Z,19.33396,122.901006,Cloud to Ground,-92362,0,16
2026-08-30T04:14:29.814276258Z,19.377254,122.86499,Cloud to Ground,-63995,0,13
2026-08-30T04:14:29.860515586Z,19.376274,122.874771,Cloud to Ground,-32792,0,9
2026-08-30T04:14:29.841269576Z,19.376269,122.873423,Cloud to Ground,-27581,0,10
2026-08-30T04:14:29.876712226Z,19.378849,122.875412,Cloud to Ground,-9570,0,8
2026-08-30T04:14:29.857051000Z,19.3824,122.8541,Cloud to Ground,29273,0,8
2026-08-30T04:14:29.957437780Z,22.108084,113.24959,Cloud to Cloud,-24607,3108,10
2026-08-30T04:14:30.008215256Z,22.13249,113.301252,Cloud to Ground,-13585,0,9
2026-08-30T04:14:31.851512561Z,21.85073,112.766519,Cloud to Cloud,-10459,3079,8
2026-08-30T04:14:31.878293210Z,21.897891,112.695611,Cloud to Cloud,-9219,6032,7
2026-08-30T04:14:31.844953106Z,21.874269,112.699178,Cloud to Cloud,11824,3463,8
2026-08-30T04:14:31.846755161Z,21.81735,112.747922,Cloud to Ground,17803,0,17
2026-08-30T04:14:31.948377191Z,21.794542,112.73734,Cloud to Ground,23683,0,14
2026-08-30T04:14:31.959071676Z,18.327215,113.449938,Cloud to Ground,-10386,0,5
2026-08-30T04:14:31.617827723Z,18.285269,113.525651,Cloud to Cloud,-8783,6825,6
2026-08-30T04:14:32.091319701Z,18.298872,113.382715,Cloud to Ground,-8193,0,6
2026-08-30T04:14:32.704905408Z,19.212873,116.754037,Cloud to Ground,30554,0,11
2026-08-30T04:14:32.559089321Z,19.286813,116.780317,Cloud to Ground,50302,0,16
2026-08-30T04:14:32.858825024Z,21.688653,112.88211,Cloud to Ground,-20643,0,9
2026-08-30T04:14:32.725107562Z,21.694522,112.874014,Cloud to Ground,-17766,0,14
2026-08-30T04:14:32.631948855Z,21.684207,112.914336,Cloud to Ground,-16309,0,8
2026-08-30T04:14:32.328428167Z,18.409156,113.526829,Cloud to Cloud,-39743,3021,13
2026-08-30T04:14:32.300836307Z,18.384596,113.53517,Cloud to Cloud,-14463,5634,8
2026-08-30T04:14:32.372544207Z,18.51704,113.6351,Cloud to Ground,-28734,0,13
2026-08-30T04:14:32.427516988Z,18.505049,113.638421,Cloud to Ground,14795,0,10
2026-08-30T04:14:32.780076000Z,19.9745,114.6417,Cloud to Ground,43661,0,11
2026-08-30T04:14:33.896405694Z,18.40533,113.534941,Cloud to Cloud,-12451,3123,6
2026-08-30T04:14:34.094405635Z,18.380101,113.52893,Cloud to Ground,-6675,0,8
2026-08-30T04:14:35.214992799Z,20.029927,114.257383,Cloud to Cloud,8113,6783,6
2026-08-30T04:14:38.409302007Z,17.792348,125.186704,Cloud to Ground,-45591,0,16
2026-08-30T04:14:38.449784745Z,17.79721,125.21956,Cloud to Ground,-18406,0,11
2026-08-30T04:14:38.892133851Z,17.797288,125.220914,Cloud to Ground,-12931,0,11
2026-08-30T04:14:38.449130491Z,17.779727,125.067327,Cloud to Ground,12591,0,7
2026-08-30T04:14:38.042892236Z,18.515041,113.581252,Cloud to Cloud,-14806,8259,8
2026-08-30T04:14:39.529890116Z,18.321581,113.554636,Cloud to Cloud,-22573,3022,11
2026-08-30T04:14:39.453335270Z,18.322802,113.55299,Cloud to Ground,-21027,0,10
2026-08-30T04:14:39.419166865Z,18.328592,113.553559,Cloud to Cloud,-20466,5245,11
2026-08-30T04:14:39.872139713Z,18.315599,113.553625,Cloud to Ground,-20208,0,10
2026-08-30T04:14:39.786271960Z,18.406049,113.364854,Cloud to Cloud,-15081,5777,8
2026-08-30T04:14:39.590320328Z,18.336469,113.324822,Cloud to Cloud,-11724,14717,8
2026-08-30T04:14:39.777006869Z,18.341034,113.325304,Cloud to Ground,-11308,0,8
2026-08-30T04:14:39.583317743Z,18.330613,113.301875,Cloud to Cloud,8869,7979,9
2026-08-30T04:14:39.588902493Z,18.486472,113.376514,Cloud to Cloud,9803,3004,6
2026-08-30T04:14:40.514489296Z,4.448383,113.238553,Cloud to Ground,23212,0,8
2026-08-30T04:14:40.607159381Z,20.311309,113.607644,Cloud to Ground,15237,0,9
2026-08-30T04:14:40.716563748Z,20.432285,113.578671,Cloud to Cloud,-7740,7904,10
2026-08-30T04:14:40.714306120Z,20.455106,113.515947,Cloud to Ground,24383,0,7
2026-08-30T04:14:42.371975840Z,18.821185,113.966496,Cloud to Ground,4750,0,7
2026-08-30T04:14:42.865832517Z,17.74244,113.123234,Cloud to Cloud,-6670,5678,8
2026-08-30T04:14:42.943426681Z,21.82223,112.761241,Cloud to Cloud,11442,6070,9
2026-08-30T04:14:43.326397488Z,18.526282,113.640026,Cloud to Cloud,-33960,4647,12
2026-08-30T04:14:43.674281733Z,18.544882,113.659189,Cloud to Cloud,-12610,3257,11
2026-08-30T04:14:43.754858349Z,18.537267,113.636857,Cloud to Cloud,-10153,3027,9
2026-08-30T04:14:43.611413181Z,18.523637,113.62459,Cloud to Ground,-7997,0,6
2026-08-30T04:14:43.368093888Z,18.523161,113.592555,Cloud to Cloud,9486,7724,7
2026-08-30T04:14:43.351808265Z,18.529339,113.637165,Cloud to Ground,20987,0,10
2026-08-30T04:14:43.673639150Z,18.61229,113.568694,Cloud to Ground,90502,0,17
2026-08-30T04:14:44.530535259Z,19.15327,115.858545,Cloud to Cloud,-7090,14647,8
2026-08-30T04:14:44.631058567Z,19.11441,115.900911,Cloud to Ground,29987,0,12
2026-08-30T04:14:45.799739697Z,22.260133,113.348226,Cloud to Cloud,-9302,18313,5
2026-08-30T04:14:45.704251573Z,22.160509,113.319179,Cloud to Ground,-15479,0,10
2026-08-30T04:14:45.705339456Z,22.130177,113.290929,Cloud to Cloud,-13539,3002,8
2026-08-30T04:14:45.705808612Z,22.089417,113.312224,Cloud to Ground,-8388,0,9
2026-08-30T04:14:45.540467000Z,22.0918,113.2882,Cloud to Ground,19588,0,7
2026-08-30T04:14:45.419103000Z,22.0413,113.2427,Cloud to Ground,26470,0,6
2026-08-30T04:14:46.013437256Z,18.548109,113.622838,Cloud to Cloud,-15775,7524,14
2026-08-30T04:14:46.249602305Z,18.546028,113.656619,Cloud to Cloud,-12940,19325,10
2026-08-30T04:14:45.967491011Z,18.537313,113.623858,Cloud to Ground,-6578,0,5
2026-08-30T04:14:45.953114100Z,18.543151,113.653847,Cloud to Cloud,5082,4715,6
2026-08-30T04:14:46.089232699Z,18.498119,113.654216,Cloud to Cloud,5749,18897,6
2026-08-30T04:14:46.795453801Z,16.049793,120.165124,Cloud to Cloud,-12508,15563,10
2026-08-30T04:14:46.693573341Z,16.15021,120.070455,Cloud to Cloud,-4896,4227,6
2026-08-30T04:14:46.409874404Z,16.170514,120.057713,Cloud to Cloud,14025,9917,11
2026-08-30T04:14:46.502781544Z,21.928001,113.190674,Cloud to Ground,-18515,0,11
2026-08-30T04:14:46.537962125Z,21.947558,113.167942,Cloud to Cloud,10676,3091,6
2026-08-30T04:14:46.675123538Z,21.962763,113.16918,Cloud to Cloud,17014,13443,8
2026-08-30T04:14:46.615225000Z,21.9368,113.1813,Cloud to Ground,23468,0,6
2026-08-30T04:14:46.536410294Z,21.984183,113.164339,Cloud to Ground,27088,0,8
2026-08-30T04:14:47.184706218Z,4.937128,114.145526,Cloud to Cloud,9593,3658,6
2026-08-30T04:14:47.297977795Z,4.946995,114.148832,Cloud to Cloud,12713,18309,5
2026-08-30T04:14:47.373177676Z,4.925876,114.146095,Cloud to Cloud,12966,17539,6
2026-08-30T04:14:47.241192348Z,4.93513,114.150791,Cloud to Cloud,26087,4969,7
2026-08-30T04:14:47.123867938Z,4.938662,114.156388,Cloud to Ground,30206,0,9
2026-08-30T04:14:47.210601156Z,16.961127,131.97682,Cloud to Ground,-20736,0,15
2026-08-30T04:14:47.218171626Z,16.963694,131.981139,Cloud to Ground,-16366,0,10
2026-08-30T04:14:47.251684126Z,16.991537,131.970853,Cloud to Ground,-14159,0,12
2026-08-30T04:14:47.271616489Z,16.986767,131.985321,Cloud to Ground,23924,0,12
2026-08-30T04:14:47.130628930Z,20.119296,115.248215,Cloud to Cloud,-11244,3012,14
2026-08-30T04:14:47.125493802Z,20.110478,115.222442,Cloud to Cloud,-10142,18895,7
2026-08-30T04:14:47.194697565Z,20.09228,115.198243,Cloud to Cloud,-8714,6347,6
2026-08-30T04:14:47.834293927Z,19.883497,114.583268,Cloud to Cloud,-18817,17120,11
2026-08-30T04:14:47.836204221Z,19.881577,114.58957,Cloud to Cloud,-16736,18243,10
2026-08-30T04:14:48.596309815Z,20.289496,113.485816,Cloud to Cloud,-22511,3003,11
2026-08-30T04:14:48.158181184Z,20.290239,113.473049,Cloud to Cloud,-14393,5840,12
2026-08-30T04:14:48.122416428Z,20.304658,113.473215,Cloud to Cloud,5520,3344,8
2026-08-30T04:14:49.680381764Z,21.610646,112.0136,Cloud to Cloud,-6752,3004,7
2026-08-30T04:14:52.903927305Z,19.460292,114.731384,Cloud to Cloud,-8195,10252,8
2026-08-30T04:14:52.829668378Z,19.45824,114.71208,Cloud to Cloud,21640,3222,9
2026-08-30T04:14:52.955847278Z,19.133398,115.910291,Cloud to Cloud,-9793,7242,8
2026-08-30T04:14:53.077356559Z,19.358515,114.865864,Cloud to Cloud,10427,3901,9
2026-08-30T04:14:55.308893462Z,3.75341,113.47971,Cloud to Ground,-53874,0,17
2026-08-30T04:14:57.748426790Z,22.082089,113.071095,Cloud to Cloud,14130,19847,9
2026-08-30T04:14:57.796003681Z,21.97425,113.148661,Cloud to Cloud,-8701,7781,9
2026-08-30T04:14:57.521929841Z,21.735857,112.82372,Cloud to Cloud,9900,4357,6
2026-08-30T04:14:58.547990775Z,18.317533,113.53622,Cloud to Cloud,-7259,3111,6
2026-08-30T04:14:58.566823192Z,18.332204,113.514275,Cloud to Cloud,4979,3057,6
2026-08-30T04:14:58.118791454Z,18.523373,113.645436,Cloud to Cloud,-14409,15638,12
2026-08-30T04:14:58.374305244Z,18.536418,113.634125,Cloud to Ground,-10754,0,8
2026-08-30T04:14:58.292442303Z,18.524382,113.562667,Cloud to Ground,-8687,0,6
2026-08-30T04:14:58.138580149Z,18.517542,113.559765,Cloud to Cloud,12261,3064,7
2026-08-30T04:14:58.303443464Z,18.524698,113.644903,Cloud to Ground,16537,0,12
2026-08-30T04:14:58.262672059Z,18.527565,113.63456,Cloud to Ground,52428,0,19
2026-08-30T04:14:58.090517473Z,18.517587,113.631462,Cloud to Ground,90527,0,19
2026-08-30T04:14:58.826333146Z,14.814063,120.966109,Cloud to Ground,-12191,0,9
2026-08-30T04:14:58.307422966Z,22.13485,113.337835,Cloud to Cloud,-11630,3030,10
2026-08-30T04:14:57.849481799Z,22.160499,113.199258,Cloud to Cloud,-8836,17568,7
2026-08-30T04:14:57.785657318Z,22.102465,113.251485,Cloud to Cloud,-8794,4865,10
2026-08-30T04:14:57.903367574Z,22.080315,113.264585,Cloud to Cloud,11846,3006,10
2026-08-30T04:14:58.065409731Z,22.149396,113.24017,Cloud to Ground,21611,0,14
2026-08-30T04:14:59.664560397Z,20.228753,114.267754,Cloud to Cloud,-18673,3050,11
2026-08-30T04:14:59.570285182Z,20.24515,114.273285,Cloud to Ground,68311,0,13
2026-08-30T04:14:59.929847819Z,18.505123,113.53997,Cloud to Cloud,11129,6670,8
2026-08-30T04:15:00.262539433Z,18.27818,113.411057,Cloud to Cloud,10192,3003,6
2026-08-30T04:15:00.127200037Z,18.230936,113.244603,Cloud to Cloud,-16103,3182,7
2026-08-30T04:15:00.126060133Z,18.229748,113.316153,Cloud to Ground,15702,0,6
2026-08-30T04:15:03.764606059Z,4.823706,113.751298,Cloud to Cloud,-17799,15118,9
2026-08-30T04:15:08.617648513Z,18.953725,119.220861,Cloud to Ground,-25764,0,11
2026-08-30T04:15:08.055205615Z,19.385153,114.972014,Cloud to Cloud,-13562,3017,10
2026-08-30T04:15:08.057865323Z,19.384859,114.971754,Cloud to Cloud,-10877,3007,8
2026-08-30T04:15:09.769831072Z,19.139839,114.656566,Cloud to Ground,-21794,0,13
2026-08-30T04:15:10.113226214Z,19.140089,114.658118,Cloud to Cloud,-19543,3006,12
2026-08-30T04:15:10.538560490Z,19.146363,114.653456,Cloud to Ground,-15187,0,10
2026-08-30T04:15:09.750108949Z,19.147968,114.658796,Cloud to Cloud,-15071,6406,13
2026-08-30T04:15:09.993697661Z,19.148244,114.64953,Cloud to Cloud,-12815,3064,10
2026-08-30T04:15:10.145584989Z,19.152178,114.652352,Cloud to Cloud,-10427,3022,8
2026-08-30T04:15:09.806293271Z,19.172092,114.628972,Cloud to Ground,-9862,0,10
2026-08-30T04:15:10.019771497Z,19.149764,114.649732,Cloud to Ground,-9560,0,8
2026-08-30T04:15:10.851239242Z,16.786641,127.621581,Cloud to Ground,-38942,0,17
2026-08-30T04:15:17.108595140Z,19.657667,114.807263,Cloud to Cloud,9644,3000,7
2026-08-30T04:15:17.193658908Z,17.636357,113.053896,Cloud to Cloud,-9925,13543,6
2026-08-30T04:15:19.824473281Z,18.664746,114.037408,Cloud to Ground,-13781,0,5
2026-08-30T04:15:20.045167052Z,18.72218,113.985373,Cloud to Ground,-9328,0,6
2026-08-30T04:15:20.538192283Z,18.773383,114.131388,Cloud to Cloud,7889,6515,7
2026-08-30T04:15:20.196673475Z,18.752033,114.068128,Cloud to Cloud,11010,3048,10
2026-08-30T04:15:19.819740729Z,18.66353,114.034791,Cloud to Ground,15529,0,14
2026-08-30T04:15:19.963970034Z,18.679892,114.003201,Cloud to Ground,18588,0,11
2026-08-30T04:15:19.818596948Z,18.675311,114.033061,Cloud to Ground,38175,0,17
2026-08-30T04:15:20.024291827Z,18.657513,114.21497,Cloud to Cloud,-13448,3950,10
2026-08-30T04:15:21.038887556Z,18.507614,113.521607,Cloud to Ground,50431,0,15
2026-08-30T04:15:23.890699138Z,17.277718,120.652452,Cloud to Cloud,11165,6449,7
2026-08-30T04:15:23.888784712Z,17.258513,120.638135,Cloud to Cloud,16030,5295,13
2026-08-30T04:15:23.889815952Z,17.257847,120.630312,Cloud to Ground,25730,0,15
2026-08-30T04:15:23.459209231Z,16.936971,120.507479,Cloud to Cloud,9292,5830,11
2026-08-30T04:15:23.460125000Z,17.0823,120.4311,Cloud to Ground,304,0,5
2026-08-30T04:15:23.214466397Z,22.135792,113.330928,Cloud to Cloud,-10277,19886,7
2026-08-30T04:15:25.803403059Z,17.023863,132.077465,Cloud to Ground,-42981,0,18
2026-08-30T04:15:25.838714943Z,17.030304,132.11143,Cloud to Ground,-10190,0,12
2026-08-30T04:15:25.913708763Z,17.050903,132.10322,Cloud to Ground,77006,0,17
2026-08-30T04:15:25.876312020Z,17.050888,132.105235,Cloud to Ground,90540,0,20
2026-08-30T04:15:25.136266251Z,19.925892,115.940997,Cloud to Cloud,-14594,14321,7
2026-08-30T04:15:25.103251356Z,19.932709,115.916664,Cloud to Cloud,-11001,3011,9
2026-08-30T04:15:25.254007679Z,19.930098,115.97178,Cloud to Ground,21274,0,11
2026-08-30T04:15:26.566239860Z,18.524265,113.645516,Cloud to Ground,-15466,0,12
2026-08-30T04:15:26.546930775Z,18.499938,113.644985,Cloud to Cloud,14566,14865,11
2026-08-30T04:15:26.164944613Z,19.980329,114.257666,Cloud to Cloud,-12197,3012,9
2026-08-30T04:15:26.162528363Z,19.96464,114.279432,Cloud to Cloud,-11691,18410,9
2026-08-30T04:15:26.172301881Z,19.96136,114.270497,Cloud to Cloud,-11561,15812,8
2026-08-30T04:15:27.238339200Z,19.818623,114.494164,Cloud to Ground,-11590,0,8
2026-08-30T04:15:28.860520548Z,20.156713,113.808508,Cloud to Ground,17914,0,15
2026-08-30T04:15:29.166393564Z,17.564451,120.608962,Cloud to Cloud,12214,3614,8
2026-08-30T04:15:29.111234000Z,17.6281,120.6763,Cloud to Ground,-9003,0,6
2026-08-30T04:15:29.083856823Z,22.240781,113.451186,Cloud to Cloud,-21497,7589,10
2026-08-30T04:15:29.143606070Z,22.100905,113.265192,Cloud to Cloud,-13888,17408,9
2026-08-30T04:15:29.090615349Z,22.114897,113.238404,Cloud to Ground,-13108,0,10
2026-08-30T04:15:28.968411178Z,22.09458,113.245525,Cloud to Cloud,8752,3018,9
2026-08-30T04:15:30.641581284Z,20.266345,114.381007,Cloud to Cloud,-11927,12700,8
2026-08-30T04:15:30.621419838Z,20.252558,114.324768,Cloud to Cloud,-11326,19365,7
2026-08-30T04:15:30.943840967Z,20.211187,114.354273,Cloud to Ground,-6489,0,6
2026-08-30T04:15:30.632527147Z,20.238149,114.340024,Cloud to Cloud,7563,6851,9
2026-08-30T04:15:30.238297911Z,20.270372,114.290949,Cloud to Cloud,9228,8660,7
2026-08-30T04:15:32.066404498Z,4.553131,113.236208,Cloud to Ground,-9149,0,9
2026-08-30T04:15:33.671046871Z,17.715135,128.471402,Cloud to Cloud,-16824,15084,7
2026-08-30T04:15:33.671865746Z,17.751608,128.436755,Cloud to Cloud,-16293,3011,13
2026-08-30T04:15:33.735436869Z,17.711693,128.379499,Cloud to Cloud,-14300,12626,11
2026-08-30T04:15:34.005670409Z,17.720838,128.451231,Cloud to Ground,14701,0,10
2026-08-30T04:15:33.667885970Z,17.762695,128.463053,Cloud to Ground,148264,0,13
2026-08-30T04:15:33.451854928Z,20.162875,115.179077,Cloud to Cloud,-9602,6675,7
2026-08-30T04:15:34.261949710Z,3.750763,113.505416,Cloud to Ground,18929,0,8
2026-08-30T04:15:34.234889429Z,17.566269,113.105908,Cloud to Cloud,-13105,6598,9
2026-08-30T04:15:34.334083689Z,17.608685,113.050916,Cloud to Cloud,-6189,17194,6
2026-08-30T04:15:35.359678856Z,19.826972,115.003233,Cloud to Cloud,-8139,15048,9
2026-08-30T04:15:35.170232332Z,19.841178,114.997181,Cloud to Ground,37938,0,14
2026-08-30T04:15:35.168688918Z,19.847978,114.995196,Cloud to Ground,42580,0,16
2026-08-30T04:15:35.169201699Z,19.826662,115.001861,Cloud to Ground,57885,0,11
2026-08-30T04:15:37.622851742Z,18.523761,113.653114,Cloud to Cloud,-24009,3059,11
2026-08-30T04:15:37.704250958Z,18.53134,113.647663,Cloud to Ground,-16468,0,14
2026-08-30T04:15:40.148498348Z,21.706842,112.848583,Cloud to Cloud,6545,3036,12
2026-08-30T04:15:41.094025198Z,15.128656,120.007276,Cloud to Cloud,-4110,13213,8
2026-08-30T04:15:40.953684222Z,15.127279,119.991418,Cloud to Cloud,5595,18545,6
2026-08-30T04:15:41.687095433Z,22.006463,113.189233,Cloud to Cloud,-11197,3033,7
2026-08-30T04:15:41.919353517Z,21.977445,113.168815,Cloud to Cloud,-8572,18995,6
2026-08-30T04:15:41.851948894Z,21.95642,113.223663,Cloud to Ground,33974,0,16
2026-08-30T04:15:41.797670000Z,18.4229,116.338,Cloud to Ground,-34999,0,7
2026-08-30T04:15:42.048809616Z,4.716973,113.715415,Cloud to Cloud,-16491,7991,9
2026-08-30T04:15:42.069895866Z,4.73812,113.721403,Cloud to Cloud,14657,3014,6
2026-08-30T04:15:42.034917565Z,16.839772,127.546783,Cloud to Ground,-27512,0,12
2026-08-30T04:15:42.129330498Z,16.801357,127.508699,Cloud to Ground,-14982,0,8
2026-08-30T04:15:41.768412727Z,16.779412,127.492776,Cloud to Cloud,13909,17525,12
2026-08-30T04:15:42.877585228Z,16.795243,127.735346,Cloud to Ground,-33955,0,14
2026-08-30T04:15:42.760701365Z,16.794683,127.730457,Cloud to Ground,-24768,0,13
2026-08-30T04:15:42.761196106Z,16.778951,127.819742,Cloud to Ground,-13352,0,7
2026-08-30T04:15:42.188355847Z,16.777655,127.707479,Cloud to Ground,-11679,0,7
2026-08-30T04:15:42.990012342Z,16.795573,127.734381,Cloud to Ground,-11480,0,7
2026-08-30T04:15:42.190243176Z,16.827221,127.752692,Cloud to Cloud,11722,6734,9
2026-08-30T04:15:42.097565046Z,16.821551,127.694658,Cloud to Cloud,28001,3002,9
2026-08-30T04:15:43.838993347Z,18.651906,124.507599,Cloud to Cloud,21997,15765,12
2026-08-30T04:15:43.836249365Z,18.583373,124.665572,Cloud to Cloud,4938,19993,6
2026-08-30T04:15:43.837030651Z,18.583783,124.665538,Cloud to Cloud,6657,3006,6
2026-08-30T04:15:44.293403747Z,21.838471,113.001978,Cloud to Cloud,-11576,5312,12
2026-08-30T04:15:44.295809459Z,21.813265,112.909415,Cloud to Ground,13937,0,14
2026-08-30T04:15:44.295025334Z,21.84381,112.997179,Cloud to Ground,39793,0,12
2026-08-30T04:15:44.225474498Z,16.247178,120.333888,Cloud to Cloud,19903,18634,9
2026-08-30T04:15:44.224981875Z,16.325647,120.27555,Cloud to Cloud,10067,12022,7
2026-08-30T04:15:45.402453909Z,18.480577,113.612673,Cloud to Ground,-10725,0,6
2026-08-30T04:15:45.512515492Z,18.529228,113.649693,Cloud to Cloud,-9344,3669,8
2026-08-30T04:15:45.323314865Z,18.524201,113.578501,Cloud to Cloud,11213,3279,8
2026-08-30T04:15:45.616616125Z,18.518549,113.570088,Cloud to Cloud,13028,3858,9
2026-08-30T04:15:45.636406986Z,18.492145,113.632505,Cloud to Ground,15489,0,10
2026-08-30T04:15:45.677242348Z,18.499444,113.567077,Cloud to Ground,22482,0,9
2026-08-30T04:15:46.063563950Z,18.287239,113.643335,Cloud to Cloud,-24566,8378,12
2026-08-30T04:15:46.064862441Z,18.285975,113.499457,Cloud to Ground,-10168,0,7
2026-08-30T04:15:45.889504403Z,18.298612,113.553391,Cloud to Cloud,-8174,3093,6
2026-08-30T04:15:46.209440561Z,18.314239,113.488509,Cloud to Cloud,-6304,3007,6
2026-08-30T04:15:46.337583603Z,18.296656,113.544663,Cloud to Cloud,6155,10190,7
2026-08-30T04:15:46.339961111Z,18.288672,113.63514,Cloud to Cloud,7759,3080,8
2026-08-30T04:15:46.210558481Z,18.296016,113.462442,Cloud to Cloud,12377,3000,8
2026-08-30T04:15:47.259266107Z,20.239912,114.319008,Cloud to Cloud,-9593,7754,7
2026-08-30T04:15:47.114136950Z,20.282347,114.231078,Cloud to Cloud,-7479,4666,7
2026-08-30T04:15:47.008357668Z,20.270819,114.264548,Cloud to Cloud,-7154,3028,7
2026-08-30T04:15:48.644274296Z,4.920563,114.157602,Cloud to Ground,-21709,0,8
2026-08-30T04:15:48.581160896Z,19.632135,115.035103,Cloud to Ground,-12051,0,7
2026-08-30T04:15:48.520827191Z,19.659083,115.023807,Cloud to Cloud,-9324,3008,8
2026-08-30T04:15:48.493425420Z,19.684903,115.044432,Cloud to Cloud,-8112,3030,8
2026-08-30T04:15:48.557713981Z,20.322046,113.255912,Cloud to Ground,-16001,0,14
2026-08-30T04:15:48.185095755Z,20.358214,113.473316,Cloud to Cloud,-14945,4387,14
2026-08-30T04:15:48.170520824Z,20.335529,113.456574,Cloud to Cloud,-9042,3046,8
2026-08-30T04:15:48.152893107Z,20.346093,113.457642,Cloud to Cloud,11034,5994,12
2026-08-30T04:15:48.240959000Z,20.3671,113.3945,Cloud to Ground,11347,0,6
2026-08-30T04:15:49.643484701Z,14.855557,121.014832,Cloud to Ground,11460,0,10
2026-08-30T04:15:50.984025248Z,17.235239,131.334685,Cloud to Ground,-16065,0,15
2026-08-30T04:15:57.061902184Z,19.387705,114.895873,Cloud to Cloud,-13154,3000,7
2026-08-30T04:15:57.084001682Z,19.386558,114.887979,Cloud to Cloud,-11183,16122,8
2026-08-30T04:15:57.063418346Z,19.392421,114.790753,Cloud to Ground,10538,0,10
2026-08-30T04:15:57.079508757Z,19.39601,114.88788,Cloud to Ground,13224,0,10
2026-08-30T04:15:57.064309496Z,19.412358,114.880666,Cloud to Cloud,16462,17591,15
2026-08-30T04:15:58.689287892Z,18.516012,113.613723,Cloud to Cloud,-14507,3164,8
2026-08-30T04:15:58.922665467Z,18.498534,113.644417,Cloud to Ground,-9722,0,8
2026-08-30T04:15:58.297778665Z,18.50047,113.734652,Cloud to Ground,-7368,0,8
2026-08-30T04:15:59.219398106Z,18.39152,113.516192,Cloud to Ground,-11377,0,7
2026-08-30T04:15:59.305326561Z,18.312454,113.508105,Cloud to Cloud,-8460,3254,7
2026-08-30T04:16:00.325428261Z,17.672879,113.143395,Cloud to Ground,-10448,0,5
2026-08-30T04:15:59.879875727Z,17.675578,113.217624,Cloud to Cloud,8452,3126,7
2026-08-30T04:16:00.332767833Z,17.694784,113.188287,Cloud to Ground,9098,0,6
2026-08-30T04:15:59.878406578Z,17.683735,113.282132,Cloud to Ground,37226,0,14
2026-08-30T04:16:00.314050338Z,14.516494,121.891195,Cloud to Ground,14208,0,9
2026-08-30T04:16:02.867272397Z,14.58085,121.833013,Cloud to Ground,-21179,0,9
2026-08-30T04:16:02.879391382Z,14.588241,121.822955,Cloud to Cloud,6812,9330,6
2026-08-30T04:16:02.868264000Z,14.6256,121.8339,Cloud to Ground,15836,0,6
2026-08-30T04:16:02.866788670Z,14.521629,121.778562,Cloud to Cloud,24050,4564,12
2026-08-30T04:16:03.926571574Z,19.714175,114.48019,Cloud to Cloud,-29126,4316,9
2026-08-30T04:16:03.924386388Z,19.702696,114.489158,Cloud to Cloud,-19917,3015,8
2026-08-30T04:16:03.927939167Z,19.725231,114.476896,Cloud to Cloud,-9311,3072,7
2026-08-30T04:16:03.931056466Z,19.72279,114.466435,Cloud to Cloud,7822,4028,7
2026-08-30T04:16:04.051429293Z,19.708568,114.484903,Cloud to Cloud,17108,3049,12
2026-08-30T04:16:04.200316879Z,22.840516,113.250694,Cloud to Cloud,-11135,7587,6
2026-08-30T04:16:04.515446754Z,22.762829,113.301504,Cloud to Cloud,-10690,3057,10
2026-08-30T04:16:04.521123467Z,22.749153,113.303492,Cloud to Cloud,6412,6682,7
2026-08-30T04:16:04.485545446Z,22.936404,113.190307,Cloud to Cloud,10675,5578,7
2026-08-30T04:16:04.339498580Z,22.733175,113.135485,Cloud to Cloud,-15367,3026,7
2026-08-30T04:16:05.843841157Z,19.309195,115.10403,Cloud to Ground,9445,0,8
2026-08-30T04:16:05.851923851Z,19.289555,115.109517,Cloud to Cloud,12960,3950,9
2026-08-30T04:16:05.922315045Z,19.338153,115.11777,Cloud to Ground,36866,0,15
2026-08-30T04:16:05.692096794Z,19.76025,114.764355,Cloud to Cloud,-11203,5413,10
2026-08-30T04:16:05.683969634Z,19.744984,114.797854,Cloud to Cloud,-9647,6765,7
2026-08-30T04:16:05.697648597Z,19.75098,114.807533,Cloud to Cloud,18391,3929,10
2026-08-30T04:16:05.679359257Z,19.745473,114.800583,Cloud to Ground,129767,0,11
2026-08-30T04:16:06.794903557Z,18.530914,113.654806,Cloud to Cloud,-14598,14021,12
2026-08-30T04:16:06.836067019Z,18.525449,113.657569,Cloud to Cloud,-14062,10959,15
2026-08-30T04:16:06.521557634Z,18.53023,113.653616,Cloud to Cloud,-8876,5574,8
2026-08-30T04:16:06.870112521Z,18.52519,113.65666,Cloud to Cloud,-8579,4312,11
2026-08-30T04:16:06.561901098Z,18.516682,113.665779,Cloud to Ground,12827,0,12
2026-08-30T04:16:07.353936332Z,4.104299,112.904423,Cloud to Ground,18190,0,6
2026-08-30T04:16:07.605978635Z,16.179056,129.345298,Cloud to Cloud,16294,7841,13
2026-08-30T04:16:07.603856810Z,16.266916,129.365469,Cloud to Ground,31501,0,15
2026-08-30T04:16:08.091440961Z,19.422665,122.862939,Cloud to Ground,-64158,0,14
2026-08-30T04:16:08.150207346Z,19.418295,122.876932,Cloud to Ground,-56849,0,11
2026-08-30T04:16:08.246533589Z,19.417898,122.884759,Cloud to Ground,-52414,0,16
2026-08-30T04:16:08.107272097Z,19.383999,122.826573,Cloud to Ground,-52126,0,11
2026-08-30T04:16:08.179374896Z,19.419418,122.859075,Cloud to Ground,-24152,0,11
2026-08-30T04:16:08.283746069Z,19.41345,122.882104,Cloud to Ground,-16229,0,9
2026-08-30T04:16:08.435785478Z,18.879614,118.186922,Cloud to Cloud,15595,7761,8
2026-08-30T04:16:09.069752957Z,19.884686,118.396203,Cloud to Cloud,11616,5020,9
2026-08-30T04:16:09.557735853Z,18.354358,113.566111,Cloud to Ground,-49017,0,13
2026-08-30T04:16:09.543171233Z,18.386248,113.542182,Cloud to Cloud,15543,3013,9
2026-08-30T04:16:10.754938562Z,22.130761,113.321712,Cloud to Cloud,-12025,3013,7
2026-08-30T04:16:10.755652156Z,22.157487,113.317325,Cloud to Cloud,10708,3007,9
2026-08-30T04:16:10.775051731Z,22.139543,113.333004,Cloud to Cloud,13418,12482,10
2026-08-30T04:16:10.836046277Z,22.100956,113.281621,Cloud to Cloud,15496,3063,13
2026-08-30T04:16:10.474919272Z,18.232676,113.495158,Cloud to Ground,-15243,0,6
2026-08-30T04:16:10.761956272Z,22.251854,113.180602,Cloud to Ground,-11722,0,5
2026-08-30T04:16:11.346508362Z,16.785824,127.653315,Cloud to Ground,-42411,0,12
2026-08-30T04:16:11.711905228Z,16.827439,127.577957,Cloud to Ground,-24564,0,18
2026-08-30T04:16:12.008756959Z,16.842046,127.587533,Cloud to Ground,-17811,0,16
2026-08-30T04:16:11.388620786Z,16.789257,127.674304,Cloud to Ground,-17060,0,7
2026-08-30T04:16:11.676177348Z,16.784198,127.665467,Cloud to Ground,-15151,0,10
2026-08-30T04:16:11.959710391Z,16.81069,127.537503,Cloud to Ground,-14722,0,20
2026-08-30T04:16:11.773919000Z,16.7977,127.6253,Cloud to Ground,-14606,0,8
2026-08-30T04:16:11.430103351Z,16.788906,127.671856,Cloud to Ground,-13273,0,6
2026-08-30T04:16:12.172023115Z,16.798646,127.68614,Cloud to Cloud,15834,19083,9
2026-08-30T04:16:11.484966838Z,16.808013,127.680652,Cloud to Ground,22869,0,12
2026-08-30T04:16:12.516862247Z,18.7731,115.994889,Cloud to Cloud,-22827,3015,10
2026-08-30T04:16:12.742561373Z,20.159932,114.717952,Cloud to Cloud,-16368,3217,9
2026-08-30T04:16:12.783130220Z,20.191623,114.746603,Cloud to Ground,-16258,0,7
2026-08-30T04:16:12.913265108Z,20.160279,114.821034,Cloud to Ground,-13722,0,7
2026-08-30T04:16:12.575698913Z,20.169691,114.815443,Cloud to Cloud,9518,3005,7
2026-08-30T04:16:12.599586228Z,20.189775,114.809986,Cloud to Cloud,10978,3360,8
2026-08-30T04:16:14.991857147Z,19.203954,116.217261,Cloud to Ground,-52500,0,13
2026-08-30T04:16:14.799574310Z,19.199784,116.213132,Cloud to Ground,-20890,0,8
2026-08-30T04:16:15.124992136Z,19.203357,116.211297,Cloud to Ground,-9458,0,10
2026-08-30T04:16:15.344918830Z,19.19637,116.210484,Cloud to Ground,-9188,0,11
2026-08-30T04:16:14.288656850Z,19.182825,116.188735,Cloud to Cloud,9999,8816,7
2026-08-30T04:16:14.094394665Z,19.233828,116.154573,Cloud to Ground,15243,0,9
2026-08-30T04:16:14.277865806Z,19.201373,116.192012,Cloud to Cloud,25020,3007,8
2026-08-30T04:16:16.990347780Z,16.875311,131.903248,Cloud to Cloud,-17832,7859,8
2026-08-30T04:16:16.991208375Z,16.88245,131.915843,Cloud to Ground,24776,0,16
2026-08-30T04:16:16.503550241Z,16.987762,131.759855,Cloud to Ground,-13212,0,11
2026-08-30T04:16:16.988524591Z,17.038095,131.85563,Cloud to Ground,-50546,0,16
2026-08-30T04:16:16.508100385Z,16.986352,131.907398,Cloud to Ground,-32706,0,14
2026-08-30T04:16:16.798637166Z,16.978301,131.923061,Cloud to Ground,-19313,0,14
2026-08-30T04:16:16.511509975Z,16.977893,131.9069,Cloud to Ground,-13609,0,16
2026-08-30T04:16:16.499049985Z,16.992649,131.913171,Cloud to Ground,-12788,0,6
2026-08-30T04:16:17.209268916Z,17.039053,131.855688,Cloud to Cloud,10423,5717,6
2026-08-30T04:16:16.961401652Z,16.987003,131.913941,Cloud to Ground,15167,0,6
2026-08-30T04:16:16.521460862Z,16.983873,131.923057,Cloud to Ground,16793,0,13
2026-08-30T04:16:16.989760386Z,17.104172,131.791869,Cloud to Ground,42190,0,14
2026-08-30T04:16:16.548135033Z,18.279705,113.523037,Cloud to Ground,-13216,0,9
2026-08-30T04:16:16.551156909Z,18.270745,113.512332,Cloud to Ground,-8207,0,6
2026-08-30T04:16:17.315920521Z,18.527121,113.664644,Cloud to Cloud,-11151,4880,10
2026-08-30T04:16:17.443697815Z,18.542292,113.664979,Cloud to Ground,-9486,0,6
2026-08-30T04:16:17.244520030Z,18.50393,113.580393,Cloud to Cloud,4388,3560,6
2026-08-30T04:16:18.868685316Z,22.10649,113.314819,Cloud to Cloud,-11767,3029,13
2026-08-30T04:16:19.824811638Z,20.350058,114.35078,Cloud to Cloud,-10546,3002,9
2026-08-30T04:16:19.255937560Z,21.724554,112.874157,Cloud to Ground,-17250,0,10
2026-08-30T04:16:19.334519767Z,21.66773,112.912241,Cloud to Ground,-13807,0,9
2026-08-30T04:16:19.441049677Z,21.686247,112.881765,Cloud to Cloud,11082,19518,8
2026-08-30T04:16:19.439820418Z,21.647815,112.916108,Cloud to Cloud,15658,3116,9
2026-08-30T04:16:19.208756410Z,17.078317,120.466944,Cloud to Cloud,8178,13409,12
2026-08-30T04:16:19.026617255Z,17.014796,120.498785,Cloud to Cloud,18752,18023,9
2026-08-30T04:16:21.095660000Z,16.7887,127.6152,Cloud to Ground,-17492,0,6
2026-08-30T04:16:20.872431529Z,16.788955,127.654862,Cloud to Cloud,13792,3525,6
2026-08-30T04:16:20.021458055Z,19.356703,114.9902,Cloud to Cloud,-7491,4704,7
2026-08-30T04:16:20.133708909Z,19.410052,114.978051,Cloud to Cloud,14891,3005,8
2026-08-30T04:16:22.912437893Z,20.224341,115.761903,Cloud to Cloud,-13501,5509,12
2026-08-30T04:16:22.910053805Z,20.139984,115.028977,Cloud to Cloud,6093,3079,7
2026-08-30T04:16:23.029912335Z,20.162839,115.008004,Cloud to Cloud,9786,3009,8
2026-08-30T04:16:23.634477324Z,20.154361,115.187361,Cloud to Ground,-9813,0,10
2026-08-30T04:16:25.632100798Z,4.934163,114.053238,Cloud to Cloud,7555,4475,5
2026-08-30T04:16:25.815792308Z,21.604562,112.044468,Cloud to Ground,-13260,0,11
2026-08-30T04:16:25.744746756Z,21.615634,112.042432,Cloud to Cloud,-10654,3051,7
2026-08-30T04:16:25.514884612Z,19.105266,115.756203,Cloud to Ground,-27922,0,10
2026-08-30T04:16:25.596678649Z,19.109624,115.756956,Cloud to Ground,-17381,0,12
2026-08-30T04:16:26.832095526Z,18.526381,113.661796,Cloud to Ground,-19556,0,11
2026-08-30T04:16:26.751073062Z,18.518793,113.659175,Cloud to Ground,51350,0,10
2026-08-30T04:16:26.937028127Z,20.424348,113.55657,Cloud to Cloud,-18743,3028,7
2026-08-30T04:16:26.964822599Z,20.317684,113.518534,Cloud to Ground,-50175,0,20
2026-08-30T04:16:26.932302140Z,20.267392,113.569691,Cloud to Ground,-12844,0,9
2026-08-30T04:16:26.864374589Z,20.279927,113.535599,Cloud to Cloud,22207,3006,9
2026-08-30T04:16:27.328260387Z,18.475611,113.488062,Cloud to Ground,-10461,0,11
2026-08-30T04:16:27.289126339Z,18.458586,113.43054,Cloud to Cloud,6577,5161,6
2026-08-30T04:16:27.252074924Z,18.489151,113.513246,Cloud to Cloud,14485,7167,11
2026-08-30T04:16:27.253356006Z,18.505043,113.495424,Cloud to Ground,34940,0,12
2026-08-30T04:16:27.206787479Z,17.351316,112.923946,Cloud to Cloud,-6201,5717,6
2026-08-30T04:16:29.450009069Z,18.500973,113.642775,Cloud to Cloud,-16081,4283,11
2026-08-30T04:16:29.468327625Z,18.510332,113.651393,Cloud to Cloud,-10921,3058,10
2026-08-30T04:16:30.684056759Z,16.274622,130.652525,Cloud to Cloud,-9566,3041,16
2026-08-30T04:16:30.459469000Z,16.1964,130.7731,Cloud to Ground,-18622,0,8
2026-08-30T04:16:30.478862945Z,16.178427,130.800364,Cloud to Cloud,-13338,3028,9
2026-08-30T04:16:30.156372079Z,16.149325,130.767808,Cloud to Ground,14558,0,8
2026-08-30T04:16:32.248057009Z,14.819796,121.052804,Cloud to Cloud,14809,3421,7
2026-08-30T04:16:33.447444602Z,20.547198,112.938623,Cloud to Ground,-42240,0,18
2026-08-30T04:16:33.733152235Z,20.499364,113.110996,Cloud to Cloud,-19773,3480,9
2026-08-30T04:16:33.457634347Z,20.448773,113.041941,Cloud to Cloud,-15462,4948,9
2026-08-30T04:16:33.392429470Z,20.47192,113.054332,Cloud to Cloud,-9899,3472,7
2026-08-30T04:16:34.178048993Z,20.372467,113.145635,Cloud to Ground,-15688,0,14
2026-08-30T04:16:34.814636772Z,17.591904,113.115582,Cloud to Cloud,12958,18476,10
2026-08-30T04:16:34.290693518Z,19.864857,115.007708,Cloud to Cloud,-17111,3085,13
2026-08-30T04:16:35.312506143Z,22.123585,113.309003,Cloud to Ground,-23584,0,14
2026-08-30T04:16:34.816186091Z,22.137079,113.305233,Cloud to Ground,-19816,0,8
2026-08-30T04:16:34.758490257Z,22.145807,113.308266,Cloud to Ground,-14665,0,11
2026-08-30T04:16:35.415777067Z,22.102995,113.308498,Cloud to Cloud,10996,17238,7
2026-08-30T04:16:35.480837847Z,22.105718,113.308511,Cloud to Cloud,11026,18327,10
2026-08-30T04:16:35.328209129Z,22.144638,113.289733,Cloud to Cloud,11708,13659,7
2026-08-30T04:16:34.847785031Z,22.100259,113.312564,Cloud to Cloud,12785,4606,9
2026-08-30T04:16:35.148857336Z,22.084847,113.266842,Cloud to Cloud,12787,10981,7
2026-08-30T04:16:35.298087369Z,18.397536,113.547947,Cloud to Cloud,-9732,7482,6
2026-08-30T04:16:36.331097323Z,18.519747,113.628031,Cloud to Ground,20592,0,8
2026-08-30T04:16:37.486779911Z,15.999841,129.893103,Cloud to Ground,-24081,0,14
2026-08-30T04:16:37.482265298Z,15.928279,129.973368,Cloud to Cloud,30112,5586,7
2026-08-30T04:16:37.036748020Z,16.811851,127.499269,Cloud to Cloud,13205,18256,10
2026-08-30T04:16:37.815407947Z,17.615328,112.99425,Cloud to Ground,-18697,0,8
2026-08-30T04:16:37.747620406Z,17.507374,113.078949,Cloud to Cloud,12514,8565,8
2026-08-30T04:16:37.778120023Z,19.395501,114.885707,Cloud to Cloud,-16002,3751,8
2026-08-30T04:16:37.776457022Z,19.397009,114.889277,Cloud to Cloud,21066,5652,8
2026-08-30T04:16:37.775641133Z,19.411319,114.880802,Cloud to Ground,24604,0,16
2026-08-30T04:16:37.942618447Z,18.357417,116.361256,Cloud to Cloud,-8018,17983,8
2026-08-30T04:16:38.593458220Z,16.135844,130.305213,Cloud to Ground,30612,0,11
2026-08-30T04:16:39.565832249Z,18.643512,114.23291,Cloud to Ground,40635,0,14
2026-08-30T04:16:40.406120218Z,3.758745,113.492868,Cloud to Cloud,-13534,6472,6
2026-08-30T04:16:40.500314043Z,3.811964,113.499824,Cloud to Ground,13362,0,10
2026-08-30T04:16:41.927715860Z,4.093168,112.894377,Cloud to Ground,21981,0,14
2026-08-30T04:16:41.505732992Z,4.447604,113.25192,Cloud to Ground,11357,0,7
2026-08-30T04:16:42.797082675Z,16.781309,127.66516,Cloud to Cloud,-29693,3056,10
2026-08-30T04:16:41.907083693Z,16.779822,127.646601,Cloud to Ground,-19422,0,9
2026-08-30T04:16:42.540979208Z,16.784504,127.644511,Cloud to Cloud,-12572,3020,10
2026-08-30T04:16:42.930289360Z,16.84629,127.613942,Cloud to Cloud,-11816,18950,9
2026-08-30T04:16:42.633537722Z,16.786974,127.668847,Cloud to Ground,-10202,0,6
2026-08-30T04:16:41.188218345Z,18.712087,116.283542,Cloud to Ground,-39334,0,7
2026-08-30T04:16:41.188635999Z,18.711507,116.293166,Cloud to Cloud,-14077,3402,10
2026-08-30T04:16:42.363040195Z,16.787904,127.51852,Cloud to Ground,-17409,0,21
2026-08-30T04:16:42.874002883Z,16.921121,127.499026,Cloud to Cloud,-9417,9709,7
2026-08-30T04:16:44.613891916Z,21.621864,112.000049,Cloud to Cloud,8079,3058,8
2026-08-30T04:16:45.149430100Z,18.522238,113.657932,Cloud to Cloud,-16437,10108,15
2026-08-30T04:16:45.352555344Z,18.542584,113.631392,Cloud to Cloud,-11832,12225,9
2026-08-30T04:16:45.175761882Z,18.50961,113.65499,Cloud to Cloud,-9735,11374,10
2026-08-30T04:16:45.188297841Z,18.495352,113.571719,Cloud to Ground,12696,0,11
2026-08-30T04:16:45.423687612Z,18.520581,113.673327,Cloud to Ground,13575,0,9
2026-08-30T04:16:47.763436267Z,22.136219,113.320959,Cloud to Cloud,-9014,3024,8
2026-08-30T04:16:47.775180029Z,22.165244,113.312481,Cloud to Cloud,4627,3563,6
2026-08-30T04:16:47.767855100Z,22.175599,113.29838,Cloud to Cloud,8643,18210,6
2026-08-30T04:16:51.150696700Z,22.326612,113.370513,Cloud to Cloud,-18855,10419,16
2026-08-30T04:16:52.543108148Z,19.172215,115.940918,Cloud to Ground,-11151,0,8
2026-08-30T04:16:52.623405794Z,19.086713,115.866042,Cloud to Cloud,-10924,3003,11
2026-08-30T04:16:52.985052295Z,19.614084,115.05243,Cloud to Cloud,-7674,3479,9
2026-08-30T04:16:52.987166551Z,19.643883,115.027479,Cloud to Ground,10760,0,9
2026-08-30T04:16:53.788549000Z,14.3051,120.6115,Cloud to Ground,-15649,0,10
2026-08-30T04:16:53.885371747Z,14.295162,120.673561,Cloud to Cloud,4045,11522,6
2026-08-30T04:16:54.119589272Z,14.314753,120.703717,Cloud to Cloud,5361,9238,6
2026-08-30T04:16:53.907131031Z,14.2791,120.670716,Cloud to Cloud,13310,14053,8
2026-08-30T04:16:53.787691676Z,14.24395,120.743518,Cloud to Cloud,18317,6869,8
2026-08-30T04:16:54.585572792Z,21.706267,112.791648,Cloud to Cloud,13092,4992,6
2026-08-30T04:16:54.544623634Z,18.538185,113.643054,Cloud to Ground,-50519,0,12
2026-08-30T04:16:54.499891163Z,18.540463,113.640834,Cloud to Ground,-37535,0,15
2026-08-30T04:16:54.857281085Z,18.544892,113.640823,Cloud to Ground,59249,0,22
2026-08-30T04:16:54.356904681Z,18.814418,114.114192,Cloud to Cloud,-11707,7337,7
2026-08-30T04:16:56.271750316Z,18.294904,113.502543,Cloud to Ground,-21058,0,9
2026-08-30T04:16:56.317363475Z,18.291011,113.508954,Cloud to Cloud,12583,3355,10
2026-08-30T04:16:56.210352546Z,18.289308,113.512392,Cloud to Cloud,15421,3140,10
2026-08-30T04:16:56.292637066Z,19.121449,115.885751,Cloud to Ground,16620,0,9
2026-08-30T04:16:58.555225061Z,17.070282,131.867809,Cloud to Ground,-17129,0,8
2026-08-30T04:16:58.394480350Z,17.086906,132.07828,Cloud to Ground,-91319,0,18
2026-08-30T04:16:58.604408454Z,17.081759,131.991739,Cloud to Ground,20785,0,15
2026-08-30T04:16:58.459274722Z,17.090891,132.079783,Cloud to Ground,85032,0,19
2026-08-30T04:16:58.401765093Z,17.090102,132.084254,Cloud to Ground,112784,0,18
2026-08-30T04:16:59.612861294Z,18.481387,113.651737,Cloud to Cloud,-31792,7188,10
2026-08-30T04:16:59.485662111Z,18.55439,113.62487,Cloud to Cloud,-12079,13976,9
2026-08-30T04:16:59.670953289Z,18.537433,113.644495,Cloud to Cloud,-10584,3051,10
2026-08-30T04:17:01.445715640Z,22.0788,113.299035,Cloud to Cloud,-18005,3070,10
2026-08-30T04:17:01.087454815Z,20.293801,113.504381,Cloud to Cloud,-16930,4222,12
2026-08-30T04:17:01.416978762Z,20.28775,113.508818,Cloud to Cloud,-12805,12655,8
2026-08-30T04:17:01.081976726Z,20.315335,113.50073,Cloud to Cloud,8133,3123,7
2026-08-30T04:17:01.085230912Z,20.313456,113.411254,Cloud to Ground,13703,0,8
2026-08-30T04:17:01.302525068Z,20.276594,113.480042,Cloud to Cloud,15837,7697,8
2026-08-30T04:17:01.123737519Z,20.294603,113.581195,Cloud to Ground,16621,0,8
2026-08-30T04:17:01.084541764Z,20.289266,113.412056,Cloud to Ground,16811,0,9
2026-08-30T04:17:01.962891542Z,16.595525,120.053566,Cloud to Cloud,10247,4034,12
2026-08-30T04:17:01.965018000Z,16.6146,120.0209,Cloud to Ground,23484,0,10
2026-08-30T04:17:01.637580000Z,20.1835,115.1493,Cloud to Ground,15021,0,5
2026-08-30T04:17:01.634955533Z,20.142283,115.15405,Cloud to Ground,17065,0,13
2026-08-30T04:17:01.680547777Z,20.151269,115.242634,Cloud to Ground,27830,0,12
2026-08-30T04:17:01.604021000Z,4.1273,112.8885,Cloud to Ground,-17090,0,7
2026-08-30T04:17:02.585811718Z,20.131849,115.107638,Cloud to Cloud,-9099,17645,10
2026-08-30T04:17:04.883816736Z,18.734138,114.302827,Cloud to Cloud,-15221,18370,14
2026-08-30T04:17:04.884562246Z,18.736372,114.298756,Cloud to Ground,-11454,0,7
2026-08-30T04:17:04.886365202Z,18.740402,114.294929,Cloud to Cloud,-10852,18038,8
2026-08-30T04:17:04.881833969Z,18.743965,114.30127,Cloud to Cloud,32113,3006,7
2026-08-30T04:17:04.882786519Z,18.738757,114.299872,Cloud to Ground,32162,0,13
2026-08-30T04:17:04.177759661Z,18.972767,119.202358,Cloud to Cloud,-23288,9612,6
2026-08-30T04:17:04.333824485Z,18.972419,119.216388,Cloud to Ground,18265,0,11
2026-08-30T04:17:04.789084764Z,16.784346,127.735539,Cloud to Cloud,-13432,12646,8
2026-08-30T04:17:05.319126049Z,18.401519,113.464867,Cloud to Ground,3868,0,5
2026-08-30T04:17:05.371358348Z,18.264875,113.492952,Cloud to Ground,16557,0,5
2026-08-30T04:17:06.048346661Z,16.142241,120.05999,Cloud to Cloud,-11210,13905,9
2026-08-30T04:17:06.443143040Z,16.180428,120.074165,Cloud to Cloud,6809,6135,12
2026-08-30T04:17:08.342147439Z,18.524265,113.680171,Cloud to Cloud,-29638,3376,13
2026-08-30T04:17:08.207521500Z,18.525221,113.680079,Cloud to Ground,-18107,0,10
2026-08-30T04:17:08.169541684Z,18.5086,113.672358,Cloud to Ground,-11007,0,10
2026-08-30T04:17:09.345884234Z,19.1895,116.260551,Cloud to Ground,-6202,0,6
2026-08-30T04:17:10.806803403Z,4.943919,114.17107,Cloud to Ground,24293,0,7
2026-08-30T04:17:10.744281340Z,4.90554,114.17155,Cloud to Cloud,35708,4219,8
2026-08-30T04:17:10.804446443Z,17.53626,113.071479,Cloud to Ground,-13018,0,12
2026-08-30T04:17:10.578772233Z,17.511345,113.039109,Cloud to Ground,-7769,0,6
2026-08-30T04:17:10.661797999Z,17.591306,112.901763,Cloud to Cloud,-8020,16794,7
2026-08-30T04:17:11.803587500Z,3.766333,113.517786,Cloud to Ground,23412,0,10
2026-08-30T04:17:11.297294347Z,20.231135,114.387926,Cloud to Cloud,-9396,9853,9
2026-08-30T04:17:11.525276322Z,20.205076,114.307926,Cloud to Cloud,-9132,3039,9
2026-08-30T04:17:11.162140000Z,20.2571,114.3421,Cloud to Ground,-9028,0,5
2026-08-30T04:17:11.159251783Z,20.232728,114.370689,Cloud to Cloud,13602,15569,11
2026-08-30T04:17:11.193512876Z,20.216565,114.262437,Cloud to Cloud,24872,18526,9
2026-08-30T04:17:13.026536350Z,18.846783,118.114648,Cloud to Ground,30674,0,9
2026-08-30T04:17:13.088605102Z,18.935737,118.158745,Cloud to Cloud,9434,19157,8
2026-08-30T04:17:13.655491242Z,18.281728,113.523053,Cloud to Cloud,-5537,3034,9
2026-08-30T04:17:13.121859457Z,19.085663,115.703403,Cloud to Ground,15785,0,10
2026-08-30T04:17:14.368895426Z,18.553258,113.605344,Cloud to Cloud,-13693,7462,9
2026-08-30T04:17:14.113018255Z,19.114187,115.768443,Cloud to Cloud,-7245,5977,9
2026-08-30T04:17:15.058863182Z,17.098508,120.484314,Cloud to Cloud,-6941,14677,13
2026-08-30T04:17:15.059407522Z,17.07799,120.43235,Cloud to Cloud,9653,3004,9
2026-08-30T04:17:15.406528461Z,21.701939,112.727138,Cloud to Cloud,-7565,8484,7
2026-08-30T04:17:16.487637045Z,18.401787,116.387984,Cloud to Cloud,-12101,6775,6
2026-08-30T04:17:16.512432653Z,18.35643,116.368116,Cloud to Cloud,-7163,3758,8
2026-08-30T04:17:16.474657436Z,18.369288,116.371503,Cloud to Cloud,10122,3039,10
2026-08-30T04:17:17.841282374Z,22.105395,113.243982,Cloud to Cloud,9832,3291,11
2026-08-30T04:17:17.010720757Z,18.538227,113.6758,Cloud to Cloud,-17655,10727,10
2026-08-30T04:17:17.125344317Z,18.541186,113.677082,Cloud to Ground,-11120,0,13
2026-08-30T04:17:17.233722685Z,18.539244,113.676118,Cloud to Ground,-8408,0,10
2026-08-30T04:17:17.180905995Z,18.530037,113.678408,Cloud to Cloud,7651,4382,9
2026-08-30T04:17:17.182502688Z,18.619254,113.604557,Cloud to Cloud,10296,4511,7
2026-08-30T04:17:18.881601861Z,19.895966,116.00147,Cloud to Ground,122438,0,10
2026-08-30T04:17:19.123252739Z,17.029119,131.749581,Cloud to Ground,14062,0,8
2026-08-30T04:17:19.160000000Z,17.0338,131.8441,Cloud to Ground,-42811,0,7
2026-08-30T04:17:19.118730121Z,17.013395,131.916837,Cloud to Ground,-14111,0,15
2026-08-30T04:17:18.992576312Z,16.996939,131.910862,Cloud to Ground,-12759,0,6
2026-08-30T04:17:19.199810159Z,16.999374,131.968613,Cloud to Ground,-11724,0,10
2026-08-30T04:17:18.995454942Z,16.98202,131.917775,Cloud to Ground,10294,0,8
2026-08-30T04:17:19.374269299Z,16.958765,132.002938,Cloud to Ground,48290,0,18
2026-08-30T04:17:20.402735287Z,21.611637,112.015138,Cloud to Cloud,-7528,6901,7
2026-08-30T04:17:21.569570664Z,16.803887,127.535596,Cloud to Ground,-28123,0,18
2026-08-30T04:17:21.906393477Z,16.885209,127.471389,Cloud to Cloud,-21210,3012,19
2026-08-30T04:17:21.813649996Z,20.13968,114.823657,Cloud to Ground,-51751,0,18
2026-08-30T04:17:21.821942970Z,20.145542,114.826635,Cloud to Cloud,-18599,6051,13
2026-08-30T04:17:22.454907974Z,20.122866,114.678449,Cloud to Cloud,10595,4784,7
2026-08-30T04:17:21.815105000Z,20.1513,114.772,Cloud to Ground,13125,0,5
2026-08-30T04:17:22.404674726Z,20.094914,114.648101,Cloud to Ground,26047,0,9
2026-08-30T04:17:22.403693990Z,20.119605,114.750021,Cloud to Ground,26993,0,16
2026-08-30T04:17:21.812749139Z,20.139215,114.677449,Cloud to Ground,26999,0,10
2026-08-30T04:17:21.987826529Z,21.682984,112.691953,Cloud to Ground,18592,0,10
2026-08-30T04:17:21.791731925Z,21.707575,112.834031,Cloud to Cloud,-10661,4133,6
2026-08-30T04:17:21.783850774Z,21.757185,112.775719,Cloud to Cloud,5451,3035,6
2026-08-30T04:17:21.948168166Z,19.486595,114.715815,Cloud to Cloud,6764,3020,6
2026-08-30T04:17:22.677581735Z,16.794138,127.701027,Cloud to Cloud,12708,14346,9
2026-08-30T04:17:22.294403720Z,16.793395,127.69073,Cloud to Cloud,13315,11014,6
2026-08-30T04:17:22.485252663Z,16.812002,127.701179,Cloud to Cloud,13648,7768,7
2026-08-30T04:17:22.204997861Z,16.746814,127.704535,Cloud to Ground,15118,0,9
2026-08-30T04:17:22.333970003Z,16.784096,127.528884,Cloud to Ground,-12789,0,8
2026-08-30T04:17:22.480505000Z,16.7906,127.5927,Cloud to Ground,14089,0,6
2026-08-30T04:17:22.650988483Z,18.337957,113.552761,Cloud to Ground,-33485,0,12
2026-08-30T04:17:22.559183363Z,18.334998,113.558222,Cloud to Ground,-22582,0,10
2026-08-30T04:17:22.497944933Z,18.339837,113.567411,Cloud to Ground,21086,0,10
2026-08-30T04:17:22.370535553Z,20.24144,114.283235,Cloud to Cloud,-12003,10849,7
2026-08-30T04:17:23.192091883Z,16.73982,127.876671,Cloud to Ground,-18075,0,8
2026-08-30T04:17:22.691649281Z,16.730839,127.836695,Cloud to Cloud,13066,12300,13
2026-08-30T04:17:23.327260039Z,18.693942,117.452068,Cloud to Ground,-23709,0,13
2026-08-30T04:17:23.396367064Z,18.294535,113.547652,Cloud to Cloud,-43644,3098,12
2026-08-30T04:17:23.759816400Z,22.065333,113.163701,Cloud to Cloud,-17737,4910,8
2026-08-30T04:17:23.760438417Z,21.974324,113.221426,Cloud to Ground,-15061,0,10
2026-08-30T04:17:23.832852454Z,21.98328,113.212014,Cloud to Cloud,-11804,4016,7
2026-08-30T04:17:23.792055707Z,21.985816,113.234489,Cloud to Cloud,5766,6580,6
2026-08-30T04:17:24.079057459Z,4.455989,113.259431,Cloud to Ground,18306,0,7
2026-08-30T04:17:25.284920482Z,18.542009,113.612463,Cloud to Cloud,-18546,6250,8
2026-08-30T04:17:25.222316439Z,18.54605,113.606652,Cloud to Ground,-12062,0,7
2026-08-30T04:17:25.054980588Z,18.541183,113.620486,Cloud to Ground,41423,0,15
2026-08-30T04:17:25.188380366Z,18.40933,113.386158,Cloud to Ground,-12945,0,7
2026-08-30T04:17:25.622116008Z,18.43186,113.367861,Cloud to Ground,-12151,0,10
2026-08-30T04:17:25.185094840Z,18.408435,113.330628,Cloud to Cloud,12303,3891,8
2026-08-30T04:17:25.180871391Z,18.41927,113.286039,Cloud to Ground,25916,0,11
2026-08-30T04:17:25.450912595Z,19.507643,116.758705,Cloud to Cloud,10701,15051,7
2026-08-30T04:17:27.168469889Z,18.390161,117.164175,Cloud to Cloud,7162,7798,8
2026-08-30T04:17:26.819389313Z,18.413035,117.185263,Cloud to Ground,15443,0,10
2026-08-30T04:17:27.337267234Z,18.87819,118.234463,Cloud to Cloud,-9172,17901,7
2026-08-30T04:17:27.352707000Z,18.9061,118.2488,Cloud to Ground,32314,0,7
2026-08-30T04:17:28.339951060Z,18.51773,116.406834,Cloud to Cloud,-23790,13075,9
2026-08-30T04:17:28.339288358Z,18.506157,116.408819,Cloud to Cloud,-13382,18956,8
2026-08-30T04:17:28.340679989Z,18.520826,116.393942,Cloud to Ground,20558,0,16
2026-08-30T04:17:29.223347389Z,22.250102,113.320619,Cloud to Cloud,-13125,3226,8
2026-08-30T04:17:29.100996407Z,22.104232,113.312382,Cloud to Ground,-43901,0,17
2026-08-30T04:17:28.983499055Z,22.121361,113.30183,Cloud to Cloud,-41053,3013,12
2026-08-30T04:17:29.030691515Z,22.114164,113.307058,Cloud to Cloud,-29835,3050,15
2026-08-30T04:17:29.100448531Z,22.119569,113.330376,Cloud to Cloud,-16387,7166,13
2026-08-30T04:17:28.974632983Z,22.101293,113.319254,Cloud to Cloud,-10238,6259,9
2026-08-30T04:17:31.584848363Z,18.657171,114.247882,Cloud to Ground,53368,0,24
2026-08-30T04:17:31.607375470Z,18.626928,114.078563,Cloud to Cloud,5312,3964,7
2026-08-30T04:17:31.630327574Z,19.409276,114.90248,Cloud to Cloud,10353,19895,7
2026-08-30T04:17:32.857879455Z,4.09057,112.841347,Cloud to Ground,48877,0,15
2026-08-30T04:17:32.534069826Z,18.532606,113.671214,Cloud to Cloud,-14837,3016,12
2026-08-30T04:17:33.079699199Z,18.520597,113.674043,Cloud to Cloud,-11065,4968,10
2026-08-30T04:17:33.078632345Z,18.495348,113.527032,Cloud to Cloud,11995,3044,8
2026-08-30T04:17:34.826133112Z,15.044376,120.87434,Cloud to Cloud,-6371,18402,6
2026-08-30T04:17:34.743458670Z,15.018448,120.939207,Cloud to Cloud,19565,3002,10
2026-08-30T04:17:37.540600167Z,18.29839,113.575561,Cloud to Ground,-9194,0,8
2026-08-30T04:17:39.743982578Z,20.230901,113.930755,Cloud to Cloud,-10606,7752,7
2026-08-30T04:17:39.746552822Z,20.243627,113.933286,Cloud to Cloud,-7248,6152,7
2026-08-30T04:17:40.168736690Z,20.188268,113.679553,Cloud to Cloud,-10042,3048,8
2026-08-30T04:17:41.174811441Z,19.101531,115.855954,Cloud to Cloud,-13071,14724,7
2026-08-30T04:17:41.178785354Z,19.12808,115.882883,Cloud to Cloud,-7299,7301,7
2026-08-30T04:17:42.004364962Z,5.024595,114.07877,Cloud to Ground,-10322,0,7
2026-08-30T04:17:42.296237673Z,20.283972,113.411209,Cloud to Ground,17040,0,11
2026-08-30T04:17:42.373769039Z,20.293073,113.529326,Cloud to Cloud,-17428,3068,8
2026-08-30T04:17:42.853487570Z,20.344487,113.664204,Cloud to Cloud,-35839,3016,10
2026-08-30T04:17:42.666270769Z,20.366206,113.641507,Cloud to Ground,-27053,0,14
2026-08-30T04:17:42.855039852Z,20.330656,113.655592,Cloud to Cloud,-19336,11749,8
2026-08-30T04:17:42.865270823Z,20.324518,113.656387,Cloud to Ground,-13071,0,10
2026-08-30T04:17:42.834077780Z,20.367313,113.638914,Cloud to Cloud,-10805,5408,6
2026-08-30T04:17:42.699021617Z,20.342564,113.648741,Cloud to Ground,14274,0,9
2026-08-30T04:17:42.496164000Z,20.3644,113.6138,Cloud to Ground,55816,0,7
2026-08-30T04:17:42.337744629Z,19.641987,115.041421,Cloud to Ground,31228,0,12
2026-08-30T04:17:42.128445527Z,19.141241,115.721738,Cloud to Ground,-9100,0,6
2026-08-30T04:17:42.373060000Z,19.2164,115.7018,Cloud to Ground,18613,0,5
2026-08-30T04:17:42.160786653Z,18.371745,116.369176,Cloud to Ground,20607,0,9
2026-08-30T04:17:43.609283318Z,17.198884,132.310261,Cloud to Ground,-14593,0,11
2026-08-30T04:17:43.125476223Z,22.1495,113.341754,Cloud to Ground,38929,0,11
2026-08-30T04:17:43.404795368Z,21.970535,113.257909,Cloud to Cloud,-13622,16644,6
2026-08-30T04:17:43.495687396Z,18.538172,113.677604,Cloud to Ground,-39271,0,16
2026-08-30T04:17:43.601048359Z,18.548466,113.675615,Cloud to Cloud,-24931,9221,14
2026-08-30T04:17:43.839485740Z,18.547363,113.672736,Cloud to Ground,-14960,0,7
2026-08-30T04:17:43.691682574Z,18.549932,113.674934,Cloud to Ground,-10561,0,8
2026-08-30T04:17:44.018123451Z,18.549695,113.676591,Cloud to Ground,-10365,0,8
2026-08-30T04:17:43.528733896Z,18.597738,113.625207,Cloud to Cloud,6632,5269,6
2026-08-30T04:17:43.637385597Z,18.525885,113.685864,Cloud to Ground,17034,0,11
2026-08-30T04:17:43.940111430Z,18.52728,113.68492,Cloud to Ground,20869,0,12
2026-08-30T04:17:43.211697770Z,20.377592,113.475443,Cloud to Cloud,-17282,17630,12
2026-08-30T04:17:43.206240406Z,20.356254,113.369382,Cloud to Ground,15076,0,7
2026-08-30T04:17:43.202946170Z,20.355249,113.384272,Cloud to Ground,21515,0,10
2026-08-30T04:17:43.203656731Z,20.345683,113.491361,Cloud to Ground,37397,0,13
2026-08-30T04:17:43.832346657Z,22.174297,113.24457,Cloud to Cloud,-19682,5808,8
2026-08-30T04:17:45.699423114Z,19.316064,115.086863,Cloud to Cloud,-19474,3158,12
2026-08-30T04:17:45.705703999Z,19.328561,115.097978,Cloud to Cloud,-16140,5279,11
2026-08-30T04:17:46.454348476Z,16.785264,127.580525,Cloud to Ground,-19726,0,10
2026-08-30T04:17:46.536425817Z,16.817714,127.548432,Cloud to Ground,-15714,0,19
2026-08-30T04:17:46.262078767Z,16.79293,127.695485,Cloud to Ground,-23403,0,11
2026-08-30T04:17:46.616149310Z,16.709262,127.771657,Cloud to Cloud,-13829,6158,12
2026-08-30T04:17:46.894234457Z,16.772376,127.701474,Cloud to Cloud,6881,6377,6
2026-08-30T04:17:46.331615994Z,16.720472,127.709669,Cloud to Cloud,20160,3004,11
2026-08-30T04:17:46.364565339Z,16.814808,127.708741,Cloud to Ground,22751,0,9
2026-08-30T04:17:46.413559000Z,16.813,127.7154,Cloud to Ground,31748,0,10
2026-08-30T04:17:46.615212000Z,16.828,127.6654,Cloud to Ground,40920,0,6
2026-08-30T04:17:48.450857927Z,16.701028,127.717653,Cloud to Ground,16878,0,13
2026-08-30T04:17:49.171897505Z,16.792711,127.526884,Cloud to Ground,-14754,0,10
2026-08-30T04:17:48.785444989Z,16.764072,127.54228,Cloud to Cloud,-10135,3020,9
2026-08-30T04:17:49.118828927Z,16.768042,127.580124,Cloud to Ground,-8136,0,13
2026-08-30T04:17:48.432950695Z,16.789527,127.662832,Cloud to Ground,19806,0,10
2026-08-30T04:17:48.937422224Z,17.491992,112.940153,Cloud to Cloud,-8806,17751,9
2026-08-30T04:17:48.746216360Z,17.403551,112.996064,Cloud to Cloud,-13268,18105,8
2026-08-30T04:17:47.834589969Z,19.940111,114.726935,Cloud to Cloud,-23596,6170,12
2026-08-30T04:17:48.107027889Z,19.94872,114.740325,Cloud to Cloud,-11240,6451,16
2026-08-30T04:17:48.187717999Z,19.927482,114.729475,Cloud to Ground,-11217,0,10
2026-08-30T04:17:48.020259378Z,19.922854,114.716636,Cloud to Ground,-10582,0,8
2026-08-30T04:17:47.835088670Z,19.960254,114.722862,Cloud to Cloud,11673,7032,10
2026-08-30T04:17:47.857238493Z,19.952983,114.72694,Cloud to Cloud,22813,5204,15
2026-08-30T04:17:47.833508570Z,19.953597,114.733691,Cloud to Cloud,47216,11343,18
2026-08-30T04:17:48.134977882Z,19.741149,114.782336,Cloud to Cloud,-11648,3015,8
2026-08-30T04:17:52.547682958Z,22.145285,113.329156,Cloud to Cloud,-9545,7823,9
2026-08-30T04:17:52.588932599Z,22.159815,113.33274,Cloud to Cloud,2334,18795,5
2026-08-30T04:17:53.428906304Z,19.505056,122.898443,Cloud to Ground,-45806,0,17
2026-08-30T04:17:53.529876611Z,19.400202,122.894325,Cloud to Ground,-50659,0,18
2026-08-30T04:17:53.604259723Z,19.400006,122.896332,Cloud to Ground,-48986,0,14
2026-08-30T04:17:53.498757756Z,19.395605,122.875402,Cloud to Ground,-39586,0,13
2026-08-30T04:17:53.567024321Z,19.399518,122.895136,Cloud to Ground,-30305,0,8
2026-08-30T04:17:53.813984000Z,19.3882,122.8277,Cloud to Ground,23190,0,5
2026-08-30T04:17:53.573169311Z,19.553305,114.884628,Cloud to Cloud,-11403,7120,6
2026-08-30T04:17:53.411326243Z,18.244213,113.402685,Cloud to Cloud,-22054,13789,9
2026-08-30T04:17:53.388781309Z,18.506348,113.576286,Cloud to Ground,18863,0,9
2026-08-30T04:17:54.922666630Z,20.24332,114.388806,Cloud to Cloud,-15489,3103,9
2026-08-30T04:17:54.925730178Z,20.240708,114.396361,Cloud to Cloud,5394,5903,5
2026-08-30T04:17:55.161356626Z,20.220252,114.352562,Cloud to Cloud,10435,3016,9
2026-08-30T04:17:54.928164897Z,20.239815,114.382182,Cloud to Cloud,12173,7811,7
2026-08-30T04:17:54.918695420Z,20.227704,114.37905,Cloud to Cloud,18869,4538,7
2026-08-30T04:17:55.621224177Z,19.374716,114.96475,Cloud to Cloud,-8142,3352,6
2026-08-30T04:17:55.470986225Z,19.382538,114.982456,Cloud to Ground,36145,0,7
2026-08-30T04:17:56.828825226Z,20.662573,114.091015,Cloud to Cloud,-14099,9641,9
2026-08-30T04:17:56.797228353Z,20.674348,114.012801,Cloud to Cloud,17333,5625,11
2026-08-30T04:17:56.799561676Z,20.688148,114.112136,Cloud to Ground,17784,0,12
2026-08-30T04:17:56.844758172Z,14.80395,121.087662,Cloud to Cloud,9990,4277,11
2026-08-30T04:17:57.256704790Z,14.533782,121.87926,Cloud to Cloud,14633,13360,11
2026-08-30T04:17:57.257716000Z,14.6116,121.8105,Cloud to Ground,-8372,0,6
2026-08-30T04:17:57.795126514Z,18.586468,113.631882,Cloud to Ground,-17047,0,6
2026-08-30T04:17:58.754950416Z,14.312369,120.722586,Cloud to Cloud,-12592,7547,6
2026-08-30T04:17:58.743230294Z,14.293123,120.774803,Cloud to Cloud,6608,11457,6
2026-08-30T04:17:58.745673928Z,14.335585,120.722686,Cloud to Cloud,10906,13393,10
2026-08-30T04:17:58.832175333Z,19.76098,114.827626,Cloud to Cloud,-14717,6951,9
2026-08-30T04:17:58.804498054Z,19.760593,114.713903,Cloud to Cloud,7890,3121,7
2026-08-30T04:17:59.002146810Z,19.775781,114.695841,Cloud to Cloud,8101,3001,7
2026-08-30T04:17:58.800088547Z,19.796634,114.800019,Cloud to Cloud,8411,5068,7
2026-08-30T04:17:59.838434190Z,20.220711,113.739174,Cloud to Cloud,-8040,6674,6
2026-08-30T04:18:00.575909970Z,18.403648,113.552526,Cloud to Cloud,-17563,6370,9
2026-08-30T04:18:00.960874980Z,18.30435,113.540172,Cloud to Cloud,-14340,19225,11
2026-08-30T04:18:00.967692603Z,18.300907,113.514111,Cloud to Cloud,-7097,5673,6
2026-08-30T04:18:00.450953769Z,18.397498,113.475267,Cloud to Cloud,4524,3319,7
2026-08-30T04:18:00.293111581Z,18.375,113.465028,Cloud to Ground,16601,0,7
2026-08-30T04:18:01.970201403Z,18.324512,116.418096,Cloud to Cloud,12950,12963,7
2026-08-30T04:18:02.158522639Z,17.748913,113.120185,Cloud to Cloud,-8684,19355,6
2026-08-30T04:18:02.445119619Z,17.783475,113.230301,Cloud to Cloud,-7393,5699,9
2026-08-30T04:18:02.575175929Z,19.35135,114.210442,Cloud to Cloud,-10815,5940,11
2026-08-30T04:18:02.783081581Z,19.14804,115.91997,Cloud to Ground,48802,0,12
2026-08-30T04:18:04.836347000Z,4.458291,113.261007,Cloud to Ground,26245,0,13
2026-08-30T04:18:04.666687721Z,4.461904,113.254993,Cloud to Ground,69490,0,24
2026-08-30T04:18:04.715369457Z,16.765073,127.593735,Cloud to Cloud,17153,11716,7
2026-08-30T04:18:04.628780797Z,16.786143,127.615721,Cloud to Ground,42360,0,13
2026-08-30T04:18:04.400782157Z,19.056599,115.40979,Cloud to Cloud,5014,7773,6
2026-08-30T04:18:04.404665052Z,19.11348,115.625258,Cloud to Cloud,11589,7404,10
2026-08-30T04:18:04.242241008Z,19.138897,115.583141,Cloud to Ground,32684,0,13
2026-08-30T04:18:04.423270289Z,19.054206,115.51466,Cloud to Cloud,-13150,19924,9
2026-08-30T04:18:04.538748034Z,19.286091,115.291726,Cloud to Ground,-27478,0,13
2026-08-30T04:18:06.917066236Z,15.981429,129.958332,Cloud to Cloud,-9595,15339,6
2026-08-30T04:18:06.878263670Z,16.000821,129.953,Cloud to Ground,14912,0,9
2026-08-30T04:18:07.721394550Z,17.007946,131.880508,Cloud to Cloud,10689,3053,7
2026-08-30T04:18:07.310326686Z,16.990006,131.855857,Cloud to Ground,20548,0,9
2026-08-30T04:18:07.443263630Z,17.048157,131.978393,Cloud to Ground,-12211,0,6
2026-08-30T04:18:07.669150801Z,16.987381,131.99784,Cloud to Ground,-10812,0,11
2026-08-30T04:18:07.372241872Z,17.000386,132.004468,Cloud to Ground,15397,0,12
2026-08-30T04:18:07.955655862Z,16.796978,127.544612,Cloud to Ground,-19457,0,20
2026-08-30T04:18:08.087871516Z,16.750337,127.57382,Cloud to Ground,-15788,0,7
2026-08-30T04:18:07.935250800Z,14.868589,121.051611,Cloud to Cloud,15424,13673,13
2026-08-30T04:18:08.336521968Z,16.168652,120.092415,Cloud to Cloud,5722,18371,10
2026-08-30T04:18:08.335942007Z,16.107118,120.128243,Cloud to Cloud,11502,16063,9
2026-08-30T04:18:08.308091000Z,14.9352,120.9645,Cloud to Ground,8482,0,5
2026-08-30T04:18:09.745626287Z,22.006505,113.043583,Cloud to Ground,-11279,0,7
2026-08-30T04:18:09.746571887Z,22.00621,113.200206,Cloud to Ground,-29399,0,15
2026-08-30T04:18:09.350156960Z,22.048587,113.161747,Cloud to Cloud,-7761,7138,6
2026-08-30T04:18:09.387726000Z,21.9963,113.2154,Cloud to Ground,19810,0,5
2026-08-30T04:18:10.560154099Z,17.104775,120.455913,Cloud to Cloud,-10331,11934,8
2026-08-30T04:18:10.757110375Z,17.109169,120.407367,Cloud to Ground,23333,0,7
2026-08-30T04:18:12.819550227Z,4.158201,112.875851,Cloud to Ground,-16359,0,7
2026-08-30T04:18:12.626780397Z,18.519746,113.71134,Cloud to Ground,-19276,0,10
2026-08-30T04:18:12.242435408Z,18.527379,113.707777,Cloud to Ground,-16634,0,15
2026-08-30T04:18:12.625907907Z,18.522836,113.614217,Cloud to Cloud,-7687,5812,7
2026-08-30T04:18:12.237485441Z,18.524379,113.68608,Cloud to Cloud,8994,19543,9
2026-08-30T04:18:12.156561769Z,18.527152,113.681806,Cloud to Cloud,17767,3038,12
2026-08-30T04:18:12.376228986Z,18.513255,113.714443,Cloud to Ground,20709,0,12
2026-08-30T04:18:12.346897762Z,18.529758,113.707664,Cloud to Ground,28812,0,21
2026-08-30T04:18:12.551907017Z,18.514259,113.710888,Cloud to Ground,39632,0,13
2026-08-30T04:18:12.108310000Z,18.5481,113.7563,Cloud to Ground,57189,0,5
2026-08-30T04:18:12.760842304Z,20.212047,114.204086,Cloud to Cloud,7574,3006,8
2026-08-30T04:18:13.032456963Z,22.932644,113.123567,Cloud to Cloud,-8644,18436,8
2026-08-30T04:18:12.988292689Z,22.933889,113.133041,Cloud to Cloud,13846,3542,7
2026-08-30T04:18:13.500236583Z,17.053325,132.105604,Cloud to Cloud,-23807,5236,12
2026-08-30T04:18:13.724972274Z,17.086703,132.105324,Cloud to Ground,7982,0,7
2026-08-30T04:18:13.820036865Z,17.124892,132.051618,Cloud to Ground,20383,0,13
2026-08-30T04:18:13.723238000Z,17.0952,132.1219,Cloud to Ground,36726,0,7
2026-08-30T04:18:13.450319783Z,19.146833,116.181635,Cloud to Cloud,-10818,3004,9
2026-08-30T04:18:16.980746861Z,19.667514,115.042698,Cloud to Cloud,-12281,5316,11
2026-08-30T04:18:16.992473456Z,19.653594,115.064408,Cloud to Cloud,12266,3134,12
2026-08-30T04:18:17.099245130Z,22.090172,113.258647,Cloud to Cloud,-11291,3551,7
2026-08-30T04:18:16.800973430Z,22.02826,113.255528,Cloud to Cloud,-9759,3008,10
2026-08-30T04:18:17.091435820Z,22.116877,113.238946,Cloud to Cloud,10752,3048,8
2026-08-30T04:18:18.722481658Z,16.773327,127.669105,Cloud to Ground,19054,0,9
2026-08-30T04:18:20.735701274Z,18.512369,113.719804,Cloud to Ground,3074,0,8
2026-08-30T04:18:20.041761870Z,18.51189,113.639377,Cloud to Ground,36784,0,11
2026-08-30T04:18:20.738843145Z,18.799197,114.111623,Cloud to Cloud,-12789,3030,11
2026-08-30T04:18:20.737370306Z,18.79401,114.112595,Cloud to Cloud,-10510,3001,7
2026-08-30T04:18:20.888189328Z,18.808611,114.052467,Cloud to Cloud,-7279,19112,8
2026-08-30T04:18:21.609800787Z,18.583654,119.216095,Cloud to Ground,-12162,0,8
2026-08-30T04:18:21.184912880Z,18.600947,119.240855,Cloud to Cloud,5751,17757,8
2026-08-30T04:18:21.515431922Z,18.671382,119.251259,Cloud to Cloud,24114,3000,13
2026-08-30T04:18:21.588070844Z,19.968735,114.209621,Cloud to Cloud,13489,5024,10
2026-08-30T04:18:22.541477144Z,20.289895,113.508041,Cloud to Cloud,-13931,8572,7
2026-08-30T04:18:22.529020233Z,20.292187,113.525157,Cloud to Cloud,-11240,4456,8
2026-08-30T04:18:23.314740742Z,18.381963,116.38144,Cloud to Cloud,-7039,3067,7
2026-08-30T04:18:23.268165631Z,18.373233,116.368256,Cloud to Cloud,-6764,18832,7
2026-08-30T04:18:23.245410674Z,18.35861,116.400733,Cloud to Cloud,-6211,17700,12
2026-08-30T04:18:23.546995230Z,18.358596,116.404658,Cloud to Cloud,7299,4002,8
2026-08-30T04:18:23.301646157Z,18.692133,117.435609,Cloud to Ground,-16953,0,14
2026-08-30T04:18:23.402705365Z,18.780652,117.356289,Cloud to Cloud,-8730,3025,7
2026-08-30T04:18:24.429076026Z,4.084933,112.84542,Cloud to Ground,-11867,0,6
2026-08-30T04:18:24.175882718Z,16.783976,127.657843,Cloud to Cloud,9135,10985,6
2026-08-30T04:18:26.571218276Z,18.459908,113.559422,Cloud to Ground,-13515,0,8
2026-08-30T04:18:26.291471809Z,18.431328,113.554633,Cloud to Cloud,-13242,4393,12
2026-08-30T04:18:26.536186767Z,18.449067,113.486818,Cloud to Cloud,-7456,6896,9
2026-08-30T04:18:26.280965412Z,18.426629,113.547349,Cloud to Ground,32468,0,10
2026-08-30T04:18:26.925845937Z,18.288046,117.331904,Cloud to Cloud,-8192,19757,6
2026-08-30T04:18:26.917112953Z,18.851903,118.118236,Cloud to Cloud,-5117,5181,7
2026-08-30T04:18:27.041778620Z,18.286067,113.399204,Cloud to Cloud,-7227,5551,6
2026-08-30T04:18:29.712269206Z,17.09789,127.626276,Cloud to Cloud,-17502,3181,9
2026-08-30T04:18:29.509532528Z,17.079681,127.564441,Cloud to Ground,-11519,0,7
2026-08-30T04:18:29.180374435Z,17.017276,127.575273,Cloud to Ground,19551,0,12
2026-08-30T04:18:29.179286836Z,17.004335,127.559311,Cloud to Ground,39340,0,12
2026-08-30T04:18:29.791382177Z,18.521871,113.602238,Cloud to Cloud,-25326,3040,10
2026-08-30T04:18:29.583346962Z,18.516659,113.673962,Cloud to Ground,-15444,0,9
2026-08-30T04:18:29.225340374Z,18.529393,113.663497,Cloud to Cloud,7994,3142,6
2026-08-30T04:18:29.929784480Z,18.530172,113.669015,Cloud to Ground,14145,0,12
2026-08-30T04:18:29.719085795Z,16.570433,120.067288,Cloud to Cloud,9339,4233,11
2026-08-30T04:18:29.338706408Z,22.106717,113.32443,Cloud to Cloud,-16384,3035,9
2026-08-30T04:18:29.273897174Z,22.103383,113.366466,Cloud to Cloud,-14022,3002,8
2026-08-30T04:18:29.413788321Z,22.152019,113.315219,Cloud to Ground,30172,0,9
2026-08-30T04:18:30.236245536Z,19.559599,114.896778,Cloud to Ground,32807,0,10
2026-08-30T04:18:30.236918703Z,19.565892,114.80122,Cloud to Ground,19741,0,11
2026-08-30T04:18:30.686837750Z,16.256659,120.34586,Cloud to Cloud,-9849,18198,7
2026-08-30T04:18:32.604473641Z,20.147931,115.056764,Cloud to Ground,-38615,0,12
2026-08-30T04:18:32.607471991Z,20.14892,115.050689,Cloud to Cloud,-24851,4352,10
2026-08-30T04:18:32.635385835Z,20.143099,115.079082,Cloud to Ground,-23207,0,8
2026-08-30T04:18:32.602944082Z,20.146891,115.058214,Cloud to Cloud,19021,15904,10
2026-08-30T04:18:32.094149704Z,19.140985,115.764488,Cloud to Cloud,-20979,6356,14
2026-08-30T04:18:32.104788632Z,19.12728,115.757359,Cloud to Cloud,-10025,8598,8
2026-08-30T04:18:33.307845668Z,17.758059,128.442922,Cloud to Cloud,-16556,7440,12
2026-08-30T04:18:33.845066296Z,17.684667,128.444788,Cloud to Cloud,-15196,4620,8
2026-08-30T04:18:33.310331664Z,17.754326,128.445228,Cloud to Cloud,-8196,6629,7
2026-08-30T04:18:33.412505385Z,17.675431,128.413779,Cloud to Cloud,10978,3514,8
2026-08-30T04:18:33.690927507Z,17.715912,128.417552,Cloud to Cloud,12898,5025,10
2026-08-30T04:18:33.730280998Z,17.764907,128.485334,Cloud to Ground,19503,0,15
2026-08-30T04:18:34.609393495Z,19.131311,115.902029,Cloud to Cloud,-7140,8534,7
2026-08-30T04:18:34.657285857Z,21.682446,112.81778,Cloud to Cloud,8769,3113,14
2026-08-30T04:18:35.707627649Z,4.477291,113.249624,Cloud to Ground,-11859,0,7
2026-08-30T04:18:35.858511552Z,17.116871,131.45083,Cloud to Ground,-17010,0,8
2026-08-30T04:18:35.859374986Z,17.146666,131.453489,Cloud to Ground,-14504,0,8
2026-08-30T04:18:35.849722681Z,17.148523,131.437992,Cloud to Cloud,-13390,6568,9
2026-08-30T04:18:35.852466329Z,17.137146,131.44374,Cloud to Ground,-13040,0,11
2026-08-30T04:18:35.909640178Z,17.157238,131.4148,Cloud to Cloud,-12123,4279,7
2026-08-30T04:18:35.852056829Z,17.140507,131.440946,Cloud to Ground,14507,0,11
2026-08-30T04:18:35.851091383Z,17.137912,131.436204,Cloud to Ground,27796,0,17
2026-08-30T04:18:35.417808166Z,17.840906,125.252574,Cloud to Cloud,-27019,5428,13
2026-08-30T04:18:35.613620551Z,17.897752,125.234746,Cloud to Ground,-13861,0,12
2026-08-30T04:18:35.791135055Z,17.90101,125.244075,Cloud to Ground,-10797,0,10
2026-08-30T04:18:35.416378000Z,17.8006,125.1929,Cloud to Ground,-7191,0,7
2026-08-30T04:18:35.420122433Z,17.839711,125.265802,Cloud to Cloud,8733,14928,10
2026-08-30T04:18:35.415398404Z,17.820647,125.123905,Cloud to Cloud,16034,3129,10
2026-08-30T04:18:36.532137517Z,18.585743,113.267601,Cloud to Ground,55762,0,15
2026-08-30T04:18:36.369998558Z,18.490211,113.523544,Cloud to Cloud,-23466,4708,9
2026-08-30T04:18:36.377147836Z,18.49462,113.513875,Cloud to Ground,-18607,0,11
2026-08-30T04:18:36.825205548Z,18.547539,113.539705,Cloud to Ground,10049,0,7
2026-08-30T04:18:36.368925482Z,18.48569,113.514255,Cloud to Cloud,21014,3035,12
2026-08-30T04:18:36.367649786Z,18.506319,113.517233,Cloud to Ground,37946,0,20
2026-08-30T04:18:37.199225231Z,18.337667,113.499989,Cloud to Cloud,-19872,12148,13
2026-08-30T04:18:36.865231851Z,18.317893,113.494571,Cloud to Ground,-13181,0,7
2026-08-30T04:18:37.526314025Z,18.310314,113.500299,Cloud to Ground,-11825,0,7
2026-08-30T04:18:36.326264282Z,20.235691,114.395632,Cloud to Ground,-12003,0,9
2026-08-30T04:18:36.324132859Z,20.241944,114.390304,Cloud to Cloud,14838,3356,16
2026-08-30T04:18:36.346116164Z,20.234571,114.385445,Cloud to Cloud,18320,3135,13
2026-08-30T04:18:36.327527117Z,20.236258,114.394014,Cloud to Ground,37722,0,14
2026-08-30T04:18:38.746121393Z,18.372999,116.386822,Cloud to Cloud,-5542,7487,5
2026-08-30T04:18:38.817828994Z,18.405086,116.381734,Cloud to Cloud,8848,18651,6
2026-08-30T04:18:39.410667207Z,20.182912,114.842519,Cloud to Cloud,-44052,6120,11
2026-08-30T04:18:39.415531069Z,20.191446,114.84288,Cloud to Cloud,-19119,16618,8
2026-08-30T04:18:39.408534732Z,20.164481,114.843956,Cloud to Cloud,-14263,3029,10
2026-08-30T04:18:39.646666201Z,20.148718,114.839934,Cloud to Ground,22724,0,11
2026-08-30T04:18:39.972313550Z,20.119387,114.74049,Cloud to Cloud,-12996,3023,11
2026-08-30T04:18:39.409325248Z,20.151757,114.735032,Cloud to Ground,24973,0,10
2026-08-30T04:18:40.704790102Z,17.286022,120.662228,Cloud to Cloud,10070,6980,10
2026-08-30T04:18:40.348618347Z,22.876205,113.203765,Cloud to Ground,-6165,0,7
2026-08-30T04:18:41.752532212Z,18.528301,113.656674,Cloud to Cloud,-48733,12449,14
2026-08-30T04:18:41.593340348Z,18.532035,113.655134,Cloud to Ground,-30362,0,14
2026-08-30T04:18:41.635747050Z,18.536772,113.651901,Cloud to Ground,-16919,0,12
2026-08-30T04:18:41.663922652Z,18.531504,113.651888,Cloud to Ground,-14048,0,12
2026-08-30T04:18:42.017549178Z,21.999853,113.191476,Cloud to Cloud,-11284,5688,9
2026-08-30T04:18:42.421990054Z,22.044852,113.300194,Cloud to Cloud,9502,8642,6
2026-08-30T04:18:43.121456444Z,4.05379,112.833701,Cloud to Ground,-27663,0,7
2026-08-30T04:18:43.202018841Z,4.098577,112.826566,Cloud to Ground,23253,0,8
2026-08-30T04:18:43.008690145Z,18.666401,117.955155,Cloud to Ground,32748,0,10
2026-08-30T04:18:43.009836649Z,18.70461,118.05676,Cloud to Cloud,6526,3052,10
2026-08-30T04:18:43.444073814Z,16.094486,120.162945,Cloud to Cloud,8088,3025,7
2026-08-30T04:18:44.879917673Z,20.328768,113.515013,Cloud to Cloud,-6143,3051,9
2026-08-30T04:18:44.840496000Z,20.321,113.4572,Cloud to Ground,27320,0,7
2026-08-30T04:18:44.572976888Z,20.339998,113.510942,Cloud to Ground,49274,0,20
2026-08-30T04:18:45.097349569Z,16.901207,131.726017,Cloud to Ground,-44881,0,14
2026-08-30T04:18:45.174103973Z,16.955006,131.723902,Cloud to Cloud,-19877,3029,12
2026-08-30T04:18:45.115961290Z,16.950352,131.694771,Cloud to Ground,-10642,0,12
2026-08-30T04:18:45.172228554Z,16.952849,131.649028,Cloud to Ground,-8383,0,6
2026-08-30T04:18:45.561364684Z,16.981683,131.695701,Cloud to Ground,4817,0,11
2026-08-30T04:18:45.096504136Z,16.815162,131.768302,Cloud to Ground,11846,0,8
2026-08-30T04:18:45.118408426Z,16.840743,131.750432,Cloud to Ground,13021,0,7
2026-08-30T04:18:45.210776869Z,16.980704,131.733804,Cloud to Ground,26910,0,16
2026-08-30T04:18:46.530945398Z,20.008219,114.337009,Cloud to Cloud,-12070,9454,8
2026-08-30T04:18:46.019252189Z,18.31002,113.458473,Cloud to Cloud,8157,6726,7
2026-08-30T04:18:46.665455215Z,22.068543,113.329727,Cloud to Cloud,-15798,3263,18
2026-08-30T04:18:47.567240603Z,16.179031,130.790204,Cloud to Cloud,-18066,5769,13
2026-08-30T04:18:55.318542227Z,4.495616,113.288245,Cloud to Ground,22290,0,12
2026-08-30T04:18:55.453492762Z,4.488036,113.282518,Cloud to Ground,31366,0,17
2026-08-30T04:18:55.437623997Z,18.405419,113.555003,Cloud to Cloud,-11181,17977,9
2026-08-30T04:18:55.528936491Z,18.398907,113.574742,Cloud to Ground,-8951,0,8
2026-08-30T04:18:56.629762476Z,18.509247,113.75086,Cloud to Cloud,-6733,14250,6
2026-08-30T04:18:56.479202648Z,18.497535,113.682999,Cloud to Cloud,8628,6315,9
2026-08-30T04:18:57.670706186Z,15.133549,120.040926,Cloud to Cloud,7095,6383,6
2026-08-30T04:18:58.130498753Z,20.134429,115.240909,Cloud to Cloud,-12999,5307,8
2026-08-30T04:18:58.050248299Z,20.134053,115.195645,Cloud to Cloud,-11202,3010,7
2026-08-30T04:18:58.150757194Z,20.110773,115.214303,Cloud to Cloud,-7980,18377,7
2026-08-30T04:18:58.066397001Z,20.12611,115.229684,Cloud to Cloud,-5008,5461,7
2026-08-30T04:18:59.435081166Z,17.595037,113.037138,Cloud to Cloud,7367,11454,9
2026-08-30T04:18:59.825442914Z,17.687665,113.130156,Cloud to Cloud,9297,17547,9
2026-08-30T04:18:59.158329984Z,19.312272,115.108723,Cloud to Cloud,-7656,14793,8
2026-08-30T04:19:01.218764313Z,18.556545,113.663969,Cloud to Cloud,-23503,5094,12
2026-08-30T04:19:01.363306237Z,18.538891,113.650987,Cloud to Ground,-15975,0,14
2026-08-30T04:19:01.421894746Z,18.502765,113.609011,Cloud to Cloud,-11596,5068,7
2026-08-30T04:19:01.367236344Z,18.546572,113.663518,Cloud to Cloud,8258,3076,12
2026-08-30T04:19:02.063086099Z,17.488762,133.21209,Cloud to Ground,-23092,0,13
2026-08-30T04:19:02.082441121Z,17.4917,133.184729,Cloud to Ground,-16064,0,13
2026-08-30T04:19:02.067834248Z,17.506581,133.167938,Cloud to Ground,-14304,0,16
2026-08-30T04:19:02.060804633Z,17.500112,133.202983,Cloud to Ground,-11484,0,9
2026-08-30T04:19:02.083369400Z,17.492969,133.187942,Cloud to Ground,-10220,0,16
2026-08-30T04:19:02.102749634Z,17.487426,133.19243,Cloud to Ground,16065,0,12
2026-08-30T04:19:02.255372931Z,17.451831,133.219485,Cloud to Ground,23029,0,10
2026-08-30T04:19:05.384411019Z,16.771883,127.672231,Cloud to Cloud,-9657,6341,10
2026-08-30T04:19:04.793355625Z,16.772679,127.675323,Cloud to Ground,17156,0,10
2026-08-30T04:19:04.119235358Z,18.348365,116.427633,Cloud to Ground,36517,0,7
2026-08-30T04:19:04.475202705Z,18.447871,116.432946,Cloud to Cloud,-17358,14491,8
2026-08-30T04:19:04.469845057Z,18.501183,116.402411,Cloud to Cloud,6512,11483,6
2026-08-30T04:19:04.118433038Z,18.469625,116.440431,Cloud to Cloud,7911,17964,6
2026-08-30T04:19:04.156987581Z,18.52269,116.470473,Cloud to Cloud,10188,14198,6
2026-08-30T04:19:08.705795996Z,17.613322,120.609259,Cloud to Cloud,67971,13907,15
2026-08-30T04:19:08.094567717Z,19.117803,115.760798,Cloud to Cloud,-9219,3007,7
2026-08-30T04:19:08.088878913Z,19.132795,115.761908,Cloud to Ground,20600,0,11
2026-08-30T04:19:09.666365552Z,18.375886,116.397771,Cloud to Cloud,-9562,10381,7
2026-08-30T04:19:09.319828901Z,19.651261,115.05835,Cloud to Cloud,-13078,17145,7
2026-08-30T04:19:09.529680294Z,19.662612,115.060751,Cloud to Cloud,10202,3021,9
2026-08-30T04:19:10.407402407Z,22.045613,113.307481,Cloud to Cloud,-10005,8411,6
2026-08-30T04:19:09.854806531Z,22.097397,113.266966,Cloud to Cloud,-9821,3014,16
2026-08-30T04:19:09.981585072Z,22.002552,113.338428,Cloud to Cloud,10549,3444,8
2026-08-30T04:19:10.276311944Z,22.108572,113.109279,Cloud to Cloud,9545,3007,7
2026-08-30T04:19:11.279860762Z,4.490559,113.264258,Cloud to Ground,-13542,0,5
2026-08-30T04:19:11.427742878Z,18.534178,113.689278,Cloud to Cloud,-12384,5191,16
2026-08-30T04:19:11.654549594Z,18.511973,113.654218,Cloud to Cloud,-9708,10265,6
2026-08-30T04:19:11.457350101Z,18.517451,113.693202,Cloud to Ground,-9230,0,7
2026-08-30T04:19:11.451501711Z,18.530114,113.701868,Cloud to Cloud,-8671,3543,10
2026-08-30T04:19:11.392985483Z,18.534536,113.688217,Cloud to Ground,13667,0,14
2026-08-30T04:19:12.816037864Z,20.282577,114.284652,Cloud to Cloud,-10806,3623,7
2026-08-30T04:19:12.417785742Z,20.234467,114.289156,Cloud to Cloud,13937,3072,10
2026-08-30T04:19:12.189758835Z,17.371919,112.937967,Cloud to Cloud,-8039,5217,7
2026-08-30T04:19:12.177878174Z,17.363364,112.901274,Cloud to Cloud,10553,14555,9
2026-08-30T04:19:14.059680981Z,19.391166,114.897797,Cloud to Cloud,-11203,3019,8
2026-08-30T04:19:13.982217992Z,19.405451,114.939745,Cloud to Cloud,8930,3149,6
2026-08-30T04:19:13.828051790Z,19.401463,114.844527,Cloud to Ground,24601,0,7
2026-08-30T04:19:13.435518254Z,19.603786,114.112985,Cloud to Cloud,-12897,3025,12
2026-08-30T04:19:13.434298725Z,19.588961,114.125776,Cloud to Cloud,17091,3839,13
2026-08-30T04:19:14.289321183Z,17.529679,112.958826,Cloud to Cloud,-6277,3007,7
2026-08-30T04:19:15.744148257Z,16.073413,130.457719,Cloud to Cloud,-22851,7844,10
2026-08-30T04:19:15.994508356Z,16.096386,130.477548,Cloud to Cloud,-13719,4308,8
2026-08-30T04:19:15.926392990Z,16.105079,130.479265,Cloud to Cloud,-12795,6078,10
2026-08-30T04:19:15.741227025Z,16.0823,130.395635,Cloud to Cloud,-12167,3692,8
2026-08-30T04:19:15.737639920Z,16.110018,130.330383,Cloud to Ground,16271,0,8
2026-08-30T04:19:15.989797495Z,16.23753,129.387045,Cloud to Cloud,-22402,3014,14
2026-08-30T04:19:15.374239294Z,19.136355,115.895546,Cloud to Ground,-9753,0,9
2026-08-30T04:19:15.421984939Z,19.137362,115.896547,Cloud to Ground,-8587,0,7
2026-08-30T04:19:15.076674140Z,21.718468,112.816615,Cloud to Cloud,-6941,6020,10
2026-08-30T04:19:16.575417985Z,22.01662,113.204927,Cloud to Ground,-9692,0,7
2026-08-30T04:19:16.966091265Z,22.001807,113.216933,Cloud to Ground,-9534,0,6
2026-08-30T04:19:16.775120591Z,22.012456,113.210804,Cloud to Cloud,-8568,4873,8
2026-08-30T04:19:17.206659751Z,21.922123,113.215758,Cloud to Cloud,9228,3002,7
2026-08-30T04:19:16.472495269Z,22.009698,113.218166,Cloud to Cloud,12329,3023,10
2026-08-30T04:19:16.537653785Z,21.977588,113.226257,Cloud to Ground,18634,0,12
2026-08-30T04:19:18.861189955Z,19.561632,114.918171,Cloud to Cloud,5897,4669,6
2026-08-30T04:19:19.752127039Z,18.497842,113.775683,Cloud to Cloud,-10382,3062,12
2026-08-30T04:19:19.824545511Z,18.496375,113.760831,Cloud to Cloud,6032,11157,7
2026-08-30T04:19:22.222177224Z,18.887574,118.263563,Cloud to Ground,-5640,0,8
2026-08-30T04:19:22.328882930Z,18.888689,118.263728,Cloud to Cloud,4932,3314,8
2026-08-30T04:19:22.212875130Z,18.891562,118.260922,Cloud to Cloud,5722,7998,6
2026-08-30T04:19:22.207920974Z,18.891181,118.271146,Cloud to Cloud,6005,19412,8
2026-08-30T04:19:22.202282993Z,18.888349,118.278624,Cloud to Cloud,6353,14643,6
2026-08-30T04:19:22.205053375Z,18.893968,118.27441,Cloud to Ground,11122,0,11
2026-08-30T04:19:22.956103066Z,16.603997,120.076367,Cloud to Cloud,7456,5875,9
2026-08-30T04:19:22.812378850Z,18.446919,116.378181,Cloud to Cloud,-6754,3015,8
2026-08-30T04:19:23.527230244Z,16.959416,132.004784,Cloud to Ground,-17046,0,8
2026-08-30T04:19:23.884409201Z,16.987667,131.987198,Cloud to Ground,-15943,0,12
2026-08-30T04:19:24.025672639Z,16.963235,131.946717,Cloud to Ground,-14254,0,12
2026-08-30T04:19:23.771324843Z,16.991172,132.044416,Cloud to Cloud,-13133,4791,9
2026-08-30T04:19:24.015768025Z,16.965087,131.945696,Cloud to Ground,-11708,0,10
2026-08-30T04:19:23.502210842Z,16.715304,127.639713,Cloud to Cloud,10411,3016,10
2026-08-30T04:19:23.493609209Z,16.719868,127.628449,Cloud to Cloud,14073,13145,9
2026-08-30T04:19:22.798284703Z,18.300785,113.537253,Cloud to Cloud,-8058,5077,7
2026-08-30T04:19:23.006077421Z,18.325229,113.551169,Cloud to Cloud,13088,4351,6
2026-08-30T04:19:24.430290469Z,17.108641,132.10781,Cloud to Ground,9908,0,9
2026-08-30T04:19:24.845110517Z,19.240185,116.363319,Cloud to Cloud,14857,16624,7
2026-08-30T04:19:25.943608514Z,17.953434,113.164451,Cloud to Cloud,-20192,8922,6
2026-08-30T04:19:25.956918050Z,17.998165,113.304508,Cloud to Cloud,-19349,5594,12
2026-08-30T04:19:25.942649594Z,17.957432,113.195956,Cloud to Cloud,-16862,10646,7
2026-08-30T04:19:25.944325736Z,17.957369,113.169232,Cloud to Cloud,-15112,7845,8
2026-08-30T04:19:25.958185856Z,18.008645,113.305056,Cloud to Cloud,-13974,19114,8
2026-08-30T04:19:25.967516791Z,17.976988,113.25491,Cloud to Cloud,-10434,5800,8
2026-08-30T04:19:25.949846644Z,18.066979,113.272098,Cloud to Ground,-9802,0,15
2026-08-30T04:19:26.203034165Z,17.984036,113.300086,Cloud to Ground,11064,0,10
2026-08-30T04:19:25.924555867Z,18.001538,113.184737,Cloud to Cloud,24555,11160,11
2026-08-30T04:19:25.922639061Z,18.017666,113.31129,Cloud to Ground,25920,0,17
2026-08-30T04:19:25.179324754Z,20.19794,114.401595,Cloud to Cloud,10545,18270,7
2026-08-30T04:19:26.234490650Z,16.778397,127.67744,Cloud to Ground,-28249,0,15
2026-08-30T04:19:26.782758037Z,16.773225,127.529113,Cloud to Ground,-14995,0,24
2026-08-30T04:19:26.372646989Z,16.815892,127.721621,Cloud to Cloud,-11226,11600,10
2026-08-30T04:19:26.274714776Z,16.778103,127.671879,Cloud to Ground,-9986,0,7
2026-08-30T04:19:26.297357000Z,16.7962,127.5898,Cloud to Ground,16482,0,6
2026-08-30T04:19:26.371863968Z,16.790839,127.727574,Cloud to Ground,112371,0,14
2026-08-30T04:19:26.864498963Z,18.51206,113.67267,Cloud to Ground,-12888,0,12
2026-08-30T04:19:26.908968042Z,18.434618,113.5496,Cloud to Cloud,-9496,6686,7
2026-08-30T04:19:27.213939273Z,18.490056,113.558778,Cloud to Cloud,6106,3016,5
2026-08-30T04:19:27.134437822Z,18.517239,113.637075,Cloud to Cloud,7615,7801,7
2026-08-30T04:19:28.106622634Z,19.439756,114.498151,Cloud to Cloud,6467,16705,10
2026-08-30T04:19:28.285010442Z,18.799586,114.125676,Cloud to Cloud,-8086,3142,6
2026-08-30T04:19:28.935489330Z,20.152639,115.214996,Cloud to Cloud,5478,7158,7
2026-08-30T04:19:28.946679608Z,20.137517,115.205156,Cloud to Cloud,5919,12361,6
2026-08-30T04:19:28.742428807Z,20.13635,115.131247,Cloud to Ground,10132,0,7
2026-08-30T04:19:28.103180652Z,19.440303,114.685565,Cloud to Ground,-12950,0,9
2026-08-30T04:19:28.143060429Z,19.465914,114.719495,Cloud to Cloud,-9397,6315,7
2026-08-30T04:19:28.174610738Z,19.442016,114.716793,Cloud to Cloud,12434,4201,7
2026-08-30T04:19:28.131584165Z,19.459657,114.769573,Cloud to Ground,50892,0,12
2026-08-30T04:19:28.908950579Z,17.798388,128.449465,Cloud to Ground,-24636,0,11
2026-08-30T04:19:29.000002000Z,17.7829,128.4531,Cloud to Ground,19005,0,5
2026-08-30T04:19:28.941363492Z,17.805573,128.478775,Cloud to Ground,51756,0,12
2026-08-30T04:19:28.601700236Z,17.552291,113.061215,Cloud to Cloud,7486,3038,7
2026-08-30T04:19:28.427540511Z,17.534442,112.976611,Cloud to Ground,17110,0,6
2026-08-30T04:19:29.030235439Z,17.776426,128.336466,Cloud to Ground,-17309,0,18
2026-08-30T04:19:29.049140138Z,20.298168,113.540387,Cloud to Cloud,-15694,3880,10
2026-08-30T04:19:29.612356247Z,20.289232,113.537873,Cloud to Cloud,-10904,7834,7
2026-08-30T04:19:29.170462855Z,20.26134,113.574297,Cloud to Cloud,7444,5611,9
2026-08-30T04:19:29.010433699Z,20.281253,113.547355,Cloud to Ground,18248,0,10
2026-08-30T04:19:30.997044659Z,18.438159,113.592487,Cloud to Ground,-11077,0,7
2026-08-30T04:19:30.988970601Z,18.435765,113.48558,Cloud to Cloud,-12576,6159,10
2026-08-30T04:19:30.929680491Z,19.133271,115.79904,Cloud to Ground,-18906,0,11
2026-08-30T04:19:30.129522812Z,21.714668,112.880755,Cloud to Cloud,-9732,17170,13
2026-08-30T04:19:31.831251511Z,19.774406,114.82764,Cloud to Cloud,-12359,18186,7
2026-08-30T04:19:31.761500773Z,19.778542,114.835182,Cloud to Cloud,8180,3023,10
2026-08-30T04:19:31.762149821Z,19.757647,114.749545,Cloud to Cloud,11058,6540,10
2026-08-30T04:19:31.763148369Z,19.781757,114.834128,Cloud to Cloud,23780,7361,19
2026-08-30T04:19:31.911428067Z,18.464211,116.324847,Cloud to Cloud,17465,14630,8
2026-08-30T04:19:32.640451646Z,22.142059,113.332541,Cloud to Cloud,-39150,16092,15
2026-08-30T04:19:32.757224493Z,22.149209,113.328897,Cloud to Cloud,-38403,12536,13
2026-08-30T04:19:32.698371941Z,22.146697,113.23098,Cloud to Cloud,5832,5259,6
2026-08-30T04:19:32.782065279Z,22.132116,113.324198,Cloud to Ground,17331,0,10
2026-08-30T04:19:34.981306063Z,18.875847,118.170193,Cloud to Cloud,-24660,3034,12
2026-08-30T04:19:35.005726244Z,18.868673,118.134098,Cloud to Cloud,-6015,3010,7
2026-08-30T04:19:34.964100029Z,18.853074,118.108111,Cloud to Cloud,-3770,5032,6
2026-08-30T04:19:34.959394910Z,18.900124,118.213518,Cloud to Cloud,11592,3011,8
2026-08-30T04:19:35.438374210Z,4.095525,112.816735,Cloud to Ground,-11860,0,6
2026-08-30T04:19:35.925064928Z,18.301444,113.269734,Cloud to Ground,-12089,0,6
2026-08-30T04:19:35.848844708Z,18.239905,113.41864,Cloud to Cloud,20200,5113,12
2026-08-30T04:19:35.791832524Z,18.249736,113.368495,Cloud to Ground,22300,0,10
2026-08-30T04:19:36.758627717Z,14.892853,121.008198,Cloud to Cloud,9404,14546,9
2026-08-30T04:19:36.757645850Z,14.912891,121.151437,Cloud to Cloud,9003,8540,10
2026-08-30T04:19:37.045567010Z,20.03919,114.160493,Cloud to Cloud,-8846,6301,9
2026-08-30T04:19:37.116940087Z,20.018598,114.16419,Cloud to Ground,56171,0,16
2026-08-30T04:19:40.887621387Z,4.56811,113.302597,Cloud to Ground,10953,0,7
2026-08-30T04:19:40.661911774Z,4.521891,113.289842,Cloud to Ground,12586,0,14
2026-08-30T04:19:40.832899510Z,4.477026,113.283384,Cloud to Ground,20023,0,7
2026-08-30T04:19:40.768035626Z,4.476329,113.293929,Cloud to Ground,44171,0,17
2026-08-30T04:19:40.268671584Z,18.520264,113.626521,Cloud to Cloud,-10197,15513,11
2026-08-30T04:19:40.107327065Z,18.534951,113.691041,Cloud to Cloud,-8365,3008,6
2026-08-30T04:19:40.414318995Z,18.524889,113.67777,Cloud to Cloud,-7667,19429,9
2026-08-30T04:19:41.082426667Z,19.073411,115.662285,Cloud to Ground,-24203,0,8
2026-08-30T04:19:41.084629649Z,19.171308,115.795779,Cloud to Cloud,-11673,3003,11
2026-08-30T04:19:40.752011635Z,19.128986,115.781807,Cloud to Cloud,8836,3075,7
2026-08-30T04:19:45.417632732Z,18.422667,116.355165,Cloud to Cloud,8659,3000,9
2026-08-30T04:19:46.207549114Z,16.836378,131.671359,Cloud to Ground,-24277,0,10
2026-08-30T04:19:46.928022656Z,22.004344,113.222334,Cloud to Cloud,-7780,3005,10
2026-08-30T04:19:49.509792027Z,15.081794,120.095465,Cloud to Cloud,5990,8208,6
2026-08-30T04:19:49.483877891Z,18.4833,113.766284,Cloud to Cloud,-14830,3013,14
2026-08-30T04:19:49.335793000Z,19.1097,115.6262,Cloud to Ground,-25616,0,9
2026-08-30T04:19:49.531678708Z,19.140826,115.701753,Cloud to Ground,-7545,0,7
2026-08-30T04:19:50.216875218Z,18.689013,114.279765,Cloud to Cloud,-15693,3120,8
2026-08-30T04:19:50.213091450Z,18.673447,114.286022,Cloud to Cloud,-11601,4331,8
2026-08-30T04:19:50.220019218Z,18.678139,114.273288,Cloud to Cloud,-9923,3009,7
2026-08-30T04:19:50.214467130Z,18.651824,114.186483,Cloud to Cloud,10014,3008,8
2026-08-30T04:19:50.278558377Z,18.478353,116.436881,Cloud to Cloud,15903,3017,10
2026-08-30T04:19:51.498895000Z,15.9556,129.8731,Cloud to Ground,-18278,0,6
2026-08-30T04:19:51.535850297Z,15.972195,129.82058,Cloud to Ground,11593,0,10
2026-08-30T04:19:51.577378544Z,18.544576,113.662746,Cloud to Ground,-17463,0,12
2026-08-30T04:19:51.228914097Z,18.535055,113.65648,Cloud to Ground,32425,0,18
2026-08-30T04:19:52.994274307Z,4.095353,112.838678,Cloud to Ground,-33590,0,5
2026-08-30T04:19:53.701864503Z,18.850523,118.253891,Cloud to Cloud,12325,3127,9
2026-08-30T04:19:53.441046020Z,20.291237,113.548703,Cloud to Cloud,-11579,3069,8
2026-08-30T04:19:53.184764447Z,20.283251,113.511366,Cloud to Cloud,-9123,3048,8
2026-08-30T04:19:53.512276153Z,20.264135,113.51809,Cloud to Cloud,10105,13507,10
2026-08-30T04:19:53.188576662Z,20.29583,113.431628,Cloud to Cloud,11305,8845,6
2026-08-30T04:19:53.173403482Z,20.29289,113.547878,Cloud to Cloud,13389,13732,9
2026-08-30T04:19:53.200374579Z,21.713638,112.823664,Cloud to Cloud,-11587,3045,15
2026-08-30T04:19:54.267134198Z,3.804338,113.494082,Cloud to Ground,-10266,0,6
2026-08-30T04:19:54.688818490Z,21.824477,112.63446,Cloud to Cloud,8128,16901,9
2026-08-30T04:19:54.694096735Z,21.82982,112.750395,Cloud to Ground,-12397,0,7
2026-08-30T04:19:54.691272020Z,21.812121,112.750124,Cloud to Cloud,-9947,7130,9
2026-08-30T04:19:54.703119772Z,21.847105,112.769577,Cloud to Ground,-9016,0,7
2026-08-30T04:19:54.687320565Z,21.823833,112.736538,Cloud to Ground,19731,0,10
2026-08-30T04:19:55.973796341Z,16.771158,127.653064,Cloud to Cloud,9028,10586,7
2026-08-30T04:19:55.908241641Z,20.182776,114.753697,Cloud to Cloud,-23180,3018,10
2026-08-30T04:19:55.968947951Z,20.131581,114.827172,Cloud to Cloud,-15393,4217,8
2026-08-30T04:19:55.924488466Z,20.145206,114.837856,Cloud to Cloud,-12946,10220,11
2026-08-30T04:19:56.041286926Z,20.147795,114.75769,Cloud to Cloud,7053,9297,9
2026-08-30T04:19:56.466593741Z,20.170798,114.675432,Cloud to Cloud,8224,3015,7
2026-08-30T04:19:55.906043787Z,20.151484,114.833387,Cloud to Cloud,9080,3047,11
2026-08-30T04:19:56.438595443Z,20.109125,114.767589,Cloud to Ground,31864,0,14
2026-08-30T04:19:56.894297674Z,18.90098,114.349121,Cloud to Ground,-9157,0,10
2026-08-30T04:19:56.918801266Z,20.222991,114.308541,Cloud to Cloud,-7404,5602,10
2026-08-30T04:19:56.413679526Z,22.265841,113.343435,Cloud to Cloud,-7675,3037,7
2026-08-30T04:19:57.722441626Z,14.541354,121.904551,Cloud to Cloud,12748,3015,8
2026-08-30T04:19:57.724770979Z,14.612503,121.822191,Cloud to Cloud,13518,10947,7
2026-08-30T04:19:58.787710328Z,20.230276,113.902569,Cloud to Cloud,-9831,11021,8
2026-08-30T04:19:58.783731508Z,20.209806,113.890524,Cloud to Cloud,11837,4247,7
2026-08-30T04:19:59.324171510Z,20.185911,114.063226,Cloud to Cloud,4666,17421,6
2026-08-30T04:19:58.774880066Z,20.199076,114.009434,Cloud to Cloud,14975,3305,9
2026-08-30T04:19:58.434221447Z,18.970944,117.489977,Cloud to Ground,-16102,0,11
2026-08-30T04:19:58.509880699Z,18.967914,117.495172,Cloud to Ground,-14640,0,8
2026-08-30T04:19:58.479060234Z,18.978745,117.497765,Cloud to Ground,-13053,0,10
2026-08-30T04:19:58.658903718Z,18.980347,117.49682,Cloud to Ground,-11439,0,7
2026-08-30T04:19:58.862562780Z,20.378176,113.970629,Cloud to Cloud,12092,4676,9
2026-08-30T04:19:59.649844464Z,22.095309,113.245162,Cloud to Ground,-9501,0,8
2026-08-30T04:19:59.758213277Z,22.084541,113.258738,Cloud to Cloud,-8507,3847,7
2026-08-30T04:19:59.741899007Z,22.099404,113.304722,Cloud to Ground,-8177,0,10
2026-08-30T04:20:01.906160461Z,17.062762,131.998079,Cloud to Ground,-19538,0,19
2026-08-30T04:20:01.825530045Z,17.075339,132.085992,Cloud to Ground,-16223,0,9
2026-08-30T04:20:02.305470838Z,17.058,132.065192,Cloud to Ground,-15648,0,12
2026-08-30T04:20:02.083779554Z,17.03195,132.164825,Cloud to Ground,-11653,0,10
2026-08-30T04:20:01.817945097Z,17.079571,132.087595,Cloud to Ground,-11618,0,6
2026-08-30T04:20:01.678471959Z,17.020512,132.061011,Cloud to Cloud,7579,6472,7
2026-08-30T04:20:01.705477472Z,17.033628,132.060956,Cloud to Ground,9989,0,9
2026-08-30T04:20:01.499459556Z,17.001667,132.019556,Cloud to Ground,17332,0,11
2026-08-30T04:20:01.311542309Z,18.502314,117.224843,Cloud to Cloud,-12291,4004,6
2026-08-30T04:20:01.173739046Z,18.436977,117.216225,Cloud to Cloud,-10649,3024,11
2026-08-30T04:20:01.171087974Z,18.451267,117.207021,Cloud to Cloud,17843,7995,14
2026-08-30T04:20:01.839639620Z,19.275937,114.990004,Cloud to Cloud,10667,3010,8
2026-08-30T04:20:02.400852474Z,18.452004,113.614375,Cloud to Ground,-22406,0,9
2026-08-30T04:20:02.274297346Z,18.444483,113.610446,Cloud to Cloud,-22280,3026,12
2026-08-30T04:20:02.431800161Z,18.465928,113.610777,Cloud to Ground,8101,0,6
2026-08-30T04:20:02.401562683Z,18.500487,113.625979,Cloud to Cloud,9724,5567,7
2026-08-30T04:20:03.720295977Z,22.066884,113.296815,Cloud to Cloud,-11938,6384,12
2026-08-30T04:20:04.221770916Z,18.416685,116.395234,Cloud to Cloud,-11621,3073,9
2026-08-30T04:20:04.845765669Z,16.830953,127.721441,Cloud to Cloud,-11685,5440,7
2026-08-30T04:20:04.345215830Z,16.79196,127.876198,Cloud to Cloud,-10263,4579,7
2026-08-30T04:20:04.283230839Z,16.785939,127.867482,Cloud to Cloud,-7924,8181,7
2026-08-30T04:20:04.324528068Z,16.840335,127.750446,Cloud to Cloud,6100,3853,7
2026-08-30T04:20:04.317723578Z,16.804289,127.904715,Cloud to Cloud,7485,17206,8
2026-08-30T04:20:04.602485566Z,16.777905,127.791717,Cloud to Cloud,8726,16981,11
2026-08-30T04:20:04.144691937Z,17.995706,113.310317,Cloud to Cloud,9962,3109,6
2026-08-30T04:20:05.533104517Z,18.303076,113.460607,Cloud to Ground,17885,0,10
2026-08-30T04:20:05.386377711Z,18.319908,113.579265,Cloud to Cloud,-9490,7922,7
2026-08-30T04:20:05.307412023Z,18.50354,113.762719,Cloud to Cloud,8111,13301,7
2026-08-30T04:20:07.400539071Z,18.537336,113.66192,Cloud to Cloud,-7583,6315,10
2026-08-30T04:20:07.247106579Z,18.531438,113.670304,Cloud to Cloud,-5696,5384,5
2026-08-30T04:20:07.046376497Z,18.538522,113.641559,Cloud to Cloud,9207,5443,6
2026-08-30T04:20:06.784884037Z,18.525141,113.586958,Cloud to Ground,23552,0,11
2026-08-30T04:20:07.413844675Z,14.27956,120.766888,Cloud to Cloud,11895,6421,8
2026-08-30T04:20:07.416314085Z,14.276984,120.772333,Cloud to Ground,21453,0,12
2026-08-30T04:20:08.990069898Z,4.479977,113.274193,Cloud to Ground,27666,0,12
2026-08-30T04:20:08.393877839Z,21.979599,113.223812,Cloud to Cloud,-12781,15716,7
2026-08-30T04:20:08.387421027Z,21.988828,113.2146,Cloud to Cloud,-10879,12866,6
2026-08-30T04:20:09.895814080Z,20.245649,114.397085,Cloud to Ground,-40631,0,16
2026-08-30T04:20:09.921906012Z,20.229255,114.401216,Cloud to Cloud,-14094,5357,10
2026-08-30T04:20:09.896899000Z,20.2003,114.4021,Cloud to Ground,18368,0,6
2026-08-30T04:20:09.912280535Z,20.227914,114.402763,Cloud to Ground,34279,0,9
2026-08-30T04:20:09.566757854Z,19.372105,116.885446,Cloud to Ground,36913,0,17
2026-08-30T04:20:09.230583123Z,19.431701,116.764421,Cloud to Ground,12830,0,7
2026-08-30T04:20:09.293150437Z,17.760946,113.270949,Cloud to Ground,-17031,0,6
2026-08-30T04:20:09.291220642Z,17.733955,113.290766,Cloud to Cloud,-15497,7963,8
2026-08-30T04:20:11.985115562Z,18.495531,113.680037,Cloud to Cloud,4835,19173,6
2026-08-30T04:20:12.695134208Z,19.854176,115.059919,Cloud to Cloud,-32770,7175,13
2026-08-30T04:20:12.700257514Z,19.828611,115.045675,Cloud to Cloud,-12574,3179,7
2026-08-30T04:20:12.804332000Z,19.9899,114.9459,Cloud to Ground,2977,0,6
2026-08-30T04:20:12.668971544Z,16.840497,127.612489,Cloud to Ground,-22458,0,20
2026-08-30T04:20:12.486921543Z,22.096687,113.094234,Cloud to Ground,19746,0,7
2026-08-30T04:20:12.614644144Z,22.096755,113.265764,Cloud to Ground,-14836,0,10
2026-08-30T04:20:12.288004251Z,22.139314,113.183148,Cloud to Ground,20769,0,12
2026-08-30T04:20:12.618756148Z,22.173257,113.305191,Cloud to Cloud,24828,11410,9
2026-08-30T04:20:13.634490074Z,16.004499,130.520536,Cloud to Ground,47127,0,10
2026-08-30T04:20:13.631059156Z,16.093833,130.371245,Cloud to Cloud,13949,9847,9
2026-08-30T04:20:14.311982455Z,17.159656,132.142786,Cloud to Ground,-17781,0,8
2026-08-30T04:20:14.146206767Z,17.130549,132.085348,Cloud to Ground,-12331,0,8
2026-08-30T04:20:14.147118604Z,17.114207,132.094225,Cloud to Ground,-10120,0,7
2026-08-30T04:20:14.375715927Z,17.139561,132.119773,Cloud to Ground,16794,0,15
2026-08-30T04:20:14.144728608Z,17.143702,132.111847,Cloud to Ground,19137,0,13
2026-08-30T04:20:14.308216989Z,17.128367,132.127553,Cloud to Ground,34243,0,17
2026-08-30T04:20:13.772627764Z,17.127532,132.114378,Cloud to Ground,67074,0,21
2026-08-30T04:20:14.234931084Z,17.143913,132.116091,Cloud to Ground,67815,0,13
2026-08-30T04:20:14.072813567Z,17.137736,132.122173,Cloud to Ground,90003,0,21
2026-08-30T04:20:13.925910412Z,17.135243,132.072885,Cloud to Ground,90970,0,18
2026-08-30T04:20:13.992193567Z,19.390322,115.004676,Cloud to Ground,47861,0,11
2026-08-30T04:20:13.671446416Z,19.080724,115.78096,Cloud to Cloud,-11414,17396,7
2026-08-30T04:20:13.322152625Z,16.122161,120.167376,Cloud to Cloud,12517,5543,15
2026-08-30T04:20:14.427017258Z,17.145284,131.942683,Cloud to Ground,-13931,0,8
2026-08-30T04:20:14.122106539Z,18.41189,116.35776,Cloud to Cloud,-12547,5290,8
2026-08-30T04:20:15.384978156Z,20.269621,113.569835,Cloud to Cloud,-20751,3187,9
2026-08-30T04:20:15.827540554Z,20.279506,113.550475,Cloud to Cloud,-11691,3101,11
2026-08-30T04:20:15.377694397Z,20.308498,113.458568,Cloud to Cloud,10658,5430,12
2026-08-30T04:20:15.724411359Z,20.299224,113.533768,Cloud to Cloud,11188,4597,6
2026-08-30T04:20:19.793326459Z,19.666413,115.061464,Cloud to Cloud,3159,15223,5
2026-08-30T04:20:19.567706417Z,19.658613,115.064695,Cloud to Cloud,17001,16431,8
2026-08-30T04:20:19.569026450Z,19.631797,115.066827,Cloud to Ground,31937,0,7
2026-08-30T04:20:21.884446300Z,18.931984,118.299516,Cloud to Ground,-31160,0,14
2026-08-30T04:20:22.224893572Z,18.931321,118.304789,Cloud to Ground,-10844,0,11
2026-08-30T04:20:22.103414619Z,18.933382,118.299707,Cloud to Ground,-8586,0,9
2026-08-30T04:20:22.082614221Z,18.924159,118.27136,Cloud to Ground,-4432,0,6
2026-08-30T04:20:22.091286064Z,18.881548,118.257379,Cloud to Cloud,3968,5975,7
2026-08-30T04:20:22.267351123Z,18.954728,118.289568,Cloud to Cloud,6662,7472,7
2026-08-30T04:20:22.093504505Z,18.952022,118.294585,Cloud to Cloud,7280,4366,8
2026-08-30T04:20:23.174925157Z,17.855677,125.196597,Cloud to Ground,-61413,0,16
2026-08-30T04:20:23.274778856Z,17.818012,125.213109,Cloud to Ground,-40517,0,13
2026-08-30T04:20:23.613854589Z,17.819068,125.222276,Cloud to Ground,-13018,0,9
2026-08-30T04:20:23.776781481Z,17.260411,120.668485,Cloud to Cloud,9445,6313,12
2026-08-30T04:20:23.775726183Z,17.203612,120.739866,Cloud to Ground,12819,0,14
2026-08-30T04:20:24.871810944Z,18.418984,117.192917,Cloud to Cloud,7367,19114,8
2026-08-30T04:20:25.659514728Z,18.404903,116.404657,Cloud to Ground,-17165,0,9
2026-08-30T04:20:26.621662454Z,16.811427,131.710011,Cloud to Cloud,-31995,4244,13
2026-08-30T04:20:26.605747272Z,16.95016,131.718077,Cloud to Ground,-12474,0,12
2026-08-30T04:20:26.605078019Z,16.946303,131.714011,Cloud to Ground,-9752,0,7
2026-08-30T04:20:26.636550380Z,16.939857,131.714647,Cloud to Cloud,-9584,12817,12
2026-08-30T04:20:26.600478288Z,16.937572,131.731294,Cloud to Ground,9337,0,13
2026-08-30T04:20:26.599500906Z,16.934577,131.727816,Cloud to Ground,15269,0,8
2026-08-30T04:20:26.602061624Z,16.932953,131.718513,Cloud to Ground,20599,0,12
2026-08-30T04:20:27.117556974Z,4.195442,112.908638,Cloud to Ground,-9233,0,7
2026-08-30T04:20:27.449613425Z,4.141335,112.862786,Cloud to Ground,13918,0,7
2026-08-30T04:20:27.267997086Z,4.108264,112.84863,Cloud to Ground,15524,0,7
2026-08-30T04:20:27.105232702Z,4.085439,112.842153,Cloud to Ground,16265,0,6
2026-08-30T04:20:27.208925957Z,4.159523,112.857129,Cloud to Ground,27353,0,8
2026-08-30T04:20:29.760441812Z,18.545445,113.694134,Cloud to Ground,-68789,0,15
2026-08-30T04:20:29.873694833Z,18.55448,113.707651,Cloud to Cloud,-22161,3209,13
2026-08-30T04:20:29.813434380Z,18.561251,113.703041,Cloud to Ground,-14636,0,11
2026-08-30T04:20:29.954641078Z,18.554093,113.707006,Cloud to Ground,-12606,0,8
2026-08-30T04:20:30.048011214Z,18.55869,113.704503,Cloud to Ground,-8672,0,8
2026-08-30T04:20:29.808516830Z,18.529756,113.674994,Cloud to Ground,25462,0,12
2026-08-30T04:20:29.910051000Z,18.5615,113.6862,Cloud to Ground,41045,0,12
2026-08-30T04:20:29.835367400Z,18.538411,113.708779,Cloud to Ground,49162,0,9
2026-08-30T04:20:29.000332150Z,14.503064,121.085855,Cloud to Ground,40573,0,9
2026-08-30T04:20:29.965315182Z,20.159506,115.22801,Cloud to Ground,20745,0,9
2026-08-30T04:20:30.478323527Z,16.610067,120.140699,Cloud to Cloud,5275,5313,8
2026-08-30T04:20:31.523774722Z,20.238998,114.346134,Cloud to Cloud,-9231,3427,9
2026-08-30T04:20:31.523053274Z,20.220453,114.31118,Cloud to Ground,14451,0,12
2026-08-30T04:20:32.175215794Z,18.300575,113.643699,Cloud to Cloud,-29646,3002,12
2026-08-30T04:20:32.333416991Z,18.363199,113.577238,Cloud to Cloud,-11539,5448,9
2026-08-30T04:20:33.131578759Z,18.318061,113.471723,Cloud to Cloud,-11531,3020,9
2026-08-30T04:20:33.141347265Z,18.330974,113.424137,Cloud to Cloud,-9136,3014,9
2026-08-30T04:20:33.139189098Z,18.336167,113.447603,Cloud to Ground,-5763,0,7
2026-08-30T04:20:33.129211329Z,18.335615,113.473555,Cloud to Cloud,8323,6237,8
2026-08-30T04:20:33.134404022Z,18.325804,113.366859,Cloud to Cloud,13026,3020,8
2026-08-30T04:20:34.521474398Z,18.533969,113.678601,Cloud to Cloud,-9273,4101,8
2026-08-30T04:20:34.288958233Z,18.520394,113.677239,Cloud to Cloud,-6908,3031,8
2026-08-30T04:20:35.139689171Z,22.023339,113.10033,Cloud to Ground,8230,0,8
2026-08-30T04:20:35.061480836Z,22.015628,113.230982,Cloud to Cloud,-22907,7271,16
2026-08-30T04:20:35.363027014Z,22.003762,113.220317,Cloud to Cloud,-7365,5130,7
2026-08-30T04:20:35.886531822Z,19.521511,114.953902,Cloud to Cloud,-7226,7722,8
2026-08-30T04:20:35.907114027Z,18.872605,118.25,Cloud to Cloud,-7525,4748,8
2026-08-30T04:20:36.018103071Z,18.940325,118.279583,Cloud to Cloud,6171,7673,7
2026-08-30T04:20:38.910094122Z,17.028095,127.581094,Cloud to Cloud,-16690,9382,7
2026-08-30T04:20:38.905239961Z,17.013064,127.597695,Cloud to Ground,15968,0,11
2026-08-30T04:20:39.818897112Z,18.518569,113.691572,Cloud to Cloud,8697,3042,7
2026-08-30T04:20:39.577942743Z,19.964321,114.361103,Cloud to Ground,-12168,0,8
2026-08-30T04:20:40.875600046Z,18.377474,113.484784,Cloud to Cloud,-15732,4812,8
2026-08-30T04:20:40.123833354Z,18.492693,113.539605,Cloud to Ground,-21567,0,11
2026-08-30T04:20:40.428217170Z,18.47712,113.37025,Cloud to Ground,-14462,0,8
2026-08-30T04:20:40.424445954Z,18.467896,113.375875,Cloud to Ground,-12139,0,9
2026-08-30T04:20:40.126002761Z,18.490219,113.50512,Cloud to Cloud,-11966,3141,8
2026-08-30T04:20:40.152749433Z,18.471505,113.50857,Cloud to Ground,-11394,0,8
2026-08-30T04:20:40.369761110Z,18.499972,113.464216,Cloud to Cloud,13185,15058,10
2026-08-30T04:20:40.123312831Z,18.493762,113.455018,Cloud to Ground,16368,0,11
2026-08-30T04:20:40.135055191Z,18.491196,113.541619,Cloud to Cloud,28679,3000,14
2026-08-30T04:20:40.124535997Z,18.491964,113.533389,Cloud to Ground,37708,0,13
2026-08-30T04:20:41.525947717Z,17.022734,131.965508,Cloud to Ground,-19726,0,20
2026-08-30T04:20:41.148992256Z,17.038807,132.042552,Cloud to Ground,-18192,0,14
2026-08-30T04:20:41.487835420Z,16.959454,132.000784,Cloud to Ground,-17970,0,16
2026-08-30T04:20:41.459318607Z,16.981034,131.98864,Cloud to Ground,-14761,0,14
2026-08-30T04:20:41.421197972Z,16.984555,131.994841,Cloud to Ground,-13615,0,13
2026-08-30T04:20:41.457122363Z,16.983032,131.992517,Cloud to Ground,-12701,0,6
2026-08-30T04:20:41.103869087Z,16.989416,131.984737,Cloud to Ground,20762,0,9
2026-08-30T04:20:41.729651341Z,16.964353,131.89481,Cloud to Ground,52296,0,8
2026-08-30T04:20:41.138362865Z,16.147873,130.336502,Cloud to Ground,20298,0,11
2026-08-30T04:20:42.848163617Z,20.300216,113.554031,Cloud to Cloud,-21125,3048,14
2026-08-30T04:20:43.213783249Z,20.282584,113.536901,Cloud to Cloud,-19492,9631,11
2026-08-30T04:20:43.230369801Z,20.283054,113.541544,Cloud to Ground,-14643,0,10
2026-08-30T04:20:43.535521111Z,20.281981,113.546042,Cloud to Cloud,-14446,3302,9
2026-08-30T04:20:42.788118250Z,20.280314,113.541662,Cloud to Cloud,-9920,11128,13
2026-08-30T04:20:42.737424000Z,20.3715,113.4758,Cloud to Ground,4537,0,5
2026-08-30T04:20:43.014455106Z,20.331554,113.517446,Cloud to Cloud,15351,3014,11
2026-08-30T04:20:42.852547615Z,20.280628,113.541496,Cloud to Ground,23220,0,9
2026-08-30T04:20:43.557751002Z,20.409222,113.449929,Cloud to Ground,-10690,0,7
2026-08-30T04:20:43.738234469Z,18.424625,117.202392,Cloud to Ground,-14936,0,12
2026-08-30T04:20:44.119388970Z,16.286737,129.45674,Cloud to Ground,-13760,0,10
2026-08-30T04:20:45.303045033Z,17.408163,113.082395,Cloud to Cloud,-11497,5288,9
2026-08-30T04:20:45.287140122Z,17.418187,113.070087,Cloud to Cloud,-9064,3719,6
2026-08-30T04:20:45.310505562Z,17.423951,113.070915,Cloud to Cloud,-8505,5642,6
2026-08-30T04:20:45.291181533Z,17.420985,113.071976,Cloud to Ground,-7154,0,7
2026-08-30T04:20:44.934997735Z,17.390959,113.090777,Cloud to Ground,-7074,0,6
2026-08-30T04:20:45.098998544Z,17.409149,113.096109,Cloud to Cloud,-6002,16721,9
2026-08-30T04:20:45.290363064Z,17.407849,113.083103,Cloud to Cloud,10633,14257,6
2026-08-30T04:20:45.246471409Z,19.405459,122.877672,Cloud to Cloud,4630,12911,7
2026-08-30T04:20:45.258288560Z,19.393259,122.883845,Cloud to Cloud,5761,4138,8
2026-08-30T04:20:45.254771961Z,19.399616,122.870316,Cloud to Cloud,7237,18401,7
2026-08-30T04:20:46.574383296Z,19.155303,115.862537,Cloud to Cloud,10752,3024,8
2026-08-30T04:20:46.924933872Z,22.146341,113.330171,Cloud to Ground,-62082,0,16
2026-08-30T04:20:47.071062651Z,22.142792,113.3361,Cloud to Ground,-29895,0,13
2026-08-30T04:20:46.561398524Z,22.146386,113.333144,Cloud to Cloud,-21967,3039,18
2026-08-30T04:20:46.609741382Z,22.153699,113.331782,Cloud to Ground,-18101,0,18
2026-08-30T04:20:47.124468886Z,22.157037,113.333507,Cloud to Cloud,-15734,3065,12
2026-08-30T04:20:47.290456052Z,22.151725,113.332402,Cloud to Ground,-13406,0,12
2026-08-30T04:20:47.180936963Z,22.146667,113.336824,Cloud to Ground,-9279,0,8
2026-08-30T04:20:46.925611441Z,22.179954,113.351878,Cloud to Ground,28533,0,13
2026-08-30T04:20:47.487326095Z,22.156849,113.324045,Cloud to Ground,34634,0,20
2026-08-30T04:20:47.949972264Z,18.491687,113.689193,Cloud to Cloud,-17064,7429,11
2026-08-30T04:20:47.589022175Z,18.509042,116.455015,Cloud to Cloud,-15957,3021,10
2026-08-30T04:20:47.570584413Z,18.478988,116.450382,Cloud to Ground,-8431,0,7
2026-08-30T04:20:47.643789455Z,18.499696,116.450623,Cloud to Cloud,5826,12247,6
2026-08-30T04:20:47.572261392Z,18.481937,116.444406,Cloud to Ground,16309,0,10
2026-08-30T04:20:47.302384910Z,20.226241,114.015118,Cloud to Cloud,-11113,4981,8
2026-08-30T04:20:47.548432909Z,20.224356,113.967926,Cloud to Cloud,-10511,7336,7
2026-08-30T04:20:48.323494907Z,16.79076,127.700949,Cloud to Ground,-30150,0,15
2026-08-30T04:20:48.378664807Z,16.792765,127.698319,Cloud to Ground,-17018,0,9
2026-08-30T04:20:48.813497077Z,16.717324,127.662563,Cloud to Ground,-15900,0,7
2026-08-30T04:20:48.870814000Z,16.8034,127.6577,Cloud to Ground,-11860,0,7
2026-08-30T04:20:48.376148394Z,16.792229,127.708162,Cloud to Ground,15859,0,7
2026-08-30T04:20:50.050150064Z,18.446673,116.366149,Cloud to Ground,-11818,0,7
2026-08-30T04:20:49.844061398Z,18.423664,116.368253,Cloud to Ground,13864,0,8
2026-08-30T04:20:49.134021077Z,18.953322,118.285071,Cloud to Cloud,7226,19366,8
2026-08-30T04:20:49.213394782Z,16.769427,127.551864,Cloud to Ground,-16433,0,19
2026-08-30T04:20:51.180054418Z,18.803364,114.020507,Cloud to Cloud,6290,4394,7
2026-08-30T04:20:51.181509957Z,18.79902,114.039131,Cloud to Cloud,8970,3000,10
2026-08-30T04:20:51.714472233Z,19.838615,114.398831,Cloud to Cloud,8946,3024,8
2026-08-30T04:20:51.712840253Z,19.931007,114.436446,Cloud to Cloud,10158,18404,7
2026-08-30T04:20:52.354977620Z,18.607679,119.262789,Cloud to Ground,-6976,0,8
2026-08-30T04:20:52.356893496Z,18.626652,119.258461,Cloud to Ground,-6296,0,11
2026-08-30T04:20:52.164677378Z,18.681979,119.302887,Cloud to Cloud,8392,3037,8
2026-08-30T04:20:53.259587798Z,19.603636,114.12723,Cloud to Cloud,13252,6398,12
2026-08-30T04:20:53.261083514Z,19.584045,114.084609,Cloud to Ground,18641,0,8
2026-08-30T04:20:53.818401441Z,15.138393,120.06639,Cloud to Cloud,5650,13686,10
2026-08-30T04:20:53.433235045Z,15.06666,120.119056,Cloud to Cloud,7138,5209,8
2026-08-30T04:20:53.795055673Z,15.134361,120.062965,Cloud to Ground,7509,0,9
2026-08-30T04:20:53.431859982Z,15.157985,120.1203,Cloud to Ground,14438,0,12
2026-08-30T04:20:54.414456712Z,14.846927,121.066893,Cloud to Cloud,5389,14097,7
2026-08-30T04:20:54.413017223Z,14.85318,121.100434,Cloud to Cloud,9895,3260,7
2026-08-30T04:20:54.415621700Z,14.830017,121.124768,Cloud to Cloud,12505,3001,8
2026-08-30T04:20:54.456782104Z,14.956345,121.146389,Cloud to Ground,22189,0,11
2026-08-30T04:20:54.566662530Z,18.529568,113.548027,Cloud to Cloud,-22195,5671,11
2026-08-30T04:20:54.274911000Z,18.5466,113.6262,Cloud to Ground,-17161,0,5
2026-08-30T04:20:54.279591173Z,18.52383,113.668355,Cloud to Cloud,-7113,13524,7
2026-08-30T04:20:55.853561628Z,14.481529,118.860198,Cloud to Cloud,-13163,18398,7
2026-08-30T04:20:55.835181316Z,14.470996,118.829331,Cloud to Cloud,8045,14493,8
2026-08-30T04:20:55.860663784Z,14.476059,118.870619,Cloud to Cloud,11128,17627,7
2026-08-30T04:20:55.834111682Z,14.415624,118.81785,Cloud to Cloud,12262,7045,6
2026-08-30T04:20:55.773746318Z,18.667316,117.997919,Cloud to Cloud,-8381,17911,6
2026-08-30T04:20:57.215518056Z,18.686217,114.287289,Cloud to Cloud,-18366,3013,9
2026-08-30T04:20:57.215985373Z,18.681632,114.241793,Cloud to Cloud,13405,3144,7
2026-08-30T04:20:57.670582686Z,20.23678,115.205304,Cloud to Cloud,8753,3132,8
2026-08-30T04:20:57.164863913Z,19.423732,114.872,Cloud to Cloud,-9209,4187,7
2026-08-30T04:20:57.354264215Z,19.3771,114.902734,Cloud to Ground,13303,0,9
2026-08-30T04:20:57.026703671Z,19.358624,114.95103,Cloud to Cloud,21039,3017,10
2026-08-30T04:20:57.687399836Z,20.143689,115.151556,Cloud to Cloud,-11487,3088,8
2026-08-30T04:20:58.050516022Z,20.137549,115.0748,Cloud to Cloud,-9908,3027,8
2026-08-30T04:20:58.373673944Z,20.091949,115.054353,Cloud to Cloud,-9598,16396,8
2026-08-30T04:20:58.107536815Z,20.038555,114.990948,Cloud to Cloud,-7760,3013,8
2026-08-30T04:20:57.910028833Z,20.15502,115.046515,Cloud to Cloud,-7289,7390,6
2026-08-30T04:20:57.871540780Z,20.17923,115.061443,Cloud to Ground,-5387,0,6
2026-08-30T04:20:57.966946058Z,20.175381,113.827813,Cloud to Cloud,-12370,3036,10
2026-08-30T04:20:58.430032945Z,20.196024,113.8482,Cloud to Cloud,-9223,5698,8
2026-08-30T04:20:57.985614081Z,20.196064,113.823977,Cloud to Ground,36867,0,19
2026-08-30T04:20:58.174675293Z,20.152614,115.26001,Cloud to Ground,-21366,0,16
2026-08-30T04:20:58.043344754Z,20.244041,114.983405,Cloud to Cloud,-11502,4767,7
2026-08-30T04:20:58.159044946Z,20.248879,115.328588,Cloud to Cloud,6111,15961,7
2026-08-30T04:20:58.989088107Z,21.692844,112.826876,Cloud to Cloud,-11975,3363,12
2026-08-30T04:20:59.247183724Z,21.658509,112.846359,Cloud to Cloud,10532,3076,7
2026-08-30T04:20:59.069379525Z,21.655991,112.85192,Cloud to Cloud,10925,4183,8
2026-08-30T04:20:58.426201580Z,20.309891,113.764217,Cloud to Cloud,-10842,4516,7
2026-08-30T04:20:58.552046070Z,20.163182,113.729279,Cloud to Cloud,-9563,3028,12
2026-08-30T04:21:00.376744215Z,18.785471,116.045852,Cloud to Cloud,-13058,3032,8
2026-08-30T04:21:00.507710968Z,18.816705,116.0478,Cloud to Cloud,7715,3045,10
2026-08-30T04:21:00.364156174Z,18.806602,116.052525,Cloud to Cloud,10913,15070,8
2026-08-30T04:21:01.852187234Z,16.068711,130.366815,Cloud to Ground,29059,0,9
2026-08-30T04:21:01.855988238Z,16.07556,130.480653,Cloud to Cloud,-8858,3082,8
2026-08-30T04:21:01.156019375Z,18.89894,114.343476,Cloud to Cloud,-14375,3131,10
2026-08-30T04:21:01.121282238Z,18.890759,114.275972,Cloud to Cloud,-9832,3076,10
2026-08-30T04:21:02.275789580Z,18.586501,124.664279,Cloud to Cloud,3873,3008,7
2026-08-30T04:21:02.271187800Z,18.592061,124.674072,Cloud to Cloud,4874,7397,5
2026-08-30T04:21:02.273726971Z,18.60183,124.697187,Cloud to Ground,8029,0,7
2026-08-30T04:21:02.231895658Z,18.503132,116.37438,Cloud to Cloud,10145,6797,8
2026-08-30T04:21:03.742658964Z,19.889717,114.643522,Cloud to Cloud,-9324,3717,10
2026-08-30T04:21:03.619301565Z,19.835911,114.681223,Cloud to Cloud,-8909,7556,8
2026-08-30T04:21:04.175568265Z,19.130543,115.66797,Cloud to Cloud,-9249,18025,7
2026-08-30T04:21:04.572587333Z,19.144932,115.654078,Cloud to Cloud,10764,5982,10
2026-08-30T04:21:04.632756010Z,19.143405,115.6361,Cloud to Ground,37557,0,12
2026-08-30T04:21:04.817618887Z,19.082465,115.543028,Cloud to Cloud,6503,10843,7
2026-08-30T04:21:04.846548546Z,19.086635,115.460232,Cloud to Cloud,7000,3000,6
2026-08-30T04:21:04.812064941Z,18.986257,115.561332,Cloud to Cloud,7740,15044,8
2026-08-30T04:21:05.048159788Z,20.2776,113.560862,Cloud to Cloud,-10611,3041,10
2026-08-30T04:21:05.041967846Z,20.287762,113.536482,Cloud to Cloud,-8380,3127,7
2026-08-30T04:21:05.802115786Z,19.052641,115.850259,Cloud to Cloud,-10955,12941,8
2026-08-30T04:21:05.604220910Z,19.091673,115.911548,Cloud to Ground,-7219,0,7
2026-08-30T04:21:06.150542990Z,19.089684,115.950669,Cloud to Ground,-6889,0,7
2026-08-30T04:21:06.187430118Z,22.239727,113.340907,Cloud to Ground,-14492,0,12
2026-08-30T04:21:06.660307823Z,22.308894,113.319751,Cloud to Cloud,-14249,6645,11
2026-08-30T04:21:06.180817393Z,22.23995,113.343361,Cloud to Cloud,-12288,3016,12
2026-08-30T04:21:06.182524851Z,22.241712,113.342583,Cloud to Cloud,-10511,6351,6
2026-08-30T04:21:06.179774434Z,22.249572,113.344017,Cloud to Cloud,13837,3020,14
2026-08-30T04:21:08.860694932Z,19.590956,114.486375,Cloud to Ground,-28003,0,9
2026-08-30T04:21:09.157196860Z,18.538512,113.674273,Cloud to Cloud,-27973,3112,13
2026-08-30T04:21:09.542343120Z,18.547168,113.671369,Cloud to Cloud,-24529,3058,14
2026-08-30T04:21:09.330569167Z,18.54878,113.668067,Cloud to Cloud,-20096,3393,15
2026-08-30T04:21:09.605196233Z,18.543814,113.671821,Cloud to Ground,9207,0,7
2026-08-30T04:21:09.372661110Z,18.539602,113.674426,Cloud to Cloud,9571,3432,6
2026-08-30T04:21:09.216678869Z,18.543885,113.675899,Cloud to Ground,44525,0,13
2026-08-30T04:21:09.262994303Z,18.534501,113.557741,Cloud to Ground,48901,0,14
2026-08-30T04:21:09.926973603Z,21.983458,113.219518,Cloud to Cloud,-13255,12545,8
2026-08-30T04:21:10.235456022Z,16.790089,132.01213,Cloud to Ground,-19740,0,15
2026-08-30T04:21:10.238382662Z,16.790718,132.040338,Cloud to Ground,-10106,0,10
2026-08-30T04:21:10.649982941Z,16.768816,132.039634,Cloud to Ground,11975,0,9
2026-08-30T04:21:10.244325456Z,16.817875,132.025561,Cloud to Ground,12555,0,7
2026-08-30T04:21:10.650510000Z,16.8902,131.846,Cloud to Ground,-27651,0,5
2026-08-30T04:21:10.427281031Z,16.015106,129.984674,Cloud to Cloud,-39760,7281,12
2026-08-30T04:21:10.451507252Z,15.939474,129.963019,Cloud to Cloud,15372,3021,10
2026-08-30T04:21:10.419416870Z,19.477749,114.69649,Cloud to Cloud,-4955,10698,7
2026-08-30T04:21:10.738282092Z,18.492698,116.463035,Cloud to Cloud,-10889,3423,13
2026-08-30T04:21:11.715724364Z,18.400477,116.447549,Cloud to Cloud,-20419,3319,11
2026-08-30T04:21:11.566964809Z,18.4017,116.373443,Cloud to Cloud,-5692,3052,7
2026-08-30T04:21:11.549810365Z,18.41771,116.381503,Cloud to Cloud,-5427,18246,6
2026-08-30T04:21:11.244625829Z,18.410449,116.375814,Cloud to Cloud,13096,3026,9
2026-08-30T04:21:10.686180570Z,18.443002,113.553941,Cloud to Cloud,8605,4727,6
2026-08-30T04:21:11.175562933Z,18.370518,113.498988,Cloud to Ground,10995,0,10
2026-08-30T04:21:11.064761708Z,18.422928,113.521544,Cloud to Cloud,12091,3058,9
2026-08-30T04:21:13.881108942Z,22.060116,113.323939,Cloud to Cloud,-8947,5184,8
2026-08-30T04:21:13.173578156Z,17.540764,113.102292,Cloud to Cloud,-8310,4265,8
2026-08-30T04:21:13.553531000Z,17.5945,113.0545,Cloud to Ground,14932,0,6
2026-08-30T04:21:14.997881081Z,18.254069,113.481754,Cloud to Ground,-36731,0,12
2026-08-30T04:21:15.180650047Z,18.277232,113.466441,Cloud to Cloud,-7986,14884,8
2026-08-30T04:21:15.316687463Z,18.258359,113.48934,Cloud to Cloud,-7380,3000,6
2026-08-30T04:21:15.326545889Z,18.233889,113.386331,Cloud to Cloud,-4435,5970,6
2026-08-30T04:21:15.041256633Z,18.253395,113.370871,Cloud to Cloud,5882,11536,5
2026-08-30T04:21:14.994653435Z,18.250187,113.3843,Cloud to Cloud,15747,7838,7
2026-08-30T04:21:15.007188486Z,18.254728,113.377271,Cloud to Ground,15771,0,10
2026-08-30T04:21:15.185370799Z,18.869686,118.262883,Cloud to Cloud,-2869,17985,5
2026-08-30T04:21:15.539395355Z,18.527807,113.779922,Cloud to Cloud,-22875,7847,14
2026-08-30T04:21:16.212463397Z,20.218565,114.375628,Cloud to Cloud,-28409,14546,10
2026-08-30T04:21:16.234188906Z,20.225948,114.376807,Cloud to Cloud,-17324,12951,13
2026-08-30T04:21:16.258700552Z,20.216665,114.379669,Cloud to Cloud,-8137,4897,9
2026-08-30T04:21:16.208100438Z,20.241107,114.379023,Cloud to Cloud,11853,9552,10
2026-08-30T04:21:16.278585656Z,18.299932,113.489196,Cloud to Ground,11662,0,7
2026-08-30T04:21:17.370679255Z,22.109274,113.296466,Cloud to Cloud,-17716,3009,9
2026-08-30T04:21:17.474341009Z,22.099281,113.31124,Cloud to Cloud,-16556,3024,10
2026-08-30T04:21:17.472623331Z,22.113925,113.293977,Cloud to Ground,-15152,0,15
2026-08-30T04:21:17.680718512Z,22.132461,113.285341,Cloud to Ground,-10952,0,8
2026-08-30T04:21:17.612437499Z,22.102144,113.302358,Cloud to Cloud,9883,3130,6
2026-08-30T04:21:17.306398000Z,22.1154,113.2735,Cloud to Ground,23054,0,5
2026-08-30T04:21:17.570515000Z,22.1292,113.2791,Cloud to Ground,29635,0,10
2026-08-30T04:21:17.476120518Z,17.398952,112.933531,Cloud to Cloud,12040,10676,7
2026-08-30T04:21:20.799334763Z,16.97305,132.103745,Cloud to Ground,-21167,0,13
2026-08-30T04:21:30.479924476Z,19.377129,118.566447,Cloud to Cloud,-16140,14860,7
2026-08-30T04:21:30.474259967Z,19.28199,118.542824,Cloud to Ground,-15834,0,13
2026-08-30T04:21:30.501065753Z,19.282368,118.541707,Cloud to Ground,-14089,0,11
2026-08-30T04:21:30.083687074Z,18.176613,113.381085,Cloud to Cloud,5671,5627,6
2026-08-30T04:21:30.077964160Z,18.137128,113.348676,Cloud to Cloud,9945,15042,8
2026-08-30T04:21:30.080675480Z,18.134027,113.37099,Cloud to Cloud,10634,16165,7
2026-08-30T04:21:30.079092895Z,18.147906,113.419323,Cloud to Ground,31005,0,12
2026-08-30T04:21:31.793931274Z,19.38874,122.923517,Cloud to Ground,-83521,0,21
2026-08-30T04:21:31.847352515Z,19.391997,122.924397,Cloud to Cloud,-8554,15165,8
2026-08-30T04:21:31.809017000Z,19.3918,122.8762,Cloud to Ground,19810,0,5
2026-08-30T04:21:33.690327941Z,17.729287,128.536352,Cloud to Cloud,-12516,18515,7
2026-08-30T04:21:33.650771000Z,17.7623,128.4801,Cloud to Ground,11715,0,5
2026-08-30T04:21:33.648697417Z,17.696971,128.52203,Cloud to Cloud,17294,3045,8
2026-08-30T04:21:33.656320477Z,17.763831,128.525215,Cloud to Ground,22745,0,11
2026-08-30T04:21:33.649429211Z,17.730945,128.511691,Cloud to Ground,35946,0,13
2026-08-30T04:21:33.236236914Z,19.09975,115.765452,Cloud to Cloud,-11778,3057,9
2026-08-30T04:21:33.131485098Z,19.124954,115.784196,Cloud to Cloud,-7507,3028,9
2026-08-30T04:21:34.240174944Z,18.536036,113.699602,Cloud to Ground,-17342,0,7
2026-08-30T04:21:34.339008833Z,18.525353,113.649471,Cloud to Cloud,-11711,4907,12
2026-08-30T04:21:33.707878203Z,18.524059,113.680863,Cloud to Ground,-11447,0,9
2026-08-30T04:21:34.233274629Z,18.501822,113.727148,Cloud to Cloud,-11436,6911,8
2026-08-30T04:21:37.222156177Z,19.936326,114.178407,Cloud to Ground,-11204,0,10
2026-08-30T04:21:36.924926718Z,19.948994,114.142187,Cloud to Cloud,-7702,3164,8
2026-08-30T04:21:37.955124316Z,21.986204,113.239005,Cloud to Ground,-19911,0,14
2026-08-30T04:21:38.258444128Z,22.070012,113.19405,Cloud to Cloud,8873,8086,6
2026-08-30T04:21:39.711942867Z,18.721035,118.067978,Cloud to Cloud,8810,16184,7
2026-08-30T04:21:39.186202008Z,20.216593,114.388702,Cloud to Cloud,-12872,17860,8
2026-08-30T04:21:39.007310325Z,20.178681,114.243641,Cloud to Cloud,-10693,3000,9
2026-08-30T04:21:39.083193229Z,20.280795,114.369023,Cloud to Cloud,-7844,3044,8
2026-08-30T04:21:38.849989480Z,20.236678,114.31426,Cloud to Cloud,-7080,3024,7
2026-08-30T04:21:39.014132578Z,20.259004,114.294385,Cloud to Cloud,2570,7002,5
2026-08-30T04:21:40.417943737Z,16.093942,130.375359,Cloud to Ground,31176,0,8
2026-08-30T04:21:40.555970666Z,18.907572,114.35916,Cloud to Cloud,27665,3104,11
2026-08-30T04:21:40.429746302Z,18.417683,116.371658,Cloud to Cloud,10462,3041,9
2026-08-30T04:21:40.715325357Z,18.395405,116.381123,Cloud to Cloud,12344,18156,9
2026-08-30T04:21:44.758528314Z,18.39215,113.56342,Cloud to Cloud,-8292,7378,7
2026-08-30T04:21:44.799059245Z,18.417348,113.647846,Cloud to Ground,30291,0,18
2026-08-30T04:21:44.619147984Z,22.162032,113.382294,Cloud to Ground,19723,0,9
2026-08-30T04:21:45.327655890Z,18.509047,113.783265,Cloud to Ground,8061,0,7
2026-08-30T04:21:45.145512965Z,18.527248,113.770913,Cloud to Cloud,11676,6059,10
2026-08-30T04:21:46.170663824Z,20.222966,114.809271,Cloud to Cloud,-26278,3021,13
2026-08-30T04:21:46.181030941Z,20.199864,114.797393,Cloud to Cloud,-17883,7369,10
2026-08-30T04:21:45.815058279Z,20.128971,114.834173,Cloud to Cloud,-16459,10859,9
2026-08-30T04:21:46.206992529Z,20.256968,114.766992,Cloud to Cloud,-13112,3780,9
2026-08-30T04:21:46.195149373Z,20.25423,114.802131,Cloud to Cloud,7695,3100,6
2026-08-30T04:21:45.824028642Z,20.161378,114.85765,Cloud to Ground,12974,0,10
2026-08-30T04:21:46.177869130Z,20.169834,114.818675,Cloud to Cloud,19134,7652,7
2026-08-30T04:21:45.802304014Z,20.159871,114.749658,Cloud to Ground,22296,0,13
2026-08-30T04:21:46.017726519Z,17.421666,113.074252,Cloud to Cloud,-17711,5310,12
2026-08-30T04:21:46.272917909Z,17.439286,113.01672,Cloud to Cloud,-8675,11533,8
2026-08-30T04:21:46.013053471Z,17.419518,113.076133,Cloud to Ground,20070,0,10
2026-08-30T04:21:46.571540883Z,18.985344,117.509378,Cloud to Ground,-19178,0,14
2026-08-30T04:21:48.556672117Z,16.783466,127.670951,Cloud to Ground,-83618,0,11
2026-08-30T04:21:48.647634444Z,16.78842,127.688726,Cloud to Ground,-41358,0,17
2026-08-30T04:21:48.789567964Z,16.790436,127.704199,Cloud to Ground,-18339,0,8
2026-08-30T04:21:48.825567795Z,16.790001,127.702031,Cloud to Ground,-11059,0,7
2026-08-30T04:21:48.598683426Z,16.80417,127.766666,Cloud to Ground,-8437,0,11
2026-08-30T04:21:49.201629484Z,16.813903,127.724097,Cloud to Cloud,31274,3006,9
2026-08-30T04:21:49.294671811Z,16.776214,127.536626,Cloud to Ground,-29433,0,25
2026-08-30T04:21:48.754323166Z,16.79112,127.535966,Cloud to Ground,-26139,0,21
2026-08-30T04:21:49.408814000Z,16.8207,127.6115,Cloud to Ground,8421,0,6
2026-08-30T04:21:50.540032718Z,20.345897,113.530268,Cloud to Ground,25990,0,21
2026-08-30T04:21:50.242975000Z,20.3189,113.5153,Cloud to Ground,40764,0,8
2026-08-30T04:21:50.969063600Z,21.704733,112.833038,Cloud to Cloud,-12189,12149,13
2026-08-30T04:21:51.455738946Z,18.419289,113.598303,Cloud to Cloud,-11376,13719,7
2026-08-30T04:21:51.215946458Z,18.435557,113.601721,Cloud to Cloud,-10366,3037,6
2026-08-30T04:21:52.065679244Z,14.806478,121.124536,Cloud to Cloud,6580,7240,9
2026-08-30T04:21:52.985947195Z,20.297556,113.56783,Cloud to Ground,-25579,0,9
2026-08-30T04:21:53.129514834Z,20.276644,113.548301,Cloud to Cloud,-8277,3314,7
2026-08-30T04:21:53.200469806Z,20.29302,113.5552,Cloud to Cloud,-7310,3007,8
2026-08-30T04:21:52.889349254Z,20.28356,113.548467,Cloud to Cloud,-7039,7830,9
2026-08-30T04:21:52.830914118Z,20.288524,113.576183,Cloud to Cloud,8280,6903,10
2026-08-30T04:21:53.135734474Z,20.280152,113.420556,Cloud to Cloud,-9656,19354,7
2026-08-30T04:21:53.425241430Z,22.092098,113.258875,Cloud to Cloud,-8112,14628,10
2026-08-30T04:21:54.496405784Z,18.669408,114.293846,Cloud to Cloud,-8146,6772,8
2026-08-30T04:21:54.485008756Z,18.721171,114.255753,Cloud to Cloud,6255,3024,6
2026-08-30T04:21:54.543601404Z,18.673775,114.270319,Cloud to Cloud,7961,3033,8
2026-08-30T04:21:54.365074169Z,18.668706,114.27284,Cloud to Ground,10416,0,7
2026-08-30T04:21:54.328890900Z,18.679294,114.266346,Cloud to Cloud,10941,3001,10
2026-08-30T04:21:56.371328541Z,20.202678,114.393842,Cloud to Cloud,-10587,3768,10
2026-08-30T04:21:56.359774206Z,20.209278,114.389348,Cloud to Cloud,-10363,6949,12
2026-08-30T04:21:56.073237002Z,20.156408,114.371516,Cloud to Cloud,8696,4289,11
2026-08-30T04:21:56.040358868Z,20.157108,114.379332,Cloud to Ground,18632,0,10
2026-08-30T04:21:56.378708109Z,18.426315,117.209739,Cloud to Cloud,-10700,3010,10
2026-08-30T04:21:56.376865645Z,18.431026,117.210408,Cloud to Ground,22444,0,9
2026-08-30T04:21:56.232167936Z,21.94443,113.221712,Cloud to Cloud,-13413,13424,8
2026-08-30T04:21:56.233457871Z,22.008754,113.154289,Cloud to Ground,-10718,0,6
2026-08-30T04:21:56.416869232Z,21.906299,113.218981,Cloud to Cloud,12481,11315,13
2026-08-30T04:21:56.598174732Z,16.187315,120.122326,Cloud to Cloud,-6428,19752,7
2026-08-30T04:21:56.595835105Z,16.116729,120.17776,Cloud to Cloud,10619,7201,6
2026-08-30T04:21:57.080785691Z,17.827902,125.216369,Cloud to Ground,-55277,0,16
2026-08-30T04:21:57.180933740Z,17.842442,125.200655,Cloud to Ground,-27419,0,12
2026-08-30T04:21:57.222429155Z,17.81614,125.111367,Cloud to Ground,-14283,0,14
2026-08-30T04:21:57.181471600Z,17.825137,125.102325,Cloud to Ground,-13496,0,8
2026-08-30T04:21:57.112429802Z,17.837703,125.246469,Cloud to Cloud,12414,3010,12
2026-08-30T04:21:57.652196308Z,18.532479,113.690842,Cloud to Ground,-15966,0,7
2026-08-30T04:21:57.623284158Z,18.532218,113.693907,Cloud to Ground,-15761,0,11
2026-08-30T04:21:57.817651734Z,18.542105,113.688157,Cloud to Ground,-15573,0,7
2026-08-30T04:21:58.693139794Z,18.500049,113.710962,Cloud to Cloud,11442,3029,12
2026-08-30T04:21:58.736826479Z,17.831733,113.315998,Cloud to Cloud,10498,3409,7
2026-08-30T04:21:58.734528772Z,17.830179,113.329204,Cloud to Cloud,13485,3059,12
2026-08-30T04:21:58.222508102Z,19.846525,114.508484,Cloud to Cloud,-7924,16864,7
2026-08-30T04:22:00.022965232Z,17.666789,113.078947,Cloud to Cloud,-6689,6511,8
2026-08-30T04:21:59.553056922Z,17.71953,113.147728,Cloud to Ground,12186,0,7
2026-08-30T04:22:00.932495470Z,20.237553,113.981505,Cloud to Cloud,-9004,12972,8
2026-08-30T04:22:01.363886313Z,18.36336,113.550804,Cloud to Cloud,-15176,3020,11
2026-08-30T04:22:01.366567041Z,18.318846,113.576324,Cloud to Cloud,5129,4934,6
2026-08-30T04:22:01.816810784Z,18.255228,113.482723,Cloud to Cloud,-5716,17756,7
2026-08-30T04:22:01.691681339Z,18.455176,113.470381,Cloud to Cloud,-11971,17208,8
2026-08-30T04:22:02.556884065Z,19.859986,114.671351,Cloud to Cloud,-8657,16192,7
2026-08-30T04:22:02.547564921Z,19.849254,114.658075,Cloud to Cloud,-7979,5205,7
2026-08-30T04:22:02.567083319Z,19.86192,114.684328,Cloud to Cloud,8515,6677,7
2026-08-30T04:22:02.298331955Z,19.837477,114.676523,Cloud to Cloud,18137,4266,11
2026-08-30T04:22:02.906383553Z,22.785495,113.33131,Cloud to Cloud,-15769,4520,8
2026-08-30T04:22:03.443405753Z,19.596818,114.514464,Cloud to Ground,15541,0,8
2026-08-30T04:22:05.506838853Z,4.128902,112.786387,Cloud to Ground,-16918,0,11
2026-08-30T04:22:05.693459408Z,22.053455,113.279034,Cloud to Cloud,-28334,18107,12
2026-08-30T04:22:05.622949395Z,22.033863,113.275328,Cloud to Cloud,-19629,6977,14
2026-08-30T04:22:06.182061496Z,22.026116,113.25849,Cloud to Cloud,-11484,7319,9
2026-08-30T04:22:06.176245673Z,22.17443,113.290775,Cloud to Cloud,-10750,7720,6
2026-08-30T04:22:06.146439181Z,22.107302,113.296314,Cloud to Cloud,-9962,3428,7
2026-08-30T04:22:06.203834509Z,22.020623,113.261102,Cloud to Cloud,-8349,5424,7
2026-08-30T04:22:06.161293808Z,22.030027,113.171379,Cloud to Cloud,10451,6219,12
2026-08-30T04:22:05.804858532Z,22.041077,113.276008,Cloud to Cloud,11762,3064,10
2026-08-30T04:22:05.781194314Z,22.070457,113.189267,Cloud to Cloud,12481,13815,7
2026-08-30T04:22:05.160090042Z,18.503283,116.464994,Cloud to Cloud,-23622,3258,10
2026-08-30T04:22:05.158678234Z,18.492537,116.4615,Cloud to Cloud,-5466,3056,6
2026-08-30T04:22:05.134144445Z,18.492882,116.455299,Cloud to Cloud,7710,17455,5
2026-08-30T04:22:05.131637425Z,18.489192,116.463041,Cloud to Ground,15640,0,10
2026-08-30T04:22:05.674815709Z,18.592099,113.862621,Cloud to Cloud,-11771,3036,7
2026-08-30T04:22:06.411354785Z,17.006854,132.043255,Cloud to Ground,-10458,0,11
2026-08-30T04:22:06.812288636Z,17.019523,132.003942,Cloud to Ground,-8562,0,7
2026-08-30T04:22:06.800548029Z,16.99953,132.049324,Cloud to Ground,-7315,0,8
2026-08-30T04:22:06.398541388Z,16.996367,132.062087,Cloud to Ground,26317,0,12
2026-08-30T04:22:07.026931634Z,17.096079,132.102424,Cloud to Cloud,-10176,4955,8
2026-08-30T04:22:07.000351593Z,17.085934,132.118556,Cloud to Ground,-9189,0,11
2026-08-30T04:22:07.986418319Z,19.55983,114.927557,Cloud to Cloud,-14266,3053,8
2026-08-30T04:22:07.988568218Z,19.607247,114.902214,Cloud to Cloud,7690,3013,7
2026-08-30T04:22:07.972644006Z,19.576423,114.934814,Cloud to Cloud,8657,9774,8
2026-08-30T04:22:07.974336601Z,19.582121,114.937605,Cloud to Cloud,18155,13916,12
2026-08-30T04:22:12.006406644Z,19.135635,118.429481,Cloud to Cloud,8812,11458,8
2026-08-30T04:22:11.958563428Z,19.121308,118.407791,Cloud to Cloud,13399,3089,9
2026-08-30T04:22:11.938575777Z,19.039988,118.383724,Cloud to Ground,13616,0,12
2026-08-30T04:22:11.826618307Z,19.145896,115.893779,Cloud to Cloud,-9799,14962,5
2026-08-30T04:22:11.714467762Z,19.138804,115.907917,Cloud to Ground,11281,0,8
2026-08-30T04:22:11.109371453Z,17.445741,112.976795,Cloud to Cloud,-7529,11548,6
2026-08-30T04:22:12.684245355Z,18.87064,118.290405,Cloud to Cloud,-7228,5906,9
2026-08-30T04:22:12.117367982Z,18.919189,118.16417,Cloud to Ground,-8323,0,7
2026-08-30T04:22:12.142998869Z,18.852833,118.145146,Cloud to Cloud,-8068,7257,7
2026-08-30T04:22:12.238227918Z,18.854426,118.176697,Cloud to Cloud,-7969,3014,7
2026-08-30T04:22:12.115426347Z,18.877975,118.151813,Cloud to Cloud,8107,3032,10
2026-08-30T04:22:12.112120799Z,18.964296,118.198731,Cloud to Ground,27741,0,13
2026-08-30T04:22:13.816253168Z,18.470169,113.654301,Cloud to Ground,-9506,0,8
2026-08-30T04:22:13.385468245Z,18.945923,118.291,Cloud to Cloud,7472,3007,6
2026-08-30T04:22:14.799042385Z,18.556281,113.690361,Cloud to Cloud,-39037,3006,14
2026-08-30T04:22:14.938138214Z,18.544881,113.670632,Cloud to Ground,-36260,0,10
2026-08-30T04:22:14.841244743Z,18.526398,113.604372,Cloud to Cloud,-17868,19778,8
2026-08-30T04:22:15.274514625Z,18.560067,113.669059,Cloud to Cloud,-14435,3007,11
2026-08-30T04:22:15.415567696Z,18.558832,113.669744,Cloud to Cloud,-11043,3032,11
2026-08-30T04:22:14.820721238Z,18.558379,113.692065,Cloud to Ground,-6714,0,9
2026-08-30T04:22:14.977604761Z,18.547998,113.670598,Cloud to Cloud,10924,4053,8
2026-08-30T04:22:14.840429130Z,18.556277,113.69764,Cloud to Ground,22509,0,10
2026-08-30T04:22:15.368807738Z,20.27962,113.616834,Cloud to Cloud,-9044,3086,14
2026-08-30T04:22:15.388615276Z,20.27533,113.558272,Cloud to Cloud,8935,14810,15
2026-08-30T04:22:17.285136759Z,16.903669,131.676167,Cloud to Ground,-21994,0,14
2026-08-30T04:22:17.289514472Z,16.95968,131.669319,Cloud to Ground,-17537,0,11
2026-08-30T04:22:17.442567420Z,16.9587,131.626142,Cloud to Cloud,-14890,12958,10
2026-08-30T04:22:17.287397094Z,16.908497,131.661386,Cloud to Ground,-14688,0,16
2026-08-30T04:22:17.387752012Z,16.923388,131.682615,Cloud to Ground,-13809,0,10
2026-08-30T04:22:17.286262887Z,16.902909,131.675486,Cloud to Ground,-13702,0,13
2026-08-30T04:22:17.642985872Z,19.093122,115.76393,Cloud to Cloud,-14278,3026,9
2026-08-30T04:22:18.014890760Z,19.114594,115.771259,Cloud to Cloud,-6073,3041,7
2026-08-30T04:22:17.681203675Z,19.064399,115.745219,Cloud to Cloud,7774,7695,7
2026-08-30T04:22:17.101155228Z,19.953805,114.226777,Cloud to Cloud,17135,18011,9
2026-08-30T04:22:18.801627392Z,19.778307,114.84288,Cloud to Cloud,-7813,3004,9
2026-08-30T04:22:22.212450971Z,18.890491,118.316599,Cloud to Cloud,-6505,3004,10
2026-08-30T04:22:24.363453922Z,16.101489,130.354936,Cloud to Ground,28615,0,8
2026-08-30T04:22:24.442766375Z,18.444255,117.204036,Cloud to Cloud,2845,4572,5
2026-08-30T04:22:25.466797820Z,17.526762,113.007148,Cloud to Cloud,-8863,16451,6
2026-08-30T04:22:24.878198311Z,17.548194,113.100822,Cloud to Cloud,6788,7795,11
2026-08-30T04:22:24.879419975Z,17.55512,113.048604,Cloud to Cloud,18271,19972,12
2026-08-30T04:22:25.076275373Z,20.197347,114.368417,Cloud to Cloud,-9625,18496,10
2026-08-30T04:22:25.923431715Z,21.992716,113.201863,Cloud to Ground,-26504,0,13
2026-08-30T04:22:26.030543175Z,21.996739,113.201866,Cloud to Ground,-25639,0,12
2026-08-30T04:22:26.540396566Z,21.992975,113.206046,Cloud to Ground,-15725,0,12
2026-08-30T04:22:25.965876243Z,21.988907,113.206985,Cloud to Cloud,-12723,3080,10
2026-08-30T04:22:25.078211294Z,20.295234,114.341187,Cloud to Cloud,19111,3075,8
2026-08-30T04:22:29.889426408Z,18.423512,116.263916,Cloud to Cloud,23427,6732,10
2026-08-30T04:22:30.191807984Z,18.401838,116.425116,Cloud to Cloud,5125,3001,9
2026-08-30T04:22:29.881681952Z,18.434984,116.376701,Cloud to Ground,14816,0,9
2026-08-30T04:22:29.975124418Z,18.402625,116.382466,Cloud to Ground,18469,0,9
2026-08-30T04:22:30.412216344Z,15.346205,120.101526,Cloud to Cloud,8824,7004,10
2026-08-30T04:22:30.415847408Z,15.345415,120.101783,Cloud to Cloud,11490,18990,11
2026-08-30T04:22:30.414466813Z,15.344671,120.101534,Cloud to Cloud,12964,12007,9
2026-08-30T04:22:31.218182863Z,22.211105,113.355321,Cloud to Ground,-13822,0,10
2026-08-30T04:22:31.288130349Z,22.213268,113.352307,Cloud to Ground,-13648,0,12
2026-08-30T04:22:30.931950429Z,22.167344,113.321219,Cloud to Ground,-12462,0,10
2026-08-30T04:22:31.121516497Z,22.202049,113.356752,Cloud to Ground,-9763,0,10
2026-08-30T04:22:31.220126501Z,22.127086,113.316959,Cloud to Cloud,-8184,10402,9
2026-08-30T04:22:30.980826574Z,22.132396,113.333458,Cloud to Cloud,11511,3004,8
2026-08-30T04:22:34.064667219Z,20.304366,113.562745,Cloud to Cloud,-5987,16798,7
2026-08-30T04:22:33.769556222Z,20.305224,113.561832,Cloud to Cloud,-4947,5124,6
2026-08-30T04:22:34.241022921Z,20.301075,113.547023,Cloud to Cloud,5180,3013,7
2026-08-30T04:22:34.301800092Z,20.279837,113.570007,Cloud to Cloud,9755,3024,10
2026-08-30T04:22:33.894077521Z,20.283686,113.571071,Cloud to Cloud,10243,3236,7
2026-08-30T04:22:33.735989109Z,20.283839,113.561796,Cloud to Cloud,13708,3008,8
2026-08-30T04:22:34.284041385Z,20.278784,113.563262,Cloud to Cloud,17942,3489,12
2026-08-30T04:22:33.617862988Z,20.287445,113.564405,Cloud to Ground,43858,0,11
2026-08-30T04:22:33.684221569Z,20.277383,113.567282,Cloud to Ground,102204,0,13
2026-08-30T04:22:33.706491303Z,21.747754,112.781113,Cloud to Cloud,17430,3027,7
2026-08-30T04:22:35.729491697Z,18.868384,118.283079,Cloud to Cloud,-4151,15558,7
2026-08-30T04:22:35.038757631Z,18.964751,118.308829,Cloud to Cloud,8096,3017,7
2026-08-30T04:22:37.228720361Z,17.416222,113.00388,Cloud to Cloud,-10455,4070,6
2026-08-30T04:22:37.102515873Z,17.41089,113.069825,Cloud to Cloud,-8065,6698,6
2026-08-30T04:22:37.114047842Z,17.443809,113.088707,Cloud to Cloud,8361,4214,7
2026-08-30T04:22:38.562447366Z,20.289035,113.569908,Cloud to Cloud,-7812,3001,10
2026-08-30T04:22:38.765989542Z,20.282153,113.568367,Cloud to Ground,18614,0,13
2026-08-30T04:22:38.387087323Z,20.292904,113.409414,Cloud to Cloud,-8704,3017,7
2026-08-30T04:22:38.051794738Z,21.607867,111.963967,Cloud to Cloud,-5965,8441,7
2026-08-30T04:22:42.196662314Z,21.996015,113.235881,Cloud to Ground,-21491,0,11
2026-08-30T04:22:42.047436085Z,21.994578,113.229369,Cloud to Cloud,-13925,3005,7
2026-08-30T04:22:42.229847602Z,21.979785,113.23668,Cloud to Ground,25285,0,13
2026-08-30T04:22:43.014951794Z,19.364692,114.833221,Cloud to Cloud,-13824,3783,7
2026-08-30T04:22:42.829059703Z,19.362807,114.888899,Cloud to Cloud,20259,7942,12
2026-08-30T04:22:43.939897898Z,20.220952,114.016695,Cloud to Cloud,11140,7392,8
2026-08-30T04:22:43.372948617Z,19.277866,115.953904,Cloud to Cloud,-17714,3026,7
2026-08-30T04:22:43.558837984Z,19.448303,114.876269,Cloud to Cloud,-6315,6322,6
2026-08-30T04:22:44.433035531Z,18.276516,113.427222,Cloud to Cloud,-11938,3004,7
2026-08-30T04:22:44.426650079Z,18.317215,113.432833,Cloud to Cloud,-9755,5530,10
2026-08-30T04:22:44.785984373Z,18.204983,113.373088,Cloud to Ground,7584,0,7
2026-08-30T04:22:44.428510449Z,18.276729,113.369035,Cloud to Ground,13218,0,8
2026-08-30T04:22:44.425734133Z,18.279173,113.426555,Cloud to Cloud,13799,3032,7
2026-08-30T04:22:44.429295749Z,18.280078,113.458361,Cloud to Ground,16315,0,7
2026-08-30T04:22:44.492347459Z,18.492549,116.453973,Cloud to Cloud,-16000,16718,10
2026-08-30T04:22:44.451974578Z,18.498544,116.457895,Cloud to Cloud,8789,16311,7
2026-08-30T04:22:45.395108154Z,18.40741,113.332118,Cloud to Ground,-177434,0,14
2026-08-30T04:22:45.440128236Z,18.411579,113.331266,Cloud to Cloud,-17124,3233,9
2026-08-30T04:22:45.424816126Z,18.388556,113.183008,Cloud to Ground,52598,0,14
2026-08-30T04:22:47.768286767Z,18.339796,113.561877,Cloud to Cloud,-11112,14248,8
2026-08-30T04:22:49.744585133Z,18.528512,113.696811,Cloud to Cloud,10430,8646,9
2026-08-30T04:22:49.752163145Z,19.736463,114.5365,Cloud to Ground,-34604,0,10
2026-08-30T04:22:52.631938590Z,19.998929,114.317723,Cloud to Cloud,12730,18356,10
2026-08-30T04:22:52.635004459Z,19.983571,114.319786,Cloud to Ground,14144,0,7
2026-08-30T04:22:53.795242465Z,19.401487,114.658447,Cloud to Cloud,-13166,6153,7
2026-08-30T04:22:53.793561575Z,19.397594,114.563907,Cloud to Cloud,7177,3171,8
2026-08-30T04:22:53.819525743Z,19.626301,114.197611,Cloud to Cloud,5865,3047,9
2026-08-30T04:22:53.847058181Z,19.614128,114.196123,Cloud to Cloud,-12935,3023,10
2026-08-30T04:22:54.914045611Z,20.259843,113.609681,Cloud to Ground,31415,0,14
2026-08-30T04:22:54.915814765Z,20.252105,113.740855,Cloud to Cloud,-22392,6007,9
2026-08-30T04:22:55.970011090Z,20.318239,113.721736,Cloud to Cloud,-15529,3060,11
2026-08-30T04:22:55.049967909Z,20.364357,113.710285,Cloud to Cloud,-11951,3028,15
2026-08-30T04:22:54.918389071Z,20.227473,113.742346,Cloud to Cloud,-11661,6231,6
2026-08-30T04:22:55.383815890Z,20.290373,113.72752,Cloud to Ground,-10398,0,12
2026-08-30T04:22:54.992051301Z,20.27244,113.752285,Cloud to Ground,66562,0,13
2026-08-30T04:22:54.605778963Z,18.826997,114.186361,Cloud to Cloud,-15052,6513,10
2026-08-30T04:22:54.581977000Z,18.8675,114.1476,Cloud to Ground,34394,0,6
2026-08-30T04:22:54.145213500Z,18.867915,118.267402,Cloud to Cloud,-5375,18768,7
2026-08-30T04:22:55.400341519Z,19.757408,114.958994,Cloud to Cloud,-21729,3185,10
2026-08-30T04:22:55.239121706Z,19.770459,114.848649,Cloud to Cloud,11521,3049,8
2026-08-30T04:22:56.624151415Z,4.062176,112.828935,Cloud to Cloud,-19819,3012,7
2026-08-30T04:22:56.638657394Z,4.08286,112.843384,Cloud to Cloud,-14074,16823,5
2026-08-30T04:22:56.733546094Z,4.074835,112.816283,Cloud to Ground,18995,0,10
2026-08-30T04:22:56.668222692Z,4.073627,112.820358,Cloud to Ground,30190,0,6
2026-08-30T04:22:56.105206315Z,20.417464,113.527098,Cloud to Ground,-13088,0,10
2026-08-30T04:22:57.751175750Z,18.416277,116.421635,Cloud to Cloud,-7679,19951,7
2026-08-30T04:22:57.591881508Z,18.408925,116.39278,Cloud to Cloud,7572,6666,7
2026-08-30T04:22:57.586689179Z,18.402001,116.393706,Cloud to Ground,14274,0,10
2026-08-30T04:22:57.849882852Z,14.532249,121.910076,Cloud to Cloud,13113,3990,8
2026-08-30T04:22:57.943873929Z,14.817861,121.064697,Cloud to Ground,20803,0,15
2026-08-30T04:22:58.737213881Z,18.544273,113.806542,Cloud to Ground,48262,0,14
2026-08-30T04:22:58.518506537Z,18.443239,113.437902,Cloud to Cloud,6283,3015,6
2026-08-30T04:22:58.668262499Z,18.433495,113.423645,Cloud to Cloud,12207,3511,13
2026-08-30T04:22:58.489847524Z,18.600214,113.465092,Cloud to Ground,22800,0,10
2026-08-30T04:22:58.492174000Z,18.5069,113.5679,Cloud to Ground,11203,0,8
2026-08-30T04:22:58.897391277Z,18.492066,113.532089,Cloud to Cloud,11266,18300,8
2026-08-30T04:22:58.326301558Z,14.961639,121.020614,Cloud to Cloud,-6307,3000,6
2026-08-30T04:22:58.064065102Z,14.908078,121.091718,Cloud to Cloud,-3720,9121,6
2026-08-30T04:23:00.458447538Z,18.359695,113.501594,Cloud to Cloud,6591,19429,7
2026-08-30T04:23:00.044614218Z,18.293501,113.538906,Cloud to Cloud,7693,3037,9
2026-08-30T04:23:01.417252766Z,19.660351,115.098437,Cloud to Cloud,-13816,3119,8
2026-08-30T04:23:01.421838642Z,19.686611,115.077402,Cloud to Cloud,-11120,8037,8
2026-08-30T04:23:01.429830227Z,19.68117,115.096632,Cloud to Cloud,-10180,3039,7
2026-08-30T04:23:01.412609186Z,19.67688,115.007929,Cloud to Ground,41730,0,7
2026-08-30T04:23:01.565395954Z,18.322631,117.415589,Cloud to Cloud,14098,14013,11
2026-08-30T04:23:01.314915560Z,18.395209,119.735277,Cloud to Ground,-12352,0,11
2026-08-30T04:23:02.048631792Z,18.673245,114.277989,Cloud to Cloud,5920,3014,9
2026-08-30T04:23:02.067861860Z,18.659516,114.17615,Cloud to Ground,19114,0,12
2026-08-30T04:23:02.711452665Z,17.717941,113.23655,Cloud to Cloud,-14374,14658,10
2026-08-30T04:23:02.799095815Z,17.426511,113.076672,Cloud to Cloud,-18108,3722,11
2026-08-30T04:23:03.126207252Z,17.455165,113.078918,Cloud to Cloud,-15943,6053,9
2026-08-30T04:23:03.268782916Z,17.430847,113.086943,Cloud to Ground,-9943,0,7
2026-08-30T04:23:03.110118369Z,17.442811,113.081581,Cloud to Cloud,-8331,17218,7
2026-08-30T04:23:03.340998354Z,17.446411,113.107627,Cloud to Cloud,-6558,10688,9
2026-08-30T04:23:03.219454372Z,17.42282,113.059624,Cloud to Cloud,6867,3043,8
2026-08-30T04:23:04.734273501Z,20.226872,114.389122,Cloud to Cloud,-23001,19687,7
2026-08-30T04:23:04.777373412Z,20.174343,114.382574,Cloud to Cloud,-11672,14307,8
2026-08-30T04:23:04.872382333Z,20.197006,114.3861,Cloud to Cloud,-10520,14587,7
2026-08-30T04:23:04.630835140Z,22.060877,113.329805,Cloud to Cloud,13766,3003,10
2026-08-30T04:23:04.454274272Z,22.017326,113.345825,Cloud to Ground,17885,0,9
2026-08-30T04:23:04.925566485Z,18.424903,117.219218,Cloud to Ground,11401,0,7
2026-08-30T04:23:05.656274392Z,16.621172,120.19495,Cloud to Cloud,6433,18541,9
2026-08-30T04:23:06.621609984Z,16.201352,130.847115,Cloud to Ground,-37931,0,18
2026-08-30T04:23:06.620685290Z,16.196326,130.840448,Cloud to Cloud,-21729,3146,12
2026-08-30T04:23:06.618406438Z,16.192922,130.844123,Cloud to Cloud,-12571,6618,8
2026-08-30T04:23:06.949517332Z,16.131501,130.746421,Cloud to Cloud,-13167,3014,7
2026-08-30T04:23:06.087661024Z,20.301686,113.562361,Cloud to Ground,-31423,0,13
2026-08-30T04:23:06.450561039Z,20.312427,113.552262,Cloud to Cloud,-15653,3122,15
2026-08-30T04:23:06.177118421Z,20.29324,113.479745,Cloud to Ground,-9585,0,7
2026-08-30T04:23:06.272235820Z,20.312717,113.559369,Cloud to Ground,-8152,0,6
2026-08-30T04:23:06.459863537Z,20.306391,113.55944,Cloud to Cloud,9418,5711,8
2026-08-30T04:23:06.310805035Z,20.275832,113.569436,Cloud to Ground,12321,0,10
2026-08-30T04:23:06.291594692Z,20.307304,113.474188,Cloud to Cloud,17799,3817,8
2026-08-30T04:23:06.238547880Z,20.279135,113.602438,Cloud to Ground,28406,0,10
2026-08-30T04:23:06.604662367Z,20.276974,113.449264,Cloud to Ground,33627,0,18
2026-08-30T04:23:06.123293483Z,20.305366,113.560762,Cloud to Ground,38412,0,20
2026-08-30T04:23:08.995600445Z,18.94296,118.32518,Cloud to Ground,11844,0,13
2026-08-30T04:23:11.362488923Z,4.480683,113.238992,Cloud to Ground,-96399,0,18
2026-08-30T04:23:11.398942599Z,4.482974,113.24427,Cloud to Ground,18933,0,10
2026-08-30T04:23:11.475641410Z,4.542167,113.249512,Cloud to Ground,18941,0,11
2026-08-30T04:23:11.533147466Z,4.526519,113.244695,Cloud to Ground,23047,0,9
2026-08-30T04:23:11.419392813Z,4.492358,113.2542,Cloud to Ground,36966,0,23
2026-08-30T04:23:11.372317341Z,4.490359,113.243541,Cloud to Ground,104705,0,19
2026-08-30T04:23:11.154391896Z,16.908458,131.748905,Cloud to Ground,13176,0,7
2026-08-30T04:23:11.379977719Z,19.890538,114.672153,Cloud to Ground,29622,0,9
2026-08-30T04:23:11.803366481Z,22.164229,113.335661,Cloud to Cloud,-14863,3086,7
2026-08-30T04:23:11.804063121Z,22.132795,113.351462,Cloud to Cloud,-14401,3012,10
2026-08-30T04:23:11.703696489Z,22.169681,113.366209,Cloud to Cloud,-12893,9549,8
2026-08-30T04:23:11.697777642Z,22.169854,113.367487,Cloud to Cloud,-12551,3578,7
2026-08-30T04:23:11.729932534Z,22.135613,113.365664,Cloud to Cloud,12725,3066,7
2026-08-30T04:23:11.865011919Z,22.138764,113.245414,Cloud to Ground,14775,0,12
2026-08-30T04:23:13.259348440Z,21.992822,113.228866,Cloud to Ground,-36330,0,15
2026-08-30T04:23:13.944408685Z,22.074406,113.256237,Cloud to Cloud,-27332,3030,16
2026-08-30T04:23:13.232263155Z,21.987526,113.215221,Cloud to Cloud,-13912,19194,11
2026-08-30T04:23:13.942261711Z,21.952615,113.230407,Cloud to Ground,-11921,0,10
2026-08-30T04:23:13.231451904Z,21.990058,113.124141,Cloud to Cloud,-10040,3017,12
2026-08-30T04:23:13.457731860Z,22.080191,113.255335,Cloud to Cloud,14504,17119,8
2026-08-30T04:23:13.796019731Z,21.962445,113.144967,Cloud to Ground,15574,0,11
2026-08-30T04:23:13.504315022Z,21.960341,113.21334,Cloud to Ground,35027,0,17
2026-08-30T04:23:13.357670719Z,19.193545,115.822831,Cloud to Cloud,14844,18741,14
2026-08-30T04:23:14.486710159Z,18.502593,113.786961,Cloud to Ground,-7294,0,6
2026-08-30T04:23:14.560148891Z,18.50759,113.719235,Cloud to Cloud,9846,5494,8
2026-08-30T04:23:14.226193635Z,19.227053,115.881356,Cloud to Cloud,-10309,18989,7
2026-08-30T04:23:14.163275814Z,22.23783,113.35334,Cloud to Ground,-34581,0,15
2026-08-30T04:23:14.162110699Z,22.214667,113.356827,Cloud to Cloud,-9559,7992,10
2026-08-30T04:23:14.164942456Z,22.222285,113.360002,Cloud to Cloud,-8596,3050,8
2026-08-30T04:23:15.946894902Z,16.997228,132.035981,Cloud to Ground,-38371,0,12
2026-08-30T04:23:15.943471219Z,17.003206,132.021444,Cloud to Ground,-23777,0,11
2026-08-30T04:23:15.952811107Z,17.000201,132.00827,Cloud to Ground,-12721,0,9
2026-08-30T04:23:15.979634864Z,16.990739,132.025335,Cloud to Ground,-11850,0,13
2026-08-30T04:23:15.984595244Z,17.011724,132.020181,Cloud to Ground,-10904,0,8
2026-08-30T04:23:15.937505249Z,18.870233,118.281069,Cloud to Cloud,7596,3016,8
2026-08-30T04:23:15.024602746Z,20.233927,114.01823,Cloud to Cloud,-9461,13639,8
2026-08-30T04:23:15.351058588Z,20.234384,114.0088,Cloud to Cloud,-7359,7677,8
2026-08-30T04:23:15.338187527Z,20.251391,114.010365,Cloud to Cloud,9012,7805,8
2026-08-30T04:23:15.315423206Z,20.207116,114.02909,Cloud to Ground,9982,0,7
2026-08-30T04:23:15.012303915Z,20.23132,114.0195,Cloud to Cloud,12172,3000,12
2026-08-30T04:23:16.207962494Z,17.069636,132.141199,Cloud to Ground,-26301,0,16
2026-08-30T04:23:16.375097506Z,17.029792,132.161744,Cloud to Ground,-20935,0,13
2026-08-30T04:23:15.232176938Z,16.803008,132.068962,Cloud to Ground,-15549,0,10
2026-08-30T04:23:15.230616012Z,16.800038,132.071334,Cloud to Cloud,-13632,3003,12
2026-08-30T04:23:16.013794639Z,16.814649,132.149087,Cloud to Ground,-13326,0,15
2026-08-30T04:23:15.922548320Z,16.852448,132.076793,Cloud to Ground,-11292,0,10
2026-08-30T04:23:15.229762045Z,16.813529,132.063912,Cloud to Ground,13334,0,9
2026-08-30T04:23:16.215976438Z,16.853657,132.025687,Cloud to Ground,14567,0,9
2026-08-30T04:23:16.167065085Z,16.838492,132.038516,Cloud to Ground,44886,0,15
2026-08-30T04:23:16.331270310Z,20.186417,115.257967,Cloud to Cloud,-4876,6039,7
2026-08-30T04:23:16.335876803Z,20.262009,115.290118,Cloud to Cloud,8011,7236,7
2026-08-30T04:23:17.420334160Z,17.400869,112.968207,Cloud to Ground,15056,0,8
2026-08-30T04:23:19.516332568Z,18.567684,113.835596,Cloud to Ground,-10239,0,12
2026-08-30T04:23:20.743540620Z,17.836301,125.231037,Cloud to Cloud,4531,5121,7
2026-08-30T04:23:20.965391765Z,17.844243,125.300936,Cloud to Cloud,15648,3350,10
2026-08-30T04:23:20.775597152Z,17.841648,125.260788,Cloud to Ground,24477,0,9
2026-08-30T04:23:21.034017298Z,19.404075,122.91914,Cloud to Ground,-126857,0,17
2026-08-30T04:23:23.349026826Z,19.16057,115.745616,Cloud to Cloud,-10278,3002,8
2026-08-30T04:23:22.916182237Z,19.152462,115.731312,Cloud to Ground,15092,0,9
2026-08-30T04:23:22.336509705Z,18.446516,117.227491,Cloud to Ground,-15024,0,11
2026-08-30T04:23:24.751570803Z,19.400271,115.037798,Cloud to Cloud,9807,3067,9
2026-08-30T04:23:24.739231492Z,19.397047,115.039799,Cloud to Ground,40266,0,9
2026-08-30T04:23:24.053897434Z,19.127462,115.678673,Cloud to Ground,-7696,0,7
2026-08-30T04:23:25.593653604Z,16.129063,130.438895,Cloud to Cloud,-13845,17638,8
2026-08-30T04:23:25.272475385Z,20.304158,113.531741,Cloud to Cloud,-17056,3041,9
2026-08-30T04:23:24.759154064Z,20.284462,113.579486,Cloud to Cloud,-11201,4636,8
2026-08-30T04:23:24.801041342Z,20.28187,113.588154,Cloud to Cloud,-10500,3018,13
2026-08-30T04:23:24.716034285Z,20.28607,113.586953,Cloud to Cloud,-10294,3009,7
2026-08-30T04:23:25.112716986Z,20.322216,113.549443,Cloud to Cloud,16260,5134,7
2026-08-30T04:23:25.002988635Z,18.470997,113.642388,Cloud to Cloud,-14075,19024,12
2026-08-30T04:23:25.030593796Z,18.450245,113.628992,Cloud to Cloud,9643,17665,8
2026-08-30T04:23:26.262517842Z,16.776516,127.713119,Cloud to Ground,-28826,0,12
2026-08-30T04:23:26.093183560Z,16.79316,127.586013,Cloud to Ground,-26911,0,8
2026-08-30T04:23:26.137855738Z,16.777604,127.695972,Cloud to Ground,-25062,0,12
2026-08-30T04:23:26.016380347Z,16.745314,127.702339,Cloud to Ground,-22885,0,11
2026-08-30T04:23:26.049734892Z,16.834004,127.625392,Cloud to Ground,-21673,0,13
2026-08-30T04:23:26.042054587Z,16.795975,127.742719,Cloud to Ground,-16434,0,12
2026-08-30T04:23:26.495429382Z,16.779044,127.601549,Cloud to Ground,-15883,0,11
2026-08-30T04:23:26.192460133Z,16.805261,127.772497,Cloud to Cloud,10078,3094,9
2026-08-30T04:23:26.415451379Z,16.84045,127.718323,Cloud to Cloud,17900,14053,12
2026-08-30T04:23:26.092324778Z,16.822591,127.721876,Cloud to Ground,18836,0,9
2026-08-30T04:23:26.115662395Z,16.828395,127.720037,Cloud to Ground,21909,0,10
2026-08-30T04:23:26.322269409Z,16.801892,127.788874,Cloud to Ground,71371,0,9
2026-08-30T04:23:26.796315703Z,18.550191,113.676814,Cloud to Ground,-26060,0,11
2026-08-30T04:23:27.175308119Z,18.549864,113.62496,Cloud to Ground,-10470,0,7
2026-08-30T04:23:27.171918856Z,18.539217,113.728805,Cloud to Cloud,9438,7400,9
2026-08-30T04:23:26.891180840Z,18.532989,113.587409,Cloud to Ground,11725,0,9
2026-08-30T04:23:26.858079973Z,18.551009,113.709263,Cloud to Ground,36951,0,20
2026-08-30T04:23:27.077714461Z,17.552722,113.105756,Cloud to Cloud,10668,3071,9
2026-08-30T04:23:27.819581529Z,17.632535,113.237189,Cloud to Cloud,-43642,5789,12
2026-08-30T04:23:28.084493459Z,17.641764,113.234817,Cloud to Ground,-9586,0,7
2026-08-30T04:23:27.849446303Z,17.641726,113.234631,Cloud to Ground,-5212,0,6
2026-08-30T04:23:28.089836898Z,17.67532,113.064587,Cloud to Cloud,6486,3059,7
2026-08-30T04:23:28.000688816Z,17.624643,113.104498,Cloud to Ground,19456,0,7
2026-08-30T04:23:29.755224971Z,20.165395,114.843744,Cloud to Cloud,-12459,3082,10
2026-08-30T04:23:30.277041891Z,20.149724,114.858767,Cloud to Cloud,-10200,3062,6
2026-08-30T04:23:30.814531610Z,20.199053,114.906829,Cloud to Cloud,-8020,3618,7
2026-08-30T04:23:29.758527166Z,20.144432,114.750087,Cloud to Cloud,12348,3038,9
2026-08-30T04:23:29.749857876Z,20.164652,114.723559,Cloud to Ground,21232,0,9
2026-08-30T04:23:30.837079111Z,20.179389,114.731469,Cloud to Ground,-14043,0,8
2026-08-30T04:23:30.889802634Z,20.2009,114.719691,Cloud to Cloud,-8813,3001,8
2026-08-30T04:23:30.831160715Z,20.160584,114.73636,Cloud to Cloud,-7859,11846,7
2026-08-30T04:23:30.681318530Z,21.978769,113.238797,Cloud to Cloud,-18849,3016,10
2026-08-30T04:23:30.695123526Z,21.972941,113.230409,Cloud to Cloud,-10542,6994,7
2026-08-30T04:23:30.595050935Z,22.001605,113.277005,Cloud to Cloud,10414,17376,11
2026-08-30T04:23:30.556819211Z,21.972367,113.287114,Cloud to Cloud,13485,3021,8
2026-08-30T04:23:32.068707177Z,20.190908,113.853382,Cloud to Ground,-12126,0,10
2026-08-30T04:23:31.968033619Z,20.191077,113.853037,Cloud to Cloud,9665,3012,10
2026-08-30T04:23:31.969690720Z,20.187687,113.856028,Cloud to Ground,13929,0,12
2026-08-30T04:23:31.975876396Z,20.197993,113.846818,Cloud to Cloud,23624,6553,16
2026-08-30T04:23:31.103578830Z,19.799538,114.957001,Cloud to Ground,45756,0,11
2026-08-30T04:23:31.491907555Z,18.522123,113.773751,Cloud to Cloud,-6861,10755,10
2026-08-30T04:23:32.210791410Z,19.614928,114.198765,Cloud to Ground,43862,0,9
2026-08-30T04:23:32.878597716Z,18.371396,113.56453,Cloud to Ground,-8025,0,7
2026-08-30T04:23:32.518957764Z,18.322215,113.563111,Cloud to Ground,13593,0,8
2026-08-30T04:23:33.590419387Z,17.437662,113.090442,Cloud to Cloud,-11380,18368,8
2026-08-30T04:23:33.818709206Z,17.441034,113.089876,Cloud to Cloud,-10623,5311,6
2026-08-30T04:23:33.578632023Z,17.424436,113.080406,Cloud to Cloud,-9611,18690,10
2026-08-30T04:23:32.713680806Z,20.161716,114.394369,Cloud to Cloud,-14573,3621,11
2026-08-30T04:23:32.961118866Z,20.168673,114.394417,Cloud to Cloud,-12554,3016,11
2026-08-30T04:23:32.903577369Z,20.166618,114.394755,Cloud to Cloud,-10440,5840,9
2026-08-30T04:23:33.146461134Z,20.160619,114.392977,Cloud to Cloud,-9450,4425,8
2026-08-30T04:23:32.972949113Z,20.208854,114.383412,Cloud to Cloud,-7669,18060,6
2026-08-30T04:23:32.982243705Z,20.169418,114.392631,Cloud to Ground,-7635,0,6
2026-08-30T04:23:32.951930254Z,20.165573,114.385725,Cloud to Ground,11762,0,10
2026-08-30T04:23:32.702542000Z,20.223,114.2909,Cloud to Ground,12756,0,6
2026-08-30T04:23:32.644458901Z,20.178466,114.394477,Cloud to Cloud,12843,3069,11
2026-08-30T04:23:33.083644848Z,20.187642,114.377992,Cloud to Ground,13031,0,13
2026-08-30T04:23:33.556066085Z,18.345018,116.266752,Cloud to Cloud,-5428,9858,6
2026-08-30T04:23:33.549392418Z,18.332242,116.274949,Cloud to Cloud,9752,15103,8
2026-08-30T04:23:33.033063319Z,18.281014,113.441804,Cloud to Cloud,-7484,12765,7
2026-08-30T04:23:34.522103771Z,15.340702,120.79098,Cloud to Ground,14767,0,11
2026-08-30T04:23:34.770118943Z,19.931306,114.772923,Cloud to Cloud,-14200,14874,11
2026-08-30T04:23:34.757445852Z,19.920424,114.766665,Cloud to Ground,13990,0,8
2026-08-30T04:23:35.695332441Z,19.366499,114.976844,Cloud to Cloud,-10901,7735,9
2026-08-30T04:23:36.091892018Z,19.5576,114.927829,Cloud to Cloud,-9551,13989,11
2026-08-30T04:23:35.897397393Z,19.554759,114.943801,Cloud to Cloud,-9165,9793,8
2026-08-30T04:23:35.880905720Z,19.562769,114.957103,Cloud to Cloud,-6955,19163,8
2026-08-30T04:23:35.989955283Z,19.620525,114.948792,Cloud to Cloud,8533,7136,8
2026-08-30T04:23:35.986492719Z,19.580988,114.928485,Cloud to Cloud,8685,3130,8
2026-08-30T04:23:35.862698116Z,19.560983,114.956524,Cloud to Ground,42120,0,10
2026-08-30T04:23:35.863143000Z,19.6277,115.057,Cloud to Ground,7850,0,5
2026-08-30T04:23:38.235723645Z,22.112796,113.260587,Cloud to Cloud,-9411,3035,8
2026-08-30T04:23:38.599871602Z,22.081189,113.267526,Cloud to Ground,-8825,0,9
2026-08-30T04:23:38.603589618Z,22.17859,113.193957,Cloud to Cloud,-8566,3146,7
2026-08-30T04:23:40.162935720Z,18.868812,118.305937,Cloud to Ground,-6332,0,7
2026-08-30T04:23:40.093888254Z,18.886478,118.272492,Cloud to Cloud,4184,19351,7
2026-08-30T04:23:40.137801550Z,18.893772,118.280092,Cloud to Cloud,5578,15692,9
2026-08-30T04:23:40.193466287Z,18.945253,118.311669,Cloud to Cloud,6922,6282,8
2026-08-30T04:23:40.730810564Z,19.89948,114.529798,Cloud to Cloud,-11825,9735,9
2026-08-30T04:23:40.707166796Z,19.868659,114.516816,Cloud to Cloud,11468,3036,9
2026-08-30T04:23:42.048605784Z,19.345603,114.759929,Cloud to Ground,23387,0,8
2026-08-30T04:23:42.104494796Z,19.489645,114.777765,Cloud to Cloud,-8050,4315,7
2026-08-30T04:23:42.077115990Z,19.478559,114.777631,Cloud to Ground,21385,0,14
2026-08-30T04:23:42.214075575Z,19.429604,114.671259,Cloud to Cloud,-8478,3008,7
2026-08-30T04:23:42.216645979Z,19.44271,114.656458,Cloud to Cloud,10791,5857,8
2026-08-30T04:23:42.051487000Z,19.5044,114.6501,Cloud to Ground,14204,0,5
2026-08-30T04:23:45.927460767Z,18.392928,113.670929,Cloud to Cloud,-11594,3016,7
2026-08-30T04:23:46.170838735Z,20.263321,113.588252,Cloud to Cloud,3506,18874,7
2026-08-30T04:23:46.138899195Z,20.256031,113.581508,Cloud to Cloud,10821,3999,7
2026-08-30T04:23:46.035361009Z,20.262314,113.585164,Cloud to Ground,11525,0,9
2026-08-30T04:23:45.924761409Z,20.282576,113.593861,Cloud to Ground,16263,0,14
2026-08-30T04:23:47.281281941Z,18.403127,116.393005,Cloud to Cloud,-9217,5865,8
2026-08-30T04:23:47.256900200Z,18.375934,116.414121,Cloud to Cloud,-8948,7805,9
2026-08-30T04:23:47.180223006Z,18.377294,116.424867,Cloud to Cloud,-8769,3448,9
2026-08-30T04:23:47.295894854Z,18.405135,116.405499,Cloud to Cloud,8421,5931,8
2026-08-30T04:23:48.445779504Z,21.982544,113.233977,Cloud to Cloud,-11965,3000,10
2026-08-30T04:23:48.892136283Z,21.995944,113.235034,Cloud to Cloud,-9277,10891,10
2026-08-30T04:23:49.537345561Z,18.76601,118.203368,Cloud to Cloud,-8640,5547,8
2026-08-30T04:23:50.167365473Z,16.015002,130.014876,Cloud to Ground,-18588,0,12
2026-08-30T04:23:50.168849628Z,16.068405,129.94425,Cloud to Cloud,-17078,3808,12
2026-08-30T04:23:52.701846028Z,18.283228,113.409526,Cloud to Cloud,-8402,3436,9
2026-08-30T04:23:52.978846953Z,18.268295,113.420539,Cloud to Cloud,4767,3532,7
2026-08-30T04:23:52.978299716Z,18.250155,113.384417,Cloud to Cloud,8892,3014,8
2026-08-30T04:23:54.096482766Z,20.18416,114.378613,Cloud to Cloud,8294,14450,9
2026-08-30T04:23:55.412631432Z,16.970122,132.246839,Cloud to Cloud,-10732,4571,8
2026-08-30T04:23:55.447545307Z,16.943826,132.221806,Cloud to Ground,22979,0,13
2026-08-30T04:23:55.361530509Z,17.004963,132.214561,Cloud to Ground,68088,0,18
2026-08-30T04:23:56.353234933Z,18.661372,114.292188,Cloud to Cloud,-7119,7799,5
2026-08-30T04:23:56.095664623Z,18.665679,114.295481,Cloud to Cloud,6207,4662,8
2026-08-30T04:23:55.960202465Z,18.673542,114.324417,Cloud to Cloud,13711,3865,12
2026-08-30T04:23:56.411173018Z,16.945337,132.221597,Cloud to Cloud,5845,3006,6
2026-08-30T04:23:56.282305947Z,16.942629,132.226489,Cloud to Ground,9099,0,10
2026-08-30T04:23:56.160935186Z,16.863095,132.088513,Cloud to Ground,-15543,0,12
2026-08-30T04:23:56.159286983Z,16.936242,132.056239,Cloud to Ground,-9352,0,14
2026-08-30T04:23:56.161689775Z,17.018104,132.040367,Cloud to Ground,10677,0,8
2026-08-30T04:23:58.305829076Z,4.11829,112.813734,Cloud to Ground,-15320,0,7
2026-08-30T04:23:58.173733505Z,18.546421,113.839648,Cloud to Cloud,-11034,3014,7
2026-08-30T04:23:59.244608127Z,20.292065,113.576978,Cloud to Cloud,-27027,3032,16
2026-08-30T04:23:59.721609810Z,20.301751,113.573106,Cloud to Cloud,-8547,3000,10
2026-08-30T04:23:59.260495669Z,20.300576,113.571335,Cloud to Cloud,-4446,3002,7
2026-08-30T04:23:59.276705908Z,20.342879,113.523774,Cloud to Cloud,5023,3036,6
2026-08-30T04:23:59.668559376Z,20.281492,113.5791,Cloud to Ground,49922,0,8
2026-08-30T04:24:00.877382642Z,19.766194,114.846192,Cloud to Cloud,-8882,6193,13
2026-08-30T04:24:00.865005207Z,19.762822,114.847273,Cloud to Cloud,-5780,15986,8
2026-08-30T04:24:00.867515017Z,19.760012,114.851621,Cloud to Cloud,13577,10280,11
2026-08-30T04:24:02.828529678Z,19.603739,114.089064,Cloud to Cloud,6993,17531,8
2026-08-30T04:24:03.781744534Z,14.368527,120.79059,Cloud to Ground,-32728,0,10
2026-08-30T04:24:03.794077983Z,14.337581,120.780244,Cloud to Cloud,8671,17894,6
2026-08-30T04:24:03.106164714Z,18.876064,118.303796,Cloud to Cloud,-5567,12323,6
2026-08-30T04:24:03.061413213Z,18.885898,118.30507,Cloud to Ground,-5170,0,6
2026-08-30T04:24:05.912601178Z,18.573627,113.619243,Cloud to Ground,-9224,0,7
2026-08-30T04:24:05.989056968Z,18.627135,113.608227,Cloud to Cloud,4007,3718,6
2026-08-30T04:24:05.985754766Z,18.454121,113.654483,Cloud to Ground,-11358,0,6
2026-08-30T04:24:05.991944684Z,18.489027,113.560015,Cloud to Cloud,-11044,5969,8
2026-08-30T04:24:05.757392204Z,18.473172,113.656089,Cloud to Cloud,-7352,3173,8
2026-08-30T04:24:05.930051263Z,18.494021,113.685566,Cloud to Cloud,9287,3034,8
2026-08-30T04:24:05.712209108Z,18.438061,113.608648,Cloud to Cloud,10013,5012,9
2026-08-30T04:24:07.866072153Z,4.140284,112.931416,Cloud to Ground,17546,0,10
2026-08-30T04:24:08.222211616Z,14.811623,121.11388,Cloud to Cloud,-3296,3000,7
2026-08-30T04:24:07.880236682Z,14.891844,121.082944,Cloud to Cloud,3559,11763,7
2026-08-30T04:24:07.906775103Z,14.852019,121.124224,Cloud to Cloud,4961,5158,8
2026-08-30T04:24:09.737920071Z,21.994073,113.071687,Cloud to Cloud,11414,3071,8
2026-08-30T04:24:09.509158336Z,21.97305,113.229828,Cloud to Cloud,12408,3001,11
2026-08-30T04:24:09.618651410Z,21.979556,113.221212,Cloud to Cloud,15102,17515,10
2026-08-30T04:24:09.610623515Z,22.074345,113.145364,Cloud to Cloud,-11846,5441,7
2026-08-30T04:24:09.860551368Z,21.682722,112.876793,Cloud to Cloud,10543,18110,11
2026-08-30T04:24:09.048068339Z,19.742264,114.273764,Cloud to Ground,30029,0,10
2026-08-30T04:24:09.921030126Z,18.487452,117.554187,Cloud to Ground,-12886,0,10
2026-08-30T04:24:11.776027148Z,18.406479,116.39892,Cloud to Cloud,-10463,19079,11
2026-08-30T04:24:12.032297105Z,18.354973,116.415879,Cloud to Cloud,-8449,14514,8
2026-08-30T04:24:12.013683647Z,18.455842,116.426039,Cloud to Cloud,-6609,18097,7
2026-08-30T04:24:11.748675669Z,18.399777,116.38939,Cloud to Ground,17076,0,10
2026-08-30T04:24:11.915100270Z,22.044228,113.265514,Cloud to Cloud,-14707,4555,9
2026-08-30T04:24:11.516149688Z,22.037041,113.228439,Cloud to Cloud,-12561,3025,12
2026-08-30T04:24:11.759045173Z,22.022345,113.270432,Cloud to Ground,-10727,0,8
2026-08-30T04:24:11.528831879Z,22.041847,113.263003,Cloud to Cloud,-8909,4078,7
2026-08-30T04:24:12.052047509Z,22.050632,113.28961,Cloud to Cloud,-6402,3165,9
2026-08-30T04:24:12.071468622Z,22.021105,113.276799,Cloud to Cloud,6884,3044,7
2026-08-30T04:24:11.520175845Z,21.908304,113.144036,Cloud to Cloud,-29150,12506,14
2026-08-30T04:24:12.206191739Z,18.407724,116.283132,Cloud to Cloud,-8316,3039,6
2026-08-30T04:24:14.941327376Z,18.923052,114.354138,Cloud to Cloud,-10768,3001,12
2026-08-30T04:24:14.945302343Z,18.886404,114.348902,Cloud to Cloud,-10507,13354,7
2026-08-30T04:24:14.946994644Z,18.903814,114.345976,Cloud to Cloud,-7753,3472,9
2026-08-30T04:24:14.941769536Z,18.911858,114.308797,Cloud to Ground,20078,0,10
2026-08-30T04:24:15.055570759Z,22.003231,113.219027,Cloud to Cloud,-24038,7174,13
2026-08-30T04:24:15.196905311Z,21.972978,113.123067,Cloud to Cloud,-10424,3035,10
2026-08-30T04:24:15.165916888Z,21.962031,113.226609,Cloud to Ground,-8300,0,8
2026-08-30T04:24:15.159664944Z,21.993706,113.211731,Cloud to Cloud,6759,6257,9
2026-08-30T04:24:15.180178837Z,21.992684,113.139527,Cloud to Cloud,14040,3013,9
2026-08-30T04:24:19.430424317Z,18.516573,113.769061,Cloud to Cloud,-5742,3004,6
2026-08-30T04:24:20.527435340Z,18.322704,113.534076,Cloud to Cloud,11894,3269,10
2026-08-30T04:24:20.353558289Z,18.380246,113.673525,Cloud to Cloud,-20705,6123,13
2026-08-30T04:24:21.640222637Z,19.667023,115.102148,Cloud to Ground,-26922,0,18
2026-08-30T04:24:21.605323927Z,19.685284,115.095935,Cloud to Cloud,10644,8175,9
2026-08-30T04:24:21.610155300Z,19.690554,115.08722,Cloud to Ground,16517,0,17
2026-08-30T04:24:22.802684974Z,3.240488,113.136026,Cloud to Ground,-27502,0,18
2026-08-30T04:24:22.324687069Z,20.224221,114.346784,Cloud to Cloud,-12556,7253,7
2026-08-30T04:24:22.207330946Z,20.172423,114.396117,Cloud to Cloud,-10776,4286,12
2026-08-30T04:24:22.236294004Z,20.165302,114.391267,Cloud to Cloud,-8522,7779,10
2026-08-30T04:24:22.326931621Z,20.17227,114.397399,Cloud to Ground,-8008,0,7
2026-08-30T04:24:22.280779718Z,20.177355,114.400456,Cloud to Cloud,-7193,19870,9
2026-08-30T04:24:22.349227377Z,20.184698,114.391288,Cloud to Cloud,7236,5770,6
2026-08-30T04:24:22.545955347Z,20.216883,114.399499,Cloud to Cloud,10407,3161,7
2026-08-30T04:24:22.160922733Z,20.16421,114.39149,Cloud to Cloud,11370,10879,7
2026-08-30T04:24:22.125622642Z,20.182514,114.389593,Cloud to Ground,22168,0,10
2026-08-30T04:24:22.141337111Z,19.170811,115.836147,Cloud to Cloud,-6019,3006,7
2026-08-30T04:24:22.403069907Z,19.197986,115.80193,Cloud to Cloud,7371,7307,9
2026-08-30T04:24:23.428867293Z,19.999701,114.338607,Cloud to Ground,21449,0,8
2026-08-30T04:24:23.473205551Z,19.620585,114.204256,Cloud to Cloud,-17414,5044,12
2026-08-30T04:24:23.687004522Z,19.611923,114.199831,Cloud to Cloud,-13274,7255,9
2026-08-30T04:24:23.090928772Z,18.880876,118.293785,Cloud to Ground,-6251,0,9
2026-08-30T04:24:23.031119617Z,18.899501,118.333175,Cloud to Cloud,8649,16016,7
2026-08-30T04:24:24.281857049Z,15.027651,121.142673,Cloud to Cloud,-7383,3002,8
2026-08-30T04:24:25.796225680Z,16.921873,131.689427,Cloud to Ground,-20327,0,15
2026-08-30T04:24:25.797026691Z,16.89334,131.691448,Cloud to Ground,-20171,0,16
2026-08-30T04:24:25.795680600Z,16.897689,131.699652,Cloud to Ground,35476,0,16
2026-08-30T04:24:25.337281911Z,20.306728,113.495792,Cloud to Cloud,11386,3025,8
2026-08-30T04:24:25.309927393Z,20.307969,113.598496,Cloud to Cloud,-25472,3017,11
2026-08-30T04:24:25.592107404Z,20.301613,113.607371,Cloud to Cloud,-23444,3049,9
2026-08-30T04:24:25.325536296Z,20.300488,113.595096,Cloud to Cloud,12936,11769,9
2026-08-30T04:24:25.347532298Z,20.301062,113.59712,Cloud to Ground,22737,0,14
2026-08-30T04:24:26.188671896Z,18.411681,116.377465,Cloud to Ground,12022,0,7
2026-08-30T04:24:26.127731243Z,14.540945,121.91686,Cloud to Cloud,15844,6466,8
2026-08-30T04:24:27.030723325Z,18.180452,113.418885,Cloud to Cloud,-20081,3035,9
2026-08-30T04:24:27.029304990Z,18.182434,113.407566,Cloud to Cloud,7630,4131,7
2026-08-30T04:24:27.027509488Z,18.186132,113.339118,Cloud to Ground,26062,0,6
2026-08-30T04:24:27.921716795Z,20.502325,112.895075,Cloud to Ground,12000,0,10
2026-08-30T04:24:28.590074177Z,19.596902,114.923282,Cloud to Cloud,-9461,14185,10
2026-08-30T04:24:28.577910890Z,19.601582,114.913269,Cloud to Cloud,-7486,5341,7
2026-08-30T04:24:28.583119283Z,19.59036,114.928561,Cloud to Cloud,11615,3053,7
2026-08-30T04:24:28.615374006Z,19.602696,114.935852,Cloud to Cloud,11632,6140,9
2026-08-30T04:24:28.594977602Z,19.602959,114.928718,Cloud to Ground,20845,0,10
2026-08-30T04:24:28.083628833Z,20.556076,113.02538,Cloud to Ground,18758,0,9
2026-08-30T04:24:28.001175506Z,20.511849,112.993773,Cloud to Ground,54623,0,14
2026-08-30T04:24:28.376388754Z,20.476905,113.138473,Cloud to Cloud,9770,6326,6
2026-08-30T04:24:29.692362204Z,19.982783,114.21894,Cloud to Ground,23007,0,10
2026-08-30T04:24:29.979479312Z,20.232678,113.926552,Cloud to Cloud,19329,3060,10
2026-08-30T04:24:31.371233977Z,19.015558,119.330916,Cloud to Ground,34549,0,14
2026-08-30T04:24:31.833623533Z,19.895749,114.670851,Cloud to Ground,-32522,0,12
2026-08-30T04:24:31.852691401Z,19.89244,114.671241,Cloud to Cloud,-12361,7262,8
2026-08-30T04:24:31.497434865Z,19.926819,114.667492,Cloud to Cloud,20206,6032,10
2026-08-30T04:24:32.808197898Z,18.783288,114.069742,Cloud to Ground,19720,0,9
2026-08-30T04:24:32.914688143Z,18.65302,114.042938,Cloud to Cloud,7287,5316,8
2026-08-30T04:24:33.804242764Z,20.316943,114.121972,Cloud to Cloud,-8649,3098,8
2026-08-30T04:24:33.786408755Z,20.274821,114.121935,Cloud to Cloud,7136,3057,7
2026-08-30T04:24:33.792707153Z,20.284104,114.112994,Cloud to Ground,11001,0,10
2026-08-30T04:24:33.784522464Z,20.277925,114.107351,Cloud to Ground,31728,0,10
2026-08-30T04:24:34.744042690Z,18.9746,118.207764,Cloud to Ground,9164,0,8
2026-08-30T04:24:34.777205445Z,18.829446,118.335601,Cloud to Cloud,12121,19784,9
2026-08-30T04:24:34.438122745Z,15.143644,120.088703,Cloud to Cloud,-7528,6197,12
2026-08-30T04:24:34.439151000Z,15.1722,120.0855,Cloud to Ground,-5045,0,6
2026-08-30T04:24:34.437454118Z,15.064664,120.055231,Cloud to Cloud,11294,15727,7
2026-08-30T04:24:34.440173695Z,16.078189,120.119075,Cloud to Cloud,-20477,3000,8
2026-08-30T04:24:35.872031722Z,19.48296,114.737964,Cloud to Cloud,-14583,3042,13
2026-08-30T04:24:36.044010277Z,19.468481,114.719434,Cloud to Cloud,-7607,3820,7
2026-08-30T04:24:35.866430857Z,19.467404,114.720976,Cloud to Cloud,6613,3002,9
2026-08-30T04:24:35.865677320Z,19.469464,114.720875,Cloud to Cloud,12756,3008,8
2026-08-30T04:24:36.598968347Z,19.380812,114.989118,Cloud to Cloud,6860,18127,8
2026-08-30T04:24:37.231257235Z,17.002315,131.795399,Cloud to Ground,-29633,0,13
2026-08-30T04:24:37.224380332Z,16.985559,131.784278,Cloud to Ground,-22217,0,13
2026-08-30T04:24:37.229079541Z,16.986973,131.742291,Cloud to Ground,-18572,0,11
2026-08-30T04:24:37.225356431Z,16.945771,131.805149,Cloud to Cloud,-16849,13197,12
2026-08-30T04:24:37.235084637Z,16.990714,131.804907,Cloud to Ground,-12445,0,10
2026-08-30T04:24:37.233918960Z,17.001799,131.810037,Cloud to Cloud,-11929,6425,7
2026-08-30T04:24:37.223405532Z,16.993692,131.78849,Cloud to Ground,-10248,0,7
2026-08-30T04:24:37.232273806Z,16.999656,131.806117,Cloud to Ground,-10014,0,11
2026-08-30T04:24:37.293746638Z,17.00222,131.75,Cloud to Ground,12664,0,14
2026-08-30T04:24:37.225826461Z,16.987712,131.776766,Cloud to Ground,21296,0,17
2026-08-30T04:24:38.939866785Z,17.092707,132.155644,Cloud to Ground,-8452,0,6
2026-08-30T04:24:40.172076016Z,20.274265,113.716623,Cloud to Cloud,4706,6696,7
2026-08-30T04:24:41.421315577Z,21.976807,113.241902,Cloud to Cloud,-10252,7577,8
2026-08-30T04:24:41.406364608Z,21.998927,113.238385,Cloud to Cloud,10715,6833,7
2026-08-30T04:24:41.266743813Z,22.07907,113.263569,Cloud to Ground,25830,0,10
2026-08-30T04:24:41.873587572Z,18.473213,117.332389,Cloud to Cloud,9935,16974,9
2026-08-30T04:24:41.392210872Z,18.394255,116.398821,Cloud to Cloud,-9423,7709,7
2026-08-30T04:24:41.375378541Z,18.455889,116.45717,Cloud to Cloud,6875,3013,7
2026-08-30T04:24:41.511176431Z,16.597065,120.096574,Cloud to Cloud,6986,6696,7
2026-08-30T04:24:41.041063350Z,18.557133,113.724967,Cloud to Cloud,-20571,13289,13
2026-08-30T04:24:41.100909117Z,18.54996,113.673844,Cloud to Ground,-17459,0,12
2026-08-30T04:24:40.976476051Z,18.564756,113.692017,Cloud to Ground,-12734,0,13
2026-08-30T04:24:41.057027218Z,18.563261,113.734179,Cloud to Ground,19885,0,9
2026-08-30T04:24:42.657596020Z,18.359862,113.646467,Cloud to Cloud,-15872,3043,12
2026-08-30T04:24:42.656221780Z,18.330258,113.65695,Cloud to Ground,-12389,0,10
2026-08-30T04:24:42.376998503Z,18.366226,113.642601,Cloud to Cloud,19719,3767,13
2026-08-30T04:24:42.132026562Z,21.686675,112.780218,Cloud to Cloud,10616,7689,6
2026-08-30T04:24:42.981876837Z,19.129908,115.971414,Cloud to Cloud,7204,6015,6
2026-08-30T04:24:43.476624980Z,17.614064,113.116303,Cloud to Cloud,-24703,3149,8
2026-08-30T04:24:43.293743845Z,17.58904,113.192261,Cloud to Cloud,-8276,3847,10
2026-08-30T04:24:43.306269158Z,17.579386,113.111051,Cloud to Cloud,6977,6600,7
2026-08-30T04:24:43.865277064Z,19.132933,116.151321,Cloud to Cloud,-7934,4875,8
2026-08-30T04:24:44.780324633Z,17.00806,132.224129,Cloud to Ground,-19843,0,15
2026-08-30T04:24:45.486831048Z,17.01989,132.193688,Cloud to Ground,11531,0,9
2026-08-30T04:24:45.455026040Z,17.002778,132.225733,Cloud to Ground,14968,0,13
2026-08-30T04:24:44.822687768Z,16.961652,132.236673,Cloud to Ground,15385,0,8
2026-08-30T04:24:44.907344062Z,17.005951,132.220897,Cloud to Ground,16233,0,9
2026-08-30T04:24:44.878946992Z,17.007037,132.225985,Cloud to Ground,26496,0,20
2026-08-30T04:24:45.844338000Z,17.0065,132.1798,Cloud to Ground,27901,0,8
2026-08-30T04:24:44.796305107Z,17.0097,132.226414,Cloud to Ground,75097,0,19
2026-08-30T04:24:44.367157234Z,19.050638,115.928131,Cloud to Ground,13492,0,9
2026-08-30T04:24:44.410257343Z,19.07864,116.042881,Cloud to Cloud,-11173,9886,12
2026-08-30T04:24:44.728644832Z,19.078527,116.047352,Cloud to Ground,-10441,0,9
2026-08-30T04:24:44.845850000Z,18.6021,113.6536,Cloud to Ground,15289,0,5
2026-08-30T04:24:45.562980522Z,16.990957,132.03588,Cloud to Ground,-11269,0,13
2026-08-30T04:24:45.830540289Z,17.489721,112.96607,Cloud to Ground,9013,0,8
2026-08-30T04:24:45.758408018Z,17.464898,113.233515,Cloud to Cloud,-13546,3159,9
2026-08-30T04:24:45.400337440Z,17.468025,113.17762,Cloud to Cloud,-9380,3035,8
2026-08-30T04:24:45.362934930Z,17.475124,113.177571,Cloud to Ground,9136,0,7
2026-08-30T04:24:45.469293762Z,17.477472,113.17228,Cloud to Cloud,18568,3030,12
2026-08-30T04:24:45.669323347Z,19.979253,114.21437,Cloud to Cloud,-10586,17808,9
2026-08-30T04:24:45.880771591Z,15.22607,120.532352,Cloud to Cloud,8193,13636,12
2026-08-30T04:24:46.976063432Z,18.506846,117.555498,Cloud to Cloud,5160,3012,7
2026-08-30T04:24:46.543584787Z,18.340727,116.324765,Cloud to Ground,-10814,0,10
2026-08-30T04:24:46.490271510Z,18.345151,116.323112,Cloud to Ground,-7137,0,6
2026-08-30T04:24:47.708239421Z,20.297605,113.58583,Cloud to Ground,-30697,0,12
2026-08-30T04:24:47.844785215Z,20.296672,113.581409,Cloud to Cloud,-18143,3105,15
2026-08-30T04:24:47.746241885Z,20.295537,113.580935,Cloud to Ground,35084,0,20
2026-08-30T04:24:49.121762000Z,16.1727,129.5316,Cloud to Ground,10669,0,5
2026-08-30T04:24:49.116973248Z,16.274629,129.554776,Cloud to Ground,-52785,0,12
2026-08-30T04:24:49.115744408Z,16.271601,129.527896,Cloud to Cloud,-8785,3247,7
2026-08-30T04:24:49.116234477Z,16.262144,129.550812,Cloud to Ground,24423,0,10
2026-08-30T04:24:49.118017000Z,16.3281,129.5439,Cloud to Ground,31507,0,6
2026-08-30T04:24:49.402154089Z,20.219507,114.342119,Cloud to Ground,45196,0,16
2026-08-30T04:24:49.140354186Z,22.190037,113.242079,Cloud to Cloud,12425,14176,8
2026-08-30T04:24:49.835395371Z,19.05599,118.441189,Cloud to Ground,-33412,0,14
2026-08-30T04:24:50.005750855Z,18.92153,118.295714,Cloud to Cloud,-13836,16522,7
2026-08-30T04:24:51.323891668Z,20.160702,114.391191,Cloud to Ground,-13847,0,8
2026-08-30T04:24:51.466935157Z,20.234401,114.359878,Cloud to Cloud,5011,7994,7
2026-08-30T04:24:50.960376028Z,20.180959,114.392801,Cloud to Ground,13864,0,9
2026-08-30T04:24:52.180249950Z,18.393511,116.402672,Cloud to Cloud,-9099,15658,8
2026-08-30T04:24:51.783206972Z,18.395397,116.393009,Cloud to Cloud,10302,3006,7
2026-08-30T04:24:51.213781062Z,20.118398,115.23076,Cloud to Cloud,-30859,15704,9
2026-08-30T04:24:51.237674645Z,20.109917,115.22628,Cloud to Ground,-9779,0,6
2026-08-30T04:24:51.018838790Z,20.037508,115.240299,Cloud to Cloud,-7768,4269,8
2026-08-30T04:24:50.995736334Z,20.046823,115.252185,Cloud to Cloud,5002,3039,7
2026-08-30T04:24:51.218076646Z,20.143457,115.221457,Cloud to Cloud,9119,3011,8
2026-08-30T04:24:50.862594493Z,20.119967,115.276896,Cloud to Cloud,10043,13163,8
2026-08-30T04:24:51.223293031Z,20.023277,115.245579,Cloud to Cloud,10046,3006,7
2026-08-30T04:24:50.764040531Z,20.03086,115.235711,Cloud to Cloud,12384,10139,10
2026-08-30T04:24:51.341542141Z,20.03387,114.972652,Cloud to Cloud,-17006,3059,9
2026-08-30T04:24:51.335205816Z,20.049943,114.97391,Cloud to Ground,-9478,0,7
2026-08-30T04:24:51.367512680Z,20.047271,114.930503,Cloud to Cloud,12286,3975,10
2026-08-30T04:24:53.320071883Z,19.875739,114.512412,Cloud to Cloud,-7773,13753,9
2026-08-30T04:24:53.302466001Z,19.935587,114.542876,Cloud to Cloud,11961,18366,7
2026-08-30T04:24:54.356345158Z,20.354273,113.945723,Cloud to Cloud,-16531,19204,12
2026-08-30T04:24:54.347769166Z,20.336771,113.935246,Cloud to Cloud,-11154,6770,9
2026-08-30T04:24:54.345469194Z,20.343614,113.925499,Cloud to Cloud,-10583,5034,7
2026-08-30T04:24:54.351780993Z,20.360639,113.928483,Cloud to Cloud,9244,3000,9
2026-08-30T04:24:54.241834772Z,19.975705,114.340743,Cloud to Cloud,-9522,3027,10
2026-08-30T04:24:54.782802994Z,18.322305,117.442558,Cloud to Cloud,-3105,3042,7
2026-08-30T04:24:55.738272163Z,18.67008,114.307312,Cloud to Ground,-14364,0,12
2026-08-30T04:24:55.445012419Z,18.6869,114.30212,Cloud to Cloud,-8995,3024,6
2026-08-30T04:24:55.432858588Z,18.679431,114.297171,Cloud to Ground,10526,0,10
2026-08-30T04:24:55.437351055Z,18.682824,114.293671,Cloud to Ground,31768,0,19
2026-08-30T04:24:56.615334894Z,15.906387,130.057827,Cloud to Ground,-23073,0,9
2026-08-30T04:24:56.908396212Z,19.820584,114.915849,Cloud to Cloud,10966,7383,8
2026-08-30T04:24:56.881909801Z,19.76072,114.876627,Cloud to Cloud,12088,4258,7
2026-08-30T04:24:58.132398768Z,20.000075,115.081942,Cloud to Cloud,-10099,3049,9
2026-08-30T04:24:58.192745617Z,20.003121,115.105527,Cloud to Cloud,-9979,3081,9
2026-08-30T04:24:58.116733000Z,20.041,115.0191,Cloud to Ground,8968,0,6
2026-08-30T04:24:58.118473949Z,20.038146,115.07335,Cloud to Cloud,9685,3020,8
2026-08-30T04:25:00.717425918Z,19.045371,115.612166,Cloud to Cloud,-14076,3827,8
2026-08-30T04:25:00.758932462Z,19.023041,115.61072,Cloud to Cloud,-11220,3000,9
2026-08-30T04:25:00.728481881Z,19.061679,115.606441,Cloud to Ground,14345,0,7
2026-08-30T04:25:02.161531528Z,17.772797,128.596124,Cloud to Cloud,-35755,15181,9
2026-08-30T04:25:02.255306134Z,17.714763,128.376794,Cloud to Ground,-31382,0,7
2026-08-30T04:25:02.158532705Z,17.731694,128.51725,Cloud to Cloud,-15496,3826,8
2026-08-30T04:25:02.187408501Z,17.765357,128.480276,Cloud to Cloud,-10957,7825,13
2026-08-30T04:25:02.369675208Z,17.724555,128.445908,Cloud to Ground,20510,0,9
2026-08-30T04:25:02.157955863Z,17.758911,128.519733,Cloud to Ground,28818,0,17
2026-08-30T04:25:02.724190047Z,19.394432,122.946879,Cloud to Ground,-62780,0,17
2026-08-30T04:25:02.751633270Z,19.494959,122.832536,Cloud to Ground,-48533,0,20
2026-08-30T04:25:02.711333031Z,19.452703,122.856646,Cloud to Cloud,-15977,7825,16
2026-08-30T04:25:03.084879467Z,19.405194,122.929909,Cloud to Ground,-13667,0,8
2026-08-30T04:25:03.911224089Z,18.505082,116.501452,Cloud to Ground,-46202,0,12
2026-08-30T04:25:03.950800423Z,18.508254,116.499633,Cloud to Ground,-20922,0,12
2026-08-30T04:25:03.977228763Z,18.519256,116.495871,Cloud to Ground,-11067,0,6
2026-08-30T04:25:04.145331339Z,18.413709,116.481487,Cloud to Ground,-17259,0,7
2026-08-30T04:25:05.415002573Z,18.408675,113.663275,Cloud to Ground,-13203,0,9
2026-08-30T04:25:05.420225619Z,18.418471,113.664366,Cloud to Cloud,-11579,17023,7
2026-08-30T04:25:05.506724106Z,18.973765,118.318111,Cloud to Cloud,16729,3755,7
2026-08-30T04:25:06.416887791Z,17.419974,113.096081,Cloud to Ground,-13287,0,7
2026-08-30T04:25:06.383366465Z,17.425199,113.046889,Cloud to Cloud,-13181,5081,7
2026-08-30T04:25:06.795417343Z,19.380503,114.986639,Cloud to Cloud,-7242,7830,7
2026-08-30T04:25:06.823854000Z,19.3813,114.9527,Cloud to Ground,12406,0,5
2026-08-30T04:25:07.538079414Z,18.478557,113.643288,Cloud to Cloud,-30073,3046,10
2026-08-30T04:25:07.302116690Z,18.495477,113.642964,Cloud to Ground,-28691,0,13
2026-08-30T04:25:07.486499171Z,18.498702,113.641963,Cloud to Cloud,-17964,3153,12
2026-08-30T04:25:07.484481003Z,18.570341,113.696887,Cloud to Cloud,10540,3033,7
2026-08-30T04:25:07.838291200Z,18.480548,113.652486,Cloud to Ground,18464,0,8
2026-08-30T04:25:08.663516939Z,17.84535,125.230888,Cloud to Ground,-75004,0,15
2026-08-30T04:25:08.734670844Z,17.858427,125.197879,Cloud to Ground,-21298,0,8
2026-08-30T04:25:08.858777213Z,17.835811,125.242148,Cloud to Ground,-19273,0,10
2026-08-30T04:25:08.758079425Z,17.861163,125.201643,Cloud to Ground,-15954,0,12
2026-08-30T04:25:08.710334186Z,17.86093,125.200887,Cloud to Ground,-10609,0,9
2026-08-30T04:25:08.833226249Z,17.213193,120.415085,Cloud to Cloud,17381,3111,11
2026-08-30T04:25:08.268805715Z,20.295466,113.584034,Cloud to Cloud,-23761,3060,11
2026-08-30T04:25:08.283805166Z,20.292428,113.583788,Cloud to Cloud,-14451,4719,7
2026-08-30T04:25:09.261393194Z,20.388791,113.693192,Cloud to Cloud,-14109,7413,10
2026-08-30T04:25:08.267069562Z,20.282222,113.487807,Cloud to Ground,15038,0,13
2026-08-30T04:25:09.260211485Z,20.382939,113.629461,Cloud to Ground,15197,0,12
2026-08-30T04:25:09.025912491Z,20.335409,113.57883,Cloud to Ground,16330,0,13
2026-08-30T04:25:08.746264185Z,20.337856,113.534742,Cloud to Cloud,18552,13963,13
2026-08-30T04:25:08.272041725Z,20.291907,113.580473,Cloud to Ground,19102,0,16
2026-08-30T04:25:09.068945770Z,20.313612,113.604075,Cloud to Ground,25279,0,11
2026-08-30T04:25:09.260908610Z,20.388778,113.690284,Cloud to Ground,30258,0,12
2026-08-30T04:25:08.656095705Z,20.320641,113.59336,Cloud to Ground,33472,0,14
2026-08-30T04:25:09.258822038Z,20.392906,113.698167,Cloud to Ground,36334,0,12
2026-08-30T04:25:08.868685663Z,20.312975,113.597742,Cloud to Ground,39155,0,12
2026-08-30T04:25:09.086007082Z,20.328921,113.591655,Cloud to Ground,42505,0,19
2026-08-30T04:25:11.595550842Z,19.636309,114.210516,Cloud to Cloud,-15889,4638,11
2026-08-30T04:25:11.679850152Z,19.624469,114.21888,Cloud to Cloud,-11128,17273,8
2026-08-30T04:25:11.591329635Z,19.645247,114.222916,Cloud to Cloud,-10800,3028,13
2026-08-30T04:25:11.820936846Z,19.630298,114.214611,Cloud to Cloud,-10721,5488,7
2026-08-30T04:25:11.747677406Z,19.608891,114.195669,Cloud to Cloud,-8069,4936,8
2026-08-30T04:25:11.608878239Z,19.646198,114.215506,Cloud to Cloud,5679,7664,8
2026-08-30T04:25:11.588743439Z,19.660144,114.183245,Cloud to Cloud,14938,4709,7
2026-08-30T04:25:11.814830260Z,19.59733,114.204339,Cloud to Cloud,15991,4403,8
2026-08-30T04:25:13.046558471Z,18.613492,119.265323,Cloud to Ground,-30590,0,13
2026-08-30T04:25:14.631505432Z,18.455378,113.658094,Cloud to Cloud,-33169,3062,13
2026-08-30T04:25:14.435443912Z,18.444769,113.668691,Cloud to Cloud,-14194,3037,9
2026-08-30T04:25:13.003900203Z,18.442258,113.6523,Cloud to Cloud,-10663,17077,7
2026-08-30T04:25:13.212642874Z,18.438891,113.511809,Cloud to Cloud,-10561,3003,8
2026-08-30T04:25:13.014648667Z,18.43974,113.655839,Cloud to Cloud,-10421,3016,7
2026-08-30T04:25:13.649117969Z,18.438754,113.597044,Cloud to Ground,-7882,0,7
2026-08-30T04:25:14.188171893Z,18.463702,113.649052,Cloud to Cloud,-7051,4525,7
2026-08-30T04:25:14.444670000Z,18.6856,113.4819,Cloud to Ground,35160,0,5
2026-08-30T04:25:14.154818265Z,19.63882,114.987306,Cloud to Cloud,-9232,15818,6
2026-08-30T04:25:13.853283792Z,19.581099,114.936287,Cloud to Cloud,11347,4454,8
2026-08-30T04:25:14.107449197Z,19.597319,114.984452,Cloud to Ground,27674,0,10
2026-08-30T04:25:16.049562095Z,19.986527,114.21391,Cloud to Cloud,-8492,6798,7
2026-08-30T04:25:16.081921401Z,20.033176,114.242537,Cloud to Cloud,-8056,3025,7
2026-08-30T04:25:17.549806578Z,16.785627,132.101498,Cloud to Ground,19055,0,8
2026-08-30T04:25:17.550614555Z,16.80953,132.104508,Cloud to Ground,24819,0,14
2026-08-30T04:25:21.121964285Z,17.84975,113.411001,Cloud to Cloud,-22185,18984,12
2026-08-30T04:25:20.635205984Z,17.857152,113.403549,Cloud to Cloud,-20469,3500,12
2026-08-30T04:25:20.911503521Z,17.886416,113.305643,Cloud to Cloud,-16140,12654,10
2026-08-30T04:25:21.079950662Z,17.882065,113.435693,Cloud to Cloud,-15188,3031,8
2026-08-30T04:25:21.157370948Z,17.891779,113.330303,Cloud to Cloud,-14893,14516,9
2026-08-30T04:25:21.147104818Z,17.872918,113.418345,Cloud to Cloud,-10943,13913,9
2026-08-30T04:25:21.145418210Z,17.781634,113.296897,Cloud to Cloud,-8871,7519,8
2026-08-30T04:25:21.159268461Z,17.799384,113.258122,Cloud to Ground,-7143,0,7
2026-08-30T04:25:20.634060026Z,17.84755,113.407039,Cloud to Cloud,7014,3010,8
2026-08-30T04:25:21.137611366Z,17.835003,113.308114,Cloud to Cloud,13292,3647,8
2026-08-30T04:25:21.045408000Z,17.8582,113.3586,Cloud to Ground,41657,0,8
2026-08-30T04:25:23.378929021Z,22.1011,113.274492,Cloud to Cloud,-10383,7361,7
2026-08-30T04:25:24.794781292Z,20.194209,113.879059,Cloud to Cloud,-23954,3153,8
2026-08-30T04:25:24.767587532Z,19.657492,114.605484,Cloud to Cloud,8329,5380,11
2026-08-30T04:25:24.768781069Z,19.646923,114.602736,Cloud to Cloud,8435,3063,10
2026-08-30T04:25:24.558272683Z,18.529708,113.697324,Cloud to Cloud,-11587,3016,8
2026-08-30T04:25:24.919128433Z,18.555468,113.723509,Cloud to Cloud,-11123,3023,7
2026-08-30T04:25:24.555852793Z,18.548746,113.7288,Cloud to Ground,26189,0,9
2026-08-30T04:25:25.266561411Z,18.462407,117.822112,Cloud to Ground,-13172,0,7
2026-08-30T04:25:26.491301936Z,20.157186,114.425794,Cloud to Cloud,-10818,4977,9
2026-08-30T04:25:25.906381165Z,20.161695,114.42265,Cloud to Cloud,-8625,3124,10
2026-08-30T04:25:26.714429659Z,21.919182,113.234959,Cloud to Cloud,-7719,5030,7
2026-08-30T04:25:28.025674181Z,14.977201,121.12725,Cloud to Cloud,-9557,16819,10
2026-08-30T04:25:30.104584210Z,21.986059,113.22216,Cloud to Cloud,-37473,3011,16
2026-08-30T04:25:30.238296678Z,21.974824,113.278698,Cloud to Ground,-9654,0,7
2026-08-30T04:25:30.182218918Z,21.961851,113.224049,Cloud to Cloud,10600,4022,10
2026-08-30T04:25:30.654065122Z,21.973821,113.20945,Cloud to Cloud,12056,7432,7
2026-08-30T04:25:30.605338343Z,21.96475,113.214727,Cloud to Cloud,13053,11669,10
2026-08-30T04:25:30.489240805Z,21.975331,113.208864,Cloud to Cloud,19907,6874,13
2026-08-30T04:25:30.001607000Z,21.9812,113.1968,Cloud to Ground,29902,0,6
2026-08-30T04:25:30.412614575Z,21.968007,113.204907,Cloud to Ground,40249,0,12
2026-08-30T04:25:31.121574163Z,18.272147,116.607398,Cloud to Cloud,-26923,3005,9
2026-08-30T04:25:31.233259830Z,18.272347,116.599709,Cloud to Ground,-13280,0,8
2026-08-30T04:25:31.172601611Z,18.294064,116.59858,Cloud to Ground,-9021,0,8
2026-08-30T04:25:31.173159620Z,18.284902,116.590111,Cloud to Cloud,9686,15982,7
2026-08-30T04:25:32.547599734Z,18.530139,113.709745,Cloud to Cloud,-13118,3000,12
2026-08-30T04:25:32.516986183Z,18.50569,113.830485,Cloud to Cloud,-4526,3004,6
2026-08-30T04:25:33.796669289Z,17.046254,132.240285,Cloud to Ground,-24939,0,15
2026-08-30T04:25:40.826076067Z,21.794151,112.842975,Cloud to Cloud,10511,3018,8
2026-08-30T04:25:41.529169691Z,18.442808,116.437648,Cloud to Ground,-16662,0,8
2026-08-30T04:25:41.619966031Z,18.437634,116.438258,Cloud to Ground,-13189,0,7
2026-08-30T04:25:41.423861855Z,18.445385,116.437007,Cloud to Ground,-11405,0,11
2026-08-30T04:25:41.829734831Z,18.438274,116.427293,Cloud to Ground,-8323,0,6
2026-08-30T04:25:41.805368482Z,18.424349,116.429154,Cloud to Ground,31328,0,11
2026-08-30T04:25:42.257743539Z,16.718874,127.603693,Cloud to Ground,-214815,0,8
2026-08-30T04:25:42.716521771Z,16.758005,127.924187,Cloud to Cloud,-18260,5607,9
2026-08-30T04:25:42.391501644Z,16.631321,127.83824,Cloud to Cloud,28961,15928,15
2026-08-30T04:25:42.323914002Z,16.772544,127.724461,Cloud to Ground,-78263,0,33
2026-08-30T04:25:42.392361457Z,16.772146,127.729762,Cloud to Ground,-51314,0,12
2026-08-30T04:25:42.438522325Z,16.773513,127.73734,Cloud to Ground,-47677,0,14
2026-08-30T04:25:42.253273796Z,16.791228,127.752125,Cloud to Ground,-34140,0,18
2026-08-30T04:25:42.470878398Z,16.775308,127.737117,Cloud to Ground,-24065,0,11
2026-08-30T04:25:42.390559895Z,16.751267,127.760072,Cloud to Ground,-20210,0,8
2026-08-30T04:25:42.497309656Z,19.859273,115.011474,Cloud to Cloud,-16194,13915,14
2026-08-30T04:25:42.557917846Z,19.80759,115.02918,Cloud to Ground,-11708,0,7
2026-08-30T04:25:42.496839958Z,19.80058,114.994217,Cloud to Cloud,8891,3005,7
2026-08-30T04:25:44.365557621Z,18.610821,119.290112,Cloud to Cloud,3530,17490,6
2026-08-30T04:25:44.360445000Z,18.6116,119.2752,Cloud to Ground,9078,0,5
2026-08-30T04:25:46.891956006Z,18.639241,119.422209,Cloud to Cloud,12424,9734,14
2026-08-30T04:25:47.110031759Z,18.73751,119.615464,Cloud to Cloud,-5211,18391,6
2026-08-30T04:25:47.050257837Z,18.708622,119.542492,Cloud to Cloud,5453,5926,7
2026-08-30T04:25:46.899477747Z,18.715945,119.485273,Cloud to Cloud,8317,7923,10
2026-08-30T04:25:46.061122312Z,18.505956,113.56663,Cloud to Ground,-14011,0,11
2026-08-30T04:25:46.621777366Z,18.599324,113.583099,Cloud to Ground,-7016,0,8
2026-08-30T04:25:46.585595636Z,18.558971,113.607376,Cloud to Cloud,20175,15884,14
2026-08-30T04:25:46.586057047Z,18.553015,113.606161,Cloud to Ground,32280,0,8
2026-08-30T04:25:47.297413539Z,19.353818,114.174932,Cloud to Cloud,-12106,3260,9
2026-08-30T04:25:47.335151599Z,19.354687,114.191574,Cloud to Ground,-11859,0,12
2026-08-30T04:25:51.638591374Z,18.486563,116.192496,Cloud to Cloud,-3875,8738,8
2026-08-30T04:25:51.394562184Z,18.47634,116.191783,Cloud to Ground,21343,0,10
2026-08-30T04:25:52.405771258Z,18.403444,116.421809,Cloud to Cloud,7275,3132,9
2026-08-30T04:25:52.095772192Z,18.70004,118.151554,Cloud to Cloud,7643,16732,8
2026-08-30T04:25:52.097591122Z,18.683561,118.139738,Cloud to Cloud,13485,3021,8
2026-08-30T04:25:53.364843535Z,20.235447,114.337328,Cloud to Cloud,-9926,4611,9
2026-08-30T04:25:53.399856486Z,20.175434,114.396029,Cloud to Ground,18241,0,12
2026-08-30T04:25:54.353042850Z,22.130364,113.676087,Cloud to Cloud,-8456,3021,9
2026-08-30T04:25:54.398593773Z,21.966273,113.22578,Cloud to Ground,-11953,0,7
2026-08-30T04:25:54.311599871Z,22.045734,113.224252,Cloud to Cloud,-10018,3051,8
2026-08-30T04:25:54.235406805Z,22.007948,113.112717,Cloud to Cloud,12474,3800,10
2026-08-30T04:25:54.324607209Z,21.974591,113.231863,Cloud to Cloud,14554,4335,9
2026-08-30T04:25:54.269776838Z,21.969475,113.160851,Cloud to Ground,14590,0,8
2026-08-30T04:25:56.674055451Z,20.214447,114.731872,Cloud to Ground,-16179,0,8
2026-08-30T04:25:56.021533400Z,18.512014,117.57238,Cloud to Ground,-13970,0,11
2026-08-30T04:25:56.040047933Z,18.501199,117.592009,Cloud to Cloud,8338,3196,8
2026-08-30T04:25:56.240567449Z,20.144917,114.868298,Cloud to Ground,-51029,0,9
2026-08-30T04:25:56.439967354Z,20.130061,114.876212,Cloud to Cloud,-18553,3002,7
2026-08-30T04:25:56.321579791Z,20.126955,114.860962,Cloud to Cloud,-14627,4364,7
2026-08-30T04:25:56.297414923Z,20.136516,114.87947,Cloud to Ground,-14306,0,6
2026-08-30T04:25:56.244117476Z,20.136357,114.910024,Cloud to Ground,-13284,0,9
2026-08-30T04:25:56.497132425Z,20.10928,114.901591,Cloud to Cloud,-11117,16846,7
2026-08-30T04:25:56.242694704Z,20.154161,114.840792,Cloud to Cloud,-10802,3005,7
2026-08-30T04:25:56.238285000Z,20.1866,114.8309,Cloud to Ground,39129,0,7
2026-08-30T04:25:57.962660218Z,18.895867,118.289614,Cloud to Cloud,-12587,19881,10
2026-08-30T04:25:57.756614834Z,18.895817,118.285932,Cloud to Cloud,6997,6530,8
2026-08-30T04:26:00.353909107Z,20.291167,113.770083,Cloud to Ground,-11279,0,12
2026-08-30T04:26:01.756231000Z,16.2027,120.1672,Cloud to Ground,22637,0,6
2026-08-30T04:26:02.241212949Z,19.647706,114.209706,Cloud to Cloud,-12540,13483,13
2026-08-30T04:26:02.243103546Z,19.633539,114.228494,Cloud to Cloud,-10665,3026,9
2026-08-30T04:26:02.623243006Z,18.604936,114.010557,Cloud to Cloud,-16435,3021,8
2026-08-30T04:26:02.767763122Z,18.49879,113.680149,Cloud to Cloud,-39284,3030,13
2026-08-30T04:26:02.949662641Z,18.549193,113.64927,Cloud to Ground,-15008,0,8
2026-08-30T04:26:02.795982415Z,18.51029,113.653999,Cloud to Cloud,-12398,17817,7
2026-08-30T04:26:02.656363608Z,18.450418,113.545514,Cloud to Cloud,-11502,4508,12
2026-08-30T04:26:02.793210287Z,18.451628,113.638569,Cloud to Cloud,-8754,7521,8
2026-08-30T04:26:02.626197113Z,18.453675,113.67802,Cloud to Cloud,-8031,3140,9
2026-08-30T04:26:02.804160338Z,18.508862,113.609399,Cloud to Cloud,-7957,3065,6
2026-08-30T04:26:02.858234485Z,18.482097,113.688439,Cloud to Cloud,15253,5440,9
2026-08-30T04:26:02.642074579Z,18.465662,113.654935,Cloud to Cloud,15685,3064,8
2026-08-30T04:26:02.061528420Z,18.476034,116.479993,Cloud to Ground,15832,0,10
2026-08-30T04:26:03.789048818Z,19.847619,114.542488,Cloud to Cloud,25403,11360,7
2026-08-30T04:26:03.274402797Z,20.173445,115.282138,Cloud to Ground,18945,0,12
2026-08-30T04:26:03.271477325Z,20.146507,115.268184,Cloud to Ground,19497,0,10
2026-08-30T04:26:03.272153582Z,20.164893,115.267645,Cloud to Ground,29276,0,18
2026-08-30T04:26:03.826327381Z,22.180152,113.250487,Cloud to Ground,-24318,0,9
2026-08-30T04:26:03.826840133Z,22.061015,113.229682,Cloud to Cloud,-11306,3014,12
2026-08-30T04:26:03.907480997Z,22.104224,113.260096,Cloud to Ground,-10824,0,13
2026-08-30T04:26:03.868955262Z,22.0908,113.262412,Cloud to Ground,-9144,0,9
2026-08-30T04:26:03.964047813Z,22.10067,113.272702,Cloud to Ground,20826,0,14
2026-08-30T04:26:03.665577127Z,18.342809,113.60111,Cloud to Cloud,6564,3405,7
2026-08-30T04:26:04.235501489Z,18.672007,114.310898,Cloud to Ground,-13225,0,12
2026-08-30T04:26:06.048148863Z,4.067071,112.795357,Cloud to Ground,-13806,0,5
2026-08-30T04:26:07.224382385Z,18.398481,116.240328,Cloud to Cloud,-6619,6479,8
2026-08-30T04:26:07.214727930Z,18.348948,116.303882,Cloud to Cloud,10199,3003,8
2026-08-30T04:26:09.648667910Z,17.476591,113.1423,Cloud to Ground,-26095,0,9
2026-08-30T04:26:09.649704912Z,17.499304,113.158484,Cloud to Ground,-15154,0,9
2026-08-30T04:26:09.647037590Z,17.482509,113.143224,Cloud to Cloud,-9912,3358,10
2026-08-30T04:26:09.740252173Z,17.467589,113.184008,Cloud to Cloud,-8565,3044,7
2026-08-30T04:26:09.651629296Z,17.411495,113.043978,Cloud to Ground,9485,0,6
2026-08-30T04:26:09.648088613Z,17.495272,113.14505,Cloud to Cloud,19417,5176,18
2026-08-30T04:26:09.647460156Z,17.485418,113.086766,Cloud to Cloud,21913,17817,14
2026-08-30T04:26:09.412096913Z,18.431752,116.414883,Cloud to Cloud,6624,7655,6
2026-08-30T04:26:09.326441122Z,18.515589,116.435022,Cloud to Cloud,18290,3059,7
2026-08-30T04:26:11.865358647Z,19.262351,114.669108,Cloud to Cloud,-12943,3548,7
2026-08-30T04:26:11.651942781Z,19.248864,114.677775,Cloud to Cloud,-10584,3003,9
2026-08-30T04:26:11.659696449Z,19.24737,114.701298,Cloud to Cloud,-10467,7784,9
2026-08-30T04:26:11.722934380Z,19.241624,114.718257,Cloud to Ground,-10145,0,10
2026-08-30T04:26:11.665646374Z,19.265862,114.74977,Cloud to Cloud,-10063,3020,10
2026-08-30T04:26:11.662161162Z,19.257692,114.718075,Cloud to Cloud,7986,14599,11
2026-08-30T04:26:11.653630636Z,19.239106,114.675108,Cloud to Ground,22012,0,10
2026-08-30T04:26:11.654321163Z,19.258461,114.693912,Cloud to Cloud,22354,5465,9
2026-08-30T04:26:11.675867480Z,19.307644,114.737805,Cloud to Ground,24688,0,11
2026-08-30T04:26:12.444072299Z,20.32246,113.587245,Cloud to Cloud,-28849,3036,11
2026-08-30T04:26:12.149755657Z,20.253451,113.588271,Cloud to Cloud,-14741,19866,10
2026-08-30T04:26:12.129559073Z,20.264635,113.592669,Cloud to Cloud,-14605,3028,11
2026-08-30T04:26:12.356978962Z,20.3109,113.591283,Cloud to Cloud,10974,3254,7
2026-08-30T04:26:12.149095592Z,20.306203,113.596569,Cloud to Cloud,12295,3026,9
2026-08-30T04:26:12.039677505Z,20.280199,113.604308,Cloud to Ground,13772,0,9
2026-08-30T04:26:12.033765059Z,20.312238,113.600789,Cloud to Ground,52138,0,13
2026-08-30T04:26:13.330332039Z,18.289608,116.582334,Cloud to Cloud,8803,3032,10
2026-08-30T04:26:13.328702238Z,18.367329,116.606051,Cloud to Cloud,18411,3005,9
2026-08-30T04:26:13.329582721Z,18.309842,116.592171,Cloud to Ground,35419,0,12
2026-08-30T04:26:14.208131188Z,19.416958,122.918749,Cloud to Ground,-88948,0,20
2026-08-30T04:26:14.480345432Z,19.418925,122.932742,Cloud to Ground,-39799,0,12
2026-08-30T04:26:14.568406769Z,19.413656,122.936896,Cloud to Ground,-33845,0,11
2026-08-30T04:26:14.570781612Z,19.419558,122.902535,Cloud to Cloud,-12384,10243,11
2026-08-30T04:26:15.396207209Z,20.18322,113.890924,Cloud to Ground,24829,0,9
2026-08-30T04:26:15.356129985Z,20.197507,113.880694,Cloud to Ground,39987,0,19
2026-08-30T04:26:15.831038126Z,19.112698,115.841589,Cloud to Ground,-27157,0,12
2026-08-30T04:26:16.242999516Z,19.103912,115.839779,Cloud to Ground,-11719,0,7
2026-08-30T04:26:16.857416409Z,22.237341,113.370192,Cloud to Cloud,-12764,3025,8
2026-08-30T04:26:16.854594449Z,22.254657,113.375587,Cloud to Cloud,-12241,4098,16
2026-08-30T04:26:16.141910616Z,20.178381,113.91678,Cloud to Ground,-8491,0,8
2026-08-30T04:26:16.140251868Z,20.175369,113.91438,Cloud to Ground,12967,0,15
2026-08-30T04:26:16.142671742Z,20.179239,113.80638,Cloud to Ground,13776,0,7
2026-08-30T04:26:17.179762664Z,18.53835,113.609512,Cloud to Cloud,-12104,4419,8
2026-08-30T04:26:17.206367480Z,18.592396,113.671775,Cloud to Ground,13120,0,9
2026-08-30T04:26:16.862168014Z,18.542936,113.742275,Cloud to Ground,14688,0,10
2026-08-30T04:26:17.857739096Z,18.285185,113.433586,Cloud to Cloud,-13527,3172,10
2026-08-30T04:26:17.875458151Z,18.279049,113.432299,Cloud to Cloud,-11928,11838,6
2026-08-30T04:26:18.445547851Z,18.320362,113.368759,Cloud to Cloud,-5680,13001,7
2026-08-30T04:26:17.859064942Z,18.267733,113.346067,Cloud to Cloud,16459,3735,9
2026-08-30T04:26:17.359778205Z,22.208643,113.474659,Cloud to Cloud,-12173,6738,10
2026-08-30T04:26:18.112258095Z,18.404431,113.411262,Cloud to Cloud,-6070,12542,8
2026-08-30T04:26:19.585347299Z,16.11087,130.465803,Cloud to Ground,-17560,0,9
2026-08-30T04:26:19.484167588Z,16.113379,130.532532,Cloud to Cloud,-6043,7487,8
2026-08-30T04:26:21.252030310Z,19.774046,114.87966,Cloud to Cloud,-22018,15442,13
2026-08-30T04:26:21.262262940Z,19.768937,114.871529,Cloud to Cloud,15562,3503,10
2026-08-30T04:26:21.251466476Z,19.787135,114.875433,Cloud to Ground,15625,0,18
2026-08-30T04:26:21.257079570Z,19.796813,114.784627,Cloud to Ground,16589,0,14
2026-08-30T04:26:21.253982858Z,19.779861,114.875519,Cloud to Ground,18133,0,16
2026-08-30T04:26:21.266218479Z,19.776294,114.871155,Cloud to Ground,22353,0,21
2026-08-30T04:26:21.250988896Z,19.757606,114.790182,Cloud to Ground,35778,0,10
2026-08-30T04:26:21.623250163Z,20.176655,114.319149,Cloud to Cloud,-12017,13617,10
2026-08-30T04:26:21.695423751Z,20.170127,114.409612,Cloud to Ground,12470,0,10
2026-08-30T04:26:21.658669924Z,20.185173,114.40039,Cloud to Ground,26931,0,17
2026-08-30T04:26:21.585121386Z,20.191543,114.398661,Cloud to Ground,36842,0,19
2026-08-30T04:26:23.386765335Z,15.028976,121.142614,Cloud to Cloud,-3756,7251,6
2026-08-30T04:26:23.103824092Z,15.038487,121.074964,Cloud to Ground,24181,0,10
2026-08-30T04:26:24.312240159Z,16.644281,120.123809,Cloud to Cloud,7386,17551,12
2026-08-30T04:26:26.274821203Z,21.977769,113.218938,Cloud to Ground,-21432,0,11
2026-08-30T04:26:26.195422848Z,21.969141,113.215586,Cloud to Cloud,-14753,3041,7
2026-08-30T04:26:26.386294316Z,21.979369,113.258158,Cloud to Ground,-13593,0,10
2026-08-30T04:26:26.728817956Z,21.973967,113.192708,Cloud to Ground,13020,0,7
2026-08-30T04:26:26.225238591Z,21.985817,113.225725,Cloud to Cloud,15357,4121,14
2026-08-30T04:26:26.224213000Z,21.9928,113.2079,Cloud to Ground,22225,0,5
2026-08-30T04:26:28.656720300Z,18.472373,116.489625,Cloud to Cloud,-18579,3002,10
2026-08-30T04:26:28.849247557Z,18.435767,116.470685,Cloud to Cloud,-12400,3025,8
2026-08-30T04:26:28.873479634Z,18.575835,116.49998,Cloud to Ground,14594,0,7
2026-08-30T04:26:28.627196347Z,18.487441,116.489042,Cloud to Ground,17494,0,9
2026-08-30T04:26:29.387833000Z,18.9886,118.3803,Cloud to Ground,19164,0,7
2026-08-30T04:26:30.047879587Z,18.34793,117.239759,Cloud to Cloud,3849,3002,6
2026-08-30T04:26:30.045926754Z,18.345405,117.245131,Cloud to Cloud,8274,5489,9
2026-08-30T04:26:31.896086669Z,18.897431,114.273843,Cloud to Cloud,13313,3030,10
2026-08-30T04:26:31.675928606Z,20.242017,113.758893,Cloud to Ground,-28234,0,7
2026-08-30T04:26:31.899788227Z,18.908544,114.37572,Cloud to Ground,-14722,0,10
2026-08-30T04:26:31.895223710Z,18.906043,114.373885,Cloud to Cloud,20958,3024,9
2026-08-30T04:26:31.894685829Z,18.904048,114.369847,Cloud to Cloud,26926,18143,15
2026-08-30T04:26:31.067866447Z,19.993272,114.135361,Cloud to Cloud,8222,3263,10
2026-08-30T04:26:31.204223232Z,18.418741,116.420754,Cloud to Ground,17444,0,9
2026-08-30T04:26:31.192484605Z,18.425958,116.411026,Cloud to Ground,23195,0,10
2026-08-30T04:26:31.279841664Z,14.541273,121.938853,Cloud to Cloud,11154,14818,9
2026-08-30T04:26:31.554316934Z,18.564655,113.822326,Cloud to Cloud,15024,7553,11
2026-08-30T04:26:32.499111163Z,16.030893,130.052973,Cloud to Ground,27194,0,13
2026-08-30T04:26:32.616340519Z,19.355228,115.023719,Cloud to Cloud,-5763,7351,7
2026-08-30T04:26:32.741865996Z,19.367769,115.044522,Cloud to Cloud,12600,6506,9
2026-08-30T04:26:32.740617340Z,19.375219,114.919615,Cloud to Cloud,-16621,3033,8
2026-08-30T04:26:32.921438675Z,21.767277,112.905,Cloud to Cloud,-10990,3008,12
2026-08-30T04:26:34.490592502Z,18.571759,113.740723,Cloud to Ground,-19230,0,14
2026-08-30T04:26:34.427899230Z,18.578084,113.737013,Cloud to Ground,36388,0,21
2026-08-30T04:26:34.567153826Z,20.299043,113.597599,Cloud to Cloud,12962,13798,7
2026-08-30T04:26:35.654563374Z,17.459222,113.043372,Cloud to Cloud,-11537,3021,7
2026-08-30T04:26:35.794237719Z,17.456215,113.115555,Cloud to Cloud,-10142,6541,8
2026-08-30T04:26:35.430973369Z,17.449591,113.036064,Cloud to Cloud,-9597,10374,7
2026-08-30T04:26:35.719782278Z,17.465915,113.200469,Cloud to Cloud,2868,3117,5
2026-08-30T04:26:35.491939837Z,17.453277,113.110469,Cloud to Ground,15065,0,14
2026-08-30T04:26:37.029627107Z,18.621635,119.283484,Cloud to Cloud,4113,3004,6
2026-08-30T04:26:37.000451071Z,18.570377,119.317358,Cloud to Cloud,5653,7687,7
2026-08-30T04:26:38.399637171Z,17.044794,132.027572,Cloud to Ground,-17009,0,15
2026-08-30T04:26:38.400416160Z,17.023111,132.063565,Cloud to Ground,-16732,0,16
2026-08-30T04:26:38.394462380Z,17.022011,132.066993,Cloud to Ground,-11113,0,13
2026-08-30T04:26:38.398210042Z,17.002185,132.146177,Cloud to Ground,11457,0,7
2026-08-30T04:26:38.989938559Z,20.121243,115.12682,Cloud to Ground,-22066,0,9
2026-08-30T04:26:39.194156142Z,20.121209,115.129515,Cloud to Ground,-16915,0,12
2026-08-30T04:26:39.103291489Z,20.124737,115.129959,Cloud to Ground,-13597,0,11
2026-08-30T04:26:38.448615038Z,20.028161,115.100065,Cloud to Cloud,-98017,3034,10
2026-08-30T04:26:38.680609235Z,20.018097,115.09788,Cloud to Ground,-21440,0,12
2026-08-30T04:26:38.451426169Z,20.010239,115.102587,Cloud to Cloud,-19684,3026,10
2026-08-30T04:26:39.031000302Z,20.006824,115.02514,Cloud to Ground,-10671,0,8
2026-08-30T04:26:39.058445995Z,20.009246,115.024581,Cloud to Ground,-9664,0,10
2026-08-30T04:26:38.623641281Z,20.033804,115.095157,Cloud to Ground,38653,0,11
2026-08-30T04:26:39.363337405Z,16.921686,131.707964,Cloud to Cloud,-12657,14750,14
2026-08-30T04:26:50.994725412Z,21.999669,113.21678,Cloud to Cloud,-11618,16067,5
2026-08-30T04:26:50.970457576Z,22.029779,113.165696,Cloud to Cloud,9479,3031,7
2026-08-30T04:26:50.714119115Z,18.887699,118.296447,Cloud to Cloud,-16171,13567,14
2026-08-30T04:26:51.178140457Z,20.261965,113.577408,Cloud to Cloud,-16401,3002,12
2026-08-30T04:26:50.918101254Z,20.294888,113.591162,Cloud to Cloud,-11989,5691,7
2026-08-30T04:26:51.183314112Z,20.283705,113.508326,Cloud to Cloud,-8617,6183,8
2026-08-30T04:26:51.358427760Z,20.342926,113.670282,Cloud to Cloud,-8324,6127,6
2026-08-30T04:26:51.158847461Z,20.299676,113.602782,Cloud to Cloud,4952,4009,8
2026-08-30T04:26:54.992076097Z,18.343733,113.48325,Cloud to Cloud,11886,3014,8
2026-08-30T04:26:54.719052709Z,18.390757,113.600217,Cloud to Cloud,-8602,6076,8
2026-08-30T04:26:54.526716593Z,18.323109,113.605536,Cloud to Ground,-5919,0,5
2026-08-30T04:26:56.923203254Z,17.02882,132.092422,Cloud to Ground,18369,0,11
2026-08-30T04:26:56.897516638Z,17.016362,132.102643,Cloud to Ground,78391,0,19
2026-08-30T04:26:56.474674130Z,22.032315,113.280641,Cloud to Ground,-20043,0,7
2026-08-30T04:26:56.429463758Z,22.01341,113.305759,Cloud to Cloud,-14725,3005,11
2026-08-30T04:26:56.588940882Z,22.095383,113.294609,Cloud to Cloud,-13088,3011,12
2026-08-30T04:26:56.609871244Z,22.070307,113.244395,Cloud to Cloud,-12892,3039,8
2026-08-30T04:26:56.044146412Z,22.018167,113.285166,Cloud to Cloud,-11824,4716,12
2026-08-30T04:26:56.447088169Z,22.05227,113.276327,Cloud to Cloud,-11204,3018,14
2026-08-30T04:26:56.060346042Z,22.006581,113.290573,Cloud to Cloud,-10960,5756,8
2026-08-30T04:26:56.680100842Z,22.034848,113.279592,Cloud to Ground,-10426,0,6
2026-08-30T04:26:56.652118501Z,22.043672,113.357711,Cloud to Cloud,-10423,9486,9
2026-08-30T04:26:57.936687969Z,18.678169,114.213175,Cloud to Ground,18582,0,9
2026-08-30T04:26:57.914921929Z,18.681888,114.311074,Cloud to Cloud,6769,3027,10
2026-08-30T04:26:57.943735163Z,18.669963,114.314142,Cloud to Cloud,10840,3006,9
2026-08-30T04:26:57.979626722Z,18.671064,114.309509,Cloud to Cloud,16237,3009,10
2026-08-30T04:26:58.806171239Z,20.172241,114.409691,Cloud to Ground,-27159,0,11
2026-08-30T04:26:58.774406790Z,20.190986,114.405214,Cloud to Cloud,-9503,6358,10
2026-08-30T04:26:59.068770742Z,20.152148,114.378843,Cloud to Cloud,-6793,7008,8
2026-08-30T04:26:58.843603563Z,20.147574,114.433648,Cloud to Cloud,7173,4290,7
2026-08-30T04:27:00.039654551Z,18.467282,116.455946,Cloud to Ground,-13931,0,11
2026-08-30T04:27:00.204362690Z,18.453258,116.449933,Cloud to Ground,-10794,0,8
2026-08-30T04:27:00.071264441Z,18.426089,116.422896,Cloud to Ground,-8366,0,8
2026-08-30T04:27:00.250230876Z,18.45235,116.455101,Cloud to Ground,-7961,0,8
2026-08-30T04:27:00.109239030Z,18.435002,116.43412,Cloud to Cloud,7490,6089,8
2026-08-30T04:27:00.145559000Z,18.429,116.4337,Cloud to Ground,16720,0,6
2026-08-30T04:27:01.211317134Z,16.976323,131.536655,Cloud to Cloud,13682,6713,7
2026-08-30T04:27:01.218611209Z,17.124691,131.487544,Cloud to Cloud,-16842,3010,8
2026-08-30T04:27:01.473575450Z,17.116351,131.479106,Cloud to Ground,-15618,0,9
2026-08-30T04:27:01.301761589Z,17.140984,131.518088,Cloud to Ground,11366,0,12
2026-08-30T04:27:01.212500425Z,17.127665,131.49105,Cloud to Cloud,28976,3564,14
2026-08-30T04:27:01.227522216Z,18.548687,113.845386,Cloud to Cloud,-18831,4826,11
2026-08-30T04:27:03.461908465Z,19.340609,114.892203,Cloud to Cloud,-9119,3022,8
2026-08-30T04:27:04.368642828Z,19.390116,114.221165,Cloud to Ground,-11302,0,9
2026-08-30T04:27:05.465405159Z,17.742924,128.361405,Cloud to Ground,28560,0,14
2026-08-30T04:27:05.500916534Z,17.735554,128.4936,Cloud to Cloud,-17806,3009,13
2026-08-30T04:27:05.462229000Z,17.7299,128.5097,Cloud to Ground,-15832,0,5
2026-08-30T04:27:05.471203350Z,17.708806,128.513064,Cloud to Cloud,-14365,7504,9
2026-08-30T04:27:05.470328712Z,17.700433,128.515214,Cloud to Ground,-12632,0,10
2026-08-30T04:27:05.833813316Z,17.717426,128.476455,Cloud to Ground,-11449,0,10
2026-08-30T04:27:05.697248916Z,17.816258,128.525859,Cloud to Cloud,-8794,3014,9
2026-08-30T04:27:05.482460814Z,17.741842,128.498058,Cloud to Ground,17076,0,16
2026-08-30T04:27:05.460653394Z,17.743372,128.486856,Cloud to Ground,38366,0,10
2026-08-30T04:27:05.461178654Z,17.743878,128.497149,Cloud to Ground,46028,0,12
2026-08-30T04:27:06.168233563Z,18.494095,116.490992,Cloud to Cloud,-9844,15381,8
2026-08-30T04:27:06.272283711Z,18.465744,116.493906,Cloud to Cloud,-8219,9054,7
2026-08-30T04:27:06.250539682Z,18.588214,116.503799,Cloud to Ground,14923,0,8
2026-08-30T04:27:08.942319657Z,18.953504,118.401413,Cloud to Ground,-16763,0,12
2026-08-30T04:27:08.457658512Z,18.938227,118.35816,Cloud to Cloud,-10330,13498,13
2026-08-30T04:27:08.286886369Z,18.87973,118.329697,Cloud to Cloud,2887,17769,6
2026-08-30T04:27:08.250438290Z,18.894765,118.319935,Cloud to Cloud,4102,14537,7
2026-08-30T04:27:09.119397775Z,19.903377,114.680785,Cloud to Cloud,-11675,15882,7
2026-08-30T04:27:08.867234621Z,19.880616,114.66542,Cloud to Cloud,-6460,16180,7
2026-08-30T04:27:08.851058699Z,19.90389,114.612155,Cloud to Cloud,12503,6422,9
2026-08-30T04:27:08.844323000Z,19.995,114.2448,Cloud to Ground,8771,0,5
2026-08-30T04:27:09.122693772Z,19.881023,114.80743,Cloud to Cloud,10519,14755,7
2026-08-30T04:27:10.457672108Z,14.95265,121.132758,Cloud to Cloud,3408,6208,7
2026-08-30T04:27:10.455005822Z,14.952405,121.133213,Cloud to Cloud,3784,3000,6
2026-08-30T04:27:10.453324083Z,14.887456,121.162986,Cloud to Cloud,11377,18948,10
2026-08-30T04:27:10.323725700Z,19.998752,114.245372,Cloud to Cloud,8823,15228,10
2026-08-30T04:27:11.863755357Z,17.105908,132.232682,Cloud to Cloud,-9387,10178,10
2026-08-30T04:27:11.423037413Z,17.07037,132.175266,Cloud to Cloud,-9048,5320,7
2026-08-30T04:27:11.424104750Z,17.096115,132.273915,Cloud to Cloud,4937,5777,7
2026-08-30T04:27:11.968775084Z,17.150141,132.175117,Cloud to Ground,11757,0,9
2026-08-30T04:27:11.422474642Z,17.09115,132.28437,Cloud to Ground,25232,0,14
2026-08-30T04:27:13.676985826Z,16.985578,131.821354,Cloud to Ground,-12761,0,7
2026-08-30T04:27:13.801954443Z,17.068961,131.750206,Cloud to Ground,-12685,0,19
2026-08-30T04:27:13.675309565Z,17.012561,131.816251,Cloud to Ground,-10414,0,8
2026-08-30T04:27:13.672595320Z,17.007362,131.823912,Cloud to Ground,-10052,0,8
2026-08-30T04:27:13.670884966Z,17.002109,131.813496,Cloud to Ground,33875,0,14
2026-08-30T04:27:14.544231912Z,17.163929,131.965907,Cloud to Ground,-12321,0,9
2026-08-30T04:27:14.240769692Z,17.073721,131.900277,Cloud to Ground,24313,0,10
2026-08-30T04:27:14.535572962Z,17.063416,131.913142,Cloud to Ground,39535,0,16
2026-08-30T04:27:14.187369536Z,17.064491,131.920657,Cloud to Ground,45437,0,17
2026-08-30T04:27:14.216383125Z,17.051269,131.925328,Cloud to Ground,58357,0,20
2026-08-30T04:27:14.150062087Z,17.06411,131.919216,Cloud to Ground,186801,0,13
2026-08-30T04:27:14.584596515Z,21.742236,112.815383,Cloud to Cloud,-14193,3012,7
2026-08-30T04:27:14.416353074Z,21.697636,112.853288,Cloud to Cloud,-11883,15487,8
2026-08-30T04:27:16.571118180Z,18.537085,113.851082,Cloud to Cloud,-11573,3001,11
2026-08-30T04:27:16.537005673Z,18.541151,113.828999,Cloud to Ground,-9178,0,9
2026-08-30T04:27:16.709905692Z,18.525331,113.826531,Cloud to Cloud,11327,3092,14
2026-08-30T04:27:17.110858000Z,18.5611,113.8628,Cloud to Ground,21880,0,7
2026-08-30T04:27:16.264957177Z,18.386255,116.59946,Cloud to Cloud,14633,3443,8
2026-08-30T04:27:17.972585861Z,20.282718,113.597958,Cloud to Ground,-26222,0,21
2026-08-30T04:27:17.826443604Z,20.263209,113.639626,Cloud to Ground,-18812,0,7
2026-08-30T04:27:18.025616741Z,20.329181,113.635974,Cloud to Cloud,-9174,3468,9
2026-08-30T04:27:17.774485596Z,20.282398,113.60922,Cloud to Cloud,4687,5973,8
2026-08-30T04:27:18.194592000Z,20.3709,113.6062,Cloud to Ground,9580,0,7
2026-08-30T04:27:17.597755783Z,19.520342,114.745038,Cloud to Ground,22118,0,14
2026-08-30T04:27:18.062038627Z,20.267747,113.472249,Cloud to Ground,23946,0,10
2026-08-30T04:27:18.960871000Z,20.2307,113.8804,Cloud to Ground,14211,0,5
2026-08-30T04:27:19.592478097Z,18.347978,116.308725,Cloud to Cloud,8215,6815,7
2026-08-30T04:27:19.370995179Z,18.416545,116.420135,Cloud to Ground,-29888,0,13
2026-08-30T04:27:19.654115897Z,18.458012,116.441097,Cloud to Cloud,-8057,11333,6
2026-08-30T04:27:19.381672652Z,18.439283,116.443688,Cloud to Cloud,3951,19691,5
2026-08-30T04:27:19.367486869Z,18.449059,116.413416,Cloud to Cloud,12964,3015,6
2026-08-30T04:27:19.364961192Z,18.425596,116.422056,Cloud to Ground,19720,0,14
2026-08-30T04:27:19.248566382Z,18.397607,113.678726,Cloud to Cloud,-18982,7882,12
2026-08-30T04:27:19.214644523Z,18.376595,113.674441,Cloud to Cloud,-8221,3019,7
2026-08-30T04:27:19.222868112Z,18.398437,113.668178,Cloud to Cloud,12815,6684,8
2026-08-30T04:27:20.236156317Z,18.466333,117.304485,Cloud to Ground,-11787,0,9
2026-08-30T04:27:19.805819861Z,18.451006,117.267717,Cloud to Cloud,9323,13493,7
2026-08-30T04:27:21.471673425Z,18.901696,118.303968,Cloud to Cloud,-9632,6327,10
2026-08-30T04:27:21.621603062Z,18.89062,118.302677,Cloud to Ground,-9497,0,12
2026-08-30T04:27:21.418417842Z,18.91399,118.305815,Cloud to Ground,14616,0,10
2026-08-30T04:27:21.282209644Z,19.77892,114.881435,Cloud to Cloud,-15078,4854,8
2026-08-30T04:27:22.665474777Z,18.453248,113.640515,Cloud to Ground,-36694,0,17
2026-08-30T04:27:22.481939869Z,18.445694,113.617926,Cloud to Ground,-8284,0,7
2026-08-30T04:27:22.497235908Z,18.446953,113.595189,Cloud to Ground,-7540,0,7
2026-08-30T04:27:22.387549095Z,18.488022,113.674591,Cloud to Cloud,11926,3306,9
2026-08-30T04:27:22.702640021Z,18.439442,113.558552,Cloud to Ground,27568,0,10
2026-08-30T04:27:22.014317485Z,17.251325,120.40569,Cloud to Ground,-12642,0,13
2026-08-30T04:27:23.618442391Z,18.849275,114.230876,Cloud to Cloud,-18979,8184,12
2026-08-30T04:27:23.620340929Z,18.832253,114.148809,Cloud to Cloud,11418,3008,8
2026-08-30T04:27:24.460371316Z,19.629023,114.975666,Cloud to Cloud,5858,18946,6
2026-08-30T04:27:24.438257537Z,19.648175,115.058796,Cloud to Cloud,5882,3000,9
2026-08-30T04:27:24.452682445Z,19.633844,114.980167,Cloud to Ground,28811,0,15
2026-08-30T04:27:25.214327733Z,16.347888,131.125584,Cloud to Ground,-58128,0,13
2026-08-30T04:27:25.220623681Z,16.349685,131.058685,Cloud to Ground,-13157,0,7
2026-08-30T04:27:25.216842724Z,16.357895,131.119155,Cloud to Ground,-12098,0,7
2026-08-30T04:27:25.213509024Z,16.369212,131.107852,Cloud to Ground,36780,0,12
2026-08-30T04:27:25.171310840Z,17.817209,113.355407,Cloud to Cloud,-12953,3007,12
2026-08-30T04:27:25.157634140Z,17.827705,113.376158,Cloud to Ground,-9522,0,8
2026-08-30T04:27:25.152264650Z,17.823402,113.294558,Cloud to Cloud,14764,3322,7
2026-08-30T04:27:25.150713789Z,17.807159,113.40812,Cloud to Ground,30418,0,7
2026-08-30T04:27:26.771775000Z,20.1949,113.7467,Cloud to Ground,-30019,0,9
2026-08-30T04:27:26.748181575Z,20.277793,113.723025,Cloud to Cloud,8738,16527,6
2026-08-30T04:27:28.726179212Z,19.128926,115.841168,Cloud to Cloud,-8968,7363,8
2026-08-30T04:27:28.929606355Z,19.151184,115.844524,Cloud to Cloud,11669,7103,7
2026-08-30T04:27:28.724382777Z,19.228365,115.872412,Cloud to Ground,12185,0,7
2026-08-30T04:27:30.428851380Z,20.248113,114.385112,Cloud to Cloud,-17283,17903,12
2026-08-30T04:27:30.428021385Z,20.167695,114.434693,Cloud to Cloud,7782,14841,6
2026-08-30T04:27:30.817069000Z,18.7535,114.0262,Cloud to Ground,57539,0,5
2026-08-30T04:27:30.848551097Z,18.529125,113.820886,Cloud to Cloud,-12757,12254,8
2026-08-30T04:27:30.849389657Z,18.558909,113.818423,Cloud to Cloud,8901,5134,6
2026-08-30T04:27:31.183733985Z,20.12291,115.254102,Cloud to Ground,-110937,0,12
2026-08-30T04:27:31.311629983Z,20.132411,115.263851,Cloud to Cloud,-46338,3988,9
2026-08-30T04:27:31.295178962Z,20.197663,115.305168,Cloud to Cloud,19940,7319,12
2026-08-30T04:27:31.521365716Z,20.178755,115.342093,Cloud to Cloud,22596,16118,12
2026-08-30T04:27:31.136469714Z,15.014749,121.133339,Cloud to Cloud,-13464,5247,7
2026-08-30T04:27:31.390882365Z,15.018266,121.135013,Cloud to Cloud,13834,4389,10
2026-08-30T04:27:32.574460385Z,16.158519,130.73131,Cloud to Ground,-21307,0,9
2026-08-30T04:27:32.573199982Z,16.172933,130.722923,Cloud to Cloud,-20488,3020,8
2026-08-30T04:27:33.197387190Z,21.69585,112.851094,Cloud to Cloud,-16334,3951,10
2026-08-30T04:27:33.220851790Z,21.698338,112.841751,Cloud to Cloud,-10532,4971,11
2026-08-30T04:27:33.571559117Z,18.534192,113.734286,Cloud to Cloud,-12368,7842,12
2026-08-30T04:27:33.839766953Z,18.538538,113.764474,Cloud to Ground,-11886,0,6
2026-08-30T04:27:33.877465021Z,18.533912,113.731156,Cloud to Cloud,-10655,5934,8
2026-08-30T04:27:34.043983852Z,18.526355,113.645489,Cloud to Cloud,13416,3323,8
2026-08-30T04:27:33.575309375Z,18.507484,113.66428,Cloud to Ground,22156,0,10
2026-08-30T04:27:34.207040418Z,18.48922,116.493375,Cloud to Ground,-46673,0,11
2026-08-30T04:27:34.320364461Z,18.486489,116.486466,Cloud to Cloud,10319,5498,7
2026-08-30T04:27:35.049113961Z,18.480506,116.489682,Cloud to Ground,19071,0,11
2026-08-30T04:27:37.793353600Z,16.355479,119.872532,Cloud to Cloud,18861,7488,10
2026-08-30T04:27:37.247817203Z,21.964759,113.229954,Cloud to Ground,-93890,0,15
2026-08-30T04:27:37.331701114Z,21.961261,113.233286,Cloud to Cloud,-21220,3083,14
2026-08-30T04:27:37.296690180Z,21.97795,113.223355,Cloud to Ground,-18792,0,14
2026-08-30T04:27:37.234643871Z,21.966436,113.226174,Cloud to Ground,-18224,0,7
2026-08-30T04:27:37.613989791Z,21.972299,113.202562,Cloud to Ground,-14381,0,8
2026-08-30T04:27:37.554167783Z,21.932904,113.210915,Cloud to Cloud,13484,14006,7
2026-08-30T04:27:37.320068000Z,21.9856,113.2143,Cloud to Ground,24241,0,5
2026-08-30T04:27:37.403264000Z,21.9685,113.1704,Cloud to Ground,24395,0,5
2026-08-30T04:27:37.555542998Z,21.931266,113.205388,Cloud to Ground,69265,0,14
2026-08-30T04:27:38.791425299Z,18.458448,113.216853,Cloud to Cloud,-11709,6872,9
2026-08-30T04:27:38.537584133Z,18.329061,113.583077,Cloud to Ground,-13144,0,8
2026-08-30T04:27:38.288303756Z,18.308726,113.527913,Cloud to Ground,-11732,0,9
2026-08-30T04:27:38.405654813Z,18.362813,113.454093,Cloud to Cloud,-11533,3254,6
2026-08-30T04:27:38.404785141Z,18.376886,113.540459,Cloud to Ground,-10368,0,7
2026-08-30T04:27:38.174150503Z,18.324873,113.560953,Cloud to Cloud,11630,3633,12
2026-08-30T04:27:39.215326591Z,18.629774,119.290914,Cloud to Cloud,2887,5926,5
2026-08-30T04:27:40.359972085Z,18.444338,116.465294,Cloud to Ground,-27498,0,9
2026-08-30T04:27:41.340272131Z,17.570821,113.234316,Cloud to Cloud,-16114,5815,8
2026-08-30T04:27:41.339810317Z,17.56363,113.236538,Cloud to Cloud,23853,4552,13
2026-08-30T04:27:41.338707022Z,17.561027,113.232747,Cloud to Ground,25557,0,9
2026-08-30T04:27:41.337609244Z,17.550738,113.171146,Cloud to Ground,31412,0,10
2026-08-30T04:27:42.773997096Z,20.091501,114.765486,Cloud to Ground,-47399,0,13
2026-08-30T04:27:42.985467120Z,20.095152,114.731835,Cloud to Ground,-14545,0,6
2026-08-30T04:27:42.836431912Z,20.104938,114.770513,Cloud to Cloud,-13047,10452,7
2026-08-30T04:27:42.983928199Z,20.152897,114.80889,Cloud to Cloud,-12338,16361,6
2026-08-30T04:27:42.839443993Z,20.108524,114.787503,Cloud to Cloud,-10091,7354,6
2026-08-30T04:27:43.212713680Z,20.146495,114.806975,Cloud to Cloud,8363,3005,6
2026-08-30T04:27:42.771022705Z,20.116513,114.769588,Cloud to Cloud,10746,11496,10
2026-08-30T04:27:42.959828385Z,20.079427,114.739161,Cloud to Ground,52433,0,12
2026-08-30T04:27:43.808946494Z,18.910974,118.311952,Cloud to Cloud,7895,13486,9
2026-08-30T04:27:43.867129385Z,18.911963,118.316845,Cloud to Ground,18133,0,10
2026-08-30T04:27:43.881946617Z,18.537589,113.882241,Cloud to Cloud,-8044,4553,10
2026-08-30T04:27:44.766340207Z,19.647974,114.218625,Cloud to Cloud,-12675,5335,18
2026-08-30T04:27:44.832126653Z,19.641718,114.179553,Cloud to Cloud,-6729,3041,7
2026-08-30T04:27:44.743421610Z,19.633594,114.198232,Cloud to Cloud,6378,12060,6
2026-08-30T04:27:44.760385440Z,19.634733,114.133901,Cloud to Cloud,8637,4272,11
2026-08-30T04:27:45.162094814Z,18.464697,116.447101,Cloud to Cloud,-7157,3006,6
2026-08-30T04:27:46.815327807Z,19.988531,114.281904,Cloud to Cloud,-10755,3079,9
2026-08-30T04:27:46.524485699Z,19.860865,114.545471,Cloud to Cloud,-21220,3908,12
2026-08-30T04:27:46.522556871Z,19.865311,114.557213,Cloud to Cloud,-13440,5992,8
2026-08-30T04:27:46.522062829Z,19.948581,114.56429,Cloud to Ground,35698,0,7
2026-08-30T04:27:46.846579768Z,20.028823,114.169856,Cloud to Cloud,11781,7833,8
2026-08-30T04:27:47.762340069Z,4.051474,112.781295,Cloud to Ground,-21396,0,8
2026-08-30T04:27:47.550093710Z,4.045448,112.796664,Cloud to Ground,-8183,0,6
2026-08-30T04:27:50.689809999Z,19.714143,114.582321,Cloud to Cloud,12706,3019,9
2026-08-30T04:27:50.711284500Z,19.611627,114.557019,Cloud to Cloud,17760,6126,12
2026-08-30T04:27:50.961574998Z,19.174852,115.863186,Cloud to Ground,-27252,0,11
2026-08-30T04:27:51.207931502Z,19.179547,115.862159,Cloud to Ground,-17138,0,13
2026-08-30T04:27:51.158137772Z,19.179618,115.862825,Cloud to Ground,-9419,0,8
2026-08-30T04:27:51.110963139Z,19.155396,115.852429,Cloud to Cloud,9345,18239,9
2026-08-30T04:27:51.319039869Z,18.34745,117.241943,Cloud to Cloud,13560,3014,8
2026-08-30T04:27:51.665723175Z,18.413101,116.410549,Cloud to Cloud,5963,18145,7
2026-08-30T04:27:51.697456986Z,18.411845,116.423345,Cloud to Ground,21358,0,10
2026-08-30T04:27:51.059243864Z,19.839216,114.561527,Cloud to Ground,54755,0,15
2026-08-30T04:27:51.085316417Z,20.220903,114.058076,Cloud to Ground,-12744,0,12
2026-08-30T04:27:51.250008599Z,19.410567,115.024102,Cloud to Ground,-21637,0,12
2026-08-30T04:27:51.449974733Z,19.41166,115.023019,Cloud to Ground,-12088,0,11
2026-08-30T04:27:51.316329668Z,19.40904,115.025013,Cloud to Ground,-7674,0,7
2026-08-30T04:27:52.684084562Z,20.40188,113.613246,Cloud to Cloud,19624,6051,7
2026-08-30T04:27:52.762602916Z,20.30741,113.623494,Cloud to Cloud,-16843,3008,12
2026-08-30T04:27:52.987868696Z,20.270141,113.614352,Cloud to Cloud,-10382,3002,8
2026-08-30T04:27:53.013976793Z,20.272359,113.576023,Cloud to Cloud,-10164,3619,7
2026-08-30T04:27:52.550722020Z,18.928237,114.414508,Cloud to Ground,-9582,0,7
2026-08-30T04:27:54.150449429Z,20.374065,113.512432,Cloud to Cloud,10903,5212,9
2026-08-30T04:27:54.153416287Z,18.925242,118.40075,Cloud to Cloud,12680,18830,9
2026-08-30T04:27:55.127720554Z,18.673406,114.33194,Cloud to Cloud,-20339,6225,14
2026-08-30T04:27:55.977836847Z,18.551799,113.872076,Cloud to Ground,34464,0,22
2026-08-30T04:27:56.296669296Z,18.520798,113.7421,Cloud to Cloud,-17029,7130,13
2026-08-30T04:27:57.394577701Z,18.034688,113.334649,Cloud to Cloud,-23365,3041,13
2026-08-30T04:28:04.644397063Z,19.16883,116.160249,Cloud to Ground,-9543,0,7
2026-08-30T04:28:04.751626790Z,19.343925,116.08517,Cloud to Cloud,10459,5280,8
2026-08-30T04:28:05.064143485Z,17.072174,120.533066,Cloud to Cloud,9733,5495,9
2026-08-30T04:28:05.061362075Z,17.073605,120.532039,Cloud to Cloud,14192,3034,14
2026-08-30T04:28:05.041239601Z,17.064205,120.495903,Cloud to Ground,117469,0,16
2026-08-30T04:28:05.093699000Z,17.0964,120.365,Cloud to Ground,-39738,0,5
2026-08-30T04:28:05.371235923Z,19.179108,116.108786,Cloud to Ground,-25477,0,9
2026-08-30T04:28:07.552507547Z,20.245045,113.83449,Cloud to Cloud,-8749,15815,7
2026-08-30T04:28:07.537086234Z,20.17966,113.81977,Cloud to Ground,14852,0,8
2026-08-30T04:28:07.371834082Z,18.453703,117.851415,Cloud to Ground,-10941,0,10
2026-08-30T04:28:08.184808769Z,19.465173,115.039395,Cloud to Ground,25166,0,7
2026-08-30T04:28:09.396177457Z,16.929647,131.718804,Cloud to Ground,11114,0,15
2026-08-30T04:28:09.538090401Z,22.46568,110.923189,Cloud to Ground,-9414,0,7
2026-08-30T04:28:09.601754039Z,22.469872,110.927849,Cloud to Ground,-8284,0,6
2026-08-30T04:28:11.824337995Z,18.494509,116.192866,Cloud to Cloud,-8118,3035,7
2026-08-30T04:28:11.821257271Z,18.576462,116.237524,Cloud to Cloud,12667,3050,8
2026-08-30T04:28:11.822399184Z,18.515864,116.213229,Cloud to Ground,29768,0,8
2026-08-30T04:28:12.590836795Z,19.785106,114.893949,Cloud to Cloud,-11801,4072,8
2026-08-30T04:28:12.591612276Z,19.763907,114.896386,Cloud to Ground,59241,0,10
2026-08-30T04:28:12.083211493Z,19.653669,114.954446,Cloud to Cloud,-14563,7939,7
2026-08-30T04:28:12.606442070Z,19.609293,115.072625,Cloud to Ground,-9291,0,10
2026-08-30T04:28:12.083951000Z,19.574,114.9959,Cloud to Ground,9864,0,5
2026-08-30T04:28:12.103373333Z,19.62671,114.981042,Cloud to Ground,13651,0,10
2026-08-30T04:28:13.352710321Z,18.660604,117.721933,Cloud to Cloud,7146,14384,8
2026-08-30T04:28:14.072803634Z,22.007963,113.166812,Cloud to Ground,-10881,0,10
2026-08-30T04:28:14.025012270Z,22.020634,113.251478,Cloud to Cloud,4327,16230,6
2026-08-30T04:28:14.011278736Z,22.013476,113.257099,Cloud to Cloud,6502,11398,8
2026-08-30T04:28:16.222653473Z,18.556331,116.460092,Cloud to Ground,-54516,0,18
2026-08-30T04:28:15.625595273Z,18.495688,116.511448,Cloud to Cloud,-43769,3201,14
2026-08-30T04:28:16.224544917Z,18.497741,116.477579,Cloud to Ground,-13413,0,10
2026-08-30T04:28:15.659686740Z,18.510303,116.50652,Cloud to Ground,-10819,0,7
2026-08-30T04:28:15.779361894Z,18.447881,116.476682,Cloud to Cloud,17999,14225,8
2026-08-30T04:28:15.735348000Z,18.5178,116.4718,Cloud to Ground,24863,0,7
2026-08-30T04:28:16.665792892Z,16.774207,127.669715,Cloud to Ground,-28566,0,12
2026-08-30T04:28:16.637561631Z,16.774772,127.694679,Cloud to Ground,-27497,0,13
2026-08-30T04:28:16.863502234Z,16.787561,127.676602,Cloud to Ground,-17766,0,10
2026-08-30T04:28:17.216148326Z,16.800501,127.80319,Cloud to Cloud,-15981,4355,14
2026-08-30T04:28:17.213185173Z,16.799751,127.78369,Cloud to Cloud,-13719,11810,11
2026-08-30T04:28:16.651925754Z,16.80893,127.662133,Cloud to Cloud,7722,7043,9
2026-08-30T04:28:17.044016891Z,16.724519,127.841898,Cloud to Cloud,14800,3121,10
2026-08-30T04:28:16.949738651Z,16.733577,127.712699,Cloud to Ground,57692,0,10
2026-08-30T04:28:17.071067297Z,20.172928,114.425631,Cloud to Cloud,-17778,4146,14
2026-08-30T04:28:17.116621090Z,20.182406,114.433439,Cloud to Cloud,10565,3563,5
2026-08-30T04:28:17.012175772Z,19.021455,118.43018,Cloud to Cloud,-14388,10651,8
2026-08-30T04:28:18.024507082Z,20.335137,113.719126,Cloud to Cloud,9693,3074,7
2026-08-30T04:28:18.258302568Z,20.254485,113.783655,Cloud to Cloud,-13940,3219,13
2026-08-30T04:28:18.007049000Z,20.119,114.3206,Cloud to Ground,22407,0,5
2026-08-30T04:28:19.958053110Z,19.45553,114.88526,Cloud to Cloud,13457,3022,6
2026-08-30T04:28:19.953370053Z,19.530177,114.903383,Cloud to Ground,22562,0,8
2026-08-30T04:28:19.767100676Z,20.041322,115.261392,Cloud to Cloud,8379,3048,9
2026-08-30T04:28:19.772484440Z,20.040452,115.270333,Cloud to Cloud,9969,12471,6
2026-08-30T04:28:20.500411992Z,20.014375,115.288706,Cloud to Ground,-11608,0,9
2026-08-30T04:28:20.407678155Z,21.968976,113.127666,Cloud to Cloud,-15559,6163,6
2026-08-30T04:28:20.411771022Z,21.887517,113.220148,Cloud to Cloud,-11882,10974,8
2026-08-30T04:28:20.104321582Z,21.896359,113.180459,Cloud to Ground,24960,0,9
2026-08-30T04:28:21.435782272Z,18.499017,116.510298,Cloud to Cloud,-8879,6881,15
2026-08-30T04:28:21.536935788Z,18.485871,116.495219,Cloud to Ground,14114,0,12
2026-08-30T04:28:22.887986577Z,19.765297,115.016271,Cloud to Cloud,-24216,11656,13
2026-08-30T04:28:22.885241015Z,19.761519,115.026765,Cloud to Cloud,-19018,6169,12
2026-08-30T04:28:22.896855851Z,19.752488,114.912202,Cloud to Ground,14346,0,10
2026-08-30T04:28:22.884002116Z,19.75797,114.93191,Cloud to Cloud,15750,3034,9
2026-08-30T04:28:22.886073428Z,19.763994,115.007057,Cloud to Ground,29824,0,15
2026-08-30T04:28:25.668888593Z,16.667121,131.323755,Cloud to Ground,-26298,0,15
2026-08-30T04:28:25.651633443Z,16.681316,131.327286,Cloud to Ground,-23556,0,16
2026-08-30T04:28:25.699561466Z,16.658488,131.332644,Cloud to Cloud,-16231,13273,13
2026-08-30T04:28:25.649493165Z,16.670715,131.322239,Cloud to Cloud,-11168,4081,12
2026-08-30T04:28:25.710572573Z,16.668418,131.336586,Cloud to Cloud,11576,3231,9
2026-08-30T04:28:25.814099894Z,20.192503,113.667227,Cloud to Cloud,-10283,5808,7
2026-08-30T04:28:25.500106896Z,20.239905,113.665249,Cloud to Cloud,-7667,15677,7
2026-08-30T04:28:28.010436174Z,18.566457,113.729248,Cloud to Cloud,-21661,3030,15
2026-08-30T04:28:27.524773494Z,18.574869,113.719462,Cloud to Ground,-14036,0,10
2026-08-30T04:28:27.501805591Z,18.621143,113.718237,Cloud to Ground,-13116,0,9
2026-08-30T04:28:27.492059166Z,18.549581,113.662306,Cloud to Cloud,-8399,12445,10
2026-08-30T04:28:27.499833000Z,18.5581,113.7213,Cloud to Ground,16837,0,5
2026-08-30T04:28:28.721170270Z,18.506772,116.488433,Cloud to Cloud,6337,9649,6
2026-08-30T04:28:28.979851190Z,18.437749,116.595528,Cloud to Ground,13136,0,9
2026-08-30T04:28:29.990439254Z,17.099381,132.275549,Cloud to Ground,-23277,0,14
2026-08-30T04:28:29.937689201Z,17.090806,132.290069,Cloud to Ground,-18770,0,16
2026-08-30T04:28:30.217211305Z,17.097796,132.279812,Cloud to Ground,-17038,0,13
2026-08-30T04:28:29.943040880Z,18.906351,118.333409,Cloud to Ground,-33516,0,17
2026-08-30T04:28:29.775913500Z,18.906372,118.331386,Cloud to Ground,-21701,0,11
2026-08-30T04:28:29.829524586Z,18.905649,118.329749,Cloud to Cloud,-5504,4057,8
2026-08-30T04:28:29.942510360Z,18.932145,118.300474,Cloud to Cloud,11743,8236,8
2026-08-30T04:28:30.087623166Z,17.121102,132.414172,Cloud to Ground,-9588,0,6
2026-08-30T04:28:30.147864206Z,17.088887,132.174247,Cloud to Ground,-17399,0,11
2026-08-30T04:28:31.689097441Z,19.262657,114.7486,Cloud to Cloud,-6607,16477,9
2026-08-30T04:28:32.521195835Z,16.098619,130.45075,Cloud to Cloud,-17572,16869,9
2026-08-30T04:28:32.519029582Z,16.111111,130.562196,Cloud to Cloud,21857,3984,17
2026-08-30T04:28:33.492341806Z,18.411792,113.675964,Cloud to Cloud,-16956,3042,10
2026-08-30T04:28:33.302298126Z,18.335747,113.701138,Cloud to Cloud,-11545,3045,11
2026-08-30T04:28:32.961873736Z,18.388559,113.675401,Cloud to Ground,-10580,0,10
2026-08-30T04:28:33.478337850Z,18.421444,113.62414,Cloud to Cloud,6023,3016,9
2026-08-30T04:28:33.146005731Z,18.411627,113.67829,Cloud to Ground,7561,0,10
2026-08-30T04:28:33.305485299Z,18.392556,113.659599,Cloud to Ground,8500,0,5
2026-08-30T04:28:33.626613630Z,16.272173,129.589151,Cloud to Cloud,-19159,9881,11
2026-08-30T04:28:33.644766512Z,16.295964,129.585107,Cloud to Cloud,-16465,6354,7
2026-08-30T04:28:33.643268612Z,16.280368,129.556463,Cloud to Cloud,-16066,7253,9
2026-08-30T04:28:33.629080364Z,16.255863,129.589674,Cloud to Cloud,-11529,3890,13
2026-08-30T04:28:33.648939748Z,16.253296,129.59304,Cloud to Cloud,-10073,12234,10
2026-08-30T04:28:33.633983795Z,16.222326,129.604893,Cloud to Cloud,18420,3850,10
2026-08-30T04:28:33.625079900Z,16.263371,129.605918,Cloud to Cloud,25543,16803,14
2026-08-30T04:28:34.869376965Z,19.402999,115.029222,Cloud to Ground,-14183,0,10
2026-08-30T04:28:36.332871312Z,21.853402,112.782732,Cloud to Ground,-16525,0,10
2026-08-30T04:28:38.158346351Z,18.337152,116.314077,Cloud to Cloud,-38117,4933,8
2026-08-30T04:28:38.156676406Z,18.354301,116.342281,Cloud to Ground,-25153,0,8
2026-08-30T04:28:38.164079266Z,18.320425,116.345778,Cloud to Cloud,-9710,12423,7
2026-08-30T04:28:38.347126159Z,18.366088,116.333733,Cloud to Ground,-6530,0,7
2026-08-30T04:28:39.563450055Z,17.69393,113.384351,Cloud to Ground,-23994,0,11
2026-08-30T04:28:39.564757413Z,17.677188,113.307119,Cloud to Cloud,10774,3137,8
2026-08-30T04:28:39.587813236Z,17.698533,113.399973,Cloud to Cloud,13457,8732,7
2026-08-30T04:28:39.561697585Z,17.692158,113.305039,Cloud to Ground,16788,0,12
2026-08-30T04:28:39.562649685Z,17.686899,113.38107,Cloud to Ground,129779,0,10
2026-08-30T04:28:39.406584316Z,18.476364,116.475847,Cloud to Ground,-12366,0,9
2026-08-30T04:28:39.204403657Z,18.532586,116.450006,Cloud to Cloud,-7921,16182,8
2026-08-30T04:28:39.298443204Z,18.492407,116.47098,Cloud to Cloud,7372,16471,9
2026-08-30T04:28:43.890834905Z,18.489659,116.500906,Cloud to Cloud,-7982,10546,9
2026-08-30T04:28:43.993907781Z,20.312736,113.537112,Cloud to Cloud,-8698,7900,7
2026-08-30T04:28:44.002436671Z,20.267136,113.62609,Cloud to Cloud,-7509,3043,7
2026-08-30T04:28:43.996009036Z,20.295322,113.597942,Cloud to Cloud,-6643,7333,6
2026-08-30T04:28:43.800122677Z,20.297691,113.623672,Cloud to Cloud,7361,5523,9
2026-08-30T04:28:44.032566247Z,20.315561,113.605447,Cloud to Cloud,9778,4979,6
2026-08-30T04:28:44.071073366Z,20.314078,113.608038,Cloud to Ground,13353,0,9
2026-08-30T04:28:44.735076285Z,18.906913,118.301292,Cloud to Cloud,13778,18477,11
2026-08-30T04:28:45.148520401Z,18.997969,118.322066,Cloud to Cloud,13543,6467,7
2026-08-30T04:28:45.098378947Z,18.787846,118.27128,Cloud to Ground,-19358,0,16
2026-08-30T04:28:45.158084515Z,18.528268,113.814926,Cloud to Cloud,-14239,6398,11
2026-08-30T04:28:45.024675617Z,18.538592,113.76579,Cloud to Cloud,-10014,3010,10
2026-08-30T04:28:44.899621724Z,18.541974,113.831906,Cloud to Cloud,8670,18331,9
2026-08-30T04:28:46.651766787Z,18.990928,118.416849,Cloud to Ground,-16877,0,12
2026-08-30T04:28:46.709344543Z,18.9503,118.411392,Cloud to Cloud,-11462,3786,8
2026-08-30T04:28:46.753127274Z,18.986472,118.416244,Cloud to Ground,-9481,0,10
2026-08-30T04:28:46.517847581Z,18.968424,118.400123,Cloud to Cloud,-3894,15522,7
2026-08-30T04:28:47.165482311Z,20.18169,114.482605,Cloud to Cloud,-10272,3096,13
2026-08-30T04:28:47.186253510Z,20.300422,114.390817,Cloud to Cloud,8085,3027,8
2026-08-30T04:28:48.484955256Z,17.032866,132.138412,Cloud to Ground,11054,0,10
2026-08-30T04:28:49.171021626Z,17.025489,132.150527,Cloud to Ground,25250,0,14
2026-08-30T04:28:49.137282245Z,17.025315,132.158686,Cloud to Ground,52381,0,22
2026-08-30T04:28:48.441514974Z,17.024855,132.156439,Cloud to Ground,55773,0,17
2026-08-30T04:28:48.352848984Z,17.02711,132.147686,Cloud to Ground,69761,0,14
2026-08-30T04:28:49.020761245Z,18.376607,116.533188,Cloud to Ground,9513,0,14
2026-08-30T04:28:49.018296268Z,18.389958,116.533933,Cloud to Ground,18374,0,16
2026-08-30T04:28:50.589557540Z,18.472325,116.491511,Cloud to Ground,-10871,0,8
2026-08-30T04:28:50.502437867Z,18.478152,116.493462,Cloud to Cloud,-9335,15159,11
2026-08-30T04:28:52.992464384Z,17.475412,113.093893,Cloud to Ground,-13442,0,8
2026-08-30T04:28:53.193950515Z,18.458747,116.447189,Cloud to Cloud,-18043,19640,14
2026-08-30T04:28:53.404111597Z,18.449461,116.455049,Cloud to Cloud,-11687,5137,10
2026-08-30T04:28:53.197073667Z,18.447619,116.447622,Cloud to Cloud,-6378,3030,6
2026-08-30T04:28:53.220569329Z,18.449343,116.435963,Cloud to Cloud,9521,5084,8
2026-08-30T04:28:53.213718739Z,18.455127,116.446366,Cloud to Ground,10370,0,9
2026-08-30T04:28:53.608142245Z,22.01194,113.251616,Cloud to Ground,-9600,0,6
2026-08-30T04:28:53.605634701Z,21.996529,113.161949,Cloud to Cloud,12242,3015,17
2026-08-30T04:28:53.613860944Z,21.963507,113.192782,Cloud to Ground,20472,0,8
2026-08-30T04:28:53.949893856Z,14.880188,121.121793,Cloud to Cloud,7133,7230,6
2026-08-30T04:28:55.832570380Z,21.707678,112.796445,Cloud to Cloud,-10339,3046,7
2026-08-30T04:28:55.903480620Z,21.67559,112.8042,Cloud to Cloud,-7268,3002,7
2026-08-30T04:28:56.743960423Z,16.759546,127.825758,Cloud to Ground,-12088,0,7
2026-08-30T04:28:56.574227333Z,16.762139,127.677798,Cloud to Cloud,-16718,5871,12
2026-08-30T04:28:56.578515679Z,16.790495,127.91557,Cloud to Ground,-8825,0,6
2026-08-30T04:28:56.641864100Z,16.786668,127.970441,Cloud to Cloud,5097,19192,7
2026-08-30T04:28:56.570114423Z,16.781784,127.929829,Cloud to Cloud,17135,3912,9
2026-08-30T04:28:56.702000160Z,19.994837,114.282326,Cloud to Cloud,16380,19735,10
2026-08-30T04:28:56.710055340Z,19.987207,114.283188,Cloud to Cloud,19813,5504,12
2026-08-30T04:28:56.354224280Z,18.524809,113.875335,Cloud to Ground,-10952,0,8
2026-08-30T04:28:56.169990387Z,18.349923,113.538892,Cloud to Cloud,-11615,14647,8
2026-08-30T04:28:56.097869326Z,18.290961,113.504746,Cloud to Ground,-10772,0,10
2026-08-30T04:28:56.321469917Z,18.360546,113.551351,Cloud to Ground,15534,0,7
2026-08-30T04:28:57.280351947Z,22.032278,113.33295,Cloud to Ground,18613,0,12
2026-08-30T04:28:57.608580605Z,18.365454,117.257122,Cloud to Ground,-27477,0,11
2026-08-30T04:28:57.711636925Z,20.07705,114.279415,Cloud to Ground,-11862,0,9
2026-08-30T04:28:57.450165612Z,22.892887,113.147012,Cloud to Cloud,-20598,3013,11
2026-08-30T04:28:58.238030313Z,22.893296,113.094977,Cloud to Ground,-20252,0,12
2026-08-30T04:28:58.077322367Z,22.882609,113.101046,Cloud to Cloud,-15987,3016,11
2026-08-30T04:28:57.772261181Z,22.868351,113.100161,Cloud to Ground,15340,0,8
2026-08-30T04:28:58.509143367Z,19.65134,114.562697,Cloud to Ground,16908,0,11
2026-08-30T04:28:58.489068820Z,19.740855,114.490761,Cloud to Cloud,16653,17227,7
2026-08-30T04:29:00.526163131Z,20.017252,115.122216,Cloud to Cloud,-11227,13588,9
2026-08-30T04:29:00.710229605Z,20.109084,115.134838,Cloud to Cloud,-9496,3023,7
2026-08-30T04:29:00.732464324Z,20.022117,115.12021,Cloud to Cloud,-8396,6243,6
2026-08-30T04:29:00.518626000Z,20.044676,115.123499,Cloud to Ground,22312,0,10
2026-08-30T04:29:00.638699842Z,20.035671,115.139415,Cloud to Ground,24410,0,14
2026-08-30T04:29:00.926604408Z,18.694452,119.336469,Cloud to Cloud,6185,13444,7
2026-08-30T04:29:00.457520101Z,22.216368,113.381784,Cloud to Cloud,-11979,18452,8
2026-08-30T04:29:00.953030647Z,22.247523,113.408337,Cloud to Cloud,10371,3035,8
2026-08-30T04:29:01.424245489Z,17.137769,132.58058,Cloud to Ground,-15219,0,12
2026-08-30T04:29:01.422732003Z,17.165859,132.534195,Cloud to Ground,-13872,0,11
2026-08-30T04:29:01.446079570Z,17.157198,132.593281,Cloud to Ground,-12392,0,8
2026-08-30T04:29:01.649684214Z,19.357133,115.030533,Cloud to Cloud,9315,3743,8
2026-08-30T04:29:01.394232191Z,19.606345,115.018068,Cloud to Cloud,-19082,3038,8
2026-08-30T04:29:01.060018891Z,18.313448,113.666755,Cloud to Cloud,-11113,3081,7
2026-08-30T04:29:02.963537310Z,17.713036,128.518749,Cloud to Ground,-45604,0,14
2026-08-30T04:29:02.969847500Z,17.740835,128.511513,Cloud to Cloud,-17088,5467,18
2026-08-30T04:29:03.007004847Z,17.72461,128.54185,Cloud to Ground,-15387,0,10
2026-08-30T04:29:02.966381586Z,17.741126,128.538527,Cloud to Cloud,-12645,3993,9
2026-08-30T04:29:02.962916083Z,17.657024,128.564481,Cloud to Ground,22613,0,9
2026-08-30T04:29:02.968461824Z,17.645837,128.549307,Cloud to Cloud,23507,17022,9
2026-08-30T04:29:02.964178140Z,17.740072,128.553875,Cloud to Cloud,39007,4433,14
2026-08-30T04:29:04.564226848Z,18.479358,116.488673,Cloud to Ground,16551,0,12
2026-08-30T04:29:04.800831173Z,21.752122,112.919708,Cloud to Cloud,4905,6866,7
2026-08-30T04:29:04.121679697Z,20.260492,114.130619,Cloud to Cloud,9753,3110,9
2026-08-30T04:29:04.261471336Z,18.919649,118.330448,Cloud to Ground,-14651,0,12
2026-08-30T04:29:04.312179268Z,18.916293,118.331348,Cloud to Cloud,-6356,14214,8
2026-08-30T04:29:04.190637948Z,18.911152,118.327713,Cloud to Cloud,15236,11777,12
2026-08-30T04:29:04.133317000Z,18.8962,118.3255,Cloud to Ground,25454,0,8
2026-08-30T04:29:06.488347080Z,15.406508,120.044157,Cloud to Cloud,-7858,19368,9
2026-08-30T04:29:07.678093211Z,19.127039,118.459112,Cloud to Cloud,7989,6376,6
2026-08-30T04:29:08.272922658Z,17.469105,113.16905,Cloud to Cloud,-12515,3099,7
2026-08-30T04:29:08.699980755Z,17.475432,113.091996,Cloud to Cloud,-10398,3024,10
2026-08-30T04:29:08.269537007Z,17.453527,113.165117,Cloud to Cloud,9580,3019,9
2026-08-30T04:29:08.275563339Z,17.445792,113.094248,Cloud to Ground,11468,0,6
2026-08-30T04:29:09.148126997Z,18.872758,118.297931,Cloud to Ground,-12356,0,10
2026-08-30T04:29:09.102500884Z,18.908912,118.311422,Cloud to Cloud,4980,8711,8
2026-08-30T04:29:09.133269137Z,18.511799,116.490956,Cloud to Cloud,-11451,9814,11
2026-08-30T04:29:10.293179867Z,18.577096,113.755639,Cloud to Ground,-45889,0,15
2026-08-30T04:29:10.361757394Z,18.572313,113.759471,Cloud to Ground,-32964,0,13
2026-08-30T04:29:10.505373429Z,18.56846,113.761811,Cloud to Ground,-27594,0,11
2026-08-30T04:29:10.557194948Z,18.574773,113.758264,Cloud to Ground,-27026,0,12
2026-08-30T04:29:10.602194138Z,18.578685,113.753052,Cloud to Ground,-18388,0,7
2026-08-30T04:29:10.735576698Z,18.578028,113.754211,Cloud to Ground,-12754,0,12
2026-08-30T04:29:10.952343532Z,18.569471,113.758808,Cloud to Ground,13932,0,8
2026-08-30T04:29:10.676097376Z,18.575554,113.717018,Cloud to Ground,18286,0,6
2026-08-30T04:29:10.620893774Z,18.56438,113.7576,Cloud to Ground,19087,0,14
2026-08-30T04:29:10.842168517Z,18.581144,113.753378,Cloud to Ground,28081,0,17
2026-08-30T04:29:10.336685269Z,18.56027,113.638861,Cloud to Ground,41685,0,11
2026-08-30T04:29:10.427279439Z,18.56445,113.756867,Cloud to Ground,43602,0,17
2026-08-30T04:29:10.674878145Z,18.580502,113.757037,Cloud to Ground,50825,0,22
2026-08-30T04:29:10.391434704Z,18.577865,113.753763,Cloud to Ground,62234,0,21
2026-08-30T04:29:10.463448241Z,18.559186,113.765074,Cloud to Ground,67422,0,12
2026-08-30T04:29:10.824147284Z,18.471508,117.841603,Cloud to Cloud,5574,3081,6
2026-08-30T04:29:11.746929787Z,18.695447,114.118834,Cloud to Cloud,6219,7512,6
2026-08-30T04:29:11.189796429Z,17.690888,125.292856,Cloud to Ground,-26788,0,12
2026-08-30T04:29:11.946023893Z,18.829748,114.240607,Cloud to Ground,-11837,0,6
2026-08-30T04:29:11.531753080Z,18.834114,114.237048,Cloud to Ground,-11149,0,7
2026-08-30T04:29:11.618919449Z,18.824462,114.234539,Cloud to Ground,-8137,0,6
2026-08-30T04:29:12.210113038Z,18.375639,116.339209,Cloud to Cloud,-11760,3071,6
2026-08-30T04:29:12.216750299Z,18.345805,116.288873,Cloud to Cloud,-5723,3035,6
2026-08-30T04:29:13.285841023Z,19.402755,114.555153,Cloud to Cloud,-10378,5478,6
2026-08-30T04:29:13.160812434Z,19.452246,114.523666,Cloud to Cloud,5521,6439,8
2026-08-30T04:29:13.124763643Z,19.438285,114.530093,Cloud to Cloud,15922,3059,12
2026-08-30T04:29:13.126051998Z,19.437945,114.528104,Cloud to Ground,34816,0,9
2026-08-30T04:29:13.064077529Z,18.672705,114.336833,Cloud to Ground,-11635,0,7
2026-08-30T04:29:14.885846509Z,19.636459,114.25537,Cloud to Ground,-19064,0,14
2026-08-30T04:29:14.927972613Z,19.618404,114.235762,Cloud to Ground,74766,0,14
2026-08-30T04:29:15.462247509Z,4.509548,113.247193,Cloud to Ground,-17303,0,6
2026-08-30T04:29:15.982187455Z,18.514187,116.516151,Cloud to Ground,-51923,0,13
2026-08-30T04:29:15.880222527Z,18.502787,116.513386,Cloud to Ground,-37322,0,10
2026-08-30T04:29:16.183622643Z,18.507799,116.491846,Cloud to Ground,-19360,0,9
2026-08-30T04:29:16.528935115Z,18.51698,116.514872,Cloud to Ground,-13915,0,9
2026-08-30T04:29:16.214492541Z,18.516341,116.514714,Cloud to Ground,-11390,0,8
2026-08-30T04:29:16.139984153Z,18.514918,116.514309,Cloud to Ground,-11059,0,9
2026-08-30T04:29:16.390645082Z,18.515037,116.516883,Cloud to Ground,-10762,0,8
2026-08-30T04:29:16.027336218Z,18.50409,116.498735,Cloud to Ground,-8413,0,6
2026-08-30T04:29:16.456997000Z,18.5191,116.4833,Cloud to Ground,22297,0,6
2026-08-30T04:29:15.230746535Z,19.501204,122.934452,Cloud to Ground,-128139,0,20
2026-08-30T04:29:15.317108054Z,19.424264,122.906976,Cloud to Ground,-79015,0,18
2026-08-30T04:29:15.284385607Z,19.408673,122.886693,Cloud to Ground,28137,0,14
2026-08-30T04:29:15.132228680Z,18.709642,118.177615,Cloud to Ground,-31653,0,11
2026-08-30T04:29:16.924457381Z,18.983429,118.414825,Cloud to Ground,-18608,0,14
2026-08-30T04:29:16.835227651Z,18.986844,118.444464,Cloud to Ground,-14907,0,9
2026-08-30T04:29:16.925897565Z,19.051434,118.416159,Cloud to Cloud,-14088,3080,8
2026-08-30T04:29:16.952067203Z,18.98383,118.443095,Cloud to Ground,-13223,0,8
2026-08-30T04:29:17.681079524Z,19.163964,115.867489,Cloud to Ground,-86040,0,13
2026-08-30T04:29:17.668240480Z,19.162633,115.881872,Cloud to Ground,-38803,0,13
2026-08-30T04:29:17.384193211Z,19.165192,115.881511,Cloud to Ground,-25638,0,11
2026-08-30T04:29:17.417276121Z,19.160212,115.884491,Cloud to Ground,-24372,0,9
2026-08-30T04:29:17.672512712Z,19.171215,115.864871,Cloud to Ground,-11630,0,7
2026-08-30T04:29:17.676780345Z,19.194905,115.856621,Cloud to Cloud,18490,12746,14
2026-08-30T04:29:17.790723698Z,20.11423,114.801237,Cloud to Ground,-51436,0,12
2026-08-30T04:29:17.787552537Z,20.118681,114.780189,Cloud to Cloud,14420,3377,7
2026-08-30T04:29:18.008840987Z,20.094488,114.728646,Cloud to Ground,34194,0,13
2026-08-30T04:29:18.165766907Z,16.305077,129.322829,Cloud to Cloud,15646,5401,11
2026-08-30T04:29:18.164530914Z,16.277546,129.343648,Cloud to Cloud,17919,18901,11
2026-08-30T04:29:18.163167919Z,16.25378,129.345292,Cloud to Ground,123548,0,14
2026-08-30T04:29:19.896719365Z,19.271653,114.769661,Cloud to Cloud,9676,3016,10
2026-08-30T04:29:21.232684169Z,22.109798,113.278922,Cloud to Cloud,-23745,3044,13
2026-08-30T04:29:21.332558964Z,22.078826,113.289971,Cloud to Ground,-21360,0,12
2026-08-30T04:29:21.060042058Z,22.096113,113.278579,Cloud to Cloud,-13088,3019,10
2026-08-30T04:29:21.098020992Z,22.116515,113.275867,Cloud to Ground,-11177,0,12
2026-08-30T04:29:21.716907966Z,22.056474,113.291465,Cloud to Cloud,7267,18280,8
2026-08-30T04:29:21.235658710Z,22.116721,113.297398,Cloud to Cloud,9932,17855,8
2026-08-30T04:29:22.234465000Z,22.0378,113.2471,Cloud to Ground,27391,0,7
2026-08-30T04:29:22.689596650Z,17.185488,131.48384,Cloud to Ground,-65925,0,29
2026-08-30T04:29:22.674303913Z,17.115159,131.506993,Cloud to Ground,-34423,0,17
2026-08-30T04:29:22.985937933Z,17.169125,131.371661,Cloud to Ground,8836,0,7
2026-08-30T04:29:22.720931911Z,17.12894,131.514457,Cloud to Cloud,9879,12466,10
2026-08-30T04:29:22.711279006Z,17.13345,131.510571,Cloud to Ground,13066,0,13
2026-08-30T04:29:22.704410622Z,17.177584,131.430544,Cloud to Cloud,17433,4746,17
2026-08-30T04:29:22.493994917Z,18.560997,117.851027,Cloud to Cloud,-7959,3661,7
2026-08-30T04:29:23.715226178Z,3.066117,112.780705,Cloud to Ground,-17702,0,12
2026-08-30T04:29:24.985294522Z,19.96869,114.361605,Cloud to Cloud,-10417,3093,8
2026-08-30T04:29:24.801031740Z,19.98812,114.332961,Cloud to Cloud,7996,6266,8
2026-08-30T04:29:24.775086437Z,20.005995,114.35662,Cloud to Cloud,8294,6863,6
2026-08-30T04:29:24.770856626Z,19.992402,114.272731,Cloud to Ground,21829,0,7
2026-08-30T04:29:25.806565908Z,19.510052,114.791022,Cloud to Cloud,-6414,7686,7
2026-08-30T04:29:25.823535901Z,19.473243,114.751185,Cloud to Cloud,6821,13323,7
2026-08-30T04:29:25.803772768Z,19.484497,114.795089,Cloud to Cloud,11448,5821,8
2026-08-30T04:29:25.840540239Z,19.479513,114.76096,Cloud to Ground,13767,0,8
2026-08-30T04:29:25.164982969Z,18.477021,116.503935,Cloud to Ground,26646,0,13
2026-08-30T04:29:26.057236388Z,15.181329,120.108725,Cloud to Ground,-83072,0,15
2026-08-30T04:29:26.104212185Z,15.182432,120.122881,Cloud to Ground,-21496,0,13
2026-08-30T04:29:26.106457293Z,15.178943,120.135192,Cloud to Ground,-20317,0,12
2026-08-30T04:29:26.186343766Z,15.184685,120.121995,Cloud to Ground,-17905,0,11
2026-08-30T04:29:26.650352646Z,15.098334,121.079774,Cloud to Cloud,-21627,15883,15
2026-08-30T04:29:26.750109362Z,15.054071,121.112003,Cloud to Ground,-19216,0,12
2026-08-30T04:29:26.811384289Z,15.056557,121.116863,Cloud to Ground,-5397,0,5
2026-08-30T04:29:26.710605737Z,19.714246,115.176654,Cloud to Ground,66114,0,14
2026-08-30T04:29:27.711477813Z,16.213116,130.865925,Cloud to Cloud,-11101,3161,10
2026-08-30T04:29:27.698542202Z,16.152759,130.948517,Cloud to Cloud,18863,3072,14
2026-08-30T04:29:27.540629356Z,20.177203,114.443597,Cloud to Cloud,-15361,3011,7
2026-08-30T04:29:28.010634006Z,20.187606,114.445225,Cloud to Ground,-15269,0,9
2026-08-30T04:29:27.544151976Z,20.173247,114.458572,Cloud to Cloud,-13993,3025,6
2026-08-30T04:29:27.874181323Z,20.16658,114.420159,Cloud to Cloud,-11327,17887,7
2026-08-30T04:29:27.997907060Z,20.233191,114.459455,Cloud to Cloud,-11174,7649,10
2026-08-30T04:29:27.993885006Z,20.238397,114.438425,Cloud to Cloud,7561,3025,7
2026-08-30T04:29:27.536519510Z,20.166113,114.45838,Cloud to Ground,13805,0,14
2026-08-30T04:29:27.533922433Z,20.18018,114.449992,Cloud to Ground,21233,0,7
2026-08-30T04:29:27.570228195Z,20.190161,114.348715,Cloud to Ground,21395,0,7
2026-08-30T04:29:27.784658017Z,17.383238,113.104102,Cloud to Cloud,-28696,3964,13
2026-08-30T04:29:27.781546863Z,17.394922,113.097124,Cloud to Ground,12014,0,8
2026-08-30T04:29:27.675024257Z,18.365028,113.573844,Cloud to Ground,15377,0,11
2026-08-30T04:29:27.982880585Z,18.890157,118.288676,Cloud to Cloud,-6424,4773,8
2026-08-30T04:29:28.709443701Z,18.438439,116.45569,Cloud to Ground,-39095,0,16
2026-08-30T04:29:29.038543312Z,18.452397,116.452659,Cloud to Cloud,-11137,3031,10
2026-08-30T04:29:29.058730000Z,18.4396,116.4484,Cloud to Ground,11101,0,6
2026-08-30T04:29:28.012040274Z,18.983661,118.332966,Cloud to Cloud,15996,3017,9
2026-08-30T04:29:29.336710937Z,4.010566,112.747296,Cloud to Ground,-22473,0,6
2026-08-30T04:29:29.068507042Z,18.309738,116.461133,Cloud to Cloud,-10948,5299,12
2026-08-30T04:29:29.454018783Z,21.700013,112.93513,Cloud to Cloud,-14519,7878,7
2026-08-30T04:29:29.150934271Z,21.710064,112.90215,Cloud to Cloud,-13498,3002,12
2026-08-30T04:29:29.152642688Z,21.687514,112.944843,Cloud to Cloud,10154,6159,10
2026-08-30T04:29:29.149713544Z,21.722059,112.925599,Cloud to Cloud,16808,7580,21
2026-08-30T04:29:31.476299520Z,20.580908,113.855947,Cloud to Cloud,-16263,5408,11
2026-08-30T04:29:31.826618917Z,20.362664,113.753556,Cloud to Ground,-44589,0,17
2026-08-30T04:29:31.181473437Z,20.302522,113.641615,Cloud to Ground,-29539,0,13
2026-08-30T04:29:31.320573540Z,20.296078,113.721111,Cloud to Ground,-12346,0,5
2026-08-30T04:29:31.855951031Z,20.374128,113.749904,Cloud to Ground,-10925,0,6
2026-08-30T04:29:31.230357540Z,20.286443,113.632051,Cloud to Ground,12146,0,11
2026-08-30T04:29:31.398477423Z,20.300093,113.698346,Cloud to Cloud,14388,19170,9
2026-08-30T04:29:31.303118709Z,20.302929,113.747557,Cloud to Ground,58393,0,16
2026-08-30T04:29:32.523273296Z,18.557931,113.780417,Cloud to Cloud,-31232,3388,14
2026-08-30T04:29:33.126680920Z,18.570449,113.679736,Cloud to Ground,-9519,0,7
2026-08-30T04:29:32.866003538Z,18.544484,113.752368,Cloud to Cloud,-8548,6053,10
2026-08-30T04:29:32.729170140Z,18.564107,113.729648,Cloud to Ground,-8217,0,6
2026-08-30T04:29:32.599951284Z,18.568563,113.755621,Cloud to Ground,-7814,0,6
2026-08-30T04:29:32.537131047Z,18.560746,113.771184,Cloud to Ground,-6690,0,6
2026-08-30T04:29:32.519219382Z,18.561253,113.778205,Cloud to Cloud,4936,3000,9
2026-08-30T04:29:32.520714946Z,18.539795,113.69903,Cloud to Ground,17420,0,10
2026-08-30T04:29:32.558527580Z,18.537485,113.783801,Cloud to Cloud,32212,5502,9
2026-08-30T04:29:33.909530810Z,16.093037,130.299098,Cloud to Ground,-32293,0,22
2026-08-30T04:29:33.879143349Z,19.881675,114.716306,Cloud to Cloud,14095,7191,12
2026-08-30T04:29:33.339681365Z,19.614731,114.255315,Cloud to Cloud,-20301,3752,10
2026-08-30T04:29:33.908814527Z,16.111247,130.479114,Cloud to Cloud,-25466,10262,9
2026-08-30T04:29:33.840154493Z,16.089797,130.454847,Cloud to Cloud,-25089,3023,11
2026-08-30T04:29:34.079332000Z,16.0958,130.4156,Cloud to Ground,24027,0,6
2026-08-30T04:29:34.042284897Z,16.105313,130.471542,Cloud to Ground,138145,0,13
2026-08-30T04:29:34.797777819Z,18.455634,116.473736,Cloud to Cloud,8859,16465,7
2026-08-30T04:29:34.989575245Z,18.35598,116.452507,Cloud to Cloud,-8476,3561,10
2026-08-30T04:29:36.356145773Z,18.463213,113.694458,Cloud to Ground,-36833,0,15
2026-08-30T04:29:36.517230647Z,18.472753,113.706106,Cloud to Cloud,-17951,3190,12
2026-08-30T04:29:36.545220410Z,18.469063,113.703944,Cloud to Ground,6971,0,7
2026-08-30T04:29:36.638115474Z,21.744313,112.928974,Cloud to Cloud,-9054,3010,9
2026-08-30T04:29:37.862637123Z,4.540139,113.235985,Cloud to Ground,-9153,0,6
2026-08-30T04:29:37.883864520Z,4.575913,113.277373,Cloud to Ground,148585,0,11
2026-08-30T04:29:38.783174492Z,19.996905,114.297633,Cloud to Cloud,-8536,7968,7
2026-08-30T04:29:38.759871448Z,19.992806,114.287295,Cloud to Ground,15870,0,10
2026-08-30T04:29:38.511596710Z,16.371004,119.890748,Cloud to Cloud,12016,16170,13
2026-08-30T04:29:39.541858166Z,18.473368,116.528906,Cloud to Ground,-14269,0,9
2026-08-30T04:29:39.255852402Z,18.412732,116.610511,Cloud to Cloud,2951,6744,6
2026-08-30T04:29:40.848436768Z,16.925786,131.751937,Cloud to Ground,-10793,0,12
2026-08-30T04:29:40.647999079Z,16.936184,131.730002,Cloud to Ground,13027,0,15
2026-08-30T04:29:40.648835585Z,16.933261,131.72669,Cloud to Ground,22821,0,10
2026-08-30T04:29:41.239751333Z,21.9571,113.245538,Cloud to Cloud,-12738,4196,7
2026-08-30T04:29:41.154187320Z,21.942147,113.226546,Cloud to Cloud,-9513,19866,10
2026-08-30T04:29:41.164191263Z,21.918258,113.265507,Cloud to Cloud,8827,4484,8
2026-08-30T04:29:42.723138504Z,17.76885,125.301629,Cloud to Ground,30019,0,9
2026-08-30T04:29:42.957370154Z,17.91089,125.260442,Cloud to Ground,-23763,0,11
2026-08-30T04:29:42.731709664Z,17.842271,125.205806,Cloud to Cloud,5296,7292,5
2026-08-30T04:29:42.721484485Z,17.845792,125.137627,Cloud to Cloud,12162,4180,9
2026-08-30T04:29:42.733924610Z,17.842534,125.242724,Cloud to Cloud,12676,6309,11
2026-08-30T04:29:42.720946737Z,17.865681,125.257276,Cloud to Ground,25262,0,9
2026-08-30T04:29:42.625004747Z,21.674744,112.810108,Cloud to Cloud,-9142,11442,8
2026-08-30T04:29:43.417002445Z,18.52766,113.824644,Cloud to Cloud,11241,4047,8
2026-08-30T04:29:44.756641307Z,17.687051,113.293615,Cloud to Cloud,14109,4262,10
2026-08-30T04:29:45.171110287Z,19.379842,114.707889,Cloud to Cloud,27582,3008,7
2026-08-30T04:29:45.217970432Z,19.636128,114.569302,Cloud to Cloud,-13410,3100,8
2026-08-30T04:29:45.204762281Z,19.638406,114.566106,Cloud to Cloud,20901,18221,14
2026-08-30T04:29:45.550300300Z,18.477859,116.503199,Cloud to Ground,11665,0,11
2026-08-30T04:29:46.957364202Z,18.525199,116.475164,Cloud to Cloud,4539,5587,5
2026-08-30T04:29:46.245286804Z,18.55789,113.733418,Cloud to Ground,-9064,0,10
2026-08-30T04:29:46.180548343Z,18.561422,113.731912,Cloud to Ground,-8877,0,12
2026-08-30T04:29:47.134721991Z,18.479001,116.130511,Cloud to Cloud,-6835,5849,7
2026-08-30T04:29:46.968299102Z,18.485706,116.178491,Cloud to Ground,11619,0,8
2026-08-30T04:29:48.604878450Z,18.915029,118.305991,Cloud to Ground,-34153,0,7
2026-08-30T04:29:48.457056059Z,18.924932,118.312147,Cloud to Cloud,-27714,17205,12
2026-08-30T04:29:48.605323630Z,18.982561,118.345745,Cloud to Ground,-27397,0,8
2026-08-30T04:29:48.715078817Z,18.926693,118.308097,Cloud to Ground,-16019,0,10
2026-08-30T04:29:48.752636107Z,18.92652,118.309976,Cloud to Ground,-14416,0,8
2026-08-30T04:29:48.811174312Z,18.92839,118.308532,Cloud to Ground,-11805,0,9
2026-08-30T04:29:48.771966929Z,18.926687,118.307638,Cloud to Ground,-8746,0,8
2026-08-30T04:29:48.665565649Z,18.914706,118.282116,Cloud to Cloud,-3167,13695,7
2026-08-30T04:29:48.387458020Z,18.483291,116.481319,Cloud to Cloud,-5538,4803,6
2026-08-30T04:29:48.151674886Z,18.506665,116.488761,Cloud to Cloud,10746,3418,10
2026-08-30T04:29:49.356930093Z,19.654995,115.226759,Cloud to Cloud,-10722,3032,8
2026-08-30T04:29:49.383736121Z,19.600965,114.994656,Cloud to Cloud,-10294,3016,7
2026-08-30T04:29:49.023843512Z,19.586167,114.991006,Cloud to Cloud,-9314,3319,7
2026-08-30T04:29:49.161106974Z,19.614773,114.979999,Cloud to Ground,18362,0,11
2026-08-30T04:29:49.059621000Z,19.8395,114.7745,Cloud to Ground,14191,0,5
2026-08-30T04:29:50.393756113Z,20.17678,114.485811,Cloud to Ground,-8156,0,9
2026-08-30T04:29:51.001777884Z,17.127182,132.19835,Cloud to Ground,-52017,0,14
2026-08-30T04:29:51.221914940Z,17.031425,132.155996,Cloud to Ground,-18455,0,12
2026-08-30T04:29:51.016318457Z,17.109783,132.231106,Cloud to Ground,-15669,0,8
2026-08-30T04:29:51.009786411Z,17.114114,132.225149,Cloud to Ground,-11737,0,9
2026-08-30T04:29:51.606404764Z,17.036812,132.251169,Cloud to Ground,-11591,0,8
2026-08-30T04:29:51.592153237Z,17.036127,132.220178,Cloud to Ground,-11220,0,10
2026-08-30T04:29:51.619929689Z,17.131864,132.252523,Cloud to Ground,21345,0,12
2026-08-30T04:29:50.998771368Z,17.034325,132.262264,Cloud to Ground,29819,0,13
2026-08-30T04:29:51.602019872Z,17.101583,132.262071,Cloud to Ground,58068,0,17
2026-08-30T04:29:51.652088949Z,20.038974,115.285825,Cloud to Ground,-36527,0,14
2026-08-30T04:29:51.983596916Z,20.042595,115.288573,Cloud to Ground,-6290,0,6
2026-08-30T04:29:51.805965000Z,20.0578,115.3042,Cloud to Ground,31949,0,5
2026-08-30T04:29:51.222815706Z,18.362914,116.337213,Cloud to Ground,-15334,0,8
2026-08-30T04:29:52.853772527Z,18.368731,117.239785,Cloud to Cloud,-11831,3689,12
2026-08-30T04:29:52.857459713Z,18.448329,117.281506,Cloud to Ground,37417,0,24
2026-08-30T04:29:52.852934655Z,18.542562,117.305058,Cloud to Ground,28319,0,7
2026-08-30T04:29:52.170694276Z,20.155566,115.272125,Cloud to Cloud,-13190,3038,10
2026-08-30T04:29:52.076795000Z,20.1581,115.2906,Cloud to Ground,-12032,0,5
2026-08-30T04:29:52.218388544Z,20.156477,115.283882,Cloud to Ground,15367,0,10
2026-08-30T04:29:53.133024827Z,18.366611,116.460084,Cloud to Cloud,11950,9420,12
2026-08-30T04:29:55.979177354Z,17.120116,120.458369,Cloud to Ground,8915,0,14
2026-08-30T04:29:58.368139496Z,18.485258,116.481814,Cloud to Cloud,-11901,18052,7
2026-08-30T04:30:00.353595858Z,18.468273,116.502697,Cloud to Ground,24727,0,11
2026-08-30T04:30:00.387562377Z,17.659486,125.231652,Cloud to Ground,-24547,0,7
2026-08-30T04:30:01.722123488Z,18.56237,113.758181,Cloud to Ground,-16128,0,12
2026-08-30T04:30:02.048299327Z,18.561919,113.674094,Cloud to Ground,-15743,0,12
2026-08-30T04:30:01.991805428Z,18.566244,113.725478,Cloud to Cloud,-13182,7901,10
2026-08-30T04:30:01.706931195Z,18.560681,113.75286,Cloud to Cloud,-13062,3728,11
2026-08-30T04:30:01.482781640Z,18.555222,113.731632,Cloud to Cloud,-11535,3090,10
2026-08-30T04:30:02.124970809Z,18.583404,113.705965,Cloud to Cloud,-11517,3026,10
2026-08-30T04:30:01.764115437Z,18.61173,113.622829,Cloud to Ground,-10533,0,8
2026-08-30T04:30:01.709618073Z,18.558769,113.742665,Cloud to Cloud,-10137,18255,6
2026-08-30T04:30:02.153698769Z,18.568649,113.757693,Cloud to Cloud,-7259,4903,8
2026-08-30T04:30:01.733861488Z,18.559117,113.6971,Cloud to Cloud,7081,19408,5
2026-08-30T04:30:01.350812437Z,18.989271,118.417678,Cloud to Ground,-22633,0,9
2026-08-30T04:30:01.228894470Z,18.992013,118.418829,Cloud to Ground,-21651,0,14
2026-08-30T04:30:01.410527000Z,18.9876,118.4008,Cloud to Ground,12486,0,5
2026-08-30T04:30:01.290874638Z,18.496083,116.489083,Cloud to Ground,14651,0,9
2026-08-30T04:30:03.474627000Z,16.0509,130.0241,Cloud to Ground,-8496,0,5
2026-08-30T04:30:03.471577780Z,16.051389,129.989902,Cloud to Cloud,-7197,17024,11
2026-08-30T04:30:03.468584149Z,16.046065,130.074229,Cloud to Cloud,-6451,17903,8
2026-08-30T04:30:03.470529087Z,16.04764,130.077832,Cloud to Cloud,5522,3216,9
2026-08-30T04:30:03.275635814Z,18.092052,113.448275,Cloud to Cloud,-22825,3296,16
2026-08-30T04:30:03.278160581Z,18.071198,113.456816,Cloud to Ground,-16116,0,11
2026-08-30T04:30:03.592903857Z,18.071289,113.493091,Cloud to Cloud,-14551,4149,12
2026-08-30T04:30:03.276803196Z,18.074644,113.466318,Cloud to Cloud,-12977,4140,10
2026-08-30T04:30:03.281245805Z,18.094149,113.454906,Cloud to Cloud,-10855,3120,8
2026-08-30T04:30:03.274796218Z,18.075281,113.446304,Cloud to Ground,13665,0,7
2026-08-30T04:30:03.274027506Z,18.089993,113.454547,Cloud to Ground,28592,0,14
2026-08-30T04:30:03.159552366Z,22.022055,113.319655,Cloud to Cloud,-11507,4540,6
2026-08-30T04:30:03.133636515Z,22.015179,113.322694,Cloud to Cloud,-10960,7891,10
2026-08-30T04:30:03.198576274Z,21.994227,113.16603,Cloud to Cloud,-5752,3048,7
2026-08-30T04:30:05.049560170Z,20.020537,115.111438,Cloud to Cloud,16376,4119,11
2026-08-30T04:30:05.131340584Z,20.048789,115.114157,Cloud to Ground,47381,0,15
2026-08-30T04:30:05.215807762Z,22.900468,113.10598,Cloud to Cloud,-16363,3372,6
2026-08-30T04:30:05.337353955Z,18.922276,114.410381,Cloud to Cloud,-20631,3950,12
2026-08-30T04:30:06.561290393Z,3.097984,112.808451,Cloud to Ground,21499,0,6
2026-08-30T04:30:06.643334006Z,18.28893,113.550378,Cloud to Cloud,11372,7619,7
2026-08-30T04:30:06.902499574Z,18.371985,116.347713,Cloud to Ground,-13413,0,10
2026-08-30T04:30:07.237814451Z,18.199911,113.400796,Cloud to Cloud,6779,11088,8
2026-08-30T04:30:07.218511711Z,18.204141,113.469872,Cloud to Cloud,9868,3021,8
2026-08-30T04:30:07.118707694Z,20.199318,114.430773,Cloud to Cloud,-13320,3001,12
2026-08-30T04:30:07.053255489Z,20.184536,114.440994,Cloud to Ground,22836,0,8
2026-08-30T04:30:08.885416764Z,16.68124,131.339448,Cloud to Ground,-20114,0,15
2026-08-30T04:30:08.886119669Z,16.70354,131.346789,Cloud to Ground,27118,0,13
2026-08-30T04:30:08.854317332Z,16.696208,131.354554,Cloud to Ground,37638,0,16
2026-08-30T04:30:08.244630264Z,16.708617,127.901135,Cloud to Ground,-54174,0,11
2026-08-30T04:30:08.258209284Z,16.726752,127.914586,Cloud to Ground,-25944,0,10
2026-08-30T04:30:08.324517819Z,16.77107,127.916325,Cloud to Cloud,-21285,15357,14
2026-08-30T04:30:08.268612253Z,16.741079,127.891868,Cloud to Ground,-19121,0,12
2026-08-30T04:30:08.318132486Z,16.776971,127.899707,Cloud to Cloud,17781,3893,15
2026-08-30T04:30:08.321854200Z,16.757947,127.721414,Cloud to Ground,-15344,0,8
2026-08-30T04:30:08.334605556Z,16.771974,127.788967,Cloud to Ground,-11420,0,10
2026-08-30T04:30:11.385575514Z,20.437984,113.561385,Cloud to Cloud,-9028,3017,8
2026-08-30T04:30:11.418861258Z,20.317679,113.618223,Cloud to Ground,-25013,0,12
2026-08-30T04:30:11.474138320Z,20.341063,113.596825,Cloud to Cloud,-9902,3864,10
2026-08-30T04:30:11.909054450Z,20.307698,113.608716,Cloud to Ground,27549,0,9
2026-08-30T04:30:11.331176120Z,21.992092,113.221264,Cloud to Cloud,-12710,3246,7
2026-08-30T04:30:11.398728690Z,21.960638,113.204168,Cloud to Cloud,-10075,15559,6
2026-08-30T04:30:12.514747116Z,18.494798,116.475226,Cloud to Cloud,5748,19832,7
2026-08-30T04:30:12.819826040Z,19.511183,114.728748,Cloud to Cloud,-10239,3067,7
2026-08-30T04:30:12.832887084Z,19.511606,114.734921,Cloud to Cloud,9525,3002,6
2026-08-30T04:30:13.584927616Z,16.895879,127.255348,Cloud to Ground,-26698,0,20
2026-08-30T04:30:13.652736470Z,16.832402,127.324421,Cloud to Ground,-22889,0,10
2026-08-30T04:30:14.767444310Z,17.574945,113.030039,Cloud to Cloud,-11086,3588,6
2026-08-30T04:30:14.324126000Z,19.7919,115.1733,Cloud to Ground,-29925,0,9
2026-08-30T04:30:14.184310319Z,19.748322,115.183523,Cloud to Cloud,-9885,6773,9
2026-08-30T04:30:14.108553265Z,19.770796,115.165505,Cloud to Ground,12179,0,9
2026-08-30T04:30:14.138785383Z,19.726301,115.167564,Cloud to Ground,24463,0,10
2026-08-30T04:30:13.842712093Z,18.503216,116.525799,Cloud to Cloud,-18838,3004,14
2026-08-30T04:30:13.865862813Z,18.501189,116.510625,Cloud to Ground,-8505,0,6
2026-08-30T04:30:13.966473329Z,18.506583,116.525503,Cloud to Ground,-7020,0,7
2026-08-30T04:30:14.031608172Z,18.511041,116.495536,Cloud to Ground,15245,0,9
2026-08-30T04:30:13.911379000Z,18.5249,116.5128,Cloud to Ground,40778,0,5
2026-08-30T04:30:15.241425919Z,18.475987,116.47028,Cloud to Cloud,-17471,8067,7
2026-08-30T04:30:15.248079375Z,18.448842,116.447215,Cloud to Ground,-11357,0,8
2026-08-30T04:30:15.282121579Z,18.451802,116.455072,Cloud to Ground,17618,0,12
2026-08-30T04:30:15.265777336Z,18.434889,116.448804,Cloud to Ground,21441,0,8
2026-08-30T04:30:15.537732000Z,20.2474,114.0728,Cloud to Ground,-22856,0,7
2026-08-30T04:30:15.535539541Z,20.202059,114.075543,Cloud to Ground,-17025,0,13
2026-08-30T04:30:15.568611167Z,20.247281,114.085363,Cloud to Ground,-11577,0,8
2026-08-30T04:30:15.325342080Z,20.247996,114.087652,Cloud to Ground,23074,0,10
2026-08-30T04:30:15.324885342Z,20.262685,114.079761,Cloud to Ground,70774,0,19
2026-08-30T04:30:15.060705255Z,17.500845,113.224496,Cloud to Ground,-42026,0,15
2026-08-30T04:30:14.588699107Z,17.474985,113.184328,Cloud to Cloud,-15987,3060,12
2026-08-30T04:30:14.446841166Z,17.468571,113.134236,Cloud to Ground,-9852,0,6
2026-08-30T04:30:14.441189537Z,17.470251,113.143212,Cloud to Ground,-8320,0,9
2026-08-30T04:30:14.437103593Z,17.45744,113.065195,Cloud to Cloud,9426,3010,7
2026-08-30T04:30:15.101449096Z,17.504254,113.118977,Cloud to Ground,17042,0,8
2026-08-30T04:30:15.493815175Z,14.98672,121.15713,Cloud to Cloud,13832,19939,12
2026-08-30T04:30:16.123160368Z,20.335991,113.88082,Cloud to Cloud,10414,3014,8
2026-08-30T04:30:15.539248468Z,20.342611,113.951546,Cloud to Cloud,11292,3031,8
2026-08-30T04:30:16.063871323Z,20.38396,113.934583,Cloud to Ground,51735,0,10
2026-08-30T04:30:16.759767552Z,18.417153,113.71415,Cloud to Ground,-13819,0,10
2026-08-30T04:30:16.769787933Z,18.377929,113.744206,Cloud to Ground,9410,0,10
2026-08-30T04:30:16.756384942Z,18.388516,113.724123,Cloud to Cloud,15969,12465,13
2026-08-30T04:30:17.853614571Z,19.719924,118.530802,Cloud to Cloud,-6985,18278,7
2026-08-30T04:30:17.881839781Z,18.946819,118.344525,Cloud to Ground,-31150,0,11
2026-08-30T04:30:18.153339047Z,18.943141,118.342318,Cloud to Ground,-16516,0,11
2026-08-30T04:30:17.946414571Z,18.940204,118.336644,Cloud to Ground,-8633,0,6
2026-08-30T04:30:18.296752210Z,18.935607,118.326152,Cloud to Cloud,-5320,3002,7
2026-08-30T04:30:17.926224000Z,18.9367,118.3489,Cloud to Ground,16371,0,5
2026-08-30T04:30:17.163315777Z,18.522836,113.86412,Cloud to Cloud,13195,5475,9
2026-08-30T04:30:18.545304454Z,16.830336,127.687928,Cloud to Ground,-46205,0,17
2026-08-30T04:30:17.644999924Z,18.467857,116.505681,Cloud to Cloud,10435,18200,8
2026-08-30T04:30:18.165978039Z,18.473384,116.48084,Cloud to Ground,18488,0,13
2026-08-30T04:30:18.813220000Z,4.5333,113.2047,Cloud to Ground,22137,0,5
2026-08-30T04:30:21.173675021Z,18.411909,116.413754,Cloud to Cloud,-5806,9748,7
2026-08-30T04:30:20.904039641Z,18.449579,116.489296,Cloud to Ground,14152,0,13
2026-08-30T04:30:21.277466912Z,19.369378,115.057307,Cloud to Cloud,-9309,18818,8
2026-08-30T04:30:21.881177056Z,19.342159,115.027779,Cloud to Cloud,-5890,7664,7
2026-08-30T04:30:21.768923951Z,19.37063,115.039995,Cloud to Cloud,4992,6781,5
2026-08-30T04:30:22.184381484Z,18.451333,116.486023,Cloud to Cloud,4476,11674,6
2026-08-30T04:30:24.752352685Z,19.069566,118.429495,Cloud to Cloud,-8236,16544,7
2026-08-30T04:30:24.537920294Z,19.056191,118.442799,Cloud to Cloud,3862,3068,6
2026-08-30T04:30:24.482194232Z,18.472412,116.482279,Cloud to Cloud,8524,19625,10
2026-08-30T04:30:24.557686669Z,18.477591,116.49181,Cloud to Ground,19780,0,14
2026-08-30T04:30:24.233353197Z,19.988373,114.361235,Cloud to Cloud,-11028,13942,10
2026-08-30T04:30:24.266777516Z,19.979555,114.318828,Cloud to Cloud,-10248,3003,7
2026-08-30T04:30:24.312582089Z,20.03063,114.244498,Cloud to Cloud,-8881,14215,7
2026-08-30T04:30:25.762770491Z,21.925593,113.194159,Cloud to Ground,18861,0,18
2026-08-30T04:30:25.948832313Z,18.373962,116.558435,Cloud to Cloud,-6081,3019,8
2026-08-30T04:30:25.342868483Z,18.480995,116.45465,Cloud to Cloud,-3649,3057,5
2026-08-30T04:30:26.646512251Z,19.163975,115.934655,Cloud to Ground,-45994,0,15
2026-08-30T04:30:26.980907086Z,19.162876,115.935191,Cloud to Ground,-22366,0,13
2026-08-30T04:30:26.663485347Z,19.145403,115.893864,Cloud to Cloud,-10188,5556,8
2026-08-30T04:30:26.607126115Z,17.903508,113.404166,Cloud to Cloud,-9128,13916,7
2026-08-30T04:30:26.291491572Z,17.867401,113.470466,Cloud to Cloud,-7419,17679,6
2026-08-30T04:30:26.529809918Z,17.854232,113.364968,Cloud to Cloud,13779,4878,7
2026-08-30T04:30:26.264732362Z,18.475435,116.504634,Cloud to Ground,-10465,0,9
2026-08-30T04:30:26.265318662Z,18.467091,116.536051,Cloud to Ground,-9952,0,10
2026-08-30T04:30:26.533520966Z,18.485756,116.530669,Cloud to Ground,-6636,0,7
2026-08-30T04:30:26.570063825Z,18.482306,116.526531,Cloud to Cloud,-5625,3046,6
2026-08-30T04:30:26.776049941Z,21.967759,113.225317,Cloud to Ground,-13611,0,6
2026-08-30T04:30:26.723543595Z,21.940329,113.232006,Cloud to Cloud,11508,7761,7
2026-08-30T04:30:27.704018137Z,19.636312,114.589457,Cloud to Ground,-20066,0,15
2026-08-30T04:30:27.301632911Z,21.767598,112.382232,Cloud to Cloud,-30793,3047,12
2026-08-30T04:30:27.299052167Z,21.741116,112.298361,Cloud to Cloud,19772,6703,15
2026-08-30T04:30:29.378067196Z,18.595048,119.788838,Cloud to Ground,28532,0,11
2026-08-30T04:30:29.750620006Z,18.554575,117.28937,Cloud to Cloud,-13975,17251,8
2026-08-30T04:30:32.173643782Z,4.563139,113.247051,Cloud to Ground,-13085,0,7
2026-08-30T04:30:32.013514328Z,20.193991,114.437831,Cloud to Cloud,-12411,3036,8
2026-08-30T04:30:32.029020526Z,20.193888,114.461322,Cloud to Cloud,-10755,4482,10
2026-08-30T04:30:31.916401867Z,20.163349,114.477419,Cloud to Cloud,-9639,6272,12
2026-08-30T04:30:31.858680748Z,20.182081,114.463922,Cloud to Cloud,8684,3003,6
2026-08-30T04:30:31.856036416Z,20.27325,114.395071,Cloud to Cloud,10135,3004,9
2026-08-30T04:30:32.263094786Z,20.183784,114.470507,Cloud to Cloud,14575,3026,8
2026-08-30T04:30:32.242037842Z,20.222541,114.428164,Cloud to Ground,16453,0,10
2026-08-30T04:30:31.894422034Z,20.176068,114.477986,Cloud to Cloud,36512,5707,8
2026-08-30T04:30:32.259306515Z,20.199873,114.324432,Cloud to Cloud,-8763,3004,8
2026-08-30T04:30:32.211634808Z,22.271782,113.347955,Cloud to Cloud,-6485,16480,6
2026-08-30T04:30:33.196186407Z,18.476179,116.490215,Cloud to Cloud,5521,3122,6
2026-08-30T04:30:33.511084902Z,18.417118,113.613891,Cloud to Ground,17499,0,12
2026-08-30T04:30:33.420878282Z,18.619369,113.877878,Cloud to Cloud,-12506,3018,7
2026-08-30T04:30:33.110628310Z,18.566512,113.682148,Cloud to Cloud,6266,3564,6
2026-08-30T04:30:33.186654895Z,18.487763,113.700951,Cloud to Ground,29432,0,15
2026-08-30T04:30:35.855343217Z,18.455876,116.499023,Cloud to Ground,23785,0,13
2026-08-30T04:30:35.074252238Z,18.555964,116.51265,Cloud to Cloud,8246,17888,6
2026-08-30T04:30:35.256020180Z,19.934516,114.292564,Cloud to Cloud,9711,4365,10
2026-08-30T04:30:35.353228737Z,15.410255,120.108719,Cloud to Ground,-27325,0,12
2026-08-30T04:30:35.416128701Z,15.410582,120.10534,Cloud to Ground,-10853,0,8
2026-08-30T04:30:35.932752000Z,20.1617,114.8873,Cloud to Ground,-18782,0,5
2026-08-30T04:30:36.243510067Z,20.079314,114.777413,Cloud to Cloud,-16416,13779,10
2026-08-30T04:30:36.118989654Z,20.06124,114.812258,Cloud to Ground,-15884,0,8
2026-08-30T04:30:36.146156960Z,20.080506,114.78435,Cloud to Cloud,-13171,6376,7
2026-08-30T04:30:36.156531140Z,20.090949,114.779218,Cloud to Cloud,-10798,7798,10
2026-08-30T04:30:35.930872427Z,20.120268,114.78878,Cloud to Ground,13735,0,10
2026-08-30T04:30:35.938877072Z,20.096425,114.789242,Cloud to Cloud,19048,7818,8
2026-08-30T04:30:36.117761760Z,20.133232,114.85477,Cloud to Ground,20257,0,9
2026-08-30T04:30:37.435437721Z,18.435502,117.403293,Cloud to Ground,18675,0,7
2026-08-30T04:30:38.407580940Z,18.703108,118.178083,Cloud to Ground,22667,0,8
2026-08-30T04:30:39.589651053Z,17.672988,125.31428,Cloud to Ground,-24433,0,13
2026-08-30T04:30:39.947985448Z,18.543366,116.572456,Cloud to Cloud,4969,14556,7
2026-08-30T04:30:40.475255562Z,18.56101,113.898454,Cloud to Cloud,-22077,3027,15
2026-08-30T04:30:40.492816105Z,18.552163,113.904185,Cloud to Cloud,8806,4404,5
2026-08-30T04:30:40.646934394Z,18.540799,113.898566,Cloud to Cloud,11622,3026,9
2026-08-30T04:30:42.195412708Z,4.53979,113.250316,Cloud to Ground,-11276,0,7
2026-08-30T04:30:43.860402639Z,16.044477,129.718083,Cloud to Cloud,-11095,7901,12
2026-08-30T04:30:43.861334933Z,16.04061,129.73314,Cloud to Ground,11836,0,10
2026-08-30T04:30:43.929689437Z,16.471479,120.507708,Cloud to Ground,-15300,0,13
2026-08-30T04:30:44.580647191Z,19.432832,114.8516,Cloud to Cloud,-20412,5704,10
2026-08-30T04:30:44.638116729Z,15.000319,121.143431,Cloud to Cloud,4279,15934,6
2026-08-30T04:30:44.518721541Z,15.04795,121.13268,Cloud to Ground,23157,0,11
2026-08-30T04:30:45.524788263Z,18.474151,116.480411,Cloud to Ground,15573,0,10
2026-08-30T04:30:45.057768736Z,14.597967,121.881131,Cloud to Cloud,3257,17743,6
2026-08-30T04:30:45.331234631Z,14.767448,121.685715,Cloud to Cloud,-7921,4879,8
2026-08-30T04:30:47.178258266Z,18.396424,113.737067,Cloud to Cloud,-33599,6807,14
2026-08-30T04:30:46.681254732Z,18.413912,113.700241,Cloud to Ground,-30524,0,13
2026-08-30T04:30:47.279165174Z,18.393353,113.738546,Cloud to Ground,-27488,0,12
2026-08-30T04:30:47.082767086Z,18.39532,113.739073,Cloud to Ground,-26299,0,12
2026-08-30T04:30:46.737616527Z,18.399626,113.72831,Cloud to Cloud,-18546,5512,11
2026-08-30T04:30:47.566885711Z,18.399572,113.730323,Cloud to Ground,-18114,0,11
2026-08-30T04:30:47.183233114Z,18.387074,113.616145,Cloud to Ground,-10073,0,7
2026-08-30T04:30:46.992146595Z,18.3784,113.671695,Cloud to Ground,-9651,0,5
2026-08-30T04:30:47.333427939Z,18.396599,113.733197,Cloud to Ground,-8623,0,9
2026-08-30T04:30:47.921330290Z,18.406341,113.724786,Cloud to Ground,-7701,0,8
2026-08-30T04:30:47.364050934Z,18.405171,113.673959,Cloud to Cloud,10487,3058,7
2026-08-30T04:30:46.932547313Z,18.377722,113.591873,Cloud to Ground,25374,0,8
2026-08-30T04:30:46.843610516Z,18.405922,113.735649,Cloud to Ground,46939,0,17
2026-08-30T04:30:46.894329674Z,18.478304,116.481088,Cloud to Cloud,4842,16842,5
2026-08-30T04:30:47.345302276Z,18.502842,113.607488,Cloud to Cloud,-9195,3164,7
2026-08-30T04:30:48.557206257Z,17.323598,113.01859,Cloud to Ground,16764,0,9
2026-08-30T04:30:50.709113111Z,18.971385,118.409216,Cloud to Cloud,11070,5931,6
2026-08-30T04:30:50.450848111Z,19.364087,114.217041,Cloud to Ground,30158,0,19
2026-08-30T04:30:50.126995200Z,18.493701,116.489426,Cloud to Cloud,-6748,17881,7
2026-08-30T04:30:51.137827015Z,18.383812,116.486123,Cloud to Cloud,-49578,4656,14
2026-08-30T04:30:51.299502599Z,18.387582,116.486128,Cloud to Ground,-34572,0,11
2026-08-30T04:30:51.220329267Z,18.385796,116.491858,Cloud to Cloud,-29747,3050,14
2026-08-30T04:30:51.172557935Z,18.39844,116.472441,Cloud to Ground,-13923,0,8
2026-08-30T04:30:51.173031000Z,18.3834,116.4257,Cloud to Ground,33343,0,5
2026-08-30T04:30:51.443213560Z,20.351312,113.738755,Cloud to Cloud,-20637,7376,7
2026-08-30T04:30:51.525009477Z,20.275008,113.5176,Cloud to Cloud,-14012,5669,10
2026-08-30T04:30:51.678070000Z,20.2907,113.5813,Cloud to Ground,42540,0,10
2026-08-30T04:30:52.831982616Z,16.92984,131.393889,Cloud to Ground,-134466,0,17
2026-08-30T04:30:52.833200154Z,16.875033,131.347073,Cloud to Ground,-45920,0,14
2026-08-30T04:30:52.832394897Z,16.918449,131.375562,Cloud to Ground,-25816,0,7
2026-08-30T04:30:52.812635182Z,16.966239,131.26503,Cloud to Ground,-14042,0,8
2026-08-30T04:30:53.076736903Z,16.934528,131.203041,Cloud to Cloud,-10310,6421,10
2026-08-30T04:30:52.489161328Z,17.021171,131.271027,Cloud to Ground,38176,0,23
2026-08-30T04:30:53.260057933Z,4.510408,113.250332,Cloud to Ground,-13908,0,6
2026-08-30T04:30:53.838684776Z,20.403094,113.659968,Cloud to Cloud,18327,3645,7
2026-08-30T04:30:53.757031948Z,20.265439,113.631046,Cloud to Cloud,8086,4463,8
2026-08-30T04:30:53.752009195Z,20.273348,113.752335,Cloud to Cloud,-16414,3085,8
2026-08-30T04:30:53.975676449Z,20.316788,113.781857,Cloud to Cloud,6662,7857,9
2026-08-30T04:30:53.748384962Z,20.278492,113.754529,Cloud to Ground,48386,0,9
2026-08-30T04:30:54.328777286Z,18.499329,116.485007,Cloud to Cloud,4818,3790,7
2026-08-30T04:30:55.036837589Z,21.944933,113.06672,Cloud to Cloud,-12658,4463,7
2026-08-30T04:30:55.354082075Z,22.030389,113.240604,Cloud to Cloud,-8427,3011,9
2026-08-30T04:30:55.244764298Z,22.000919,113.279205,Cloud to Cloud,5941,19948,8
2026-08-30T04:30:55.001607169Z,22.018057,113.170749,Cloud to Cloud,7695,3037,14
2026-08-30T04:30:56.004077225Z,18.46619,116.515388,Cloud to Cloud,5042,7494,7
2026-08-30T04:30:57.665662184Z,19.876386,114.57665,Cloud to Ground,47503,0,12
2026-08-30T04:30:58.734067783Z,18.43944,113.714555,Cloud to Ground,15408,0,11
2026-08-30T04:30:58.141996000Z,19.669403,114.966114,Cloud to Cloud,8909,9446,7
2026-08-30T04:30:58.143124000Z,19.6047,114.9795,Cloud to Ground,33542,0,6
2026-08-30T04:30:59.522526644Z,18.460823,116.49864,Cloud to Ground,22412,0,11
2026-08-30T04:31:00.183987137Z,17.527352,113.14816,Cloud to Cloud,-19536,3043,8
2026-08-30T04:31:00.244086166Z,17.529631,113.053409,Cloud to Cloud,-9734,3117,8
2026-08-30T04:31:00.223972301Z,17.530118,113.059629,Cloud to Cloud,-9601,18640,8
2026-08-30T04:31:00.248270640Z,17.582815,113.196941,Cloud to Cloud,-8166,3069,9
2026-08-30T04:30:59.891067829Z,17.377252,113.018119,Cloud to Cloud,-7485,3107,8
2026-08-30T04:30:59.784793310Z,17.442799,113.108095,Cloud to Cloud,-6901,4389,7
2026-08-30T04:31:00.211433644Z,17.466212,113.048771,Cloud to Cloud,-5651,3259,6
2026-08-30T04:30:59.788132740Z,17.428645,113.025797,Cloud to Cloud,13840,3004,9
2026-08-30T04:31:00.463283504Z,18.474911,116.482739,Cloud to Cloud,14154,18755,10
2026-08-30T04:31:01.545341807Z,22.902849,113.062146,Cloud to Cloud,-7340,5756,7
2026-08-30T04:31:02.317109537Z,3.084933,112.772172,Cloud to Ground,-19945,0,6
2026-08-30T04:31:02.318387910Z,3.06736,112.76836,Cloud to Ground,-11432,0,7
2026-08-30T04:31:02.203365056Z,18.5181,116.522677,Cloud to Ground,-17097,0,11
2026-08-30T04:31:02.442061361Z,18.521602,116.528844,Cloud to Ground,-9436,0,9
2026-08-30T04:31:02.428201754Z,18.520596,116.526995,Cloud to Ground,-8251,0,8
2026-08-30T04:31:04.583691572Z,20.291873,114.141072,Cloud to Ground,-13131,0,7
2026-08-30T04:31:04.701467905Z,18.517214,116.139217,Cloud to Ground,21789,0,7
2026-08-30T04:31:05.984206923Z,18.46614,116.487383,Cloud to Cloud,-11198,19572,6
2026-08-30T04:31:06.329679641Z,16.100537,130.597917,Cloud to Cloud,-6855,13291,7
2026-08-30T04:31:07.999473876Z,17.74274,128.552406,Cloud to Cloud,-10965,7556,7
2026-08-30T04:31:07.994372373Z,17.73484,128.539047,Cloud to Cloud,18256,7841,12
2026-08-30T04:31:07.987487932Z,17.728738,128.511759,Cloud to Ground,24036,0,9
2026-08-30T04:31:07.985143422Z,17.736381,128.545218,Cloud to Ground,38901,0,14
2026-08-30T04:31:07.986133224Z,17.735265,128.541751,Cloud to Ground,102665,0,13
2026-08-30T04:31:07.932532148Z,20.143995,114.433771,Cloud to Cloud,-12044,4828,8
2026-08-30T04:31:07.194840544Z,20.015873,114.354861,Cloud to Cloud,9853,7137,6
2026-08-30T04:31:07.047865664Z,19.999395,114.333057,Cloud to Ground,20976,0,7
2026-08-30T04:31:07.485984841Z,20.279962,114.406372,Cloud to Cloud,23535,3530,7
2026-08-30T04:31:08.743063307Z,4.529032,113.232327,Cloud to Ground,10092,0,7
2026-08-30T04:31:09.799661835Z,16.823591,127.666995,Cloud to Cloud,12686,4477,10
2026-08-30T04:31:09.769696634Z,16.813371,127.643149,Cloud to Ground,13154,0,9
2026-08-30T04:31:09.043967313Z,18.864091,118.338242,Cloud to Cloud,6435,19600,8
2026-08-30T04:31:09.038078746Z,18.862082,118.345543,Cloud to Cloud,17718,3286,14
2026-08-30T04:31:09.358918045Z,20.458948,113.447107,Cloud to Cloud,9992,3168,7
2026-08-30T04:31:08.844264761Z,20.27812,113.697791,Cloud to Cloud,-17274,12265,6
2026-08-30T04:31:08.733486635Z,20.302911,113.647364,Cloud to Cloud,-17136,3000,13
2026-08-30T04:31:08.847022041Z,20.303154,113.693884,Cloud to Cloud,-15692,15556,8
2026-08-30T04:31:09.028598300Z,20.32644,113.664753,Cloud to Ground,-14088,0,9
2026-08-30T04:31:08.835444644Z,20.293284,113.734968,Cloud to Cloud,-12909,4306,10
2026-08-30T04:31:08.841309605Z,20.279192,113.680855,Cloud to Ground,-10313,0,7
2026-08-30T04:31:08.811084530Z,20.304413,113.649827,Cloud to Ground,-7510,0,6
2026-08-30T04:31:09.282500845Z,20.343601,113.604383,Cloud to Cloud,9410,3018,10
2026-08-30T04:31:09.277770023Z,20.327917,113.741631,Cloud to Cloud,12016,3018,11
2026-08-30T04:31:09.762851771Z,22.197912,113.416073,Cloud to Ground,-5320,0,6
2026-08-30T04:31:10.672208559Z,19.637949,114.222802,Cloud to Cloud,-9025,3005,11
2026-08-30T04:31:10.717422189Z,19.625316,114.25182,Cloud to Cloud,7027,14050,7
2026-08-30T04:31:11.944199316Z,14.808087,120.853845,Cloud to Cloud,7673,15149,13
2026-08-30T04:31:11.957124738Z,15.328188,120.526582,Cloud to Ground,16206,0,11
2026-08-30T04:31:12.531259894Z,16.820066,127.291281,Cloud to Ground,-33188,0,15
2026-08-30T04:31:12.563942835Z,16.822842,127.298852,Cloud to Ground,-19391,0,12
2026-08-30T04:31:12.632189017Z,16.846894,127.180075,Cloud to Ground,-17047,0,21
2026-08-30T04:31:13.641882782Z,20.181494,113.640334,Cloud to Cloud,-11446,3038,9
2026-08-30T04:31:14.171641143Z,20.003799,115.278853,Cloud to Cloud,-11064,15193,10
2026-08-30T04:31:13.830641703Z,20.040598,115.295359,Cloud to Cloud,-7642,3036,8
2026-08-30T04:31:13.827958763Z,20.145423,115.304535,Cloud to Cloud,8589,15906,7
2026-08-30T04:31:14.351479133Z,20.169139,115.331867,Cloud to Cloud,9766,6884,8
2026-08-30T04:31:13.833426839Z,20.0059,115.300976,Cloud to Cloud,13482,17810,9
2026-08-30T04:31:14.270280652Z,20.120959,115.335315,Cloud to Cloud,16312,3526,13
2026-08-30T04:31:13.828977779Z,20.05613,115.308623,Cloud to Ground,34804,0,14
2026-08-30T04:31:14.517869752Z,18.482411,116.480858,Cloud to Cloud,9566,4458,8
2026-08-30T04:31:14.790940188Z,18.503678,116.495378,Cloud to Ground,38564,0,11
2026-08-30T04:31:14.195465012Z,19.34642,115.048061,Cloud to Cloud,-12781,3028,8
2026-08-30T04:31:14.166830279Z,20.069149,115.195938,Cloud to Ground,-8533,0,7
2026-08-30T04:31:14.183472597Z,15.041816,121.136587,Cloud to Ground,18658,0,9
2026-08-30T04:31:15.718797198Z,4.523803,113.251357,Cloud to Ground,-14454,0,8
2026-08-30T04:31:15.840591208Z,4.540626,113.256173,Cloud to Ground,-10831,0,6
2026-08-30T04:31:15.887498007Z,4.551789,113.256368,Cloud to Ground,8446,0,6
2026-08-30T04:31:15.606496414Z,22.092775,113.279472,Cloud to Ground,21975,0,10
2026-08-30T04:31:30.679362676Z,19.185102,116.212294,Cloud to Ground,26047,0,13
2026-08-30T04:31:30.614338185Z,18.582154,113.916944,Cloud to Cloud,-15239,3032,16
2026-08-30T04:31:30.649758454Z,18.576208,113.916687,Cloud to Cloud,27407,7564,8
2026-08-30T04:31:31.542648413Z,18.658139,119.275401,Cloud to Ground,-19429,0,13
2026-08-30T04:31:31.624202896Z,18.657251,119.276242,Cloud to Ground,-17269,0,15
2026-08-30T04:31:31.223984726Z,18.479918,113.716511,Cloud to Ground,-11010,0,8
2026-08-30T04:31:32.487534147Z,18.483677,116.462943,Cloud to Ground,17314,0,11
2026-08-30T04:31:34.346113621Z,20.31569,113.763953,Cloud to Ground,-19697,0,8
2026-08-30T04:31:34.572208039Z,20.318086,113.760171,Cloud to Cloud,-15766,15030,12
2026-08-30T04:31:34.526608566Z,20.318757,113.757985,Cloud to Cloud,-13326,3205,8
2026-08-30T04:31:34.379401878Z,20.286581,113.764936,Cloud to Cloud,15417,9506,9
2026-08-30T04:31:34.010458346Z,18.915021,118.344164,Cloud to Ground,-34983,0,13
2026-08-30T04:31:33.908790000Z,18.9353,118.2941,Cloud to Ground,33359,0,5
2026-08-30T04:31:34.908330174Z,18.700193,114.372687,Cloud to Cloud,-11491,3023,12
2026-08-30T04:31:34.782700162Z,18.776627,118.246839,Cloud to Cloud,9614,5745,6
2026-08-30T04:31:45.688643298Z,18.833058,116.121726,Cloud to Cloud,11654,5056,8
2026-08-30T04:31:45.664091294Z,18.9119,116.130014,Cloud to Cloud,15326,16307,8
2026-08-30T04:31:45.752086679Z,18.847014,116.139674,Cloud to Ground,60836,0,14
2026-08-30T04:31:45.193117615Z,19.993854,114.502731,Cloud to Ground,35774,0,13
2026-08-30T04:31:45.513185225Z,20.248913,113.630186,Cloud to Ground,-38238,0,11
2026-08-30T04:31:45.766151969Z,20.317532,113.611597,Cloud to Cloud,9302,4009,7
2026-08-30T04:31:45.786982273Z,20.282069,113.622009,Cloud to Cloud,11129,3004,6
2026-08-30T04:31:45.510480562Z,20.222597,113.565906,Cloud to Ground,14423,0,8
2026-08-30T04:31:46.135014070Z,19.363149,115.059802,Cloud to Ground,-9547,0,7
2026-08-30T04:31:46.174659522Z,18.469427,116.499905,Cloud to Ground,22863,0,12
2026-08-30T04:31:48.684353818Z,17.127032,131.373598,Cloud to Ground,-14726,0,12
2026-08-30T04:31:48.680747324Z,17.126157,131.520903,Cloud to Ground,-23944,0,14
2026-08-30T04:31:48.708847527Z,17.148597,131.519797,Cloud to Ground,-15227,0,8
2026-08-30T04:31:48.725817010Z,17.135443,131.546352,Cloud to Ground,-13248,0,11
2026-08-30T04:31:48.524118593Z,20.097024,114.799916,Cloud to Cloud,-12103,3117,10
2026-08-30T04:31:48.522506741Z,20.092893,114.796435,Cloud to Cloud,-10973,3073,7
2026-08-30T04:31:48.616193984Z,20.169519,114.802135,Cloud to Cloud,10417,16352,9
2026-08-30T04:31:48.760664832Z,20.051857,114.775683,Cloud to Ground,28411,0,12
2026-08-30T04:31:48.517782489Z,20.123287,114.810554,Cloud to Ground,30272,0,16
2026-08-30T04:31:48.519309217Z,20.13225,114.810761,Cloud to Cloud,33193,3021,12
2026-08-30T04:31:48.909880317Z,22.014926,113.323683,Cloud to Ground,-9861,0,6
2026-08-30T04:31:48.763893431Z,22.001708,113.309043,Cloud to Cloud,11496,6756,10
2026-08-30T04:31:48.680391577Z,22.024392,113.318638,Cloud to Ground,26312,0,13
2026-08-30T04:31:48.988948219Z,18.893749,118.348813,Cloud to Ground,-13381,0,12
2026-08-30T04:31:48.396313013Z,19.848804,114.581321,Cloud to Ground,23541,0,11
2026-08-30T04:31:48.853296261Z,18.398962,113.715933,Cloud to Ground,-10246,0,8
2026-08-30T04:31:49.600536324Z,18.483922,116.48286,Cloud to Ground,20964,0,12
2026-08-30T04:31:50.474210081Z,21.608997,112.070727,Cloud to Cloud,-17492,16312,10
2026-08-30T04:31:50.475271411Z,21.620952,112.051181,Cloud to Cloud,-8587,3023,12
2026-08-30T04:31:51.930321035Z,17.19058,132.240104,Cloud to Ground,-37985,0,15
2026-08-30T04:31:51.932835433Z,17.200921,132.258294,Cloud to Ground,-27697,0,12
2026-08-30T04:31:52.067920912Z,17.134365,132.273326,Cloud to Ground,-23493,0,20
2026-08-30T04:31:51.936486343Z,17.186748,132.210305,Cloud to Ground,-17268,0,8
2026-08-30T04:31:52.042282906Z,17.131966,132.256324,Cloud to Ground,-15909,0,14
2026-08-30T04:31:51.940234900Z,17.189639,132.253076,Cloud to Ground,-9855,0,11
2026-08-30T04:31:51.968097791Z,17.210858,132.244327,Cloud to Ground,-7103,0,7
2026-08-30T04:31:51.988061513Z,17.120586,132.202953,Cloud to Cloud,-6017,3248,6
2026-08-30T04:31:51.929284231Z,17.183185,132.251397,Cloud to Ground,23128,0,16
2026-08-30T04:31:51.931421000Z,17.1816,132.2116,Cloud to Ground,38652,0,5
2026-08-30T04:31:51.336434160Z,18.93956,114.4507,Cloud to Ground,10096,0,10
2026-08-30T04:31:52.803191755Z,17.0078,132.096497,Cloud to Ground,-8258,0,6
2026-08-30T04:31:52.502909424Z,15.40145,120.144598,Cloud to Ground,-16716,0,12
2026-08-30T04:31:54.201893175Z,17.412497,113.060554,Cloud to Cloud,8539,6566,8
2026-08-30T04:31:53.899966937Z,19.761872,115.1825,Cloud to Cloud,-14734,3002,11
2026-08-30T04:31:53.889334064Z,19.773439,115.1818,Cloud to Cloud,-7184,18572,7
2026-08-30T04:31:53.872171522Z,19.753441,115.175421,Cloud to Cloud,7831,3046,9
2026-08-30T04:31:54.311467990Z,19.797197,115.162472,Cloud to Ground,8718,0,7
2026-08-30T04:31:54.160687127Z,19.795779,115.174325,Cloud to Ground,18818,0,13
2026-08-30T04:31:54.308617916Z,18.617634,113.906578,Cloud to Ground,-29112,0,12
2026-08-30T04:31:54.162570218Z,18.612241,113.910084,Cloud to Ground,-26008,0,13
2026-08-30T04:31:54.309640339Z,18.535895,113.770774,Cloud to Cloud,-10616,6767,10
2026-08-30T04:31:54.693311813Z,19.009944,118.523462,Cloud to Cloud,-8257,9612,8
2026-08-30T04:31:54.590351043Z,19.018093,118.398351,Cloud to Cloud,-10935,11416,10
2026-08-30T04:31:55.038556236Z,18.485454,116.482155,Cloud to Cloud,8644,3076,9
2026-08-30T04:31:56.789087891Z,17.170378,120.318834,Cloud to Ground,-16973,0,16
2026-08-30T04:31:57.986642952Z,18.420643,113.55665,Cloud to Cloud,6027,3067,7
2026-08-30T04:31:57.558115876Z,18.487823,113.696048,Cloud to Cloud,-10959,7670,7
2026-08-30T04:31:57.564262589Z,18.504842,113.706654,Cloud to Ground,-9874,0,6
2026-08-30T04:31:57.578641527Z,18.514907,113.676947,Cloud to Cloud,-7156,3118,6
2026-08-30T04:31:58.006187687Z,18.507983,113.69622,Cloud to Cloud,4215,3017,5
2026-08-30T04:31:57.893228859Z,18.510218,113.691566,Cloud to Cloud,12139,3016,9
2026-08-30T04:31:58.041105462Z,18.503258,116.528564,Cloud to Ground,-23984,0,14
2026-08-30T04:31:58.172925640Z,18.503147,116.519831,Cloud to Ground,-18315,0,12
2026-08-30T04:31:58.319925931Z,18.505846,116.518138,Cloud to Ground,-13165,0,8
2026-08-30T04:31:58.320932584Z,18.429404,116.48107,Cloud to Cloud,-13040,10462,8
2026-08-30T04:31:58.369015788Z,18.507152,116.516742,Cloud to Ground,-9490,0,9
2026-08-30T04:31:58.082091922Z,18.506392,116.516945,Cloud to Cloud,-6652,11834,7
2026-08-30T04:31:58.885344530Z,16.813802,127.298169,Cloud to Cloud,-15866,18144,7
2026-08-30T04:31:58.892253732Z,16.826214,127.295422,Cloud to Ground,31962,0,10
2026-08-30T04:31:58.877082104Z,16.812465,127.309616,Cloud to Ground,41315,0,22
2026-08-30T04:31:58.339164289Z,22.185164,113.356058,Cloud to Cloud,-13235,9004,7
2026-08-30T04:31:58.668195327Z,22.178679,113.278124,Cloud to Cloud,8075,14742,6
2026-08-30T04:31:59.093216878Z,17.51018,113.216018,Cloud to Ground,-19722,0,10
2026-08-30T04:31:59.068337445Z,17.514736,113.213414,Cloud to Ground,-13152,0,11
2026-08-30T04:31:59.057430427Z,17.507085,113.150572,Cloud to Cloud,-7942,3046,8
2026-08-30T04:31:58.677986535Z,17.511582,113.21558,Cloud to Cloud,9397,3040,10
2026-08-30T04:31:59.701420697Z,18.449415,116.297609,Cloud to Cloud,6968,5202,7
2026-08-30T04:31:59.949812668Z,18.443615,116.396442,Cloud to Cloud,12609,5004,7
2026-08-30T04:31:59.703245058Z,18.361444,116.263563,Cloud to Cloud,11211,7363,7
2026-08-30T04:31:59.197092011Z,14.432152,120.847839,Cloud to Cloud,2813,7513,6
2026-08-30T04:31:59.213468481Z,14.318014,120.915008,Cloud to Ground,-11108,0,8
2026-08-30T04:31:59.114025461Z,14.326843,120.91448,Cloud to Cloud,-10447,9469,6
2026-08-30T04:32:01.017734845Z,16.813337,127.633949,Cloud to Cloud,-12003,7129,11
2026-08-30T04:32:00.973548084Z,16.814672,127.629349,Cloud to Ground,11968,0,10
2026-08-30T04:32:01.698381231Z,16.158453,130.391439,Cloud to Cloud,-17021,3243,9
2026-08-30T04:32:01.681770034Z,16.129908,130.411089,Cloud to Ground,53323,0,15
2026-08-30T04:32:01.701422000Z,16.0896,130.2002,Cloud to Ground,-3128,0,5
2026-08-30T04:32:01.357440071Z,15.051621,121.15693,Cloud to Ground,-11515,0,9
2026-08-30T04:32:01.071564404Z,15.069701,121.144092,Cloud to Ground,-11465,0,6
2026-08-30T04:32:01.676039928Z,19.392668,114.663632,Cloud to Cloud,-10862,4586,7
2026-08-30T04:32:01.451812526Z,18.457169,116.50872,Cloud to Cloud,11104,7103,8
2026-08-30T04:32:02.421093806Z,19.421547,115.01496,Cloud to Ground,-11718,0,9
2026-08-30T04:32:02.341182813Z,19.425037,115.01338,Cloud to Ground,-9262,0,8
2026-08-30T04:32:02.603364493Z,19.650126,114.245194,Cloud to Cloud,-13844,3927,12
2026-08-30T04:32:02.619340766Z,19.647738,114.25051,Cloud to Cloud,14539,5725,11
2026-08-30T04:32:03.394038625Z,18.708447,118.21447,Cloud to Ground,-28850,0,13
2026-08-30T04:32:04.239759012Z,19.503259,114.779408,Cloud to Cloud,-10162,8522,7
2026-08-30T04:32:18.407221284Z,17.05466,132.151756,Cloud to Ground,16394,0,13
2026-08-30T04:32:18.402910768Z,17.070481,132.1391,Cloud to Ground,23795,0,11
2026-08-30T04:32:18.377993158Z,17.063848,132.153239,Cloud to Ground,78833,0,17
2026-08-30T04:32:18.290511547Z,17.050282,132.160426,Cloud to Ground,174039,0,24
2026-08-30T04:32:18.171243989Z,18.245728,116.49772,Cloud to Cloud,18791,3002,9
2026-08-30T04:32:18.819956604Z,18.45372,116.51107,Cloud to Cloud,7843,4393,9
2026-08-30T04:32:18.597321320Z,18.477936,116.490537,Cloud to Ground,43628,0,12
2026-08-30T04:32:18.366536300Z,18.735217,118.212714,Cloud to Cloud,-12238,6579,8
2026-08-30T04:32:19.065883972Z,16.949898,131.829657,Cloud to Ground,-24262,0,9
2026-08-30T04:32:19.067354276Z,16.952005,131.840215,Cloud to Ground,-24258,0,18
2026-08-30T04:32:19.070714439Z,16.946592,131.830904,Cloud to Ground,-21498,0,15
2026-08-30T04:32:19.064020438Z,16.96239,131.838705,Cloud to Ground,-18032,0,12
2026-08-30T04:32:19.068236792Z,16.966162,131.834257,Cloud to Ground,-12542,0,12
2026-08-30T04:32:19.351535340Z,20.057858,115.274453,Cloud to Ground,-34160,0,15
2026-08-30T04:32:19.628255093Z,20.04846,115.284048,Cloud to Ground,-32641,0,11
2026-08-30T04:32:19.324103872Z,20.136462,115.287667,Cloud to Ground,-25100,0,9
2026-08-30T04:32:19.508680592Z,20.047116,115.278914,Cloud to Ground,-24430,0,10
2026-08-30T04:32:19.551888152Z,20.021451,115.264928,Cloud to Ground,28614,0,14
2026-08-30T04:32:19.156993000Z,18.3602,116.5131,Cloud to Ground,-9216,0,7
2026-08-30T04:32:20.159119924Z,20.240985,113.641908,Cloud to Ground,-19897,0,11
2026-08-30T04:32:20.235655626Z,20.23974,113.646712,Cloud to Ground,-9718,0,9
2026-08-30T04:32:20.233810524Z,20.378094,113.46713,Cloud to Cloud,16920,4172,7
2026-08-30T04:32:21.599516345Z,18.416177,116.492433,Cloud to Cloud,-9854,3016,9
2026-08-30T04:32:21.429043543Z,18.385222,116.472962,Cloud to Cloud,8221,3040,9
2026-08-30T04:32:21.612746922Z,18.383145,116.471903,Cloud to Ground,12645,0,10
2026-08-30T04:32:21.594449841Z,18.384302,116.474859,Cloud to Ground,16713,0,11
2026-08-30T04:32:21.591318296Z,18.416703,116.462004,Cloud to Ground,20782,0,12
2026-08-30T04:32:22.786709167Z,17.844951,125.251067,Cloud to Cloud,13133,7475,12
2026-08-30T04:32:22.620310644Z,17.911256,125.16158,Cloud to Cloud,3097,4923,6
2026-08-30T04:32:23.143559736Z,18.479703,116.48861,Cloud to Cloud,10534,5583,10
2026-08-30T04:32:24.478502248Z,20.279152,113.636127,Cloud to Ground,113178,0,15
2026-08-30T04:32:24.352849867Z,20.150845,113.584182,Cloud to Cloud,-18078,6747,6
2026-08-30T04:32:25.724935925Z,22.021642,113.313148,Cloud to Ground,-37457,0,21
2026-08-30T04:32:25.642236072Z,22.001531,113.304567,Cloud to Cloud,-12470,3101,6
2026-08-30T04:32:25.393210727Z,14.980737,121.158661,Cloud to Cloud,7918,18824,8
2026-08-30T04:32:25.475386117Z,14.981417,121.172333,Cloud to Ground,13844,0,9
2026-08-30T04:32:25.970882995Z,18.695532,114.133411,Cloud to Cloud,-15668,3052,11
2026-08-30T04:32:25.973051494Z,18.686519,114.138225,Cloud to Ground,-11689,0,7
2026-08-30T04:32:25.968867244Z,18.782767,114.144649,Cloud to Ground,18053,0,10
2026-08-30T04:32:25.969521060Z,18.684216,114.137738,Cloud to Ground,24977,0,8
2026-08-30T04:32:25.183068522Z,18.488141,116.493962,Cloud to Cloud,5260,3016,6
2026-08-30T04:32:26.223416472Z,21.926419,113.183259,Cloud to Cloud,-7701,14918,5
2026-08-30T04:32:26.219860159Z,21.922786,113.19564,Cloud to Ground,17551,0,13
2026-08-30T04:32:26.216463819Z,22.021172,113.195451,Cloud to Cloud,-7729,15630,11
2026-08-30T04:32:26.217329363Z,21.833704,113.276088,Cloud to Ground,13187,0,7
2026-08-30T04:32:28.004129933Z,16.942126,131.725409,Cloud to Ground,-15413,0,11
2026-08-30T04:32:28.003356541Z,16.938751,131.742215,Cloud to Ground,45487,0,13
2026-08-30T04:32:28.002112950Z,16.89962,131.764905,Cloud to Ground,63080,0,14
2026-08-30T04:32:28.002817154Z,16.927069,131.592192,Cloud to Cloud,-10451,7552,20
2026-08-30T04:32:30.995632652Z,19.987956,114.21346,Cloud to Cloud,-5814,7864,8
2026-08-30T04:32:30.774422747Z,19.446478,118.616442,Cloud to Cloud,4407,11792,6
2026-08-30T04:32:30.870984856Z,19.337552,118.634385,Cloud to Cloud,-9222,18779,7
2026-08-30T04:32:30.845571900Z,19.270399,118.57389,Cloud to Cloud,5295,3025,6
2026-08-30T04:32:30.796717868Z,19.282136,118.589377,Cloud to Cloud,8867,17886,8
2026-08-30T04:32:30.817746174Z,19.267806,118.590137,Cloud to Cloud,9601,3036,7
2026-08-30T04:32:30.905457674Z,19.332489,118.571435,Cloud to Cloud,13810,17721,7
2026-08-30T04:32:30.777549420Z,19.28484,118.597219,Cloud to Cloud,15834,3002,10
2026-08-30T04:32:30.975229365Z,19.38885,115.028681,Cloud to Cloud,8695,3073,7
2026-08-30T04:32:30.947146076Z,19.424585,115.105071,Cloud to Cloud,10816,7750,7
2026-08-30T04:32:31.689209380Z,18.483632,116.488986,Cloud to Cloud,8819,3122,7
2026-08-30T04:32:33.091705564Z,19.419648,114.869874,Cloud to Ground,14840,0,11
2026-08-30T04:32:33.419139456Z,18.649593,119.3383,Cloud to Ground,-9201,0,12
2026-08-30T04:32:33.595724661Z,18.617376,119.326693,Cloud to Ground,-7623,0,7
2026-08-30T04:32:33.421129104Z,18.67159,119.412764,Cloud to Cloud,4986,16655,9
2026-08-30T04:32:33.432035604Z,18.666943,119.418286,Cloud to Cloud,7682,3041,6
2026-08-30T04:32:33.422049000Z,18.6632,119.3409,Cloud to Ground,13086,0,6
2026-08-30T04:32:34.614973144Z,4.52221,113.234775,Cloud to Ground,17891,0,9
2026-08-30T04:32:34.391442457Z,16.699722,131.375612,Cloud to Ground,11763,0,15
2026-08-30T04:32:34.322554279Z,16.694462,131.374001,Cloud to Ground,32200,0,15
2026-08-30T04:32:34.397853248Z,16.455261,120.330278,Cloud to Ground,15458,0,7
2026-08-30T04:32:34.503268726Z,16.442467,120.315479,Cloud to Ground,46040,0,10
2026-08-30T04:32:35.136945323Z,17.394851,113.022867,Cloud to Cloud,-9968,6185,9
2026-08-30T04:32:34.801891497Z,17.425609,113.059081,Cloud to Cloud,6978,3016,6
2026-08-30T04:32:35.831733398Z,18.768096,114.401605,Cloud to Cloud,-11444,5812,10
2026-08-30T04:32:35.464217866Z,18.75066,114.374577,Cloud to Cloud,12278,6994,12
2026-08-30T04:32:35.113864670Z,17.721213,128.544288,Cloud to Ground,-18849,0,12
2026-08-30T04:32:35.078382598Z,17.720979,128.518439,Cloud to Cloud,-18003,3918,17
2026-08-30T04:32:35.081308490Z,17.759819,128.541841,Cloud to Cloud,-16666,15162,9
2026-08-30T04:32:35.189838088Z,17.717318,128.552218,Cloud to Ground,-7912,0,7
2026-08-30T04:32:35.079797467Z,17.724558,128.542319,Cloud to Ground,27041,0,12
2026-08-30T04:32:36.808516689Z,19.665631,114.874507,Cloud to Ground,-11335,0,9
2026-08-30T04:32:36.053025109Z,19.483473,114.816099,Cloud to Cloud,-9457,3021,10
2026-08-30T04:32:36.061324742Z,19.48329,114.823787,Cloud to Cloud,-7631,16161,8
2026-08-30T04:32:36.043609869Z,19.592789,114.735893,Cloud to Cloud,15558,14350,9
2026-08-30T04:32:37.076549358Z,22.848297,113.300306,Cloud to Cloud,-15001,16703,11
2026-08-30T04:32:37.081983474Z,22.896143,113.266185,Cloud to Cloud,-10734,3057,9
2026-08-30T04:32:37.075657061Z,22.984465,113.265843,Cloud to Cloud,10699,19468,8
2026-08-30T04:32:37.087333120Z,22.854708,113.204906,Cloud to Cloud,12434,5452,11
2026-08-30T04:32:37.712946508Z,16.498363,120.223038,Cloud to Cloud,-3664,6745,7
2026-08-30T04:32:37.445914485Z,16.50472,120.228063,Cloud to Cloud,5048,18948,12
2026-08-30T04:32:37.310577667Z,20.001227,114.309364,Cloud to Cloud,9582,5442,12
2026-08-30T04:32:38.291376831Z,18.313238,113.636974,Cloud to Cloud,-16959,3043,8
2026-08-30T04:32:38.173445614Z,18.368992,113.521034,Cloud to Cloud,8552,3089,9
2026-08-30T04:32:38.169326356Z,18.385081,113.605085,Cloud to Ground,16201,0,11
2026-08-30T04:32:38.742776939Z,18.4919,116.464396,Cloud to Ground,60728,0,14
2026-08-30T04:32:38.279996392Z,14.50772,120.977748,Cloud to Cloud,9965,5064,8
2026-08-30T04:32:39.520525880Z,19.470927,122.913558,Cloud to Ground,-101470,0,14
2026-08-30T04:32:39.600213305Z,19.469181,122.928581,Cloud to Ground,-60702,0,15
2026-08-30T04:32:39.625366129Z,19.46815,122.985205,Cloud to Ground,-22825,0,13
2026-08-30T04:32:39.956118826Z,19.469463,122.983254,Cloud to Ground,-14443,0,8
2026-08-30T04:32:39.790477330Z,19.448798,122.918761,Cloud to Cloud,6814,19674,5
2026-08-30T04:32:39.071310092Z,17.337486,113.122046,Cloud to Cloud,8697,5265,9
2026-08-30T04:32:41.411412210Z,18.491062,116.500393,Cloud to Cloud,-9843,13741,7
2026-08-30T04:32:41.090630609Z,18.488133,116.489581,Cloud to Cloud,-6724,8381,7
2026-08-30T04:32:40.453725826Z,18.49126,116.485421,Cloud to Ground,31460,0,11
2026-08-30T04:32:41.161077540Z,16.776533,127.669704,Cloud to Cloud,-14916,11049,7
2026-08-30T04:32:41.116247080Z,16.808626,127.654423,Cloud to Cloud,-13750,16024,7
2026-08-30T04:32:41.327257514Z,16.820088,127.635976,Cloud to Ground,-13002,0,11
2026-08-30T04:32:41.305182889Z,16.720089,127.711064,Cloud to Cloud,-8606,3897,14
2026-08-30T04:32:41.378239876Z,16.741216,127.687855,Cloud to Cloud,10644,8894,10
2026-08-30T04:32:41.054526669Z,16.808536,127.644794,Cloud to Ground,28312,0,10
2026-08-30T04:32:41.387497314Z,21.694407,112.954854,Cloud to Cloud,-16722,3028,10
2026-08-30T04:32:41.388052983Z,21.699987,112.949724,Cloud to Ground,-15053,0,13
2026-08-30T04:32:41.403866046Z,21.697701,112.947111,Cloud to Cloud,-14517,3044,8
2026-08-30T04:32:41.386633621Z,21.70419,112.943649,Cloud to Ground,53553,0,14
2026-08-30T04:32:43.043080759Z,19.345761,114.266364,Cloud to Cloud,-22175,15999,11
2026-08-30T04:32:43.721624780Z,20.202393,114.476778,Cloud to Ground,-37640,0,14
2026-08-30T04:32:43.844318714Z,20.20472,114.475416,Cloud to Ground,-27419,0,12
2026-08-30T04:32:43.805114552Z,20.201763,114.477702,Cloud to Ground,-25085,0,15
2026-08-30T04:32:43.763393849Z,20.204461,114.478147,Cloud to Ground,-17215,0,10
2026-08-30T04:32:43.874543317Z,20.210732,114.468899,Cloud to Ground,-14090,0,9
2026-08-30T04:32:43.304640942Z,18.470938,116.503605,Cloud to Ground,11340,0,9
2026-08-30T04:32:43.257663197Z,18.447468,116.497103,Cloud to Cloud,13081,5642,8
2026-08-30T04:32:44.255128221Z,19.575749,115.016544,Cloud to Cloud,12321,3053,7
2026-08-30T04:32:44.210528258Z,19.61066,115.01885,Cloud to Ground,18640,0,11
2026-08-30T04:32:44.227593719Z,19.60576,115.019654,Cloud to Ground,20351,0,17
2026-08-30T04:32:44.209011430Z,19.623454,115.023525,Cloud to Cloud,21746,3097,11
2026-08-30T04:32:45.401787703Z,18.515623,116.529201,Cloud to Cloud,14030,12562,10
2026-08-30T04:32:45.715539525Z,18.486531,116.224391,Cloud to Cloud,9016,10976,7
2026-08-30T04:32:45.716908664Z,18.470162,116.223277,Cloud to Ground,40338,0,10
2026-08-30T04:32:45.193973464Z,19.799678,122.95705,Cloud to Cloud,14024,11169,7
2026-08-30T04:32:45.183583729Z,19.85197,122.88708,Cloud to Ground,22150,0,20
2026-08-30T04:32:45.185795729Z,19.85701,122.816073,Cloud to Ground,27444,0,12
2026-08-30T04:32:46.675843122Z,20.204063,114.451669,Cloud to Cloud,-13608,3039,7
2026-08-30T04:32:46.654970606Z,20.19392,114.498317,Cloud to Cloud,-8582,4419,8
2026-08-30T04:32:46.853753174Z,20.197425,114.45577,Cloud to Cloud,-5836,11141,6
2026-08-30T04:32:46.840302848Z,20.171232,114.465701,Cloud to Ground,-4100,0,6
2026-08-30T04:32:47.468130410Z,18.40415,116.510806,Cloud to Ground,-52253,0,13
2026-08-30T04:32:47.525746252Z,18.402248,116.511298,Cloud to Ground,-9492,0,9
2026-08-30T04:32:49.197183575Z,20.274519,113.561977,Cloud to Cloud,-7541,6244,7
2026-08-30T04:32:48.815259670Z,20.292623,113.538268,Cloud to Cloud,9538,5461,10
2026-08-30T04:32:48.809539534Z,20.274753,113.64324,Cloud to Ground,14589,0,13
2026-08-30T04:32:48.374512555Z,20.065899,114.559879,Cloud to Ground,25092,0,10
2026-08-30T04:32:50.808152003Z,15.056128,121.154498,Cloud to Ground,-63846,0,13
2026-08-30T04:32:50.867083015Z,15.081031,121.16021,Cloud to Ground,-18774,0,12
2026-08-30T04:32:50.921068950Z,15.065147,121.161135,Cloud to Ground,-16630,0,11
2026-08-30T04:32:50.791572804Z,14.990468,121.189501,Cloud to Cloud,-14972,16029,11
2026-08-30T04:32:51.459638680Z,18.352878,116.35997,Cloud to Cloud,-6847,3061,9
2026-08-30T04:32:51.457757606Z,18.377025,116.36532,Cloud to Cloud,5675,12805,8
2026-08-30T04:32:52.196495236Z,16.321432,131.211782,Cloud to Ground,-42544,0,14
2026-08-30T04:32:52.199258582Z,16.31159,131.203521,Cloud to Ground,-20225,0,9
2026-08-30T04:32:52.201155624Z,16.321657,131.118219,Cloud to Ground,-19183,0,7
2026-08-30T04:32:52.204993285Z,16.323149,131.197942,Cloud to Cloud,-16655,18515,9
2026-08-30T04:32:52.490941221Z,16.381645,131.138978,Cloud to Ground,-14147,0,9
2026-08-30T04:32:52.196071787Z,16.32704,131.208636,Cloud to Ground,17217,0,13
2026-08-30T04:32:53.300490678Z,18.553419,113.725235,Cloud to Ground,-35315,0,12
2026-08-30T04:32:53.770515531Z,18.560767,113.720102,Cloud to Ground,-25511,0,11
2026-08-30T04:32:53.099600084Z,18.552563,113.729506,Cloud to Cloud,-15906,3006,12
2026-08-30T04:32:53.339294818Z,18.558616,113.722787,Cloud to Ground,-11222,0,11
2026-08-30T04:32:53.137658054Z,18.55364,113.711307,Cloud to Cloud,-8536,6605,6
2026-08-30T04:32:53.238055253Z,18.542035,113.724904,Cloud to Ground,72835,0,17
2026-08-30T04:32:53.118439208Z,18.538831,113.754325,Cloud to Ground,166002,0,12
2026-08-30T04:32:53.444771308Z,18.590348,117.90475,Cloud to Cloud,11923,3008,8
2026-08-30T04:32:53.439013561Z,18.585466,117.912664,Cloud to Ground,16112,0,8
2026-08-30T04:32:53.191278469Z,18.492748,116.481888,Cloud to Ground,13623,0,10
2026-08-30T04:32:55.042036151Z,21.664298,112.752582,Cloud to Cloud,-17867,5799,13
2026-08-30T04:32:55.095762439Z,21.702735,112.717776,Cloud to Ground,-12387,0,7
2026-08-30T04:32:55.045819371Z,21.669788,112.741923,Cloud to Cloud,-10111,13643,8
2026-08-30T04:32:55.824974399Z,18.398013,116.556988,Cloud to Cloud,-9613,19850,8
2026-08-30T04:32:55.833163809Z,18.40534,116.540102,Cloud to Ground,-9456,0,6
2026-08-30T04:32:55.956525598Z,18.467911,116.509013,Cloud to Cloud,17138,5765,11
2026-08-30T04:32:55.255876956Z,22.205634,113.403883,Cloud to Cloud,4404,18007,6
2026-08-30T04:32:55.907429336Z,14.531744,121.84521,Cloud to Cloud,9034,3010,8
2026-08-30T04:32:55.882567546Z,14.529486,121.843883,Cloud to Cloud,18504,3002,8
2026-08-30T04:32:55.634873733Z,18.457031,113.711563,Cloud to Cloud,-17067,9134,12
2026-08-30T04:32:55.641139575Z,18.440486,113.698152,Cloud to Ground,-10199,0,7
2026-08-30T04:32:55.629234000Z,18.4647,113.7293,Cloud to Ground,-8628,0,5
2026-08-30T04:32:56.396611382Z,4.567594,113.253313,Cloud to Ground,-13532,0,8
2026-08-30T04:32:56.195975209Z,14.580938,121.931835,Cloud to Cloud,-8370,5426,8
2026-08-30T04:32:56.114109869Z,14.630637,121.927484,Cloud to Cloud,-3100,7738,5
2026-08-30T04:32:55.879484055Z,14.606199,121.903469,Cloud to Cloud,4282,19655,6
2026-08-30T04:32:56.246274295Z,20.062177,114.286491,Cloud to Cloud,-19746,3103,12
2026-08-30T04:32:55.871448800Z,19.98003,114.292313,Cloud to Cloud,-13248,3064,8
2026-08-30T04:32:55.869597567Z,20.002064,114.297142,Cloud to Cloud,-12827,6241,10
2026-08-30T04:32:56.886637329Z,19.606508,114.173596,Cloud to Cloud,6829,17388,9
2026-08-30T04:32:56.884975568Z,19.616745,114.254882,Cloud to Cloud,11245,3113,10
2026-08-30T04:32:57.027839032Z,17.696727,125.341971,Cloud to Ground,-84767,0,16
2026-08-30T04:32:57.103819494Z,17.705284,125.351374,Cloud to Ground,-14626,0,11
2026-08-30T04:32:57.943271272Z,22.038514,113.307156,Cloud to Cloud,-19257,3003,12
2026-08-30T04:32:59.471247938Z,16.791032,127.145918,Cloud to Ground,-17662,0,20
2026-08-30T04:32:59.241456302Z,16.821969,127.326697,Cloud to Ground,-40917,0,14
2026-08-30T04:32:59.697781656Z,16.825191,127.342,Cloud to Ground,-16279,0,8
2026-08-30T04:32:59.524893675Z,16.822111,127.343986,Cloud to Cloud,-10275,5365,6
2026-08-30T04:32:59.139258607Z,19.311991,114.747366,Cloud to Ground,14761,0,8
2026-08-30T04:32:59.284259451Z,19.310493,114.74728,Cloud to Ground,17932,0,12
2026-08-30T04:33:00.685610043Z,18.117758,117.742063,Cloud to Ground,28872,0,12
2026-08-30T04:33:00.477839320Z,18.521481,116.544776,Cloud to Ground,-28303,0,10
2026-08-30T04:33:00.659208870Z,18.513225,116.54956,Cloud to Ground,-27949,0,10
2026-08-30T04:33:00.725739743Z,18.52543,116.549588,Cloud to Ground,-16807,0,11
2026-08-30T04:33:00.582976578Z,18.526561,116.54869,Cloud to Ground,-7529,0,6
2026-08-30T04:33:01.480725924Z,17.123169,131.585027,Cloud to Ground,18044,0,13
2026-08-30T04:33:02.797271385Z,19.637644,114.616555,Cloud to Ground,-29546,0,14
2026-08-30T04:33:03.769180147Z,18.44405,116.515846,Cloud to Ground,18283,0,12
2026-08-30T04:33:03.808800233Z,18.460628,116.517455,Cloud to Ground,19633,0,13
2026-08-30T04:33:03.869116395Z,15.05718,121.142262,Cloud to Ground,-29443,0,12
2026-08-30T04:33:03.222275988Z,21.741354,112.414353,Cloud to Ground,-60605,0,14
2026-08-30T04:33:03.218918981Z,21.742271,112.415967,Cloud to Cloud,-15340,17762,11
2026-08-30T04:33:05.110528776Z,17.117017,132.409979,Cloud to Cloud,-12612,3050,11
2026-08-30T04:33:05.109564846Z,17.092324,132.28074,Cloud to Cloud,-22858,6217,14
2026-08-30T04:33:05.113757320Z,17.098388,132.273874,Cloud to Ground,-10075,0,12
2026-08-30T04:33:05.112275337Z,17.101728,132.268063,Cloud to Ground,-8140,0,11
2026-08-30T04:33:05.284640672Z,17.133787,132.228878,Cloud to Ground,-7291,0,10
2026-08-30T04:33:05.107710461Z,17.101182,132.272422,Cloud to Ground,22754,0,10
2026-08-30T04:33:05.015408137Z,18.500736,116.484314,Cloud to Ground,37041,0,14
2026-08-30T04:33:05.366507177Z,18.34753,116.506092,Cloud to Ground,13446,0,8
2026-08-30T04:33:05.027394740Z,18.638338,113.874849,Cloud to Cloud,7346,4302,7
2026-08-30T04:33:05.030294763Z,18.550206,113.898918,Cloud to Cloud,5023,3010,6
2026-08-30T04:33:06.355500425Z,20.231791,113.630816,Cloud to Cloud,-68236,3033,16
2026-08-30T04:33:06.269279000Z,20.2478,113.7328,Cloud to Ground,-28521,0,8
2026-08-30T04:33:06.452647527Z,20.322426,113.641174,Cloud to Cloud,-26231,18601,11
2026-08-30T04:33:06.513524459Z,20.210918,113.624912,Cloud to Cloud,-15921,15967,6
2026-08-30T04:33:06.245759026Z,20.247112,113.739035,Cloud to Cloud,-11493,5476,9
2026-08-30T04:33:06.369489924Z,20.223641,113.625956,Cloud to Cloud,9312,4236,10
2026-08-30T04:33:06.280998006Z,20.273409,113.636129,Cloud to Cloud,11530,6025,7
2026-08-30T04:33:06.244616433Z,20.23046,113.658124,Cloud to Ground,14477,0,10
2026-08-30T04:33:07.287998131Z,4.630878,113.2753,Cloud to Ground,-14498,0,8
2026-08-30T04:33:07.559522646Z,17.454918,113.130843,Cloud to Ground,-14393,0,12
2026-08-30T04:33:07.429766805Z,17.444263,113.114131,Cloud to Cloud,-10447,5544,8
2026-08-30T04:33:07.626583655Z,17.456024,113.098318,Cloud to Ground,24544,0,6
2026-08-30T04:33:07.066453436Z,18.736897,119.090657,Cloud to Ground,-13131,0,11
2026-08-30T04:33:08.494771556Z,18.481456,116.50723,Cloud to Ground,26409,0,10
2026-08-30T04:33:09.993309816Z,18.47414,116.494573,Cloud to Ground,30589,0,12
2026-08-30T04:33:09.577557973Z,21.944524,113.267547,Cloud to Cloud,-16081,4555,10
2026-08-30T04:33:09.265797108Z,21.925758,113.284495,Cloud to Cloud,-12495,5180,14
2026-08-30T04:33:09.581689646Z,21.980647,113.239212,Cloud to Ground,-10376,0,12
2026-08-30T04:33:09.263236970Z,21.906313,113.290181,Cloud to Cloud,-8192,3008,7
2026-08-30T04:33:09.249025922Z,21.927138,113.281289,Cloud to Cloud,11739,3106,10
2026-08-30T04:33:09.247163536Z,21.915699,113.282117,Cloud to Ground,23648,0,10
2026-08-30T04:33:09.158761049Z,20.25271,114.44301,Cloud to Ground,-14059,0,8
2026-08-30T04:33:10.131743657Z,19.407884,114.222081,Cloud to Ground,-22558,0,10
2026-08-30T04:33:10.242552081Z,19.407214,114.225398,Cloud to Ground,-14136,0,9
2026-08-30T04:33:10.348197568Z,19.678611,114.967813,Cloud to Ground,-21305,0,13
2026-08-30T04:33:10.352576540Z,19.698858,114.972189,Cloud to Cloud,-17163,3703,14
2026-08-30T04:33:10.332578559Z,19.68893,114.970898,Cloud to Cloud,-13933,3099,10
2026-08-30T04:33:10.353876841Z,19.692887,114.958311,Cloud to Cloud,-12578,3150,11
2026-08-30T04:33:10.411837339Z,19.680121,114.885604,Cloud to Ground,12847,0,12
2026-08-30T04:33:10.412466068Z,19.670687,114.954604,Cloud to Cloud,21029,6496,11
2026-08-30T04:33:10.397079959Z,19.690756,114.881394,Cloud to Ground,54380,0,7
2026-08-30T04:33:10.329706610Z,19.69155,114.967948,Cloud to Ground,81554,0,16
2026-08-30T04:33:10.213188640Z,18.380555,117.480453,Cloud to Ground,-13686,0,10
2026-08-30T04:33:11.800460981Z,19.494096,114.80923,Cloud to Cloud,-13454,8463,10
2026-08-30T04:33:11.796959809Z,19.499549,114.821022,Cloud to Cloud,7882,16509,7
2026-08-30T04:33:16.136446794Z,4.558964,113.125826,Cloud to Ground,-16114,0,11
2026-08-30T04:33:16.369843682Z,15.055655,121.140628,Cloud to Ground,-28520,0,16
2026-08-30T04:33:16.504748332Z,15.053702,121.163239,Cloud to Ground,-14444,0,12
2026-08-30T04:33:16.406625722Z,15.0209,121.177276,Cloud to Ground,24163,0,8
2026-08-30T04:33:17.190792544Z,4.537406,113.259915,Cloud to Ground,-15351,0,8
2026-08-30T04:33:17.233574362Z,4.570293,113.279525,Cloud to Ground,19583,0,12
2026-08-30T04:33:17.339570369Z,4.580339,113.306354,Cloud to Ground,21885,0,7
2026-08-30T04:33:17.313731753Z,4.545083,113.279312,Cloud to Ground,27010,0,10
2026-08-30T04:33:18.409489883Z,18.08885,113.542365,Cloud to Cloud,-15033,3047,14
2026-08-30T04:33:18.413117545Z,18.087876,113.50483,Cloud to Cloud,-12027,12758,12
2026-08-30T04:33:18.325580307Z,18.081132,113.602611,Cloud to Cloud,-7995,9265,7
2026-08-30T04:33:18.399807889Z,18.076715,113.562807,Cloud to Cloud,-7868,3865,9
2026-08-30T04:33:18.328609108Z,18.059367,113.530282,Cloud to Ground,12982,0,7
2026-08-30T04:33:19.651165292Z,18.491089,116.496896,Cloud to Ground,22870,0,12
2026-08-30T04:33:19.162096782Z,22.050683,113.320214,Cloud to Cloud,-10454,3718,8
2026-08-30T04:33:19.498353898Z,22.018249,113.353441,Cloud to Ground,-9744,0,7
2026-08-30T04:33:19.766047947Z,22.04444,113.258584,Cloud to Cloud,-6812,3319,7
2026-08-30T04:33:19.512544431Z,22.041899,113.282911,Cloud to Cloud,8319,6632,8
2026-08-30T04:33:20.132676157Z,14.373569,120.992026,Cloud to Cloud,8399,13824,8
2026-08-30T04:33:20.150907557Z,17.313982,113.15022,Cloud to Cloud,-8036,4065,7
2026-08-30T04:33:20.732674307Z,19.433091,115.028843,Cloud to Ground,28048,0,15
2026-08-30T04:33:20.472155761Z,18.297285,116.566621,Cloud to Cloud,8295,16802,6
2026-08-30T04:33:21.103823439Z,18.449693,116.530423,Cloud to Ground,11585,0,12
2026-08-30T04:33:22.999052000Z,18.376387,116.295928,Cloud to Cloud,-5502,7636,6
2026-08-30T04:33:22.811817685Z,18.383844,116.48037,Cloud to Cloud,-6499,3110,8
2026-08-30T04:33:22.859466519Z,18.465404,116.495703,Cloud to Cloud,10550,15119,7
2026-08-30T04:33:22.798883076Z,18.378551,116.475165,Cloud to Ground,12334,0,10
2026-08-30T04:33:22.826242870Z,18.369635,116.476288,Cloud to Ground,20337,0,9
2026-08-30T04:33:22.842727990Z,18.500579,113.785993,Cloud to Ground,-12935,0,7
2026-08-30T04:33:23.140214727Z,18.540108,113.737279,Cloud to Cloud,-11753,17408,11
2026-08-30T04:33:23.146243203Z,18.50058,113.769824,Cloud to Cloud,-8183,16139,7
2026-08-30T04:33:23.741696387Z,18.585901,113.929636,Cloud to Ground,-15040,0,12
2026-08-30T04:33:23.707003407Z,18.592612,113.924753,Cloud to Ground,-11898,0,9
2026-08-30T04:33:23.681319376Z,18.598277,113.920004,Cloud to Ground,-10056,0,9
2026-08-30T04:33:23.628029994Z,18.589687,113.928453,Cloud to Cloud,-10012,7968,10
2026-08-30T04:33:23.680378842Z,18.616575,113.891757,Cloud to Cloud,5284,18636,6
2026-08-30T04:33:23.712859566Z,18.626729,113.885428,Cloud to Cloud,8683,7016,7
2026-08-30T04:33:24.171481782Z,20.354933,114.196526,Cloud to Cloud,8623,6950,8
2026-08-30T04:33:26.484796171Z,18.490179,116.481256,Cloud to Ground,27344,0,13
2026-08-30T04:33:25.855765934Z,18.501366,116.484947,Cloud to Ground,56925,0,12
2026-08-30T04:33:25.855890000Z,18.2467,117.4135,Cloud to Ground,44650,0,5
2026-08-30T04:33:26.549461873Z,19.639878,114.644161,Cloud to Ground,-19196,0,10
2026-08-30T04:33:27.480198470Z,4.50761,113.23093,Cloud to Ground,10667,0,8
2026-08-30T04:33:29.636373898Z,16.802738,127.667691,Cloud to Ground,15091,0,10
2026-08-30T04:33:29.654047397Z,16.777296,127.507867,Cloud to Cloud,-10328,18464,9
2026-08-30T04:33:29.095818878Z,18.471233,116.493898,Cloud to Ground,27001,0,13
2026-08-30T04:33:29.790245055Z,20.219771,114.372572,Cloud to Cloud,12379,3000,8
2026-08-30T04:33:30.238980232Z,16.251765,129.591662,Cloud to Cloud,-15659,7192,9
2026-08-30T04:33:30.255842324Z,16.263044,129.601724,Cloud to Cloud,-15307,8440,9
2026-08-30T04:33:30.242481018Z,16.268988,129.591866,Cloud to Cloud,-12448,7226,7
2026-08-30T04:33:30.252923576Z,16.264095,129.603765,Cloud to Cloud,-8895,16065,8
2026-08-30T04:33:30.251904734Z,16.265751,129.606542,Cloud to Cloud,-6683,12304,8
2026-08-30T04:33:30.093174062Z,14.980548,121.192466,Cloud to Cloud,-9217,19219,10
2026-08-30T04:33:30.087949557Z,15.056727,121.128347,Cloud to Ground,-35648,0,12
2026-08-30T04:33:30.145995161Z,15.063994,121.142813,Cloud to Ground,-14159,0,11
2026-08-30T04:33:30.170518136Z,15.060352,121.138213,Cloud to Ground,-10908,0,6
2026-08-30T04:33:31.030347014Z,15.012129,121.074092,Cloud to Cloud,-4406,8713,7
2026-08-30T04:33:30.808853938Z,15.039796,121.135956,Cloud to Cloud,6561,5059,8
2026-08-30T04:33:31.895364129Z,19.353003,114.279648,Cloud to Cloud,-14003,3041,9
2026-08-30T04:33:32.067306187Z,19.370948,114.224124,Cloud to Cloud,-9006,3431,10
2026-08-30T04:33:32.098122029Z,19.385911,114.224368,Cloud to Cloud,7301,3032,7
2026-08-30T04:33:32.086568700Z,19.364869,114.134387,Cloud to Cloud,13052,4829,10
2026-08-30T04:33:31.430746894Z,15.257862,120.603024,Cloud to Cloud,4590,4269,11
2026-08-30T04:33:32.476192402Z,19.455093,114.90312,Cloud to Cloud,-17623,3117,12
2026-08-30T04:33:32.507217778Z,19.455489,114.906171,Cloud to Cloud,-8523,7349,8
2026-08-30T04:33:33.951871981Z,20.155165,113.863535,Cloud to Cloud,8214,16554,8
2026-08-30T04:33:33.540401994Z,20.23921,113.872801,Cloud to Cloud,8802,3649,8
2026-08-30T04:33:33.378106586Z,17.430698,113.154763,Cloud to Ground,13510,0,10
2026-08-30T04:33:33.405640759Z,17.41865,113.062675,Cloud to Cloud,14854,9552,6
2026-08-30T04:33:33.589050086Z,18.481721,116.487916,Cloud to Ground,-7794,0,7
2026-08-30T04:33:33.162696581Z,18.490579,116.498223,Cloud to Ground,19228,0,12
2026-08-30T04:33:35.522836196Z,18.831287,116.13219,Cloud to Ground,-10945,0,8
2026-08-30T04:33:35.455560345Z,18.836146,116.15271,Cloud to Ground,12431,0,12
2026-08-30T04:33:36.043719552Z,19.627845,114.235637,Cloud to Cloud,-7250,4418,10
2026-08-30T04:33:35.885566421Z,19.640352,114.23853,Cloud to Cloud,-6124,14958,7
2026-08-30T04:33:36.055839130Z,19.648232,114.235065,Cloud to Cloud,4135,3393,9
2026-08-30T04:33:37.728109880Z,18.433087,113.725411,Cloud to Ground,-11474,0,11
2026-08-30T04:33:37.529196285Z,18.469149,113.725284,Cloud to Cloud,-7965,5674,12
2026-08-30T04:33:37.519965000Z,18.454699,113.634657,Cloud to Cloud,7559,6077,6
2026-08-30T04:33:38.065601846Z,18.456839,113.647484,Cloud to Cloud,11046,4499,10
2026-08-30T04:33:38.463173059Z,20.351756,113.52258,Cloud to Cloud,-15023,16839,7
2026-08-30T04:33:38.441848859Z,20.319165,113.62277,Cloud to Cloud,-13527,3008,8
2026-08-30T04:33:38.916426358Z,20.369406,113.605299,Cloud to Ground,-13045,0,10
2026-08-30T04:33:38.951766916Z,20.342719,113.678879,Cloud to Cloud,-11965,11334,8
2026-08-30T04:33:38.488116731Z,20.329738,113.575266,Cloud to Ground,-9798,0,11
2026-08-30T04:33:38.792514541Z,20.318046,113.595956,Cloud to Cloud,6087,12710,7
2026-08-30T04:33:38.440093600Z,20.330884,113.631328,Cloud to Ground,21146,0,10
2026-08-30T04:33:38.890762103Z,20.32852,113.689584,Cloud to Ground,21383,0,10
2026-08-30T04:33:38.444067000Z,20.3313,113.6277,Cloud to Ground,25796,0,7
2026-08-30T04:33:39.958480019Z,19.758388,115.19163,Cloud to Ground,-32607,0,11
2026-08-30T04:33:39.993576439Z,19.766226,115.18601,Cloud to Cloud,3319,19685,6
2026-08-30T04:33:40.064683838Z,19.800144,115.160284,Cloud to Ground,8065,0,7
2026-08-30T04:33:40.051474845Z,19.768645,115.191974,Cloud to Ground,10518,0,9
2026-08-30T04:33:39.974649603Z,19.861773,115.111327,Cloud to Cloud,11661,16755,13
2026-08-30T04:33:39.444093878Z,19.122049,114.682978,Cloud to Cloud,-16084,3069,14
2026-08-30T04:33:39.449632133Z,19.139912,114.672482,Cloud to Cloud,5302,16460,7
2026-08-30T04:33:41.725740453Z,18.805914,114.498288,Cloud to Cloud,-14702,4726,7
2026-08-30T04:33:41.726951554Z,18.822734,114.472346,Cloud to Cloud,-8482,5358,10
2026-08-30T04:33:41.721295080Z,18.817978,114.4093,Cloud to Ground,23218,0,12
2026-08-30T04:33:42.094542001Z,18.505836,116.484555,Cloud to Ground,12023,0,12
2026-08-30T04:33:42.229438186Z,18.440157,116.519508,Cloud to Ground,26648,0,12
2026-08-30T04:33:43.288615702Z,18.497454,116.460771,Cloud to Cloud,-7392,7235,6
2026-08-30T04:33:43.334540830Z,18.491788,116.474546,Cloud to Cloud,7373,3018,9
2026-08-30T04:33:43.432888754Z,19.278426,114.752005,Cloud to Cloud,8966,3098,8
2026-08-30T04:33:43.083187606Z,19.327467,115.178078,Cloud to Cloud,-13423,3021,6
2026-08-30T04:33:43.079406382Z,19.328621,115.178169,Cloud to Cloud,-10115,4359,8
2026-08-30T04:33:43.076779312Z,19.361394,115.182155,Cloud to Cloud,9811,3002,7
2026-08-30T04:33:43.085577000Z,19.2826,115.1145,Cloud to Ground,20492,0,5
2026-08-30T04:33:43.055197842Z,18.34156,113.564931,Cloud to Cloud,-12151,4295,9
2026-08-30T04:33:43.060207693Z,18.308807,113.571917,Cloud to Cloud,-8894,3023,10
2026-08-30T04:33:43.057759751Z,18.357314,113.566264,Cloud to Cloud,9461,3087,8
2026-08-30T04:33:43.060780182Z,18.338667,113.474212,Cloud to Ground,19721,0,9
2026-08-30T04:33:43.056619054Z,18.344154,113.469034,Cloud to Ground,33694,0,12
2026-08-30T04:33:43.631413863Z,18.641899,119.297372,Cloud to Cloud,8285,4182,7
2026-08-30T04:33:44.790367745Z,16.826164,127.31397,Cloud to Cloud,5599,3041,8
2026-08-30T04:33:45.669376791Z,16.091036,130.455426,Cloud to Cloud,-15847,3024,9
2026-08-30T04:33:45.670324066Z,16.140755,130.455653,Cloud to Cloud,5604,3159,9
2026-08-30T04:33:45.171656406Z,16.827314,127.166317,Cloud to Cloud,-11383,12685,12
2026-08-30T04:33:45.532690855Z,17.898674,113.47477,Cloud to Cloud,-29465,3031,11
2026-08-30T04:33:45.534551808Z,17.889348,113.427482,Cloud to Cloud,-12157,3004,9
2026-08-30T04:33:45.705122923Z,17.889037,113.470995,Cloud to Ground,-9725,0,9
2026-08-30T04:33:45.533626982Z,17.892075,113.466844,Cloud to Cloud,-7907,7023,7
2026-08-30T04:33:46.356888512Z,18.4834,116.503548,Cloud to Cloud,4084,17368,5
2026-08-30T04:33:45.887834465Z,18.482111,116.503471,Cloud to Ground,38086,0,11
2026-08-30T04:33:47.352150109Z,21.950116,113.218673,Cloud to Cloud,-15118,3015,7
2026-08-30T04:33:46.875577086Z,21.968567,113.141856,Cloud to Cloud,8307,12276,7
2026-08-30T04:33:46.869017226Z,21.919591,113.074211,Cloud to Ground,19269,0,8
2026-08-30T04:33:46.477215488Z,19.992297,114.243718,Cloud to Cloud,11037,14442,8
2026-08-30T04:33:47.342087977Z,22.110083,113.672546,Cloud to Cloud,-12039,6176,7
2026-08-30T04:33:48.129760413Z,18.590719,113.961681,Cloud to Ground,-18096,0,9
2026-08-30T04:33:48.121491224Z,20.411277,113.482557,Cloud to Cloud,-13052,19292,7
2026-08-30T04:33:48.132655884Z,20.1087,114.81538,Cloud to Ground,-10213,0,5
2026-08-30T04:33:47.949151054Z,20.111353,114.8163,Cloud to Cloud,10876,3011,7
2026-08-30T04:33:48.319957485Z,20.1369,114.845173,Cloud to Ground,12525,0,8
2026-08-30T04:33:47.946167855Z,20.091894,114.723586,Cloud to Ground,22579,0,8
2026-08-30T04:33:48.087305380Z,20.128764,114.695039,Cloud to Ground,32012,0,7
2026-08-30T04:33:48.071876446Z,20.225578,113.650898,Cloud to Cloud,16280,3688,11
2026-08-30T04:33:48.073965000Z,20.2353,113.6625,Cloud to Ground,36341,0,5
2026-08-30T04:33:49.054270713Z,18.53509,116.563909,Cloud to Cloud,-22851,3006,14
2026-08-30T04:33:49.172062327Z,18.536974,116.560469,Cloud to Ground,-15686,0,12
2026-08-30T04:33:49.075694505Z,18.517803,116.534893,Cloud to Cloud,-8188,11884,7
2026-08-30T04:33:49.867435560Z,19.419895,114.86632,Cloud to Cloud,-14897,14425,9
2026-08-30T04:33:49.833595266Z,19.412918,114.791683,Cloud to Cloud,7508,19816,8
2026-08-30T04:33:49.670165793Z,19.435592,114.890871,Cloud to Cloud,8123,3011,6
2026-08-30T04:33:49.855702004Z,22.286499,113.383615,Cloud to Cloud,-10078,8568,7
2026-08-30T04:33:50.465153448Z,22.256223,113.393712,Cloud to Cloud,-9920,6709,9
2026-08-30T04:33:50.073514917Z,22.285665,113.385188,Cloud to Cloud,6238,3020,9
2026-08-30T04:33:50.039984707Z,22.285533,113.346782,Cloud to Ground,46232,0,18
2026-08-30T04:33:51.699528749Z,19.309131,118.603226,Cloud to Cloud,-8728,15534,13
2026-08-30T04:33:52.237941930Z,19.334937,118.596003,Cloud to Cloud,-8685,3004,7
2026-08-30T04:33:51.720388339Z,19.321196,118.563319,Cloud to Cloud,4374,6514,7
2026-08-30T04:33:51.676387325Z,19.285926,118.594623,Cloud to Cloud,16458,14464,14
2026-08-30T04:33:51.684464000Z,19.2258,118.5248,Cloud to Ground,18516,0,5
2026-08-30T04:33:51.704402616Z,19.370045,118.626512,Cloud to Cloud,19524,17000,9
2026-08-30T04:33:51.601755722Z,19.497899,114.827069,Cloud to Cloud,-15620,3013,7
2026-08-30T04:33:51.538683229Z,15.052104,121.153651,Cloud to Cloud,10691,5856,6
2026-08-30T04:33:51.818936490Z,16.911168,132.009079,Cloud to Ground,-39442,0,13
2026-08-30T04:33:51.817123816Z,16.929509,132.014355,Cloud to Ground,-19625,0,9
2026-08-30T04:33:52.293047544Z,16.923213,132.013938,Cloud to Ground,-13431,0,9
2026-08-30T04:33:51.820488194Z,16.925839,132.016461,Cloud to Ground,-13323,0,7
2026-08-30T04:33:51.821267513Z,16.897739,131.982,Cloud to Ground,-12964,0,7
2026-08-30T04:33:52.111007305Z,16.900447,132.110351,Cloud to Cloud,7977,3006,6
2026-08-30T04:33:53.013171337Z,16.910476,132.076827,Cloud to Ground,13434,0,8
2026-08-30T04:33:52.621664000Z,16.911238,132.064646,Cloud to Ground,22864,0,15
2026-08-30T04:33:52.560224805Z,16.910798,132.071786,Cloud to Ground,51218,0,21
2026-08-30T04:33:52.357549368Z,19.98801,114.413046,Cloud to Cloud,-12253,7740,11
2026-08-30T04:33:52.347749348Z,19.987777,114.403293,Cloud to Cloud,10935,7794,10
2026-08-30T04:33:53.838023660Z,19.053665,118.436139,Cloud to Ground,-19562,0,9
2026-08-30T04:33:54.076709157Z,19.089293,118.491033,Cloud to Ground,-14087,0,12
2026-08-30T04:33:54.082131000Z,19.1214,118.5137,Cloud to Ground,12633,0,5
2026-08-30T04:33:53.949026000Z,19.1142,118.4788,Cloud to Ground,16274,0,5
2026-08-30T04:33:53.985477000Z,19.0711,118.4533,Cloud to Ground,54019,0,9
2026-08-30T04:33:53.921930815Z,18.491676,116.495866,Cloud to Ground,18263,0,8
2026-08-30T04:33:54.105630951Z,17.475602,113.107589,Cloud to Ground,-13898,0,6
2026-08-30T04:33:54.111033162Z,17.457626,113.140537,Cloud to Ground,8724,0,9
2026-08-30T04:33:53.582869532Z,17.449318,113.062368,Cloud to Ground,32247,0,12
2026-08-30T04:33:56.557876753Z,18.382691,116.453928,Cloud to Cloud,-4656,18127,5
2026-08-30T04:33:55.982051923Z,18.422455,116.53109,Cloud to Cloud,7358,3012,6
2026-08-30T04:33:56.261739180Z,18.395078,116.472581,Cloud to Cloud,8248,3025,8
2026-08-30T04:33:55.975510109Z,18.389801,116.471113,Cloud to Cloud,8858,19043,9
2026-08-30T04:33:55.197924288Z,16.500358,120.222999,Cloud to Cloud,16016,7108,11
2026-08-30T04:33:59.365389220Z,18.689425,114.39283,Cloud to Ground,-8583,0,7
2026-08-30T04:33:59.363101952Z,18.707538,114.392581,Cloud to Cloud,5622,10857,9
2026-08-30T04:33:59.360045736Z,18.692384,114.387106,Cloud to Cloud,6960,3318,10
2026-08-30T04:33:59.359595882Z,18.687314,114.299161,Cloud to Ground,34022,0,12
2026-08-30T04:34:00.290618885Z,15.122773,121.069553,Cloud to Ground,-18901,0,12
2026-08-30T04:34:00.363313057Z,15.064753,121.14685,Cloud to Ground,-7734,0,9
2026-08-30T04:34:01.749253084Z,18.69393,118.196481,Cloud to Ground,-13976,0,10
2026-08-30T04:34:01.852528763Z,18.677614,118.230436,Cloud to Cloud,-9473,11315,6
2026-08-30T04:34:01.977434821Z,18.697165,118.229044,Cloud to Cloud,6415,3027,6
2026-08-30T04:34:01.745710719Z,18.699422,118.23109,Cloud to Cloud,7904,16465,9
2026-08-30T04:34:01.964988060Z,18.676301,118.222506,Cloud to Cloud,14765,5454,10
2026-08-30T04:34:01.787021461Z,18.701986,118.231909,Cloud to Ground,17861,0,10
2026-08-30T04:34:01.777130000Z,18.7475,118.0948,Cloud to Ground,29991,0,6
2026-08-30T04:34:03.236499593Z,18.406852,116.468987,Cloud to Ground,19322,0,14
2026-08-30T04:34:04.554566709Z,16.979917,131.837931,Cloud to Ground,-21576,0,18
2026-08-30T04:34:04.732680351Z,16.981095,131.85607,Cloud to Ground,9638,0,11
2026-08-30T04:34:04.581185790Z,16.963069,131.856781,Cloud to Ground,15608,0,10
2026-08-30T04:34:04.638089715Z,16.977582,131.85502,Cloud to Ground,32916,0,15
2026-08-30T04:34:04.647223399Z,14.973805,121.149196,Cloud to Cloud,11293,19414,10
2026-08-30T04:34:06.733890730Z,18.566098,113.922661,Cloud to Cloud,-11628,6642,8
2026-08-30T04:34:06.743653849Z,18.571133,113.945415,Cloud to Cloud,6028,3025,8
2026-08-30T04:34:06.747108777Z,18.56458,113.948578,Cloud to Cloud,8837,3009,11
2026-08-30T04:34:07.645904358Z,18.500899,116.46867,Cloud to Cloud,-8127,6381,8
2026-08-30T04:34:07.913068049Z,18.491411,116.520845,Cloud to Cloud,-6818,3039,7
2026-08-30T04:34:07.594158258Z,18.488694,116.481367,Cloud to Cloud,-5416,18384,8
2026-08-30T04:34:08.500597467Z,18.402257,116.536483,Cloud to Cloud,-9540,14252,7
2026-08-30T04:34:08.861398066Z,18.395556,116.538644,Cloud to Cloud,-5160,19549,6
2026-08-30T04:34:08.359753804Z,18.395991,116.528098,Cloud to Cloud,6878,17013,7
2026-08-30T04:34:08.437975424Z,19.816207,115.038567,Cloud to Cloud,6564,3072,8
2026-08-30T04:34:08.029989000Z,19.7538,114.8183,Cloud to Ground,10909,0,6
2026-08-30T04:34:09.965417127Z,18.579743,113.787518,Cloud to Cloud,-9848,3279,9
2026-08-30T04:34:10.017050656Z,18.568223,113.745086,Cloud to Cloud,-7971,7086,6
2026-08-30T04:34:10.144327103Z,18.571476,113.793471,Cloud to Ground,-6929,0,9
2026-08-30T04:34:09.960778845Z,18.580165,113.70726,Cloud to Cloud,7301,3022,7
2026-08-30T04:34:11.156618648Z,20.372329,113.673287,Cloud to Ground,-35849,0,12
2026-08-30T04:34:10.968115738Z,20.386298,113.658419,Cloud to Ground,-19877,0,7
2026-08-30T04:34:10.768770260Z,20.420693,113.611968,Cloud to Cloud,-13993,19132,6
2026-08-30T04:34:10.862260065Z,20.393479,113.645558,Cloud to Cloud,-10375,13063,9
2026-08-30T04:34:10.784981295Z,20.33584,113.655185,Cloud to Cloud,-9506,9748,7
2026-08-30T04:34:10.646749539Z,20.367645,113.680494,Cloud to Cloud,11187,3619,11
2026-08-30T04:34:10.770224798Z,20.364193,113.654192,Cloud to Cloud,11365,3008,11
2026-08-30T04:34:11.247133215Z,20.320534,113.736857,Cloud to Cloud,13623,5716,7
2026-08-30T04:34:10.753108938Z,20.364037,113.678699,Cloud to Ground,45202,0,15
2026-08-30T04:34:10.491521594Z,19.404692,114.250489,Cloud to Ground,-12539,0,10
2026-08-30T04:34:10.231304547Z,19.35368,115.091091,Cloud to Ground,-10180,0,5
2026-08-30T04:34:11.624831780Z,4.603231,113.232623,Cloud to Ground,-13491,0,13
2026-08-30T04:34:11.661569299Z,18.48283,116.50765,Cloud to Ground,10253,0,9
2026-08-30T04:34:12.799077926Z,16.82973,127.673003,Cloud to Ground,-75599,0,16
2026-08-30T04:34:12.382226068Z,16.815472,127.663122,Cloud to Ground,-12339,0,10
2026-08-30T04:34:13.072815262Z,17.83583,125.260454,Cloud to Cloud,-11122,3100,7
2026-08-30T04:34:12.859122184Z,17.870257,125.316915,Cloud to Ground,11875,0,14
2026-08-30T04:34:12.887938840Z,17.878717,125.309269,Cloud to Cloud,16326,16128,12
2026-08-30T04:34:13.931640286Z,16.130026,130.980708,Cloud to Ground,36448,0,11
2026-08-30T04:34:12.793903030Z,16.736563,127.722603,Cloud to Cloud,-16603,3128,12
2026-08-30T04:34:13.255876635Z,16.737883,127.792813,Cloud to Ground,21732,0,8
2026-08-30T04:34:13.255153399Z,16.797751,127.891374,Cloud to Ground,16843,0,9
2026-08-30T04:34:13.262785066Z,16.667968,127.919234,Cloud to Cloud,19812,4950,7
2026-08-30T04:34:13.005768877Z,16.691052,127.881839,Cloud to Cloud,23024,4848,8
2026-08-30T04:34:13.253593301Z,16.721882,127.913112,Cloud to Cloud,40867,16641,10
2026-08-30T04:34:14.389542085Z,16.250831,130.853141,Cloud to Ground,-14975,0,8
2026-08-30T04:34:13.933431913Z,16.213006,130.942661,Cloud to Cloud,-13117,3190,15
2026-08-30T04:34:13.946730208Z,16.221446,130.886591,Cloud to Cloud,-9687,4508,6
2026-08-30T04:34:14.392274175Z,16.220221,130.747407,Cloud to Ground,-13359,0,10
2026-08-30T04:34:14.622932183Z,18.468501,113.723058,Cloud to Ground,-10569,0,9
2026-08-30T04:34:14.624237321Z,18.445649,113.538807,Cloud to Cloud,-11164,3024,7
2026-08-30T04:34:14.705883677Z,22.014687,113.304657,Cloud to Cloud,-15509,4736,8
2026-08-30T04:34:14.987129312Z,21.678591,112.742501,Cloud to Cloud,13701,12646,8
2026-08-30T04:34:15.999249213Z,22.101578,113.354348,Cloud to Ground,-53550,0,17
2026-08-30T04:34:16.080619433Z,22.104588,113.355069,Cloud to Ground,-31601,0,14
2026-08-30T04:34:16.096460675Z,22.108549,113.348314,Cloud to Ground,-18618,0,10
2026-08-30T04:34:16.069820002Z,22.072261,113.35284,Cloud to Cloud,-15877,3013,13
2026-08-30T04:34:16.015599443Z,22.058024,113.319699,Cloud to Ground,-13532,0,10
2026-08-30T04:34:16.020208795Z,22.121191,113.346345,Cloud to Ground,-11454,0,8
2026-08-30T04:34:16.001441078Z,22.094437,113.323642,Cloud to Cloud,8583,3008,7
2026-08-30T04:34:15.757352604Z,18.446453,116.531447,Cloud to Ground,18493,0,15
2026-08-30T04:34:16.318288780Z,20.184117,114.452107,Cloud to Cloud,-12640,16776,16
2026-08-30T04:34:16.156368786Z,20.174778,114.510281,Cloud to Cloud,-12513,17962,8
2026-08-30T04:34:16.171638225Z,20.16158,114.499192,Cloud to Cloud,-12166,3124,8
2026-08-30T04:34:16.195699619Z,20.172786,114.512902,Cloud to Cloud,-10271,3036,10
2026-08-30T04:34:16.159118171Z,20.16537,114.391956,Cloud to Cloud,12887,5730,9
2026-08-30T04:34:16.117373092Z,20.250915,114.468784,Cloud to Ground,18683,0,10
2026-08-30T04:34:16.161447612Z,18.34313,117.509563,Cloud to Cloud,-10742,3008,9
2026-08-30T04:34:17.988171077Z,17.155631,131.5362,Cloud to Ground,-16005,0,11
2026-08-30T04:34:17.985560240Z,17.117253,131.594829,Cloud to Ground,-15869,0,11
2026-08-30T04:34:17.986734500Z,17.14405,131.580214,Cloud to Ground,-10849,0,12
2026-08-30T04:34:17.997407961Z,17.147483,131.586909,Cloud to Ground,-9940,0,14
2026-08-30T04:34:17.991030658Z,17.146369,131.627235,Cloud to Cloud,-8849,16872,9
2026-08-30T04:34:18.076365778Z,17.114004,131.545707,Cloud to Cloud,7038,3805,9
2026-08-30T04:34:17.875141019Z,18.326533,116.364909,Cloud to Cloud,-11150,7876,7
2026-08-30T04:34:17.515909343Z,18.504237,116.531541,Cloud to Ground,-9060,0,8
2026-08-30T04:34:17.729772607Z,18.54263,116.49759,Cloud to Cloud,-8109,3777,9
2026-08-30T04:34:17.886653556Z,18.497234,116.510886,Cloud to Ground,-7986,0,9
2026-08-30T04:34:17.700992842Z,18.5108,116.523838,Cloud to Ground,-6501,0,6
2026-08-30T04:34:18.584056355Z,17.680821,125.329095,Cloud to Ground,-51847,0,16
2026-08-30T04:34:18.621447567Z,17.680283,125.324097,Cloud to Ground,-30860,0,13
2026-08-30T04:34:18.589487431Z,17.68819,125.372883,Cloud to Ground,-26821,0,16
2026-08-30T04:34:18.647644792Z,17.682391,125.325211,Cloud to Ground,-11765,0,14
2026-08-30T04:34:18.209902251Z,22.955288,113.1343,Cloud to Cloud,-14935,5080,8
2026-08-30T04:34:18.217429235Z,22.932799,113.146843,Cloud to Cloud,-11286,3340,11
2026-08-30T04:34:18.501466556Z,22.910733,113.105558,Cloud to Cloud,-9686,8477,10
2026-08-30T04:34:19.952566034Z,19.664493,114.882686,Cloud to Cloud,-8486,6823,8
2026-08-30T04:34:19.749769876Z,19.58484,114.99982,Cloud to Cloud,-8498,4279,9
2026-08-30T04:34:19.715546026Z,19.640491,114.97908,Cloud to Ground,37623,0,12
2026-08-30T04:34:19.702427334Z,19.925491,114.409812,Cloud to Cloud,-11200,7748,8
2026-08-30T04:34:22.231361072Z,18.585097,117.910766,Cloud to Cloud,-9685,8761,6
2026-08-30T04:34:22.220383717Z,18.585965,117.926974,Cloud to Ground,12024,0,11
2026-08-30T04:34:22.182903478Z,18.582122,117.916867,Cloud to Cloud,16813,19715,12
2026-08-30T04:34:22.725698556Z,15.043005,121.160962,Cloud to Ground,16482,0,9
2026-08-30T04:34:22.784161941Z,18.562853,119.877433,Cloud to Cloud,8017,6014,10
2026-08-30T04:34:22.763226000Z,18.6734,119.913,Cloud to Ground,21421,0,7
2026-08-30T04:34:23.364845726Z,17.420438,113.123428,Cloud to Cloud,-12796,13320,12
2026-08-30T04:34:23.853390767Z,17.467887,113.13887,Cloud to Cloud,-11772,7236,10
2026-08-30T04:34:23.402324742Z,17.420683,113.131373,Cloud to Cloud,-11310,3222,10
2026-08-30T04:34:23.358093715Z,17.466679,113.134529,Cloud to Ground,13320,0,8
2026-08-30T04:34:23.362606886Z,17.428193,113.162378,Cloud to Ground,22969,0,8
2026-08-30T04:34:24.823894165Z,16.612427,120.467365,Cloud to Cloud,9606,3267,9
2026-08-30T04:34:24.826174630Z,17.120207,120.529395,Cloud to Cloud,-7600,8180,6
2026-08-30T04:34:24.783385238Z,17.214768,120.441867,Cloud to Cloud,27496,17742,12
2026-08-30T04:34:24.528933621Z,17.508107,113.265758,Cloud to Cloud,-11641,4557,6
2026-08-30T04:34:24.234819605Z,18.548476,113.941891,Cloud to Cloud,11988,7979,8
2026-08-30T04:34:26.952478726Z,18.476096,116.489766,Cloud to Ground,80961,0,12
2026-08-30T04:34:26.328910706Z,14.443842,120.965183,Cloud to Cloud,-5176,3854,6
2026-08-30T04:34:26.658411964Z,14.379301,120.986807,Cloud to Cloud,11096,5998,8
2026-08-30T04:34:27.359284272Z,16.803895,127.675128,Cloud to Cloud,5470,15540,6
2026-08-30T04:34:28.463681080Z,18.477542,117.324025,Cloud to Ground,-52689,0,12
2026-08-30T04:34:28.448695910Z,18.66574,119.490227,Cloud to Cloud,-8744,17020,7
2026-08-30T04:34:28.326124618Z,18.670396,119.513159,Cloud to Cloud,3550,3061,6
2026-08-30T04:34:28.456437263Z,18.653703,119.51707,Cloud to Cloud,18811,19824,13
2026-08-30T04:34:29.537179314Z,18.462779,117.342127,Cloud to Ground,-27828,0,15
2026-08-30T04:34:29.594342657Z,18.469051,117.349963,Cloud to Cloud,11101,5467,10
2026-08-30T04:34:30.057491255Z,17.130558,132.314602,Cloud to Ground,-16091,0,14
2026-08-30T04:34:30.058278351Z,17.11714,132.319227,Cloud to Ground,-15571,0,15
2026-08-30T04:34:30.066768857Z,17.092563,132.344992,Cloud to Ground,-13110,0,14
2026-08-30T04:34:30.102768108Z,17.090006,132.319554,Cloud to Ground,-12903,0,15
2026-08-30T04:34:30.060741483Z,17.118966,132.335097,Cloud to Ground,-11938,0,9
2026-08-30T04:34:30.056206152Z,17.100595,132.335155,Cloud to Ground,13992,0,9
2026-08-30T04:34:30.861490995Z,16.598416,128.027287,Cloud to Cloud,25980,3126,10
2026-08-30T04:34:30.863181000Z,16.679,127.9802,Cloud to Ground,31647,0,10
2026-08-30T04:34:31.989043881Z,17.860063,113.349553,Cloud to Cloud,-16264,19932,6
2026-08-30T04:34:32.318700580Z,17.786671,113.41353,Cloud to Ground,-13317,0,7
2026-08-30T04:34:31.738749195Z,17.907199,113.501935,Cloud to Ground,-12191,0,6
2026-08-30T04:34:31.984226808Z,17.856813,113.426642,Cloud to Cloud,-11543,4527,7
2026-08-30T04:34:32.149071664Z,17.710777,113.325185,Cloud to Ground,-10300,0,7
2026-08-30T04:34:32.548246603Z,17.591642,113.246714,Cloud to Cloud,-33949,19224,14
2026-08-30T04:34:32.842381732Z,17.576194,113.263262,Cloud to Cloud,-11342,3004,7
2026-08-30T04:34:32.416622283Z,19.277714,118.615126,Cloud to Cloud,-6684,5736,6
2026-08-30T04:34:32.261445209Z,19.284315,118.603366,Cloud to Cloud,5632,5850,7
2026-08-30T04:34:32.265452218Z,19.281777,118.604066,Cloud to Cloud,8427,5077,7
2026-08-30T04:34:33.857825598Z,19.589438,114.776425,Cloud to Cloud,6956,8198,7
2026-08-30T04:34:33.836906854Z,18.475722,116.490062,Cloud to Cloud,13887,3032,8
2026-08-30T04:34:33.839078427Z,19.506407,114.834259,Cloud to Cloud,10383,15373,7
2026-08-30T04:34:34.015451780Z,19.518231,114.856701,Cloud to Ground,27179,0,13
2026-08-30T04:34:35.661200541Z,19.349384,114.272868,Cloud to Ground,-10489,0,8
2026-08-30T04:34:35.650075161Z,19.354998,114.274636,Cloud to Cloud,10868,7477,13
2026-08-30T04:34:35.654446664Z,19.327766,114.181005,Cloud to Ground,22876,0,9
2026-08-30T04:34:36.244390874Z,18.593898,113.911767,Cloud to Cloud,10844,3000,8
2026-08-30T04:34:36.479397646Z,18.543228,113.830691,Cloud to Cloud,-12096,3025,9
2026-08-30T04:34:36.517160312Z,18.415879,116.582546,Cloud to Ground,-19307,0,11
2026-08-30T04:34:36.159110741Z,18.358063,116.489676,Cloud to Cloud,-9744,9542,9
2026-08-30T04:34:37.003535480Z,18.424636,113.656751,Cloud to Cloud,-7249,3017,6
2026-08-30T04:34:37.451088623Z,19.628552,114.575421,Cloud to Cloud,9298,6123,7
2026-08-30T04:34:37.406870030Z,19.644914,114.625489,Cloud to Ground,18033,0,12
2026-08-30T04:34:39.187933401Z,14.983176,121.152758,Cloud to Cloud,9969,7880,7
2026-08-30T04:34:40.513114927Z,4.565814,113.241018,Cloud to Ground,13525,0,6
2026-08-30T04:34:40.551665196Z,16.263767,129.761362,Cloud to Cloud,-13397,5593,7
2026-08-30T04:34:40.553772333Z,16.254223,129.608378,Cloud to Cloud,-12910,11123,8
2026-08-30T04:34:40.564218849Z,16.255134,129.825883,Cloud to Ground,-11068,0,8
2026-08-30T04:34:40.563190207Z,16.229551,129.696454,Cloud to Cloud,13980,11680,9
2026-08-30T04:34:40.550182118Z,16.27211,129.821264,Cloud to Ground,47676,0,16
2026-08-30T04:34:41.297646361Z,17.709867,113.422564,Cloud to Cloud,-8942,3042,8
2026-08-30T04:34:40.836364882Z,17.674262,113.358846,Cloud to Cloud,7887,3494,7
2026-08-30T04:34:40.835058461Z,17.681268,113.440461,Cloud to Cloud,20643,19598,7
2026-08-30T04:34:41.901259754Z,20.261444,113.744859,Cloud to Cloud,-24896,3106,13
2026-08-30T04:34:41.905404555Z,20.273203,113.729337,Cloud to Cloud,9758,3017,7
2026-08-30T04:34:41.902318000Z,20.2549,113.7415,Cloud to Ground,27892,0,6
2026-08-30T04:34:41.693662725Z,18.488533,116.497406,Cloud to Ground,35310,0,13
2026-08-30T04:34:42.789230986Z,19.39772,114.214868,Cloud to Cloud,-16901,3052,13
2026-08-30T04:34:43.996107501Z,20.319548,113.655329,Cloud to Cloud,-10046,3006,8
2026-08-30T04:34:43.823470000Z,20.3083,113.6318,Cloud to Ground,41160,0,8
2026-08-30T04:34:44.121532072Z,4.543244,113.251311,Cloud to Ground,-8951,0,6
2026-08-30T04:34:44.138620045Z,4.549502,113.263476,Cloud to Ground,-7848,0,5
2026-08-30T04:34:44.940778814Z,19.080958,115.743019,Cloud to Cloud,-13328,3029,8
2026-08-30T04:34:44.773359150Z,18.459048,116.280755,Cloud to Cloud,8710,15730,7
2026-08-30T04:34:45.163575435Z,18.932412,115.662578,Cloud to Cloud,6231,3044,7
2026-08-30T04:34:45.109986155Z,18.95617,115.627322,Cloud to Ground,14780,0,11
2026-08-30T04:34:45.768960934Z,19.164738,115.754243,Cloud to Cloud,20964,14538,8
2026-08-30T04:34:45.704069645Z,18.981371,116.018457,Cloud to Ground,-24520,0,14
2026-08-30T04:34:45.354604367Z,18.967831,115.941328,Cloud to Cloud,-11517,3040,8
2026-08-30T04:34:45.828408362Z,18.870682,116.027886,Cloud to Cloud,-8731,7570,7
2026-08-30T04:34:46.312060889Z,18.909205,116.028892,Cloud to Cloud,10215,6193,6
2026-08-30T04:34:45.592941742Z,18.501288,116.521586,Cloud to Ground,-18738,0,12
2026-08-30T04:34:45.566053656Z,18.546486,116.556418,Cloud to Cloud,-9907,19340,6
2026-08-30T04:34:45.230515838Z,18.560043,116.480992,Cloud to Cloud,-8352,5963,8
2026-08-30T04:34:45.648691146Z,18.500669,116.529191,Cloud to Cloud,-5536,17207,6
2026-08-30T04:34:47.328929262Z,18.557863,113.763923,Cloud to Cloud,-34992,3050,14
2026-08-30T04:34:47.298266151Z,18.547348,113.660154,Cloud to Ground,-22016,0,10
2026-08-30T04:34:47.709962029Z,18.561644,113.74155,Cloud to Cloud,-20637,3013,10
2026-08-30T04:34:47.356577160Z,18.584579,113.720659,Cloud to Ground,-17986,0,10
2026-08-30T04:34:47.298696590Z,18.566288,113.733755,Cloud to Cloud,-14303,18565,14
2026-08-30T04:34:47.466973105Z,18.570069,113.737073,Cloud to Ground,-10192,0,10
2026-08-30T04:34:47.440551787Z,18.538656,113.747813,Cloud to Ground,101071,0,14
2026-08-30T04:34:48.369863000Z,4.6741,113.2317,Cloud to Ground,-5491,0,6
2026-08-30T04:34:50.904521851Z,19.995695,114.31703,Cloud to Cloud,17453,5000,9
2026-08-30T04:34:51.889728267Z,4.5553,113.228378,Cloud to Ground,10658,0,9
2026-08-30T04:34:51.752135549Z,18.53207,113.793286,Cloud to Cloud,-13061,3013,12
2026-08-30T04:34:51.794705352Z,18.512861,113.800879,Cloud to Cloud,-12750,8347,12
2026-08-30T04:34:51.776142631Z,18.568703,113.76092,Cloud to Cloud,-9184,7322,9
2026-08-30T04:34:52.405172944Z,17.42259,113.145343,Cloud to Cloud,-14742,19242,14
2026-08-30T04:34:52.436473024Z,17.403502,113.102813,Cloud to Cloud,-13129,7519,11
2026-08-30T04:34:52.553793192Z,17.469258,113.091039,Cloud to Cloud,-7135,5144,5
2026-08-30T04:34:52.251860317Z,19.297892,114.748338,Cloud to Cloud,-9655,14466,10
2026-08-30T04:34:52.601621576Z,20.04224,114.503754,Cloud to Cloud,8559,3024,6
2026-08-30T04:34:53.231330725Z,16.810045,127.652967,Cloud to Ground,34720,0,10
2026-08-30T04:34:53.879558853Z,18.481558,116.496289,Cloud to Cloud,-5133,3057,6
2026-08-30T04:34:54.102570444Z,18.476584,116.480191,Cloud to Cloud,6000,5701,7
2026-08-30T04:34:53.487624029Z,18.489155,116.477792,Cloud to Ground,23954,0,11
2026-08-30T04:34:53.053914970Z,21.749522,112.431265,Cloud to Cloud,-12963,3258,6
2026-08-30T04:34:53.056647236Z,21.745745,112.423323,Cloud to Cloud,-9375,5061,7
2026-08-30T04:34:53.414898694Z,18.63291,117.921403,Cloud to Ground,-11082,0,10
2026-08-30T04:34:55.887859580Z,4.497427,113.240667,Cloud to Ground,10334,0,5
2026-08-30T04:34:55.750338923Z,18.94674,114.353634,Cloud to Ground,86699,0,12
2026-08-30T04:34:55.719165156Z,18.405269,116.574755,Cloud to Cloud,8788,4967,10
2026-08-30T04:34:55.088903005Z,15.070173,121.155915,Cloud to Ground,-18413,0,11
2026-08-30T04:34:56.113329647Z,20.215664,113.649778,Cloud to Ground,-64626,0,17
2026-08-30T04:34:56.341297152Z,20.210549,113.657643,Cloud to Cloud,-23439,7348,10
2026-08-30T04:34:56.143293338Z,20.183919,113.647074,Cloud to Cloud,-10674,3024,7
2026-08-30T04:34:56.350131637Z,20.256126,113.631253,Cloud to Cloud,-9078,16435,6
2026-08-30T04:34:56.206884414Z,20.213223,113.639997,Cloud to Ground,14452,0,6
2026-08-30T04:34:56.105671212Z,20.226715,113.651514,Cloud to Cloud,18012,14201,12
2026-08-30T04:34:56.038616099Z,18.973843,114.453941,Cloud to Ground,-13836,0,7
2026-08-30T04:34:55.748181896Z,19.041902,114.393476,Cloud to Cloud,12692,3276,8
2026-08-30T04:34:55.766373019Z,18.948471,114.457663,Cloud to Cloud,20154,3003,10
2026-08-30T04:34:56.992968401Z,22.008841,113.0887,Cloud to Cloud,-7989,6417,8
2026-08-30T04:34:56.638803762Z,22.874946,113.206655,Cloud to Ground,14149,0,14
2026-08-30T04:34:56.656741244Z,20.300022,113.539688,Cloud to Cloud,15243,3005,12
2026-08-30T04:34:57.934269536Z,16.811894,127.669701,Cloud to Cloud,-13349,6183,10
2026-08-30T04:34:57.042506051Z,20.325394,113.6933,Cloud to Cloud,-12335,3004,13
2026-08-30T04:34:57.539112459Z,18.743068,114.430016,Cloud to Cloud,-10495,3014,8
2026-08-30T04:34:57.537075836Z,18.748626,114.425653,Cloud to Cloud,9862,3040,9
2026-08-30T04:34:57.537584404Z,18.743432,114.417318,Cloud to Ground,14085,0,14
2026-08-30T04:34:58.646684299Z,4.500907,113.218053,Cloud to Ground,-19886,0,6
2026-08-30T04:35:00.669285111Z,17.665453,113.413702,Cloud to Cloud,-9427,18897,8
2026-08-30T04:35:00.267919496Z,19.748843,115.214782,Cloud to Cloud,8477,8656,10
2026-08-30T04:35:00.226193197Z,19.751919,115.158326,Cloud to Cloud,24074,4516,7
2026-08-30T04:35:01.802565830Z,4.637245,113.249927,Cloud to Ground,-21974,0,13
2026-08-30T04:35:01.971161256Z,4.535515,113.241238,Cloud to Ground,-15649,0,6
2026-08-30T04:35:01.953152017Z,4.550386,113.253404,Cloud to Ground,-9727,0,6
2026-08-30T04:35:03.387583448Z,17.500281,113.186365,Cloud to Cloud,-17243,3166,10
2026-08-30T04:35:03.146991663Z,17.421906,113.060504,Cloud to Ground,10378,0,9
2026-08-30T04:35:03.362165828Z,17.394247,113.039975,Cloud to Cloud,12529,3485,8
2026-08-30T04:35:03.863996000Z,18.6605,116.4547,Cloud to Ground,13282,0,5
2026-08-30T04:35:04.420127894Z,20.274722,114.184526,Cloud to Ground,-31274,0,13
2026-08-30T04:35:04.570987534Z,20.259883,114.172626,Cloud to Cloud,-23595,11021,12
2026-08-30T04:35:04.423215735Z,20.276033,114.18643,Cloud to Cloud,10071,3136,8
2026-08-30T04:35:04.551980526Z,20.245412,114.215062,Cloud to Cloud,16823,4085,8
2026-08-30T04:35:04.588402806Z,20.230611,114.140802,Cloud to Ground,28401,0,10
2026-08-30T04:35:05.173616392Z,18.302412,113.672609,Cloud to Ground,-15210,0,9
2026-08-30T04:35:05.502466122Z,18.390494,113.6721,Cloud to Cloud,11273,3660,8
2026-08-30T04:35:05.800597576Z,20.444086,113.798103,Cloud to Cloud,-9222,3137,7
2026-08-30T04:35:05.393171719Z,20.292041,113.788349,Cloud to Ground,-56346,0,8
2026-08-30T04:35:05.444829483Z,20.285227,113.820178,Cloud to Cloud,-15062,7993,9
2026-08-30T04:35:05.137028291Z,20.301652,113.808807,Cloud to Cloud,14852,5132,6
2026-08-30T04:35:07.482935905Z,18.505362,116.47936,Cloud to Ground,15806,0,12
2026-08-30T04:35:08.181563939Z,19.409665,114.241031,Cloud to Cloud,-6864,3075,9
2026-08-30T04:35:08.204826559Z,19.415412,114.238218,Cloud to Ground,-5092,0,6
2026-08-30T04:35:08.804229000Z,16.8063,127.587,Cloud to Ground,-7028,0,5
2026-08-30T04:35:09.585758021Z,16.816275,127.340292,Cloud to Cloud,-18044,3057,10
2026-08-30T04:35:09.647977030Z,16.76714,127.346485,Cloud to Cloud,7593,3184,7
2026-08-30T04:35:09.614566343Z,16.793299,127.349037,Cloud to Ground,12160,0,9
2026-08-30T04:35:09.624406523Z,16.88494,127.155707,Cloud to Ground,22597,0,11
2026-08-30T04:35:09.582064619Z,16.815172,127.231397,Cloud to Cloud,13579,5392,12
2026-08-30T04:35:10.437209411Z,18.568744,113.936395,Cloud to Ground,-21569,0,14
2026-08-30T04:35:10.666809252Z,18.572453,113.934186,Cloud to Ground,-10959,0,13
2026-08-30T04:35:10.609867421Z,18.569024,113.937927,Cloud to Ground,-8607,0,12
2026-08-30T04:35:10.552463342Z,18.578109,113.917531,Cloud to Cloud,8868,4515,6
2026-08-30T04:35:10.957294611Z,18.484908,116.488269,Cloud to Cloud,8403,3159,5
2026-08-30T04:35:12.348509620Z,4.516299,113.236327,Cloud to Ground,-14243,0,7
2026-08-30T04:35:12.159217320Z,15.999567,129.443304,Cloud to Cloud,18908,7089,10
2026-08-30T04:35:12.597321496Z,20.182835,113.880184,Cloud to Ground,31169,0,13
2026-08-30T04:35:12.598140704Z,20.189983,113.987038,Cloud to Cloud,-14656,3916,13
2026-08-30T04:35:12.602678681Z,20.168727,113.991838,Cloud to Cloud,-11555,6189,10
2026-08-30T04:35:13.481721446Z,18.879451,118.270375,Cloud to Cloud,-7673,3047,6
2026-08-30T04:35:13.440178486Z,18.933435,118.398982,Cloud to Cloud,-34437,3055,19
2026-08-30T04:35:13.486799999Z,18.934046,118.408555,Cloud to Ground,-27873,0,16
2026-08-30T04:35:13.722590823Z,18.921071,118.396589,Cloud to Cloud,-7333,15906,7
2026-08-30T04:35:13.641359368Z,16.811232,127.654647,Cloud to Ground,32877,0,9
2026-08-30T04:35:14.111953552Z,16.372772,131.113683,Cloud to Cloud,-11490,4201,17
2026-08-30T04:35:14.115734658Z,16.395262,131.25727,Cloud to Ground,-13139,0,10
2026-08-30T04:35:14.109399652Z,16.378104,131.272382,Cloud to Ground,21093,0,12
2026-08-30T04:35:14.110209297Z,16.386197,131.279609,Cloud to Ground,22843,0,11
2026-08-30T04:35:14.427018476Z,16.05246,120.341757,Cloud to Cloud,-13802,12682,7
2026-08-30T04:35:14.274992912Z,16.058339,120.334648,Cloud to Cloud,24039,12228,13
2026-08-30T04:35:14.274556241Z,16.057447,120.327792,Cloud to Cloud,44492,3017,11
2026-08-30T04:35:14.785157641Z,19.630606,114.282184,Cloud to Cloud,12548,16575,9
2026-08-30T04:35:14.986108000Z,19.6304,114.3124,Cloud to Ground,13725,0,6
2026-08-30T04:35:17.231711763Z,19.193189,118.598614,Cloud to Cloud,-27284,14474,7
2026-08-30T04:35:17.204434160Z,19.340781,118.647006,Cloud to Cloud,-12827,16944,9
2026-08-30T04:35:17.298621309Z,19.277982,118.621916,Cloud to Cloud,8862,7374,12
2026-08-30T04:35:17.719187632Z,19.667633,114.630468,Cloud to Cloud,-11809,16998,8
2026-08-30T04:35:18.973417725Z,20.008309,114.361243,Cloud to Cloud,-18897,10289,7
2026-08-30T04:35:18.786235968Z,19.974976,114.366979,Cloud to Cloud,-10220,19188,7
2026-08-30T04:35:18.852521154Z,19.97873,114.368066,Cloud to Cloud,-8351,18447,7
2026-08-30T04:35:19.106125140Z,20.006255,114.347823,Cloud to Cloud,10178,3966,7
2026-08-30T04:35:18.784342359Z,20.002859,114.285565,Cloud to Ground,15197,0,10
2026-08-30T04:35:18.572804197Z,19.985816,114.289671,Cloud to Cloud,22277,17808,12
2026-08-30T04:35:18.784818075Z,19.985578,114.23255,Cloud to Ground,25184,0,8
2026-08-30T04:35:18.818112895Z,18.489313,116.494356,Cloud to Cloud,4117,18530,5
2026-08-30T04:35:18.373378775Z,18.48596,116.49913,Cloud to Ground,44612,0,14
2026-08-30T04:35:19.002353752Z,18.566684,113.943397,Cloud to Ground,-18260,0,15
2026-08-30T04:35:20.538605980Z,16.842769,127.528295,Cloud to Ground,16678,0,9
2026-08-30T04:35:21.700755890Z,4.523703,113.205649,Cloud to Ground,15989,0,7
2026-08-30T04:35:21.385846798Z,22.026228,113.290295,Cloud to Ground,-14934,0,9
2026-08-30T04:35:21.098004497Z,22.009503,113.223129,Cloud to Cloud,-13205,19927,9
2026-08-30T04:35:21.125435517Z,22.035783,113.288364,Cloud to Ground,-9534,0,6
2026-08-30T04:35:22.813790531Z,4.508942,113.240536,Cloud to Ground,-14048,0,10
2026-08-30T04:35:22.891732545Z,4.50671,113.233372,Cloud to Ground,-10857,0,8
2026-08-30T04:35:22.401383651Z,22.021126,113.129206,Cloud to Cloud,8504,3025,11
2026-08-30T04:35:22.879308670Z,21.914409,113.250621,Cloud to Cloud,-10577,15882,9
2026-08-30T04:35:22.409328819Z,21.931606,113.179883,Cloud to Cloud,-10068,3098,7
2026-08-30T04:35:22.826692437Z,21.936493,113.184904,Cloud to Cloud,18011,3008,10
2026-08-30T04:35:22.855115496Z,21.989988,113.420277,Cloud to Cloud,-11145,11279,8
2026-08-30T04:35:23.239534040Z,18.863782,114.25,Cloud to Ground,-21165,0,8
2026-08-30T04:35:23.240036233Z,18.867078,114.30219,Cloud to Cloud,-13269,3144,14
2026-08-30T04:35:23.241829817Z,18.872204,114.306242,Cloud to Cloud,-11283,7540,11
2026-08-30T04:35:23.277268527Z,18.870817,114.319624,Cloud to Cloud,-9978,3463,8
2026-08-30T04:35:23.287460273Z,18.862169,114.303993,Cloud to Cloud,-8165,3010,10
2026-08-30T04:35:23.241348901Z,18.85164,114.213246,Cloud to Cloud,9298,3105,8
2026-08-30T04:35:24.482453420Z,18.572483,113.742813,Cloud to Cloud,12400,6514,11
2026-08-30T04:35:24.631712921Z,18.480246,113.737086,Cloud to Cloud,-21139,3153,14
2026-08-30T04:35:24.655084227Z,18.453883,113.737319,Cloud to Ground,-10586,0,8
2026-08-30T04:35:24.897317905Z,18.438581,113.66936,Cloud to Cloud,-7536,6031,7
2026-08-30T04:35:24.657148719Z,18.447494,113.677813,Cloud to Cloud,-6503,17286,7
2026-08-30T04:35:24.837312021Z,18.374902,113.698777,Cloud to Cloud,6563,3032,9
2026-08-30T04:35:26.642887372Z,16.151752,130.426711,Cloud to Ground,-74397,0,12
2026-08-30T04:35:26.821062722Z,16.198803,130.395896,Cloud to Ground,-13709,0,20
2026-08-30T04:35:26.099491470Z,16.099261,130.432243,Cloud to Cloud,-10676,19575,7
2026-08-30T04:35:25.990935964Z,16.131386,130.409152,Cloud to Cloud,-9757,7888,13
2026-08-30T04:35:26.795551649Z,16.144913,130.358669,Cloud to Ground,-8114,0,20
2026-08-30T04:35:25.982798185Z,16.12871,130.417551,Cloud to Cloud,-7035,3541,8
2026-08-30T04:35:25.979324127Z,16.123497,130.41029,Cloud to Cloud,10452,3019,6
2026-08-30T04:35:26.673689000Z,16.1851,130.502,Cloud to Ground,27159,0,5
2026-08-30T04:35:25.980826371Z,16.106321,130.409506,Cloud to Ground,84794,0,10
2026-08-30T04:35:25.156610485Z,18.480713,117.315286,Cloud to Ground,-8953,0,6
2026-08-30T04:35:25.279218610Z,18.435019,117.346265,Cloud to Cloud,-8112,6899,8
2026-08-30T04:35:25.260205360Z,18.466325,117.337888,Cloud to Cloud,8594,13457,10
2026-08-30T04:35:25.091113071Z,18.539669,117.372122,Cloud to Cloud,14341,3010,7
2026-08-30T04:35:25.092407726Z,18.47648,117.341424,Cloud to Ground,20660,0,10
2026-08-30T04:35:26.046463390Z,4.552402,113.241079,Cloud to Ground,14634,0,6
2026-08-30T04:35:27.307071827Z,16.821499,127.503703,Cloud to Ground,-20574,0,18
2026-08-30T04:35:27.396823907Z,16.764286,127.5827,Cloud to Cloud,-47494,17852,13
2026-08-30T04:35:27.441527033Z,16.883336,127.607807,Cloud to Ground,-28760,0,18
2026-08-30T04:35:27.604663460Z,16.83667,127.708474,Cloud to Cloud,-12094,11142,10
2026-08-30T04:35:27.510826678Z,16.851468,127.708624,Cloud to Cloud,6056,3161,11
2026-08-30T04:35:27.145499529Z,18.390707,116.393837,Cloud to Cloud,-26406,4591,11
2026-08-30T04:35:27.220176542Z,18.390573,116.398327,Cloud to Cloud,-16780,3049,11
2026-08-30T04:35:27.185854838Z,18.396917,116.390069,Cloud to Ground,-12177,0,8
2026-08-30T04:35:27.284282417Z,18.396876,116.393451,Cloud to Ground,-9648,0,7
2026-08-30T04:35:28.177028342Z,18.510635,116.476951,Cloud to Ground,9515,0,7
2026-08-30T04:35:28.851122904Z,16.754062,127.606464,Cloud to Cloud,9029,6943,7
2026-08-30T04:35:28.817203397Z,17.511448,113.32914,Cloud to Cloud,-22955,3040,12
2026-08-30T04:35:29.138687034Z,4.657912,113.249824,Cloud to Cloud,-9768,6016,8
2026-08-30T04:35:29.440292979Z,17.427363,113.067668,Cloud to Ground,-16397,0,7
2026-08-30T04:35:29.602923457Z,17.422581,113.067052,Cloud to Cloud,-15318,3008,8
2026-08-30T04:35:29.586938507Z,17.52609,113.235389,Cloud to Cloud,-11873,3312,10
2026-08-30T04:35:29.258571688Z,17.511701,113.225072,Cloud to Cloud,-8243,3012,8
2026-08-30T04:35:29.624956994Z,18.654746,113.87518,Cloud to Cloud,2945,7212,5
2026-08-30T04:35:29.521141614Z,17.629292,113.292307,Cloud to Ground,16154,0,12
2026-08-30T04:35:29.238210619Z,18.686608,119.391687,Cloud to Cloud,4826,19492,7
2026-08-30T04:35:30.618257807Z,18.619365,117.936553,Cloud to Ground,-28540,0,12
2026-08-30T04:35:30.675633848Z,18.601859,117.930106,Cloud to Cloud,7987,17732,10
2026-08-30T04:35:31.523167662Z,17.831883,125.268301,Cloud to Cloud,5686,3099,6
2026-08-30T04:35:32.638750204Z,19.350893,118.605199,Cloud to Cloud,-8666,6388,8
2026-08-30T04:35:32.535230825Z,19.293244,118.601648,Cloud to Cloud,2806,8725,7
2026-08-30T04:35:32.535654624Z,19.296682,118.610973,Cloud to Cloud,16320,5321,8
2026-08-30T04:35:34.312561626Z,16.21857,129.506252,Cloud to Cloud,-12028,12695,11
2026-08-30T04:35:34.832387712Z,16.80055,127.678213,Cloud to Cloud,12468,3118,5
2026-08-30T04:35:35.024492598Z,15.103315,121.154299,Cloud to Cloud,-7913,4689,6
2026-08-30T04:35:34.907596883Z,15.062166,121.136403,Cloud to Ground,17084,0,9
2026-08-30T04:35:36.327431054Z,4.552715,113.247096,Cloud to Ground,-12330,0,10
2026-08-30T04:35:37.592152538Z,20.108227,114.397137,Cloud to Cloud,14500,3005,7
2026-08-30T04:35:37.480611414Z,19.314354,114.749118,Cloud to Cloud,3402,5329,5
2026-08-30T04:35:37.597677459Z,20.02268,114.434147,Cloud to Cloud,9579,18408,6
2026-08-30T04:35:38.048407884Z,19.384354,114.242859,Cloud to Cloud,-10764,3212,11
2026-08-30T04:35:37.856053832Z,19.374337,114.245184,Cloud to Cloud,-10647,19355,8
2026-08-30T04:35:37.851737787Z,19.3811,114.238251,Cloud to Cloud,10552,3022,8
2026-08-30T04:35:39.356383993Z,20.055995,115.338088,Cloud to Ground,-77413,0,12
2026-08-30T04:35:39.547773535Z,20.044424,115.342596,Cloud to Cloud,-27074,3020,13
2026-08-30T04:35:39.460298950Z,20.051592,115.329165,Cloud to Ground,-20384,0,12
2026-08-30T04:35:39.604098337Z,20.051013,115.338267,Cloud to Ground,-10676,0,6
2026-08-30T04:35:39.347497782Z,20.041755,115.340038,Cloud to Ground,17956,0,13
2026-08-30T04:35:39.675587009Z,20.20411,114.490258,Cloud to Cloud,17101,5272,8
2026-08-30T04:35:39.677668461Z,20.233101,114.493149,Cloud to Ground,22316,0,11
2026-08-30T04:35:40.165538876Z,17.070314,132.144856,Cloud to Ground,-28679,0,13
2026-08-30T04:35:40.168210914Z,17.077984,132.13477,Cloud to Ground,-15070,0,11
2026-08-30T04:35:40.163798814Z,17.052838,132.15905,Cloud to Cloud,-13402,6059,12
2026-08-30T04:35:40.161768180Z,17.060574,132.154053,Cloud to Ground,-11806,0,8
2026-08-30T04:35:41.252850571Z,18.330384,113.559282,Cloud to Cloud,-14455,5833,9
2026-08-30T04:35:40.887062701Z,18.338193,113.566662,Cloud to Ground,55333,0,15
2026-08-30T04:35:41.767514706Z,18.19049,113.51539,Cloud to Ground,-81362,0,14
2026-08-30T04:35:41.855960835Z,18.194435,113.510793,Cloud to Cloud,-23642,7509,9
2026-08-30T04:35:41.786501262Z,18.174791,113.522397,Cloud to Cloud,12544,19642,12
2026-08-30T04:35:41.658809911Z,18.461775,113.514931,Cloud to Cloud,10960,3016,7
2026-08-30T04:35:41.522393425Z,14.952143,121.15072,Cloud to Cloud,-15952,3006,7
2026-08-30T04:35:41.333940688Z,15.070395,121.171976,Cloud to Ground,-12841,0,10
2026-08-30T04:35:42.919413614Z,17.144824,131.590403,Cloud to Ground,-21417,0,11
2026-08-30T04:35:42.952801920Z,17.15748,131.538171,Cloud to Ground,11895,0,9
2026-08-30T04:35:42.174548714Z,17.890101,113.467398,Cloud to Cloud,-12666,17761,10
2026-08-30T04:35:42.398322432Z,17.894172,113.501372,Cloud to Ground,-12428,0,8
2026-08-30T04:35:43.680223907Z,18.731997,118.23346,Cloud to Cloud,-8310,3007,6
2026-08-30T04:35:43.689681822Z,18.708534,118.227358,Cloud to Cloud,3916,12768,6
2026-08-30T04:35:43.678645049Z,18.786561,118.25136,Cloud to Cloud,7722,4391,8
2026-08-30T04:35:43.699846561Z,18.705759,118.240304,Cloud to Ground,15257,0,17
2026-08-30T04:35:43.682988304Z,18.704056,118.230964,Cloud to Cloud,17418,3748,8
2026-08-30T04:35:43.570450916Z,16.69519,127.707805,Cloud to Cloud,-7201,4767,8
2026-08-30T04:35:44.814738221Z,16.73091,127.685643,Cloud to Cloud,11745,4781,8
2026-08-30T04:35:44.296014040Z,16.804512,127.654654,Cloud to Ground,20072,0,8
2026-08-30T04:35:46.183288705Z,4.497201,113.236361,Cloud to Ground,-12252,0,7
2026-08-30T04:35:46.006551637Z,4.542453,113.250852,Cloud to Ground,-9754,0,6
2026-08-30T04:35:46.441689847Z,18.485818,116.488176,Cloud to Ground,38570,0,12
2026-08-30T04:35:47.578393496Z,20.009527,114.379243,Cloud to Cloud,-7324,14688,10
2026-08-30T04:35:47.547274314Z,20.02846,114.263069,Cloud to Cloud,8157,4603,9
2026-08-30T04:35:47.849332129Z,19.994613,114.328036,Cloud to Cloud,9705,3021,7
2026-08-30T04:35:47.175166827Z,22.084225,113.336432,Cloud to Cloud,-11310,6732,7
2026-08-30T04:35:46.872672165Z,22.00325,113.325665,Cloud to Cloud,-8413,19607,7
2026-08-30T04:35:47.178848435Z,22.081553,113.33585,Cloud to Cloud,-4482,18559,7
2026-08-30T04:35:47.189072787Z,22.11441,113.312857,Cloud to Cloud,7670,6631,7
2026-08-30T04:35:46.655843181Z,22.011774,113.325661,Cloud to Cloud,9723,3038,8
2026-08-30T04:35:47.228926475Z,21.96105,113.296853,Cloud to Cloud,10893,3001,9
2026-08-30T04:35:47.152014922Z,22.122041,113.313411,Cloud to Ground,15751,0,9
2026-08-30T04:35:49.165013003Z,19.945958,114.549852,Cloud to Ground,42095,0,12
2026-08-30T04:35:50.720938834Z,18.10881,113.597165,Cloud to Cloud,14450,3036,9
2026-08-30T04:35:50.723859848Z,18.081932,113.602898,Cloud to Ground,36080,0,9
2026-08-30T04:35:50.543105631Z,19.363664,114.561239,Cloud to Ground,20054,0,11
2026-08-30T04:35:51.667800687Z,18.331739,117.329347,Cloud to Cloud,9746,3076,8
2026-08-30T04:35:53.934361860Z,4.558842,113.247796,Cloud to Ground,-8218,0,5
2026-08-30T04:35:53.414962749Z,16.802355,127.641203,Cloud to Cloud,12145,3034,7
2026-08-30T04:35:54.923883767Z,18.560201,113.825904,Cloud to Cloud,-13517,3566,12
2026-08-30T04:35:54.535004005Z,18.575833,113.832689,Cloud to Cloud,-10272,18604,7
2026-08-30T04:35:54.742593293Z,18.577031,113.792536,Cloud to Ground,11480,0,13
2026-08-30T04:35:54.528951927Z,18.571886,113.825505,Cloud to Cloud,18048,6856,9
2026-08-30T04:35:54.527324341Z,18.584054,113.821819,Cloud to Ground,19728,0,12
2026-08-30T04:35:56.138790782Z,18.43998,116.55048,Cloud to Cloud,-8927,5880,9
2026-08-30T04:35:56.434603696Z,18.404729,116.511095,Cloud to Cloud,-8319,5863,8
2026-08-30T04:35:56.442255573Z,18.392807,116.490275,Cloud to Cloud,-5439,4749,7
2026-08-30T04:35:57.680070258Z,16.832196,127.66563,Cloud to Ground,29254,0,10
2026-08-30T04:35:57.954496943Z,17.409049,113.082755,Cloud to Cloud,-6694,3713,6
2026-08-30T04:35:58.944216733Z,4.51488,113.242688,Cloud to Ground,-11627,0,5
2026-08-30T04:35:59.009424599Z,4.539127,113.234214,Cloud to Ground,8819,0,7
2026-08-30T04:35:58.298743015Z,18.593096,113.968648,Cloud to Ground,-17538,0,15
2026-08-30T04:35:58.352996482Z,18.59837,113.966202,Cloud to Cloud,-11122,3101,14
2026-08-30T04:35:58.397019082Z,18.595273,113.968858,Cloud to Ground,-6965,0,10
2026-08-30T04:35:58.491679524Z,18.579591,113.971575,Cloud to Cloud,10689,9643,14
2026-08-30T04:35:58.516156543Z,17.430583,113.175089,Cloud to Cloud,-13373,3022,7
2026-08-30T04:36:02.913146560Z,16.823442,127.693278,Cloud to Ground,-49276,0,11
2026-08-30T04:36:02.959064125Z,16.822793,127.695147,Cloud to Ground,-24719,0,8
2026-08-30T04:36:02.959771535Z,16.779932,127.621411,Cloud to Cloud,-10623,3028,7
2026-08-30T04:36:02.915476779Z,16.822707,127.690258,Cloud to Ground,-10388,0,9
2026-08-30T04:36:02.533556145Z,14.391779,120.9397,Cloud to Cloud,7124,19190,7
2026-08-30T04:36:02.693238048Z,14.485423,121.015452,Cloud to Cloud,4068,7312,8
2026-08-30T04:36:03.050448713Z,16.836052,127.530779,Cloud to Ground,-18518,0,13
2026-08-30T04:36:03.236031187Z,20.233469,113.756528,Cloud to Cloud,-10970,3028,10
2026-08-30T04:36:03.460362968Z,18.959197,114.464516,Cloud to Cloud,-11538,3201,12
2026-08-30T04:36:04.444901065Z,19.625767,114.639435,Cloud to Cloud,11094,12024,12
2026-08-30T04:36:04.415362343Z,19.633822,114.552331,Cloud to Ground,15329,0,17
2026-08-30T04:36:04.420003083Z,19.617353,114.650745,Cloud to Ground,25556,0,9
2026-08-30T04:36:04.920778789Z,20.226329,113.69337,Cloud to Cloud,-13849,5822,13
2026-08-30T04:36:05.480687795Z,20.353525,113.666603,Cloud to Ground,-12761,0,6
2026-08-30T04:36:05.466656266Z,20.225635,113.554866,Cloud to Cloud,-9274,5295,8
2026-08-30T04:36:05.406646253Z,20.255527,113.642531,Cloud to Cloud,-9146,12169,10
2026-08-30T04:36:05.433317075Z,20.314564,113.613852,Cloud to Cloud,-8093,15523,8
2026-08-30T04:36:05.420584483Z,20.232673,113.589091,Cloud to Cloud,-7124,5796,7
2026-08-30T04:36:04.915240199Z,20.313351,113.619249,Cloud to Cloud,11367,3054,8
2026-08-30T04:36:06.650782000Z,4.5297,113.2017,Cloud to Ground,5965,0,5
2026-08-30T04:36:06.479464753Z,4.522765,113.242844,Cloud to Ground,8338,0,5
2026-08-30T04:36:06.048384024Z,20.205615,113.995006,Cloud to Cloud,-20838,3813,12
2026-08-30T04:36:06.097086507Z,21.658428,112.753844,Cloud to Cloud,-16055,17047,14
2026-08-30T04:36:08.719159285Z,18.513826,113.705582,Cloud to Cloud,-9265,3106,10
2026-08-30T04:36:08.087191707Z,18.521849,113.785532,Cloud to Cloud,-6846,4121,9
2026-08-30T04:36:08.384027924Z,18.527919,113.758293,Cloud to Cloud,8922,5904,13
2026-08-30T04:36:08.120444056Z,18.499375,113.695206,Cloud to Ground,10112,0,10
2026-08-30T04:36:08.269552764Z,18.52063,113.682632,Cloud to Cloud,14926,3101,9
2026-08-30T04:36:08.462220101Z,18.518448,113.669334,Cloud to Ground,15559,0,12
2026-08-30T04:36:08.090369126Z,18.509055,113.800793,Cloud to Ground,19129,0,16
2026-08-30T04:36:08.084630467Z,18.53174,113.789128,Cloud to Ground,23277,0,11
2026-08-30T04:36:09.277258877Z,16.78452,127.566024,Cloud to Cloud,12452,17235,12
2026-08-30T04:36:09.113094343Z,16.815427,127.669104,Cloud to Ground,21509,0,11
2026-08-30T04:36:09.363102901Z,15.089327,121.254872,Cloud to Cloud,-7978,17223,6
2026-08-30T04:36:09.312767925Z,15.036688,121.187443,Cloud to Cloud,-6874,3484,6
2026-08-30T04:36:09.334073354Z,15.050646,121.108079,Cloud to Cloud,-5256,15564,7
2026-08-30T04:36:09.048377828Z,15.068102,121.156842,Cloud to Cloud,6669,3019,6
2026-08-30T04:36:09.055972639Z,14.989379,121.158763,Cloud to Cloud,10098,17292,6
2026-08-30T04:36:09.884895794Z,19.060646,118.495623,Cloud to Cloud,-10368,16183,9
2026-08-30T04:36:09.707597642Z,19.142096,118.496891,Cloud to Cloud,-9080,18028,8
2026-08-30T04:36:09.715176165Z,19.12432,118.517304,Cloud to Cloud,-8465,17514,9
2026-08-30T04:36:09.702405545Z,19.1286,118.518175,Cloud to Cloud,-7593,13748,9
2026-08-30T04:36:11.112118031Z,19.27472,118.621942,Cloud to Ground,-20621,0,13
2026-08-30T04:36:11.412503760Z,19.306574,118.641966,Cloud to Ground,-13910,0,7
2026-08-30T04:36:11.139128582Z,19.307536,118.641728,Cloud to Ground,-13903,0,7
2026-08-30T04:36:11.294374416Z,19.307139,118.643264,Cloud to Ground,-6411,0,7
2026-08-30T04:36:11.006543655Z,18.5052,116.308685,Cloud to Cloud,10210,4539,9
2026-08-30T04:36:11.827112736Z,18.489519,116.482813,Cloud to Cloud,12281,5325,6
2026-08-30T04:36:13.311984422Z,16.951409,132.051292,Cloud to Ground,-59259,0,15
2026-08-30T04:36:23.037931096Z,15.371977,120.193458,Cloud to Cloud,-8643,3010,7
2026-08-30T04:36:22.748912681Z,15.315424,120.163606,Cloud to Cloud,11349,12923,10
2026-08-30T04:36:23.784970180Z,21.936372,113.246372,Cloud to Cloud,-30176,3016,12
2026-08-30T04:36:23.429695788Z,21.942776,113.172987,Cloud to Cloud,-12680,3027,11
2026-08-30T04:36:23.683660511Z,21.909862,113.235857,Cloud to Cloud,-9072,6861,7
2026-08-30T04:36:23.460536157Z,21.887946,113.234401,Cloud to Cloud,9153,17408,7
2026-08-30T04:36:23.722025877Z,21.969837,113.14927,Cloud to Cloud,11841,15378,7
2026-08-30T04:36:24.089057000Z,19.4498,114.9363,Cloud to Ground,-30109,0,6
2026-08-30T04:36:24.435291700Z,19.471599,114.989305,Cloud to Ground,-18811,0,9
2026-08-30T04:36:23.783162758Z,19.445722,114.924307,Cloud to Cloud,-16638,3001,12
2026-08-30T04:36:23.777592987Z,19.437309,114.829963,Cloud to Ground,20133,0,8
2026-08-30T04:36:23.819694002Z,18.564611,113.83107,Cloud to Cloud,-12744,6950,8
2026-08-30T04:36:23.986378521Z,18.554557,113.745761,Cloud to Ground,7658,0,6
2026-08-30T04:36:23.440254392Z,20.000271,114.292522,Cloud to Cloud,12550,3101,8
2026-08-30T04:36:24.167158578Z,19.625611,114.280013,Cloud to Cloud,-39042,3008,13
2026-08-30T04:36:24.235067523Z,19.658668,114.316122,Cloud to Cloud,-17102,3028,10
2026-08-30T04:36:24.310243000Z,19.6317,114.2848,Cloud to Ground,28608,0,6
2026-08-30T04:36:24.557071564Z,15.077296,121.156432,Cloud to Ground,-17619,0,9
2026-08-30T04:36:24.421280055Z,15.079349,121.240514,Cloud to Cloud,-15918,6384,7
2026-08-30T04:36:24.642527683Z,15.077903,121.160802,Cloud to Ground,-14215,0,12
2026-08-30T04:36:24.596561628Z,15.078854,121.168075,Cloud to Ground,-12782,0,10
2026-08-30T04:36:24.697643952Z,15.079345,121.164658,Cloud to Ground,-11515,0,11
2026-08-30T04:36:27.140445674Z,21.692375,112.864565,Cloud to Cloud,-12382,3007,15
2026-08-30T04:36:27.133682769Z,21.687604,112.881492,Cloud to Cloud,-11809,3013,12
2026-08-30T04:36:27.035569660Z,21.733772,112.878188,Cloud to Ground,-6683,0,7
2026-08-30T04:36:27.311682070Z,21.731514,112.901362,Cloud to Cloud,13103,3481,10
2026-08-30T04:36:28.219460470Z,22.000603,113.305374,Cloud to Ground,-8322,0,7
2026-08-30T04:36:28.509506445Z,22.072583,113.253704,Cloud to Cloud,-5360,16154,6
2026-08-30T04:36:28.486258319Z,22.092615,113.47875,Cloud to Cloud,2819,3085,7
2026-08-30T04:36:29.020901712Z,17.335013,113.128252,Cloud to Ground,-8622,0,7
2026-08-30T04:36:29.016237708Z,17.319132,113.060045,Cloud to Cloud,6929,16444,7
2026-08-30T04:36:29.280552133Z,18.622578,117.948687,Cloud to Ground,-26873,0,14
2026-08-30T04:36:29.347421207Z,18.624805,117.952163,Cloud to Ground,-16645,0,10
2026-08-30T04:36:29.397497426Z,18.563792,117.942841,Cloud to Cloud,-13009,3007,6
2026-08-30T04:36:30.199037274Z,18.391934,116.489085,Cloud to Cloud,-11930,7105,10
2026-08-30T04:36:30.036047617Z,18.397076,116.48763,Cloud to Cloud,7068,11400,6
2026-08-30T04:36:30.257323700Z,18.48278,116.50163,Cloud to Cloud,12213,5547,6
2026-08-30T04:36:32.558275000Z,16.7992,127.5066,Cloud to Ground,-6174,0,5
2026-08-30T04:36:32.251212940Z,16.823461,127.554519,Cloud to Ground,11545,0,11
2026-08-30T04:36:32.440548024Z,14.527824,121.881948,Cloud to Cloud,20793,12881,12
2026-08-30T04:36:32.432554557Z,14.628314,122.04402,Cloud to Cloud,14553,4847,7
2026-08-30T04:36:32.400835708Z,14.618969,121.947802,Cloud to Cloud,2697,7063,5
2026-08-30T04:36:32.399566816Z,14.617469,121.937549,Cloud to Cloud,4244,16585,7
2026-08-30T04:36:35.075128199Z,4.530558,113.224561,Cloud to Ground,-11652,0,6
2026-08-30T04:36:35.203809798Z,4.643535,113.245367,Cloud to Ground,-15554,0,14
2026-08-30T04:36:35.957346215Z,16.789027,127.439843,Cloud to Ground,-6403,0,6
2026-08-30T04:36:35.648772719Z,16.840861,127.40692,Cloud to Ground,8268,0,8
2026-08-30T04:36:35.655935346Z,16.907327,127.480029,Cloud to Cloud,-10164,11223,11
2026-08-30T04:36:35.451851510Z,16.83728,127.301477,Cloud to Cloud,14804,5101,10
2026-08-30T04:36:35.446839151Z,16.804345,127.231131,Cloud to Cloud,19194,14009,12
2026-08-30T04:36:36.809818629Z,16.786227,127.669754,Cloud to Cloud,-5273,17009,7
2026-08-30T04:36:36.817427065Z,16.831161,127.67073,Cloud to Cloud,10124,17441,6
2026-08-30T04:36:37.940932049Z,18.56879,113.994954,Cloud to Cloud,-57250,3010,12
2026-08-30T04:36:37.786302344Z,18.563125,113.991318,Cloud to Ground,-37294,0,11
2026-08-30T04:36:37.836436033Z,18.56766,113.986141,Cloud to Cloud,-27222,5952,12
2026-08-30T04:36:37.813737839Z,18.567767,113.991911,Cloud to Ground,-19224,0,8
2026-08-30T04:36:38.073688146Z,18.55701,113.988693,Cloud to Ground,13947,0,9
2026-08-30T04:36:38.103663988Z,18.555769,113.993514,Cloud to Ground,24602,0,11
2026-08-30T04:36:37.667809484Z,20.172877,114.518336,Cloud to Ground,-57840,0,13
2026-08-30T04:36:37.666296096Z,20.177949,114.521537,Cloud to Ground,-31904,0,12
2026-08-30T04:36:37.364134694Z,17.569195,113.231351,Cloud to Cloud,-26364,3031,13
2026-08-30T04:36:37.520359943Z,17.505215,113.09339,Cloud to Cloud,-12611,19529,10
2026-08-30T04:36:37.500784944Z,17.518654,113.177114,Cloud to Ground,11679,0,8
2026-08-30T04:36:37.362380716Z,17.515344,113.14254,Cloud to Cloud,12594,5090,11
2026-08-30T04:36:38.236855538Z,17.60076,113.172913,Cloud to Ground,-10207,0,6
2026-08-30T04:36:41.279549374Z,19.093768,118.513187,Cloud to Ground,-17160,0,9
2026-08-30T04:36:41.372645000Z,19.0645,118.5304,Cloud to Ground,24063,0,5
2026-08-30T04:36:42.843544391Z,19.350117,114.708503,Cloud to Cloud,-9893,3244,7
2026-08-30T04:36:42.630640098Z,19.328925,114.753154,Cloud to Ground,23457,0,12
2026-08-30T04:36:42.728649254Z,19.387053,114.734393,Cloud to Ground,36621,0,15
2026-08-30T04:36:42.686794133Z,16.328668,120.008287,Cloud to Cloud,9681,3024,11
2026-08-30T04:36:42.683472367Z,16.340702,119.985209,Cloud to Cloud,11647,10908,7
2026-08-30T04:36:43.924203003Z,14.391021,120.991371,Cloud to Ground,-23071,0,9
2026-08-30T04:36:43.970744452Z,14.384453,120.986485,Cloud to Ground,-11738,0,10
2026-08-30T04:36:43.558592646Z,14.339862,120.908023,Cloud to Ground,15810,0,9
2026-08-30T04:36:44.541312155Z,16.090496,130.431989,Cloud to Ground,-13745,0,8
2026-08-30T04:36:44.556221466Z,16.119276,130.363187,Cloud to Ground,-8920,0,6
2026-08-30T04:36:44.542855920Z,16.035026,130.451181,Cloud to Cloud,15635,8976,8
2026-08-30T04:36:44.548741547Z,16.126524,130.441718,Cloud to Cloud,18683,18518,15
2026-08-30T04:36:44.630429836Z,16.085681,130.442225,Cloud to Ground,33033,0,12
2026-08-30T04:36:44.175835811Z,16.836468,127.573264,Cloud to Ground,19075,0,16
2026-08-30T04:36:46.457310272Z,4.541383,113.232396,Cloud to Ground,10151,0,6
2026-08-30T04:36:47.162101348Z,18.438866,113.733455,Cloud to Ground,-18325,0,9
2026-08-30T04:36:46.575147176Z,18.439087,113.789614,Cloud to Cloud,-13509,5380,11
2026-08-30T04:36:46.581007532Z,18.419921,113.784443,Cloud to Ground,-11198,0,7
2026-08-30T04:36:46.599731919Z,18.428882,113.672672,Cloud to Cloud,7040,3003,7
2026-08-30T04:36:46.571541483Z,18.442409,113.779314,Cloud to Ground,12219,0,11
2026-08-30T04:36:46.573035132Z,18.432294,113.786041,Cloud to Ground,21938,0,8
2026-08-30T04:36:46.574178609Z,18.424619,113.788234,Cloud to Ground,27256,0,16
2026-08-30T04:36:46.060164751Z,18.396203,117.475305,Cloud to Ground,-17639,0,13
2026-08-30T04:36:46.131938179Z,18.393584,117.477757,Cloud to Ground,-14745,0,11
2026-08-30T04:36:47.827506087Z,20.342848,113.811301,Cloud to Ground,17949,0,10
2026-08-30T04:36:47.734664417Z,20.293506,113.773975,Cloud to Ground,34150,0,10
2026-08-30T04:36:47.145089234Z,20.384122,113.620033,Cloud to Cloud,-16268,3031,11
2026-08-30T04:36:47.147127678Z,20.351928,113.636704,Cloud to Cloud,-12300,6593,8
2026-08-30T04:36:47.119536148Z,20.348559,113.548776,Cloud to Ground,-11697,0,12
2026-08-30T04:36:47.735165403Z,20.29357,113.664022,Cloud to Cloud,9353,16672,9
2026-08-30T04:36:47.549423009Z,20.370145,113.634738,Cloud to Cloud,11514,3129,8
2026-08-30T04:36:47.814871969Z,16.82713,127.68837,Cloud to Ground,-46848,0,13
2026-08-30T04:36:47.923519245Z,16.823305,127.701719,Cloud to Ground,-28534,0,10
2026-08-30T04:36:49.152153986Z,18.49259,116.483611,Cloud to Cloud,5221,14399,5
2026-08-30T04:36:48.455308718Z,18.489759,116.488902,Cloud to Ground,29422,0,12
2026-08-30T04:36:48.135786469Z,16.852248,127.560073,Cloud to Ground,-21333,0,9
2026-08-30T04:36:50.242657576Z,19.486196,122.921383,Cloud to Ground,-18444,0,14
2026-08-30T04:36:50.320619004Z,19.409652,122.920538,Cloud to Cloud,7380,11064,9
2026-08-30T04:36:50.283963639Z,19.55712,122.876129,Cloud to Cloud,12140,7963,7
2026-08-30T04:36:51.250856349Z,19.253989,116.01711,Cloud to Cloud,-26768,4942,11
2026-08-30T04:36:51.757425697Z,19.259105,116.016407,Cloud to Ground,-6109,0,5
2026-08-30T04:36:51.363891000Z,19.2417,115.9833,Cloud to Ground,14530,0,5
2026-08-30T04:36:50.584106636Z,19.263929,115.960866,Cloud to Ground,22970,0,10
2026-08-30T04:36:50.543023239Z,19.312939,115.944385,Cloud to Ground,33872,0,10
2026-08-30T04:36:50.657791870Z,17.832488,113.477129,Cloud to Cloud,12259,5798,10
2026-08-30T04:36:50.648367860Z,17.865446,113.595353,Cloud to Ground,-19130,0,13
2026-08-30T04:36:50.345923429Z,20.052722,114.33978,Cloud to Ground,25065,0,9
2026-08-30T04:36:50.443195860Z,19.464351,114.494248,Cloud to Ground,14048,0,9
2026-08-30T04:36:50.444078318Z,19.476038,114.492934,Cloud to Cloud,20461,3010,10
2026-08-30T04:36:51.194407880Z,19.304357,118.64583,Cloud to Ground,-29950,0,14
2026-08-30T04:36:51.387822119Z,19.30319,118.660544,Cloud to Ground,-17638,0,9
2026-08-30T04:36:51.461952601Z,19.350508,118.602733,Cloud to Ground,-11738,0,7
2026-08-30T04:36:51.212322491Z,19.307631,118.658542,Cloud to Ground,-4078,0,5
2026-08-30T04:36:51.885297918Z,15.069033,121.182223,Cloud to Ground,-38952,0,13
2026-08-30T04:36:51.960984091Z,15.085459,121.187181,Cloud to Ground,-16555,0,12
2026-08-30T04:36:52.080875000Z,15.0907,121.1502,Cloud to Ground,-4817,0,7
2026-08-30T04:36:52.455339000Z,15.0865,121.1422,Cloud to Ground,-4793,0,7
2026-08-30T04:36:52.248792485Z,15.07373,121.174916,Cloud to Ground,31471,0,9
2026-08-30T04:36:51.814280688Z,18.420064,116.570124,Cloud to Cloud,-12280,18994,7
2026-08-30T04:36:52.154190413Z,18.452982,116.666171,Cloud to Ground,-16093,0,12
2026-08-30T04:36:53.761019522Z,19.34828,115.257471,Cloud to Ground,-81756,0,9
2026-08-30T04:36:53.778503996Z,19.38046,115.259964,Cloud to Cloud,-12541,12546,7
2026-08-30T04:36:53.762897144Z,19.368878,115.255794,Cloud to Ground,42065,0,8
2026-08-30T04:36:53.672727310Z,19.784585,115.225992,Cloud to Ground,-17220,0,10
2026-08-30T04:36:53.659075642Z,19.850409,115.174216,Cloud to Cloud,-14587,4556,18
2026-08-30T04:36:53.643588862Z,19.766414,115.22167,Cloud to Cloud,12061,3739,6
2026-08-30T04:36:53.921738138Z,19.752393,115.27132,Cloud to Ground,24440,0,10
2026-08-30T04:36:53.665077051Z,19.768001,115.216896,Cloud to Ground,39092,0,14
2026-08-30T04:36:53.725392150Z,18.099128,113.639955,Cloud to Cloud,-28395,16118,13
2026-08-30T04:36:55.875206560Z,20.108787,113.614488,Cloud to Cloud,-7337,3007,8
2026-08-30T04:36:55.448315230Z,20.225003,113.811417,Cloud to Cloud,-16191,3002,7
2026-08-30T04:36:55.614532570Z,20.226367,113.798379,Cloud to Ground,30813,0,13
2026-08-30T04:36:56.105675174Z,18.524975,113.942021,Cloud to Ground,-14047,0,12
2026-08-30T04:36:58.068964350Z,15.997507,129.48529,Cloud to Cloud,-12866,12338,7
2026-08-30T04:36:59.082873634Z,18.072274,113.473369,Cloud to Cloud,5085,3245,6
2026-08-30T04:37:00.792298430Z,4.652597,113.244239,Cloud to Ground,-16845,0,16
2026-08-30T04:37:00.790379417Z,4.614828,113.248751,Cloud to Ground,-15865,0,8
2026-08-30T04:37:00.791506608Z,4.523078,113.213451,Cloud to Ground,-13337,0,7
2026-08-30T04:37:00.945649559Z,18.93059,118.322487,Cloud to Ground,-21731,0,13
2026-08-30T04:37:00.818242629Z,18.922969,118.317213,Cloud to Ground,-21559,0,14
2026-08-30T04:37:00.955244076Z,18.922286,118.332984,Cloud to Cloud,-8197,3049,8
2026-08-30T04:37:01.958099445Z,16.818237,127.670233,Cloud to Ground,-10380,0,6
2026-08-30T04:37:01.865341218Z,16.791892,127.634121,Cloud to Cloud,10365,16871,7
2026-08-30T04:37:01.892314079Z,15.409269,120.229629,Cloud to Cloud,-9558,11156,5
2026-08-30T04:37:01.961841259Z,15.399816,120.290164,Cloud to Cloud,4261,4295,7
2026-08-30T04:37:04.235239000Z,20.1612,114.8282,Cloud to Ground,-80969,0,6
2026-08-30T04:37:04.037825172Z,20.094477,114.932298,Cloud to Ground,-43461,0,14
2026-08-30T04:37:04.720898322Z,20.180137,114.894459,Cloud to Ground,-26047,0,13
2026-08-30T04:37:04.049258411Z,20.093861,114.93402,Cloud to Cloud,-16833,3035,8
2026-08-30T04:37:04.078582508Z,20.094455,114.905111,Cloud to Cloud,12009,18280,8
2026-08-30T04:37:04.039375593Z,20.089891,114.92541,Cloud to Cloud,12845,15374,6
2026-08-30T04:37:04.043388361Z,20.10093,114.916945,Cloud to Ground,14573,0,10
2026-08-30T04:37:05.501069422Z,4.524143,113.240424,Cloud to Ground,-17375,0,7
2026-08-30T04:37:05.996229278Z,17.157602,132.329202,Cloud to Ground,-24330,0,15
2026-08-30T04:37:05.999804470Z,17.150732,132.343157,Cloud to Ground,-17673,0,10
2026-08-30T04:37:06.028034464Z,17.119604,132.307102,Cloud to Ground,-17001,0,13
2026-08-30T04:37:06.663870970Z,17.079192,132.371511,Cloud to Ground,-13162,0,8
2026-08-30T04:37:05.998759605Z,17.148322,132.345057,Cloud to Ground,-12869,0,8
2026-08-30T04:37:05.992774291Z,17.155182,132.345514,Cloud to Ground,31071,0,12
2026-08-30T04:37:05.660823648Z,16.795301,127.673622,Cloud to Cloud,17725,3008,7
2026-08-30T04:37:05.263021244Z,19.349527,114.29324,Cloud to Ground,-16208,0,8
2026-08-30T04:37:05.513433513Z,19.363891,114.288711,Cloud to Cloud,11285,17318,6
2026-08-30T04:37:06.136271704Z,18.572793,113.924925,Cloud to Ground,-20238,0,14
2026-08-30T04:37:06.140641841Z,18.56995,113.929586,Cloud to Cloud,-12062,4028,10
2026-08-30T04:37:06.271543879Z,18.721264,118.274142,Cloud to Ground,-42884,0,10
2026-08-30T04:37:06.298144883Z,18.725064,118.253976,Cloud to Ground,-13436,0,6
2026-08-30T04:37:06.320272002Z,18.735395,118.27822,Cloud to Ground,-8253,0,7
2026-08-30T04:37:06.328873727Z,18.723866,118.249813,Cloud to Ground,-5519,0,7
2026-08-30T04:37:06.368414895Z,18.695603,118.231553,Cloud to Cloud,-5070,4080,6
2026-08-30T04:37:06.174526345Z,18.810015,118.195125,Cloud to Ground,-14265,0,11
2026-08-30T04:37:07.347369051Z,18.549795,116.584279,Cloud to Ground,-31048,0,13
2026-08-30T04:37:07.390703063Z,18.55244,116.584183,Cloud to Ground,-19220,0,11
2026-08-30T04:37:07.411141449Z,18.553221,116.588405,Cloud to Ground,-15796,0,12
2026-08-30T04:37:07.491963256Z,18.547291,116.563953,Cloud to Ground,-8396,0,9
2026-08-30T04:37:07.460046038Z,18.531716,116.54086,Cloud to Ground,19142,0,10
2026-08-30T04:37:07.909355388Z,15.237191,120.553679,Cloud to Cloud,8024,5787,6
2026-08-30T04:37:08.639042331Z,19.060493,118.47321,Cloud to Cloud,-7204,10933,9
2026-08-30T04:37:08.471177271Z,18.974549,118.478374,Cloud to Cloud,3080,16429,6
2026-08-30T04:37:08.303198400Z,19.099765,118.503608,Cloud to Cloud,6369,3002,6
2026-08-30T04:37:08.308137746Z,19.032621,118.465163,Cloud to Cloud,7899,3005,6
2026-08-30T04:37:09.445941745Z,22.009659,113.27537,Cloud to Cloud,-10641,3322,12
2026-08-30T04:37:09.095727443Z,22.254406,113.349408,Cloud to Ground,-37221,0,13
2026-08-30T04:37:09.541248465Z,22.289063,113.412174,Cloud to Cloud,9495,5833,9
2026-08-30T04:37:11.690902529Z,16.820082,127.675961,Cloud to Ground,47962,0,14
2026-08-30T04:37:11.248992352Z,18.657432,119.337908,Cloud to Cloud,7371,14089,8
2026-08-30T04:37:11.111507487Z,18.668178,119.341557,Cloud to Cloud,10252,14974,9
2026-08-30T04:37:11.807046478Z,20.17616,114.006371,Cloud to Cloud,-11844,3068,6
2026-08-30T04:37:11.272579379Z,20.189046,114.003087,Cloud to Cloud,-8370,3726,8
2026-08-30T04:37:11.261145557Z,20.207815,114.009613,Cloud to Ground,77378,0,16
2026-08-30T04:37:11.262303251Z,20.187942,114.024985,Cloud to Ground,95901,0,12
2026-08-30T04:37:11.883606216Z,18.403568,116.507922,Cloud to Ground,29480,0,13
2026-08-30T04:37:12.795998524Z,4.5141,113.2295,Cloud to Ground,-15725,0,7
2026-08-30T04:37:12.725103008Z,4.604179,113.250109,Cloud to Ground,-11735,0,8
2026-08-30T04:37:13.359300000Z,19.3124,114.7554,Cloud to Ground,-21752,0,7
2026-08-30T04:37:13.096588726Z,19.321008,114.765874,Cloud to Cloud,-9433,3131,10
2026-08-30T04:37:14.535235472Z,18.484002,117.348115,Cloud to Cloud,9663,3160,9
2026-08-30T04:37:14.634498398Z,18.460329,117.34184,Cloud to Cloud,12435,18220,8
2026-08-30T04:37:14.682340123Z,14.449736,120.943663,Cloud to Cloud,6039,12032,6
2026-08-30T04:37:15.846858155Z,16.145661,130.660038,Cloud to Cloud,-15529,3038,21
2026-08-30T04:37:16.023373448Z,16.185154,130.845208,Cloud to Ground,-19255,0,10
2026-08-30T04:37:15.844984567Z,16.123926,130.806321,Cloud to Ground,22651,0,12
2026-08-30T04:37:15.484666269Z,16.75687,127.689614,Cloud to Ground,27574,0,7
2026-08-30T04:37:15.738104541Z,15.072055,121.175147,Cloud to Ground,-59587,0,14
2026-08-30T04:37:15.710944520Z,15.069226,121.160058,Cloud to Cloud,-14058,6979,11
2026-08-30T04:37:15.543465675Z,17.451278,113.069309,Cloud to Ground,-8976,0,6
2026-08-30T04:37:15.425825000Z,17.4874,113.1112,Cloud to Ground,-5961,0,5
2026-08-30T04:37:15.455482305Z,17.446519,113.078122,Cloud to Ground,13747,0,11
2026-08-30T04:37:15.422734999Z,17.458372,113.086604,Cloud to Cloud,14890,3034,8
2026-08-30T04:37:15.700405029Z,17.518032,113.07375,Cloud to Ground,16723,0,10
2026-08-30T04:37:15.423771384Z,17.452547,113.185036,Cloud to Ground,23866,0,10
2026-08-30T04:37:17.341221705Z,18.387828,117.495643,Cloud to Ground,-24640,0,9
2026-08-30T04:37:18.935566421Z,16.774108,127.627583,Cloud to Ground,12948,0,9
2026-08-30T04:37:20.060499529Z,4.561317,113.222445,Cloud to Ground,-14264,0,6
2026-08-30T04:37:20.134898248Z,4.565112,113.228653,Cloud to Ground,10482,0,8
2026-08-30T04:37:20.487665366Z,16.6658,127.682922,Cloud to Cloud,-8706,3480,8
2026-08-30T04:37:20.488281129Z,16.824687,127.685245,Cloud to Ground,-29286,0,9
2026-08-30T04:37:20.605817288Z,16.840964,127.707939,Cloud to Cloud,-22073,5281,13
2026-08-30T04:37:20.415550833Z,16.837625,127.702951,Cloud to Ground,-16467,0,9
2026-08-30T04:37:20.389669289Z,16.852923,127.580351,Cloud to Ground,-28673,0,23
2026-08-30T04:37:20.445320839Z,16.84512,127.559297,Cloud to Ground,-26957,0,13
2026-08-30T04:37:20.603828595Z,16.849425,127.580819,Cloud to Ground,-26425,0,20
2026-08-30T04:37:22.323063389Z,22.041471,113.28499,Cloud to Cloud,-8206,3053,7
2026-08-30T04:37:22.715596026Z,22.107721,113.231807,Cloud to Cloud,8576,9901,6
2026-08-30T04:37:22.752608114Z,22.241112,113.323075,Cloud to Ground,28276,0,6
2026-08-30T04:37:23.709818524Z,16.13245,130.561758,Cloud to Ground,-22223,0,10
2026-08-30T04:37:23.271843733Z,19.523991,114.800331,Cloud to Cloud,33117,3045,12
2026-08-30T04:37:25.086603038Z,22.792915,113.232902,Cloud to Cloud,-8212,13597,14
2026-08-30T04:37:26.047897443Z,16.72857,127.705992,Cloud to Cloud,11287,12977,10
2026-08-30T04:37:29.113486308Z,16.824241,127.653616,Cloud to Cloud,12871,3222,8
2026-08-30T04:37:29.748131574Z,18.414044,113.752155,Cloud to Cloud,-15863,3072,11
2026-08-30T04:37:29.527260392Z,18.342159,113.762345,Cloud to Ground,-8135,0,7
2026-08-30T04:37:29.525785548Z,18.343735,113.76751,Cloud to Ground,-7341,0,8
2026-08-30T04:37:29.888816900Z,18.43316,113.645236,Cloud to Ground,-5423,0,7
2026-08-30T04:37:29.720759481Z,18.390347,113.671321,Cloud to Cloud,7941,7315,6
2026-08-30T04:37:29.523887227Z,18.330087,113.685324,Cloud to Cloud,8646,3007,8
2026-08-30T04:37:29.686519814Z,18.33581,113.699554,Cloud to Cloud,9974,6835,10
2026-08-30T04:37:30.235292853Z,18.374623,113.760576,Cloud to Cloud,10749,3024,6
2026-08-30T04:37:29.522611248Z,18.340078,113.689182,Cloud to Ground,15958,0,8
2026-08-30T04:37:29.017032971Z,21.905296,113.146367,Cloud to Cloud,9018,3011,11
2026-08-30T04:37:30.091815435Z,20.190098,114.522911,Cloud to Ground,-71173,0,19
2026-08-30T04:37:30.095152815Z,20.179367,114.52544,Cloud to Cloud,-14831,3781,11
2026-08-30T04:37:30.149900093Z,20.179606,114.528675,Cloud to Cloud,-10040,7415,7
2026-08-30T04:37:30.118570449Z,20.154221,114.533971,Cloud to Cloud,-9888,16567,7
2026-08-30T04:37:30.379963117Z,20.210434,114.479836,Cloud to Cloud,6163,3055,8
2026-08-30T04:37:30.125711098Z,20.177401,114.527271,Cloud to Cloud,16688,3080,10
2026-08-30T04:37:30.090239220Z,20.281789,114.450275,Cloud to Ground,27625,0,10
2026-08-30T04:37:30.385383323Z,20.340174,114.3705,Cloud to Cloud,-9001,18435,7
2026-08-30T04:37:31.175833843Z,18.695132,119.415769,Cloud to Cloud,-8211,5927,6
2026-08-30T04:37:32.094454675Z,4.55443,113.228369,Cloud to Ground,-12869,0,7
2026-08-30T04:37:32.135444895Z,4.535148,113.235961,Cloud to Ground,-12472,0,6
2026-08-30T04:37:32.917999380Z,16.820409,127.676666,Cloud to Cloud,9116,3084,7
2026-08-30T04:37:33.014235941Z,16.803145,127.658434,Cloud to Ground,24332,0,7
2026-08-30T04:37:34.620177891Z,18.618598,117.837559,Cloud to Cloud,16036,3005,10
2026-08-30T04:37:34.615988951Z,18.613323,118.047254,Cloud to Ground,15010,0,10
2026-08-30T04:37:34.614290125Z,18.674995,117.970261,Cloud to Ground,22716,0,8
2026-08-30T04:37:34.614886576Z,18.611657,117.959415,Cloud to Ground,29022,0,9
2026-08-30T04:37:35.846929346Z,4.47862,113.222814,Cloud to Ground,14488,0,6
2026-08-30T04:37:35.570714852Z,18.466777,116.623368,Cloud to Cloud,11451,4004,7
2026-08-30T04:37:35.878153346Z,18.306698,116.527419,Cloud to Cloud,-23967,18586,12
2026-08-30T04:37:35.880530027Z,18.260504,116.522357,Cloud to Cloud,-18711,15434,7
2026-08-30T04:37:35.879893722Z,18.269089,116.521574,Cloud to Cloud,15808,7572,11
2026-08-30T04:37:35.531579106Z,18.431172,116.527674,Cloud to Ground,-11228,0,6
2026-08-30T04:37:35.430206296Z,16.046125,120.337409,Cloud to Cloud,12430,16606,7
2026-08-30T04:37:36.816404490Z,16.239018,129.67496,Cloud to Ground,-16425,0,7
2026-08-30T04:37:36.763182717Z,16.253841,129.665211,Cloud to Cloud,-13387,3269,7
2026-08-30T04:37:36.771491886Z,16.242623,129.551098,Cloud to Cloud,-10113,16567,19
2026-08-30T04:37:36.761253988Z,16.235453,129.626798,Cloud to Cloud,-7122,3048,7
2026-08-30T04:37:36.758492175Z,16.239227,129.677026,Cloud to Cloud,6406,4629,7
2026-08-30T04:37:36.757210217Z,16.209966,129.679443,Cloud to Ground,12757,0,8
2026-08-30T04:37:36.765857256Z,16.177338,129.598314,Cloud to Cloud,13838,7208,7
2026-08-30T04:37:36.757784492Z,16.233015,129.673831,Cloud to Ground,21066,0,9
2026-08-30T04:37:36.460375527Z,17.562023,113.221004,Cloud to Ground,-17757,0,13
2026-08-30T04:37:36.632134820Z,17.510201,113.24509,Cloud to Ground,-12074,0,9
2026-08-30T04:37:36.461256609Z,17.541146,113.181145,Cloud to Ground,15022,0,8
2026-08-30T04:37:37.441603034Z,17.450886,113.111047,Cloud to Cloud,-14115,18533,7
2026-08-30T04:37:37.427263714Z,17.560402,113.10526,Cloud to Ground,-10085,0,7
2026-08-30T04:37:37.001571183Z,21.671102,112.963264,Cloud to Cloud,5889,3012,7
2026-08-30T04:37:37.173012428Z,19.273645,116.034789,Cloud to Cloud,-14229,18443,8
2026-08-30T04:37:39.789966995Z,4.532837,113.244373,Cloud to Ground,-24756,0,9
2026-08-30T04:37:39.509632540Z,4.543276,113.255446,Cloud to Ground,-22915,0,9
2026-08-30T04:37:39.825191818Z,4.554125,113.225679,Cloud to Ground,11092,0,8
2026-08-30T04:37:41.983851544Z,16.315087,131.13414,Cloud to Cloud,-13439,14461,16
2026-08-30T04:37:42.018824000Z,16.34864,131.234595,Cloud to Ground,-20154,0,16
2026-08-30T04:37:41.982714856Z,16.320582,131.26533,Cloud to Ground,42764,0,16
2026-08-30T04:37:41.853799533Z,17.920842,113.419305,Cloud to Ground,23008,0,9
2026-08-30T04:37:41.424925120Z,19.370771,115.074107,Cloud to Cloud,-11587,3061,7
2026-08-30T04:37:42.596283084Z,19.649871,114.302447,Cloud to Cloud,-27014,5861,10
2026-08-30T04:37:42.730668692Z,19.615695,114.318402,Cloud to Ground,-19733,0,8
2026-08-30T04:37:42.608159211Z,19.633426,114.307373,Cloud to Cloud,-14339,3075,10
2026-08-30T04:37:42.614957254Z,19.63054,114.28549,Cloud to Ground,-11339,0,6
2026-08-30T04:37:42.756040831Z,17.787323,113.43851,Cloud to Cloud,15389,7379,11
2026-08-30T04:37:42.754340634Z,17.792172,113.415223,Cloud to Ground,42745,0,19
2026-08-30T04:37:42.726348723Z,17.767096,113.396583,Cloud to Ground,48342,0,12
2026-08-30T04:37:43.806790465Z,19.071071,118.506172,Cloud to Cloud,4512,3026,5
2026-08-30T04:37:50.100551385Z,16.812251,127.66863,Cloud to Ground,23362,0,12
2026-08-30T04:37:50.587606538Z,18.648232,119.842988,Cloud to Cloud,4012,7292,8
2026-08-30T04:37:50.584098829Z,18.651449,119.858526,Cloud to Cloud,12261,7190,10
2026-08-30T04:37:50.972492396Z,19.931502,114.445316,Cloud to Ground,-16055,0,11
2026-08-30T04:37:51.795835223Z,16.842241,127.567276,Cloud to Ground,-14867,0,18
2026-08-30T04:37:51.390954511Z,16.896986,127.651062,Cloud to Cloud,-28216,3289,16
2026-08-30T04:37:52.217292919Z,16.82983,127.737218,Cloud to Ground,-21749,0,9
2026-08-30T04:37:52.241558584Z,19.622624,115.216101,Cloud to Cloud,12801,3233,9
2026-08-30T04:37:52.098927737Z,19.681451,114.971372,Cloud to Cloud,-14965,8870,13
2026-08-30T04:37:52.095077309Z,19.676432,114.982973,Cloud to Ground,-13288,0,7
2026-08-30T04:37:52.104367694Z,19.738993,114.934901,Cloud to Cloud,10075,15394,8
2026-08-30T04:37:52.108853044Z,19.692739,115.000716,Cloud to Ground,15242,0,7
2026-08-30T04:37:52.108427392Z,19.702875,114.975692,Cloud to Ground,27102,0,11
2026-08-30T04:37:53.485620422Z,22.048637,113.31293,Cloud to Cloud,-19919,3087,13
2026-08-30T04:37:53.576150981Z,22.057477,113.365695,Cloud to Cloud,-11332,4566,10
2026-08-30T04:37:53.808872501Z,22.047228,113.354688,Cloud to Ground,17809,0,11
2026-08-30T04:37:54.282892704Z,20.348753,113.673604,Cloud to Cloud,-10232,3515,8
2026-08-30T04:37:54.208795372Z,20.321575,113.66438,Cloud to Cloud,8798,3014,8
2026-08-30T04:37:55.321274768Z,18.467861,113.618302,Cloud to Ground,-9770,0,10
2026-08-30T04:37:55.180618638Z,18.387603,113.592631,Cloud to Cloud,-9513,7437,8
2026-08-30T04:37:55.330383404Z,18.45159,113.649028,Cloud to Ground,-8021,0,7
2026-08-30T04:37:55.353651192Z,18.471234,113.702039,Cloud to Cloud,7602,3022,6
2026-08-30T04:37:55.475671923Z,18.400956,113.632978,Cloud to Cloud,9871,3045,8
2026-08-30T04:37:57.066316416Z,16.794016,127.684851,Cloud to Cloud,7207,9541,6
2026-08-30T04:37:57.868831893Z,19.371759,114.253144,Cloud to Cloud,13477,3017,11
2026-08-30T04:37:58.587743537Z,21.994973,113.145978,Cloud to Ground,-8752,0,8
2026-08-30T04:37:58.319688701Z,21.942844,113.227042,Cloud to Cloud,-13266,9413,9
2026-08-30T04:38:00.484288475Z,16.094556,130.598579,Cloud to Cloud,-6842,18309,7
2026-08-30T04:38:01.048741373Z,16.162141,130.561544,Cloud to Ground,26460,0,10
2026-08-30T04:38:00.226116115Z,16.060427,130.632006,Cloud to Ground,58653,0,14
2026-08-30T04:38:01.478609191Z,18.66735,116.51621,Cloud to Ground,31926,0,14
2026-08-30T04:38:01.477427450Z,18.656667,116.506913,Cloud to Ground,76110,0,16
2026-08-30T04:38:01.759874232Z,16.827273,127.675309,Cloud to Ground,48402,0,13
2026-08-30T04:38:01.535651251Z,15.086191,121.192908,Cloud to Ground,-27783,0,12
2026-08-30T04:38:01.640938996Z,15.085563,121.198293,Cloud to Ground,-12765,0,11
2026-08-30T04:38:01.469502000Z,15.0775,121.1335,Cloud to Ground,-5482,0,7
2026-08-30T04:38:02.871831792Z,17.055021,132.193637,Cloud to Ground,-16847,0,8
2026-08-30T04:38:02.892567348Z,17.066399,132.197812,Cloud to Ground,-16546,0,8
2026-08-30T04:38:02.863447157Z,17.0657,132.18305,Cloud to Ground,-15415,0,13
2026-08-30T04:38:02.909808518Z,17.042386,132.207282,Cloud to Ground,-13853,0,6
2026-08-30T04:38:02.874675434Z,17.050921,132.192836,Cloud to Ground,-13760,0,6
2026-08-30T04:38:03.373800177Z,17.066133,132.134034,Cloud to Ground,-10188,0,7
2026-08-30T04:38:02.861969020Z,17.066925,132.203545,Cloud to Ground,15472,0,14
2026-08-30T04:38:02.750956106Z,18.447273,116.537367,Cloud to Cloud,13469,18175,6
2026-08-30T04:38:03.409438163Z,16.798986,127.673545,Cloud to Ground,52165,0,14
2026-08-30T04:38:05.621076660Z,20.064462,115.31547,Cloud to Ground,-20450,0,12
2026-08-30T04:38:05.542482693Z,20.045492,115.36193,Cloud to Ground,-15526,0,13
2026-08-30T04:38:05.838609178Z,20.028023,115.351191,Cloud to Ground,-10585,0,8
2026-08-30T04:38:05.770590123Z,20.057994,115.319545,Cloud to Ground,-8696,0,8
2026-08-30T04:38:05.839673772Z,19.978056,115.340116,Cloud to Cloud,7043,14824,7
2026-08-30T04:38:07.632923505Z,17.465806,113.14722,Cloud to Cloud,-11241,13487,8
2026-08-30T04:38:07.317730832Z,17.483407,113.171851,Cloud to Cloud,-10370,3079,12
2026-08-30T04:38:07.313279511Z,17.455463,113.08571,Cloud to Cloud,7508,10928,8
2026-08-30T04:38:07.854695269Z,19.845812,115.266445,Cloud to Cloud,9679,7496,7
2026-08-30T04:38:08.538580838Z,16.815716,127.67575,Cloud to Cloud,15155,6921,6
2026-08-30T04:38:09.392664185Z,18.423221,116.50394,Cloud to Ground,-29503,0,12
2026-08-30T04:38:09.507298890Z,18.410686,116.503004,Cloud to Ground,-25202,0,10
2026-08-30T04:38:09.442673249Z,18.42243,116.501696,Cloud to Ground,-9459,0,9
2026-08-30T04:38:09.563453241Z,18.421511,116.504774,Cloud to Ground,-6358,0,7
2026-08-30T04:38:09.733385845Z,18.419108,116.504966,Cloud to Ground,-4715,0,6
2026-08-30T04:38:09.490706239Z,18.577471,113.877414,Cloud to Cloud,-5123,6948,6
2026-08-30T04:38:09.467811154Z,18.579903,113.855469,Cloud to Ground,38100,0,8
2026-08-30T04:38:11.120723788Z,19.980389,114.323547,Cloud to Cloud,-9804,5644,8
2026-08-30T04:38:11.004164347Z,19.992343,114.347947,Cloud to Cloud,-7677,3012,8
2026-08-30T04:38:11.095085957Z,19.987829,114.277658,Cloud to Cloud,7944,3957,6
2026-08-30T04:38:10.997787254Z,19.973028,114.329835,Cloud to Ground,19535,0,10
2026-08-30T04:38:10.187715384Z,16.797597,127.666305,Cloud to Cloud,9604,5289,8
2026-08-30T04:38:13.276508339Z,18.653723,119.385641,Cloud to Ground,-9263,0,15
2026-08-30T04:38:13.265283074Z,18.674127,119.377634,Cloud to Cloud,3636,3249,7
2026-08-30T04:38:13.263330654Z,18.666129,119.364448,Cloud to Cloud,8197,4484,9
2026-08-30T04:38:13.125823431Z,20.225428,114.537728,Cloud to Cloud,-9889,12702,9
2026-08-30T04:38:13.121633457Z,20.187333,114.523177,Cloud to Ground,19170,0,9
2026-08-30T04:38:16.279433080Z,16.811792,127.669474,Cloud to Cloud,15166,3046,8
2026-08-30T04:38:18.902059937Z,4.532358,113.231776,Cloud to Ground,-14788,0,6
2026-08-30T04:38:18.222609917Z,18.95218,118.406749,Cloud to Cloud,3454,13559,5
2026-08-30T04:38:18.079618277Z,18.989798,118.440533,Cloud to Cloud,8714,3031,8
2026-08-30T04:38:18.080555145Z,19.068328,118.464438,Cloud to Cloud,18453,19476,7
2026-08-30T04:38:18.287896788Z,22.015207,113.286359,Cloud to Ground,-11799,0,13
2026-08-30T04:38:20.165886518Z,16.818708,127.653522,Cloud to Cloud,-11755,14135,7
2026-08-30T04:38:20.434148817Z,18.597332,114.002054,Cloud to Cloud,-8324,5233,7
2026-08-30T04:38:21.785914448Z,16.799601,127.670653,Cloud to Cloud,13093,3069,10
2026-08-30T04:38:23.267004609Z,17.175763,132.34303,Cloud to Cloud,-12930,3085,11
2026-08-30T04:38:23.384049633Z,17.195398,132.518793,Cloud to Ground,-11400,0,8
2026-08-30T04:38:24.864250168Z,16.817931,127.666613,Cloud to Cloud,12080,6481,7
2026-08-30T04:38:24.823808384Z,19.136837,114.601139,Cloud to Ground,17710,0,10
2026-08-30T04:38:24.853775993Z,19.164377,114.702567,Cloud to Cloud,-6875,3032,10
2026-08-30T04:38:24.824756533Z,19.266093,114.730789,Cloud to Cloud,24383,3026,7
2026-08-30T04:38:25.208701299Z,4.522179,113.230958,Cloud to Ground,-25585,0,13
2026-08-30T04:38:25.296874701Z,4.491512,113.207349,Cloud to Cloud,-14578,5321,6
2026-08-30T04:38:25.813745890Z,18.27589,113.590194,Cloud to Cloud,10669,7648,7
2026-08-30T04:38:26.415996334Z,4.459108,113.252097,Cloud to Ground,16753,0,7
2026-08-30T04:38:26.944685280Z,16.81381,127.672502,Cloud to Cloud,7166,7703,5
2026-08-30T04:38:26.288115300Z,19.979963,114.440417,Cloud to Ground,-12257,0,8
2026-08-30T04:38:27.787117791Z,4.657964,113.239848,Cloud to Ground,-12809,0,8
2026-08-30T04:38:27.560900480Z,19.484665,114.937425,Cloud to Cloud,9255,7660,6
2026-08-30T04:38:27.370091518Z,19.464113,114.946953,Cloud to Ground,24355,0,11
2026-08-30T04:38:27.334778000Z,19.5427,114.9357,Cloud to Ground,47204,0,5
2026-08-30T04:38:29.242579050Z,16.792777,127.668545,Cloud to Cloud,9251,15543,5
2026-08-30T04:38:28.681287868Z,16.791283,127.669271,Cloud to Ground,18522,0,8
2026-08-30T04:38:28.251410794Z,18.425381,113.557911,Cloud to Cloud,-11019,3020,12
2026-08-30T04:38:27.821341803Z,18.431931,113.778594,Cloud to Ground,-12880,0,11
2026-08-30T04:38:27.795183592Z,18.419741,113.743742,Cloud to Cloud,-11807,3017,8
2026-08-30T04:38:28.061687481Z,18.419124,113.664507,Cloud to Ground,-9398,0,8
2026-08-30T04:38:27.792245315Z,18.413263,113.799347,Cloud to Cloud,8641,16901,9
2026-08-30T04:38:28.056270081Z,18.422442,113.771025,Cloud to Ground,16098,0,7
2026-08-30T04:38:29.220293924Z,18.406528,116.51776,Cloud to Ground,-6626,0,7
2026-08-30T04:38:33.454576817Z,16.789384,127.710326,Cloud to Cloud,9437,17051,8
2026-08-30T04:38:33.224271310Z,16.79027,127.56271,Cloud to Cloud,-14146,13815,9
2026-08-30T04:38:33.449694679Z,16.885617,127.492329,Cloud to Cloud,-13487,11709,8
2026-08-30T04:38:33.203609089Z,17.297862,113.142349,Cloud to Ground,-11727,0,8
2026-08-30T04:38:33.199824933Z,17.310071,113.152406,Cloud to Cloud,-7587,3344,9
2026-08-30T04:38:33.544079927Z,17.341909,113.1312,Cloud to Ground,9604,0,8
2026-08-30T04:38:33.691315648Z,17.382571,113.149172,Cloud to Ground,10658,0,7
2026-08-30T04:38:33.654828746Z,17.386505,113.149967,Cloud to Ground,17368,0,9
2026-08-30T04:38:33.204896304Z,17.301756,113.139695,Cloud to Ground,51983,0,16
2026-08-30T04:38:34.771729426Z,4.533207,113.218041,Cloud to Ground,10472,0,7
2026-08-30T04:38:34.263392239Z,18.389816,116.386461,Cloud to Cloud,5899,3044,5
2026-08-30T04:38:34.231700637Z,18.390557,116.394114,Cloud to Cloud,8653,4509,7
2026-08-30T04:38:34.245962671Z,18.36804,116.38772,Cloud to Ground,18430,0,8
2026-08-30T04:38:35.958344909Z,17.244172,120.487238,Cloud to Cloud,5731,3203,8
2026-08-30T04:38:35.959716637Z,17.245346,120.501692,Cloud to Cloud,6118,3050,9
2026-08-30T04:38:35.960341735Z,17.238187,120.588275,Cloud to Cloud,7988,19830,13
2026-08-30T04:38:35.959182944Z,17.246106,120.486779,Cloud to Cloud,21087,14656,10
2026-08-30T04:38:35.263192153Z,16.825151,127.662788,Cloud to Cloud,-7100,11095,6
2026-08-30T04:38:35.420820877Z,21.6659,112.946937,Cloud to Cloud,-9361,3004,8
2026-08-30T04:38:37.438223406Z,20.204898,113.687093,Cloud to Cloud,-8769,3011,7
2026-08-30T04:38:37.329371701Z,20.267019,113.629308,Cloud to Cloud,7944,7834,7
2026-08-30T04:38:37.019846584Z,18.436391,117.498021,Cloud to Ground,-13104,0,9
2026-08-30T04:38:37.054009726Z,18.434607,117.498267,Cloud to Cloud,-8138,14049,8
2026-08-30T04:38:38.120240341Z,20.306888,113.645442,Cloud to Cloud,-9859,3064,10
2026-08-30T04:38:39.083053770Z,16.798405,127.683656,Cloud to Ground,-30172,0,14
2026-08-30T04:38:38.869797994Z,16.853655,127.577631,Cloud to Ground,-26500,0,12
2026-08-30T04:38:39.633471025Z,16.805248,127.702393,Cloud to Ground,-16198,0,8
2026-08-30T04:38:38.939979678Z,16.796431,127.678349,Cloud to Ground,-14547,0,12
2026-08-30T04:38:39.299136853Z,16.80273,127.696391,Cloud to Ground,-12985,0,10
2026-08-30T04:38:38.815578398Z,16.841154,127.602667,Cloud to Cloud,-11282,3112,6
2026-08-30T04:38:39.522024527Z,17.385053,113.068782,Cloud to Ground,12318,0,5
2026-08-30T04:38:39.566559578Z,17.387591,113.104637,Cloud to Ground,25225,0,6
2026-08-30T04:38:39.563593355Z,17.466692,113.192219,Cloud to Ground,-9576,0,7
2026-08-30T04:38:39.399291910Z,17.417435,113.22174,Cloud to Ground,-8415,0,7
2026-08-30T04:38:39.508679491Z,19.3437,114.567816,Cloud to Ground,-22322,0,10
2026-08-30T04:38:39.534726248Z,19.330983,114.587133,Cloud to Ground,-14786,0,8
2026-08-30T04:38:41.493755515Z,17.760315,128.54898,Cloud to Ground,-27011,0,13
2026-08-30T04:38:41.556284592Z,17.744618,128.535339,Cloud to Ground,-21460,0,8
2026-08-30T04:38:41.484162110Z,17.760409,128.514503,Cloud to Cloud,-9004,3029,9
2026-08-30T04:38:41.489531394Z,17.667527,128.561318,Cloud to Ground,15851,0,9
2026-08-30T04:38:41.481620805Z,17.703387,128.463516,Cloud to Cloud,20995,3156,7
2026-08-30T04:38:41.479700003Z,17.728765,128.538869,Cloud to Ground,35935,0,12
2026-08-30T04:38:41.576516302Z,17.73021,128.535083,Cloud to Ground,81443,0,11
2026-08-30T04:38:41.226325964Z,20.171396,114.442919,Cloud to Cloud,-13108,3003,9
2026-08-30T04:38:41.591085231Z,18.715369,118.259845,Cloud to Ground,-45879,0,13
2026-08-30T04:38:42.529830088Z,16.536715,120.27204,Cloud to Cloud,9357,6772,12
2026-08-30T04:38:42.528537000Z,16.5271,120.2756,Cloud to Ground,12146,0,5
2026-08-30T04:38:43.789839406Z,16.798465,127.679137,Cloud to Ground,53412,0,13
2026-08-30T04:38:43.700896259Z,19.066852,118.50175,Cloud to Cloud,4607,6965,5
2026-08-30T04:38:43.274952330Z,19.068897,118.499237,Cloud to Cloud,13937,3001,8
2026-08-30T04:38:44.210453446Z,16.715676,131.423787,Cloud to Ground,-22501,0,15
2026-08-30T04:38:44.230604113Z,16.708405,131.361865,Cloud to Ground,-20968,0,8
2026-08-30T04:38:44.836647606Z,18.533726,113.916219,Cloud to Cloud,7480,4558,6
2026-08-30T04:38:45.028433255Z,18.547772,116.584308,Cloud to Cloud,8467,7110,8
2026-08-30T04:38:45.075323304Z,21.928536,113.227686,Cloud to Cloud,-13423,4691,12
2026-08-30T04:38:45.105375282Z,21.925037,113.223446,Cloud to Cloud,-11398,3076,10
2026-08-30T04:38:45.022890130Z,22.035288,113.63503,Cloud to Cloud,-11797,6963,8
2026-08-30T04:38:46.801907338Z,16.884863,127.299561,Cloud to Ground,-35400,0,14
2026-08-30T04:38:46.920496249Z,16.824937,127.265229,Cloud to Cloud,-9990,7583,7
2026-08-30T04:38:53.299759374Z,22.160041,113.20085,Cloud to Cloud,-8016,15155,8
2026-08-30T04:38:53.296244913Z,22.18061,113.307499,Cloud to Cloud,15297,15088,10
2026-08-30T04:38:55.297281220Z,15.07762,121.230549,Cloud to Cloud,-59598,3006,13
2026-08-30T04:38:56.594660199Z,17.855006,113.593901,Cloud to Ground,-8731,0,6
2026-08-30T04:38:56.575910710Z,17.865437,113.511287,Cloud to Ground,7420,0,7
2026-08-30T04:38:56.572174851Z,17.863032,113.516383,Cloud to Cloud,7827,3160,8
2026-08-30T04:38:56.872442165Z,19.637185,114.330536,Cloud to Cloud,-26183,17945,11
2026-08-30T04:38:56.876387434Z,19.645593,114.311288,Cloud to Cloud,-11040,12237,9
2026-08-30T04:38:56.870755486Z,19.63798,114.333654,Cloud to Cloud,11569,5888,9
2026-08-30T04:38:56.535291214Z,18.37417,117.50683,Cloud to Cloud,-5803,11432,6
2026-08-30T04:38:56.531381664Z,18.373341,117.505712,Cloud to Ground,17549,0,18
2026-08-30T04:38:56.599170758Z,16.789861,127.690405,Cloud to Ground,19334,0,9
2026-08-30T04:38:57.029564346Z,19.220806,116.038939,Cloud to Cloud,11095,5878,6
2026-08-30T04:38:57.031374803Z,19.210015,115.921213,Cloud to Ground,17891,0,13
2026-08-30T04:38:58.546464141Z,16.955155,132.079137,Cloud to Ground,-38754,0,16
2026-08-30T04:38:58.545671682Z,16.956633,132.062275,Cloud to Ground,-19216,0,13
2026-08-30T04:38:59.529604315Z,16.969654,132.179661,Cloud to Ground,-17917,0,7
2026-08-30T04:38:58.547410686Z,16.956663,132.056356,Cloud to Ground,-17619,0,9
2026-08-30T04:38:58.548221374Z,16.947269,132.076966,Cloud to Ground,-16562,0,11
2026-08-30T04:38:59.717392503Z,16.978893,132.155824,Cloud to Ground,-11165,0,7
2026-08-30T04:38:59.570292804Z,17.014542,132.211241,Cloud to Ground,-10732,0,13
2026-08-30T04:38:59.531095711Z,16.948385,132.186427,Cloud to Ground,-9909,0,8
2026-08-30T04:38:59.601495206Z,17.010703,132.208125,Cloud to Ground,-7796,0,7
2026-08-30T04:38:58.720018159Z,16.98604,132.143853,Cloud to Cloud,10261,8635,8
2026-08-30T04:38:59.214059360Z,16.985932,132.088849,Cloud to Ground,12603,0,13
2026-08-30T04:38:59.407337403Z,18.586451,117.940451,Cloud to Cloud,-8163,3000,8
2026-08-30T04:38:59.403098818Z,18.608251,117.970062,Cloud to Cloud,11435,3070,9
2026-08-30T04:38:59.442147033Z,18.941879,114.485968,Cloud to Cloud,12915,6742,9
2026-08-30T04:39:01.022872405Z,19.287883,114.64329,Cloud to Cloud,4655,19191,7
2026-08-30T04:39:00.924925195Z,19.275277,114.689474,Cloud to Cloud,7347,7672,7
2026-08-30T04:39:00.468965539Z,18.396509,116.515267,Cloud to Cloud,17432,16960,8
2026-08-30T04:39:00.397910837Z,16.806106,127.67439,Cloud to Ground,30970,0,10
2026-08-30T04:39:01.012773441Z,16.804956,127.692038,Cloud to Ground,35546,0,13
2026-08-30T04:39:01.085031890Z,19.276524,114.808263,Cloud to Ground,14037,0,13
2026-08-30T04:39:02.395037198Z,4.593179,113.168786,Cloud to Ground,-16594,0,11
2026-08-30T04:39:03.105380726Z,20.331421,113.672032,Cloud to Cloud,-17074,6417,10
2026-08-30T04:39:02.925398554Z,20.332958,113.672436,Cloud to Ground,-10675,0,8
2026-08-30T04:39:03.968102095Z,3.148728,112.809585,Cloud to Ground,17605,0,10
2026-08-30T04:39:04.544960364Z,16.098077,130.565544,Cloud to Cloud,-12164,3216,7
2026-08-30T04:39:04.789320495Z,16.787022,127.670797,Cloud to Ground,28697,0,10
2026-08-30T04:39:04.588295266Z,18.985904,118.466002,Cloud to Cloud,-5226,16343,6
2026-08-30T04:39:04.596073707Z,19.006515,118.44971,Cloud to Cloud,-4688,12572,6
2026-08-30T04:39:04.531309308Z,18.985143,118.444795,Cloud to Cloud,6942,3010,7
2026-08-30T04:39:04.526906350Z,19.08354,118.489153,Cloud to Cloud,8963,3010,10
2026-08-30T04:39:06.119840880Z,19.031035,118.50324,Cloud to Cloud,-8350,5174,7
2026-08-30T04:39:06.087745238Z,19.095123,118.555723,Cloud to Cloud,6792,11376,8
2026-08-30T04:39:06.944527392Z,16.787865,127.676882,Cloud to Cloud,12127,10419,5
2026-08-30T04:39:07.343636698Z,17.386767,113.110013,Cloud to Cloud,-17396,16932,12
2026-08-30T04:39:07.550752005Z,17.406584,113.116985,Cloud to Cloud,-7038,15389,9
2026-08-30T04:39:07.046297645Z,17.351084,113.144054,Cloud to Cloud,-5895,3008,6
2026-08-30T04:39:08.423483031Z,16.837789,127.67648,Cloud to Cloud,14752,4860,9
2026-08-30T04:39:08.394897923Z,18.372259,113.621631,Cloud to Cloud,-7363,4574,8
2026-08-30T04:39:08.703219906Z,14.628261,121.97997,Cloud to Cloud,6953,19098,8
2026-08-30T04:39:08.700970757Z,14.560581,122.014598,Cloud to Cloud,11884,10368,10
2026-08-30T04:39:10.771774183Z,20.218878,113.589646,Cloud to Cloud,-6974,7167,8
2026-08-30T04:39:10.898719746Z,20.230912,113.769712,Cloud to Ground,-10438,0,9
2026-08-30T04:39:10.593702696Z,20.21879,113.76645,Cloud to Cloud,-10233,17598,7
2026-08-30T04:39:10.596561340Z,20.24374,113.768118,Cloud to Ground,-9216,0,8
2026-08-30T04:39:10.609094587Z,20.260542,113.738145,Cloud to Cloud,5356,3473,5
2026-08-30T04:39:10.867200549Z,20.264797,113.758016,Cloud to Cloud,8258,4495,8
2026-08-30T04:39:10.553363664Z,20.253778,113.73929,Cloud to Cloud,13890,3001,8
2026-08-30T04:39:10.215501609Z,20.24795,113.760428,Cloud to Cloud,21889,3088,11
2026-08-30T04:39:10.781057801Z,20.25485,113.738595,Cloud to Ground,24302,0,9
2026-08-30T04:39:10.826859527Z,20.583943,113.850839,Cloud to Cloud,21733,3021,7
2026-08-30T04:39:11.105776024Z,20.458477,113.866279,Cloud to Cloud,15549,4317,8
2026-08-30T04:39:11.084711149Z,20.483158,113.848478,Cloud to Ground,19101,0,13
2026-08-30T04:39:11.120055380Z,20.083963,114.826347,Cloud to Cloud,12465,6624,8
2026-08-30T04:39:11.348457266Z,20.158096,114.99131,Cloud to Ground,-23739,0,11
2026-08-30T04:39:11.155662436Z,20.110751,115.053187,Cloud to Ground,-15622,0,7
2026-08-30T04:39:12.166181239Z,4.529428,113.225782,Cloud to Ground,-11727,0,6
2026-08-30T04:39:12.200301454Z,17.499305,113.246488,Cloud to Cloud,-12513,3051,10
2026-08-30T04:39:12.228422384Z,17.515713,113.162952,Cloud to Ground,14631,0,9
2026-08-30T04:39:12.199000658Z,17.527681,113.243886,Cloud to Ground,43035,0,16
2026-08-30T04:39:14.828095953Z,16.820996,127.547825,Cloud to Cloud,7118,15966,11
2026-08-30T04:39:15.213706616Z,16.815852,127.646309,Cloud to Cloud,-5879,4338,8
2026-08-30T04:39:14.925998748Z,16.832872,127.652377,Cloud to Cloud,-5443,18406,6
2026-08-30T04:39:16.156006658Z,20.185011,114.535118,Cloud to Cloud,-13314,8979,7
2026-08-30T04:39:16.056685431Z,20.190311,114.529267,Cloud to Cloud,15494,16766,8
2026-08-30T04:39:16.062401629Z,20.183632,114.535602,Cloud to Ground,24386,0,11
2026-08-30T04:39:16.487561924Z,15.075676,121.190444,Cloud to Ground,-48654,0,15
2026-08-30T04:39:16.920934075Z,15.077529,121.192013,Cloud to Ground,-16628,0,12
2026-08-30T04:39:16.525880003Z,15.073739,121.186729,Cloud to Ground,-16042,0,10
2026-08-30T04:39:17.362780357Z,4.073075,112.795318,Cloud to Ground,-14050,0,5
2026-08-30T04:39:17.151348746Z,19.275483,123.179306,Cloud to Ground,-7220,0,7
2026-08-30T04:39:17.012944090Z,19.26056,122.997182,Cloud to Cloud,14317,19773,13
2026-08-30T04:39:17.291751770Z,20.36703,114.346662,Cloud to Cloud,-11035,3047,8
2026-08-30T04:39:17.252323592Z,20.374419,114.357899,Cloud to Cloud,8344,3040,7
2026-08-30T04:39:17.086627207Z,20.380139,114.346877,Cloud to Ground,15562,0,15
2026-08-30T04:39:18.024922084Z,16.80355,127.68635,Cloud to Ground,19566,0,11
2026-08-30T04:39:18.401001525Z,16.821289,127.646847,Cloud to Ground,31000,0,11
2026-08-30T04:39:18.500878886Z,21.887779,113.147008,Cloud to Cloud,-8689,3010,9
2026-08-30T04:39:18.661720893Z,21.93975,113.171669,Cloud to Cloud,-5705,14402,5
2026-08-30T04:39:18.651720108Z,21.820838,113.221824,Cloud to Cloud,-7948,3023,7
2026-08-30T04:39:20.380458631Z,18.665478,119.904632,Cloud to Cloud,-10219,3012,12
2026-08-30T04:39:20.383907359Z,18.671698,119.870933,Cloud to Cloud,4902,3083,7
2026-08-30T04:39:20.305286458Z,16.354427,119.987596,Cloud to Cloud,8817,10073,12
2026-08-30T04:39:20.028058338Z,19.070797,118.513004,Cloud to Cloud,2840,3006,6
2026-08-30T04:39:20.400725527Z,19.161569,118.506615,Cloud to Cloud,-12386,11436,7
2026-08-30T04:39:21.690755870Z,16.827445,127.694755,Cloud to Cloud,6374,10103,8
2026-08-30T04:39:23.214143000Z,4.5436,113.1927,Cloud to Ground,-13566,0,5
2026-08-30T04:39:24.304646001Z,16.805592,127.716002,Cloud to Ground,23317,0,11
2026-08-30T04:39:24.315798976Z,18.735299,118.278628,Cloud to Ground,-18900,0,11
2026-08-30T04:39:24.437090000Z,18.7244,118.3727,Cloud to Ground,17915,0,5
2026-08-30T04:39:24.279732000Z,18.7209,118.241,Cloud to Ground,41679,0,6
2026-08-30T04:39:25.278491693Z,20.193571,113.951882,Cloud to Cloud,-10661,3151,9
2026-08-30T04:39:25.330374933Z,20.196703,113.964061,Cloud to Cloud,7381,3370,8
2026-08-30T04:39:26.884928468Z,16.793712,127.680346,Cloud to Ground,53913,0,13
2026-08-30T04:39:26.493216925Z,22.018229,113.135305,Cloud to Ground,17383,0,9
2026-08-30T04:39:26.645405306Z,22.010344,113.287122,Cloud to Ground,-49336,0,12
2026-08-30T04:39:26.387630186Z,22.005867,113.291623,Cloud to Ground,-38015,0,16
2026-08-30T04:39:26.713814423Z,22.003366,113.295588,Cloud to Ground,-26825,0,10
2026-08-30T04:39:26.478981563Z,22.01511,113.290471,Cloud to Ground,-13583,0,10
2026-08-30T04:39:26.748225233Z,21.99157,113.295745,Cloud to Ground,10779,0,7
2026-08-30T04:39:26.455550000Z,21.9896,113.2954,Cloud to Ground,26153,0,6
2026-08-30T04:39:26.567548000Z,22.0038,113.2788,Cloud to Ground,32128,0,6
2026-08-30T04:39:26.946874000Z,22.0294,113.2781,Cloud to Ground,37088,0,5
2026-08-30T04:39:27.618932559Z,18.665139,113.679562,Cloud to Cloud,-14803,3011,8
2026-08-30T04:39:27.614145760Z,18.635161,113.761259,Cloud to Ground,-12042,0,8
2026-08-30T04:39:27.214366026Z,18.514477,113.814213,Cloud to Cloud,-15947,15692,12
2026-08-30T04:39:27.196011690Z,18.524692,113.819311,Cloud to Cloud,-14155,4030,10
2026-08-30T04:39:27.320245685Z,18.495929,113.804621,Cloud to Cloud,-9750,4225,8
2026-08-30T04:39:27.340902610Z,18.533843,113.821412,Cloud to Cloud,-7590,3047,6
2026-08-30T04:39:27.461906735Z,18.52607,113.812023,Cloud to Ground,-6574,0,6
2026-08-30T04:39:27.140056123Z,18.525485,113.726126,Cloud to Cloud,7730,3004,8
2026-08-30T04:39:28.875216243Z,20.006329,114.329989,Cloud to Cloud,-23638,3018,11
2026-08-30T04:39:29.553430145Z,20.272213,114.224495,Cloud to Cloud,-11983,3013,9
2026-08-30T04:39:29.575177764Z,20.264957,114.218965,Cloud to Cloud,-11686,15458,7
2026-08-30T04:39:29.589997623Z,20.251278,114.209817,Cloud to Cloud,17143,11847,12
2026-08-30T04:39:29.543986975Z,20.260516,114.219164,Cloud to Ground,54113,0,14
2026-08-30T04:39:29.558925272Z,19.639397,114.644059,Cloud to Cloud,-11686,3018,7
2026-08-30T04:39:29.535597283Z,19.613865,114.665332,Cloud to Cloud,-10166,19202,8
2026-08-30T04:39:29.509137264Z,20.248398,113.599053,Cloud to Cloud,-44208,18757,18
2026-08-30T04:39:29.519652700Z,20.214089,113.600503,Cloud to Ground,-12551,0,9
2026-08-30T04:39:29.508006883Z,20.217041,113.608285,Cloud to Cloud,8527,3640,9
2026-08-30T04:39:29.507407376Z,20.224674,113.601886,Cloud to Cloud,12049,5165,8
2026-08-30T04:39:29.508457204Z,20.221248,113.600415,Cloud to Cloud,19172,14325,12
2026-08-30T04:39:29.602529460Z,18.661957,119.372854,Cloud to Cloud,6117,4222,7
2026-08-30T04:39:29.588033302Z,18.642597,119.36366,Cloud to Ground,73366,0,8
2026-08-30T04:39:30.736283348Z,4.573659,113.203579,Cloud to Ground,-20014,0,9
2026-08-30T04:39:30.639079640Z,4.545231,113.184185,Cloud to Ground,-12928,0,5
2026-08-30T04:39:30.231610818Z,17.284858,132.406246,Cloud to Ground,-21254,0,14
2026-08-30T04:39:30.459356119Z,17.258577,132.406368,Cloud to Ground,-19121,0,12
2026-08-30T04:39:30.230832945Z,17.285194,132.393871,Cloud to Ground,-18241,0,13
2026-08-30T04:39:30.459759241Z,17.200876,132.473242,Cloud to Ground,-17460,0,11
2026-08-30T04:39:30.233123665Z,17.279268,132.412193,Cloud to Ground,-11051,0,12
2026-08-30T04:39:30.229394523Z,17.264951,132.422901,Cloud to Ground,17266,0,10
2026-08-30T04:39:30.385898247Z,18.412881,116.500335,Cloud to Cloud,-8701,19187,7
2026-08-30T04:39:30.501319776Z,18.425763,116.497309,Cloud to Cloud,8930,18474,6
2026-08-30T04:39:30.408965653Z,18.406955,116.415541,Cloud to Ground,14481,0,8
2026-08-30T04:39:30.382056752Z,18.41014,116.5143,Cloud to Ground,33263,0,14
2026-08-30T04:39:30.761733652Z,18.504812,116.622555,Cloud to Cloud,-10587,3027,6
2026-08-30T04:39:30.716971087Z,18.473529,116.637247,Cloud to Cloud,-10398,4360,7
2026-08-30T04:39:31.974050349Z,4.569827,113.304647,Cloud to Ground,22934,0,10
2026-08-30T04:39:31.791256210Z,4.614497,113.303133,Cloud to Ground,45910,0,10
2026-08-30T04:39:31.168450394Z,16.744587,127.638803,Cloud to Cloud,10079,3008,5
2026-08-30T04:39:32.030135013Z,16.83928,127.680766,Cloud to Cloud,-12320,3024,7
2026-08-30T04:39:32.297364444Z,16.752362,127.729568,Cloud to Cloud,14857,3056,8
2026-08-30T04:39:33.867739304Z,18.501964,116.505231,Cloud to Cloud,-10362,5445,7
2026-08-30T04:39:33.593593618Z,18.567905,116.607335,Cloud to Ground,-35714,0,13
2026-08-30T04:39:33.790750689Z,18.556246,116.605549,Cloud to Cloud,-21517,17777,12
2026-08-30T04:39:33.448540045Z,18.5652,116.60602,Cloud to Ground,-20574,0,12
2026-08-30T04:39:33.868604602Z,18.555566,116.60777,Cloud to Ground,-12103,0,8
2026-08-30T04:39:33.421071468Z,18.626973,116.609718,Cloud to Ground,-11466,0,7
2026-08-30T04:39:33.503233477Z,18.584197,116.629709,Cloud to Cloud,-11116,3030,7
2026-08-30T04:39:33.504395000Z,18.5817,116.5507,Cloud to Ground,23355,0,5
2026-08-30T04:39:33.204497425Z,17.459787,113.186793,Cloud to Cloud,-11194,4584,9
2026-08-30T04:39:34.310886924Z,19.467864,114.979743,Cloud to Cloud,-18877,7674,9
2026-08-30T04:39:34.639269675Z,19.458347,114.924324,Cloud to Cloud,-9396,5182,8
2026-08-30T04:39:34.541294847Z,19.492182,114.838788,Cloud to Cloud,-7905,7753,8
2026-08-30T04:39:34.611838809Z,19.475605,114.95576,Cloud to Cloud,7649,3007,7
2026-08-30T04:39:35.341455867Z,20.121801,118.876009,Cloud to Ground,-16792,0,8
2026-08-30T04:39:35.279454353Z,19.28158,118.679081,Cloud to Ground,-64943,0,12
2026-08-30T04:39:35.399183125Z,19.297108,118.655235,Cloud to Ground,-32854,0,17
2026-08-30T04:39:35.317211578Z,19.288596,118.660436,Cloud to Ground,-28546,0,9
2026-08-30T04:39:35.265316296Z,19.304685,118.662641,Cloud to Cloud,-22347,13209,13
2026-08-30T04:39:35.302655739Z,19.301033,118.661318,Cloud to Cloud,9242,5425,9
2026-08-30T04:39:36.605383509Z,15.06849,121.217136,Cloud to Ground,-11902,0,9
2026-08-30T04:39:36.565715619Z,15.100398,121.213557,Cloud to Ground,-6247,0,10
2026-08-30T04:39:36.521692570Z,15.067586,121.216267,Cloud to Ground,-5581,0,8
2026-08-30T04:39:37.759292905Z,20.229858,113.779477,Cloud to Cloud,-10730,4502,9
2026-08-30T04:39:37.164740650Z,17.393744,113.231223,Cloud to Cloud,-7813,3334,7
2026-08-30T04:39:39.819678450Z,17.15116,131.58331,Cloud to Ground,-14803,0,11
2026-08-30T04:39:40.096076047Z,17.193901,131.518483,Cloud to Cloud,-11772,3009,7
2026-08-30T04:39:39.808933665Z,17.166621,131.589105,Cloud to Ground,15565,0,10
2026-08-30T04:39:39.815249194Z,17.082778,131.566887,Cloud to Ground,23092,0,9
2026-08-30T04:39:39.807972293Z,17.158809,131.587979,Cloud to Ground,24733,0,16
2026-08-30T04:39:39.809909277Z,17.157787,131.592727,Cloud to Ground,32517,0,14
2026-08-30T04:39:39.889740851Z,18.479983,117.329594,Cloud to Ground,-10300,0,6
2026-08-30T04:39:39.520944298Z,18.48685,117.243334,Cloud to Cloud,10676,3023,8
2026-08-30T04:39:40.881187462Z,16.806784,127.705437,Cloud to Ground,68352,0,13
2026-08-30T04:39:40.587003533Z,19.054095,118.519008,Cloud to Ground,-15186,0,10
2026-08-30T04:39:40.935871939Z,19.055948,118.514197,Cloud to Ground,-10865,0,7
2026-08-30T04:39:40.545261399Z,19.097248,118.576576,Cloud to Cloud,-8662,8160,9
2026-08-30T04:39:40.631547338Z,19.050609,118.511366,Cloud to Ground,-6787,0,10
2026-08-30T04:39:42.696118253Z,21.892974,113.253273,Cloud to Cloud,7998,6704,6
2026-08-30T04:39:43.776008193Z,21.664507,112.734543,Cloud to Cloud,-15973,3003,11
2026-08-30T04:39:43.751400686Z,21.71801,112.884164,Cloud to Cloud,-11750,3120,7
2026-08-30T04:39:43.839591157Z,21.714393,112.863236,Cloud to Cloud,6613,7066,7
2026-08-30T04:39:43.793079293Z,21.686632,112.927375,Cloud to Cloud,10174,7755,14
2026-08-30T04:39:44.062443691Z,18.480413,116.564831,Cloud to Cloud,-11904,3614,8
2026-08-30T04:39:43.691305000Z,18.4261,116.6654,Cloud to Ground,10980,0,5
2026-08-30T04:39:44.056146656Z,18.406496,116.528474,Cloud to Cloud,12578,3007,11
2026-08-30T04:39:43.689522993Z,18.43164,116.585124,Cloud to Ground,17573,0,10
2026-08-30T04:39:44.565539242Z,16.822281,127.687662,Cloud to Cloud,5968,16221,6
2026-08-30T04:39:44.250863221Z,18.121759,113.612915,Cloud to Ground,19410,0,8
2026-08-30T04:39:45.638105009Z,22.377057,113.326777,Cloud to Cloud,-13002,5968,8
2026-08-30T04:39:45.648921373Z,22.300446,113.384848,Cloud to Ground,-9413,0,8
2026-08-30T04:39:46.405253751Z,22.351729,113.312425,Cloud to Cloud,-7449,3008,8
2026-08-30T04:39:46.138784740Z,22.283786,113.339347,Cloud to Cloud,11167,5284,7
2026-08-30T04:39:46.180398598Z,22.186576,113.357993,Cloud to Cloud,-8518,5481,8
2026-08-30T04:39:46.724546567Z,22.196647,113.479797,Cloud to Cloud,-8395,19478,9
2026-08-30T04:39:46.422486349Z,22.196145,113.463546,Cloud to Cloud,12800,3001,11
2026-08-30T04:39:46.947613380Z,18.405874,116.382295,Cloud to Cloud,11807,18962,5
2026-08-30T04:39:48.146727447Z,16.82924,127.682458,Cloud to Cloud,-11548,7593,9
2026-08-30T04:39:47.568150508Z,16.759893,127.726678,Cloud to Cloud,12513,3064,7
2026-08-30T04:39:47.758830802Z,16.749168,127.707901,Cloud to Cloud,16895,14718,8
2026-08-30T04:39:48.161207544Z,16.803413,127.562957,Cloud to Cloud,-11634,3001,7
2026-08-30T04:39:49.399062000Z,20.1953,114.5309,Cloud to Ground,21945,0,5
2026-08-30T04:39:50.489121788Z,15.411065,120.300831,Cloud to Ground,-8302,0,6
2026-08-30T04:39:50.425864905Z,15.420225,120.288686,Cloud to Cloud,-4376,4925,7
2026-08-30T04:39:50.207851889Z,15.414652,120.266388,Cloud to Cloud,-3342,16949,7
2026-08-30T04:39:53.988628521Z,16.804695,127.694091,Cloud to Ground,13490,0,10
2026-08-30T04:39:52.621931867Z,15.061553,121.15936,Cloud to Cloud,-3954,3689,8
2026-08-30T04:39:53.163933996Z,15.054736,121.162277,Cloud to Cloud,9131,5960,10
2026-08-30T04:39:53.132511835Z,14.992419,121.191907,Cloud to Cloud,13226,4057,9
2026-08-30T04:39:54.196549834Z,18.670559,113.87547,Cloud to Cloud,6885,3000,6
2026-08-30T04:39:54.327948159Z,18.437944,113.6833,Cloud to Cloud,-7544,10791,7
2026-08-30T04:39:54.178249158Z,18.580787,113.997762,Cloud to Cloud,-10132,3309,12
2026-08-30T04:39:54.304062371Z,18.55356,113.996158,Cloud to Ground,-6173,0,6
2026-08-30T04:39:53.959992519Z,18.600148,114.00318,Cloud to Ground,17445,0,12
2026-08-30T04:39:54.324145007Z,18.588515,113.93105,Cloud to Ground,21337,0,10
2026-08-30T04:39:55.251804155Z,16.905192,127.352157,Cloud to Ground,16897,0,8
2026-08-30T04:39:55.167485785Z,16.763733,127.532311,Cloud to Ground,21119,0,16
2026-08-30T04:39:55.636953150Z,19.161302,118.539457,Cloud to Cloud,7183,17660,7
2026-08-30T04:39:55.523337155Z,19.061214,118.522261,Cloud to Cloud,-12008,15282,10
2026-08-30T04:39:55.529822103Z,19.068261,118.532654,Cloud to Cloud,-6016,10657,7
2026-08-30T04:39:55.526978611Z,19.071029,118.52713,Cloud to Cloud,9887,6794,9
2026-08-30T04:39:56.486179334Z,16.359122,119.971971,Cloud to Cloud,-11214,5552,7
2026-08-30T04:39:56.225762512Z,16.349831,119.995332,Cloud to Cloud,9166,5487,10
2026-08-30T04:39:57.298938058Z,16.805826,127.710952,Cloud to Ground,24489,0,12
2026-08-30T04:39:57.679564221Z,19.241428,115.084794,Cloud to Cloud,-8694,3208,6
2026-08-30T04:39:57.495629563Z,19.241977,115.08302,Cloud to Cloud,5834,3019,5
2026-08-30T04:39:57.620301464Z,19.237905,115.111274,Cloud to Ground,21769,0,11
2026-08-30T04:39:58.024865737Z,16.819451,127.6355,Cloud to Ground,17489,0,10
2026-08-30T04:39:58.745777468Z,18.985147,114.472413,Cloud to Ground,6217,0,8
2026-08-30T04:39:58.256139670Z,22.064627,113.268235,Cloud to Cloud,-8396,5738,7
2026-08-30T04:39:58.507132046Z,18.647911,119.687825,Cloud to Cloud,-6395,3543,9
2026-08-30T04:39:59.484442623Z,4.523128,113.210172,Cloud to Ground,-10367,0,8
2026-08-30T04:39:59.673262526Z,19.328764,115.242299,Cloud to Cloud,-7399,14536,7
2026-08-30T04:39:59.452175614Z,19.336473,115.224103,Cloud to Cloud,21552,6723,9
2026-08-30T04:40:01.502533879Z,16.812404,127.828834,Cloud to Ground,-25467,0,8
2026-08-30T04:40:01.302305062Z,16.773568,127.698841,Cloud to Cloud,-19806,3201,12
2026-08-30T04:40:01.527712618Z,16.847807,127.76594,Cloud to Ground,-10101,0,11
2026-08-30T04:40:00.954031935Z,16.815719,127.662039,Cloud to Cloud,-9859,3237,9
2026-08-30T04:40:01.605013349Z,16.816262,127.873081,Cloud to Cloud,-9353,13405,16
2026-08-30T04:40:01.176745567Z,16.801906,127.646905,Cloud to Cloud,-8010,19292,7
2026-08-30T04:40:00.648470152Z,16.798152,127.703155,Cloud to Cloud,12446,15411,7
2026-08-30T04:40:01.046263579Z,16.835998,127.681182,Cloud to Cloud,13717,9429,8
2026-08-30T04:40:01.529474785Z,16.733288,127.898465,Cloud to Cloud,29004,9713,9
2026-08-30T04:40:01.631423165Z,16.786899,127.864229,Cloud to Cloud,32258,13803,6
2026-08-30T04:40:01.581356987Z,18.905849,118.345198,Cloud to Ground,-31097,0,12
2026-08-30T04:40:01.289906508Z,18.902275,118.337992,Cloud to Ground,-24412,0,12
2026-08-30T04:40:01.328707473Z,18.904305,118.340948,Cloud to Ground,-9895,0,8
2026-08-30T04:40:01.370262314Z,18.901407,118.361323,Cloud to Ground,-9864,0,7
2026-08-30T04:40:01.678942199Z,18.907214,118.340396,Cloud to Ground,-8683,0,7
2026-08-30T04:40:03.193534024Z,19.923463,114.57738,Cloud to Cloud,13550,3235,10
2026-08-30T04:40:03.221354787Z,19.923399,114.540191,Cloud to Ground,20029,0,12
2026-08-30T04:40:03.420289848Z,19.215126,116.065541,Cloud to Cloud,11075,17731,9
2026-08-30T04:40:03.764359000Z,18.813,118.4214,Cloud to Ground,31840,0,6
2026-08-30T04:40:04.820144685Z,16.097167,130.630898,Cloud to Cloud,-15218,3014,11
2026-08-30T04:40:04.820922968Z,16.100934,130.637939,Cloud to Cloud,25546,14075,11
2026-08-30T04:40:04.898133426Z,20.324924,113.580277,Cloud to Cloud,17057,6745,14
2026-08-30T04:40:04.896286310Z,20.36269,113.683122,Cloud to Cloud,-21699,3011,12
2026-08-30T04:40:04.913474499Z,20.325829,113.694835,Cloud to Cloud,7931,13060,5
2026-08-30T04:40:04.897175105Z,20.321402,113.696934,Cloud to Ground,27634,0,14
2026-08-30T04:40:04.960836514Z,19.341322,114.805584,Cloud to Ground,31480,0,9
2026-08-30T04:40:05.320562910Z,18.379888,113.764154,Cloud to Cloud,-38242,4576,10
2026-08-30T04:40:05.496495415Z,18.397666,113.652323,Cloud to Cloud,-9757,17572,8
2026-08-30T04:40:05.490466798Z,18.418443,113.702882,Cloud to Ground,13983,0,9
2026-08-30T04:40:05.848310954Z,20.235426,113.535966,Cloud to Ground,21268,0,12
2026-08-30T04:40:05.542810843Z,20.211559,113.632695,Cloud to Ground,-30812,0,13
2026-08-30T04:40:05.858880080Z,20.218259,113.65131,Cloud to Ground,-15080,0,9
2026-08-30T04:40:05.874496510Z,19.64482,114.361578,Cloud to Cloud,-32557,3016,14
2026-08-30T04:40:05.876127680Z,19.646512,114.365019,Cloud to Cloud,-13590,3044,10
2026-08-30T04:40:05.900633923Z,19.636763,114.356014,Cloud to Cloud,-13216,7779,8
2026-08-30T04:40:05.880229765Z,19.632321,114.347104,Cloud to Cloud,-12795,11718,8
2026-08-30T04:40:06.062960992Z,19.620078,114.360786,Cloud to Ground,-12048,0,9
2026-08-30T04:40:05.875453266Z,19.629446,114.358121,Cloud to Cloud,9975,3033,7
2026-08-30T04:40:05.873864023Z,19.647403,114.352772,Cloud to Ground,23858,0,12
2026-08-30T04:40:06.677231377Z,17.057339,132.231625,Cloud to Ground,-19233,0,11
2026-08-30T04:40:06.780397757Z,16.989805,132.292854,Cloud to Ground,-9883,0,6
2026-08-30T04:40:06.659157122Z,17.076606,132.275474,Cloud to Ground,9900,0,8
2026-08-30T04:40:08.450671671Z,18.303222,116.546804,Cloud to Ground,11789,0,15
2026-08-30T04:40:08.479712884Z,18.435257,116.532883,Cloud to Cloud,-17580,7791,11
2026-08-30T04:40:08.542341084Z,18.415317,116.522679,Cloud to Cloud,-10354,4096,8
2026-08-30T04:40:08.802129460Z,18.441215,116.514029,Cloud to Cloud,8242,3022,6
2026-08-30T04:40:08.431494685Z,18.427746,116.506913,Cloud to Cloud,9636,3053,6
2026-08-30T04:40:08.520702526Z,18.427173,116.531345,Cloud to Ground,17051,0,10
2026-08-30T04:40:08.327877527Z,17.405449,113.173084,Cloud to Cloud,-23060,19539,13
2026-08-30T04:40:08.589023765Z,17.403426,113.158332,Cloud to Ground,-11897,0,7
2026-08-30T04:40:08.962679393Z,17.432046,113.164032,Cloud to Cloud,-9283,11592,6
2026-08-30T04:40:08.850544670Z,17.423205,113.116563,Cloud to Cloud,-8965,4750,7
2026-08-30T04:40:08.576870925Z,17.404283,113.166754,Cloud to Ground,-8294,0,8
2026-08-30T04:40:08.852523955Z,17.553233,113.160113,Cloud to Ground,-8286,0,9
2026-08-30T04:40:09.486425261Z,17.617076,113.207526,Cloud to Cloud,-7319,8072,8
2026-08-30T04:40:08.491385642Z,20.009792,114.393726,Cloud to Ground,16871,0,8
2026-08-30T04:40:09.951715738Z,16.836629,127.689514,Cloud to Cloud,19852,3035,9
2026-08-30T04:40:09.746296306Z,17.767833,113.361732,Cloud to Cloud,-4835,3027,6
2026-08-30T04:40:09.381383858Z,17.63611,113.337965,Cloud to Cloud,-13811,6190,8
2026-08-30T04:40:10.665676269Z,19.32353,114.794861,Cloud to Ground,-12568,0,11
2026-08-30T04:40:11.611952142Z,18.408063,116.439984,Cloud to Ground,-38293,0,12
2026-08-30T04:40:12.679114546Z,16.566729,120.163221,Cloud to Cloud,15130,17851,15
2026-08-30T04:40:13.015667000Z,17.1871,120.4707,Cloud to Ground,-19498,0,5
2026-08-30T04:40:12.922361807Z,17.230426,120.532584,Cloud to Cloud,8473,17992,12
2026-08-30T04:40:12.464499240Z,19.789148,115.277186,Cloud to Cloud,-9383,5915,10
2026-08-30T04:40:12.472308525Z,19.740777,115.262612,Cloud to Cloud,7181,3030,8
2026-08-30T04:40:12.442526915Z,19.876838,115.28622,Cloud to Cloud,16494,3082,8
2026-08-30T04:40:12.746831693Z,21.738598,112.939869,Cloud to Cloud,24580,3051,12
2026-08-30T04:40:14.011604294Z,16.926066,132.129907,Cloud to Ground,-16064,0,9
2026-08-30T04:40:14.015921860Z,16.896189,132.208462,Cloud to Ground,-11822,0,9
2026-08-30T04:40:14.179103338Z,16.944297,132.219387,Cloud to Ground,13321,0,8
2026-08-30T04:40:14.199196360Z,13.380213,119.258442,Cloud to Cloud,12280,7896,9
2026-08-30T04:40:15.453475413Z,16.779116,127.699433,Cloud to Ground,28118,0,11
2026-08-30T04:40:15.919487224Z,15.091736,121.193657,Cloud to Ground,-56855,0,13
2026-08-30T04:40:15.958100646Z,15.090728,121.191627,Cloud to Ground,-45109,0,11
2026-08-30T04:40:16.035976336Z,15.09075,121.196283,Cloud to Ground,-34744,0,15
2026-08-30T04:40:15.888653228Z,15.020072,121.223934,Cloud to Cloud,-14631,3877,10
2026-08-30T04:40:16.122278649Z,15.093442,121.198567,Cloud to Ground,-9830,0,11
2026-08-30T04:40:15.943343000Z,19.4986,115.333,Cloud to Ground,15480,0,6
2026-08-30T04:40:16.520572939Z,18.672265,119.272258,Cloud to Cloud,8999,14984,12
2026-08-30T04:40:16.519360000Z,18.6965,119.1893,Cloud to Ground,43095,0,5
2026-08-30T04:40:17.451580434Z,4.573354,113.221193,Cloud to Ground,-20000,0,8
2026-08-30T04:40:17.476208974Z,18.559093,116.592272,Cloud to Cloud,10915,16172,10
2026-08-30T04:40:17.477215993Z,18.541804,116.5886,Cloud to Ground,18524,0,12
2026-08-30T04:40:17.911512919Z,14.632907,121.964787,Cloud to Cloud,11503,12040,8
2026-08-30T04:40:17.385175869Z,22.020563,113.33072,Cloud to Cloud,-7924,3078,8
2026-08-30T04:40:18.463708395Z,20.183914,114.539086,Cloud to Ground,-21742,0,10
2026-08-30T04:40:18.565045230Z,20.162148,114.535802,Cloud to Cloud,-15027,15600,7
2026-08-30T04:40:18.797214226Z,19.75566,114.693959,Cloud to Ground,-16813,0,9
2026-08-30T04:40:18.414355447Z,19.719259,114.753871,Cloud to Ground,65712,0,12
2026-08-30T04:40:18.881070450Z,19.066257,118.534375,Cloud to Ground,-20258,0,10
2026-08-30T04:40:18.969973773Z,19.061364,118.523301,Cloud to Ground,-8324,0,5
2026-08-30T04:40:19.071848646Z,19.060047,118.517133,Cloud to Cloud,-6097,3004,5
2026-08-30T04:40:19.042066137Z,19.058005,118.525808,Cloud to Cloud,-4836,19979,6
2026-08-30T04:40:19.532762920Z,18.43095,116.549117,Cloud to Ground,-38988,0,12
2026-08-30T04:40:19.665858961Z,18.431048,116.551505,Cloud to Ground,-22479,0,9
2026-08-30T04:40:19.807804444Z,18.43269,116.546309,Cloud to Ground,-9848,0,8
2026-08-30T04:40:19.567941303Z,18.430196,116.544461,Cloud to Ground,-9274,0,8
2026-08-30T04:40:19.606946000Z,18.4308,116.511,Cloud to Ground,29100,0,14
2026-08-30T04:40:20.462885728Z,16.15646,130.851925,Cloud to Cloud,-15744,3021,7
2026-08-30T04:40:20.233112849Z,16.213304,131.048959,Cloud to Cloud,-12353,6316,14
2026-08-30T04:40:20.220805538Z,16.243439,131.028603,Cloud to Cloud,20984,3101,15
2026-08-30T04:40:20.442619396Z,16.815011,127.696192,Cloud to Ground,40728,0,12
2026-08-30T04:40:21.676454930Z,17.345649,113.154395,Cloud to Cloud,-7196,7683,7
2026-08-30T04:40:21.679412940Z,17.330701,113.15824,Cloud to Cloud,-7090,4596,9
2026-08-30T04:40:23.156223742Z,17.882058,113.350359,Cloud to Ground,-6338,0,6
2026-08-30T04:40:23.153223314Z,17.714624,113.490122,Cloud to Ground,-9838,0,7
2026-08-30T04:40:23.182202113Z,17.724494,113.415624,Cloud to Ground,13624,0,6
2026-08-30T04:40:23.146123225Z,17.699179,113.418932,Cloud to Cloud,36278,3047,9
2026-08-30T04:40:24.633136753Z,18.609179,117.928657,Cloud to Cloud,-15787,4340,14
2026-08-30T04:40:24.621935708Z,18.704951,117.957117,Cloud to Cloud,-17248,3074,7
2026-08-30T04:40:24.799416639Z,19.533465,114.815575,Cloud to Cloud,-15173,3026,7
2026-08-30T04:40:24.793583000Z,19.5144,114.9051,Cloud to Ground,16157,0,5
2026-08-30T04:40:26.926371586Z,14.489656,120.97552,Cloud to Cloud,-4407,11360,6
2026-08-30T04:40:26.953286492Z,14.546711,121.062831,Cloud to Cloud,4445,7369,5
2026-08-30T04:40:26.974065709Z,14.45846,121.077589,Cloud to Ground,21324,0,10
2026-08-30T04:40:26.937572119Z,14.41339,120.891503,Cloud to Cloud,-12588,6519,7
2026-08-30T04:40:26.191011288Z,22.027567,113.125728,Cloud to Cloud,-12929,4814,7
2026-08-30T04:40:28.041858843Z,19.330924,118.714359,Cloud to Cloud,-17187,4204,8
2026-08-30T04:40:27.929275230Z,19.307806,118.645738,Cloud to Cloud,-15771,19128,10
2026-08-30T04:40:28.137064394Z,19.36681,118.681375,Cloud to Cloud,-11232,17676,10
2026-08-30T04:40:27.645779548Z,19.378471,118.677855,Cloud to Cloud,19109,19901,7
2026-08-30T04:40:27.647823115Z,19.387884,118.680277,Cloud to Cloud,25899,3003,8
2026-08-30T04:40:28.856289335Z,19.139244,114.724023,Cloud to Cloud,-28753,3109,16
2026-08-30T04:40:28.857150481Z,19.11594,114.728608,Cloud to Cloud,-11701,4761,8
2026-08-30T04:40:30.118051986Z,20.250915,113.77263,Cloud to Cloud,8485,17842,7
2026-08-30T04:40:30.437371020Z,17.51816,113.26099,Cloud to Ground,-13414,0,6
2026-08-30T04:40:31.052194951Z,18.73319,118.350166,Cloud to Ground,-21907,0,10
2026-08-30T04:40:32.139074121Z,19.998517,114.997467,Cloud to Cloud,6976,3014,9
2026-08-30T04:40:32.001570176Z,19.969796,115.007588,Cloud to Cloud,7485,3080,8
2026-08-30T04:40:32.235524991Z,19.973765,115.012517,Cloud to Cloud,9788,11229,6
2026-08-30T04:40:31.989313776Z,20.053162,115.033599,Cloud to Cloud,13895,3007,10
2026-08-30T04:40:31.980000982Z,19.950526,115.008758,Cloud to Cloud,19330,18996,11
2026-08-30T04:40:31.978730000Z,19.9716,114.9875,Cloud to Ground,24422,0,5
2026-08-30T04:40:34.833637725Z,20.227565,114.030463,Cloud to Cloud,-21942,3978,11
2026-08-30T04:40:34.873805606Z,20.213012,114.04314,Cloud to Ground,-14872,0,7
2026-08-30T04:40:34.787785753Z,20.223044,114.033926,Cloud to Ground,-8977,0,8
2026-08-30T04:40:34.715746743Z,20.199818,114.034609,Cloud to Cloud,15639,3102,8
2026-08-30T04:40:34.695577000Z,20.2017,114.009,Cloud to Ground,33348,0,13
2026-08-30T04:40:34.078762124Z,18.419785,116.546303,Cloud to Cloud,-12155,3046,7
2026-08-30T04:40:34.407849992Z,18.434381,116.52666,Cloud to Cloud,-10610,3002,11
2026-08-30T04:40:34.920315000Z,20.2848,113.9458,Cloud to Ground,24149,0,6
2026-08-30T04:40:35.835995377Z,18.347016,113.587574,Cloud to Ground,-13532,0,12
2026-08-30T04:40:35.829181197Z,18.374641,113.580443,Cloud to Cloud,-13086,10735,7
2026-08-30T04:40:35.827510087Z,18.367248,113.587861,Cloud to Cloud,6615,5320,9
2026-08-30T04:40:35.830320309Z,18.341142,113.609364,Cloud to Cloud,16857,14539,11
2026-08-30T04:40:35.031216038Z,17.859156,113.574821,Cloud to Cloud,-10808,3628,8
2026-08-30T04:40:35.289894992Z,17.883684,113.51149,Cloud to Cloud,12314,3027,8
2026-08-30T04:40:35.028922185Z,17.85327,113.488683,Cloud to Ground,13589,0,10
2026-08-30T04:40:35.026879670Z,17.872553,113.589753,Cloud to Ground,14439,0,10
2026-08-30T04:40:35.443375339Z,18.061445,113.463942,Cloud to Cloud,-9384,3011,7
2026-08-30T04:40:35.438473324Z,18.053908,113.37291,Cloud to Cloud,6128,3238,8
2026-08-30T04:40:36.123882040Z,4.177236,112.834312,Cloud to Ground,-16544,0,11
2026-08-30T04:40:36.141225784Z,4.090207,112.816504,Cloud to Ground,15861,0,8
2026-08-30T04:40:36.121209588Z,4.087168,112.818436,Cloud to Ground,25459,0,7
2026-08-30T04:40:37.349344171Z,16.812232,127.717325,Cloud to Cloud,-16405,3029,14
2026-08-30T04:40:37.215327111Z,16.8392,127.715723,Cloud to Cloud,20197,17106,13
2026-08-30T04:40:36.809364308Z,16.836489,127.713266,Cloud to Ground,23022,0,10
2026-08-30T04:40:38.445625430Z,19.054314,118.537299,Cloud to Ground,-36669,0,11
2026-08-30T04:40:38.409302103Z,19.146316,118.539947,Cloud to Cloud,-12219,17766,10
2026-08-30T04:40:39.540211328Z,16.823902,127.67302,Cloud to Ground,32609,0,8
2026-08-30T04:40:39.205126446Z,22.83805,113.184275,Cloud to Cloud,-14188,15085,7
2026-08-30T04:40:39.191195881Z,22.917477,113.110537,Cloud to Ground,9864,0,14
2026-08-30T04:40:39.213961155Z,22.916756,113.11438,Cloud to Cloud,14567,14092,14
2026-08-30T04:40:39.724851692Z,18.499137,113.926385,Cloud to Cloud,-14404,5548,12
2026-08-30T04:40:39.467998473Z,18.588065,113.993998,Cloud to Cloud,-14131,5455,7
2026-08-30T04:40:40.381078010Z,18.183885,113.592875,Cloud to Ground,-10745,0,5
2026-08-30T04:40:40.345778911Z,18.121712,113.547477,Cloud to Cloud,7550,5904,9
2026-08-30T04:40:40.348000920Z,18.210175,113.554196,Cloud to Cloud,7586,19215,7
2026-08-30T04:40:40.350064591Z,18.124004,113.526212,Cloud to Ground,9490,0,9
2026-08-30T04:40:41.331254050Z,4.49905,113.185266,Cloud to Ground,10231,0,6
2026-08-30T04:40:41.155540975Z,18.74197,119.413252,Cloud to Cloud,6008,4869,8
2026-08-30T04:40:41.125759032Z,18.741605,119.413807,Cloud to Cloud,10741,16092,9
2026-08-30T04:40:41.130128926Z,18.657648,119.348773,Cloud to Cloud,4501,5311,9
2026-08-30T04:40:42.312172317Z,19.387345,114.310078,Cloud to Cloud,-28532,5160,15
2026-08-30T04:40:42.380062081Z,19.387417,114.314749,Cloud to Ground,-19940,0,13
2026-08-30T04:40:42.294002383Z,19.36378,114.312788,Cloud to Ground,-17738,0,12
2026-08-30T04:40:42.332978288Z,19.378176,114.315857,Cloud to Ground,-17365,0,14
2026-08-30T04:40:42.409256207Z,19.385061,114.31307,Cloud to Ground,-15893,0,7
2026-08-30T04:40:42.335195129Z,19.372646,114.299339,Cloud to Cloud,6742,4383,6
2026-08-30T04:40:42.902903000Z,19.9279,114.4169,Cloud to Ground,18004,0,5
2026-08-30T04:40:42.203169940Z,18.90573,118.359054,Cloud to Ground,-12992,0,9
2026-08-30T04:40:42.174405601Z,18.928532,118.35944,Cloud to Cloud,-4640,11718,6
2026-08-30T04:40:44.861447378Z,16.361903,119.919857,Cloud to Cloud,11919,9337,8
2026-08-30T04:40:44.864155882Z,16.427849,119.942267,Cloud to Cloud,19010,6311,13
2026-08-30T04:40:44.612229423Z,18.461675,117.532088,Cloud to Cloud,-13489,18681,8
2026-08-30T04:40:44.084851000Z,19.6645,115.0263,Cloud to Ground,-43744,0,9
2026-08-30T04:40:43.963490647Z,19.69252,114.998438,Cloud to Cloud,-16813,13094,9
2026-08-30T04:40:43.991542783Z,19.653824,115.014068,Cloud to Cloud,-12755,7829,7
2026-08-30T04:40:44.058719136Z,19.576925,114.986279,Cloud to Cloud,-10712,5569,8
2026-08-30T04:40:43.967553286Z,19.78378,115.020224,Cloud to Cloud,6331,5783,8
2026-08-30T04:40:44.095330433Z,19.753697,114.956737,Cloud to Ground,20180,0,13
2026-08-30T04:40:45.617543294Z,17.095094,132.239384,Cloud to Ground,-28998,0,18
2026-08-30T04:40:44.484198073Z,16.792991,127.732141,Cloud to Ground,19964,0,11
2026-08-30T04:40:45.036053146Z,16.802981,127.698327,Cloud to Ground,42310,0,11
2026-08-30T04:40:45.579576468Z,4.611123,113.22189,Cloud to Ground,-30587,0,12
2026-08-30T04:40:46.189683779Z,4.572326,113.302045,Cloud to Ground,31416,0,8
2026-08-30T04:40:46.578894022Z,16.815227,127.698006,Cloud to Cloud,16592,17692,7
2026-08-30T04:40:46.421271454Z,20.159987,115.367545,Cloud to Cloud,5848,3005,7
2026-08-30T04:40:46.136081420Z,19.393078,114.996161,Cloud to Cloud,-17255,3431,13
2026-08-30T04:40:45.917564354Z,19.411242,114.977945,Cloud to Cloud,-7313,14166,7
2026-08-30T04:40:45.881402336Z,19.419281,114.98325,Cloud to Cloud,7792,3590,8
2026-08-30T04:40:45.957928144Z,19.499658,115.005636,Cloud to Cloud,10389,3021,7
2026-08-30T04:40:46.198193890Z,20.04554,115.37932,Cloud to Ground,-125509,0,14
2026-08-30T04:40:46.228182103Z,20.060135,115.380094,Cloud to Ground,19791,0,18
2026-08-30T04:40:46.349176681Z,20.043883,115.358364,Cloud to Ground,88857,0,13
2026-08-30T04:40:46.528757420Z,15.051507,121.156677,Cloud to Cloud,5299,17512,5
2026-08-30T04:40:47.648012203Z,19.297334,114.817022,Cloud to Ground,-21252,0,17
2026-08-30T04:40:47.865152051Z,19.29766,114.818617,Cloud to Ground,-12850,0,8
2026-08-30T04:40:47.855914322Z,19.289787,114.818399,Cloud to Cloud,-7926,14534,8
2026-08-30T04:40:47.665547143Z,19.29954,114.810024,Cloud to Cloud,16607,3003,12
2026-08-30T04:40:47.589021720Z,19.649207,114.357325,Cloud to Cloud,-23338,3013,12
2026-08-30T04:40:47.588288553Z,19.632821,114.357809,Cloud to Cloud,11954,4823,12
2026-08-30T04:40:49.705642075Z,18.640031,113.919392,Cloud to Cloud,9138,3048,11
2026-08-30T04:40:49.855371063Z,18.594988,113.79851,Cloud to Cloud,-16778,6741,12
2026-08-30T04:40:49.845155058Z,18.590877,113.798729,Cloud to Cloud,-12663,7846,12
2026-08-30T04:40:49.751242177Z,18.5221,113.832927,Cloud to Ground,-11725,0,8
2026-08-30T04:40:50.084709452Z,18.469711,113.659493,Cloud to Cloud,-11457,15483,8
2026-08-30T04:40:49.540108483Z,18.4996,113.752668,Cloud to Cloud,8627,7048,7
2026-08-30T04:40:49.512636189Z,18.513004,113.739281,Cloud to Cloud,13887,17364,15
2026-08-30T04:40:49.847919108Z,18.579483,113.682781,Cloud to Cloud,14443,11457,19
2026-08-30T04:40:49.647731855Z,18.410808,116.517058,Cloud to Cloud,-9476,6703,8
2026-08-30T04:40:50.466923332Z,16.855359,127.710917,Cloud to Cloud,-16336,15474,6
2026-08-30T04:40:50.273573685Z,16.830553,127.738908,Cloud to Cloud,7570,6377,11
2026-08-30T04:40:50.295801202Z,16.77168,127.665244,Cloud to Cloud,9351,4402,7
2026-08-30T04:40:50.251504203Z,16.827392,127.740667,Cloud to Cloud,11539,16847,8
2026-08-30T04:40:50.228250439Z,16.838373,127.676496,Cloud to Ground,38049,0,11
2026-08-30T04:40:50.033385050Z,17.477842,113.174565,Cloud to Ground,49213,0,16
2026-08-30T04:40:50.034851490Z,17.563242,113.105769,Cloud to Ground,18885,0,8
2026-08-30T04:40:50.394542371Z,20.22381,113.604656,Cloud to Cloud,-12413,15901,12
2026-08-30T04:40:50.326605800Z,20.151836,114.553551,Cloud to Cloud,-20013,4842,10
2026-08-30T04:40:50.325758000Z,20.1739,114.5262,Cloud to Ground,23096,0,7
2026-08-30T04:40:51.367038495Z,21.683555,112.867808,Cloud to Cloud,7205,11914,10
2026-08-30T04:40:52.146670619Z,15.407484,120.230844,Cloud to Cloud,-5728,15326,12
2026-08-30T04:40:52.131829069Z,15.403232,120.184428,Cloud to Cloud,9647,10626,12
2026-08-30T04:40:52.373630886Z,15.408246,120.201267,Cloud to Cloud,14250,4943,10
2026-08-30T04:40:52.122206801Z,15.33519,120.249893,Cloud to Cloud,15343,14677,12
2026-08-30T04:40:52.122820592Z,15.335762,120.255418,Cloud to Ground,20326,0,11
2026-08-30T04:40:52.370371237Z,15.467277,120.199568,Cloud to Ground,39289,0,9
2026-08-30T04:40:53.689817837Z,16.013713,129.518209,Cloud to Ground,21612,0,15
2026-08-30T04:40:54.271686485Z,18.602113,113.995692,Cloud to Ground,-15570,0,8
2026-08-30T04:40:53.846413729Z,18.59065,114.007361,Cloud to Cloud,-15557,13190,11
2026-08-30T04:40:54.236672913Z,21.915921,113.19826,Cloud to Cloud,-17380,3033,11
2026-08-30T04:40:54.118174931Z,22.005678,113.155136,Cloud to Cloud,-7611,19635,5
2026-08-30T04:40:56.997886916Z,19.058282,118.549723,Cloud to Ground,-50792,0,21
2026-08-30T04:40:57.155753488Z,19.06431,118.537783,Cloud to Ground,-14228,0,9
2026-08-30T04:40:57.129170376Z,19.107595,118.54331,Cloud to Ground,-13862,0,11
2026-08-30T04:40:57.135647352Z,19.076917,118.524676,Cloud to Cloud,-12939,3086,12
2026-08-30T04:40:57.028757803Z,19.055947,118.519558,Cloud to Ground,-6255,0,6
2026-08-30T04:40:57.848803878Z,18.97064,118.419118,Cloud to Cloud,-33511,11834,10
2026-08-30T04:40:57.853186656Z,18.992504,118.439335,Cloud to Cloud,7667,3005,7
2026-08-30T04:40:58.682332058Z,18.405626,116.448836,Cloud to Ground,-60142,0,14
2026-08-30T04:40:59.098593608Z,18.410942,116.446875,Cloud to Ground,-16649,0,10
2026-08-30T04:40:58.875936873Z,18.40839,116.447363,Cloud to Ground,-16436,0,11
2026-08-30T04:40:59.297357008Z,18.398315,116.446932,Cloud to Cloud,-16411,11456,8
2026-08-30T04:40:58.916865208Z,18.417026,116.447832,Cloud to Cloud,-14826,3010,10
2026-08-30T04:40:58.888569216Z,18.41511,116.446418,Cloud to Ground,-12976,0,9
2026-08-30T04:40:59.003119342Z,18.412493,116.447719,Cloud to Ground,-12821,0,10
2026-08-30T04:40:59.120753229Z,18.415782,116.441131,Cloud to Cloud,-9185,7821,8
2026-08-30T04:40:58.938522599Z,18.404363,116.439733,Cloud to Cloud,13512,3041,9
2026-08-30T04:40:58.810917739Z,18.399059,116.4358,Cloud to Ground,94872,0,13
2026-08-30T04:40:59.337091225Z,16.843244,127.694004,Cloud to Ground,68262,0,12
2026-08-30T04:40:59.722144616Z,19.640188,114.660714,Cloud to Cloud,6746,7088,7
2026-08-30T04:40:59.715396827Z,19.634602,114.663686,Cloud to Cloud,11117,16612,10
2026-08-30T04:41:03.609454372Z,16.828947,127.693516,Cloud to Ground,40986,0,12
2026-08-30T04:41:03.472515434Z,15.076525,121.203229,Cloud to Ground,-61706,0,14
2026-08-30T04:41:03.562622788Z,15.095843,121.210669,Cloud to Ground,-23604,0,12
2026-08-30T04:41:03.492932285Z,15.081129,121.20359,Cloud to Ground,-12556,0,7
2026-08-30T04:41:03.615114780Z,15.081729,121.227069,Cloud to Ground,-11900,0,9
2026-08-30T04:41:03.726440079Z,15.068587,121.237593,Cloud to Ground,-8760,0,9
2026-08-30T04:41:04.589616137Z,16.81512,127.655051,Cloud to Ground,31004,0,12
2026-08-30T04:41:04.653634254Z,19.39542,114.985458,Cloud to Cloud,-21617,9833,12
2026-08-30T04:41:04.876485123Z,18.601818,119.340404,Cloud to Ground,-8831,0,8
2026-08-30T04:41:06.978113635Z,22.020177,113.209807,Cloud to Cloud,-13850,5968,8
2026-08-30T04:41:06.743129376Z,18.449239,113.742895,Cloud to Cloud,-9955,7197,7
2026-08-30T04:41:06.267377703Z,18.408883,113.710244,Cloud to Ground,-9798,0,10
2026-08-30T04:41:06.460970946Z,18.447348,113.690677,Cloud to Cloud,8039,3365,8
2026-08-30T04:41:06.714177717Z,18.537632,113.661961,Cloud to Ground,13538,0,8
2026-08-30T04:41:06.612324376Z,22.0549,113.461908,Cloud to Cloud,-8989,6936,10
2026-08-30T04:41:06.614196047Z,22.0471,113.330479,Cloud to Ground,-39727,0,13
2026-08-30T04:41:06.621673048Z,22.024746,113.343073,Cloud to Ground,-11028,0,10
2026-08-30T04:41:06.623456273Z,22.032825,113.335991,Cloud to Cloud,-9160,15946,6
2026-08-30T04:41:07.843761793Z,4.622899,113.190942,Cloud to Ground,22261,0,12
2026-08-30T04:41:07.989784022Z,13.325588,119.313175,Cloud to Cloud,-7151,5348,7
2026-08-30T04:41:08.012527707Z,13.380675,119.26675,Cloud to Cloud,-5753,18852,7
2026-08-30T04:41:09.400738000Z,19.3759,114.2391,Cloud to Ground,-11127,0,6
2026-08-30T04:41:10.751763000Z,16.8233,127.6848,Cloud to Ground,-4946,0,5
2026-08-30T04:41:11.894827564Z,19.050906,118.53738,Cloud to Ground,-14474,0,7
2026-08-30T04:41:11.975088576Z,19.059497,118.530329,Cloud to Ground,-9851,0,6
2026-08-30T04:41:11.972770579Z,19.078256,118.526864,Cloud to Cloud,24145,14955,10
2026-08-30T04:41:11.553191184Z,16.804967,127.683195,Cloud to Cloud,-13978,7633,7
2026-08-30T04:41:11.612743241Z,16.79294,127.632536,Cloud to Cloud,10444,3007,12
2026-08-30T04:41:11.538949923Z,16.852414,127.759496,Cloud to Ground,14197,0,7
2026-08-30T04:41:12.436109542Z,20.239939,114.124753,Cloud to Cloud,-41032,3012,15
2026-08-30T04:41:12.533718328Z,20.217696,114.122298,Cloud to Cloud,-16626,16253,10
2026-08-30T04:41:12.534269421Z,20.249852,114.136145,Cloud to Cloud,-13314,3018,9
2026-08-30T04:41:12.464042880Z,20.192799,114.081711,Cloud to Ground,-11800,0,8
2026-08-30T04:41:12.505009738Z,20.245548,114.096372,Cloud to Ground,63229,0,15
2026-08-30T04:41:12.044469878Z,20.367056,113.720447,Cloud to Cloud,9715,13914,9
2026-08-30T04:41:12.357807709Z,20.303032,113.737357,Cloud to Ground,50896,0,9
2026-08-30T04:41:12.164478537Z,14.592132,118.974813,Cloud to Cloud,-14973,7162,12
2026-08-30T04:41:15.163432149Z,17.751375,128.37117,Cloud to Cloud,-11979,13556,12
2026-08-30T04:41:15.196990516Z,17.754022,128.471503,Cloud to Ground,-6265,0,7
2026-08-30T04:41:15.159861296Z,17.76359,128.508485,Cloud to Ground,17689,0,12
2026-08-30T04:41:15.160778842Z,17.762339,128.521483,Cloud to Ground,22893,0,8
2026-08-30T04:41:15.349992491Z,16.812805,127.576839,Cloud to Ground,19431,0,12
2026-08-30T04:41:16.982039278Z,17.501777,113.165087,Cloud to Cloud,-16102,16798,12
2026-08-30T04:41:16.619856297Z,17.442348,113.127963,Cloud to Ground,14117,0,6
2026-08-30T04:41:18.213392028Z,18.431613,116.557379,Cloud to Ground,-63635,0,13
2026-08-30T04:41:18.095362228Z,18.437759,116.559643,Cloud to Ground,-37639,0,14
2026-08-30T04:41:18.145523341Z,18.442948,116.557289,Cloud to Ground,-25053,0,16
2026-08-30T04:41:18.125643255Z,18.442623,116.555905,Cloud to Ground,-22402,0,14
2026-08-30T04:41:18.405033351Z,19.385832,118.679348,Cloud to Cloud,10379,17442,9
2026-08-30T04:41:19.031280314Z,4.564503,113.182259,Cloud to Ground,11630,0,6
2026-08-30T04:41:19.569625848Z,20.241917,113.764537,Cloud to Ground,13962,0,9
2026-08-30T04:41:19.571982345Z,20.227745,113.660532,Cloud to Ground,35601,0,12
2026-08-30T04:41:21.796525521Z,16.837334,127.698853,Cloud to Cloud,8710,16789,6
2026-08-30T04:41:21.330503627Z,16.838364,127.703589,Cloud to Ground,37700,0,12
2026-08-30T04:41:21.077992710Z,18.143846,127.295281,Cloud to Cloud,-15924,3027,10
2026-08-30T04:41:21.111577712Z,18.185901,127.343852,Cloud to Cloud,-8459,3068,14
2026-08-30T04:41:21.107653249Z,18.116316,127.20873,Cloud to Cloud,11824,5805,14
2026-08-30T04:41:21.151859055Z,18.146388,127.339868,Cloud to Ground,25716,0,11
2026-08-30T04:41:21.077121561Z,18.140284,127.366297,Cloud to Ground,28273,0,19
2026-08-30T04:41:21.112392086Z,18.148157,127.331674,Cloud to Ground,52421,0,17
2026-08-30T04:41:23.890003000Z,19.1523,115.9874,Cloud to Ground,4436,0,5
2026-08-30T04:41:24.262565339Z,19.261882,116.048537,Cloud to Cloud,-11293,3006,9
2026-08-30T04:41:23.652813000Z,19.2438,116.0293,Cloud to Ground,-8062,0,7
2026-08-30T04:41:23.627462585Z,19.206887,116.068504,Cloud to Cloud,-5912,17330,7
2026-08-30T04:41:24.486543499Z,19.299143,116.057867,Cloud to Cloud,9294,7288,7
2026-08-30T04:41:23.126572537Z,19.297255,116.099255,Cloud to Cloud,15236,5330,7
2026-08-30T04:41:24.153070678Z,18.925638,118.362439,Cloud to Cloud,6387,12820,8
2026-08-30T04:41:24.799742366Z,18.413609,116.531963,Cloud to Ground,-21598,0,16
2026-08-30T04:41:25.042544254Z,18.529496,113.814747,Cloud to Ground,16121,0,9
2026-08-30T04:41:27.425940630Z,4.562495,113.222826,Cloud to Ground,-8479,0,5
2026-08-30T04:41:27.417751643Z,16.950934,132.227382,Cloud to Ground,-19097,0,12
2026-08-30T04:41:27.403276096Z,16.975026,132.193585,Cloud to Ground,-17156,0,15
2026-08-30T04:41:27.387741018Z,16.963571,132.22007,Cloud to Ground,-15502,0,16
2026-08-30T04:41:27.388603953Z,17.003312,132.206616,Cloud to Ground,-12188,0,9
2026-08-30T04:41:27.389106113Z,16.948922,132.232994,Cloud to Cloud,-11798,3115,10
2026-08-30T04:41:27.539756131Z,16.841315,127.680184,Cloud to Ground,92577,0,10
2026-08-30T04:41:28.278150272Z,16.82232,127.657291,Cloud to Ground,18138,0,10
2026-08-30T04:41:28.172036340Z,19.445678,114.988649,Cloud to Cloud,-9938,5092,10
2026-08-30T04:41:28.180917483Z,19.485755,114.970195,Cloud to Ground,-8792,0,7
2026-08-30T04:41:28.015434442Z,19.425512,114.988645,Cloud to Cloud,7930,3016,10
2026-08-30T04:41:29.781895718Z,16.820819,127.661834,Cloud to Cloud,14512,19062,6
2026-08-30T04:41:30.166272062Z,19.061045,118.531475,Cloud to Ground,-25377,0,13
2026-08-30T04:41:30.287062736Z,19.053925,118.528137,Cloud to Ground,-20414,0,8
2026-08-30T04:41:30.255355872Z,19.057339,118.532788,Cloud to Ground,-15409,0,10
2026-08-30T04:41:30.960897101Z,17.318687,113.18812,Cloud to Ground,11006,0,8
2026-08-30T04:41:31.549581783Z,17.18891,131.592405,Cloud to Ground,-12648,0,8
2026-08-30T04:41:31.707567981Z,16.833371,127.70281,Cloud to Ground,49792,0,10
2026-08-30T04:41:32.204888373Z,4.09037,112.828849,Cloud to Ground,-25873,0,16
2026-08-30T04:41:32.831945489Z,19.280031,114.89223,Cloud to Ground,15810,0,10
2026-08-30T04:41:33.353706635Z,20.046033,114.33336,Cloud to Cloud,-52363,3103,8
2026-08-30T04:41:33.363645682Z,20.024293,114.330817,Cloud to Ground,13921,0,7
2026-08-30T04:41:35.674723642Z,18.633801,116.291284,Cloud to Cloud,10667,3010,7
2026-08-30T04:41:36.503751578Z,15.078954,121.200253,Cloud to Ground,-104649,0,11
2026-08-30T04:41:36.612028816Z,15.099423,121.201386,Cloud to Ground,-41640,0,14
2026-08-30T04:41:36.764499330Z,15.079532,121.196127,Cloud to Ground,-32010,0,10
2026-08-30T04:41:36.663816341Z,15.079199,121.194621,Cloud to Ground,-30055,0,11
2026-08-30T04:41:36.482391102Z,15.012847,121.231749,Cloud to Cloud,-16967,11386,11
2026-08-30T04:41:36.944375567Z,15.080958,121.196491,Cloud to Ground,-11603,0,12
2026-08-30T04:41:37.118435567Z,15.080379,121.19705,Cloud to Ground,-7961,0,10
2026-08-30T04:41:36.522123541Z,15.093562,121.215092,Cloud to Cloud,-5577,6761,6
2026-08-30T04:41:37.016100052Z,15.08471,121.200612,Cloud to Cloud,-3352,3760,5
2026-08-30T04:41:37.481716000Z,17.1402,132.3672,Cloud to Ground,-41682,0,6
2026-08-30T04:41:37.523173544Z,17.106539,132.423615,Cloud to Ground,-23344,0,16
2026-08-30T04:41:37.497718227Z,17.128333,132.418043,Cloud to Ground,-14572,0,15
2026-08-30T04:41:37.485615082Z,17.134442,132.426958,Cloud to Ground,-10056,0,9
2026-08-30T04:41:37.337982762Z,19.037241,116.255453,Cloud to Ground,-8337,0,9
2026-08-30T04:41:40.209132790Z,16.671891,131.339701,Cloud to Cloud,-8485,3133,7
2026-08-30T04:41:40.207008736Z,16.733286,131.452352,Cloud to Ground,-18426,0,16
2026-08-30T04:41:40.211312104Z,16.715734,131.47282,Cloud to Ground,-12288,0,10
2026-08-30T04:41:40.206435166Z,16.727898,131.46507,Cloud to Ground,15708,0,17
2026-08-30T04:41:41.390139464Z,18.328718,116.481299,Cloud to Cloud,11113,3026,7
2026-08-30T04:41:42.724666907Z,16.827341,127.677513,Cloud to Cloud,9397,3111,7
2026-08-30T04:41:43.622831480Z,16.101313,130.641576,Cloud to Cloud,-13867,8817,10
2026-08-30T04:41:43.575409975Z,16.116121,130.638629,Cloud to Cloud,-8076,19289,11
2026-08-30T04:41:43.576941460Z,16.120373,130.677999,Cloud to Ground,10866,0,9
2026-08-30T04:41:43.585027486Z,16.886227,127.303684,Cloud to Ground,-17608,0,10
2026-08-30T04:41:43.554005481Z,16.837507,127.390728,Cloud to Ground,-31282,0,15
2026-08-30T04:41:43.589450377Z,16.832041,127.453261,Cloud to Cloud,20871,3082,14
2026-08-30T04:41:43.566762600Z,16.810494,127.452632,Cloud to Cloud,22084,6055,7
2026-08-30T04:41:43.779473306Z,18.981585,114.510954,Cloud to Ground,13771,0,12
2026-08-30T04:41:44.422327992Z,16.810773,127.651683,Cloud to Ground,19581,0,7
2026-08-30T04:41:45.305114203Z,18.460223,113.828935,Cloud to Cloud,-23824,3004,12
2026-08-30T04:41:45.320679215Z,18.45119,113.771272,Cloud to Cloud,-6743,3671,7
2026-08-30T04:41:45.304190330Z,18.446348,113.817302,Cloud to Cloud,-5572,13026,7
2026-08-30T04:41:45.461958947Z,18.456795,113.812634,Cloud to Ground,5827,0,8
2026-08-30T04:41:45.905945861Z,19.132096,115.060135,Cloud to Ground,10794,0,8
2026-08-30T04:41:46.182769687Z,16.014978,129.533318,Cloud to Cloud,10538,11371,8
2026-08-30T04:41:46.219811464Z,15.988934,129.554432,Cloud to Ground,12904,0,8
2026-08-30T04:41:46.456808780Z,21.912706,113.184917,Cloud to Ground,17257,0,17
2026-08-30T04:41:46.459282555Z,21.89669,113.084334,Cloud to Ground,16536,0,12
2026-08-30T04:41:46.293293429Z,15.106144,121.21496,Cloud to Ground,-11005,0,13
2026-08-30T04:41:48.337544509Z,19.394992,123.114751,Cloud to Ground,-47103,0,18
2026-08-30T04:41:48.332873404Z,19.520049,122.98871,Cloud to Ground,-69495,0,14
2026-08-30T04:41:48.857347101Z,19.524583,122.993297,Cloud to Ground,-56535,0,19
2026-08-30T04:41:48.282919073Z,19.496317,122.932015,Cloud to Ground,-17961,0,9
2026-08-30T04:41:48.438243773Z,19.540755,122.877466,Cloud to Cloud,-7183,11374,11
2026-08-30T04:41:48.401980866Z,19.498839,122.942294,Cloud to Cloud,8320,19494,8
2026-08-30T04:41:48.402813298Z,19.501992,122.866749,Cloud to Cloud,11592,18746,9
2026-08-30T04:41:48.945432126Z,16.210305,129.381387,Cloud to Cloud,-92569,7983,15
2026-08-30T04:41:49.351051888Z,16.233674,129.429596,Cloud to Ground,17457,0,12
2026-08-30T04:41:49.882318164Z,16.805643,127.771336,Cloud to Cloud,-10843,4155,9
2026-08-30T04:41:49.736613755Z,16.835152,127.684181,Cloud to Ground,13568,0,9
2026-08-30T04:41:49.771222962Z,19.404735,114.910671,Cloud to Ground,-13259,0,6
2026-08-30T04:41:49.672936222Z,21.672212,112.950015,Cloud to Cloud,-12364,15652,8
2026-08-30T04:41:50.074426752Z,19.056143,118.546979,Cloud to Ground,-42192,0,15
2026-08-30T04:41:50.432735330Z,19.054474,118.54694,Cloud to Ground,-23253,0,15
2026-08-30T04:41:50.577300613Z,19.065452,118.546801,Cloud to Ground,-10618,0,7
2026-08-30T04:41:50.197402463Z,19.062138,118.544895,Cloud to Ground,-7413,0,8
2026-08-30T04:41:50.108978000Z,19.0826,118.4638,Cloud to Ground,37447,0,6
2026-08-30T04:41:51.284485093Z,18.526516,113.911758,Cloud to Cloud,-13738,6091,9
2026-08-30T04:41:51.022272283Z,18.542595,113.890935,Cloud to Cloud,7192,5172,7
2026-08-30T04:41:51.412656999Z,20.206994,113.702891,Cloud to Cloud,-14855,3028,12
2026-08-30T04:41:51.465569667Z,20.184557,113.702961,Cloud to Cloud,11283,3700,7
2026-08-30T04:41:51.435253344Z,20.262169,113.661926,Cloud to Cloud,13386,3593,7
2026-08-30T04:41:51.870777252Z,20.239457,113.675427,Cloud to Ground,14964,0,11
2026-08-30T04:41:51.401237015Z,20.231948,113.697264,Cloud to Cloud,17080,3030,11
2026-08-30T04:41:51.954924281Z,18.75,119.428026,Cloud to Cloud,23562,14349,10
2026-08-30T04:41:52.526572248Z,18.413579,116.42945,Cloud to Ground,-27000,0,11
2026-08-30T04:41:52.989145604Z,18.406697,116.500068,Cloud to Cloud,-20367,19280,16
2026-08-30T04:41:53.135974067Z,18.401216,116.433023,Cloud to Cloud,9234,11131,8
2026-08-30T04:41:52.219754272Z,16.417915,119.950878,Cloud to Cloud,-5255,3012,7
2026-08-30T04:41:52.221038503Z,16.352314,119.988152,Cloud to Cloud,13101,6927,12
2026-08-30T04:41:52.215255440Z,16.439551,119.94541,Cloud to Cloud,16071,6081,9
2026-08-30T04:41:52.787456288Z,14.641132,121.978822,Cloud to Cloud,11366,6051,8
2026-08-30T04:41:53.906202919Z,16.761053,127.743215,Cloud to Cloud,7221,9099,6
2026-08-30T04:41:53.132827129Z,16.76073,127.740499,Cloud to Ground,25186,0,9
2026-08-30T04:41:53.385926373Z,18.931189,118.370264,Cloud to Cloud,-11902,12579,10
2026-08-30T04:41:54.165351874Z,4.55477,113.207494,Cloud to Ground,-18184,0,8
2026-08-30T04:41:54.149744058Z,4.548327,113.213541,Cloud to Ground,-11607,0,6
2026-08-30T04:41:54.255194324Z,4.53637,113.210841,Cloud to Ground,-8933,0,6
2026-08-30T04:41:54.081824853Z,4.575984,113.223806,Cloud to Ground,9540,0,6
2026-08-30T04:41:54.912605911Z,20.216233,113.952497,Cloud to Ground,14801,0,15
2026-08-30T04:41:54.969922164Z,20.048721,114.367164,Cloud to Cloud,16961,16989,10
2026-08-30T04:41:54.970940993Z,20.196698,114.072416,Cloud to Cloud,-12101,3139,7
2026-08-30T04:41:54.927953760Z,20.21436,114.063684,Cloud to Cloud,7566,4359,8
2026-08-30T04:41:54.047767420Z,19.522914,115.008114,Cloud to Cloud,19655,3099,8
2026-08-30T04:41:54.095853633Z,19.41474,115.004384,Cloud to Cloud,-9852,16641,11
2026-08-30T04:41:54.013349318Z,19.417472,115.014459,Cloud to Cloud,11118,3096,7
2026-08-30T04:41:55.261446903Z,22.026794,113.315095,Cloud to Ground,-53326,0,19
2026-08-30T04:41:55.133040435Z,22.032041,113.306829,Cloud to Ground,-27028,0,16
2026-08-30T04:41:55.151963812Z,22.021051,113.315298,Cloud to Ground,-16535,0,8
2026-08-30T04:41:55.681972127Z,22.050723,113.292463,Cloud to Ground,-13255,0,7
2026-08-30T04:41:55.600260534Z,22.044512,113.40426,Cloud to Ground,-10121,0,8
2026-08-30T04:41:55.747225581Z,22.041035,113.299161,Cloud to Ground,-9102,0,12
2026-08-30T04:41:55.478714838Z,22.03863,113.432227,Cloud to Ground,-8891,0,8
2026-08-30T04:41:55.431086849Z,20.112945,113.946933,Cloud to Ground,-13606,0,12
2026-08-30T04:41:55.436873752Z,20.121679,113.962694,Cloud to Cloud,-13425,12697,7
2026-08-30T04:41:55.601181258Z,21.98709,113.171477,Cloud to Cloud,-12475,6369,10
2026-08-30T04:41:55.540597390Z,22.026669,113.191192,Cloud to Cloud,8296,3040,7
2026-08-30T04:41:57.264358501Z,16.834282,127.702198,Cloud to Cloud,16560,16053,9
2026-08-30T04:41:57.835875275Z,17.435574,113.137749,Cloud to Ground,8373,0,8
2026-08-30T04:41:58.118671770Z,17.433251,113.157957,Cloud to Cloud,8394,5371,7
2026-08-30T04:41:57.838875893Z,17.451585,113.192288,Cloud to Ground,19585,0,9
2026-08-30T04:41:57.022026083Z,20.192306,114.550617,Cloud to Ground,-68792,0,10
2026-08-30T04:41:57.459743598Z,20.170547,114.47152,Cloud to Ground,-11492,0,7
2026-08-30T04:41:57.031006309Z,20.199518,114.540251,Cloud to Cloud,9875,3137,5
2026-08-30T04:41:57.413716188Z,20.155167,114.582709,Cloud to Cloud,14866,3065,9
2026-08-30T04:41:57.023495000Z,20.2313,114.2923,Cloud to Ground,30228,0,5
2026-08-30T04:41:58.204777137Z,17.5709,113.014868,Cloud to Ground,-10120,0,6
2026-08-30T04:41:58.680364366Z,17.667704,113.040363,Cloud to Cloud,-8903,18156,7
2026-08-30T04:41:58.661124655Z,17.630036,113.064204,Cloud to Cloud,-8079,17069,8
2026-08-30T04:41:58.625705891Z,18.673952,117.938049,Cloud to Ground,-9811,0,8
2026-08-30T04:41:58.745384896Z,17.705349,113.515849,Cloud to Cloud,-22027,5479,13
2026-08-30T04:41:58.724695786Z,17.735433,113.481042,Cloud to Cloud,-7213,6298,9
2026-08-30T04:41:58.726805923Z,17.732996,113.515097,Cloud to Cloud,11263,3021,11
2026-08-30T04:42:00.920646624Z,16.984059,132.067846,Cloud to Ground,-23117,0,14
2026-08-30T04:42:01.528908392Z,17.03487,132.101021,Cloud to Ground,-19435,0,8
2026-08-30T04:42:01.030802965Z,16.989998,132.098994,Cloud to Ground,-14100,0,11
2026-08-30T04:42:00.926760214Z,16.984392,132.071443,Cloud to Cloud,-10511,3021,14
2026-08-30T04:42:00.918834214Z,16.983259,132.095927,Cloud to Ground,-9804,0,12
2026-08-30T04:42:00.985927475Z,16.953733,132.098082,Cloud to Cloud,-7476,19076,9
2026-08-30T04:42:01.526524477Z,17.034367,132.111913,Cloud to Ground,-5187,0,5
2026-08-30T04:42:00.748790923Z,19.366939,114.337181,Cloud to Ground,11741,0,7
2026-08-30T04:42:01.762893296Z,16.767852,127.573931,Cloud to Ground,-15415,0,16
2026-08-30T04:42:01.562322245Z,16.761246,127.588922,Cloud to Cloud,12795,3002,11
2026-08-30T04:42:01.578089841Z,16.777147,127.699158,Cloud to Ground,-59965,0,12
2026-08-30T04:42:01.646621704Z,16.845514,127.654312,Cloud to Ground,-37236,0,22
2026-08-30T04:42:01.614065213Z,16.769777,127.741326,Cloud to Ground,-28916,0,16
2026-08-30T04:42:01.639365534Z,16.7853,127.730379,Cloud to Cloud,-20810,6025,14
2026-08-30T04:42:01.561670421Z,16.698066,127.764512,Cloud to Cloud,-17223,11377,8
2026-08-30T04:42:01.730534914Z,16.848425,127.65596,Cloud to Ground,-13824,0,15
2026-08-30T04:42:01.767085965Z,18.406036,113.646627,Cloud to Cloud,-8412,5318,7
2026-08-30T04:42:02.097371055Z,18.411121,113.69196,Cloud to Cloud,7730,3138,7
2026-08-30T04:42:01.701588000Z,19.6952,115.0033,Cloud to Ground,-13076,0,5
2026-08-30T04:42:02.405020793Z,19.896538,114.494476,Cloud to Ground,32609,0,15
2026-08-30T04:42:04.016597046Z,18.439529,116.547851,Cloud to Cloud,-10932,3432,11
2026-08-30T04:42:04.014113222Z,18.514149,116.499321,Cloud to Cloud,5629,5416,7
2026-08-30T04:42:03.939118265Z,18.448139,116.553911,Cloud to Ground,13489,0,10
2026-08-30T04:42:03.000301498Z,14.633721,121.94428,Cloud to Ground,-47054,0,15
2026-08-30T04:42:02.979980707Z,14.571016,122.001246,Cloud to Cloud,-12159,11967,12
2026-08-30T04:42:03.009085337Z,14.522715,121.97646,Cloud to Cloud,-10905,19955,10
2026-08-30T04:42:04.313533891Z,18.387328,116.639103,Cloud to Cloud,12000,3007,8
2026-08-30T04:42:05.866523023Z,4.600944,113.173211,Cloud to Ground,-19837,0,20
2026-08-30T04:42:05.836218144Z,4.519982,113.19988,Cloud to Ground,-10668,0,6
2026-08-30T04:42:05.672249227Z,17.324964,113.103049,Cloud to Cloud,7392,6507,6
2026-08-30T04:42:07.828700403Z,16.822988,127.675953,Cloud to Cloud,7945,5843,6
2026-08-30T04:42:07.269382777Z,19.073645,118.562066,Cloud to Ground,-21126,0,12
2026-08-30T04:42:07.370965954Z,19.117575,118.55336,Cloud to Ground,-19677,0,13
2026-08-30T04:42:07.556285408Z,19.106799,118.526943,Cloud to Ground,-10721,0,8
2026-08-30T04:42:07.282336957Z,19.167676,118.555888,Cloud to Cloud,-8803,19589,8
2026-08-30T04:42:08.354149449Z,20.178149,113.435925,Cloud to Cloud,-17801,19630,13
2026-08-30T04:42:08.319270518Z,20.183266,113.343506,Cloud to Ground,14637,0,8
2026-08-30T04:42:08.319730822Z,20.162733,113.319825,Cloud to Cloud,16549,7381,10
2026-08-30T04:42:08.317532802Z,20.177929,113.331445,Cloud to Ground,18608,0,11
2026-08-30T04:42:08.371636300Z,20.169953,113.386506,Cloud to Ground,46064,0,12
2026-08-30T04:42:08.318593000Z,20.1942,113.3726,Cloud to Ground,60739,0,6
2026-08-30T04:42:09.560377176Z,19.383073,114.976008,Cloud to Cloud,-8495,17440,10
2026-08-30T04:42:09.211679995Z,19.406999,114.989435,Cloud to Cloud,11017,3068,8
2026-08-30T04:42:10.858598648Z,16.835668,127.708829,Cloud to Cloud,8765,17231,8
2026-08-30T04:42:10.810677551Z,19.912623,114.781973,Cloud to Cloud,26607,7156,17
2026-08-30T04:42:12.934925495Z,19.132912,115.91862,Cloud to Ground,-6199,0,5
2026-08-30T04:42:13.252914790Z,19.628073,114.323779,Cloud to Cloud,-15834,15589,10
2026-08-30T04:42:13.278808323Z,19.604489,114.329269,Cloud to Cloud,-10306,3023,8
2026-08-30T04:42:13.256984969Z,19.624212,114.324015,Cloud to Cloud,7635,3002,8
2026-08-30T04:42:14.109481360Z,18.61104,114.062379,Cloud to Ground,-62788,0,14
2026-08-30T04:42:14.130851597Z,18.596946,114.015555,Cloud to Cloud,10570,7303,7
2026-08-30T04:42:14.228349245Z,18.5972,114.018643,Cloud to Ground,105668,0,14
2026-08-30T04:42:14.434854988Z,18.880988,114.597416,Cloud to Cloud,6107,16132,6
2026-08-30T04:42:15.211488710Z,16.839086,127.69445,Cloud to Cloud,16350,3000,7
2026-08-30T04:42:15.595893357Z,18.10831,113.462217,Cloud to Ground,-7764,0,6
2026-08-30T04:42:15.404916348Z,18.138198,113.647131,Cloud to Ground,-40556,0,12
2026-08-30T04:42:15.407147018Z,18.158343,113.656527,Cloud to Cloud,-23277,5163,16
2026-08-30T04:42:15.596991881Z,18.132202,113.571436,Cloud to Cloud,-16790,6706,7
2026-08-30T04:42:15.600185771Z,18.117366,113.580395,Cloud to Ground,-13200,0,7
2026-08-30T04:42:15.403443599Z,18.142647,113.651244,Cloud to Ground,-10971,0,7
2026-08-30T04:42:15.602548953Z,18.131836,113.55359,Cloud to Cloud,12945,5128,9
2026-08-30T04:42:15.973254823Z,18.931816,118.367804,Cloud to Ground,-20121,0,11
2026-08-30T04:42:16.011927175Z,18.93622,118.361798,Cloud to Ground,-10311,0,10
2026-08-30T04:42:15.348402396Z,18.46457,117.558869,Cloud to Cloud,11085,18845,8
2026-08-30T04:42:16.483100232Z,17.380188,113.175479,Cloud to Cloud,13476,6731,8
2026-08-30T04:42:16.482179348Z,17.386455,113.233874,Cloud to Ground,13833,0,8
2026-08-30T04:42:17.289003775Z,18.607214,119.37486,Cloud to Ground,-15550,0,14
2026-08-30T04:42:18.600356905Z,16.954362,132.212864,Cloud to Ground,-8596,0,12
2026-08-30T04:42:18.629350607Z,16.956917,132.213423,Cloud to Ground,-8564,0,9
2026-08-30T04:42:18.630036793Z,16.952097,132.229779,Cloud to Ground,-6831,0,7
2026-08-30T04:42:18.468516709Z,16.811686,127.725919,Cloud to Cloud,10636,6471,8
2026-08-30T04:42:19.399764058Z,18.531571,113.904246,Cloud to Cloud,-18096,17377,12
2026-08-30T04:42:19.642550198Z,18.374855,113.786167,Cloud to Cloud,-14521,4228,12
2026-08-30T04:42:19.693050060Z,18.295909,113.780077,Cloud to Cloud,-8836,5682,8
2026-08-30T04:42:19.645925699Z,18.361152,113.774453,Cloud to Cloud,-8316,7499,9
2026-08-30T04:42:20.100422552Z,18.357732,113.767492,Cloud to Cloud,-8297,3073,9
2026-08-30T04:42:19.668868722Z,18.354914,113.758115,Cloud to Cloud,-7895,7287,7
2026-08-30T04:42:20.081245393Z,18.436202,113.777998,Cloud to Cloud,8146,5233,8
2026-08-30T04:42:19.641760762Z,18.366359,113.696382,Cloud to Ground,43662,0,12
2026-08-30T04:42:19.218577698Z,19.407391,115.001097,Cloud to Cloud,-9704,7495,9
2026-08-30T04:42:21.011631295Z,16.887213,127.720913,Cloud to Ground,-11215,0,8
2026-08-30T04:42:22.516068577Z,18.680673,119.549476,Cloud to Cloud,-20496,11953,16
2026-08-30T04:42:22.514853007Z,18.75709,119.583331,Cloud to Cloud,12975,12446,8
2026-08-30T04:42:22.513487082Z,18.689042,119.551937,Cloud to Cloud,13738,15010,9
2026-08-30T04:42:22.539481788Z,18.68611,119.564168,Cloud to Cloud,17695,3018,11
2026-08-30T04:42:22.529303625Z,18.65906,119.530397,Cloud to Ground,22146,0,7
2026-08-30T04:42:21.913594767Z,19.069526,118.544788,Cloud to Cloud,-24961,3011,11
2026-08-30T04:42:22.014636927Z,19.068427,118.535809,Cloud to Ground,-13279,0,9
2026-08-30T04:42:21.957021990Z,19.06721,118.540873,Cloud to Ground,-12081,0,12
2026-08-30T04:42:22.170232015Z,19.069083,118.539992,Cloud to Ground,-8306,0,8
2026-08-30T04:42:22.089669494Z,19.069222,118.538459,Cloud to Ground,-8270,0,8
2026-08-30T04:42:23.056924868Z,19.060058,118.356188,Cloud to Cloud,11235,3042,8
2026-08-30T04:42:23.020736082Z,18.982481,118.431375,Cloud to Cloud,-6661,18296,8
2026-08-30T04:42:23.039346538Z,18.964925,118.351857,Cloud to Ground,11184,0,7
2026-08-30T04:42:23.112882942Z,19.023541,118.481056,Cloud to Cloud,13200,18001,6
2026-08-30T04:42:23.415616596Z,18.008337,113.539044,Cloud to Ground,-18413,0,11
2026-08-30T04:42:23.441510789Z,18.001557,113.474083,Cloud to Ground,11181,0,8
2026-08-30T04:42:23.416755576Z,17.998666,113.550061,Cloud to Ground,20901,0,9
2026-08-30T04:42:23.790656684Z,19.757032,115.285428,Cloud to Cloud,-11616,14528,10
2026-08-30T04:42:23.939059763Z,19.757486,115.303062,Cloud to Ground,18150,0,10
2026-08-30T04:42:23.784646686Z,19.847003,115.328578,Cloud to Cloud,14047,3101,12
2026-08-30T04:42:24.912164678Z,16.834713,127.687087,Cloud to Cloud,10905,9032,5
2026-08-30T04:42:25.723750300Z,16.017171,129.53198,Cloud to Cloud,-13855,4246,11
2026-08-30T04:42:25.429517688Z,19.634861,114.677558,Cloud to Cloud,6466,17291,7
2026-08-30T04:42:25.467401623Z,19.643945,114.665462,Cloud to Cloud,7478,6673,6
2026-08-30T04:42:26.033202776Z,20.25704,113.711856,Cloud to Ground,-39518,0,11
2026-08-30T04:42:26.172145634Z,20.263629,113.709264,Cloud to Ground,-19718,0,8
2026-08-30T04:42:26.379793908Z,20.266196,113.70534,Cloud to Ground,-10447,0,9
2026-08-30T04:42:26.138463954Z,20.268003,113.702738,Cloud to Ground,36378,0,15
2026-08-30T04:42:26.283577730Z,20.234107,113.712905,Cloud to Ground,61061,0,8
2026-08-30T04:42:27.710020653Z,17.758,120.680502,Cloud to Ground,79083,0,14
2026-08-30T04:42:28.206069055Z,4.521909,113.204301,Cloud to Ground,-10363,0,5
2026-08-30T04:42:28.128898631Z,18.738185,118.307816,Cloud to Cloud,-9853,16266,11
2026-08-30T04:42:28.147153378Z,18.711809,118.230945,Cloud to Cloud,2504,10324,5
2026-08-30T04:42:28.128291669Z,18.735168,118.278054,Cloud to Cloud,3236,16708,5
2026-08-30T04:42:28.131921466Z,18.820778,118.321746,Cloud to Cloud,10500,3001,8
2026-08-30T04:42:29.482389071Z,20.253684,113.891509,Cloud to Ground,-12807,0,8
2026-08-30T04:42:28.981617028Z,20.271346,113.823358,Cloud to Cloud,6499,3030,9
2026-08-30T04:42:28.983854601Z,20.234673,113.801233,Cloud to Ground,19188,0,7
2026-08-30T04:42:29.306218717Z,20.329111,113.844901,Cloud to Cloud,20909,3001,11
2026-08-30T04:42:29.579661363Z,19.298491,118.697177,Cloud to Ground,-89592,0,13
2026-08-30T04:42:29.683912108Z,19.302304,118.691371,Cloud to Ground,-42658,0,12
2026-08-30T04:42:29.638427115Z,19.290136,118.686505,Cloud to Cloud,-35209,3026,16
2026-08-30T04:42:29.572345404Z,19.380914,118.693682,Cloud to Cloud,-23327,4041,9
2026-08-30T04:42:29.721385692Z,19.30113,118.685457,Cloud to Ground,-8937,0,6
2026-08-30T04:42:29.614242317Z,19.304664,118.69178,Cloud to Cloud,26050,16524,18
2026-08-30T04:42:29.172014591Z,19.921829,114.447333,Cloud to Cloud,-14165,3000,7
2026-08-30T04:42:31.491109865Z,22.265688,113.35456,Cloud to Cloud,-24042,13887,14
2026-08-30T04:42:31.516202636Z,22.235891,113.362854,Cloud to Cloud,-10709,11182,6
2026-08-30T04:42:31.495339912Z,22.21912,113.363172,Cloud to Cloud,9445,3095,11
2026-08-30T04:42:31.508682073Z,22.261346,113.356426,Cloud to Ground,18838,0,10
2026-08-30T04:42:33.562315362Z,16.107473,130.788346,Cloud to Ground,42194,0,16
2026-08-30T04:42:33.995519149Z,16.154082,130.905612,Cloud to Cloud,-19262,7902,10
2026-08-30T04:42:33.564468286Z,16.183382,130.884933,Cloud to Cloud,-14802,9167,8
2026-08-30T04:42:33.568534589Z,16.182045,130.864512,Cloud to Ground,-12460,0,15
2026-08-30T04:42:33.567034900Z,16.174783,130.878626,Cloud to Ground,-10062,0,15
2026-08-30T04:42:33.565612988Z,16.184815,130.86783,Cloud to Ground,13568,0,10
2026-08-30T04:42:33.597466412Z,16.227035,130.85081,Cloud to Ground,15508,0,9
2026-08-30T04:42:33.360120596Z,15.094995,121.215388,Cloud to Ground,-66019,0,15
2026-08-30T04:42:33.699706916Z,15.095495,121.211891,Cloud to Ground,-26758,0,14
2026-08-30T04:42:33.383392409Z,15.020963,121.254746,Cloud to Cloud,-15705,4810,12
2026-08-30T04:42:34.055395776Z,15.095781,121.214928,Cloud to Ground,-8846,0,8
2026-08-30T04:42:33.788393681Z,15.092731,121.222067,Cloud to Ground,-4460,0,5
2026-08-30T04:42:34.337309499Z,4.556176,113.225073,Cloud to Ground,-15122,0,8
2026-08-30T04:42:34.355469509Z,4.49682,113.199633,Cloud to Cloud,-13655,7176,7
2026-08-30T04:42:33.820652036Z,19.455181,114.929,Cloud to Cloud,-3812,14828,5
2026-08-30T04:42:34.019627063Z,19.41641,114.993283,Cloud to Cloud,10435,5628,8
2026-08-30T04:42:35.225048303Z,19.220354,116.072024,Cloud to Cloud,-11228,3001,6
2026-08-30T04:42:35.254942780Z,19.200511,116.06839,Cloud to Ground,24609,0,9
2026-08-30T04:42:35.244051638Z,19.236926,116.083987,Cloud to Ground,36076,0,12
2026-08-30T04:42:35.115061258Z,18.938252,118.379119,Cloud to Cloud,8668,5343,6
2026-08-30T04:42:36.079874690Z,19.04535,116.228055,Cloud to Cloud,-15275,10451,8
2026-08-30T04:42:36.548462000Z,19.3602,116.1305,Cloud to Ground,618,0,6
2026-08-30T04:42:37.790000404Z,19.433486,115.001649,Cloud to Cloud,-9545,10070,8
2026-08-30T04:42:37.906783477Z,19.446399,115.016668,Cloud to Cloud,-9371,3020,9
2026-08-30T04:42:38.410483708Z,19.449308,114.99447,Cloud to Cloud,8657,18406,8
2026-08-30T04:42:41.537129412Z,19.070519,118.54631,Cloud to Ground,-43915,0,16
2026-08-30T04:42:41.334844847Z,19.075563,118.557369,Cloud to Ground,-36360,0,11
2026-08-30T04:42:41.635070909Z,19.076049,118.555507,Cloud to Ground,-13431,0,11
2026-08-30T04:42:41.740490452Z,19.071081,118.55188,Cloud to Ground,-10940,0,10
2026-08-30T04:42:41.687877735Z,19.078506,118.554089,Cloud to Ground,-8852,0,7
2026-08-30T04:42:41.636806724Z,19.119962,118.51138,Cloud to Cloud,5427,18621,7
2026-08-30T04:42:41.532525430Z,15.141005,120.269568,Cloud to Cloud,9227,3934,7
2026-08-30T04:42:41.211871519Z,15.146569,120.266331,Cloud to Cloud,9757,11643,8
2026-08-30T04:42:41.658520670Z,22.885535,113.405636,Cloud to Cloud,-19933,7261,14
2026-08-30T04:42:41.475112968Z,22.854799,113.403336,Cloud to Ground,-18400,0,10
2026-08-30T04:42:41.485090654Z,22.834545,113.410118,Cloud to Ground,-14805,0,9
2026-08-30T04:42:41.478169000Z,22.837184,113.412562,Cloud to Cloud,-13299,3002,10
2026-08-30T04:42:41.045044042Z,18.694906,116.30612,Cloud to Cloud,23951,3006,8
2026-08-30T04:42:42.755541269Z,4.089035,112.809475,Cloud to Ground,-13547,0,5
2026-08-30T04:42:42.778807959Z,4.085902,112.840027,Cloud to Ground,17338,0,14
2026-08-30T04:42:42.312499552Z,22.084721,113.244946,Cloud to Cloud,22528,5347,11
2026-08-30T04:42:42.762920644Z,21.940456,113.260723,Cloud to Cloud,-16854,3101,10
2026-08-30T04:42:57.390531428Z,19.423313,115.002786,Cloud to Cloud,-9233,3017,9
2026-08-30T04:42:57.431470230Z,19.404982,115.022416,Cloud to Cloud,-7570,4307,7
2026-08-30T04:42:58.477384449Z,19.615955,114.673517,Cloud to Ground,11285,0,10
2026-08-30T04:43:01.884726816Z,4.554316,113.183927,Cloud to Ground,-9394,0,7
2026-08-30T04:43:02.247362429Z,18.758413,114.492439,Cloud to Cloud,-7200,17182,8
2026-08-30T04:43:02.297364385Z,18.763534,114.487754,Cloud to Cloud,-6655,14260,7
2026-08-30T04:43:02.241553765Z,18.748955,114.411644,Cloud to Cloud,12631,3021,10
2026-08-30T04:43:02.308697829Z,18.798672,114.487032,Cloud to Ground,15173,0,14
2026-08-30T04:43:03.670201912Z,19.974238,114.511833,Cloud to Cloud,6361,3028,9
2026-08-30T04:43:04.593207062Z,18.390601,117.550903,Cloud to Ground,-14874,0,10
2026-08-30T04:43:06.672932568Z,16.830907,127.711139,Cloud to Ground,38089,0,12
2026-08-30T04:43:06.948740985Z,18.577201,113.927359,Cloud to Cloud,-10027,19117,9
2026-08-30T04:43:06.816447064Z,18.615223,114.025749,Cloud to Ground,-34726,0,13
2026-08-30T04:43:07.185692071Z,18.618878,114.017529,Cloud to Cloud,-23087,3067,12
2026-08-30T04:43:06.943281280Z,18.636447,114.009265,Cloud to Cloud,-14013,12139,10
2026-08-30T04:43:06.936035254Z,18.626923,114.008393,Cloud to Ground,-14012,0,11
2026-08-30T04:43:06.945507997Z,18.61538,114.015437,Cloud to Cloud,-12678,3181,10
2026-08-30T04:43:07.265739785Z,18.614226,114.015476,Cloud to Ground,-11079,0,9
2026-08-30T04:43:06.946558927Z,18.591745,114.027685,Cloud to Ground,-10117,0,6
2026-08-30T04:43:06.949369137Z,18.599031,114.023806,Cloud to Cloud,-9933,6324,11
2026-08-30T04:43:06.551066593Z,20.13884,113.41641,Cloud to Cloud,10214,3093,8
2026-08-30T04:43:08.074850438Z,16.80618,127.725453,Cloud to Cloud,-12334,13863,9
2026-08-30T04:43:08.158883467Z,16.774424,127.651016,Cloud to Cloud,7951,14485,6
2026-08-30T04:43:07.942513932Z,16.765085,127.692211,Cloud to Cloud,10044,18769,8
2026-08-30T04:43:08.053330616Z,16.824786,127.676335,Cloud to Cloud,11601,3022,7
2026-08-30T04:43:07.454221793Z,16.811865,127.630282,Cloud to Cloud,17461,7036,7
2026-08-30T04:43:07.975656070Z,18.3315,116.608893,Cloud to Cloud,14674,3063,7
2026-08-30T04:43:09.389033274Z,19.196276,118.526652,Cloud to Cloud,8620,3111,7
2026-08-30T04:43:09.432329249Z,19.093188,118.556883,Cloud to Ground,-17027,0,11
2026-08-30T04:43:09.390050349Z,19.080799,118.525099,Cloud to Cloud,3958,18345,6
2026-08-30T04:43:09.546705929Z,19.089726,118.539298,Cloud to Cloud,5041,19654,8
2026-08-30T04:43:09.353050305Z,19.102703,118.542138,Cloud to Ground,26971,0,14
2026-08-30T04:43:09.290302316Z,19.146675,114.657942,Cloud to Ground,13588,0,7
2026-08-30T04:43:09.636863073Z,19.407889,114.989161,Cloud to Cloud,9484,7361,10
2026-08-30T04:43:09.284826000Z,19.1027,114.7992,Cloud to Ground,-11130,0,6
2026-08-30T04:43:09.287917988Z,19.136559,114.753745,Cloud to Cloud,-9611,3052,10
2026-08-30T04:43:09.280514461Z,19.145062,114.759341,Cloud to Cloud,9735,6146,5
2026-08-30T04:43:09.277035975Z,19.14694,114.770848,Cloud to Ground,13350,0,10
2026-08-30T04:43:10.442497065Z,16.104647,130.664873,Cloud to Cloud,-22445,18152,7
2026-08-30T04:43:11.113025637Z,16.161607,130.597758,Cloud to Cloud,-18235,5301,14
2026-08-30T04:43:10.438342190Z,16.116841,130.656296,Cloud to Cloud,22511,3579,13
2026-08-30T04:43:10.445413376Z,16.004627,130.671484,Cloud to Cloud,22666,3968,7
2026-08-30T04:43:10.439372843Z,16.092183,130.651565,Cloud to Ground,22888,0,10
2026-08-30T04:43:10.040220840Z,15.102765,120.189384,Cloud to Cloud,3572,3007,7
2026-08-30T04:43:11.238237882Z,17.554682,113.389388,Cloud to Ground,17994,0,10
2026-08-30T04:43:11.239758645Z,17.557094,113.388743,Cloud to Ground,38436,0,19
2026-08-30T04:43:11.565365098Z,19.320536,118.698052,Cloud to Ground,-52338,0,13
2026-08-30T04:43:11.619002007Z,19.306435,118.706125,Cloud to Ground,-19297,0,10
2026-08-30T04:43:11.549524516Z,19.387834,118.696451,Cloud to Cloud,-7148,18034,6
2026-08-30T04:43:13.736806621Z,18.995027,114.517922,Cloud to Ground,-21446,0,11
2026-08-30T04:43:13.739077424Z,18.969784,114.431746,Cloud to Cloud,5710,6294,7
2026-08-30T04:43:13.736063335Z,18.987206,114.482975,Cloud to Cloud,9870,3010,7
2026-08-30T04:43:13.610819482Z,16.959655,132.22674,Cloud to Cloud,-12408,6956,10
2026-08-30T04:43:13.608976789Z,16.955707,132.230114,Cloud to Ground,11583,0,9
2026-08-30T04:43:14.141362114Z,16.993172,132.289068,Cloud to Ground,21813,0,14
2026-08-30T04:43:14.107609000Z,17.0164,132.1376,Cloud to Ground,28320,0,5
2026-08-30T04:43:14.234771738Z,19.642979,114.275092,Cloud to Cloud,10998,18918,10
2026-08-30T04:43:14.232293010Z,19.648287,114.377516,Cloud to Cloud,21311,3620,11
2026-08-30T04:43:15.394087786Z,19.40797,114.989811,Cloud to Cloud,-15099,3007,11
2026-08-30T04:43:15.403406584Z,19.421102,115.002189,Cloud to Cloud,-11322,18996,7
2026-08-30T04:43:15.406833404Z,19.414529,114.933854,Cloud to Ground,13371,0,9
2026-08-30T04:43:15.122689000Z,19.5393,114.9979,Cloud to Ground,-4614,0,5
2026-08-30T04:43:16.362228418Z,22.883992,113.077877,Cloud to Ground,48257,0,9
2026-08-30T04:43:18.008189186Z,20.296058,113.758617,Cloud to Cloud,-7454,7204,8
2026-08-30T04:43:17.656641453Z,20.222867,113.821456,Cloud to Ground,-6605,0,11
2026-08-30T04:43:17.649239913Z,20.222983,113.766162,Cloud to Cloud,8403,3707,7
2026-08-30T04:43:17.715564676Z,20.215516,113.734986,Cloud to Ground,10310,0,6
2026-08-30T04:43:17.661417904Z,20.231727,113.710959,Cloud to Ground,24169,0,11
2026-08-30T04:43:17.125925726Z,19.395745,114.986259,Cloud to Ground,19761,0,13
2026-08-30T04:43:19.479274314Z,19.116145,118.566324,Cloud to Ground,-25218,0,14
2026-08-30T04:43:19.736734249Z,19.051291,118.557778,Cloud to Ground,-21259,0,12
2026-08-30T04:43:19.515688321Z,19.064906,118.555033,Cloud to Ground,-19680,0,12
2026-08-30T04:43:19.724203224Z,19.099533,118.545805,Cloud to Cloud,-17703,3022,12
2026-08-30T04:43:19.981017595Z,19.074281,118.566349,Cloud to Ground,-16104,0,11
2026-08-30T04:43:20.105971000Z,19.0581,118.5502,Cloud to Ground,29191,0,7
2026-08-30T04:43:19.883433217Z,20.098265,114.390477,Cloud to Cloud,11891,3017,7
2026-08-30T04:43:20.379379869Z,20.147642,114.858916,Cloud to Cloud,-13595,3006,7
2026-08-30T04:43:20.024538551Z,19.989847,114.377804,Cloud to Cloud,-13859,7759,7
2026-08-30T04:43:22.736523035Z,19.408225,114.998704,Cloud to Cloud,5003,19926,6
2026-08-30T04:43:24.617588016Z,4.159638,112.902529,Cloud to Ground,-22200,0,8
2026-08-30T04:43:24.619754845Z,4.153837,112.898844,Cloud to Ground,-16056,0,6
2026-08-30T04:43:24.663481359Z,4.150838,112.932894,Cloud to Ground,30953,0,12
2026-08-30T04:43:24.950746723Z,19.407392,114.989162,Cloud to Cloud,-6449,3033,7
2026-08-30T04:43:24.808040838Z,19.409302,114.998075,Cloud to Cloud,8273,5074,6
2026-08-30T04:43:25.098302232Z,18.381573,117.090721,Cloud to Ground,-21630,0,12
2026-08-30T04:43:26.692337778Z,19.66876,114.89492,Cloud to Cloud,9900,11831,10
2026-08-30T04:43:26.702344994Z,19.671576,114.898133,Cloud to Cloud,20892,3051,11
2026-08-30T04:43:26.155363062Z,19.066279,118.526707,Cloud to Cloud,26770,15773,13
2026-08-30T04:43:27.024281319Z,17.492037,113.062022,Cloud to Cloud,-6238,10669,7
2026-08-30T04:43:27.283554662Z,17.468258,113.183648,Cloud to Cloud,-11148,3025,9
2026-08-30T04:43:27.285630730Z,17.544431,113.201323,Cloud to Ground,-10551,0,7
2026-08-30T04:43:29.500689667Z,16.836971,127.721783,Cloud to Ground,46979,0,13
2026-08-30T04:43:29.569130564Z,22.165053,113.344438,Cloud to Ground,-11586,0,8
2026-08-30T04:43:29.402751865Z,22.023816,113.326876,Cloud to Cloud,-13495,3042,9
2026-08-30T04:43:29.345340456Z,22.022036,113.334795,Cloud to Cloud,-13489,7612,12
2026-08-30T04:43:29.344463079Z,22.017745,113.336143,Cloud to Cloud,16790,5610,12
2026-08-30T04:43:29.652278479Z,21.772811,112.458065,Cloud to Cloud,-15435,3012,10
2026-08-30T04:43:29.561320196Z,17.719175,113.524672,Cloud to Cloud,-11859,5874,8
2026-08-30T04:43:30.187221830Z,19.431485,115.017961,Cloud to Cloud,-14047,3012,8
2026-08-30T04:43:29.717909923Z,19.410669,115.023175,Cloud to Cloud,-13847,3542,10
2026-08-30T04:43:31.576033085Z,20.171124,114.365966,Cloud to Cloud,22067,3281,10
2026-08-30T04:43:31.433534275Z,18.721514,114.070677,Cloud to Ground,18103,0,10
2026-08-30T04:43:31.574632015Z,20.199469,114.55871,Cloud to Cloud,24154,3101,10
2026-08-30T04:43:31.573880319Z,20.283149,114.56597,Cloud to Cloud,34695,3091,7
2026-08-30T04:43:32.751549727Z,18.557098,113.889204,Cloud to Ground,-11184,0,7
2026-08-30T04:43:33.092342307Z,18.555865,113.918487,Cloud to Cloud,-10285,3037,7
2026-08-30T04:43:32.890563213Z,18.547018,113.884765,Cloud to Ground,-9654,0,12
2026-08-30T04:43:32.898714723Z,18.530337,113.904919,Cloud to Ground,-6525,0,7
2026-08-30T04:43:32.178699230Z,19.678426,114.693982,Cloud to Cloud,-8722,3039,10
2026-08-30T04:43:32.185649597Z,19.722984,114.70741,Cloud to Cloud,8823,3055,8
2026-08-30T04:43:33.468758182Z,4.536186,113.181871,Cloud to Ground,-13564,0,7
2026-08-30T04:43:33.662626999Z,16.831802,127.686968,Cloud to Ground,57203,0,13
2026-08-30T04:43:33.839710523Z,20.105118,115.402008,Cloud to Cloud,-19554,3019,7
2026-08-30T04:43:33.813239890Z,20.054004,115.358914,Cloud to Cloud,-19416,3012,10
2026-08-30T04:43:33.821019261Z,20.06917,115.383024,Cloud to Ground,-13440,0,10
2026-08-30T04:43:33.816489427Z,20.029641,115.291173,Cloud to Cloud,11145,3029,7
2026-08-30T04:43:33.812404428Z,20.073468,115.394479,Cloud to Ground,28718,0,12
2026-08-30T04:43:33.608325798Z,18.41118,113.605812,Cloud to Ground,-9460,0,7
2026-08-30T04:43:34.070285240Z,18.280352,116.487715,Cloud to Ground,9927,0,12
2026-08-30T04:43:34.027591819Z,18.431521,116.466356,Cloud to Cloud,-13912,7147,14
2026-08-30T04:43:34.026349571Z,18.416607,116.444883,Cloud to Cloud,5493,11769,6
2026-08-30T04:43:34.083537152Z,18.424309,116.450075,Cloud to Cloud,5726,4002,6
2026-08-30T04:43:34.065411086Z,18.41754,116.482795,Cloud to Cloud,10732,11183,9
2026-08-30T04:43:34.023588646Z,19.254357,116.081554,Cloud to Ground,-13498,0,6
2026-08-30T04:43:35.463666369Z,17.931578,113.565086,Cloud to Ground,-12587,0,8
2026-08-30T04:43:35.470055843Z,17.882206,113.562868,Cloud to Ground,9322,0,10
2026-08-30T04:43:35.485414423Z,17.866032,113.443238,Cloud to Cloud,11065,4770,10
2026-08-30T04:43:35.502631072Z,17.892502,113.462907,Cloud to Ground,11348,0,8
2026-08-30T04:43:35.459334821Z,17.906241,113.501604,Cloud to Ground,39704,0,12
2026-08-30T04:43:35.666220800Z,19.472087,114.999714,Cloud to Cloud,-14580,18138,8
2026-08-30T04:43:35.706041053Z,19.456397,114.998252,Cloud to Cloud,5416,17123,7
2026-08-30T04:43:36.746411991Z,16.816731,127.742751,Cloud to Cloud,-8146,3004,11
2026-08-30T04:43:36.751015183Z,16.833619,127.75052,Cloud to Cloud,-7437,6695,11
2026-08-30T04:43:36.837674423Z,16.831163,127.696138,Cloud to Ground,31122,0,9
2026-08-30T04:43:36.052783391Z,16.037042,129.551601,Cloud to Ground,-21832,0,13
2026-08-30T04:43:36.048213478Z,16.027542,129.539284,Cloud to Cloud,10841,4206,7
2026-08-30T04:43:36.397335167Z,19.112594,118.544712,Cloud to Ground,-21004,0,11
2026-08-30T04:43:36.422888489Z,19.11232,118.542909,Cloud to Ground,-9833,0,8
2026-08-30T04:43:36.357459016Z,14.4351,121.007521,Cloud to Cloud,-14815,6415,7
2026-08-30T04:43:36.112628745Z,18.671307,116.301957,Cloud to Cloud,16871,15032,8
2026-08-30T04:43:37.733562177Z,18.289001,113.703841,Cloud to Ground,-22635,0,11
2026-08-30T04:43:37.734186714Z,18.250647,113.69604,Cloud to Cloud,-17016,3028,10
2026-08-30T04:43:37.739100158Z,18.296823,113.701048,Cloud to Ground,-12187,0,9
2026-08-30T04:43:37.735401075Z,18.28588,113.692731,Cloud to Cloud,26225,3349,11
2026-08-30T04:43:37.077786624Z,19.916411,114.474998,Cloud to Cloud,33028,5610,11
2026-08-30T04:43:39.293634081Z,13.398719,119.300817,Cloud to Ground,-26152,0,11
2026-08-30T04:43:39.316994076Z,13.398206,119.289248,Cloud to Ground,-5223,0,8
2026-08-30T04:43:40.602267601Z,19.458713,114.93707,Cloud to Cloud,-3624,3000,6
2026-08-30T04:43:40.355865170Z,19.407542,114.990129,Cloud to Cloud,8900,6252,9
2026-08-30T04:43:41.656498384Z,18.462817,116.574022,Cloud to Ground,-41888,0,15
2026-08-30T04:43:41.892282579Z,18.468378,116.568102,Cloud to Ground,-28221,0,15
2026-08-30T04:43:41.708885418Z,18.459125,116.572612,Cloud to Ground,-22866,0,8
2026-08-30T04:43:42.002860498Z,18.47264,116.56912,Cloud to Ground,-16120,0,13
2026-08-30T04:43:41.681405785Z,18.470308,116.572475,Cloud to Ground,-9417,0,8
2026-08-30T04:43:41.926058805Z,18.462351,116.556028,Cloud to Ground,-6178,0,6
2026-08-30T04:43:42.042127346Z,18.466369,116.563501,Cloud to Ground,-5022,0,6
2026-08-30T04:43:42.993802507Z,19.405765,114.29808,Cloud to Cloud,-12149,3028,12
2026-08-30T04:43:42.772222397Z,19.417963,115.001161,Cloud to Ground,6666,0,7
2026-08-30T04:43:43.056524468Z,19.46803,115.046727,Cloud to Cloud,9114,16535,6
2026-08-30T04:43:43.515162875Z,18.701548,118.172147,Cloud to Cloud,13642,5333,13
2026-08-30T04:43:43.160211361Z,19.373391,114.18805,Cloud to Cloud,-17754,6682,10
2026-08-30T04:43:46.901204219Z,20.260453,114.003346,Cloud to Ground,-10995,0,8
2026-08-30T04:43:46.263918074Z,20.191371,114.001779,Cloud to Cloud,-10088,18103,10
2026-08-30T04:43:46.932464503Z,20.127049,113.943478,Cloud to Ground,14829,0,7
2026-08-30T04:43:46.256376019Z,20.194228,113.913983,Cloud to Ground,15089,0,11
2026-08-30T04:43:46.238677552Z,20.186934,114.005476,Cloud to Ground,57907,0,13
2026-08-30T04:43:46.162026339Z,18.671269,117.966001,Cloud to Ground,-13293,0,7
2026-08-30T04:43:46.978482804Z,16.819777,127.680007,Cloud to Cloud,21409,3023,7
2026-08-30T04:43:48.983750857Z,17.393668,113.239444,Cloud to Ground,-6423,0,6
2026-08-30T04:43:48.593256400Z,17.485194,113.171181,Cloud to Cloud,7592,3044,8
2026-08-30T04:43:50.700207176Z,20.284953,113.821241,Cloud to Cloud,-12331,3110,9
2026-08-30T04:43:51.332911094Z,19.633477,114.653832,Cloud to Cloud,-15551,5632,7
2026-08-30T04:43:52.205420902Z,20.383018,113.662903,Cloud to Ground,13504,0,7
2026-08-30T04:43:52.140786054Z,20.271843,113.697789,Cloud to Ground,-45024,0,13
2026-08-30T04:43:52.170046887Z,20.26808,113.702093,Cloud to Cloud,-26470,9487,13
2026-08-30T04:43:52.217787198Z,20.21753,113.771953,Cloud to Cloud,-12346,6339,7
2026-08-30T04:43:52.144705054Z,20.254787,113.695164,Cloud to Cloud,-12196,3069,10
2026-08-30T04:43:52.206454027Z,20.254857,113.674249,Cloud to Ground,-11640,0,9
2026-08-30T04:43:51.818764884Z,20.248521,113.813557,Cloud to Ground,-10628,0,6
2026-08-30T04:43:52.175913419Z,20.233622,113.685707,Cloud to Ground,-9747,0,8
2026-08-30T04:43:52.180549106Z,20.276332,113.695428,Cloud to Cloud,12212,7237,6
2026-08-30T04:43:52.151868148Z,20.264589,113.686537,Cloud to Cloud,13119,5674,7
2026-08-30T04:43:52.326959296Z,19.295027,114.841602,Cloud to Cloud,9737,3071,7
2026-08-30T04:43:53.287508401Z,18.620016,114.029595,Cloud to Ground,-17463,0,13
2026-08-30T04:43:53.303459195Z,18.606722,114.031766,Cloud to Cloud,12959,3021,12
2026-08-30T04:43:53.118780662Z,18.891864,114.534801,Cloud to Cloud,9862,4326,7
2026-08-30T04:43:54.213474786Z,19.075514,118.538138,Cloud to Ground,9176,0,10
2026-08-30T04:43:55.667756336Z,21.948195,113.220093,Cloud to Cloud,-15263,3026,9
2026-08-30T04:43:55.516546598Z,22.009043,113.288119,Cloud to Ground,-15233,0,7
2026-08-30T04:43:55.160198432Z,22.007037,113.288112,Cloud to Ground,-14434,0,9
2026-08-30T04:43:55.038652461Z,22.001216,113.294797,Cloud to Ground,-14327,0,14
2026-08-30T04:43:55.506272632Z,22.007817,113.289942,Cloud to Cloud,-13386,3039,6
2026-08-30T04:43:55.560031133Z,22.003895,113.293068,Cloud to Ground,-11557,0,13
2026-08-30T04:43:55.466583940Z,21.984101,113.294212,Cloud to Cloud,16446,3402,8
2026-08-30T04:43:55.308892109Z,22.016472,113.287323,Cloud to Ground,21004,0,8
2026-08-30T04:43:55.235945000Z,22.009,113.3148,Cloud to Ground,27208,0,6
2026-08-30T04:43:55.106722151Z,21.969703,113.289374,Cloud to Ground,35107,0,10
2026-08-30T04:43:55.684459634Z,19.092109,118.548056,Cloud to Ground,16381,0,11
2026-08-30T04:43:55.771293512Z,15.073769,121.226969,Cloud to Ground,-80439,0,12
2026-08-30T04:43:55.871894619Z,15.011105,121.256227,Cloud to Cloud,-20218,9390,10
2026-08-30T04:43:56.225959662Z,15.129597,121.214734,Cloud to Cloud,31508,19937,12
2026-08-30T04:43:56.438068020Z,19.423806,115.015449,Cloud to Ground,8669,0,9
2026-08-30T04:43:55.923074281Z,19.412855,114.980731,Cloud to Cloud,11748,3147,7
2026-08-30T04:43:56.538219308Z,19.21301,115.121206,Cloud to Cloud,-12969,7523,8
2026-08-30T04:43:56.545547011Z,19.21959,115.123798,Cloud to Ground,-11805,0,8
2026-08-30T04:43:56.548698336Z,19.211313,115.120936,Cloud to Cloud,15044,3447,9
2026-08-30T04:43:56.534723328Z,19.225087,115.120603,Cloud to Cloud,15994,3024,10
2026-08-30T04:43:58.990493811Z,19.403493,114.986693,Cloud to Cloud,9964,14186,7
2026-08-30T04:44:01.739014421Z,19.336645,114.620616,Cloud to Cloud,-11087,3044,10
2026-08-30T04:44:10.070678618Z,17.158695,132.315696,Cloud to Ground,-11950,0,9
2026-08-30T04:44:10.094177698Z,17.200285,132.365915,Cloud to Cloud,-11459,7819,8
2026-08-30T04:44:09.836640404Z,17.151062,132.335179,Cloud to Ground,-10671,0,11
2026-08-30T04:44:10.055390310Z,17.203233,132.322509,Cloud to Ground,-9197,0,8
2026-08-30T04:44:11.893405089Z,4.536712,113.179813,Cloud to Ground,-12093,0,7
2026-08-30T04:44:13.350091175Z,4.561792,113.20054,Cloud to Ground,-21648,0,12
2026-08-30T04:44:13.077246289Z,18.156748,113.664035,Cloud to Cloud,-28164,7107,16
2026-08-30T04:44:13.073481650Z,18.161372,113.662593,Cloud to Cloud,-16021,3352,12
2026-08-30T04:44:13.087342928Z,18.144884,113.681572,Cloud to Cloud,-13025,4083,7
2026-08-30T04:44:13.490946180Z,18.055702,113.66964,Cloud to Cloud,-11936,6781,7
2026-08-30T04:44:13.205506897Z,18.153856,113.483961,Cloud to Ground,-10202,0,9
2026-08-30T04:44:13.080677494Z,18.143131,113.664145,Cloud to Ground,-9294,0,7
2026-08-30T04:44:13.506679481Z,18.055257,113.610261,Cloud to Cloud,-7718,12109,7
2026-08-30T04:44:13.208027219Z,18.139161,113.483446,Cloud to Cloud,-7558,3124,8
2026-08-30T04:44:13.072363770Z,18.164995,113.659766,Cloud to Cloud,6724,6745,8
2026-08-30T04:44:13.075668353Z,18.14642,113.573107,Cloud to Ground,23648,0,11
2026-08-30T04:44:13.074072341Z,18.147261,113.669468,Cloud to Ground,163937,0,13
2026-08-30T04:44:13.755260749Z,19.437417,115.001145,Cloud to Cloud,-7137,5735,8
2026-08-30T04:44:13.599600752Z,19.407832,115.001635,Cloud to Ground,13190,0,10
2026-08-30T04:44:13.799616860Z,19.06537,118.528511,Cloud to Cloud,31818,4435,14
2026-08-30T04:44:14.818115123Z,17.424955,113.205689,Cloud to Cloud,-14845,3015,9
2026-08-30T04:44:14.770991384Z,17.443668,113.171775,Cloud to Cloud,-11517,3020,8
2026-08-30T04:44:14.833255810Z,17.518771,113.198727,Cloud to Cloud,-8794,3018,8
2026-08-30T04:44:14.847215987Z,17.520964,113.202378,Cloud to Ground,7918,0,6
2026-08-30T04:44:14.764226396Z,19.228519,118.55718,Cloud to Cloud,-3151,16816,6
2026-08-30T04:44:14.423863009Z,18.978877,118.454325,Cloud to Cloud,5920,4974,6
2026-08-30T04:44:14.738326918Z,18.95568,118.449792,Cloud to Cloud,7576,6233,7
2026-08-30T04:44:15.060686724Z,16.2364,129.770511,Cloud to Ground,-38673,0,15
2026-08-30T04:44:15.069314258Z,16.219515,129.74842,Cloud to Cloud,-18961,4901,9
2026-08-30T04:44:15.063077914Z,16.2206,129.750613,Cloud to Cloud,-13971,3018,10
2026-08-30T04:44:15.205332012Z,17.662382,113.317633,Cloud to Ground,10369,0,8
2026-08-30T04:44:16.799430089Z,19.371971,114.958683,Cloud to Ground,-17000,0,10
2026-08-30T04:44:16.378071858Z,19.387824,114.953172,Cloud to Cloud,21803,8447,20
2026-08-30T04:44:17.812671110Z,18.639265,114.039174,Cloud to Cloud,-26513,6836,13
2026-08-30T04:44:17.884072332Z,19.611223,114.719872,Cloud to Cloud,-14267,18174,9
2026-08-30T04:44:17.349857142Z,17.372998,113.209527,Cloud to Cloud,-21849,5673,11
2026-08-30T04:44:17.184588000Z,19.9051,115.4739,Cloud to Ground,24621,0,6
2026-08-30T04:44:19.856149149Z,16.807182,127.775654,Cloud to Cloud,12010,3096,18
2026-08-30T04:44:19.531879112Z,16.780972,127.620792,Cloud to Cloud,-11392,4214,10
2026-08-30T04:44:19.487017835Z,16.761222,127.647988,Cloud to Cloud,13496,6266,10
2026-08-30T04:44:19.126632656Z,16.826574,127.686213,Cloud to Ground,26807,0,9
2026-08-30T04:44:20.953105759Z,20.187497,114.586217,Cloud to Ground,-35249,0,11
2026-08-30T04:44:21.126099678Z,20.197511,114.576515,Cloud to Ground,-31016,0,8
2026-08-30T04:44:20.999185889Z,20.202791,114.570503,Cloud to Ground,-25547,0,9
2026-08-30T04:44:21.238903086Z,20.143551,114.593514,Cloud to Cloud,-18897,5607,9
2026-08-30T04:44:21.212410243Z,20.166776,114.587966,Cloud to Ground,-6620,0,7
2026-08-30T04:44:21.205925248Z,20.181061,114.603398,Cloud to Ground,24990,0,9
2026-08-30T04:44:20.838625743Z,20.327473,113.670645,Cloud to Cloud,10433,3032,7
2026-08-30T04:44:21.221792672Z,20.148833,114.492,Cloud to Cloud,15179,4789,9
2026-08-30T04:44:21.375995385Z,19.079012,118.535843,Cloud to Ground,21144,0,12
2026-08-30T04:44:24.929419733Z,19.425637,115.015943,Cloud to Ground,13726,0,10
2026-08-30T04:44:25.598423812Z,16.738017,131.469703,Cloud to Ground,28474,0,11
2026-08-30T04:44:25.419879474Z,19.609589,114.34478,Cloud to Cloud,-9526,6160,7
2026-08-30T04:44:25.414385520Z,19.588328,114.351466,Cloud to Cloud,-8666,9831,6
2026-08-30T04:44:25.480883889Z,19.616186,114.332462,Cloud to Cloud,-7327,3024,5
2026-08-30T04:44:25.410351000Z,19.6343,114.3147,Cloud to Ground,10216,0,6
2026-08-30T04:44:25.408385303Z,19.61642,114.338432,Cloud to Cloud,15829,12689,10
2026-08-30T04:44:25.409511389Z,19.613881,114.342442,Cloud to Ground,38736,0,12
2026-08-30T04:44:26.047666868Z,19.412278,115.012801,Cloud to Cloud,-9824,9841,8
2026-08-30T04:44:25.976588396Z,19.424184,114.999234,Cloud to Cloud,-8815,5527,8
2026-08-30T04:44:26.288209074Z,19.062045,118.52937,Cloud to Cloud,7864,19889,10
2026-08-30T04:44:26.600795985Z,13.406845,119.300675,Cloud to Ground,-36421,0,11
2026-08-30T04:44:26.684150222Z,13.404443,119.301158,Cloud to Ground,-16742,0,11
2026-08-30T04:44:27.532065927Z,4.557436,113.133206,Cloud to Ground,-14477,0,8
2026-08-30T04:44:28.989763655Z,18.451882,113.761528,Cloud to Cloud,-11419,5165,12
2026-08-30T04:44:29.066077116Z,18.388252,113.784928,Cloud to Ground,-8186,0,9
2026-08-30T04:44:29.078352991Z,18.377973,113.790128,Cloud to Cloud,-6016,3181,6
2026-08-30T04:44:29.068254206Z,18.396894,113.776295,Cloud to Cloud,4873,6234,7
2026-08-30T04:44:29.067060475Z,18.38192,113.622077,Cloud to Cloud,8958,5917,8
2026-08-30T04:44:28.993086049Z,18.471765,113.755682,Cloud to Cloud,12156,7935,9
2026-08-30T04:44:29.088991526Z,18.359357,113.805082,Cloud to Cloud,12833,12472,15
2026-08-30T04:44:28.977818399Z,18.446679,113.6836,Cloud to Cloud,14184,3044,8
2026-08-30T04:44:28.995015863Z,18.467143,113.76055,Cloud to Ground,19414,0,13
2026-08-30T04:44:28.912142957Z,19.921916,114.497732,Cloud to Ground,-27182,0,14
2026-08-30T04:44:28.911171155Z,19.917651,114.479768,Cloud to Ground,59263,0,12
2026-08-30T04:44:29.132223819Z,16.03291,130.875437,Cloud to Ground,20323,0,10
2026-08-30T04:44:29.137268197Z,16.096229,130.689651,Cloud to Cloud,-12307,15133,13
2026-08-30T04:44:29.134198216Z,16.109877,130.685634,Cloud to Cloud,21020,3040,11
2026-08-30T04:44:29.131253165Z,16.028075,130.702585,Cloud to Cloud,45299,3090,9
2026-08-30T04:44:31.432222547Z,16.751248,127.777331,Cloud to Cloud,-7760,9390,15
2026-08-30T04:44:31.461136646Z,16.816319,127.766831,Cloud to Cloud,13509,3634,10
2026-08-30T04:44:31.414669000Z,16.8667,127.915,Cloud to Ground,-26805,0,5
2026-08-30T04:44:32.778443178Z,19.408415,115.004419,Cloud to Cloud,7655,13337,7
2026-08-30T04:44:33.831044988Z,18.632097,114.062442,Cloud to Ground,-29716,0,11
2026-08-30T04:44:33.687492567Z,18.633356,114.055987,Cloud to Ground,-28065,0,13
2026-08-30T04:44:33.733461995Z,18.636184,114.058739,Cloud to Ground,-23346,0,11
2026-08-30T04:44:34.074795239Z,18.636262,114.058996,Cloud to Cloud,-22487,4377,12
2026-08-30T04:44:33.962427284Z,18.634078,114.061644,Cloud to Ground,-11022,0,8
2026-08-30T04:44:34.022797009Z,18.63563,114.060629,Cloud to Ground,-7747,0,9
2026-08-30T04:44:33.869921685Z,18.624346,114.061317,Cloud to Cloud,12491,3055,8
2026-08-30T04:44:33.081199322Z,19.561009,118.613323,Cloud to Ground,-17380,0,7
2026-08-30T04:44:33.041826197Z,19.114668,118.557238,Cloud to Ground,-25373,0,13
2026-08-30T04:44:33.004203094Z,19.165007,118.583282,Cloud to Cloud,-11255,18172,11
2026-08-30T04:44:33.027814283Z,19.17254,118.576279,Cloud to Cloud,-7399,17452,7
2026-08-30T04:44:33.023983000Z,18.3059,116.5948,Cloud to Ground,-14287,0,5
2026-08-30T04:44:34.026953552Z,18.484237,119.654662,Cloud to Ground,-21834,0,13
2026-08-30T04:44:35.294817644Z,19.464334,115.013898,Cloud to Cloud,-13161,15802,8
2026-08-30T04:44:35.296874488Z,19.482534,114.989075,Cloud to Ground,-13039,0,7
2026-08-30T04:44:35.048194205Z,18.999477,114.521033,Cloud to Cloud,-12052,3027,14
2026-08-30T04:44:36.039890533Z,16.990128,132.023515,Cloud to Ground,8255,0,7
2026-08-30T04:44:36.133533038Z,16.975951,132.153907,Cloud to Ground,-13358,0,12
2026-08-30T04:44:36.079137701Z,16.986744,132.154027,Cloud to Ground,-12618,0,9
2026-08-30T04:44:36.067273994Z,16.98598,132.145087,Cloud to Ground,-10829,0,10
2026-08-30T04:44:36.042381285Z,16.979755,132.13354,Cloud to Ground,52709,0,24
2026-08-30T04:44:38.011791425Z,19.245226,116.100971,Cloud to Cloud,-8233,3000,12
2026-08-30T04:44:38.268707235Z,19.210414,116.098975,Cloud to Cloud,-6126,12594,7
2026-08-30T04:44:37.994109698Z,19.249913,116.094729,Cloud to Cloud,9597,17092,10
2026-08-30T04:44:37.995725676Z,19.241648,116.083679,Cloud to Ground,25202,0,7
2026-08-30T04:44:37.315183407Z,16.635583,120.341211,Cloud to Cloud,11485,19285,15
2026-08-30T04:44:38.501300206Z,18.489457,113.863345,Cloud to Ground,-9289,0,6
2026-08-30T04:44:40.788333226Z,20.222037,114.099361,Cloud to Cloud,-18206,3000,12
2026-08-30T04:44:42.243338000Z,19.7211,114.6835,Cloud to Ground,-12944,0,6
2026-08-30T04:44:41.958138341Z,19.70896,114.759684,Cloud to Cloud,15265,3069,8
2026-08-30T04:44:41.982775248Z,19.632189,114.60615,Cloud to Cloud,16527,9063,6
2026-08-30T04:44:42.923193861Z,16.966445,132.254095,Cloud to Cloud,-7222,8015,7
2026-08-30T04:44:42.909034543Z,19.078782,118.551335,Cloud to Cloud,4051,4851,5
2026-08-30T04:44:42.443814378Z,19.077157,118.552817,Cloud to Ground,31960,0,13
2026-08-30T04:44:43.690319259Z,19.412502,115.017311,Cloud to Cloud,-8101,3014,6
2026-08-30T04:44:43.642843830Z,19.48386,115.039476,Cloud to Cloud,12331,9766,9
2026-08-30T04:44:43.417185400Z,19.428995,114.926314,Cloud to Cloud,36164,16385,14
2026-08-30T04:44:44.763738100Z,4.442162,113.172467,Cloud to Ground,-36983,0,8
2026-08-30T04:44:45.655411502Z,17.308583,113.146558,Cloud to Ground,3455,0,5
2026-08-30T04:44:45.433030957Z,17.416262,113.207156,Cloud to Cloud,-10784,7927,12
2026-08-30T04:44:45.686722418Z,18.973545,118.445536,Cloud to Cloud,-5989,3728,8
2026-08-30T04:44:45.614413358Z,18.952931,118.465216,Cloud to Cloud,4682,6817,7
2026-08-30T04:44:46.138388186Z,19.4086,114.976545,Cloud to Cloud,8496,10465,10
2026-08-30T04:44:46.241834425Z,19.318468,114.775151,Cloud to Cloud,7423,9176,7
2026-08-30T04:44:46.782423997Z,19.601919,114.36024,Cloud to Ground,-8454,0,8
2026-08-30T04:44:47.038107404Z,19.636181,114.338264,Cloud to Ground,31456,0,17
2026-08-30T04:44:48.386939795Z,19.423614,114.999625,Cloud to Cloud,9597,3006,8
2026-08-30T04:44:48.266370047Z,19.313693,118.730104,Cloud to Ground,-49137,0,19
2026-08-30T04:44:49.850847812Z,17.453364,132.987202,Cloud to Ground,-31680,0,13
2026-08-30T04:44:49.857777563Z,17.44916,132.983823,Cloud to Ground,-17601,0,15
2026-08-30T04:44:49.879553433Z,17.425659,133.00524,Cloud to Ground,-17090,0,12
2026-08-30T04:44:49.855804084Z,17.454174,132.987543,Cloud to Ground,-11045,0,6
2026-08-30T04:44:49.849398980Z,17.444555,132.998224,Cloud to Ground,56577,0,15
2026-08-30T04:44:49.737801351Z,22.244449,113.36838,Cloud to Cloud,-9851,3016,5
2026-08-30T04:44:49.537399874Z,22.236924,113.356048,Cloud to Cloud,9001,16751,9
2026-08-30T04:44:49.658922720Z,22.243378,113.365205,Cloud to Ground,74154,0,16
2026-08-30T04:44:50.913754173Z,19.417331,115.021594,Cloud to Cloud,8400,3656,6
2026-08-30T04:44:51.738476190Z,20.270938,113.830042,Cloud to Ground,-33925,0,13
2026-08-30T04:44:51.685437562Z,20.27161,113.826805,Cloud to Cloud,-21709,3078,13
2026-08-30T04:44:51.820212048Z,20.269406,113.828898,Cloud to Ground,-17396,0,13
2026-08-30T04:44:52.196604692Z,20.242341,113.713251,Cloud to Ground,-12946,0,12
2026-08-30T04:44:52.593423853Z,20.356614,113.759706,Cloud to Ground,-8245,0,6
2026-08-30T04:44:51.926631000Z,20.2749,113.7519,Cloud to Ground,45112,0,7
2026-08-30T04:44:52.203231265Z,20.254111,113.616185,Cloud to Ground,20791,0,12
2026-08-30T04:44:52.987874301Z,18.615388,114.03639,Cloud to Cloud,-12783,7145,10
2026-08-30T04:44:52.987118991Z,18.641992,114.050659,Cloud to Ground,-8525,0,9
2026-08-30T04:44:52.905359712Z,18.635898,114.0559,Cloud to Ground,8784,0,7
2026-08-30T04:44:52.887447399Z,18.696175,114.019597,Cloud to Ground,42832,0,21
2026-08-30T04:44:54.893906828Z,18.695476,118.217558,Cloud to Ground,-22191,0,12
2026-08-30T04:44:55.070256329Z,20.010405,114.415964,Cloud to Cloud,-9576,7750,10
2026-08-30T04:44:54.863388922Z,20.028758,114.391223,Cloud to Cloud,14859,4833,9
2026-08-30T04:44:54.922468285Z,19.989681,114.370666,Cloud to Cloud,17351,3023,9
2026-08-30T04:44:55.626932009Z,18.498021,116.583874,Cloud to Cloud,-22267,3023,11
2026-08-30T04:44:55.663034270Z,18.441127,116.57104,Cloud to Cloud,7504,3535,7
2026-08-30T04:44:56.169327568Z,18.441759,116.496325,Cloud to Cloud,8914,3827,8
2026-08-30T04:44:55.598730164Z,18.452643,116.552613,Cloud to Ground,10700,0,8
2026-08-30T04:44:55.602885087Z,18.474773,116.589115,Cloud to Ground,12339,0,8
2026-08-30T04:44:55.600526201Z,18.454256,116.564038,Cloud to Ground,21004,0,9
2026-08-30T04:44:55.518538361Z,18.722769,118.032199,Cloud to Cloud,-8947,13838,10
2026-08-30T04:44:55.514373826Z,18.730039,118.03561,Cloud to Cloud,18858,3003,14
2026-08-30T04:44:56.972393214Z,19.771438,115.06639,Cloud to Cloud,-60179,3103,14
2026-08-30T04:44:56.977574638Z,19.745715,115.060768,Cloud to Cloud,-23893,8201,9
2026-08-30T04:44:56.987093622Z,19.735807,115.064026,Cloud to Ground,-14903,0,8
2026-08-30T04:44:57.061655805Z,19.748784,115.077085,Cloud to Cloud,-11725,7903,8
2026-08-30T04:44:56.335146516Z,19.077916,118.539681,Cloud to Cloud,27217,11664,11
2026-08-30T04:44:56.419241406Z,17.213641,120.252102,Cloud to Cloud,8915,3759,10
2026-08-30T04:44:58.909534165Z,21.964106,113.277774,Cloud to Cloud,-27003,3040,13
2026-08-30T04:44:59.473852913Z,21.875304,113.27897,Cloud to Cloud,-9456,7153,7
2026-08-30T04:44:59.262379410Z,21.915975,113.261837,Cloud to Cloud,-8585,3306,8
2026-08-30T04:44:59.111090336Z,19.420501,114.984454,Cloud to Ground,27420,0,12
2026-08-30T04:44:59.138341013Z,19.48898,114.907661,Cloud to Cloud,-10922,7645,10
2026-08-30T04:44:59.084911253Z,19.524323,114.880047,Cloud to Ground,32677,0,14
2026-08-30T04:45:00.992458295Z,16.016548,129.569441,Cloud to Cloud,-10939,7376,7
2026-08-30T04:45:01.156451203Z,16.121502,129.553241,Cloud to Ground,-24965,0,8
2026-08-30T04:45:01.559407391Z,19.397128,115.014638,Cloud to Cloud,-12919,4102,7
2026-08-30T04:45:01.580543043Z,19.422578,114.991031,Cloud to Cloud,-10394,7253,7
2026-08-30T04:45:01.314263689Z,19.415407,114.994449,Cloud to Cloud,-10349,3258,7
2026-08-30T04:45:01.089136179Z,19.425497,115.01152,Cloud to Ground,15110,0,9
2026-08-30T04:45:02.988731917Z,15.992197,129.890003,Cloud to Cloud,-10126,7570,10
2026-08-30T04:45:02.968214285Z,16.000909,129.897491,Cloud to Cloud,16447,5023,10
2026-08-30T04:45:02.965225862Z,15.975243,129.913181,Cloud to Cloud,43900,3026,10
2026-08-30T04:45:02.446754141Z,22.044227,113.224,Cloud to Cloud,6028,4431,7
2026-08-30T04:45:02.448120948Z,22.092764,113.308986,Cloud to Cloud,-9296,3065,10
2026-08-30T04:45:02.449080156Z,22.175731,113.264432,Cloud to Cloud,-7697,4931,7
2026-08-30T04:45:02.493624447Z,22.093538,113.313886,Cloud to Cloud,-6424,3039,9
2026-08-30T04:45:02.520127975Z,22.1472,113.237949,Cloud to Cloud,7428,18701,6
2026-08-30T04:45:03.593022271Z,18.753165,118.339765,Cloud to Cloud,15793,6147,10
2026-08-30T04:45:03.619775213Z,19.37987,114.324347,Cloud to Ground,12181,0,8
2026-08-30T04:45:04.906696476Z,19.390979,114.997978,Cloud to Ground,27362,0,12
2026-08-30T04:45:05.755601581Z,16.890146,127.844144,Cloud to Cloud,-20743,5926,10
2026-08-30T04:45:05.671938782Z,16.831203,127.727168,Cloud to Cloud,-5250,11782,7
2026-08-30T04:45:05.703188022Z,16.760922,127.852733,Cloud to Cloud,-13943,4414,8
2026-08-30T04:45:05.715689256Z,16.863694,127.620824,Cloud to Ground,18681,0,17
2026-08-30T04:45:06.568936270Z,18.470671,113.898801,Cloud to Cloud,-13862,5240,11
2026-08-30T04:45:06.161643129Z,18.482269,113.895219,Cloud to Cloud,-13148,4959,12
2026-08-30T04:45:06.571059144Z,18.508587,113.879692,Cloud to Cloud,-12981,3025,9
2026-08-30T04:45:06.153721051Z,18.564227,113.816708,Cloud to Cloud,6584,7043,7
2026-08-30T04:45:06.560636900Z,18.499155,113.875211,Cloud to Cloud,8430,6015,11
2026-08-30T04:45:06.146132155Z,19.41664,114.98997,Cloud to Cloud,-7877,3515,7
2026-08-30T04:45:07.954196074Z,22.001771,113.284246,Cloud to Cloud,-11604,3091,8
2026-08-30T04:45:07.933551374Z,21.991343,113.271429,Cloud to Cloud,-9717,18526,8
2026-08-30T04:45:07.652044912Z,21.697901,112.946909,Cloud to Cloud,-11968,4504,7
2026-08-30T04:45:07.630608622Z,21.699523,112.966785,Cloud to Cloud,12215,3027,9
2026-08-30T04:45:07.124408585Z,18.807515,114.63748,Cloud to Cloud,-10273,3228,7
2026-08-30T04:45:07.132931322Z,18.817487,114.638016,Cloud to Ground,-9709,0,8
2026-08-30T04:45:07.122203006Z,18.815793,114.598881,Cloud to Cloud,-7805,5397,7
2026-08-30T04:45:08.989809000Z,15.0521,121.2601,Cloud to Ground,2962,0,5
2026-08-30T04:45:08.989401772Z,15.009584,121.316023,Cloud to Ground,23922,0,11
2026-08-30T04:45:09.899661144Z,15.200551,120.219087,Cloud to Cloud,5279,14137,6
2026-08-30T04:45:09.770540105Z,15.2111,120.250768,Cloud to Cloud,6413,7185,7
2026-08-30T04:45:09.686070419Z,15.130881,120.278839,Cloud to Cloud,6814,18382,9
2026-08-30T04:45:09.674993443Z,15.212658,120.243643,Cloud to Cloud,7059,16857,8
2026-08-30T04:45:09.633027972Z,15.132722,120.245832,Cloud to Cloud,10681,9486,8
2026-08-30T04:45:09.528562662Z,18.747231,118.380045,Cloud to Ground,-22321,0,12
2026-08-30T04:45:10.667803271Z,17.040221,131.833661,Cloud to Ground,13305,0,16
2026-08-30T04:45:10.440021333Z,17.042161,131.996522,Cloud to Ground,-29302,0,16
2026-08-30T04:45:10.446689193Z,17.016312,131.98152,Cloud to Ground,-19988,0,14
2026-08-30T04:45:10.442314872Z,17.034031,131.980073,Cloud to Ground,-18139,0,13
2026-08-30T04:45:10.444209663Z,17.031777,131.980248,Cloud to Ground,-12447,0,10
2026-08-30T04:45:10.438279028Z,17.031149,132.013391,Cloud to Ground,15314,0,15
2026-08-30T04:45:10.143619887Z,18.873263,118.267078,Cloud to Ground,9586,0,14
2026-08-30T04:45:11.196638967Z,18.016272,113.558161,Cloud to Cloud,-9351,4029,6
2026-08-30T04:45:11.193617353Z,18.007849,113.56894,Cloud to Ground,16373,0,14
2026-08-30T04:45:11.642103000Z,4.5876,113.1443,Cloud to Ground,-18826,0,5
2026-08-30T04:45:12.589230638Z,4.145243,112.905509,Cloud to Ground,26244,0,12
2026-08-30T04:45:12.491485007Z,19.307923,114.651166,Cloud to Ground,-17778,0,8
2026-08-30T04:45:12.394944596Z,19.344083,114.624696,Cloud to Cloud,-15465,3116,12
2026-08-30T04:45:12.425181960Z,19.376471,114.652314,Cloud to Ground,-13283,0,10
2026-08-30T04:45:13.143883629Z,17.538213,133.443764,Cloud to Ground,-23190,0,12
2026-08-30T04:45:20.302513836Z,18.448034,119.65409,Cloud to Ground,-18050,0,14
2026-08-30T04:45:20.444275927Z,18.452081,119.639495,Cloud to Ground,-11602,0,8
2026-08-30T04:45:20.411757704Z,18.453653,119.648561,Cloud to Ground,-10461,0,11
2026-08-30T04:45:23.206771681Z,19.470209,114.979106,Cloud to Cloud,8494,3047,7
2026-08-30T04:45:23.871034665Z,18.981045,118.454246,Cloud to Cloud,-7648,11095,6
2026-08-30T04:45:23.805938376Z,18.942936,118.383223,Cloud to Cloud,3568,17739,7
2026-08-30T04:45:23.788872470Z,18.955937,118.403697,Cloud to Cloud,7172,18858,7
2026-08-30T04:45:25.165349668Z,18.704996,118.212196,Cloud to Ground,-17296,0,12
2026-08-30T04:45:25.200310941Z,18.707901,118.20993,Cloud to Cloud,-6108,3022,7
2026-08-30T04:45:25.350041287Z,18.694915,118.185973,Cloud to Cloud,-2866,3009,7
2026-08-30T04:45:25.345163164Z,18.741443,118.24812,Cloud to Cloud,3936,13038,7
2026-08-30T04:45:25.339166580Z,18.70104,118.192717,Cloud to Ground,13102,0,9
2026-08-30T04:45:26.390206563Z,4.678904,113.278788,Cloud to Ground,-28780,0,12
2026-08-30T04:45:26.414956281Z,4.6429,113.285629,Cloud to Ground,15752,0,10
2026-08-30T04:45:26.720369728Z,19.670532,114.400169,Cloud to Cloud,-11662,3141,10
2026-08-30T04:45:26.714708052Z,19.665667,114.295402,Cloud to Cloud,8083,7060,12
2026-08-30T04:45:26.763991810Z,19.657031,114.400108,Cloud to Ground,13796,0,9
2026-08-30T04:45:26.742504473Z,19.65758,114.399824,Cloud to Ground,21003,0,12
2026-08-30T04:45:26.712736353Z,19.66496,114.331603,Cloud to Ground,43440,0,10
2026-08-30T04:45:26.711092038Z,19.682373,114.317832,Cloud to Ground,43788,0,12
2026-08-30T04:45:27.181981899Z,19.289397,114.876232,Cloud to Ground,-8919,0,7
2026-08-30T04:45:27.261829177Z,19.333018,114.845659,Cloud to Cloud,6361,18105,7
2026-08-30T04:45:27.142568819Z,19.237628,115.134943,Cloud to Ground,15833,0,10
2026-08-30T04:45:27.244706552Z,19.276924,114.697746,Cloud to Cloud,-10018,5084,7
2026-08-30T04:45:28.209686930Z,18.731709,119.483285,Cloud to Cloud,-3818,12965,7
2026-08-30T04:45:29.689150616Z,20.273039,113.855106,Cloud to Cloud,-18678,12093,14
2026-08-30T04:45:29.792644980Z,18.690854,119.235434,Cloud to Cloud,-5400,4962,8
2026-08-30T04:45:29.794044339Z,18.685184,119.218174,Cloud to Cloud,6557,17613,6
2026-08-30T04:45:29.759586134Z,18.709561,119.283069,Cloud to Cloud,8121,16568,9
2026-08-30T04:45:29.780695171Z,18.691265,119.212167,Cloud to Cloud,8494,10797,6
2026-08-30T04:45:29.763261398Z,18.767721,119.2346,Cloud to Cloud,16899,3515,7
2026-08-30T04:45:29.564898431Z,16.654175,128.058729,Cloud to Ground,-13268,0,9
2026-08-30T04:45:29.537056279Z,16.642908,127.961155,Cloud to Cloud,12364,13352,9
2026-08-30T04:45:29.539069000Z,16.5623,128.1103,Cloud to Ground,-22327,0,5
2026-08-30T04:45:30.003705368Z,17.659905,128.749579,Cloud to Ground,-12827,0,9
2026-08-30T04:45:30.107264705Z,17.67393,128.742771,Cloud to Cloud,8774,6582,7
2026-08-30T04:45:30.106844160Z,17.664816,128.737886,Cloud to Ground,26488,0,10
2026-08-30T04:45:30.015501000Z,17.6425,128.7064,Cloud to Ground,45615,0,13
2026-08-30T04:45:30.529505261Z,19.412013,115.009226,Cloud to Ground,9178,0,11
2026-08-30T04:45:30.538943568Z,19.425897,114.99139,Cloud to Cloud,10572,19439,10
2026-08-30T04:45:31.546353150Z,15.956417,129.452304,Cloud to Cloud,13298,7333,7
2026-08-30T04:45:31.300812547Z,18.597934,114.070586,Cloud to Cloud,13434,3023,8
2026-08-30T04:45:31.922528857Z,18.561346,113.895869,Cloud to Cloud,-16242,18742,9
2026-08-30T04:45:31.911955156Z,18.515382,113.893872,Cloud to Ground,-11488,0,7
2026-08-30T04:45:32.235339977Z,18.560174,113.872932,Cloud to Ground,10931,0,9
2026-08-30T04:45:32.535787535Z,18.552708,113.703905,Cloud to Cloud,12605,7958,7
2026-08-30T04:45:32.521564013Z,19.061451,118.535743,Cloud to Cloud,21565,14413,11
2026-08-30T04:45:32.627420085Z,19.78658,115.075904,Cloud to Cloud,21723,17309,11
2026-08-30T04:45:32.592868000Z,19.8102,114.9492,Cloud to Ground,-8091,0,5
2026-08-30T04:45:35.033827066Z,19.43662,115.0063,Cloud to Cloud,-10080,13064,9
2026-08-30T04:45:35.333817126Z,19.414582,115.011472,Cloud to Cloud,-10051,15503,8
2026-08-30T04:45:35.234915487Z,19.418022,115.026706,Cloud to Cloud,-9532,13896,8
2026-08-30T04:45:34.813993389Z,19.425871,115.016039,Cloud to Ground,27888,0,13
2026-08-30T04:45:39.293805669Z,19.956145,114.478014,Cloud to Cloud,-15820,6081,9
2026-08-30T04:45:39.109289629Z,19.921761,114.501848,Cloud to Cloud,-10461,18734,9
2026-08-30T04:45:39.251785305Z,19.920858,114.483273,Cloud to Cloud,-9316,5564,7
2026-08-30T04:45:39.263324704Z,19.926914,114.481094,Cloud to Cloud,-7070,15265,6
2026-08-30T04:45:39.166935992Z,18.450416,116.511039,Cloud to Ground,31040,0,8
2026-08-30T04:45:39.170792778Z,18.470894,116.603285,Cloud to Cloud,9627,6510,7
2026-08-30T04:45:41.753184155Z,16.195173,130.620746,Cloud to Cloud,-20787,5489,24
2026-08-30T04:45:41.762061437Z,16.12301,130.689204,Cloud to Ground,-9479,0,8
2026-08-30T04:45:41.812294133Z,16.176041,130.647893,Cloud to Cloud,-9049,3004,8
2026-08-30T04:45:41.968275492Z,16.13871,130.690676,Cloud to Cloud,11576,3012,10
2026-08-30T04:45:41.751282799Z,16.126224,130.702438,Cloud to Ground,13652,0,10
2026-08-30T04:45:41.751791062Z,16.130774,130.718515,Cloud to Ground,16643,0,13
2026-08-30T04:45:41.404601546Z,18.181468,113.654114,Cloud to Cloud,-19999,3852,16
2026-08-30T04:45:41.406406307Z,18.185858,113.647884,Cloud to Ground,-14351,0,8
2026-08-30T04:45:41.405511978Z,18.158219,113.668998,Cloud to Cloud,-13078,3013,10
2026-08-30T04:45:41.403974823Z,18.201011,113.692669,Cloud to Cloud,-11883,3109,9
2026-08-30T04:45:41.412339694Z,18.178629,113.661867,Cloud to Cloud,-9787,6514,7
2026-08-30T04:45:41.682376677Z,18.172897,113.576816,Cloud to Cloud,-8394,3000,5
2026-08-30T04:45:41.482064780Z,18.140887,113.488477,Cloud to Cloud,-7664,6682,7
2026-08-30T04:45:41.407388943Z,18.156398,113.563483,Cloud to Ground,9945,0,7
2026-08-30T04:45:41.728420938Z,18.176327,113.658221,Cloud to Ground,16728,0,8
2026-08-30T04:45:42.126551398Z,16.005974,130.726539,Cloud to Ground,-22340,0,10
2026-08-30T04:45:43.994954025Z,19.173763,118.6475,Cloud to Cloud,8560,7471,7
2026-08-30T04:45:44.063470343Z,19.091647,118.545162,Cloud to Cloud,-2955,4184,5
2026-08-30T04:45:43.801626567Z,19.100553,118.562386,Cloud to Cloud,5498,4334,8
2026-08-30T04:45:45.129618738Z,16.825896,127.686199,Cloud to Ground,41481,0,12
2026-08-30T04:45:45.697922944Z,19.423546,114.992608,Cloud to Cloud,6760,15453,9
2026-08-30T04:45:46.672693417Z,19.240606,116.035081,Cloud to Ground,-27759,0,9
2026-08-30T04:45:47.089273700Z,19.223964,116.090184,Cloud to Ground,-23563,0,14
2026-08-30T04:45:46.149719882Z,19.234497,116.100206,Cloud to Ground,-23550,0,14
2026-08-30T04:45:47.436047631Z,19.231121,116.089104,Cloud to Ground,-9502,0,7
2026-08-30T04:45:47.171740971Z,19.229049,116.09204,Cloud to Ground,-6860,0,7
2026-08-30T04:45:46.460649196Z,19.248922,116.105551,Cloud to Ground,-6563,0,5
2026-08-30T04:45:48.128892670Z,20.351217,113.866813,Cloud to Ground,11576,0,7
2026-08-30T04:45:48.140672127Z,20.222078,113.768121,Cloud to Cloud,-23208,5883,10
2026-08-30T04:45:48.153607035Z,20.265045,113.713804,Cloud to Cloud,-9759,5550,6
2026-08-30T04:45:48.204201010Z,20.266173,113.700489,Cloud to Ground,14371,0,10
2026-08-30T04:45:48.273132613Z,18.637114,114.05837,Cloud to Ground,-10819,0,9
2026-08-30T04:45:49.774621797Z,19.521806,122.909043,Cloud to Cloud,8687,4858,8
2026-08-30T04:45:49.766764935Z,19.501906,122.813857,Cloud to Ground,37785,0,8
2026-08-30T04:45:49.911430007Z,19.352286,122.976475,Cloud to Cloud,-4697,14391,7
2026-08-30T04:45:49.781005503Z,19.423743,122.967484,Cloud to Cloud,4418,14261,7
2026-08-30T04:45:49.768910206Z,19.438571,122.954311,Cloud to Cloud,4731,16185,7
2026-08-30T04:45:50.981067614Z,21.654863,112.102909,Cloud to Cloud,17860,3029,9
2026-08-30T04:45:52.621234430Z,17.497216,113.162142,Cloud to Ground,-12214,0,6
2026-08-30T04:45:52.117027491Z,17.428067,113.259437,Cloud to Ground,-11786,0,7
2026-08-30T04:45:52.608612859Z,17.546349,113.226471,Cloud to Cloud,-11525,15660,9
2026-08-30T04:45:52.108429856Z,17.418031,113.168398,Cloud to Ground,-9359,0,6
2026-08-30T04:45:52.250447348Z,17.520041,113.177505,Cloud to Ground,-8587,0,7
2026-08-30T04:45:51.961804316Z,17.448654,113.246481,Cloud to Cloud,-8454,3469,8
2026-08-30T04:45:51.970554189Z,17.436364,113.226598,Cloud to Ground,-7435,0,6
2026-08-30T04:45:51.959293420Z,17.431823,113.183351,Cloud to Cloud,11600,8828,8
2026-08-30T04:45:51.985945852Z,17.446598,113.15286,Cloud to Ground,14164,0,10
2026-08-30T04:45:52.691843589Z,17.903422,113.454865,Cloud to Cloud,-6190,3071,5
2026-08-30T04:45:52.242988735Z,17.754492,113.522331,Cloud to Ground,-42598,0,9
2026-08-30T04:45:52.225784302Z,17.739403,113.520964,Cloud to Cloud,6783,5351,8
2026-08-30T04:45:52.222396428Z,17.741965,113.536772,Cloud to Ground,37960,0,12
2026-08-30T04:45:53.487900212Z,4.538971,113.175879,Cloud to Ground,-14468,0,8
2026-08-30T04:45:54.616905470Z,19.422879,115.013647,Cloud to Cloud,-12324,6149,10
2026-08-30T04:45:54.458684919Z,19.403291,115.01439,Cloud to Cloud,-10138,3485,7
2026-08-30T04:45:54.073103246Z,19.428094,115.006554,Cloud to Cloud,11870,15880,5
2026-08-30T04:45:54.800090020Z,19.480412,115.061514,Cloud to Cloud,12572,8550,6
2026-08-30T04:45:53.566976926Z,19.42715,115.008719,Cloud to Ground,49011,0,14
2026-08-30T04:45:53.322823226Z,19.070739,118.492062,Cloud to Cloud,7134,18955,8
2026-08-30T04:45:53.300234604Z,19.067596,118.386182,Cloud to Cloud,9668,4098,7
2026-08-30T04:45:53.035284267Z,20.158584,114.59253,Cloud to Ground,-14401,0,8
2026-08-30T04:45:53.033330119Z,20.192646,114.57772,Cloud to Cloud,-9372,3074,8
2026-08-30T04:45:53.028789000Z,20.2074,114.5472,Cloud to Ground,19626,0,6
2026-08-30T04:45:55.161916130Z,18.707513,118.191034,Cloud to Cloud,-3606,3023,6
2026-08-30T04:45:56.448380032Z,19.320411,118.736723,Cloud to Ground,-35847,0,11
2026-08-30T04:45:56.277053589Z,19.318655,118.729858,Cloud to Ground,-31206,0,15
2026-08-30T04:45:56.346401388Z,19.320399,118.735911,Cloud to Ground,-24980,0,11
2026-08-30T04:45:56.279093526Z,19.306065,118.72608,Cloud to Cloud,-20800,10255,15
2026-08-30T04:45:56.530268690Z,19.321657,118.733736,Cloud to Ground,-18300,0,11
2026-08-30T04:45:56.561785109Z,19.317672,118.721548,Cloud to Ground,-5790,0,7
2026-08-30T04:45:56.408786575Z,18.274177,116.790307,Cloud to Ground,-12366,0,9
2026-08-30T04:45:59.226766497Z,19.410843,114.962814,Cloud to Cloud,-18796,13250,8
2026-08-30T04:45:59.229441022Z,19.356564,114.987285,Cloud to Cloud,-11608,7973,7
2026-08-30T04:45:59.477079508Z,19.390573,115.001057,Cloud to Ground,18715,0,10
2026-08-30T04:45:59.567624285Z,19.673029,114.901505,Cloud to Cloud,-9065,3010,10
2026-08-30T04:45:59.568165983Z,19.649637,114.895874,Cloud to Ground,31735,0,9
2026-08-30T04:45:59.270559475Z,21.95833,113.059243,Cloud to Ground,28173,0,10
2026-08-30T04:45:59.154366360Z,21.936654,113.260079,Cloud to Ground,-47400,0,15
2026-08-30T04:45:59.237075248Z,21.93587,113.259537,Cloud to Ground,-38010,0,10
2026-08-30T04:45:59.640977104Z,21.914191,113.220498,Cloud to Ground,-37051,0,8
2026-08-30T04:45:59.411564492Z,21.917466,113.213845,Cloud to Ground,-28323,0,14
2026-08-30T04:45:59.141082554Z,21.942111,113.243191,Cloud to Cloud,-19970,3018,13
2026-08-30T04:45:59.474409959Z,21.931941,113.24363,Cloud to Cloud,-19208,6298,8
2026-08-30T04:45:59.180166297Z,21.944666,113.344686,Cloud to Ground,-11911,0,7
2026-08-30T04:45:59.330897000Z,21.9118,113.1833,Cloud to Ground,50384,0,12
2026-08-30T04:46:00.036916363Z,16.970645,131.782115,Cloud to Ground,-26681,0,18
2026-08-30T04:46:00.038830864Z,16.990185,131.756427,Cloud to Ground,-17203,0,12
2026-08-30T04:46:00.040659315Z,16.984171,131.77819,Cloud to Ground,-16870,0,15
2026-08-30T04:46:00.036107351Z,16.965433,131.77752,Cloud to Ground,20813,0,10
2026-08-30T04:46:02.068988139Z,19.405486,115.025954,Cloud to Ground,37558,0,13
2026-08-30T04:46:02.227373248Z,19.073041,118.554367,Cloud to Cloud,8091,5587,10
2026-08-30T04:46:03.299169713Z,15.085613,121.245824,Cloud to Ground,-41402,0,11
2026-08-30T04:46:03.482285147Z,15.130746,121.202423,Cloud to Ground,-31801,0,14
2026-08-30T04:46:03.667726105Z,15.09744,121.262443,Cloud to Ground,-28841,0,14
2026-08-30T04:46:03.416118621Z,15.076392,121.248474,Cloud to Ground,-26298,0,13
2026-08-30T04:46:03.350771770Z,15.066044,121.241109,Cloud to Ground,-18512,0,13
2026-08-30T04:46:03.449051144Z,19.348204,114.654886,Cloud to Ground,23875,0,11
2026-08-30T04:46:04.253457130Z,13.426676,119.316113,Cloud to Ground,-34842,0,14
2026-08-30T04:46:04.359419808Z,13.415906,119.307592,Cloud to Ground,-26019,0,11
2026-08-30T04:46:04.471097419Z,13.416002,119.308314,Cloud to Ground,-15397,0,11
2026-08-30T04:46:04.275214439Z,13.419347,119.304619,Cloud to Ground,-14669,0,10
2026-08-30T04:46:04.265425306Z,13.435179,119.2591,Cloud to Cloud,-9624,3526,12
2026-08-30T04:46:04.363705995Z,13.418813,119.317423,Cloud to Ground,-9235,0,7
2026-08-30T04:46:05.196680091Z,16.769878,127.596286,Cloud to Ground,-31728,0,21
2026-08-30T04:46:05.074210304Z,16.778709,127.590117,Cloud to Ground,-28551,0,22
2026-08-30T04:46:05.786889884Z,16.784661,127.591738,Cloud to Ground,-19814,0,22
2026-08-30T04:46:05.031166745Z,16.795757,127.752206,Cloud to Ground,-59643,0,16
2026-08-30T04:46:05.072044566Z,16.816856,127.79357,Cloud to Cloud,-13755,3764,10
2026-08-30T04:46:05.953202954Z,16.786277,127.749017,Cloud to Ground,-13508,0,5
2026-08-30T04:46:05.572461221Z,16.797637,127.766404,Cloud to Cloud,23143,3021,8
2026-08-30T04:46:05.439618874Z,16.839181,127.760715,Cloud to Cloud,25833,3009,9
2026-08-30T04:46:05.129336000Z,16.8098,127.7258,Cloud to Ground,43069,0,8
2026-08-30T04:46:05.288478784Z,16.806459,127.777872,Cloud to Ground,95681,0,8
2026-08-30T04:46:06.495079415Z,16.504828,120.381922,Cloud to Cloud,7478,18511,8
2026-08-30T04:46:06.212803360Z,16.492997,120.335126,Cloud to Cloud,11850,10981,7
2026-08-30T04:46:06.199796335Z,16.494674,120.329729,Cloud to Cloud,31283,3283,13
2026-08-30T04:46:07.759748364Z,18.872053,114.600852,Cloud to Cloud,-13880,3000,10
2026-08-30T04:46:07.734458808Z,18.855902,114.591059,Cloud to Ground,-10304,0,9
2026-08-30T04:46:07.857331871Z,18.891955,114.587038,Cloud to Ground,-7584,0,7
2026-08-30T04:46:07.726842820Z,18.878355,114.582464,Cloud to Cloud,5853,6077,7
2026-08-30T04:46:07.267741879Z,18.375307,113.47741,Cloud to Cloud,8230,3762,8
2026-08-30T04:46:07.266206557Z,18.367439,113.584647,Cloud to Cloud,-13747,5819,9
2026-08-30T04:46:08.058373145Z,18.369616,113.5902,Cloud to Cloud,-12734,18005,14
2026-08-30T04:46:07.828220621Z,18.368136,113.598687,Cloud to Ground,-11438,0,6
2026-08-30T04:46:07.264388779Z,18.362093,113.58602,Cloud to Cloud,-8706,3168,10
2026-08-30T04:46:07.336602411Z,18.275008,113.592048,Cloud to Cloud,8228,13023,8
2026-08-30T04:46:07.823446164Z,18.378137,113.590925,Cloud to Cloud,9938,15972,7
2026-08-30T04:46:07.263741880Z,18.360506,113.593858,Cloud to Ground,15556,0,10
2026-08-30T04:46:07.263187764Z,18.357171,113.574647,Cloud to Cloud,16440,5662,10
2026-08-30T04:46:08.344234811Z,18.420531,113.268388,Cloud to Cloud,-17523,3214,12
2026-08-30T04:46:08.641283759Z,18.388877,113.816423,Cloud to Ground,-12847,0,9
2026-08-30T04:46:08.642011757Z,18.372057,113.78046,Cloud to Ground,19438,0,7
2026-08-30T04:46:08.017126147Z,18.292947,113.428769,Cloud to Cloud,-8795,3166,13
2026-08-30T04:46:08.029720075Z,18.307162,113.379363,Cloud to Cloud,8886,14695,8
2026-08-30T04:46:08.418595468Z,20.016949,114.457348,Cloud to Ground,-12328,0,7
2026-08-30T04:46:09.811805898Z,19.432031,115.00847,Cloud to Cloud,11659,11031,7
2026-08-30T04:46:09.064468252Z,19.635403,115.305906,Cloud to Ground,12350,0,9
2026-08-30T04:46:09.093471928Z,19.463658,115.019515,Cloud to Ground,-9700,0,6
2026-08-30T04:46:09.039056758Z,19.481815,115.01783,Cloud to Ground,25827,0,13
2026-08-30T04:46:09.089471210Z,19.525199,114.921555,Cloud to Cloud,-10782,3120,6
2026-08-30T04:46:10.253687582Z,19.909667,115.527859,Cloud to Cloud,-22103,11224,9
2026-08-30T04:46:10.259590853Z,19.882645,115.525463,Cloud to Cloud,-15182,3051,10
2026-08-30T04:46:10.532575576Z,19.878456,115.522257,Cloud to Cloud,-14332,3015,10
2026-08-30T04:46:10.257849000Z,19.9058,115.4575,Cloud to Ground,25469,0,5
2026-08-30T04:46:12.387144989Z,16.027501,129.566267,Cloud to Cloud,-13137,18723,7
2026-08-30T04:46:12.492941322Z,16.003195,129.553109,Cloud to Cloud,-7099,15532,7
2026-08-30T04:46:12.188531825Z,19.426886,115.017005,Cloud to Cloud,6743,19782,7
2026-08-30T04:46:13.271997903Z,14.424672,121.079435,Cloud to Cloud,-13257,19791,9
2026-08-30T04:46:13.949650331Z,19.440785,115.034804,Cloud to Ground,20653,0,12
2026-08-30T04:46:14.265997624Z,18.606443,114.053668,Cloud to Ground,-11206,0,6
2026-08-30T04:46:14.233508121Z,18.630474,114.132104,Cloud to Ground,-8512,0,8
2026-08-30T04:46:14.561015442Z,18.335865,116.575486,Cloud to Cloud,-11599,3300,9
2026-08-30T04:46:14.394287521Z,18.391532,116.643651,Cloud to Cloud,-10793,3032,11
2026-08-30T04:46:14.960758000Z,18.5582,116.697,Cloud to Ground,-27094,0,5
2026-08-30T04:46:14.784208821Z,18.703807,116.68008,Cloud to Ground,-53609,0,15
2026-08-30T04:46:14.837036000Z,18.73335,116.643798,Cloud to Ground,-22022,0,9
2026-08-30T04:46:14.964373000Z,18.7455,116.6759,Cloud to Ground,21053,0,5
2026-08-30T04:46:14.367287042Z,14.54008,121.099245,Cloud to Ground,16634,0,11
2026-08-30T04:46:16.412198226Z,4.291276,113.155175,Cloud to Ground,-26768,0,14
2026-08-30T04:46:16.532188559Z,14.663359,122.015144,Cloud to Cloud,10689,11284,8
2026-08-30T04:46:16.531008215Z,14.663892,122.017776,Cloud to Cloud,14242,11024,12
2026-08-30T04:46:16.530351662Z,14.641649,121.920012,Cloud to Ground,23778,0,13
2026-08-30T04:46:16.545526560Z,19.899722,118.587358,Cloud to Cloud,7610,15006,7
2026-08-30T04:46:16.780653104Z,18.931419,118.397366,Cloud to Cloud,-8334,3020,7
2026-08-30T04:46:16.791002783Z,18.960676,118.399959,Cloud to Cloud,5900,3012,7
2026-08-30T04:46:16.650585790Z,18.974791,118.454555,Cloud to Cloud,8519,19048,8
2026-08-30T04:46:16.840449625Z,18.959745,118.407232,Cloud to Cloud,10024,17862,10
2026-08-30T04:46:16.146783229Z,16.226485,129.739918,Cloud to Cloud,-10366,3609,12
2026-08-30T04:46:16.151675016Z,16.241758,129.763635,Cloud to Cloud,-9710,3063,10
2026-08-30T04:46:16.182384246Z,16.229165,129.760897,Cloud to Ground,18078,0,13
2026-08-30T04:46:16.145487347Z,16.203355,129.784574,Cloud to Ground,21134,0,9
2026-08-30T04:46:16.880150631Z,18.734971,118.392439,Cloud to Cloud,9942,18628,9
2026-08-30T04:46:17.514817593Z,4.638675,113.287005,Cloud to Ground,24945,0,8
2026-08-30T04:46:17.571442090Z,4.708243,113.306683,Cloud to Ground,32713,0,12
2026-08-30T04:46:17.776938631Z,18.991649,114.565928,Cloud to Ground,-21093,0,15
2026-08-30T04:46:17.785677011Z,19.001947,114.554767,Cloud to Ground,-13825,0,8
2026-08-30T04:46:17.795995563Z,18.991922,114.566838,Cloud to Cloud,10208,3843,10
2026-08-30T04:46:17.775515531Z,19.018001,114.571132,Cloud to Ground,36205,0,13
2026-08-30T04:46:18.616447116Z,4.546981,113.176375,Cloud to Ground,-12708,0,6
2026-08-30T04:46:18.833082103Z,19.453802,115.004431,Cloud to Ground,-13876,0,6
2026-08-30T04:46:18.551597809Z,18.670879,113.857907,Cloud to Cloud,6190,15568,6
2026-08-30T04:46:18.836467561Z,18.634272,113.860291,Cloud to Cloud,14178,5453,8
2026-08-30T04:46:18.837616373Z,22.010105,113.207501,Cloud to Cloud,-21543,3013,14
2026-08-30T04:46:18.205696473Z,22.006702,113.297262,Cloud to Cloud,-14934,13444,6
2026-08-30T04:46:19.046202339Z,21.923506,113.227854,Cloud to Cloud,-9851,4610,9
2026-08-30T04:46:18.207097782Z,22.000278,113.313966,Cloud to Ground,8305,0,7
2026-08-30T04:46:19.148003076Z,19.325638,118.73998,Cloud to Ground,-28187,0,16
2026-08-30T04:46:19.283693253Z,19.406093,118.747674,Cloud to Cloud,-8797,18447,8
2026-08-30T04:46:19.269988750Z,19.410006,118.746674,Cloud to Cloud,-7381,16540,10
2026-08-30T04:46:19.479143456Z,19.289452,118.715405,Cloud to Cloud,-6825,17602,9
2026-08-30T04:46:19.282429195Z,19.355162,118.772881,Cloud to Ground,12702,0,8
2026-08-30T04:46:22.474282066Z,18.963232,118.466733,Cloud to Cloud,-6589,3020,8
2026-08-30T04:46:22.266892972Z,19.061356,118.495767,Cloud to Cloud,10852,8910,8
2026-08-30T04:46:22.673676854Z,19.070659,118.457713,Cloud to Cloud,21736,13124,8
2026-08-30T04:46:24.650696369Z,16.903282,127.614932,Cloud to Ground,23464,0,10
2026-08-30T04:46:24.667664266Z,16.844567,127.751037,Cloud to Ground,-6128,0,5
2026-08-30T04:46:24.524769540Z,16.782677,127.421761,Cloud to Cloud,-8502,3094,12
2026-08-30T04:46:24.581026995Z,16.829683,127.431969,Cloud to Cloud,9025,6194,6
2026-08-30T04:46:24.526288512Z,16.818584,127.438437,Cloud to Cloud,13851,7811,10
2026-08-30T04:46:24.527176669Z,16.791793,127.414306,Cloud to Ground,48722,0,22
2026-08-30T04:46:24.356501931Z,19.907467,114.487522,Cloud to Cloud,-17433,3084,7
2026-08-30T04:46:24.764833594Z,19.406488,115.022313,Cloud to Ground,12253,0,9
2026-08-30T04:46:24.378426181Z,19.391625,115.006066,Cloud to Cloud,14017,6423,5
2026-08-30T04:46:24.259555600Z,18.429199,116.954956,Cloud to Ground,-25078,0,10
2026-08-30T04:46:25.841094501Z,16.979339,132.250674,Cloud to Ground,-54152,0,16
2026-08-30T04:46:25.848122441Z,16.979945,132.246014,Cloud to Ground,-27998,0,12
2026-08-30T04:46:26.483389893Z,16.999132,132.174538,Cloud to Ground,-18718,0,15
2026-08-30T04:46:26.319933988Z,16.97168,132.249827,Cloud to Ground,-15403,0,11
2026-08-30T04:46:25.839220944Z,16.981423,132.252908,Cloud to Cloud,-12802,3174,11
2026-08-30T04:46:26.505010677Z,17.017134,132.127356,Cloud to Ground,-12326,0,11
2026-08-30T04:46:26.487396000Z,17.0618,132.0868,Cloud to Ground,-7372,0,5
2026-08-30T04:46:26.469609490Z,17.002092,132.160341,Cloud to Ground,8526,0,11
2026-08-30T04:46:25.312647781Z,21.799005,112.425867,Cloud to Ground,-40046,0,16
2026-08-30T04:46:25.345956527Z,21.777756,112.352384,Cloud to Cloud,9596,15714,9
2026-08-30T04:46:25.313745000Z,21.812,112.4006,Cloud to Ground,120843,0,6
2026-08-30T04:46:25.461971334Z,19.759521,115.063292,Cloud to Cloud,-14464,3015,10
2026-08-30T04:46:25.445960942Z,19.721406,115.049478,Cloud to Cloud,-13484,3045,7
2026-08-30T04:46:25.432728195Z,19.715812,115.062172,Cloud to Cloud,-11941,4379,6
2026-08-30T04:46:25.607620225Z,19.752243,115.012251,Cloud to Cloud,-10611,4471,7
2026-08-30T04:46:25.449692280Z,19.752114,115.083273,Cloud to Cloud,-9607,10853,8
2026-08-30T04:46:25.599180325Z,19.772661,115.028929,Cloud to Cloud,10975,3006,7
2026-08-30T04:46:27.208887984Z,19.429206,115.007249,Cloud to Cloud,5366,3031,6
2026-08-30T04:46:28.968911827Z,16.013783,129.573047,Cloud to Cloud,-13541,3031,8
2026-08-30T04:46:29.200884067Z,16.033569,129.562793,Cloud to Cloud,-10945,19868,15
2026-08-30T04:46:28.904895321Z,15.935848,129.60165,Cloud to Cloud,10202,3733,7
2026-08-30T04:46:28.914828348Z,17.411088,113.18904,Cloud to Cloud,-7601,3323,9
2026-08-30T04:46:29.659246566Z,19.411366,115.03239,Cloud to Cloud,5189,5639,5
2026-08-30T04:46:29.903021584Z,19.151488,114.757854,Cloud to Ground,-13072,0,9
2026-08-30T04:46:29.875333909Z,19.151325,114.793349,Cloud to Cloud,7320,3022,6
2026-08-30T04:46:29.873381471Z,19.13939,114.776031,Cloud to Ground,45174,0,9
2026-08-30T04:46:29.874062042Z,19.154834,114.781142,Cloud to Ground,85290,0,10
2026-08-30T04:46:29.930291510Z,19.087435,118.545765,Cloud to Cloud,5604,6811,7
2026-08-30T04:46:30.278780429Z,19.122043,118.63826,Cloud to Cloud,9548,18449,10
2026-08-30T04:46:29.934839566Z,19.094182,118.570188,Cloud to Cloud,13071,3013,6
2026-08-30T04:46:29.802331842Z,19.182206,118.591082,Cloud to Cloud,21808,3018,10
2026-08-30T04:46:29.336825160Z,17.649387,113.037886,Cloud to Ground,18528,0,7
2026-08-30T04:46:29.710340321Z,18.626052,114.076146,Cloud to Ground,-16870,0,14
2026-08-30T04:46:30.546848168Z,20.248714,113.790291,Cloud to Ground,-18905,0,11
2026-08-30T04:46:30.668675748Z,20.249305,113.753368,Cloud to Cloud,-15145,3110,11
2026-08-30T04:46:30.977354817Z,20.298981,113.787876,Cloud to Cloud,-12319,17974,8
2026-08-30T04:46:30.466435660Z,20.257763,113.810377,Cloud to Cloud,-11329,6684,10
2026-08-30T04:46:30.459874337Z,20.261666,113.723981,Cloud to Cloud,20580,3024,10
2026-08-30T04:46:30.459007109Z,20.25505,113.818451,Cloud to Ground,23454,0,13
2026-08-30T04:46:33.997658618Z,9.008881,118.000117,Cloud to Cloud,5195,6469,8
2026-08-30T04:46:33.979190101Z,9.073376,118.037688,Cloud to Cloud,6705,16809,7
2026-08-30T04:46:33.715800998Z,20.255783,113.736493,Cloud to Ground,-13026,0,9
2026-08-30T04:46:33.744636480Z,20.224559,113.741568,Cloud to Cloud,9583,9066,10
2026-08-30T04:46:33.718891831Z,20.202409,113.723562,Cloud to Cloud,9717,4231,7
2026-08-30T04:46:33.391171711Z,20.275204,113.718709,Cloud to Cloud,11472,3018,8
2026-08-30T04:46:33.862091793Z,22.326443,113.40648,Cloud to Cloud,-18044,17768,12
2026-08-30T04:46:34.470001655Z,22.181247,113.479435,Cloud to Ground,-13366,0,8
2026-08-30T04:46:33.862837658Z,22.287417,113.391904,Cloud to Cloud,-12044,14029,9
2026-08-30T04:46:34.152993289Z,22.240712,113.407088,Cloud to Ground,14652,0,11
2026-08-30T04:46:35.523195306Z,19.382168,115.017095,Cloud to Cloud,-9208,3024,10
2026-08-30T04:46:35.681175357Z,19.442882,115.032203,Cloud to Ground,11963,0,10
2026-08-30T04:46:35.254752222Z,18.710696,118.216112,Cloud to Ground,-25443,0,16
2026-08-30T04:46:35.442723833Z,18.710498,118.214424,Cloud to Ground,-12931,0,12
2026-08-30T04:46:35.281245442Z,18.711808,118.216408,Cloud to Ground,-6949,0,8
2026-08-30T04:46:35.380399901Z,18.711088,118.21408,Cloud to Ground,-5992,0,8
2026-08-30T04:46:35.282581800Z,18.712819,118.210211,Cloud to Cloud,-4156,7114,7
2026-08-30T04:46:36.390825564Z,18.361132,117.459354,Cloud to Ground,24226,0,12
2026-08-30T04:46:36.389161761Z,18.371188,117.457563,Cloud to Ground,60857,0,12
2026-08-30T04:46:36.214954763Z,18.470215,119.659253,Cloud to Ground,-21149,0,12
2026-08-30T04:46:36.120198583Z,18.691991,119.222071,Cloud to Ground,-20999,0,11
2026-08-30T04:46:36.325944731Z,18.69467,119.22463,Cloud to Cloud,-11046,4649,8
2026-08-30T04:46:36.628905382Z,19.395808,114.32365,Cloud to Cloud,11073,16005,12
2026-08-30T04:46:37.125557785Z,19.40767,114.996301,Cloud to Cloud,9888,5625,6
2026-08-30T04:46:38.212100545Z,19.579509,114.26885,Cloud to Cloud,8167,18326,8
2026-08-30T04:46:38.364959889Z,19.655546,114.379068,Cloud to Ground,-10802,0,6
2026-08-30T04:46:38.348791054Z,19.656159,114.384426,Cloud to Cloud,-6888,18909,9
2026-08-30T04:46:38.350704688Z,19.671205,114.407162,Cloud to Cloud,7744,7706,7
2026-08-30T04:46:38.227912847Z,19.611689,114.385897,Cloud to Ground,24026,0,14
2026-08-30T04:46:38.290296160Z,19.320023,114.87603,Cloud to Cloud,-18210,3022,10
2026-08-30T04:46:40.293118358Z,19.486681,115.0604,Cloud to Cloud,8348,15118,7
2026-08-30T04:46:42.923308252Z,15.971652,129.557693,Cloud to Ground,-11323,0,10
2026-08-30T04:46:42.847222024Z,19.366425,114.670966,Cloud to Ground,-10179,0,6
2026-08-30T04:46:42.616878124Z,18.47245,116.63978,Cloud to Ground,-28875,0,14
2026-08-30T04:46:42.699134107Z,18.476756,116.636448,Cloud to Ground,-11868,0,8
2026-08-30T04:46:43.440509043Z,22.075507,113.315537,Cloud to Cloud,-12790,5147,11
2026-08-30T04:46:43.442110203Z,22.048951,113.326109,Cloud to Ground,-10268,0,7
2026-08-30T04:46:43.900048746Z,18.820599,118.055726,Cloud to Cloud,9457,17703,8
2026-08-30T04:46:43.933647842Z,22.149598,113.238718,Cloud to Ground,-6674,0,7
2026-08-30T04:46:43.246299592Z,19.415125,114.987036,Cloud to Ground,16780,0,13
2026-08-30T04:46:44.025412237Z,18.466782,113.920961,Cloud to Cloud,-18053,6456,12
2026-08-30T04:46:44.456633941Z,18.477377,113.914375,Cloud to Cloud,-11763,3001,10
2026-08-30T04:46:44.639851484Z,18.47111,113.759411,Cloud to Ground,-4749,0,7
2026-08-30T04:46:44.028693652Z,18.471043,113.80237,Cloud to Cloud,6412,3079,10
2026-08-30T04:46:44.027383341Z,18.567067,113.836552,Cloud to Ground,9317,0,7
2026-08-30T04:46:45.374497408Z,20.221443,114.218092,Cloud to Cloud,-18335,5683,10
2026-08-30T04:46:45.253960611Z,20.175632,114.083319,Cloud to Ground,-25977,0,13
2026-08-30T04:46:45.378467503Z,20.224771,114.02971,Cloud to Cloud,-22913,7535,6
2026-08-30T04:46:45.386701151Z,20.183078,114.064915,Cloud to Cloud,-8724,3032,10
2026-08-30T04:46:45.380535656Z,20.180123,114.087861,Cloud to Ground,20264,0,11
2026-08-30T04:46:45.370052000Z,20.2304,113.9703,Cloud to Ground,20441,0,5
2026-08-30T04:46:47.972760195Z,19.128268,118.580672,Cloud to Ground,-39941,0,12
2026-08-30T04:46:47.471956594Z,19.123395,118.573995,Cloud to Ground,-37905,0,18
2026-08-30T04:46:47.902273610Z,19.128688,118.579676,Cloud to Ground,-26273,0,14
2026-08-30T04:46:47.509313616Z,19.105396,118.575104,Cloud to Ground,-21348,0,7
2026-08-30T04:46:47.904611451Z,19.127472,118.573897,Cloud to Cloud,-12722,3041,9
2026-08-30T04:46:47.528311483Z,19.119563,118.550263,Cloud to Ground,-12275,0,8
2026-08-30T04:46:47.801101807Z,19.176654,118.568024,Cloud to Cloud,-6942,18981,7
2026-08-30T04:46:47.765915276Z,19.078171,118.477731,Cloud to Cloud,18497,19637,7
2026-08-30T04:46:48.007025933Z,18.98305,118.473758,Cloud to Cloud,-4612,12084,8
2026-08-30T04:46:47.747648740Z,18.987426,118.470602,Cloud to Ground,15292,0,14
2026-08-30T04:46:48.802631576Z,19.440503,115.033674,Cloud to Cloud,8727,3043,8
2026-08-30T04:46:49.905543907Z,15.344315,120.616262,Cloud to Cloud,-5507,4461,9
2026-08-30T04:46:49.674767121Z,18.57393,113.788449,Cloud to Cloud,-11793,19208,14
2026-08-30T04:46:49.641332727Z,18.497973,113.765536,Cloud to Cloud,-7862,3230,7
2026-08-30T04:46:49.713948431Z,18.454157,113.73208,Cloud to Cloud,5792,19793,9
2026-08-30T04:46:49.319206131Z,18.541527,113.777166,Cloud to Cloud,9864,3046,6
2026-08-30T04:46:49.655162169Z,18.55054,113.84363,Cloud to Cloud,11600,3032,10
2026-08-30T04:46:49.307008266Z,18.520338,113.786199,Cloud to Ground,12201,0,15
2026-08-30T04:46:49.304242891Z,18.611977,113.717999,Cloud to Cloud,12660,3010,7
2026-08-30T04:46:49.670665122Z,18.582013,113.821101,Cloud to Cloud,12697,5488,9
2026-08-30T04:46:50.314188441Z,18.30349,117.161433,Cloud to Ground,18321,0,12
2026-08-30T04:46:50.487391988Z,18.382355,117.067033,Cloud to Cloud,7159,19061,6
2026-08-30T04:46:50.313220186Z,18.364617,117.075065,Cloud to Ground,64963,0,11
2026-08-30T04:46:50.308689969Z,17.402294,113.267275,Cloud to Ground,-13931,0,10
2026-08-30T04:46:50.564199559Z,17.391464,113.240202,Cloud to Ground,10522,0,9
2026-08-30T04:46:50.235652533Z,15.238448,120.220242,Cloud to Ground,-25798,0,11
2026-08-30T04:46:50.118008523Z,15.254194,120.248159,Cloud to Ground,-15488,0,12
2026-08-30T04:46:50.036627387Z,15.253557,120.264773,Cloud to Ground,-15110,0,11
2026-08-30T04:46:49.954208428Z,15.177684,120.27836,Cloud to Cloud,-15108,11744,11
2026-08-30T04:46:49.992221500Z,15.241459,120.226761,Cloud to Cloud,10124,7785,8
2026-08-30T04:46:52.392149922Z,16.391506,120.370462,Cloud to Cloud,12757,12944,9
2026-08-30T04:46:52.394688544Z,16.474409,120.330682,Cloud to Cloud,-14062,16368,11
2026-08-30T04:46:52.393463110Z,16.475462,120.29155,Cloud to Cloud,5337,3019,9
2026-08-30T04:46:52.628567001Z,19.430071,115.027446,Cloud to Cloud,3264,18987,5
2026-08-30T04:46:53.147767156Z,19.350947,114.605458,Cloud to Ground,-24199,0,12
2026-08-30T04:46:54.751884754Z,19.244155,118.704835,Cloud to Ground,-18719,0,11
2026-08-30T04:46:54.386729946Z,19.238847,118.712605,Cloud to Ground,-17497,0,14
2026-08-30T04:46:54.896630675Z,19.240374,118.696626,Cloud to Ground,-14184,0,12
2026-08-30T04:46:54.777844107Z,19.259343,118.686467,Cloud to Ground,-12626,0,8
2026-08-30T04:46:54.680677108Z,19.244282,118.702332,Cloud to Ground,-9350,0,9
2026-08-30T04:46:54.430345700Z,19.245231,118.704329,Cloud to Ground,-6786,0,8
2026-08-30T04:46:55.498594002Z,17.429068,113.215053,Cloud to Ground,6834,0,8
2026-08-30T04:46:55.431656697Z,17.305149,113.153153,Cloud to Ground,-15006,0,7
2026-08-30T04:46:57.977045395Z,20.116961,115.335431,Cloud to Cloud,-10055,18056,9
2026-08-30T04:46:58.554538479Z,21.961553,113.265926,Cloud to Ground,-44701,0,14
2026-08-30T04:46:58.238114392Z,22.007143,113.289709,Cloud to Ground,-22793,0,10
2026-08-30T04:46:58.318226864Z,22.011173,113.291489,Cloud to Cloud,-21910,3077,11
2026-08-30T04:46:58.427150801Z,21.974873,113.260929,Cloud to Ground,-15710,0,8
2026-08-30T04:46:58.594534757Z,21.953778,113.266763,Cloud to Cloud,18279,6581,8
2026-08-30T04:46:58.949877000Z,22.0068,113.2263,Cloud to Ground,37722,0,5
2026-08-30T04:46:59.005429639Z,18.630433,114.04583,Cloud to Cloud,-34139,3019,15
2026-08-30T04:46:59.072186280Z,18.628845,114.038579,Cloud to Ground,-21506,0,14
2026-08-30T04:46:59.132479536Z,18.656663,114.059712,Cloud to Ground,-19262,0,13
2026-08-30T04:46:59.072947612Z,18.618466,114.073808,Cloud to Cloud,-13585,5883,9
2026-08-30T04:46:59.029156395Z,18.622037,114.042939,Cloud to Ground,33432,0,14
2026-08-30T04:47:00.729005498Z,15.965449,129.505944,Cloud to Cloud,12105,7960,7
2026-08-30T04:47:00.704439720Z,16.029349,129.575648,Cloud to Cloud,-13350,4779,7
2026-08-30T04:47:00.633780449Z,19.455811,115.056398,Cloud to Cloud,-25699,3082,13
2026-08-30T04:47:00.535634744Z,19.453048,115.056759,Cloud to Ground,-21575,0,13
2026-08-30T04:47:00.830418683Z,19.448261,115.058281,Cloud to Ground,-21392,0,12
2026-08-30T04:47:00.800289384Z,19.44999,115.060889,Cloud to Ground,-10769,0,11
2026-08-30T04:47:00.785010349Z,19.426269,115.01397,Cloud to Cloud,8502,3068,8
2026-08-30T04:47:00.697008014Z,19.403917,115.080708,Cloud to Cloud,13120,6844,7
2026-08-30T04:47:01.099043332Z,18.739551,114.584368,Cloud to Cloud,-17190,3075,9
2026-08-30T04:47:01.097389159Z,18.92867,114.645437,Cloud to Cloud,-8620,3004,8
2026-08-30T04:47:03.870421644Z,19.430702,115.029009,Cloud to Ground,13433,0,11
2026-08-30T04:47:03.455949469Z,19.399071,115.030925,Cloud to Ground,13987,0,12
2026-08-30T04:47:04.019387472Z,19.361934,115.282826,Cloud to Ground,12825,0,9
2026-08-30T04:47:03.992043983Z,19.371388,115.281521,Cloud to Ground,20251,0,11
2026-08-30T04:47:03.987677481Z,19.388979,115.274087,Cloud to Ground,24722,0,11
2026-08-30T04:47:03.635300121Z,20.041746,114.609132,Cloud to Cloud,5242,3033,7
2026-08-30T04:47:04.280283407Z,19.928751,114.596988,Cloud to Cloud,-8899,5970,8
2026-08-30T04:47:06.591920117Z,19.440241,115.032806,Cloud to Cloud,9385,3022,11
2026-08-30T04:47:06.062403673Z,21.695573,112.884575,Cloud to Cloud,-11055,3000,7
2026-08-30T04:47:05.639595420Z,21.686543,112.856715,Cloud to Cloud,8533,6991,10
2026-08-30T04:47:07.245113375Z,17.534281,133.475421,Cloud to Cloud,-21433,5849,13
2026-08-30T04:47:07.249686272Z,17.548664,133.464646,Cloud to Ground,-16104,0,14
2026-08-30T04:47:07.241851412Z,17.545155,133.472005,Cloud to Ground,-15127,0,16
2026-08-30T04:47:07.797914847Z,17.419386,113.20378,Cloud to Cloud,-8832,6090,8
2026-08-30T04:47:08.043466709Z,17.493008,113.216986,Cloud to Cloud,5637,13119,10
2026-08-30T04:47:07.769335970Z,17.409635,113.239897,Cloud to Cloud,22435,7902,11
2026-08-30T04:47:08.396216683Z,18.997321,118.457877,Cloud to Cloud,2600,3029,7
2026-08-30T04:47:08.445105023Z,19.027249,118.504814,Cloud to Cloud,5083,17136,8
2026-08-30T04:47:09.093642324Z,19.414182,115.029576,Cloud to Ground,5546,0,7
2026-08-30T04:47:10.269783067Z,18.734907,119.519102,Cloud to Cloud,4476,7746,6
2026-08-30T04:47:10.598434857Z,20.194405,114.090677,Cloud to Cloud,-12533,9725,7
2026-08-30T04:47:10.595940075Z,20.176958,114.097428,Cloud to Cloud,11131,4740,10
2026-08-30T04:47:10.237327821Z,14.376539,121.087144,Cloud to Cloud,3457,16521,7
2026-08-30T04:47:10.280710215Z,14.380094,121.097086,Cloud to Cloud,5916,19351,6
2026-08-30T04:47:11.636135176Z,19.404846,115.034054,Cloud to Cloud,-11718,7708,10
2026-08-30T04:47:11.656297980Z,19.391115,115.028625,Cloud to Cloud,6394,7711,7
2026-08-30T04:47:11.694493547Z,19.481362,115.067453,Cloud to Ground,24567,0,8
2026-08-30T04:47:12.967947465Z,18.429073,116.459742,Cloud to Cloud,-8032,3026,5
2026-08-30T04:47:13.056722248Z,18.442208,116.503613,Cloud to Cloud,7557,3012,9
2026-08-30T04:47:12.975364661Z,18.437591,116.422109,Cloud to Cloud,8676,4096,7
2026-08-30T04:47:13.171804595Z,18.380369,116.521624,Cloud to Cloud,10949,5476,6
2026-08-30T04:47:12.944684064Z,18.41363,116.480304,Cloud to Ground,12185,0,8
2026-08-30T04:47:13.852168122Z,16.037638,129.503402,Cloud to Cloud,-7613,7588,10
2026-08-30T04:47:13.759861995Z,18.613685,114.102156,Cloud to Ground,-9181,0,5
2026-08-30T04:47:14.574348872Z,19.637012,114.712841,Cloud to Cloud,8361,5180,6
2026-08-30T04:47:14.555437186Z,19.638077,114.633715,Cloud to Ground,14621,0,8
2026-08-30T04:47:14.554593627Z,19.630882,114.700388,Cloud to Ground,38511,0,11
2026-08-30T04:47:14.533015898Z,18.423077,113.664656,Cloud to Cloud,-5445,3069,7
2026-08-30T04:47:14.581497696Z,18.60079,113.886295,Cloud to Ground,16257,0,9
2026-08-30T04:47:17.865467346Z,16.17908,129.433987,Cloud to Cloud,-35683,14731,12
2026-08-30T04:47:17.860873800Z,16.1298,129.465011,Cloud to Cloud,-26482,5642,10
2026-08-30T04:47:17.967346671Z,16.260618,129.441194,Cloud to Cloud,15708,7345,8
2026-08-30T04:47:17.861393910Z,16.149161,129.460928,Cloud to Ground,16875,0,8
2026-08-30T04:47:17.952067809Z,16.201827,129.405135,Cloud to Ground,32543,0,10
2026-08-30T04:47:17.880444385Z,16.183666,129.253459,Cloud to Ground,-39730,0,29
2026-08-30T04:47:18.288895220Z,16.213664,129.296973,Cloud to Cloud,-15991,10040,14
2026-08-30T04:47:17.577632827Z,18.587348,116.304123,Cloud to Cloud,8172,16022,7
2026-08-30T04:47:17.571996000Z,18.586,116.3065,Cloud to Ground,13950,0,5
2026-08-30T04:47:17.583340365Z,18.598072,116.314848,Cloud to Ground,15189,0,8
2026-08-30T04:47:18.590212821Z,18.705964,118.199829,Cloud to Ground,-14991,0,7
2026-08-30T04:47:19.687391552Z,22.012781,113.345032,Cloud to Cloud,-20109,3005,8
2026-08-30T04:47:19.760441397Z,22.099788,113.192562,Cloud to Cloud,-9848,7382,7
2026-08-30T04:47:22.449382755Z,20.215027,114.588702,Cloud to Cloud,-16292,3041,11
2026-08-30T04:47:22.460935877Z,20.171747,114.598609,Cloud to Cloud,-13421,15851,8
2026-08-30T04:47:22.453727803Z,20.195853,114.493765,Cloud to Ground,12879,0,14
2026-08-30T04:47:22.451141591Z,20.189503,114.480171,Cloud to Ground,22010,0,12
2026-08-30T04:47:22.448257902Z,20.191596,114.58567,Cloud to Ground,48442,0,13
2026-08-30T04:47:22.070715305Z,19.42942,115.032348,Cloud to Cloud,11376,7032,6
2026-08-30T04:47:22.829636301Z,19.234189,115.993959,Cloud to Ground,32896,0,12
2026-08-30T04:47:22.808503348Z,19.252067,116.123451,Cloud to Ground,-20111,0,11
2026-08-30T04:47:23.122947000Z,19.2455,116.1181,Cloud to Ground,-10700,0,5
2026-08-30T04:47:22.842016154Z,19.251947,116.118201,Cloud to Cloud,8297,3000,7
2026-08-30T04:47:22.620855000Z,16.1522,130.4548,Cloud to Ground,-20521,0,5
2026-08-30T04:47:23.672436937Z,18.624922,114.093625,Cloud to Ground,-41097,0,13
2026-08-30T04:47:23.594000880Z,18.621299,114.097773,Cloud to Cloud,-33309,3157,15
2026-08-30T04:47:23.732538327Z,18.62775,114.089708,Cloud to Ground,-25438,0,13
2026-08-30T04:47:23.798159324Z,18.63218,114.087862,Cloud to Cloud,-18689,3067,15
2026-08-30T04:47:24.007773651Z,18.626279,114.09403,Cloud to Ground,-15398,0,7
2026-08-30T04:47:23.611289907Z,18.630329,114.094632,Cloud to Ground,-11045,0,7
2026-08-30T04:47:23.928324616Z,18.621842,114.091867,Cloud to Cloud,14183,3498,11
2026-08-30T04:47:23.884858708Z,18.625254,114.09121,Cloud to Cloud,15312,3074,8
2026-08-30T04:47:24.297778019Z,19.425903,115.022653,Cloud to Cloud,15963,3032,11
2026-08-30T04:47:24.155716303Z,19.585591,122.951047,Cloud to Ground,-85956,0,12
2026-08-30T04:47:24.158934884Z,19.571712,122.839858,Cloud to Cloud,-10193,3490,10
2026-08-30T04:47:25.404134519Z,19.402868,115.015509,Cloud to Ground,20342,0,11
2026-08-30T04:47:26.533741161Z,19.419402,115.016296,Cloud to Cloud,-15909,3007,9
2026-08-30T04:47:26.335896671Z,19.42111,115.031621,Cloud to Cloud,-15312,7551,8
2026-08-30T04:47:26.714415056Z,19.40304,115.012444,Cloud to Cloud,18915,3185,9
2026-08-30T04:47:26.928834830Z,18.639982,119.397422,Cloud to Cloud,10515,16690,6
2026-08-30T04:47:27.696387551Z,20.26386,113.730913,Cloud to Cloud,-14399,9034,11
2026-08-30T04:47:27.643682804Z,20.255677,113.62976,Cloud to Cloud,-6771,14907,6
2026-08-30T04:47:27.637519227Z,20.262603,113.632838,Cloud to Cloud,12148,3066,11
2026-08-30T04:47:27.609443910Z,20.281982,113.721285,Cloud to Cloud,19994,6599,13
2026-08-30T04:47:27.612202573Z,20.260761,113.726597,Cloud to Cloud,31925,3042,11
2026-08-30T04:47:27.817240197Z,19.055685,118.504512,Cloud to Cloud,16874,18808,9
2026-08-30T04:47:29.017073510Z,17.460504,113.087226,Cloud to Cloud,-20234,12485,9
2026-08-30T04:47:29.517609329Z,17.544509,113.259374,Cloud to Ground,-18374,0,8
2026-08-30T04:47:28.783867042Z,17.402355,113.205018,Cloud to Cloud,-15693,6785,12
2026-08-30T04:47:29.029801047Z,17.50515,113.199687,Cloud to Cloud,-13305,3024,9
2026-08-30T04:47:28.901102701Z,17.441775,113.158845,Cloud to Cloud,-13088,8324,7
2026-08-30T04:47:29.963074374Z,17.567518,113.254935,Cloud to Cloud,-10833,11400,7
2026-08-30T04:47:28.888003080Z,17.395819,113.228998,Cloud to Cloud,15295,3050,9
2026-08-30T04:47:28.498986190Z,17.393865,113.2201,Cloud to Ground,20974,0,7
2026-08-30T04:47:28.151585313Z,18.774222,118.684112,Cloud to Cloud,-8887,16398,8
2026-08-30T04:47:29.959703476Z,17.592649,113.355584,Cloud to Cloud,-12782,6139,8
2026-08-30T04:47:30.665322565Z,17.000212,131.791496,Cloud to Ground,31646,0,13
2026-08-30T04:47:30.665775464Z,17.014234,131.783401,Cloud to Ground,47079,0,15
2026-08-30T04:47:30.046958402Z,19.312526,118.749261,Cloud to Ground,-36440,0,13
2026-08-30T04:47:29.960033439Z,19.313068,118.7428,Cloud to Ground,-28198,0,14
2026-08-30T04:47:29.893285885Z,19.308823,118.750203,Cloud to Ground,-21776,0,13
2026-08-30T04:47:30.111239952Z,19.313042,118.744651,Cloud to Ground,-10806,0,8
2026-08-30T04:47:30.368202315Z,19.313033,118.743433,Cloud to Ground,-10694,0,9
2026-08-30T04:47:30.489304593Z,19.313898,118.741383,Cloud to Ground,-8545,0,7
2026-08-30T04:47:30.415415243Z,19.311433,118.741385,Cloud to Ground,-5201,0,6
2026-08-30T04:47:30.206830000Z,19.3336,118.7023,Cloud to Ground,21315,0,9
2026-08-30T04:47:31.798829949Z,17.0436,132.006273,Cloud to Ground,-21227,0,14
2026-08-30T04:47:31.805811518Z,17.052069,132.014222,Cloud to Ground,-16328,0,11
2026-08-30T04:47:31.801439978Z,17.047745,132.000281,Cloud to Ground,-10105,0,8
2026-08-30T04:47:31.889000102Z,17.060651,131.922847,Cloud to Ground,33121,0,26
2026-08-30T04:47:31.796823957Z,17.049807,132.027472,Cloud to Ground,35086,0,20
2026-08-30T04:47:31.797744511Z,17.025726,132.036489,Cloud to Ground,67410,0,16
2026-08-30T04:47:32.154503161Z,17.483849,133.209663,Cloud to Ground,-20059,0,14
2026-08-30T04:47:32.178193749Z,17.495221,133.202939,Cloud to Ground,-14740,0,10
2026-08-30T04:47:32.330785667Z,18.85163,118.424437,Cloud to Cloud,16418,12949,9
2026-08-30T04:47:35.293109442Z,18.273727,113.69322,Cloud to Ground,39704,0,9
2026-08-30T04:47:36.910080555Z,16.151215,130.679711,Cloud to Cloud,-8935,3042,6
2026-08-30T04:47:36.897638153Z,16.15183,130.698885,Cloud to Ground,17432,0,13
2026-08-30T04:47:36.896489159Z,16.129523,130.711029,Cloud to Ground,78367,0,19
2026-08-30T04:47:37.580925153Z,20.174364,113.737786,Cloud to Ground,-34988,0,9
2026-08-30T04:47:37.021654963Z,19.326161,114.646744,Cloud to Ground,-10498,0,9
2026-08-30T04:47:38.187408187Z,15.916659,129.56709,Cloud to Cloud,19302,14554,9
2026-08-30T04:47:38.034654150Z,16.016164,129.582059,Cloud to Cloud,-12304,3003,12
2026-08-30T04:47:38.019282424Z,16.005412,129.511319,Cloud to Cloud,9710,4488,11
2026-08-30T04:47:38.110558055Z,18.353412,113.80018,Cloud to Cloud,5923,5155,7
2026-08-30T04:47:38.107748634Z,18.344047,113.886308,Cloud to Cloud,9243,4847,9
2026-08-30T04:47:38.455828553Z,18.431606,113.808697,Cloud to Ground,11448,0,13
2026-08-30T04:47:38.258700778Z,18.476249,119.651111,Cloud to Cloud,8492,4159,7
2026-08-30T04:47:39.525025474Z,18.75625,119.265494,Cloud to Cloud,7890,16580,9
2026-08-30T04:47:39.526143000Z,18.7169,119.2412,Cloud to Ground,9008,0,6
2026-08-30T04:47:41.711716948Z,16.213122,129.777721,Cloud to Cloud,-17552,4413,12
2026-08-30T04:47:42.102584778Z,16.238404,129.825751,Cloud to Ground,-14475,0,8
2026-08-30T04:47:41.709864829Z,16.248747,129.786142,Cloud to Ground,26330,0,12
2026-08-30T04:47:41.644321973Z,19.291996,114.787504,Cloud to Ground,16824,0,9
2026-08-30T04:47:41.637709431Z,19.400449,114.908939,Cloud to Cloud,10490,3025,8
2026-08-30T04:47:41.957291364Z,19.312039,114.887186,Cloud to Ground,-11261,0,6
2026-08-30T04:47:41.643302096Z,19.311137,114.887844,Cloud to Ground,-10319,0,8
2026-08-30T04:47:42.296755584Z,19.439108,115.04038,Cloud to Ground,15690,0,10
2026-08-30T04:47:42.425882038Z,18.925545,118.39843,Cloud to Ground,-46975,0,17
2026-08-30T04:47:42.526457293Z,18.936944,118.392544,Cloud to Ground,-36668,0,10
2026-08-30T04:47:42.480040223Z,18.929229,118.391921,Cloud to Ground,-18369,0,9
2026-08-30T04:47:42.493885803Z,18.930885,118.385294,Cloud to Ground,-12572,0,11
2026-08-30T04:47:42.552084621Z,18.924431,118.373905,Cloud to Ground,-3955,0,5
2026-08-30T04:47:41.801687519Z,19.000677,118.449846,Cloud to Cloud,4862,17555,8
2026-08-30T04:47:42.608451753Z,18.934814,118.405342,Cloud to Cloud,9599,9855,7
2026-08-30T04:47:42.346977815Z,14.961949,121.244508,Cloud to Cloud,18763,14536,13
2026-08-30T04:47:44.086666334Z,19.426134,115.035287,Cloud to Cloud,-10308,5215,8
2026-08-30T04:47:45.751964148Z,14.345877,122.037124,Cloud to Cloud,2433,15628,5
2026-08-30T04:47:45.753711926Z,14.348297,122.037007,Cloud to Cloud,7297,19670,9
2026-08-30T04:47:45.752652260Z,14.252532,122.107547,Cloud to Cloud,10213,18684,9
2026-08-30T04:47:45.771263257Z,14.280839,122.078834,Cloud to Cloud,11600,19339,10
2026-08-30T04:47:46.321811640Z,19.751984,115.081093,Cloud to Cloud,-11435,6554,8
2026-08-30T04:47:46.301161665Z,19.728067,115.063358,Cloud to Cloud,8627,16289,7
2026-08-30T04:47:46.290921807Z,20.004617,114.397825,Cloud to Cloud,-8612,3040,7
2026-08-30T04:47:46.292745311Z,20.028054,114.389305,Cloud to Cloud,11501,13871,8
2026-08-30T04:47:47.977842052Z,15.181611,121.439393,Cloud to Cloud,7985,10143,11
2026-08-30T04:47:48.933100949Z,19.934733,114.529011,Cloud to Ground,13486,0,12
2026-08-30T04:47:49.990708706Z,17.418972,113.219123,Cloud to Cloud,-10135,4266,8
2026-08-30T04:47:50.992595139Z,18.479192,116.459944,Cloud to Cloud,-10925,17622,8
2026-08-30T04:47:50.732700955Z,18.426284,116.492289,Cloud to Cloud,4906,4323,7
2026-08-30T04:47:50.298063030Z,17.753081,113.522665,Cloud to Cloud,-10863,7717,7
2026-08-30T04:47:50.091724245Z,17.754294,113.537507,Cloud to Ground,46609,0,18
2026-08-30T04:47:49.924373144Z,19.44966,115.060836,Cloud to Cloud,-21242,3642,10
2026-08-30T04:47:50.106016319Z,19.450268,115.065035,Cloud to Ground,-8219,0,8
2026-08-30T04:47:50.073446085Z,19.430823,115.068291,Cloud to Cloud,8656,19576,7
2026-08-30T04:47:51.607786433Z,18.461216,113.900849,Cloud to Cloud,-20053,5945,10
2026-08-30T04:47:51.675190255Z,18.462193,113.807158,Cloud to Ground,-8012,0,8
2026-08-30T04:47:51.606217435Z,18.461971,113.901875,Cloud to Cloud,10993,3032,7
2026-08-30T04:47:51.608860000Z,18.6924,113.7824,Cloud to Ground,12472,0,5
2026-08-30T04:47:52.202755750Z,20.204197,114.095902,Cloud to Cloud,-22953,4840,14
2026-08-30T04:47:52.217334425Z,20.202984,114.105706,Cloud to Cloud,-7991,5865,8
2026-08-30T04:47:52.379023572Z,18.454891,113.898117,Cloud to Cloud,5776,3033,9
2026-08-30T04:47:53.013240859Z,18.629488,114.056052,Cloud to Ground,-40533,0,17
2026-08-30T04:47:53.030749000Z,18.6276,114.0507,Cloud to Ground,-27584,0,5
2026-08-30T04:47:53.047921487Z,18.616586,114.069363,Cloud to Cloud,-10899,3124,8
2026-08-30T04:47:53.274759428Z,18.622526,114.056805,Cloud to Cloud,-7281,6238,10
2026-08-30T04:47:53.299334065Z,18.595741,114.039561,Cloud to Ground,-7079,0,6
2026-08-30T04:47:53.042933143Z,18.652895,114.042626,Cloud to Ground,-6373,0,6
2026-08-30T04:47:53.016114334Z,18.638171,114.057103,Cloud to Cloud,5346,3232,9
2026-08-30T04:47:53.014564936Z,18.621774,114.049743,Cloud to Ground,10822,0,11
2026-08-30T04:47:53.320743391Z,18.58331,116.308691,Cloud to Cloud,8843,3064,11
2026-08-30T04:47:53.316879119Z,18.663523,116.336475,Cloud to Cloud,8849,5981,7
2026-08-30T04:47:54.145568811Z,16.967081,132.256741,Cloud to Ground,-12711,0,9
2026-08-30T04:47:54.175176530Z,16.980776,132.222133,Cloud to Ground,-11149,0,7
2026-08-30T04:47:54.139867271Z,16.967963,132.152894,Cloud to Cloud,11313,5085,7
2026-08-30T04:47:54.764221246Z,18.42743,116.594094,Cloud to Cloud,-10900,4293,7
2026-08-30T04:47:55.003978015Z,18.444816,116.591412,Cloud to Cloud,-8746,15490,11
2026-08-30T04:47:54.444919184Z,18.454883,116.613148,Cloud to Cloud,-8737,5038,9
2026-08-30T04:47:55.036123395Z,18.464384,116.631287,Cloud to Ground,-5557,0,7
2026-08-30T04:47:54.774029606Z,18.486127,116.628651,Cloud to Cloud,5796,3000,6
2026-08-30T04:47:54.427474029Z,18.485196,116.632413,Cloud to Cloud,5953,18918,8
2026-08-30T04:47:54.429625668Z,18.482438,116.639595,Cloud to Cloud,8676,3324,7
2026-08-30T04:47:54.454369018Z,18.462756,116.62769,Cloud to Ground,16032,0,12
2026-08-30T04:47:54.428697721Z,18.491229,116.642194,Cloud to Ground,27475,0,9
2026-08-30T04:47:55.855109809Z,20.498085,113.878361,Cloud to Cloud,12235,3003,13
2026-08-30T04:47:55.750603116Z,20.432688,113.960783,Cloud to Cloud,-10418,13835,7
2026-08-30T04:47:55.401915180Z,20.302475,113.874557,Cloud to Cloud,-24836,5878,14
2026-08-30T04:47:55.400934992Z,20.273615,113.879271,Cloud to Cloud,-13407,17084,17
2026-08-30T04:47:55.400120239Z,20.277736,113.87726,Cloud to Cloud,-13267,3023,12
2026-08-30T04:47:55.824653784Z,20.238143,113.775573,Cloud to Ground,-10618,0,10
2026-08-30T04:47:55.399302191Z,20.282284,113.873861,Cloud to Cloud,4785,10291,7
2026-08-30T04:47:55.490127268Z,20.241684,113.826165,Cloud to Cloud,8026,7371,6
2026-08-30T04:47:55.600954368Z,20.368386,113.860641,Cloud to Ground,18527,0,6
2026-08-30T04:47:55.599718274Z,20.3081,113.876801,Cloud to Ground,20167,0,13
2026-08-30T04:47:56.330446082Z,18.622416,117.973231,Cloud to Cloud,13130,3002,11
2026-08-30T04:47:56.323356026Z,18.720115,117.998712,Cloud to Cloud,15610,12689,7
2026-08-30T04:47:56.193276835Z,19.286302,115.139688,Cloud to Cloud,25327,10661,9
2026-08-30T04:47:57.187228160Z,18.648159,113.727927,Cloud to Cloud,-13673,13630,7
2026-08-30T04:47:57.201487378Z,19.450625,114.856017,Cloud to Ground,-12720,0,7
2026-08-30T04:47:57.447967974Z,19.490725,114.902841,Cloud to Cloud,-11255,3092,7
2026-08-30T04:47:57.188427621Z,19.479201,114.836467,Cloud to Ground,25792,0,10
2026-08-30T04:47:57.476411000Z,18.3147,116.6324,Cloud to Ground,36051,0,7
2026-08-30T04:47:58.840490792Z,19.278913,118.736125,Cloud to Cloud,8666,17320,7
2026-08-30T04:47:59.559917488Z,18.068869,113.635161,Cloud to Cloud,-43478,3197,14
2026-08-30T04:48:07.959395661Z,22.974145,113.16282,Cloud to Cloud,8467,11086,7
2026-08-30T04:48:08.680533307Z,19.644927,114.720678,Cloud to Cloud,-11784,12770,9
2026-08-30T04:48:08.702469480Z,19.642922,114.720627,Cloud to Cloud,-11356,3529,10
2026-08-30T04:48:08.686993837Z,19.641936,114.722676,Cloud to Ground,10361,0,10
2026-08-30T04:48:12.944780943Z,20.193304,113.473939,Cloud to Ground,-30882,0,14
2026-08-30T04:48:12.808236365Z,20.161911,113.464815,Cloud to Cloud,-23967,6442,10
2026-08-30T04:48:13.038085467Z,20.18369,113.479116,Cloud to Cloud,-21804,6041,16
2026-08-30T04:48:12.745559610Z,20.19004,113.452549,Cloud to Cloud,-18136,7347,13
2026-08-30T04:48:12.749773173Z,20.169092,113.466998,Cloud to Ground,17996,0,7
2026-08-30T04:48:12.786137549Z,20.171262,113.440841,Cloud to Ground,94410,0,12
2026-08-30T04:48:12.536615731Z,18.637618,114.067699,Cloud to Ground,19200,0,10
2026-08-30T04:48:13.548801745Z,19.072798,118.555421,Cloud to Ground,-35838,0,12
2026-08-30T04:48:13.627817785Z,19.058604,118.549204,Cloud to Ground,-29699,0,12
2026-08-30T04:48:13.531182539Z,19.140724,118.571679,Cloud to Cloud,-22599,4570,8
2026-08-30T04:48:13.816670295Z,18.974676,118.563538,Cloud to Cloud,-9743,13567,12
2026-08-30T04:48:13.723367169Z,19.068441,118.552393,Cloud to Ground,-7735,0,8
2026-08-30T04:48:13.186009356Z,20.305946,113.164884,Cloud to Cloud,-7549,18821,7
2026-08-30T04:48:13.274230376Z,20.344064,113.116639,Cloud to Cloud,11814,14993,8
2026-08-30T04:48:13.110648569Z,20.305271,113.278905,Cloud to Cloud,-16926,3011,10
2026-08-30T04:48:14.194127932Z,19.980586,114.546458,Cloud to Cloud,-15491,17518,13
2026-08-30T04:48:14.229943729Z,19.989396,114.512136,Cloud to Cloud,9674,17414,7
2026-08-30T04:48:15.106123255Z,16.050564,129.495777,Cloud to Cloud,23010,6580,9
2026-08-30T04:48:15.102562892Z,16.169033,129.453418,Cloud to Ground,24381,0,8
2026-08-30T04:48:15.557402013Z,18.56007,116.311597,Cloud to Cloud,-13007,6902,8
2026-08-30T04:48:15.691109367Z,18.553383,116.325181,Cloud to Cloud,-7237,3000,10
2026-08-30T04:48:15.569111529Z,18.547796,116.325882,Cloud to Cloud,-5490,3028,8
2026-08-30T04:48:16.774130406Z,13.415568,119.24149,Cloud to Cloud,-5384,14369,8
2026-08-30T04:48:16.754275368Z,13.423459,119.243973,Cloud to Cloud,8227,18192,7
2026-08-30T04:48:16.583118683Z,13.403561,119.258531,Cloud to Ground,11952,0,10
2026-08-30T04:48:18.060899294Z,19.709832,114.421013,Cloud to Cloud,-16285,18819,12
2026-08-30T04:48:19.882853435Z,17.423244,113.170929,Cloud to Cloud,-8975,3014,8
2026-08-30T04:48:19.966882658Z,17.42186,113.261565,Cloud to Cloud,7350,6176,7
2026-08-30T04:48:19.752815905Z,17.428079,113.164429,Cloud to Cloud,12506,7530,10
2026-08-30T04:48:20.761206812Z,16.515412,120.296213,Cloud to Cloud,5919,3810,7
2026-08-30T04:48:20.752676000Z,16.6098,120.1918,Cloud to Ground,-34172,0,6
2026-08-30T04:48:20.751014916Z,16.589795,120.201415,Cloud to Cloud,7467,3729,11
2026-08-30T04:48:21.978859478Z,22.012514,113.461402,Cloud to Cloud,6182,5061,8
2026-08-30T04:48:21.586502562Z,22.030029,113.333765,Cloud to Cloud,-16537,3011,12
2026-08-30T04:48:21.570118555Z,22.065873,113.314494,Cloud to Cloud,-12417,11396,10
2026-08-30T04:48:21.596483714Z,22.026466,113.32787,Cloud to Cloud,-10272,8745,10
2026-08-30T04:48:21.583418280Z,22.026612,113.317415,Cloud to Cloud,-7688,3999,9
2026-08-30T04:48:21.770662573Z,22.042125,113.326348,Cloud to Cloud,7851,3001,8
2026-08-30T04:48:21.610062006Z,22.096059,113.276631,Cloud to Cloud,9099,4765,8
2026-08-30T04:48:21.986088131Z,22.048202,113.257594,Cloud to Cloud,12020,3035,7
2026-08-30T04:48:21.073216179Z,18.538039,117.408624,Cloud to Cloud,-7152,5256,8
2026-08-30T04:48:21.057512000Z,18.3925,117.4532,Cloud to Ground,-86332,0,10
2026-08-30T04:48:21.274545822Z,18.404894,117.485115,Cloud to Cloud,-11630,15255,11
2026-08-30T04:48:20.977257015Z,18.416036,117.444373,Cloud to Cloud,4624,4016,7
2026-08-30T04:48:23.054807747Z,18.846666,118.44356,Cloud to Cloud,6364,10027,8
2026-08-30T04:48:23.077926504Z,18.846262,118.441244,Cloud to Cloud,9394,5447,8
2026-08-30T04:48:23.075184000Z,18.7858,118.3246,Cloud to Ground,-15669,0,5
2026-08-30T04:48:25.907012299Z,18.707235,118.225637,Cloud to Ground,-32837,0,13
2026-08-30T04:48:25.796303827Z,18.706953,118.225069,Cloud to Ground,-24395,0,12
2026-08-30T04:48:26.016030353Z,18.709921,118.224076,Cloud to Ground,-11023,0,9
2026-08-30T04:48:26.044737939Z,18.710587,118.221644,Cloud to Ground,-7040,0,7
2026-08-30T04:48:25.985247404Z,18.66465,118.240805,Cloud to Cloud,15932,5608,6
2026-08-30T04:48:25.457044947Z,16.618114,128.041391,Cloud to Ground,-82235,0,13
2026-08-30T04:48:25.705595047Z,16.650917,128.079707,Cloud to Cloud,27506,7267,9
2026-08-30T04:48:26.113960000Z,16.6552,128.0632,Cloud to Ground,34192,0,10
2026-08-30T04:48:26.999861524Z,18.691114,119.610236,Cloud to Cloud,8151,3627,7
2026-08-30T04:48:26.902013872Z,18.6938,119.5764,Cloud to Cloud,8243,15932,9
2026-08-30T04:48:27.504215100Z,14.654896,122.080917,Cloud to Cloud,4142,19757,7
2026-08-30T04:48:27.503326000Z,14.656,122.0193,Cloud to Ground,12302,0,5
2026-08-30T04:48:28.494591003Z,18.095862,117.125199,Cloud to Ground,-15551,0,12
2026-08-30T04:48:29.239076439Z,19.010529,114.590654,Cloud to Cloud,-12796,3488,12
2026-08-30T04:48:29.239531000Z,19.0245,114.5982,Cloud to Ground,-11838,0,9
2026-08-30T04:48:29.249502361Z,19.025254,114.589499,Cloud to Cloud,-5171,17953,9
2026-08-30T04:48:29.237809147Z,19.015592,114.499603,Cloud to Ground,23326,0,10
2026-08-30T04:48:29.799628115Z,19.431311,115.03395,Cloud to Cloud,7707,13248,7
2026-08-30T04:48:30.405319565Z,18.546638,113.967643,Cloud to Cloud,-18895,4398,13
2026-08-30T04:48:30.390123289Z,18.497068,113.996829,Cloud to Cloud,-15863,3103,10
2026-08-30T04:48:30.585407400Z,18.633959,114.012433,Cloud to Ground,-7649,0,7
2026-08-30T04:48:30.023807871Z,18.540588,113.978134,Cloud to Cloud,9850,5657,8
2026-08-30T04:48:30.258375528Z,18.562344,113.967416,Cloud to Cloud,14604,14496,11
2026-08-30T04:48:31.029719350Z,18.480324,117.417842,Cloud to Ground,-22808,0,11
2026-08-30T04:48:31.037022852Z,18.4759,117.415638,Cloud to Ground,-15791,0,10
2026-08-30T04:48:30.991277040Z,18.464857,117.412727,Cloud to Ground,-12261,0,7
2026-08-30T04:48:30.749166748Z,18.544818,117.470602,Cloud to Ground,39547,0,7
2026-08-30T04:48:31.052563999Z,18.999549,118.443642,Cloud to Ground,-21137,0,6
2026-08-30T04:48:30.827117734Z,18.995994,118.437384,Cloud to Ground,-16290,0,14
2026-08-30T04:48:30.988241510Z,19.000413,118.442727,Cloud to Ground,-15179,0,8
2026-08-30T04:48:30.902319686Z,18.995334,118.462984,Cloud to Ground,-12813,0,9
2026-08-30T04:48:31.085305673Z,19.002271,118.441997,Cloud to Ground,-10675,0,9
2026-08-30T04:48:30.844608869Z,19.033681,118.44605,Cloud to Cloud,10229,7818,7
2026-08-30T04:48:31.421870700Z,20.193044,114.09193,Cloud to Cloud,-12943,3003,8
2026-08-30T04:48:31.943056616Z,20.36422,114.090428,Cloud to Cloud,20040,3028,12
2026-08-30T04:48:33.664505266Z,3.040168,112.800146,Cloud to Ground,14189,0,8
2026-08-30T04:48:33.157874668Z,18.619875,114.100954,Cloud to Cloud,-28696,5327,15
2026-08-30T04:48:33.467629758Z,18.631125,114.098591,Cloud to Ground,-12076,0,7
2026-08-30T04:48:33.261223702Z,18.641833,114.091567,Cloud to Ground,-11545,0,9
2026-08-30T04:48:33.244297229Z,18.621139,114.103023,Cloud to Cloud,-9774,13123,12
2026-08-30T04:48:33.171774274Z,18.600827,113.995191,Cloud to Cloud,-5801,3615,7
2026-08-30T04:48:33.261908423Z,18.604407,114.097662,Cloud to Ground,15933,0,11
2026-08-30T04:48:33.224134107Z,18.605069,114.017965,Cloud to Ground,36799,0,10
2026-08-30T04:48:33.874100909Z,21.828547,112.419658,Cloud to Ground,-13090,0,8
2026-08-30T04:48:33.830345000Z,21.7705,112.4678,Cloud to Ground,17817,0,7
2026-08-30T04:48:34.368892165Z,17.042892,132.205434,Cloud to Ground,-17747,0,14
2026-08-30T04:48:34.359523898Z,17.048374,132.194974,Cloud to Cloud,-13745,3522,9
2026-08-30T04:48:34.358962122Z,17.054438,132.195186,Cloud to Ground,16659,0,14
2026-08-30T04:48:35.813738952Z,20.262696,113.802266,Cloud to Cloud,-10780,13856,8
2026-08-30T04:48:35.876015633Z,20.254952,113.73929,Cloud to Cloud,-8084,19097,8
2026-08-30T04:48:35.883537197Z,20.261957,113.709727,Cloud to Cloud,-7470,6942,7
2026-08-30T04:48:36.333655031Z,16.012319,129.593194,Cloud to Cloud,-12178,3061,11
2026-08-30T04:48:36.691520003Z,18.577473,117.680734,Cloud to Cloud,-7214,14006,8
2026-08-30T04:48:36.486771804Z,18.610172,117.6894,Cloud to Cloud,4369,5751,7
2026-08-30T04:48:36.758902440Z,18.597749,117.69833,Cloud to Cloud,5345,3058,7
2026-08-30T04:48:37.806511229Z,17.930618,113.720721,Cloud to Cloud,-12379,4283,12
2026-08-30T04:48:37.907413459Z,17.848803,113.76126,Cloud to Cloud,-10640,3050,10
2026-08-30T04:48:37.895189802Z,17.900762,113.641237,Cloud to Cloud,-8081,7019,8
2026-08-30T04:48:37.873500943Z,17.911524,113.711315,Cloud to Cloud,-7287,3043,6
2026-08-30T04:48:37.867490372Z,17.872944,113.649728,Cloud to Cloud,8477,4629,6
2026-08-30T04:48:37.214916480Z,19.718066,114.490818,Cloud to Cloud,14573,3027,8
2026-08-30T04:48:37.561324094Z,22.899092,113.412604,Cloud to Cloud,-15848,3193,8
2026-08-30T04:48:37.562043607Z,22.947288,113.383516,Cloud to Cloud,-12156,3037,7
2026-08-30T04:48:38.365033494Z,20.193933,113.742876,Cloud to Cloud,-26556,18142,13
2026-08-30T04:48:38.523662043Z,20.167672,113.738733,Cloud to Cloud,9875,10179,10
2026-08-30T04:48:38.467869704Z,20.27232,113.656008,Cloud to Ground,52633,0,8
2026-08-30T04:48:39.797362037Z,4.662289,113.273566,Cloud to Ground,-20248,0,9
2026-08-30T04:48:39.739915109Z,19.363142,114.638927,Cloud to Cloud,-21908,3024,11
2026-08-30T04:48:39.586527739Z,19.358609,114.640302,Cloud to Ground,-21186,0,14
2026-08-30T04:48:39.501756259Z,19.366949,114.628692,Cloud to Ground,-16566,0,11
2026-08-30T04:48:39.674863240Z,19.364409,114.641228,Cloud to Ground,-10934,0,8
2026-08-30T04:48:40.577474997Z,19.354064,118.760865,Cloud to Ground,-62021,0,16
2026-08-30T04:48:40.638258590Z,19.356364,118.75556,Cloud to Ground,-36820,0,13
2026-08-30T04:48:41.116026348Z,19.359616,118.774811,Cloud to Ground,-19764,0,8
2026-08-30T04:48:40.749692884Z,19.349813,118.738137,Cloud to Ground,-8977,0,7
2026-08-30T04:48:40.225113000Z,18.9959,118.5124,Cloud to Ground,-13470,0,5
2026-08-30T04:48:40.067587820Z,19.010494,118.467109,Cloud to Cloud,11589,17009,6
2026-08-30T04:48:40.121886477Z,18.998832,118.470986,Cloud to Cloud,14127,5141,6
2026-08-30T04:48:40.264974646Z,19.046591,118.474134,Cloud to Cloud,14494,7162,8
2026-08-30T04:48:40.633173945Z,19.155431,114.464958,Cloud to Ground,23320,0,11
2026-08-30T04:48:40.634591981Z,19.154724,114.551686,Cloud to Ground,30470,0,9
2026-08-30T04:48:43.277067307Z,19.395223,115.065768,Cloud to Ground,-11031,0,7
2026-08-30T04:48:43.236740935Z,19.14171,115.950229,Cloud to Cloud,-16662,3003,8
2026-08-30T04:48:44.945560312Z,18.753883,118.079755,Cloud to Ground,-22013,0,11
2026-08-30T04:48:45.007102899Z,18.743393,118.070906,Cloud to Ground,-12282,0,8
2026-08-30T04:48:45.100680625Z,18.759954,118.067048,Cloud to Ground,-8973,0,8
2026-08-30T04:48:45.282733636Z,17.347855,132.446925,Cloud to Cloud,-8797,3005,8
2026-08-30T04:48:45.286731777Z,17.352215,132.615215,Cloud to Cloud,-11043,4760,9
2026-08-30T04:48:45.284791675Z,17.309843,132.641043,Cloud to Ground,-10904,0,7
2026-08-30T04:48:45.283425135Z,17.362621,132.614303,Cloud to Cloud,-10720,4225,10
2026-08-30T04:48:45.281728148Z,17.364815,132.616984,Cloud to Ground,-7876,0,8
2026-08-30T04:48:45.291711663Z,17.35549,132.606024,Cloud to Ground,-7742,0,10
2026-08-30T04:48:45.760420606Z,19.110904,118.578712,Cloud to Cloud,-7488,14972,8
2026-08-30T04:48:45.645694442Z,19.106626,118.564453,Cloud to Cloud,4475,5429,6
2026-08-30T04:48:45.542659152Z,19.110888,118.569348,Cloud to Cloud,4991,16382,7
2026-08-30T04:48:45.507228960Z,19.118003,118.574421,Cloud to Cloud,6282,19902,7
2026-08-30T04:48:46.204390347Z,19.250239,116.131822,Cloud to Ground,-36805,0,12
2026-08-30T04:48:46.187528778Z,19.233093,116.131987,Cloud to Cloud,-22339,3057,9
2026-08-30T04:48:46.687839655Z,19.251769,116.138425,Cloud to Ground,-4812,0,5
2026-08-30T04:48:46.235870004Z,19.234252,116.123813,Cloud to Cloud,6810,3038,7
2026-08-30T04:48:47.398244556Z,19.413983,115.053723,Cloud to Cloud,-10084,7172,8
2026-08-30T04:48:47.009554668Z,19.178502,116.229707,Cloud to Ground,-9932,0,7
2026-08-30T04:48:47.662561071Z,18.830321,115.974155,Cloud to Cloud,-17535,5404,8
2026-08-30T04:48:47.597976213Z,18.794987,115.936058,Cloud to Cloud,-10684,15238,8
2026-08-30T04:48:47.686061648Z,18.916718,116.073207,Cloud to Ground,-8067,0,9
2026-08-30T04:48:47.536991596Z,18.894469,116.049394,Cloud to Cloud,4701,12846,5
2026-08-30T04:48:47.513572399Z,18.906942,116.037822,Cloud to Ground,14957,0,11
2026-08-30T04:48:47.544399453Z,18.799172,116.004509,Cloud to Ground,20037,0,11
2026-08-30T04:48:47.530482449Z,18.873812,116.011665,Cloud to Ground,20057,0,14
2026-08-30T04:48:47.931712976Z,19.162991,116.235831,Cloud to Cloud,10572,6609,7
2026-08-30T04:48:48.426736281Z,17.539507,113.224824,Cloud to Cloud,11791,7834,6
2026-08-30T04:48:48.011611535Z,17.419384,113.198054,Cloud to Cloud,-16702,4941,8
2026-08-30T04:48:48.206661700Z,18.719862,118.215521,Cloud to Cloud,-11133,3004,7
2026-08-30T04:48:48.066186702Z,18.73585,118.233116,Cloud to Cloud,4398,3013,6
2026-08-30T04:48:48.071061193Z,18.721143,118.197797,Cloud to Cloud,6385,15944,7
2026-08-30T04:48:48.067248598Z,18.730071,118.229491,Cloud to Cloud,7927,3867,7
2026-08-30T04:48:49.895524519Z,19.278558,114.792882,Cloud to Cloud,19828,4392,9
2026-08-30T04:48:49.892465589Z,19.163271,114.788323,Cloud to Cloud,-11799,7330,8
2026-08-30T04:48:49.928213045Z,19.206116,114.872899,Cloud to Cloud,5100,3008,8
2026-08-30T04:48:49.894533193Z,19.176832,114.784643,Cloud to Ground,26883,0,9
2026-08-30T04:48:51.291086562Z,18.477968,116.624658,Cloud to Cloud,7819,19159,6
2026-08-30T04:48:52.642814473Z,18.692191,119.244612,Cloud to Ground,-27573,0,13
2026-08-30T04:48:52.643619737Z,18.697964,119.246061,Cloud to Cloud,7393,9337,6
2026-08-30T04:48:52.025225236Z,18.569316,116.677546,Cloud to Ground,-28286,0,12
2026-08-30T04:48:51.964184913Z,18.568834,116.672401,Cloud to Ground,-27464,0,14
2026-08-30T04:48:52.073075965Z,18.57198,116.673876,Cloud to Ground,-21090,0,11
2026-08-30T04:48:52.222170555Z,18.571184,116.673488,Cloud to Cloud,-6711,17881,7
2026-08-30T04:48:52.174449000Z,18.5972,116.6928,Cloud to Ground,35096,0,6
2026-08-30T04:48:53.379214000Z,21.672181,112.12107,Cloud to Cloud,-12718,5667,7
2026-08-30T04:48:53.382900847Z,21.706402,112.077555,Cloud to Cloud,-11880,6804,7
2026-08-30T04:48:53.732579150Z,18.633562,114.063744,Cloud to Cloud,-27064,19329,13
2026-08-30T04:48:53.822912399Z,18.64133,114.05704,Cloud to Ground,-11057,0,10
2026-08-30T04:48:53.639594115Z,18.636285,114.060065,Cloud to Cloud,-10985,3099,11
2026-08-30T04:48:54.091431781Z,18.838052,114.624807,Cloud to Cloud,-47920,6440,16
2026-08-30T04:48:54.095144646Z,18.827511,114.630063,Cloud to Cloud,-23583,5020,8
2026-08-30T04:48:54.219823812Z,18.852769,114.614529,Cloud to Cloud,-8287,5283,9
2026-08-30T04:48:54.097567295Z,18.816925,114.630349,Cloud to Cloud,8685,4738,6
2026-08-30T04:48:55.092816313Z,19.94157,114.573759,Cloud to Cloud,-9353,14228,8
2026-08-30T04:48:56.135905235Z,21.674066,112.864211,Cloud to Cloud,-29060,3028,12
2026-08-30T04:48:55.777540488Z,21.815575,112.928182,Cloud to Ground,-16012,0,7
2026-08-30T04:48:56.087353124Z,21.667294,112.874836,Cloud to Ground,-10598,0,9
2026-08-30T04:48:55.716521164Z,21.691206,112.951544,Cloud to Cloud,-10354,3177,10
2026-08-30T04:48:55.731731039Z,21.701245,112.914215,Cloud to Ground,-10001,0,12
2026-08-30T04:48:56.103871528Z,21.76857,112.938896,Cloud to Cloud,-6589,19690,5
2026-08-30T04:48:55.715575345Z,21.692377,112.935272,Cloud to Cloud,15956,3002,12
2026-08-30T04:48:55.721092662Z,21.695612,112.939853,Cloud to Cloud,16328,3075,6
2026-08-30T04:48:55.901293529Z,21.696852,112.857501,Cloud to Cloud,23951,3000,12
2026-08-30T04:48:59.529363232Z,19.336697,114.889907,Cloud to Cloud,7707,3161,8
2026-08-30T04:49:01.220989706Z,16.241987,129.732738,Cloud to Cloud,-6369,11330,7
2026-08-30T04:49:04.287204771Z,22.044223,113.328347,Cloud to Cloud,9035,19979,10
2026-08-30T04:49:05.250059465Z,18.99804,118.451542,Cloud to Cloud,3935,18673,6
2026-08-30T04:49:07.614195392Z,17.723407,128.664987,Cloud to Ground,-44087,0,13
2026-08-30T04:49:07.808567854Z,17.730872,128.657007,Cloud to Ground,-33621,0,15
2026-08-30T04:49:06.934012117Z,17.656372,128.736537,Cloud to Cloud,-25869,3052,12
2026-08-30T04:49:07.186136021Z,17.65464,128.724901,Cloud to Cloud,-14941,16541,12
2026-08-30T04:49:07.881400799Z,17.737263,128.633021,Cloud to Cloud,11836,3135,11
2026-08-30T04:49:06.997352000Z,17.6539,128.6851,Cloud to Ground,26860,0,6
2026-08-30T04:49:06.872623635Z,17.622963,128.748362,Cloud to Ground,39078,0,12
2026-08-30T04:49:07.879378198Z,17.648994,128.64678,Cloud to Ground,44690,0,11
2026-08-30T04:49:06.963334578Z,17.644339,128.7119,Cloud to Ground,57542,0,17
2026-08-30T04:49:07.837382000Z,17.7479,128.6179,Cloud to Ground,69130,0,5
2026-08-30T04:49:06.924894697Z,17.639834,128.723147,Cloud to Ground,84462,0,13
2026-08-30T04:49:06.873104758Z,17.611957,128.765763,Cloud to Ground,87762,0,14
2026-08-30T04:49:07.864809537Z,17.73429,128.510501,Cloud to Ground,-31890,0,15
2026-08-30T04:49:07.101703732Z,19.445615,115.016926,Cloud to Ground,13385,0,6
2026-08-30T04:49:08.216044295Z,19.165287,115.972891,Cloud to Cloud,-10301,3664,8
2026-08-30T04:49:08.900240811Z,19.446582,115.061125,Cloud to Cloud,-23907,4338,15
2026-08-30T04:49:08.984485369Z,19.457574,115.072412,Cloud to Ground,-13612,0,7
2026-08-30T04:49:08.934137427Z,19.462291,115.06802,Cloud to Ground,-13017,0,8
2026-08-30T04:49:09.071415000Z,19.451152,115.078825,Cloud to Ground,-10957,0,10
2026-08-30T04:49:09.822088441Z,18.385465,113.874596,Cloud to Ground,-12376,0,10
2026-08-30T04:49:09.820736090Z,18.518526,113.830687,Cloud to Cloud,-11370,6038,6
2026-08-30T04:49:09.297400976Z,18.487972,113.910065,Cloud to Ground,-9859,0,8
2026-08-30T04:49:09.328749085Z,18.491556,113.909589,Cloud to Ground,-8900,0,6
2026-08-30T04:49:09.287260906Z,18.47951,113.90196,Cloud to Cloud,-7786,4891,6
2026-08-30T04:49:09.730066783Z,18.473151,113.868118,Cloud to Cloud,-6669,7046,6
2026-08-30T04:49:09.274031799Z,18.499447,113.91991,Cloud to Cloud,6340,3017,9
2026-08-30T04:49:09.274953063Z,18.477185,113.845877,Cloud to Ground,9093,0,9
2026-08-30T04:49:09.326678399Z,18.471406,113.801696,Cloud to Ground,16871,0,11
2026-08-30T04:49:09.276974556Z,18.488963,113.910698,Cloud to Cloud,41272,18968,11
2026-08-30T04:49:10.305543353Z,19.430431,115.052619,Cloud to Cloud,3259,19399,5
2026-08-30T04:49:11.278457397Z,19.991721,114.352672,Cloud to Ground,15027,0,8
2026-08-30T04:49:11.320429195Z,19.958866,114.458576,Cloud to Cloud,-11761,3017,7
2026-08-30T04:49:11.273833337Z,20.018671,114.468482,Cloud to Cloud,12444,5894,5
2026-08-30T04:49:11.274903450Z,20.026575,114.465664,Cloud to Ground,21410,0,16
2026-08-30T04:49:11.275474359Z,20.010566,114.463877,Cloud to Ground,66993,0,15
2026-08-30T04:49:11.727829219Z,18.679646,114.020513,Cloud to Ground,14868,0,8
2026-08-30T04:49:11.724120828Z,18.605061,114.098873,Cloud to Cloud,11556,7531,10
2026-08-30T04:49:11.759603679Z,18.613199,114.085868,Cloud to Ground,16687,0,13
2026-08-30T04:49:12.606127200Z,20.222699,114.610331,Cloud to Cloud,-19758,3034,12
2026-08-30T04:49:12.611522133Z,20.183287,114.610076,Cloud to Cloud,-13378,3008,7
2026-08-30T04:49:12.604502493Z,20.18966,114.54866,Cloud to Cloud,9535,13852,8
2026-08-30T04:49:12.607643252Z,20.21599,114.607022,Cloud to Ground,19027,0,9
2026-08-30T04:49:12.228404708Z,18.532548,114.031274,Cloud to Ground,-9709,0,7
2026-08-30T04:49:12.278878627Z,22.988694,115.547852,Cloud to Ground,-13919,0,9
2026-08-30T04:49:13.012176696Z,17.463584,113.227904,Cloud to Cloud,-14735,7212,12
2026-08-30T04:49:13.021503055Z,17.45041,113.270987,Cloud to Ground,-14683,0,7
2026-08-30T04:49:13.054491264Z,17.441194,113.251981,Cloud to Ground,-10769,0,7
2026-08-30T04:49:12.994376062Z,17.415933,113.162455,Cloud to Cloud,-6554,7955,7
2026-08-30T04:49:12.994813379Z,17.47241,113.25433,Cloud to Ground,7501,0,7
2026-08-30T04:49:12.569372533Z,17.349501,113.200153,Cloud to Ground,8436,0,7
2026-08-30T04:49:12.815297172Z,17.353596,113.260772,Cloud to Cloud,15354,3009,7
2026-08-30T04:49:13.094980980Z,18.663501,118.796139,Cloud to Cloud,8770,3012,10
2026-08-30T04:49:15.043250319Z,19.34828,114.626357,Cloud to Cloud,-34926,10424,9
2026-08-30T04:49:15.030904614Z,20.185141,113.707217,Cloud to Ground,-11154,0,6
2026-08-30T04:49:15.693548474Z,20.235713,113.767775,Cloud to Cloud,-8826,5758,8
2026-08-30T04:49:14.869511464Z,20.284428,113.648242,Cloud to Cloud,7284,3433,7
2026-08-30T04:49:14.866741897Z,20.28949,113.733406,Cloud to Cloud,16516,7064,10
2026-08-30T04:49:15.027353677Z,20.249295,113.678128,Cloud to Ground,30660,0,18
2026-08-30T04:49:18.682848790Z,17.545138,113.276287,Cloud to Cloud,-20923,3381,6
2026-08-30T04:49:18.685045780Z,17.535351,113.281124,Cloud to Cloud,-7772,17432,7
2026-08-30T04:49:19.390368713Z,17.521691,113.204301,Cloud to Cloud,-7024,6893,8
2026-08-30T04:49:18.987174132Z,17.483376,113.266775,Cloud to Cloud,-6909,3000,8
2026-08-30T04:49:18.697546918Z,17.53776,113.268993,Cloud to Ground,-5933,0,6
2026-08-30T04:49:18.692663854Z,17.54206,113.276537,Cloud to Cloud,-5804,15479,6
2026-08-30T04:49:18.682407294Z,17.522027,113.236366,Cloud to Ground,22036,0,7
2026-08-30T04:49:18.066875654Z,21.791122,112.468997,Cloud to Ground,-8102,0,7
2026-08-30T04:49:18.056551180Z,21.796117,112.448138,Cloud to Cloud,11139,6588,9
2026-08-30T04:49:19.885406084Z,14.470884,121.137553,Cloud to Cloud,-12021,6024,8
2026-08-30T04:49:19.301057048Z,19.656514,114.420802,Cloud to Ground,-10774,0,10
2026-08-30T04:49:19.086578768Z,19.672294,114.389842,Cloud to Cloud,8905,18795,8
2026-08-30T04:49:19.484607302Z,17.604579,113.316015,Cloud to Cloud,-7996,3024,8
2026-08-30T04:49:20.342139765Z,19.427959,115.043267,Cloud to Ground,22076,0,12
2026-08-30T04:49:21.242686409Z,19.6469,114.730704,Cloud to Cloud,-15321,3032,10
2026-08-30T04:49:21.274001372Z,19.653313,114.736933,Cloud to Cloud,8203,12504,7
2026-08-30T04:49:21.283017331Z,19.645919,114.726649,Cloud to Cloud,9231,15642,10
2026-08-30T04:49:21.240332115Z,19.647711,114.732096,Cloud to Cloud,10152,15729,7
2026-08-30T04:49:21.256350899Z,19.63721,114.731289,Cloud to Cloud,24707,5426,11
2026-08-30T04:49:22.770632429Z,18.654307,119.780515,Cloud to Cloud,5802,10143,6
2026-08-30T04:49:23.671902504Z,19.435035,114.362245,Cloud to Cloud,-16792,3097,12
2026-08-30T04:49:25.095803174Z,18.449988,116.485688,Cloud to Cloud,-7638,13702,6
2026-08-30T04:49:25.082253926Z,18.453159,116.502241,Cloud to Cloud,7261,3921,9
2026-08-30T04:49:25.102871541Z,18.458459,116.500476,Cloud to Ground,10507,0,7
2026-08-30T04:49:26.877562481Z,18.670882,117.938463,Cloud to Ground,-23807,0,11
2026-08-30T04:49:26.876740167Z,18.67966,117.938471,Cloud to Ground,31806,0,12
2026-08-30T04:49:26.295689584Z,18.93328,118.401893,Cloud to Ground,-32976,0,18
2026-08-30T04:49:26.365618917Z,18.936099,118.401072,Cloud to Ground,-25221,0,14
2026-08-30T04:49:26.484900009Z,18.936425,118.399259,Cloud to Ground,-16746,0,13
2026-08-30T04:49:26.626185357Z,18.941118,118.401881,Cloud to Ground,-10562,0,10
2026-08-30T04:49:26.562159824Z,18.940121,118.392458,Cloud to Ground,-7874,0,8
2026-08-30T04:49:25.386512880Z,18.987283,118.460496,Cloud to Cloud,-6754,3002,8
2026-08-30T04:49:25.285868285Z,18.998294,118.452752,Cloud to Cloud,3341,3020,7
2026-08-30T04:49:25.719387722Z,18.992454,118.434419,Cloud to Cloud,6885,3248,6
2026-08-30T04:49:25.368905977Z,19.069739,118.481224,Cloud to Cloud,7732,8144,9
2026-08-30T04:49:25.262233931Z,19.000727,118.459441,Cloud to Cloud,12488,6956,12
2026-08-30T04:49:26.193085681Z,18.65099,114.067775,Cloud to Ground,-18259,0,12
2026-08-30T04:49:26.429770529Z,18.650978,114.066269,Cloud to Ground,-18040,0,12
2026-08-30T04:49:26.242577479Z,18.638866,114.066039,Cloud to Ground,10490,0,8
2026-08-30T04:49:28.651414986Z,16.788791,127.787322,Cloud to Ground,-103943,0,16
2026-08-30T04:49:28.747196725Z,16.796834,127.805549,Cloud to Ground,-50775,0,15
2026-08-30T04:49:28.817686227Z,16.832882,127.820735,Cloud to Ground,99448,0,9
2026-08-30T04:49:28.816232204Z,16.5765,127.865969,Cloud to Cloud,-20973,11516,8
2026-08-30T04:49:28.025871587Z,18.084125,113.7317,Cloud to Ground,-20512,0,14
2026-08-30T04:49:28.544361803Z,18.128727,113.637313,Cloud to Cloud,-13925,3090,9
2026-08-30T04:49:28.025323703Z,18.066482,113.652238,Cloud to Ground,18878,0,10
2026-08-30T04:49:28.026379566Z,18.088097,113.72974,Cloud to Cloud,42132,6196,10
2026-08-30T04:49:29.972973082Z,16.111431,130.572018,Cloud to Cloud,17912,14928,8
2026-08-30T04:49:29.975751612Z,16.086534,130.737654,Cloud to Cloud,-22734,14689,10
2026-08-30T04:49:30.008622554Z,16.091985,130.724691,Cloud to Cloud,-10223,14398,10
2026-08-30T04:49:29.976532579Z,16.089793,130.708826,Cloud to Cloud,9357,3092,7
2026-08-30T04:49:30.493261098Z,18.738083,118.225964,Cloud to Cloud,18296,7172,14
2026-08-30T04:49:31.315680453Z,19.072663,118.568571,Cloud to Ground,-57404,0,12
2026-08-30T04:49:31.974987209Z,19.073391,118.564164,Cloud to Ground,-19313,0,12
2026-08-30T04:49:31.450157516Z,19.043308,118.557787,Cloud to Cloud,19369,3113,7
2026-08-30T04:49:31.325045410Z,19.005907,118.581999,Cloud to Ground,31198,0,7
2026-08-30T04:49:31.964352922Z,19.227458,115.151347,Cloud to Cloud,-23765,3157,9
2026-08-30T04:49:31.812864563Z,19.223244,115.15737,Cloud to Ground,19975,0,11
2026-08-30T04:49:31.809927037Z,19.317092,115.109275,Cloud to Ground,25950,0,10
2026-08-30T04:49:31.811115547Z,19.253317,115.164385,Cloud to Ground,30947,0,10
2026-08-30T04:49:32.379445763Z,20.18246,114.101834,Cloud to Ground,-35288,0,11
2026-08-30T04:49:32.388018252Z,20.187343,114.103685,Cloud to Cloud,-14275,3039,11
2026-08-30T04:49:32.094669664Z,18.800346,119.606283,Cloud to Cloud,16340,12650,8
2026-08-30T04:49:33.757130567Z,18.424047,116.642612,Cloud to Cloud,21939,3029,9
2026-08-30T04:49:34.791508953Z,17.00991,132.515694,Cloud to Ground,-17799,0,10
2026-08-30T04:49:34.312183487Z,17.206651,132.521243,Cloud to Ground,-22116,0,12
2026-08-30T04:49:34.315069438Z,17.191424,132.535729,Cloud to Ground,-19378,0,10
2026-08-30T04:49:34.313547246Z,17.183185,132.551087,Cloud to Ground,-17772,0,15
2026-08-30T04:49:34.307148325Z,17.192406,132.549382,Cloud to Cloud,-17714,6312,16
2026-08-30T04:49:34.316475932Z,17.193343,132.539165,Cloud to Ground,-13359,0,10
2026-08-30T04:49:34.344443416Z,17.18303,132.493954,Cloud to Ground,-12282,0,8
2026-08-30T04:49:34.765040981Z,21.842617,112.950052,Cloud to Cloud,-34057,14743,9
2026-08-30T04:49:34.851759972Z,21.760313,112.90985,Cloud to Ground,-11415,0,11
2026-08-30T04:49:35.631351340Z,17.012926,132.375838,Cloud to Ground,162547,0,13
2026-08-30T04:49:36.822683151Z,19.379638,115.282717,Cloud to Ground,35856,0,9
2026-08-30T04:49:38.130852698Z,18.562068,116.665086,Cloud to Cloud,12141,4734,7
2026-08-30T04:49:38.820661034Z,19.995106,114.702709,Cloud to Ground,55905,0,9
2026-08-30T04:49:38.303380077Z,20.22203,113.904829,Cloud to Ground,-10777,0,7
2026-08-30T04:49:38.650926566Z,21.982938,113.28154,Cloud to Cloud,-12813,3013,9
2026-08-30T04:49:39.082775769Z,21.998044,113.361745,Cloud to Cloud,9209,3036,7
2026-08-30T04:49:38.617234000Z,22.3208,113.399,Cloud to Ground,-44575,0,6
2026-08-30T04:49:39.685819260Z,17.026956,131.799873,Cloud to Ground,33533,0,20
2026-08-30T04:49:39.149416807Z,20.18952,113.741689,Cloud to Cloud,-20922,5903,10
2026-08-30T04:49:39.209490639Z,20.139672,113.786262,Cloud to Cloud,-19445,3280,10
2026-08-30T04:49:39.227059752Z,20.209514,113.691318,Cloud to Ground,-19090,0,8
2026-08-30T04:49:39.214150811Z,20.101226,113.76117,Cloud to Cloud,-15488,3002,8
2026-08-30T04:49:39.071263510Z,20.216621,113.665399,Cloud to Ground,14417,0,7
2026-08-30T04:49:39.941307059Z,16.588915,120.212189,Cloud to Cloud,7373,17956,6
2026-08-30T04:49:40.003309302Z,18.544408,116.326724,Cloud to Cloud,10424,4438,7
2026-08-30T04:49:40.201179044Z,17.316325,113.222849,Cloud to Ground,13313,0,8
2026-08-30T04:49:40.489462228Z,17.429948,113.267616,Cloud to Ground,-21062,0,9
2026-08-30T04:49:40.535742131Z,17.44453,113.22533,Cloud to Cloud,-13823,8344,8
2026-08-30T04:49:40.176520499Z,17.433748,113.24288,Cloud to Cloud,-13227,3392,11
2026-08-30T04:49:40.173148490Z,17.435838,113.230566,Cloud to Cloud,-9496,3127,9
2026-08-30T04:49:40.728901198Z,17.451118,113.136486,Cloud to Cloud,7984,7551,7
2026-08-30T04:49:40.252040580Z,17.402834,113.149386,Cloud to Ground,9082,0,7
2026-08-30T04:49:40.497287894Z,17.450583,113.242976,Cloud to Ground,14270,0,7
2026-08-30T04:49:42.649353994Z,19.377972,114.596686,Cloud to Cloud,-10240,5390,7
2026-08-30T04:49:43.231617043Z,17.034502,132.171327,Cloud to Ground,-15728,0,9
2026-08-30T04:49:43.427424261Z,17.070024,132.201061,Cloud to Ground,-9765,0,8
2026-08-30T04:49:43.914775507Z,16.165884,129.476328,Cloud to Ground,17555,0,9
2026-08-30T04:49:44.604705647Z,18.992381,118.497811,Cloud to Cloud,3499,3021,5
2026-08-30T04:49:44.132969355Z,18.997291,118.450745,Cloud to Cloud,3984,5127,6
2026-08-30T04:49:44.483200968Z,19.005695,118.449402,Cloud to Cloud,4707,6442,8
2026-08-30T04:49:44.122297995Z,19.073832,118.499333,Cloud to Cloud,7754,3389,7
2026-08-30T04:49:44.538416964Z,19.069135,118.540777,Cloud to Cloud,24631,13920,7
2026-08-30T04:49:45.999812495Z,19.415981,114.345135,Cloud to Cloud,9025,7027,11
2026-08-30T04:49:46.969071105Z,19.952547,114.56803,Cloud to Ground,-12215,0,9
2026-08-30T04:49:46.713498722Z,19.993741,114.557296,Cloud to Cloud,9080,3015,7
2026-08-30T04:49:46.979655822Z,19.995878,114.556081,Cloud to Cloud,10548,3040,5
2026-08-30T04:49:46.914252996Z,20.280667,113.779244,Cloud to Cloud,-17304,3057,10
2026-08-30T04:49:46.912945363Z,20.265679,113.776554,Cloud to Cloud,-9148,3014,11
2026-08-30T04:49:46.913415895Z,20.262418,113.780059,Cloud to Ground,21008,0,10
2026-08-30T04:49:47.978842000Z,19.4952,123.0359,Cloud to Ground,-201634,0,5
2026-08-30T04:49:51.502861624Z,19.148451,115.930987,Cloud to Cloud,-8305,6672,6
2026-08-30T04:49:52.631616054Z,20.139059,113.478665,Cloud to Cloud,-17684,6608,13
2026-08-30T04:49:52.561985500Z,20.162051,113.470964,Cloud to Cloud,-16936,14818,11
2026-08-30T04:49:52.583611103Z,20.161005,113.480908,Cloud to Cloud,-15958,6746,10
2026-08-30T04:49:52.565130619Z,20.133112,113.392069,Cloud to Cloud,20098,7236,8
2026-08-30T04:49:52.566612863Z,20.150551,113.379953,Cloud to Ground,21383,0,9
2026-08-30T04:49:52.490216610Z,20.171048,113.460536,Cloud to Ground,34725,0,18
2026-08-30T04:49:53.141885024Z,17.53307,113.250102,Cloud to Cloud,-15476,3006,11
2026-08-30T04:49:53.052353834Z,17.469699,113.243167,Cloud to Ground,-14587,0,8
2026-08-30T04:49:53.036771240Z,17.445467,113.250781,Cloud to Ground,-12956,0,7
2026-08-30T04:49:53.065672565Z,17.430451,113.276215,Cloud to Ground,-8323,0,8
2026-08-30T04:49:53.149321689Z,17.522443,113.212245,Cloud to Cloud,-8197,6966,7
2026-08-30T04:49:56.296020240Z,16.511255,120.134553,Cloud to Cloud,-3916,3027,6
2026-08-30T04:49:56.286258541Z,16.611405,120.441352,Cloud to Cloud,4396,4389,8
2026-08-30T04:49:56.439236000Z,16.6009,120.3005,Cloud to Ground,-60206,0,11
2026-08-30T04:49:56.626176928Z,16.540886,120.382735,Cloud to Cloud,-17472,12869,6
2026-08-30T04:49:56.559144312Z,16.575274,120.314774,Cloud to Cloud,-7321,14407,7
2026-08-30T04:49:56.289304303Z,16.580148,120.33719,Cloud to Cloud,-7149,3038,12
2026-08-30T04:49:58.594015337Z,18.386076,117.426395,Cloud to Cloud,-10391,4923,9
2026-08-30T04:49:58.899200413Z,18.433294,117.440441,Cloud to Ground,-10286,0,8
2026-08-30T04:49:58.644196152Z,19.260208,116.156628,Cloud to Ground,-8453,0,7
2026-08-30T04:49:58.316752587Z,19.271959,116.150993,Cloud to Cloud,6907,4397,6
2026-08-30T04:49:58.321535631Z,19.277952,116.047971,Cloud to Cloud,25838,5212,13
2026-08-30T04:50:01.577191287Z,19.171987,118.523221,Cloud to Cloud,-19173,3118,7
2026-08-30T04:50:01.524419134Z,19.108774,118.6073,Cloud to Ground,-31795,0,12
2026-08-30T04:50:01.738594063Z,19.111003,118.615598,Cloud to Ground,-26643,0,10
2026-08-30T04:50:01.578637000Z,19.066,118.6422,Cloud to Ground,29084,0,6
2026-08-30T04:50:01.195745000Z,18.6758,114.3007,Cloud to Ground,-41104,0,8
2026-08-30T04:50:02.732196584Z,18.807004,118.260936,Cloud to Cloud,14034,4252,7
2026-08-30T04:50:04.267914492Z,19.003062,118.501744,Cloud to Cloud,-10483,15566,11
2026-08-30T04:50:04.153062013Z,18.991876,118.487327,Cloud to Cloud,4686,7331,8
2026-08-30T04:50:03.712571569Z,19.003385,118.460686,Cloud to Cloud,5075,4010,5
2026-08-30T04:50:04.164517901Z,19.016759,118.455595,Cloud to Cloud,7474,7687,6
2026-08-30T04:50:04.120495719Z,19.066963,118.496158,Cloud to Cloud,9017,16171,8
2026-08-30T04:50:04.141751437Z,18.991148,118.44246,Cloud to Cloud,11573,7224,11
2026-08-30T04:50:05.946902893Z,18.633716,114.11688,Cloud to Cloud,-7847,3195,7
2026-08-30T04:50:05.950892894Z,18.680581,114.0785,Cloud to Cloud,-7687,6121,8
2026-08-30T04:50:09.113092608Z,16.039594,129.683364,Cloud to Ground,18699,0,12
2026-08-30T04:50:09.417895747Z,19.415842,115.021388,Cloud to Cloud,14875,4435,6
2026-08-30T04:50:10.548330959Z,17.371767,113.255758,Cloud to Cloud,-14936,6654,10
2026-08-30T04:50:10.299219301Z,17.384553,113.246925,Cloud to Ground,-7246,0,7
2026-08-30T04:50:10.222500511Z,17.350001,113.180423,Cloud to Ground,17369,0,9
2026-08-30T04:50:11.621138523Z,22.044641,113.352644,Cloud to Cloud,-9021,3006,8
2026-08-30T04:50:11.575791107Z,21.938467,113.29876,Cloud to Cloud,-13714,4952,11
2026-08-30T04:50:11.987836055Z,21.920181,113.242574,Cloud to Cloud,-9732,17170,8
2026-08-30T04:50:11.588999811Z,18.569691,113.982147,Cloud to Cloud,-22419,4776,12
2026-08-30T04:50:11.587316000Z,18.5345,113.6723,Cloud to Ground,30842,0,6
2026-08-30T04:50:11.644266754Z,18.602646,116.341739,Cloud to Ground,-19464,0,12
2026-08-30T04:50:12.333337088Z,18.255536,113.796831,Cloud to Cloud,-8263,3000,7
2026-08-30T04:50:12.337845084Z,19.133249,115.968583,Cloud to Cloud,-5874,3224,6
2026-08-30T04:50:14.189839079Z,18.448673,113.761793,Cloud to Cloud,-11344,6057,8
2026-08-30T04:50:13.405548168Z,18.409775,113.790834,Cloud to Cloud,-11312,3104,10
2026-08-30T04:50:13.549017167Z,18.430799,113.829067,Cloud to Ground,-9907,0,9
2026-08-30T04:50:13.986407453Z,18.427358,113.702431,Cloud to Cloud,5481,3993,6
2026-08-30T04:50:13.312205815Z,18.357686,113.79106,Cloud to Cloud,6909,3006,9
2026-08-30T04:50:13.426805035Z,18.336988,113.769045,Cloud to Cloud,7628,3348,6
2026-08-30T04:50:14.030597106Z,18.411837,113.683406,Cloud to Cloud,9564,3090,8
2026-08-30T04:50:14.227683044Z,18.380847,113.818829,Cloud to Ground,15292,0,9
2026-08-30T04:50:13.308801472Z,18.363986,113.828702,Cloud to Ground,19363,0,13
2026-08-30T04:50:14.803225701Z,18.584109,113.323167,Cloud to Cloud,4957,3056,8
2026-08-30T04:50:14.622658009Z,18.473237,113.300026,Cloud to Cloud,-13490,19790,10
2026-08-30T04:50:14.802255791Z,18.454378,113.25353,Cloud to Cloud,-11255,5269,10
2026-08-30T04:50:14.562495244Z,18.479231,113.39414,Cloud to Cloud,20142,7307,13
2026-08-30T04:50:14.742324683Z,18.325152,113.361862,Cloud to Cloud,-10259,4993,7
2026-08-30T04:50:14.727627036Z,18.318063,113.311305,Cloud to Cloud,-8036,3341,9
2026-08-30T04:50:14.554339900Z,18.366041,113.444903,Cloud to Ground,-6607,0,6
2026-08-30T04:50:14.475893690Z,18.323919,113.394245,Cloud to Cloud,11681,5022,8
2026-08-30T04:50:16.980254705Z,16.703135,127.498273,Cloud to Ground,42331,0,12
2026-08-30T04:50:16.981646020Z,16.806147,127.436602,Cloud to Cloud,-13978,3095,13
2026-08-30T04:50:16.983522023Z,16.831195,127.448531,Cloud to Cloud,-13728,3010,13
2026-08-30T04:50:16.986509633Z,16.830424,127.468881,Cloud to Cloud,-12664,16954,7
2026-08-30T04:50:16.990738310Z,16.829853,127.457546,Cloud to Cloud,6347,3149,6
2026-08-30T04:50:17.074674437Z,16.83377,127.520194,Cloud to Cloud,6786,3009,7
2026-08-30T04:50:18.945194786Z,18.91562,114.629455,Cloud to Ground,-37582,0,11
2026-08-30T04:50:18.964292799Z,18.896982,114.634591,Cloud to Cloud,-11608,18362,7
2026-08-30T04:50:18.947244079Z,18.904999,114.628431,Cloud to Ground,-8881,0,7
2026-08-30T04:50:18.438060139Z,19.42912,115.058526,Cloud to Ground,15476,0,12
2026-08-30T04:50:18.340788470Z,14.669727,122.019269,Cloud to Cloud,11407,10688,7
2026-08-30T04:50:18.356717089Z,14.682061,122.052156,Cloud to Cloud,20062,6244,8
2026-08-30T04:50:19.572933652Z,18.614714,117.695252,Cloud to Ground,-12175,0,6
2026-08-30T04:50:19.569640346Z,18.622969,117.705373,Cloud to Cloud,15804,19204,10
2026-08-30T04:50:19.874620368Z,16.75471,120.330952,Cloud to Cloud,-14047,12493,8
2026-08-30T04:50:19.118342585Z,18.771583,119.559669,Cloud to Cloud,12717,12575,7
2026-08-30T04:50:21.570457240Z,19.013627,118.451341,Cloud to Ground,-18704,0,10
2026-08-30T04:50:21.720836781Z,19.017171,118.459251,Cloud to Ground,-8720,0,5
2026-08-30T04:50:21.719388000Z,19.0132,118.3715,Cloud to Ground,19206,0,5
2026-08-30T04:50:21.837973000Z,18.9934,118.4014,Cloud to Ground,26053,0,6
2026-08-30T04:50:21.660479000Z,18.9731,118.4658,Cloud to Ground,36777,0,5
2026-08-30T04:50:21.071789813Z,17.889197,113.765136,Cloud to Ground,-22609,0,12
2026-08-30T04:50:21.074073627Z,17.879862,113.676425,Cloud to Cloud,10978,3305,7
2026-08-30T04:50:21.304169810Z,21.768022,112.472205,Cloud to Cloud,-16407,17729,8
2026-08-30T04:50:21.541437071Z,17.304828,120.605269,Cloud to Cloud,6243,3151,6
2026-08-30T04:50:21.477530574Z,17.237526,120.676918,Cloud to Cloud,36083,3642,8
2026-08-30T04:50:21.529657585Z,17.310114,120.66058,Cloud to Ground,50263,0,15
2026-08-30T04:50:21.511843470Z,17.311247,120.660084,Cloud to Ground,139935,0,17
2026-08-30T04:50:22.888603175Z,17.836412,113.194398,Cloud to Cloud,14079,4519,8
2026-08-30T04:50:22.847114519Z,17.747196,113.205326,Cloud to Ground,23014,0,10
2026-08-30T04:50:22.377233182Z,17.474622,113.244463,Cloud to Ground,-16170,0,8
2026-08-30T04:50:22.318810909Z,17.482943,113.24429,Cloud to Ground,-14000,0,7
2026-08-30T04:50:22.232379433Z,17.493341,113.241638,Cloud to Cloud,-7638,3005,7
2026-08-30T04:50:22.421426513Z,17.547237,113.250514,Cloud to Cloud,15290,3002,9
2026-08-30T04:50:23.958046438Z,19.146701,116.040393,Cloud to Cloud,-19744,17242,13
2026-08-30T04:50:23.161561683Z,19.767362,115.073224,Cloud to Cloud,-25944,3726,14
2026-08-30T04:50:23.283403401Z,19.785537,115.136627,Cloud to Cloud,-19680,3042,12
2026-08-30T04:50:23.173008005Z,19.820212,115.055628,Cloud to Cloud,-11220,3894,16
2026-08-30T04:50:23.169619890Z,19.787038,115.064834,Cloud to Cloud,6061,19766,6
2026-08-30T04:50:23.166097618Z,19.773679,115.079203,Cloud to Ground,13423,0,6
2026-08-30T04:50:24.717215722Z,17.489963,133.227891,Cloud to Ground,-20757,0,14
2026-08-30T04:50:24.720220540Z,17.489674,133.226067,Cloud to Ground,-16926,0,7
2026-08-30T04:50:24.714900138Z,17.48836,133.235841,Cloud to Ground,-15120,0,11
2026-08-30T04:50:24.715990471Z,17.492775,133.237967,Cloud to Ground,20980,0,12
2026-08-30T04:50:24.689842000Z,19.3854,114.923,Cloud to Ground,20502,0,5
2026-08-30T04:50:24.686394515Z,19.30353,114.898791,Cloud to Ground,23205,0,7
2026-08-30T04:50:25.551757755Z,16.100073,130.39631,Cloud to Cloud,-12884,13772,13
2026-08-30T04:50:25.556082051Z,15.999053,130.413755,Cloud to Cloud,29163,3051,10
2026-08-30T04:50:25.595333558Z,15.994252,130.421517,Cloud to Cloud,33177,4001,9
2026-08-30T04:50:25.628243639Z,19.963617,114.567867,Cloud to Cloud,8054,14824,8
2026-08-30T04:50:27.671148452Z,18.490891,119.66286,Cloud to Cloud,-6612,6382,6
2026-08-30T04:50:28.288780359Z,16.036278,130.29193,Cloud to Cloud,13910,16554,13
2026-08-30T04:50:28.247070871Z,16.031235,130.285138,Cloud to Ground,24417,0,15
2026-08-30T04:50:28.675384389Z,19.682146,114.450581,Cloud to Cloud,-18336,3038,10
2026-08-30T04:50:32.929741796Z,14.463109,121.089468,Cloud to Cloud,4413,15766,8
2026-08-30T04:50:32.455913000Z,14.4648,121.1195,Cloud to Ground,9277,0,6
2026-08-30T04:50:32.913932773Z,14.441461,121.037874,Cloud to Cloud,9835,14815,12
2026-08-30T04:50:32.959300952Z,14.488353,121.097407,Cloud to Cloud,10459,3609,7
2026-08-30T04:50:33.867785391Z,9.025889,118.030848,Cloud to Cloud,14359,17980,7
2026-08-30T04:50:34.083800854Z,18.657379,116.250002,Cloud to Cloud,11565,3039,10
2026-08-30T04:50:34.082987585Z,18.627515,116.395176,Cloud to Cloud,10652,16746,7
2026-08-30T04:50:36.167372178Z,18.490588,116.682986,Cloud to Ground,-10841,0,9
2026-08-30T04:50:36.022419778Z,18.467938,116.583768,Cloud to Cloud,-9827,3451,10
2026-08-30T04:50:36.297963312Z,18.454969,116.596602,Cloud to Cloud,-8616,3787,8
2026-08-30T04:50:36.513327522Z,18.46104,116.587428,Cloud to Ground,12776,0,9
2026-08-30T04:50:36.636886758Z,18.815456,118.262046,Cloud to Cloud,-7444,3212,9
2026-08-30T04:50:36.579746121Z,18.801475,118.270504,Cloud to Cloud,8550,18755,10
2026-08-30T04:50:37.628737897Z,19.149957,115.994211,Cloud to Ground,-8189,0,7
2026-08-30T04:50:36.415800970Z,19.911675,114.488979,Cloud to Cloud,7614,3006,8
2026-08-30T04:50:37.056731605Z,19.906489,114.466462,Cloud to Ground,8992,0,9
2026-08-30T04:50:38.730574000Z,18.5725,119.2897,Cloud to Ground,35387,0,6
2026-08-30T04:50:39.041118295Z,20.190391,113.910411,Cloud to Cloud,-8666,3021,9
2026-08-30T04:50:39.200720648Z,20.214692,113.871778,Cloud to Cloud,7767,3014,7
2026-08-30T04:50:39.037733764Z,20.287696,113.826854,Cloud to Cloud,8503,16305,7
2026-08-30T04:50:39.555743218Z,20.311886,113.787097,Cloud to Cloud,9490,3008,7
2026-08-30T04:50:39.410488904Z,18.49146,113.894322,Cloud to Cloud,-5947,7161,5
2026-08-30T04:50:39.408542316Z,18.490864,113.855168,Cloud to Cloud,11842,3020,10
2026-08-30T04:50:39.407910610Z,18.509548,113.928055,Cloud to Ground,15392,0,10
2026-08-30T04:50:40.245521539Z,19.450618,115.020269,Cloud to Cloud,-11016,16957,10
2026-08-30T04:50:39.792073426Z,19.517159,115.06632,Cloud to Cloud,9915,3006,8
2026-08-30T04:50:40.125749883Z,19.422575,115.032246,Cloud to Cloud,13383,8525,14
2026-08-30T04:50:40.319533982Z,19.521984,115.039703,Cloud to Ground,14140,0,10
2026-08-30T04:50:42.646969940Z,18.997298,118.433758,Cloud to Cloud,-6904,3003,6
2026-08-30T04:50:42.451389994Z,19.021566,118.486502,Cloud to Cloud,8963,16194,7
2026-08-30T04:50:42.618187041Z,19.334618,118.775191,Cloud to Ground,-55521,0,16
2026-08-30T04:50:42.702714176Z,19.340918,118.780712,Cloud to Ground,-27629,0,12
2026-08-30T04:50:42.791897145Z,19.338935,118.773722,Cloud to Ground,-27581,0,12
2026-08-30T04:50:42.663017010Z,19.341968,118.784769,Cloud to Ground,-24476,0,13
2026-08-30T04:50:42.761268289Z,19.310262,118.782992,Cloud to Ground,-23953,0,11
2026-08-30T04:50:42.814840945Z,19.305199,118.765526,Cloud to Ground,-7154,0,7
2026-08-30T04:50:42.760013773Z,19.343976,118.774613,Cloud to Ground,-5901,0,7
2026-08-30T04:50:43.027025611Z,19.324967,118.744287,Cloud to Ground,-4461,0,7
2026-08-30T04:50:42.638730602Z,19.342632,118.781334,Cloud to Cloud,6296,3005,6
2026-08-30T04:50:42.818160824Z,19.368091,118.765012,Cloud to Cloud,11128,16131,8
2026-08-30T04:50:42.323962582Z,19.26406,115.175042,Cloud to Cloud,10041,11534,7
2026-08-30T04:50:43.144791286Z,19.122611,118.546585,Cloud to Cloud,-11893,3070,8
2026-08-30T04:50:43.293957521Z,19.228331,118.643498,Cloud to Cloud,-26364,18970,10
2026-08-30T04:50:43.256609261Z,19.252269,118.678952,Cloud to Cloud,-6351,4376,6
2026-08-30T04:50:43.103421545Z,20.274838,113.757886,Cloud to Cloud,-21760,6640,14
2026-08-30T04:50:42.872209231Z,20.282334,113.715043,Cloud to Cloud,-12423,3009,6
2026-08-30T04:50:42.891510095Z,20.284697,113.72053,Cloud to Cloud,12410,6211,7
2026-08-30T04:50:42.858168966Z,20.294924,113.747696,Cloud to Cloud,15358,15475,9
2026-08-30T04:50:44.873838129Z,19.922742,114.628112,Cloud to Ground,18848,0,10
2026-08-30T04:50:45.215876045Z,17.442593,113.271585,Cloud to Cloud,-19455,17613,14
2026-08-30T04:50:45.169602889Z,17.437868,113.269065,Cloud to Ground,21682,0,14
2026-08-30T04:50:45.556848382Z,17.42749,113.146109,Cloud to Ground,-13586,0,9
2026-08-30T04:50:45.588996121Z,22.047921,113.319487,Cloud to Cloud,-10628,4594,8
2026-08-30T04:50:46.203695606Z,22.037175,113.35442,Cloud to Cloud,8065,3006,6
2026-08-30T04:50:46.078223601Z,19.655497,114.733872,Cloud to Cloud,-4577,5907,7
2026-08-30T04:50:48.653263910Z,17.436184,133.534334,Cloud to Ground,-21505,0,9
2026-08-30T04:50:48.648836827Z,17.564434,133.493705,Cloud to Ground,-51342,0,16
2026-08-30T04:50:48.647764230Z,17.606326,133.421434,Cloud to Cloud,-15482,3547,12
2026-08-30T04:50:48.646431504Z,17.563426,133.491308,Cloud to Cloud,-12741,3048,9
2026-08-30T04:50:48.852512498Z,17.524094,133.467838,Cloud to Ground,-10980,0,11
2026-08-30T04:50:48.650046314Z,17.567525,133.499511,Cloud to Ground,47456,0,15
2026-08-30T04:50:50.802780453Z,17.483358,113.218896,Cloud to Cloud,-11824,5341,9
2026-08-30T04:50:50.493907518Z,17.538078,113.254581,Cloud to Ground,17791,0,8
2026-08-30T04:50:50.524575239Z,17.333573,113.114122,Cloud to Cloud,7869,5461,6
2026-08-30T04:50:51.187025788Z,18.763214,118.081007,Cloud to Ground,-15153,0,11
2026-08-30T04:50:51.293677064Z,18.790957,118.108676,Cloud to Ground,-9683,0,11
2026-08-30T04:50:51.540408821Z,18.446376,113.829417,Cloud to Ground,10992,0,6
2026-08-30T04:50:52.997927006Z,19.386276,115.302288,Cloud to Cloud,-13677,7714,11
2026-08-30T04:50:54.675934884Z,21.69827,112.819729,Cloud to Ground,-28880,0,16
2026-08-30T04:50:54.678547550Z,21.698235,112.793846,Cloud to Cloud,-12776,3028,10
2026-08-30T04:50:54.664147518Z,21.699293,112.816016,Cloud to Cloud,-11685,5232,14
2026-08-30T04:50:54.667508789Z,21.711759,112.802187,Cloud to Ground,-9048,0,8
2026-08-30T04:50:54.660397245Z,21.687742,112.821125,Cloud to Cloud,-8898,8081,9
2026-08-30T04:50:54.658502876Z,21.700773,112.714187,Cloud to Ground,14733,0,9
2026-08-30T04:50:54.738407331Z,19.134489,118.621857,Cloud to Ground,-52084,0,18
2026-08-30T04:50:54.779282325Z,19.130004,118.619238,Cloud to Ground,-19328,0,10
2026-08-30T04:50:54.816539153Z,19.109786,118.616004,Cloud to Ground,-18056,0,7
2026-08-30T04:50:54.715769427Z,19.110512,118.592173,Cloud to Ground,-14252,0,11
2026-08-30T04:50:55.042271783Z,19.117434,118.598758,Cloud to Cloud,-13232,17001,16
2026-08-30T04:50:54.842522412Z,19.22917,118.494351,Cloud to Ground,-16928,0,8
2026-08-30T04:50:54.877316000Z,19.1501,118.4973,Cloud to Ground,15631,0,5
2026-08-30T04:50:57.016424130Z,17.361705,132.635179,Cloud to Ground,10867,0,7
2026-08-30T04:50:56.914628391Z,17.374173,132.645146,Cloud to Ground,25825,0,12
2026-08-30T04:50:56.505487072Z,15.201821,121.485386,Cloud to Ground,-66151,0,11
2026-08-30T04:50:56.238363302Z,15.193292,121.487863,Cloud to Ground,-46010,0,11
2026-08-30T04:50:56.295171412Z,15.20154,121.479764,Cloud to Ground,-29880,0,10
2026-08-30T04:50:56.340550600Z,15.201862,121.485743,Cloud to Ground,-26931,0,12
2026-08-30T04:50:56.296122522Z,15.113798,121.502819,Cloud to Ground,-11265,0,7
2026-08-30T04:50:56.367213000Z,15.2101,121.454,Cloud to Ground,-7032,0,8
2026-08-30T04:50:56.282686428Z,15.194112,121.498315,Cloud to Cloud,8540,18980,11
2026-08-30T04:50:56.879368673Z,18.783917,118.438164,Cloud to Cloud,-17820,3002,12
2026-08-30T04:50:56.877347000Z,18.6743,118.4678,Cloud to Ground,68125,0,6
2026-08-30T04:50:58.080384939Z,20.184912,114.097151,Cloud to Cloud,11858,7999,10
2026-08-30T04:50:58.061707416Z,20.182944,114.095339,Cloud to Ground,11867,0,9
2026-08-30T04:50:59.420585208Z,18.204659,113.621943,Cloud to Cloud,-9785,5551,8
2026-08-30T04:50:59.420146708Z,18.204295,113.561932,Cloud to Cloud,8611,15264,7
2026-08-30T04:50:59.421235508Z,18.195436,113.657131,Cloud to Ground,38733,0,8
2026-08-30T04:50:59.563037084Z,18.095059,113.623217,Cloud to Ground,-9232,0,5
2026-08-30T04:50:59.470661482Z,19.426565,115.079249,Cloud to Ground,-10601,0,7
2026-08-30T04:50:59.565057022Z,19.398808,115.061589,Cloud to Cloud,-7323,6258,6
2026-08-30T04:50:59.926359764Z,19.440207,115.080653,Cloud to Cloud,3801,7843,5
2026-08-30T04:50:59.550963076Z,19.423014,115.06809,Cloud to Ground,28074,0,15
2026-08-30T04:51:00.897008478Z,19.057132,118.594103,Cloud to Cloud,-20372,17372,12
2026-08-30T04:51:00.807530412Z,19.13435,118.59274,Cloud to Cloud,-7063,11791,11
2026-08-30T04:51:01.932028622Z,17.462201,113.175843,Cloud to Cloud,-22488,3033,7
2026-08-30T04:51:01.931219874Z,17.455872,113.304018,Cloud to Ground,-21123,0,13
2026-08-30T04:51:02.026678692Z,17.45985,113.30467,Cloud to Ground,-11682,0,9
2026-08-30T04:51:02.240440235Z,17.458939,113.303333,Cloud to Ground,-5877,0,9
2026-08-30T04:51:02.300249808Z,17.449049,113.310874,Cloud to Cloud,13527,6706,11
2026-08-30T04:51:03.588377815Z,19.170815,114.822266,Cloud to Cloud,-11520,15287,7
2026-08-30T04:51:03.665384573Z,19.169828,114.806069,Cloud to Cloud,5710,3030,6
2026-08-30T04:51:03.579371164Z,19.166018,114.81393,Cloud to Cloud,6602,3130,5
2026-08-30T04:51:03.571315936Z,19.245261,114.841276,Cloud to Cloud,9465,3027,7
2026-08-30T04:51:03.567075037Z,19.160712,114.814825,Cloud to Ground,18515,0,11
2026-08-30T04:51:03.568336352Z,19.157347,114.808464,Cloud to Ground,49159,0,6
2026-08-30T04:51:03.576300352Z,19.272391,114.73861,Cloud to Cloud,-10639,6530,7
2026-08-30T04:51:05.168323430Z,19.432025,114.559161,Cloud to Cloud,6444,3074,7
2026-08-30T04:51:05.105875582Z,19.367712,114.611067,Cloud to Cloud,7917,14956,6
2026-08-30T04:51:05.090904286Z,19.366994,114.614535,Cloud to Cloud,9777,17962,11
2026-08-30T04:51:06.895639238Z,19.681295,114.34359,Cloud to Ground,12512,0,7
2026-08-30T04:51:07.620226879Z,4.8274,113.014809,Cloud to Ground,-56738,0,14
2026-08-30T04:51:07.342324481Z,17.002662,132.295388,Cloud to Cloud,-13519,3506,11
2026-08-30T04:51:07.455676110Z,17.011987,132.286269,Cloud to Ground,12443,0,11
2026-08-30T04:51:07.346542145Z,16.989604,132.125069,Cloud to Ground,-35254,0,11
2026-08-30T04:51:07.179914304Z,19.65862,114.486886,Cloud to Ground,-11111,0,6
2026-08-30T04:51:08.667052901Z,3.107043,112.802039,Cloud to Ground,19607,0,7
2026-08-30T04:51:10.226893050Z,19.248202,118.519241,Cloud to Cloud,5449,9519,6
2026-08-30T04:51:10.424058012Z,19.00674,118.455356,Cloud to Cloud,3993,3072,7
2026-08-30T04:51:10.426058866Z,19.002301,118.464842,Cloud to Cloud,3994,3016,7
2026-08-30T04:51:10.085886412Z,19.016789,118.470513,Cloud to Cloud,6699,18798,8
2026-08-30T04:51:10.078969565Z,19.08371,118.502416,Cloud to Cloud,12003,13490,8
2026-08-30T04:51:10.154649198Z,19.09716,118.492034,Cloud to Cloud,12524,6691,8
2026-08-30T04:51:10.746758088Z,19.408859,114.363439,Cloud to Cloud,7937,11532,6
2026-08-30T04:51:10.748446243Z,19.412734,114.358978,Cloud to Cloud,17236,3008,17
2026-08-30T04:51:11.280841954Z,3.056721,112.865807,Cloud to Ground,-13553,0,6
2026-08-30T04:51:11.435039274Z,15.196066,120.318811,Cloud to Cloud,8402,19851,10
2026-08-30T04:51:11.479216947Z,15.169275,120.304244,Cloud to Cloud,11321,6865,10
2026-08-30T04:51:11.447441240Z,15.260475,120.269248,Cloud to Cloud,13701,18933,9
2026-08-30T04:51:11.435682259Z,15.201747,120.331119,Cloud to Ground,37932,0,12
2026-08-30T04:51:14.099300066Z,9.049871,117.946036,Cloud to Ground,-11688,0,10
2026-08-30T04:51:14.575915231Z,18.617707,114.001479,Cloud to Cloud,-7483,3211,6
2026-08-30T04:51:14.560271759Z,18.588725,114.043138,Cloud to Cloud,-6182,3311,8
2026-08-30T04:51:14.496393433Z,18.615471,114.045995,Cloud to Cloud,11000,3002,6
2026-08-30T04:51:16.283783610Z,17.46821,113.230162,Cloud to Ground,-9418,0,8
2026-08-30T04:51:16.223351600Z,17.438604,113.275282,Cloud to Cloud,13266,3021,8
2026-08-30T04:51:19.837196950Z,16.640301,128.150451,Cloud to Ground,-26062,0,10
2026-08-30T04:51:19.929619133Z,16.677468,128.122634,Cloud to Cloud,-24822,6558,9
2026-08-30T04:51:19.845242329Z,16.653552,128.065555,Cloud to Cloud,-6799,3076,7
2026-08-30T04:51:20.208137196Z,16.6516,128.060543,Cloud to Cloud,15828,7406,7
2026-08-30T04:51:19.835137691Z,16.642887,128.145388,Cloud to Ground,17700,0,13
2026-08-30T04:51:19.839077023Z,16.641652,128.15346,Cloud to Ground,20388,0,12
2026-08-30T04:51:19.835556000Z,16.6663,128.101,Cloud to Ground,40816,0,5
2026-08-30T04:51:19.836025783Z,16.614209,128.134345,Cloud to Ground,49479,0,9
2026-08-30T04:51:19.746859509Z,19.447728,115.050406,Cloud to Cloud,8020,9563,7
2026-08-30T04:51:20.100143385Z,16.182807,129.511833,Cloud to Cloud,-19668,7388,13
2026-08-30T04:51:19.603001129Z,16.181927,129.498067,Cloud to Cloud,9777,14122,7
2026-08-30T04:51:20.781122693Z,19.228416,116.084454,Cloud to Cloud,7278,13143,7
2026-08-30T04:51:20.769505907Z,19.262444,116.160933,Cloud to Cloud,8630,3549,7
2026-08-30T04:51:20.515155515Z,16.776918,128.095249,Cloud to Ground,25717,0,9
2026-08-30T04:51:21.312941363Z,18.730703,118.23312,Cloud to Cloud,-5857,18923,7
2026-08-30T04:51:21.603770261Z,18.71658,118.210786,Cloud to Cloud,-5838,19156,9
2026-08-30T04:51:21.309071342Z,18.758347,118.238666,Cloud to Cloud,11400,12088,11
2026-08-30T04:51:21.306819391Z,18.747325,118.236864,Cloud to Ground,19015,0,11
2026-08-30T04:51:21.580806415Z,19.952084,118.614783,Cloud to Cloud,10294,3002,7
2026-08-30T04:51:22.346158134Z,22.078846,113.35426,Cloud to Cloud,-11534,4769,11
2026-08-30T04:51:22.282166104Z,21.971975,113.352921,Cloud to Cloud,-11177,3095,7
2026-08-30T04:51:22.343021871Z,22.040153,113.32601,Cloud to Cloud,9989,13935,9
2026-08-30T04:51:23.510239490Z,14.356322,122.069143,Cloud to Ground,-17274,0,16
2026-08-30T04:51:23.514256230Z,14.358025,122.058271,Cloud to Cloud,10251,15650,6
2026-08-30T04:51:23.162436106Z,20.173528,113.971914,Cloud to Cloud,-6849,17945,6
2026-08-30T04:51:23.111814795Z,20.185186,114.095098,Cloud to Ground,10265,0,10
2026-08-30T04:51:23.133944476Z,20.205131,114.067201,Cloud to Ground,12176,0,11
2026-08-30T04:51:23.148702691Z,20.199664,114.067554,Cloud to Cloud,12833,3104,10
2026-08-30T04:51:23.101494682Z,20.202418,113.982954,Cloud to Ground,13927,0,8
2026-08-30T04:51:23.405398112Z,18.456506,113.818118,Cloud to Ground,-10582,0,8
2026-08-30T04:51:23.392814877Z,18.472039,113.808573,Cloud to Cloud,-6774,3069,5
2026-08-30T04:51:23.431580692Z,18.433464,113.82775,Cloud to Cloud,11634,3113,15
2026-08-30T04:51:23.375036431Z,18.449703,113.738533,Cloud to Cloud,19244,3050,16
2026-08-30T04:51:23.692978438Z,20.380865,114.033314,Cloud to Ground,-9675,0,7
2026-08-30T04:51:23.487227020Z,18.498918,116.65731,Cloud to Cloud,11536,3000,8
2026-08-30T04:51:24.425716752Z,17.940963,113.625675,Cloud to Cloud,-19792,5836,14
2026-08-30T04:51:24.426269367Z,17.949537,113.59421,Cloud to Ground,-11221,0,6
2026-08-30T04:51:24.809457908Z,18.015067,113.537811,Cloud to Cloud,9209,6708,8
2026-08-30T04:51:24.428304622Z,17.945482,113.600612,Cloud to Cloud,12446,19845,7
2026-08-30T04:51:24.168890459Z,17.913639,113.71234,Cloud to Ground,21972,0,14
2026-08-30T04:51:24.169839886Z,17.905182,113.628838,Cloud to Ground,31313,0,8
2026-08-30T04:51:24.515272986Z,17.375566,113.240033,Cloud to Cloud,-24916,6731,11
2026-08-30T04:51:24.107161312Z,17.369425,113.188776,Cloud to Ground,21251,0,12
2026-08-30T04:51:24.748158871Z,15.929455,129.602943,Cloud to Cloud,-11993,7124,7
2026-08-30T04:51:26.903174773Z,19.117887,115.963608,Cloud to Ground,-8293,0,6
2026-08-30T04:51:35.004348856Z,17.456393,113.257915,Cloud to Cloud,-13314,16957,6
2026-08-30T04:51:34.955431522Z,17.446648,113.200712,Cloud to Cloud,-7676,6428,7
2026-08-30T04:51:34.790545541Z,17.500925,113.188425,Cloud to Ground,9608,0,9
2026-08-30T04:51:34.276689520Z,18.580904,116.359792,Cloud to Ground,-9766,0,7
2026-08-30T04:51:34.174884410Z,18.555011,116.377913,Cloud to Cloud,12650,3924,7
2026-08-30T04:51:34.154495471Z,18.44768,116.350543,Cloud to Ground,-30139,0,8
2026-08-30T04:51:36.564126157Z,19.639264,114.500605,Cloud to Ground,-11126,0,7
2026-08-30T04:51:36.657631600Z,19.647047,114.478298,Cloud to Cloud,-8634,12835,7
2026-08-30T04:51:36.546340296Z,19.742649,114.508846,Cloud to Cloud,13356,3023,8
2026-08-30T04:51:36.116965032Z,19.129791,118.623659,Cloud to Ground,-22036,0,12
2026-08-30T04:51:36.164542737Z,19.127504,118.629828,Cloud to Ground,-15531,0,11
2026-08-30T04:51:37.090940137Z,19.635892,114.355207,Cloud to Cloud,-7777,3290,7
2026-08-30T04:51:39.134691845Z,9.102847,117.976271,Cloud to Ground,-9306,0,6
2026-08-30T04:51:40.890449044Z,18.946779,114.713148,Cloud to Cloud,-7915,18081,8
2026-08-30T04:51:40.353610483Z,18.837441,114.690942,Cloud to Cloud,-9863,13955,12
2026-08-30T04:51:40.510915494Z,18.850326,114.65794,Cloud to Cloud,-6320,4734,7
2026-08-30T04:51:40.517194117Z,18.845681,114.700069,Cloud to Ground,-5880,0,6
2026-08-30T04:51:40.508538352Z,18.868035,114.599934,Cloud to Cloud,12248,3628,9
2026-08-30T04:51:41.572391448Z,14.505122,121.106817,Cloud to Cloud,5019,15392,6
2026-08-30T04:51:41.557834422Z,14.437722,121.129456,Cloud to Cloud,6404,3061,7
2026-08-30T04:51:41.563170449Z,14.497528,121.109624,Cloud to Cloud,7330,5823,6
2026-08-30T04:51:41.561366930Z,14.507003,121.111662,Cloud to Cloud,8862,16134,9
2026-08-30T04:51:41.566859544Z,14.502035,121.110841,Cloud to Ground,15300,0,10
2026-08-30T04:51:42.967514243Z,18.734114,119.466322,Cloud to Ground,26825,0,12
2026-08-30T04:51:42.893895970Z,18.805043,119.50284,Cloud to Ground,33208,0,8
2026-08-30T04:51:42.206403770Z,18.996008,118.502025,Cloud to Ground,17861,0,12
2026-08-30T04:51:44.892090016Z,19.463489,114.868342,Cloud to Cloud,-9697,5286,7
2026-08-30T04:51:44.466377887Z,19.529887,115.059219,Cloud to Cloud,-8271,3036,8
2026-08-30T04:51:44.898336455Z,19.399572,115.024609,Cloud to Cloud,-9984,3008,8
2026-08-30T04:51:44.822489528Z,19.427149,115.05536,Cloud to Cloud,-9370,3009,7
2026-08-30T04:51:44.851175574Z,19.425926,115.052399,Cloud to Cloud,-8981,6194,7
2026-08-30T04:51:44.853232766Z,19.432977,115.093104,Cloud to Cloud,-8408,3485,6
2026-08-30T04:51:45.148907507Z,16.057689,130.775574,Cloud to Cloud,-30237,9785,16
2026-08-30T04:51:45.146291005Z,16.09174,130.760489,Cloud to Ground,-10620,0,10
2026-08-30T04:51:45.151480960Z,16.101969,130.759556,Cloud to Cloud,-9596,18975,9
2026-08-30T04:51:45.155972118Z,16.099937,130.731874,Cloud to Cloud,-8775,8420,15
2026-08-30T04:51:45.147621614Z,16.002106,130.784133,Cloud to Cloud,25111,3579,9
2026-08-30T04:51:45.640935525Z,19.944626,114.59943,Cloud to Cloud,-16136,3225,7
2026-08-30T04:51:46.078563774Z,19.958447,114.606387,Cloud to Ground,-13544,0,13
2026-08-30T04:51:45.865512772Z,19.970015,114.585836,Cloud to Cloud,-13043,3213,6
2026-08-30T04:51:45.638284799Z,19.969506,114.59359,Cloud to Ground,16206,0,9
2026-08-30T04:51:47.320233079Z,18.546594,113.981169,Cloud to Ground,62398,0,9
2026-08-30T04:51:47.849129962Z,18.582992,113.857671,Cloud to Ground,7352,0,7
2026-08-30T04:51:47.906018065Z,18.556321,113.844509,Cloud to Ground,9418,0,10
2026-08-30T04:51:48.719273564Z,19.143969,118.306001,Cloud to Cloud,5327,7598,7
2026-08-30T04:51:48.776405504Z,19.214767,118.716768,Cloud to Cloud,-7429,12103,9
2026-08-30T04:51:48.299514659Z,19.288929,118.692903,Cloud to Cloud,2734,5905,5
2026-08-30T04:51:48.244259319Z,19.260382,118.684677,Cloud to Cloud,3253,14598,6
2026-08-30T04:51:48.584413011Z,19.256697,118.667365,Cloud to Cloud,3328,9769,5
2026-08-30T04:51:48.248367645Z,19.266705,118.679117,Cloud to Cloud,3902,3341,5
2026-08-30T04:51:48.570733067Z,19.256292,118.66841,Cloud to Cloud,3908,16716,5
2026-08-30T04:51:48.306136561Z,19.362322,118.721189,Cloud to Cloud,8059,19918,10
2026-08-30T04:51:48.335308450Z,19.326986,118.686042,Cloud to Cloud,11449,10458,12
2026-08-30T04:51:48.249958397Z,19.280001,118.663584,Cloud to Cloud,15723,3429,7
2026-08-30T04:51:48.242356852Z,19.268882,118.687513,Cloud to Cloud,22065,6427,10
2026-08-30T04:51:49.949049775Z,18.72014,117.975464,Cloud to Cloud,-15005,3007,7
2026-08-30T04:51:49.946395152Z,18.681401,117.960912,Cloud to Cloud,10574,3000,7
2026-08-30T04:51:50.031212289Z,18.704546,117.935746,Cloud to Cloud,12402,6303,6
2026-08-30T04:51:49.947009043Z,18.691337,117.963597,Cloud to Ground,14940,0,11
2026-08-30T04:51:49.945783984Z,18.695214,117.974919,Cloud to Ground,19264,0,11
2026-08-30T04:51:49.119418164Z,20.322745,113.748421,Cloud to Cloud,-19387,6183,7
2026-08-30T04:51:49.441584979Z,20.2387,113.801241,Cloud to Cloud,-10786,3716,8
2026-08-30T04:51:49.282475048Z,20.264665,113.725816,Cloud to Cloud,14442,3028,11
2026-08-30T04:51:50.754421932Z,18.50318,116.647906,Cloud to Ground,-11498,0,9
2026-08-30T04:51:51.659749789Z,19.31167,118.523198,Cloud to Cloud,-12914,3007,7
2026-08-30T04:51:51.183898717Z,19.035089,118.477304,Cloud to Cloud,-21573,3043,7
2026-08-30T04:51:51.148024000Z,19.0539,118.375,Cloud to Ground,-14537,0,7
2026-08-30T04:51:51.404934064Z,19.025313,118.448178,Cloud to Ground,-13220,0,8
2026-08-30T04:51:51.117595900Z,19.010102,118.456753,Cloud to Cloud,3495,17445,5
2026-08-30T04:51:51.147566901Z,19.011968,118.475161,Cloud to Cloud,6821,3485,8
2026-08-30T04:51:51.364883861Z,19.083147,118.364267,Cloud to Cloud,7486,16873,8
2026-08-30T04:51:51.526422359Z,19.07292,118.474088,Cloud to Cloud,8846,13729,8
2026-08-30T04:51:51.110929886Z,19.010776,118.475286,Cloud to Cloud,24958,17103,11
2026-08-30T04:51:53.383069190Z,20.180697,114.632335,Cloud to Cloud,-22984,3076,8
2026-08-30T04:51:53.354906611Z,20.173923,114.641461,Cloud to Cloud,-19697,4375,13
2026-08-30T04:51:53.386283272Z,20.125961,114.612884,Cloud to Cloud,-12712,4220,7
2026-08-30T04:51:53.350700604Z,20.187317,114.627904,Cloud to Ground,86218,0,16
2026-08-30T04:51:53.089247102Z,19.629301,114.750126,Cloud to Ground,-21811,0,10
2026-08-30T04:51:53.084424605Z,19.619776,114.724616,Cloud to Cloud,-13761,5819,6
2026-08-30T04:51:53.144721217Z,19.65201,114.794064,Cloud to Cloud,9149,6384,7
2026-08-30T04:51:53.067104070Z,19.63343,114.749508,Cloud to Cloud,9337,3309,10
2026-08-30T04:51:53.361964471Z,20.283246,114.530774,Cloud to Cloud,14989,17292,7
2026-08-30T04:51:53.351770000Z,20.2994,114.5355,Cloud to Ground,38870,0,6
2026-08-30T04:51:54.870858781Z,20.052282,114.324207,Cloud to Cloud,-33356,7298,7
2026-08-30T04:51:54.843397900Z,20.0219,114.302984,Cloud to Ground,73350,0,14
2026-08-30T04:51:54.740129770Z,20.10179,114.359406,Cloud to Ground,115728,0,14
2026-08-30T04:51:55.415823933Z,18.348262,116.540579,Cloud to Cloud,-15977,17288,13
2026-08-30T04:51:57.369227978Z,19.091684,118.587818,Cloud to Ground,-35725,0,14
2026-08-30T04:51:57.646615126Z,19.092089,118.588319,Cloud to Ground,-26613,0,13
2026-08-30T04:51:57.690239260Z,19.091853,118.58263,Cloud to Ground,-16511,0,12
2026-08-30T04:51:57.721432945Z,19.090266,118.584005,Cloud to Ground,-10295,0,10
2026-08-30T04:51:57.778461189Z,19.09278,118.580395,Cloud to Ground,-6195,0,6
2026-08-30T04:51:57.416226848Z,19.072625,118.57967,Cloud to Cloud,-4378,15713,6
2026-08-30T04:51:57.816195000Z,19.1328,118.4776,Cloud to Ground,18199,0,7
2026-08-30T04:51:59.063913744Z,15.391182,120.334431,Cloud to Cloud,9680,6726,10
2026-08-30T04:52:00.700254193Z,4.323112,113.170982,Cloud to Ground,-13088,0,15
2026-08-30T04:52:00.699571436Z,4.316765,113.169883,Cloud to Ground,15926,0,8
2026-08-30T04:52:00.855673729Z,15.194008,121.485202,Cloud to Cloud,7931,15450,7
2026-08-30T04:52:00.867111575Z,15.105852,121.433285,Cloud to Cloud,12034,18020,14
2026-08-30T04:52:01.222318365Z,15.300157,120.356964,Cloud to Cloud,3562,18177,7
2026-08-30T04:52:03.625948454Z,13.447643,119.367838,Cloud to Ground,-89743,0,15
2026-08-30T04:52:03.568293563Z,13.446634,119.368566,Cloud to Ground,-63265,0,14
2026-08-30T04:52:03.558262137Z,13.393193,119.408549,Cloud to Cloud,-34931,5554,12
2026-08-30T04:52:03.740520000Z,13.4297,119.3509,Cloud to Ground,-11867,0,6
2026-08-30T04:52:03.858005075Z,13.421378,119.353416,Cloud to Ground,-8369,0,8
2026-08-30T04:52:03.598459000Z,13.4107,119.0948,Cloud to Ground,-7814,0,6
2026-08-30T04:52:04.458210395Z,17.076203,132.581726,Cloud to Ground,-60353,0,12
2026-08-30T04:52:04.457516508Z,17.070024,132.584453,Cloud to Ground,-20650,0,13
2026-08-30T04:52:04.471632834Z,17.089176,132.574125,Cloud to Ground,-15793,0,14
2026-08-30T04:52:04.520417389Z,17.047292,132.592535,Cloud to Cloud,-12140,7863,7
2026-08-30T04:52:04.467566843Z,17.077453,132.577828,Cloud to Cloud,-12014,3167,11
2026-08-30T04:52:05.892527113Z,19.436099,115.039239,Cloud to Ground,24636,0,12
2026-08-30T04:52:06.873631231Z,16.595329,120.228539,Cloud to Cloud,6582,10016,9
2026-08-30T04:52:06.862537926Z,16.600996,120.223134,Cloud to Cloud,7316,19232,12
2026-08-30T04:52:07.292810769Z,15.100971,121.258003,Cloud to Ground,-38282,0,12
2026-08-30T04:52:07.543669434Z,15.057911,121.400553,Cloud to Cloud,-8850,6717,7
2026-08-30T04:52:07.547357273Z,15.116167,121.346913,Cloud to Cloud,-5710,5945,8
2026-08-30T04:52:07.290708101Z,15.032057,121.300177,Cloud to Cloud,29155,14269,9
2026-08-30T04:52:09.381141678Z,17.404676,113.233885,Cloud to Cloud,-21847,19458,12
2026-08-30T04:52:09.518938868Z,17.409559,113.265973,Cloud to Cloud,-9881,3073,7
2026-08-30T04:52:09.251647351Z,17.44552,113.307502,Cloud to Ground,-9495,0,8
2026-08-30T04:52:09.164387422Z,17.410784,113.16064,Cloud to Cloud,7077,17609,10
2026-08-30T04:52:09.184462976Z,21.801803,112.823865,Cloud to Cloud,19388,3019,11
2026-08-30T04:52:09.507362830Z,17.534003,113.211386,Cloud to Ground,-5983,0,6
2026-08-30T04:52:10.462915942Z,19.667274,114.494982,Cloud to Ground,-50947,0,13
2026-08-30T04:52:10.873039778Z,14.566175,121.15621,Cloud to Cloud,-5802,5796,6
2026-08-30T04:52:10.865983209Z,14.507878,121.133239,Cloud to Cloud,3871,16388,5
2026-08-30T04:52:11.315619972Z,21.77312,112.474634,Cloud to Cloud,-12032,19981,9
2026-08-30T04:52:11.374218387Z,21.76474,112.467973,Cloud to Ground,-11376,0,6
2026-08-30T04:52:12.513945550Z,18.64197,117.821506,Cloud to Ground,-31189,0,10
2026-08-30T04:52:13.183884498Z,17.491302,133.252368,Cloud to Ground,-45017,0,16
2026-08-30T04:52:13.189930650Z,17.486958,133.232158,Cloud to Ground,-12239,0,6
2026-08-30T04:52:13.182412000Z,17.5158,133.2315,Cloud to Ground,38425,0,5
2026-08-30T04:52:14.764481946Z,17.717554,128.626411,Cloud to Cloud,-4706,5471,7
2026-08-30T04:52:14.640457772Z,17.71559,128.651379,Cloud to Cloud,20021,10487,12
2026-08-30T04:52:15.274486412Z,17.66184,128.765665,Cloud to Ground,-15123,0,10
2026-08-30T04:52:14.723183077Z,17.65837,128.748252,Cloud to Ground,17860,0,8
2026-08-30T04:52:15.914900963Z,19.954481,122.796918,Cloud to Ground,10761,0,10
2026-08-30T04:52:15.937819347Z,19.513308,122.90873,Cloud to Cloud,-12158,19954,9
2026-08-30T04:52:15.299279101Z,19.850296,122.734999,Cloud to Cloud,16474,5255,7
2026-08-30T04:52:15.093249835Z,19.838933,122.766121,Cloud to Ground,27028,0,8
2026-08-30T04:52:15.372551005Z,19.622206,122.75041,Cloud to Ground,-102499,0,13
2026-08-30T04:52:15.073160000Z,19.736,122.7402,Cloud to Ground,-46979,0,7
2026-08-30T04:52:15.811136103Z,19.675227,122.809967,Cloud to Ground,-13274,0,9
2026-08-30T04:52:15.378065950Z,19.674535,122.885803,Cloud to Ground,-10877,0,9
2026-08-30T04:52:15.091739075Z,19.686498,122.73532,Cloud to Cloud,-10387,10164,10
2026-08-30T04:52:15.076438348Z,19.662492,122.884155,Cloud to Cloud,6864,7846,9
2026-08-30T04:52:15.359763965Z,19.672012,122.869672,Cloud to Cloud,11612,7962,10
2026-08-30T04:52:15.373795060Z,19.673691,122.87111,Cloud to Ground,13567,0,18
2026-08-30T04:52:15.373331349Z,19.654363,122.776569,Cloud to Ground,28915,0,14
2026-08-30T04:52:15.483042559Z,17.686744,128.666397,Cloud to Ground,16259,0,9
2026-08-30T04:52:16.446125951Z,16.792466,127.575018,Cloud to Cloud,-13668,3045,9
2026-08-30T04:52:16.445028524Z,16.719322,127.595114,Cloud to Ground,14294,0,7
2026-08-30T04:52:16.981263161Z,20.185876,113.509423,Cloud to Ground,18364,0,10
2026-08-30T04:52:16.811945620Z,20.176763,113.396387,Cloud to Ground,16724,0,10
2026-08-30T04:52:16.185438879Z,19.465951,122.792339,Cloud to Ground,-44570,0,17
2026-08-30T04:52:18.096533603Z,18.490523,119.685462,Cloud to Cloud,15469,15508,11
2026-08-30T04:52:18.098702000Z,18.5064,119.5865,Cloud to Ground,24908,0,5
2026-08-30T04:52:18.914811535Z,19.445208,115.048801,Cloud to Cloud,-12229,6004,8
2026-08-30T04:52:19.178030385Z,19.452062,115.04069,Cloud to Cloud,9412,3108,5
2026-08-30T04:52:19.433204805Z,19.511126,115.049873,Cloud to Cloud,11728,3064,7
2026-08-30T04:52:19.085199172Z,19.438263,115.056614,Cloud to Cloud,17217,7360,8
2026-08-30T04:52:19.026599838Z,21.877452,113.16802,Cloud to Cloud,6910,15456,8
2026-08-30T04:52:19.021505044Z,21.920589,113.269904,Cloud to Cloud,-15494,3083,9
2026-08-30T04:52:19.022050817Z,21.882071,113.283321,Cloud to Ground,11290,0,9
2026-08-30T04:52:20.495544826Z,18.98764,118.496203,Cloud to Ground,-35367,0,12
2026-08-30T04:52:20.903861201Z,19.000727,118.484064,Cloud to Ground,-21744,0,12
2026-08-30T04:52:20.634225334Z,18.995979,118.486438,Cloud to Ground,-18362,0,11
2026-08-30T04:52:21.093943236Z,18.994929,118.481567,Cloud to Ground,-14266,0,12
2026-08-30T04:52:20.475974943Z,19.067445,118.509831,Cloud to Cloud,-13665,3001,7
2026-08-30T04:52:20.667539450Z,18.999356,118.481657,Cloud to Ground,-5687,0,7
2026-08-30T04:52:20.609143432Z,18.997395,118.488496,Cloud to Ground,14479,0,6
2026-08-30T04:52:20.629220209Z,18.996974,118.455788,Cloud to Ground,23259,0,11
2026-08-30T04:52:20.281888130Z,17.59363,113.109258,Cloud to Cloud,-15203,3031,8
2026-08-30T04:52:20.215359961Z,17.455602,113.266343,Cloud to Cloud,-16268,3040,10
2026-08-30T04:52:21.508263392Z,19.343751,114.665592,Cloud to Ground,10662,0,10
2026-08-30T04:52:21.328684230Z,19.363597,114.627749,Cloud to Cloud,17758,6940,8
2026-08-30T04:52:22.573057591Z,18.797251,118.299562,Cloud to Cloud,-5285,16479,8
2026-08-30T04:52:22.503427698Z,18.866204,118.306545,Cloud to Cloud,5561,19332,8
2026-08-30T04:52:22.950223767Z,21.770333,112.948373,Cloud to Cloud,-13610,3002,9
2026-08-30T04:52:22.947423877Z,21.710601,113.004995,Cloud to Cloud,-10405,3040,10
2026-08-30T04:52:22.944041422Z,21.727889,112.989048,Cloud to Cloud,7532,3014,8
2026-08-30T04:52:27.604776460Z,19.344448,114.933296,Cloud to Cloud,-14299,4249,12
2026-08-30T04:52:27.645594450Z,19.328404,114.940231,Cloud to Cloud,-11936,3359,7
2026-08-30T04:52:27.641890885Z,19.346091,114.91861,Cloud to Cloud,-11302,3023,7
2026-08-30T04:52:27.602159415Z,19.335813,114.926695,Cloud to Ground,32456,0,9
2026-08-30T04:52:28.302931368Z,9.091455,117.976349,Cloud to Ground,-14106,0,8
2026-08-30T04:52:28.721044902Z,17.825172,113.877749,Cloud to Ground,-15416,0,10
2026-08-30T04:52:28.726575627Z,17.760132,113.816998,Cloud to Cloud,-11015,18889,12
2026-08-30T04:52:28.535414625Z,17.759824,113.716922,Cloud to Ground,9059,0,10
2026-08-30T04:52:28.504492040Z,17.768534,113.799478,Cloud to Ground,25280,0,15
2026-08-30T04:52:30.886892027Z,18.694743,114.517036,Cloud to Cloud,-12450,16631,11
2026-08-30T04:52:31.000136360Z,18.72928,114.524677,Cloud to Ground,-5019,0,7
2026-08-30T04:52:30.886139995Z,18.721085,114.530241,Cloud to Ground,20369,0,12
2026-08-30T04:52:31.465597170Z,20.268634,113.889362,Cloud to Cloud,-12181,17485,7
2026-08-30T04:52:31.667848918Z,17.45679,113.300518,Cloud to Ground,-15630,0,10
2026-08-30T04:52:32.095527591Z,17.462955,113.294459,Cloud to Ground,-12201,0,5
2026-08-30T04:52:31.724968341Z,17.456334,113.299294,Cloud to Ground,-9217,0,8
2026-08-30T04:52:31.727710699Z,17.455877,113.25455,Cloud to Cloud,13468,6050,8
2026-08-30T04:52:31.725992188Z,17.472376,113.276654,Cloud to Cloud,14538,6979,8
2026-08-30T04:52:31.844031024Z,17.412616,113.293952,Cloud to Cloud,16333,5968,7
2026-08-30T04:52:31.793099831Z,17.445944,113.303041,Cloud to Ground,49339,0,14
2026-08-30T04:52:31.577833279Z,17.45474,113.298541,Cloud to Ground,69486,0,18
2026-08-30T04:52:31.817961589Z,18.719571,116.37476,Cloud to Cloud,10546,3016,8
2026-08-30T04:52:32.120948998Z,18.567017,116.331703,Cloud to Cloud,-10519,5890,8
2026-08-30T04:52:32.609345379Z,19.64231,114.495919,Cloud to Cloud,12227,3010,12
2026-08-30T04:52:33.763551056Z,18.763126,114.686518,Cloud to Cloud,10982,3729,8
2026-08-30T04:52:34.118757862Z,18.925219,114.652798,Cloud to Cloud,-8444,3016,7
2026-08-30T04:52:33.766656073Z,18.919201,114.647263,Cloud to Cloud,-7873,3819,9
2026-08-30T04:52:33.762774142Z,19.011355,114.657538,Cloud to Cloud,24048,3947,6
2026-08-30T04:52:36.185894039Z,18.454057,116.535183,Cloud to Cloud,-6593,16341,6
2026-08-30T04:52:37.845819074Z,19.336866,118.747735,Cloud to Ground,-40476,0,11
2026-08-30T04:52:37.941489440Z,19.348006,118.790637,Cloud to Ground,-31905,0,14
2026-08-30T04:52:37.799631954Z,19.310637,118.79069,Cloud to Ground,-25269,0,12
2026-08-30T04:52:38.076423671Z,19.344468,118.75,Cloud to Ground,-21826,0,10
2026-08-30T04:52:37.710938878Z,19.346257,118.786656,Cloud to Ground,-21087,0,10
2026-08-30T04:52:38.077401804Z,19.362655,118.756825,Cloud to Cloud,-17295,3678,18
2026-08-30T04:52:38.306388332Z,19.352956,118.790813,Cloud to Ground,-10059,0,8
2026-08-30T04:52:38.075951736Z,19.340476,118.797203,Cloud to Cloud,8726,15457,7
2026-08-30T04:52:38.326388000Z,19.3789,118.6624,Cloud to Ground,12397,0,5
2026-08-30T04:52:38.095872814Z,3.02621,112.853333,Cloud to Ground,11162,0,9
2026-08-30T04:52:38.936711524Z,18.502725,117.491581,Cloud to Cloud,12048,9760,6
2026-08-30T04:52:39.990903900Z,19.709677,114.813525,Cloud to Cloud,-27103,3137,10
2026-08-30T04:52:39.692251946Z,19.64861,114.851669,Cloud to Cloud,13706,3111,8
2026-08-30T04:52:39.807784272Z,19.671269,114.841826,Cloud to Ground,28861,0,10
2026-08-30T04:52:39.686493859Z,19.091878,118.603076,Cloud to Ground,-73736,0,14
2026-08-30T04:52:39.971057990Z,19.081344,118.587576,Cloud to Ground,-19959,0,8
2026-08-30T04:52:39.823002793Z,19.075942,118.544529,Cloud to Cloud,-17178,3709,7
2026-08-30T04:52:39.988013072Z,19.068187,118.571119,Cloud to Cloud,14681,3005,8
2026-08-30T04:52:39.215251575Z,22.035537,113.26063,Cloud to Cloud,-31226,3046,13
2026-08-30T04:52:39.262482351Z,22.01966,113.310835,Cloud to Cloud,-21511,3026,7
2026-08-30T04:52:39.271365023Z,22.001785,113.234796,Cloud to Cloud,-19657,5030,10
2026-08-30T04:52:39.263787551Z,22.030384,113.27704,Cloud to Ground,-18750,0,7
2026-08-30T04:52:39.266984172Z,22.005288,113.286804,Cloud to Cloud,20189,5402,7
2026-08-30T04:52:39.697785391Z,19.646426,114.740678,Cloud to Ground,13760,0,7
2026-08-30T04:52:40.150421569Z,18.541712,119.565071,Cloud to Ground,-15653,0,12
2026-08-30T04:52:43.313957541Z,16.963024,132.211127,Cloud to Ground,15672,0,9
2026-08-30T04:52:43.036464914Z,16.992351,132.324705,Cloud to Ground,-63456,0,14
2026-08-30T04:52:43.037120475Z,17.004308,132.326162,Cloud to Ground,-62711,0,18
2026-08-30T04:52:43.271367598Z,16.990931,132.32247,Cloud to Ground,-25992,0,14
2026-08-30T04:52:43.045208280Z,17.028752,132.309606,Cloud to Ground,-20519,0,13
2026-08-30T04:52:43.035337714Z,17.000029,132.31915,Cloud to Ground,-19529,0,11
2026-08-30T04:52:43.301091682Z,16.98307,132.330348,Cloud to Ground,16445,0,14
2026-08-30T04:52:45.698173815Z,20.033124,114.490479,Cloud to Cloud,-17123,12514,12
2026-08-30T04:52:45.574791386Z,19.951925,114.590717,Cloud to Cloud,-14371,5534,8
2026-08-30T04:52:45.862480957Z,19.979093,114.610452,Cloud to Cloud,8546,3026,7
2026-08-30T04:52:45.845333707Z,20.046014,114.631483,Cloud to Ground,10450,0,7
2026-08-30T04:52:45.548103266Z,19.949839,114.469879,Cloud to Cloud,15617,3006,8
2026-08-30T04:52:45.542897376Z,19.967471,114.51242,Cloud to Ground,34517,0,8
2026-08-30T04:52:45.542300077Z,19.956655,114.611041,Cloud to Ground,39500,0,10
2026-08-30T04:52:45.406416439Z,19.769854,115.044648,Cloud to Ground,-30523,0,18
2026-08-30T04:52:45.193523305Z,19.7785,115.087779,Cloud to Cloud,8506,10651,7
2026-08-30T04:52:50.277588912Z,9.075628,117.92332,Cloud to Cloud,-7119,17392,8
2026-08-30T04:52:50.193670305Z,17.519764,113.225299,Cloud to Ground,-6590,0,6
2026-08-30T04:52:50.123424225Z,17.424525,113.243408,Cloud to Ground,-11973,0,9
2026-08-30T04:52:49.946175202Z,17.40796,113.259687,Cloud to Ground,-9816,0,6
2026-08-30T04:52:49.543803550Z,17.423218,113.229104,Cloud to Ground,-8623,0,6
2026-08-30T04:52:49.562918881Z,17.41698,113.239578,Cloud to Cloud,-6014,3027,6
2026-08-30T04:52:52.536896827Z,19.089029,118.495244,Cloud to Cloud,-16242,3004,8
2026-08-30T04:52:52.776879211Z,18.99946,118.483159,Cloud to Cloud,-13529,16399,7
2026-08-30T04:52:52.916966063Z,19.002568,118.465695,Cloud to Cloud,-11589,18592,6
2026-08-30T04:52:52.646954848Z,19.047485,118.430773,Cloud to Ground,-10364,0,10
2026-08-30T04:52:52.943518948Z,18.974839,118.517082,Cloud to Cloud,-9997,7773,8
2026-08-30T04:52:52.442916724Z,18.998389,118.481793,Cloud to Cloud,10740,3009,6
2026-08-30T04:52:52.878788327Z,18.994932,118.485004,Cloud to Cloud,13538,3695,12
2026-08-30T04:52:52.416329917Z,18.989107,118.484279,Cloud to Cloud,28448,16377,14
2026-08-30T04:52:52.484467000Z,20.0695,115.355,Cloud to Ground,-13858,0,5
2026-08-30T04:52:53.288970585Z,17.465511,133.117198,Cloud to Cloud,-25320,6324,13
2026-08-30T04:52:53.336580446Z,17.471201,133.137497,Cloud to Ground,-10756,0,8
2026-08-30T04:52:53.131900120Z,20.211995,113.748907,Cloud to Cloud,-9830,14729,6
2026-08-30T04:52:54.226680000Z,18.4311,113.929,Cloud to Ground,-38831,0,5
2026-08-30T04:52:54.253360280Z,18.500965,113.931532,Cloud to Ground,-14993,0,12
2026-08-30T04:52:54.753156786Z,18.490541,113.946182,Cloud to Cloud,-14080,3051,6
2026-08-30T04:52:54.234619951Z,18.502681,113.872781,Cloud to Cloud,-13619,3239,7
2026-08-30T04:52:54.697025940Z,18.554347,113.880139,Cloud to Ground,-12816,0,7
2026-08-30T04:52:54.237219225Z,18.499165,113.929584,Cloud to Ground,-11840,0,9
2026-08-30T04:52:54.731703831Z,18.527073,113.975985,Cloud to Cloud,-11219,6580,7
2026-08-30T04:52:54.696150806Z,18.500803,113.797638,Cloud to Cloud,14492,4590,12
2026-08-30T04:52:54.228948490Z,18.491612,113.937648,Cloud to Ground,21814,0,8
2026-08-30T04:52:54.226209204Z,18.519343,113.922836,Cloud to Ground,24365,0,14
2026-08-30T04:52:55.630447852Z,19.027552,114.636241,Cloud to Cloud,-43791,11917,11
2026-08-30T04:52:55.624027385Z,19.013278,114.620767,Cloud to Cloud,-31043,18395,14
2026-08-30T04:52:55.621348057Z,19.002544,114.625658,Cloud to Ground,29107,0,9
2026-08-30T04:52:55.629876766Z,18.994035,114.624121,Cloud to Ground,116627,0,12
2026-08-30T04:52:55.630172000Z,19.8719,115.0215,Cloud to Ground,105836,0,5
2026-08-30T04:52:56.987790806Z,3.055599,112.808691,Cloud to Ground,15158,0,9
2026-08-30T04:52:57.474966867Z,19.159596,114.818417,Cloud to Ground,40978,0,12
2026-08-30T04:52:57.949227654Z,17.023855,131.834393,Cloud to Cloud,-18314,16229,16
2026-08-30T04:52:57.965878835Z,16.986903,131.860297,Cloud to Ground,-15168,0,10
2026-08-30T04:52:57.948357722Z,17.020456,131.868867,Cloud to Ground,10068,0,11
2026-08-30T04:52:58.012773203Z,17.021727,131.830158,Cloud to Ground,24012,0,11
2026-08-30T04:52:58.657396000Z,22.9063,113.1205,Cloud to Ground,-61146,0,5
2026-08-30T04:52:59.199195543Z,22.834859,113.29985,Cloud to Ground,-47039,0,12
2026-08-30T04:52:59.419058571Z,22.838081,113.301578,Cloud to Ground,-27361,0,13
2026-08-30T04:52:58.822595444Z,22.931917,113.14363,Cloud to Cloud,-22487,3124,9
2026-08-30T04:52:59.250401318Z,22.833573,113.301162,Cloud to Ground,-18253,0,11
2026-08-30T04:52:59.481546947Z,22.834155,113.302437,Cloud to Ground,-17110,0,8
2026-08-30T04:52:58.530121015Z,22.916365,113.131381,Cloud to Cloud,-10735,6131,9
2026-08-30T04:52:59.747374553Z,22.835652,113.302563,Cloud to Ground,-10070,0,9
2026-08-30T04:52:59.614340356Z,22.832271,113.221722,Cloud to Ground,12823,0,8
2026-08-30T04:52:58.812433696Z,22.91493,113.232615,Cloud to Cloud,13738,3093,6
2026-08-30T04:52:59.832103000Z,22.7983,113.379,Cloud to Ground,23900,0,6
2026-08-30T04:52:59.555370000Z,22.849,113.2541,Cloud to Ground,31087,0,10
2026-08-30T04:52:59.336313000Z,22.8584,113.265,Cloud to Ground,34621,0,5
2026-08-30T04:52:59.005317671Z,22.98656,112.978332,Cloud to Cloud,12987,3275,8
2026-08-30T04:53:01.021926000Z,22.040956,113.324903,Cloud to Cloud,-9836,3046,7
2026-08-30T04:53:01.033047148Z,22.031677,113.320901,Cloud to Cloud,-8176,5332,6
2026-08-30T04:53:01.219668074Z,22.072807,113.254118,Cloud to Cloud,10015,3049,7
2026-08-30T04:53:02.435060839Z,3.008275,112.850555,Cloud to Ground,15614,0,14
2026-08-30T04:53:02.585584051Z,20.246946,113.780029,Cloud to Cloud,-9130,19202,7
2026-08-30T04:53:02.553981924Z,20.273035,113.807813,Cloud to Ground,-8326,0,7
2026-08-30T04:53:02.518643851Z,20.261711,113.81211,Cloud to Ground,13529,0,10
2026-08-30T04:53:02.655038738Z,20.255157,113.81965,Cloud to Ground,41767,0,14
2026-08-30T04:53:02.479173403Z,15.161975,120.313897,Cloud to Cloud,5156,12260,7
2026-08-30T04:53:03.367700493Z,19.426445,115.054759,Cloud to Cloud,-8722,15018,11
2026-08-30T04:53:03.165092120Z,19.431175,115.048693,Cloud to Cloud,7141,7853,12
2026-08-30T04:53:03.673615252Z,19.148297,116.005434,Cloud to Cloud,-11032,16181,12
2026-08-30T04:53:03.248814783Z,19.151456,116.009253,Cloud to Ground,-9392,0,6
2026-08-30T04:53:03.161649231Z,19.149535,116.007469,Cloud to Cloud,-8131,15209,7
2026-08-30T04:53:03.703002599Z,18.928707,114.598991,Cloud to Cloud,-10279,7346,8
2026-08-30T04:53:04.976136453Z,16.782113,127.666774,Cloud to Ground,-26014,0,24
2026-08-30T04:53:04.898479038Z,16.840293,127.666911,Cloud to Ground,-17571,0,15
2026-08-30T04:53:04.946528663Z,16.798504,127.830201,Cloud to Ground,-55230,0,15
2026-08-30T04:53:04.894934070Z,16.731114,127.872476,Cloud to Cloud,-46933,7115,15
2026-08-30T04:53:04.986909776Z,16.811437,127.868856,Cloud to Cloud,20743,6924,10
2026-08-30T04:53:05.687618648Z,18.876363,117.84266,Cloud to Cloud,8227,4068,9
2026-08-30T04:53:06.066288073Z,15.96448,129.643115,Cloud to Cloud,14075,3986,7
2026-08-30T04:53:06.180800338Z,19.27065,118.681554,Cloud to Cloud,-6667,13795,9
2026-08-30T04:53:06.188894485Z,19.289823,118.686209,Cloud to Cloud,2768,17831,5
2026-08-30T04:53:06.168334162Z,19.286852,118.682608,Cloud to Cloud,7609,3029,8
2026-08-30T04:53:10.937404604Z,18.350248,116.644191,Cloud to Ground,32756,0,13
2026-08-30T04:53:11.014226542Z,9.096897,117.95407,Cloud to Cloud,5943,3007,7
2026-08-30T04:53:11.255040872Z,18.015589,113.645133,Cloud to Ground,-25118,0,10
2026-08-30T04:53:11.262481190Z,18.013607,113.627929,Cloud to Cloud,-9348,4974,10
2026-08-30T04:53:11.256341126Z,18.003167,113.650913,Cloud to Cloud,-6927,3018,8
2026-08-30T04:53:11.254416528Z,18.007393,113.645659,Cloud to Cloud,11498,3504,7
2026-08-30T04:53:12.973879028Z,19.360887,114.568141,Cloud to Cloud,-8182,3055,10
2026-08-30T04:53:12.848986061Z,19.352705,114.639351,Cloud to Cloud,-6884,3079,8
2026-08-30T04:53:13.738461958Z,18.629022,114.149762,Cloud to Cloud,-25037,5403,13
2026-08-30T04:53:13.739735921Z,18.640054,114.135785,Cloud to Cloud,-13820,4988,11
2026-08-30T04:53:13.831196510Z,18.585777,114.115988,Cloud to Cloud,-12996,6692,13
2026-08-30T04:53:14.158200945Z,18.632348,114.159194,Cloud to Ground,-12543,0,8
2026-08-30T04:53:13.741241035Z,18.634606,114.127279,Cloud to Cloud,-11769,5233,13
2026-08-30T04:53:13.740270000Z,18.626289,114.038194,Cloud to Ground,19797,0,11
2026-08-30T04:53:14.857828107Z,3.03193,112.842302,Cloud to Ground,-14516,0,5
2026-08-30T04:53:13.920208226Z,18.746013,119.377265,Cloud to Cloud,5427,5936,10
2026-08-30T04:53:14.047512052Z,18.738648,119.286582,Cloud to Cloud,24457,16828,12
2026-08-30T04:53:17.282396631Z,16.125536,130.594973,Cloud to Cloud,-22935,4157,11
2026-08-30T04:53:17.372304029Z,16.134552,130.616461,Cloud to Cloud,-19884,3822,14
2026-08-30T04:53:17.292367935Z,16.113009,130.603581,Cloud to Cloud,-13840,3355,10
2026-08-30T04:53:17.284071917Z,16.045954,130.649902,Cloud to Cloud,14452,5610,9
2026-08-30T04:53:17.283333283Z,16.133274,130.433096,Cloud to Ground,-55413,0,14
2026-08-30T04:53:17.286602330Z,16.126586,130.484359,Cloud to Ground,19139,0,8
2026-08-30T04:53:17.750607216Z,16.202147,129.502535,Cloud to Cloud,-17684,6760,12
2026-08-30T04:53:17.750044672Z,16.126378,129.542361,Cloud to Cloud,19608,15878,7
2026-08-30T04:53:17.557221793Z,18.759333,118.419314,Cloud to Ground,-8668,0,7
2026-08-30T04:53:17.552684000Z,18.8214,118.3894,Cloud to Ground,-5200,0,6
2026-08-30T04:53:18.118455349Z,16.149817,130.681744,Cloud to Cloud,-63176,17891,13
2026-08-30T04:53:18.146606149Z,16.148697,130.690587,Cloud to Cloud,9733,3087,7
2026-08-30T04:53:18.211061844Z,16.135976,130.69634,Cloud to Ground,25136,0,8
2026-08-30T04:53:22.276425968Z,18.996901,118.491527,Cloud to Ground,-48753,0,8
2026-08-30T04:53:22.448344187Z,19.008305,118.491294,Cloud to Ground,-31807,0,13
2026-08-30T04:53:22.394362697Z,19.00577,118.492999,Cloud to Ground,-21839,0,15
2026-08-30T04:53:22.317712794Z,19.009372,118.486394,Cloud to Ground,-18626,0,11
2026-08-30T04:53:22.578654717Z,19.010159,118.487594,Cloud to Ground,-14344,0,9
2026-08-30T04:53:22.637415000Z,19.0118,118.4439,Cloud to Ground,17286,0,7
2026-08-30T04:53:22.509154268Z,19.017335,118.492694,Cloud to Ground,24270,0,10
2026-08-30T04:53:22.346092960Z,18.988341,118.469291,Cloud to Ground,55099,0,12
2026-08-30T04:53:22.862871780Z,19.432799,114.302561,Cloud to Ground,-22674,0,7
2026-08-30T04:53:23.002151378Z,19.411402,114.287971,Cloud to Cloud,12284,3771,7
2026-08-30T04:53:22.254433873Z,18.618026,116.363147,Cloud to Cloud,16235,3016,10
2026-08-30T04:53:25.094071289Z,18.552622,116.398406,Cloud to Ground,8547,0,8
2026-08-30T04:53:25.095677097Z,18.545723,116.393348,Cloud to Cloud,13616,6122,10
2026-08-30T04:53:25.094682272Z,18.543988,116.391552,Cloud to Ground,31344,0,14
2026-08-30T04:53:26.824329072Z,17.523592,113.341265,Cloud to Cloud,-15039,8441,7
2026-08-30T04:53:26.758817499Z,19.713751,114.459801,Cloud to Cloud,-8945,4287,7
2026-08-30T04:53:27.389643622Z,18.512568,116.683856,Cloud to Cloud,8863,13920,6
2026-08-30T04:53:27.390890061Z,18.528416,116.683025,Cloud to Ground,19928,0,12
2026-08-30T04:53:28.566254042Z,17.079173,132.599555,Cloud to Ground,-21721,0,11
2026-08-30T04:53:28.568842422Z,17.079951,132.58547,Cloud to Ground,-12687,0,9
2026-08-30T04:53:28.562797396Z,17.101299,132.596018,Cloud to Ground,11155,0,7
2026-08-30T04:53:28.592466131Z,17.093592,132.593264,Cloud to Ground,11209,0,7
2026-08-30T04:53:28.972324253Z,18.739152,118.259709,Cloud to Cloud,6708,3013,9
2026-08-30T04:53:28.969087484Z,18.733476,118.245714,Cloud to Cloud,12849,17256,10
2026-08-30T04:53:28.970758572Z,18.728287,118.243118,Cloud to Cloud,14451,5863,8
2026-08-30T04:53:28.333319339Z,17.271355,113.245433,Cloud to Cloud,-20304,3053,10
2026-08-30T04:53:28.363344072Z,17.388219,113.150542,Cloud to Ground,10586,0,6
2026-08-30T04:53:29.760340495Z,18.118538,113.712914,Cloud to Cloud,-19528,11502,9
2026-08-30T04:53:29.752384528Z,18.124749,113.711014,Cloud to Ground,-18478,0,9
2026-08-30T04:53:29.750774790Z,18.116633,113.71055,Cloud to Ground,77343,0,18
2026-08-30T04:53:29.770329811Z,20.162834,114.129277,Cloud to Cloud,-36810,3190,14
2026-08-30T04:53:30.117562100Z,17.5494,113.267438,Cloud to Cloud,-4957,6668,5
2026-08-30T04:53:30.591557589Z,17.621933,113.358819,Cloud to Ground,-11814,0,7
2026-08-30T04:53:30.607644243Z,17.607875,113.358829,Cloud to Cloud,-7670,17534,6
2026-08-30T04:53:30.493770648Z,18.690823,116.784323,Cloud to Cloud,-59066,3026,15
2026-08-30T04:53:30.515341021Z,18.732919,116.808623,Cloud to Cloud,-39802,3060,14
2026-08-30T04:53:30.502506971Z,18.674499,116.772947,Cloud to Ground,-26563,0,7
2026-08-30T04:53:30.663222620Z,18.778052,116.7721,Cloud to Cloud,-22431,19241,7
2026-08-30T04:53:30.955726273Z,18.695907,116.829307,Cloud to Ground,-18333,0,11
2026-08-30T04:53:30.671905538Z,18.686682,116.804664,Cloud to Cloud,-10078,3782,7
2026-08-30T04:53:30.634644474Z,18.684149,116.790515,Cloud to Cloud,-7727,3933,6
2026-08-30T04:53:30.581926203Z,18.659436,116.670527,Cloud to Cloud,13089,3028,7
2026-08-30T04:53:31.851557057Z,18.496585,119.6957,Cloud to Cloud,7578,19700,8
2026-08-30T04:53:33.306840630Z,3.048822,112.884176,Cloud to Ground,26945,0,13
2026-08-30T04:53:33.462524771Z,3.032962,112.875508,Cloud to Ground,39239,0,12
2026-08-30T04:53:34.894274348Z,18.302919,116.621093,Cloud to Cloud,-10974,8943,9
2026-08-30T04:53:34.942729902Z,18.367592,116.628585,Cloud to Cloud,9379,6372,6
2026-08-30T04:53:34.889335108Z,18.342697,116.635563,Cloud to Ground,12362,0,9
2026-08-30T04:53:34.776987623Z,20.181556,113.46764,Cloud to Cloud,-12695,7301,12
2026-08-30T04:53:34.992007551Z,20.273963,113.46354,Cloud to Ground,-12643,0,7
2026-08-30T04:53:34.770651989Z,20.178366,113.399345,Cloud to Ground,13485,0,12
2026-08-30T04:53:34.956034058Z,20.210653,113.49598,Cloud to Ground,33412,0,14
2026-08-30T04:53:35.845089587Z,18.408261,113.810262,Cloud to Ground,9659,0,11
2026-08-30T04:53:35.829350747Z,18.386536,113.820923,Cloud to Ground,24196,0,11
2026-08-30T04:53:35.828223608Z,18.40036,113.892084,Cloud to Ground,98236,0,12
2026-08-30T04:53:35.124174549Z,21.996597,113.28847,Cloud to Ground,-25300,0,15
2026-08-30T04:53:35.173627005Z,22.002938,113.284657,Cloud to Ground,-19789,0,10
2026-08-30T04:53:35.441768000Z,22.0072,113.1961,Cloud to Ground,22697,0,5
2026-08-30T04:53:35.417630484Z,22.018756,113.272827,Cloud to Ground,37403,0,14
2026-08-30T04:53:35.373180075Z,22.009142,113.100245,Cloud to Ground,38928,0,10
2026-08-30T04:53:35.330174090Z,22.004783,113.119833,Cloud to Ground,51545,0,12
2026-08-30T04:53:35.238708000Z,22.0206,113.2695,Cloud to Ground,54360,0,6
2026-08-30T04:53:37.689144533Z,17.889967,113.774753,Cloud to Cloud,-31482,5212,15
2026-08-30T04:53:37.690685457Z,17.880449,113.692385,Cloud to Cloud,6912,3001,6
2026-08-30T04:53:37.703218928Z,17.876922,113.703233,Cloud to Cloud,14603,7545,7
2026-08-30T04:53:37.692103922Z,17.894729,113.651872,Cloud to Ground,20994,0,10
2026-08-30T04:53:37.916406316Z,20.111574,114.57103,Cloud to Cloud,-9246,13010,9
2026-08-30T04:53:37.368623449Z,20.026805,114.53423,Cloud to Cloud,-13135,4676,7
2026-08-30T04:53:40.089991053Z,17.398739,132.664986,Cloud to Ground,-14363,0,11
2026-08-30T04:53:40.319749233Z,19.04241,118.465922,Cloud to Cloud,13396,7089,10
2026-08-30T04:53:40.261549097Z,19.001529,118.655025,Cloud to Ground,-22628,0,15
2026-08-30T04:53:40.246129903Z,19.090425,118.611327,Cloud to Ground,-119892,0,19
2026-08-30T04:53:40.686456035Z,19.091906,118.607532,Cloud to Ground,-22875,0,12
2026-08-30T04:53:40.593132759Z,19.128709,118.592154,Cloud to Cloud,-16327,19574,8
2026-08-30T04:53:40.346858524Z,19.089985,118.582957,Cloud to Cloud,-12316,3022,9
2026-08-30T04:53:40.322027189Z,19.10637,118.592241,Cloud to Cloud,-10558,17924,7
2026-08-30T04:53:40.920128673Z,19.0886,118.598361,Cloud to Cloud,-7061,3021,6
2026-08-30T04:53:40.304164594Z,19.069177,118.589863,Cloud to Ground,35574,0,14
2026-08-30T04:53:40.084263663Z,19.449884,123.122582,Cloud to Cloud,8212,4359,7
2026-08-30T04:53:40.068352108Z,19.454885,123.099096,Cloud to Cloud,9430,14442,7
2026-08-30T04:53:40.121902345Z,18.5546,113.912357,Cloud to Ground,39123,0,14
2026-08-30T04:53:41.723932962Z,17.488137,133.234127,Cloud to Ground,-22600,0,14
2026-08-30T04:53:41.752902352Z,17.497843,133.232717,Cloud to Ground,13712,0,8
2026-08-30T04:53:41.785710624Z,17.497624,133.261532,Cloud to Ground,15002,0,8
2026-08-30T04:53:41.718080683Z,17.492475,133.247224,Cloud to Ground,46402,0,21
2026-08-30T04:53:41.716351318Z,17.478278,133.105643,Cloud to Cloud,12396,3389,8
2026-08-30T04:53:41.158028760Z,19.714759,114.814817,Cloud to Cloud,-23595,3022,7
2026-08-30T04:53:41.176537217Z,19.648443,114.789805,Cloud to Cloud,-11596,14804,6
2026-08-30T04:53:41.166585747Z,19.652279,114.783115,Cloud to Ground,22091,0,18
2026-08-30T04:53:41.158503703Z,19.667309,114.782299,Cloud to Cloud,71675,3001,12
2026-08-30T04:53:41.373926255Z,19.520016,115.005981,Cloud to Cloud,-21195,19991,8
2026-08-30T04:53:41.498990250Z,19.41873,115.066544,Cloud to Cloud,-9007,7457,7
2026-08-30T04:53:41.202543748Z,19.447291,115.048459,Cloud to Cloud,12446,3008,7
2026-08-30T04:53:41.047898096Z,21.856534,113.245487,Cloud to Cloud,-14651,3011,7
2026-08-30T04:53:41.455301251Z,21.869092,113.238878,Cloud to Cloud,5864,16579,8
2026-08-30T04:53:41.039620210Z,21.870145,113.220267,Cloud to Ground,7927,0,7
2026-08-30T04:53:41.042522404Z,21.870235,113.242032,Cloud to Cloud,12254,19827,10
2026-08-30T04:53:42.949106485Z,15.114997,121.246359,Cloud to Cloud,4762,8198,5
2026-08-30T04:53:42.941058518Z,15.108291,121.252251,Cloud to Cloud,12907,12618,6
2026-08-30T04:53:43.113478769Z,15.076598,121.374628,Cloud to Cloud,-8162,7092,6
2026-08-30T04:53:45.084413847Z,19.951119,114.901494,Cloud to Cloud,-13331,3071,8
2026-08-30T04:53:45.080686312Z,19.956725,114.924555,Cloud to Cloud,30747,10835,16
2026-08-30T04:53:45.229407399Z,19.922754,114.899725,Cloud to Ground,44018,0,11
2026-08-30T04:53:45.104731255Z,17.767825,113.836899,Cloud to Cloud,-29475,3020,9
2026-08-30T04:53:46.850377730Z,3.127264,112.84754,Cloud to Ground,-49231,0,17
2026-08-30T04:53:46.830864000Z,2.8792,112.8064,Cloud to Ground,-23580,0,7
2026-08-30T04:53:46.337883725Z,16.912923,131.529346,Cloud to Ground,12977,0,9
2026-08-30T04:53:46.427051833Z,16.853297,131.676595,Cloud to Cloud,11364,3531,7
2026-08-30T04:53:46.502917992Z,16.843519,131.632454,Cloud to Ground,34833,0,14
2026-08-30T04:53:47.801890611Z,19.635406,114.511304,Cloud to Cloud,12961,3013,11
2026-08-30T04:53:48.670750302Z,9.107954,117.987011,Cloud to Ground,-16668,0,11
2026-08-30T04:53:48.752606026Z,9.127345,117.96819,Cloud to Cloud,-7603,17514,10
2026-08-30T04:53:48.509971155Z,9.09462,117.976271,Cloud to Cloud,5776,14040,5
2026-08-30T04:53:48.536481959Z,8.997893,117.928454,Cloud to Cloud,11408,13066,7
2026-08-30T04:53:50.682228011Z,17.537128,113.250299,Cloud to Cloud,-12635,4116,9
2026-08-30T04:53:50.289960817Z,17.496949,113.290276,Cloud to Ground,-10983,0,8
2026-08-30T04:53:50.534085225Z,17.491611,113.21963,Cloud to Ground,-10456,0,6
2026-08-30T04:53:50.542699515Z,17.489546,113.220159,Cloud to Cloud,-9856,5071,10
2026-08-30T04:53:50.299925619Z,17.498894,113.295953,Cloud to Cloud,-7582,5692,7
2026-08-30T04:53:50.407496936Z,17.445645,113.274699,Cloud to Cloud,-6940,9099,10
2026-08-30T04:53:50.607009454Z,17.455117,113.263788,Cloud to Cloud,-6042,3006,7
2026-08-30T04:53:50.349097324Z,17.498838,113.271041,Cloud to Cloud,-5923,3005,7
2026-08-30T04:53:50.407935853Z,17.438285,113.261086,Cloud to Cloud,-5766,3099,7
2026-08-30T04:53:50.402553464Z,17.465024,113.291543,Cloud to Cloud,-5648,3021,7
2026-08-30T04:53:50.284304922Z,17.482227,113.189907,Cloud to Ground,13418,0,9
2026-08-30T04:53:50.541395839Z,17.492078,113.191857,Cloud to Ground,15684,0,8
2026-08-30T04:53:51.055932095Z,19.291933,118.726813,Cloud to Ground,-43702,0,14
2026-08-30T04:53:51.446937490Z,19.279658,118.708731,Cloud to Ground,-23669,0,15
2026-08-30T04:53:51.096581329Z,19.286003,118.72519,Cloud to Ground,-22443,0,9
2026-08-30T04:53:51.163568299Z,19.281139,118.699783,Cloud to Ground,-22271,0,18
2026-08-30T04:53:51.181411616Z,19.286142,118.72118,Cloud to Ground,-12757,0,9
2026-08-30T04:53:51.433203292Z,19.302964,118.750973,Cloud to Cloud,-11141,15113,6
2026-08-30T04:53:51.039255196Z,19.292016,118.714288,Cloud to Cloud,-9624,3910,9
2026-08-30T04:53:51.085022864Z,19.278782,118.705315,Cloud to Cloud,8998,7233,7
2026-08-30T04:53:51.638814209Z,19.258508,118.728094,Cloud to Cloud,10217,3004,7
2026-08-30T04:53:51.633625075Z,19.251601,118.698523,Cloud to Ground,38015,0,11
2026-08-30T04:53:54.916501590Z,22.267516,113.40174,Cloud to Cloud,-13124,3597,7
2026-08-30T04:53:54.691022540Z,22.330672,113.404361,Cloud to Cloud,-12101,5930,10
2026-08-30T04:53:54.704339338Z,22.346148,113.348512,Cloud to Cloud,-10074,18329,7
2026-08-30T04:53:54.901838364Z,22.323968,113.374144,Cloud to Cloud,6142,3046,7
2026-08-30T04:53:54.690552508Z,22.308661,113.388663,Cloud to Cloud,15569,13232,12
2026-08-30T04:53:54.839404847Z,22.300445,113.411496,Cloud to Ground,20454,0,11
2026-08-30T04:53:54.689943229Z,22.305673,113.383937,Cloud to Ground,21183,0,19
2026-08-30T04:53:55.886516255Z,19.034342,118.491844,Cloud to Cloud,-13380,3622,8
2026-08-30T04:53:55.850959823Z,19.032551,118.477809,Cloud to Cloud,-11310,17335,6
2026-08-30T04:53:55.495751000Z,19.0646,118.4444,Cloud to Ground,-11184,0,6
2026-08-30T04:53:55.822238943Z,19.012446,118.449562,Cloud to Cloud,-8774,6577,10
2026-08-30T04:53:55.545151836Z,19.023442,118.498542,Cloud to Cloud,-7480,6543,8
2026-08-30T04:53:55.452299732Z,19.026468,118.474343,Cloud to Cloud,2353,9831,5
2026-08-30T04:53:55.862670735Z,19.020209,118.476175,Cloud to Cloud,5367,16469,8
2026-08-30T04:53:55.480738010Z,19.028069,118.480251,Cloud to Cloud,7828,18776,8
2026-08-30T04:53:55.445886612Z,19.024325,118.479075,Cloud to Cloud,9588,19933,10
2026-08-30T04:53:56.510469447Z,18.78529,118.016748,Cloud to Ground,13541,0,8
2026-08-30T04:53:56.156155427Z,18.375905,116.735208,Cloud to Ground,-9502,0,9
2026-08-30T04:53:55.547580220Z,18.374739,116.657003,Cloud to Cloud,9908,10349,9
2026-08-30T04:54:01.171577511Z,20.227725,114.18572,Cloud to Cloud,-14291,3004,8
2026-08-30T04:54:01.018367418Z,20.178322,114.119315,Cloud to Ground,-12868,0,11
2026-08-30T04:54:01.001077819Z,20.199191,114.120073,Cloud to Cloud,9646,7889,10
2026-08-30T04:54:01.002615046Z,20.140258,114.082739,Cloud to Cloud,10590,13391,9
2026-08-30T04:54:00.898325607Z,20.169677,114.132688,Cloud to Ground,41293,0,16
2026-08-30T04:54:01.939296549Z,20.380761,114.450521,Cloud to Cloud,-11793,7319,8
2026-08-30T04:54:01.631168078Z,20.390869,114.40779,Cloud to Cloud,-11255,3485,11
2026-08-30T04:54:01.754536233Z,20.366311,114.437436,Cloud to Cloud,8451,19278,7
2026-08-30T04:54:01.757135581Z,20.455044,114.396783,Cloud to Cloud,10616,3007,9
2026-08-30T04:54:01.907713356Z,20.389389,114.453176,Cloud to Ground,37078,0,14
2026-08-30T04:54:01.136399800Z,20.138541,113.936877,Cloud to Ground,-28332,0,12
2026-08-30T04:54:01.696352950Z,20.055847,114.402997,Cloud to Ground,26399,0,10
2026-08-30T04:54:01.106691799Z,19.418969,115.051268,Cloud to Ground,-11488,0,6
2026-08-30T04:54:02.744009315Z,22.968509,115.235792,Cloud to Cloud,8514,10547,8
2026-08-30T04:54:02.502711997Z,22.147733,113.211983,Cloud to Ground,-9306,0,8
2026-08-30T04:54:02.569315575Z,22.106209,113.265755,Cloud to Cloud,-8234,17393,5
2026-08-30T04:54:02.536557742Z,22.125109,113.314841,Cloud to Cloud,14688,16206,8
2026-08-30T04:54:03.291355263Z,22.130268,113.334312,Cloud to Cloud,-53661,5013,17
2026-08-30T04:54:03.209767661Z,22.053919,113.379682,Cloud to Cloud,-8379,6905,7
2026-08-30T04:54:02.872141267Z,22.012964,113.278547,Cloud to Cloud,-8273,6977,7
2026-08-30T04:54:03.012601400Z,22.038682,113.360476,Cloud to Ground,13240,0,11
2026-08-30T04:54:04.882164509Z,20.179999,113.580558,Cloud to Cloud,-7506,3009,8
2026-08-30T04:54:04.886458691Z,20.20067,113.603569,Cloud to Cloud,13998,11333,14
2026-08-30T04:54:04.883419590Z,20.164485,113.627359,Cloud to Cloud,18365,3016,12
2026-08-30T04:54:05.455860498Z,19.113076,116.036195,Cloud to Cloud,6003,3055,9
2026-08-30T04:54:05.085451706Z,20.317725,113.657727,Cloud to Cloud,-12041,3008,7
2026-08-30T04:54:06.131989813Z,16.564255,120.448964,Cloud to Cloud,4921,8702,7
2026-08-30T04:54:06.567477287Z,16.575892,120.43396,Cloud to Cloud,6800,3045,12
2026-08-30T04:54:06.551941870Z,16.564339,120.440243,Cloud to Cloud,7583,4994,12
2026-08-30T04:54:06.631080815Z,16.546729,120.486238,Cloud to Cloud,9408,6296,10
2026-08-30T04:54:07.409489710Z,4.86387,113.020286,Cloud to Ground,-15025,0,8
2026-08-30T04:54:07.477099127Z,2.98922,112.833547,Cloud to Ground,-12306,0,5
2026-08-30T04:54:07.968889350Z,19.637447,122.828117,Cloud to Cloud,15404,13433,13
2026-08-30T04:54:07.971134448Z,19.68814,122.759073,Cloud to Ground,28662,0,16
2026-08-30T04:54:13.387925591Z,19.269832,116.189313,Cloud to Ground,-18290,0,13
2026-08-30T04:54:14.850909730Z,19.438236,115.052932,Cloud to Cloud,6941,6684,8
2026-08-30T04:54:15.624895687Z,18.922748,114.652754,Cloud to Cloud,-31628,6528,13
2026-08-30T04:54:15.617961800Z,18.930249,114.653833,Cloud to Cloud,-12418,14397,14
2026-08-30T04:54:15.638957986Z,18.923713,114.656494,Cloud to Cloud,-9881,4285,7
2026-08-30T04:54:16.675906748Z,18.712581,116.39619,Cloud to Cloud,13688,3012,8
2026-08-30T04:54:16.341415363Z,21.902857,113.334482,Cloud to Cloud,-9927,7952,7
2026-08-30T04:54:16.017803215Z,22.063173,113.237345,Cloud to Cloud,-14320,3230,8
2026-08-30T04:54:16.011193516Z,22.017975,113.249999,Cloud to Cloud,-10365,3016,15
2026-08-30T04:54:16.332748142Z,21.9782,113.207092,Cloud to Cloud,-6683,7022,7
2026-08-30T04:54:17.664664691Z,14.303849,122.112587,Cloud to Cloud,11184,6923,9
2026-08-30T04:54:17.684905830Z,14.293089,122.106178,Cloud to Cloud,17102,19901,9
2026-08-30T04:54:17.451019430Z,18.515579,119.690868,Cloud to Ground,-34857,0,15
2026-08-30T04:54:20.226988891Z,16.843381,127.682229,Cloud to Cloud,33930,4860,16
2026-08-30T04:54:20.294203654Z,19.366749,114.938369,Cloud to Ground,-9827,0,9
2026-08-30T04:54:20.282591402Z,19.346264,114.931542,Cloud to Cloud,9068,5495,9
2026-08-30T04:54:20.398368184Z,19.339463,114.936334,Cloud to Cloud,14187,17355,7
2026-08-30T04:54:20.454464366Z,19.344894,114.937218,Cloud to Ground,16269,0,10
2026-08-30T04:54:20.271972000Z,19.3764,114.9068,Cloud to Ground,33376,0,9
2026-08-30T04:54:20.319146504Z,19.36966,114.945541,Cloud to Ground,45247,0,15
2026-08-30T04:54:20.772386251Z,16.587385,120.260637,Cloud to Ground,103081,0,16
2026-08-30T04:54:21.639833733Z,17.493691,113.270438,Cloud to Ground,-12693,0,8
2026-08-30T04:54:21.889965574Z,17.493211,113.269458,Cloud to Ground,-12172,0,6
2026-08-30T04:54:21.633628199Z,17.47038,113.223545,Cloud to Cloud,14633,17974,10
2026-08-30T04:54:21.635307199Z,17.480364,113.283479,Cloud to Cloud,18200,3092,8
2026-08-30T04:54:21.637022680Z,18.334978,114.047469,Cloud to Cloud,12059,3485,7
2026-08-30T04:54:24.466820961Z,18.736346,118.273631,Cloud to Ground,33359,0,10
2026-08-30T04:54:24.672255761Z,19.427848,115.046864,Cloud to Ground,22216,0,10
2026-08-30T04:54:25.198222371Z,19.161003,116.025143,Cloud to Ground,21291,0,9
2026-08-30T04:54:28.798418015Z,16.05211,129.660709,Cloud to Cloud,12868,17989,9
2026-08-30T04:54:28.805664085Z,15.951056,129.693225,Cloud to Cloud,23830,3732,8
2026-08-30T04:54:28.768106711Z,16.05209,129.495478,Cloud to Cloud,-12986,6668,8
2026-08-30T04:54:29.399226541Z,19.087569,118.595765,Cloud to Ground,-74737,0,16
2026-08-30T04:54:29.155679390Z,19.025564,118.496503,Cloud to Ground,-54725,0,13
2026-08-30T04:54:29.560864446Z,19.093055,118.600047,Cloud to Ground,-31595,0,12
2026-08-30T04:54:29.267578494Z,19.015429,118.489228,Cloud to Ground,-29679,0,12
2026-08-30T04:54:29.793128913Z,19.084818,118.594273,Cloud to Ground,-19858,0,13
2026-08-30T04:54:29.825696664Z,19.095917,118.593938,Cloud to Cloud,-11729,16886,6
2026-08-30T04:54:29.423928627Z,19.089677,118.585299,Cloud to Cloud,-10539,4446,6
2026-08-30T04:54:29.423158000Z,19.1199,118.5198,Cloud to Ground,12495,0,6
2026-08-30T04:54:29.300840000Z,19.0757,118.5005,Cloud to Ground,34715,0,5
2026-08-30T04:54:29.456111000Z,19.0691,118.5745,Cloud to Ground,35959,0,7
2026-08-30T04:54:29.337811000Z,19.0325,118.4283,Cloud to Ground,41685,0,6
2026-08-30T04:54:29.735201000Z,19.0906,118.5916,Cloud to Ground,66082,0,10
2026-08-30T04:54:30.721998966Z,18.651475,114.143763,Cloud to Ground,-11243,0,5
2026-08-30T04:54:30.709961012Z,18.644569,114.051494,Cloud to Cloud,11359,3878,8
2026-08-30T04:54:30.706785199Z,18.653381,114.149892,Cloud to Ground,61352,0,16
2026-08-30T04:54:30.707370242Z,18.632041,114.148663,Cloud to Ground,136243,0,13
2026-08-30T04:54:30.676082000Z,2.956,112.8013,Cloud to Ground,44843,0,8
2026-08-30T04:54:34.829018734Z,18.431776,117.485865,Cloud to Cloud,-7313,3235,8
2026-08-30T04:54:34.768420000Z,18.4505,117.4643,Cloud to Ground,-5091,0,6
2026-08-30T04:54:34.775520518Z,18.441896,117.473019,Cloud to Cloud,4341,3064,7
2026-08-30T04:54:34.766984967Z,18.450312,117.47655,Cloud to Cloud,13575,18479,11
2026-08-30T04:54:34.769352417Z,18.438954,117.473204,Cloud to Ground,17924,0,9
2026-08-30T04:54:35.949294688Z,22.133761,113.323554,Cloud to Cloud,23865,3080,10
2026-08-30T04:54:36.404134010Z,18.883966,118.454327,Cloud to Cloud,11391,3481,8
2026-08-30T04:54:36.364936144Z,18.829327,118.488929,Cloud to Cloud,11644,16963,8
2026-08-30T04:54:36.367107670Z,18.795097,118.418502,Cloud to Cloud,11868,16673,10
2026-08-30T04:54:36.363759686Z,18.776631,118.421372,Cloud to Ground,17361,0,8
2026-08-30T04:54:36.938703360Z,20.239358,113.720872,Cloud to Cloud,-17287,19437,10
2026-08-30T04:54:36.616088734Z,20.247324,113.73007,Cloud to Cloud,-11313,3005,8
2026-08-30T04:54:36.581709641Z,20.21647,113.658896,Cloud to Cloud,11622,7731,6
2026-08-30T04:54:36.584544188Z,20.235545,113.650425,Cloud to Ground,19866,0,10
2026-08-30T04:54:36.583435121Z,20.21425,113.740673,Cloud to Ground,66483,0,15
2026-08-30T04:54:36.235126573Z,19.915701,114.64843,Cloud to Cloud,10087,7539,8
2026-08-30T04:54:36.281084305Z,19.88891,114.653164,Cloud to Cloud,16310,3025,8
2026-08-30T04:54:36.233633076Z,19.916754,114.560996,Cloud to Ground,22947,0,11
2026-08-30T04:54:38.521377587Z,18.247666,113.848846,Cloud to Cloud,5885,4270,7
2026-08-30T04:54:38.228762000Z,17.1142,132.6131,Cloud to Ground,15361,0,6
2026-08-30T04:54:39.648760776Z,19.995624,114.542615,Cloud to Cloud,-12902,4393,7
2026-08-30T04:54:46.814992135Z,21.68848,112.784826,Cloud to Ground,-49861,0,9
2026-08-30T04:54:47.004091485Z,21.714007,112.915097,Cloud to Cloud,-17399,19116,12
2026-08-30T04:54:46.997325238Z,21.704496,112.896734,Cloud to Cloud,-12061,7662,10
2026-08-30T04:54:47.005791182Z,21.692851,112.92763,Cloud to Ground,-10201,0,7
2026-08-30T04:54:46.990916770Z,21.691691,112.819611,Cloud to Cloud,-9887,3018,7
2026-08-30T04:54:46.845343445Z,21.686057,112.820772,Cloud to Ground,-9547,0,8
2026-08-30T04:54:47.056883660Z,21.66999,112.909787,Cloud to Cloud,8683,6766,7
2026-08-30T04:54:47.000886814Z,21.676641,112.898137,Cloud to Cloud,9366,7054,7
2026-08-30T04:54:47.002393307Z,21.700862,112.809128,Cloud to Cloud,9489,3022,8
2026-08-30T04:54:47.028192992Z,21.699352,112.968527,Cloud to Ground,12955,0,14
2026-08-30T04:54:46.704205780Z,21.668481,112.824577,Cloud to Ground,24048,0,10
2026-08-30T04:54:46.012413614Z,19.678846,114.521448,Cloud to Cloud,-14856,3016,10
2026-08-30T04:54:46.989666178Z,21.87158,113.191328,Cloud to Cloud,8970,3460,6
2026-08-30T04:54:46.703393777Z,21.794057,112.827427,Cloud to Cloud,25142,3030,10
2026-08-30T04:54:47.308453993Z,19.618941,114.511182,Cloud to Cloud,-12279,6022,8
2026-08-30T04:54:49.272009223Z,19.441301,115.048506,Cloud to Ground,12977,0,11
2026-08-30T04:54:50.034172645Z,3.249076,113.186396,Cloud to Ground,-36163,0,14
2026-08-30T04:54:50.121459182Z,3.295173,113.162977,Cloud to Ground,18971,0,9
2026-08-30T04:54:52.049321379Z,3.049856,112.854346,Cloud to Ground,11448,0,10
2026-08-30T04:54:52.160169615Z,3.04342,112.858087,Cloud to Ground,24853,0,11
2026-08-30T04:54:51.951427826Z,3.102494,112.857471,Cloud to Ground,25787,0,8
2026-08-30T04:54:51.241514053Z,20.205139,114.140479,Cloud to Cloud,-8851,4532,7
2026-08-30T04:54:51.130059743Z,20.236241,114.254092,Cloud to Ground,9492,0,7
2026-08-30T04:54:51.047405327Z,20.214734,114.218197,Cloud to Cloud,10196,7502,9
2026-08-30T04:54:50.882228497Z,20.205601,114.211721,Cloud to Cloud,11179,5369,9
2026-08-30T04:54:51.208071065Z,20.207351,114.067903,Cloud to Ground,14169,0,10
2026-08-30T04:54:51.130881283Z,20.321958,114.170999,Cloud to Cloud,-9342,6626,6
2026-08-30T04:54:51.587260262Z,19.442215,115.046349,Cloud to Cloud,12629,19713,5
2026-08-30T04:54:52.985767040Z,20.166881,113.535521,Cloud to Cloud,-11331,7930,7
2026-08-30T04:54:54.697625315Z,19.157916,114.829179,Cloud to Cloud,-9423,3141,7
2026-08-30T04:54:54.688924386Z,19.242736,114.846924,Cloud to Cloud,13581,6799,8
2026-08-30T04:54:55.247138513Z,20.074442,114.498659,Cloud to Cloud,-18491,6370,12
2026-08-30T04:54:55.476589000Z,20.0827,114.5183,Cloud to Ground,-16220,0,7
2026-08-30T04:54:55.246136630Z,20.077564,114.510088,Cloud to Cloud,-15201,4157,10
2026-08-30T04:54:56.296174628Z,18.50041,119.702453,Cloud to Cloud,-6804,17748,8
2026-08-30T04:54:56.205285075Z,18.499941,119.707866,Cloud to Cloud,4669,7015,7
2026-08-30T04:54:57.002407597Z,19.433729,114.378923,Cloud to Cloud,-9831,7203,10
2026-08-30T04:54:57.301509675Z,19.379896,114.387345,Cloud to Ground,31252,0,19
2026-08-30T04:54:58.377198542Z,18.507945,116.678358,Cloud to Cloud,-19860,7133,11
2026-08-30T04:54:59.065733854Z,18.50035,116.797128,Cloud to Cloud,-15651,3034,7
2026-08-30T04:54:59.068609112Z,18.49071,116.605942,Cloud to Ground,-11032,0,9
2026-08-30T04:54:58.826045445Z,18.534834,116.751809,Cloud to Cloud,7462,3431,9
2026-08-30T04:54:58.373361266Z,18.513496,116.67053,Cloud to Cloud,9968,6698,8
2026-08-30T04:54:58.374762963Z,18.602913,116.69481,Cloud to Cloud,12735,7467,8
2026-08-30T04:54:58.383680101Z,18.596265,116.694191,Cloud to Cloud,15218,14898,7
2026-08-30T04:54:58.378595297Z,18.586313,116.698977,Cloud to Cloud,16297,7055,8
2026-08-30T04:54:58.789102885Z,18.510678,116.746168,Cloud to Ground,34961,0,11
2026-08-30T04:54:58.803525603Z,18.514826,116.738507,Cloud to Ground,46577,0,20
2026-08-30T04:54:59.035208207Z,18.696366,116.435045,Cloud to Ground,39261,0,7
2026-08-30T04:54:59.866059076Z,17.462766,113.273759,Cloud to Ground,25080,0,12
2026-08-30T04:54:59.871119300Z,17.488311,113.147812,Cloud to Cloud,-40691,4800,7
2026-08-30T04:54:59.874946139Z,17.443592,113.142965,Cloud to Ground,19548,0,12
2026-08-30T04:55:00.266875054Z,18.579654,114.009911,Cloud to Cloud,-22515,3029,16
2026-08-30T04:55:00.664176092Z,18.533528,114.021929,Cloud to Cloud,-10582,7691,8
2026-08-30T04:55:00.724486000Z,18.7659,118.2727,Cloud to Ground,9478,0,6
2026-08-30T04:55:01.996219062Z,17.003431,132.244214,Cloud to Ground,-33248,0,15
2026-08-30T04:55:01.496451571Z,17.064043,132.250001,Cloud to Ground,-19845,0,14
2026-08-30T04:55:01.999362676Z,16.997269,132.224855,Cloud to Ground,-11620,0,5
2026-08-30T04:55:01.494921781Z,17.022671,132.347031,Cloud to Ground,-24228,0,16
2026-08-30T04:55:01.503526891Z,17.011523,132.34867,Cloud to Ground,-16192,0,10
2026-08-30T04:55:01.494441144Z,17.019179,132.357867,Cloud to Ground,-14173,0,10
2026-08-30T04:55:01.495579480Z,17.025708,132.337793,Cloud to Ground,26782,0,15
2026-08-30T04:55:01.108687922Z,18.558798,116.370999,Cloud to Ground,17103,0,9
2026-08-30T04:55:01.384988645Z,14.476926,121.19708,Cloud to Cloud,10300,3870,6
2026-08-30T04:55:01.429270661Z,14.558459,121.149125,Cloud to Cloud,11196,4830,8
2026-08-30T04:55:01.168932224Z,14.497237,121.202271,Cloud to Ground,31884,0,14
2026-08-30T04:55:01.167849221Z,14.499028,121.199347,Cloud to Ground,35874,0,10
2026-08-30T04:55:02.726274679Z,21.608452,111.994515,Cloud to Cloud,-17020,3002,9
2026-08-30T04:55:02.725616791Z,21.611493,111.878933,Cloud to Cloud,-12036,7652,7
2026-08-30T04:55:02.784693896Z,21.726111,111.903871,Cloud to Ground,-10035,0,6
2026-08-30T04:55:02.703060189Z,21.639936,111.871706,Cloud to Cloud,8055,18778,8
2026-08-30T04:55:02.727402306Z,21.70451,111.911676,Cloud to Cloud,14218,5672,8
2026-08-30T04:55:02.724056484Z,21.640128,111.937373,Cloud to Cloud,15406,8466,8
2026-08-30T04:55:04.910832004Z,15.193614,120.254733,Cloud to Cloud,4113,15009,8
2026-08-30T04:55:08.549210188Z,17.52287,133.438957,Cloud to Ground,-14641,0,14
2026-08-30T04:55:08.544875053Z,17.520564,133.429527,Cloud to Ground,-13111,0,11
2026-08-30T04:55:08.387116156Z,15.135033,121.562038,Cloud to Cloud,11777,16210,7
2026-08-30T04:55:08.381465523Z,15.237465,121.577853,Cloud to Cloud,17449,3445,8
2026-08-30T04:55:08.383512000Z,15.2171,121.4808,Cloud to Ground,-2799,0,6
2026-08-30T04:55:09.227265250Z,19.030676,118.502109,Cloud to Ground,-50229,0,10
2026-08-30T04:55:09.242720193Z,19.036716,118.482438,Cloud to Ground,-36247,0,18
2026-08-30T04:55:09.574035572Z,19.036627,118.491192,Cloud to Ground,-19581,0,8
2026-08-30T04:55:09.245949978Z,19.03492,118.496005,Cloud to Ground,-12274,0,6
2026-08-30T04:55:09.586966204Z,19.040132,118.493036,Cloud to Ground,-11864,0,8
2026-08-30T04:55:09.179970000Z,19.9261,114.5426,Cloud to Ground,-45614,0,8
2026-08-30T04:55:10.890455147Z,16.160547,129.532938,Cloud to Ground,50220,0,9
2026-08-30T04:55:10.892081219Z,16.185906,129.374828,Cloud to Cloud,-13188,16907,12
2026-08-30T04:55:11.022498904Z,18.667624,114.154613,Cloud to Cloud,-19756,7634,13
2026-08-30T04:55:10.943010404Z,18.644438,114.150481,Cloud to Ground,-18713,0,10
2026-08-30T04:55:12.520699892Z,17.051831,131.855676,Cloud to Ground,-12491,0,7
2026-08-30T04:55:12.519924791Z,17.043249,131.869776,Cloud to Ground,30204,0,15
2026-08-30T04:55:12.200044000Z,16.1433,130.4797,Cloud to Ground,-17204,0,6
2026-08-30T04:55:12.196998375Z,16.090577,130.46873,Cloud to Ground,33493,0,16
2026-08-30T04:55:12.196087497Z,16.092135,130.470043,Cloud to Ground,51337,0,11
2026-08-30T04:55:12.286774879Z,17.388754,113.313078,Cloud to Cloud,-10457,5260,8
2026-08-30T04:55:13.870585304Z,20.006036,114.314062,Cloud to Cloud,11241,19593,10
2026-08-30T04:55:13.869098040Z,19.996543,114.398072,Cloud to Ground,76862,0,8
2026-08-30T04:55:13.234670632Z,18.620838,117.740666,Cloud to Ground,-42129,0,13
2026-08-30T04:55:13.335248898Z,18.617551,117.746431,Cloud to Cloud,-18843,14920,13
2026-08-30T04:55:13.597383290Z,18.669977,116.751616,Cloud to Cloud,-7740,6162,7
2026-08-30T04:55:13.587895663Z,18.681788,116.771974,Cloud to Cloud,-5780,3006,7
2026-08-30T04:55:13.425603126Z,18.681337,116.764265,Cloud to Cloud,3869,12092,5
2026-08-30T04:55:13.697075420Z,18.68979,116.771057,Cloud to Cloud,11642,5133,11
2026-08-30T04:55:13.439395897Z,18.693428,116.795119,Cloud to Ground,22215,0,11
2026-08-30T04:55:14.045549880Z,17.554882,133.209238,Cloud to Ground,-29302,0,24
2026-08-30T04:55:14.044044641Z,17.489603,133.249427,Cloud to Ground,25098,0,8
2026-08-30T04:55:14.043374903Z,17.492711,133.260096,Cloud to Ground,29699,0,15
2026-08-30T04:55:14.318038976Z,19.728274,115.111925,Cloud to Cloud,-10282,5556,7
2026-08-30T04:55:15.332581111Z,19.349023,114.659633,Cloud to Cloud,12162,5917,8
2026-08-30T04:55:15.600347271Z,19.556625,115.092986,Cloud to Cloud,15038,11998,6
2026-08-30T04:55:18.824512063Z,18.84055,119.545506,Cloud to Cloud,-11064,12310,7
2026-08-30T04:55:18.825107550Z,18.792527,119.286907,Cloud to Ground,-7994,0,6
2026-08-30T04:55:19.214247448Z,18.754622,119.393731,Cloud to Cloud,3828,17610,6
2026-08-30T04:55:19.782932217Z,19.13453,118.637854,Cloud to Ground,-71827,0,12
2026-08-30T04:55:19.850235455Z,19.134528,118.639093,Cloud to Ground,-33902,0,12
2026-08-30T04:55:19.800165869Z,19.132907,118.63092,Cloud to Cloud,-20003,18885,15
2026-08-30T04:55:19.767132177Z,19.166504,118.694295,Cloud to Cloud,-11097,16288,7
2026-08-30T04:55:20.417454000Z,19.1664,118.5651,Cloud to Ground,20605,0,6
2026-08-30T04:55:19.865224808Z,19.369861,114.941527,Cloud to Cloud,10778,7513,8
2026-08-30T04:55:19.400202506Z,19.365651,114.935546,Cloud to Ground,24820,0,13
2026-08-30T04:55:19.410983785Z,18.698156,113.763619,Cloud to Cloud,9299,3001,8
2026-08-30T04:55:21.102679115Z,21.772635,112.476924,Cloud to Cloud,11692,8178,7
2026-08-30T04:55:22.860758786Z,19.795011,122.897471,Cloud to Ground,-17741,0,15
2026-08-30T04:55:22.857081055Z,19.797755,122.887921,Cloud to Cloud,6251,3935,6
2026-08-30T04:55:22.861670039Z,19.804952,122.891872,Cloud to Cloud,8537,16984,9
2026-08-30T04:55:22.774454595Z,18.715243,118.041609,Cloud to Cloud,-11468,7890,9
2026-08-30T04:55:24.093346222Z,19.633769,114.490544,Cloud to Cloud,7130,19308,7
2026-08-30T04:55:23.844899636Z,19.64115,114.431084,Cloud to Cloud,13978,3013,10
2026-08-30T04:55:24.294286238Z,9.041033,118.015619,Cloud to Cloud,5383,16798,7
2026-08-30T04:55:26.233414732Z,18.335393,116.666211,Cloud to Cloud,-11501,19522,7
2026-08-30T04:55:26.202097469Z,18.387755,116.624893,Cloud to Cloud,-6841,14305,8
2026-08-30T04:55:26.033943578Z,18.406783,116.671613,Cloud to Cloud,3128,4310,7
2026-08-30T04:55:25.965390009Z,18.391661,116.65459,Cloud to Cloud,8017,7615,6
2026-08-30T04:55:25.882042525Z,18.379583,116.677409,Cloud to Cloud,8220,3057,10
2026-08-30T04:55:26.033487899Z,18.404428,116.679133,Cloud to Cloud,9386,3400,7
2026-08-30T04:55:28.885766831Z,20.208567,114.130735,Cloud to Cloud,-31334,3013,14
2026-08-30T04:55:28.922658855Z,20.225183,114.126958,Cloud to Ground,-14683,0,9
2026-08-30T04:55:28.900748627Z,20.235546,114.119147,Cloud to Ground,-10231,0,7
2026-08-30T04:55:28.966218331Z,20.218889,114.094135,Cloud to Cloud,10057,3054,7
2026-08-30T04:55:28.924341592Z,21.861954,113.240155,Cloud to Cloud,8862,3063,12
2026-08-30T04:55:28.225524624Z,18.774681,118.42315,Cloud to Cloud,12818,13366,7
2026-08-30T04:55:35.042363495Z,17.462776,113.235701,Cloud to Cloud,12016,6488,7
2026-08-30T04:55:35.389772460Z,17.613161,113.447191,Cloud to Cloud,-16538,3243,8
2026-08-30T04:55:35.357565383Z,17.571969,113.359192,Cloud to Cloud,-11522,3157,6
2026-08-30T04:55:35.346122272Z,17.605593,113.371212,Cloud to Ground,-7582,0,7
2026-08-30T04:55:35.768931483Z,15.176088,120.37304,Cloud to Cloud,12847,19514,9
2026-08-30T04:55:36.378008071Z,19.147823,116.04551,Cloud to Ground,-22919,0,13
2026-08-30T04:55:36.760162850Z,19.147422,116.040013,Cloud to Ground,-19069,0,11
2026-08-30T04:55:36.998808680Z,19.151182,116.041298,Cloud to Cloud,-16106,7667,11
2026-08-30T04:55:36.418662575Z,19.152876,116.045884,Cloud to Ground,-9251,0,8
2026-08-30T04:55:37.340584292Z,19.152021,116.039116,Cloud to Ground,-8392,0,8
2026-08-30T04:55:36.823717034Z,19.149998,116.032385,Cloud to Ground,-6525,0,8
2026-08-30T04:55:37.061029457Z,19.148171,116.037549,Cloud to Ground,-5688,0,5
2026-08-30T04:55:37.051487438Z,19.15013,116.025576,Cloud to Cloud,-4121,6101,6
2026-08-30T04:55:36.905192766Z,17.899641,113.771692,Cloud to Cloud,-21611,4660,11
2026-08-30T04:55:36.892673002Z,17.894261,113.778388,Cloud to Cloud,-17751,7822,11
2026-08-30T04:55:37.090734398Z,17.92635,113.727406,Cloud to Cloud,-11160,11522,7
2026-08-30T04:55:36.886447846Z,17.907757,113.758906,Cloud to Cloud,-10068,5029,8
2026-08-30T04:55:36.895221204Z,17.913115,113.668159,Cloud to Ground,16833,0,9
2026-08-30T04:55:36.884554935Z,17.897786,113.76653,Cloud to Ground,20694,0,8
2026-08-30T04:55:37.530831341Z,3.110549,112.826333,Cloud to Ground,24849,0,8
2026-08-30T04:55:37.423608710Z,18.621195,114.088811,Cloud to Cloud,-10619,3605,9
2026-08-30T04:55:37.349333646Z,18.715481,114.182986,Cloud to Ground,-9548,0,11
2026-08-30T04:55:38.847695515Z,18.460547,113.861275,Cloud to Ground,-101553,0,15
2026-08-30T04:55:38.936460580Z,18.464015,113.862369,Cloud to Ground,-14894,0,11
2026-08-30T04:55:38.875492360Z,18.470683,113.858976,Cloud to Ground,-11291,0,10
2026-08-30T04:55:38.866442779Z,18.143367,113.609934,Cloud to Cloud,-17578,4439,8
2026-08-30T04:55:38.864088662Z,18.272236,113.254134,Cloud to Ground,12172,0,9
2026-08-30T04:55:38.865559978Z,18.260186,113.731044,Cloud to Ground,-18793,0,7
2026-08-30T04:55:38.237869050Z,18.340403,113.708257,Cloud to Cloud,-15463,6029,8
2026-08-30T04:55:38.237070323Z,18.342623,113.785697,Cloud to Ground,20195,0,13
2026-08-30T04:55:38.560318203Z,22.016838,113.336603,Cloud to Cloud,14002,3063,9
2026-08-30T04:55:38.646321214Z,21.683109,112.856104,Cloud to Ground,9099,0,11
2026-08-30T04:55:40.338526143Z,20.192402,114.204394,Cloud to Cloud,-15361,11550,11
2026-08-30T04:55:40.344433172Z,20.205345,114.155339,Cloud to Cloud,-14177,3014,11
2026-08-30T04:55:40.445124357Z,20.199317,114.201248,Cloud to Cloud,-13145,15931,12
2026-08-30T04:55:40.321600003Z,20.187096,114.208544,Cloud to Cloud,-9895,4179,9
2026-08-30T04:55:40.113499511Z,20.209682,114.20915,Cloud to Ground,10603,0,11
2026-08-30T04:55:40.496326807Z,20.195041,114.196111,Cloud to Ground,35084,0,13
2026-08-30T04:55:40.570734376Z,20.311372,114.250001,Cloud to Ground,-19004,0,7
2026-08-30T04:55:43.740927668Z,16.873844,127.762585,Cloud to Ground,-144315,0,9
2026-08-30T04:55:43.821031201Z,16.892091,127.836534,Cloud to Ground,-40036,0,24
2026-08-30T04:55:43.779701239Z,16.799136,127.856719,Cloud to Cloud,-31746,7501,13
2026-08-30T04:55:43.837556881Z,16.833373,127.880872,Cloud to Cloud,-29312,3001,8
2026-08-30T04:55:43.802488865Z,16.831781,127.715475,Cloud to Ground,-27113,0,22
2026-08-30T04:55:43.817892780Z,16.794849,127.702195,Cloud to Ground,-27091,0,22
2026-08-30T04:55:43.736175554Z,16.833803,127.88055,Cloud to Cloud,-24640,3018,10
2026-08-30T04:55:43.840992357Z,16.790182,127.70672,Cloud to Cloud,-11875,6818,7
2026-08-30T04:55:43.737006489Z,16.864332,127.869206,Cloud to Ground,21004,0,11
2026-08-30T04:55:43.321651026Z,21.84194,113.194423,Cloud to Cloud,16492,3017,8
2026-08-30T04:55:45.237344037Z,20.235178,113.750967,Cloud to Cloud,-44275,7954,16
2026-08-30T04:55:45.267819549Z,20.26723,113.749603,Cloud to Cloud,-11413,12937,6
2026-08-30T04:55:45.239407107Z,20.240771,113.756154,Cloud to Cloud,9847,10850,8
2026-08-30T04:55:45.236281977Z,20.223122,113.75974,Cloud to Ground,31046,0,9
2026-08-30T04:55:47.993771553Z,18.99095,118.497678,Cloud to Ground,-71767,0,13
2026-08-30T04:55:48.034903601Z,18.964582,118.46967,Cloud to Cloud,-25264,3018,13
2026-08-30T04:55:48.307757178Z,18.994203,118.538681,Cloud to Ground,-24637,0,13
2026-08-30T04:55:48.112947367Z,18.991599,118.501849,Cloud to Ground,-18667,0,12
2026-08-30T04:55:47.975784486Z,18.999419,118.495647,Cloud to Cloud,-16306,14301,10
2026-08-30T04:55:48.161485183Z,18.991305,118.499885,Cloud to Ground,-14710,0,8
2026-08-30T04:55:48.075574728Z,18.971183,118.480349,Cloud to Cloud,-11982,7935,10
2026-08-30T04:55:48.707165805Z,18.994489,118.53726,Cloud to Ground,-11098,0,12
2026-08-30T04:55:48.083227085Z,18.988167,118.454624,Cloud to Cloud,-8404,18922,7
2026-08-30T04:55:48.576657730Z,19.035884,118.573661,Cloud to Cloud,-3109,7481,6
2026-08-30T04:55:48.742065425Z,19.016199,118.42883,Cloud to Cloud,9666,9413,5
2026-08-30T04:55:48.390984823Z,19.022946,118.537419,Cloud to Ground,12601,0,10
2026-08-30T04:55:48.744655000Z,18.9789,118.4954,Cloud to Ground,23159,0,6
2026-08-30T04:55:50.399869137Z,20.155619,114.617546,Cloud to Ground,-40629,0,13
2026-08-30T04:55:50.400398597Z,20.175637,114.631539,Cloud to Cloud,31272,5240,11
2026-08-30T04:55:50.399305872Z,20.173435,114.616994,Cloud to Ground,88186,0,13
2026-08-30T04:55:50.892388004Z,18.761039,118.287478,Cloud to Ground,-26188,0,12
2026-08-30T04:55:50.679564117Z,18.771821,118.288444,Cloud to Ground,-21687,0,12
2026-08-30T04:55:50.975387865Z,18.760537,118.28344,Cloud to Ground,-14325,0,6
2026-08-30T04:55:51.031419352Z,18.761584,118.284346,Cloud to Ground,-10518,0,6
2026-08-30T04:55:50.778313277Z,18.740718,118.269564,Cloud to Cloud,12194,16796,7
2026-08-30T04:55:50.399616000Z,19.4177,115.2306,Cloud to Ground,36733,0,6
2026-08-30T04:55:53.106128061Z,18.784702,114.646633,Cloud to Cloud,-11105,3095,8
2026-08-30T04:55:53.141596062Z,18.910173,114.62332,Cloud to Cloud,-19238,3040,8
2026-08-30T04:55:53.496729377Z,18.935052,114.708325,Cloud to Ground,-17407,0,11
2026-08-30T04:55:53.099716818Z,18.902172,114.64788,Cloud to Cloud,11707,19859,9
2026-08-30T04:55:53.103318309Z,18.923533,114.531009,Cloud to Cloud,12949,17643,14
2026-08-30T04:55:53.100910000Z,18.8894,114.6676,Cloud to Ground,34077,0,5
2026-08-30T04:55:53.102075409Z,18.919145,114.638076,Cloud to Ground,65009,0,8
2026-08-30T04:55:56.449228787Z,17.493674,113.324784,Cloud to Cloud,-11866,13216,9
2026-08-30T04:55:56.883681953Z,17.474213,113.337752,Cloud to Cloud,-9312,3072,7
2026-08-30T04:55:56.782254997Z,18.683775,114.253057,Cloud to Cloud,8322,12352,8
2026-08-30T04:55:58.583902959Z,18.54804,114.086692,Cloud to Cloud,-12476,6127,12
2026-08-30T04:55:58.992510551Z,18.554689,114.093739,Cloud to Ground,-10631,0,8
2026-08-30T04:55:58.943789512Z,18.563658,114.056653,Cloud to Cloud,-8759,3111,8
2026-08-30T04:55:58.843268056Z,18.589159,114.038226,Cloud to Cloud,-8263,3048,6
2026-08-30T04:55:58.935436915Z,18.54135,113.976438,Cloud to Cloud,-7492,6905,6
2026-08-30T04:55:58.786277181Z,18.537869,113.945805,Cloud to Cloud,-7483,3104,8
2026-08-30T04:55:59.033878718Z,18.57484,113.975319,Cloud to Cloud,6183,15172,7
2026-08-30T04:55:59.075448966Z,18.574916,114.097468,Cloud to Cloud,6226,3058,6
2026-08-30T04:55:58.611516372Z,18.554405,113.994788,Cloud to Ground,6523,0,11
2026-08-30T04:55:58.958831180Z,18.567981,114.083461,Cloud to Cloud,8639,3040,8
2026-08-30T04:55:58.780931224Z,18.578534,114.097631,Cloud to Cloud,9559,14208,9
2026-08-30T04:55:58.620782143Z,18.556512,114.094784,Cloud to Cloud,11020,4691,11
2026-08-30T04:55:58.962929213Z,18.553824,114.06498,Cloud to Cloud,16118,3028,10
2026-08-30T04:55:58.624666795Z,18.706053,116.409964,Cloud to Ground,50639,0,8
2026-08-30T04:55:59.288845914Z,3.225403,113.179262,Cloud to Ground,-14243,0,7
2026-08-30T04:55:59.288157190Z,3.288956,113.185215,Cloud to Ground,13526,0,9
2026-08-30T04:56:00.417661785Z,19.752206,122.805684,Cloud to Cloud,-45433,3145,8
2026-08-30T04:56:00.420356000Z,19.5361,122.9216,Cloud to Ground,-117255,0,5
2026-08-30T04:56:00.145994094Z,18.019215,113.718287,Cloud to Ground,20259,0,9
2026-08-30T04:56:02.279282881Z,19.332227,115.018771,Cloud to Cloud,-15054,3414,7
2026-08-30T04:56:02.283759416Z,19.305411,115.026084,Cloud to Cloud,-12845,3019,9
2026-08-30T04:56:02.438662173Z,19.344502,115.032771,Cloud to Ground,-12146,0,7
2026-08-30T04:56:03.539795062Z,18.641498,114.168472,Cloud to Ground,-25551,0,13
2026-08-30T04:56:03.822125603Z,17.351881,113.271869,Cloud to Cloud,9861,5218,8
2026-08-30T04:56:03.820546158Z,17.368769,113.274343,Cloud to Ground,19220,0,10
2026-08-30T04:56:03.824178692Z,17.337848,113.167558,Cloud to Cloud,13334,4709,6
2026-08-30T04:56:05.770647193Z,9.127817,117.936321,Cloud to Cloud,16826,7782,10
2026-08-30T04:56:06.525207427Z,18.484188,113.891871,Cloud to Cloud,-8372,4998,9
2026-08-30T04:56:07.435881062Z,18.975176,115.91076,Cloud to Ground,-14156,0,8
2026-08-30T04:56:07.364820687Z,18.998843,115.92134,Cloud to Ground,-10110,0,8
2026-08-30T04:56:07.476233765Z,18.982716,115.916973,Cloud to Cloud,5464,17557,7
2026-08-30T04:56:09.852545319Z,9.220309,117.96377,Cloud to Cloud,26367,3121,11
2026-08-30T04:56:13.515437931Z,17.102747,132.626921,Cloud to Ground,-24310,0,13
2026-08-30T04:56:13.514274860Z,17.079408,132.631297,Cloud to Ground,-22164,0,8
2026-08-30T04:56:13.516806000Z,17.1325,132.616,Cloud to Ground,-16002,0,7
2026-08-30T04:56:13.513622180Z,17.09828,132.639446,Cloud to Ground,-15214,0,11
2026-08-30T04:56:13.631147230Z,17.131576,132.62348,Cloud to Ground,-12613,0,12
2026-08-30T04:56:13.517470341Z,17.101226,132.63507,Cloud to Cloud,7757,18925,7
2026-08-30T04:56:13.712338385Z,18.496872,119.703671,Cloud to Cloud,6353,10771,7
2026-08-30T04:56:13.714166824Z,18.558003,119.754607,Cloud to Cloud,14292,4566,7
2026-08-30T04:56:14.531998381Z,20.215176,113.981185,Cloud to Cloud,-35189,4578,13
2026-08-30T04:56:14.874988997Z,20.287162,113.878686,Cloud to Cloud,-15603,4592,6
2026-08-30T04:56:14.876995420Z,20.235668,113.927353,Cloud to Cloud,-10602,12350,10
2026-08-30T04:56:14.877794516Z,20.23772,113.922081,Cloud to Cloud,-10260,6868,8
2026-08-30T04:56:14.872771312Z,20.247598,113.977309,Cloud to Cloud,-8185,12434,8
2026-08-30T04:56:14.984409844Z,20.226686,113.949947,Cloud to Ground,-5845,0,8
2026-08-30T04:56:16.941357825Z,19.508608,114.313683,Cloud to Cloud,11424,15768,7
2026-08-30T04:56:17.144173369Z,19.428126,114.408024,Cloud to Cloud,-11865,3812,7
2026-08-30T04:56:17.127849479Z,19.402756,114.367093,Cloud to Cloud,-6400,7990,8
2026-08-30T04:56:16.942938967Z,19.402544,114.29038,Cloud to Cloud,8029,5623,7
2026-08-30T04:56:17.025557862Z,17.763962,113.755056,Cloud to Cloud,6904,3011,7
2026-08-30T04:56:18.583625105Z,18.445889,116.799094,Cloud to Cloud,10341,3097,8
2026-08-30T04:56:18.592075620Z,18.352174,116.773868,Cloud to Cloud,15861,3080,8
2026-08-30T04:56:21.480472128Z,17.489095,132.9703,Cloud to Ground,-15026,0,14
2026-08-30T04:56:21.478023836Z,17.476898,133.165216,Cloud to Ground,-14789,0,10
2026-08-30T04:56:21.483189260Z,17.441436,133.184882,Cloud to Ground,-11838,0,7
2026-08-30T04:56:21.479030973Z,17.466026,133.170052,Cloud to Ground,26510,0,10
2026-08-30T04:56:21.658956548Z,16.76347,120.457062,Cloud to Cloud,6609,12119,7
2026-08-30T04:56:21.244793419Z,20.209323,114.205922,Cloud to Cloud,5943,5963,6
2026-08-30T04:56:21.212527057Z,20.207167,114.210651,Cloud to Cloud,7797,6485,9
2026-08-30T04:56:22.997687586Z,17.370301,132.674285,Cloud to Ground,-25058,0,14
2026-08-30T04:56:22.747957641Z,17.375188,132.666344,Cloud to Cloud,-20596,3000,12
2026-08-30T04:56:22.991611010Z,17.377321,132.672555,Cloud to Cloud,-8637,6968,8
2026-08-30T04:56:23.320591527Z,17.411514,132.761708,Cloud to Ground,18361,0,15
2026-08-30T04:56:22.735736103Z,17.391769,132.671755,Cloud to Ground,30716,0,9
2026-08-30T04:56:23.403633536Z,17.404742,132.770952,Cloud to Ground,38630,0,15
2026-08-30T04:56:23.789258889Z,18.449677,117.49464,Cloud to Cloud,5344,17107,9
2026-08-30T04:56:24.329155838Z,19.660599,114.534546,Cloud to Ground,13583,0,11
2026-08-30T04:56:26.390047376Z,20.372088,113.586038,Cloud to Ground,-44244,0,14
2026-08-30T04:56:25.725545882Z,20.210424,113.593151,Cloud to Cloud,-32558,5532,8
2026-08-30T04:56:26.648123018Z,20.380838,113.581729,Cloud to Ground,-14204,0,9
2026-08-30T04:56:26.855923132Z,20.381122,113.581243,Cloud to Ground,-13501,0,6
2026-08-30T04:56:25.443140041Z,20.183099,113.521835,Cloud to Ground,-12947,0,7
2026-08-30T04:56:25.436337914Z,20.1508,113.488745,Cloud to Cloud,-12834,3286,7
2026-08-30T04:56:26.509102492Z,20.387477,113.579997,Cloud to Ground,-11919,0,7
2026-08-30T04:56:25.759090165Z,20.354497,113.589572,Cloud to Ground,-9299,0,11
2026-08-30T04:56:26.744608532Z,20.385666,113.579793,Cloud to Ground,-5937,0,6
2026-08-30T04:56:25.472723338Z,20.237965,113.587398,Cloud to Cloud,17849,3036,10
2026-08-30T04:56:26.925200816Z,20.337048,113.603795,Cloud to Cloud,18990,6832,9
2026-08-30T04:56:25.417549418Z,20.167087,113.550866,Cloud to Ground,30097,0,15
2026-08-30T04:56:25.672503088Z,20.276825,113.608087,Cloud to Ground,53826,0,14
2026-08-30T04:56:28.520542000Z,19.744351,114.86725,Cloud to Cloud,-27352,3001,15
2026-08-30T04:56:28.526108064Z,19.705386,114.808485,Cloud to Cloud,-8382,4188,7
2026-08-30T04:56:28.622414743Z,19.709309,114.851086,Cloud to Cloud,12069,19836,7
2026-08-30T04:56:28.521683231Z,19.719114,114.842273,Cloud to Ground,20895,0,14
2026-08-30T04:56:28.609401208Z,19.749999,114.879252,Cloud to Ground,46220,0,14
2026-08-30T04:56:29.982227478Z,16.845399,127.684536,Cloud to Cloud,-7537,3001,12
2026-08-30T04:56:30.270500307Z,16.837001,127.680495,Cloud to Cloud,-6805,5790,8
2026-08-30T04:56:29.981035510Z,16.847433,127.707582,Cloud to Ground,27245,0,12
2026-08-30T04:56:30.284282301Z,2.998872,112.809145,Cloud to Ground,12304,0,6
2026-08-30T04:56:30.694559539Z,17.374577,113.188075,Cloud to Cloud,-12812,5624,9
2026-08-30T04:56:30.709735968Z,17.371253,113.264214,Cloud to Cloud,-11051,4797,9
2026-08-30T04:56:30.724644346Z,17.401406,113.244048,Cloud to Ground,12527,0,7
2026-08-30T04:56:30.708381401Z,20.072039,114.538011,Cloud to Cloud,9616,18524,5
2026-08-30T04:56:31.925452430Z,16.902651,131.644836,Cloud to Ground,-33276,0,22
2026-08-30T04:56:31.913863423Z,16.809419,131.686726,Cloud to Ground,-14319,0,8
2026-08-30T04:56:31.913133620Z,16.848814,131.66735,Cloud to Ground,-14110,0,7
2026-08-30T04:56:31.915159575Z,16.856304,131.658816,Cloud to Cloud,-11716,17706,9
2026-08-30T04:56:31.911701891Z,16.849379,131.688906,Cloud to Cloud,-9143,3698,10
2026-08-30T04:56:31.988847126Z,16.736215,131.660495,Cloud to Cloud,17695,4141,12
2026-08-30T04:56:31.105019368Z,15.245537,120.314559,Cloud to Ground,-14235,0,12
2026-08-30T04:56:32.115217084Z,17.040639,132.316928,Cloud to Ground,-17590,0,14
2026-08-30T04:56:32.243202820Z,17.080583,132.39469,Cloud to Ground,-13646,0,12
2026-08-30T04:56:32.105955296Z,17.033881,132.330662,Cloud to Ground,-12237,0,11
2026-08-30T04:56:32.310688102Z,17.035298,132.34143,Cloud to Ground,-11838,0,5
2026-08-30T04:56:32.134717416Z,17.065751,132.291184,Cloud to Ground,-11152,0,10
2026-08-30T04:56:32.266347543Z,16.991769,132.374894,Cloud to Ground,-9249,0,12
2026-08-30T04:56:32.806714880Z,19.450648,115.133521,Cloud to Ground,4417,0,7
2026-08-30T04:56:32.536838000Z,19.4759,115.0707,Cloud to Ground,11010,0,6
2026-08-30T04:56:34.145425828Z,19.438514,114.560234,Cloud to Ground,13582,0,15
2026-08-30T04:56:34.160082555Z,19.408439,114.554904,Cloud to Ground,42412,0,11
2026-08-30T04:56:34.132309000Z,19.2827,114.6393,Cloud to Ground,-598,0,7
2026-08-30T04:56:35.966730774Z,18.610658,113.922157,Cloud to Cloud,-33294,3017,14
2026-08-30T04:56:35.968497067Z,18.618312,113.911132,Cloud to Cloud,-12213,3821,10
2026-08-30T04:56:35.986007523Z,18.608839,113.891725,Cloud to Cloud,-9723,3034,6
2026-08-30T04:56:36.310854199Z,18.582373,113.958191,Cloud to Cloud,-8723,3817,6
2026-08-30T04:56:36.144338668Z,18.631571,113.912956,Cloud to Cloud,6369,14875,7
2026-08-30T04:56:35.969482699Z,18.606999,113.903777,Cloud to Cloud,19534,7636,12
2026-08-30T04:56:35.963813075Z,18.626553,113.912106,Cloud to Ground,26011,0,19
2026-08-30T04:56:35.964534511Z,18.618064,113.911741,Cloud to Ground,29283,0,16
2026-08-30T04:56:35.965191498Z,18.603703,113.797196,Cloud to Ground,33001,0,12
2026-08-30T04:56:37.890858435Z,18.527505,116.667278,Cloud to Ground,43117,0,13
2026-08-30T04:56:38.912000937Z,18.667651,116.744131,Cloud to Ground,-85008,0,15
2026-08-30T04:56:38.401038550Z,18.403628,116.655288,Cloud to Ground,-30234,0,11
2026-08-30T04:56:38.343916052Z,18.418145,116.653587,Cloud to Ground,-26639,0,11
2026-08-30T04:56:38.303803294Z,18.41616,116.663428,Cloud to Ground,-24382,0,11
2026-08-30T04:56:38.439589906Z,18.418315,116.653422,Cloud to Ground,-14423,0,10
2026-08-30T04:56:38.597934000Z,18.4468,116.6359,Cloud to Ground,29203,0,5
2026-08-30T04:56:39.264875411Z,19.914809,114.646478,Cloud to Cloud,-9607,6674,7
2026-08-30T04:56:39.162918068Z,19.892317,114.666913,Cloud to Ground,-8544,0,6
2026-08-30T04:56:38.964851866Z,19.881214,114.671927,Cloud to Ground,21823,0,7
2026-08-30T04:56:38.979184734Z,19.872504,114.66817,Cloud to Ground,22769,0,9
2026-08-30T04:56:47.122225606Z,17.513897,133.255504,Cloud to Ground,-22970,0,15
2026-08-30T04:56:47.121439440Z,17.50295,133.258665,Cloud to Ground,-16075,0,9
2026-08-30T04:56:47.122742584Z,17.512189,133.250562,Cloud to Ground,-14692,0,9
2026-08-30T04:56:47.120798804Z,17.506812,133.265996,Cloud to Cloud,-12752,18479,11
2026-08-30T04:56:49.268871458Z,17.794854,113.805476,Cloud to Cloud,-6687,3118,7
2026-08-30T04:56:49.249492643Z,22.033321,113.008881,Cloud to Cloud,-9907,14653,7
2026-08-30T04:56:49.251096641Z,21.992378,113.283543,Cloud to Cloud,-11027,5279,8
2026-08-30T04:56:51.467743623Z,19.280014,115.190705,Cloud to Ground,-13495,0,6
2026-08-30T04:56:51.533633212Z,19.287166,115.146049,Cloud to Ground,10718,0,7
2026-08-30T04:56:52.034698868Z,20.186907,114.204193,Cloud to Cloud,-9274,3000,9
2026-08-30T04:56:51.876219022Z,20.164852,114.193351,Cloud to Cloud,-7917,3019,8
2026-08-30T04:56:51.941866646Z,20.206966,114.213321,Cloud to Cloud,6816,6450,8
2026-08-30T04:56:57.185771268Z,16.606318,120.259545,Cloud to Cloud,-10147,13350,8
2026-08-30T04:56:56.886464746Z,16.633398,120.303315,Cloud to Cloud,-5243,14248,6
2026-08-30T04:56:56.772847085Z,16.627197,120.251977,Cloud to Cloud,17358,14494,13
2026-08-30T04:56:56.457858044Z,17.93785,113.735924,Cloud to Cloud,-11485,15763,7
2026-08-30T04:56:56.467694070Z,17.939818,113.662751,Cloud to Cloud,-7110,7675,7
2026-08-30T04:56:56.453710995Z,17.967214,113.720125,Cloud to Cloud,7780,3129,8
2026-08-30T04:56:56.455232134Z,17.941861,113.637346,Cloud to Ground,36177,0,10
2026-08-30T04:56:58.219280276Z,18.573732,113.985773,Cloud to Cloud,-8279,6669,9
2026-08-30T04:56:58.079526885Z,18.555293,113.993951,Cloud to Cloud,6233,4454,8
2026-08-30T04:56:57.732813007Z,18.601249,114.032758,Cloud to Cloud,7424,3348,6
2026-08-30T04:56:59.199718947Z,19.64783,114.538678,Cloud to Ground,19689,0,10
2026-08-30T04:56:59.970673651Z,18.819115,119.294179,Cloud to Cloud,-4127,3028,6
2026-08-30T04:57:01.678756508Z,21.715209,112.979417,Cloud to Cloud,-12735,3068,15
2026-08-30T04:57:01.670805924Z,21.716193,112.958014,Cloud to Ground,11627,0,9
2026-08-30T04:57:01.670072532Z,21.725763,112.872888,Cloud to Ground,22760,0,13
2026-08-30T04:57:02.025083768Z,18.818718,118.435073,Cloud to Cloud,-9892,3007,11
2026-08-30T04:57:01.921607528Z,18.80696,118.417698,Cloud to Cloud,6601,7930,7
2026-08-30T04:57:01.962065436Z,18.886773,118.471658,Cloud to Cloud,9477,15553,9
2026-08-30T04:57:01.909802775Z,18.808347,118.417472,Cloud to Cloud,12163,15388,9
2026-08-30T04:57:01.911234000Z,18.8457,118.4023,Cloud to Ground,12746,0,7
2026-08-30T04:57:02.097417190Z,18.650081,118.488986,Cloud to Cloud,13959,13161,7
2026-08-30T04:57:02.126779700Z,18.675554,118.532806,Cloud to Cloud,16155,6676,11
2026-08-30T04:57:03.679794742Z,19.442409,115.064911,Cloud to Ground,12987,0,10
2026-08-30T04:57:03.167110230Z,19.206375,115.953688,Cloud to Ground,-6715,0,7
2026-08-30T04:57:04.733511162Z,3.084048,112.835712,Cloud to Ground,28143,0,15
2026-08-30T04:57:04.893113668Z,20.210323,113.89524,Cloud to Cloud,-10951,3089,9
2026-08-30T04:57:04.627401420Z,20.220613,113.977206,Cloud to Cloud,14235,5826,11
2026-08-30T04:57:04.621280304Z,20.223187,113.974345,Cloud to Cloud,17432,16432,16
2026-08-30T04:57:04.578794964Z,17.48795,113.371785,Cloud to Cloud,-12252,4613,9
2026-08-30T04:57:04.844854549Z,17.639714,113.464841,Cloud to Cloud,-21798,18514,15
2026-08-30T04:57:04.847045877Z,17.628296,113.465976,Cloud to Cloud,-14844,3001,11
2026-08-30T04:57:04.847993202Z,17.637022,113.472277,Cloud to Cloud,-12942,3033,10
2026-08-30T04:57:05.097342444Z,17.63402,113.423193,Cloud to Cloud,-5091,3009,6
2026-08-30T04:57:04.849623595Z,17.608527,113.378586,Cloud to Cloud,5021,3152,6
2026-08-30T04:57:04.845448945Z,17.618012,113.383792,Cloud to Cloud,8321,4050,7
2026-08-30T04:57:06.722745001Z,18.382786,113.941403,Cloud to Cloud,16174,9822,13
2026-08-30T04:57:06.277308909Z,20.01263,114.562563,Cloud to Cloud,-30843,8768,20
2026-08-30T04:57:06.287962552Z,19.936692,114.587887,Cloud to Cloud,5660,3089,6
2026-08-30T04:57:06.266290000Z,19.9504,114.5825,Cloud to Ground,21743,0,8
2026-08-30T04:57:07.875619383Z,19.298016,118.769908,Cloud to Cloud,-6174,18108,9
2026-08-30T04:57:07.921983909Z,19.338273,118.7623,Cloud to Cloud,5856,16191,10
2026-08-30T04:57:08.046694161Z,19.269396,118.763347,Cloud to Cloud,6882,3004,7
2026-08-30T04:57:07.861440953Z,19.32337,118.783042,Cloud to Cloud,6993,6863,8
2026-08-30T04:57:07.932285145Z,19.32062,118.789631,Cloud to Cloud,7138,4057,9
2026-08-30T04:57:07.876495244Z,19.323021,118.798227,Cloud to Cloud,12353,14889,9
2026-08-30T04:57:08.274599422Z,19.58537,114.431534,Cloud to Ground,-25287,0,12
2026-08-30T04:57:08.311379410Z,19.585752,114.427423,Cloud to Cloud,-11654,3497,13
2026-08-30T04:57:08.327136424Z,19.587813,114.422883,Cloud to Ground,-8569,0,6
2026-08-30T04:57:08.142892122Z,19.390774,118.918398,Cloud to Cloud,-5061,13139,7
2026-08-30T04:57:11.438947644Z,20.267986,114.199215,Cloud to Cloud,-6300,3887,6
2026-08-30T04:57:11.494592279Z,20.235762,114.244499,Cloud to Cloud,13790,9907,5
2026-08-30T04:57:11.285629921Z,20.246383,114.277901,Cloud to Ground,57196,0,14
2026-08-30T04:57:11.286073000Z,19.1955,114.6066,Cloud to Ground,-4523,0,5
2026-08-30T04:57:12.989026991Z,18.843718,116.611156,Cloud to Ground,73224,0,12
2026-08-30T04:57:12.577313860Z,18.393232,116.677029,Cloud to Cloud,9873,3895,6
2026-08-30T04:57:12.552974208Z,18.397727,116.69855,Cloud to Cloud,13494,17583,7
2026-08-30T04:57:12.557779167Z,18.478444,116.622769,Cloud to Cloud,10480,8227,8
2026-08-30T04:57:12.580764000Z,18.4151,116.4821,Cloud to Ground,-12062,0,7
2026-08-30T04:57:12.908174528Z,18.373563,116.540618,Cloud to Cloud,-9922,3012,7
2026-08-30T04:57:13.680408460Z,16.874602,131.655957,Cloud to Ground,12462,0,9
2026-08-30T04:57:14.201634765Z,18.745623,118.280955,Cloud to Cloud,-9848,3012,12
2026-08-30T04:57:14.153968000Z,18.7678,118.3013,Cloud to Ground,-7296,0,7
2026-08-30T04:57:14.149450952Z,18.781988,118.295189,Cloud to Cloud,5077,3001,7
2026-08-30T04:57:14.342015501Z,19.743085,115.059244,Cloud to Ground,-9739,0,6
2026-08-30T04:57:14.032933065Z,19.70046,115.059551,Cloud to Cloud,9221,13680,11
2026-08-30T04:57:15.145524430Z,15.993645,129.577811,Cloud to Cloud,15396,3002,8
2026-08-30T04:57:15.151079191Z,15.985545,129.682667,Cloud to Cloud,-14181,5344,12
2026-08-30T04:57:20.915925603Z,19.048061,114.65665,Cloud to Cloud,-18418,7665,10
2026-08-30T04:57:20.617685598Z,19.038705,114.621427,Cloud to Ground,-8464,0,7
2026-08-30T04:57:20.614566494Z,19.029149,114.649344,Cloud to Cloud,13973,7622,14
2026-08-30T04:57:21.048889151Z,19.013225,114.653845,Cloud to Cloud,-8232,6188,8
2026-08-30T04:57:20.613102378Z,19.122825,114.660133,Cloud to Cloud,26812,3001,7
2026-08-30T04:57:21.011665726Z,18.942892,114.566519,Cloud to Cloud,15446,12694,8
2026-08-30T04:57:21.285158153Z,19.430101,114.290509,Cloud to Cloud,-8851,6291,10
2026-08-30T04:57:21.020484175Z,18.911091,114.693257,Cloud to Cloud,-18603,4690,7
2026-08-30T04:57:23.552418703Z,17.479385,113.262537,Cloud to Cloud,-13310,3006,8
2026-08-30T04:57:23.546756916Z,17.486233,113.203947,Cloud to Ground,46740,0,8
2026-08-30T04:57:23.548921249Z,17.498959,113.184002,Cloud to Ground,47847,0,10
2026-08-30T04:57:23.682379948Z,18.583635,116.450033,Cloud to Ground,-22618,0,10
2026-08-30T04:57:23.987869750Z,18.586874,116.41422,Cloud to Ground,-16837,0,11
2026-08-30T04:57:23.927325969Z,19.363108,114.68175,Cloud to Ground,-11236,0,9
2026-08-30T04:57:24.852985055Z,18.98572,118.530661,Cloud to Ground,-45929,0,13
2026-08-30T04:57:24.996275687Z,19.001057,118.542502,Cloud to Ground,-39985,0,11
2026-08-30T04:57:25.107035169Z,19.002452,118.517166,Cloud to Ground,-23575,0,12
2026-08-30T04:57:25.275232000Z,18.992,118.5236,Cloud to Ground,49798,0,9
2026-08-30T04:57:24.884696228Z,19.634504,114.533575,Cloud to Cloud,-17808,3003,8
2026-08-30T04:57:27.996616709Z,16.181116,129.401228,Cloud to Cloud,-14104,7537,10
2026-08-30T04:57:27.990133759Z,16.113519,129.557926,Cloud to Ground,25309,0,15
2026-08-30T04:57:27.030403235Z,19.943629,114.565145,Cloud to Ground,29462,0,8
2026-08-30T04:57:27.042791848Z,19.937955,114.669816,Cloud to Cloud,-11772,10969,7
2026-08-30T04:57:28.003866025Z,16.259306,129.322428,Cloud to Cloud,-11704,9582,7
2026-08-30T04:57:28.059085417Z,16.202262,129.522908,Cloud to Cloud,-8948,12980,7
2026-08-30T04:57:27.991004000Z,16.2367,129.5661,Cloud to Ground,29179,0,9
2026-08-30T04:57:29.345506432Z,21.85176,112.45066,Cloud to Cloud,-9310,3001,7
2026-08-30T04:57:29.342835857Z,21.787505,112.481219,Cloud to Cloud,12016,5953,7
2026-08-30T04:57:30.597778181Z,18.794716,118.567763,Cloud to Ground,-21174,0,10
2026-08-30T04:57:33.999233139Z,21.679987,111.986016,Cloud to Cloud,-11938,7621,10
2026-08-30T04:57:33.998587534Z,21.643015,112.001705,Cloud to Cloud,-11105,7732,10
2026-08-30T04:57:33.995713379Z,21.65631,111.905412,Cloud to Ground,12640,0,9
2026-08-30T04:57:34.226448761Z,15.564547,120.11494,Cloud to Cloud,-9918,5335,13
2026-08-30T04:57:34.777299374Z,21.930627,113.158135,Cloud to Cloud,-12229,7357,6
2026-08-30T04:57:34.820324524Z,21.854734,113.214905,Cloud to Cloud,-11002,3019,7
2026-08-30T04:57:34.613547078Z,21.87548,113.202937,Cloud to Cloud,6960,16538,10
2026-08-30T04:57:34.610592396Z,21.873842,113.199002,Cloud to Cloud,13766,16493,9
2026-08-30T04:57:34.931442729Z,22.010791,113.477183,Cloud to Cloud,-7334,3009,7
2026-08-30T04:57:35.551882000Z,17.44429,113.288825,Cloud to Cloud,-10107,4320,7
2026-08-30T04:57:35.097690657Z,17.38951,113.316601,Cloud to Ground,13569,0,7
2026-08-30T04:57:36.410399374Z,17.516124,132.901453,Cloud to Ground,-20517,0,17
2026-08-30T04:57:36.622242899Z,17.514988,132.990318,Cloud to Ground,-18149,0,7
2026-08-30T04:57:36.451393547Z,17.509086,132.921059,Cloud to Ground,-16420,0,13
2026-08-30T04:57:36.616562632Z,17.529296,132.898778,Cloud to Ground,-10488,0,12
2026-08-30T04:57:36.620782072Z,17.50159,132.937731,Cloud to Ground,11843,0,7
2026-08-30T04:57:36.406998456Z,17.500521,132.935555,Cloud to Ground,14795,0,13
2026-08-30T04:57:36.407564421Z,17.499351,132.934731,Cloud to Ground,26141,0,19
2026-08-30T04:57:36.272882590Z,18.488243,117.38946,Cloud to Cloud,7609,3048,6
2026-08-30T04:57:36.282289914Z,18.397026,117.452095,Cloud to Cloud,9008,5739,8
2026-08-30T04:57:38.658314280Z,18.633104,117.773303,Cloud to Ground,-35390,0,12
2026-08-30T04:57:38.755301255Z,20.198368,113.657832,Cloud to Cloud,-22138,15019,13
2026-08-30T04:57:38.970096314Z,20.217384,113.658285,Cloud to Cloud,28777,3044,11
2026-08-30T04:57:39.743569933Z,18.780174,118.293853,Cloud to Ground,-11811,0,9
2026-08-30T04:57:39.241357829Z,20.253264,113.538343,Cloud to Cloud,-12936,4794,12
2026-08-30T04:57:39.205314757Z,20.26635,113.524861,Cloud to Ground,25065,0,13
2026-08-30T04:57:40.373311072Z,19.988078,114.6967,Cloud to Ground,-9124,0,7
2026-08-30T04:57:41.242898622Z,20.160965,114.717817,Cloud to Cloud,-12050,12786,9
2026-08-30T04:57:41.243383871Z,20.186048,114.720703,Cloud to Cloud,7791,3017,6
2026-08-30T04:57:41.248362998Z,20.150158,114.711357,Cloud to Cloud,14473,3390,10
2026-08-30T04:57:44.334096979Z,15.144131,121.570326,Cloud to Cloud,10325,7407,9
2026-08-30T04:57:44.335043255Z,15.137787,121.574402,Cloud to Cloud,10625,17465,9
2026-08-30T04:57:45.594514723Z,18.643705,113.815602,Cloud to Cloud,5726,5389,7
2026-08-30T04:57:45.588652751Z,18.709351,113.860545,Cloud to Cloud,8910,4250,9
2026-08-30T04:57:45.960567501Z,18.516411,113.883445,Cloud to Cloud,-10415,3015,10
2026-08-30T04:57:45.891857331Z,18.622949,113.929525,Cloud to Ground,-7842,0,7
2026-08-30T04:57:45.927064677Z,18.563265,113.883652,Cloud to Ground,-6721,0,6
2026-08-30T04:57:45.823792957Z,18.600331,113.910172,Cloud to Ground,-5674,0,6
2026-08-30T04:57:45.953687331Z,18.636582,113.924264,Cloud to Cloud,7644,18322,9
2026-08-30T04:57:45.590437892Z,18.616275,113.931919,Cloud to Ground,13983,0,12
2026-08-30T04:57:45.589459044Z,18.618933,113.926154,Cloud to Ground,22952,0,14
2026-08-30T04:57:46.553730576Z,17.522823,133.449964,Cloud to Ground,-29571,0,14
2026-08-30T04:57:46.555889207Z,17.507779,133.472667,Cloud to Ground,-19049,0,11
2026-08-30T04:57:46.696502538Z,17.521203,133.458924,Cloud to Ground,-14927,0,14
2026-08-30T04:57:46.827559586Z,17.538645,133.456355,Cloud to Ground,-10565,0,7
2026-08-30T04:57:46.555139114Z,17.517482,133.460731,Cloud to Ground,48319,0,15
2026-08-30T04:57:46.379686227Z,19.637211,114.562113,Cloud to Ground,-16047,0,10
2026-08-30T04:57:46.717315779Z,20.229289,114.050049,Cloud to Cloud,-10892,4266,7
2026-08-30T04:57:46.606124137Z,20.181881,114.145261,Cloud to Cloud,-16518,7945,11
2026-08-30T04:57:46.574049751Z,20.173704,114.154018,Cloud to Cloud,15108,3001,12
2026-08-30T04:57:46.850854590Z,20.194412,114.151849,Cloud to Ground,15441,0,12
2026-08-30T04:57:46.534383000Z,20.168,114.2037,Cloud to Ground,25106,0,5
2026-08-30T04:57:46.603300874Z,20.185313,114.143101,Cloud to Cloud,27211,3010,14
2026-08-30T04:57:47.248552290Z,20.119518,113.965398,Cloud to Cloud,9417,3080,9
2026-08-30T04:57:48.928511377Z,16.84604,127.894065,Cloud to Cloud,-19412,7488,15
2026-08-30T04:57:48.930780156Z,16.833269,127.901824,Cloud to Cloud,-9028,6948,9
2026-08-30T04:57:48.939099505Z,16.838969,127.903254,Cloud to Ground,-6527,0,8
2026-08-30T04:57:49.004387858Z,16.765383,127.884599,Cloud to Cloud,10414,7009,8
2026-08-30T04:57:48.927861862Z,16.833092,127.914292,Cloud to Ground,27921,0,11
2026-08-30T04:57:48.715350187Z,19.252106,114.789222,Cloud to Cloud,9605,14961,8
2026-08-30T04:57:48.711988106Z,19.165858,114.871158,Cloud to Cloud,-35818,3864,12
2026-08-30T04:57:48.743053935Z,19.164505,114.87366,Cloud to Cloud,-18866,3050,6
2026-08-30T04:57:48.724410185Z,19.177392,114.881791,Cloud to Cloud,-14098,10769,16
2026-08-30T04:57:49.127794377Z,19.204798,114.939098,Cloud to Cloud,11842,3011,11
2026-08-30T04:57:49.129318283Z,19.213063,114.961211,Cloud to Cloud,26097,3047,9
2026-08-30T04:57:48.490023375Z,17.302813,120.584955,Cloud to Cloud,22814,7784,15
2026-08-30T04:57:48.463651890Z,17.288454,120.562177,Cloud to Ground,65013,0,14
2026-08-30T04:57:48.080964135Z,18.658489,114.23949,Cloud to Ground,14597,0,10
2026-08-30T04:57:48.068955442Z,18.668505,114.24298,Cloud to Cloud,18569,3004,9
2026-08-30T04:57:49.190797543Z,18.681094,118.100183,Cloud to Cloud,-14073,3005,9
2026-08-30T04:57:48.892212562Z,18.715235,118.103664,Cloud to Ground,16720,0,11
2026-08-30T04:57:50.318134620Z,18.37988,116.66012,Cloud to Ground,-9499,0,8
2026-08-30T04:57:50.042225592Z,18.521512,116.681172,Cloud to Cloud,-14909,3140,11
2026-08-30T04:57:52.692551926Z,19.302418,118.770485,Cloud to Cloud,-10161,18496,12
2026-08-30T04:57:52.580826506Z,19.356287,118.815727,Cloud to Cloud,3875,5291,7
2026-08-30T04:57:52.585398008Z,19.351841,118.814684,Cloud to Cloud,10947,18364,10
2026-08-30T04:57:52.527035000Z,19.3612,118.8204,Cloud to Ground,20499,0,5
2026-08-30T04:57:52.663348522Z,19.410931,118.809581,Cloud to Cloud,20778,19891,10
2026-08-30T04:57:52.507931525Z,18.437556,113.895393,Cloud to Cloud,-11806,7492,8
2026-08-30T04:57:52.506700957Z,18.438842,113.927007,Cloud to Ground,17116,0,7
2026-08-30T04:57:56.332458244Z,17.490195,113.339913,Cloud to Cloud,-12509,5493,9
2026-08-30T04:57:57.471885153Z,18.373474,116.826742,Cloud to Ground,-17072,0,14
2026-08-30T04:57:57.211004552Z,18.376479,116.827955,Cloud to Ground,-12564,0,11
2026-08-30T04:57:57.313876951Z,18.374905,116.831073,Cloud to Ground,-8837,0,7
2026-08-30T04:57:57.271535021Z,18.377986,116.825603,Cloud to Cloud,-4266,6377,5
2026-08-30T04:57:58.665913660Z,19.349389,115.018755,Cloud to Ground,-13985,0,9
2026-08-30T04:57:59.042501325Z,19.429425,115.116924,Cloud to Ground,-10758,0,7
2026-08-30T04:57:58.655300739Z,19.419277,115.042799,Cloud to Cloud,-8652,3071,7
2026-08-30T04:57:59.007641879Z,19.437524,115.116101,Cloud to Cloud,-8539,17580,6
2026-08-30T04:57:58.656963050Z,19.368584,114.960824,Cloud to Ground,14279,0,8
2026-08-30T04:57:58.660677649Z,19.372213,115.030359,Cloud to Ground,26824,0,13
2026-08-30T04:57:58.227030385Z,20.260626,113.945018,Cloud to Cloud,-7052,19554,6
2026-08-30T04:57:57.964741362Z,20.210144,113.899821,Cloud to Cloud,11621,3015,9
2026-08-30T04:57:58.163860448Z,20.214893,113.978257,Cloud to Ground,23916,0,14
2026-08-30T04:57:58.928531234Z,20.252794,113.889116,Cloud to Ground,16890,0,9
2026-08-30T04:57:59.019529955Z,22.963977,115.497099,Cloud to Cloud,5805,7431,6
2026-08-30T04:57:59.251627578Z,22.994241,115.489491,Cloud to Cloud,6896,16094,7
2026-08-30T04:57:59.177410758Z,19.533124,115.063437,Cloud to Cloud,8078,14037,8
2026-08-30T04:58:00.565398565Z,19.671713,114.506532,Cloud to Cloud,7735,6672,7
2026-08-30T04:58:00.367497890Z,19.596438,114.426237,Cloud to Cloud,-8504,19343,9
2026-08-30T04:58:00.390821519Z,19.607809,114.433173,Cloud to Cloud,-8013,4277,6
2026-08-30T04:58:00.519489786Z,19.638021,114.407323,Cloud to Cloud,8427,5722,7
2026-08-30T04:58:00.184401064Z,19.599781,114.436674,Cloud to Ground,10435,0,9
2026-08-30T04:58:00.375592043Z,19.600552,114.41698,Cloud to Ground,13797,0,9
2026-08-30T04:58:01.724347787Z,17.105017,132.12278,Cloud to Ground,-49759,0,17
2026-08-30T04:58:01.619331027Z,17.064193,132.119171,Cloud to Ground,-40132,0,15
2026-08-30T04:58:01.652021853Z,17.028313,132.172161,Cloud to Ground,-21655,0,11
2026-08-30T04:58:01.629143935Z,17.029856,132.146454,Cloud to Ground,-20376,0,13
2026-08-30T04:58:01.624656506Z,17.116011,132.119788,Cloud to Ground,-15360,0,9
2026-08-30T04:58:01.653028989Z,17.06029,132.150054,Cloud to Cloud,-11474,3152,14
2026-08-30T04:58:01.623387736Z,17.040435,132.144344,Cloud to Cloud,-7219,3343,7
2026-08-30T04:58:02.182883252Z,19.950038,114.560084,Cloud to Cloud,-14281,12306,11
2026-08-30T04:58:01.976191378Z,19.942652,114.565717,Cloud to Ground,19813,0,10
2026-08-30T04:58:03.211317000Z,16.0411,129.7263,Cloud to Ground,-14932,0,7
2026-08-30T04:58:03.209565974Z,16.035715,129.738983,Cloud to Cloud,9657,3072,13
2026-08-30T04:58:04.319707764Z,17.912307,113.773712,Cloud to Ground,-14651,0,6
2026-08-30T04:58:04.315941493Z,17.917321,113.707446,Cloud to Cloud,8991,3041,6
2026-08-30T04:58:04.313425457Z,17.9374,113.769594,Cloud to Cloud,11125,6326,7
2026-08-30T04:58:04.314704726Z,17.933325,113.771285,Cloud to Cloud,13086,10743,11
2026-08-30T04:58:04.265500480Z,22.945728,113.016534,Cloud to Ground,7555,0,13
2026-08-30T04:58:04.264878461Z,22.949348,113.099537,Cloud to Ground,14327,0,14
2026-08-30T04:58:06.308523680Z,19.934826,114.671123,Cloud to Ground,14674,0,6
2026-08-30T04:58:07.480494365Z,4.832339,113.027344,Cloud to Ground,19506,0,12
2026-08-30T04:58:07.991937406Z,19.310289,118.788421,Cloud to Cloud,-15708,7869,11
2026-08-30T04:58:08.669998364Z,19.113824,118.630249,Cloud to Ground,-121393,0,12
2026-08-30T04:58:09.186202380Z,19.094185,118.65446,Cloud to Ground,-32269,0,14
2026-08-30T04:58:09.039900801Z,19.094523,118.655446,Cloud to Ground,-32133,0,16
2026-08-30T04:58:08.745573732Z,19.083272,118.637748,Cloud to Ground,-28053,0,15
2026-08-30T04:58:08.806381770Z,19.118562,118.633184,Cloud to Ground,-27175,0,15
2026-08-30T04:58:08.867584942Z,19.113116,118.61758,Cloud to Ground,-13581,0,11
2026-08-30T04:58:08.657623210Z,19.178492,118.649476,Cloud to Cloud,-12703,4127,10
2026-08-30T04:58:08.871660171Z,19.112748,118.587097,Cloud to Ground,-12342,0,8
2026-08-30T04:58:09.041166813Z,19.213232,118.620144,Cloud to Cloud,-9095,18447,7
2026-08-30T04:58:08.698228523Z,19.11645,118.634668,Cloud to Cloud,9805,3004,9
2026-08-30T04:58:08.869352172Z,19.207916,118.632304,Cloud to Cloud,11160,15403,7
2026-08-30T04:58:08.992242000Z,19.123,118.7007,Cloud to Ground,23174,0,7
2026-08-30T04:58:09.054035999Z,19.277527,115.161052,Cloud to Cloud,-14936,4305,8
2026-08-30T04:58:08.949367149Z,19.312262,115.162325,Cloud to Ground,-12828,0,8
2026-08-30T04:58:14.146725795Z,15.078048,121.302667,Cloud to Cloud,-8697,8256,8
2026-08-30T04:58:15.449343157Z,18.560115,119.785126,Cloud to Cloud,-5054,16201,7
2026-08-30T04:58:15.422218818Z,18.509432,119.731897,Cloud to Cloud,6590,17485,6
2026-08-30T04:58:20.404079219Z,17.817662,113.840495,Cloud to Ground,-10740,0,8
2026-08-30T04:58:22.061223415Z,17.031742,132.329093,Cloud to Ground,-43814,0,15
2026-08-30T04:58:21.976760852Z,17.037414,132.337884,Cloud to Ground,-36891,0,15
2026-08-30T04:58:21.991721129Z,17.049487,132.336292,Cloud to Cloud,-15211,3274,12
2026-08-30T04:58:21.981797340Z,17.078317,132.276251,Cloud to Cloud,-13377,7709,13
2026-08-30T04:58:22.061705959Z,17.031683,132.335282,Cloud to Ground,-12059,0,10
2026-08-30T04:58:21.999393050Z,17.046511,132.352001,Cloud to Ground,16004,0,13
2026-08-30T04:58:21.977423060Z,17.034752,132.357124,Cloud to Ground,18260,0,12
2026-08-30T04:58:22.343526175Z,17.504696,113.29017,Cloud to Ground,-14631,0,7
2026-08-30T04:58:22.359355718Z,17.48842,113.30027,Cloud to Ground,-12197,0,8
2026-08-30T04:58:22.372308039Z,17.477457,113.269727,Cloud to Ground,-7735,0,7
2026-08-30T04:58:22.348046504Z,17.510852,113.291828,Cloud to Cloud,-6788,3015,6
2026-08-30T04:58:23.836712049Z,19.000187,118.50345,Cloud to Ground,-120481,0,12
2026-08-30T04:58:23.958008504Z,18.984533,118.50122,Cloud to Ground,-31268,0,14
2026-08-30T04:58:24.205688224Z,19.022278,118.520681,Cloud to Ground,-26987,0,12
2026-08-30T04:58:24.077994588Z,18.986667,118.503273,Cloud to Ground,-25348,0,11
2026-08-30T04:58:23.844643703Z,18.974296,118.503638,Cloud to Cloud,-21239,13778,9
2026-08-30T04:58:23.939491621Z,19.050279,118.428373,Cloud to Cloud,-13125,18219,5
2026-08-30T04:58:24.122538026Z,18.984796,118.513782,Cloud to Cloud,8555,3012,8
2026-08-30T04:58:24.227164334Z,19.013311,118.518072,Cloud to Cloud,9957,19890,7
2026-08-30T04:58:23.870862059Z,19.002126,118.512878,Cloud to Cloud,16471,12443,14
2026-08-30T04:58:24.008460000Z,18.9471,118.4627,Cloud to Ground,46743,0,9
2026-08-30T04:58:23.262163285Z,17.748439,113.475871,Cloud to Cloud,-14151,5634,8
2026-08-30T04:58:23.245563544Z,17.625061,113.349914,Cloud to Cloud,-12069,17746,7
2026-08-30T04:58:24.457116205Z,19.377417,114.697696,Cloud to Cloud,-10245,3155,7
2026-08-30T04:58:24.027943000Z,19.0194,118.2833,Cloud to Ground,40952,0,5
2026-08-30T04:58:25.071351581Z,18.569891,114.112992,Cloud to Ground,14591,0,13
2026-08-30T04:58:25.067379394Z,18.58752,114.112921,Cloud to Ground,14762,0,16
2026-08-30T04:58:25.048087845Z,21.977746,113.290807,Cloud to Ground,-14153,0,6
2026-08-30T04:58:24.832157513Z,22.040511,113.281584,Cloud to Ground,-13354,0,6
2026-08-30T04:58:25.152819093Z,21.981482,113.291372,Cloud to Cloud,-6773,11973,6
2026-08-30T04:58:25.107737791Z,21.981299,113.299543,Cloud to Cloud,10992,7491,9
2026-08-30T04:58:25.330554531Z,18.394401,116.689229,Cloud to Cloud,11443,17724,10
2026-08-30T04:58:26.645851000Z,16.125,130.3634,Cloud to Ground,-24853,0,7
2026-08-30T04:58:26.642330186Z,16.095997,130.419112,Cloud to Cloud,7536,5805,7
2026-08-30T04:58:26.643861628Z,16.126276,130.489044,Cloud to Ground,29531,0,11
2026-08-30T04:58:27.224945475Z,14.358088,122.256825,Cloud to Ground,25947,0,10
2026-08-30T04:58:29.584103640Z,19.350096,118.792673,Cloud to Ground,-16182,0,7
2026-08-30T04:58:29.247921368Z,19.332353,118.781363,Cloud to Cloud,3352,13757,7
2026-08-30T04:58:29.615428199Z,19.332609,118.784988,Cloud to Cloud,5423,3098,9
2026-08-30T04:58:29.692082696Z,19.330474,118.740683,Cloud to Cloud,6913,6497,12
2026-08-30T04:58:29.508276513Z,19.329488,118.7137,Cloud to Cloud,14881,4310,9
2026-08-30T04:58:29.795619752Z,18.415349,117.331821,Cloud to Ground,-10104,0,9
2026-08-30T04:58:31.187228144Z,21.71145,113.000632,Cloud to Ground,-29072,0,11
2026-08-30T04:58:31.191261780Z,21.752775,112.952267,Cloud to Cloud,-9765,13732,8
2026-08-30T04:58:31.174566011Z,21.777552,112.926221,Cloud to Cloud,-8368,16490,6
2026-08-30T04:58:31.173157701Z,21.738528,112.955694,Cloud to Cloud,7405,4271,6
2026-08-30T04:58:31.178183134Z,21.684834,112.913019,Cloud to Cloud,12118,7185,9
2026-08-30T04:58:32.803865793Z,19.764163,115.076074,Cloud to Cloud,7581,4898,9
2026-08-30T04:58:32.843474466Z,19.77882,115.073112,Cloud to Ground,32763,0,10
2026-08-30T04:58:36.373021070Z,9.139745,117.988213,Cloud to Cloud,-7378,12697,10
2026-08-30T04:58:36.546835537Z,19.458925,115.135395,Cloud to Ground,-29511,0,11
2026-08-30T04:58:36.239147421Z,19.463027,115.144811,Cloud to Ground,-26070,0,10
2026-08-30T04:58:36.297058809Z,19.457008,115.134039,Cloud to Ground,-24296,0,11
2026-08-30T04:58:36.178368669Z,19.444812,115.123288,Cloud to Ground,-11846,0,8
2026-08-30T04:58:36.331487288Z,19.466376,115.142606,Cloud to Ground,-9465,0,9
2026-08-30T04:58:36.204842000Z,19.3965,115.1395,Cloud to Ground,36422,0,8
2026-08-30T04:58:37.407453929Z,18.924827,114.679583,Cloud to Cloud,-23442,3018,9
2026-08-30T04:58:37.409114975Z,18.949558,114.669968,Cloud to Cloud,-15517,3869,6
2026-08-30T04:58:37.418059945Z,18.90687,114.677359,Cloud to Cloud,-13769,3166,7
2026-08-30T04:58:37.395889905Z,18.945202,114.67871,Cloud to Cloud,6768,16119,10
2026-08-30T04:58:37.400906926Z,18.932992,114.683643,Cloud to Cloud,7467,8644,7
2026-08-30T04:58:37.514680748Z,18.865949,114.704618,Cloud to Cloud,8946,10456,7
2026-08-30T04:58:37.398433435Z,18.942332,114.675392,Cloud to Ground,17911,0,15
2026-08-30T04:58:37.397527000Z,18.9663,114.6882,Cloud to Ground,18965,0,6
2026-08-30T04:58:37.184800524Z,15.295876,120.323914,Cloud to Ground,-13356,0,12
2026-08-30T04:58:38.481345241Z,4.931421,113.051956,Cloud to Ground,31143,0,12
2026-08-30T04:58:38.067952279Z,19.294237,115.179212,Cloud to Cloud,-8257,4132,8
2026-08-30T04:58:38.070725249Z,19.217112,115.250066,Cloud to Cloud,-8931,3003,9
2026-08-30T04:58:39.917414351Z,17.44217,133.240561,Cloud to Cloud,-21431,6154,8
2026-08-30T04:58:39.852230252Z,17.469233,133.199996,Cloud to Ground,-16163,0,8
2026-08-30T04:58:39.851251337Z,17.469527,133.206291,Cloud to Ground,-12329,0,10
2026-08-30T04:58:39.849032142Z,17.466898,133.209563,Cloud to Ground,20806,0,10
2026-08-30T04:58:39.735711594Z,14.655794,121.370899,Cloud to Ground,13847,0,8
2026-08-30T04:58:41.126637975Z,18.707767,116.850273,Cloud to Ground,-51962,0,11
2026-08-30T04:58:41.187565552Z,18.712364,116.850484,Cloud to Ground,-44502,0,14
2026-08-30T04:58:41.425106507Z,18.724666,116.885873,Cloud to Ground,-32713,0,12
2026-08-30T04:58:41.236262663Z,18.723039,116.883411,Cloud to Ground,-22117,0,8
2026-08-30T04:58:41.492697800Z,18.726479,116.8823,Cloud to Ground,-21801,0,11
2026-08-30T04:58:41.141945556Z,18.691824,116.840654,Cloud to Ground,-9645,0,7
2026-08-30T04:58:41.371183000Z,18.8606,116.7727,Cloud to Ground,-14027,0,5
2026-08-30T04:58:44.225461390Z,18.789475,118.561503,Cloud to Ground,-20714,0,12
2026-08-30T04:58:45.244491284Z,18.400284,113.932597,Cloud to Ground,-11749,0,8
2026-08-30T04:58:45.240152230Z,18.416051,113.88568,Cloud to Cloud,-8148,7851,8
2026-08-30T04:58:45.242552148Z,18.372547,113.919668,Cloud to Cloud,-7879,6979,6
2026-08-30T04:58:45.235899440Z,18.411038,113.836482,Cloud to Cloud,5971,3011,7
2026-08-30T04:58:45.241671462Z,18.428414,113.802161,Cloud to Cloud,13351,3583,9
2026-08-30T04:58:45.237579660Z,18.423022,113.91522,Cloud to Cloud,21553,3013,8
2026-08-30T04:58:46.424558471Z,18.590664,116.452736,Cloud to Cloud,-9626,3529,7
2026-08-30T04:58:47.195861870Z,19.919577,114.637493,Cloud to Cloud,-12289,6425,7
2026-08-30T04:58:46.923832296Z,19.923579,114.664452,Cloud to Cloud,-9411,3311,10
2026-08-30T04:58:46.737411000Z,19.913,114.6642,Cloud to Ground,-7588,0,5
2026-08-30T04:58:47.188838953Z,19.949557,114.636238,Cloud to Cloud,12841,16519,8
2026-08-30T04:58:48.379883451Z,19.70136,122.859502,Cloud to Cloud,8872,3021,7
2026-08-30T04:58:48.376898148Z,19.69469,122.857873,Cloud to Cloud,10856,14311,8
2026-08-30T04:58:48.325096587Z,19.687449,122.864411,Cloud to Ground,16030,0,8
2026-08-30T04:58:48.244101705Z,19.781329,122.912847,Cloud to Ground,-28699,0,16
2026-08-30T04:58:48.202634752Z,19.781018,122.914424,Cloud to Ground,-15587,0,13
2026-08-30T04:58:48.247478168Z,19.794094,122.88879,Cloud to Cloud,-14970,12608,6
2026-08-30T04:58:47.877840369Z,19.800874,122.903237,Cloud to Cloud,5833,18153,7
2026-08-30T04:58:47.881359659Z,19.807524,122.899478,Cloud to Cloud,8129,3930,8
2026-08-30T04:58:47.882693843Z,19.894681,122.862624,Cloud to Cloud,12031,3634,7
2026-08-30T04:58:47.880148350Z,19.885736,122.897364,Cloud to Cloud,12783,10952,7
2026-08-30T04:58:48.299616911Z,18.771097,118.323835,Cloud to Ground,-21891,0,14
2026-08-30T04:58:48.298697235Z,18.77282,118.323211,Cloud to Cloud,13055,7216,11
2026-08-30T04:58:48.302161113Z,18.774171,118.329867,Cloud to Ground,14516,0,11
2026-08-30T04:58:50.766475676Z,16.101775,131.148215,Cloud to Ground,-23317,0,9
2026-08-30T04:58:50.794016459Z,16.113355,131.153994,Cloud to Ground,-21573,0,13
2026-08-30T04:58:50.767582475Z,16.105687,131.141297,Cloud to Cloud,-9704,17976,10
2026-08-30T04:58:51.005249026Z,16.260524,131.088038,Cloud to Ground,31986,0,13
2026-08-30T04:58:51.002517474Z,16.143635,131.000426,Cloud to Cloud,-18756,19001,14
2026-08-30T04:58:50.775013998Z,16.151316,131.028837,Cloud to Cloud,13252,4018,13
2026-08-30T04:58:51.602203217Z,16.591375,131.110206,Cloud to Cloud,-15723,4052,15
2026-08-30T04:58:51.691254975Z,16.685204,131.083435,Cloud to Ground,19636,0,20
2026-08-30T04:58:51.363850296Z,19.658051,114.541739,Cloud to Ground,11849,0,11
2026-08-30T04:58:51.357437513Z,19.637727,114.453351,Cloud to Ground,44028,0,9
2026-08-30T04:58:52.360420110Z,18.297885,119.529154,Cloud to Ground,-14844,0,9
2026-08-30T04:58:52.082423328Z,18.607472,116.773235,Cloud to Ground,-9269,0,7
2026-08-30T04:58:54.270587272Z,19.338867,118.822647,Cloud to Ground,-42863,0,12
2026-08-30T04:58:54.995668132Z,19.332706,118.80291,Cloud to Ground,-14931,0,9
2026-08-30T04:58:54.367207838Z,19.338191,118.826302,Cloud to Ground,-12390,0,12
2026-08-30T04:58:55.129332607Z,19.338078,118.824194,Cloud to Ground,-11794,0,10
2026-08-30T04:58:54.561549719Z,19.338248,118.808286,Cloud to Cloud,-7367,5225,6
2026-08-30T04:58:54.986913983Z,19.338622,118.821819,Cloud to Ground,-7167,0,8
2026-08-30T04:58:54.868062554Z,21.837655,113.213006,Cloud to Cloud,15654,3048,13
2026-08-30T04:58:55.625445520Z,18.002119,113.790265,Cloud to Ground,-24585,0,11
2026-08-30T04:58:55.091302990Z,18.18516,113.736066,Cloud to Cloud,-22851,4375,7
2026-08-30T04:58:55.019748574Z,18.09103,113.75589,Cloud to Cloud,-22610,5349,12
2026-08-30T04:58:55.109170226Z,18.081659,113.759235,Cloud to Ground,-12351,0,7
2026-08-30T04:58:55.021633650Z,18.084131,113.75211,Cloud to Ground,-11963,0,7
2026-08-30T04:58:55.749529426Z,17.983915,113.793572,Cloud to Ground,20057,0,11
2026-08-30T04:58:55.017751292Z,18.084975,113.670582,Cloud to Ground,35455,0,17
2026-08-30T04:58:55.089726455Z,18.140487,113.750277,Cloud to Ground,58037,0,16
2026-08-30T04:58:55.040369193Z,19.302097,118.694121,Cloud to Cloud,-10146,14787,11
2026-08-30T04:58:56.428253643Z,18.479751,113.854002,Cloud to Ground,-14781,0,9
2026-08-30T04:58:57.358330698Z,3.042549,112.853953,Cloud to Ground,24485,0,5
2026-08-30T04:58:57.585400781Z,18.375277,117.34502,Cloud to Cloud,7850,5663,9
2026-08-30T04:58:57.617374466Z,14.466826,121.21012,Cloud to Cloud,19358,6192,7
2026-08-30T04:58:58.873072769Z,19.39925,114.406288,Cloud to Cloud,-7238,4064,8
2026-08-30T04:58:58.863195520Z,19.429443,114.393892,Cloud to Cloud,5839,6742,8
2026-08-30T04:58:58.865471786Z,19.411257,114.399616,Cloud to Ground,25544,0,11
2026-08-30T04:58:58.864305698Z,19.416272,114.394594,Cloud to Ground,33484,0,16
2026-08-30T04:59:00.999179572Z,13.377807,119.373329,Cloud to Ground,17815,0,10
2026-08-30T04:59:00.675414486Z,17.487822,113.286269,Cloud to Cloud,16281,3062,8
2026-08-30T04:59:01.944347808Z,19.733994,115.162976,Cloud to Ground,-16256,0,9
2026-08-30T04:59:01.827991857Z,19.731587,115.168927,Cloud to Cloud,-11039,3069,9
2026-08-30T04:59:01.856965455Z,19.71373,115.088878,Cloud to Cloud,-10224,3028,7
2026-08-30T04:59:02.044298503Z,19.68985,115.147925,Cloud to Cloud,-9607,5663,8
2026-08-30T04:59:02.024523822Z,19.761807,115.196274,Cloud to Cloud,-8477,3668,6
2026-08-30T04:59:02.019164889Z,19.721597,115.128171,Cloud to Ground,11621,0,11
2026-08-30T04:59:01.825287652Z,19.730746,115.163079,Cloud to Ground,47703,0,18
2026-08-30T04:59:01.826010770Z,19.723215,115.156894,Cloud to Ground,65128,0,17
2026-08-30T04:59:01.147574098Z,16.229717,129.566359,Cloud to Cloud,-12973,11858,8
2026-08-30T04:59:01.129530675Z,16.265632,129.634855,Cloud to Cloud,7841,3044,9
2026-08-30T04:59:01.128953656Z,16.188392,129.646289,Cloud to Cloud,12616,3064,8
2026-08-30T04:59:02.124004503Z,18.653405,114.005379,Cloud to Ground,-8239,0,6
2026-08-30T04:59:01.894897710Z,18.645843,113.937173,Cloud to Ground,15512,0,9
2026-08-30T04:59:01.171710973Z,13.558545,119.430295,Cloud to Ground,-17023,0,12
2026-08-30T04:59:01.240362216Z,13.472159,119.41448,Cloud to Cloud,-5425,14690,7
2026-08-30T04:59:02.625525788Z,18.399913,116.695101,Cloud to Cloud,3220,15435,5
2026-08-30T04:59:02.264788161Z,18.597281,113.854058,Cloud to Cloud,-5957,3091,6
2026-08-30T04:59:03.753065616Z,16.860873,131.530339,Cloud to Cloud,-17980,3038,9
2026-08-30T04:59:03.680890671Z,16.828588,131.696762,Cloud to Ground,-33194,0,14
2026-08-30T04:59:03.754210423Z,16.830585,131.690696,Cloud to Cloud,-13786,11933,8
2026-08-30T04:59:03.802770262Z,16.863581,131.732484,Cloud to Ground,20929,0,12
2026-08-30T04:59:03.431179992Z,17.928241,113.797875,Cloud to Cloud,-9793,4419,10
2026-08-30T04:59:03.890187311Z,17.914014,113.810506,Cloud to Ground,-8208,0,7
2026-08-30T04:59:03.429630510Z,17.929263,113.705562,Cloud to Cloud,14211,3043,7
2026-08-30T04:59:03.911220624Z,17.990252,113.697177,Cloud to Ground,18531,0,10
2026-08-30T04:59:03.862316168Z,19.328764,115.13255,Cloud to Ground,-9038,0,7
2026-08-30T04:59:06.727718014Z,15.917284,130.807707,Cloud to Ground,33164,0,7
2026-08-30T04:59:06.732814195Z,16.075258,130.600595,Cloud to Cloud,14965,19425,10
2026-08-30T04:59:06.255687609Z,18.164746,113.607705,Cloud to Ground,22451,0,7
2026-08-30T04:59:06.257033035Z,18.19972,113.720792,Cloud to Ground,-23171,0,10
2026-08-30T04:59:06.257522375Z,18.18058,113.71605,Cloud to Cloud,-20683,6299,12
2026-08-30T04:59:06.293944284Z,18.160831,113.720457,Cloud to Cloud,-11245,6586,8
2026-08-30T04:59:06.269020461Z,18.187266,113.744915,Cloud to Cloud,-9118,3019,6
2026-08-30T04:59:06.255193743Z,18.159045,113.728015,Cloud to Cloud,12244,3192,9
2026-08-30T04:59:07.373136856Z,16.163122,130.699828,Cloud to Cloud,-18037,3251,14
2026-08-30T04:59:07.356585177Z,16.160191,130.716497,Cloud to Cloud,11169,3059,7
2026-08-30T04:59:10.022991050Z,9.133661,118.010973,Cloud to Cloud,-5706,8559,5
2026-08-30T04:59:11.796732582Z,16.063113,129.686755,Cloud to Cloud,10766,5771,6
2026-08-30T04:59:11.867787513Z,16.074922,129.743249,Cloud to Cloud,10838,4128,9
2026-08-30T04:59:11.792221571Z,15.985265,129.743949,Cloud to Cloud,18169,4972,8
2026-08-30T04:59:11.302466229Z,18.874431,116.633844,Cloud to Ground,-13075,0,8
2026-08-30T04:59:12.931472042Z,20.178633,113.723588,Cloud to Ground,14020,0,12
2026-08-30T04:59:12.945635648Z,20.211528,113.820613,Cloud to Cloud,8829,3316,8
2026-08-30T04:59:12.930421750Z,20.178218,113.821739,Cloud to Cloud,10620,7557,8
2026-08-30T04:59:12.185212187Z,20.129727,114.449398,Cloud to Cloud,-12352,6747,7
2026-08-30T04:59:12.205551731Z,20.110647,114.450093,Cloud to Cloud,16929,5492,7
2026-08-30T04:59:12.198583240Z,20.130093,114.456595,Cloud to Ground,29180,0,11
2026-08-30T04:59:12.235667340Z,20.130255,114.47153,Cloud to Ground,103934,0,14
2026-08-30T04:59:12.492533620Z,20.384551,114.429347,Cloud to Ground,-16147,0,6
2026-08-30T04:59:12.854978118Z,20.376039,114.41717,Cloud to Ground,-16031,0,11
2026-08-30T04:59:12.487637602Z,20.365321,114.438081,Cloud to Cloud,12583,19394,13
2026-08-30T04:59:12.476733566Z,20.277772,114.436479,Cloud to Ground,24895,0,10
2026-08-30T04:59:12.013330840Z,19.157184,116.083082,Cloud to Cloud,21875,3022,10
2026-08-30T04:59:14.800989406Z,19.668605,114.443797,Cloud to Cloud,-10858,3058,7
2026-08-30T04:59:14.480622865Z,19.613889,114.446467,Cloud to Cloud,8941,3211,8
2026-08-30T04:59:15.644208017Z,3.009554,112.796412,Cloud to Ground,11365,0,6
2026-08-30T04:59:15.781349547Z,20.194773,114.227136,Cloud to Cloud,-18771,3475,9
2026-08-30T04:59:15.752096767Z,20.199014,114.149543,Cloud to Cloud,11770,7301,9
2026-08-30T04:59:15.773591046Z,20.217576,114.239029,Cloud to Cloud,12970,3009,7
2026-08-30T04:59:15.758721000Z,20.2708,114.1397,Cloud to Ground,13839,0,5
2026-08-30T04:59:15.802408335Z,20.211397,114.231239,Cloud to Cloud,15590,3315,17
2026-08-30T04:59:16.408741620Z,18.664787,114.212525,Cloud to Cloud,9046,5154,10
2026-08-30T04:59:16.410162655Z,18.65888,114.20855,Cloud to Ground,11211,0,10
2026-08-30T04:59:16.411170288Z,18.639671,114.125769,Cloud to Ground,15443,0,7
2026-08-30T04:59:16.865914213Z,19.941826,114.586075,Cloud to Ground,-68245,0,12
2026-08-30T04:59:16.943360923Z,20.045971,114.46867,Cloud to Cloud,-19304,10189,10
2026-08-30T04:59:16.750496841Z,19.986283,114.538311,Cloud to Cloud,-13208,5203,7
2026-08-30T04:59:16.727285000Z,19.9862,114.5615,Cloud to Ground,16571,0,8
2026-08-30T04:59:16.337186725Z,18.465684,117.497973,Cloud to Ground,14520,0,13
2026-08-30T04:59:17.408098110Z,18.980725,118.571902,Cloud to Ground,-57977,0,19
2026-08-30T04:59:17.487884137Z,19.004843,118.556686,Cloud to Ground,-33375,0,15
2026-08-30T04:59:17.846961148Z,19.122086,118.55552,Cloud to Cloud,-21113,7106,10
2026-08-30T04:59:17.856759294Z,19.009828,118.555214,Cloud to Cloud,-18792,3023,9
2026-08-30T04:59:17.395165714Z,19.05832,118.565452,Cloud to Cloud,-16245,8123,11
2026-08-30T04:59:17.515540000Z,18.9838,118.5604,Cloud to Ground,19714,0,6
2026-08-30T04:59:18.279775259Z,17.529499,133.466847,Cloud to Ground,-15911,0,10
2026-08-30T04:59:18.282422000Z,17.5514,133.4301,Cloud to Ground,20521,0,5
2026-08-30T04:59:21.421810338Z,4.833867,113.000825,Cloud to Ground,-13516,0,7
2026-08-30T04:59:23.053894453Z,18.41068,116.680374,Cloud to Ground,-22246,0,19
2026-08-30T04:59:25.859149365Z,18.462699,116.852129,Cloud to Cloud,8346,19387,9
2026-08-30T04:59:26.084481944Z,18.437637,116.761173,Cloud to Cloud,-13626,3005,8
2026-08-30T04:59:25.860202201Z,18.377209,116.785984,Cloud to Ground,20648,0,8
2026-08-30T04:59:28.286030418Z,21.643914,112.11179,Cloud to Cloud,-29228,14476,11
2026-08-30T04:59:28.356313571Z,21.629719,112.118135,Cloud to Cloud,-9377,7833,8
2026-08-30T04:59:28.288738273Z,21.642448,112.105115,Cloud to Cloud,-8561,3042,7
2026-08-30T04:59:28.342733334Z,21.629709,112.053519,Cloud to Cloud,-8097,6169,5
2026-08-30T04:59:28.281788993Z,21.656368,112.100266,Cloud to Cloud,9121,3006,6
2026-08-30T04:59:28.282501069Z,21.638884,112.112093,Cloud to Cloud,24082,3450,12
2026-08-30T04:59:30.331606567Z,15.196477,120.399587,Cloud to Cloud,7424,16292,6
2026-08-30T04:59:30.593638307Z,15.261403,120.322362,Cloud to Cloud,-5635,4762,8
2026-08-30T04:59:33.375024372Z,20.219432,113.994814,Cloud to Cloud,-12842,12987,7
2026-08-30T04:59:33.329392824Z,20.189376,113.985948,Cloud to Cloud,-11347,5200,8
2026-08-30T04:59:33.049219373Z,20.182438,113.993757,Cloud to Cloud,-9763,3702,8
2026-08-30T04:59:32.963024579Z,20.215561,114.000272,Cloud to Ground,10270,0,7
2026-08-30T04:59:33.278948456Z,20.21575,113.908026,Cloud to Cloud,13090,5901,8
2026-08-30T04:59:32.980638078Z,20.218181,113.900644,Cloud to Ground,16935,0,7
2026-08-30T04:59:33.088489099Z,18.608134,117.756663,Cloud to Cloud,-24122,3030,10
2026-08-30T04:59:32.891886000Z,18.5816,117.7088,Cloud to Ground,-14994,0,5
2026-08-30T04:59:36.526376471Z,17.504347,113.294741,Cloud to Cloud,-29174,3022,11
2026-08-30T04:59:36.529886142Z,17.494942,113.28645,Cloud to Ground,-11237,0,10
2026-08-30T04:59:36.550493207Z,17.472092,113.272333,Cloud to Cloud,-8029,4225,8
2026-08-30T04:59:36.888384293Z,17.45663,113.218214,Cloud to Ground,-6934,0,6
2026-08-30T04:59:36.523987814Z,17.501856,113.291391,Cloud to Cloud,12922,15521,11
2026-08-30T04:59:37.383464993Z,18.3174,120.327999,Cloud to Cloud,-17188,19293,10
2026-08-30T04:59:37.489261249Z,18.268076,120.297141,Cloud to Ground,31371,0,12
2026-08-30T04:59:37.895879783Z,17.823399,113.88615,Cloud to Cloud,11465,3188,7
2026-08-30T04:59:37.479389464Z,17.794048,113.178009,Cloud to Ground,-8931,0,6
2026-08-30T04:59:37.462770676Z,17.80159,113.171845,Cloud to Ground,-7968,0,6
2026-08-30T04:59:41.848748000Z,19.360044,114.890705,Cloud to Cloud,-9865,12052,10
2026-08-30T04:59:42.063603448Z,15.467361,120.385509,Cloud to Cloud,-4949,3088,7
2026-08-30T04:59:42.058976481Z,15.392404,120.417968,Cloud to Ground,25295,0,10
2026-08-30T04:59:42.139484872Z,19.457871,115.06492,Cloud to Ground,-23067,0,10
2026-08-30T04:59:41.854755279Z,19.394381,115.059639,Cloud to Ground,-7521,0,7
2026-08-30T04:59:47.844952698Z,21.894982,113.292143,Cloud to Cloud,-10240,3062,12
2026-08-30T04:59:48.262543226Z,21.920522,113.278132,Cloud to Cloud,8969,3037,10
2026-08-30T04:59:47.853360947Z,21.93921,113.270293,Cloud to Cloud,9848,3025,12
2026-08-30T04:59:47.840807303Z,21.907464,113.275333,Cloud to Cloud,19543,6699,13
2026-08-30T04:59:48.141999439Z,17.502241,133.151751,Cloud to Ground,-11191,0,17
2026-08-30T04:59:48.855492377Z,19.295321,115.145762,Cloud to Cloud,-12894,3001,9
2026-08-30T04:59:48.013306091Z,22.035221,113.228407,Cloud to Cloud,-12647,7842,7
2026-08-30T04:59:48.011309334Z,22.032247,113.320555,Cloud to Cloud,7016,3015,8
2026-08-30T04:59:48.016086124Z,22.096164,113.273853,Cloud to Cloud,10284,19500,10
2026-08-30T04:59:49.708493779Z,16.816621,131.581969,Cloud to Cloud,-16260,5781,8
2026-08-30T04:59:49.667131825Z,16.807483,131.728552,Cloud to Ground,-14668,0,15
2026-08-30T04:59:49.665447677Z,16.879705,131.695589,Cloud to Ground,-12373,0,19
2026-08-30T04:59:49.701556053Z,16.829139,131.714432,Cloud to Cloud,-11709,14982,11
2026-08-30T04:59:49.749620544Z,16.907506,131.716574,Cloud to Ground,-11102,0,8
2026-08-30T04:59:49.668747193Z,16.834694,131.713614,Cloud to Ground,-9934,0,15
2026-08-30T04:59:51.605201328Z,17.050957,132.378571,Cloud to Ground,-19349,0,14
2026-08-30T04:59:51.598596710Z,17.01657,132.421083,Cloud to Ground,-14463,0,8
2026-08-30T04:59:51.607193898Z,17.048763,132.377064,Cloud to Ground,-13034,0,9
2026-08-30T04:59:51.599572789Z,17.034887,132.399456,Cloud to Ground,-12306,0,10
2026-08-30T04:59:51.016965921Z,18.584375,118.017767,Cloud to Ground,37192,0,9
2026-08-30T04:59:51.015697254Z,18.598652,118.116923,Cloud to Ground,16563,0,8
2026-08-30T04:59:51.871349987Z,17.415181,113.384116,Cloud to Cloud,-25888,3070,5
2026-08-30T04:59:51.453482200Z,17.42922,113.354942,Cloud to Cloud,-13785,9565,12
2026-08-30T04:59:52.603254119Z,17.18108,132.620023,Cloud to Ground,-10274,0,8
2026-08-30T04:59:54.766057913Z,20.132268,114.154048,Cloud to Cloud,11362,3138,7
2026-08-30T04:59:54.670416008Z,18.725303,119.315217,Cloud to Cloud,14277,3056,7
2026-08-30T05:00:00.179340040Z,14.545075,121.18398,Cloud to Cloud,2641,3925,6
2026-08-30T04:59:59.968363627Z,14.496434,121.191298,Cloud to Cloud,3544,12565,5
2026-08-30T05:00:00.086746818Z,14.455693,121.214933,Cloud to Cloud,9124,18858,6
2026-08-30T05:00:02.198249271Z,19.431655,118.813603,Cloud to Cloud,11733,18299,7
2026-08-30T05:00:02.158155078Z,19.338113,118.809789,Cloud to Cloud,5228,16733,8
2026-08-30T05:00:02.155299917Z,19.339986,118.815476,Cloud to Cloud,7485,3008,8
2026-08-30T05:00:03.589447000Z,20.2081,113.6586,Cloud to Ground,-57669,0,13
2026-08-30T05:00:03.997498603Z,20.202408,113.645337,Cloud to Cloud,-11303,7860,9
2026-08-30T05:00:03.978235955Z,20.276306,113.623943,Cloud to Cloud,-6025,3005,7
2026-08-30T05:00:03.499382902Z,20.252994,113.616386,Cloud to Cloud,-6013,5486,7
2026-08-30T05:00:03.466677803Z,20.200264,113.573883,Cloud to Ground,20044,0,9
2026-08-30T05:00:04.193127454Z,18.528798,116.658445,Cloud to Cloud,7802,3004,6
2026-08-30T05:00:03.961064026Z,18.556821,116.707129,Cloud to Cloud,10274,3052,8
2026-08-30T05:00:03.957853459Z,18.533197,116.693415,Cloud to Ground,15807,0,11
2026-08-30T05:00:04.759550555Z,18.273117,119.399982,Cloud to Cloud,6660,3029,7
2026-08-30T05:00:04.760034061Z,18.269201,119.376793,Cloud to Cloud,9812,12775,11
2026-08-30T05:00:04.935008319Z,20.214349,114.274394,Cloud to Cloud,-8778,5698,10
2026-08-30T05:00:04.948027922Z,20.200712,114.251052,Cloud to Cloud,-8477,3917,8
2026-08-30T05:00:05.017714461Z,17.792054,113.84075,Cloud to Cloud,-8725,3001,11
2026-08-30T05:00:08.520994513Z,18.352623,117.010274,Cloud to Cloud,-9287,4676,9
2026-08-30T05:00:08.533825964Z,18.375744,117.019032,Cloud to Cloud,-7664,3100,7
2026-08-30T05:00:08.449511014Z,18.339349,116.958993,Cloud to Cloud,18687,17253,7
2026-08-30T05:00:10.005278161Z,18.771946,118.304433,Cloud to Cloud,-11126,15071,10
2026-08-30T05:00:10.018713890Z,18.771967,118.337832,Cloud to Cloud,5898,3085,8
2026-08-30T05:00:10.002555836Z,18.776424,118.327863,Cloud to Cloud,6077,11703,8
2026-08-30T05:00:10.008263903Z,18.778865,118.325961,Cloud to Cloud,6995,3016,7
2026-08-30T05:00:11.261230529Z,16.702218,120.200932,Cloud to Cloud,10120,5099,6
2026-08-30T05:00:11.181339805Z,17.725302,128.637346,Cloud to Cloud,-14408,6924,10
2026-08-30T05:00:11.166902970Z,17.738985,128.538275,Cloud to Cloud,-25601,3020,12
2026-08-30T05:00:11.144540399Z,17.738999,128.537211,Cloud to Cloud,-8783,17165,11
2026-08-30T05:00:11.162655080Z,17.732036,128.504807,Cloud to Ground,87162,0,16
2026-08-30T05:00:11.141513772Z,17.636283,128.57449,Cloud to Ground,106159,0,8
2026-08-30T05:00:12.996423546Z,16.527246,120.161855,Cloud to Cloud,9209,14433,9
2026-08-30T05:00:12.911127860Z,22.312521,113.355149,Cloud to Cloud,-12806,3087,8
2026-08-30T05:00:12.913241187Z,22.272805,113.357843,Cloud to Cloud,-11740,13642,7
2026-08-30T05:00:13.089125576Z,22.263148,113.357235,Cloud to Cloud,11240,3009,8
2026-08-30T05:00:12.909164086Z,22.260869,113.351048,Cloud to Cloud,13276,10908,8
2026-08-30T05:00:14.242409946Z,18.436917,113.949431,Cloud to Cloud,-12244,6797,10
2026-08-30T05:00:14.246351820Z,18.460109,113.928829,Cloud to Cloud,-11454,3402,10
2026-08-30T05:00:14.243282633Z,18.460954,113.904726,Cloud to Cloud,-10646,5850,9
2026-08-30T05:00:14.725618959Z,18.478721,113.903718,Cloud to Ground,-10619,0,8
2026-08-30T05:00:14.357968856Z,18.398629,113.84605,Cloud to Cloud,-7443,15329,8
2026-08-30T05:00:14.668819028Z,18.454116,113.891799,Cloud to Cloud,6885,4425,8
2026-08-30T05:00:14.236647000Z,18.4825,113.8557,Cloud to Ground,8696,0,6
2026-08-30T05:00:14.393539114Z,18.421942,113.882977,Cloud to Cloud,9922,3830,11
2026-08-30T05:00:14.239078568Z,18.440278,113.939973,Cloud to Cloud,12435,3032,9
2026-08-30T05:00:14.249653833Z,18.458714,113.927496,Cloud to Ground,22670,0,14
2026-08-30T05:00:14.235292396Z,18.441011,113.831857,Cloud to Ground,28888,0,9
2026-08-30T05:00:14.235919258Z,18.462087,113.92317,Cloud to Ground,32887,0,23
2026-08-30T05:00:15.110921840Z,19.418946,114.42112,Cloud to Cloud,10724,3569,10
2026-08-30T05:00:15.199653424Z,19.586052,114.456796,Cloud to Cloud,-8896,3008,8
2026-08-30T05:00:15.201126694Z,19.550206,114.425795,Cloud to Cloud,15422,12794,8
2026-08-30T05:00:17.674229442Z,17.939242,113.786786,Cloud to Cloud,-7603,3071,7
2026-08-30T05:00:17.670044703Z,17.928364,113.798288,Cloud to Cloud,7019,7308,8
2026-08-30T05:00:17.976582381Z,17.952775,113.771688,Cloud to Cloud,11701,7684,7
2026-08-30T05:00:17.671351582Z,17.937292,113.73388,Cloud to Cloud,26404,3339,8
2026-08-30T05:00:18.063347208Z,17.885366,113.613768,Cloud to Cloud,-6679,16951,7
2026-08-30T05:00:18.277757053Z,21.791958,112.46162,Cloud to Cloud,-17887,3017,13
2026-08-30T05:00:18.286564352Z,21.780595,112.513802,Cloud to Cloud,-12670,3014,9
2026-08-30T05:00:18.293325196Z,21.771241,112.483656,Cloud to Ground,-12271,0,5
2026-08-30T05:00:18.363201007Z,21.782287,112.503527,Cloud to Cloud,8568,11688,11
2026-08-30T05:00:20.219575372Z,18.421731,116.700952,Cloud to Cloud,-13526,6212,9
2026-08-30T05:00:20.275441691Z,18.447213,116.723855,Cloud to Cloud,-2961,9773,6
2026-08-30T05:00:20.236783461Z,18.507602,116.659209,Cloud to Ground,11145,0,9
2026-08-30T05:00:21.487258741Z,19.661496,114.567463,Cloud to Cloud,-17764,3021,11
2026-08-30T05:00:21.493387667Z,19.649334,114.546596,Cloud to Cloud,-10463,3004,9
2026-08-30T05:00:21.512051539Z,19.666113,114.558627,Cloud to Cloud,11731,4466,8
2026-08-30T05:00:22.232015706Z,18.704265,116.829145,Cloud to Cloud,-19091,6535,10
2026-08-30T05:00:22.245913397Z,18.733454,116.803406,Cloud to Ground,-6702,0,7
2026-08-30T05:00:22.240762366Z,18.732093,116.835428,Cloud to Cloud,4069,7468,5
2026-08-30T05:00:22.234163186Z,18.714707,116.828455,Cloud to Cloud,7799,5110,7
2026-08-30T05:00:22.242642953Z,18.715727,116.83798,Cloud to Cloud,15549,3025,7
2026-08-30T05:00:22.230371898Z,18.713593,116.810109,Cloud to Ground,55425,0,14
2026-08-30T05:00:25.924025312Z,3.086359,112.790324,Cloud to Ground,-20116,0,11
2026-08-30T05:00:25.878199992Z,9.105475,118.065427,Cloud to Ground,12108,0,9
2026-08-30T05:00:25.149739682Z,18.58319,114.032522,Cloud to Ground,-18654,0,7
2026-08-30T05:00:25.097747011Z,18.633675,114.052907,Cloud to Cloud,7526,3053,9
2026-08-30T05:00:27.981029844Z,18.739577,114.60807,Cloud to Ground,-42072,0,9
2026-08-30T05:00:28.753457374Z,18.596499,114.125509,Cloud to Ground,-33232,0,11
2026-08-30T05:00:29.185522509Z,18.6229,114.130111,Cloud to Ground,-25127,0,11
2026-08-30T05:00:29.203665551Z,18.608335,114.148171,Cloud to Ground,-10721,0,11
2026-08-30T05:00:28.755285197Z,18.571997,114.127943,Cloud to Ground,14248,0,7
2026-08-30T05:00:28.530508187Z,19.065443,118.554016,Cloud to Ground,-73390,0,9
2026-08-30T05:00:28.589402028Z,19.059065,118.54302,Cloud to Ground,-42475,0,16
2026-08-30T05:00:28.623535846Z,19.141855,118.51593,Cloud to Cloud,-23057,3005,7
2026-08-30T05:00:28.929686776Z,19.082981,118.52743,Cloud to Cloud,17700,8066,6
2026-08-30T05:00:30.617234490Z,17.542142,133.474553,Cloud to Ground,-67657,0,15
2026-08-30T05:00:30.616128612Z,17.537935,133.477442,Cloud to Ground,-13078,0,10
2026-08-30T05:00:30.555059139Z,19.336337,118.830564,Cloud to Cloud,-6481,19273,9
2026-08-30T05:00:30.831504374Z,19.311721,118.75001,Cloud to Cloud,-3469,17034,5
2026-08-30T05:00:30.971623005Z,19.334459,118.80995,Cloud to Cloud,3112,6206,5
2026-08-30T05:00:30.946383940Z,19.360585,118.833954,Cloud to Cloud,3185,13610,5
2026-08-30T05:00:30.927268961Z,19.357764,118.828006,Cloud to Cloud,3337,19189,5
2026-08-30T05:00:30.933370353Z,19.350703,118.822301,Cloud to Cloud,10239,4811,8
2026-08-30T05:00:33.663338931Z,17.268059,132.654846,Cloud to Ground,-7251,0,6
2026-08-30T05:00:35.996646484Z,20.202108,113.787852,Cloud to Cloud,7482,7753,10
2026-08-30T05:00:36.707164399Z,17.495643,113.295203,Cloud to Cloud,-48623,3180,14
2026-08-30T05:00:36.704833986Z,17.48927,113.31007,Cloud to Ground,-12104,0,6
2026-08-30T05:00:36.710140999Z,17.491991,113.307814,Cloud to Ground,-11629,0,8
2026-08-30T05:00:36.703497826Z,17.502708,113.302488,Cloud to Cloud,5936,4692,8
2026-08-30T05:00:36.736527255Z,19.443808,114.595079,Cloud to Cloud,-10837,14763,12
2026-08-30T05:00:37.995543961Z,18.906022,114.536155,Cloud to Cloud,25423,4924,9
2026-08-30T05:00:38.000673783Z,18.939019,114.696968,Cloud to Cloud,-15271,6398,13
2026-08-30T05:00:38.012933043Z,18.924724,114.703839,Cloud to Cloud,-8798,5198,9
2026-08-30T05:00:38.004316953Z,18.923851,114.699874,Cloud to Cloud,-7550,3014,6
2026-08-30T05:00:37.997216691Z,18.937893,114.707448,Cloud to Ground,21831,0,10
2026-08-30T05:00:37.998212181Z,18.943397,114.696454,Cloud to Cloud,27220,7796,11
2026-08-30T05:00:37.994674557Z,18.941048,114.695291,Cloud to Ground,50540,0,9
2026-08-30T05:00:37.633814197Z,18.800669,118.436723,Cloud to Ground,-17119,0,12
2026-08-30T05:00:37.319615843Z,18.888338,118.436422,Cloud to Cloud,11628,12356,9
2026-08-30T05:00:39.927420220Z,17.017902,132.023135,Cloud to Ground,-17011,0,12
2026-08-30T05:00:39.047967235Z,18.654736,114.250034,Cloud to Cloud,-18596,3008,9
2026-08-30T05:00:39.045931000Z,18.6322,114.1846,Cloud to Ground,-8551,0,7
2026-08-30T05:00:39.051362965Z,18.708086,114.215985,Cloud to Ground,10468,0,6
2026-08-30T05:00:39.065104460Z,18.676,114.166872,Cloud to Ground,15915,0,7
2026-08-30T05:00:39.068439590Z,18.643528,114.260809,Cloud to Cloud,16983,4785,8
2026-08-30T05:00:39.045304860Z,18.645146,114.176936,Cloud to Ground,21471,0,12
2026-08-30T05:00:39.184640293Z,19.457184,115.170028,Cloud to Cloud,-13521,6909,10
2026-08-30T05:00:39.447729058Z,19.455695,115.194779,Cloud to Cloud,-11295,3538,7
2026-08-30T05:00:39.198288922Z,19.456677,115.171398,Cloud to Cloud,-11266,16885,12
2026-08-30T05:00:39.183629468Z,19.444723,115.157948,Cloud to Cloud,15021,3000,12
2026-08-30T05:00:39.200919534Z,19.470848,115.17429,Cloud to Ground,23703,0,17
2026-08-30T05:00:39.182403995Z,19.319513,115.178549,Cloud to Ground,21553,0,7
2026-08-30T05:00:40.049313375Z,17.027229,132.249467,Cloud to Ground,-31059,0,18
2026-08-30T05:00:40.059973834Z,17.024089,132.180546,Cloud to Ground,-27036,0,7
2026-08-30T05:00:39.899267488Z,17.039886,132.21523,Cloud to Ground,-16500,0,13
2026-08-30T05:00:40.116787026Z,17.032786,132.117005,Cloud to Ground,9993,0,9
2026-08-30T05:00:42.756686232Z,18.291656,119.565406,Cloud to Ground,-18357,0,14
2026-08-30T05:00:43.806616541Z,16.070143,129.773803,Cloud to Ground,45826,0,18
2026-08-30T05:00:43.272404817Z,17.890977,113.859522,Cloud to Ground,16606,0,9
2026-08-30T05:00:44.796592840Z,9.236595,118.012672,Cloud to Ground,-20501,0,10
2026-08-30T05:00:44.972891802Z,19.732735,115.190662,Cloud to Cloud,-18979,3881,11
2026-08-30T05:00:44.969032531Z,19.760236,115.156349,Cloud to Ground,-12712,0,10
2026-08-30T05:00:45.408983561Z,19.724438,115.178212,Cloud to Cloud,-6771,3010,8
2026-08-30T05:00:44.969673702Z,19.728992,115.182425,Cloud to Cloud,7217,17373,9
2026-08-30T05:00:44.971756465Z,19.729684,115.187799,Cloud to Ground,30874,0,12
2026-08-30T05:00:47.025983383Z,19.345711,114.923701,Cloud to Cloud,-9221,3041,8
2026-08-30T05:00:46.839868481Z,19.359594,114.973587,Cloud to Cloud,6157,3012,6
2026-08-30T05:00:46.737473773Z,19.391029,114.939169,Cloud to Ground,15440,0,10
2026-08-30T05:00:46.589728205Z,19.351323,114.962543,Cloud to Ground,35499,0,10
2026-08-30T05:00:46.849998702Z,18.470028,116.854696,Cloud to Cloud,17590,14233,7
2026-08-30T05:00:47.394623873Z,18.427433,116.726919,Cloud to Ground,-19835,0,10
2026-08-30T05:00:47.430387076Z,19.354995,115.163957,Cloud to Cloud,-6281,3062,6
2026-08-30T05:00:48.740192447Z,14.360233,122.244156,Cloud to Cloud,14042,6170,9
2026-08-30T05:00:49.184549833Z,20.12743,114.191851,Cloud to Ground,-19252,0,12
2026-08-30T05:00:48.825795967Z,20.133133,114.196998,Cloud to Cloud,11129,16824,10
2026-08-30T05:00:49.280981899Z,14.639962,122.286109,Cloud to Ground,24099,0,11
2026-08-30T05:00:50.156779053Z,19.169217,118.697455,Cloud to Ground,-155580,0,17
2026-08-30T05:00:50.404916452Z,19.230925,118.749379,Cloud to Cloud,-8391,15700,8
2026-08-30T05:00:50.466498530Z,19.011678,118.740984,Cloud to Ground,-33690,0,10
2026-08-30T05:00:50.443908281Z,19.267441,118.648286,Cloud to Cloud,13640,7655,7
2026-08-30T05:00:50.703209043Z,19.387315,118.73907,Cloud to Cloud,-15103,18069,6
2026-08-30T05:00:50.251095823Z,16.781971,120.481334,Cloud to Cloud,-12006,5670,12
2026-08-30T05:00:50.235995421Z,16.721818,120.539991,Cloud to Ground,71923,0,10
2026-08-30T05:00:51.762888821Z,17.859245,125.316228,Cloud to Ground,-26437,0,12
2026-08-30T05:00:51.782343716Z,17.865154,125.299947,Cloud to Ground,-16233,0,8
2026-08-30T05:00:53.387617599Z,20.21022,114.2466,Cloud to Cloud,-9055,3956,8
2026-08-30T05:00:53.644650659Z,18.435128,116.698287,Cloud to Ground,-18218,0,8
2026-08-30T05:00:54.465425711Z,19.957083,114.583898,Cloud to Cloud,-16828,3013,7
2026-08-30T05:00:54.758218785Z,19.921696,114.5387,Cloud to Cloud,-13363,7192,10
2026-08-30T05:00:54.475252582Z,20.017007,114.59669,Cloud to Cloud,-10755,3760,7
2026-08-30T05:00:54.561399265Z,19.952539,114.578154,Cloud to Ground,-9438,0,7
2026-08-30T05:00:54.541133768Z,19.973291,114.576647,Cloud to Cloud,-8075,5029,5
2026-08-30T05:00:54.496589216Z,20.04404,114.579912,Cloud to Cloud,13867,12681,7
2026-08-30T05:00:54.467755499Z,20.05139,114.599279,Cloud to Ground,22302,0,10
2026-08-30T05:00:54.513603727Z,19.954453,114.573569,Cloud to Ground,48727,0,11
2026-08-30T05:00:55.456520639Z,18.432086,117.537869,Cloud to Cloud,-11432,6650,8
2026-08-30T05:00:57.760980513Z,21.661753,111.917696,Cloud to Cloud,-10791,10152,13
2026-08-30T05:00:59.582904916Z,18.434346,117.581526,Cloud to Cloud,11750,19190,8
2026-08-30T05:00:59.459354707Z,21.849524,113.215876,Cloud to Cloud,-15463,12592,8
2026-08-30T05:00:59.361140676Z,21.864043,113.223378,Cloud to Ground,55921,0,14
2026-08-30T05:00:59.067572082Z,15.677026,120.113072,Cloud to Cloud,5744,11335,10
2026-08-30T05:00:59.064170135Z,15.620557,120.182188,Cloud to Cloud,12233,18814,10
2026-08-30T05:00:59.063232469Z,15.62323,120.17305,Cloud to Cloud,13960,3001,7
2026-08-30T05:01:02.881792584Z,2.998164,112.780407,Cloud to Ground,11529,0,6
2026-08-30T05:01:02.265770672Z,18.798193,118.336551,Cloud to Ground,-11688,0,9
2026-08-30T05:01:02.509693400Z,18.793161,118.318643,Cloud to Ground,-9850,0,8
2026-08-30T05:01:02.580602029Z,18.794815,118.318188,Cloud to Ground,-9417,0,11
2026-08-30T05:01:03.404322488Z,16.783599,127.952202,Cloud to Ground,-39647,0,9
2026-08-30T05:01:03.429564077Z,16.838077,127.935682,Cloud to Ground,-33160,0,8
2026-08-30T05:01:03.377504550Z,16.890668,127.872815,Cloud to Cloud,-26871,3062,13
2026-08-30T05:01:03.377052926Z,16.821747,127.938091,Cloud to Ground,12443,0,11
2026-08-30T05:01:03.378310227Z,16.84279,127.93907,Cloud to Cloud,26393,14323,11
2026-08-30T05:01:04.323543280Z,17.579659,113.35186,Cloud to Ground,-19822,0,9
2026-08-30T05:01:04.596186324Z,17.636178,113.154538,Cloud to Ground,-8255,0,6
2026-08-30T05:01:07.337758089Z,19.706776,114.863153,Cloud to Ground,27040,0,12
2026-08-30T05:01:08.595056619Z,19.607573,114.457024,Cloud to Cloud,7271,3099,10
2026-08-30T05:01:08.245386000Z,9.2561,117.8978,Cloud to Ground,12147,0,8
2026-08-30T05:01:10.732129279Z,22.025351,113.332982,Cloud to Cloud,8220,3013,6
2026-08-30T05:01:10.442563643Z,22.121572,113.336374,Cloud to Cloud,14609,15724,12
2026-08-30T05:01:10.445618375Z,22.031029,113.325645,Cloud to Cloud,16243,6287,13
2026-08-30T05:01:10.444615720Z,22.031631,113.316972,Cloud to Ground,19562,0,13
2026-08-30T05:01:10.443565390Z,22.039594,113.328701,Cloud to Ground,36018,0,15
2026-08-30T05:01:11.394614000Z,16.147,131.0813,Cloud to Ground,8562,0,5
2026-08-30T05:01:11.382340459Z,16.16858,131.141943,Cloud to Ground,22071,0,11
2026-08-30T05:01:11.628834385Z,20.205271,114.004698,Cloud to Ground,-19819,0,10
2026-08-30T05:01:11.452559245Z,20.246019,114.006354,Cloud to Ground,29512,0,15
2026-08-30T05:01:11.529316020Z,19.32802,118.838446,Cloud to Ground,-49555,0,16
2026-08-30T05:01:11.555225115Z,19.332988,118.838379,Cloud to Ground,-9288,0,9
2026-08-30T05:01:12.096723957Z,16.178321,131.251886,Cloud to Ground,-37901,0,22
2026-08-30T05:01:12.092433748Z,16.184473,131.244737,Cloud to Ground,105370,0,17
2026-08-30T05:01:12.356357944Z,18.631314,117.777305,Cloud to Cloud,11926,7934,10
2026-08-30T05:01:13.045257131Z,18.715182,118.05856,Cloud to Cloud,11234,3011,8
2026-08-30T05:01:12.701006127Z,18.703878,118.107409,Cloud to Ground,18085,0,7
2026-08-30T05:01:13.223550167Z,18.860546,118.05322,Cloud to Cloud,-20458,18019,7
2026-08-30T05:01:14.448688943Z,17.838998,113.893709,Cloud to Cloud,6743,3073,8
2026-08-30T05:01:14.449876127Z,17.81038,113.901111,Cloud to Ground,9426,0,11
2026-08-30T05:01:14.238186234Z,17.80832,113.822094,Cloud to Ground,10154,0,10
2026-08-30T05:01:14.105489935Z,18.410394,116.71771,Cloud to Cloud,-21088,3013,15
2026-08-30T05:01:14.104017269Z,18.457794,116.760431,Cloud to Cloud,18127,11425,7
2026-08-30T05:01:14.517020538Z,18.350285,116.697429,Cloud to Ground,21945,0,7
2026-08-30T05:01:16.590121384Z,19.02014,118.554384,Cloud to Cloud,-22103,15852,9
2026-08-30T05:01:16.666042536Z,19.007844,118.577123,Cloud to Ground,-19415,0,18
2026-08-30T05:01:16.780645295Z,19.010649,118.572649,Cloud to Ground,-9975,0,8
2026-08-30T05:01:17.960075814Z,19.196018,114.951341,Cloud to Ground,-11233,0,8
2026-08-30T05:01:17.671438146Z,19.253371,114.96627,Cloud to Cloud,6994,3230,9
2026-08-30T05:01:22.284912800Z,19.41941,114.591358,Cloud to Cloud,-8065,7281,10
2026-08-30T05:01:22.218219069Z,19.432552,114.571464,Cloud to Cloud,-7411,19642,6
2026-08-30T05:01:23.348115420Z,18.112812,113.83287,Cloud to Ground,-21873,0,11
2026-08-30T05:01:23.349588666Z,18.109127,113.835183,Cloud to Cloud,-14960,3041,13
2026-08-30T05:01:23.422095665Z,18.170169,113.765869,Cloud to Cloud,-10443,6835,8
2026-08-30T05:01:23.350860674Z,18.108929,113.833265,Cloud to Cloud,-9536,3381,10
2026-08-30T05:01:23.255728477Z,16.45541,120.156353,Cloud to Cloud,5306,10817,7
2026-08-30T05:01:23.189030179Z,16.533722,120.158363,Cloud to Cloud,9040,6947,11
2026-08-30T05:01:23.230794458Z,16.529548,120.169563,Cloud to Cloud,11099,19682,11
2026-08-30T05:01:26.228967760Z,16.844638,131.736638,Cloud to Ground,22677,0,14
2026-08-30T05:01:26.227306915Z,16.856126,131.565867,Cloud to Ground,-15588,0,10
2026-08-30T05:01:26.252380428Z,16.930871,131.553587,Cloud to Ground,8526,0,9
2026-08-30T05:01:26.249302471Z,16.83548,131.56375,Cloud to Cloud,23256,16765,18
2026-08-30T05:01:28.993089409Z,18.619177,117.886062,Cloud to Ground,-32155,0,12
2026-08-30T05:01:28.942139640Z,18.608861,117.887597,Cloud to Ground,-25979,0,14
2026-08-30T05:01:29.032702605Z,18.620591,117.885082,Cloud to Ground,-25037,0,11
2026-08-30T05:01:28.964222890Z,18.620207,117.888143,Cloud to Ground,-16469,0,12
2026-08-30T05:01:28.955008973Z,18.615819,117.892619,Cloud to Cloud,9022,4441,8
2026-08-30T05:01:28.034408226Z,18.388011,113.9631,Cloud to Ground,-8306,0,7
2026-08-30T05:01:27.807048736Z,18.381429,113.878473,Cloud to Cloud,11917,7030,8
2026-08-30T05:01:27.801561393Z,18.388107,113.967347,Cloud to Cloud,17704,3099,15
2026-08-30T05:01:27.802599625Z,18.418087,113.971925,Cloud to Cloud,44300,12011,14
2026-08-30T05:01:29.383027412Z,3.140323,112.808397,Cloud to Ground,-14725,0,8
2026-08-30T05:01:29.772888787Z,17.488466,133.182076,Cloud to Ground,-17198,0,8
2026-08-30T05:01:29.774168615Z,17.459272,133.200154,Cloud to Ground,-11319,0,9
2026-08-30T05:01:30.981402340Z,9.085154,118.072518,Cloud to Cloud,23058,16203,7
2026-08-30T05:01:31.294766554Z,19.712493,114.392014,Cloud to Cloud,12784,3048,8
2026-08-30T05:01:32.478404226Z,16.063121,130.796523,Cloud to Ground,-37214,0,16
2026-08-30T05:01:32.480923980Z,16.116375,130.731057,Cloud to Cloud,-20819,3027,17
2026-08-30T05:01:32.938358146Z,16.068742,130.778193,Cloud to Ground,-5798,0,6
2026-08-30T05:01:34.518130000Z,17.5051,113.2746,Cloud to Ground,-21040,0,7
2026-08-30T05:01:34.515360289Z,17.487472,113.242244,Cloud to Cloud,14652,3019,7
2026-08-30T05:01:35.088587681Z,17.39085,113.297094,Cloud to Cloud,-11393,3014,11
2026-08-30T05:01:38.584515255Z,18.37894,116.866518,Cloud to Cloud,-7386,14950,6
2026-08-30T05:01:40.249371659Z,16.007905,129.27004,Cloud to Cloud,-5848,7292,7
2026-08-30T05:01:42.076799831Z,19.332613,118.840361,Cloud to Ground,-36951,0,15
2026-08-30T05:01:41.964794520Z,19.329466,118.840514,Cloud to Ground,-32127,0,14
2026-08-30T05:01:42.475648485Z,19.323779,118.749617,Cloud to Cloud,-6378,17797,8
2026-08-30T05:01:43.795556720Z,19.80373,115.365578,Cloud to Cloud,-9558,7657,9
2026-08-30T05:01:44.006073900Z,19.840724,115.303162,Cloud to Cloud,-9234,14245,9
2026-08-30T05:01:44.014388783Z,19.805259,115.353917,Cloud to Cloud,6963,3031,7
2026-08-30T05:01:44.495840581Z,3.112049,113.015854,Cloud to Ground,-27198,0,15
2026-08-30T05:01:44.267611982Z,20.22342,114.232713,Cloud to Cloud,-5238,5562,6
2026-08-30T05:01:44.317004977Z,20.177423,114.254664,Cloud to Cloud,8723,6274,7
2026-08-30T05:01:46.259847209Z,15.120753,120.486495,Cloud to Cloud,8574,18394,10
2026-08-30T05:01:46.219634699Z,15.190883,120.420386,Cloud to Ground,20693,0,11
2026-08-30T05:01:47.272394513Z,18.883795,116.67797,Cloud to Ground,-11815,0,11
2026-08-30T05:01:47.195453996Z,18.89676,116.685615,Cloud to Cloud,-11105,16289,13
2026-08-30T05:01:47.174427000Z,18.8391,116.6553,Cloud to Ground,30867,0,10
2026-08-30T05:01:48.388167974Z,17.929024,113.719589,Cloud to Cloud,7377,5552,6
2026-08-30T05:01:48.490585318Z,18.051564,113.76771,Cloud to Cloud,-12046,4418,10
2026-08-30T05:01:48.501921635Z,18.075001,113.703711,Cloud to Cloud,-9709,4758,6
2026-08-30T05:01:48.492700062Z,18.05357,113.768765,Cloud to Ground,7171,0,8
2026-08-30T05:01:49.654603003Z,16.026236,129.727121,Cloud to Cloud,-13140,4229,6
2026-08-30T05:01:49.647556404Z,16.013459,129.712791,Cloud to Cloud,9226,5810,7
2026-08-30T05:01:50.751632423Z,9.128968,118.049797,Cloud to Cloud,-4770,14097,6
2026-08-30T05:01:51.968580925Z,17.166724,132.66519,Cloud to Cloud,-10962,6920,8
2026-08-30T05:01:51.969177376Z,17.193574,132.614864,Cloud to Ground,-8418,0,11
2026-08-30T05:01:54.868040326Z,18.835684,118.434856,Cloud to Ground,-46338,0,12
2026-08-30T05:01:54.642934249Z,18.825713,118.437683,Cloud to Ground,-16620,0,11
2026-08-30T05:01:54.677999324Z,18.878936,118.498699,Cloud to Cloud,-10275,3059,8
2026-08-30T05:01:54.679016621Z,18.824978,118.420825,Cloud to Ground,-5539,0,6
2026-08-30T05:01:55.076821000Z,18.837,118.4143,Cloud to Ground,7854,0,5
2026-08-30T05:01:54.890830000Z,18.8475,118.3836,Cloud to Ground,33548,0,5
2026-08-30T05:01:54.162199509Z,20.123096,114.204867,Cloud to Cloud,-13449,3012,7
2026-08-30T05:01:54.206413029Z,20.125762,114.19424,Cloud to Cloud,-10944,3091,8
2026-08-30T05:01:54.064979558Z,20.121583,114.200994,Cloud to Cloud,-10922,3028,8
2026-08-30T05:01:53.960504893Z,20.140683,114.206052,Cloud to Cloud,9747,19983,7
2026-08-30T05:01:54.874971728Z,16.53885,120.17315,Cloud to Cloud,12560,19888,12
2026-08-30T05:01:55.890937422Z,19.932245,114.54075,Cloud to Cloud,-25373,7567,10
2026-08-30T05:01:56.176995519Z,19.937734,114.569691,Cloud to Cloud,-12401,5969,8
2026-08-30T05:01:56.055404707Z,19.951441,114.586428,Cloud to Cloud,-9842,6092,7
2026-08-30T05:01:56.200591001Z,19.928692,114.655454,Cloud to Cloud,-7942,4975,6
2026-08-30T05:01:55.889249780Z,19.949231,114.571732,Cloud to Ground,15460,0,9
2026-08-30T05:01:57.956312480Z,19.446023,115.190638,Cloud to Cloud,-13494,19319,9
2026-08-30T05:01:57.994387695Z,19.452887,115.178923,Cloud to Cloud,-11513,3426,6
2026-08-30T05:01:57.976389897Z,19.436003,115.175863,Cloud to Cloud,-11467,3013,6
2026-08-30T05:01:57.824015635Z,19.449268,115.186925,Cloud to Cloud,8396,3440,7
2026-08-30T05:01:57.958813995Z,19.467461,115.17871,Cloud to Cloud,8641,18255,7
2026-08-30T05:01:57.816605587Z,19.54986,115.187944,Cloud to Cloud,9802,3365,8
2026-08-30T05:01:57.811169500Z,19.459865,115.180875,Cloud to Ground,38075,0,16
2026-08-30T05:01:58.826949971Z,18.438237,116.716273,Cloud to Ground,-14335,0,9
2026-08-30T05:01:58.846880190Z,18.5547,116.715685,Cloud to Cloud,3969,3036,5
2026-08-30T05:01:58.854364383Z,18.55741,116.710604,Cloud to Ground,12748,0,9
2026-08-30T05:01:58.588721291Z,18.556622,116.714183,Cloud to Ground,24548,0,15
2026-08-30T05:01:58.640373063Z,18.712618,114.104879,Cloud to Ground,18766,0,7
2026-08-30T05:01:58.603824871Z,18.615693,114.101647,Cloud to Cloud,9475,7984,8
2026-08-30T05:01:58.618766282Z,18.61095,114.119143,Cloud to Ground,33167,0,9
2026-08-30T05:01:58.255705967Z,19.362763,115.027954,Cloud to Cloud,-9352,6534,7
2026-08-30T05:02:00.213625868Z,18.883091,116.289402,Cloud to Cloud,-12211,3001,9
2026-08-30T05:02:00.320385128Z,18.882557,116.279227,Cloud to Ground,-11880,0,10
2026-08-30T05:02:00.301086681Z,18.884098,116.278824,Cloud to Ground,-8631,0,6
2026-08-30T05:02:00.341088618Z,18.882032,116.280814,Cloud to Ground,-8612,0,6
2026-08-30T05:02:00.167198359Z,18.846998,116.276614,Cloud to Cloud,15032,7300,11
2026-08-30T05:02:00.461518921Z,18.947871,116.275403,Cloud to Ground,17920,0,9
2026-08-30T05:02:00.459454351Z,18.94793,116.344949,Cloud to Ground,20320,0,14
2026-08-30T05:02:00.196684740Z,18.878531,116.291218,Cloud to Ground,52000,0,13
2026-08-30T05:02:00.263190294Z,17.80886,113.933335,Cloud to Ground,27948,0,14
2026-08-30T05:02:00.306173729Z,18.366685,119.25695,Cloud to Cloud,-15983,6631,8
2026-08-30T05:02:00.609631000Z,19.6553,114.5467,Cloud to Ground,15964,0,5
2026-08-30T05:02:01.682972711Z,18.85175,118.259382,Cloud to Cloud,11582,3037,7
2026-08-30T05:02:02.294105183Z,17.545878,133.486592,Cloud to Cloud,-9153,3039,10
2026-08-30T05:02:02.295775320Z,17.548345,133.49217,Cloud to Ground,63840,0,15
2026-08-30T05:02:02.871367537Z,19.604166,114.473251,Cloud to Cloud,-10594,6967,7
2026-08-30T05:02:02.923674386Z,19.766911,114.546797,Cloud to Cloud,-9349,7063,7
2026-08-30T05:02:06.322025380Z,19.017526,118.595504,Cloud to Ground,-60092,0,16
2026-08-30T05:02:06.434353141Z,19.028732,118.549977,Cloud to Ground,-23059,0,13
2026-08-30T05:02:06.409324972Z,19.028447,118.579026,Cloud to Cloud,-17775,6790,12
2026-08-30T05:02:06.724525371Z,19.006186,118.599554,Cloud to Ground,-13720,0,7
2026-08-30T05:02:07.035087604Z,19.003709,118.595832,Cloud to Ground,-9426,0,9
2026-08-30T05:02:07.008620407Z,18.997559,118.582317,Cloud to Ground,-4080,0,7
2026-08-30T05:02:07.055991575Z,19.005068,118.598669,Cloud to Cloud,-3931,4972,5
2026-08-30T05:02:06.430255972Z,19.01658,118.527169,Cloud to Cloud,6480,16477,9
2026-08-30T05:02:06.914871000Z,18.9882,118.4842,Cloud to Ground,19029,0,6
2026-08-30T05:02:10.439189561Z,16.983362,132.545034,Cloud to Cloud,-19652,3021,14
2026-08-30T05:02:10.442372704Z,16.981341,132.544749,Cloud to Ground,43275,0,18
2026-08-30T05:02:10.664603041Z,18.567707,116.455579,Cloud to Cloud,-16981,3017,7
2026-08-30T05:02:10.657391308Z,18.598466,116.435669,Cloud to Ground,31862,0,7
2026-08-30T05:02:14.941080801Z,4.858991,112.99781,Cloud to Ground,26011,0,17
2026-08-30T05:02:14.979149014Z,4.914237,113.024007,Cloud to Ground,26283,0,12
2026-08-30T05:02:16.263383590Z,18.470815,117.553231,Cloud to Ground,-34627,0,13
2026-08-30T05:02:16.511759240Z,18.460563,117.548901,Cloud to Ground,-26563,0,10
2026-08-30T05:02:16.581014594Z,18.472326,117.548043,Cloud to Ground,-11125,0,9
2026-08-30T05:02:16.443112134Z,18.469837,117.550143,Cloud to Ground,-7119,0,7
2026-08-30T05:02:17.437762101Z,20.143436,113.826389,Cloud to Ground,-33439,0,11
2026-08-30T05:02:17.488229478Z,20.212079,113.854453,Cloud to Cloud,-14202,13868,7
2026-08-30T05:02:17.458797974Z,20.157175,113.821168,Cloud to Ground,26013,0,9
2026-08-30T05:02:17.850276070Z,20.232488,113.716326,Cloud to Ground,-16684,0,8
2026-08-30T05:02:18.599681063Z,19.709355,114.250953,Cloud to Ground,-18973,0,10
2026-08-30T05:02:19.995904942Z,19.336981,118.8539,Cloud to Ground,-31255,0,15
2026-08-30T05:02:20.103737129Z,19.300739,118.845895,Cloud to Ground,-18953,0,6
2026-08-30T05:02:20.060507020Z,19.333629,118.852255,Cloud to Ground,-18770,0,12
2026-08-30T05:02:20.037282119Z,19.333432,118.854775,Cloud to Ground,-18633,0,14
2026-08-30T05:02:20.175084215Z,19.321761,118.831187,Cloud to Ground,-16906,0,7
2026-08-30T05:02:20.583260167Z,19.330157,118.843033,Cloud to Ground,-14755,0,10
2026-08-30T05:02:20.511997227Z,19.333458,118.851643,Cloud to Ground,-12024,0,9
2026-08-30T05:02:20.014380578Z,19.338668,118.878287,Cloud to Ground,-10136,0,11
2026-08-30T05:02:20.261366082Z,19.335434,118.852291,Cloud to Ground,-9861,0,8
2026-08-30T05:02:20.653436869Z,19.334986,118.855081,Cloud to Ground,-8580,0,9
2026-08-30T05:02:20.805935426Z,19.327105,118.843108,Cloud to Ground,12409,0,8
2026-08-30T05:02:20.242372581Z,19.332705,118.852891,Cloud to Ground,20089,0,7
2026-08-30T05:02:20.211360000Z,19.3222,118.8015,Cloud to Ground,26173,0,5
2026-08-30T05:02:20.149190158Z,18.437792,117.640288,Cloud to Cloud,9253,4473,6
2026-08-30T05:02:19.984440920Z,18.505668,117.644947,Cloud to Ground,18011,0,9
2026-08-30T05:02:20.019000187Z,19.447086,118.835275,Cloud to Cloud,-9856,6063,7
2026-08-30T05:02:21.401795504Z,3.244003,113.013642,Cloud to Ground,22435,0,7
2026-08-30T05:02:21.177229586Z,19.552221,122.949495,Cloud to Ground,-17056,0,18
2026-08-30T05:02:21.140503571Z,19.580223,123.067839,Cloud to Ground,-72094,0,20
2026-08-30T05:02:21.050563009Z,19.584325,123.055855,Cloud to Ground,-62431,0,12
2026-08-30T05:02:21.215299374Z,19.569477,123.118277,Cloud to Ground,-12896,0,8
2026-08-30T05:02:24.352798834Z,15.408511,120.500863,Cloud to Cloud,12703,3002,10
2026-08-30T05:02:25.685539000Z,20.1655,114.228,Cloud to Ground,24981,0,7
2026-08-30T05:02:27.611948049Z,19.299439,115.189993,Cloud to Cloud,-3057,14894,7
2026-08-30T05:02:27.614881512Z,19.324632,115.179212,Cloud to Cloud,8022,3014,6
2026-08-30T05:02:29.322429469Z,15.734033,120.135912,Cloud to Ground,-62609,0,15
2026-08-30T05:02:30.024559052Z,19.500512,114.358802,Cloud to Cloud,-13013,4149,8
2026-08-30T05:02:30.019557790Z,19.492587,114.353577,Cloud to Ground,21905,0,7
2026-08-30T05:02:31.800536218Z,19.433265,114.606775,Cloud to Cloud,-11139,9523,6
2026-08-30T05:02:31.788184584Z,19.442416,114.518013,Cloud to Cloud,14684,3093,9
2026-08-30T05:02:31.787472044Z,19.451385,114.615086,Cloud to Ground,17089,0,8
2026-08-30T05:02:31.787019000Z,19.4782,114.5529,Cloud to Ground,20327,0,6
2026-08-30T05:02:32.793160780Z,21.854111,113.195816,Cloud to Ground,-62441,0,11
2026-08-30T05:02:32.416698463Z,21.897402,113.199605,Cloud to Ground,-47977,0,13
2026-08-30T05:02:32.495344197Z,21.85915,113.19728,Cloud to Ground,-44233,0,13
2026-08-30T05:02:32.523755209Z,21.859507,113.195492,Cloud to Ground,-13078,0,9
2026-08-30T05:02:33.211485272Z,21.857126,113.195216,Cloud to Ground,-11289,0,9
2026-08-30T05:02:32.477208911Z,21.864783,113.187145,Cloud to Ground,-10230,0,7
2026-08-30T05:02:32.382755591Z,18.998254,114.717849,Cloud to Ground,-20513,0,11
2026-08-30T05:02:31.758129334Z,18.924943,114.723854,Cloud to Cloud,-16010,15775,12
2026-08-30T05:02:31.750148838Z,18.966617,114.69051,Cloud to Cloud,-14769,3015,8
2026-08-30T05:02:31.763749254Z,18.935463,114.725924,Cloud to Cloud,-13801,3002,7
2026-08-30T05:02:31.752509127Z,18.910157,114.631323,Cloud to Ground,8027,0,8
2026-08-30T05:02:31.756850973Z,18.894957,114.5671,Cloud to Cloud,9280,3023,8
2026-08-30T05:02:31.751949401Z,18.91664,114.637144,Cloud to Ground,11607,0,7
2026-08-30T05:02:31.755343074Z,19.004928,114.664764,Cloud to Ground,19654,0,7
2026-08-30T05:02:32.836901740Z,21.850465,113.294013,Cloud to Ground,-6621,0,7
2026-08-30T05:02:33.699411490Z,16.986803,132.004926,Cloud to Ground,-22855,0,16
2026-08-30T05:02:33.848624236Z,16.994743,131.997346,Cloud to Ground,-20662,0,12
2026-08-30T05:02:33.698405809Z,16.986627,132.006341,Cloud to Ground,-19831,0,15
2026-08-30T05:02:33.845047399Z,17.000714,132.029118,Cloud to Ground,-15176,0,8
2026-08-30T05:02:33.694832744Z,16.999209,132.010892,Cloud to Ground,-13893,0,12
2026-08-30T05:02:33.694100119Z,17.005692,132.00979,Cloud to Ground,-12153,0,10
2026-08-30T05:02:33.697545500Z,16.988893,131.999539,Cloud to Ground,-10463,0,6
2026-08-30T05:02:33.692363250Z,17.001675,132.018957,Cloud to Ground,15608,0,14
2026-08-30T05:02:33.314668632Z,20.096039,114.201228,Cloud to Cloud,-12915,5123,7
2026-08-30T05:02:33.167026146Z,20.117835,114.181761,Cloud to Ground,23192,0,12
2026-08-30T05:02:33.088858182Z,20.136898,114.196602,Cloud to Ground,24847,0,10
2026-08-30T05:02:33.606018348Z,16.474837,120.242128,Cloud to Cloud,13565,7711,7
2026-08-30T05:02:33.616153812Z,16.552066,120.149558,Cloud to Ground,12117,0,9
2026-08-30T05:02:33.022351692Z,19.007477,118.558597,Cloud to Cloud,9119,4809,10
2026-08-30T05:02:33.161681030Z,17.832841,113.909241,Cloud to Ground,-9488,0,7
2026-08-30T05:02:34.564961998Z,18.817325,118.481243,Cloud to Cloud,-9855,14415,8
2026-08-30T05:02:34.449891051Z,18.835742,118.455409,Cloud to Cloud,3858,13165,6
2026-08-30T05:02:34.553328909Z,18.806975,118.494995,Cloud to Cloud,7505,4463,8
2026-08-30T05:02:36.134583745Z,17.460066,113.303366,Cloud to Ground,-14737,0,7
2026-08-30T05:02:35.795531502Z,17.462643,113.30912,Cloud to Cloud,-13736,3466,11
2026-08-30T05:02:36.152873111Z,17.432911,113.334103,Cloud to Ground,-11321,0,8
2026-08-30T05:02:36.164159499Z,17.45119,113.302636,Cloud to Ground,-11307,0,9
2026-08-30T05:02:36.132336181Z,17.456683,113.309763,Cloud to Ground,-10895,0,9
2026-08-30T05:02:35.805280986Z,17.475679,113.278311,Cloud to Ground,-10258,0,7
2026-08-30T05:02:35.788551705Z,17.508363,113.232972,Cloud to Ground,-8109,0,7
2026-08-30T05:02:35.792569000Z,17.4167,113.2772,Cloud to Ground,12853,0,6
2026-08-30T05:02:36.108314634Z,17.505265,113.230649,Cloud to Ground,34118,0,22
2026-08-30T05:02:35.789134393Z,17.449888,113.300132,Cloud to Ground,35210,0,11
2026-08-30T05:02:36.506709008Z,17.57991,113.327929,Cloud to Ground,-8919,0,6
2026-08-30T05:02:36.721624562Z,17.62215,113.438806,Cloud to Ground,-8422,0,9
2026-08-30T05:02:36.676776058Z,17.625822,113.408048,Cloud to Cloud,7693,6708,8
2026-08-30T05:02:36.177170137Z,19.311939,118.840759,Cloud to Ground,-3485,0,5
2026-08-30T05:02:36.553643214Z,19.353308,118.789564,Cloud to Cloud,3274,17714,5
2026-08-30T05:02:36.880985056Z,19.717947,115.099459,Cloud to Ground,14009,0,11
2026-08-30T05:02:36.656222319Z,19.736747,115.084187,Cloud to Ground,15644,0,10
2026-08-30T05:02:36.669973905Z,19.736779,115.077763,Cloud to Ground,45356,0,14
2026-08-30T05:02:37.249625503Z,18.435922,117.54135,Cloud to Cloud,8761,7129,7
2026-08-30T05:02:38.903486189Z,18.492639,114.032942,Cloud to Cloud,-5717,3494,8
2026-08-30T05:02:39.152016179Z,18.641295,113.934482,Cloud to Ground,-9523,0,5
2026-08-30T05:02:38.959389407Z,18.661049,114.027466,Cloud to Cloud,-7542,3014,8
2026-08-30T05:02:39.631651943Z,18.640222,114.046289,Cloud to Cloud,9603,7514,10
2026-08-30T05:02:39.109198078Z,18.702936,113.970605,Cloud to Cloud,9765,4662,8
2026-08-30T05:02:38.888853536Z,18.653455,114.025152,Cloud to Ground,11524,0,16
2026-08-30T05:02:39.319186629Z,19.555074,115.141888,Cloud to Cloud,17260,6545,7
2026-08-30T05:02:39.423452212Z,19.246073,114.982306,Cloud to Cloud,-12281,3043,10
2026-08-30T05:02:39.012129536Z,17.313846,120.353657,Cloud to Ground,-13668,0,12
2026-08-30T05:02:39.009648842Z,17.237743,120.397392,Cloud to Ground,11365,0,10
2026-08-30T05:02:39.736957042Z,17.889799,113.809773,Cloud to Ground,-8228,0,7
2026-08-30T05:02:41.591851807Z,18.490068,113.944757,Cloud to Cloud,-17724,6385,11
2026-08-30T05:02:41.594616562Z,18.468058,113.931794,Cloud to Cloud,-11422,19148,9
2026-08-30T05:02:41.920203115Z,18.448789,113.792225,Cloud to Ground,-9760,0,6
2026-08-30T05:02:41.930135813Z,18.461004,113.91849,Cloud to Ground,-7004,0,6
2026-08-30T05:02:41.811587482Z,18.471456,113.751542,Cloud to Cloud,6915,4044,7
2026-08-30T05:02:41.924335461Z,18.442049,113.796629,Cloud to Cloud,7036,6857,7
2026-08-30T05:02:41.588299583Z,18.462844,113.868864,Cloud to Ground,18436,0,8
2026-08-30T05:02:41.588700000Z,18.4664,113.9463,Cloud to Ground,21705,0,6
2026-08-30T05:02:41.589154812Z,18.455402,113.943198,Cloud to Ground,54576,0,12
2026-08-30T05:02:42.391537430Z,18.599975,113.887026,Cloud to Ground,-6854,0,6
2026-08-30T05:02:42.357424408Z,18.620911,113.869651,Cloud to Cloud,10336,5398,11
2026-08-30T05:02:42.897347480Z,19.595921,114.427872,Cloud to Cloud,-9711,3006,7
2026-08-30T05:02:43.916710719Z,17.039463,132.266914,Cloud to Ground,-79278,0,22
2026-08-30T05:02:43.764133882Z,17.045864,132.242032,Cloud to Ground,-33008,0,15
2026-08-30T05:02:43.783313309Z,17.055604,132.242865,Cloud to Ground,-24657,0,9
2026-08-30T05:02:43.766610982Z,17.04817,132.24026,Cloud to Ground,-12476,0,8
2026-08-30T05:02:43.926564565Z,17.045294,132.235198,Cloud to Ground,-10809,0,6
2026-08-30T05:02:43.944501541Z,17.072519,132.204098,Cloud to Ground,14627,0,16
2026-08-30T05:02:43.946898728Z,17.072844,132.20009,Cloud to Ground,14643,0,8
2026-08-30T05:02:43.487471079Z,21.705695,112.970004,Cloud to Cloud,-19118,4181,14
2026-08-30T05:02:43.498214256Z,21.705252,112.956187,Cloud to Cloud,-17564,3075,6
2026-08-30T05:02:43.483694969Z,21.723357,112.952206,Cloud to Cloud,-16328,15913,8
2026-08-30T05:02:43.495840399Z,21.742264,112.901623,Cloud to Cloud,-12371,7810,10
2026-08-30T05:02:43.500746628Z,21.710362,112.956934,Cloud to Ground,-11974,0,14
2026-08-30T05:02:43.479695808Z,21.69795,112.935562,Cloud to Ground,13564,0,10
2026-08-30T05:02:43.483026214Z,21.689937,112.965063,Cloud to Ground,15844,0,14
2026-08-30T05:02:43.480942430Z,21.71672,112.964654,Cloud to Ground,24145,0,13
2026-08-30T05:02:44.399952531Z,22.03619,113.328661,Cloud to Ground,-8896,0,10
2026-08-30T05:02:44.622302436Z,22.039535,113.363418,Cloud to Ground,7390,0,7
2026-08-30T05:02:44.404289400Z,22.187405,113.179412,Cloud to Cloud,-9113,16914,6
2026-08-30T05:02:46.944175608Z,3.118355,112.975291,Cloud to Ground,25779,0,7
2026-08-30T05:02:48.371276465Z,18.810285,118.425272,Cloud to Cloud,-19993,3042,18
2026-08-30T05:02:48.338070967Z,18.783718,118.416913,Cloud to Ground,7736,0,8
2026-08-30T05:02:47.897085874Z,18.789254,118.451941,Cloud to Ground,19558,0,12
2026-08-30T05:02:49.072221145Z,15.252659,120.374055,Cloud to Ground,20285,0,10
2026-08-30T05:02:54.370326288Z,18.73868,118.049804,Cloud to Cloud,11546,5806,6
2026-08-30T05:02:54.371674839Z,18.718239,118.046951,Cloud to Ground,12006,0,10
2026-08-30T05:02:54.788349527Z,16.697323,120.201012,Cloud to Cloud,7497,12777,6
2026-08-30T05:02:54.784756782Z,16.701517,120.207095,Cloud to Cloud,7514,4793,8
2026-08-30T05:02:55.012101768Z,18.599335,118.04664,Cloud to Cloud,8865,3046,12
2026-08-30T05:02:57.321216357Z,18.736042,116.83285,Cloud to Cloud,10065,17813,10
2026-08-30T05:02:57.318724008Z,18.72692,116.84956,Cloud to Ground,27662,0,8
2026-08-30T05:02:57.599584015Z,18.631361,117.774874,Cloud to Ground,56359,0,12
2026-08-30T05:02:57.612115955Z,18.645382,117.89091,Cloud to Cloud,3819,17475,5
2026-08-30T05:02:57.619528406Z,18.634995,117.890521,Cloud to Cloud,9202,6880,6
2026-08-30T05:02:57.584850720Z,18.639303,117.892267,Cloud to Cloud,13004,17825,10
2026-08-30T05:02:57.581493351Z,18.649189,117.895852,Cloud to Cloud,19753,6320,7
2026-08-30T05:02:59.321008817Z,19.940869,114.581057,Cloud to Cloud,-23092,3032,9
2026-08-30T05:02:59.397089995Z,19.971857,114.600398,Cloud to Ground,-22183,0,16
2026-08-30T05:02:59.369757736Z,19.961051,114.582686,Cloud to Ground,-17578,0,8
2026-08-30T05:02:59.325501391Z,19.944939,114.602909,Cloud to Cloud,11703,17133,9
2026-08-30T05:02:59.869137232Z,20.112605,114.566454,Cloud to Cloud,-14748,4805,13
2026-08-30T05:02:59.426416968Z,20.072363,114.593629,Cloud to Cloud,11308,8951,10
2026-08-30T05:03:00.368038729Z,18.590419,114.141288,Cloud to Cloud,-12615,5077,11
2026-08-30T05:03:00.365255134Z,18.677092,114.116467,Cloud to Cloud,12454,17977,10
2026-08-30T05:03:00.366197443Z,18.702452,114.146337,Cloud to Ground,42495,0,9
2026-08-30T05:03:01.288193749Z,18.024473,113.746684,Cloud to Cloud,-17657,3016,7
2026-08-30T05:03:01.404403800Z,18.171912,113.68361,Cloud to Cloud,-16143,4632,11
2026-08-30T05:03:00.734152271Z,17.954918,113.801446,Cloud to Cloud,-14602,7846,12
2026-08-30T05:03:01.374398080Z,18.14252,113.811393,Cloud to Cloud,-13757,3582,10
2026-08-30T05:03:01.619530828Z,18.194563,113.785595,Cloud to Cloud,-11778,3031,6
2026-08-30T05:03:00.736042726Z,17.950978,113.796386,Cloud to Cloud,11065,7906,6
2026-08-30T05:03:01.369438401Z,18.153645,113.707303,Cloud to Cloud,13398,3408,12
2026-08-30T05:03:00.733048082Z,18.049682,113.811604,Cloud to Ground,17054,0,7
2026-08-30T05:03:01.350785881Z,18.123776,113.765522,Cloud to Ground,28447,0,20
2026-08-30T05:03:01.188024837Z,17.880832,113.634852,Cloud to Cloud,12964,3065,6
2026-08-30T05:03:02.893953660Z,17.799869,113.922656,Cloud to Ground,-13127,0,8
2026-08-30T05:03:02.948437635Z,17.796375,113.797018,Cloud to Cloud,6405,6493,6
2026-08-30T05:03:02.664489273Z,14.523793,121.214242,Cloud to Cloud,3943,19317,6
2026-08-30T05:03:05.177135008Z,17.504074,133.189257,Cloud to Ground,-14540,0,13
2026-08-30T05:03:05.241824175Z,16.180296,129.669684,Cloud to Cloud,-12799,7916,7
2026-08-30T05:03:05.243698513Z,16.123165,129.702674,Cloud to Cloud,10206,5009,7
2026-08-30T05:03:05.156766261Z,16.246642,129.681497,Cloud to Cloud,77884,3394,21
2026-08-30T05:03:07.397826701Z,20.220025,114.005167,Cloud to Cloud,-12251,17039,7
2026-08-30T05:03:07.397290000Z,20.2526,114.0203,Cloud to Ground,-4845,0,5
2026-08-30T05:03:11.911047323Z,18.461096,116.756531,Cloud to Ground,-13984,0,10
2026-08-30T05:03:11.179030360Z,18.419842,116.681611,Cloud to Cloud,7200,12929,6
2026-08-30T05:03:11.179524780Z,18.405453,116.717038,Cloud to Ground,13578,0,8
2026-08-30T05:03:11.853711517Z,18.658798,117.807206,Cloud to Ground,20865,0,8
2026-08-30T05:03:14.322490391Z,18.612072,116.393679,Cloud to Cloud,-6688,7952,8
2026-08-30T05:03:14.565696088Z,21.859765,113.256928,Cloud to Cloud,-13469,6131,11
2026-08-30T05:03:14.716835398Z,21.872622,113.255589,Cloud to Cloud,-11397,14447,7
2026-08-30T05:03:14.560912491Z,21.867061,113.266417,Cloud to Cloud,-10123,3006,7
2026-08-30T05:03:14.714093539Z,21.859329,113.263396,Cloud to Cloud,-10023,4025,6
2026-08-30T05:03:14.558956043Z,21.878906,113.269401,Cloud to Ground,11554,0,10
2026-08-30T05:03:15.930365068Z,19.384455,115.076165,Cloud to Cloud,-8609,12163,6
2026-08-30T05:03:15.801493377Z,19.368974,114.945757,Cloud to Ground,7707,0,7
2026-08-30T05:03:15.927708399Z,19.373941,115.014287,Cloud to Cloud,10406,3964,7
2026-08-30T05:03:15.370871734Z,19.598898,114.402458,Cloud to Cloud,7459,3126,7
2026-08-30T05:03:15.615228064Z,19.618958,114.488386,Cloud to Cloud,8003,3043,7
2026-08-30T05:03:16.105993267Z,16.981096,132.546613,Cloud to Ground,-12919,0,9
2026-08-30T05:03:16.104842955Z,16.987445,132.525222,Cloud to Ground,-7640,0,7
2026-08-30T05:03:16.101379520Z,16.967129,132.55264,Cloud to Ground,22620,0,12
2026-08-30T05:03:16.102683769Z,16.983047,132.546365,Cloud to Ground,44692,0,13
2026-08-30T05:03:16.612880584Z,18.815971,118.45015,Cloud to Ground,5227,0,8
2026-08-30T05:03:16.720184191Z,18.814838,118.447671,Cloud to Cloud,7399,17582,8
2026-08-30T05:03:20.515315533Z,19.432606,114.476165,Cloud to Cloud,29020,3658,8
2026-08-30T05:03:20.515832529Z,19.528607,114.432645,Cloud to Cloud,-23819,4576,21
2026-08-30T05:03:20.517866192Z,19.552024,114.382523,Cloud to Cloud,12856,3937,9
2026-08-30T05:03:20.821597500Z,20.135937,114.208169,Cloud to Cloud,-17891,3047,7
2026-08-30T05:03:20.724995000Z,20.1359,114.1366,Cloud to Ground,-12944,0,5
2026-08-30T05:03:20.699685461Z,20.130817,114.219423,Cloud to Cloud,-11849,3024,9
2026-08-30T05:03:21.311410066Z,15.292133,120.371892,Cloud to Ground,-7867,0,6
2026-08-30T05:03:21.312672304Z,15.228416,120.408775,Cloud to Cloud,17006,17453,8
2026-08-30T05:03:21.562325991Z,18.958398,116.678043,Cloud to Cloud,18538,3887,8
2026-08-30T05:03:21.563526000Z,18.8976,116.6531,Cloud to Ground,22760,0,8
2026-08-30T05:03:21.016183663Z,19.033755,118.602664,Cloud to Ground,-44393,0,12
2026-08-30T05:03:21.063600262Z,19.028993,118.602219,Cloud to Ground,-43450,0,16
2026-08-30T05:03:21.120704457Z,19.033239,118.602867,Cloud to Cloud,-36324,17435,12
2026-08-30T05:03:21.182483836Z,19.015039,118.58176,Cloud to Ground,-25588,0,13
2026-08-30T05:03:21.123613000Z,19.0053,118.5578,Cloud to Ground,-18857,0,6
2026-08-30T05:03:21.007682752Z,19.095443,118.571598,Cloud to Cloud,-12384,15290,7
2026-08-30T05:03:21.278520241Z,19.006348,118.5635,Cloud to Ground,-6494,0,6
2026-08-30T05:03:21.056283615Z,19.047457,118.559459,Cloud to Ground,22300,0,15
2026-08-30T05:03:22.224190565Z,19.307191,118.883115,Cloud to Ground,-30909,0,12
2026-08-30T05:03:22.222119072Z,19.316816,118.867359,Cloud to Cloud,-15709,6010,10
2026-08-30T05:03:22.071699571Z,19.286845,118.869795,Cloud to Ground,32829,0,10
2026-08-30T05:03:23.977659675Z,17.471109,113.287268,Cloud to Cloud,-18029,3045,10
2026-08-30T05:03:23.853158208Z,17.505308,113.323868,Cloud to Cloud,-8377,7054,7
2026-08-30T05:03:23.838940473Z,17.498684,113.335063,Cloud to Ground,-7300,0,8
2026-08-30T05:03:23.830496555Z,17.484295,113.247766,Cloud to Ground,13037,0,6
2026-08-30T05:03:23.837867843Z,17.413777,113.291869,Cloud to Ground,14823,0,7
2026-08-30T05:03:23.832233862Z,17.510351,113.323312,Cloud to Ground,17895,0,10
2026-08-30T05:03:23.831324358Z,17.472601,113.248572,Cloud to Ground,18394,0,8
2026-08-30T05:03:24.767662977Z,16.322567,120.136825,Cloud to Ground,17546,0,8
2026-08-30T05:03:24.771236059Z,16.561985,120.18035,Cloud to Ground,-20413,0,8
2026-08-30T05:03:24.794542754Z,16.556615,120.188785,Cloud to Cloud,-16003,3011,6
2026-08-30T05:03:25.497947894Z,3.26173,113.035316,Cloud to Ground,18605,0,7
2026-08-30T05:03:24.724004935Z,20.239586,114.262151,Cloud to Cloud,-18731,3115,9
2026-08-30T05:03:25.023545426Z,20.224483,114.259251,Cloud to Ground,11824,0,8
2026-08-30T05:03:26.707760154Z,20.227652,113.788101,Cloud to Cloud,-9061,18956,10
2026-08-30T05:03:26.375370087Z,20.221155,113.711616,Cloud to Cloud,9863,3012,7
2026-08-30T05:03:26.341742809Z,20.198269,113.626922,Cloud to Ground,14568,0,9
2026-08-30T05:03:26.401532533Z,20.173222,113.719864,Cloud to Ground,42331,0,17
2026-08-30T05:03:26.337246356Z,20.213892,113.715158,Cloud to Ground,52088,0,22
2026-08-30T05:03:26.733896976Z,17.526787,113.402311,Cloud to Cloud,-6967,4356,9
2026-08-30T05:03:26.732232070Z,17.534591,113.440947,Cloud to Ground,13205,0,9
2026-08-30T05:03:26.887987399Z,20.291042,113.588029,Cloud to Cloud,-20710,6540,13
2026-08-30T05:03:27.939778285Z,19.317067,115.188425,Cloud to Cloud,-10852,3087,7
2026-08-30T05:03:27.878178714Z,19.304602,115.173233,Cloud to Cloud,6249,3022,7
2026-08-30T05:03:27.109134952Z,20.105684,113.820803,Cloud to Cloud,13320,4000,15
2026-08-30T05:03:28.183477147Z,18.77881,120.111462,Cloud to Cloud,-7767,12820,8
2026-08-30T05:03:29.996243502Z,21.741732,111.97477,Cloud to Cloud,-30343,7564,10
2026-08-30T05:03:30.002445311Z,21.670362,111.971678,Cloud to Cloud,-11102,3006,10
2026-08-30T05:03:30.152388108Z,21.64509,111.963696,Cloud to Cloud,-10757,5634,7
2026-08-30T05:03:30.153414119Z,21.61793,112.018913,Cloud to Cloud,-9109,19853,6
2026-08-30T05:03:29.995005844Z,21.659094,111.97328,Cloud to Cloud,9118,12015,9
2026-08-30T05:03:32.520371622Z,17.049986,132.408068,Cloud to Ground,-23156,0,12
2026-08-30T05:03:32.516525307Z,17.030713,132.417124,Cloud to Ground,-12479,0,9
2026-08-30T05:03:32.512580986Z,17.030811,132.418026,Cloud to Cloud,-12086,4591,11
2026-08-30T05:03:32.731069027Z,17.025481,132.391789,Cloud to Ground,-9625,0,9
2026-08-30T05:03:32.513271954Z,17.020952,132.423677,Cloud to Ground,39210,0,13
2026-08-30T05:03:35.689779544Z,17.310485,120.354197,Cloud to Ground,18815,0,15
2026-08-30T05:03:36.608962914Z,18.679326,114.267826,Cloud to Cloud,-14882,3150,13
2026-08-30T05:03:36.603840619Z,18.670427,114.264122,Cloud to Ground,-10490,0,9
2026-08-30T05:03:36.885422148Z,18.688876,114.310016,Cloud to Cloud,-9719,7517,11
2026-08-30T05:03:36.604981002Z,18.665956,114.262818,Cloud to Cloud,10060,4259,10
2026-08-30T05:03:36.604333501Z,18.668093,114.265433,Cloud to Ground,10133,0,7
2026-08-30T05:03:36.607123744Z,18.668375,114.26856,Cloud to Cloud,13070,5877,14
2026-08-30T05:03:36.603204389Z,18.672215,114.260851,Cloud to Cloud,14396,3038,13
2026-08-30T05:03:38.881608490Z,18.472804,116.792744,Cloud to Cloud,10040,6747,10
2026-08-30T05:03:41.444356809Z,16.027562,129.725838,Cloud to Cloud,12125,18928,7
2026-08-30T05:03:41.339416290Z,16.037649,129.571012,Cloud to Cloud,-23744,3059,7
2026-08-30T05:03:43.347283778Z,17.519443,113.275475,Cloud to Cloud,-11893,13051,7
2026-08-30T05:03:43.120561267Z,17.439537,113.311421,Cloud to Ground,-6619,0,6
2026-08-30T05:03:43.364667952Z,17.589986,113.265846,Cloud to Ground,9368,0,7
2026-08-30T05:03:44.581824993Z,18.452799,116.701712,Cloud to Cloud,10111,3028,7
2026-08-30T05:03:44.684679705Z,18.410072,116.728365,Cloud to Ground,21214,0,14
2026-08-30T05:03:45.838616549Z,19.295759,115.188639,Cloud to Cloud,-5641,3821,7
2026-08-30T05:03:45.590365377Z,18.650796,116.597746,Cloud to Cloud,5929,8570,7
2026-08-30T05:03:45.259470004Z,18.570827,116.460137,Cloud to Cloud,-9342,4346,7
2026-08-30T05:03:45.775961182Z,21.941118,113.321327,Cloud to Cloud,-9961,6521,8
2026-08-30T05:03:46.066447848Z,18.710141,119.369317,Cloud to Ground,9715,0,8
2026-08-30T05:03:46.063136963Z,18.694583,119.472782,Cloud to Cloud,9563,14319,10
2026-08-30T05:03:46.150124684Z,18.705574,119.513984,Cloud to Cloud,28374,14925,10
2026-08-30T05:03:47.873055149Z,20.019182,114.602895,Cloud to Ground,-22929,0,9
2026-08-30T05:03:47.699149578Z,19.940894,114.620536,Cloud to Cloud,-9373,6434,9
2026-08-30T05:03:47.708345833Z,19.951642,114.610297,Cloud to Cloud,11444,3505,8
2026-08-30T05:03:47.696515000Z,19.9143,114.6017,Cloud to Ground,39414,0,7
2026-08-30T05:03:49.571946477Z,19.36901,118.725914,Cloud to Cloud,-9232,16870,8
2026-08-30T05:03:49.970311513Z,19.283263,118.747962,Cloud to Cloud,5217,14338,6
2026-08-30T05:03:49.937389701Z,19.298727,118.730071,Cloud to Cloud,5471,3033,8
2026-08-30T05:03:49.228346786Z,19.414144,118.81681,Cloud to Cloud,5645,17071,6
2026-08-30T05:03:49.669291701Z,19.361245,118.842437,Cloud to Cloud,6403,3020,6
2026-08-30T05:03:49.219678852Z,19.321288,118.87306,Cloud to Cloud,7357,4957,7
2026-08-30T05:03:49.221461577Z,19.297995,118.798093,Cloud to Cloud,8243,13780,9
2026-08-30T05:03:50.180166028Z,9.064521,118.091759,Cloud to Cloud,-10578,11610,9
2026-08-30T05:03:50.999674770Z,17.548562,133.483107,Cloud to Ground,-17243,0,18
2026-08-30T05:03:50.998302829Z,17.545376,133.494626,Cloud to Ground,-11760,0,7
2026-08-30T05:03:51.140070503Z,17.539785,133.49714,Cloud to Ground,-9429,0,11
2026-08-30T05:03:51.006194272Z,17.519145,133.50257,Cloud to Ground,-8154,0,7
2026-08-30T05:03:50.999235746Z,17.534747,133.501141,Cloud to Ground,10946,0,13
2026-08-30T05:03:51.738301034Z,17.842972,113.878755,Cloud to Ground,-7920,0,6
2026-08-30T05:03:51.672373507Z,17.811021,113.938211,Cloud to Cloud,-7413,3694,8
2026-08-30T05:03:51.507391386Z,17.798421,113.924292,Cloud to Cloud,4840,4422,8
2026-08-30T05:03:51.740187469Z,17.773363,113.847062,Cloud to Cloud,14534,3029,9
