timestamp,latitude,longitude,type,amplitude_ka,height_m,num_sensors
2026-08-30T02:10:30.818298318Z,20.710316,114.054249,Cloud to Cloud,-7547,10897,8
2026-08-30T02:10:34.127370948Z,16.732227,130.446073,Cloud to Ground,-17135,0,6
2026-08-30T02:10:34.031883267Z,16.667267,130.477672,Cloud to Cloud,-11474,3368,9
2026-08-30T02:10:34.028751077Z,16.72213,130.466772,Cloud to Cloud,11747,3110,7
2026-08-30T02:10:34.027868337Z,16.723919,130.449456,Cloud to Cloud,13019,3221,8
2026-08-30T02:10:34.067641383Z,16.727737,130.459609,Cloud to Ground,15907,0,12
2026-08-30T02:10:37.100930212Z,17.674695,120.087203,Cloud to Cloud,7105,3645,12
2026-08-30T02:10:37.597872901Z,18.971296,114.514443,Cloud to Cloud,-10957,17907,8
2026-08-30T02:10:37.549765089Z,18.962515,114.437979,Cloud to Ground,23507,0,11
2026-08-30T02:10:40.910206434Z,19.370639,115.102581,Cloud to Cloud,13833,18955,7
2026-08-30T02:10:40.865450864Z,19.352078,115.127919,Cloud to Cloud,15656,3144,7
2026-08-30T02:10:40.868594165Z,19.257703,115.193842,Cloud to Ground,-40810,0,11
2026-08-30T02:10:41.313440985Z,19.224402,115.253015,Cloud to Cloud,-15820,13647,7
2026-08-30T02:10:41.105441237Z,19.181314,115.143525,Cloud to Ground,-12392,0,7
2026-08-30T02:10:40.871778621Z,19.278138,115.207246,Cloud to Cloud,10557,18104,8
2026-08-30T02:10:40.455386299Z,16.830314,119.980596,Cloud to Cloud,16280,6364,7
2026-08-30T02:10:40.455833000Z,16.734,119.9934,Cloud to Ground,34593,0,5
2026-08-30T02:10:41.109727104Z,19.246555,114.931858,Cloud to Cloud,-9338,3064,7
2026-08-30T02:10:42.118266232Z,18.966174,114.009607,Cloud to Cloud,-16288,3012,10
2026-08-30T02:10:42.207288056Z,19.055956,114.702005,Cloud to Cloud,13126,7080,9
2026-08-30T02:10:44.937776592Z,15.214525,120.264566,Cloud to Cloud,9356,3000,11
2026-08-30T02:10:44.117782616Z,20.592357,114.626298,Cloud to Ground,-18444,0,11
2026-08-30T02:10:44.172523287Z,20.591619,114.628885,Cloud to Ground,-16346,0,12
2026-08-30T02:10:43.832805718Z,20.532185,114.507821,Cloud to Cloud,-11649,3128,10
2026-08-30T02:10:43.543695479Z,20.533939,114.588868,Cloud to Cloud,6856,3092,8
2026-08-30T02:10:43.845492767Z,20.499881,114.611256,Cloud to Cloud,6979,5339,7
2026-08-30T02:10:43.563052760Z,20.5376,114.585912,Cloud to Ground,10802,0,9
2026-08-30T02:10:44.075749000Z,20.5654,114.6446,Cloud to Ground,22958,0,6
2026-08-30T02:10:45.308392902Z,20.976197,113.12918,Cloud to Cloud,-18518,3025,10
2026-08-30T02:10:45.277242269Z,20.990739,113.140003,Cloud to Cloud,-17029,6241,9
2026-08-30T02:10:44.505091098Z,20.84584,113.243987,Cloud to Cloud,-16730,3065,14
2026-08-30T02:10:44.815255114Z,20.872181,113.203654,Cloud to Cloud,-13858,3062,7
2026-08-30T02:10:44.813837244Z,20.886784,113.141417,Cloud to Cloud,-11840,3017,7
2026-08-30T02:10:44.507772822Z,20.82977,113.244955,Cloud to Ground,-11803,0,8
2026-08-30T02:10:44.803547066Z,20.889081,113.066291,Cloud to Cloud,-9014,3001,9
2026-08-30T02:10:44.503755831Z,20.854071,113.244072,Cloud to Cloud,9620,11529,10
2026-08-30T02:10:45.285195485Z,20.977179,113.04733,Cloud to Ground,14307,0,8
2026-08-30T02:10:45.275501283Z,20.941865,113.138332,Cloud to Cloud,18411,3049,9
2026-08-30T02:10:45.276005648Z,20.943099,113.134171,Cloud to Ground,32126,0,15
2026-08-30T02:10:47.583545391Z,18.853995,114.754828,Cloud to Ground,32488,0,18
2026-08-30T02:10:48.115529925Z,19.20137,115.054013,Cloud to Ground,-62606,0,15
2026-08-30T02:10:48.181446237Z,19.204867,115.053202,Cloud to Ground,-13579,0,10
2026-08-30T02:10:48.149205987Z,19.204142,115.055899,Cloud to Ground,-12993,0,7
2026-08-30T02:10:47.727234203Z,19.229122,114.979341,Cloud to Cloud,-9993,3136,10
2026-08-30T02:10:47.475823098Z,19.223165,114.988849,Cloud to Cloud,-9422,4295,8
2026-08-30T02:10:47.280541309Z,19.224382,114.98314,Cloud to Cloud,8478,3002,5
2026-08-30T02:10:47.256158866Z,19.242186,114.984297,Cloud to Cloud,12203,3029,8
2026-08-30T02:10:47.266348636Z,19.228896,114.97057,Cloud to Ground,34846,0,10
2026-08-30T02:10:48.970082442Z,20.045083,114.69414,Cloud to Cloud,9996,3047,5
2026-08-30T02:10:48.876352091Z,20.017734,114.688094,Cloud to Cloud,17673,13048,10
2026-08-30T02:10:48.858617734Z,20.051916,114.684197,Cloud to Ground,22159,0,10
2026-08-30T02:10:49.391675718Z,20.294396,110.453707,Cloud to Cloud,-10783,8955,8
2026-08-30T02:10:50.906106088Z,19.212699,114.851028,Cloud to Ground,-22299,0,16
2026-08-30T02:10:50.962408582Z,19.204192,114.860226,Cloud to Ground,-9208,0,8
2026-08-30T02:10:50.904604786Z,19.230923,114.851492,Cloud to Cloud,8273,6494,10
2026-08-30T02:10:50.905465319Z,19.217729,114.757777,Cloud to Ground,20610,0,9
2026-08-30T02:10:50.907125000Z,19.2447,114.8053,Cloud to Ground,22130,0,6
2026-08-30T02:10:52.886733644Z,19.050193,114.640142,Cloud to Cloud,4065,7511,7
2026-08-30T02:10:52.876400313Z,18.989567,114.659313,Cloud to Ground,17588,0,10
2026-08-30T02:10:55.545022815Z,18.035372,111.899062,Cloud to Cloud,-14559,3486,7
2026-08-30T02:10:55.543119880Z,18.078956,112.015136,Cloud to Cloud,-15310,3941,8
2026-08-30T02:10:56.015909455Z,14.647541,120.817463,Cloud to Ground,-67394,0,14
2026-08-30T02:10:56.061479552Z,14.658228,120.838297,Cloud to Ground,-37869,0,12
2026-08-30T02:10:56.195289262Z,14.646115,120.846871,Cloud to Ground,-36859,0,10
2026-08-30T02:10:56.098597930Z,14.648565,120.816436,Cloud to Ground,-28386,0,13
2026-08-30T02:10:56.467696000Z,14.665,120.7829,Cloud to Ground,-20764,0,8
2026-08-30T02:10:56.748887480Z,14.647038,120.820262,Cloud to Ground,-17345,0,8
2026-08-30T02:10:56.052601900Z,14.599565,120.8762,Cloud to Cloud,-16832,4189,8
2026-08-30T02:10:56.490031731Z,14.642815,120.821807,Cloud to Ground,-14166,0,8
2026-08-30T02:10:56.254699371Z,14.642685,120.816662,Cloud to Cloud,16804,18083,8
2026-08-30T02:10:59.094183030Z,20.709547,113.966993,Cloud to Cloud,10013,6999,6
2026-08-30T02:10:59.430088184Z,20.623803,114.040834,Cloud to Cloud,8950,3027,5
2026-08-30T02:10:59.459895377Z,20.626483,114.039456,Cloud to Cloud,9713,10147,9
2026-08-30T02:10:59.225707669Z,20.30798,110.341448,Cloud to Ground,4962,0,12
2026-08-30T02:10:59.942101873Z,17.420579,126.723642,Cloud to Ground,23212,0,13
2026-08-30T02:11:00.385381799Z,17.267288,127.054474,Cloud to Ground,-48103,0,17
2026-08-30T02:11:00.504524537Z,17.263714,126.928857,Cloud to Ground,-25760,0,21
2026-08-30T02:11:00.458269287Z,17.297144,126.96445,Cloud to Ground,-23267,0,10
2026-08-30T02:11:00.370862173Z,17.303011,127.083049,Cloud to Cloud,-16161,3009,12
2026-08-30T02:11:00.370311452Z,17.202992,127.09864,Cloud to Cloud,-10844,7399,8
2026-08-30T02:11:00.427658219Z,17.261617,127.034122,Cloud to Cloud,8398,18185,8
2026-08-30T02:10:59.935125447Z,17.245374,126.991798,Cloud to Cloud,12898,3001,10
2026-08-30T02:11:00.741042813Z,17.240945,127.021054,Cloud to Cloud,16322,6754,7
2026-08-30T02:11:00.418865375Z,17.361805,127.035078,Cloud to Ground,17455,0,11
2026-08-30T02:11:05.120721024Z,16.85372,128.660289,Cloud to Ground,16451,0,13
2026-08-30T02:11:05.118880650Z,16.843034,128.631018,Cloud to Ground,32622,0,12
2026-08-30T02:11:05.118321192Z,16.866013,128.495648,Cloud to Cloud,24346,15180,17
2026-08-30T02:11:05.938921250Z,22.457008,113.255919,Cloud to Cloud,-13809,3037,10
2026-08-30T02:11:06.248682734Z,22.494278,113.148963,Cloud to Cloud,-13297,7937,8
2026-08-30T02:11:06.380899792Z,22.457176,113.218308,Cloud to Ground,-12712,0,8
2026-08-30T02:11:05.648654678Z,22.461468,113.159289,Cloud to Cloud,-11570,13154,11
2026-08-30T02:11:05.810521279Z,22.458247,113.33883,Cloud to Ground,-9542,0,8
2026-08-30T02:11:06.246127516Z,22.467847,113.212161,Cloud to Cloud,-9448,19568,7
2026-08-30T02:11:06.043428895Z,22.514164,113.264754,Cloud to Cloud,10507,13415,10
2026-08-30T02:11:09.119687752Z,20.30238,110.498761,Cloud to Cloud,-15151,18487,10
2026-08-30T02:11:09.302373414Z,20.303416,110.363158,Cloud to Ground,-9639,0,7
2026-08-30T02:11:09.116741928Z,20.286155,110.423236,Cloud to Cloud,8762,11154,7
2026-08-30T02:11:09.622121747Z,20.28563,110.390229,Cloud to Cloud,9515,12408,8
2026-08-30T02:11:11.061566542Z,20.557254,113.132586,Cloud to Cloud,-20983,3003,10
2026-08-30T02:11:11.057834538Z,20.61112,113.088481,Cloud to Cloud,-10782,3017,8
2026-08-30T02:11:11.636389680Z,20.578091,113.03859,Cloud to Cloud,7091,15062,6
2026-08-30T02:11:11.059053251Z,20.56176,113.038735,Cloud to Ground,27946,0,12
2026-08-30T02:11:12.339615100Z,20.363499,112.406304,Cloud to Ground,13267,0,9
2026-08-30T02:11:12.341402748Z,20.357529,112.410042,Cloud to Ground,23008,0,9
2026-08-30T02:11:12.344838905Z,20.341537,112.39966,Cloud to Ground,35359,0,11
2026-08-30T02:11:13.137797660Z,12.380231,120.859991,Cloud to Cloud,18674,11465,9
2026-08-30T02:11:13.138457488Z,12.366553,120.867574,Cloud to Ground,27628,0,9
2026-08-30T02:11:14.509029361Z,20.436181,113.53383,Cloud to Ground,-40813,0,14
2026-08-30T02:11:15.054358153Z,20.465794,113.359825,Cloud to Ground,-29564,0,12
2026-08-30T02:11:14.988764623Z,20.430088,113.543264,Cloud to Cloud,-12126,3278,10
2026-08-30T02:11:15.218754734Z,20.471147,113.416579,Cloud to Cloud,-8770,4773,8
2026-08-30T02:11:14.641403266Z,20.437999,113.526011,Cloud to Ground,-7565,0,7
2026-08-30T02:11:15.045210109Z,20.444513,113.499152,Cloud to Ground,21981,0,10
2026-08-30T02:11:14.513511770Z,20.448461,113.528198,Cloud to Ground,24711,0,16
2026-08-30T02:11:14.614386000Z,20.4514,113.5094,Cloud to Ground,30754,0,8
2026-08-30T02:11:15.074292750Z,20.42006,113.515073,Cloud to Ground,40769,0,17
2026-08-30T02:11:20.425322252Z,19.268847,115.205744,Cloud to Ground,14562,0,7
2026-08-30T02:11:24.350811855Z,18.075585,112.071487,Cloud to Cloud,-14407,15170,9
2026-08-30T02:11:24.347534895Z,18.057777,111.996678,Cloud to Ground,12793,0,9
2026-08-30T02:11:24.357925709Z,18.062059,111.981144,Cloud to Ground,28871,0,7
2026-08-30T02:11:25.443397310Z,20.31377,110.447391,Cloud to Ground,-11974,0,5
2026-08-30T02:11:25.343676966Z,20.285394,110.482623,Cloud to Ground,19835,0,8
2026-08-30T02:11:25.274757000Z,16.7182,129.0104,Cloud to Ground,-17774,0,5
2026-08-30T02:11:28.274781043Z,16.56117,120.387323,Cloud to Cloud,7259,15370,10
2026-08-30T02:11:29.216562901Z,21.011829,114.114893,Cloud to Cloud,8193,3030,7
2026-08-30T02:11:29.218511910Z,20.934685,113.97228,Cloud to Cloud,-12081,3027,13
2026-08-30T02:11:29.228751890Z,20.913203,113.957586,Cloud to Cloud,-6660,3911,8
2026-08-30T02:11:30.432318212Z,19.205557,114.642068,Cloud to Ground,37243,0,11
2026-08-30T02:11:30.367506131Z,20.52403,114.086099,Cloud to Cloud,-13938,5508,11
2026-08-30T02:11:30.660124397Z,20.566862,114.079659,Cloud to Cloud,11747,3201,8
2026-08-30T02:11:30.368693672Z,20.5607,114.082692,Cloud to Ground,30869,0,13
2026-08-30T02:11:30.721519000Z,19.0936,115.3696,Cloud to Ground,40855,0,7
2026-08-30T02:11:32.534911453Z,20.485718,113.636722,Cloud to Cloud,-9805,3010,8
2026-08-30T02:11:32.490329844Z,20.475578,113.647927,Cloud to Cloud,7513,3015,6
2026-08-30T02:11:32.874901693Z,20.470357,113.648939,Cloud to Cloud,7721,3030,7
2026-08-30T02:11:32.486831504Z,20.487204,113.639529,Cloud to Cloud,9122,6485,8
2026-08-30T02:11:32.482163372Z,20.47468,113.645968,Cloud to Ground,27983,0,7
2026-08-30T02:11:33.507756147Z,16.711201,120.170803,Cloud to Cloud,12320,13771,9
2026-08-30T02:11:34.258295363Z,14.646307,120.794346,Cloud to Cloud,4469,14366,7
2026-08-30T02:11:34.255450479Z,14.649701,120.806631,Cloud to Cloud,6914,11158,8
2026-08-30T02:11:37.737260996Z,19.204784,114.804561,Cloud to Cloud,6659,8088,7
2026-08-30T02:11:43.839328061Z,16.851832,129.164102,Cloud to Cloud,-7139,3089,8
2026-08-30T02:11:43.834556701Z,16.878269,129.143045,Cloud to Cloud,-5019,13759,7
2026-08-30T02:11:43.827939061Z,16.809628,129.17401,Cloud to Cloud,22005,4823,8
2026-08-30T02:11:43.829333115Z,16.881752,129.140382,Cloud to Ground,22248,0,11
2026-08-30T02:11:44.819688989Z,22.485979,113.180239,Cloud to Cloud,-10135,17513,8
2026-08-30T02:11:46.312762838Z,18.988726,114.60602,Cloud to Cloud,-12132,3000,8
2026-08-30T02:11:46.109149356Z,19.004843,114.605127,Cloud to Cloud,-10732,6875,8
2026-08-30T02:11:46.405877489Z,19.078308,114.637468,Cloud to Cloud,-10382,7058,7
2026-08-30T02:11:46.128850442Z,19.00969,114.596549,Cloud to Cloud,7258,17640,6
2026-08-30T02:11:46.111701650Z,19.006947,114.613163,Cloud to Cloud,7393,16071,6
2026-08-30T02:11:46.048232651Z,18.987758,114.639576,Cloud to Cloud,9230,11043,7
2026-08-30T02:11:45.945098290Z,18.936661,114.596194,Cloud to Ground,15845,0,8
2026-08-30T02:11:45.946115058Z,19.02182,114.613067,Cloud to Ground,33397,0,10
2026-08-30T02:11:46.758487110Z,20.086514,115.080584,Cloud to Ground,-17643,0,10
2026-08-30T02:11:46.677771984Z,20.0463,115.093134,Cloud to Cloud,-15070,15231,10
2026-08-30T02:11:48.909435735Z,18.117406,112.07453,Cloud to Ground,-12060,0,7
2026-08-30T02:11:48.667605832Z,18.117517,112.084945,Cloud to Ground,-11389,0,8
2026-08-30T02:11:48.884049051Z,18.117813,112.072518,Cloud to Ground,6721,0,7
2026-08-30T02:11:49.561535142Z,17.026161,130.06643,Cloud to Cloud,-15057,7026,9
2026-08-30T02:11:49.565109334Z,17.037657,130.114702,Cloud to Ground,-13296,0,12
2026-08-30T02:11:49.568986436Z,17.034321,130.099797,Cloud to Cloud,-9860,3037,15
2026-08-30T02:11:49.562196194Z,17.038539,130.152776,Cloud to Cloud,26609,7293,16
2026-08-30T02:11:49.780843709Z,16.873806,131.383486,Cloud to Ground,-36673,0,15
2026-08-30T02:11:49.801585842Z,16.927281,131.348108,Cloud to Ground,-20759,0,14
2026-08-30T02:11:49.780425820Z,16.875572,131.383927,Cloud to Ground,34773,0,16
2026-08-30T02:11:51.033161097Z,20.308048,110.340016,Cloud to Ground,-33651,0,14
2026-08-30T02:11:53.963855691Z,20.637819,114.060529,Cloud to Ground,-30097,0,12
2026-08-30T02:11:54.198175669Z,20.634768,114.057218,Cloud to Ground,-29528,0,9
2026-08-30T02:11:54.039151632Z,20.595795,114.064625,Cloud to Ground,-22434,0,12
2026-08-30T02:11:53.934019490Z,20.718563,114.059698,Cloud to Cloud,-22129,3040,10
2026-08-30T02:11:54.582170600Z,20.612429,114.05849,Cloud to Ground,-12308,0,9
2026-08-30T02:11:54.790238087Z,20.611522,114.063387,Cloud to Ground,-8796,0,9
2026-08-30T02:11:54.042176476Z,20.611489,114.05494,Cloud to Cloud,8035,16054,10
2026-08-30T02:11:54.241668000Z,20.6623,114.0689,Cloud to Ground,19777,0,6
2026-08-30T02:11:54.295310000Z,20.6133,114.0869,Cloud to Ground,30567,0,6
2026-08-30T02:11:56.965896164Z,20.573205,113.875319,Cloud to Cloud,-21374,3016,10
2026-08-30T02:11:57.000375915Z,20.57068,113.873197,Cloud to Cloud,-9640,3469,10
2026-08-30T02:11:57.111148134Z,20.616758,113.892849,Cloud to Cloud,-9069,15684,7
2026-08-30T02:11:56.966453000Z,20.6017,113.8229,Cloud to Ground,9484,0,5
2026-08-30T02:11:56.993143208Z,20.613314,113.868471,Cloud to Ground,10659,0,8
2026-08-30T02:11:56.965400330Z,20.57511,113.872459,Cloud to Ground,16434,0,9
2026-08-30T02:11:57.151531248Z,20.570149,113.852524,Cloud to Ground,22784,0,10
2026-08-30T02:12:01.749599912Z,19.241699,115.102727,Cloud to Ground,-64104,0,14
2026-08-30T02:12:01.942434078Z,19.21807,115.103132,Cloud to Ground,-27946,0,8
2026-08-30T02:12:01.771205947Z,19.255404,115.090021,Cloud to Ground,-15533,0,10
2026-08-30T02:12:01.762288388Z,19.227179,115.094083,Cloud to Cloud,-14553,16259,11
2026-08-30T02:12:01.770788876Z,19.252524,115.097744,Cloud to Ground,-9317,0,6
2026-08-30T02:12:01.880514000Z,19.2327,115.0571,Cloud to Ground,22545,0,6
2026-08-30T02:12:01.773979080Z,19.245817,115.103864,Cloud to Ground,24139,0,16
2026-08-30T02:12:02.412390696Z,17.005709,129.920317,Cloud to Ground,-21175,0,9
2026-08-30T02:12:02.401128681Z,17.012857,129.935845,Cloud to Ground,-15755,0,8
2026-08-30T02:12:02.416674251Z,17.061815,129.866284,Cloud to Ground,-15188,0,10
2026-08-30T02:12:02.398528731Z,17.072036,129.867283,Cloud to Cloud,-14045,17478,10
2026-08-30T02:12:02.464871399Z,16.944272,130.014021,Cloud to Ground,-13135,0,10
2026-08-30T02:12:02.493765584Z,16.960711,129.905923,Cloud to Ground,-12876,0,9
2026-08-30T02:12:02.403380436Z,16.975462,129.956249,Cloud to Cloud,-12796,16575,9
2026-08-30T02:12:02.476619366Z,16.980333,129.905072,Cloud to Cloud,-9877,17832,14
2026-08-30T02:12:02.866063000Z,14.8985,120.6665,Cloud to Ground,-6147,0,5
2026-08-30T02:12:04.476779197Z,19.093597,114.816871,Cloud to Cloud,6233,5997,8
2026-08-30T02:12:05.050770745Z,19.002797,114.019045,Cloud to Ground,-22092,0,14
2026-08-30T02:12:05.202565059Z,18.968716,114.003546,Cloud to Cloud,-15319,4632,6
2026-08-30T02:12:05.221637732Z,18.975705,114.023627,Cloud to Cloud,-14952,3016,10
2026-08-30T02:12:05.086959199Z,19.00337,114.018667,Cloud to Ground,-8343,0,9
2026-08-30T02:12:05.498765000Z,19.0351,114.0125,Cloud to Ground,32848,0,5
2026-08-30T02:12:05.007971977Z,18.999796,114.002527,Cloud to Ground,133035,0,8
2026-08-30T02:12:06.114152839Z,20.351829,112.410886,Cloud to Cloud,14141,3001,8
2026-08-30T02:12:06.139728383Z,20.331573,112.317808,Cloud to Ground,21974,0,10
2026-08-30T02:12:06.111336189Z,20.345499,112.410821,Cloud to Ground,28221,0,13
2026-08-30T02:12:07.229719562Z,19.084721,114.449996,Cloud to Ground,17534,0,7
2026-08-30T02:12:07.244333791Z,18.996665,114.505123,Cloud to Cloud,7859,3219,6
2026-08-30T02:12:07.245674187Z,18.993232,114.519802,Cloud to Ground,26278,0,17
2026-08-30T02:12:07.230633000Z,19.0149,114.5353,Cloud to Ground,90480,0,5
2026-08-30T02:12:08.107807588Z,18.059472,111.941345,Cloud to Ground,17627,0,10
2026-08-30T02:12:08.123306372Z,18.055901,111.93999,Cloud to Ground,25591,0,8
2026-08-30T02:12:08.381791533Z,18.510908,119.542749,Cloud to Cloud,10415,16544,11
2026-08-30T02:12:08.401136024Z,18.516159,119.548847,Cloud to Cloud,10917,4812,11
2026-08-30T02:12:10.461363297Z,20.5509,114.497923,Cloud to Cloud,-27505,3024,12
2026-08-30T02:12:10.464687704Z,20.545866,114.493348,Cloud to Cloud,11042,3020,6
2026-08-30T02:12:12.172888153Z,20.518677,113.132194,Cloud to Cloud,-27164,4561,13
2026-08-30T02:12:12.507221148Z,20.517197,113.134453,Cloud to Ground,-13337,0,7
2026-08-30T02:12:12.518901658Z,20.533695,113.135459,Cloud to Ground,9453,0,7
2026-08-30T02:12:12.517040585Z,20.607363,113.100942,Cloud to Cloud,11816,5263,7
2026-08-30T02:12:12.167369910Z,20.537736,113.130139,Cloud to Ground,15253,0,13
2026-08-30T02:12:12.064521261Z,20.703238,113.986208,Cloud to Ground,-10837,0,10
2026-08-30T02:12:12.274734678Z,20.306973,110.446911,Cloud to Ground,-30415,0,13
2026-08-30T02:12:12.132527266Z,20.321836,110.42711,Cloud to Ground,-23893,0,6
2026-08-30T02:12:12.067826562Z,20.302947,110.342026,Cloud to Ground,16323,0,10
2026-08-30T02:12:11.997996503Z,20.313143,110.333672,Cloud to Ground,27858,0,12
2026-08-30T02:12:12.098773000Z,20.3383,110.399,Cloud to Ground,38125,0,5
2026-08-30T02:12:13.920617006Z,19.158988,114.636836,Cloud to Cloud,-8422,6007,10
2026-08-30T02:12:13.931595862Z,19.168831,114.544617,Cloud to Ground,18840,0,12
2026-08-30T02:12:14.113539102Z,15.873216,120.618756,Cloud to Ground,-24418,0,12
2026-08-30T02:12:14.046940671Z,15.867544,120.611647,Cloud to Ground,-24361,0,11
2026-08-30T02:12:14.047696511Z,15.803769,120.667344,Cloud to Cloud,18861,19595,15
2026-08-30T02:12:14.148291276Z,15.786127,120.596001,Cloud to Cloud,20224,17701,9
2026-08-30T02:12:14.147620669Z,15.861634,120.600428,Cloud to Ground,31426,0,11
2026-08-30T02:12:14.087779739Z,15.860788,120.620568,Cloud to Ground,76543,0,19
2026-08-30T02:12:16.400456559Z,17.943976,120.036891,Cloud to Cloud,20317,3003,13
2026-08-30T02:12:17.169075254Z,19.250895,115.002462,Cloud to Ground,-14975,0,9
2026-08-30T02:12:17.195057806Z,19.250743,115.004791,Cloud to Ground,-11970,0,8
2026-08-30T02:12:18.847065000Z,16.6817,130.2364,Cloud to Ground,-18044,0,6
2026-08-30T02:12:18.867914213Z,16.714604,130.210864,Cloud to Cloud,7524,6706,7
2026-08-30T02:12:18.845244352Z,16.669306,130.196249,Cloud to Cloud,10084,3026,14
2026-08-30T02:12:18.058338086Z,22.632508,112.895501,Cloud to Ground,24854,0,9
2026-08-30T02:12:18.097446504Z,22.553173,113.074708,Cloud to Cloud,-9066,17277,7
2026-08-30T02:12:19.134988927Z,22.52316,113.034857,Cloud to Cloud,-12800,13469,9
2026-08-30T02:12:20.170518281Z,16.772597,129.801108,Cloud to Cloud,-11250,16052,18
2026-08-30T02:12:20.175681283Z,16.779315,129.798524,Cloud to Cloud,20168,9373,10
2026-08-30T02:12:20.930713885Z,20.554728,114.15601,Cloud to Ground,15574,0,7
2026-08-30T02:12:21.229663535Z,16.772163,129.72478,Cloud to Cloud,-26646,3095,14
2026-08-30T02:12:21.351864558Z,16.751122,129.593858,Cloud to Cloud,-12539,7371,11
2026-08-30T02:12:20.737868150Z,16.778346,129.655833,Cloud to Cloud,-12366,13050,8
2026-08-30T02:12:20.778081997Z,16.672033,129.64054,Cloud to Cloud,10689,19144,8
2026-08-30T02:12:20.198051502Z,16.743684,129.677834,Cloud to Ground,17318,0,12
2026-08-30T02:12:21.376052355Z,16.652705,129.588253,Cloud to Ground,17819,0,7
2026-08-30T02:12:21.285198943Z,16.693853,129.634909,Cloud to Ground,25489,0,15
2026-08-30T02:12:21.286617218Z,16.713877,129.59612,Cloud to Ground,28884,0,9
2026-08-30T02:12:21.233066006Z,16.723505,129.893222,Cloud to Cloud,-15755,5768,10
2026-08-30T02:12:25.609413127Z,20.560263,113.431695,Cloud to Ground,28792,0,8
2026-08-30T02:12:25.653681000Z,20.4486,113.494,Cloud to Ground,-32475,0,8
2026-08-30T02:12:26.038165826Z,20.457175,113.512354,Cloud to Cloud,7281,4403,7
2026-08-30T02:12:25.928442939Z,20.444332,113.486696,Cloud to Cloud,12304,7654,12
2026-08-30T02:12:25.614426826Z,20.452287,113.516387,Cloud to Ground,36978,0,19
2026-08-30T02:12:25.688465217Z,20.462796,113.507905,Cloud to Ground,52876,0,8
2026-08-30T02:12:26.799650540Z,17.298577,120.162887,Cloud to Cloud,-11472,16073,7
2026-08-30T02:12:26.581389000Z,17.3371,120.0711,Cloud to Ground,18863,0,6
2026-08-30T02:12:26.040241916Z,20.406595,113.310532,Cloud to Cloud,-10848,3020,7
2026-08-30T02:12:30.433505514Z,10.455369,121.890007,Cloud to Cloud,35012,6731,8
2026-08-30T02:12:31.925929620Z,20.356003,112.445223,Cloud to Cloud,-16702,3097,9
2026-08-30T02:12:32.651385113Z,16.730687,129.237961,Cloud to Cloud,-25052,3288,11
2026-08-30T02:12:32.650646349Z,16.776391,129.213564,Cloud to Cloud,29695,16297,7
2026-08-30T02:12:32.648902960Z,16.763753,129.231334,Cloud to Ground,55592,0,11
2026-08-30T02:12:32.649561339Z,16.762607,129.229792,Cloud to Ground,75505,0,22
2026-08-30T02:12:32.826448077Z,14.673398,120.843314,Cloud to Ground,-23462,0,10
2026-08-30T02:12:32.886744359Z,14.673816,120.843936,Cloud to Ground,-19340,0,11
2026-08-30T02:12:32.770919924Z,14.672329,120.840754,Cloud to Ground,-19135,0,10
2026-08-30T02:12:32.714542000Z,14.6658,120.8163,Cloud to Ground,-11501,0,5
2026-08-30T02:12:32.916015946Z,14.676496,120.849792,Cloud to Ground,-9463,0,7
2026-08-30T02:12:32.365631603Z,22.522957,113.217611,Cloud to Cloud,-13491,16713,8
2026-08-30T02:12:32.441079204Z,22.50803,113.232768,Cloud to Cloud,14285,8145,7
2026-08-30T02:12:33.383341664Z,20.473362,113.640961,Cloud to Cloud,-14753,9662,12
2026-08-30T02:12:33.434830813Z,20.513238,113.637717,Cloud to Cloud,-14698,5235,8
2026-08-30T02:12:33.400264509Z,20.460983,113.634628,Cloud to Cloud,-10509,3004,8
2026-08-30T02:12:33.379981634Z,20.488949,113.638189,Cloud to Ground,10361,0,12
2026-08-30T02:12:33.079057713Z,20.618311,112.636066,Cloud to Ground,-191161,0,18
2026-08-30T02:12:32.994470786Z,20.613458,112.631009,Cloud to Ground,-16732,0,7
2026-08-30T02:12:32.999826744Z,20.575998,112.648029,Cloud to Ground,-12161,0,7
2026-08-30T02:12:32.385250195Z,20.506109,112.695141,Cloud to Ground,16648,0,7
2026-08-30T02:12:33.332246287Z,20.449568,112.715653,Cloud to Cloud,-14503,11579,8
2026-08-30T02:12:34.849666289Z,17.674686,120.055526,Cloud to Ground,-10451,0,10
2026-08-30T02:12:34.870665457Z,17.691927,119.999916,Cloud to Cloud,-8274,7678,6
2026-08-30T02:12:36.622011354Z,17.253312,127.092933,Cloud to Ground,-74816,0,20
2026-08-30T02:12:36.679031120Z,17.263825,127.083468,Cloud to Ground,-27752,0,16
2026-08-30T02:12:36.651838088Z,17.271492,127.104002,Cloud to Cloud,-14151,5759,18
2026-08-30T02:12:36.852939323Z,17.300663,127.00808,Cloud to Ground,-13997,0,15
2026-08-30T02:12:37.018836954Z,17.313414,126.965565,Cloud to Cloud,-13269,4259,10
2026-08-30T02:12:36.750335000Z,17.2386,126.8369,Cloud to Ground,-26343,0,6
2026-08-30T02:12:37.518130602Z,16.875449,131.026997,Cloud to Ground,-45095,0,14
2026-08-30T02:12:37.595932789Z,16.850695,131.098083,Cloud to Cloud,-16989,5845,12
2026-08-30T02:12:37.599706037Z,16.858455,131.097209,Cloud to Ground,-9787,0,6
2026-08-30T02:12:37.521925139Z,16.878164,131.013691,Cloud to Ground,-9051,0,11
2026-08-30T02:12:37.515211910Z,16.885739,131.02835,Cloud to Cloud,14753,6444,12
2026-08-30T02:12:37.515768226Z,16.884347,131.02647,Cloud to Cloud,18684,3206,11
2026-08-30T02:12:37.514468246Z,16.879004,131.027187,Cloud to Ground,23440,0,11
2026-08-30T02:12:37.516333193Z,16.86761,131.040782,Cloud to Ground,41004,0,13
2026-08-30T02:12:38.498747433Z,16.73934,130.358629,Cloud to Cloud,14777,13463,10
2026-08-30T02:12:38.550619477Z,16.749573,130.461658,Cloud to Cloud,-18981,7057,10
2026-08-30T02:12:38.776259096Z,16.749729,130.481515,Cloud to Ground,-6230,0,6
2026-08-30T02:12:41.456868702Z,19.741867,115.51665,Cloud to Ground,-29611,0,14
2026-08-30T02:12:41.400386918Z,19.75689,115.527263,Cloud to Ground,36095,0,16
2026-08-30T02:12:41.398659406Z,19.771027,115.625519,Cloud to Ground,19985,0,9
2026-08-30T02:12:41.274578580Z,17.926394,111.969658,Cloud to Cloud,-18712,4969,10
2026-08-30T02:12:41.273394779Z,17.919305,111.897603,Cloud to Ground,45462,0,9
2026-08-30T02:12:42.826301606Z,17.006178,120.209164,Cloud to Cloud,-14271,9964,9
2026-08-30T02:12:42.828533146Z,17.087949,120.230043,Cloud to Cloud,10971,13326,7
2026-08-30T02:12:43.892707134Z,20.504604,114.507523,Cloud to Cloud,8445,13149,8
2026-08-30T02:12:43.851609873Z,20.531944,114.602982,Cloud to Cloud,-17136,3022,10
2026-08-30T02:12:44.182774660Z,20.520056,114.61533,Cloud to Cloud,-9296,6661,8
2026-08-30T02:12:43.852518356Z,20.612712,114.621132,Cloud to Cloud,17367,3041,7
2026-08-30T02:12:44.989281599Z,19.112365,114.700465,Cloud to Cloud,-9250,3079,9
2026-08-30T02:12:44.785021801Z,19.117419,114.69487,Cloud to Ground,-7647,0,6
2026-08-30T02:12:44.552063160Z,19.167534,114.731844,Cloud to Ground,56471,0,13
2026-08-30T02:12:44.571865367Z,19.008551,114.600419,Cloud to Cloud,-10483,7285,9
2026-08-30T02:12:44.531298233Z,19.034068,114.615021,Cloud to Ground,17802,0,9
2026-08-30T02:12:51.887448915Z,14.677781,120.8253,Cloud to Ground,-15443,0,10
2026-08-30T02:12:52.023348497Z,14.678021,120.824476,Cloud to Ground,-15100,0,8
2026-08-30T02:12:51.565814711Z,20.483993,114.184969,Cloud to Cloud,-12754,6456,14
2026-08-30T02:12:51.579752694Z,20.461441,114.14097,Cloud to Cloud,-9353,6253,7
2026-08-30T02:12:51.569805648Z,20.472179,114.209419,Cloud to Cloud,-9324,3071,11
2026-08-30T02:12:52.746559971Z,20.861874,113.25883,Cloud to Ground,-95460,0,13
2026-08-30T02:12:52.747640629Z,20.871881,113.264625,Cloud to Cloud,-47040,4020,13
2026-08-30T02:12:52.746085315Z,20.847532,113.276804,Cloud to Ground,-14207,0,7
2026-08-30T02:12:52.748515982Z,20.865903,113.259975,Cloud to Cloud,16668,6514,11
2026-08-30T02:12:52.751640130Z,20.851178,113.262722,Cloud to Ground,18273,0,11
2026-08-30T02:12:52.750006840Z,20.82864,113.267525,Cloud to Ground,18826,0,7
2026-08-30T02:12:52.298001246Z,19.147763,114.793326,Cloud to Ground,-16665,0,8
2026-08-30T02:12:53.493418000Z,19.1333,115.2182,Cloud to Ground,-20185,0,8
2026-08-30T02:12:53.524037633Z,19.099083,115.252403,Cloud to Ground,-13334,0,7
2026-08-30T02:12:53.932699324Z,19.151756,115.221744,Cloud to Cloud,8663,3011,7
2026-08-30T02:12:53.531876699Z,19.113954,115.142746,Cloud to Cloud,15267,6975,10
2026-08-30T02:12:53.744080512Z,15.343678,120.414522,Cloud to Cloud,-13571,9791,7
2026-08-30T02:12:53.455397463Z,15.288962,120.398659,Cloud to Cloud,7950,17187,6
2026-08-30T02:12:55.324516417Z,20.309553,110.474431,Cloud to Cloud,-34562,11538,10
2026-08-30T02:12:55.242008793Z,20.295598,110.480469,Cloud to Ground,-30200,0,13
2026-08-30T02:12:56.467937327Z,17.35872,126.841681,Cloud to Ground,-47906,0,18
2026-08-30T02:12:56.441293374Z,17.316187,126.948915,Cloud to Ground,-45303,0,15
2026-08-30T02:12:56.454765049Z,17.345351,126.984913,Cloud to Cloud,-9558,3025,9
2026-08-30T02:12:56.570893026Z,18.071791,111.989992,Cloud to Ground,12692,0,5
2026-08-30T02:12:56.567568650Z,18.077953,111.988213,Cloud to Ground,18765,0,7
2026-08-30T02:12:55.982556679Z,20.625148,113.994867,Cloud to Cloud,-44168,3006,12
2026-08-30T02:12:56.215761687Z,20.640046,113.986712,Cloud to Ground,-27426,0,8
2026-08-30T02:12:56.330203490Z,20.63189,113.995689,Cloud to Ground,-14473,0,7
2026-08-30T02:12:56.073737542Z,20.603694,113.990861,Cloud to Cloud,15094,4980,7
2026-08-30T02:12:55.549511802Z,20.662104,113.89198,Cloud to Cloud,16385,3096,9
2026-08-30T02:12:56.043219000Z,20.6429,113.9054,Cloud to Ground,24696,0,5
2026-08-30T02:12:56.710236740Z,19.2245,114.690317,Cloud to Cloud,-22228,3189,11
2026-08-30T02:12:57.593682525Z,3.599893,112.798325,Cloud to Ground,22768,0,8
2026-08-30T02:12:57.210230348Z,20.609544,113.549669,Cloud to Ground,-13281,0,7
2026-08-30T02:12:57.327552051Z,20.458673,113.663212,Cloud to Ground,-11254,0,6
2026-08-30T02:12:57.223393150Z,20.468101,113.646051,Cloud to Cloud,-10921,3045,8
2026-08-30T02:12:57.741718216Z,20.516193,113.146526,Cloud to Cloud,-21813,3027,12
2026-08-30T02:12:58.056263758Z,20.518671,113.149766,Cloud to Cloud,-14541,17521,10
2026-08-30T02:12:57.715402344Z,20.536961,113.135399,Cloud to Cloud,6383,8309,7
2026-08-30T02:12:57.720193956Z,20.544644,113.125362,Cloud to Cloud,8678,3180,7
2026-08-30T02:13:01.976963137Z,19.217024,115.009681,Cloud to Ground,-31936,0,10
2026-08-30T02:13:02.377274820Z,19.198275,115.051292,Cloud to Cloud,-13975,13997,10
2026-08-30T02:13:02.199983468Z,19.245453,115.002793,Cloud to Cloud,10474,7311,9
2026-08-30T02:13:01.992051589Z,19.212488,115.016621,Cloud to Ground,15713,0,7
2026-08-30T02:13:01.975541514Z,19.219846,115.008898,Cloud to Ground,26154,0,8
2026-08-30T02:13:01.974314942Z,19.251803,115.008878,Cloud to Ground,37247,0,9
2026-08-30T02:13:01.644789367Z,19.00815,114.546488,Cloud to Ground,-22353,0,12
2026-08-30T02:13:01.986580749Z,19.039575,114.502781,Cloud to Cloud,-21607,5276,8
2026-08-30T02:13:02.159120638Z,19.00605,114.635392,Cloud to Cloud,-19801,3418,9
2026-08-30T02:13:01.648796530Z,18.978344,114.522949,Cloud to Cloud,-14029,3000,11
2026-08-30T02:13:02.181236090Z,19.01215,114.641773,Cloud to Ground,-13491,0,6
2026-08-30T02:13:01.645975808Z,18.985982,114.53583,Cloud to Cloud,18742,3063,11
2026-08-30T02:13:03.293784000Z,19.2783,115.2371,Cloud to Ground,-4033,0,5
2026-08-30T02:13:03.273710543Z,19.284673,115.196389,Cloud to Cloud,6943,3295,7
2026-08-30T02:13:03.337798000Z,19.2751,115.1801,Cloud to Ground,11948,0,5
2026-08-30T02:13:03.259240880Z,19.276708,115.19755,Cloud to Ground,14514,0,10
2026-08-30T02:13:04.697994210Z,19.137193,115.598615,Cloud to Ground,17310,0,9
2026-08-30T02:13:08.712114302Z,20.333808,110.47437,Cloud to Cloud,-14130,12152,10
2026-08-30T02:13:09.291850311Z,16.87349,128.627738,Cloud to Cloud,-11281,3019,15
2026-08-30T02:13:09.288245524Z,16.813534,128.676558,Cloud to Ground,78055,0,12
2026-08-30T02:13:10.670398763Z,16.9022,131.08634,Cloud to Cloud,-12043,6028,9
2026-08-30T02:13:11.079499018Z,16.887321,131.101731,Cloud to Ground,60909,0,13
2026-08-30T02:13:12.695946820Z,18.077682,112.010244,Cloud to Cloud,-10824,16806,8
2026-08-30T02:13:13.391107363Z,18.998345,114.816904,Cloud to Ground,8499,0,8
2026-08-30T02:13:13.424995420Z,19.031029,115.150057,Cloud to Cloud,-11578,3170,8
2026-08-30T02:13:13.514741049Z,20.589508,113.79196,Cloud to Ground,15299,0,9
2026-08-30T02:13:14.255151883Z,20.473095,114.82508,Cloud to Ground,30184,0,13
2026-08-30T02:13:14.211150399Z,20.457745,114.827977,Cloud to Ground,70608,0,12
2026-08-30T02:13:16.280341902Z,20.378787,112.421062,Cloud to Cloud,-14483,3077,13
2026-08-30T02:13:16.279201152Z,20.34232,112.432377,Cloud to Ground,8815,0,7
2026-08-30T02:13:16.278007654Z,20.368739,112.429277,Cloud to Ground,12452,0,7
2026-08-30T02:13:16.275516134Z,20.369292,112.429839,Cloud to Ground,15328,0,8
2026-08-30T02:13:17.899787604Z,16.745996,129.03143,Cloud to Cloud,-7851,6639,9
2026-08-30T02:13:17.995627485Z,16.787703,128.986837,Cloud to Cloud,11788,7710,11
2026-08-30T02:13:18.215130519Z,16.75333,128.903023,Cloud to Cloud,12711,3267,14
2026-08-30T02:13:18.214637000Z,16.774,128.8516,Cloud to Ground,24416,0,6
2026-08-30T02:13:17.847290395Z,16.730289,129.020677,Cloud to Ground,30196,0,13
2026-08-30T02:13:17.849066680Z,16.741104,129.044182,Cloud to Ground,33928,0,12
2026-08-30T02:13:19.599441279Z,19.12121,117.796839,Cloud to Ground,-40201,0,12
2026-08-30T02:13:19.818839989Z,19.12182,117.790163,Cloud to Ground,-31833,0,11
2026-08-30T02:13:19.917795244Z,19.123258,117.795378,Cloud to Ground,-25496,0,11
2026-08-30T02:13:19.711294833Z,19.12365,117.790603,Cloud to Ground,-18967,0,10
2026-08-30T02:13:20.065637776Z,19.117444,117.781756,Cloud to Ground,-7744,0,6
2026-08-30T02:13:19.142915696Z,19.098944,117.829148,Cloud to Cloud,8127,5872,6
2026-08-30T02:13:19.585137021Z,19.086696,117.814031,Cloud to Cloud,14564,11061,9
2026-08-30T02:13:19.606131934Z,16.739019,127.993669,Cloud to Cloud,-5870,3006,13
2026-08-30T02:13:19.596823153Z,16.736181,128.009692,Cloud to Ground,21677,0,9
2026-08-30T02:13:25.656582396Z,20.442651,113.540042,Cloud to Cloud,-63740,3024,13
2026-08-30T02:13:25.731991317Z,20.451584,113.533493,Cloud to Ground,-9214,0,6
2026-08-30T02:13:25.708700630Z,20.441782,113.539244,Cloud to Ground,55907,0,14
2026-08-30T02:13:27.803736076Z,16.499649,120.447137,Cloud to Cloud,29448,18692,9
2026-08-30T02:13:28.393307567Z,18.969785,113.996549,Cloud to Cloud,-21000,5736,12
2026-08-30T02:13:28.391427373Z,18.963615,113.995956,Cloud to Cloud,-18050,5051,14
2026-08-30T02:13:28.407400142Z,18.943538,113.999532,Cloud to Cloud,-8915,5573,11
2026-08-30T02:13:28.386854372Z,18.964313,113.971541,Cloud to Cloud,-8002,3092,7
2026-08-30T02:13:30.296639441Z,22.43793,113.241845,Cloud to Cloud,7944,3453,6
2026-08-30T02:13:31.849522019Z,3.634895,112.824442,Cloud to Ground,-10082,0,7
2026-08-30T02:13:31.564648000Z,19.242,114.5854,Cloud to Ground,35898,0,7
2026-08-30T02:13:36.187645150Z,20.518671,113.16113,Cloud to Ground,-28121,0,16
2026-08-30T02:13:36.486919882Z,19.117066,115.504273,Cloud to Ground,-30566,0,13
2026-08-30T02:13:36.647699755Z,19.109163,115.509337,Cloud to Ground,-17292,0,9
2026-08-30T02:13:36.546113422Z,19.110868,115.510892,Cloud to Ground,-16025,0,6
2026-08-30T02:13:37.562853251Z,18.087846,112.08162,Cloud to Ground,-11123,0,7
2026-08-30T02:13:37.559627695Z,18.084353,112.078403,Cloud to Cloud,-8095,13388,8
2026-08-30T02:13:37.556430448Z,18.074389,111.991576,Cloud to Cloud,9636,3431,10
2026-08-30T02:13:37.550379187Z,18.084774,112.003522,Cloud to Ground,63589,0,7
2026-08-30T02:13:39.406634859Z,17.021063,129.946035,Cloud to Cloud,-41774,4905,11
2026-08-30T02:13:39.793370220Z,16.946798,129.87437,Cloud to Ground,-31404,0,11
2026-08-30T02:13:39.412195045Z,17.027362,129.929658,Cloud to Ground,-15663,0,9
2026-08-30T02:13:39.858667315Z,16.982378,129.821796,Cloud to Cloud,-15448,6338,10
2026-08-30T02:13:39.782308865Z,17.027107,129.994734,Cloud to Ground,-12475,0,10
2026-08-30T02:13:39.410266791Z,17.017697,129.848937,Cloud to Ground,10090,0,11
2026-08-30T02:13:39.404445288Z,16.989393,129.880909,Cloud to Cloud,11729,3358,7
2026-08-30T02:13:39.917600160Z,16.971477,129.911911,Cloud to Ground,12163,0,11
2026-08-30T02:13:39.825808645Z,16.924161,129.920738,Cloud to Ground,12486,0,9
2026-08-30T02:13:40.066771115Z,16.925939,129.921292,Cloud to Ground,24824,0,10
2026-08-30T02:13:39.896825000Z,16.9797,129.8962,Cloud to Ground,29640,0,8
2026-08-30T02:13:39.405928227Z,17.025443,129.957504,Cloud to Cloud,40446,5785,16
2026-08-30T02:13:41.853675881Z,20.521822,113.648295,Cloud to Ground,-12266,0,7
2026-08-30T02:13:41.704786412Z,20.489,113.671551,Cloud to Ground,-8911,0,10
2026-08-30T02:13:41.408278725Z,20.562441,113.633932,Cloud to Cloud,-8472,3010,8
2026-08-30T02:13:41.817234778Z,20.489705,113.667824,Cloud to Ground,-6306,0,8
2026-08-30T02:13:41.789835089Z,20.462362,113.676059,Cloud to Cloud,10596,4505,11
2026-08-30T02:13:41.468286000Z,20.4998,113.6474,Cloud to Ground,26042,0,7
2026-08-30T02:13:42.032107188Z,19.08888,115.434764,Cloud to Cloud,-10585,4791,6
2026-08-30T02:13:41.990542397Z,19.200289,115.407168,Cloud to Cloud,7222,3006,8
2026-08-30T02:13:41.613350178Z,19.081308,115.507,Cloud to Cloud,8624,3011,6
2026-08-30T02:13:41.608477522Z,19.166564,115.433412,Cloud to Cloud,13161,5214,8
2026-08-30T02:13:44.814360341Z,19.210089,114.656083,Cloud to Ground,-14003,0,12
2026-08-30T02:13:45.216316430Z,19.117957,114.650428,Cloud to Cloud,-10121,3035,8
2026-08-30T02:13:44.673394508Z,19.205196,114.673536,Cloud to Cloud,-7652,12293,8
2026-08-30T02:13:45.224335391Z,19.138047,114.700506,Cloud to Cloud,8181,11396,8
2026-08-30T02:13:44.732740895Z,19.204018,114.66005,Cloud to Ground,12485,0,13
2026-08-30T02:13:44.669900573Z,19.215305,114.675262,Cloud to Ground,14108,0,12
2026-08-30T02:13:45.972268283Z,19.241482,115.09239,Cloud to Ground,-43804,0,12
2026-08-30T02:13:46.047552746Z,19.242208,115.098151,Cloud to Ground,-34947,0,13
2026-08-30T02:13:46.178921690Z,19.242186,115.09364,Cloud to Ground,-19994,0,11
2026-08-30T02:13:46.002466597Z,19.241515,115.094271,Cloud to Ground,-13535,0,9
2026-08-30T02:13:46.205482328Z,19.240958,115.092795,Cloud to Ground,-12874,0,8
2026-08-30T02:13:46.237822124Z,19.227473,115.0917,Cloud to Cloud,-12560,3002,7
2026-08-30T02:13:46.889221111Z,19.188092,114.866164,Cloud to Cloud,-26699,3028,12
2026-08-30T02:13:46.780164532Z,19.180348,114.867073,Cloud to Cloud,-21863,6490,12
2026-08-30T02:13:46.819858701Z,19.185172,114.870348,Cloud to Ground,-7993,0,7
2026-08-30T02:13:48.144413397Z,3.598119,112.782048,Cloud to Ground,12052,0,6
2026-08-30T02:13:49.883002294Z,19.091043,115.267111,Cloud to Cloud,-29172,3383,13
2026-08-30T02:13:49.899491346Z,19.107266,115.26093,Cloud to Cloud,8262,13455,6
2026-08-30T02:13:49.884205351Z,19.11523,115.164736,Cloud to Cloud,12093,4774,10
2026-08-30T02:13:51.963612198Z,16.949959,130.131165,Cloud to Cloud,-17332,5465,8
2026-08-30T02:13:51.704747913Z,17.066558,130.121344,Cloud to Cloud,-9151,18991,12
2026-08-30T02:13:51.642383488Z,17.052386,130.182872,Cloud to Cloud,8870,5739,9
2026-08-30T02:13:52.003138746Z,20.279533,110.382586,Cloud to Ground,-9847,0,6
2026-08-30T02:13:53.443120008Z,14.702962,120.844477,Cloud to Ground,-21143,0,7
2026-08-30T02:13:54.452847502Z,19.0251,114.699752,Cloud to Cloud,-8450,4256,7
2026-08-30T02:13:53.955151174Z,19.05284,114.674595,Cloud to Cloud,10341,6522,8
2026-08-30T02:13:53.967993437Z,19.027298,114.670952,Cloud to Cloud,10790,6392,8
2026-08-30T02:13:53.957233110Z,19.04044,114.680355,Cloud to Ground,21464,0,12
2026-08-30T02:13:53.166672623Z,20.326974,112.200159,Cloud to Ground,20729,0,7
2026-08-30T02:13:53.164950949Z,20.342581,112.321278,Cloud to Ground,18733,0,11
2026-08-30T02:13:55.943922433Z,20.644312,112.358399,Cloud to Ground,-236517,0,14
2026-08-30T02:13:55.907435491Z,20.616526,112.346162,Cloud to Cloud,-11733,14759,9
2026-08-30T02:13:55.879770999Z,20.638402,112.2846,Cloud to Cloud,10038,3004,8
2026-08-30T02:13:56.202723850Z,20.567343,112.187601,Cloud to Ground,-8507,0,8
2026-08-30T02:13:57.041355163Z,19.188838,114.623538,Cloud to Cloud,-15471,3477,12
2026-08-30T02:13:57.280003483Z,19.181178,114.621269,Cloud to Cloud,16357,7104,7
2026-08-30T02:13:59.481034000Z,14.9695,120.782,Cloud to Ground,-22120,0,11
2026-08-30T02:14:01.944864113Z,16.801362,130.477044,Cloud to Ground,-14610,0,12
2026-08-30T02:14:01.325910648Z,20.606782,114.507778,Cloud to Ground,-32804,0,13
2026-08-30T02:14:01.572394782Z,20.549035,114.502127,Cloud to Cloud,-12475,3025,8
2026-08-30T02:14:01.328519448Z,20.580205,114.518428,Cloud to Cloud,8585,3835,7
2026-08-30T02:14:01.326462879Z,20.578946,114.417136,Cloud to Cloud,13483,15534,8
2026-08-30T02:14:01.741917356Z,20.058203,114.955039,Cloud to Cloud,-13661,18530,8
2026-08-30T02:14:01.732849068Z,20.079765,114.955957,Cloud to Cloud,10444,3553,8
2026-08-30T02:14:01.756920558Z,20.115394,114.955178,Cloud to Cloud,13652,7340,7
2026-08-30T02:14:01.750967868Z,20.083853,114.958808,Cloud to Cloud,15290,16174,12
2026-08-30T02:14:01.748758836Z,20.166244,114.973298,Cloud to Cloud,23855,19804,14
2026-08-30T02:14:01.734641416Z,20.086776,114.965309,Cloud to Ground,43419,0,10
2026-08-30T02:14:01.570050980Z,19.251442,115.08738,Cloud to Cloud,-17505,7679,9
2026-08-30T02:14:01.690193895Z,19.205387,115.083485,Cloud to Cloud,-17190,5838,11
2026-08-30T02:14:01.580097694Z,19.2361,115.082259,Cloud to Cloud,12901,3356,8
2026-08-30T02:14:01.585361935Z,19.219451,115.100591,Cloud to Ground,13246,0,9
2026-08-30T02:14:01.229986657Z,20.341628,112.444693,Cloud to Ground,-18262,0,7
2026-08-30T02:14:01.128567816Z,20.345353,112.438006,Cloud to Ground,26944,0,10
2026-08-30T02:14:04.382328037Z,20.693736,113.968715,Cloud to Ground,-9362,0,8
2026-08-30T02:14:03.822992401Z,20.665547,113.912144,Cloud to Cloud,8786,15510,8
2026-08-30T02:14:03.818394970Z,20.682116,114.001743,Cloud to Ground,14121,0,10
2026-08-30T02:14:04.307022506Z,20.784565,113.983739,Cloud to Cloud,15349,16784,7
2026-08-30T02:14:05.832396806Z,14.927422,120.982096,Cloud to Cloud,9322,14307,8
2026-08-30T02:14:05.830424989Z,14.931265,120.97805,Cloud to Cloud,15887,3648,8
2026-08-30T02:14:05.828484077Z,14.870381,121.029418,Cloud to Ground,18110,0,12
2026-08-30T02:14:05.829292000Z,14.9887,120.8767,Cloud to Ground,3884,0,5
2026-08-30T02:14:06.328611045Z,20.569007,114.060101,Cloud to Ground,-12876,0,6
2026-08-30T02:14:06.230169076Z,20.461347,113.515412,Cloud to Cloud,-40763,19575,13
2026-08-30T02:14:05.983449246Z,20.449772,113.534,Cloud to Ground,-33146,0,14
2026-08-30T02:14:06.497810350Z,20.458941,113.530754,Cloud to Ground,-13976,0,6
2026-08-30T02:14:06.103448417Z,20.456495,113.534308,Cloud to Ground,-7724,0,7
2026-08-30T02:14:06.390157821Z,20.43866,113.481349,Cloud to Ground,11552,0,8
2026-08-30T02:14:06.240824405Z,20.448603,113.536827,Cloud to Cloud,11696,3034,7
2026-08-30T02:14:06.154974000Z,20.444,113.4822,Cloud to Ground,31538,0,10
2026-08-30T02:14:06.029071087Z,20.386955,113.528422,Cloud to Ground,32414,0,14
2026-08-30T02:14:06.319371529Z,20.456864,113.529841,Cloud to Ground,54122,0,19
2026-08-30T02:14:06.903932385Z,18.992334,115.656138,Cloud to Ground,-15345,0,8
2026-08-30T02:14:06.458483814Z,18.953935,115.594591,Cloud to Ground,35719,0,11
2026-08-30T02:14:07.699258618Z,17.305225,126.981385,Cloud to Ground,-10129,0,8
2026-08-30T02:14:07.436182038Z,17.347896,126.980327,Cloud to Cloud,8170,3013,6
2026-08-30T02:14:07.431175374Z,17.327521,127.007092,Cloud to Ground,36060,0,14
2026-08-30T02:14:07.432197537Z,17.35063,126.983002,Cloud to Ground,50997,0,18
2026-08-30T02:14:08.372852293Z,18.407154,119.480668,Cloud to Ground,-68052,0,9
2026-08-30T02:14:08.398984801Z,18.538471,119.534439,Cloud to Ground,-31307,0,12
2026-08-30T02:14:08.425516741Z,18.523769,119.52847,Cloud to Ground,-18644,0,11
2026-08-30T02:14:08.775670254Z,18.560735,119.557362,Cloud to Ground,-12549,0,7
2026-08-30T02:14:08.398388508Z,18.511024,119.548673,Cloud to Cloud,-7240,16642,7
2026-08-30T02:14:11.818525682Z,19.129881,115.234868,Cloud to Cloud,-11177,4009,7
2026-08-30T02:14:12.562571914Z,3.547118,112.712904,Cloud to Ground,15300,0,7
2026-08-30T02:14:12.468149427Z,3.68282,112.73618,Cloud to Ground,-10239,0,6
2026-08-30T02:14:12.785808556Z,18.001429,112.116852,Cloud to Ground,-61577,0,12
2026-08-30T02:14:12.903068831Z,18.002956,112.117284,Cloud to Ground,-23598,0,9
2026-08-30T02:14:13.262474514Z,18.003184,111.98662,Cloud to Cloud,-12272,3012,8
2026-08-30T02:14:13.260376383Z,17.99904,112.073515,Cloud to Ground,14092,0,7
2026-08-30T02:14:12.453534543Z,18.094471,112.087816,Cloud to Ground,14674,0,7
2026-08-30T02:14:12.491633858Z,18.088861,112.107718,Cloud to Ground,26046,0,9
2026-08-30T02:14:12.970869166Z,17.342473,120.238402,Cloud to Cloud,9899,14458,6
2026-08-30T02:14:12.972348102Z,17.257844,120.20908,Cloud to Cloud,15824,18067,11
2026-08-30T02:14:13.807949658Z,16.783982,129.21602,Cloud to Ground,-14878,0,10
2026-08-30T02:14:13.542578230Z,16.676202,129.266823,Cloud to Ground,-13297,0,7
2026-08-30T02:14:13.804712715Z,16.790962,129.254236,Cloud to Cloud,-10833,3038,6
2026-08-30T02:14:13.794430273Z,16.777351,129.239773,Cloud to Cloud,-10543,12694,5
2026-08-30T02:14:13.529729879Z,16.784461,129.214716,Cloud to Cloud,-10480,5155,9
2026-08-30T02:14:13.535894214Z,16.776053,129.223933,Cloud to Cloud,-7812,15459,6
2026-08-30T02:14:13.530262079Z,16.754518,129.224207,Cloud to Ground,19325,0,11
2026-08-30T02:14:13.530925739Z,16.78093,129.217584,Cloud to Ground,19377,0,11
2026-08-30T02:14:13.238708000Z,3.6345,112.7679,Cloud to Ground,15576,0,6
2026-08-30T02:14:14.166644111Z,16.733773,129.071941,Cloud to Cloud,-12694,17721,8
2026-08-30T02:14:14.259589727Z,22.568273,113.201306,Cloud to Cloud,-9932,3058,7
2026-08-30T02:14:15.466006542Z,17.072564,129.412729,Cloud to Cloud,2480,3650,8
2026-08-30T02:14:15.533916331Z,17.099325,129.451935,Cloud to Cloud,13301,3655,9
2026-08-30T02:14:15.325667631Z,17.054472,129.556504,Cloud to Ground,-15369,0,9
2026-08-30T02:14:15.307333597Z,17.074829,129.585845,Cloud to Cloud,-11297,3170,9
2026-08-30T02:14:14.456873482Z,17.089166,129.613332,Cloud to Cloud,-4670,4097,6
2026-08-30T02:14:14.226788312Z,17.083346,129.612586,Cloud to Cloud,4931,3022,7
2026-08-30T02:14:15.500546565Z,17.078357,129.584227,Cloud to Cloud,8370,7132,12
2026-08-30T02:14:15.153499647Z,17.103263,129.592032,Cloud to Ground,11160,0,6
2026-08-30T02:14:15.016754902Z,19.238559,115.246668,Cloud to Ground,-22583,0,16
2026-08-30T02:14:15.052525626Z,19.23822,115.252415,Cloud to Ground,-13988,0,8
2026-08-30T02:14:15.017294803Z,19.20857,115.192204,Cloud to Cloud,-9939,10755,11
2026-08-30T02:14:15.142501341Z,19.226342,115.247203,Cloud to Cloud,-8391,4130,6
2026-08-30T02:14:16.946449130Z,17.042945,129.621845,Cloud to Cloud,-21366,7711,12
2026-08-30T02:14:17.014332010Z,17.120477,129.578562,Cloud to Cloud,-14603,19420,8
2026-08-30T02:14:17.358473932Z,17.230165,129.374658,Cloud to Ground,20459,0,12
2026-08-30T02:14:17.043965358Z,17.248949,129.202696,Cloud to Cloud,22524,3655,17
2026-08-30T02:14:17.491789549Z,20.291699,110.356171,Cloud to Cloud,-12922,11760,8
2026-08-30T02:14:17.607510507Z,20.294417,110.349135,Cloud to Ground,9695,0,6
2026-08-30T02:14:17.368280820Z,20.298372,110.325346,Cloud to Ground,18149,0,10
2026-08-30T02:14:17.449905672Z,20.296836,110.359207,Cloud to Ground,29401,0,10
2026-08-30T02:14:17.818975000Z,20.3376,110.4594,Cloud to Ground,61858,0,7
2026-08-30T02:14:17.837756005Z,19.201762,114.72356,Cloud to Cloud,8499,8083,7
2026-08-30T02:14:17.824277196Z,19.20278,114.69073,Cloud to Cloud,33797,19238,14
2026-08-30T02:14:18.134111000Z,20.0508,114.6936,Cloud to Ground,-12480,0,5
2026-08-30T02:14:17.906821666Z,20.049287,114.719905,Cloud to Cloud,10551,4758,7
2026-08-30T02:14:17.945120000Z,20.0086,114.6739,Cloud to Ground,65918,0,6
2026-08-30T02:14:21.137859000Z,17.0811,130.1372,Cloud to Ground,-10166,0,5
2026-08-30T02:14:23.442475897Z,19.174104,114.896664,Cloud to Cloud,-10727,3002,7
2026-08-30T02:14:24.338654769Z,16.435707,130.445354,Cloud to Cloud,17325,3153,8
2026-08-30T02:14:24.335971389Z,16.639263,130.241071,Cloud to Cloud,11362,18916,12
2026-08-30T02:14:24.340637196Z,16.623102,130.225257,Cloud to Cloud,12501,3051,11
2026-08-30T02:14:24.337293422Z,16.638592,130.363251,Cloud to Cloud,-10444,3077,7
2026-08-30T02:14:24.652618795Z,16.633123,130.353353,Cloud to Cloud,7092,3902,8
2026-08-30T02:14:25.800991761Z,20.356736,112.56746,Cloud to Cloud,-14786,6793,7
2026-08-30T02:14:25.801562288Z,20.360581,112.557727,Cloud to Ground,14214,0,9
2026-08-30T02:14:26.965816047Z,20.599849,113.572407,Cloud to Ground,31032,0,10
2026-08-30T02:14:27.802448766Z,18.986839,114.536312,Cloud to Cloud,-13120,3408,8
2026-08-30T02:14:27.642888324Z,18.981982,114.564633,Cloud to Ground,20487,0,7
2026-08-30T02:14:27.411988862Z,18.944186,113.934123,Cloud to Cloud,-8358,3003,10
2026-08-30T02:14:27.358014137Z,18.812946,113.81318,Cloud to Cloud,12327,3021,9
2026-08-30T02:14:27.091847873Z,20.456475,113.658113,Cloud to Cloud,-11204,9883,10
2026-08-30T02:14:27.119107623Z,20.471372,113.660263,Cloud to Ground,-10833,0,8
2026-08-30T02:14:27.227719228Z,20.451436,113.55352,Cloud to Ground,14245,0,9
2026-08-30T02:14:27.837628040Z,16.88903,128.632291,Cloud to Ground,-60475,0,12
2026-08-30T02:14:27.836059110Z,16.878834,128.582101,Cloud to Cloud,-21819,9038,7
2026-08-30T02:14:28.251647786Z,16.868355,128.574047,Cloud to Cloud,-8868,7342,15
2026-08-30T02:14:27.834136020Z,16.814984,128.65239,Cloud to Cloud,23107,5925,8
2026-08-30T02:14:28.580016372Z,14.641523,120.834875,Cloud to Cloud,-14272,3447,8
2026-08-30T02:14:28.541882749Z,14.669716,120.808426,Cloud to Cloud,4420,17344,6
2026-08-30T02:14:28.537441432Z,14.677353,120.814051,Cloud to Cloud,13094,7916,9
2026-08-30T02:14:28.542624593Z,14.642604,120.8565,Cloud to Ground,21732,0,9
2026-08-30T02:14:29.625656283Z,18.99642,114.015707,Cloud to Cloud,-8648,3569,8
2026-08-30T02:14:34.569274566Z,17.70668,120.016159,Cloud to Ground,-57817,0,11
2026-08-30T02:14:34.641492379Z,17.719007,120.004133,Cloud to Ground,-20771,0,11
2026-08-30T02:14:34.728938779Z,17.70839,120.000786,Cloud to Ground,-19249,0,7
2026-08-30T02:14:37.425205929Z,20.326388,110.458259,Cloud to Ground,24277,0,7
2026-08-30T02:14:42.324944358Z,17.912597,111.841914,Cloud to Cloud,-23290,13758,11
2026-08-30T02:14:41.959131023Z,17.925603,111.973968,Cloud to Ground,-6654,0,8
2026-08-30T02:14:41.951895616Z,17.91654,111.902984,Cloud to Ground,7589,0,8
2026-08-30T02:14:41.954101000Z,17.8454,111.7432,Cloud to Ground,20641,0,6
2026-08-30T02:14:42.806533013Z,18.984071,118.75,Cloud to Cloud,-5666,17196,7
2026-08-30T02:14:42.918135873Z,19.310047,118.058846,Cloud to Cloud,34464,17575,9
2026-08-30T02:14:42.184312880Z,18.775274,118.732413,Cloud to Cloud,5832,7331,6
2026-08-30T02:14:42.074864022Z,18.778073,118.74174,Cloud to Cloud,6332,14662,6
2026-08-30T02:14:42.099294402Z,18.84006,118.787376,Cloud to Cloud,12147,7706,7
2026-08-30T02:14:42.494511934Z,18.812231,118.799409,Cloud to Cloud,14159,16608,8
2026-08-30T02:14:42.071075960Z,18.774961,118.744002,Cloud to Cloud,18752,16373,9
2026-08-30T02:14:42.533960447Z,18.708331,118.777116,Cloud to Cloud,25982,18964,12
2026-08-30T02:14:48.120112500Z,19.195329,114.670163,Cloud to Cloud,-13532,15688,9
2026-08-30T02:14:48.273082996Z,19.203895,114.687173,Cloud to Ground,-12661,0,10
2026-08-30T02:14:48.060854296Z,19.192094,114.66829,Cloud to Cloud,-12597,3017,12
2026-08-30T02:14:48.596821319Z,19.215599,114.637317,Cloud to Cloud,-12586,19780,8
2026-08-30T02:14:48.897952732Z,18.534987,119.547132,Cloud to Ground,-58405,0,9
2026-08-30T02:14:48.925665386Z,18.540195,119.553628,Cloud to Ground,-31386,0,10
2026-08-30T02:14:49.158559141Z,18.539726,119.556973,Cloud to Ground,-22675,0,12
2026-08-30T02:14:48.940389408Z,18.540209,119.554636,Cloud to Ground,-15782,0,8
2026-08-30T02:14:49.291833929Z,18.538954,119.555476,Cloud to Ground,-9326,0,9
2026-08-30T02:14:49.375642913Z,18.538947,119.547866,Cloud to Ground,-7564,0,6
2026-08-30T02:14:51.684086047Z,3.78835,112.376583,Cloud to Ground,-16002,0,9
2026-08-30T02:14:52.092739908Z,19.226354,115.264399,Cloud to Ground,-20871,0,14
2026-08-30T02:14:52.115037082Z,19.228965,115.266245,Cloud to Ground,-6398,0,7
2026-08-30T02:14:52.437615403Z,19.238813,115.244841,Cloud to Cloud,8372,16288,10
2026-08-30T02:14:52.023679426Z,20.33095,110.523299,Cloud to Ground,-14330,0,7
2026-08-30T02:14:52.259938574Z,20.321125,110.414366,Cloud to Cloud,-6849,3312,8
2026-08-30T02:14:54.760376591Z,20.585966,113.505231,Cloud to Ground,32227,0,8
2026-08-30T02:14:54.443614121Z,20.437972,113.471208,Cloud to Ground,14874,0,13
2026-08-30T02:14:54.446567000Z,20.4524,113.4656,Cloud to Ground,31385,0,6
2026-08-30T02:14:54.439916485Z,19.033733,114.686917,Cloud to Cloud,-18976,3033,11
2026-08-30T02:14:54.404857585Z,19.069453,114.734827,Cloud to Ground,-8105,0,6
2026-08-30T02:14:54.401352336Z,19.077407,114.745187,Cloud to Cloud,-7085,3012,11
2026-08-30T02:14:54.516147182Z,19.049688,114.756286,Cloud to Cloud,11322,14555,7
2026-08-30T02:14:54.847083351Z,15.370287,120.436334,Cloud to Cloud,6834,16662,6
2026-08-30T02:14:54.798210164Z,15.288577,120.417879,Cloud to Cloud,12610,3054,8
2026-08-30T02:14:55.824011311Z,16.732377,130.444909,Cloud to Ground,-22304,0,15
2026-08-30T02:14:57.027616155Z,20.592169,113.891446,Cloud to Ground,-99823,0,15
2026-08-30T02:14:57.036879787Z,20.571499,113.901771,Cloud to Cloud,-9683,3014,7
2026-08-30T02:14:57.036237962Z,20.58966,113.884155,Cloud to Cloud,8635,7395,8
2026-08-30T02:14:57.028705436Z,20.593955,113.895611,Cloud to Cloud,25077,3032,8
2026-08-30T02:14:57.026124440Z,20.591131,113.888675,Cloud to Ground,33119,0,13
2026-08-30T02:14:57.025719692Z,20.593326,113.903454,Cloud to Ground,44066,0,13
2026-08-30T02:14:57.012359046Z,20.510271,113.213534,Cloud to Cloud,7092,3768,9
2026-08-30T02:15:01.557449477Z,18.088879,111.987035,Cloud to Ground,-9686,0,7
2026-08-30T02:15:01.563107776Z,18.034837,111.998615,Cloud to Cloud,-7605,11961,7
2026-08-30T02:15:02.290397575Z,20.526391,114.112439,Cloud to Cloud,8685,4900,7
2026-08-30T02:15:02.320285555Z,20.657472,114.17058,Cloud to Cloud,17499,19300,10
2026-08-30T02:15:05.439729300Z,20.072521,114.965113,Cloud to Cloud,-8870,3070,8
2026-08-30T02:15:05.643740178Z,20.103029,114.990486,Cloud to Ground,19902,0,9
2026-08-30T02:15:08.263489501Z,20.607458,113.087802,Cloud to Cloud,-12494,14098,8
2026-08-30T02:15:08.269334553Z,20.573947,113.107844,Cloud to Cloud,-10353,6151,7
2026-08-30T02:15:08.255769857Z,20.560791,113.107657,Cloud to Cloud,-8919,17801,7
2026-08-30T02:15:08.286502285Z,20.54782,113.060245,Cloud to Ground,9038,0,8
2026-08-30T02:15:08.275047559Z,20.581964,113.064971,Cloud to Ground,36839,0,13
2026-08-30T02:15:09.019651787Z,3.647791,112.797443,Cloud to Ground,-10216,0,7
2026-08-30T02:15:09.009280921Z,3.575204,112.792682,Cloud to Ground,-8068,0,5
2026-08-30T02:15:09.909450846Z,20.444132,114.21582,Cloud to Cloud,9994,8005,10
2026-08-30T02:15:12.801021044Z,14.949733,120.938109,Cloud to Cloud,18928,14856,7
2026-08-30T02:15:13.073022483Z,22.414061,113.240508,Cloud to Cloud,-16767,7836,9
2026-08-30T02:15:13.417183099Z,22.453733,113.239103,Cloud to Cloud,-9488,3002,6
2026-08-30T02:15:14.245183297Z,14.681927,120.863241,Cloud to Cloud,-77061,18423,14
2026-08-30T02:15:14.379483722Z,14.674647,120.854053,Cloud to Ground,-31412,0,10
2026-08-30T02:15:14.321263130Z,14.673579,120.850412,Cloud to Ground,-31108,0,10
2026-08-30T02:15:14.481064673Z,14.661994,120.86338,Cloud to Ground,-26793,0,12
2026-08-30T02:15:14.344802253Z,14.672249,120.848673,Cloud to Ground,-24970,0,10
2026-08-30T02:15:14.581954183Z,14.675638,120.852407,Cloud to Ground,-23631,0,11
2026-08-30T02:15:14.407903106Z,14.677345,120.851983,Cloud to Ground,-18075,0,12
2026-08-30T02:15:14.280151051Z,14.674711,120.851704,Cloud to Ground,-15569,0,11
2026-08-30T02:15:14.640195080Z,14.675008,120.851624,Cloud to Ground,-14752,0,10
2026-08-30T02:15:14.526207000Z,14.6804,120.8218,Cloud to Ground,-14042,0,5
2026-08-30T02:15:14.232818026Z,14.621279,120.89383,Cloud to Cloud,-12378,5252,7
2026-08-30T02:15:18.714455135Z,19.243915,115.121862,Cloud to Ground,-51380,0,8
2026-08-30T02:15:18.797965306Z,19.26107,115.120078,Cloud to Ground,-36947,0,10
2026-08-30T02:15:19.312183944Z,19.259953,115.11941,Cloud to Ground,-11328,0,8
2026-08-30T02:15:19.251859781Z,19.259061,115.120973,Cloud to Ground,-9545,0,6
2026-08-30T02:15:18.899878000Z,19.3843,115.1266,Cloud to Ground,35916,0,5
2026-08-30T02:15:19.925552344Z,3.63351,112.849854,Cloud to Ground,27939,0,12
2026-08-30T02:15:20.560203950Z,19.834345,115.668228,Cloud to Ground,27523,0,10
2026-08-30T02:15:20.561457117Z,19.755577,115.651612,Cloud to Ground,40419,0,9
2026-08-30T02:15:21.954741108Z,20.476135,113.524799,Cloud to Cloud,-16924,4615,7
2026-08-30T02:15:22.343355455Z,20.486279,113.470661,Cloud to Ground,-9417,0,13
2026-08-30T02:15:23.731436333Z,18.998007,114.547555,Cloud to Ground,-50638,0,12
2026-08-30T02:15:23.730077078Z,19.012085,114.538901,Cloud to Cloud,-15646,3048,9
2026-08-30T02:15:26.583242011Z,14.807066,133.928502,Cloud to Ground,24220,0,18
2026-08-30T02:15:26.582797755Z,14.808135,133.93449,Cloud to Ground,27380,0,17
2026-08-30T02:15:26.191401186Z,16.678097,129.055262,Cloud to Ground,-59991,0,15
2026-08-30T02:15:26.230796541Z,16.705267,129.058846,Cloud to Ground,-56830,0,12
2026-08-30T02:15:26.351078392Z,16.729842,128.967332,Cloud to Cloud,-34794,18441,14
2026-08-30T02:15:26.297620968Z,16.694941,128.863944,Cloud to Ground,-26775,0,22
2026-08-30T02:15:26.210933743Z,16.713316,128.894701,Cloud to Ground,-21556,0,23
2026-08-30T02:15:26.665380287Z,16.782869,128.964286,Cloud to Cloud,-17436,3504,7
2026-08-30T02:15:26.606023085Z,16.731858,129.042995,Cloud to Ground,-16360,0,11
2026-08-30T02:15:26.366802490Z,16.741422,129.045553,Cloud to Cloud,-12949,4201,9
2026-08-30T02:15:26.362348307Z,16.777228,128.926121,Cloud to Ground,15976,0,9
2026-08-30T02:15:26.812747220Z,20.305958,110.455027,Cloud to Cloud,-31105,3011,12
2026-08-30T02:15:26.689871621Z,20.310996,110.48567,Cloud to Ground,-29185,0,12
2026-08-30T02:15:26.894099715Z,20.370133,110.439854,Cloud to Ground,17579,0,6
2026-08-30T02:15:27.028280000Z,20.3384,110.4196,Cloud to Ground,29854,0,5
2026-08-30T02:15:27.777527160Z,19.107179,115.168121,Cloud to Ground,15812,0,9
2026-08-30T02:15:27.907939366Z,19.095953,115.279241,Cloud to Cloud,-10993,6256,7
2026-08-30T02:15:27.830021603Z,19.124383,115.271531,Cloud to Cloud,-10742,5830,9
2026-08-30T02:15:27.791235968Z,19.199969,115.296558,Cloud to Cloud,13693,3058,8
2026-08-30T02:15:27.751587361Z,19.117336,115.283282,Cloud to Cloud,17189,11145,9
2026-08-30T02:15:27.804436648Z,19.086111,115.279055,Cloud to Ground,28547,0,10
2026-08-30T02:15:27.792225345Z,19.116146,115.275117,Cloud to Ground,64685,0,19
2026-08-30T02:15:28.290771767Z,16.621656,129.83076,Cloud to Cloud,-19239,3209,12
2026-08-30T02:15:29.429239687Z,17.212733,127.093206,Cloud to Cloud,-21420,3136,12
2026-08-30T02:15:29.826783102Z,17.289525,127.127858,Cloud to Cloud,-10462,3025,7
2026-08-30T02:15:29.460468810Z,17.283604,127.064011,Cloud to Cloud,10972,18858,7
2026-08-30T02:15:30.045679954Z,20.512092,114.631886,Cloud to Cloud,-9056,11208,11
2026-08-30T02:15:30.017793296Z,20.513295,114.628943,Cloud to Cloud,12116,3940,12
2026-08-30T02:15:30.015315063Z,20.528909,114.630911,Cloud to Cloud,44294,3038,11
2026-08-30T02:15:30.016379340Z,20.519308,114.514534,Cloud to Ground,16280,0,8
2026-08-30T02:15:33.607072511Z,20.36208,112.410253,Cloud to Cloud,-18594,3008,11
2026-08-30T02:15:33.604718355Z,20.333861,112.341046,Cloud to Ground,21798,0,9
2026-08-30T02:15:33.602503529Z,20.350328,112.424315,Cloud to Ground,28099,0,11
2026-08-30T02:15:33.054052934Z,19.022438,114.051618,Cloud to Cloud,-29831,5174,15
2026-08-30T02:15:33.006545747Z,20.557719,114.467781,Cloud to Cloud,9102,17881,6
2026-08-30T02:15:33.242546045Z,20.50812,113.679233,Cloud to Cloud,-11827,3056,11
2026-08-30T02:15:33.213477289Z,20.498924,113.666786,Cloud to Cloud,8055,3004,7
2026-08-30T02:15:33.259029990Z,20.484126,113.669452,Cloud to Cloud,9837,3070,9
2026-08-30T02:15:33.567179351Z,20.447816,113.511876,Cloud to Cloud,-8346,3057,8
2026-08-30T02:15:34.453623501Z,14.801728,121.072941,Cloud to Cloud,4994,19792,6
2026-08-30T02:15:34.816396038Z,20.567584,112.658873,Cloud to Ground,-14533,0,6
2026-08-30T02:15:34.872087640Z,20.564519,112.694164,Cloud to Ground,18810,0,9
2026-08-30T02:15:36.238732703Z,3.643974,112.805497,Cloud to Ground,-7846,0,6
2026-08-30T02:15:36.291281441Z,19.30268,118.095702,Cloud to Cloud,8948,10587,6
2026-08-30T02:15:38.773310027Z,16.748996,129.234476,Cloud to Cloud,-14686,3039,8
2026-08-30T02:15:39.905592307Z,3.628563,112.794357,Cloud to Ground,7187,0,7
2026-08-30T02:15:40.604616943Z,18.778563,118.783981,Cloud to Cloud,5119,5311,6
2026-08-30T02:15:40.591389425Z,18.783548,118.76515,Cloud to Cloud,19559,14329,10
2026-08-30T02:15:41.679467072Z,14.69286,120.849328,Cloud to Ground,-14676,0,12
2026-08-30T02:15:42.005279933Z,14.692788,120.851712,Cloud to Ground,-13986,0,12
2026-08-30T02:15:42.132359528Z,14.694381,120.850722,Cloud to Ground,-13703,0,10
2026-08-30T02:15:41.619692116Z,14.632568,120.893606,Cloud to Cloud,-13161,4474,9
2026-08-30T02:15:42.063015142Z,14.696629,120.849955,Cloud to Ground,-12706,0,10
2026-08-30T02:15:41.939432807Z,14.694084,120.847469,Cloud to Ground,-12180,0,11
2026-08-30T02:15:42.151126601Z,14.695158,120.850266,Cloud to Ground,-11809,0,9
2026-08-30T02:15:41.895771983Z,14.695662,120.851916,Cloud to Ground,-7713,0,8
2026-08-30T02:15:41.725425002Z,14.695654,120.943871,Cloud to Cloud,-7213,15738,6
2026-08-30T02:15:41.637961000Z,14.7046,120.9035,Cloud to Ground,-3322,0,6
2026-08-30T02:15:41.870131000Z,14.6822,120.7296,Cloud to Ground,-11139,0,10
2026-08-30T02:15:42.608002061Z,7.440447,113.878894,Cloud to Cloud,-25608,3009,9
2026-08-30T02:15:42.640032630Z,7.437204,113.891036,Cloud to Ground,20307,0,14
2026-08-30T02:15:42.462332062Z,16.937208,131.007185,Cloud to Ground,-97290,0,24
2026-08-30T02:15:42.493862915Z,16.879092,131.032578,Cloud to Cloud,-17192,3046,11
2026-08-30T02:15:42.463587634Z,16.879667,131.022417,Cloud to Ground,-16717,0,11
2026-08-30T02:15:42.460746160Z,16.838502,131.046625,Cloud to Ground,-15313,0,8
2026-08-30T02:15:42.474418599Z,16.880208,131.019892,Cloud to Cloud,-15247,6178,12
2026-08-30T02:15:42.466436653Z,16.874644,131.02053,Cloud to Ground,-12842,0,11
2026-08-30T02:15:42.985043524Z,16.834586,131.079734,Cloud to Ground,-10726,0,8
2026-08-30T02:15:42.463097718Z,16.872163,131.045681,Cloud to Cloud,8766,5032,11
2026-08-30T02:15:42.986343711Z,16.837896,131.07349,Cloud to Ground,17237,0,12
2026-08-30T02:15:42.483684102Z,19.036595,115.175541,Cloud to Ground,-13769,0,10
2026-08-30T02:15:42.437913423Z,19.086788,115.165879,Cloud to Cloud,8321,3006,7
2026-08-30T02:15:42.424979023Z,19.090764,115.163153,Cloud to Cloud,8724,18723,7
2026-08-30T02:15:42.230743393Z,19.074425,115.162248,Cloud to Ground,11430,0,11
2026-08-30T02:15:42.560024652Z,18.502493,119.563607,Cloud to Cloud,5873,4266,6
2026-08-30T02:15:42.417093381Z,20.383874,112.499135,Cloud to Cloud,-11496,7848,7
2026-08-30T02:15:43.139671635Z,3.751466,112.351367,Cloud to Ground,20209,0,6
2026-08-30T02:15:44.412614480Z,14.873638,121.050128,Cloud to Cloud,11461,6848,10
2026-08-30T02:15:47.935937860Z,16.630206,130.394912,Cloud to Cloud,-11261,17647,8
2026-08-30T02:15:48.122463261Z,16.603106,130.405903,Cloud to Cloud,16873,3242,12
2026-08-30T02:15:49.083963868Z,3.697965,112.805896,Cloud to Ground,-11599,0,7
2026-08-30T02:15:49.628685640Z,19.238153,114.685551,Cloud to Cloud,-25419,6793,14
2026-08-30T02:15:49.654603484Z,19.227796,114.697724,Cloud to Cloud,-12490,7446,9
2026-08-30T02:15:49.662356988Z,19.209269,114.705895,Cloud to Cloud,-12314,16360,8
2026-08-30T02:15:49.802095670Z,19.217591,114.690102,Cloud to Ground,-10378,0,6
2026-08-30T02:15:50.049363766Z,19.206616,114.708459,Cloud to Cloud,-9249,16601,6
2026-08-30T02:15:49.672357366Z,19.226151,114.697551,Cloud to Cloud,-9008,3010,7
2026-08-30T02:15:49.677377086Z,19.214528,114.691952,Cloud to Cloud,9676,3025,8
2026-08-30T02:15:49.815251060Z,19.208416,114.666848,Cloud to Cloud,11208,6985,5
2026-08-30T02:15:49.605026113Z,19.231086,114.684143,Cloud to Ground,15556,0,10
2026-08-30T02:15:49.600427360Z,19.24639,114.690043,Cloud to Ground,29467,0,8
2026-08-30T02:15:50.218295808Z,20.658919,114.025684,Cloud to Ground,-64278,0,16
2026-08-30T02:15:51.815314969Z,20.530991,113.171378,Cloud to Cloud,-11900,9589,9
2026-08-30T02:15:51.333813678Z,20.528004,113.167804,Cloud to Cloud,-8436,3347,7
2026-08-30T02:15:51.521946667Z,20.504472,113.080576,Cloud to Cloud,12836,5754,7
2026-08-30T02:15:51.325132822Z,20.53823,113.16443,Cloud to Cloud,15144,3056,12
2026-08-30T02:15:52.752299137Z,18.08887,112.075858,Cloud to Ground,-11871,0,6
2026-08-30T02:15:52.756518977Z,18.067833,112.114301,Cloud to Ground,-7957,0,8
2026-08-30T02:15:52.746519630Z,18.095791,112.108421,Cloud to Ground,13339,0,7
2026-08-30T02:15:52.792792645Z,18.085756,112.009243,Cloud to Ground,21673,0,7
2026-08-30T02:15:52.247203973Z,19.077248,115.292732,Cloud to Cloud,-12635,3022,9
2026-08-30T02:15:52.241093777Z,19.105767,115.28123,Cloud to Ground,21985,0,11
2026-08-30T02:15:57.348222758Z,20.28632,110.390735,Cloud to Cloud,-8125,10027,5
2026-08-30T02:16:01.160796450Z,14.845286,120.275514,Cloud to Cloud,-10571,18760,7
2026-08-30T02:16:01.164312328Z,14.827127,120.286512,Cloud to Cloud,4998,11442,7
2026-08-30T02:16:01.097027948Z,14.793056,120.327796,Cloud to Cloud,13558,15859,8
2026-08-30T02:16:01.298246754Z,22.464343,113.229426,Cloud to Ground,-13073,0,8
2026-08-30T02:16:00.979624617Z,22.485405,113.228149,Cloud to Cloud,-10365,18395,8
2026-08-30T02:16:03.171714963Z,16.639276,129.075534,Cloud to Cloud,-12763,11921,10
2026-08-30T02:16:04.079280063Z,19.008457,114.571166,Cloud to Ground,-20343,0,11
2026-08-30T02:16:04.174084483Z,20.036846,114.965888,Cloud to Cloud,8340,3023,8
2026-08-30T02:16:05.689955626Z,22.575025,113.213317,Cloud to Ground,-11807,0,12
2026-08-30T02:16:05.543864025Z,22.52304,113.265563,Cloud to Ground,12410,0,7
2026-08-30T02:16:06.111787349Z,20.556089,114.021627,Cloud to Ground,-36345,0,12
2026-08-30T02:16:06.019612456Z,20.577089,113.974659,Cloud to Cloud,-16026,3002,10
2026-08-30T02:16:05.917647604Z,20.585171,113.933168,Cloud to Cloud,-9197,18476,6
2026-08-30T02:16:05.771994960Z,20.584598,113.984954,Cloud to Cloud,8395,3124,7
2026-08-30T02:16:05.774730699Z,20.573672,113.989043,Cloud to Ground,26038,0,12
2026-08-30T02:16:08.872053732Z,20.504374,113.69057,Cloud to Ground,-20542,0,7
2026-08-30T02:16:08.799850668Z,20.489772,113.669802,Cloud to Cloud,-19836,3048,8
2026-08-30T02:16:08.835719028Z,20.505928,113.687821,Cloud to Ground,-11289,0,12
2026-08-30T02:16:10.771059244Z,18.06081,112.095597,Cloud to Ground,-7728,0,7
2026-08-30T02:16:10.752437632Z,18.011242,112.079139,Cloud to Cloud,5164,12566,5
2026-08-30T02:16:10.665831451Z,18.044686,112.046854,Cloud to Cloud,5777,4045,7
2026-08-30T02:16:11.082725328Z,19.194369,114.669766,Cloud to Cloud,-10517,7671,8
2026-08-30T02:16:10.660208380Z,19.173662,114.645409,Cloud to Cloud,-9285,12676,8
2026-08-30T02:16:12.507668116Z,16.731345,130.362646,Cloud to Cloud,13376,3880,10
2026-08-30T02:16:12.505507839Z,16.731726,130.342318,Cloud to Cloud,14588,3199,13
2026-08-30T02:16:12.574294495Z,16.807177,130.484757,Cloud to Cloud,-11639,6786,12
2026-08-30T02:16:12.559324309Z,16.740745,130.501743,Cloud to Cloud,-11293,11106,7
2026-08-30T02:16:12.859657296Z,16.716501,130.511387,Cloud to Cloud,11039,4081,9
2026-08-30T02:16:13.209642242Z,14.706463,120.896832,Cloud to Ground,-18095,0,10
2026-08-30T02:16:13.114591807Z,14.704834,120.905241,Cloud to Ground,-15021,0,10
2026-08-30T02:16:14.613313567Z,3.688804,112.821004,Cloud to Ground,21753,0,10
2026-08-30T02:16:16.665873463Z,20.527102,114.16075,Cloud to Cloud,-9000,3011,8
2026-08-30T02:16:16.250261799Z,20.547485,114.149044,Cloud to Cloud,12166,19250,9
2026-08-30T02:16:16.251689624Z,20.543516,114.085732,Cloud to Ground,20073,0,10
2026-08-30T02:16:17.718275543Z,18.983225,114.037645,Cloud to Cloud,-8359,3015,6
2026-08-30T02:16:17.536033448Z,18.969634,114.043306,Cloud to Cloud,10612,5824,10
2026-08-30T02:16:19.524543027Z,20.304307,110.534071,Cloud to Ground,-28694,0,13
2026-08-30T02:16:19.525931457Z,20.283461,110.445386,Cloud to Cloud,8864,11224,10
2026-08-30T02:16:19.882776789Z,19.209314,114.790376,Cloud to Cloud,15638,3011,11
2026-08-30T02:16:20.364845113Z,19.118082,114.868488,Cloud to Cloud,-7565,3005,9
2026-08-30T02:16:20.375991087Z,19.176995,114.907553,Cloud to Cloud,7371,14047,6
2026-08-30T02:16:19.865023749Z,19.195584,114.906512,Cloud to Cloud,8283,3057,6
2026-08-30T02:16:20.363195944Z,19.176381,114.9084,Cloud to Ground,9063,0,9
2026-08-30T02:16:20.376805341Z,19.180666,114.915854,Cloud to Cloud,9175,8316,7
2026-08-30T02:16:22.205764974Z,18.801426,118.766529,Cloud to Cloud,-5341,15545,7
2026-08-30T02:16:23.962835332Z,20.450786,114.165281,Cloud to Cloud,-6503,3022,7
2026-08-30T02:16:25.528218812Z,15.414348,120.501898,Cloud to Ground,-26083,0,8
2026-08-30T02:16:26.702625994Z,20.531,113.162012,Cloud to Cloud,-17784,3110,10
2026-08-30T02:16:29.234574558Z,16.625247,129.609834,Cloud to Cloud,-29653,7764,16
2026-08-30T02:16:29.236240111Z,16.631694,129.621898,Cloud to Cloud,-9970,5239,13
2026-08-30T02:16:29.264984430Z,16.630988,129.563937,Cloud to Cloud,-6078,6485,7
2026-08-30T02:16:29.538507053Z,16.596736,129.636202,Cloud to Cloud,10132,8006,6
2026-08-30T02:16:30.829602046Z,20.283752,112.471525,Cloud to Cloud,-24979,3072,8
2026-08-30T02:16:30.832993822Z,20.344795,112.456263,Cloud to Cloud,-10740,3020,10
2026-08-30T02:16:30.877875303Z,20.331783,112.359894,Cloud to Cloud,-9448,3008,8
2026-08-30T02:16:30.826344535Z,20.358592,112.450561,Cloud to Ground,22218,0,10
2026-08-30T02:16:30.827662127Z,20.342549,112.367483,Cloud to Ground,23816,0,12
2026-08-30T02:16:30.057415945Z,19.024794,114.67078,Cloud to Cloud,-14237,18241,12
2026-08-30T02:16:30.074543177Z,19.01776,114.673345,Cloud to Cloud,-12016,11699,9
2026-08-30T02:16:30.059702879Z,19.056275,114.640581,Cloud to Cloud,-8112,3113,8
2026-08-30T02:16:30.051973873Z,18.995262,114.660572,Cloud to Cloud,7930,3012,7
2026-08-30T02:16:30.053201976Z,19.025048,114.663543,Cloud to Ground,19844,0,14
2026-08-30T02:16:31.792252615Z,18.077885,112.039379,Cloud to Ground,-10330,0,8
2026-08-30T02:16:33.487830529Z,16.880505,128.510773,Cloud to Ground,11420,0,13
2026-08-30T02:16:33.492339941Z,16.908138,128.631892,Cloud to Cloud,-16439,7114,8
2026-08-30T02:16:33.527919381Z,16.862747,128.646103,Cloud to Cloud,-13675,14888,13
2026-08-30T02:16:33.510051272Z,16.887927,128.646236,Cloud to Cloud,-7098,18830,9
2026-08-30T02:16:33.483264709Z,16.814536,128.672549,Cloud to Cloud,15130,3052,11
2026-08-30T02:16:33.483921918Z,16.889729,128.643665,Cloud to Ground,33827,0,11
2026-08-30T02:16:34.505334533Z,22.432922,113.165434,Cloud to Cloud,-7319,15362,6
2026-08-30T02:16:35.289240538Z,3.60943,112.794731,Cloud to Ground,-12509,0,7
2026-08-30T02:16:36.433137840Z,16.896353,131.198762,Cloud to Cloud,-12533,14966,8
2026-08-30T02:16:36.756234919Z,20.557353,113.14842,Cloud to Cloud,-14540,3007,7
2026-08-30T02:16:37.027919580Z,20.568833,113.153861,Cloud to Ground,-8262,0,7
2026-08-30T02:16:37.319445682Z,20.531453,113.11398,Cloud to Cloud,5846,4906,9
2026-08-30T02:16:36.755661950Z,20.584393,113.059484,Cloud to Ground,9271,0,8
2026-08-30T02:16:36.763483834Z,20.549847,113.174595,Cloud to Ground,12297,0,10
2026-08-30T02:16:36.754783329Z,20.572313,113.161222,Cloud to Ground,15494,0,8
2026-08-30T02:16:36.419687739Z,20.666976,114.030334,Cloud to Ground,-42080,0,12
2026-08-30T02:16:35.957564813Z,20.647396,114.034755,Cloud to Ground,-34478,0,12
2026-08-30T02:16:35.942998639Z,20.766827,114.016554,Cloud to Cloud,-12408,3007,7
2026-08-30T02:16:36.286755712Z,20.71561,113.912934,Cloud to Cloud,-11825,17020,8
2026-08-30T02:16:36.463418809Z,20.644114,113.891292,Cloud to Cloud,-11401,15241,6
2026-08-30T02:16:36.205253000Z,20.6603,114.0258,Cloud to Ground,22695,0,5
2026-08-30T02:16:36.462310000Z,20.663,114.0458,Cloud to Ground,25412,0,5
2026-08-30T02:16:35.989045055Z,20.678929,114.000193,Cloud to Ground,26368,0,15
2026-08-30T02:16:36.038374000Z,20.7108,113.9477,Cloud to Ground,50208,0,5
2026-08-30T02:16:39.823800993Z,19.104488,117.849297,Cloud to Cloud,4443,13925,5
2026-08-30T02:16:39.670025820Z,19.096742,117.849372,Cloud to Cloud,17670,11083,7
2026-08-30T02:16:40.775454435Z,20.479101,113.688313,Cloud to Cloud,-11005,3052,12
2026-08-30T02:16:41.034479630Z,20.428197,113.672028,Cloud to Cloud,-6241,3008,7
2026-08-30T02:16:40.711726747Z,20.494821,113.670517,Cloud to Cloud,8493,3003,6
2026-08-30T02:16:41.856728306Z,3.632007,112.800927,Cloud to Ground,-13710,0,9
2026-08-30T02:16:41.287488081Z,20.430151,113.553494,Cloud to Cloud,9219,3072,10
2026-08-30T02:16:42.502836961Z,19.261736,115.36518,Cloud to Cloud,12410,3025,8
2026-08-30T02:16:42.530934458Z,19.249875,115.065522,Cloud to Ground,16887,0,8
2026-08-30T02:16:42.685591695Z,19.203541,115.213044,Cloud to Cloud,-11680,3014,7
2026-08-30T02:16:46.264352088Z,3.612207,112.787759,Cloud to Ground,-10160,0,8
2026-08-30T02:16:49.264459157Z,16.635714,130.299471,Cloud to Cloud,15770,7885,11
2026-08-30T02:16:49.450424040Z,16.614684,130.406887,Cloud to Ground,-12362,0,9
2026-08-30T02:16:49.265395807Z,16.640878,130.399359,Cloud to Cloud,9394,5040,11
2026-08-30T02:16:50.757033655Z,18.082124,112.12657,Cloud to Cloud,-12273,6749,7
2026-08-30T02:16:50.575591028Z,18.084032,112.119702,Cloud to Ground,12221,0,7
2026-08-30T02:16:53.370448167Z,16.954962,130.027179,Cloud to Cloud,-14082,4434,9
2026-08-30T02:16:53.472525181Z,16.987788,130.034333,Cloud to Ground,-13910,0,9
2026-08-30T02:16:53.390149162Z,16.978903,130.02988,Cloud to Cloud,-13200,3136,11
2026-08-30T02:16:53.612340173Z,16.935289,130.039581,Cloud to Ground,-12788,0,7
2026-08-30T02:16:53.367373378Z,16.998604,130.027239,Cloud to Ground,18170,0,8
2026-08-30T02:16:53.369282875Z,16.968931,129.922437,Cloud to Cloud,-11439,7047,13
2026-08-30T02:16:53.187920255Z,16.616194,120.418255,Cloud to Cloud,-9283,15335,8
2026-08-30T02:16:53.623158815Z,14.702447,120.881864,Cloud to Cloud,-6979,9626,9
2026-08-30T02:16:54.050192725Z,14.624531,120.957818,Cloud to Cloud,-12513,9060,9
2026-08-30T02:16:55.847407310Z,16.789797,128.222029,Cloud to Ground,-22935,0,10
2026-08-30T02:16:55.130474734Z,16.780308,128.264585,Cloud to Ground,-60812,0,18
2026-08-30T02:16:57.150747893Z,19.202577,114.602704,Cloud to Ground,17664,0,10
2026-08-30T02:16:57.173856100Z,19.199989,114.703661,Cloud to Ground,-10170,0,8
2026-08-30T02:16:57.146971768Z,19.217344,114.702302,Cloud to Ground,24332,0,12
2026-08-30T02:16:57.152682699Z,19.232292,114.703856,Cloud to Ground,46992,0,7
2026-08-30T02:17:00.223031774Z,19.12037,114.780238,Cloud to Cloud,-6236,3032,6
2026-08-30T02:17:00.214653000Z,19.1458,114.7381,Cloud to Ground,4814,0,10
2026-08-30T02:17:00.216381585Z,19.153348,114.769978,Cloud to Cloud,7489,12708,7
2026-08-30T02:17:00.213278240Z,19.144134,114.770553,Cloud to Ground,20746,0,8
2026-08-30T02:17:01.744922172Z,3.639877,112.79137,Cloud to Ground,-8500,0,6
2026-08-30T02:17:01.455360802Z,22.497919,113.214425,Cloud to Cloud,-10930,3157,7
2026-08-30T02:17:02.232894626Z,20.533389,113.187316,Cloud to Ground,-27451,0,10
2026-08-30T02:17:03.583488670Z,20.524923,114.17276,Cloud to Cloud,-8642,3690,7
2026-08-30T02:17:04.994064344Z,20.639256,114.659967,Cloud to Cloud,10491,17390,9
2026-08-30T02:17:04.123305693Z,20.515104,114.629972,Cloud to Cloud,-12047,7562,7
2026-08-30T02:17:04.241825401Z,16.620987,129.06159,Cloud to Cloud,-9664,16439,7
2026-08-30T02:17:04.243580000Z,16.6392,129.0138,Cloud to Ground,14632,0,6
2026-08-30T02:17:04.884729070Z,20.312804,110.469227,Cloud to Ground,-24405,0,9
2026-08-30T02:17:05.325170001Z,20.309779,110.46012,Cloud to Ground,-8288,0,7
2026-08-30T02:17:06.174588945Z,3.717026,112.815807,Cloud to Ground,-29005,0,11
2026-08-30T02:17:06.246017000Z,3.6623,112.7731,Cloud to Ground,-18428,0,5
2026-08-30T02:17:09.803105121Z,19.285205,115.504803,Cloud to Cloud,7533,3098,8
2026-08-30T02:17:10.579334323Z,20.360847,112.346542,Cloud to Cloud,-13499,10270,10
2026-08-30T02:17:10.592622107Z,20.366307,112.283967,Cloud to Cloud,-11759,13815,7
2026-08-30T02:17:10.939928228Z,20.663548,113.3675,Cloud to Cloud,-14785,7335,8
2026-08-30T02:17:10.922351867Z,20.614221,113.392656,Cloud to Cloud,-8591,3030,9
2026-08-30T02:17:10.920754525Z,20.692603,113.333831,Cloud to Cloud,10789,3050,8
2026-08-30T02:17:10.921318958Z,20.619827,113.395696,Cloud to Ground,47536,0,16
2026-08-30T02:17:11.477006200Z,3.746318,112.407176,Cloud to Ground,25055,0,8
2026-08-30T02:17:11.385879553Z,3.826276,112.380053,Cloud to Ground,43462,0,8
2026-08-30T02:17:11.617287438Z,19.10352,115.309634,Cloud to Cloud,-23939,19371,14
2026-08-30T02:17:11.598543000Z,19.1477,115.2828,Cloud to Ground,8096,0,6
2026-08-30T02:17:11.631982886Z,19.109837,115.314275,Cloud to Ground,11007,0,7
2026-08-30T02:17:12.292780728Z,18.804307,114.421864,Cloud to Cloud,-9887,6840,7
2026-08-30T02:17:12.238947107Z,18.817124,114.387067,Cloud to Cloud,-8504,7663,8
2026-08-30T02:17:12.321561705Z,18.82007,114.390518,Cloud to Cloud,11737,3081,10
2026-08-30T02:17:12.109770938Z,18.743704,114.342609,Cloud to Ground,28693,0,13
2026-08-30T02:17:12.241004260Z,18.907794,114.710991,Cloud to Cloud,-11549,7116,8
2026-08-30T02:17:15.504864675Z,3.713268,112.809116,Cloud to Ground,-11443,0,12
2026-08-30T02:17:17.893811636Z,21.010021,113.128512,Cloud to Cloud,9310,3107,9
2026-08-30T02:17:17.670121000Z,20.8575,113.2593,Cloud to Ground,-67438,0,12
2026-08-30T02:17:17.629659700Z,20.870281,113.214666,Cloud to Cloud,-16479,3014,11
2026-08-30T02:17:17.566140139Z,20.843881,113.267679,Cloud to Cloud,-15474,3607,10
2026-08-30T02:17:17.557482160Z,20.868098,113.246981,Cloud to Cloud,-14212,3008,12
2026-08-30T02:17:17.850385586Z,20.926884,113.169886,Cloud to Cloud,-14036,3098,7
2026-08-30T02:17:17.561563997Z,20.863574,113.260128,Cloud to Cloud,-10628,7984,7
2026-08-30T02:17:17.574010914Z,20.82297,113.304246,Cloud to Cloud,7989,3493,6
2026-08-30T02:17:17.871919558Z,20.953147,113.206133,Cloud to Cloud,8988,10930,8
2026-08-30T02:17:20.884260000Z,19.1345,115.4085,Cloud to Ground,7901,0,5
2026-08-30T02:17:20.891600294Z,19.120023,115.447398,Cloud to Cloud,9794,15201,8
2026-08-30T02:17:20.540820847Z,20.329196,110.486155,Cloud to Ground,-21704,0,7
2026-08-30T02:17:21.151499116Z,20.580845,113.994794,Cloud to Cloud,-22772,4923,9
2026-08-30T02:17:21.256777976Z,20.606217,113.976886,Cloud to Cloud,-13271,3000,8
2026-08-30T02:17:20.626097614Z,20.591713,113.946259,Cloud to Cloud,-11628,3000,7
2026-08-30T02:17:20.758751972Z,20.559537,113.988533,Cloud to Cloud,-11458,18671,8
2026-08-30T02:17:20.639897268Z,20.608593,113.950795,Cloud to Cloud,-9182,16325,7
2026-08-30T02:17:21.249114055Z,20.583196,113.993229,Cloud to Ground,-8850,0,6
2026-08-30T02:17:20.926582979Z,20.585884,114.003145,Cloud to Ground,-8848,0,6
2026-08-30T02:17:20.818569514Z,20.594407,113.98012,Cloud to Cloud,9746,4540,8
2026-08-30T02:17:20.588854060Z,20.58307,113.882696,Cloud to Ground,28532,0,7
2026-08-30T02:17:21.053197607Z,20.550441,113.983883,Cloud to Ground,104827,0,11
2026-08-30T02:17:25.254150932Z,19.139347,114.437671,Cloud to Cloud,-14488,18884,7
2026-08-30T02:17:25.396281587Z,19.000408,114.047141,Cloud to Cloud,-11026,11591,12
2026-08-30T02:17:27.259625151Z,19.178662,114.668131,Cloud to Cloud,-19509,3024,13
2026-08-30T02:17:27.285283428Z,19.170015,114.641897,Cloud to Cloud,5684,4627,6
2026-08-30T02:17:27.308831307Z,19.161471,114.675311,Cloud to Ground,15153,0,8
2026-08-30T02:17:27.202622080Z,19.193744,114.580233,Cloud to Cloud,17458,6933,10
2026-08-30T02:17:27.207445526Z,19.167565,114.670292,Cloud to Ground,42651,0,9
2026-08-30T02:17:27.081726062Z,19.225743,115.10356,Cloud to Cloud,7298,9815,7
2026-08-30T02:17:27.640538156Z,20.546012,113.190303,Cloud to Cloud,-11717,3018,8
2026-08-30T02:17:27.686378916Z,20.58021,113.162781,Cloud to Cloud,7678,15683,7
2026-08-30T02:17:27.145325583Z,20.540682,113.185477,Cloud to Ground,17382,0,14
2026-08-30T02:17:29.569844687Z,18.784302,118.7827,Cloud to Ground,-25932,0,12
2026-08-30T02:17:29.608879926Z,18.783219,118.776512,Cloud to Ground,14439,0,11
2026-08-30T02:17:29.565185021Z,18.785838,118.78071,Cloud to Cloud,14838,4393,11
2026-08-30T02:17:31.986433448Z,19.178604,114.915953,Cloud to Ground,-27285,0,11
2026-08-30T02:17:31.984607432Z,19.205214,114.905793,Cloud to Cloud,-15063,11492,9
2026-08-30T02:17:31.995249948Z,19.194569,114.906914,Cloud to Cloud,21078,6967,13
2026-08-30T02:17:32.543107043Z,16.836165,130.35846,Cloud to Cloud,11136,5244,11
2026-08-30T02:17:32.812203884Z,16.699361,130.574707,Cloud to Ground,-26260,0,9
2026-08-30T02:17:32.502622044Z,16.736646,130.53087,Cloud to Ground,-25212,0,8
2026-08-30T02:17:32.504515585Z,16.766965,130.528511,Cloud to Cloud,-20077,7416,14
2026-08-30T02:17:32.782257844Z,16.761108,130.563722,Cloud to Cloud,-8924,16942,6
2026-08-30T02:17:32.509518377Z,16.778477,130.536008,Cloud to Ground,-7224,0,9
2026-08-30T02:17:32.789152839Z,16.781721,130.54533,Cloud to Cloud,4046,3770,7
2026-08-30T02:17:32.666473916Z,16.715962,130.531198,Cloud to Ground,11620,0,9
2026-08-30T02:17:32.506551352Z,16.774563,130.514081,Cloud to Cloud,23639,10308,13
2026-08-30T02:17:33.363867582Z,19.261309,114.92728,Cloud to Ground,9377,0,8
2026-08-30T02:17:34.376055971Z,3.64064,112.777381,Cloud to Ground,-10865,0,6
2026-08-30T02:17:34.892139011Z,18.069354,112.128664,Cloud to Ground,-14800,0,9
2026-08-30T02:17:34.847752635Z,18.071497,112.061251,Cloud to Ground,-13984,0,8
2026-08-30T02:17:34.867228782Z,18.07088,112.10552,Cloud to Ground,-9165,0,7
2026-08-30T02:17:35.145451794Z,18.14289,112.196625,Cloud to Cloud,-37882,7442,11
2026-08-30T02:17:35.347426661Z,18.1371,112.202253,Cloud to Cloud,-27795,3023,8
2026-08-30T02:17:35.613088175Z,20.30483,110.488703,Cloud to Cloud,-15916,13479,7
2026-08-30T02:17:35.900741313Z,16.791747,120.102576,Cloud to Cloud,11483,4040,9
2026-08-30T02:17:35.899933015Z,16.876697,120.023975,Cloud to Ground,-35472,0,11
2026-08-30T02:17:37.206717639Z,3.631707,112.802032,Cloud to Ground,32211,0,16
2026-08-30T02:17:39.433078601Z,16.939844,131.066915,Cloud to Cloud,-15086,5746,10
2026-08-30T02:17:39.432288962Z,16.918418,131.102715,Cloud to Cloud,-14892,3047,11
2026-08-30T02:17:39.438128856Z,16.922781,131.115275,Cloud to Ground,-14521,0,11
2026-08-30T02:17:39.412969684Z,16.887091,131.076096,Cloud to Cloud,-13093,14828,12
2026-08-30T02:17:39.433957678Z,16.935474,131.102503,Cloud to Cloud,13071,6043,10
2026-08-30T02:17:41.572713556Z,19.146909,115.485842,Cloud to Cloud,-10184,3113,7
2026-08-30T02:17:43.943424803Z,14.704304,120.852257,Cloud to Ground,12299,0,10
2026-08-30T02:17:43.436072239Z,14.779485,120.879474,Cloud to Cloud,17371,3234,12
2026-08-30T02:17:43.463598697Z,18.947861,114.77942,Cloud to Ground,21620,0,7
2026-08-30T02:17:43.538600425Z,19.155938,114.717263,Cloud to Ground,-12895,0,8
2026-08-30T02:17:43.724618068Z,19.085671,114.802138,Cloud to Cloud,-12344,3001,10
2026-08-30T02:17:43.781269520Z,19.070922,114.729373,Cloud to Cloud,9238,13878,8
2026-08-30T02:17:43.446089058Z,19.046322,114.79755,Cloud to Cloud,10169,11447,6
2026-08-30T02:17:43.168053497Z,19.028386,114.701884,Cloud to Cloud,12204,3062,8
2026-08-30T02:17:43.169984177Z,19.03845,114.793954,Cloud to Cloud,13795,3042,10
2026-08-30T02:17:43.413260371Z,19.065826,114.809559,Cloud to Ground,34029,0,13
2026-08-30T02:17:45.283679610Z,18.993567,114.596667,Cloud to Cloud,7368,4473,10
2026-08-30T02:17:48.810556476Z,16.743283,129.056303,Cloud to Cloud,-10857,3008,12
2026-08-30T02:17:49.171949644Z,16.73858,129.043353,Cloud to Cloud,-7678,13026,8
2026-08-30T02:17:49.174820702Z,16.799504,128.895408,Cloud to Cloud,-5028,3038,7
2026-08-30T02:17:49.585175653Z,20.590457,112.63991,Cloud to Cloud,-27876,5460,11
2026-08-30T02:17:49.558516967Z,20.551037,112.637399,Cloud to Cloud,7560,3225,7
2026-08-30T02:17:49.559370673Z,20.564885,112.563689,Cloud to Cloud,11471,3014,8
2026-08-30T02:17:49.579506891Z,20.586712,112.541685,Cloud to Cloud,14430,9045,11
2026-08-30T02:17:52.638811578Z,19.236237,114.730019,Cloud to Ground,-34973,0,14
2026-08-30T02:17:52.455928633Z,19.237958,114.726102,Cloud to Ground,-29860,0,15
2026-08-30T02:17:52.505016221Z,19.235539,114.729753,Cloud to Ground,-27236,0,10
2026-08-30T02:17:52.568136334Z,19.240023,114.727062,Cloud to Cloud,-19607,3006,14
2026-08-30T02:17:52.774703766Z,19.220292,114.720418,Cloud to Cloud,12048,17734,10
2026-08-30T02:17:52.723758229Z,19.2115,114.71963,Cloud to Cloud,13843,16032,8
2026-08-30T02:17:52.844723665Z,15.424196,120.505855,Cloud to Cloud,5309,12161,7
2026-08-30T02:17:52.902329515Z,15.353327,120.475668,Cloud to Cloud,10227,5466,6
2026-08-30T02:17:56.838578091Z,20.357704,112.437939,Cloud to Cloud,-5762,17253,6
2026-08-30T02:17:56.832078341Z,20.340073,112.357465,Cloud to Cloud,8058,3000,9
2026-08-30T02:17:56.827546596Z,20.335987,112.460555,Cloud to Ground,17283,0,9
2026-08-30T02:17:57.487956893Z,19.115728,115.216736,Cloud to Cloud,9751,16375,7
2026-08-30T02:17:57.477101246Z,19.136266,115.184322,Cloud to Cloud,11272,3005,8
2026-08-30T02:17:57.465938197Z,19.120573,115.316596,Cloud to Cloud,-12952,6597,8
2026-08-30T02:17:57.463847548Z,19.202348,115.349654,Cloud to Cloud,8436,19318,7
2026-08-30T02:17:57.473116332Z,19.131436,115.319632,Cloud to Cloud,19268,7423,9
2026-08-30T02:17:57.461721407Z,19.147036,115.315898,Cloud to Ground,49165,0,9
2026-08-30T02:17:58.805354767Z,16.697796,129.018638,Cloud to Cloud,-15014,5467,7
2026-08-30T02:17:58.806727774Z,16.701945,129.159298,Cloud to Cloud,-22546,16803,14
2026-08-30T02:17:58.804008258Z,16.691327,129.177552,Cloud to Ground,14010,0,9
2026-08-30T02:17:59.853116000Z,20.3365,112.567,Cloud to Ground,34123,0,5
2026-08-30T02:18:01.256428013Z,3.630168,112.797627,Cloud to Ground,53169,0,16
2026-08-30T02:18:03.490918180Z,19.258164,115.204894,Cloud to Cloud,-22863,3015,15
2026-08-30T02:18:03.292984545Z,19.236536,115.201951,Cloud to Cloud,-11666,5252,11
2026-08-30T02:18:05.496666257Z,3.584432,112.785042,Cloud to Ground,-7961,0,6
2026-08-30T02:18:06.104959436Z,3.618761,112.795333,Cloud to Ground,9780,0,8
2026-08-30T02:18:07.328898809Z,19.178787,114.670926,Cloud to Cloud,-10848,7012,9
2026-08-30T02:18:07.167325981Z,19.174227,114.682626,Cloud to Cloud,9730,3013,5
2026-08-30T02:18:08.120439227Z,14.708122,120.9025,Cloud to Ground,-26707,0,11
2026-08-30T02:18:08.062985000Z,14.711,120.8302,Cloud to Ground,-11632,0,5
2026-08-30T02:18:08.026131135Z,14.727501,120.870517,Cloud to Cloud,-10861,5212,7
2026-08-30T02:18:08.150038447Z,14.707422,120.900939,Cloud to Ground,-9171,0,11
2026-08-30T02:18:08.643064045Z,18.096699,112.122819,Cloud to Ground,13713,0,7
2026-08-30T02:18:08.693427185Z,18.06781,112.037983,Cloud to Ground,13901,0,7
2026-08-30T02:18:08.630871365Z,20.282878,110.381752,Cloud to Ground,-23718,0,13
2026-08-30T02:18:08.446887031Z,20.61323,114.071263,Cloud to Cloud,8763,3001,7
2026-08-30T02:18:09.861804266Z,16.668422,130.321233,Cloud to Cloud,7507,3091,12
2026-08-30T02:18:09.830070249Z,16.636164,130.413259,Cloud to Ground,-43975,0,17
2026-08-30T02:18:10.260436715Z,16.684315,130.459297,Cloud to Cloud,-16294,10192,7
2026-08-30T02:18:10.278958515Z,16.605818,130.441476,Cloud to Cloud,-12655,3020,7
2026-08-30T02:18:09.996535697Z,16.663153,130.446123,Cloud to Cloud,-10717,7793,8
2026-08-30T02:18:09.829284815Z,16.622164,130.419798,Cloud to Ground,20602,0,12
2026-08-30T02:18:10.881895171Z,17.356698,127.037896,Cloud to Ground,-56879,0,14
2026-08-30T02:18:10.880503501Z,17.353497,127.014322,Cloud to Ground,13392,0,12
2026-08-30T02:18:10.877317068Z,17.309406,126.960233,Cloud to Cloud,15041,6721,9
2026-08-30T02:18:10.878606330Z,17.33393,127.032994,Cloud to Ground,24762,0,13
2026-08-30T02:18:10.879220510Z,17.350091,127.016305,Cloud to Ground,70417,0,16
2026-08-30T02:18:11.387629909Z,17.242564,127.214585,Cloud to Cloud,-13392,3012,8
2026-08-30T02:18:11.482955070Z,17.269614,127.203918,Cloud to Cloud,-12114,19788,11
2026-08-30T02:18:11.157148156Z,17.383015,126.82843,Cloud to Cloud,-12662,3034,10
2026-08-30T02:18:13.000722090Z,18.950244,114.061346,Cloud to Cloud,-12753,3019,6
2026-08-30T02:18:13.229221944Z,19.00356,114.015308,Cloud to Cloud,9390,19490,6
2026-08-30T02:18:14.591046442Z,3.651225,112.802154,Cloud to Ground,23893,0,9
2026-08-30T02:18:16.109434130Z,20.442791,114.170158,Cloud to Cloud,-23831,3102,9
2026-08-30T02:18:16.084838637Z,20.432042,114.172016,Cloud to Cloud,-16923,7692,8
2026-08-30T02:18:16.313979977Z,20.417357,113.40765,Cloud to Cloud,-17179,3016,8
2026-08-30T02:18:16.259112377Z,20.399901,113.465744,Cloud to Cloud,-15123,14198,10
2026-08-30T02:18:16.265101119Z,20.393121,113.468011,Cloud to Cloud,-13389,8581,8
2026-08-30T02:18:16.247464085Z,20.406194,113.453281,Cloud to Ground,-12170,0,7
2026-08-30T02:18:16.313124325Z,20.423179,113.322369,Cloud to Cloud,9875,3081,13
2026-08-30T02:18:16.311440862Z,20.424496,113.42649,Cloud to Cloud,12253,3016,10
2026-08-30T02:18:16.242154314Z,20.409278,113.465649,Cloud to Ground,18755,0,8
2026-08-30T02:18:16.256330719Z,20.407647,113.211893,Cloud to Cloud,-11682,3002,9
2026-08-30T02:18:18.349254919Z,20.551598,113.217248,Cloud to Ground,-46238,0,12
2026-08-30T02:18:18.488299610Z,20.571126,113.208477,Cloud to Ground,-41094,0,10
2026-08-30T02:18:18.442213118Z,20.567376,113.214469,Cloud to Cloud,-28802,3012,12
2026-08-30T02:18:18.383642885Z,20.564374,113.212469,Cloud to Ground,-24440,0,12
2026-08-30T02:18:18.405639947Z,20.566603,113.210356,Cloud to Ground,-19957,0,10
2026-08-30T02:18:18.585611228Z,20.559449,113.21541,Cloud to Ground,-13771,0,7
2026-08-30T02:18:18.388845680Z,19.118471,115.60697,Cloud to Cloud,11947,18322,9
2026-08-30T02:18:19.531742698Z,16.90786,129.252626,Cloud to Ground,-35401,0,12
2026-08-30T02:18:19.488066300Z,16.794512,129.234563,Cloud to Cloud,7727,3063,8
2026-08-30T02:18:19.202648684Z,16.782291,129.264844,Cloud to Ground,29117,0,10
2026-08-30T02:18:19.201660244Z,16.8025,129.258489,Cloud to Ground,84534,0,14
2026-08-30T02:18:19.942505796Z,20.565317,114.043296,Cloud to Cloud,-11437,3008,6
2026-08-30T02:18:20.006263211Z,20.597244,113.968811,Cloud to Cloud,-10980,5424,6
2026-08-30T02:18:20.797658348Z,3.654966,112.846404,Cloud to Ground,20934,0,9
2026-08-30T02:18:21.160506706Z,16.912678,131.137363,Cloud to Ground,-10297,0,7
2026-08-30T02:18:21.159101681Z,16.842352,131.145387,Cloud to Cloud,-7542,13029,7
2026-08-30T02:18:21.147160200Z,16.905888,131.096116,Cloud to Cloud,-6869,3750,8
2026-08-30T02:18:21.158483828Z,16.83625,131.120229,Cloud to Cloud,-6034,4863,9
2026-08-30T02:18:20.949669809Z,16.937832,131.158044,Cloud to Ground,11783,0,7
2026-08-30T02:18:20.825897220Z,16.912144,131.133831,Cloud to Ground,23565,0,13
2026-08-30T02:18:21.735234844Z,19.322327,118.088683,Cloud to Cloud,6739,3009,8
2026-08-30T02:18:21.654074738Z,19.334222,117.984706,Cloud to Cloud,18958,3005,7
2026-08-30T02:18:23.840539708Z,3.613181,112.789102,Cloud to Ground,-10437,0,5
2026-08-30T02:18:25.571171918Z,3.577693,112.763245,Cloud to Ground,12575,0,7
2026-08-30T02:18:26.937641427Z,12.007885,120.941877,Cloud to Ground,-13290,0,7
2026-08-30T02:18:28.993810943Z,22.460592,113.253235,Cloud to Cloud,-9800,3654,6
2026-08-30T02:18:29.009686411Z,22.501831,113.289313,Cloud to Cloud,5970,4244,6
2026-08-30T02:18:28.032399407Z,10.575298,121.889163,Cloud to Ground,-9823,0,9
2026-08-30T02:18:28.597159063Z,14.84205,120.272323,Cloud to Cloud,4943,16058,7
2026-08-30T02:18:33.527957965Z,19.138021,114.838816,Cloud to Cloud,-17447,3104,9
2026-08-30T02:18:33.726782319Z,19.148773,114.828754,Cloud to Cloud,-12081,7683,9
2026-08-30T02:18:33.768411776Z,19.122884,114.8443,Cloud to Ground,-11282,0,8
2026-08-30T02:18:33.503755372Z,19.146404,114.841194,Cloud to Cloud,-10917,5558,12
2026-08-30T02:18:33.654878435Z,19.058875,115.31356,Cloud to Cloud,-24014,6057,6
2026-08-30T02:18:33.812718980Z,19.156184,115.33195,Cloud to Cloud,-17542,3094,11
2026-08-30T02:18:33.671823202Z,19.131072,115.318174,Cloud to Cloud,-16706,3007,13
2026-08-30T02:18:34.047556216Z,19.171282,115.318814,Cloud to Cloud,6036,7899,7
2026-08-30T02:18:33.663457093Z,19.141893,115.328099,Cloud to Cloud,12411,18002,12
2026-08-30T02:18:33.629758350Z,19.204495,115.347875,Cloud to Ground,35683,0,8
2026-08-30T02:18:33.506322897Z,19.14557,114.719256,Cloud to Ground,42065,0,7
2026-08-30T02:18:39.901643418Z,19.19891,114.830696,Cloud to Cloud,-8124,15710,8
2026-08-30T02:18:42.768991496Z,20.299455,110.4146,Cloud to Cloud,-10966,3930,6
2026-08-30T02:18:42.830558807Z,20.396546,110.481019,Cloud to Ground,18666,0,12
2026-08-30T02:18:42.438300779Z,19.219742,114.711699,Cloud to Cloud,-46465,3014,13
2026-08-30T02:18:42.474876498Z,19.207093,114.709471,Cloud to Cloud,-17796,19116,12
2026-08-30T02:18:42.644820045Z,19.164721,114.777992,Cloud to Ground,-17379,0,8
2026-08-30T02:18:42.650825789Z,19.163956,114.785729,Cloud to Cloud,-16526,3161,10
2026-08-30T02:18:42.459411640Z,19.221013,114.714387,Cloud to Cloud,-16390,5838,8
2026-08-30T02:18:42.671815866Z,19.187221,114.756416,Cloud to Cloud,-13748,3011,9
2026-08-30T02:18:42.641912643Z,19.188096,114.773968,Cloud to Cloud,-13337,3010,10
2026-08-30T02:18:42.672725273Z,19.187316,114.756022,Cloud to Ground,-13017,0,8
2026-08-30T02:18:43.037108338Z,19.182536,114.706743,Cloud to Cloud,-10820,8163,8
2026-08-30T02:18:42.624648675Z,19.206149,114.760229,Cloud to Cloud,11336,16115,11
2026-08-30T02:18:42.912804421Z,18.083991,112.05865,Cloud to Ground,-33445,0,13
2026-08-30T02:18:43.024243324Z,18.085262,112.067087,Cloud to Ground,-32874,0,9
2026-08-30T02:18:43.378251800Z,18.09359,112.070391,Cloud to Cloud,-24178,3011,8
2026-08-30T02:18:43.107958391Z,18.09396,112.069154,Cloud to Ground,-23970,0,12
2026-08-30T02:18:42.898372798Z,18.076975,112.048746,Cloud to Cloud,-13293,14608,8
2026-08-30T02:18:43.734274049Z,18.096637,112.064902,Cloud to Ground,-12187,0,8
2026-08-30T02:18:43.108642048Z,18.066293,111.948419,Cloud to Ground,13214,0,9
2026-08-30T02:18:43.459943493Z,18.073738,111.999763,Cloud to Ground,20734,0,8
2026-08-30T02:18:43.151671205Z,18.096759,112.064387,Cloud to Ground,41800,0,14
2026-08-30T02:18:44.228626762Z,19.275543,115.205377,Cloud to Cloud,-14144,3028,7
2026-08-30T02:18:44.480584298Z,19.271998,115.174175,Cloud to Ground,-11367,0,7
2026-08-30T02:18:45.722086854Z,16.768943,130.541176,Cloud to Cloud,-17717,3344,8
2026-08-30T02:18:45.676478382Z,16.718733,130.498257,Cloud to Ground,-17222,0,9
2026-08-30T02:18:45.692821916Z,16.723736,130.491142,Cloud to Ground,-8782,0,6
2026-08-30T02:18:45.177507426Z,16.736171,130.488435,Cloud to Ground,42873,0,15
2026-08-30T02:18:46.445277505Z,3.622786,112.794205,Cloud to Ground,12965,0,9
2026-08-30T02:18:47.671752665Z,18.074613,112.074703,Cloud to Ground,7145,0,6
2026-08-30T02:18:48.105848056Z,18.074185,112.173645,Cloud to Ground,-11509,0,7
2026-08-30T02:18:49.294850654Z,20.490619,113.078408,Cloud to Ground,-10629,0,9
2026-08-30T02:18:49.293830543Z,20.528653,113.078024,Cloud to Ground,34207,0,12
2026-08-30T02:18:49.427141037Z,20.526236,113.214892,Cloud to Cloud,-28514,3063,16
2026-08-30T02:18:49.164507159Z,20.527915,113.212392,Cloud to Cloud,-28412,3014,13
2026-08-30T02:18:49.328059297Z,20.536826,113.204226,Cloud to Ground,-20140,0,11
2026-08-30T02:18:49.473336629Z,20.512185,113.214343,Cloud to Ground,-5248,0,5
2026-08-30T02:18:49.566710533Z,20.496651,113.217288,Cloud to Cloud,10058,3768,9
2026-08-30T02:18:49.097049510Z,20.514165,113.218062,Cloud to Cloud,15039,10178,11
2026-08-30T02:18:49.059413000Z,20.5208,113.1872,Cloud to Ground,43572,0,7
2026-08-30T02:18:50.895438007Z,19.231365,114.983465,Cloud to Cloud,8244,3020,9
2026-08-30T02:18:50.906677676Z,19.22183,115.071506,Cloud to Ground,18758,0,11
2026-08-30T02:18:51.319584481Z,16.994906,130.018317,Cloud to Ground,13898,0,8
2026-08-30T02:18:51.227071201Z,16.955606,129.959086,Cloud to Cloud,15071,3014,14
2026-08-30T02:18:51.230688506Z,16.876611,129.89655,Cloud to Cloud,18174,3017,14
2026-08-30T02:18:51.232017076Z,17.027138,129.899589,Cloud to Cloud,-19223,5545,23
2026-08-30T02:18:51.237122734Z,16.961672,129.828023,Cloud to Cloud,12563,3020,10
2026-08-30T02:18:51.229295160Z,16.955528,129.835673,Cloud to Ground,14390,0,12
2026-08-30T02:18:53.953773701Z,14.75121,134.379484,Cloud to Ground,-15327,0,12
2026-08-30T02:18:53.955760390Z,14.763933,134.388735,Cloud to Ground,-12380,0,9
2026-08-30T02:18:53.898130181Z,14.804946,134.3311,Cloud to Ground,14065,0,11
2026-08-30T02:18:53.907316215Z,14.751869,134.406588,Cloud to Ground,56340,0,15
2026-08-30T02:18:57.916590207Z,11.936176,121.003932,Cloud to Cloud,9824,17009,7
2026-08-30T02:18:57.881553442Z,19.266305,118.070427,Cloud to Cloud,-14379,18614,10
2026-08-30T02:18:58.641400549Z,16.643566,129.085085,Cloud to Ground,34081,0,12
2026-08-30T02:18:58.923462224Z,16.892841,128.663178,Cloud to Ground,-35162,0,14
2026-08-30T02:18:58.983790687Z,16.916792,128.618079,Cloud to Cloud,-21268,3214,14
2026-08-30T02:18:58.926338615Z,16.859678,128.659515,Cloud to Cloud,-21182,6307,7
2026-08-30T02:18:58.973546823Z,16.892862,128.64824,Cloud to Cloud,-12446,10458,7
2026-08-30T02:18:58.936555264Z,16.887992,128.681249,Cloud to Cloud,10425,3142,6
2026-08-30T02:18:58.286250140Z,18.793978,118.801587,Cloud to Cloud,11902,3000,10
2026-08-30T02:18:58.291017078Z,18.795479,118.79556,Cloud to Ground,16917,0,10
2026-08-30T02:18:58.660977504Z,17.777773,120.11118,Cloud to Cloud,9727,6484,7
2026-08-30T02:18:58.663277181Z,17.712142,120.030044,Cloud to Cloud,-7077,11019,6
2026-08-30T02:18:59.524051357Z,3.641687,112.826891,Cloud to Ground,26597,0,12
2026-08-30T02:18:59.993070280Z,20.514929,113.173594,Cloud to Cloud,-15404,9876,10
2026-08-30T02:18:59.905109564Z,20.365964,112.420641,Cloud to Ground,25028,0,10
2026-08-30T02:18:59.122259576Z,16.565027,129.145133,Cloud to Ground,-10703,0,7
2026-08-30T02:19:02.306405569Z,8.822942,118.520134,Cloud to Cloud,-25465,3056,13
2026-08-30T02:19:02.334743495Z,18.965534,114.625182,Cloud to Cloud,8578,17154,9
2026-08-30T02:19:02.669746000Z,20.4222,114.1507,Cloud to Ground,13338,0,5
2026-08-30T02:19:03.755269120Z,16.654306,130.432518,Cloud to Cloud,-9176,7416,8
2026-08-30T02:19:03.753234215Z,16.580776,130.490508,Cloud to Ground,14247,0,9
2026-08-30T02:19:02.759474330Z,19.035262,114.7004,Cloud to Cloud,7765,14150,8
2026-08-30T02:19:03.011431646Z,19.039422,114.705738,Cloud to Cloud,8416,3010,8
2026-08-30T02:19:04.631489928Z,20.519662,113.023766,Cloud to Cloud,-10597,6849,11
2026-08-30T02:19:04.373536192Z,18.089509,112.037011,Cloud to Ground,14147,0,11
2026-08-30T02:19:07.345622360Z,3.650146,112.790388,Cloud to Ground,-8288,0,6
2026-08-30T02:19:07.526740371Z,18.126935,126.66391,Cloud to Cloud,-7728,3069,9
2026-08-30T02:19:07.425795551Z,18.133829,126.675166,Cloud to Cloud,5992,3180,6
2026-08-30T02:19:07.418861371Z,18.130959,126.667292,Cloud to Cloud,7130,7317,7
2026-08-30T02:19:07.447301331Z,18.131184,126.714497,Cloud to Ground,9341,0,8
2026-08-30T02:19:07.420956579Z,18.135978,126.669196,Cloud to Ground,21836,0,10
2026-08-30T02:19:07.534021490Z,17.299899,126.974874,Cloud to Ground,-24247,0,24
2026-08-30T02:19:07.576921381Z,17.251496,127.082304,Cloud to Ground,-16797,0,10
2026-08-30T02:19:08.958538914Z,20.384371,114.777997,Cloud to Ground,20072,0,11
2026-08-30T02:19:08.914735516Z,20.358897,114.84499,Cloud to Ground,39337,0,14
2026-08-30T02:19:09.416472667Z,20.037537,114.976318,Cloud to Cloud,-9688,9628,7
2026-08-30T02:19:09.412269957Z,20.07103,115.001856,Cloud to Cloud,23698,5793,15
2026-08-30T02:19:09.544973415Z,20.11544,114.974415,Cloud to Ground,30465,0,11
2026-08-30T02:19:10.411140269Z,19.251498,115.20504,Cloud to Cloud,-9450,5790,8
2026-08-30T02:19:10.430488271Z,19.266627,115.208563,Cloud to Cloud,8550,3035,8
2026-08-30T02:19:10.245656112Z,19.253253,115.205121,Cloud to Ground,15097,0,8
2026-08-30T02:19:11.557227366Z,3.696221,112.798721,Cloud to Ground,-12141,0,9
2026-08-30T02:19:11.715742928Z,3.599456,112.7821,Cloud to Ground,-10951,0,6
2026-08-30T02:19:11.764635907Z,3.601676,112.774447,Cloud to Ground,-10524,0,7
2026-08-30T02:19:11.203407389Z,20.431979,114.506851,Cloud to Cloud,-10799,4344,10
2026-08-30T02:19:11.212830070Z,20.492035,114.394101,Cloud to Cloud,18091,16100,11
2026-08-30T02:19:12.963789000Z,20.7186,113.2427,Cloud to Ground,-18521,0,5
2026-08-30T02:19:13.008931260Z,20.547555,113.194945,Cloud to Cloud,-13350,4149,10
2026-08-30T02:19:13.106155921Z,20.52141,113.207605,Cloud to Cloud,-9742,7938,8
2026-08-30T02:19:12.961452794Z,20.542712,113.207848,Cloud to Cloud,10671,11697,10
2026-08-30T02:19:12.968996603Z,20.529264,113.207705,Cloud to Cloud,11010,4448,7
2026-08-30T02:19:13.345098600Z,20.617192,113.094557,Cloud to Cloud,10413,4885,7
2026-08-30T02:19:14.803189399Z,20.693219,113.367937,Cloud to Cloud,-11998,7293,8
2026-08-30T02:19:14.814528901Z,20.666096,114.039384,Cloud to Ground,-61203,0,16
2026-08-30T02:19:14.999621324Z,20.670843,114.022986,Cloud to Cloud,-43581,7347,12
2026-08-30T02:19:14.881298386Z,20.665197,114.043506,Cloud to Cloud,-34830,3023,12
2026-08-30T02:19:14.932824672Z,20.670721,114.023124,Cloud to Ground,-26604,0,9
2026-08-30T02:19:15.068314397Z,20.698651,114.064051,Cloud to Ground,-23659,0,8
2026-08-30T02:19:14.844503469Z,20.627149,114.023222,Cloud to Cloud,-12899,18935,7
2026-08-30T02:19:15.514615463Z,20.690881,114.024655,Cloud to Ground,-12418,0,7
2026-08-30T02:19:15.037182265Z,20.673102,114.01759,Cloud to Ground,15940,0,6
2026-08-30T02:19:15.287837000Z,20.6985,114.0018,Cloud to Ground,19070,0,6
2026-08-30T02:19:15.431696344Z,20.62777,113.850956,Cloud to Ground,31821,0,7
2026-08-30T02:19:17.046292826Z,19.129258,114.836539,Cloud to Cloud,-18215,18414,7
2026-08-30T02:19:17.427180910Z,19.054719,114.820058,Cloud to Ground,-11628,0,10
2026-08-30T02:19:17.377183235Z,19.121381,114.825277,Cloud to Cloud,-11047,3004,8
2026-08-30T02:19:17.080581706Z,19.10864,114.855338,Cloud to Cloud,8487,11453,6
2026-08-30T02:19:16.999579763Z,19.098302,114.851077,Cloud to Cloud,9083,7346,10
2026-08-30T02:19:17.346832341Z,19.118249,114.810007,Cloud to Cloud,9481,19504,10
2026-08-30T02:19:16.996244290Z,19.123988,114.846356,Cloud to Ground,11968,0,9
2026-08-30T02:19:17.043020495Z,19.101462,114.783155,Cloud to Cloud,12274,5913,8
2026-08-30T02:19:17.064319881Z,19.111429,114.834599,Cloud to Ground,20539,0,10
2026-08-30T02:19:18.369798007Z,15.279692,120.455515,Cloud to Cloud,12308,5596,7
2026-08-30T02:19:21.552859778Z,20.30856,110.495715,Cloud to Ground,-12794,0,9
2026-08-30T02:19:21.169371924Z,14.648679,120.898689,Cloud to Cloud,15398,3001,7
2026-08-30T02:19:22.730563486Z,7.426151,113.908125,Cloud to Cloud,10304,8749,9
2026-08-30T02:19:22.682686823Z,7.473199,113.881676,Cloud to Ground,24885,0,14
2026-08-30T02:19:23.822032243Z,20.652551,113.716363,Cloud to Ground,-12905,0,9
2026-08-30T02:19:23.855779097Z,20.475703,113.632307,Cloud to Cloud,-15710,3016,8
2026-08-30T02:19:23.858285236Z,20.450246,113.635216,Cloud to Ground,-15256,0,12
2026-08-30T02:19:23.402772393Z,20.458883,113.700387,Cloud to Cloud,-9590,11167,9
2026-08-30T02:19:23.543905886Z,20.533542,113.673373,Cloud to Cloud,7528,3092,7
2026-08-30T02:19:23.479454246Z,20.513831,113.549583,Cloud to Cloud,9161,7249,6
2026-08-30T02:19:23.469029701Z,20.494428,113.586929,Cloud to Ground,14743,0,9
2026-08-30T02:19:24.270556721Z,20.752752,113.722174,Cloud to Ground,13653,0,8
2026-08-30T02:19:26.081115566Z,19.167006,114.607811,Cloud to Ground,-29243,0,12
2026-08-30T02:19:26.078992243Z,19.17511,114.609339,Cloud to Cloud,8513,15259,10
2026-08-30T02:19:26.083338748Z,19.168166,114.610449,Cloud to Cloud,8924,6000,11
2026-08-30T02:19:26.793713649Z,18.978209,114.047404,Cloud to Cloud,-11961,13373,9
2026-08-30T02:19:27.061498809Z,18.945537,113.977893,Cloud to Cloud,-10104,3010,7
2026-08-30T02:19:27.904260878Z,14.708368,120.872272,Cloud to Ground,-12337,0,10
2026-08-30T02:19:28.630921354Z,20.636133,113.969777,Cloud to Cloud,-26904,5426,11
2026-08-30T02:19:28.817329281Z,20.515109,113.983464,Cloud to Ground,25481,0,10
2026-08-30T02:19:28.360264439Z,20.56669,113.986285,Cloud to Ground,30983,0,11
2026-08-30T02:19:29.003656374Z,20.510386,114.121245,Cloud to Cloud,-34476,17322,12
2026-08-30T02:19:28.892496935Z,20.549853,114.085649,Cloud to Cloud,-11910,3084,7
2026-08-30T02:19:28.822364366Z,20.554399,114.085007,Cloud to Cloud,9473,3070,7
2026-08-30T02:19:29.750329169Z,18.068457,112.17293,Cloud to Cloud,-8571,18604,8
2026-08-30T02:19:30.272413230Z,18.073502,112.019612,Cloud to Ground,15595,0,9
2026-08-30T02:19:30.170031347Z,18.169077,112.103268,Cloud to Ground,12307,0,12
2026-08-30T02:19:34.219729471Z,20.331848,112.370746,Cloud to Cloud,-13672,3001,11
2026-08-30T02:19:34.242273187Z,20.335245,112.492959,Cloud to Cloud,-10443,5085,8
2026-08-30T02:19:33.657127052Z,20.335982,112.484861,Cloud to Ground,-8831,0,10
2026-08-30T02:19:33.660480525Z,20.333526,112.379201,Cloud to Cloud,8104,17802,6
2026-08-30T02:19:33.653656781Z,20.337572,112.394362,Cloud to Cloud,11208,3219,8
2026-08-30T02:19:33.651040009Z,20.358631,112.471817,Cloud to Ground,15177,0,10
2026-08-30T02:19:34.541371279Z,11.93563,120.997821,Cloud to Cloud,11136,17572,10
2026-08-30T02:19:34.560274713Z,19.260181,118.081262,Cloud to Cloud,-10477,3004,7
2026-08-30T02:19:35.484061748Z,14.822526,121.052975,Cloud to Cloud,4034,7003,7
2026-08-30T02:19:35.444118201Z,14.788145,121.083211,Cloud to Cloud,4798,17208,6
2026-08-30T02:19:36.142935228Z,3.648528,112.807492,Cloud to Ground,12159,0,6
2026-08-30T02:19:38.312364480Z,20.411331,114.461005,Cloud to Cloud,-9749,5968,7
2026-08-30T02:19:40.130785456Z,19.122346,115.467295,Cloud to Ground,40679,0,10
2026-08-30T02:19:41.273033869Z,3.609107,112.793897,Cloud to Ground,-21951,0,13
2026-08-30T02:19:41.773817363Z,19.260443,115.209223,Cloud to Cloud,7644,5301,6
2026-08-30T02:19:41.724132388Z,19.34742,115.224483,Cloud to Cloud,18189,7952,7
2026-08-30T02:19:43.280646453Z,19.217193,114.860287,Cloud to Cloud,20231,3024,7
2026-08-30T02:19:43.726034371Z,19.152315,115.326988,Cloud to Ground,-43229,0,9
2026-08-30T02:19:44.159575405Z,19.116521,115.287467,Cloud to Cloud,-9285,3822,7
2026-08-30T02:19:43.757680374Z,19.145541,115.331874,Cloud to Ground,-8473,0,6
2026-08-30T02:19:43.721642776Z,19.210984,115.356207,Cloud to Cloud,11849,7732,8
2026-08-30T02:19:43.727620286Z,19.101024,115.326226,Cloud to Cloud,21098,17003,9
2026-08-30T02:19:43.745762880Z,19.137626,115.332967,Cloud to Ground,28713,0,12
2026-08-30T02:19:44.233058144Z,16.572095,129.887346,Cloud to Ground,-12157,0,8
2026-08-30T02:19:44.221808277Z,16.632824,129.867845,Cloud to Ground,21024,0,8
2026-08-30T02:19:44.223174809Z,16.536605,129.908745,Cloud to Cloud,22468,3006,11
2026-08-30T02:19:44.874558419Z,16.685118,129.805483,Cloud to Ground,22659,0,10
2026-08-30T02:19:44.364741766Z,16.616098,129.857619,Cloud to Ground,23994,0,10
2026-08-30T02:19:44.916967895Z,16.751423,129.766088,Cloud to Ground,24858,0,13
2026-08-30T02:19:44.221130068Z,16.628236,129.882769,Cloud to Ground,41468,0,13
2026-08-30T02:19:45.603786804Z,16.975848,129.713856,Cloud to Cloud,-11189,3846,7
2026-08-30T02:19:45.245199982Z,20.316148,110.537154,Cloud to Ground,-15207,0,8
2026-08-30T02:19:45.265125477Z,20.31068,110.476033,Cloud to Ground,8501,0,7
2026-08-30T02:19:45.201896029Z,20.306743,110.413597,Cloud to Ground,32182,0,12
2026-08-30T02:19:46.137559683Z,3.747681,112.796565,Cloud to Ground,41900,0,13
2026-08-30T02:19:46.227274588Z,3.605258,112.797793,Cloud to Ground,50682,0,18
2026-08-30T02:19:47.051116787Z,20.520822,114.565491,Cloud to Cloud,-11749,3057,7
2026-08-30T02:19:47.975797436Z,18.990579,117.812928,Cloud to Cloud,-10170,3023,7
2026-08-30T02:19:48.297362962Z,18.992443,117.80629,Cloud to Ground,-6614,0,7
2026-08-30T02:19:49.341749344Z,18.989948,114.649152,Cloud to Cloud,-12064,6940,11
2026-08-30T02:19:49.632977873Z,20.417298,114.173885,Cloud to Cloud,-9231,13966,8
2026-08-30T02:19:49.630151337Z,20.511982,114.194632,Cloud to Cloud,9688,3622,7
2026-08-30T02:19:51.675609015Z,19.203375,114.941042,Cloud to Cloud,9947,3059,7
2026-08-30T02:19:51.676725052Z,19.191965,114.940831,Cloud to Ground,21366,0,14
2026-08-30T02:19:51.629457015Z,17.257775,127.075349,Cloud to Ground,-18501,0,13
2026-08-30T02:19:51.804366659Z,17.263942,127.112887,Cloud to Ground,41269,0,11
2026-08-30T02:19:51.732419019Z,17.259284,126.93598,Cloud to Ground,-24304,0,23
2026-08-30T02:19:51.884550907Z,17.255972,126.91234,Cloud to Ground,-18776,0,14
2026-08-30T02:19:53.253291125Z,20.090539,115.329876,Cloud to Cloud,-19663,19849,8
2026-08-30T02:19:53.524497853Z,20.133279,115.350397,Cloud to Cloud,-18945,3034,16
2026-08-30T02:19:53.252296141Z,20.136476,115.341524,Cloud to Cloud,-16654,3036,15
2026-08-30T02:19:53.188825275Z,20.140138,115.425185,Cloud to Ground,17182,0,11
2026-08-30T02:19:53.298217923Z,20.12652,115.446743,Cloud to Ground,53740,0,16
2026-08-30T02:19:54.124437923Z,3.605864,112.766733,Cloud to Ground,9611,0,6
2026-08-30T02:19:54.264382561Z,18.13459,112.079503,Cloud to Ground,-21270,0,8
2026-08-30T02:19:54.356909794Z,18.143112,112.043588,Cloud to Cloud,-20705,6322,8
2026-08-30T02:19:54.265250951Z,18.14378,112.099494,Cloud to Ground,17645,0,12
