timestamp,latitude,longitude,type,amplitude_ka,height_m,num_sensors
2026-09-01T23:06:09.283377773Z,15.451224,134.304999,Cloud to Ground,45214,0,12
2026-09-01T23:06:10.402872358Z,3.444018,112.870148,Cloud to Ground,11611,0,10
2026-09-01T23:06:10.794684978Z,15.028487,134.640535,Cloud to Cloud,-18778,3097,9
2026-09-01T23:06:10.780610838Z,19.490091,129.48241,Cloud to Cloud,-13487,3016,13
2026-09-01T23:06:10.560323528Z,19.483015,129.499516,Cloud to Cloud,-10219,3051,7
2026-09-01T23:06:10.532327378Z,19.474039,129.388884,Cloud to Ground,20560,0,12
2026-09-01T23:06:11.132188336Z,15.039215,134.842584,Cloud to Ground,15199,0,7
2026-09-01T23:06:11.636734654Z,15.065139,134.830461,Cloud to Cloud,19906,3037,11
2026-09-01T23:06:11.534296604Z,15.069414,134.674819,Cloud to Ground,-20032,0,10
2026-09-01T23:06:11.820535864Z,15.563266,134.344962,Cloud to Ground,-15374,0,9
2026-09-01T23:06:12.279721883Z,15.507741,134.311678,Cloud to Cloud,-9047,3057,11
2026-09-01T23:06:11.752591890Z,15.509992,134.356683,Cloud to Ground,-7554,0,5
2026-09-01T23:06:12.426011188Z,18.28844,133.068159,Cloud to Ground,-11218,0,5
2026-09-01T23:06:12.551819116Z,18.280172,133.085036,Cloud to Ground,-10407,0,11
2026-09-01T23:06:12.503876946Z,18.298229,133.144092,Cloud to Ground,87054,0,19
2026-09-01T23:06:12.443084689Z,15.598796,133.810023,Cloud to Ground,-14615,0,7
2026-09-01T23:06:13.500067159Z,5.177558,114.456,Cloud to Ground,-13499,0,10
2026-09-01T23:06:13.475967396Z,15.676541,133.7042,Cloud to Ground,-17167,0,16
2026-09-01T23:06:13.627158097Z,15.66471,133.699175,Cloud to Cloud,-12832,3096,9
2026-09-01T23:06:13.628228735Z,15.605327,133.899685,Cloud to Ground,-21341,0,9
2026-09-01T23:06:13.408044660Z,15.702718,133.876526,Cloud to Cloud,9115,14818,10
2026-09-01T23:06:13.769110295Z,15.650649,133.871678,Cloud to Ground,23518,0,11
2026-09-01T23:06:13.388447530Z,15.683251,133.882411,Cloud to Ground,39831,0,15
2026-09-01T23:06:14.375596499Z,15.486594,134.247524,Cloud to Ground,-15938,0,15
2026-09-01T23:06:16.263744681Z,15.490121,134.188362,Cloud to Ground,-10021,0,7
2026-09-01T23:06:15.699157218Z,15.50963,134.155056,Cloud to Ground,9798,0,8
2026-09-01T23:06:15.045788127Z,15.48187,134.128473,Cloud to Ground,11475,0,10
2026-09-01T23:06:14.670705506Z,15.445124,134.147488,Cloud to Ground,27583,0,9
2026-09-01T23:06:14.448642453Z,15.521663,134.155745,Cloud to Ground,36290,0,11
2026-09-01T23:06:15.719398778Z,15.42783,133.06148,Cloud to Ground,-11211,0,14
2026-09-01T23:06:15.943950873Z,15.414039,133.227926,Cloud to Cloud,10988,3004,6
2026-09-01T23:06:15.870713326Z,15.42262,133.21932,Cloud to Ground,11567,0,15
2026-09-01T23:06:17.307631657Z,15.463904,134.191701,Cloud to Cloud,-13449,14275,9
2026-09-01T23:06:18.564634525Z,15.563376,133.764918,Cloud to Ground,14293,0,7
2026-09-01T23:06:18.893668955Z,19.392464,129.471926,Cloud to Cloud,-13364,3520,22
2026-09-01T23:06:18.998341284Z,19.412261,129.533488,Cloud to Cloud,6807,7797,7
2026-09-01T23:06:18.877259277Z,19.381035,129.541664,Cloud to Cloud,7385,3128,11
2026-09-01T23:06:18.883239066Z,19.453348,129.524226,Cloud to Cloud,7803,3182,8
2026-09-01T23:06:18.887693114Z,19.402755,129.527187,Cloud to Cloud,8451,7061,8
2026-09-01T23:06:18.876014101Z,19.374256,129.531133,Cloud to Ground,10616,0,17
2026-09-01T23:06:19.762659188Z,5.554074,114.598199,Cloud to Cloud,-9944,3567,7
2026-09-01T23:06:19.939083916Z,18.259023,133.056258,Cloud to Ground,-11896,0,10
2026-09-01T23:06:20.076636008Z,15.527114,134.216186,Cloud to Ground,-8394,0,13
2026-09-01T23:06:20.199096923Z,15.545265,134.29386,Cloud to Ground,4103,0,6
2026-09-01T23:06:20.293074950Z,15.533111,134.285548,Cloud to Ground,5967,0,6
2026-09-01T23:06:20.132842275Z,15.526924,134.380411,Cloud to Ground,6929,0,11
2026-09-01T23:06:20.048835115Z,15.517837,134.39078,Cloud to Ground,10115,0,10
2026-09-01T23:06:19.950624092Z,15.531464,134.379165,Cloud to Ground,15505,0,11
2026-09-01T23:06:19.901087018Z,15.508081,134.383365,Cloud to Ground,23349,0,13
2026-09-01T23:06:19.767126000Z,15.5178,134.2815,Cloud to Ground,23362,0,7
2026-09-01T23:06:19.832477464Z,15.517986,134.378083,Cloud to Ground,28137,0,14
2026-09-01T23:06:20.457154881Z,15.530513,134.390685,Cloud to Ground,46774,0,7
2026-09-01T23:06:19.788840467Z,15.751152,133.84597,Cloud to Ground,9490,0,6
2026-09-01T23:06:19.905100507Z,15.736162,133.857231,Cloud to Ground,14468,0,9
2026-09-01T23:06:19.647933707Z,15.737152,133.858169,Cloud to Ground,20383,0,11
2026-09-01T23:06:19.589712365Z,15.707512,133.85681,Cloud to Ground,27446,0,9
2026-09-01T23:06:19.726427890Z,15.698008,133.876037,Cloud to Ground,29960,0,11
2026-09-01T23:06:19.856826305Z,15.722632,133.854705,Cloud to Ground,35358,0,17
2026-09-01T23:06:20.112082623Z,15.699402,133.875135,Cloud to Ground,37218,0,12
2026-09-01T23:06:21.526989536Z,15.612455,134.176245,Cloud to Ground,-12261,0,12
2026-09-01T23:06:21.531435616Z,15.586613,134.262375,Cloud to Ground,-11123,0,7
2026-09-01T23:06:22.190770954Z,15.540376,134.108883,Cloud to Cloud,10973,14530,7
2026-09-01T23:06:22.697873783Z,15.504815,134.1446,Cloud to Ground,55336,0,12
2026-09-01T23:06:23.369146936Z,15.50537,133.719223,Cloud to Ground,-19232,0,9
2026-09-01T23:06:23.956395037Z,15.464918,133.771755,Cloud to Ground,-17827,0,6
2026-09-01T23:06:23.672087110Z,15.561469,133.714289,Cloud to Ground,-16831,0,7
2026-09-01T23:06:24.258991232Z,15.491884,133.693909,Cloud to Ground,-13103,0,15
2026-09-01T23:06:23.409223783Z,15.515018,133.705323,Cloud to Ground,-12506,0,8
2026-09-01T23:06:23.377441517Z,18.738588,132.059994,Cloud to Ground,14382,0,8
2026-09-01T23:06:23.491145525Z,18.743787,132.060497,Cloud to Ground,22262,0,12
2026-09-01T23:06:23.320170523Z,18.72664,131.930606,Cloud to Ground,18948,0,12
2026-09-01T23:06:23.141612157Z,16.237734,119.931202,Cloud to Cloud,7237,5950,7
2026-09-01T23:06:24.338092876Z,15.652925,133.34863,Cloud to Ground,-9804,0,8
2026-09-01T23:06:24.048025803Z,15.496452,134.341299,Cloud to Ground,16323,0,6
2026-09-01T23:06:25.868575351Z,16.152349,133.26507,Cloud to Ground,-19948,0,11
2026-09-01T23:06:25.536951919Z,16.215716,133.253174,Cloud to Cloud,-12737,3105,9
2026-09-01T23:06:26.769454988Z,15.484187,134.138641,Cloud to Ground,15564,0,8
2026-09-01T23:06:27.907236537Z,15.489853,134.166261,Cloud to Ground,-10623,0,8
2026-09-01T23:06:27.240596128Z,15.800172,133.125259,Cloud to Ground,32864,0,14
2026-09-01T23:06:27.322511283Z,15.818458,133.113705,Cloud to Ground,38495,0,13
2026-09-01T23:06:27.490002722Z,15.793369,132.812869,Cloud to Ground,11257,0,11
2026-09-01T23:06:28.197684783Z,15.451038,134.317495,Cloud to Ground,-18919,0,8
2026-09-01T23:06:27.841428854Z,15.484049,134.339792,Cloud to Ground,-13288,0,7
2026-09-01T23:06:27.684360749Z,15.481145,134.337457,Cloud to Ground,-11886,0,8
2026-09-01T23:06:27.663212028Z,15.504793,134.290157,Cloud to Ground,-6193,0,6
2026-09-01T23:06:27.779433824Z,15.56822,134.316857,Cloud to Cloud,10766,3060,6
2026-09-01T23:06:27.861372163Z,15.484657,134.344964,Cloud to Ground,12787,0,7
2026-09-01T23:06:27.712933913Z,15.487152,134.355292,Cloud to Ground,14160,0,6
2026-09-01T23:06:28.011697616Z,15.498533,134.339846,Cloud to Ground,14414,0,9
2026-09-01T23:06:27.743736600Z,15.500775,134.341071,Cloud to Ground,21329,0,8
2026-09-01T23:06:28.930067819Z,19.175879,130.263572,Cloud to Cloud,11295,6721,12
2026-09-01T23:06:29.085856162Z,19.111119,130.40062,Cloud to Cloud,9796,18912,8
2026-09-01T23:06:28.952013236Z,19.089275,130.311386,Cloud to Cloud,9915,3124,13
2026-09-01T23:06:28.386819865Z,15.591207,133.801012,Cloud to Ground,13358,0,7
2026-09-01T23:06:28.615671888Z,15.533806,133.816144,Cloud to Ground,18028,0,10
2026-09-01T23:06:28.505531420Z,15.695333,133.58443,Cloud to Ground,12089,0,8
2026-09-01T23:06:28.243575268Z,16.521587,133.756802,Cloud to Ground,-11102,0,7
2026-09-01T23:06:29.732696671Z,15.277071,134.503409,Cloud to Cloud,-16216,3057,9
2026-09-01T23:06:29.898621603Z,15.435021,134.143863,Cloud to Ground,11751,0,10
2026-09-01T23:06:32.008524709Z,15.509436,134.307522,Cloud to Ground,-14754,0,10
2026-09-01T23:06:32.186104641Z,15.532657,134.250557,Cloud to Ground,-12522,0,9
2026-09-01T23:06:32.671559416Z,15.512733,134.299391,Cloud to Ground,25367,0,10
2026-09-01T23:06:32.767216471Z,19.476509,129.599145,Cloud to Ground,-13169,0,6
2026-09-01T23:06:32.481006632Z,19.455954,129.536951,Cloud to Cloud,11298,16367,7
2026-09-01T23:06:32.714088734Z,19.429326,129.397859,Cloud to Ground,-16227,0,9
2026-09-01T23:06:32.744030068Z,19.412624,129.361973,Cloud to Ground,-12811,0,10
2026-09-01T23:06:32.773136683Z,19.489244,129.428813,Cloud to Cloud,10111,6952,7
2026-09-01T23:06:32.610955000Z,19.4634,129.439,Cloud to Ground,20799,0,5
2026-09-01T23:06:33.868871945Z,5.95835,115.614681,Cloud to Ground,-11613,0,8
2026-09-01T23:06:33.898034227Z,5.958969,115.617406,Cloud to Cloud,-9065,3653,10
2026-09-01T23:06:33.599689946Z,15.431475,134.332229,Cloud to Ground,-7961,0,6
2026-09-01T23:06:33.495471230Z,15.487372,134.158994,Cloud to Ground,21196,0,11
2026-09-01T23:06:35.486827302Z,15.388033,134.150494,Cloud to Ground,-15486,0,9
2026-09-01T23:06:35.316678194Z,15.440046,134.133485,Cloud to Ground,-15471,0,8
2026-09-01T23:06:35.292049178Z,15.425684,134.116253,Cloud to Ground,22131,0,15
2026-09-01T23:06:36.731698567Z,15.692749,133.711071,Cloud to Ground,-29397,0,10
2026-09-01T23:06:36.800858740Z,15.687683,133.692284,Cloud to Ground,-13620,0,16
2026-09-01T23:06:37.355693986Z,15.655482,133.890519,Cloud to Ground,-11848,0,8
2026-09-01T23:06:37.048140545Z,15.680052,133.859596,Cloud to Ground,11871,0,10
2026-09-01T23:06:36.954731538Z,15.701733,133.861493,Cloud to Ground,12825,0,10
2026-09-01T23:06:36.824045077Z,15.682479,133.858885,Cloud to Ground,14787,0,16
2026-09-01T23:06:37.167309285Z,15.683765,133.855915,Cloud to Cloud,15606,7813,11
2026-09-01T23:06:37.231475317Z,15.667717,133.868229,Cloud to Ground,19358,0,13
2026-09-01T23:06:37.353831492Z,15.663992,133.853045,Cloud to Ground,22783,0,7
2026-09-01T23:06:36.858172939Z,15.676936,133.85716,Cloud to Ground,31899,0,16
2026-09-01T23:06:36.886533443Z,15.461769,134.310574,Cloud to Ground,40531,0,14
2026-09-01T23:06:35.551764653Z,15.272197,134.430839,Cloud to Ground,14239,0,7
2026-09-01T23:06:36.023284697Z,15.322679,134.3984,Cloud to Ground,17684,0,7
2026-09-01T23:06:35.989303137Z,15.508255,134.298541,Cloud to Cloud,-19227,7913,10
2026-09-01T23:06:36.006039209Z,15.524353,134.330311,Cloud to Ground,-17255,0,13
2026-09-01T23:06:35.896752361Z,15.464884,134.3557,Cloud to Ground,13406,0,6
2026-09-01T23:06:36.048579082Z,15.438811,134.359957,Cloud to Ground,17568,0,7
2026-09-01T23:06:38.916583558Z,15.549918,134.383081,Cloud to Ground,59128,0,15
2026-09-01T23:06:39.704457029Z,15.60476,133.303351,Cloud to Ground,-17663,0,11
2026-09-01T23:06:39.857636386Z,15.551128,134.286345,Cloud to Ground,-10707,0,8
2026-09-01T23:06:40.108108482Z,5.209328,114.305648,Cloud to Cloud,-9993,11146,7
2026-09-01T23:06:40.606085105Z,15.687573,133.600993,Cloud to Ground,-8554,0,11
2026-09-01T23:06:40.540333110Z,15.492231,134.140617,Cloud to Ground,21966,0,8
2026-09-01T23:06:40.098910981Z,15.692445,133.754834,Cloud to Ground,12086,0,9
2026-09-01T23:06:40.567063161Z,15.685805,133.75785,Cloud to Ground,45303,0,17
2026-09-01T23:06:40.084850517Z,15.702196,133.756007,Cloud to Ground,63126,0,11
2026-09-01T23:06:40.251572874Z,15.600745,133.848614,Cloud to Ground,-18664,0,11
2026-09-01T23:06:40.848732378Z,15.597351,133.852647,Cloud to Ground,-15391,0,8
2026-09-01T23:06:40.249193518Z,15.492159,133.885921,Cloud to Ground,-25286,0,7
2026-09-01T23:06:40.944744632Z,15.482085,133.816875,Cloud to Ground,13339,0,7
2026-09-01T23:06:41.173271025Z,5.069151,114.407393,Cloud to Ground,-26048,0,18
2026-09-01T23:06:41.626805671Z,5.077172,114.437894,Cloud to Ground,-11785,0,7
2026-09-01T23:06:41.205122071Z,5.003241,114.461455,Cloud to Ground,12384,0,10
2026-09-01T23:06:41.505304624Z,5.001045,114.461519,Cloud to Ground,18035,0,19
2026-09-01T23:06:42.126279745Z,15.755952,133.647358,Cloud to Ground,-19856,0,7
2026-09-01T23:06:41.708550833Z,15.494394,134.36352,Cloud to Ground,10171,0,6
2026-09-01T23:06:42.380262424Z,15.538346,134.343045,Cloud to Cloud,10747,6398,8
2026-09-01T23:06:42.600349596Z,15.537517,134.343177,Cloud to Ground,15624,0,10
2026-09-01T23:06:41.400360778Z,15.477686,134.294867,Cloud to Ground,24589,0,8
2026-09-01T23:06:42.259748435Z,15.541992,134.341342,Cloud to Ground,46216,0,9
2026-09-01T23:06:43.899073697Z,5.40424,114.801135,Cloud to Cloud,-16102,15670,8
2026-09-01T23:06:43.879622368Z,5.406417,114.797636,Cloud to Cloud,-7853,7253,9
2026-09-01T23:06:43.660850306Z,5.410678,114.792356,Cloud to Cloud,-7526,17531,10
2026-09-01T23:06:43.173940429Z,15.704001,133.704676,Cloud to Ground,-14133,0,6
2026-09-01T23:06:44.056330921Z,5.169308,114.360147,Cloud to Cloud,-9117,16113,10
2026-09-01T23:06:44.064354066Z,5.22535,114.171701,Cloud to Cloud,-9350,5319,6
2026-09-01T23:06:44.284873964Z,5.068533,114.351696,Cloud to Ground,-13746,0,9
2026-09-01T23:06:44.090523771Z,15.450351,134.152047,Cloud to Ground,20668,0,12
2026-09-01T23:06:45.529325900Z,5.102461,114.402025,Cloud to Ground,9398,0,9
2026-09-01T23:06:46.228997962Z,5.352907,114.595743,Cloud to Cloud,-9798,3084,9
2026-09-01T23:06:45.894473734Z,5.289273,114.639216,Cloud to Ground,32647,0,10
2026-09-01T23:06:45.993886548Z,15.477776,134.195873,Cloud to Cloud,-13829,7902,16
2026-09-01T23:06:46.205436980Z,15.488518,134.410263,Cloud to Ground,12822,0,14
2026-09-01T23:06:46.206859123Z,15.508294,134.368546,Cloud to Ground,14491,0,14
2026-09-01T23:06:46.047097796Z,15.500976,134.404339,Cloud to Ground,20574,0,10
2026-09-01T23:06:46.435063043Z,19.414076,129.542485,Cloud to Cloud,8628,3003,7
2026-09-01T23:06:46.973637092Z,19.394296,129.70533,Cloud to Ground,-22137,0,12
2026-09-01T23:06:46.975799298Z,19.468474,129.640899,Cloud to Cloud,-9180,4805,7
2026-09-01T23:06:46.802966138Z,19.404762,129.679266,Cloud to Cloud,-5451,7294,5
2026-09-01T23:06:46.446200348Z,19.422278,129.676002,Cloud to Ground,12090,0,13
2026-09-01T23:06:46.477301809Z,19.424032,129.645668,Cloud to Cloud,12242,4354,6
2026-09-01T23:06:47.858078834Z,5.023958,114.424655,Cloud to Cloud,-12272,3027,7
2026-09-01T23:06:48.895113473Z,15.586228,134.345362,Cloud to Ground,9092,0,9
2026-09-01T23:06:49.046078236Z,15.597576,134.349505,Cloud to Ground,13827,0,6
2026-09-01T23:06:48.803448337Z,15.581792,134.356742,Cloud to Ground,32240,0,13
2026-09-01T23:06:48.978705668Z,19.474258,129.527873,Cloud to Cloud,-8993,7503,6
2026-09-01T23:06:49.808766386Z,15.418132,134.127466,Cloud to Ground,-18335,0,6
2026-09-01T23:06:49.795173916Z,15.459306,134.100512,Cloud to Ground,-12232,0,11
2026-09-01T23:06:49.553344400Z,15.590259,134.195528,Cloud to Ground,-12300,0,18
2026-09-01T23:06:49.104994644Z,15.580037,134.187185,Cloud to Ground,-10763,0,15
2026-09-01T23:06:49.864844150Z,15.301295,134.173134,Cloud to Ground,27657,0,9
2026-09-01T23:06:49.719524000Z,15.5337,133.7136,Cloud to Ground,-8714,0,5
2026-09-01T23:06:49.894001301Z,16.204006,133.286499,Cloud to Ground,13831,0,8
2026-09-01T23:06:49.873427864Z,16.253556,133.186163,Cloud to Cloud,-19095,3417,19
2026-09-01T23:06:49.128592522Z,15.474462,134.289999,Cloud to Ground,-17151,0,7
2026-09-01T23:06:49.779682180Z,15.589332,134.352354,Cloud to Ground,18697,0,10
2026-09-01T23:06:51.062035846Z,15.52115,134.288734,Cloud to Ground,-15698,0,9
2026-09-01T23:06:50.614733420Z,15.479096,134.338113,Cloud to Ground,-15437,0,9
2026-09-01T23:06:51.167256931Z,15.451003,134.209038,Cloud to Ground,-12363,0,8
2026-09-01T23:06:50.910764174Z,15.495151,134.203748,Cloud to Ground,-11429,0,8
2026-09-01T23:06:50.599163598Z,15.487574,134.369035,Cloud to Ground,19377,0,11
2026-09-01T23:06:50.994953267Z,15.468224,134.358198,Cloud to Ground,22335,0,10
2026-09-01T23:06:50.091255268Z,16.092533,133.300978,Cloud to Ground,14557,0,7
2026-09-01T23:06:51.892950993Z,5.02538,114.391969,Cloud to Cloud,7535,3109,6
2026-09-01T23:06:51.838911441Z,18.730137,132.1133,Cloud to Ground,15786,0,9
2026-09-01T23:06:52.129630096Z,18.733067,132.115745,Cloud to Ground,36053,0,13
2026-09-01T23:06:51.990389054Z,18.72906,132.121318,Cloud to Ground,78651,0,19
2026-09-01T23:06:51.807616527Z,18.812369,132.061128,Cloud to Cloud,-32611,6638,14
2026-09-01T23:06:52.900128955Z,5.104221,114.411034,Cloud to Cloud,-7980,7549,6
2026-09-01T23:06:52.331963498Z,15.755635,133.734027,Cloud to Ground,7225,0,7
2026-09-01T23:06:54.558578871Z,15.493437,134.38543,Cloud to Ground,22191,0,11
2026-09-01T23:06:54.188869005Z,15.518762,134.385129,Cloud to Ground,36943,0,14
2026-09-01T23:06:55.727859237Z,15.431717,134.173629,Cloud to Ground,33292,0,11
2026-09-01T23:06:55.651425876Z,15.711559,133.714032,Cloud to Ground,-12009,0,9
2026-09-01T23:06:56.151082250Z,15.508692,134.339728,Cloud to Ground,-13071,0,6
2026-09-01T23:06:55.989408588Z,15.448945,134.301481,Cloud to Ground,-9168,0,6
2026-09-01T23:06:57.190046866Z,15.466755,134.18519,Cloud to Ground,11979,0,7
2026-09-01T23:06:57.878755608Z,15.490419,133.994527,Cloud to Ground,-10635,0,14
2026-09-01T23:06:57.639327330Z,15.756517,133.557407,Cloud to Cloud,-12046,3114,11
2026-09-01T23:06:57.213678335Z,15.758179,133.745475,Cloud to Cloud,12844,3049,8
2026-09-01T23:06:57.335517064Z,15.769514,133.733352,Cloud to Cloud,13104,5085,6
2026-09-01T23:06:57.539873000Z,15.7794,133.6904,Cloud to Ground,13722,0,5
2026-09-01T23:06:57.511510330Z,15.759446,133.74009,Cloud to Ground,15267,0,14
2026-09-01T23:06:57.176592699Z,15.768205,133.740655,Cloud to Ground,16976,0,7
2026-09-01T23:06:57.390309475Z,15.716734,133.752048,Cloud to Ground,18981,0,7
2026-09-01T23:06:57.438883911Z,15.750251,133.742045,Cloud to Ground,19507,0,9
2026-09-01T23:06:57.019364965Z,15.768467,133.739881,Cloud to Ground,29879,0,13
2026-09-01T23:06:58.930093761Z,18.851496,131.987668,Cloud to Ground,-31847,0,16
2026-09-01T23:06:58.912352820Z,18.842584,131.973679,Cloud to Cloud,-22791,4239,8
2026-09-01T23:06:58.523986032Z,15.509026,134.179656,Cloud to Ground,17947,0,11
2026-09-01T23:06:58.143401550Z,15.595895,133.870957,Cloud to Ground,13890,0,11
2026-09-01T23:06:59.102234364Z,18.791685,131.770865,Cloud to Cloud,-11025,5787,11
2026-09-01T23:06:59.577619501Z,15.664902,133.127385,Cloud to Ground,-20923,0,9
2026-09-01T23:06:59.576289620Z,15.746668,133.15119,Cloud to Ground,24624,0,8
2026-09-01T23:07:00.047933856Z,5.016623,114.319142,Cloud to Cloud,-8305,4690,8
2026-09-01T23:07:01.933214954Z,5.148177,114.445268,Cloud to Cloud,-9824,3003,8
2026-09-01T23:07:01.967708281Z,5.070386,114.42968,Cloud to Cloud,10713,15424,7
2026-09-01T23:07:01.022674348Z,15.498095,134.334882,Cloud to Ground,-28858,0,10
2026-09-01T23:07:00.792340125Z,15.489973,134.348591,Cloud to Ground,-9058,0,7
2026-09-01T23:07:00.441891515Z,15.49486,134.284563,Cloud to Ground,16947,0,8
2026-09-01T23:07:01.047657463Z,15.489897,134.363282,Cloud to Ground,21362,0,19
2026-09-01T23:07:01.355948706Z,15.378253,134.16337,Cloud to Ground,12172,0,6
2026-09-01T23:07:02.927276386Z,15.569759,134.302541,Cloud to Ground,-13128,0,13
2026-09-01T23:07:02.829185393Z,15.548944,133.688986,Cloud to Cloud,-10227,11117,7
2026-09-01T23:07:03.543548646Z,16.193018,133.325848,Cloud to Ground,-10986,0,11
2026-09-01T23:07:03.589421800Z,16.199414,133.297869,Cloud to Ground,16480,0,7
2026-09-01T23:07:03.780247000Z,16.2084,133.2558,Cloud to Ground,23156,0,5
2026-09-01T23:07:03.542960000Z,16.211,133.1834,Cloud to Ground,25491,0,5
2026-09-01T23:07:04.801696570Z,15.558193,134.243167,Cloud to Cloud,-11969,4266,12
2026-09-01T23:07:05.196634507Z,15.466922,134.364475,Cloud to Ground,16906,0,8
2026-09-01T23:07:05.135861160Z,19.53344,129.346103,Cloud to Cloud,7710,3010,8
2026-09-01T23:07:05.368410646Z,19.491479,129.495995,Cloud to Cloud,-10096,6439,9
2026-09-01T23:07:05.431017356Z,19.474248,129.45259,Cloud to Ground,-7234,0,6
2026-09-01T23:07:05.487713059Z,19.481579,129.523785,Cloud to Ground,-5582,0,5
2026-09-01T23:07:05.389893274Z,19.471812,129.417033,Cloud to Cloud,9454,4890,7
2026-09-01T23:07:06.372603732Z,18.760724,131.193629,Cloud to Ground,-9980,0,7
2026-09-01T23:07:07.500722999Z,3.514963,112.904422,Cloud to Ground,-12320,0,9
2026-09-01T23:07:08.121511775Z,5.077379,114.309174,Cloud to Cloud,-10647,3008,11
2026-09-01T23:07:08.765463985Z,15.510603,134.390229,Cloud to Cloud,10338,3530,7
2026-09-01T23:07:08.987421075Z,15.514635,134.394703,Cloud to Ground,10617,0,6
2026-09-01T23:07:08.048575585Z,15.443127,134.379147,Cloud to Ground,12914,0,5
2026-09-01T23:07:08.961339101Z,15.506926,134.392254,Cloud to Ground,17635,0,9
2026-09-01T23:07:08.737994260Z,15.51097,134.397371,Cloud to Ground,35871,0,17
2026-09-01T23:07:08.834794825Z,15.509075,134.396054,Cloud to Ground,56008,0,17
2026-09-01T23:07:08.620348592Z,15.766537,133.723196,Cloud to Ground,10831,0,7
2026-09-01T23:07:08.853688000Z,18.7195,131.9787,Cloud to Ground,25024,0,5
2026-09-01T23:07:09.059879066Z,15.556349,134.209497,Cloud to Ground,26021,0,7
2026-09-01T23:07:10.946918979Z,19.252039,129.954114,Cloud to Ground,-26456,0,14
2026-09-01T23:07:11.262481414Z,19.258061,129.956126,Cloud to Ground,15120,0,6
2026-09-01T23:07:11.011615532Z,19.261377,129.956226,Cloud to Cloud,15750,5518,9
2026-09-01T23:07:11.085359383Z,15.649962,133.824715,Cloud to Ground,-11010,0,8
2026-09-01T23:07:12.352787894Z,15.481657,134.299217,Cloud to Cloud,-6644,3171,5
2026-09-01T23:07:12.242931051Z,15.468319,134.370738,Cloud to Ground,20005,0,7
2026-09-01T23:07:13.724377447Z,15.681859,133.561672,Cloud to Cloud,-7771,5545,7
2026-09-01T23:07:13.116658855Z,15.536552,133.657201,Cloud to Cloud,7928,13782,9
2026-09-01T23:07:13.480601997Z,15.751952,133.720505,Cloud to Ground,-16026,0,7
2026-09-01T23:07:13.683634576Z,15.74429,133.6513,Cloud to Ground,-8411,0,11
2026-09-01T23:07:13.981771929Z,15.701552,133.713432,Cloud to Ground,11609,0,9
2026-09-01T23:07:14.109089376Z,15.453801,134.267858,Cloud to Ground,14141,0,7
2026-09-01T23:07:14.508503000Z,15.435518,134.267748,Cloud to Ground,28749,0,6
2026-09-01T23:07:15.844661582Z,15.510832,134.307559,Cloud to Ground,27075,0,7
2026-09-01T23:07:16.585892034Z,5.1229,114.43491,Cloud to Ground,-12525,0,7
2026-09-01T23:07:16.627806296Z,5.140927,114.404462,Cloud to Cloud,-8344,6978,7
2026-09-01T23:07:16.987693247Z,5.118816,114.422712,Cloud to Cloud,9744,3871,6
2026-09-01T23:07:16.890709564Z,15.571034,133.805235,Cloud to Ground,10514,0,8
2026-09-01T23:07:17.170120843Z,15.452165,134.160035,Cloud to Ground,-12058,0,7
2026-09-01T23:07:17.377036675Z,15.479347,134.178841,Cloud to Ground,21049,0,12
2026-09-01T23:07:18.419169238Z,15.568095,133.75558,Cloud to Ground,-20957,0,16
2026-09-01T23:07:25.546515045Z,15.773479,134.285312,Cloud to Ground,-14860,0,9
2026-09-01T23:07:25.729902726Z,15.660478,134.288612,Cloud to Ground,-15655,0,14
2026-09-01T23:07:25.204703234Z,15.655509,134.304926,Cloud to Ground,-14098,0,10
2026-09-01T23:07:25.215878703Z,15.653885,134.307063,Cloud to Ground,-12966,0,11
2026-09-01T23:07:25.203536935Z,15.612142,134.148333,Cloud to Ground,-8488,0,8
2026-09-01T23:07:25.615139738Z,15.79669,133.146203,Cloud to Ground,27301,0,7
2026-09-01T23:07:25.735894424Z,19.447305,129.381204,Cloud to Ground,10615,0,13
2026-09-01T23:07:26.536125824Z,15.516666,134.380102,Cloud to Ground,15928,0,11
2026-09-01T23:07:26.503748223Z,15.495446,134.403573,Cloud to Ground,46224,0,16
2026-09-01T23:07:26.098364521Z,16.195256,133.281168,Cloud to Cloud,-18564,3040,12
2026-09-01T23:07:26.320694760Z,16.176981,133.277947,Cloud to Ground,-14223,0,13
2026-09-01T23:07:26.345076120Z,15.560349,133.238357,Cloud to Ground,10148,0,8
2026-09-01T23:07:26.545487277Z,15.457733,134.109737,Cloud to Ground,12199,0,10
2026-09-01T23:07:26.437706095Z,15.491747,134.207999,Cloud to Cloud,-14848,3067,10
2026-09-01T23:07:26.587571000Z,15.4858,134.2809,Cloud to Ground,13717,0,5
2026-09-01T23:07:28.292746575Z,15.466748,134.353597,Cloud to Ground,-14318,0,6
2026-09-01T23:07:28.174788391Z,15.478175,134.327209,Cloud to Ground,11212,0,10
2026-09-01T23:07:28.074706883Z,15.452917,134.343601,Cloud to Ground,11295,0,7
2026-09-01T23:07:28.705126595Z,19.418399,129.647674,Cloud to Ground,-23732,0,14
2026-09-01T23:07:29.044391976Z,19.403771,129.568319,Cloud to Ground,-17274,0,11
2026-09-01T23:07:28.737839446Z,19.414142,129.619632,Cloud to Ground,-15406,0,11
2026-09-01T23:07:29.353936582Z,19.463822,129.503193,Cloud to Cloud,-14928,15878,9
2026-09-01T23:07:29.105320427Z,19.424253,129.632333,Cloud to Ground,-11066,0,8
2026-09-01T23:07:29.424937710Z,19.479076,129.475764,Cloud to Cloud,-9032,14866,11
2026-09-01T23:07:29.215422621Z,19.508655,129.373328,Cloud to Cloud,6274,16104,6
2026-09-01T23:07:29.257843449Z,19.457816,129.507423,Cloud to Cloud,8492,7022,8
2026-09-01T23:07:29.219347411Z,19.475262,129.506045,Cloud to Cloud,9438,6715,7
2026-09-01T23:07:29.441425483Z,19.444505,129.400179,Cloud to Cloud,16146,5175,8
2026-09-01T23:07:29.426494817Z,5.030204,114.393406,Cloud to Ground,13242,0,7
2026-09-01T23:07:29.773917945Z,15.454684,134.137762,Cloud to Cloud,10284,3969,8
2026-09-01T23:07:29.716438888Z,15.432406,134.323363,Cloud to Ground,13677,0,8
2026-09-01T23:07:30.939102353Z,15.819082,133.095214,Cloud to Ground,-8601,0,7
2026-09-01T23:07:30.828836026Z,15.713958,133.537807,Cloud to Ground,-10761,0,7
2026-09-01T23:07:31.824656020Z,15.486982,134.346648,Cloud to Ground,-20579,0,8
2026-09-01T23:07:31.636553683Z,15.538113,134.29619,Cloud to Ground,-17090,0,18
2026-09-01T23:07:31.512127477Z,15.539943,134.327507,Cloud to Cloud,-10740,13608,10
2026-09-01T23:07:31.471447456Z,15.477098,134.356069,Cloud to Ground,-8864,0,10
2026-09-01T23:07:31.545838215Z,15.371779,134.377406,Cloud to Cloud,15313,19661,5
2026-09-01T23:07:31.654474456Z,15.384968,134.396421,Cloud to Ground,27409,0,7
2026-09-01T23:07:31.166735213Z,15.66928,133.745748,Cloud to Cloud,8684,3944,7
2026-09-01T23:07:31.062784529Z,15.625275,133.751549,Cloud to Ground,15568,0,9
2026-09-01T23:07:32.999450196Z,15.586537,133.694002,Cloud to Cloud,-13108,16058,14
2026-09-01T23:07:32.996731352Z,15.541681,134.352872,Cloud to Ground,9764,0,8
2026-09-01T23:07:32.853198802Z,15.505647,134.398538,Cloud to Ground,20884,0,12
2026-09-01T23:07:33.098783301Z,15.55304,134.08357,Cloud to Cloud,-10979,6638,10
2026-09-01T23:07:33.106398331Z,15.602343,133.883705,Cloud to Ground,-14253,0,8
2026-09-01T23:07:33.509479945Z,15.699865,133.819719,Cloud to Cloud,-11964,3064,13
2026-09-01T23:07:33.556988165Z,15.658297,133.840059,Cloud to Ground,18495,0,8
2026-09-01T23:07:33.176241569Z,15.639999,133.894738,Cloud to Ground,21898,0,7
2026-09-01T23:07:34.268450824Z,15.726534,133.570649,Cloud to Cloud,-14254,3324,19
2026-09-01T23:07:34.128856854Z,15.643394,134.197882,Cloud to Cloud,-11519,5559,9
2026-09-01T23:07:35.272267675Z,5.075676,114.438007,Cloud to Cloud,-15944,7858,7
2026-09-01T23:07:35.142942348Z,15.503142,134.357433,Cloud to Ground,-15602,0,10
2026-09-01T23:07:35.374476086Z,15.522287,134.155791,Cloud to Ground,23739,0,8
2026-09-01T23:07:35.070687036Z,15.7274,133.718629,Cloud to Ground,-15186,0,12
2026-09-01T23:07:36.010120639Z,16.252043,133.312697,Cloud to Cloud,-33791,4369,10
2026-09-01T23:07:36.912306621Z,15.432303,134.370032,Cloud to Ground,-16260,0,9
2026-09-01T23:07:36.930586658Z,19.530708,129.4496,Cloud to Ground,10798,0,9
2026-09-01T23:07:37.008240718Z,15.593433,133.747958,Cloud to Ground,-14884,0,11
2026-09-01T23:07:37.602082984Z,15.54266,133.833461,Cloud to Ground,-16904,0,10
2026-09-01T23:07:37.474187501Z,19.442102,129.362544,Cloud to Cloud,-23713,3131,11
2026-09-01T23:07:37.308841831Z,19.449382,129.577985,Cloud to Cloud,6410,17539,5
2026-09-01T23:07:38.911900793Z,6.060048,115.618513,Cloud to Cloud,-11183,7143,13
2026-09-01T23:07:38.531750857Z,6.041919,115.606848,Cloud to Ground,11920,0,13
2026-09-01T23:07:38.600226259Z,5.971095,115.639066,Cloud to Cloud,15801,14611,6
2026-09-01T23:07:38.577424457Z,6.040628,115.62513,Cloud to Ground,16344,0,9
2026-09-01T23:07:38.626978533Z,18.760718,132.093318,Cloud to Ground,28581,0,14
2026-09-01T23:07:40.231862516Z,5.041747,114.251662,Cloud to Ground,12746,0,6
2026-09-01T23:07:41.585782362Z,15.466605,134.173785,Cloud to Ground,24583,0,9
2026-09-01T23:07:42.482224096Z,15.523073,133.888367,Cloud to Cloud,-8495,6192,9
2026-09-01T23:07:42.468926189Z,15.556753,133.89947,Cloud to Ground,12314,0,7
2026-09-01T23:07:42.119972587Z,15.654803,133.595623,Cloud to Cloud,-13404,3197,15
2026-09-01T23:07:42.009934943Z,15.57207,133.405184,Cloud to Ground,17892,0,14
2026-09-01T23:07:42.030412860Z,15.756977,133.699724,Cloud to Cloud,-24586,3019,24
2026-09-01T23:07:42.695794829Z,15.672962,133.712604,Cloud to Ground,-8382,0,7
2026-09-01T23:07:42.480241662Z,15.677475,133.759597,Cloud to Ground,10931,0,12
2026-09-01T23:07:42.768199453Z,15.67319,133.836722,Cloud to Ground,11624,0,7
2026-09-01T23:07:42.132314065Z,15.686956,133.743291,Cloud to Ground,12956,0,8
2026-09-01T23:07:42.555932109Z,15.681099,133.745907,Cloud to Ground,14425,0,7
2026-09-01T23:07:42.893152227Z,15.675794,133.758969,Cloud to Cloud,16836,3055,12
2026-09-01T23:07:42.581504951Z,15.635498,133.764416,Cloud to Ground,17363,0,7
2026-09-01T23:07:42.766545523Z,15.68342,133.756766,Cloud to Ground,24963,0,11
2026-09-01T23:07:42.693766359Z,15.663711,133.761001,Cloud to Ground,27378,0,10
2026-09-01T23:07:42.463743163Z,15.442664,133.93103,Cloud to Ground,13775,0,7
2026-09-01T23:07:43.210829546Z,15.809491,133.648151,Cloud to Cloud,-11785,4448,16
2026-09-01T23:07:43.312044391Z,15.497802,134.352025,Cloud to Ground,11951,0,7
2026-09-01T23:07:44.659138246Z,15.523967,134.373527,Cloud to Ground,23730,0,14
2026-09-01T23:07:44.550456140Z,19.499556,129.366089,Cloud to Cloud,11901,19862,7
2026-09-01T23:07:45.263093484Z,15.503901,134.248124,Cloud to Ground,12975,0,7
2026-09-01T23:07:46.472713658Z,15.148746,134.708692,Cloud to Ground,15333,0,6
2026-09-01T23:07:46.342642112Z,15.13504,134.733397,Cloud to Ground,39181,0,18
2026-09-01T23:07:46.269141779Z,15.113166,116.702378,Cloud to Cloud,-9753,18265,9
2026-09-01T23:07:47.402943016Z,15.74384,133.648899,Cloud to Ground,-10368,0,10
2026-09-01T23:07:46.809606214Z,15.685035,133.679096,Cloud to Ground,-5860,0,6
2026-09-01T23:07:48.693747133Z,5.134743,114.424413,Cloud to Ground,-19428,0,9
2026-09-01T23:07:48.729736730Z,5.063857,114.428077,Cloud to Ground,-8406,0,8
2026-09-01T23:07:49.846524932Z,19.097146,130.537532,Cloud to Ground,-58069,0,16
2026-09-01T23:07:49.251093049Z,19.104816,130.502444,Cloud to Ground,-14394,0,13
2026-09-01T23:07:49.232283366Z,19.128484,130.431139,Cloud to Cloud,-10829,11438,17
2026-09-01T23:07:49.214529663Z,19.122434,130.469725,Cloud to Ground,-8004,0,9
2026-09-01T23:07:49.862528485Z,19.097005,130.525707,Cloud to Cloud,-7190,8732,5
2026-09-01T23:07:49.384872480Z,19.131256,130.456374,Cloud to Ground,13938,0,7
2026-09-01T23:07:49.891978000Z,19.1157,130.4747,Cloud to Ground,16133,0,5
2026-09-01T23:07:49.668920324Z,15.648991,133.725026,Cloud to Ground,-8013,0,8
2026-09-01T23:07:49.272568691Z,15.482026,134.148354,Cloud to Ground,20335,0,10
2026-09-01T23:07:49.835755706Z,15.53739,134.317611,Cloud to Ground,-13474,0,8
2026-09-01T23:07:50.365573500Z,15.633977,133.855066,Cloud to Ground,19731,0,12
2026-09-01T23:07:50.451815256Z,15.561713,133.880258,Cloud to Ground,24410,0,9
2026-09-01T23:07:50.225831093Z,15.640194,133.841343,Cloud to Ground,26645,0,7
2026-09-01T23:07:50.631708660Z,15.632037,133.702331,Cloud to Ground,-11000,0,7
2026-09-01T23:07:52.938357986Z,18.70826,132.105808,Cloud to Ground,-8435,0,7
2026-09-01T23:07:52.999783040Z,18.717214,132.127368,Cloud to Ground,-8125,0,7
2026-09-01T23:07:52.051783785Z,15.498448,134.148914,Cloud to Ground,20111,0,10
2026-09-01T23:07:52.421279119Z,15.441483,134.159824,Cloud to Ground,24421,0,10
2026-09-01T23:07:52.272739550Z,15.574584,133.212633,Cloud to Ground,27779,0,15
2026-09-01T23:07:53.009380549Z,15.529415,134.403515,Cloud to Ground,23431,0,14
2026-09-01T23:07:53.108257334Z,15.518731,134.400248,Cloud to Ground,27695,0,10
2026-09-01T23:07:53.709450298Z,15.480512,133.810084,Cloud to Ground,14735,0,10
2026-09-01T23:07:53.707763464Z,15.47461,133.550982,Cloud to Ground,-9481,0,11
2026-09-01T23:07:54.206202067Z,15.432578,134.310643,Cloud to Ground,-16127,0,9
2026-09-01T23:07:55.393979051Z,17.653688,134.043078,Cloud to Ground,-14274,0,9
2026-09-01T23:07:55.398490302Z,17.60802,134.129322,Cloud to Ground,-18688,0,11
2026-09-01T23:07:55.393038019Z,17.598274,134.141562,Cloud to Ground,-10961,0,14
2026-09-01T23:07:55.458193091Z,17.598194,134.217235,Cloud to Ground,38272,0,16
2026-09-01T23:07:55.392148837Z,17.590096,134.149684,Cloud to Ground,42649,0,15
2026-09-01T23:07:55.035111706Z,15.717718,133.735913,Cloud to Ground,11346,0,8
2026-09-01T23:07:55.780765766Z,19.528088,129.371837,Cloud to Cloud,11203,3361,10
2026-09-01T23:07:55.819576843Z,19.498853,129.509868,Cloud to Cloud,-17202,3274,9
2026-09-01T23:07:55.671404009Z,19.465195,129.487382,Cloud to Ground,13549,0,8
2026-09-01T23:07:55.884260649Z,19.486045,129.549908,Cloud to Ground,40247,0,12
2026-09-01T23:07:56.474423669Z,15.766393,133.71799,Cloud to Ground,14522,0,10
2026-09-01T23:07:56.257292701Z,15.800931,133.14108,Cloud to Ground,11975,0,11
2026-09-01T23:07:56.212386000Z,15.816,133.0376,Cloud to Ground,16416,0,8
2026-09-01T23:07:56.656136275Z,15.513631,134.158222,Cloud to Ground,13361,0,14
2026-09-01T23:07:57.872759591Z,15.311239,134.6362,Cloud to Cloud,-12548,5044,10
2026-09-01T23:07:57.849000421Z,15.283862,134.640576,Cloud to Ground,48754,0,16
2026-09-01T23:07:58.261604188Z,15.490737,133.166345,Cloud to Cloud,-27407,7547,14
2026-09-01T23:07:58.287968108Z,15.408682,133.228476,Cloud to Ground,21881,0,11
2026-09-01T23:07:58.560200331Z,15.456342,134.133574,Cloud to Ground,17063,0,7
2026-09-01T23:07:58.623164492Z,15.494659,134.323714,Cloud to Ground,18529,0,8
2026-09-01T23:07:59.335793398Z,15.52823,134.369165,Cloud to Ground,13843,0,12
2026-09-01T23:08:00.122448805Z,5.085982,114.419312,Cloud to Cloud,-9759,6185,8
2026-09-01T23:08:00.615596287Z,15.452352,134.35984,Cloud to Ground,-13105,0,10
2026-09-01T23:08:00.583933794Z,15.445405,134.334664,Cloud to Ground,-10905,0,7
2026-09-01T23:08:02.668953066Z,15.484577,134.347739,Cloud to Ground,11842,0,15
2026-09-01T23:08:02.619514179Z,15.493895,134.360572,Cloud to Ground,14707,0,9
2026-09-01T23:08:03.028831184Z,19.483872,129.554514,Cloud to Cloud,-11305,7063,11
2026-09-01T23:08:04.801201013Z,18.830869,131.995273,Cloud to Ground,-56225,0,12
2026-09-01T23:08:04.818585047Z,18.875259,131.989964,Cloud to Ground,-42971,0,15
2026-09-01T23:08:05.059931596Z,18.858771,131.992215,Cloud to Ground,-15010,0,8
2026-09-01T23:08:04.874521930Z,18.860703,132.019752,Cloud to Ground,-12834,0,7
2026-09-01T23:08:04.800702461Z,18.848038,131.988946,Cloud to Ground,-9968,0,10
2026-09-01T23:08:05.992168584Z,16.22173,133.235511,Cloud to Ground,22006,0,8
2026-09-01T23:08:05.060463781Z,18.823301,131.794482,Cloud to Cloud,-11575,3050,10
2026-09-01T23:08:05.015652000Z,18.8564,131.8705,Cloud to Ground,20778,0,7
2026-09-01T23:08:05.324917831Z,15.50114,134.164229,Cloud to Ground,26908,0,8
2026-09-01T23:08:05.574480928Z,15.526771,134.311151,Cloud to Cloud,-13473,3750,9
2026-09-01T23:08:05.512109656Z,15.543668,134.32949,Cloud to Ground,-11958,0,10
2026-09-01T23:08:06.834785336Z,5.170851,114.344177,Cloud to Ground,-13058,0,6
2026-09-01T23:08:06.490033552Z,5.129383,114.391255,Cloud to Ground,-9045,0,7
2026-09-01T23:08:06.418278000Z,5.1165,114.343,Cloud to Ground,1276,0,6
2026-09-01T23:08:07.020159315Z,5.94341,115.421959,Cloud to Ground,10256,0,8
2026-09-01T23:08:07.558330768Z,15.560409,134.3642,Cloud to Ground,-13626,0,6
2026-09-01T23:08:07.486874279Z,15.555179,134.388368,Cloud to Cloud,-13176,4582,10
2026-09-01T23:08:07.814498386Z,15.629072,134.333911,Cloud to Ground,-10039,0,7
2026-09-01T23:08:07.815709481Z,15.625354,134.339489,Cloud to Ground,12186,0,7
2026-09-01T23:08:07.811312198Z,15.592483,134.360883,Cloud to Ground,18610,0,6
2026-09-01T23:08:07.110357644Z,15.617494,134.345846,Cloud to Ground,22737,0,19
2026-09-01T23:08:08.661541527Z,18.766146,131.326101,Cloud to Ground,-8773,0,7
2026-09-01T23:08:08.968130878Z,15.748408,133.827169,Cloud to Cloud,8145,3170,10
2026-09-01T23:08:08.753658365Z,15.622915,133.760808,Cloud to Ground,-29497,0,22
2026-09-01T23:08:09.290270073Z,15.599697,133.735754,Cloud to Ground,-12356,0,6
2026-09-01T23:08:10.366476247Z,15.388585,134.119243,Cloud to Ground,-16474,0,14
2026-09-01T23:08:09.722049260Z,15.429931,134.166299,Cloud to Ground,29644,0,8
2026-09-01T23:08:10.298420107Z,18.748769,132.10257,Cloud to Ground,47124,0,8
2026-09-01T23:08:10.390768000Z,18.7318,132.0011,Cloud to Ground,16973,0,7
2026-09-01T23:08:09.966774534Z,15.372766,134.317677,Cloud to Ground,-13733,0,7
2026-09-01T23:08:10.010587465Z,15.41744,134.293325,Cloud to Cloud,14879,3121,6
2026-09-01T23:08:10.057643433Z,15.417816,134.305543,Cloud to Ground,16596,0,6
2026-09-01T23:08:10.828920000Z,15.7848,133.7221,Cloud to Ground,19611,0,7
2026-09-01T23:08:11.205679282Z,15.48492,134.358342,Cloud to Ground,-18482,0,9
2026-09-01T23:08:11.275604389Z,15.503212,134.355275,Cloud to Cloud,-12361,12402,11
2026-09-01T23:08:12.626959000Z,15.48091,134.378802,Cloud to Ground,12423,0,7
2026-09-01T23:08:12.986578784Z,15.761985,133.716175,Cloud to Ground,-11335,0,11
2026-09-01T23:08:13.919215614Z,19.512675,129.521434,Cloud to Cloud,-49862,3063,16
2026-09-01T23:08:13.984435660Z,19.430095,129.577227,Cloud to Ground,-45444,0,18
2026-09-01T23:08:14.093959758Z,19.431118,129.568714,Cloud to Ground,-42206,0,17
2026-09-01T23:08:14.162382833Z,19.424501,129.574164,Cloud to Ground,-33024,0,19
2026-09-01T23:08:13.985889647Z,19.472501,129.413153,Cloud to Cloud,-15234,18133,18
2026-09-01T23:08:14.700428782Z,19.41524,129.396174,Cloud to Ground,-14815,0,8
2026-09-01T23:08:14.165798402Z,19.495879,129.435642,Cloud to Ground,-11467,0,8
2026-09-01T23:08:14.291672975Z,19.459478,129.504336,Cloud to Cloud,-11401,3583,10
2026-09-01T23:08:13.939015917Z,19.456436,129.596191,Cloud to Cloud,-11270,3884,9
2026-09-01T23:08:14.019585790Z,19.432888,129.570387,Cloud to Cloud,-10205,4508,8
2026-09-01T23:08:13.592974487Z,19.480969,129.493056,Cloud to Ground,14963,0,6
2026-09-01T23:08:14.185146673Z,15.463731,134.281586,Cloud to Ground,20971,0,8
2026-09-01T23:08:16.111398829Z,5.091998,114.374166,Cloud to Cloud,-6004,16740,6
2026-09-01T23:08:16.943591502Z,15.490374,134.363447,Cloud to Ground,-17092,0,8
2026-09-01T23:08:16.927905735Z,15.536658,134.282197,Cloud to Ground,-13114,0,8
2026-09-01T23:08:17.046917420Z,15.536601,134.337895,Cloud to Cloud,-10786,6969,10
2026-09-01T23:08:16.835543628Z,15.443886,134.141781,Cloud to Cloud,12896,6408,12
2026-09-01T23:08:17.022488235Z,15.373482,134.437575,Cloud to Ground,24185,0,9
2026-09-01T23:08:18.321687480Z,15.765056,133.737355,Cloud to Cloud,13723,3086,9
2026-09-01T23:08:18.236610392Z,15.764976,133.737721,Cloud to Ground,16687,0,10
2026-09-01T23:08:18.164156272Z,15.746604,133.755261,Cloud to Ground,43887,0,14
2026-09-01T23:08:19.107211206Z,15.510912,134.340494,Cloud to Ground,-5799,0,5
2026-09-01T23:08:19.304601744Z,15.510386,134.393626,Cloud to Cloud,8569,14489,6
2026-09-01T23:08:19.219388056Z,15.493433,134.410032,Cloud to Ground,8663,0,11
2026-09-01T23:08:19.344216203Z,15.497369,134.409797,Cloud to Ground,14208,0,7
2026-09-01T23:08:19.145517307Z,15.481302,134.416755,Cloud to Ground,23360,0,12
2026-09-01T23:08:19.180371517Z,15.773188,133.680197,Cloud to Ground,-18387,0,8
2026-09-01T23:08:19.198830396Z,15.746743,133.688899,Cloud to Cloud,-14928,12948,9
2026-09-01T23:08:20.568370316Z,15.095754,134.771208,Cloud to Ground,16666,0,12
2026-09-01T23:08:20.211374368Z,15.09877,134.788537,Cloud to Ground,28922,0,14
2026-09-01T23:08:22.225039188Z,15.53003,133.440752,Cloud to Ground,-12873,0,5
2026-09-01T23:08:22.164151402Z,15.343647,134.144064,Cloud to Ground,24161,0,5
2026-09-01T23:08:23.192191693Z,5.126402,114.402612,Cloud to Ground,-12655,0,12
2026-09-01T23:08:22.876646287Z,5.056375,114.405241,Cloud to Cloud,-6905,4346,6
2026-09-01T23:08:23.779410493Z,15.480149,134.36585,Cloud to Ground,-15646,0,8
2026-09-01T23:08:23.737570165Z,15.467992,134.137328,Cloud to Cloud,-15158,18099,7
2026-09-01T23:08:23.482640679Z,15.498045,134.279629,Cloud to Cloud,-12480,4962,13
2026-09-01T23:08:23.503972696Z,15.53056,134.300883,Cloud to Cloud,-10277,3022,12
2026-09-01T23:08:23.428595140Z,15.455682,134.168009,Cloud to Ground,-10203,0,9
2026-09-01T23:08:23.464886209Z,15.486095,134.235152,Cloud to Cloud,-9630,3150,10
2026-09-01T23:08:23.446913000Z,15.4411,134.1549,Cloud to Ground,-6754,0,7
2026-09-01T23:08:23.886248538Z,15.483563,134.377519,Cloud to Ground,11767,0,8
2026-09-01T23:08:23.630471079Z,19.397291,129.645286,Cloud to Ground,-8220,0,7
2026-09-01T23:08:23.577675887Z,19.412288,129.678849,Cloud to Cloud,15529,3075,11
2026-09-01T23:08:23.315776559Z,19.371355,129.731848,Cloud to Ground,18501,0,6
2026-09-01T23:08:24.215490343Z,15.560271,133.722971,Cloud to Ground,-23954,0,20
2026-09-01T23:08:25.222422065Z,15.476918,134.126577,Cloud to Ground,11265,0,7
2026-09-01T23:08:24.816606813Z,15.504043,134.132297,Cloud to Ground,20238,0,7
2026-09-01T23:08:25.934504790Z,15.734256,133.568794,Cloud to Ground,-12935,0,13
2026-09-01T23:08:25.571589148Z,15.703523,133.677681,Cloud to Ground,-11853,0,6
2026-09-01T23:08:25.559190347Z,15.68512,133.654519,Cloud to Ground,-10718,0,14
2026-09-01T23:08:25.630612584Z,15.668121,133.667442,Cloud to Cloud,-7795,16589,12
2026-09-01T23:08:25.789972828Z,15.534415,134.276846,Cloud to Ground,10130,0,6
2026-09-01T23:08:25.445521291Z,19.496565,129.535654,Cloud to Cloud,-5714,6166,8
2026-09-01T23:08:25.441713117Z,19.429637,129.539496,Cloud to Cloud,3877,17219,6
2026-09-01T23:08:25.083732545Z,19.49339,129.530297,Cloud to Cloud,7379,14281,7
2026-09-01T23:08:27.436885519Z,19.187186,130.34237,Cloud to Cloud,10782,14218,9
2026-09-01T23:08:27.727397296Z,19.111369,130.512549,Cloud to Ground,29206,0,14
2026-09-01T23:08:27.498261570Z,19.119916,130.495129,Cloud to Cloud,39444,18269,11
2026-09-01T23:08:27.613388890Z,16.187279,133.155096,Cloud to Ground,-19841,0,17
2026-09-01T23:08:27.852682380Z,16.201577,133.136799,Cloud to Ground,-18388,0,12
2026-09-01T23:08:27.708130008Z,16.192383,133.144951,Cloud to Cloud,-15432,19081,11
2026-09-01T23:08:27.986367418Z,16.158858,133.14579,Cloud to Ground,-13327,0,9
2026-09-01T23:08:27.550003255Z,16.184571,133.322578,Cloud to Ground,37488,0,14
2026-09-01T23:08:27.763117799Z,16.202553,133.328219,Cloud to Ground,47687,0,10
2026-09-01T23:08:27.524828629Z,16.189147,133.328846,Cloud to Ground,80110,0,21
2026-09-01T23:08:28.546433110Z,15.435359,134.130643,Cloud to Cloud,-11170,7596,5
2026-09-01T23:08:28.728278519Z,15.449057,134.189387,Cloud to Ground,-11052,0,8
2026-09-01T23:08:28.226481735Z,19.062986,130.622237,Cloud to Cloud,-12673,4835,13
2026-09-01T23:08:29.179597014Z,15.681522,133.695769,Cloud to Ground,-14178,0,8
2026-09-01T23:08:29.436957974Z,15.677541,133.869527,Cloud to Ground,10712,0,6
2026-09-01T23:08:29.293401142Z,15.713587,133.839952,Cloud to Ground,13589,0,8
2026-09-01T23:08:29.517282812Z,15.690561,133.851906,Cloud to Ground,18305,0,11
2026-09-01T23:08:29.124407301Z,15.661911,133.874999,Cloud to Ground,23204,0,13
2026-09-01T23:08:29.151305644Z,15.664498,133.878241,Cloud to Ground,35774,0,17
2026-09-01T23:08:29.228344614Z,15.666772,133.880232,Cloud to Ground,41237,0,19
2026-09-01T23:08:29.086187853Z,15.668602,133.879118,Cloud to Ground,43821,0,15
2026-09-01T23:08:30.868359179Z,5.059104,114.400828,Cloud to Ground,-11401,0,7
2026-09-01T23:08:30.518202762Z,15.370096,134.400888,Cloud to Ground,19190,0,9
2026-09-01T23:08:30.416810265Z,15.488717,134.345252,Cloud to Ground,13975,0,10
2026-09-01T23:08:30.537440381Z,15.474137,134.348401,Cloud to Ground,16469,0,9
2026-09-01T23:08:30.893886634Z,18.745895,132.081259,Cloud to Ground,-26409,0,12
2026-09-01T23:08:30.192035524Z,15.531578,134.19023,Cloud to Ground,-16051,0,16
2026-09-01T23:08:30.493022826Z,15.458473,134.204179,Cloud to Ground,-12579,0,9
2026-09-01T23:08:31.716640000Z,15.7719,133.5175,Cloud to Ground,14950,0,6
2026-09-01T23:08:32.411190906Z,15.768111,133.728413,Cloud to Ground,9076,0,9
2026-09-01T23:08:32.299966020Z,15.768456,133.732519,Cloud to Ground,12378,0,5
2026-09-01T23:08:32.238848742Z,15.741948,133.759962,Cloud to Cloud,14721,4861,7
2026-09-01T23:08:32.115258000Z,15.7734,133.6814,Cloud to Ground,16218,0,5
2026-09-01T23:08:33.421344767Z,15.548747,133.876449,Cloud to Ground,-22968,0,7
2026-09-01T23:08:34.682331423Z,15.397896,134.132812,Cloud to Cloud,-13205,6421,9
2026-09-01T23:08:35.082975821Z,17.582793,118.344635,Cloud to Ground,-12265,0,12
2026-09-01T23:08:34.913715339Z,17.540007,118.307956,Cloud to Ground,25791,0,9
2026-09-01T23:08:35.580412915Z,15.503639,134.054782,Cloud to Ground,-11206,0,10
2026-09-01T23:08:36.223701967Z,5.094762,114.432209,Cloud to Ground,-19784,0,13
2026-09-01T23:08:35.900638827Z,15.529578,134.264904,Cloud to Ground,-12973,0,16
2026-09-01T23:08:36.168575774Z,15.510094,134.206446,Cloud to Cloud,-12961,3025,17
2026-09-01T23:08:35.412011265Z,15.542882,134.260851,Cloud to Ground,-12265,0,14
2026-09-01T23:08:36.277738515Z,15.475902,134.312573,Cloud to Ground,-7508,0,7
2026-09-01T23:08:35.459546649Z,15.484178,134.20782,Cloud to Ground,8887,0,11
2026-09-01T23:08:36.488443629Z,15.543076,134.400574,Cloud to Ground,11146,0,10
2026-09-01T23:08:36.022284351Z,15.542646,134.324736,Cloud to Ground,16129,0,9
2026-09-01T23:08:36.351781246Z,15.527049,134.399321,Cloud to Ground,33267,0,9
2026-09-01T23:08:36.931848082Z,15.411601,134.167466,Cloud to Ground,-13737,0,6
2026-09-01T23:08:37.499567194Z,15.725256,133.556969,Cloud to Cloud,-9598,8932,13
2026-09-01T23:08:37.923633658Z,15.546531,133.871491,Cloud to Ground,-12090,0,6
2026-09-01T23:08:38.607446954Z,15.393436,134.31034,Cloud to Ground,-25193,0,10
2026-09-01T23:08:38.938654228Z,15.740422,133.717987,Cloud to Ground,-14100,0,10
2026-09-01T23:08:38.071962859Z,16.479001,133.683695,Cloud to Ground,-14506,0,10
2026-09-01T23:08:38.009259000Z,16.4826,133.6391,Cloud to Ground,10482,0,7
2026-09-01T23:08:39.725147796Z,15.512821,134.261976,Cloud to Ground,24132,0,11
2026-09-01T23:08:39.699589951Z,15.435153,134.180924,Cloud to Ground,-9545,0,10
2026-09-01T23:08:39.971122206Z,19.499186,129.682683,Cloud to Cloud,-9702,7404,5
2026-09-01T23:08:39.623938112Z,19.40796,129.528705,Cloud to Ground,20440,0,11
2026-09-01T23:08:40.319119605Z,5.071318,114.364522,Cloud to Ground,-9515,0,5
2026-09-01T23:08:40.299167139Z,5.070793,114.370824,Cloud to Cloud,-8928,3033,5
2026-09-01T23:08:40.541149323Z,5.042045,114.374185,Cloud to Cloud,7969,3097,9
2026-09-01T23:08:40.636699251Z,5.187176,114.382199,Cloud to Cloud,10344,3617,7
2026-09-01T23:08:40.878580679Z,15.806446,133.083148,Cloud to Cloud,-14408,6426,10
2026-09-01T23:08:41.680499439Z,15.457884,134.112868,Cloud to Ground,-13667,0,8
2026-09-01T23:08:42.283254940Z,15.600162,133.434638,Cloud to Cloud,21002,5818,8
2026-09-01T23:08:41.742358009Z,15.576723,133.45378,Cloud to Ground,21906,0,10
2026-09-01T23:08:41.716372593Z,15.591758,133.449765,Cloud to Ground,26296,0,14
2026-09-01T23:08:42.215194464Z,15.584405,133.458526,Cloud to Ground,36521,0,16
2026-09-01T23:08:41.673751854Z,15.582432,133.462718,Cloud to Ground,40538,0,13
2026-09-01T23:08:41.750836475Z,15.47395,134.34578,Cloud to Cloud,-10647,3591,7
2026-09-01T23:08:41.719131958Z,15.497682,134.335061,Cloud to Ground,9384,0,7
2026-09-01T23:08:42.488891821Z,5.967336,115.536004,Cloud to Ground,-12771,0,6
2026-09-01T23:08:42.688621967Z,5.048571,114.446639,Cloud to Cloud,-8528,3662,8
2026-09-01T23:08:42.368142792Z,15.561136,133.281187,Cloud to Ground,-10971,0,11
2026-09-01T23:08:42.422207000Z,15.6171,133.3342,Cloud to Ground,18972,0,5
2026-09-01T23:08:44.613934438Z,15.471523,133.889016,Cloud to Ground,-13229,0,7
2026-09-01T23:08:44.369166344Z,15.499845,134.069951,Cloud to Ground,-14690,0,10
2026-09-01T23:08:45.791220625Z,15.539339,134.373852,Cloud to Ground,11616,0,7
2026-09-01T23:08:45.955929108Z,15.526158,134.382564,Cloud to Ground,13831,0,12
2026-09-01T23:08:45.897662385Z,15.540684,134.37504,Cloud to Ground,14794,0,6
2026-09-01T23:08:45.848784163Z,15.541364,134.366513,Cloud to Ground,21431,0,12
2026-09-01T23:08:45.741555291Z,15.513675,134.392429,Cloud to Ground,45626,0,15
2026-09-01T23:08:47.010568450Z,15.661053,133.807631,Cloud to Ground,-12418,0,8
2026-09-01T23:08:46.713969062Z,15.646156,133.835005,Cloud to Ground,-12086,0,9
2026-09-01T23:08:47.190891006Z,15.449121,134.099721,Cloud to Ground,-25100,0,7
2026-09-01T23:08:46.751642671Z,15.531819,134.117182,Cloud to Cloud,-13496,3114,9
2026-09-01T23:08:47.110201448Z,15.448842,134.081114,Cloud to Ground,-13220,0,8
2026-09-01T23:08:46.332224800Z,15.539988,134.186764,Cloud to Ground,14140,0,9
2026-09-01T23:08:47.029025790Z,15.472382,134.334567,Cloud to Ground,-10335,0,7
2026-09-01T23:08:47.168938710Z,19.464197,129.565803,Cloud to Cloud,8846,3759,7
2026-09-01T23:08:48.586334352Z,15.289598,134.654055,Cloud to Ground,-9902,0,7
2026-09-01T23:08:48.811138535Z,15.267471,134.697953,Cloud to Ground,9311,0,6
2026-09-01T23:08:48.812773938Z,15.265325,134.649422,Cloud to Ground,16725,0,13
2026-09-01T23:08:48.586775263Z,15.276243,134.693995,Cloud to Ground,24553,0,13
2026-09-01T23:08:48.555925712Z,15.279031,134.692297,Cloud to Ground,40376,0,18
2026-09-01T23:08:48.632163542Z,15.26665,134.547757,Cloud to Cloud,-11189,19969,10
2026-09-01T23:08:48.946453390Z,15.402537,134.305499,Cloud to Ground,-19271,0,9
2026-09-01T23:08:49.307176876Z,15.480319,134.29944,Cloud to Ground,-17727,0,9
2026-09-01T23:08:49.912852919Z,15.474409,134.361263,Cloud to Ground,-8517,0,6
2026-09-01T23:08:49.970640595Z,15.478068,134.356219,Cloud to Ground,18708,0,12
2026-09-01T23:08:49.627997359Z,5.416153,114.785994,Cloud to Cloud,-14814,12550,11
2026-09-01T23:08:50.842504475Z,5.052758,114.398097,Cloud to Cloud,6257,6052,5
2026-09-01T23:08:52.824871045Z,15.520749,134.263896,Cloud to Ground,-12517,0,9
2026-09-01T23:08:52.778232366Z,15.472737,134.213301,Cloud to Ground,-10393,0,9
2026-09-01T23:08:52.754583908Z,15.501104,134.372501,Cloud to Ground,11445,0,8
2026-09-01T23:08:53.194288624Z,18.791346,132.070644,Cloud to Ground,-22141,0,16
2026-09-01T23:08:53.299840128Z,18.719818,131.967761,Cloud to Ground,-9559,0,8
2026-09-01T23:08:53.553344237Z,18.716711,132.143161,Cloud to Ground,14675,0,8
2026-09-01T23:08:53.336138201Z,18.721368,132.133608,Cloud to Ground,20781,0,6
2026-09-01T23:08:53.263258000Z,18.7198,132.0452,Cloud to Ground,27700,0,7
2026-09-01T23:08:53.874741204Z,15.486953,134.157917,Cloud to Ground,17534,0,9
2026-09-01T23:08:54.569774341Z,15.467014,134.267429,Cloud to Ground,-12129,0,12
2026-09-01T23:08:55.420567829Z,15.748404,133.522154,Cloud to Ground,-10287,0,11
2026-09-01T23:08:55.915164551Z,15.70478,133.724138,Cloud to Ground,-12958,0,13
2026-09-01T23:08:56.154094343Z,15.6937,133.579106,Cloud to Cloud,-10420,12843,12
2026-09-01T23:08:56.105068000Z,15.7231,133.6436,Cloud to Ground,18031,0,8
2026-09-01T23:08:55.378734744Z,15.745196,133.745824,Cloud to Ground,19580,0,7
2026-09-01T23:08:55.538940459Z,15.731512,133.761508,Cloud to Ground,23786,0,6
2026-09-01T23:08:55.479526259Z,15.739469,133.7526,Cloud to Ground,24698,0,11
2026-09-01T23:08:56.259850568Z,15.619886,133.704365,Cloud to Ground,27513,0,8
2026-09-01T23:08:55.323325899Z,15.728841,133.758414,Cloud to Ground,45821,0,11
2026-09-01T23:08:55.485612219Z,15.546908,134.393733,Cloud to Ground,10698,0,6
2026-09-01T23:08:55.406868122Z,15.480591,134.420621,Cloud to Ground,24608,0,10
2026-09-01T23:08:56.867515531Z,16.184055,133.32228,Cloud to Ground,11326,0,11
2026-09-01T23:08:57.096371843Z,16.182962,133.319844,Cloud to Ground,12837,0,11
2026-09-01T23:08:56.548761616Z,15.325387,133.25401,Cloud to Ground,-13743,0,7
2026-09-01T23:08:56.758627045Z,16.177302,133.334016,Cloud to Ground,71634,0,17
2026-09-01T23:08:56.685020024Z,16.174743,133.329806,Cloud to Ground,52837,0,16
2026-09-01T23:08:56.636094008Z,15.41097,133.065089,Cloud to Ground,-14100,0,14
2026-09-01T23:08:56.489516525Z,15.464021,133.816121,Cloud to Ground,-25757,0,12
2026-09-01T23:08:56.578640000Z,15.4555,133.182,Cloud to Ground,35412,0,8
2026-09-01T23:08:56.292186768Z,15.504651,134.261505,Cloud to Ground,-12984,0,11
2026-09-01T23:08:57.376897833Z,5.200037,114.428574,Cloud to Cloud,-7596,17143,8
2026-09-01T23:08:57.156216343Z,16.185037,133.120078,Cloud to Ground,-14608,0,13
2026-09-01T23:08:58.854707191Z,15.510013,133.739296,Cloud to Ground,-17632,0,8
2026-09-01T23:08:58.579564652Z,15.549875,133.396166,Cloud to Ground,-14192,0,8
2026-09-01T23:08:58.624554666Z,15.512138,133.188396,Cloud to Ground,-7273,0,10
2026-09-01T23:08:59.441004418Z,15.757404,133.752009,Cloud to Ground,-13360,0,6
2026-09-01T23:08:59.109893945Z,15.761265,133.575165,Cloud to Ground,-10169,0,14
2026-09-01T23:08:59.829767189Z,15.386888,134.161642,Cloud to Ground,-19177,0,5
2026-09-01T23:09:00.474532412Z,15.349147,134.184469,Cloud to Ground,16595,0,10
2026-09-01T23:08:59.324972619Z,18.767116,132.080334,Cloud to Ground,11188,0,13
2026-09-01T23:09:00.920752273Z,15.230792,134.168897,Cloud to Ground,213363,0,19
2026-09-01T23:09:00.959668339Z,15.295004,134.084952,Cloud to Ground,25042,0,15
2026-09-01T23:09:01.252672409Z,15.235873,134.010386,Cloud to Ground,-9839,0,14
2026-09-01T23:09:02.019757050Z,5.028113,114.448063,Cloud to Cloud,-10484,6189,7
2026-09-01T23:09:02.031903869Z,4.978258,114.435794,Cloud to Cloud,-8106,3472,5
2026-09-01T23:09:02.779071982Z,15.495871,134.226328,Cloud to Ground,-24821,0,15
2026-09-01T23:09:02.081352843Z,15.495051,134.217409,Cloud to Ground,-13206,0,10
2026-09-01T23:09:01.911499570Z,15.456491,134.162275,Cloud to Ground,-12865,0,10
2026-09-01T23:09:01.666507733Z,15.480361,134.150467,Cloud to Ground,-11976,0,8
2026-09-01T23:09:02.056889305Z,15.475985,134.303487,Cloud to Cloud,11126,6312,7
2026-09-01T23:09:03.857598123Z,5.151953,114.330759,Cloud to Ground,-15565,0,14
2026-09-01T23:09:03.900476711Z,5.218871,114.38893,Cloud to Cloud,-9472,11488,10
2026-09-01T23:09:04.086436929Z,5.076985,114.367985,Cloud to Cloud,8609,3041,10
2026-09-01T23:09:03.759862173Z,15.455354,134.369567,Cloud to Ground,-26901,0,9
2026-09-01T23:09:03.931511366Z,15.502716,134.279937,Cloud to Ground,-10467,0,9
2026-09-01T23:09:03.907327692Z,15.711323,133.109792,Cloud to Ground,27685,0,9
2026-09-01T23:09:03.892019829Z,15.126867,116.727176,Cloud to Cloud,10211,3087,7
2026-09-01T23:09:05.677283587Z,15.676772,133.733426,Cloud to Ground,-14836,0,7
2026-09-01T23:09:05.743150654Z,15.494011,134.202016,Cloud to Ground,-12126,0,8
2026-09-01T23:09:06.982546235Z,5.129403,114.422752,Cloud to Ground,-14895,0,14
2026-09-01T23:09:07.298026000Z,15.507,134.288,Cloud to Ground,-8107,0,6
2026-09-01T23:09:07.447748176Z,15.436191,134.317909,Cloud to Ground,12139,0,6
2026-09-01T23:09:08.214385802Z,15.762956,133.715466,Cloud to Ground,-9678,0,11
2026-09-01T23:09:08.527526028Z,15.736088,133.744688,Cloud to Ground,-8832,0,9
2026-09-01T23:09:08.049000610Z,15.507276,134.250313,Cloud to Ground,-13418,0,12
2026-09-01T23:09:09.241140588Z,15.561657,134.291444,Cloud to Ground,11314,0,8
2026-09-01T23:09:09.558968622Z,15.548768,134.304955,Cloud to Ground,11458,0,14
2026-09-01T23:09:09.205238394Z,15.544335,134.300998,Cloud to Ground,12630,0,13
2026-09-01T23:09:09.483305000Z,15.543,134.1918,Cloud to Ground,16201,0,7
2026-09-01T23:09:09.128881000Z,15.5483,134.2206,Cloud to Ground,21344,0,7
2026-09-01T23:09:09.167356581Z,15.560373,134.296304,Cloud to Ground,31918,0,12
2026-09-01T23:09:09.099385377Z,15.538988,134.314698,Cloud to Ground,49314,0,9
2026-09-01T23:09:09.046668622Z,15.544209,134.312696,Cloud to Ground,73038,0,20
2026-09-01T23:09:11.511063186Z,18.728857,131.964647,Cloud to Ground,-9151,0,8
2026-09-01T23:09:11.605319862Z,18.753455,132.113935,Cloud to Ground,-8703,0,6
2026-09-01T23:09:11.662858703Z,18.748057,132.134723,Cloud to Ground,6337,0,6
2026-09-01T23:09:11.707469563Z,18.753701,132.128295,Cloud to Ground,8552,0,8
2026-09-01T23:09:11.470232043Z,18.741112,132.137254,Cloud to Ground,30113,0,9
2026-09-01T23:09:12.444325985Z,18.340661,133.102428,Cloud to Ground,-27664,0,17
2026-09-01T23:09:12.146367649Z,15.69494,133.760291,Cloud to Cloud,13587,6354,7
2026-09-01T23:09:12.669670943Z,15.598623,133.84519,Cloud to Ground,-16185,0,5
2026-09-01T23:09:12.880548813Z,18.748288,131.361029,Cloud to Ground,-8814,0,9
2026-09-01T23:09:12.780090765Z,18.748432,131.359367,Cloud to Cloud,8225,4290,10
2026-09-01T23:09:12.283078279Z,19.499981,129.368661,Cloud to Cloud,11203,5400,7
2026-09-01T23:09:12.185884058Z,19.449138,129.414661,Cloud to Ground,14824,0,10
2026-09-01T23:09:12.289911216Z,19.671442,129.299888,Cloud to Cloud,-9745,5455,7
2026-09-01T23:09:13.470723851Z,15.416564,133.964171,Cloud to Ground,-13555,0,9
2026-09-01T23:09:15.742911906Z,15.576027,134.424016,Cloud to Ground,-53285,0,16
2026-09-01T23:09:15.551127008Z,15.565647,134.297196,Cloud to Cloud,13364,13181,7
2026-09-01T23:09:16.122912488Z,5.11841,114.366012,Cloud to Cloud,-8814,3038,9
2026-09-01T23:09:16.443873225Z,5.188851,114.358627,Cloud to Cloud,-7775,19084,7
2026-09-01T23:09:16.115227219Z,5.156988,114.370998,Cloud to Cloud,-7640,8910,8
2026-09-01T23:09:18.984884269Z,19.470816,129.508843,Cloud to Cloud,5202,18228,5
2026-09-01T23:09:19.159234794Z,15.608026,133.910595,Cloud to Ground,-17643,0,6
2026-09-01T23:09:19.172574756Z,15.720193,133.847953,Cloud to Ground,-34551,0,14
2026-09-01T23:09:19.600237526Z,15.717533,133.852737,Cloud to Ground,12350,0,10
2026-09-01T23:09:19.484554686Z,15.706018,133.862045,Cloud to Ground,27155,0,11
2026-09-01T23:09:19.270203853Z,15.716961,133.668386,Cloud to Ground,-20367,0,18
2026-09-01T23:09:18.906077799Z,15.737382,133.600052,Cloud to Cloud,-8241,5702,7
2026-09-01T23:09:20.347693398Z,15.541775,133.888249,Cloud to Cloud,-16023,5058,11
2026-09-01T23:09:20.730450711Z,15.422447,134.306688,Cloud to Ground,-10946,0,8
2026-09-01T23:09:22.063149535Z,15.799812,133.151982,Cloud to Ground,-20649,0,12
2026-09-01T23:09:22.251187613Z,15.894046,133.065634,Cloud to Cloud,-17152,3906,17
2026-09-01T23:09:22.330881658Z,15.820187,133.138069,Cloud to Ground,14743,0,7
2026-09-01T23:09:22.480531020Z,15.821101,133.135335,Cloud to Ground,17605,0,9
2026-09-01T23:09:22.449288256Z,15.825639,133.125656,Cloud to Ground,17780,0,9
2026-09-01T23:09:22.404707439Z,15.825508,133.138245,Cloud to Ground,21363,0,12
2026-09-01T23:09:21.991661788Z,15.818704,133.14141,Cloud to Ground,35926,0,12
2026-09-01T23:09:22.063878000Z,15.8397,133.0338,Cloud to Ground,44696,0,10
2026-09-01T23:09:21.611681022Z,18.860893,132.00565,Cloud to Ground,-31458,0,17
2026-09-01T23:09:21.596184485Z,18.837288,132.038866,Cloud to Ground,-12477,0,8
2026-09-01T23:09:21.781679322Z,18.905813,131.998278,Cloud to Ground,22920,0,6
2026-09-01T23:09:21.749282150Z,18.83076,131.847808,Cloud to Ground,-8976,0,9
2026-09-01T23:09:21.328462808Z,15.476706,134.144959,Cloud to Ground,-9434,0,7
2026-09-01T23:09:21.338054037Z,15.579006,133.268077,Cloud to Ground,-19804,0,13
2026-09-01T23:09:22.606438711Z,5.390659,114.803105,Cloud to Ground,-34763,0,11
2026-09-01T23:09:28.750134160Z,5.136153,114.437313,Cloud to Cloud,-9092,15465,12
2026-09-01T23:09:28.381261856Z,15.394508,133.96402,Cloud to Ground,-16254,0,7
2026-09-01T23:09:28.535559530Z,15.413999,134.091994,Cloud to Ground,-22537,0,13
2026-09-01T23:09:28.528698118Z,15.493873,134.06686,Cloud to Ground,-20136,0,16
2026-09-01T23:09:28.864141885Z,15.457394,134.035077,Cloud to Ground,-17410,0,7
2026-09-01T23:09:28.621903582Z,15.408413,134.076894,Cloud to Ground,-16891,0,8
2026-09-01T23:09:28.811246039Z,15.395854,134.102988,Cloud to Ground,-15128,0,7
2026-09-01T23:09:28.589520857Z,15.436588,134.080305,Cloud to Ground,19312,0,7
2026-09-01T23:09:28.653584603Z,15.422699,134.108656,Cloud to Ground,21533,0,13
2026-09-01T23:09:29.199647730Z,15.494222,134.189871,Cloud to Ground,-17818,0,16
2026-09-01T23:09:29.177642330Z,15.516593,134.20132,Cloud to Ground,-12408,0,12
2026-09-01T23:09:29.216665929Z,15.508891,134.337595,Cloud to Ground,-17358,0,14
2026-09-01T23:09:29.282745481Z,15.511776,134.379463,Cloud to Ground,12973,0,14
2026-09-01T23:09:29.362976860Z,15.487279,134.372132,Cloud to Ground,15686,0,7
2026-09-01T23:09:29.954276930Z,15.194152,116.7764,Cloud to Cloud,11846,3031,10
2026-09-01T23:09:30.107327980Z,15.522438,134.215593,Cloud to Ground,-11165,0,8
2026-09-01T23:09:31.454904903Z,15.432785,133.975964,Cloud to Ground,-15478,0,10
2026-09-01T23:09:31.354336794Z,15.756911,133.704708,Cloud to Ground,-13682,0,7
2026-09-01T23:09:31.429630715Z,15.486814,134.37078,Cloud to Ground,-16299,0,7
2026-09-01T23:09:32.337183364Z,18.720967,131.970588,Cloud to Cloud,-9673,4740,11
2026-09-01T23:09:32.479607744Z,18.715922,132.156029,Cloud to Cloud,12148,3201,9
2026-09-01T23:09:32.436744779Z,18.718919,132.154815,Cloud to Ground,26018,0,12
2026-09-01T23:09:32.488543630Z,15.549299,134.098128,Cloud to Ground,22713,0,14
2026-09-01T23:09:34.407916459Z,19.517366,129.55123,Cloud to Cloud,-15432,17678,12
2026-09-01T23:09:34.382228120Z,19.429352,129.591546,Cloud to Ground,-39421,0,16
2026-09-01T23:09:34.300913262Z,19.432031,129.695672,Cloud to Ground,-9935,0,5
2026-09-01T23:09:33.845376694Z,19.421572,129.684865,Cloud to Cloud,-9196,7122,14
2026-09-01T23:09:33.859936879Z,19.403368,129.59035,Cloud to Cloud,10935,3049,10
2026-09-01T23:09:35.490207446Z,5.188701,114.427774,Cloud to Cloud,-7445,18707,8
2026-09-01T23:09:36.385278951Z,15.559749,133.709776,Cloud to Cloud,-8161,9050,8
2026-09-01T23:09:36.020733887Z,15.598492,133.905414,Cloud to Ground,19328,0,10
2026-09-01T23:09:37.703262245Z,15.812686,133.081829,Cloud to Ground,-10407,0,8
2026-09-01T23:09:37.023396711Z,15.526308,134.310097,Cloud to Ground,-18898,0,14
2026-09-01T23:09:37.061118456Z,15.529259,134.336617,Cloud to Ground,-15880,0,16
2026-09-01T23:09:36.867114108Z,15.456324,134.252854,Cloud to Ground,9247,0,7
2026-09-01T23:09:36.961560314Z,15.472804,134.354959,Cloud to Ground,11194,0,8
2026-09-01T23:09:38.440792207Z,15.420532,133.083047,Cloud to Ground,-17424,0,20
2026-09-01T23:09:38.476218264Z,15.448829,133.10276,Cloud to Ground,-12686,0,8
2026-09-01T23:09:38.629696444Z,15.422391,133.236876,Cloud to Ground,10187,0,7
2026-09-01T23:09:38.579521000Z,15.4154,133.1786,Cloud to Ground,32485,0,7
2026-09-01T23:09:40.213377554Z,15.468466,134.42041,Cloud to Cloud,6918,7590,7
2026-09-01T23:09:39.825131682Z,15.452665,134.400201,Cloud to Ground,32119,0,15
2026-09-01T23:09:39.707352490Z,15.459293,134.405059,Cloud to Ground,80197,0,17
2026-09-01T23:09:40.136181996Z,18.265325,132.928053,Cloud to Ground,13257,0,7
2026-09-01T23:09:40.692520000Z,15.1752,134.5524,Cloud to Ground,-9135,0,7
2026-09-01T23:09:42.033428901Z,16.188248,133.321628,Cloud to Ground,26295,0,9
2026-09-01T23:09:41.988978223Z,16.170725,133.337436,Cloud to Ground,37037,0,10
2026-09-01T23:09:41.917060069Z,16.158611,133.151453,Cloud to Ground,-14349,0,12
2026-09-01T23:09:42.088800449Z,16.171106,133.149304,Cloud to Ground,-10650,0,10
2026-09-01T23:09:41.524101852Z,15.108714,134.707701,Cloud to Ground,77923,0,16
2026-09-01T23:09:41.438295375Z,15.107673,134.710704,Cloud to Ground,181990,0,15
2026-09-01T23:09:42.482109741Z,15.485511,134.364853,Cloud to Cloud,-19541,10843,12
2026-09-01T23:09:43.990781982Z,15.926082,133.737833,Cloud to Cloud,-9763,6036,12
2026-09-01T23:09:43.990144040Z,15.935372,133.761673,Cloud to Ground,32057,0,14
2026-09-01T23:09:43.654133062Z,15.430462,134.154912,Cloud to Ground,13364,0,8
2026-09-01T23:09:43.594618684Z,15.502911,133.247909,Cloud to Ground,13289,0,14
2026-09-01T23:09:44.146781685Z,15.712443,133.560254,Cloud to Ground,-9996,0,13
2026-09-01T23:09:45.930421139Z,15.582742,133.756809,Cloud to Ground,-10311,0,6
2026-09-01T23:09:46.997599943Z,18.152236,133.475919,Cloud to Ground,163149,0,16
2026-09-01T23:09:46.195582279Z,15.745919,133.728985,Cloud to Ground,-12568,0,10
2026-09-01T23:09:46.728062690Z,15.511691,134.169427,Cloud to Cloud,12738,3002,8
2026-09-01T23:09:47.659506317Z,15.483178,134.407421,Cloud to Ground,-25340,0,9
2026-09-01T23:09:48.169363641Z,15.535503,134.347426,Cloud to Cloud,-13180,5100,13
2026-09-01T23:09:48.172019590Z,15.463322,134.392462,Cloud to Ground,-7484,0,7
2026-09-01T23:09:47.441008699Z,15.536809,134.394173,Cloud to Ground,19992,0,12
2026-09-01T23:09:47.745309062Z,15.527199,134.378908,Cloud to Ground,22420,0,11
2026-09-01T23:09:48.180717653Z,15.450414,134.422782,Cloud to Ground,24078,0,8
2026-09-01T23:09:47.552719117Z,15.489338,134.375733,Cloud to Ground,27650,0,7
2026-09-01T23:09:47.033286458Z,15.546221,133.491001,Cloud to Ground,13714,0,8
2026-09-01T23:09:49.680502219Z,15.717793,133.719165,Cloud to Ground,-13077,0,12
2026-09-01T23:09:49.433018402Z,15.713133,133.538793,Cloud to Ground,-10826,0,8
2026-09-01T23:09:50.400563697Z,5.114575,114.354591,Cloud to Cloud,14812,3965,7
2026-09-01T23:09:51.157421198Z,15.727951,133.605749,Cloud to Cloud,-18238,3255,10
2026-09-01T23:09:50.848584995Z,15.769335,133.58601,Cloud to Ground,-12904,0,9
2026-09-01T23:09:50.955533883Z,15.491458,134.182393,Cloud to Ground,-15972,0,12
2026-09-01T23:09:50.833772082Z,15.38096,134.198812,Cloud to Ground,20215,0,8
2026-09-01T23:09:51.059988049Z,15.715532,132.855849,Cloud to Ground,32729,0,9
2026-09-01T23:09:51.530477467Z,15.760659,133.76993,Cloud to Ground,11769,0,9
2026-09-01T23:09:51.262689706Z,15.696575,133.753118,Cloud to Ground,17240,0,10
2026-09-01T23:09:51.760863507Z,19.495553,129.404682,Cloud to Ground,19351,0,10
2026-09-01T23:09:52.324853610Z,15.653217,133.67699,Cloud to Ground,-13169,0,7
2026-09-01T23:09:52.718608115Z,15.67719,133.855201,Cloud to Ground,21070,0,12
2026-09-01T23:09:52.401681530Z,15.659666,133.871642,Cloud to Ground,24749,0,8
2026-09-01T23:09:52.265773713Z,15.659463,133.881394,Cloud to Ground,36770,0,14
2026-09-01T23:09:52.175757875Z,15.694054,133.860622,Cloud to Ground,37282,0,16
2026-09-01T23:09:52.548474085Z,15.645628,133.881814,Cloud to Ground,51854,0,10
2026-09-01T23:09:52.204443331Z,18.740746,131.943843,Cloud to Ground,-14298,0,9
2026-09-01T23:09:52.348780464Z,18.747093,132.104255,Cloud to Ground,10501,0,11
2026-09-01T23:09:52.153947531Z,18.712668,132.125663,Cloud to Ground,20857,0,10
2026-09-01T23:09:52.279938228Z,18.738805,132.109275,Cloud to Ground,24228,0,15
2026-09-01T23:09:52.117503863Z,18.828983,132.043904,Cloud to Cloud,-19958,3874,13
2026-09-01T23:09:53.326480500Z,5.092381,114.411172,Cloud to Cloud,6950,3005,6
2026-09-01T23:09:54.743812021Z,15.737915,133.759632,Cloud to Ground,12339,0,9
2026-09-01T23:09:54.925818888Z,15.717959,133.760763,Cloud to Ground,16938,0,7
2026-09-01T23:09:54.383582785Z,16.337879,133.462634,Cloud to Ground,17741,0,13
2026-09-01T23:09:55.730826103Z,19.141272,130.139514,Cloud to Cloud,-10336,3262,7
2026-09-01T23:09:55.731694136Z,19.139926,130.193629,Cloud to Ground,8681,0,8
2026-09-01T23:09:55.735307904Z,19.198815,129.998875,Cloud to Cloud,10970,6274,14
2026-09-01T23:09:55.351340340Z,15.68447,132.900978,Cloud to Ground,20035,0,9
2026-09-01T23:09:55.347876449Z,15.680011,132.910874,Cloud to Ground,24536,0,12
2026-09-01T23:09:55.899565610Z,15.527142,134.374697,Cloud to Ground,17561,0,9
2026-09-01T23:09:56.000434335Z,15.517921,134.380652,Cloud to Ground,22788,0,12
2026-09-01T23:09:55.649060344Z,15.519388,134.377568,Cloud to Ground,51916,0,14
2026-09-01T23:09:55.529739779Z,18.747265,131.27411,Cloud to Cloud,-9518,3060,7
2026-09-01T23:09:58.218740697Z,15.479649,134.147772,Cloud to Ground,14176,0,9
2026-09-01T23:09:58.818147505Z,5.416589,114.785634,Cloud to Cloud,-7286,19132,6
2026-09-01T23:09:58.412896122Z,5.074411,114.367074,Cloud to Ground,-19560,0,13
2026-09-01T23:09:58.256193673Z,5.117052,114.367711,Cloud to Cloud,18863,6574,8
2026-09-01T23:09:59.872479887Z,5.128883,114.435395,Cloud to Ground,-11805,0,8
2026-09-01T23:10:00.079879035Z,15.591464,133.447518,Cloud to Ground,23615,0,9
2026-09-01T23:10:00.134787385Z,15.583142,133.456374,Cloud to Ground,27063,0,14
2026-09-01T23:10:01.303111175Z,19.142857,130.351138,Cloud to Cloud,22557,6815,7
2026-09-01T23:10:01.342717826Z,19.053058,130.361948,Cloud to Ground,-11586,0,7
2026-09-01T23:10:01.332681733Z,19.089796,130.469192,Cloud to Cloud,-9777,15213,9
2026-09-01T23:10:01.317307213Z,19.105338,130.51354,Cloud to Ground,15248,0,9
2026-09-01T23:10:02.521944810Z,15.468591,134.401473,Cloud to Ground,74947,0,17
2026-09-01T23:10:02.023714346Z,19.506475,129.455179,Cloud to Ground,-22538,0,8
2026-09-01T23:10:02.074055610Z,19.518892,129.481367,Cloud to Ground,-15885,0,14
2026-09-01T23:10:03.409834926Z,15.71334,133.553197,Cloud to Cloud,-13564,3619,14
2026-09-01T23:10:03.825936606Z,15.400218,134.159137,Cloud to Ground,10512,0,7
2026-09-01T23:10:04.458110469Z,15.56625,133.831409,Cloud to Ground,-13145,0,6
2026-09-01T23:10:04.787128908Z,15.424251,134.137253,Cloud to Ground,23987,0,12
2026-09-01T23:10:05.374464796Z,18.849308,132.028308,Cloud to Ground,7037,0,5
2026-09-01T23:10:05.143302030Z,18.862457,131.987033,Cloud to Ground,7406,0,10
2026-09-01T23:10:05.148231395Z,18.835341,132.038692,Cloud to Ground,36501,0,12
2026-09-01T23:10:04.971701327Z,18.849122,132.033028,Cloud to Ground,43816,0,16
2026-09-01T23:10:04.993233812Z,19.486986,129.549493,Cloud to Cloud,7399,7985,6
2026-09-01T23:10:05.152494655Z,5.958676,115.5991,Cloud to Ground,-8629,0,7
2026-09-01T23:10:05.083712909Z,15.546317,134.275071,Cloud to Cloud,-19981,4821,11
2026-09-01T23:10:05.197997705Z,15.494842,134.380315,Cloud to Ground,15569,0,6
2026-09-01T23:10:05.164867960Z,15.512484,134.343457,Cloud to Ground,23362,0,13
2026-09-01T23:10:06.288898786Z,3.492684,112.846298,Cloud to Ground,-49278,0,26
2026-09-01T23:10:06.966172632Z,15.423448,133.05372,Cloud to Ground,-11635,0,14
2026-09-01T23:10:06.779612508Z,15.455883,134.221908,Cloud to Ground,-16983,0,15
2026-09-01T23:10:06.697155725Z,15.458243,134.381374,Cloud to Ground,9096,0,9
2026-09-01T23:10:06.642320020Z,15.465557,134.394539,Cloud to Ground,47216,0,20
2026-09-01T23:10:07.072378279Z,16.215722,133.248697,Cloud to Cloud,-16801,7258,10
2026-09-01T23:10:07.074698873Z,16.242197,133.229373,Cloud to Ground,-11765,0,8
2026-09-01T23:10:06.695359373Z,16.179934,133.307816,Cloud to Cloud,11084,3033,7
2026-09-01T23:10:06.696550502Z,16.174481,133.302794,Cloud to Ground,15527,0,15
2026-09-01T23:10:07.711643334Z,15.809977,133.144682,Cloud to Ground,30200,0,14
2026-09-01T23:10:07.511595874Z,15.829947,133.140305,Cloud to Ground,39036,0,12
2026-09-01T23:10:07.510115293Z,15.763455,133.736203,Cloud to Ground,-11306,0,9
2026-09-01T23:10:07.007653957Z,15.451954,134.11886,Cloud to Ground,16057,0,7
2026-09-01T23:10:09.479946804Z,5.309816,114.533958,Cloud to Cloud,-17429,17701,12
2026-09-01T23:10:09.050470068Z,5.324734,114.56492,Cloud to Ground,-13194,0,10
2026-09-01T23:10:09.515029302Z,5.290756,114.585478,Cloud to Cloud,-10389,3044,7
2026-09-01T23:10:09.043479222Z,5.249057,114.585549,Cloud to Cloud,14984,12597,7
2026-09-01T23:10:10.462216101Z,15.756465,133.65812,Cloud to Ground,-12961,0,14
2026-09-01T23:10:10.588348260Z,15.721525,133.768827,Cloud to Ground,13659,0,6
2026-09-01T23:10:12.765134188Z,8.751084,110.970629,Cloud to Ground,14358,0,8
2026-09-01T23:10:19.397719733Z,5.330582,114.618371,Cloud to Cloud,-11953,3003,7
2026-09-01T23:10:19.301909515Z,5.32418,114.592374,Cloud to Cloud,-11228,3118,9
2026-09-01T23:10:19.454209080Z,5.373564,114.606663,Cloud to Cloud,8404,18039,6
2026-09-01T23:10:19.364937040Z,15.719673,133.732223,Cloud to Cloud,-12080,7869,11
2026-09-01T23:10:20.123119340Z,15.663297,133.838978,Cloud to Ground,-19032,0,8
2026-09-01T23:10:20.028806151Z,15.568183,133.85646,Cloud to Ground,-18677,0,8
2026-09-01T23:10:19.725875990Z,15.625466,133.808021,Cloud to Ground,-13837,0,13
2026-09-01T23:10:19.865861006Z,15.55467,134.309032,Cloud to Ground,-14304,0,14
2026-09-01T23:10:20.761893026Z,15.585929,134.374195,Cloud to Ground,14104,0,10
2026-09-01T23:10:20.807108156Z,15.58996,134.377463,Cloud to Ground,26064,0,8
2026-09-01T23:10:20.915763140Z,15.590792,134.376531,Cloud to Ground,27288,0,15
2026-09-01T23:10:20.760693471Z,15.580702,134.389356,Cloud to Ground,72797,0,18
2026-09-01T23:10:20.450885323Z,15.592627,134.387888,Cloud to Ground,78388,0,16
2026-09-01T23:10:20.104324715Z,19.439716,129.565426,Cloud to Ground,-26149,0,15
2026-09-01T23:10:20.625088807Z,19.440876,129.567612,Cloud to Ground,-23628,0,11
2026-09-01T23:10:20.375954119Z,19.509551,129.496797,Cloud to Ground,-19004,0,12
2026-09-01T23:10:20.183585790Z,19.514484,129.518728,Cloud to Cloud,-17922,12425,18
2026-09-01T23:10:20.156249079Z,19.493306,129.478916,Cloud to Cloud,-13766,3058,7
2026-09-01T23:10:20.267439343Z,19.435367,129.388679,Cloud to Ground,-30513,0,14
2026-09-01T23:10:20.152090769Z,19.441913,129.385023,Cloud to Ground,-11507,0,10
2026-09-01T23:10:21.639267831Z,16.186125,133.33413,Cloud to Ground,10810,0,8
2026-09-01T23:10:33.048150719Z,15.476994,134.378511,Cloud to Ground,11412,0,7
2026-09-01T23:10:33.093853087Z,15.487646,134.37425,Cloud to Ground,13741,0,6
2026-09-01T23:10:33.028578467Z,15.485157,134.383839,Cloud to Ground,17598,0,11
2026-09-01T23:10:32.895275090Z,15.466976,134.402596,Cloud to Ground,55769,0,14
2026-09-01T23:10:33.454467700Z,15.709941,133.711456,Cloud to Cloud,-18843,3037,11
2026-09-01T23:10:35.472008361Z,6.033955,115.494192,Cloud to Cloud,-6965,3433,9
2026-09-01T23:10:35.356367963Z,5.943528,115.602905,Cloud to Cloud,8616,4204,7
2026-09-01T23:10:35.431267682Z,15.626655,133.783804,Cloud to Ground,24361,0,9
2026-09-01T23:10:36.888907190Z,15.554618,133.851929,Cloud to Ground,-13142,0,9
2026-09-01T23:10:36.901670363Z,15.555004,133.811021,Cloud to Ground,-13093,0,9
2026-09-01T23:10:36.671602584Z,15.448498,134.157553,Cloud to Ground,25552,0,11
2026-09-01T23:10:36.652573348Z,15.379268,134.378632,Cloud to Ground,22975,0,7
2026-09-01T23:10:37.510451689Z,15.452816,134.193169,Cloud to Ground,-11908,0,12
2026-09-01T23:10:37.528358132Z,15.803223,132.993044,Cloud to Cloud,-12804,7673,13
2026-09-01T23:10:37.679388555Z,15.820526,132.996789,Cloud to Ground,-11826,0,12
2026-09-01T23:10:37.914518000Z,15.0303,134.6787,Cloud to Ground,-13499,0,6
2026-09-01T23:10:39.316105618Z,15.426491,133.234747,Cloud to Ground,13692,0,7
2026-09-01T23:10:49.891189324Z,15.554555,133.749877,Cloud to Ground,-73434,0,13
2026-09-01T23:10:49.881367311Z,15.592428,133.704076,Cloud to Ground,-15693,0,11
2026-09-01T23:10:50.007968710Z,15.608152,133.669199,Cloud to Ground,-9397,0,7
2026-09-01T23:10:49.953611767Z,15.637018,133.632822,Cloud to Ground,12476,0,16
2026-09-01T23:10:49.932283946Z,15.564781,133.709528,Cloud to Ground,42115,0,14
2026-09-01T23:10:49.294258361Z,15.555472,134.293787,Cloud to Cloud,11947,3056,6
2026-09-01T23:10:49.796629644Z,15.484605,134.348764,Cloud to Ground,13356,0,7
2026-09-01T23:10:49.589905279Z,15.449302,134.383678,Cloud to Ground,28263,0,10
2026-09-01T23:10:49.237355753Z,15.779849,133.724114,Cloud to Ground,-15417,0,8
2026-09-01T23:10:49.756334676Z,19.404215,129.443636,Cloud to Ground,-21245,0,9
2026-09-01T23:10:49.769871458Z,19.376095,129.715698,Cloud to Cloud,-10358,8250,6
2026-09-01T23:10:50.027793856Z,19.09696,130.501321,Cloud to Ground,-23230,0,7
2026-09-01T23:10:50.062951801Z,15.752136,133.744955,Cloud to Cloud,-15219,16852,7
2026-09-01T23:10:50.176812904Z,15.751007,133.75636,Cloud to Ground,11749,0,8
2026-09-01T23:10:50.727675010Z,15.797279,132.988771,Cloud to Cloud,-8671,3106,7
2026-09-01T23:10:50.795134561Z,15.773293,132.954377,Cloud to Ground,16157,0,14
2026-09-01T23:10:50.840597176Z,15.59899,133.53073,Cloud to Ground,-15492,0,10
2026-09-01T23:10:50.947085310Z,15.602569,133.686802,Cloud to Ground,24172,0,5
2026-09-01T23:10:51.782063353Z,5.197985,114.391419,Cloud to Cloud,-8556,3137,7
2026-09-01T23:10:51.158697310Z,15.476857,134.160106,Cloud to Ground,14453,0,8
2026-09-01T23:10:51.831403062Z,16.199072,133.205165,Cloud to Ground,23759,0,10
2026-09-01T23:10:51.681011886Z,15.750261,133.708894,Cloud to Ground,-13684,0,15
2026-09-01T23:10:51.760663795Z,15.711426,133.747701,Cloud to Ground,12453,0,13
2026-09-01T23:10:52.409837260Z,15.45571,134.388593,Cloud to Cloud,6902,7100,9
2026-09-01T23:10:52.451449724Z,15.52436,134.35393,Cloud to Ground,14244,0,11
2026-09-01T23:10:53.050818766Z,15.454136,134.401959,Cloud to Ground,38951,0,15
2026-09-01T23:10:52.413882443Z,15.474532,134.393725,Cloud to Ground,76305,0,13
2026-09-01T23:10:52.474418003Z,15.493313,134.081249,Cloud to Ground,-11634,0,7
2026-09-01T23:10:52.702385977Z,15.452891,134.200377,Cloud to Ground,-13234,0,7
2026-09-01T23:10:52.739252245Z,15.464305,134.198107,Cloud to Cloud,-12825,17614,7
2026-09-01T23:10:54.109774329Z,5.023857,114.442894,Cloud to Cloud,-7159,8173,7
2026-09-01T23:10:54.513961768Z,18.701629,132.101562,Cloud to Ground,10465,0,10
2026-09-01T23:10:54.816731767Z,18.688326,132.101904,Cloud to Ground,10534,0,7
2026-09-01T23:10:54.444622427Z,18.696539,132.106566,Cloud to Ground,16994,0,9
2026-09-01T23:10:54.217267670Z,18.715089,131.999718,Cloud to Ground,-11744,0,7
2026-09-01T23:10:56.242485427Z,15.527707,134.343061,Cloud to Ground,-11806,0,10
2026-09-01T23:10:56.089829271Z,15.497362,134.418556,Cloud to Ground,25758,0,8
2026-09-01T23:10:55.769214668Z,15.563048,133.832703,Cloud to Cloud,-15861,4191,10
2026-09-01T23:10:55.692444288Z,15.571672,133.819771,Cloud to Ground,-11373,0,8
2026-09-01T23:10:56.127747958Z,15.615566,133.778005,Cloud to Ground,15220,0,7
2026-09-01T23:10:57.689169432Z,15.49408,134.341584,Cloud to Cloud,-18007,3464,12
2026-09-01T23:10:57.759663117Z,15.56142,134.312732,Cloud to Ground,-12693,0,7
2026-09-01T23:10:57.704179770Z,15.560136,134.321369,Cloud to Ground,-12651,0,11
2026-09-01T23:10:57.728980593Z,15.56204,134.31842,Cloud to Ground,-12187,0,12
2026-09-01T23:10:58.256335000Z,15.4848,134.2925,Cloud to Ground,20222,0,9
2026-09-01T23:10:57.670531078Z,15.511614,134.192954,Cloud to Ground,-9730,0,11
2026-09-01T23:10:58.265769747Z,19.049806,130.275559,Cloud to Ground,-15566,0,12
2026-09-01T23:10:58.342681669Z,19.098952,130.488786,Cloud to Cloud,-15273,3094,16
2026-09-01T23:10:58.197486888Z,19.106095,130.510559,Cloud to Ground,17142,0,9
2026-09-01T23:10:58.977344778Z,15.431616,134.238001,Cloud to Ground,-13530,0,7
2026-09-01T23:10:58.886469531Z,15.73228,133.728268,Cloud to Cloud,-18983,3038,15
2026-09-01T23:10:58.813862445Z,15.727318,133.755621,Cloud to Ground,-9782,0,7
2026-09-01T23:10:59.772591107Z,5.928954,115.592279,Cloud to Ground,-35877,0,10
2026-09-01T23:10:59.911484187Z,5.314798,114.621087,Cloud to Cloud,-13237,3010,10
2026-09-01T23:11:00.292673277Z,5.306331,114.62353,Cloud to Cloud,12982,3077,6
2026-09-01T23:10:58.935798749Z,15.437836,134.387938,Cloud to Ground,-14421,0,13
2026-09-01T23:10:59.147003013Z,15.455604,134.365015,Cloud to Ground,15234,0,7
2026-09-01T23:11:00.460312192Z,15.666062,133.75533,Cloud to Ground,-15620,0,6
2026-09-01T23:11:00.392766831Z,15.671475,133.738914,Cloud to Ground,-14933,0,8
2026-09-01T23:11:00.071732687Z,15.682575,133.738574,Cloud to Ground,-12894,0,6
2026-09-01T23:10:59.651922035Z,15.706278,133.759363,Cloud to Ground,50247,0,16
2026-09-01T23:11:00.661710485Z,5.992715,115.560804,Cloud to Ground,14949,0,16
2026-09-01T23:11:00.226152425Z,15.463432,134.404444,Cloud to Ground,49383,0,18
2026-09-01T23:11:01.064684020Z,15.495249,134.322384,Cloud to Ground,19874,0,6
2026-09-01T23:11:00.998873722Z,15.458389,134.347846,Cloud to Ground,20315,0,11
2026-09-01T23:11:01.705768873Z,5.045017,114.413308,Cloud to Ground,9333,0,9
2026-09-01T23:11:01.656923832Z,5.065379,114.414578,Cloud to Cloud,13774,4705,8
2026-09-01T23:11:01.745031581Z,5.015017,114.316496,Cloud to Cloud,9327,4910,7
2026-09-01T23:11:02.655742444Z,15.731999,133.73831,Cloud to Ground,7091,0,7
2026-09-01T23:11:02.647930588Z,15.696122,133.591121,Cloud to Cloud,-13520,4249,9
2026-09-01T23:11:02.910634085Z,19.504745,129.398588,Cloud to Ground,17747,0,7
2026-09-01T23:11:04.225145408Z,15.459772,134.306533,Cloud to Ground,-20819,0,8
2026-09-01T23:11:04.307990359Z,15.56082,133.873592,Cloud to Cloud,7285,8430,9
2026-09-01T23:11:05.326752620Z,15.462263,134.406385,Cloud to Cloud,6479,7583,6
2026-09-01T23:11:05.283453418Z,15.488589,134.368104,Cloud to Ground,29458,0,12
2026-09-01T23:11:05.392642069Z,15.467107,134.397897,Cloud to Ground,43168,0,17
2026-09-01T23:11:06.839199425Z,3.443178,112.812528,Cloud to Ground,-13525,0,8
2026-09-01T23:11:07.073477061Z,3.369728,112.855813,Cloud to Ground,10130,0,12
2026-09-01T23:11:06.792145136Z,15.637918,133.897744,Cloud to Ground,-27269,0,14
2026-09-01T23:11:06.788506471Z,15.644516,133.89588,Cloud to Ground,-16560,0,8
2026-09-01T23:11:06.860502698Z,15.643673,133.901658,Cloud to Ground,9317,0,8
2026-09-01T23:11:06.788032398Z,15.643413,133.91217,Cloud to Ground,17645,0,9
2026-09-01T23:11:06.822413000Z,15.6452,133.8244,Cloud to Ground,25822,0,6
2026-09-01T23:11:06.920648164Z,15.643159,133.903226,Cloud to Ground,74373,0,16
2026-09-01T23:11:06.735091820Z,15.643022,133.896078,Cloud to Ground,82938,0,22
2026-09-01T23:11:06.440652111Z,15.046712,134.802907,Cloud to Ground,-15485,0,9
2026-09-01T23:11:07.361309025Z,15.42848,134.152108,Cloud to Cloud,9574,4887,16
2026-09-01T23:11:08.877331437Z,5.166448,114.428008,Cloud to Cloud,-14112,5308,8
2026-09-01T23:11:08.244398467Z,15.490996,134.329705,Cloud to Ground,-11612,0,6
2026-09-01T23:11:08.236066322Z,15.481127,134.364053,Cloud to Ground,9766,0,6
2026-09-01T23:11:08.080176293Z,15.487071,134.18361,Cloud to Cloud,-7705,7798,9
2026-09-01T23:11:08.535569180Z,15.404331,134.124174,Cloud to Ground,14322,0,7
2026-09-01T23:11:09.778275995Z,5.355675,114.628861,Cloud to Ground,-6718,0,5
2026-09-01T23:11:09.941739239Z,5.326318,114.490385,Cloud to Ground,-17375,0,11
2026-09-01T23:11:09.297763411Z,15.559782,133.850927,Cloud to Ground,-16272,0,6
2026-09-01T23:11:10.465112305Z,15.406139,133.923949,Cloud to Ground,-13430,0,8
2026-09-01T23:11:10.441874561Z,15.51517,134.216396,Cloud to Ground,-19047,0,12
2026-09-01T23:11:10.639310933Z,15.384823,134.115104,Cloud to Ground,-15163,0,7
2026-09-01T23:11:10.961535788Z,15.455809,134.160264,Cloud to Ground,18269,0,10
2026-09-01T23:11:10.313611247Z,15.441317,134.379759,Cloud to Ground,-24333,0,10
2026-09-01T23:11:10.253467601Z,15.473188,134.349188,Cloud to Cloud,-11267,3107,10
2026-09-01T23:11:10.605677418Z,15.426955,134.350739,Cloud to Ground,-9002,0,9
2026-09-01T23:11:10.281601971Z,15.482455,134.376611,Cloud to Ground,28724,0,12
2026-09-01T23:11:11.471905285Z,15.626457,133.354752,Cloud to Ground,-17021,0,15
2026-09-01T23:11:11.320679907Z,15.626802,133.357415,Cloud to Cloud,-8928,15224,16
2026-09-01T23:11:12.425627300Z,18.778005,132.074516,Cloud to Ground,-18833,0,15
2026-09-01T23:11:12.701913182Z,18.694282,132.146805,Cloud to Ground,33290,0,14
2026-09-01T23:11:12.509638007Z,15.774479,133.592171,Cloud to Ground,-11159,0,8
2026-09-01T23:11:13.396922989Z,15.450077,134.352369,Cloud to Ground,-11727,0,6
2026-09-01T23:11:13.361294645Z,15.471653,134.343375,Cloud to Ground,7221,0,7
2026-09-01T23:11:13.069357688Z,15.468613,134.343798,Cloud to Ground,7580,0,6
2026-09-01T23:11:13.444001817Z,15.456912,134.366162,Cloud to Ground,8871,0,6
2026-09-01T23:11:14.020592026Z,16.190458,133.279515,Cloud to Cloud,-11652,3389,10
2026-09-01T23:11:13.606265741Z,16.150439,133.322675,Cloud to Ground,9114,0,8
2026-09-01T23:11:14.161611230Z,5.989816,115.605414,Cloud to Cloud,-8800,6263,7
2026-09-01T23:11:14.247801617Z,15.711913,133.735678,Cloud to Ground,-12996,0,8
2026-09-01T23:11:13.735260412Z,15.558166,133.851694,Cloud to Ground,18685,0,14
2026-09-01T23:11:14.350282406Z,15.582345,133.799029,Cloud to Ground,23358,0,9
2026-09-01T23:11:14.057892952Z,15.475867,134.191396,Cloud to Ground,19723,0,9
2026-09-01T23:11:14.195007813Z,15.464184,134.198453,Cloud to Ground,26627,0,13
2026-09-01T23:11:14.017254309Z,15.453743,134.208371,Cloud to Ground,46310,0,17
2026-09-01T23:11:14.122389332Z,15.456278,134.210356,Cloud to Ground,59972,0,15
2026-09-01T23:11:15.972146841Z,15.814887,132.988678,Cloud to Ground,-9931,0,12
2026-09-01T23:11:15.705663821Z,15.796898,133.154689,Cloud to Ground,15500,0,7
2026-09-01T23:11:15.793410000Z,15.7788,133.0885,Cloud to Ground,19024,0,5
2026-09-01T23:11:15.684445721Z,15.809445,133.147657,Cloud to Ground,30346,0,13
2026-09-01T23:11:15.872488599Z,15.799829,133.161454,Cloud to Ground,30916,0,8
2026-09-01T23:11:15.541556802Z,15.473278,134.328547,Cloud to Ground,19183,0,15
2026-09-01T23:11:16.564399559Z,15.782265,132.690822,Cloud to Cloud,-21679,6896,20
2026-09-01T23:11:16.770270984Z,15.426378,134.236022,Cloud to Ground,-12164,0,10
2026-09-01T23:11:17.463859811Z,5.083275,114.418199,Cloud to Cloud,-12037,5812,9
2026-09-01T23:11:17.109042554Z,15.749724,133.734806,Cloud to Ground,21301,0,10
2026-09-01T23:11:17.209055253Z,15.719956,133.752907,Cloud to Ground,27684,0,12
2026-09-01T23:11:17.051072000Z,15.7631,133.6475,Cloud to Ground,28215,0,7
2026-09-01T23:11:17.567733215Z,15.490084,134.328805,Cloud to Ground,17132,0,9
2026-09-01T23:11:17.397329376Z,19.413934,129.57542,Cloud to Cloud,-25401,18839,15
2026-09-01T23:11:17.784613476Z,19.432236,129.493936,Cloud to Ground,-25085,0,9
2026-09-01T23:11:17.918935612Z,19.4408,129.624364,Cloud to Ground,-11711,0,6
2026-09-01T23:11:17.353012811Z,19.526163,129.556062,Cloud to Ground,-36821,0,19
2026-09-01T23:11:17.780099419Z,19.519534,129.554481,Cloud to Ground,-15927,0,11
2026-09-01T23:11:17.861712823Z,19.536165,129.616718,Cloud to Ground,25165,0,9
2026-09-01T23:11:18.750388670Z,19.152432,130.141407,Cloud to Cloud,-9060,3038,16
2026-09-01T23:11:18.749908040Z,19.171903,130.146904,Cloud to Ground,23370,0,16
2026-09-01T23:11:19.103710361Z,15.738808,133.753404,Cloud to Ground,-14770,0,12
2026-09-01T23:11:19.668313371Z,15.548911,133.865136,Cloud to Ground,-15932,0,10
2026-09-01T23:11:19.709108278Z,15.554243,133.852267,Cloud to Ground,-15690,0,10
2026-09-01T23:11:19.794847277Z,15.571066,133.885541,Cloud to Ground,-14196,0,9
2026-09-01T23:11:19.942881409Z,15.543502,133.851549,Cloud to Ground,16677,0,11
2026-09-01T23:11:19.539841200Z,15.475758,134.061608,Cloud to Ground,-12981,0,12
2026-09-01T23:11:20.317674246Z,15.388558,134.47983,Cloud to Ground,-13212,0,8
2026-09-01T23:11:20.313682566Z,15.460577,134.421178,Cloud to Ground,58311,0,16
2026-09-01T23:11:20.623453304Z,15.495556,134.288298,Cloud to Ground,26707,0,9
2026-09-01T23:11:21.461393836Z,15.609813,133.79799,Cloud to Ground,13550,0,9
2026-09-01T23:11:21.286966995Z,15.709673,133.785234,Cloud to Ground,-11989,0,5
2026-09-01T23:11:21.225300801Z,15.724813,133.771169,Cloud to Ground,14670,0,9
2026-09-01T23:11:21.434521078Z,15.718424,133.756047,Cloud to Ground,22906,0,9
2026-09-01T23:11:22.109586018Z,15.434865,134.129162,Cloud to Cloud,9451,7975,8
2026-09-01T23:11:21.534998731Z,15.474367,134.176298,Cloud to Ground,21470,0,8
2026-09-01T23:11:22.254659011Z,5.010504,114.447365,Cloud to Ground,-10215,0,7
2026-09-01T23:11:22.776943903Z,15.467865,134.404181,Cloud to Cloud,11824,5132,7
2026-09-01T23:11:23.074484950Z,15.482991,134.391327,Cloud to Ground,14632,0,12
2026-09-01T23:11:22.677296074Z,15.441249,134.412017,Cloud to Ground,16265,0,9
2026-09-01T23:11:23.383765598Z,15.454213,134.389403,Cloud to Ground,37075,0,15
2026-09-01T23:11:22.438388871Z,15.463008,134.408706,Cloud to Ground,76519,0,14
2026-09-01T23:11:23.748260687Z,15.772151,133.748913,Cloud to Ground,-12914,0,8
2026-09-01T23:11:24.739974557Z,15.439069,134.20555,Cloud to Ground,25336,0,12
2026-09-01T23:11:24.690742192Z,16.30785,133.477326,Cloud to Ground,-12211,0,12
2026-09-01T23:11:25.318946638Z,15.513191,133.840152,Cloud to Ground,14802,0,9
2026-09-01T23:11:24.742774999Z,15.529222,133.864187,Cloud to Ground,16120,0,9
2026-09-01T23:11:25.062733575Z,15.54981,133.848868,Cloud to Ground,20520,0,8
2026-09-01T23:11:25.602951773Z,15.521329,133.898614,Cloud to Ground,158128,0,13
2026-09-01T23:11:25.055858950Z,15.723931,133.74523,Cloud to Cloud,9943,3071,9
2026-09-01T23:11:25.027448062Z,15.713092,133.75639,Cloud to Ground,31988,0,14
2026-09-01T23:11:25.127419631Z,15.703706,133.763791,Cloud to Ground,65255,0,21
2026-09-01T23:11:25.833969314Z,15.478252,134.373018,Cloud to Ground,-12727,0,10
2026-09-01T23:11:26.472049278Z,15.480715,134.316551,Cloud to Ground,-11542,0,11
2026-09-01T23:11:25.793200277Z,15.462509,134.246137,Cloud to Ground,-10539,0,11
2026-09-01T23:11:26.859605733Z,4.572845,113.891194,Cloud to Ground,-41358,0,10
2026-09-01T23:11:26.846309578Z,4.559332,113.895034,Cloud to Ground,-18664,0,12
2026-09-01T23:11:26.938536852Z,4.652157,113.849268,Cloud to Ground,-14910,0,15
2026-09-01T23:11:26.969960934Z,4.582226,113.913787,Cloud to Ground,40982,0,15
2026-09-01T23:11:26.848058870Z,5.067705,114.39132,Cloud to Cloud,-12092,18716,7
2026-09-01T23:11:27.953398379Z,15.833073,133.140055,Cloud to Ground,9063,0,7
2026-09-01T23:11:27.811687851Z,15.830919,133.153516,Cloud to Ground,11905,0,9
2026-09-01T23:11:27.853260528Z,15.801329,133.704527,Cloud to Ground,-10854,0,7
2026-09-01T23:11:27.580128636Z,15.820596,132.947164,Cloud to Cloud,-17016,5962,12
2026-09-01T23:11:27.706843887Z,15.82313,132.954699,Cloud to Cloud,-10161,18020,9
2026-09-01T23:11:27.989688854Z,15.554347,133.769209,Cloud to Ground,-18863,0,6
2026-09-01T23:11:27.178201385Z,15.485222,134.01565,Cloud to Cloud,-15666,18085,7
2026-09-01T23:11:27.249106219Z,15.468626,134.175472,Cloud to Ground,15858,0,8
2026-09-01T23:11:27.903289675Z,15.697771,133.719061,Cloud to Ground,-12988,0,5
2026-09-01T23:11:28.313335785Z,15.460539,134.437981,Cloud to Ground,14238,0,13
2026-09-01T23:11:28.382488676Z,15.473795,134.435839,Cloud to Ground,15020,0,10
2026-09-01T23:11:28.260067340Z,15.482212,134.42178,Cloud to Ground,46272,0,12
2026-09-01T23:11:29.929671999Z,15.424159,134.371889,Cloud to Ground,-18368,0,13
2026-09-01T23:11:29.594074557Z,15.430234,134.395042,Cloud to Ground,-8002,0,6
2026-09-01T23:11:29.522627978Z,15.428726,134.313515,Cloud to Ground,15083,0,12
2026-09-01T23:11:29.556019087Z,15.391821,134.409574,Cloud to Ground,16200,0,6
2026-09-01T23:11:30.250948317Z,15.449477,134.345253,Cloud to Ground,17502,0,6
2026-09-01T23:11:29.428947663Z,19.478664,129.548488,Cloud to Ground,-11222,0,5
2026-09-01T23:11:29.480158159Z,15.455609,134.213377,Cloud to Ground,-11426,0,7
2026-09-01T23:11:30.125817823Z,15.475135,134.15887,Cloud to Ground,25196,0,16
2026-09-01T23:11:31.433012739Z,15.549825,133.446346,Cloud to Ground,13299,0,10
2026-09-01T23:11:31.438348272Z,15.739304,133.524407,Cloud to Ground,-13797,0,7
2026-09-01T23:11:31.336214715Z,15.454716,134.404955,Cloud to Ground,-9429,0,6
2026-09-01T23:11:31.208064573Z,15.41778,134.46329,Cloud to Cloud,19740,3118,7
2026-09-01T23:11:31.823625288Z,19.466477,129.507988,Cloud to Ground,31321,0,13
2026-09-01T23:11:32.447641210Z,3.548361,112.888099,Cloud to Ground,-12064,0,10
2026-09-01T23:11:32.762288660Z,5.972407,115.557559,Cloud to Ground,-18399,0,10
2026-09-01T23:11:32.210367992Z,5.06492,114.336485,Cloud to Ground,-11460,0,9
2026-09-01T23:11:33.039499913Z,15.392391,134.201461,Cloud to Ground,12249,0,7
2026-09-01T23:11:33.268973987Z,15.448419,134.270325,Cloud to Ground,25953,0,9
2026-09-01T23:11:33.637536450Z,15.719531,133.742564,Cloud to Ground,-12864,0,8
2026-09-01T23:11:34.216797987Z,15.733347,133.722922,Cloud to Ground,13590,0,5
2026-09-01T23:11:33.737788720Z,15.723194,133.736814,Cloud to Ground,13901,0,9
2026-09-01T23:11:34.316238743Z,15.776999,133.723204,Cloud to Ground,14571,0,6
2026-09-01T23:11:34.327771576Z,15.715523,133.744558,Cloud to Ground,15480,0,12
2026-09-01T23:11:33.639386004Z,15.716857,133.746406,Cloud to Ground,15652,0,8
2026-09-01T23:11:33.789587755Z,15.696263,133.755775,Cloud to Ground,25256,0,8
2026-09-01T23:11:34.073064317Z,15.697487,133.562508,Cloud to Ground,-15731,0,13
2026-09-01T23:11:33.589029815Z,15.707336,133.572722,Cloud to Ground,-14731,0,16
2026-09-01T23:11:33.709688000Z,15.6942,133.493,Cloud to Ground,28782,0,5
2026-09-01T23:11:35.815107749Z,5.985259,115.598726,Cloud to Ground,12339,0,8
2026-09-01T23:11:35.989642561Z,15.747316,133.732401,Cloud to Ground,-17591,0,13
2026-09-01T23:11:35.361363667Z,15.452137,134.183517,Cloud to Ground,-15100,0,12
2026-09-01T23:11:35.746336206Z,15.45159,133.915727,Cloud to Ground,138235,0,11
2026-09-01T23:11:35.206514241Z,15.474189,134.329132,Cloud to Ground,12350,0,8
2026-09-01T23:11:35.030606194Z,15.467856,134.325707,Cloud to Ground,15157,0,10
2026-09-01T23:11:36.451829208Z,15.514134,134.250958,Cloud to Ground,-12911,0,11
2026-09-01T23:11:36.761655133Z,15.419277,134.288593,Cloud to Ground,-10546,0,10
2026-09-01T23:11:36.005529011Z,18.699997,132.149203,Cloud to Ground,-25137,0,13
2026-09-01T23:11:35.962530385Z,18.64503,132.164613,Cloud to Ground,-22660,0,9
2026-09-01T23:11:36.113944540Z,18.720404,131.984706,Cloud to Ground,-20893,0,14
2026-09-01T23:11:36.313020649Z,18.737101,131.976186,Cloud to Ground,-10964,0,9
2026-09-01T23:11:36.724939783Z,15.540414,133.853918,Cloud to Ground,8928,0,9
2026-09-01T23:11:37.101876985Z,15.480472,134.159182,Cloud to Ground,23979,0,10
2026-09-01T23:11:37.330500361Z,15.518359,134.292284,Cloud to Ground,-13035,0,12
2026-09-01T23:11:37.574326643Z,15.050057,134.891085,Cloud to Cloud,13876,19036,10
2026-09-01T23:11:38.367566285Z,15.454611,134.438811,Cloud to Ground,14905,0,9
2026-09-01T23:11:38.331791171Z,15.460318,134.440261,Cloud to Ground,23269,0,13
2026-09-01T23:11:38.412728073Z,15.427124,134.442908,Cloud to Ground,28553,0,7
2026-09-01T23:11:38.477476440Z,15.453236,134.446723,Cloud to Ground,43139,0,16
2026-09-01T23:11:38.271545360Z,15.449932,134.271485,Cloud to Cloud,-26398,3017,11
2026-09-01T23:11:39.218337499Z,4.492382,113.807728,Cloud to Cloud,-28765,6257,15
2026-09-01T23:11:39.219494158Z,4.590834,113.790812,Cloud to Ground,-12410,0,14
2026-09-01T23:11:39.221415411Z,4.50248,113.816403,Cloud to Ground,-10048,0,6
2026-09-01T23:11:39.223954677Z,4.558923,113.831713,Cloud to Cloud,-8485,13060,6
2026-09-01T23:11:39.217716727Z,4.503398,113.81819,Cloud to Ground,14797,0,7
2026-09-01T23:11:39.593388059Z,15.545226,133.499813,Cloud to Ground,12181,0,9
2026-09-01T23:11:39.324063862Z,15.551228,133.497189,Cloud to Ground,12501,0,9
2026-09-01T23:11:39.154402567Z,15.537791,133.488645,Cloud to Ground,21613,0,10
2026-09-01T23:11:39.074509541Z,15.536741,133.30899,Cloud to Cloud,-15675,15724,12
2026-09-01T23:11:39.518388653Z,15.527439,133.324324,Cloud to Cloud,-12667,17291,22
2026-09-01T23:11:39.407308873Z,15.540698,133.309569,Cloud to Ground,-11325,0,8
2026-09-01T23:11:40.450100426Z,15.716146,133.589383,Cloud to Cloud,-9478,5986,8
2026-09-01T23:11:41.297063375Z,15.508361,134.255626,Cloud to Cloud,-9109,18700,10
2026-09-01T23:11:41.170163671Z,15.48761,134.366571,Cloud to Cloud,-7610,4271,8
2026-09-01T23:11:41.264202802Z,15.492151,134.379277,Cloud to Ground,22561,0,16
2026-09-01T23:11:43.657699769Z,5.952474,115.590739,Cloud to Ground,-27170,0,9
2026-09-01T23:11:43.049425648Z,15.461107,134.344312,Cloud to Ground,-26779,0,9
2026-09-01T23:11:44.252818761Z,15.470497,134.377748,Cloud to Ground,-21408,0,7
2026-09-01T23:11:44.508344328Z,15.482501,134.375552,Cloud to Ground,-13757,0,6
2026-09-01T23:11:44.540465736Z,15.542202,134.368712,Cloud to Ground,-13394,0,7
2026-09-01T23:11:44.483357681Z,15.477434,134.374273,Cloud to Cloud,16222,4766,5
2026-09-01T23:11:44.324705762Z,15.492292,134.219514,Cloud to Ground,-14510,0,8
2026-09-01T23:11:44.590738588Z,15.477607,134.241068,Cloud to Cloud,-10234,6267,6
2026-09-01T23:11:45.960677449Z,3.402115,112.865799,Cloud to Ground,-12604,0,5
2026-09-01T23:11:45.518251835Z,15.793306,133.125047,Cloud to Ground,13018,0,7
2026-09-01T23:11:45.484945986Z,15.80133,133.127764,Cloud to Ground,25119,0,11
2026-09-01T23:11:45.308065810Z,15.790545,133.149586,Cloud to Ground,27114,0,7
2026-09-01T23:11:45.273200614Z,15.782022,133.147347,Cloud to Ground,44157,0,15
2026-09-01T23:11:45.361011349Z,15.778948,133.149948,Cloud to Ground,54069,0,14
2026-09-01T23:11:45.699915211Z,15.712817,133.756401,Cloud to Ground,14755,0,10
2026-09-01T23:11:46.031970424Z,15.718782,133.75083,Cloud to Ground,15381,0,9
2026-09-01T23:11:45.835988624Z,15.709409,133.762064,Cloud to Ground,25650,0,12
2026-09-01T23:11:45.463150250Z,15.660227,133.768712,Cloud to Ground,25971,0,10
2026-09-01T23:11:45.222967961Z,15.722817,133.753495,Cloud to Ground,29043,0,9
2026-09-01T23:11:45.979432095Z,19.435134,129.581837,Cloud to Cloud,-40628,3018,16
2026-09-01T23:11:46.329940430Z,19.45124,129.600198,Cloud to Ground,-5943,0,7
2026-09-01T23:11:46.691100000Z,19.4481,129.525,Cloud to Ground,15173,0,8
2026-09-01T23:11:47.515917865Z,15.750769,133.619841,Cloud to Cloud,-12731,3816,17
2026-09-01T23:11:47.577868081Z,15.431554,134.118685,Cloud to Ground,9949,0,6
2026-09-01T23:11:47.533770823Z,15.716433,133.731104,Cloud to Ground,-9378,0,7
2026-09-01T23:11:47.560189423Z,15.696967,133.764655,Cloud to Ground,10484,0,8
2026-09-01T23:11:48.714672788Z,15.48593,134.265372,Cloud to Ground,-15887,0,12
2026-09-01T23:11:48.575612748Z,15.493793,134.214295,Cloud to Cloud,-11644,13209,8
2026-09-01T23:11:48.655487985Z,15.482191,134.207398,Cloud to Ground,-9318,0,8
2026-09-01T23:11:49.941789532Z,19.10595,130.481256,Cloud to Cloud,6839,3614,9
2026-09-01T23:11:49.657295164Z,15.303424,134.672028,Cloud to Ground,-19992,0,12
2026-09-01T23:11:49.358708173Z,19.470975,129.604037,Cloud to Cloud,14997,3192,12
2026-09-01T23:11:50.579042844Z,15.510468,134.384758,Cloud to Ground,-15858,0,8
2026-09-01T23:11:50.515113686Z,15.51338,134.386787,Cloud to Ground,-13680,0,7
2026-09-01T23:11:50.569860345Z,15.501143,134.405568,Cloud to Ground,19383,0,9
2026-09-01T23:11:50.493881409Z,15.53243,134.401315,Cloud to Ground,20007,0,10
2026-09-01T23:11:50.447140439Z,15.512035,134.393424,Cloud to Ground,22802,0,11
2026-09-01T23:11:50.526082374Z,15.507126,134.41262,Cloud to Ground,25684,0,9
2026-09-01T23:11:50.582068873Z,15.526536,134.401287,Cloud to Ground,29289,0,16
2026-09-01T23:11:50.972093288Z,18.691893,132.146163,Cloud to Ground,31273,0,9
2026-09-01T23:11:50.446237000Z,15.5387,134.2308,Cloud to Ground,27858,0,5
2026-09-01T23:11:51.201565162Z,5.334324,114.52445,Cloud to Ground,-15572,0,26
2026-09-01T23:11:51.305956689Z,5.346632,114.509312,Cloud to Ground,-14254,0,7
2026-09-01T23:11:51.568677417Z,5.31362,114.618511,Cloud to Cloud,7038,5848,9
2026-09-01T23:11:52.429175008Z,15.4312,134.26846,Cloud to Ground,-14931,0,16
2026-09-01T23:11:52.990089461Z,15.469036,134.271866,Cloud to Cloud,-13954,7725,12
2026-09-01T23:11:52.619984666Z,15.470499,134.436022,Cloud to Ground,15310,0,7
2026-09-01T23:11:52.843571747Z,15.465881,134.443026,Cloud to Ground,17596,0,14
2026-09-01T23:11:52.881602222Z,15.528161,134.382418,Cloud to Ground,27608,0,14
2026-09-01T23:11:52.718212650Z,15.453497,134.446879,Cloud to Ground,29657,0,15
2026-09-01T23:11:52.779065479Z,15.453729,134.44652,Cloud to Ground,31858,0,15
2026-09-01T23:11:52.572009428Z,15.470721,134.445387,Cloud to Ground,83007,0,15
2026-09-01T23:11:52.343805604Z,16.212828,133.088738,Cloud to Ground,17255,0,12
2026-09-01T23:11:52.574141109Z,15.744542,133.615722,Cloud to Ground,-22927,0,12
2026-09-01T23:11:53.347627139Z,15.77937,133.818368,Cloud to Ground,-21188,0,13
2026-09-01T23:11:53.456714768Z,15.759219,133.833333,Cloud to Ground,15470,0,14
2026-09-01T23:11:52.746362146Z,15.720133,133.762422,Cloud to Ground,33464,0,9
2026-09-01T23:11:53.328346708Z,15.639118,133.91311,Cloud to Ground,-26645,0,8
2026-09-01T23:11:53.449826565Z,15.706416,133.725638,Cloud to Ground,-12958,0,10
2026-09-01T23:11:53.811654751Z,18.756344,131.36617,Cloud to Cloud,-10361,6844,11
2026-09-01T23:11:54.639521175Z,15.810538,133.120765,Cloud to Ground,61157,0,10
2026-09-01T23:11:54.424026662Z,16.129589,133.334522,Cloud to Ground,102789,0,7
2026-09-01T23:11:54.485176793Z,15.484537,134.367944,Cloud to Ground,17986,0,9
2026-09-01T23:11:54.520593641Z,15.353086,134.433279,Cloud to Ground,45166,0,7
2026-09-01T23:11:54.552573110Z,15.715059,133.748264,Cloud to Ground,15777,0,7
2026-09-01T23:11:54.420545424Z,15.476166,134.19086,Cloud to Ground,-8232,0,8
2026-09-01T23:11:54.441386372Z,15.529755,133.87401,Cloud to Ground,-20938,0,11
2026-09-01T23:11:55.249374597Z,15.466707,134.193881,Cloud to Ground,20687,0,8
2026-09-01T23:11:55.168138713Z,15.439004,134.192797,Cloud to Ground,32276,0,9
2026-09-01T23:11:55.070569000Z,15.5008,134.0769,Cloud to Ground,30262,0,5
2026-09-01T23:11:56.861431441Z,15.829625,133.068057,Cloud to Cloud,-25797,4951,16
2026-09-01T23:11:56.912057556Z,15.824203,133.049503,Cloud to Cloud,-17423,3009,11
2026-09-01T23:11:56.954179160Z,15.762842,132.991273,Cloud to Cloud,-11447,7070,10
2026-09-01T23:11:56.764159138Z,15.727298,133.136911,Cloud to Ground,-9581,0,7
2026-09-01T23:11:56.745700113Z,15.775552,133.129593,Cloud to Ground,14043,0,9
2026-09-01T23:11:56.723807372Z,15.781325,133.124474,Cloud to Ground,20156,0,12
2026-09-01T23:11:56.072534057Z,15.446206,134.298382,Cloud to Ground,-13881,0,7
2026-09-01T23:11:57.475600255Z,15.437823,134.133257,Cloud to Ground,-16336,0,7
2026-09-01T23:11:57.442604314Z,15.484625,134.067205,Cloud to Cloud,10179,4171,7
2026-09-01T23:11:57.709803577Z,15.676726,133.750823,Cloud to Ground,-15465,0,7
2026-09-01T23:11:57.601512751Z,18.850336,132.023963,Cloud to Ground,-39585,0,14
2026-09-01T23:11:57.586187269Z,18.847116,132.015278,Cloud to Ground,-36454,0,16
2026-09-01T23:11:57.876319599Z,18.904316,132.018861,Cloud to Ground,-18471,0,10
2026-09-01T23:11:58.135705439Z,18.906279,131.954395,Cloud to Ground,-18243,0,8
2026-09-01T23:11:58.044688113Z,18.839264,132.034817,Cloud to Ground,-17266,0,17
2026-09-01T23:11:58.001130892Z,18.867709,132.021687,Cloud to Cloud,-12416,3118,12
2026-09-01T23:11:57.651360824Z,18.846492,132.019367,Cloud to Ground,13248,0,6
2026-09-01T23:11:57.681012000Z,18.8423,131.9912,Cloud to Ground,39613,0,7
2026-09-01T23:11:58.845286163Z,5.037779,114.446128,Cloud to Cloud,10716,3038,6
2026-09-01T23:11:58.985633061Z,15.583649,133.843228,Cloud to Ground,-22332,0,7
2026-09-01T23:11:58.570162469Z,15.565678,133.830156,Cloud to Ground,-12683,0,8
2026-09-01T23:11:59.726350875Z,15.951372,133.746329,Cloud to Ground,-12464,0,9
2026-09-01T23:11:59.584230936Z,15.960873,133.746196,Cloud to Ground,14273,0,11
2026-09-01T23:11:59.632633771Z,15.968557,133.591784,Cloud to Ground,-9666,0,14
2026-09-01T23:11:59.780641308Z,15.460638,134.297821,Cloud to Ground,-15307,0,7
2026-09-01T23:12:00.284346792Z,3.45482,112.879144,Cloud to Cloud,-20116,3021,7
2026-09-01T23:12:01.500991224Z,15.703404,133.729015,Cloud to Ground,-17363,0,12
2026-09-01T23:12:01.027950820Z,15.446931,134.283237,Cloud to Cloud,12500,3580,6
2026-09-01T23:12:03.012510183Z,15.477364,134.414823,Cloud to Ground,10293,0,8
2026-09-01T23:12:02.864220818Z,15.470898,134.393221,Cloud to Ground,18421,0,12
2026-09-01T23:12:02.972308342Z,15.498181,134.435134,Cloud to Ground,27327,0,8
2026-09-01T23:12:03.084150642Z,15.468616,134.421261,Cloud to Ground,33544,0,16
2026-09-01T23:12:02.847129514Z,15.46016,134.425163,Cloud to Ground,51539,0,19
2026-09-01T23:12:02.821865682Z,18.68832,132.178726,Cloud to Ground,17990,0,12
2026-09-01T23:12:02.578729221Z,18.719506,132.164662,Cloud to Ground,33772,0,8
2026-09-01T23:12:02.724397751Z,18.716087,131.971748,Cloud to Ground,-13514,0,13
2026-09-01T23:12:02.769792019Z,18.767849,131.984449,Cloud to Ground,-12375,0,8
2026-09-01T23:12:02.612997553Z,18.69127,131.889354,Cloud to Ground,-12069,0,10
2026-09-01T23:12:02.667737619Z,18.748723,132.027174,Cloud to Ground,-11466,0,16
2026-09-01T23:12:02.905094681Z,15.501691,133.893398,Cloud to Ground,-11669,0,6
2026-09-01T23:12:04.815046193Z,5.418793,114.758288,Cloud to Cloud,-7547,5690,8
2026-09-01T23:12:04.085212372Z,15.767193,132.945447,Cloud to Ground,-10399,0,13
2026-09-01T23:12:05.438659573Z,15.716078,133.77151,Cloud to Ground,36570,0,18
2026-09-01T23:12:05.348925768Z,15.713312,133.772605,Cloud to Ground,48760,0,17
2026-09-01T23:12:06.321266423Z,15.508508,134.322203,Cloud to Ground,-20948,0,8
2026-09-01T23:12:07.019047120Z,5.066562,114.419492,Cloud to Cloud,-8634,3022,6
2026-09-01T23:12:07.335491444Z,15.506028,134.115654,Cloud to Ground,-14975,0,13
2026-09-01T23:12:07.890699627Z,19.468716,129.55844,Cloud to Cloud,-6506,13046,6
2026-09-01T23:12:07.402967422Z,19.474725,129.39897,Cloud to Cloud,6811,15760,9
2026-09-01T23:12:07.646002952Z,19.514776,129.400856,Cloud to Cloud,9299,15065,13
2026-09-01T23:12:08.982077447Z,15.642412,133.709634,Cloud to Ground,-19173,0,9
2026-09-01T23:12:08.957927010Z,15.733836,133.755629,Cloud to Ground,-12865,0,7
2026-09-01T23:12:08.984497904Z,15.673671,133.728164,Cloud to Ground,-12655,0,5
2026-09-01T23:12:08.001327336Z,15.454817,134.365345,Cloud to Ground,-11208,0,9
2026-09-01T23:12:08.058596205Z,15.445639,134.385749,Cloud to Ground,23382,0,15
2026-09-01T23:12:08.047952672Z,15.451034,134.390738,Cloud to Ground,36781,0,13
2026-09-01T23:12:09.695457969Z,5.97742,115.605986,Cloud to Cloud,-20131,18928,9
2026-09-01T23:12:09.675670428Z,18.699794,132.152195,Cloud to Ground,15432,0,13
2026-09-01T23:12:09.540313614Z,18.704572,132.15727,Cloud to Ground,21797,0,14
2026-09-01T23:12:10.238477959Z,15.431828,134.369727,Cloud to Cloud,-17316,10390,7
2026-09-01T23:12:10.100788340Z,15.432434,134.198494,Cloud to Ground,-13757,0,8
2026-09-01T23:12:10.817517459Z,15.446402,134.289485,Cloud to Ground,-12971,0,7
2026-09-01T23:12:09.892593460Z,15.459661,134.223778,Cloud to Ground,-11634,0,7
2026-09-01T23:12:10.282356258Z,15.506332,134.29495,Cloud to Ground,-11190,0,8
2026-09-01T23:12:10.068179513Z,15.450529,134.357696,Cloud to Ground,24443,0,10
2026-09-01T23:12:09.458750886Z,15.454636,134.412041,Cloud to Ground,43712,0,13
2026-09-01T23:12:10.088399520Z,15.749387,133.75849,Cloud to Cloud,-13041,5911,8
2026-09-01T23:12:11.766968843Z,15.612444,133.806,Cloud to Ground,26091,0,8
2026-09-01T23:12:11.841496343Z,15.708722,133.75786,Cloud to Cloud,-10218,5873,8
2026-09-01T23:12:12.296452000Z,15.7353,133.7027,Cloud to Ground,16379,0,8
2026-09-01T23:12:12.343317688Z,15.470141,134.392249,Cloud to Ground,-8537,0,11
2026-09-01T23:12:12.411585251Z,15.477203,134.384879,Cloud to Ground,34908,0,17
2026-09-01T23:12:12.122123711Z,15.407579,134.10731,Cloud to Ground,17411,0,15
2026-09-01T23:12:13.438180313Z,15.471404,134.286311,Cloud to Ground,-16791,0,7
2026-09-01T23:12:13.661148543Z,15.456218,134.215976,Cloud to Ground,13966,0,6
2026-09-01T23:12:14.553088866Z,15.764331,133.594872,Cloud to Cloud,-10513,5007,7
2026-09-01T23:12:14.737066633Z,15.45608,134.216242,Cloud to Ground,-10750,0,7
2026-09-01T23:12:15.383623554Z,15.442533,134.356506,Cloud to Ground,-23808,0,11
2026-09-01T23:12:15.158868642Z,15.45658,134.375191,Cloud to Ground,7051,0,7
2026-09-01T23:12:15.714565116Z,15.705536,133.726918,Cloud to Ground,22309,0,6
2026-09-01T23:12:15.119835097Z,5.055916,114.446848,Cloud to Ground,-12537,0,7
2026-09-01T23:12:15.699901045Z,5.100537,114.46668,Cloud to Ground,11100,0,10
2026-09-01T23:12:15.547013840Z,5.000751,114.507348,Cloud to Ground,20925,0,9
2026-09-01T23:12:16.093924179Z,5.008967,114.492897,Cloud to Ground,49991,0,9
2026-09-01T23:12:16.410601845Z,15.728587,133.593073,Cloud to Ground,-22061,0,18
2026-09-01T23:12:16.943979732Z,15.743967,133.595009,Cloud to Ground,-12961,0,19
2026-09-01T23:12:16.495708897Z,15.662585,133.784057,Cloud to Cloud,-21833,3098,7
2026-09-01T23:12:16.889161003Z,15.730911,133.760539,Cloud to Ground,17948,0,14
2026-09-01T23:12:16.491288994Z,15.733993,133.75597,Cloud to Ground,22468,0,12
2026-09-01T23:12:16.831707051Z,15.741601,133.752998,Cloud to Ground,31430,0,9
2026-09-01T23:12:16.020439167Z,15.406392,134.147015,Cloud to Ground,18118,0,11
2026-09-01T23:12:16.133328654Z,15.488627,134.166415,Cloud to Ground,19880,0,15
2026-09-01T23:12:17.366975019Z,15.52175,134.396719,Cloud to Ground,13046,0,8
2026-09-01T23:12:17.441263053Z,15.499044,134.420535,Cloud to Ground,17473,0,7
2026-09-01T23:12:17.391929402Z,15.491427,134.429883,Cloud to Ground,22045,0,15
2026-09-01T23:12:17.351484087Z,15.488047,134.426974,Cloud to Ground,55696,0,16
2026-09-01T23:12:19.657115633Z,15.464164,134.298535,Cloud to Ground,-19072,0,7
2026-09-01T23:12:19.778894417Z,15.466534,134.382083,Cloud to Ground,-18645,0,11
2026-09-01T23:12:19.403069621Z,15.522663,134.345227,Cloud to Ground,-18029,0,11
2026-09-01T23:12:18.442459076Z,15.459281,134.285987,Cloud to Ground,-13740,0,9
2026-09-01T23:12:19.418933988Z,15.487602,134.345263,Cloud to Ground,-10111,0,9
2026-09-01T23:12:19.415493509Z,15.449807,134.390472,Cloud to Ground,12714,0,9
2026-09-01T23:12:19.468759432Z,15.459816,134.380809,Cloud to Ground,22180,0,15
2026-09-01T23:12:18.785721011Z,15.509209,134.287995,Cloud to Ground,29058,0,9
2026-09-01T23:12:18.112220729Z,15.747205,133.753544,Cloud to Ground,12328,0,7
2026-09-01T23:12:18.037813370Z,15.731968,133.766863,Cloud to Ground,12468,0,9
2026-09-01T23:12:18.015616478Z,15.779553,133.664356,Cloud to Ground,-10275,0,12
2026-09-01T23:12:19.274190259Z,15.495833,134.102311,Cloud to Ground,-13171,0,12
2026-09-01T23:12:19.006126541Z,15.439056,134.172655,Cloud to Ground,20849,0,10
2026-09-01T23:12:19.622030927Z,15.602884,133.76442,Cloud to Cloud,11866,19616,6
2026-09-01T23:12:20.098866815Z,15.75768,133.666253,Cloud to Ground,-15687,0,14
2026-09-01T23:12:19.446352461Z,15.751251,133.747102,Cloud to Ground,-8738,0,6
2026-09-01T23:12:20.009263108Z,15.707576,133.562943,Cloud to Ground,-10141,0,6
2026-09-01T23:12:21.799534032Z,18.934591,130.920674,Cloud to Cloud,-21595,3658,12
2026-09-01T23:12:21.964210765Z,19.065775,130.928024,Cloud to Ground,-13541,0,7
2026-09-01T23:12:21.967272433Z,19.124129,130.892836,Cloud to Ground,-10461,0,7
2026-09-01T23:12:21.760619104Z,18.992253,130.9093,Cloud to Cloud,17488,3391,8
2026-09-01T23:12:21.784372424Z,18.98949,130.897259,Cloud to Ground,38780,0,12
2026-09-01T23:12:21.269221339Z,16.376698,133.810384,Cloud to Ground,-14105,0,6
2026-09-01T23:12:21.427420565Z,15.562668,133.866084,Cloud to Ground,-19150,0,10
2026-09-01T23:12:21.676438416Z,15.533658,133.820536,Cloud to Ground,-12052,0,11
2026-09-01T23:12:23.939962337Z,15.768224,133.755133,Cloud to Ground,-8370,0,7
2026-09-01T23:12:23.039279802Z,15.465516,134.195246,Cloud to Ground,-13373,0,12
2026-09-01T23:12:23.389333189Z,15.431984,134.291099,Cloud to Ground,-18493,0,7
2026-09-01T23:12:23.919136455Z,19.460953,129.543098,Cloud to Ground,-21135,0,18
2026-09-01T23:12:23.752979424Z,19.458826,129.50534,Cloud to Cloud,-13840,5135,8
2026-09-01T23:12:23.616321576Z,19.435326,129.48812,Cloud to Ground,-10211,0,7
2026-09-01T23:12:23.403633033Z,19.453567,129.557756,Cloud to Cloud,-9690,3132,8
2026-09-01T23:12:23.937313831Z,19.459771,129.538967,Cloud to Cloud,-9148,7516,8
2026-09-01T23:12:23.652500716Z,19.470965,129.570063,Cloud to Cloud,-7219,4746,8
2026-09-01T23:12:24.491853694Z,15.860079,132.888971,Cloud to Cloud,-20264,3069,12
2026-09-01T23:12:24.769128832Z,15.827961,133.12154,Cloud to Ground,10965,0,8
2026-09-01T23:12:24.917192457Z,19.453763,129.611141,Cloud to Cloud,-13259,4091,7
2026-09-01T23:12:25.152376505Z,19.437296,129.68597,Cloud to Cloud,-11490,3041,10
2026-09-01T23:12:24.855278439Z,19.467122,129.62931,Cloud to Ground,-10913,0,8
2026-09-01T23:12:24.959968964Z,19.431231,129.661038,Cloud to Cloud,-9648,3018,14
2026-09-01T23:12:25.151956000Z,19.4556,129.5473,Cloud to Ground,27424,0,10
2026-09-01T23:12:25.562701528Z,15.755376,133.661704,Cloud to Cloud,-10800,3101,8
2026-09-01T23:12:25.535434736Z,15.715357,133.61774,Cloud to Ground,16912,0,8
2026-09-01T23:12:25.602516372Z,18.702512,132.120995,Cloud to Ground,8299,0,9
2026-09-01T23:12:25.581235880Z,18.696436,132.144329,Cloud to Ground,28663,0,7
2026-09-01T23:12:25.264561295Z,18.704019,132.1392,Cloud to Ground,34398,0,13
2026-09-01T23:12:26.340489587Z,15.44195,134.317252,Cloud to Ground,-9927,0,10
2026-09-01T23:12:27.283758778Z,15.716552,133.762179,Cloud to Cloud,5747,3057,6
2026-09-01T23:12:27.238458158Z,15.719855,133.601672,Cloud to Cloud,-13188,14220,9
2026-09-01T23:12:28.354961518Z,5.228742,114.479306,Cloud to Cloud,-12956,9557,10
2026-09-01T23:12:28.266668785Z,15.468939,134.151819,Cloud to Ground,35071,0,12
2026-09-01T23:12:29.403469260Z,15.542565,133.842316,Cloud to Ground,-13652,0,8
2026-09-01T23:12:30.342977198Z,6.088297,115.621536,Cloud to Cloud,-6588,5595,8
2026-09-01T23:12:31.135087951Z,15.443617,134.352155,Cloud to Cloud,-12250,6959,13
2026-09-01T23:12:31.267225949Z,15.50005,134.270892,Cloud to Cloud,-15154,4224,18
2026-09-01T23:12:32.252001008Z,18.879875,130.91533,Cloud to Cloud,5630,14817,5
2026-09-01T23:12:33.769167880Z,15.592905,133.866649,Cloud to Ground,-11672,0,6
2026-09-01T23:12:33.895491816Z,15.46557,134.425155,Cloud to Ground,-17184,0,15
2026-09-01T23:12:34.481127995Z,15.494127,134.351554,Cloud to Ground,8365,0,7
2026-09-01T23:12:34.234759709Z,4.636525,113.874563,Cloud to Ground,-15850,0,13
2026-09-01T23:12:47.164819459Z,15.321241,134.638288,Cloud to Cloud,-15684,13562,7
2026-09-01T23:12:47.159208706Z,15.334792,134.649616,Cloud to Ground,25625,0,10
2026-09-01T23:12:48.881005440Z,15.736432,133.729636,Cloud to Ground,11787,0,7
2026-09-01T23:12:48.257947306Z,15.46381,134.310041,Cloud to Cloud,-8072,18506,7
2026-09-01T23:12:49.298953592Z,15.000727,134.82838,Cloud to Ground,18902,0,8
2026-09-01T23:12:50.134185735Z,15.523505,134.236226,Cloud to Cloud,-17113,3199,15
2026-09-01T23:12:50.422538538Z,15.52017,134.266237,Cloud to Cloud,-15377,3064,12
2026-09-01T23:12:50.541554510Z,15.52181,134.243991,Cloud to Ground,-13512,0,12
2026-09-01T23:12:50.322203959Z,15.474769,134.196204,Cloud to Cloud,-10745,19475,11
2026-09-01T23:12:50.248738154Z,15.46242,134.344086,Cloud to Ground,16088,0,7
2026-09-01T23:12:50.279734699Z,15.479048,134.33862,Cloud to Ground,20206,0,11
2026-09-01T23:12:49.900350371Z,15.464554,134.340645,Cloud to Ground,30162,0,10
2026-09-01T23:12:50.225553252Z,15.474706,134.338077,Cloud to Ground,47455,0,10
2026-09-01T23:12:50.910966000Z,19.5243,129.4102,Cloud to Ground,-11111,0,5
2026-09-01T23:12:51.210927778Z,15.426637,134.332468,Cloud to Ground,-16184,0,18
2026-09-01T23:12:51.699020458Z,15.11051,134.746422,Cloud to Ground,47316,0,18
2026-09-01T23:12:52.157534270Z,15.486059,134.320727,Cloud to Ground,-6508,0,7
2026-09-01T23:12:52.067088025Z,15.500961,134.414124,Cloud to Ground,9208,0,7
2026-09-01T23:12:51.740869952Z,15.497261,134.419389,Cloud to Ground,11159,0,13
2026-09-01T23:12:51.684503065Z,15.515936,134.406596,Cloud to Ground,11691,0,13
2026-09-01T23:12:51.937055679Z,15.496049,134.415201,Cloud to Ground,13470,0,6
2026-09-01T23:12:51.803604147Z,15.516215,134.408434,Cloud to Ground,14980,0,14
2026-09-01T23:12:51.842333333Z,15.51212,134.411221,Cloud to Ground,17243,0,10
2026-09-01T23:12:51.878806779Z,15.500848,134.417661,Cloud to Ground,45600,0,16
2026-09-01T23:12:51.433491946Z,15.438311,134.191686,Cloud to Ground,18621,0,10
2026-09-01T23:12:51.918435475Z,15.413205,134.170231,Cloud to Ground,21542,0,8
2026-09-01T23:12:51.042081347Z,19.360421,129.531877,Cloud to Cloud,-13750,3001,7
2026-09-01T23:12:51.228856000Z,19.4271,129.622,Cloud to Ground,14858,0,5
2026-09-01T23:12:52.253673605Z,6.069177,115.596126,Cloud to Cloud,-16048,7591,8
2026-09-01T23:12:53.270322320Z,16.497931,133.778891,Cloud to Ground,47241,0,18
2026-09-01T23:12:53.742556000Z,15.6022,133.4821,Cloud to Ground,-7355,0,6
2026-09-01T23:12:54.502646105Z,15.465822,134.347953,Cloud to Cloud,-10454,3542,8
2026-09-01T23:12:54.554928922Z,15.490073,134.358518,Cloud to Ground,17680,0,14
2026-09-01T23:12:54.490260708Z,15.401672,134.145717,Cloud to Ground,16053,0,14
2026-09-01T23:12:54.024047093Z,15.527905,133.859417,Cloud to Ground,-15904,0,6
2026-09-01T23:12:54.060001407Z,15.546264,133.851415,Cloud to Ground,13655,0,7
2026-09-01T23:12:54.877899975Z,15.709262,133.603178,Cloud to Cloud,-11988,3995,13
2026-09-01T23:12:55.576860321Z,15.744072,133.735428,Cloud to Ground,11957,0,7
2026-09-01T23:12:55.336924143Z,15.700751,133.770495,Cloud to Ground,12320,0,13
2026-09-01T23:12:55.173336670Z,15.748809,133.734912,Cloud to Ground,15347,0,10
2026-09-01T23:12:55.372252327Z,15.716444,133.753385,Cloud to Ground,15951,0,12
2026-09-01T23:12:54.918437825Z,15.715177,133.761162,Cloud to Cloud,16011,7780,5
2026-09-01T23:12:55.278339631Z,15.7164,133.760776,Cloud to Ground,23915,0,7
2026-09-01T23:12:55.637114304Z,15.666451,133.762491,Cloud to Ground,34016,0,7
2026-09-01T23:12:55.780861302Z,18.710197,132.155294,Cloud to Ground,26737,0,9
2026-09-01T23:12:55.882449571Z,15.823058,133.137784,Cloud to Ground,17192,0,12
2026-09-01T23:12:56.020532226Z,15.809703,133.148704,Cloud to Ground,21496,0,12
2026-09-01T23:12:55.730520489Z,15.810918,133.142357,Cloud to Ground,40069,0,16
2026-09-01T23:12:55.928130656Z,15.51627,134.272359,Cloud to Ground,-11752,0,8
2026-09-01T23:12:55.392631857Z,15.448383,134.406137,Cloud to Ground,18184,0,10
2026-09-01T23:12:55.546518917Z,19.467438,129.561438,Cloud to Ground,-8809,0,7
2026-09-01T23:12:56.003405615Z,19.565374,129.388779,Cloud to Cloud,12570,6523,7
2026-09-01T23:12:56.988047031Z,15.453221,134.340762,Cloud to Ground,-15492,0,12
2026-09-01T23:12:56.932450084Z,15.439136,134.353865,Cloud to Ground,-13992,0,13
2026-09-01T23:12:57.035534015Z,15.464955,134.282293,Cloud to Ground,-13141,0,10
2026-09-01T23:12:57.354861590Z,15.478865,134.266049,Cloud to Ground,-12871,0,8
2026-09-01T23:12:57.375373914Z,15.39285,134.383694,Cloud to Ground,14020,0,7
2026-09-01T23:12:57.079733668Z,15.322513,134.420216,Cloud to Ground,20285,0,9
2026-09-01T23:12:57.875559698Z,15.454478,134.281555,Cloud to Ground,22084,0,9
2026-09-01T23:12:57.455725542Z,15.318407,134.432041,Cloud to Ground,23554,0,10
2026-09-01T23:12:59.201571593Z,15.45178,134.199172,Cloud to Ground,-15155,0,7
