timestamp,latitude,longitude,type,amplitude_ka,height_m,num_sensors
2026-08-30T18:21:43.497667264Z,14.336169,132.779701,Cloud to Cloud,13021,13456,9
2026-08-30T18:21:43.501073962Z,14.447611,132.772022,Cloud to Ground,10550,0,8
2026-08-30T18:21:44.640651324Z,19.575756,115.791139,Cloud to Ground,20304,0,10
2026-08-30T18:21:44.244032853Z,18.098815,119.989508,Cloud to Ground,-11363,0,9
2026-08-30T18:21:44.063646000Z,18.1888,120.0264,Cloud to Ground,-15542,0,5
2026-08-30T18:21:45.889440452Z,14.470263,133.489846,Cloud to Ground,-25788,0,10
2026-08-30T18:21:46.089298968Z,14.513492,133.476471,Cloud to Ground,-13848,0,7
2026-08-30T18:21:46.198583820Z,14.552129,133.465528,Cloud to Ground,-12861,0,6
2026-08-30T18:21:46.202036587Z,14.460999,133.44742,Cloud to Ground,9584,0,6
2026-08-30T18:21:45.828068095Z,14.430825,133.492738,Cloud to Ground,22357,0,7
2026-08-30T18:21:47.628199345Z,18.868435,114.948552,Cloud to Ground,18845,0,10
2026-08-30T18:21:47.702936952Z,18.887465,115.090997,Cloud to Cloud,10059,3043,9
2026-08-30T18:21:47.685382000Z,16.9292,119.759,Cloud to Ground,-35024,0,9
2026-08-30T18:21:48.185103421Z,16.910769,119.941662,Cloud to Ground,-11936,0,7
2026-08-30T18:21:50.730041761Z,17.899301,123.0255,Cloud to Ground,-22984,0,16
2026-08-30T18:21:52.711372135Z,17.730799,114.517424,Cloud to Cloud,13194,5509,10
2026-08-30T18:21:52.712689067Z,17.746936,114.479429,Cloud to Cloud,19706,4687,8
2026-08-30T18:21:53.934454275Z,18.72678,114.941747,Cloud to Cloud,-22827,6565,14
2026-08-30T18:21:54.794001421Z,18.707845,114.880455,Cloud to Ground,36617,0,18
2026-08-30T18:21:54.731119414Z,18.709415,114.876621,Cloud to Ground,63222,0,17
2026-08-30T18:21:54.345763060Z,18.71359,114.881865,Cloud to Ground,113910,0,19
2026-08-30T18:21:56.531148149Z,14.47582,132.953989,Cloud to Ground,-13446,0,6
2026-08-30T18:21:57.245842302Z,15.288606,129.938612,Cloud to Ground,79006,0,11
2026-08-30T18:21:57.305575000Z,15.4453,129.8117,Cloud to Ground,-19271,0,8
2026-08-30T18:21:57.275928555Z,15.422896,129.826046,Cloud to Ground,-11264,0,9
2026-08-30T18:21:57.247804874Z,15.405807,129.740247,Cloud to Ground,15189,0,13
2026-08-30T18:21:57.434395471Z,20.348892,114.78812,Cloud to Ground,-14915,0,10
2026-08-30T18:21:58.385142130Z,16.883515,119.958138,Cloud to Cloud,-7876,17947,7
2026-08-30T18:21:59.578199334Z,14.432068,132.76274,Cloud to Cloud,13498,3305,10
2026-08-30T18:21:59.582614126Z,18.14599,116.146276,Cloud to Ground,-19845,0,10
2026-08-30T18:21:59.917336738Z,18.124137,115.893884,Cloud to Cloud,8317,3024,9
2026-08-30T18:21:59.800369605Z,18.11264,115.903214,Cloud to Cloud,9977,19330,7
2026-08-30T18:21:59.844312168Z,18.140008,116.029186,Cloud to Ground,11367,0,12
2026-08-30T18:21:59.818371654Z,18.124569,115.912485,Cloud to Ground,12069,0,8
2026-08-30T18:21:59.724989300Z,18.111577,115.907164,Cloud to Cloud,14026,3000,7
2026-08-30T18:21:59.714465462Z,18.118871,115.930159,Cloud to Cloud,14420,10366,8
2026-08-30T18:21:59.621558603Z,18.127432,115.873589,Cloud to Ground,16246,0,10
2026-08-30T18:21:59.868320494Z,18.151039,116.008106,Cloud to Ground,26542,0,14
2026-08-30T18:21:59.507084196Z,18.134168,115.862871,Cloud to Ground,35854,0,12
2026-08-30T18:21:59.435716207Z,18.16085,116.055054,Cloud to Ground,56162,0,14
2026-08-30T18:21:59.343543646Z,18.120314,116.037239,Cloud to Ground,204322,0,10
2026-08-30T18:21:59.328784893Z,18.785804,116.260941,Cloud to Cloud,-16646,4884,8
2026-08-30T18:22:02.957471902Z,15.085904,132.273973,Cloud to Cloud,-10386,4310,10
2026-08-30T18:22:02.960605424Z,15.047593,132.430919,Cloud to Ground,-23864,0,9
2026-08-30T18:22:03.346940120Z,15.015756,132.417666,Cloud to Cloud,-14421,7875,16
2026-08-30T18:22:02.958191820Z,14.96863,132.466058,Cloud to Ground,28617,0,12
2026-08-30T18:22:03.095377838Z,15.026065,132.581294,Cloud to Ground,20645,0,13
2026-08-30T18:22:03.093022886Z,15.037472,132.575703,Cloud to Ground,23379,0,10
2026-08-30T18:22:03.152562717Z,15.726214,131.184592,Cloud to Cloud,-19701,3015,8
2026-08-30T18:22:03.450166000Z,15.6639,131.1865,Cloud to Ground,-8847,0,5
2026-08-30T18:22:03.105358483Z,15.660895,131.193057,Cloud to Cloud,16597,6726,9
2026-08-30T18:22:03.255690357Z,15.624171,131.18163,Cloud to Ground,27981,0,9
2026-08-30T18:22:04.096329626Z,18.050786,115.81457,Cloud to Ground,-13299,0,8
2026-08-30T18:22:03.762488023Z,18.05187,115.874909,Cloud to Cloud,-11746,4378,8
2026-08-30T18:22:04.037663805Z,18.015803,115.740502,Cloud to Ground,-8752,0,8
2026-08-30T18:22:03.514624261Z,18.044562,115.842206,Cloud to Cloud,12356,5464,9
2026-08-30T18:22:03.560738128Z,18.012602,115.696988,Cloud to Cloud,15158,4838,8
2026-08-30T18:22:03.553238659Z,18.004077,115.711739,Cloud to Ground,17385,0,8
2026-08-30T18:22:03.459555581Z,20.515891,114.073775,Cloud to Ground,10192,0,6
2026-08-30T18:22:03.810030781Z,19.246289,116.751385,Cloud to Ground,20129,0,17
2026-08-30T18:22:04.032682790Z,19.237124,116.788821,Cloud to Ground,48106,0,12
2026-08-30T18:22:06.617054990Z,9.54399,118.827106,Cloud to Cloud,12304,7797,6
2026-08-30T18:22:06.838030535Z,15.142997,130.171852,Cloud to Cloud,29407,6010,8
2026-08-30T18:22:07.141286530Z,15.406053,130.053885,Cloud to Ground,-22833,0,12
2026-08-30T18:22:07.093522717Z,15.394049,130.056428,Cloud to Ground,-19418,0,11
2026-08-30T18:22:07.310044260Z,19.075821,116.537844,Cloud to Ground,-20039,0,9
2026-08-30T18:22:07.555383233Z,17.448757,119.396292,Cloud to Ground,-14636,0,9
2026-08-30T18:22:07.716789000Z,17.566,119.3603,Cloud to Ground,-38942,0,8
2026-08-30T18:22:07.512525787Z,17.569576,119.358161,Cloud to Cloud,-36812,19094,10
2026-08-30T18:22:07.846239698Z,17.540875,119.34992,Cloud to Ground,-28436,0,10
2026-08-30T18:22:07.964747931Z,17.541351,119.35265,Cloud to Ground,-27012,0,10
2026-08-30T18:22:07.604640000Z,17.5596,119.3524,Cloud to Ground,388,0,7
2026-08-30T18:22:09.260310260Z,17.817976,114.908415,Cloud to Ground,-25613,0,7
2026-08-30T18:22:09.307279307Z,17.853303,114.813771,Cloud to Ground,-26643,0,11
2026-08-30T18:22:10.503374522Z,17.655081,114.368714,Cloud to Cloud,-95506,6549,11
2026-08-30T18:22:10.522500631Z,17.623558,114.236655,Cloud to Ground,-55147,0,12
2026-08-30T18:22:11.105425191Z,17.649721,114.373678,Cloud to Ground,-11837,0,8
2026-08-30T18:22:10.713503724Z,17.622811,114.278018,Cloud to Cloud,11937,3904,7
2026-08-30T18:22:11.374968584Z,17.633136,114.214279,Cloud to Cloud,14215,14248,10
2026-08-30T18:22:10.495247543Z,17.627193,114.387407,Cloud to Cloud,17381,13447,10
2026-08-30T18:22:10.534321585Z,17.62609,114.471714,Cloud to Ground,17599,0,10
2026-08-30T18:22:10.942008630Z,17.644181,114.228221,Cloud to Ground,31764,0,12
2026-08-30T18:22:10.686114427Z,17.652536,114.351009,Cloud to Ground,53274,0,16
2026-08-30T18:22:10.542403042Z,17.639072,114.354955,Cloud to Ground,89821,0,16
2026-08-30T18:22:11.829538000Z,17.3519,118.2355,Cloud to Ground,11233,0,6
2026-08-30T18:22:13.567763226Z,18.85741,114.93735,Cloud to Ground,21725,0,12
2026-08-30T18:22:13.635157586Z,18.926868,115.097647,Cloud to Ground,20693,0,18
2026-08-30T18:22:14.029135272Z,19.638511,115.837811,Cloud to Ground,32718,0,16
2026-08-30T18:22:15.224364322Z,18.933199,115.062289,Cloud to Ground,17275,0,10
2026-08-30T18:22:15.227338362Z,18.93431,115.160452,Cloud to Cloud,11033,4612,10
2026-08-30T18:22:15.389504832Z,17.721818,114.487746,Cloud to Ground,16097,0,7
2026-08-30T18:22:15.383457613Z,17.675756,114.615522,Cloud to Cloud,-10015,3035,6
2026-08-30T18:22:15.412919327Z,17.710283,114.603685,Cloud to Cloud,7526,3116,10
2026-08-30T18:22:15.385413012Z,17.690666,114.300604,Cloud to Ground,33085,0,8
2026-08-30T18:22:15.859167296Z,18.723891,114.709061,Cloud to Ground,-16960,0,7
2026-08-30T18:22:16.032813285Z,18.68874,114.694362,Cloud to Ground,16603,0,11
2026-08-30T18:22:15.790950688Z,18.667254,114.679842,Cloud to Ground,64827,0,13
2026-08-30T18:22:16.108539595Z,18.687256,114.834647,Cloud to Ground,34398,0,18
2026-08-30T18:22:15.702560483Z,18.665607,114.823579,Cloud to Ground,54991,0,17
2026-08-30T18:22:16.661122837Z,15.721832,129.198831,Cloud to Cloud,14979,3972,11
2026-08-30T18:22:17.016279789Z,18.083279,120.5384,Cloud to Cloud,5885,3000,15
2026-08-30T18:22:18.521284730Z,21.134795,113.542789,Cloud to Cloud,-11051,19595,7
2026-08-30T18:22:18.432213950Z,21.179656,113.582774,Cloud to Cloud,12444,3007,10
2026-08-30T18:22:19.551820108Z,14.467263,133.43605,Cloud to Ground,10873,0,10
2026-08-30T18:22:19.491140762Z,21.207374,113.202723,Cloud to Ground,-25545,0,13
2026-08-30T18:22:18.437251135Z,21.284811,113.450144,Cloud to Cloud,8870,3002,8
2026-08-30T18:22:19.055390763Z,21.339005,113.468566,Cloud to Cloud,8978,18071,6
2026-08-30T18:22:20.718445900Z,20.091968,114.746204,Cloud to Cloud,-6933,12228,8
2026-08-30T18:22:20.959530702Z,20.126085,114.858432,Cloud to Cloud,-10364,12576,8
2026-08-30T18:22:21.033822019Z,20.053913,114.867552,Cloud to Cloud,-10117,6300,7
2026-08-30T18:22:21.540060099Z,20.485599,114.266922,Cloud to Cloud,-11799,15349,10
2026-08-30T18:22:21.538231739Z,20.524882,114.289629,Cloud to Cloud,-9276,3026,8
2026-08-30T18:22:22.454333578Z,14.543375,133.625113,Cloud to Ground,-36636,0,14
2026-08-30T18:22:22.456530183Z,14.545002,133.652898,Cloud to Ground,-26466,0,16
2026-08-30T18:22:22.463629048Z,14.552357,133.641686,Cloud to Ground,-15701,0,10
2026-08-30T18:22:22.460231129Z,14.539348,133.636941,Cloud to Ground,17455,0,10
2026-08-30T18:22:22.461592722Z,14.424754,133.671471,Cloud to Ground,26343,0,7
2026-08-30T18:22:22.032508393Z,17.898735,114.720757,Cloud to Ground,23952,0,9
2026-08-30T18:22:23.259564051Z,14.546551,133.75204,Cloud to Ground,-11577,0,5
2026-08-30T18:22:22.925588952Z,14.610491,132.816975,Cloud to Ground,-15759,0,19
2026-08-30T18:22:22.814097000Z,14.5383,132.8036,Cloud to Ground,493,0,7
2026-08-30T18:22:23.283452879Z,14.520835,132.817968,Cloud to Ground,30446,0,10
2026-08-30T18:22:23.643261108Z,15.507403,130.056407,Cloud to Cloud,13172,4711,11
2026-08-30T18:22:23.639111523Z,15.630178,129.933305,Cloud to Ground,-17575,0,9
2026-08-30T18:22:23.636684949Z,15.629751,129.938525,Cloud to Ground,-15785,0,16
2026-08-30T18:22:23.636117842Z,15.639019,129.947817,Cloud to Ground,-13326,0,9
2026-08-30T18:22:23.341306805Z,15.649371,129.692626,Cloud to Ground,-12723,0,12
2026-08-30T18:22:24.078600654Z,16.453497,134.652038,Cloud to Ground,-16675,0,15
2026-08-30T18:22:24.076842376Z,16.426253,134.688227,Cloud to Ground,-14956,0,10
2026-08-30T18:22:24.080176816Z,16.428116,134.708354,Cloud to Ground,-14283,0,12
2026-08-30T18:22:24.080632337Z,16.342733,134.745099,Cloud to Ground,14152,0,8
2026-08-30T18:22:26.908356400Z,18.003993,115.813419,Cloud to Cloud,12596,8782,8
2026-08-30T18:22:27.463103616Z,19.553111,115.466796,Cloud to Cloud,6053,3040,8
2026-08-30T18:22:27.314418775Z,20.615939,113.995567,Cloud to Ground,23737,0,16
2026-08-30T18:22:27.245901543Z,20.61384,114.020356,Cloud to Ground,37544,0,10
2026-08-30T18:22:27.116625367Z,20.624627,113.992408,Cloud to Ground,65665,0,16
2026-08-30T18:22:29.300846258Z,16.744408,119.933296,Cloud to Ground,19197,0,9
2026-08-30T18:22:30.070950379Z,18.141218,120.071387,Cloud to Ground,-87606,0,15
2026-08-30T18:22:30.537496785Z,18.140709,120.070818,Cloud to Ground,-34685,0,11
2026-08-30T18:22:30.677357340Z,18.087401,120.146413,Cloud to Ground,-14989,0,11
2026-08-30T18:22:31.472128943Z,17.629558,114.448791,Cloud to Ground,-36842,0,11
2026-08-30T18:22:31.474570377Z,17.618484,114.298277,Cloud to Cloud,-18102,6961,7
2026-08-30T18:22:31.815942264Z,17.611108,114.355167,Cloud to Cloud,11161,4297,7
2026-08-30T18:22:31.589980156Z,17.644547,114.451833,Cloud to Cloud,19203,6785,15
2026-08-30T18:22:31.193282791Z,17.621028,114.267374,Cloud to Ground,26167,0,12
2026-08-30T18:22:31.138406860Z,17.634934,114.408652,Cloud to Ground,40546,0,18
2026-08-30T18:22:31.237032389Z,17.64169,114.420676,Cloud to Ground,64354,0,16
2026-08-30T18:22:33.758580318Z,14.751525,132.366285,Cloud to Cloud,-12701,4867,10
2026-08-30T18:22:33.633232424Z,17.701052,114.572637,Cloud to Cloud,-12363,8807,10
2026-08-30T18:22:34.069787420Z,17.669365,114.446465,Cloud to Cloud,-9706,14873,6
2026-08-30T18:22:34.047167136Z,17.603368,114.479881,Cloud to Cloud,-8901,5330,5
2026-08-30T18:22:34.018488918Z,17.731278,114.385257,Cloud to Cloud,-7621,5462,8
2026-08-30T18:22:34.015293702Z,17.686051,114.463961,Cloud to Cloud,-7498,5855,7
2026-08-30T18:22:33.634681870Z,17.689363,114.404237,Cloud to Ground,27035,0,6
2026-08-30T18:22:35.458949498Z,18.100872,115.891779,Cloud to Cloud,9226,3374,10
2026-08-30T18:22:35.778560887Z,18.089675,115.884269,Cloud to Cloud,10602,3051,8
2026-08-30T18:22:35.253927491Z,18.073618,115.812536,Cloud to Ground,16088,0,8
2026-08-30T18:22:35.415316146Z,18.098387,116.072806,Cloud to Ground,-42788,0,8
2026-08-30T18:22:35.197544054Z,18.10612,116.072293,Cloud to Ground,-40191,0,11
2026-08-30T18:22:35.524656674Z,18.179862,116.046203,Cloud to Ground,20742,0,16
2026-08-30T18:22:35.599450996Z,18.118509,116.036631,Cloud to Ground,39689,0,14
2026-08-30T18:22:35.231771000Z,18.1814,116.0908,Cloud to Ground,46603,0,5
2026-08-30T18:22:37.790732734Z,17.885872,123.011043,Cloud to Cloud,-27093,3000,7
2026-08-30T18:22:37.864911661Z,17.900373,123.020907,Cloud to Ground,-8938,0,8
2026-08-30T18:22:37.825353676Z,17.897535,123.010903,Cloud to Ground,-8501,0,8
2026-08-30T18:22:37.836220836Z,17.909552,123.030952,Cloud to Cloud,9419,4132,5
2026-08-30T18:22:37.744648665Z,17.893288,123.027722,Cloud to Cloud,10665,13970,11
2026-08-30T18:22:38.532137632Z,15.418201,130.068146,Cloud to Ground,-15359,0,8
2026-08-30T18:22:38.709190680Z,15.210329,130.075341,Cloud to Ground,-27553,0,7
2026-08-30T18:22:38.361291048Z,15.174275,130.106115,Cloud to Ground,17926,0,8
2026-08-30T18:22:38.372025107Z,15.193638,130.171096,Cloud to Cloud,21541,3625,10
2026-08-30T18:22:38.984375632Z,18.627835,114.662061,Cloud to Ground,28860,0,12
2026-08-30T18:22:38.028160040Z,17.544904,119.315454,Cloud to Cloud,5591,3036,6
2026-08-30T18:22:39.762346392Z,15.468411,129.551404,Cloud to Cloud,25612,5986,7
2026-08-30T18:22:39.987980750Z,15.568782,129.611145,Cloud to Cloud,-14674,3496,11
2026-08-30T18:22:39.926540153Z,18.722687,114.435825,Cloud to Ground,42421,0,8
2026-08-30T18:22:39.929280033Z,18.708596,114.559982,Cloud to Ground,-13168,0,12
2026-08-30T18:22:39.164441337Z,18.609443,114.808618,Cloud to Ground,31411,0,18
2026-08-30T18:22:40.537990727Z,20.578541,114.550166,Cloud to Ground,31962,0,15
2026-08-30T18:22:40.542942979Z,20.541111,114.682545,Cloud to Cloud,-14178,7291,10
2026-08-30T18:22:41.488595136Z,14.512197,133.525171,Cloud to Ground,-32879,0,12
2026-08-30T18:22:41.529799727Z,14.505622,133.530974,Cloud to Ground,-22084,0,10
2026-08-30T18:22:41.345353103Z,15.839651,129.139419,Cloud to Cloud,13419,12935,12
2026-08-30T18:22:41.829921631Z,18.861076,114.599929,Cloud to Cloud,17270,3203,7
2026-08-30T18:22:42.039936250Z,14.511308,133.430549,Cloud to Ground,-54916,0,25
2026-08-30T18:22:44.557454795Z,15.417603,130.382366,Cloud to Ground,-60168,0,12
2026-08-30T18:22:44.561079294Z,15.370829,130.251136,Cloud to Ground,-32901,0,9
2026-08-30T18:22:45.754443504Z,14.360075,132.795911,Cloud to Ground,15025,0,7
2026-08-30T18:22:45.859634158Z,14.340525,132.771597,Cloud to Cloud,21969,18472,8
2026-08-30T18:22:45.629896709Z,14.471857,132.817994,Cloud to Ground,-10997,0,7
2026-08-30T18:22:45.864632604Z,14.471582,132.809847,Cloud to Ground,-9314,0,8
2026-08-30T18:22:45.360170425Z,18.709999,115.048153,Cloud to Cloud,-14177,4838,11
2026-08-30T18:22:45.355852970Z,18.706753,114.691489,Cloud to Cloud,11331,16377,7
2026-08-30T18:22:45.452257856Z,20.385224,114.575345,Cloud to Cloud,-9208,6998,6
2026-08-30T18:22:48.466303726Z,18.027686,115.845009,Cloud to Ground,-17158,0,7
2026-08-30T18:22:48.048968204Z,18.044589,115.846023,Cloud to Cloud,9829,3697,8
2026-08-30T18:22:49.571736777Z,18.11569,116.021596,Cloud to Cloud,-12749,3512,8
2026-08-30T18:22:49.224818590Z,18.013466,115.779457,Cloud to Ground,22285,0,8
2026-08-30T18:22:49.578143485Z,18.107301,115.870218,Cloud to Ground,5853,0,7
2026-08-30T18:22:49.581343030Z,18.091283,115.885194,Cloud to Ground,54440,0,13
2026-08-30T18:22:49.264055585Z,18.100436,115.742119,Cloud to Cloud,-5041,3252,6
2026-08-30T18:22:49.707350000Z,18.9869,116.5145,Cloud to Ground,-18189,0,5
2026-08-30T18:22:50.292596872Z,15.457381,130.896793,Cloud to Cloud,-20079,5874,7
2026-08-30T18:22:50.084711121Z,15.494403,130.839655,Cloud to Cloud,-16019,19481,7
2026-08-30T18:22:52.759958049Z,18.183836,120.556235,Cloud to Cloud,-16129,16281,9
2026-08-30T18:22:53.073932006Z,15.655444,131.188319,Cloud to Ground,-46721,0,16
2026-08-30T18:22:53.241214407Z,15.70368,131.151766,Cloud to Cloud,-19935,3065,10
2026-08-30T18:22:53.861804984Z,20.548928,114.037568,Cloud to Cloud,-16854,7878,12
2026-08-30T18:22:53.728650363Z,20.562649,114.061845,Cloud to Cloud,12816,3108,8
2026-08-30T18:22:52.785983000Z,18.3564,120.4897,Cloud to Ground,-21783,0,8
2026-08-30T18:22:53.167435510Z,18.36717,120.482301,Cloud to Ground,-20509,0,9
2026-08-30T18:22:52.811823290Z,18.33766,120.491459,Cloud to Cloud,-17971,10886,10
2026-08-30T18:22:52.752741112Z,18.281722,120.531309,Cloud to Cloud,-13594,16940,9
2026-08-30T18:22:57.889619238Z,18.124057,120.050353,Cloud to Cloud,6833,3058,7
2026-08-30T18:22:57.825555104Z,18.07191,120.10357,Cloud to Cloud,12657,10365,7
2026-08-30T18:22:59.215826359Z,15.433121,129.826824,Cloud to Ground,26241,0,12
2026-08-30T18:22:59.214313668Z,15.395296,129.943224,Cloud to Ground,37605,0,11
2026-08-30T18:22:59.742859030Z,18.204175,120.330449,Cloud to Cloud,9950,6515,8
2026-08-30T18:23:00.533034778Z,14.591294,133.158714,Cloud to Ground,-53195,0,20
2026-08-30T18:23:00.578942023Z,14.485106,133.266785,Cloud to Ground,-38030,0,14
2026-08-30T18:23:00.930654401Z,14.544904,133.07738,Cloud to Ground,-34013,0,21
2026-08-30T18:23:00.815877082Z,14.621282,133.281626,Cloud to Ground,-28191,0,14
2026-08-30T18:23:01.427539000Z,14.5749,133.2519,Cloud to Ground,-26491,0,11
2026-08-30T18:23:00.552906870Z,14.51026,133.305408,Cloud to Ground,-18210,0,6
2026-08-30T18:23:00.931153945Z,14.541322,133.216484,Cloud to Ground,-11899,0,13
2026-08-30T18:23:00.596397000Z,14.5309,133.2056,Cloud to Ground,265,0,5
2026-08-30T18:23:00.908041000Z,14.5437,133.1699,Cloud to Ground,7557,0,7
2026-08-30T18:23:00.575627547Z,14.512884,133.273379,Cloud to Ground,11699,0,7
2026-08-30T18:23:00.653899021Z,14.56382,133.254621,Cloud to Ground,16172,0,7
2026-08-30T18:23:00.838735357Z,14.526974,133.264159,Cloud to Ground,80634,0,15
2026-08-30T18:23:00.939896307Z,16.473867,134.948858,Cloud to Ground,-35840,0,13
2026-08-30T18:23:00.944658741Z,16.391234,134.95038,Cloud to Ground,-21229,0,8
2026-08-30T18:23:00.939014417Z,16.575142,134.882084,Cloud to Cloud,-23126,14088,12
2026-08-30T18:23:01.079579687Z,14.798677,132.386744,Cloud to Ground,20666,0,7
2026-08-30T18:23:01.047071021Z,17.508789,119.297279,Cloud to Ground,-43785,0,13
2026-08-30T18:23:01.171226232Z,17.495348,119.336842,Cloud to Cloud,-26084,19991,10
2026-08-30T18:23:01.306221260Z,17.486228,119.316284,Cloud to Ground,-16412,0,8
2026-08-30T18:23:02.258222843Z,14.502008,133.516992,Cloud to Ground,42658,0,11
2026-08-30T18:23:02.337821376Z,14.457258,133.414018,Cloud to Ground,-22295,0,9
2026-08-30T18:23:02.381010760Z,14.537513,133.136069,Cloud to Ground,-23060,0,7
2026-08-30T18:23:02.421616153Z,18.798839,114.432717,Cloud to Cloud,21480,3015,8
2026-08-30T18:23:02.184036834Z,16.89243,119.865803,Cloud to Ground,-31952,0,10
2026-08-30T18:23:01.758540000Z,16.9207,119.8947,Cloud to Ground,58313,0,6
2026-08-30T18:23:02.276719897Z,18.028851,114.904255,Cloud to Ground,24877,0,9
2026-08-30T18:23:02.277393276Z,18.032571,114.864598,Cloud to Ground,66398,0,13
2026-08-30T18:23:08.938235140Z,15.275065,130.013775,Cloud to Cloud,9999,8979,12
2026-08-30T18:23:08.431097599Z,18.852385,115.098241,Cloud to Cloud,-16556,4642,7
2026-08-30T18:23:08.365452817Z,18.885984,115.087478,Cloud to Cloud,-16493,19410,14
2026-08-30T18:23:08.115545173Z,18.846604,115.130854,Cloud to Cloud,-10379,12382,7
2026-08-30T18:23:08.119243994Z,18.85091,115.127421,Cloud to Cloud,-9401,13482,7
2026-08-30T18:23:08.406628791Z,18.899143,114.99919,Cloud to Ground,16494,0,8
2026-08-30T18:23:09.290847376Z,9.551166,118.790434,Cloud to Cloud,-15096,4328,7
2026-08-30T18:23:09.103367225Z,18.002674,115.860069,Cloud to Cloud,-8301,8758,7
2026-08-30T18:23:09.013695587Z,18.026288,115.724556,Cloud to Ground,17175,0,13
2026-08-30T18:23:09.144994936Z,18.049984,115.707984,Cloud to Cloud,22084,18094,13
2026-08-30T18:23:10.837582160Z,18.604046,115.587898,Cloud to Cloud,-9386,7508,7
2026-08-30T18:23:10.868917367Z,18.725886,115.934868,Cloud to Ground,40380,0,14
2026-08-30T18:23:10.767140463Z,18.67863,115.768245,Cloud to Cloud,-11894,18633,7
2026-08-30T18:23:10.151300686Z,17.699268,114.400603,Cloud to Cloud,9815,3151,7
2026-08-30T18:23:10.143252109Z,17.727836,114.384398,Cloud to Cloud,23136,6164,15
2026-08-30T18:23:10.418477708Z,17.799673,114.645901,Cloud to Ground,-15160,0,7
2026-08-30T18:23:10.213566271Z,17.795816,114.563685,Cloud to Ground,-12821,0,7
2026-08-30T18:23:10.154211775Z,17.745727,114.531969,Cloud to Cloud,-8925,3006,7
2026-08-30T18:23:10.248790109Z,17.76975,114.530154,Cloud to Ground,17560,0,12
2026-08-30T18:23:11.152424480Z,17.602125,114.452643,Cloud to Cloud,-12244,3321,8
2026-08-30T18:23:11.146489509Z,17.625414,114.392929,Cloud to Cloud,15599,16892,9
2026-08-30T18:23:10.944359947Z,17.698969,114.33881,Cloud to Ground,20704,0,8
2026-08-30T18:23:11.530303200Z,14.886222,132.690599,Cloud to Ground,-26675,0,7
2026-08-30T18:23:11.514916796Z,14.888822,132.589873,Cloud to Ground,16886,0,7
2026-08-30T18:23:11.516202132Z,14.863162,132.614327,Cloud to Ground,31302,0,8
2026-08-30T18:23:11.823879833Z,14.45676,132.643589,Cloud to Cloud,16284,7792,10
2026-08-30T18:23:13.432828000Z,18.8897,116.3786,Cloud to Ground,-32245,0,10
2026-08-30T18:23:13.468842666Z,18.794051,116.402269,Cloud to Cloud,-17926,7745,9
2026-08-30T18:23:13.714511287Z,18.798668,116.365382,Cloud to Ground,-14936,0,8
2026-08-30T18:23:13.433697614Z,18.80617,116.334111,Cloud to Cloud,-13596,15694,8
2026-08-30T18:23:13.813943014Z,18.802763,116.295278,Cloud to Cloud,-13454,3002,8
2026-08-30T18:23:13.717807691Z,18.786421,116.267869,Cloud to Ground,-12956,0,6
2026-08-30T18:23:13.512153551Z,18.833369,116.381649,Cloud to Ground,49193,0,13
2026-08-30T18:23:15.126881908Z,14.797409,132.476875,Cloud to Cloud,18980,17810,7
2026-08-30T18:23:16.103936427Z,17.872959,123.014964,Cloud to Cloud,4838,3000,10
2026-08-30T18:23:15.672454119Z,17.86725,123.010645,Cloud to Cloud,5559,4962,8
2026-08-30T18:23:15.660429984Z,17.874165,123.015698,Cloud to Cloud,28145,13316,10
2026-08-30T18:23:16.115337027Z,17.966122,123.144265,Cloud to Cloud,6121,5365,7
2026-08-30T18:23:17.906532792Z,15.457198,130.388626,Cloud to Ground,-12942,0,9
2026-08-30T18:23:18.635988578Z,15.422966,130.387429,Cloud to Ground,13872,0,9
2026-08-30T18:23:18.031473719Z,19.012814,116.548705,Cloud to Cloud,-14818,10038,7
2026-08-30T18:23:19.617924738Z,14.490066,133.515576,Cloud to Ground,-23062,0,8
2026-08-30T18:23:19.936431878Z,14.436604,133.517982,Cloud to Ground,-18314,0,7
2026-08-30T18:23:19.764099215Z,14.445688,133.511079,Cloud to Ground,-14174,0,9
2026-08-30T18:23:19.163884154Z,17.815844,114.641242,Cloud to Cloud,-9024,7656,7
2026-08-30T18:23:19.082482249Z,17.87501,114.775209,Cloud to Ground,27721,0,14
2026-08-30T18:23:20.712765499Z,18.201898,120.32036,Cloud to Cloud,10867,14875,8
2026-08-30T18:23:23.604993764Z,14.53044,132.774621,Cloud to Ground,-10971,0,7
2026-08-30T18:23:23.570801056Z,14.476207,132.76928,Cloud to Ground,11235,0,6
2026-08-30T18:23:23.046384506Z,19.635617,115.756083,Cloud to Cloud,16009,4056,7
2026-08-30T18:23:25.885525000Z,19.3152,116.7498,Cloud to Ground,15874,0,8
2026-08-30T18:23:26.482601195Z,15.486424,130.721308,Cloud to Ground,26260,0,12
2026-08-30T18:23:26.481553184Z,15.636974,130.697553,Cloud to Ground,53430,0,11
2026-08-30T18:23:26.627040074Z,15.514402,129.639578,Cloud to Cloud,-8139,4789,11
2026-08-30T18:23:28.866445021Z,18.292086,115.295692,Cloud to Ground,-13441,0,16
2026-08-30T18:23:28.864573486Z,18.280473,115.317853,Cloud to Cloud,-12678,3430,9
2026-08-30T18:23:28.872611010Z,18.272645,115.323848,Cloud to Cloud,-11909,7582,7
2026-08-30T18:23:28.885052440Z,18.304149,115.319443,Cloud to Ground,-10403,0,6
2026-08-30T18:23:28.862524432Z,18.288391,115.325463,Cloud to Cloud,-7963,3550,11
2026-08-30T18:23:28.836183000Z,19.5116,116.0745,Cloud to Ground,46302,0,10
2026-08-30T18:23:29.254744706Z,20.519258,114.078173,Cloud to Cloud,9662,6049,10
2026-08-30T18:23:29.480523470Z,20.502934,114.030568,Cloud to Cloud,11747,7938,7
2026-08-30T18:23:29.211061610Z,20.520687,114.084126,Cloud to Ground,17366,0,9
2026-08-30T18:23:30.249679543Z,18.036177,115.845947,Cloud to Ground,-23388,0,7
2026-08-30T18:23:30.263832649Z,18.03669,115.849704,Cloud to Cloud,-13198,6896,7
2026-08-30T18:23:30.222442041Z,18.030881,115.802559,Cloud to Cloud,-9634,6155,8
2026-08-30T18:23:30.256893924Z,18.048798,115.759152,Cloud to Cloud,-6695,11048,6
2026-08-30T18:23:30.153847482Z,17.995749,115.734832,Cloud to Cloud,8296,8818,6
2026-08-30T18:23:30.487992775Z,18.074427,115.629128,Cloud to Cloud,9999,3156,12
2026-08-30T18:23:30.079413136Z,18.042971,115.69518,Cloud to Ground,29562,0,14
2026-08-30T18:23:30.399320950Z,18.946787,115.19461,Cloud to Cloud,12960,15438,7
2026-08-30T18:23:31.736452876Z,15.556296,130.99538,Cloud to Ground,17049,0,9
2026-08-30T18:23:31.732887952Z,15.458684,131.096607,Cloud to Ground,59233,0,10
2026-08-30T18:23:31.747882985Z,15.609076,131.142273,Cloud to Ground,-14734,0,8
2026-08-30T18:23:31.976746006Z,20.536102,114.010635,Cloud to Cloud,-7398,9139,6
2026-08-30T18:23:32.148518487Z,15.675504,130.907171,Cloud to Cloud,11738,5015,6
2026-08-30T18:23:33.947407301Z,18.741845,117.20837,Cloud to Ground,-43293,0,16
2026-08-30T18:23:34.040392422Z,18.749786,117.213415,Cloud to Ground,-31053,0,15
2026-08-30T18:23:33.964763175Z,18.733295,117.195104,Cloud to Cloud,-19262,3165,7
2026-08-30T18:23:33.121472906Z,18.138402,115.897316,Cloud to Ground,-16492,0,14
2026-08-30T18:23:33.332988538Z,18.101529,115.901328,Cloud to Ground,13704,0,11
2026-08-30T18:23:33.330316086Z,18.120691,115.89318,Cloud to Ground,16562,0,9
2026-08-30T18:23:33.272000620Z,18.124649,115.874539,Cloud to Ground,17852,0,11
2026-08-30T18:23:33.439208891Z,18.130276,115.880092,Cloud to Ground,19783,0,12
2026-08-30T18:23:33.226561227Z,18.130955,115.877791,Cloud to Ground,61538,0,9
2026-08-30T18:23:33.694339224Z,18.213854,115.994067,Cloud to Ground,16966,0,7
2026-08-30T18:23:33.400265606Z,18.147853,116.023608,Cloud to Ground,23909,0,14
2026-08-30T18:23:33.172798000Z,18.2722,116.0629,Cloud to Ground,31020,0,5
2026-08-30T18:23:33.107235134Z,17.758224,114.618261,Cloud to Cloud,-18980,4153,15
2026-08-30T18:23:33.808812194Z,18.857905,114.514388,Cloud to Cloud,-12933,4541,7
2026-08-30T18:23:34.192510830Z,21.276637,112.919981,Cloud to Ground,-20981,0,8
2026-08-30T18:23:34.020955937Z,21.305849,112.941658,Cloud to Cloud,-10804,3817,8
2026-08-30T18:23:34.005692634Z,21.289307,113.032263,Cloud to Ground,17342,0,7
2026-08-30T18:23:34.178950409Z,18.67391,117.288701,Cloud to Ground,-18890,0,8
2026-08-30T18:23:34.348899000Z,18.9109,117.2575,Cloud to Ground,-18368,0,7
2026-08-30T18:23:37.908049976Z,14.536252,132.763607,Cloud to Ground,-13707,0,6
2026-08-30T18:23:38.496452801Z,18.2083,116.117918,Cloud to Cloud,-23033,5751,8
2026-08-30T18:23:38.486176192Z,18.188098,115.981026,Cloud to Ground,-21447,0,12
2026-08-30T18:23:38.356307044Z,18.134243,116.069639,Cloud to Cloud,-13401,17917,9
2026-08-30T18:23:38.544753246Z,18.111514,115.98345,Cloud to Cloud,-10937,17043,8
2026-08-30T18:23:38.379726062Z,18.132652,116.067602,Cloud to Cloud,-9674,7974,7
2026-08-30T18:23:38.518771946Z,18.135067,116.042236,Cloud to Cloud,-8029,15583,7
2026-08-30T18:23:38.353500852Z,18.115199,116.062261,Cloud to Cloud,6572,17482,8
2026-08-30T18:23:38.601664539Z,18.142263,115.89831,Cloud to Cloud,11098,7227,11
2026-08-30T18:23:39.461991001Z,15.505433,130.391126,Cloud to Ground,-11350,0,11
2026-08-30T18:23:39.960444591Z,16.712479,119.943192,Cloud to Cloud,15092,12923,8
2026-08-30T18:23:40.011973574Z,16.891361,119.804883,Cloud to Cloud,-5263,12066,7
2026-08-30T18:23:39.959186109Z,16.911132,119.793104,Cloud to Cloud,10224,3006,7
2026-08-30T18:23:40.156690383Z,16.709338,120.595366,Cloud to Ground,48286,0,8
2026-08-30T18:23:42.696523984Z,18.033013,115.849867,Cloud to Cloud,-16779,6173,9
2026-08-30T18:23:42.519330219Z,18.030234,115.84112,Cloud to Cloud,-7748,4955,7
2026-08-30T18:23:42.689509471Z,18.016727,115.863128,Cloud to Cloud,-7406,11481,8
2026-08-30T18:23:42.723314576Z,18.017498,115.680794,Cloud to Ground,13758,0,9
2026-08-30T18:23:42.402595852Z,18.87133,115.085676,Cloud to Cloud,16525,6323,8
2026-08-30T18:23:42.401136280Z,18.916487,114.983436,Cloud to Cloud,12648,5750,11
2026-08-30T18:23:43.316454132Z,18.21545,120.697298,Cloud to Cloud,-10473,5713,17
2026-08-30T18:23:43.821003881Z,18.121308,120.377895,Cloud to Cloud,-13627,3025,10
2026-08-30T18:23:43.281880096Z,18.347501,120.512893,Cloud to Ground,-68854,0,14
2026-08-30T18:23:43.485231025Z,18.32323,120.455499,Cloud to Ground,-47121,0,13
2026-08-30T18:23:43.373228000Z,18.3152,120.4024,Cloud to Ground,-14332,0,5
2026-08-30T18:23:43.332862354Z,18.355046,120.492294,Cloud to Ground,-10886,0,8
2026-08-30T18:23:43.486993565Z,18.350074,120.481209,Cloud to Cloud,10898,3070,6
2026-08-30T18:23:44.868586412Z,14.592946,133.481825,Cloud to Ground,-16061,0,11
2026-08-30T18:23:44.322301169Z,14.39502,133.490477,Cloud to Cloud,10994,12797,10
2026-08-30T18:23:44.278962473Z,14.40124,133.51208,Cloud to Ground,12211,0,7
2026-08-30T18:23:44.270669073Z,14.40124,133.522717,Cloud to Ground,38420,0,11
2026-08-30T18:23:46.159185000Z,15.864,129.1384,Cloud to Ground,11908,0,6
2026-08-30T18:23:47.539155261Z,18.239182,120.058478,Cloud to Cloud,6595,3135,6
2026-08-30T18:23:48.667458579Z,15.343962,130.033464,Cloud to Ground,-63749,0,9
2026-08-30T18:23:48.791625409Z,15.347441,130.068609,Cloud to Ground,-28793,0,14
2026-08-30T18:23:48.907518766Z,15.332503,130.014468,Cloud to Ground,-16476,0,17
2026-08-30T18:23:48.983154813Z,15.402157,129.966575,Cloud to Cloud,13331,7738,15
2026-08-30T18:23:48.699206157Z,15.410126,129.946871,Cloud to Ground,21276,0,14
2026-08-30T18:23:48.826315777Z,15.325356,130.098924,Cloud to Cloud,22712,6431,9
2026-08-30T18:23:51.716786609Z,18.694446,114.95331,Cloud to Cloud,-20050,5043,11
2026-08-30T18:23:51.032481431Z,18.642157,114.923703,Cloud to Ground,-14651,0,8
2026-08-30T18:23:51.827300465Z,18.647426,114.608072,Cloud to Ground,-18232,0,9
2026-08-30T18:23:51.839777915Z,18.633402,114.593643,Cloud to Cloud,-11489,3005,11
2026-08-30T18:23:51.835655833Z,18.653456,114.719956,Cloud to Ground,-55379,0,21
2026-08-30T18:23:51.824806398Z,18.670688,114.730516,Cloud to Ground,-20079,0,17
2026-08-30T18:23:51.748400853Z,18.609089,114.753348,Cloud to Cloud,-16497,4858,14
2026-08-30T18:23:51.700535055Z,18.61442,114.783101,Cloud to Cloud,-14247,11482,6
2026-08-30T18:23:51.014449847Z,18.639941,114.854902,Cloud to Cloud,-11138,3631,9
2026-08-30T18:23:51.838435242Z,18.699551,114.83918,Cloud to Ground,11898,0,7
2026-08-30T18:23:51.828456726Z,18.676861,114.782427,Cloud to Cloud,12469,3071,10
2026-08-30T18:23:51.006857458Z,18.646953,114.706768,Cloud to Ground,84368,0,15
2026-08-30T18:23:52.874182343Z,15.64129,131.214062,Cloud to Ground,-69745,0,19
2026-08-30T18:23:52.184122013Z,17.882105,123.078647,Cloud to Cloud,-9376,3007,7
2026-08-30T18:23:53.992943054Z,18.911832,116.332239,Cloud to Ground,18137,0,10
2026-08-30T18:23:53.093497151Z,20.480835,114.227801,Cloud to Cloud,-10117,3154,7
2026-08-30T18:23:54.197257304Z,17.310947,118.300352,Cloud to Ground,-34483,0,10
2026-08-30T18:23:54.094910268Z,17.847047,114.785017,Cloud to Cloud,-22647,3169,9
2026-08-30T18:23:54.106636757Z,17.844522,114.771325,Cloud to Cloud,-11552,4044,6
2026-08-30T18:23:54.781424814Z,21.200534,113.33999,Cloud to Cloud,-14538,17584,8
2026-08-30T18:23:54.559696518Z,21.32459,113.385962,Cloud to Cloud,13987,3588,7
2026-08-30T18:23:54.515172116Z,21.372246,113.046406,Cloud to Cloud,6460,4802,8
2026-08-30T18:23:54.562760169Z,21.388012,112.960114,Cloud to Cloud,14434,3077,13
2026-08-30T18:23:54.546770605Z,21.386587,113.171551,Cloud to Ground,-18588,0,11
2026-08-30T18:23:54.563964362Z,21.347772,113.227363,Cloud to Cloud,-13344,4813,11
2026-08-30T18:23:54.517680946Z,21.356615,113.187232,Cloud to Cloud,11874,3360,9
2026-08-30T18:23:54.516918632Z,21.336296,113.276823,Cloud to Cloud,14219,6542,7
2026-08-30T18:23:54.810095554Z,21.352561,113.273442,Cloud to Cloud,16278,9834,14
2026-08-30T18:23:54.518198000Z,21.1441,113.2439,Cloud to Ground,361,0,8
2026-08-30T18:23:54.002735430Z,18.965352,116.595922,Cloud to Cloud,14011,6099,7
2026-08-30T18:23:56.295854381Z,14.434155,133.5165,Cloud to Ground,13482,0,10
2026-08-30T18:23:56.941800700Z,14.558458,133.566342,Cloud to Ground,-15941,0,11
2026-08-30T18:23:56.952065676Z,19.017372,116.452264,Cloud to Ground,-12046,0,7
2026-08-30T18:23:56.957118015Z,18.9638,116.452841,Cloud to Cloud,11446,4473,7
2026-08-30T18:23:57.211994197Z,15.311793,129.968934,Cloud to Cloud,23540,7368,8
2026-08-30T18:23:57.394413708Z,15.432908,129.857232,Cloud to Ground,14892,0,10
2026-08-30T18:23:57.383032508Z,20.560544,114.69033,Cloud to Cloud,-13298,7919,12
2026-08-30T18:23:57.423716179Z,20.523213,114.641169,Cloud to Cloud,-12265,3992,7
2026-08-30T18:23:57.459105200Z,20.549027,114.62795,Cloud to Cloud,-9116,4027,8
2026-08-30T18:23:57.398081837Z,20.515027,114.659608,Cloud to Cloud,12752,6794,10
2026-08-30T18:24:00.536882167Z,17.161175,118.145481,Cloud to Ground,-15381,0,8
2026-08-30T18:24:02.185433678Z,18.021238,115.67747,Cloud to Cloud,8402,3002,8
2026-08-30T18:24:02.490602533Z,18.063551,115.818908,Cloud to Cloud,6405,13020,7
2026-08-30T18:24:04.149400778Z,15.684789,130.579281,Cloud to Cloud,-19254,3057,10
2026-08-30T18:24:05.036279178Z,17.735516,114.388968,Cloud to Ground,22698,0,12
2026-08-30T18:24:05.036804121Z,17.740431,114.382269,Cloud to Ground,34941,0,14
2026-08-30T18:24:05.692835315Z,17.778261,114.552615,Cloud to Cloud,-11199,4881,12
2026-08-30T18:24:05.041992567Z,17.734136,114.522881,Cloud to Ground,-10888,0,7
2026-08-30T18:24:05.242442920Z,17.727906,114.522036,Cloud to Cloud,-10621,3001,8
2026-08-30T18:24:05.232512781Z,17.765699,114.541505,Cloud to Cloud,-10577,7288,6
2026-08-30T18:24:05.756264081Z,17.689372,114.358661,Cloud to Cloud,-10156,3053,6
2026-08-30T18:24:05.230141683Z,17.748473,114.535913,Cloud to Cloud,-9392,4008,10
2026-08-30T18:24:05.054200372Z,17.73569,114.50215,Cloud to Ground,-9040,0,7
2026-08-30T18:24:05.764143459Z,17.709569,114.450329,Cloud to Ground,24525,0,20
2026-08-30T18:24:06.031918223Z,17.576159,114.32537,Cloud to Ground,-13492,0,6
2026-08-30T18:24:06.518134484Z,19.57515,115.868763,Cloud to Ground,-17497,0,11
2026-08-30T18:24:06.328030000Z,19.6372,116.0753,Cloud to Ground,-30433,0,7
2026-08-30T18:24:06.668696234Z,15.684509,129.310035,Cloud to Cloud,32228,3023,11
2026-08-30T18:24:09.970269138Z,18.865009,114.970891,Cloud to Cloud,9583,6493,9
2026-08-30T18:24:09.971235000Z,18.9497,115.022,Cloud to Ground,-8139,0,5
2026-08-30T18:24:10.679933854Z,14.511989,132.732793,Cloud to Ground,-12561,0,7
2026-08-30T18:24:10.950229818Z,14.427534,132.811705,Cloud to Cloud,-17398,3017,13
2026-08-30T18:24:11.924271298Z,17.541865,119.457619,Cloud to Cloud,25898,3036,8
2026-08-30T18:24:11.111433459Z,18.284845,120.5375,Cloud to Cloud,11935,4154,12
2026-08-30T18:24:12.185081937Z,17.525817,119.363504,Cloud to Cloud,4727,18717,6
2026-08-30T18:24:11.984219609Z,17.545349,119.362525,Cloud to Cloud,13970,16681,6
2026-08-30T18:24:14.909020730Z,15.453089,130.342784,Cloud to Ground,-41198,0,12
2026-08-30T18:24:15.119330909Z,15.450977,130.312479,Cloud to Ground,-24502,0,13
2026-08-30T18:24:15.011542477Z,15.478639,130.304068,Cloud to Cloud,10569,12010,8
2026-08-30T18:24:14.844419560Z,17.93445,123.080868,Cloud to Cloud,-7551,3001,9
2026-08-30T18:24:14.438100482Z,17.900843,123.05388,Cloud to Cloud,6099,4485,5
2026-08-30T18:24:14.799622867Z,17.899838,123.059011,Cloud to Cloud,8760,6637,8
2026-08-30T18:24:15.747211925Z,17.865686,114.301724,Cloud to Cloud,-12750,7267,8
2026-08-30T18:24:15.769764550Z,17.65717,114.371744,Cloud to Cloud,-12513,3016,9
2026-08-30T18:24:15.511520406Z,17.743032,114.578842,Cloud to Cloud,-13574,3015,8
2026-08-30T18:24:15.800941212Z,17.747,114.530969,Cloud to Ground,-9495,0,8
2026-08-30T18:24:15.563100478Z,17.678266,114.497308,Cloud to Cloud,8553,14306,7
2026-08-30T18:24:15.820288256Z,17.612789,114.222374,Cloud to Cloud,-8543,3022,10
2026-08-30T18:24:16.246038795Z,14.738262,132.452228,Cloud to Cloud,8594,3092,8
2026-08-30T18:24:16.636961299Z,14.403379,133.532404,Cloud to Ground,-23771,0,7
2026-08-30T18:24:16.637417474Z,14.486359,133.48494,Cloud to Ground,-17876,0,10
2026-08-30T18:24:16.980004298Z,14.479547,133.490514,Cloud to Ground,-17374,0,7
2026-08-30T18:24:17.169726139Z,14.466286,133.494091,Cloud to Ground,-16788,0,10
2026-08-30T18:24:16.763996950Z,15.557868,129.809079,Cloud to Ground,-12059,0,9
2026-08-30T18:24:16.732774555Z,15.562332,129.803685,Cloud to Ground,-10550,0,12
2026-08-30T18:24:16.524983940Z,15.510692,129.728522,Cloud to Cloud,6147,10852,10
2026-08-30T18:24:17.680145973Z,18.814822,114.490554,Cloud to Ground,31669,0,17
2026-08-30T18:24:17.299026735Z,18.792364,114.519623,Cloud to Ground,35952,0,7
2026-08-30T18:24:18.942744038Z,16.891208,119.871879,Cloud to Ground,-43766,0,11
2026-08-30T18:24:18.838664574Z,16.881989,119.890318,Cloud to Ground,-34061,0,9
2026-08-30T18:24:18.896307437Z,16.886835,119.871412,Cloud to Ground,-28464,0,11
2026-08-30T18:24:19.027656936Z,16.88819,119.872519,Cloud to Ground,-21593,0,11
2026-08-30T18:24:18.983261611Z,16.888126,119.873737,Cloud to Ground,-18277,0,10
2026-08-30T18:24:18.688188784Z,19.502198,116.125917,Cloud to Cloud,21395,3007,6
2026-08-30T18:24:19.082242533Z,16.912872,119.986689,Cloud to Ground,-29416,0,8
2026-08-30T18:24:18.865617845Z,16.914991,119.983726,Cloud to Ground,-28784,0,9
2026-08-30T18:24:19.829411269Z,18.058134,115.845925,Cloud to Ground,-15032,0,7
2026-08-30T18:24:20.095810303Z,18.079167,115.795767,Cloud to Cloud,-13094,3038,9
2026-08-30T18:24:23.261216987Z,20.455016,114.109363,Cloud to Cloud,-10766,16331,8
2026-08-30T18:24:25.423798000Z,15.7808,130.7163,Cloud to Ground,37138,0,7
2026-08-30T18:24:26.297812526Z,7.22546,116.741412,Cloud to Ground,-35744,0,17
2026-08-30T18:24:26.315578467Z,7.284308,116.70378,Cloud to Ground,19896,0,7
2026-08-30T18:24:27.129247617Z,18.83666,114.986826,Cloud to Cloud,7449,3034,7
2026-08-30T18:24:29.834301534Z,18.217431,120.323233,Cloud to Cloud,10031,14455,6
2026-08-30T18:24:29.559279128Z,18.006188,120.468311,Cloud to Cloud,-9590,3021,7
2026-08-30T18:24:30.668543752Z,14.238212,132.804978,Cloud to Ground,31857,0,8
2026-08-30T18:24:30.275024878Z,14.543175,132.74832,Cloud to Ground,-11006,0,7
2026-08-30T18:24:30.368593235Z,18.136819,120.23163,Cloud to Ground,-50928,0,13
2026-08-30T18:24:32.317799871Z,15.298583,130.153135,Cloud to Cloud,-23735,7066,10
2026-08-30T18:24:32.318370225Z,15.641392,129.983927,Cloud to Cloud,-21580,6027,20
2026-08-30T18:24:32.287798294Z,19.540571,115.454714,Cloud to Cloud,30580,4227,12
2026-08-30T18:24:34.732128065Z,15.39417,130.00331,Cloud to Ground,24470,0,14
2026-08-30T18:24:34.057094923Z,15.809571,131.170833,Cloud to Ground,-26614,0,9
2026-08-30T18:24:33.706640877Z,15.778254,131.129249,Cloud to Ground,-25443,0,18
2026-08-30T18:24:33.679082000Z,15.7199,131.1949,Cloud to Ground,-342,0,9
2026-08-30T18:24:33.833565106Z,15.666585,131.215278,Cloud to Ground,25648,0,14
2026-08-30T18:24:34.183277071Z,17.528898,119.376045,Cloud to Ground,-86492,0,14
2026-08-30T18:24:34.269124792Z,17.55623,119.350402,Cloud to Ground,-9679,0,6
2026-08-30T18:24:34.304272000Z,17.5565,119.3358,Cloud to Ground,415,0,7
2026-08-30T18:24:34.587615024Z,20.523596,114.830108,Cloud to Cloud,31680,7674,17
2026-08-30T18:24:34.576146312Z,20.527225,114.819899,Cloud to Ground,51007,0,18
2026-08-30T18:24:35.785772000Z,15.0721,132.5255,Cloud to Ground,81006,0,7
2026-08-30T18:24:36.826216976Z,15.877576,129.212815,Cloud to Cloud,-18819,11928,12
2026-08-30T18:24:38.297173815Z,14.445406,133.452588,Cloud to Ground,-11281,0,6
2026-08-30T18:24:37.677302454Z,14.474285,133.475572,Cloud to Ground,18959,0,7
2026-08-30T18:24:37.035277111Z,20.504439,114.798575,Cloud to Cloud,7327,6476,7
2026-08-30T18:24:38.242622071Z,21.343355,113.40988,Cloud to Cloud,10416,3013,8
2026-08-30T18:24:38.236256000Z,21.225,113.5876,Cloud to Ground,-14068,0,8
2026-08-30T18:24:38.266248700Z,21.15283,113.550903,Cloud to Ground,-8850,0,6
2026-08-30T18:24:38.281604727Z,21.167121,113.599337,Cloud to Cloud,9902,5047,7
2026-08-30T18:24:38.257269417Z,21.116691,113.575217,Cloud to Ground,24851,0,7
2026-08-30T18:24:39.490176974Z,15.472384,130.468537,Cloud to Ground,-13187,0,6
2026-08-30T18:24:39.326672980Z,15.451658,130.426772,Cloud to Cloud,13172,3064,10
2026-08-30T18:24:39.521199264Z,18.92056,114.993816,Cloud to Ground,-6225,0,8
2026-08-30T18:24:39.181102602Z,18.948195,115.174888,Cloud to Cloud,18088,4482,8
2026-08-30T18:24:39.166063267Z,18.949198,115.081146,Cloud to Ground,23904,0,16
2026-08-30T18:24:41.618791989Z,20.380861,114.807967,Cloud to Cloud,-7062,16942,7
2026-08-30T18:24:41.241420000Z,20.3659,114.5281,Cloud to Ground,450,0,5
2026-08-30T18:24:42.835143793Z,17.946954,114.364162,Cloud to Cloud,8596,3110,7
2026-08-30T18:24:42.817049812Z,17.687593,114.550426,Cloud to Ground,-8667,0,7
2026-08-30T18:24:43.708227198Z,18.133472,115.879883,Cloud to Ground,-16525,0,7
2026-08-30T18:24:43.734259039Z,18.086847,116.027727,Cloud to Cloud,-15929,6290,8
2026-08-30T18:24:43.500427816Z,18.113444,116.03843,Cloud to Cloud,-11077,4428,9
2026-08-30T18:24:43.936982594Z,18.068546,116.044501,Cloud to Cloud,12819,7207,9
2026-08-30T18:24:43.564567861Z,17.768498,114.546087,Cloud to Cloud,14265,10645,9
2026-08-30T18:24:43.366839112Z,17.640378,114.433404,Cloud to Cloud,12159,3019,8
2026-08-30T18:24:44.216177764Z,17.849001,122.955621,Cloud to Ground,-18029,0,17
2026-08-30T18:24:44.115896492Z,17.856343,123.006263,Cloud to Cloud,-8021,3165,6
2026-08-30T18:24:43.930067568Z,17.876109,123.018543,Cloud to Cloud,6672,3008,6
2026-08-30T18:24:44.035641216Z,17.772396,122.976532,Cloud to Cloud,6792,13007,9
2026-08-30T18:24:43.933926911Z,17.880165,123.026599,Cloud to Cloud,15176,14534,10
2026-08-30T18:24:44.508674085Z,18.175776,120.010255,Cloud to Ground,-56256,0,15
2026-08-30T18:24:44.594378561Z,18.179428,120.026273,Cloud to Ground,-43065,0,9
2026-08-30T18:24:44.067565012Z,18.111683,120.058831,Cloud to Ground,-30252,0,13
2026-08-30T18:24:44.549533000Z,18.237,120.062,Cloud to Ground,-14901,0,5
2026-08-30T18:24:45.659011359Z,14.456723,132.814995,Cloud to Ground,-25172,0,8
2026-08-30T18:24:45.546828387Z,14.603585,132.547464,Cloud to Cloud,11229,4706,5
2026-08-30T18:24:45.757639642Z,17.567213,119.414673,Cloud to Cloud,7530,18766,7
2026-08-30T18:24:47.654692663Z,14.435443,132.97834,Cloud to Ground,-21155,0,14
2026-08-30T18:24:47.791402778Z,18.007183,120.535557,Cloud to Cloud,8933,3001,8
2026-08-30T18:24:47.864652280Z,18.440319,120.534211,Cloud to Cloud,10660,17322,8
2026-08-30T18:24:49.370599765Z,3.075338,116.107155,Cloud to Ground,22721,0,15
2026-08-30T18:24:49.846440285Z,17.73019,114.670648,Cloud to Cloud,-13217,5307,12
2026-08-30T18:24:49.822509142Z,17.748038,114.642877,Cloud to Ground,13312,0,12
2026-08-30T18:24:50.386699249Z,17.998374,115.721706,Cloud to Cloud,-13308,4629,14
2026-08-30T18:24:51.942819893Z,16.586104,134.93938,Cloud to Ground,-25106,0,8
2026-08-30T18:24:51.945930617Z,16.55181,134.957293,Cloud to Ground,-22959,0,8
2026-08-30T18:24:51.964085951Z,16.553847,134.867238,Cloud to Ground,-16989,0,7
2026-08-30T18:24:51.942068000Z,16.5774,134.9552,Cloud to Ground,-9346,0,7
2026-08-30T18:24:51.940768093Z,16.494574,134.949572,Cloud to Ground,11618,0,12
2026-08-30T18:24:51.948371742Z,16.483023,134.98851,Cloud to Ground,12985,0,7
2026-08-30T18:24:52.043408718Z,14.900755,132.616604,Cloud to Ground,-21446,0,10
2026-08-30T18:24:51.450122542Z,14.903452,132.593973,Cloud to Ground,19869,0,7
2026-08-30T18:24:52.256380216Z,18.766741,116.212798,Cloud to Ground,30335,0,19
2026-08-30T18:24:52.240100389Z,18.777734,116.12135,Cloud to Ground,52933,0,8
2026-08-30T18:24:52.670037656Z,18.963836,116.313686,Cloud to Ground,-14252,0,7
2026-08-30T18:24:54.943950346Z,17.973298,114.93711,Cloud to Cloud,11525,3071,8
2026-08-30T18:24:54.965676847Z,18.024787,115.098008,Cloud to Ground,-19849,0,8
2026-08-30T18:24:55.031950602Z,18.012634,115.057066,Cloud to Cloud,-12701,3690,7
2026-08-30T18:24:54.959663332Z,18.022155,115.073901,Cloud to Cloud,-11323,5688,7
2026-08-30T18:24:54.978620734Z,17.985454,115.059955,Cloud to Ground,-10171,0,6
2026-08-30T18:24:54.946859685Z,18.009856,115.076284,Cloud to Ground,-10159,0,9
2026-08-30T18:24:54.983823434Z,18.050261,115.076272,Cloud to Cloud,-7661,7472,6
2026-08-30T18:24:54.454975488Z,18.214384,120.328004,Cloud to Cloud,5524,6368,5
2026-08-30T18:24:55.828797068Z,14.524707,132.812494,Cloud to Ground,-19741,0,8
2026-08-30T18:24:55.489894072Z,14.504838,132.816654,Cloud to Ground,-9735,0,6
2026-08-30T18:24:57.498086058Z,18.014207,115.739266,Cloud to Cloud,5965,11771,7
2026-08-30T18:24:57.557128012Z,18.009137,115.763308,Cloud to Cloud,7304,3975,7
2026-08-30T18:24:57.494511736Z,18.022348,115.701756,Cloud to Cloud,12758,4645,7
2026-08-30T18:24:58.336360809Z,14.540686,133.663035,Cloud to Ground,-100276,0,13
2026-08-30T18:24:57.810883712Z,14.549623,133.58009,Cloud to Ground,-41056,0,12
2026-08-30T18:24:58.338047617Z,14.525133,133.723885,Cloud to Ground,-23748,0,9
2026-08-30T18:24:58.335268366Z,14.532089,133.637611,Cloud to Ground,-22965,0,14
2026-08-30T18:24:58.693293282Z,14.582866,133.666367,Cloud to Ground,-13153,0,6
2026-08-30T18:24:57.859248744Z,14.560063,133.730331,Cloud to Ground,-11435,0,6
2026-08-30T18:24:57.829477124Z,14.507452,133.706065,Cloud to Ground,14778,0,10
2026-08-30T18:24:58.448934263Z,14.539727,133.665696,Cloud to Ground,57083,0,10
2026-08-30T18:24:58.440890046Z,15.29535,130.890828,Cloud to Ground,68342,0,10
2026-08-30T18:24:58.349296837Z,18.61585,114.798963,Cloud to Ground,-41011,0,17
2026-08-30T18:24:58.367922751Z,18.590089,114.728278,Cloud to Cloud,-11759,7854,8
2026-08-30T18:24:58.477172016Z,18.600923,114.831406,Cloud to Cloud,16720,3860,8
2026-08-30T18:24:58.413519485Z,18.615438,114.930931,Cloud to Ground,119036,0,8
2026-08-30T18:24:58.358710688Z,18.607206,114.903152,Cloud to Ground,145631,0,9
2026-08-30T18:24:59.773098395Z,14.686698,132.952069,Cloud to Ground,-27065,0,14
2026-08-30T18:24:59.772326007Z,14.771658,132.946358,Cloud to Cloud,-13967,3142,11
2026-08-30T18:24:59.773750000Z,14.7279,132.9356,Cloud to Ground,18340,0,5
2026-08-30T18:24:59.796466219Z,14.743569,132.963231,Cloud to Ground,19094,0,7
2026-08-30T18:25:00.388022426Z,18.869992,115.094799,Cloud to Ground,-20166,0,9
2026-08-30T18:25:01.768138705Z,15.450582,129.958526,Cloud to Ground,42706,0,12
2026-08-30T18:25:01.452202438Z,15.682502,129.296769,Cloud to Cloud,13028,19237,8
2026-08-30T18:25:01.579111000Z,15.8428,129.1963,Cloud to Ground,-17025,0,6
2026-08-30T18:25:04.211949062Z,15.477056,131.03604,Cloud to Ground,-9607,0,11
2026-08-30T18:25:04.014720964Z,15.805589,129.462109,Cloud to Ground,-19038,0,11
2026-08-30T18:25:08.234299358Z,14.523084,133.174937,Cloud to Ground,-11605,0,8
2026-08-30T18:25:08.413218692Z,14.473019,132.791093,Cloud to Ground,11232,0,7
2026-08-30T18:25:08.561254945Z,14.611911,132.732348,Cloud to Ground,-12523,0,8
2026-08-30T18:25:08.629632672Z,14.601127,132.572226,Cloud to Cloud,10852,11354,8
2026-08-30T18:25:11.963409778Z,14.441113,133.513885,Cloud to Ground,-24736,0,15
2026-08-30T18:25:12.033704788Z,14.494713,133.512797,Cloud to Ground,-10290,0,9
2026-08-30T18:25:12.465062901Z,14.464284,133.465736,Cloud to Ground,-9990,0,9
2026-08-30T18:25:11.094588690Z,18.020165,115.756115,Cloud to Ground,-3856,0,7
2026-08-30T18:25:11.104786379Z,18.036521,115.856798,Cloud to Cloud,-7827,3130,7
2026-08-30T18:25:11.742916120Z,17.333368,118.303763,Cloud to Cloud,4213,3000,6
2026-08-30T18:25:12.343806961Z,14.72299,134.346964,Cloud to Ground,-6403,0,9
2026-08-30T18:25:12.853966094Z,18.477148,120.710191,Cloud to Cloud,-14300,6033,11
2026-08-30T18:25:13.305444042Z,18.47763,120.591663,Cloud to Ground,-32758,0,12
2026-08-30T18:25:13.407476015Z,18.477186,120.596355,Cloud to Ground,-16262,0,12
2026-08-30T18:25:12.606602278Z,18.456579,120.611105,Cloud to Ground,-13367,0,7
2026-08-30T18:25:12.732465482Z,18.477307,120.596401,Cloud to Ground,-10422,0,11
2026-08-30T18:25:12.809845000Z,18.5125,120.6099,Cloud to Ground,16957,0,5
2026-08-30T18:25:16.004953510Z,14.403076,132.808799,Cloud to Ground,29850,0,8
2026-08-30T18:25:16.139162000Z,19.5722,115.8796,Cloud to Ground,-39637,0,14
2026-08-30T18:25:16.212705000Z,19.59,115.8427,Cloud to Ground,-26840,0,6
2026-08-30T18:25:17.771080484Z,15.443398,130.425391,Cloud to Cloud,9716,10230,6
2026-08-30T18:25:17.023640514Z,18.826994,114.569733,Cloud to Cloud,-10133,3723,10
2026-08-30T18:25:16.978099467Z,18.829026,114.479134,Cloud to Cloud,-10078,5286,7
2026-08-30T18:25:17.246723703Z,18.817239,114.495328,Cloud to Cloud,-6744,3308,7
2026-08-30T18:25:17.403967907Z,18.098074,115.837993,Cloud to Cloud,-11684,3016,11
2026-08-30T18:25:17.354353233Z,18.034283,115.746538,Cloud to Ground,-9879,0,8
2026-08-30T18:25:17.337579067Z,18.030857,115.72293,Cloud to Cloud,-8261,6197,7
2026-08-30T18:25:17.424363340Z,18.02884,115.750953,Cloud to Cloud,-5821,19443,7
2026-08-30T18:25:17.171907193Z,18.038297,115.832906,Cloud to Ground,14808,0,10
2026-08-30T18:25:17.110796235Z,18.050913,115.86191,Cloud to Ground,16626,0,7
2026-08-30T18:25:18.847026105Z,17.895425,123.051998,Cloud to Cloud,8408,7127,8
2026-08-30T18:25:18.809805934Z,17.886775,123.03258,Cloud to Cloud,12300,6386,10
2026-08-30T18:25:18.168451428Z,18.213142,120.309592,Cloud to Cloud,19381,3014,9
2026-08-30T18:25:20.719546618Z,14.44716,132.779783,Cloud to Ground,19417,0,7
2026-08-30T18:25:22.179804564Z,18.617917,114.846765,Cloud to Cloud,-10244,16924,6
2026-08-30T18:25:22.151463362Z,18.623929,114.834416,Cloud to Cloud,-8443,3803,8
2026-08-30T18:25:22.458167461Z,18.652566,114.834469,Cloud to Cloud,7706,5643,9
2026-08-30T18:25:22.022721261Z,18.613567,114.82022,Cloud to Cloud,16645,18340,11
2026-08-30T18:25:22.023566491Z,18.639952,114.717625,Cloud to Ground,11944,0,9
2026-08-30T18:25:24.923667244Z,18.941062,115.152653,Cloud to Cloud,-22904,4267,8
2026-08-30T18:25:24.917074329Z,18.940118,115.158923,Cloud to Cloud,-9866,5920,8
2026-08-30T18:25:24.930713753Z,18.927259,115.042661,Cloud to Cloud,-6401,19851,8
2026-08-30T18:25:24.917911833Z,18.944242,114.983154,Cloud to Ground,33752,0,13
2026-08-30T18:25:24.882330014Z,15.709622,129.238281,Cloud to Cloud,15473,3712,8
2026-08-30T18:25:25.170856964Z,20.55864,114.64295,Cloud to Ground,47828,0,18
2026-08-30T18:25:24.748602379Z,20.563399,114.623685,Cloud to Ground,55216,0,15
2026-08-30T18:25:24.136490986Z,16.839858,119.985019,Cloud to Ground,-21773,0,7
2026-08-30T18:25:24.073980121Z,16.872488,119.886272,Cloud to Ground,-35584,0,10
2026-08-30T18:25:25.483937995Z,15.405388,129.966019,Cloud to Cloud,21300,3573,8
2026-08-30T18:25:25.228451505Z,20.570368,114.496916,Cloud to Ground,24526,0,12
2026-08-30T18:25:25.961238000Z,19.1163,116.4979,Cloud to Ground,-61595,0,5
2026-08-30T18:25:26.419594315Z,19.618221,116.059697,Cloud to Ground,21392,0,7
2026-08-30T18:25:26.181472147Z,19.523378,116.123965,Cloud to Ground,20095,0,7
2026-08-30T18:25:30.960954207Z,20.309704,114.825365,Cloud to Cloud,18345,3650,15
2026-08-30T18:25:31.190082543Z,19.222344,116.877413,Cloud to Cloud,-15444,6991,9
2026-08-30T18:25:31.807412866Z,18.036561,115.861235,Cloud to Cloud,-11149,7191,7
2026-08-30T18:25:32.730783355Z,14.535611,132.769638,Cloud to Ground,-10064,0,11
2026-08-30T18:25:32.346996747Z,18.736888,117.092327,Cloud to Cloud,-12029,11850,7
2026-08-30T18:25:33.787762624Z,15.210061,130.145818,Cloud to Cloud,27096,3090,8
2026-08-30T18:25:33.992447063Z,17.659079,114.425159,Cloud to Ground,13037,0,8
2026-08-30T18:25:33.538205968Z,20.418608,114.58778,Cloud to Cloud,-22602,12591,15
2026-08-30T18:25:34.969682254Z,20.536192,114.08639,Cloud to Ground,-15940,0,6
2026-08-30T18:25:34.957777431Z,20.586118,114.052031,Cloud to Cloud,15849,5485,14
2026-08-30T18:25:34.131221577Z,18.373565,120.516548,Cloud to Ground,-38246,0,11
2026-08-30T18:25:33.846847782Z,18.378017,120.551081,Cloud to Ground,-32475,0,8
2026-08-30T18:25:35.214267748Z,18.628984,116.049421,Cloud to Ground,-18376,0,14
2026-08-30T18:25:35.095321095Z,18.6347,116.022597,Cloud to Ground,14989,0,9
2026-08-30T18:25:35.082425336Z,18.618262,116.020125,Cloud to Ground,24384,0,12
2026-08-30T18:25:36.688462944Z,16.364112,134.708925,Cloud to Ground,-32371,0,14
2026-08-30T18:25:36.554723668Z,16.479137,134.709781,Cloud to Ground,-28151,0,12
2026-08-30T18:25:36.735668188Z,16.436399,134.76327,Cloud to Ground,-23911,0,7
2026-08-30T18:25:36.756302961Z,16.37467,134.6567,Cloud to Ground,-14828,0,12
2026-08-30T18:25:36.729348853Z,16.346124,134.798027,Cloud to Ground,29772,0,11
2026-08-30T18:25:36.627061035Z,16.330905,134.789874,Cloud to Ground,32615,0,12
2026-08-30T18:25:37.524903713Z,18.169924,120.146797,Cloud to Cloud,-6028,10284,8
2026-08-30T18:25:37.078247697Z,18.131459,120.092201,Cloud to Cloud,24678,7670,10
2026-08-30T18:25:39.762797940Z,17.878555,114.816822,Cloud to Ground,-10208,0,8
2026-08-30T18:25:39.721808480Z,17.87676,114.651018,Cloud to Cloud,12978,5183,8
2026-08-30T18:25:40.630700652Z,18.147211,116.080977,Cloud to Cloud,15173,19997,8
2026-08-30T18:25:40.561893000Z,18.2367,116.1655,Cloud to Ground,32279,0,6
2026-08-30T18:25:42.340732379Z,18.046827,115.830559,Cloud to Cloud,-11746,3851,8
2026-08-30T18:25:42.152061215Z,18.040179,115.86248,Cloud to Cloud,-8245,3026,8
2026-08-30T18:25:42.061541638Z,18.033605,115.886722,Cloud to Ground,-8108,0,7
2026-08-30T18:25:41.381283489Z,18.027623,115.868472,Cloud to Ground,19375,0,10
2026-08-30T18:25:42.762461517Z,14.415766,133.524482,Cloud to Ground,-19657,0,9
2026-08-30T18:25:43.241444878Z,14.432823,133.358392,Cloud to Ground,-12746,0,7
2026-08-30T18:25:43.206020314Z,14.545799,133.518309,Cloud to Ground,-11426,0,7
2026-08-30T18:25:43.405074944Z,14.559088,133.538201,Cloud to Ground,-9680,0,5
2026-08-30T18:25:42.944635477Z,14.526117,133.527787,Cloud to Ground,-8961,0,7
2026-08-30T18:25:43.358066356Z,14.434804,133.499826,Cloud to Ground,9938,0,6
2026-08-30T18:25:43.359603391Z,14.462582,133.508135,Cloud to Ground,12353,0,7
2026-08-30T18:25:42.752611709Z,14.406544,133.528183,Cloud to Ground,12614,0,7
2026-08-30T18:25:42.840640093Z,14.418918,133.426595,Cloud to Ground,19956,0,14
2026-08-30T18:25:42.624640202Z,15.524165,130.358066,Cloud to Cloud,-16375,18998,7
2026-08-30T18:25:42.545730100Z,15.519898,130.271167,Cloud to Cloud,-10526,6976,11
2026-08-30T18:25:42.651786935Z,15.456294,130.414312,Cloud to Cloud,-9504,3041,13
2026-08-30T18:25:43.955290463Z,21.342326,113.138434,Cloud to Ground,-27037,0,11
2026-08-30T18:25:43.564297482Z,21.385154,113.108549,Cloud to Ground,16324,0,10
2026-08-30T18:25:43.561810416Z,21.363572,113.129039,Cloud to Ground,18697,0,11
2026-08-30T18:25:43.961243537Z,21.341604,113.301741,Cloud to Ground,-11708,0,8
2026-08-30T18:25:44.283514610Z,15.776751,129.319232,Cloud to Cloud,9259,13712,12
2026-08-30T18:25:44.304150896Z,17.67517,114.454934,Cloud to Cloud,-12052,3006,8
2026-08-30T18:25:44.011431925Z,17.686225,114.561081,Cloud to Cloud,-9892,16963,8
2026-08-30T18:25:44.080196401Z,17.714965,114.547668,Cloud to Cloud,7745,7666,8
2026-08-30T18:25:43.978894061Z,17.650927,114.525779,Cloud to Cloud,9493,3000,7
2026-08-30T18:25:43.968430621Z,17.675029,114.421179,Cloud to Cloud,12250,3032,10
2026-08-30T18:25:43.964536997Z,17.6606,114.424819,Cloud to Cloud,13733,3313,9
2026-08-30T18:25:43.966511536Z,17.674365,114.415745,Cloud to Ground,39455,0,14
2026-08-30T18:25:44.004795127Z,17.674783,114.416819,Cloud to Ground,40077,0,7
2026-08-30T18:25:44.747334239Z,17.562045,119.480988,Cloud to Cloud,8990,3589,7
2026-08-30T18:25:45.671719000Z,17.2876,118.1188,Cloud to Ground,-28884,0,6
2026-08-30T18:25:45.690780425Z,17.266236,118.103391,Cloud to Ground,-8948,0,6
2026-08-30T18:25:45.734559710Z,18.116288,116.191516,Cloud to Cloud,-35192,4161,9
2026-08-30T18:25:45.840242990Z,18.118092,116.090703,Cloud to Ground,-15261,0,9
2026-08-30T18:25:46.122100536Z,18.152741,116.061554,Cloud to Ground,41406,0,14
2026-08-30T18:25:47.860771514Z,14.400557,132.837286,Cloud to Ground,15489,0,12
2026-08-30T18:25:47.910244000Z,17.8664,122.9132,Cloud to Ground,3307,0,7
2026-08-30T18:25:48.015672218Z,17.871568,123.028171,Cloud to Ground,-5498,0,5
2026-08-30T18:25:47.884062374Z,17.86936,123.037829,Cloud to Cloud,4529,7533,7
2026-08-30T18:25:48.324774809Z,17.831944,123.03705,Cloud to Cloud,5389,4236,8
2026-08-30T18:25:49.769038750Z,18.737646,117.193543,Cloud to Ground,-82648,0,14
2026-08-30T18:25:49.949199359Z,18.744243,117.186498,Cloud to Ground,-23560,0,11
2026-08-30T18:25:50.144211277Z,18.738935,117.18642,Cloud to Ground,-23534,0,11
2026-08-30T18:25:50.359936404Z,20.488812,114.166241,Cloud to Cloud,9384,3773,10
2026-08-30T18:25:50.361053000Z,20.5755,114.3388,Cloud to Ground,-8558,0,8
2026-08-30T18:25:52.529059948Z,15.635158,131.140204,Cloud to Cloud,22901,3023,7
2026-08-30T18:25:52.531376633Z,15.604666,131.17015,Cloud to Ground,29857,0,7
2026-08-30T18:25:52.532129193Z,15.697786,131.012693,Cloud to Ground,-14055,0,12
2026-08-30T18:25:52.483233603Z,15.715299,130.555929,Cloud to Ground,-12184,0,7
2026-08-30T18:25:52.299160000Z,15.6477,130.534,Cloud to Ground,17922,0,7
2026-08-30T18:25:52.298608239Z,15.587046,130.489238,Cloud to Cloud,20587,19281,8
2026-08-30T18:25:54.651431184Z,14.842901,132.355175,Cloud to Cloud,-13185,3100,8
2026-08-30T18:25:54.078081496Z,14.926807,132.217941,Cloud to Cloud,13170,5655,7
2026-08-30T18:25:54.391887780Z,18.292637,115.118024,Cloud to Cloud,-6616,19003,6
2026-08-30T18:25:54.376789000Z,18.354,115.1438,Cloud to Ground,20090,0,7
2026-08-30T18:25:56.534895931Z,15.346809,130.035614,Cloud to Ground,22387,0,9
2026-08-30T18:25:56.177036845Z,15.395194,130.906853,Cloud to Cloud,-10282,4562,7
2026-08-30T18:25:56.159514782Z,15.387485,130.9382,Cloud to Ground,31199,0,11
2026-08-30T18:25:56.134729620Z,15.502207,130.867023,Cloud to Cloud,-15611,18263,12
2026-08-30T18:25:56.805611219Z,15.419218,129.824058,Cloud to Cloud,-6151,7220,7
2026-08-30T18:25:56.573084141Z,15.421293,129.813041,Cloud to Ground,15162,0,10
2026-08-30T18:25:57.682336497Z,18.923264,115.011139,Cloud to Cloud,17398,3590,9
2026-08-30T18:25:56.974967167Z,18.935567,115.165989,Cloud to Cloud,-28811,13987,12
2026-08-30T18:25:57.636682012Z,18.903269,115.14625,Cloud to Cloud,10811,4859,7
2026-08-30T18:25:57.499344686Z,18.938439,115.133178,Cloud to Ground,31206,0,17
2026-08-30T18:25:57.323477093Z,18.931518,115.144763,Cloud to Ground,64695,0,20
2026-08-30T18:25:57.671555908Z,18.099551,120.421828,Cloud to Cloud,10430,18077,8
2026-08-30T18:25:58.909045803Z,14.518543,132.787104,Cloud to Ground,-14331,0,10
2026-08-30T18:25:58.031966228Z,18.145847,120.507186,Cloud to Cloud,-9189,19796,6
2026-08-30T18:25:59.141667401Z,18.030982,115.874694,Cloud to Cloud,-10945,4881,8
2026-08-30T18:26:02.926045106Z,14.48534,133.154648,Cloud to Ground,-9981,0,6
2026-08-30T18:26:02.861921921Z,14.503467,133.163505,Cloud to Ground,18003,0,12
2026-08-30T18:26:02.934145317Z,14.498128,133.155887,Cloud to Ground,50541,0,12
2026-08-30T18:26:02.962466388Z,18.012312,120.235668,Cloud to Cloud,-5822,11901,7
2026-08-30T18:26:02.700869156Z,18.05179,120.214247,Cloud to Cloud,8829,12151,7
2026-08-30T18:26:03.850203924Z,20.542841,113.978423,Cloud to Ground,-15158,0,10
2026-08-30T18:26:03.948666368Z,20.574953,114.097974,Cloud to Ground,28215,0,8
2026-08-30T18:26:03.888254128Z,20.561223,114.106754,Cloud to Ground,29381,0,10
2026-08-30T18:26:03.235061592Z,18.078669,115.643464,Cloud to Ground,70908,0,12
2026-08-30T18:26:03.319731757Z,18.059846,115.789637,Cloud to Ground,78435,0,7
2026-08-30T18:26:03.490004071Z,18.065451,115.924028,Cloud to Cloud,-17002,3199,7
2026-08-30T18:26:05.533349536Z,15.316076,129.889709,Cloud to Cloud,21001,3847,8
2026-08-30T18:26:06.759373274Z,15.39003,130.214618,Cloud to Cloud,-19559,6467,13
2026-08-30T18:26:07.689205027Z,18.089917,114.971407,Cloud to Ground,12348,0,7
2026-08-30T18:26:07.682435240Z,18.063683,115.095474,Cloud to Cloud,-10674,7269,7
2026-08-30T18:26:07.746089956Z,18.076768,115.071352,Cloud to Cloud,-10242,3767,10
2026-08-30T18:26:07.680417508Z,18.067811,115.103259,Cloud to Cloud,7339,3012,7
2026-08-30T18:26:08.132888000Z,14.679,133.3407,Cloud to Ground,-3523,0,5
2026-08-30T18:26:08.332802758Z,14.600418,133.251062,Cloud to Ground,-14426,0,7
2026-08-30T18:26:08.162584043Z,14.525438,133.252086,Cloud to Cloud,-14181,11529,10
2026-08-30T18:26:08.139395297Z,14.525,133.188112,Cloud to Ground,17754,0,7
2026-08-30T18:26:08.131814000Z,14.561,133.2569,Cloud to Ground,24137,0,13
2026-08-30T18:26:09.226313727Z,18.076219,116.014836,Cloud to Cloud,-6504,3014,7
2026-08-30T18:26:09.804566918Z,18.04153,115.872184,Cloud to Cloud,3081,4448,6
2026-08-30T18:26:11.988477363Z,18.94226,115.217693,Cloud to Cloud,-9782,6648,7
2026-08-30T18:26:12.272900687Z,14.443437,132.832901,Cloud to Ground,-18104,0,13
2026-08-30T18:26:12.316123776Z,14.439109,132.793132,Cloud to Ground,-12870,0,8
2026-08-30T18:26:12.100859632Z,14.369352,132.81682,Cloud to Ground,46278,0,10
2026-08-30T18:26:12.852792294Z,15.413988,129.652133,Cloud to Cloud,-16826,5537,7
2026-08-30T18:26:12.630217918Z,18.746046,117.205545,Cloud to Ground,-12614,0,8
2026-08-30T18:26:12.410546276Z,18.709548,117.028143,Cloud to Cloud,-7547,3023,8
2026-08-30T18:26:13.627197500Z,18.069751,115.699068,Cloud to Ground,13574,0,10
2026-08-30T18:26:13.424094361Z,18.054994,115.849262,Cloud to Cloud,-9384,18620,10
2026-08-30T18:26:13.329869223Z,18.071294,115.852451,Cloud to Ground,16333,0,11
2026-08-30T18:26:13.079071327Z,15.552621,129.60617,Cloud to Cloud,-27859,19136,8
2026-08-30T18:26:14.565801283Z,15.129983,132.376501,Cloud to Cloud,-15195,3528,13
2026-08-30T18:26:14.330317974Z,15.032016,132.418933,Cloud to Ground,-14003,0,13
2026-08-30T18:26:14.487327862Z,15.051724,132.469999,Cloud to Cloud,-7635,3212,6
2026-08-30T18:26:14.331414760Z,14.938877,132.503417,Cloud to Ground,-32027,0,16
2026-08-30T18:26:14.352100205Z,14.919147,132.455624,Cloud to Cloud,17042,3033,7
2026-08-30T18:26:14.389633413Z,14.914654,132.536765,Cloud to Ground,17975,0,10
2026-08-30T18:26:14.066610927Z,18.732434,114.560505,Cloud to Cloud,-9391,4709,10
2026-08-30T18:26:14.137415171Z,18.748015,114.573661,Cloud to Cloud,-8154,6191,8
2026-08-30T18:26:15.717995809Z,14.422168,133.521241,Cloud to Ground,-21711,0,10
2026-08-30T18:26:15.701136057Z,14.440698,133.508539,Cloud to Ground,19812,0,9
2026-08-30T18:26:18.907556128Z,18.636694,114.681354,Cloud to Ground,33805,0,13
2026-08-30T18:26:18.843442981Z,18.649297,114.675108,Cloud to Ground,51599,0,10
2026-08-30T18:26:18.073321366Z,17.872453,122.998383,Cloud to Ground,-76107,0,15
2026-08-30T18:26:18.198447502Z,17.876222,122.980203,Cloud to Ground,-22698,0,9
2026-08-30T18:26:18.335219536Z,17.845453,123.011599,Cloud to Ground,-20580,0,11
2026-08-30T18:26:18.704014275Z,20.407011,114.752796,Cloud to Ground,42340,0,11
2026-08-30T18:26:19.016058000Z,18.688,114.879,Cloud to Ground,56885,0,8
2026-08-30T18:26:18.772539704Z,18.647101,114.845555,Cloud to Ground,84764,0,18
2026-08-30T18:26:18.636526000Z,20.408,114.6338,Cloud to Ground,37673,0,9
2026-08-30T18:26:19.248678884Z,15.452705,130.399084,Cloud to Cloud,-13017,18800,10
2026-08-30T18:26:19.088545177Z,14.484264,132.761244,Cloud to Cloud,-21033,3581,14
2026-08-30T18:26:20.768443417Z,18.043667,115.974446,Cloud to Cloud,9063,3003,8
2026-08-30T18:26:20.732253377Z,18.026614,115.877845,Cloud to Cloud,-10778,14868,5
2026-08-30T18:26:20.967432262Z,18.018505,115.873269,Cloud to Ground,-8347,0,7
2026-08-30T18:26:20.405326192Z,18.017769,115.880299,Cloud to Cloud,-8143,7569,6
2026-08-30T18:26:21.669763212Z,17.205797,118.28136,Cloud to Cloud,12915,3000,7
2026-08-30T18:26:21.663912051Z,17.2346,118.578241,Cloud to Cloud,6165,3020,7
2026-08-30T18:26:21.657137447Z,17.300165,118.311324,Cloud to Cloud,-7338,3019,12
2026-08-30T18:26:22.617478587Z,17.709632,114.532527,Cloud to Ground,18155,0,8
2026-08-30T18:26:22.613943479Z,17.738513,114.517799,Cloud to Ground,22773,0,7
2026-08-30T18:26:22.620825691Z,17.678684,114.669228,Cloud to Ground,-18650,0,11
2026-08-30T18:26:22.625746420Z,17.736104,114.678943,Cloud to Ground,-12043,0,8
2026-08-30T18:26:24.601959921Z,18.708544,117.099788,Cloud to Ground,21089,0,8
2026-08-30T18:26:24.213504799Z,18.682324,117.212308,Cloud to Ground,-40610,0,7
2026-08-30T18:26:24.366194000Z,18.7423,117.2,Cloud to Ground,21680,0,11
2026-08-30T18:26:24.330715617Z,20.537926,114.67824,Cloud to Ground,-10593,0,8
2026-08-30T18:26:24.332027166Z,20.541462,114.70248,Cloud to Cloud,6650,7449,8
2026-08-30T18:26:24.348941640Z,20.649333,114.712988,Cloud to Cloud,12533,17089,6
2026-08-30T18:26:25.314695010Z,15.714126,129.276328,Cloud to Cloud,19518,3548,8
2026-08-30T18:26:27.721618232Z,15.722382,130.985121,Cloud to Ground,17950,0,10
2026-08-30T18:26:27.741701825Z,15.741636,130.997426,Cloud to Ground,25977,0,13
2026-08-30T18:26:27.707006134Z,15.731623,130.987192,Cloud to Ground,27169,0,13
2026-08-30T18:26:27.139430287Z,15.626852,131.067888,Cloud to Ground,28452,0,12
2026-08-30T18:26:27.461017000Z,15.7775,130.8726,Cloud to Ground,15730,0,5
2026-08-30T18:26:28.496591013Z,18.658906,115.918616,Cloud to Ground,37668,0,9
2026-08-30T18:26:28.248191000Z,18.752,115.8844,Cloud to Ground,-17808,0,6
2026-08-30T18:26:30.723447352Z,18.274314,120.58276,Cloud to Cloud,14138,3011,9
2026-08-30T18:26:30.706749000Z,18.4118,120.5207,Cloud to Ground,-40747,0,7
2026-08-30T18:26:30.719708098Z,18.37465,120.509138,Cloud to Cloud,4908,18712,7
2026-08-30T18:26:31.009934775Z,15.582054,130.714412,Cloud to Ground,17785,0,11
2026-08-30T18:26:31.008399168Z,15.500903,130.721329,Cloud to Cloud,23761,3413,8
2026-08-30T18:26:31.429337567Z,14.776948,132.407295,Cloud to Cloud,12653,15610,7
2026-08-30T18:26:31.742768240Z,18.869092,116.494797,Cloud to Cloud,-16416,12942,8
2026-08-30T18:26:31.377389339Z,18.945215,116.308287,Cloud to Cloud,6604,8641,7
2026-08-30T18:26:31.373941000Z,19.0154,116.4528,Cloud to Ground,6734,0,6
2026-08-30T18:26:31.874137802Z,19.047092,116.468774,Cloud to Cloud,14584,4605,8
2026-08-30T18:26:31.738948630Z,19.06933,116.463725,Cloud to Ground,23142,0,10
2026-08-30T18:26:31.037151012Z,18.946146,115.032255,Cloud to Cloud,-7960,5689,8
2026-08-30T18:26:33.203971561Z,16.389412,128.615102,Cloud to Ground,-20294,0,12
2026-08-30T18:26:33.308738455Z,16.377725,128.628363,Cloud to Ground,-15243,0,13
2026-08-30T18:26:34.422969594Z,18.631493,114.693054,Cloud to Ground,22961,0,13
2026-08-30T18:26:34.381511188Z,18.627187,114.686383,Cloud to Ground,38852,0,13
2026-08-30T18:26:35.635264361Z,15.408374,130.445475,Cloud to Ground,-17708,0,8
2026-08-30T18:26:36.551669631Z,18.043322,115.852047,Cloud to Ground,-11108,0,9
2026-08-30T18:26:36.559950826Z,18.077336,115.867737,Cloud to Cloud,-6873,3035,8
2026-08-30T18:26:37.391376871Z,17.530506,119.383364,Cloud to Cloud,14736,4900,9
2026-08-30T18:26:37.342355521Z,17.551839,119.482367,Cloud to Cloud,12172,3016,8
2026-08-30T18:26:38.148887753Z,15.345952,130.088716,Cloud to Cloud,-9675,15856,6
2026-08-30T18:26:38.126923000Z,15.3763,129.9989,Cloud to Ground,-12292,0,7
2026-08-30T18:26:38.599478981Z,15.826464,129.071037,Cloud to Ground,-21706,0,18
2026-08-30T18:26:56.026881371Z,21.603085,113.367797,Cloud to Ground,8098,0,10
2026-08-30T18:26:56.019989199Z,21.411663,113.261641,Cloud to Ground,-505,0,9
2026-08-30T18:26:56.074878000Z,21.4247,113.2579,Cloud to Ground,33373,0,5
2026-08-30T18:26:56.070078508Z,21.372783,113.089366,Cloud to Ground,-14077,0,7
2026-08-30T18:26:57.924093171Z,15.713899,130.414624,Cloud to Ground,19502,0,14
2026-08-30T18:26:57.125243412Z,17.867783,114.772159,Cloud to Cloud,-12788,3057,7
2026-08-30T18:26:57.126389000Z,17.937,114.8403,Cloud to Ground,12500,0,7
2026-08-30T18:27:00.615875054Z,18.912942,115.166479,Cloud to Ground,-22700,0,11
2026-08-30T18:27:02.854107871Z,15.502101,130.865906,Cloud to Ground,-16087,0,9
2026-08-30T18:27:02.789321598Z,17.576064,119.39419,Cloud to Ground,-72686,0,16
2026-08-30T18:27:03.001448396Z,17.578286,119.378798,Cloud to Ground,-44719,0,13
2026-08-30T18:27:02.947726865Z,17.575205,119.389975,Cloud to Ground,-27490,0,8
2026-08-30T18:27:03.478859579Z,17.52432,119.467411,Cloud to Ground,-24097,0,6
2026-08-30T18:27:02.931695036Z,17.572287,119.354476,Cloud to Cloud,-8977,19035,5
2026-08-30T18:27:03.036815279Z,17.575937,119.366398,Cloud to Cloud,14030,14096,15
2026-08-30T18:27:02.940722000Z,14.9225,132.5742,Cloud to Ground,331,0,13
2026-08-30T18:27:03.472416749Z,14.440598,132.855268,Cloud to Ground,-23654,0,7
2026-08-30T18:27:03.678625839Z,14.442836,132.804109,Cloud to Ground,-22984,0,9
2026-08-30T18:27:03.598818854Z,18.047597,115.479537,Cloud to Ground,18452,0,8
2026-08-30T18:27:03.828404498Z,18.06656,115.832324,Cloud to Ground,-21026,0,11
2026-08-30T18:27:03.825234186Z,18.068056,115.831099,Cloud to Cloud,16895,4892,8
2026-08-30T18:27:03.614506988Z,18.08681,115.796199,Cloud to Ground,27438,0,15
2026-08-30T18:27:03.687718817Z,18.072654,115.810995,Cloud to Ground,63533,0,14
2026-08-30T18:27:03.571769000Z,18.1452,115.8959,Cloud to Ground,-19698,0,5
2026-08-30T18:27:04.718176689Z,21.339814,113.012323,Cloud to Ground,-111196,0,21
2026-08-30T18:27:04.819798004Z,21.332653,113.011696,Cloud to Ground,-19825,0,13
2026-08-30T18:27:04.757066368Z,21.340931,112.8955,Cloud to Cloud,-14012,7109,10
2026-08-30T18:27:04.546969879Z,21.313792,112.998073,Cloud to Ground,-12037,0,7
2026-08-30T18:27:04.533535207Z,21.324579,112.881831,Cloud to Cloud,11102,5970,10
2026-08-30T18:27:04.531399916Z,21.315959,112.93778,Cloud to Ground,12860,0,8
2026-08-30T18:27:04.532046867Z,21.333858,112.929937,Cloud to Ground,25323,0,16
2026-08-30T18:27:07.234696738Z,16.488269,134.744672,Cloud to Ground,-34423,0,19
2026-08-30T18:27:07.365886663Z,16.482445,134.778104,Cloud to Ground,-17939,0,12
2026-08-30T18:27:07.647791114Z,18.633615,114.849973,Cloud to Ground,18952,0,10
2026-08-30T18:27:07.620659681Z,18.66495,114.790994,Cloud to Ground,75175,0,14
2026-08-30T18:27:07.535834268Z,18.651225,114.853536,Cloud to Ground,90238,0,18
2026-08-30T18:27:07.607963200Z,18.046266,115.75879,Cloud to Cloud,10906,3516,10
2026-08-30T18:27:07.469761387Z,19.212711,116.609622,Cloud to Ground,12402,0,8
2026-08-30T18:27:07.465047661Z,19.217927,116.727329,Cloud to Ground,20182,0,10
2026-08-30T18:27:09.634777843Z,18.007214,120.350197,Cloud to Cloud,8736,18895,13
2026-08-30T18:27:09.680397273Z,19.020597,116.52067,Cloud to Ground,-9853,0,6
2026-08-30T18:27:10.925741865Z,17.891013,123.074373,Cloud to Cloud,11382,4742,10
2026-08-30T18:27:11.399296475Z,17.794794,123.044992,Cloud to Cloud,5278,4073,11
2026-08-30T18:27:11.604158410Z,18.951884,115.100696,Cloud to Cloud,28687,3069,13
2026-08-30T18:27:12.810118718Z,15.360451,129.983118,Cloud to Ground,71474,0,10
2026-08-30T18:27:14.529569257Z,16.90212,119.895755,Cloud to Ground,-40161,0,13
2026-08-30T18:27:14.471485000Z,16.9455,119.8991,Cloud to Ground,-37176,0,7
2026-08-30T18:27:14.981609229Z,16.921814,119.866546,Cloud to Ground,-9764,0,8
2026-08-30T18:27:16.833810459Z,14.305893,132.99273,Cloud to Ground,24824,0,9
2026-08-30T18:27:16.864278738Z,14.486889,132.96328,Cloud to Ground,17596,0,8
2026-08-30T18:27:16.654278782Z,14.445605,133.538628,Cloud to Ground,-19584,0,8
2026-08-30T18:27:16.640907378Z,14.411534,133.545327,Cloud to Ground,22583,0,7
2026-08-30T18:27:18.515138732Z,15.391597,130.12722,Cloud to Cloud,-17736,12886,6
2026-08-30T18:27:18.865111198Z,17.757827,114.5769,Cloud to Cloud,-12024,18646,11
2026-08-30T18:27:18.860418228Z,17.744235,114.450463,Cloud to Cloud,7424,3008,7
2026-08-30T18:27:18.861354096Z,17.743962,114.466266,Cloud to Cloud,7782,5721,7
2026-08-30T18:27:19.238269000Z,18.3648,120.4482,Cloud to Ground,-71001,0,6
2026-08-30T18:27:19.359566000Z,18.429,120.5921,Cloud to Ground,-50476,0,5
2026-08-30T18:27:19.427500489Z,18.371644,120.528656,Cloud to Ground,-17344,0,8
2026-08-30T18:27:19.447969567Z,18.415733,120.611133,Cloud to Cloud,14640,11386,7
2026-08-30T18:27:19.636040000Z,17.7394,114.456,Cloud to Ground,52578,0,8
2026-08-30T18:27:20.147156590Z,15.386796,130.391989,Cloud to Cloud,14223,4040,10
2026-08-30T18:27:20.937362903Z,14.454087,132.790213,Cloud to Ground,29218,0,9
2026-08-30T18:27:20.637026445Z,18.043346,115.885454,Cloud to Cloud,-13461,4530,7
2026-08-30T18:27:20.655054422Z,18.041703,115.888984,Cloud to Cloud,-10352,10803,6
2026-08-30T18:27:22.103955770Z,18.731225,117.293699,Cloud to Ground,-30521,0,10
2026-08-30T18:27:22.022489132Z,18.739034,117.195747,Cloud to Ground,-52391,0,15
2026-08-30T18:27:22.076342000Z,18.8069,117.2301,Cloud to Ground,-14492,0,5
2026-08-30T18:27:22.554182991Z,20.606751,113.90478,Cloud to Ground,25901,0,13
2026-08-30T18:27:22.563152756Z,20.613218,114.031849,Cloud to Ground,-25972,0,16
2026-08-30T18:27:24.444150207Z,14.435332,132.776303,Cloud to Ground,15204,0,12
2026-08-30T18:27:24.844985676Z,14.533632,133.090164,Cloud to Ground,36899,0,16
2026-08-30T18:27:25.309616582Z,15.230722,130.097229,Cloud to Ground,10548,0,8
2026-08-30T18:27:26.669305358Z,15.84206,129.313286,Cloud to Cloud,7483,4504,9
2026-08-30T18:27:26.643357702Z,15.699045,129.285241,Cloud to Cloud,-24363,4579,8
2026-08-30T18:27:28.577289784Z,18.065028,115.857414,Cloud to Cloud,-11083,3042,6
2026-08-30T18:27:28.114435701Z,18.05051,115.883205,Cloud to Cloud,-7220,3006,8
2026-08-30T18:27:28.301502434Z,18.026426,115.906511,Cloud to Cloud,-6796,18615,9
2026-08-30T18:27:28.389222786Z,18.050998,115.789812,Cloud to Cloud,-5828,16178,6
2026-08-30T18:27:28.299354969Z,18.069693,115.856772,Cloud to Ground,-5585,0,5
2026-08-30T18:27:28.246782159Z,18.033346,115.870329,Cloud to Cloud,-4653,12605,6
2026-08-30T18:27:28.276368570Z,18.070715,115.84651,Cloud to Cloud,18645,3412,8
2026-08-30T18:27:29.561888148Z,20.665041,113.942481,Cloud to Ground,-18681,0,7
2026-08-30T18:27:29.586050840Z,20.661837,113.956704,Cloud to Ground,-12545,0,10
2026-08-30T18:27:29.630047742Z,20.691689,113.932815,Cloud to Ground,22100,0,15
2026-08-30T18:27:29.911565202Z,20.700893,113.92063,Cloud to Ground,29901,0,15
2026-08-30T18:27:30.829514127Z,15.45951,129.670051,Cloud to Cloud,-8438,17047,8
2026-08-30T18:27:32.888713915Z,17.741723,114.686163,Cloud to Cloud,-12342,4025,9
2026-08-30T18:27:32.887753360Z,17.74113,114.687784,Cloud to Ground,-8884,0,7
2026-08-30T18:27:32.892253380Z,17.741694,114.717122,Cloud to Cloud,-6879,3284,9
2026-08-30T18:27:33.068862670Z,17.701878,114.677764,Cloud to Cloud,8060,7218,8
2026-08-30T18:27:33.050187491Z,17.809908,114.60543,Cloud to Cloud,13786,6824,6
2026-08-30T18:27:32.884018402Z,17.759861,114.647101,Cloud to Ground,42983,0,16
2026-08-30T18:27:33.403345731Z,18.149568,120.183325,Cloud to Ground,-20058,0,9
2026-08-30T18:27:33.343189281Z,18.146183,120.189096,Cloud to Ground,-17350,0,10
2026-08-30T18:27:33.435991383Z,18.155871,120.283039,Cloud to Cloud,-12944,5538,9
2026-08-30T18:27:33.696529590Z,18.150252,120.183592,Cloud to Cloud,-9812,4223,7
2026-08-30T18:27:36.318090070Z,18.035786,115.824631,Cloud to Ground,-8517,0,6
2026-08-30T18:27:36.932220974Z,17.214195,118.385649,Cloud to Cloud,15259,3003,7
2026-08-30T18:27:36.934566505Z,17.208392,118.29613,Cloud to Cloud,17489,3125,14
2026-08-30T18:27:36.941476416Z,17.300949,118.299653,Cloud to Cloud,-7342,3773,8
2026-08-30T18:27:37.330845232Z,14.567973,133.209248,Cloud to Ground,-15303,0,10
2026-08-30T18:27:37.411066582Z,15.834618,129.438869,Cloud to Cloud,-13026,3567,7
2026-08-30T18:27:38.541016293Z,14.540985,133.255288,Cloud to Ground,54203,0,8
2026-08-30T18:27:38.472162976Z,14.529136,133.25689,Cloud to Ground,139459,0,11
2026-08-30T18:27:38.212792012Z,14.858449,132.430924,Cloud to Cloud,-18966,16517,15
2026-08-30T18:27:38.894766199Z,18.664094,114.910431,Cloud to Ground,-17207,0,7
2026-08-30T18:27:38.587205202Z,17.720022,123.124071,Cloud to Cloud,-14534,6573,8
2026-08-30T18:27:38.698828002Z,17.922958,123.135274,Cloud to Ground,-31816,0,10
2026-08-30T18:27:38.584914770Z,17.887003,123.108756,Cloud to Cloud,-15751,3755,12
2026-08-30T18:27:38.345079000Z,17.8881,123.0281,Cloud to Ground,650,0,8
2026-08-30T18:27:39.480205717Z,19.579633,115.886122,Cloud to Ground,17299,0,9
2026-08-30T18:27:39.236134598Z,18.681738,114.805312,Cloud to Ground,43145,0,8
2026-08-30T18:27:41.727255102Z,15.36588,129.944925,Cloud to Cloud,-9478,16484,7
2026-08-30T18:27:42.006792632Z,15.385582,130.017577,Cloud to Cloud,15910,11547,9
2026-08-30T18:27:44.494153829Z,15.463944,130.454816,Cloud to Cloud,9722,4885,8
2026-08-30T18:27:44.757096857Z,15.345108,130.486087,Cloud to Cloud,-30921,9085,7
2026-08-30T18:27:44.478953845Z,18.050949,115.874476,Cloud to Cloud,-9268,5475,7
2026-08-30T18:27:44.447521087Z,18.00133,115.865983,Cloud to Cloud,-8777,4934,6
2026-08-30T18:27:44.306414007Z,18.04491,115.862354,Cloud to Cloud,12829,3990,15
2026-08-30T18:27:44.437443089Z,18.775727,117.273752,Cloud to Ground,-24656,0,13
2026-08-30T18:27:45.861589734Z,20.293642,114.775256,Cloud to Cloud,-13355,3017,7
2026-08-30T18:27:45.764811715Z,20.370293,114.754502,Cloud to Cloud,-10692,7041,8
2026-08-30T18:27:45.755662330Z,20.383454,114.779737,Cloud to Cloud,14405,3059,7
2026-08-30T18:27:46.963405416Z,17.537988,119.411897,Cloud to Ground,-20000,0,8
2026-08-30T18:27:46.837662930Z,17.55951,119.50196,Cloud to Cloud,-17536,6958,8
2026-08-30T18:27:47.921900037Z,14.561919,132.811449,Cloud to Ground,-12851,0,9
2026-08-30T18:27:47.798690142Z,14.896922,132.430784,Cloud to Ground,22427,0,7
2026-08-30T18:27:50.332879872Z,17.806034,114.51469,Cloud to Cloud,-10395,3052,6
2026-08-30T18:27:49.897816204Z,17.811834,114.620697,Cloud to Cloud,-10229,3085,10
2026-08-30T18:27:49.892520138Z,17.809266,114.551977,Cloud to Ground,-9723,0,8
2026-08-30T18:27:49.910928843Z,17.897007,114.646433,Cloud to Ground,-9484,0,6
2026-08-30T18:27:49.913343644Z,17.790735,114.603957,Cloud to Ground,-9015,0,7
2026-08-30T18:27:50.923240746Z,17.651059,114.546025,Cloud to Cloud,-8821,3070,10
2026-08-30T18:27:50.254576224Z,17.74425,114.490125,Cloud to Cloud,-8005,3832,8
2026-08-30T18:27:50.563574713Z,17.697104,114.507627,Cloud to Cloud,-7165,3029,8
2026-08-30T18:27:50.308756071Z,17.823549,114.63188,Cloud to Cloud,6934,7246,9
2026-08-30T18:27:49.888509357Z,17.797611,114.50656,Cloud to Cloud,10759,4718,8
2026-08-30T18:27:49.886642993Z,17.800582,114.483056,Cloud to Ground,13879,0,10
2026-08-30T18:27:49.786823090Z,20.45344,114.555631,Cloud to Cloud,8727,7589,9
2026-08-30T18:27:49.758429444Z,20.461524,114.533842,Cloud to Cloud,18901,3998,7
2026-08-30T18:27:51.920524224Z,14.958993,134.561356,Cloud to Ground,-25268,0,12
2026-08-30T18:27:51.687414707Z,18.144667,120.102854,Cloud to Cloud,12303,5325,9
2026-08-30T18:27:51.683426452Z,18.139802,120.109192,Cloud to Cloud,24311,6650,9
2026-08-30T18:27:52.971139551Z,14.497931,133.521039,Cloud to Ground,-24715,0,16
2026-08-30T18:27:52.635252866Z,14.484322,133.546026,Cloud to Ground,-24348,0,12
2026-08-30T18:27:52.854168826Z,14.530716,133.552703,Cloud to Ground,-18556,0,6
2026-08-30T18:27:52.888322622Z,14.490926,133.483245,Cloud to Ground,-16315,0,7
2026-08-30T18:27:52.072302921Z,14.966985,134.665889,Cloud to Ground,-24854,0,9
2026-08-30T18:27:52.281679610Z,18.100521,115.716004,Cloud to Ground,21512,0,13
2026-08-30T18:27:52.299024020Z,18.074088,115.830036,Cloud to Cloud,8770,5301,7
2026-08-30T18:27:52.289892317Z,18.028277,115.62323,Cloud to Cloud,-11211,4265,7
2026-08-30T18:27:52.432202915Z,17.638716,114.326022,Cloud to Cloud,11114,18992,7
2026-08-30T18:27:52.439212917Z,17.602815,114.269654,Cloud to Cloud,14649,6851,7
2026-08-30T18:27:52.432986908Z,17.653992,114.36946,Cloud to Ground,22176,0,10
2026-08-30T18:27:52.434477633Z,17.619108,114.206143,Cloud to Ground,80929,0,9
2026-08-30T18:27:53.158710870Z,14.593688,133.643877,Cloud to Ground,-18570,0,11
2026-08-30T18:27:53.383596686Z,15.449848,129.808565,Cloud to Cloud,8795,5241,12
2026-08-30T18:27:53.423230481Z,15.434884,129.837572,Cloud to Cloud,21601,3454,8
2026-08-30T18:27:55.211269000Z,9.5619,118.9124,Cloud to Ground,-12438,0,7
2026-08-30T18:27:55.108377041Z,9.520783,118.837978,Cloud to Cloud,12982,7776,7
2026-08-30T18:27:55.998778667Z,14.531281,133.088313,Cloud to Ground,21821,0,14
2026-08-30T18:27:55.732870445Z,18.168378,120.3348,Cloud to Ground,14466,0,9
2026-08-30T18:27:55.300571361Z,20.108697,114.792415,Cloud to Ground,-16076,0,8
2026-08-30T18:27:56.983848663Z,15.40711,129.627879,Cloud to Cloud,-13259,3044,13
2026-08-30T18:27:56.165035352Z,18.234671,120.450199,Cloud to Ground,-9387,0,8
2026-08-30T18:27:55.793754755Z,18.260795,120.539473,Cloud to Cloud,14546,8041,7
2026-08-30T18:27:58.050290737Z,15.691685,130.931407,Cloud to Ground,-12950,0,12
2026-08-30T18:27:58.040523450Z,15.482718,130.987307,Cloud to Ground,52210,0,10
2026-08-30T18:27:58.726307284Z,17.667422,114.464279,Cloud to Cloud,-10613,3021,6
2026-08-30T18:27:58.730338909Z,17.672319,114.469777,Cloud to Ground,22483,0,8
2026-08-30T18:27:58.690754662Z,18.052393,115.032587,Cloud to Ground,-23841,0,10
2026-08-30T18:27:58.624849556Z,18.041622,115.124168,Cloud to Ground,-12382,0,13
2026-08-30T18:27:58.624308779Z,18.032048,115.10715,Cloud to Cloud,10377,3445,8
2026-08-30T18:27:58.625378000Z,18.1024,115.0976,Cloud to Ground,27815,0,6
2026-08-30T18:27:58.893580073Z,20.569241,114.086238,Cloud to Cloud,5162,7480,7
2026-08-30T18:27:58.977574002Z,20.493145,114.130514,Cloud to Ground,33335,0,8
2026-08-30T18:27:58.242958367Z,16.919758,120.010023,Cloud to Cloud,32438,3000,9
2026-08-30T18:27:59.458008749Z,18.037119,115.891398,Cloud to Cloud,-10321,5534,6
2026-08-30T18:27:59.132228610Z,17.650669,114.277414,Cloud to Cloud,-10858,10713,7
2026-08-30T18:28:00.406610618Z,15.651555,131.041511,Cloud to Ground,-23769,0,9
2026-08-30T18:28:00.279590799Z,18.296441,115.22871,Cloud to Cloud,-13383,4418,8
2026-08-30T18:28:00.312826167Z,18.290105,115.061552,Cloud to Ground,-10497,0,7
2026-08-30T18:28:00.277409612Z,18.315452,115.036532,Cloud to Ground,14441,0,9
2026-08-30T18:28:00.275872698Z,18.33565,115.118053,Cloud to Ground,89761,0,9
2026-08-30T18:28:01.451548987Z,20.598009,114.527466,Cloud to Ground,13598,0,9
2026-08-30T18:28:01.456563663Z,20.570204,114.722709,Cloud to Ground,-14398,0,15
2026-08-30T18:28:02.459011074Z,18.156916,115.980022,Cloud to Cloud,21530,3022,13
2026-08-30T18:28:02.943988550Z,18.068063,115.691984,Cloud to Cloud,-6615,13817,12
2026-08-30T18:28:02.816798716Z,18.181163,116.17444,Cloud to Cloud,-10741,7151,8
2026-08-30T18:28:02.821983608Z,18.197392,116.186819,Cloud to Cloud,-7963,12943,6
2026-08-30T18:28:02.538222999Z,18.14221,116.117554,Cloud to Cloud,-7882,4003,7
2026-08-30T18:28:03.239351863Z,15.495868,130.451708,Cloud to Cloud,-11270,8566,7
2026-08-30T18:28:03.229789140Z,15.460951,130.456269,Cloud to Cloud,-11016,19424,8
2026-08-30T18:28:03.381869299Z,15.438577,130.335763,Cloud to Cloud,-13107,7067,7
2026-08-30T18:28:03.127256803Z,18.028254,115.855788,Cloud to Cloud,10358,18198,8
2026-08-30T18:28:03.015715778Z,18.057214,115.864213,Cloud to Ground,21461,0,11
2026-08-30T18:28:04.270821400Z,16.853089,120.774234,Cloud to Ground,60894,0,7
2026-08-30T18:28:04.674754194Z,18.924474,115.224004,Cloud to Ground,15099,0,8
2026-08-30T18:28:04.341881842Z,16.758087,120.716608,Cloud to Cloud,11285,19948,9
2026-08-30T18:28:04.085375000Z,18.7904,117.2457,Cloud to Ground,75351,0,7
2026-08-30T18:28:05.486867821Z,15.411764,129.94242,Cloud to Cloud,-11132,7408,9
2026-08-30T18:28:07.821631715Z,18.032226,115.880928,Cloud to Cloud,6402,5100,6
2026-08-30T18:28:08.389234557Z,15.440321,129.660135,Cloud to Ground,28488,0,7
2026-08-30T18:28:08.944506332Z,18.749181,114.540636,Cloud to Ground,-11443,0,10
2026-08-30T18:28:08.923655393Z,18.759887,114.427237,Cloud to Ground,28582,0,8
2026-08-30T18:28:09.844108355Z,19.222817,116.821457,Cloud to Ground,-12597,0,7
2026-08-30T18:28:09.573996711Z,17.839374,114.725198,Cloud to Cloud,-7828,17287,6
2026-08-30T18:28:09.465465459Z,17.807264,114.703609,Cloud to Cloud,9224,3358,7
2026-08-30T18:28:09.500443129Z,17.810029,114.79986,Cloud to Cloud,23747,3827,7
2026-08-30T18:28:10.482246731Z,15.373052,130.018806,Cloud to Ground,-19349,0,7
2026-08-30T18:28:10.126480317Z,15.131078,130.231747,Cloud to Ground,29367,0,9
2026-08-30T18:28:11.273355687Z,17.784768,123.116428,Cloud to Ground,19204,0,7
2026-08-30T18:28:10.788251393Z,17.88372,123.035413,Cloud to Cloud,6846,3005,9
2026-08-30T18:28:10.838470063Z,17.878577,123.044565,Cloud to Cloud,7298,19330,8
2026-08-30T18:28:10.836959245Z,17.879863,123.041344,Cloud to Cloud,7768,3004,8
2026-08-30T18:28:11.215988921Z,17.878948,123.031777,Cloud to Cloud,8542,4950,6
2026-08-30T18:28:11.293892095Z,17.879024,123.039225,Cloud to Cloud,8898,3001,9
2026-08-30T18:28:12.503625961Z,17.566703,119.389895,Cloud to Cloud,9239,18620,9
2026-08-30T18:28:14.739371386Z,16.736709,119.93999,Cloud to Cloud,-3711,3651,8
2026-08-30T18:28:16.091021502Z,18.041411,115.7878,Cloud to Cloud,-5761,16799,7
2026-08-30T18:28:17.288970769Z,15.486282,130.443359,Cloud to Cloud,-14883,3212,8
2026-08-30T18:28:17.565023292Z,17.551316,119.403199,Cloud to Ground,-84419,0,13
2026-08-30T18:28:17.618010347Z,17.571719,119.392171,Cloud to Ground,-28642,0,9
2026-08-30T18:28:17.630871845Z,17.568468,119.377207,Cloud to Ground,-11659,0,9
2026-08-30T18:28:18.867054500Z,15.340754,129.958226,Cloud to Cloud,-16138,7506,9
2026-08-30T18:28:19.406898557Z,14.619905,133.145853,Cloud to Ground,-25608,0,14
2026-08-30T18:28:19.533785000Z,14.5692,133.0256,Cloud to Ground,-18050,0,5
2026-08-30T18:28:19.387704522Z,14.580325,133.071422,Cloud to Ground,-13073,0,8
2026-08-30T18:28:19.432417487Z,14.492663,133.160242,Cloud to Ground,-12758,0,6
2026-08-30T18:28:19.562843174Z,14.554722,133.15418,Cloud to Ground,50026,0,8
2026-08-30T18:28:19.505475110Z,14.479509,133.15917,Cloud to Ground,50534,0,9
2026-08-30T18:28:19.466950443Z,14.535988,133.165763,Cloud to Ground,72894,0,9
2026-08-30T18:28:19.348450009Z,18.262528,120.69469,Cloud to Cloud,-10619,4617,10
2026-08-30T18:28:19.317757412Z,18.332589,120.378827,Cloud to Cloud,7606,3025,9
2026-08-30T18:28:19.307536133Z,18.355854,120.53675,Cloud to Ground,-77129,0,18
2026-08-30T18:28:19.403096000Z,18.4184,120.4912,Cloud to Ground,-53742,0,5
2026-08-30T18:28:19.351180369Z,18.37108,120.523984,Cloud to Ground,-37253,0,13
2026-08-30T18:28:19.612452489Z,18.373987,120.527032,Cloud to Ground,-13740,0,10
2026-08-30T18:28:19.496958612Z,18.373905,120.539688,Cloud to Cloud,-13516,5187,8
2026-08-30T18:28:19.475395782Z,18.372214,120.521805,Cloud to Ground,-8432,0,6
2026-08-30T18:28:19.338732948Z,18.590707,120.789915,Cloud to Ground,-35683,0,8
2026-08-30T18:28:21.102830580Z,21.270485,113.072839,Cloud to Ground,-81700,0,18
2026-08-30T18:28:21.513744878Z,21.312807,113.057559,Cloud to Ground,17864,0,17
2026-08-30T18:28:21.641389771Z,19.55782,115.88285,Cloud to Cloud,-10509,7823,7
2026-08-30T18:28:20.858746978Z,21.285039,112.926698,Cloud to Cloud,9429,3886,8
2026-08-30T18:28:20.853387840Z,21.282528,112.916794,Cloud to Ground,18067,0,10
2026-08-30T18:28:23.879547571Z,14.464414,133.548572,Cloud to Ground,-19315,0,14
2026-08-30T18:28:23.833349867Z,14.418264,133.55067,Cloud to Ground,-18430,0,9
2026-08-30T18:28:24.064924679Z,14.462828,133.527706,Cloud to Ground,-9676,0,5
2026-08-30T18:28:23.886373323Z,14.477627,133.494429,Cloud to Ground,-7386,0,12
2026-08-30T18:28:23.824947926Z,14.460571,133.503945,Cloud to Ground,31002,0,14
2026-08-30T18:28:24.423153869Z,15.215526,129.755732,Cloud to Ground,45874,0,8
2026-08-30T18:28:25.672224606Z,17.864348,120.606661,Cloud to Cloud,35113,6761,10
2026-08-30T18:28:27.067952004Z,18.940482,115.284188,Cloud to Cloud,-10019,3008,9
2026-08-30T18:28:28.067492445Z,15.778419,129.203139,Cloud to Ground,-12743,0,11
2026-08-30T18:28:28.041320290Z,15.918457,129.217249,Cloud to Ground,-23758,0,11
2026-08-30T18:28:32.442823000Z,18.6673,116.0703,Cloud to Ground,-8240,0,5
2026-08-30T18:28:32.442137185Z,18.671564,116.024529,Cloud to Cloud,21798,3026,17
2026-08-30T18:28:32.532789127Z,18.641831,116.171714,Cloud to Cloud,-8574,3040,9
2026-08-30T18:28:34.056220200Z,15.493184,131.02664,Cloud to Ground,-12641,0,12
2026-08-30T18:28:33.772454328Z,15.463946,131.084003,Cloud to Cloud,8595,3739,7
2026-08-30T18:28:33.874815933Z,15.455891,131.078132,Cloud to Cloud,8706,12305,6
2026-08-30T18:28:33.767656897Z,15.483945,131.098986,Cloud to Ground,28564,0,11
2026-08-30T18:28:33.601958503Z,18.898957,114.553303,Cloud to Ground,21805,0,7
2026-08-30T18:28:33.606654348Z,18.883954,114.671596,Cloud to Cloud,-12498,3319,7
2026-08-30T18:28:34.488240858Z,17.653439,114.315905,Cloud to Ground,-24794,0,7
2026-08-30T18:28:34.521154878Z,17.723505,114.538348,Cloud to Cloud,-9295,11462,8
2026-08-30T18:28:34.116978463Z,17.618991,114.545664,Cloud to Ground,-7228,0,7
2026-08-30T18:28:33.860540391Z,17.649963,114.465908,Cloud to Cloud,-4801,4273,7
2026-08-30T18:28:34.592540990Z,18.073581,115.863121,Cloud to Ground,-9044,0,7
2026-08-30T18:28:34.462625189Z,18.144368,115.897698,Cloud to Cloud,-8120,3025,11
2026-08-30T18:28:34.725717883Z,18.060767,115.869422,Cloud to Ground,-8113,0,7
2026-08-30T18:28:34.564416975Z,18.079242,115.849542,Cloud to Cloud,7117,11403,7
2026-08-30T18:28:34.544815126Z,18.068641,115.858563,Cloud to Cloud,7350,7394,6
2026-08-30T18:28:34.418949692Z,18.056414,115.893365,Cloud to Cloud,9445,3022,8
2026-08-30T18:28:34.481235821Z,18.058109,115.777616,Cloud to Cloud,12660,9069,9
2026-08-30T18:28:34.249752114Z,18.061852,115.718234,Cloud to Cloud,15237,6059,8
2026-08-30T18:28:34.668943319Z,18.084072,115.781012,Cloud to Ground,25490,0,7
2026-08-30T18:28:35.485833980Z,18.283811,120.68124,Cloud to Cloud,-7602,4621,11
2026-08-30T18:28:35.231097494Z,18.098694,120.414062,Cloud to Ground,16195,0,10
2026-08-30T18:28:35.786907344Z,18.281988,120.420321,Cloud to Ground,-23485,0,9
2026-08-30T18:28:35.164431410Z,18.211779,120.403375,Cloud to Cloud,7817,3004,7
2026-08-30T18:28:35.851327000Z,20.7578,114.5309,Cloud to Ground,-8391,0,5
2026-08-30T18:28:36.065838935Z,20.566942,114.108932,Cloud to Ground,15711,0,18
2026-08-30T18:28:36.254763081Z,20.590197,114.09934,Cloud to Cloud,18020,4877,9
2026-08-30T18:28:36.118383021Z,20.515932,114.113274,Cloud to Ground,18527,0,7
2026-08-30T18:28:36.182121352Z,20.570581,114.094913,Cloud to Ground,22274,0,18
2026-08-30T18:28:37.744751509Z,15.347193,130.117125,Cloud to Ground,37736,0,11
2026-08-30T18:28:37.555945151Z,15.487758,130.420994,Cloud to Cloud,-12081,17821,8
2026-08-30T18:28:37.813406018Z,15.316032,130.420857,Cloud to Cloud,20305,7472,10
2026-08-30T18:28:37.707944453Z,15.187409,130.185303,Cloud to Cloud,23333,19604,12
2026-08-30T18:28:37.511485573Z,18.769619,117.033151,Cloud to Ground,-21587,0,14
2026-08-30T18:28:37.586414000Z,18.7895,117.278,Cloud to Ground,-343,0,7
2026-08-30T18:28:37.484983000Z,18.7752,117.1698,Cloud to Ground,-7512,0,8
2026-08-30T18:28:39.404891151Z,18.119176,116.089678,Cloud to Cloud,-13093,7269,9
2026-08-30T18:28:39.487251889Z,18.089718,116.06721,Cloud to Ground,-10846,0,8
2026-08-30T18:28:41.307223570Z,15.472361,130.798735,Cloud to Ground,36561,0,12
2026-08-30T18:28:41.515026945Z,15.59863,130.734069,Cloud to Cloud,-16427,18046,7
2026-08-30T18:28:41.307976250Z,15.60385,130.744801,Cloud to Cloud,9828,3771,11
2026-08-30T18:28:42.398283521Z,17.851992,123.060769,Cloud to Cloud,-10903,6877,7
2026-08-30T18:28:41.958515558Z,17.870908,123.048115,Cloud to Cloud,14223,3002,10
2026-08-30T18:28:41.852601330Z,21.389833,113.277052,Cloud to Cloud,-28286,17199,15
2026-08-30T18:28:42.093152294Z,21.344404,113.243169,Cloud to Cloud,-14780,5356,8
2026-08-30T18:28:41.944939826Z,21.39302,113.122641,Cloud to Ground,-9701,0,10
2026-08-30T18:28:41.814600000Z,21.4479,113.3282,Cloud to Ground,-9206,0,6
2026-08-30T18:28:41.811017856Z,21.371851,113.159356,Cloud to Cloud,6987,3045,7
2026-08-30T18:28:42.148164373Z,14.518145,133.11417,Cloud to Ground,-26711,0,8
2026-08-30T18:28:42.223659568Z,14.497973,133.145899,Cloud to Ground,-17600,0,15
2026-08-30T18:28:42.039925870Z,17.747165,123.020757,Cloud to Cloud,21363,5002,9
2026-08-30T18:28:42.049240525Z,21.279431,113.144643,Cloud to Cloud,10245,5864,9
2026-08-30T18:28:42.581223656Z,17.870405,114.774086,Cloud to Ground,23512,0,9
2026-08-30T18:28:42.580341200Z,17.886511,114.885027,Cloud to Cloud,18169,16573,7
2026-08-30T18:28:43.953451053Z,14.484036,132.812945,Cloud to Ground,-66635,0,16
2026-08-30T18:28:43.621190297Z,14.408344,132.85746,Cloud to Ground,-12448,0,7
2026-08-30T18:28:43.697502643Z,14.45343,132.858519,Cloud to Ground,12419,0,7
2026-08-30T18:28:43.994562754Z,14.495404,132.800426,Cloud to Ground,14931,0,7
2026-08-30T18:28:43.586618844Z,14.469948,132.797238,Cloud to Ground,47666,0,16
2026-08-30T18:28:43.233369664Z,17.948861,114.695567,Cloud to Ground,8184,0,11
2026-08-30T18:28:44.004665372Z,19.131591,116.667706,Cloud to Ground,-18022,0,7
2026-08-30T18:28:45.024282162Z,15.493956,130.441681,Cloud to Cloud,15274,15733,7
2026-08-30T18:28:46.107616782Z,15.815139,129.337075,Cloud to Cloud,13514,13950,10
2026-08-30T18:28:46.059270886Z,15.888961,129.193721,Cloud to Cloud,-14497,3025,13
2026-08-30T18:28:46.082587889Z,15.701097,129.295401,Cloud to Cloud,12149,3000,7
2026-08-30T18:28:47.198977537Z,18.047471,115.860849,Cloud to Cloud,-8152,3713,7
2026-08-30T18:28:47.039060610Z,18.049548,115.900392,Cloud to Cloud,-7666,6484,8
2026-08-30T18:28:50.819205067Z,14.387613,133.490824,Cloud to Ground,10175,0,17
2026-08-30T18:28:50.338825450Z,14.41158,133.55586,Cloud to Ground,32656,0,7
2026-08-30T18:28:50.380679365Z,14.404044,133.559845,Cloud to Ground,41381,0,13
2026-08-30T18:28:50.391203304Z,15.513151,130.978233,Cloud to Cloud,-12504,3391,11
2026-08-30T18:28:50.418480474Z,18.685053,114.873691,Cloud to Cloud,-15391,7996,13
2026-08-30T18:28:50.935091999Z,18.695239,114.878417,Cloud to Ground,-14558,0,8
2026-08-30T18:28:50.423165206Z,18.681992,114.869151,Cloud to Cloud,-13487,18056,6
2026-08-30T18:28:50.469270699Z,18.638946,114.851507,Cloud to Cloud,9760,17123,9
2026-08-30T18:28:50.555371052Z,18.704491,114.657635,Cloud to Ground,-13352,0,8
2026-08-30T18:28:50.566895354Z,18.630342,114.652326,Cloud to Cloud,-8356,16934,6
2026-08-30T18:28:50.411212461Z,18.668137,114.715366,Cloud to Cloud,16482,5686,14
2026-08-30T18:28:50.563354226Z,18.650393,114.631128,Cloud to Ground,17681,0,7
2026-08-30T18:28:50.456326994Z,18.668387,114.753239,Cloud to Ground,18723,0,12
2026-08-30T18:28:50.408706176Z,18.671036,114.756066,Cloud to Ground,33801,0,14
2026-08-30T18:28:50.406047936Z,18.680622,114.764191,Cloud to Ground,101308,0,15
2026-08-30T18:28:50.413132219Z,18.889283,114.672894,Cloud to Ground,11352,0,7
2026-08-30T18:28:51.751418266Z,18.366418,120.530619,Cloud to Ground,-51739,0,13
2026-08-30T18:28:51.811933133Z,18.367159,120.625127,Cloud to Ground,-26389,0,12
2026-08-30T18:28:51.750164605Z,18.34091,120.758578,Cloud to Cloud,-5651,7032,12
2026-08-30T18:28:51.741795823Z,18.713633,114.626989,Cloud to Ground,-18043,0,9
2026-08-30T18:28:52.137317631Z,15.847536,129.199322,Cloud to Cloud,-12238,7601,10
2026-08-30T18:28:53.417606935Z,15.391027,130.032887,Cloud to Cloud,20588,11323,11
2026-08-30T18:28:53.336715329Z,15.384769,129.909035,Cloud to Cloud,-12215,11615,9
2026-08-30T18:28:58.407483444Z,20.559032,114.586173,Cloud to Cloud,-13561,3120,7
2026-08-30T18:28:57.955496737Z,20.475879,114.599245,Cloud to Ground,-8505,0,10
2026-08-30T18:28:58.569323443Z,15.424641,130.071032,Cloud to Cloud,14576,18534,9
2026-08-30T18:28:59.530444370Z,16.489804,134.863233,Cloud to Ground,-19700,0,11
2026-08-30T18:28:59.387970707Z,16.413543,134.799884,Cloud to Ground,-14975,0,8
2026-08-30T18:28:59.552930848Z,16.403396,134.868376,Cloud to Ground,-9250,0,8
2026-08-30T18:28:59.403868772Z,16.379839,134.835769,Cloud to Ground,16443,0,6
2026-08-30T18:28:59.382395993Z,16.316455,134.888276,Cloud to Ground,17277,0,12
2026-08-30T18:28:59.825850784Z,15.564878,130.300694,Cloud to Cloud,-29482,15648,7
2026-08-30T18:28:59.238903659Z,15.418596,129.627533,Cloud to Ground,-9252,0,9
2026-08-30T18:29:00.082885603Z,18.305183,115.244477,Cloud to Ground,-13667,0,9
2026-08-30T18:29:01.717448126Z,18.898987,114.76406,Cloud to Ground,-19595,0,13
2026-08-30T18:29:01.740095131Z,18.881302,114.726277,Cloud to Cloud,12291,10888,8
2026-08-30T18:29:01.806091675Z,19.587875,115.860091,Cloud to Cloud,-28458,5298,7
2026-08-30T18:29:01.792041132Z,19.581956,115.88253,Cloud to Cloud,-27406,13802,14
2026-08-30T18:29:01.788640070Z,19.544706,115.904651,Cloud to Ground,-14405,0,8
2026-08-30T18:29:01.817430000Z,19.6528,115.9219,Cloud to Ground,27594,0,6
2026-08-30T18:29:01.864893933Z,19.553536,115.772129,Cloud to Ground,43771,0,10
2026-08-30T18:29:01.778003718Z,19.629452,115.898397,Cloud to Ground,154886,0,17
2026-08-30T18:29:02.831707032Z,17.329217,119.42687,Cloud to Cloud,-13044,14535,10
2026-08-30T18:29:02.957836994Z,17.58871,119.521621,Cloud to Ground,-24208,0,9
2026-08-30T18:29:02.882589219Z,17.448515,119.564594,Cloud to Ground,-12982,0,14
2026-08-30T18:29:02.808203891Z,17.588244,119.416865,Cloud to Ground,-67188,0,11
2026-08-30T18:29:03.262469216Z,17.569217,119.412555,Cloud to Ground,-52149,0,13
2026-08-30T18:29:02.921152751Z,17.568028,119.421452,Cloud to Ground,-37111,0,12
2026-08-30T18:29:02.836308039Z,17.606982,119.360771,Cloud to Ground,-32781,0,11
2026-08-30T18:29:03.374253742Z,17.56625,119.398963,Cloud to Ground,-25041,0,9
2026-08-30T18:29:03.439661021Z,17.556969,119.412155,Cloud to Ground,-16275,0,8
2026-08-30T18:29:03.723717890Z,18.14508,120.140609,Cloud to Cloud,13825,3001,7
2026-08-30T18:29:04.140868736Z,15.721834,129.285183,Cloud to Cloud,12410,4550,10
2026-08-30T18:29:05.444068238Z,17.782578,114.576665,Cloud to Ground,-9023,0,6
2026-08-30T18:29:05.192055819Z,17.779487,114.608048,Cloud to Ground,22975,0,8
2026-08-30T18:29:06.892545545Z,17.856398,114.708065,Cloud to Ground,45367,0,7
2026-08-30T18:29:08.547468843Z,17.656287,114.276894,Cloud to Cloud,-41793,17978,13
2026-08-30T18:29:08.603883852Z,17.657731,114.271138,Cloud to Ground,28088,0,8
2026-08-30T18:29:08.833246677Z,17.668097,114.398272,Cloud to Ground,-20211,0,8
2026-08-30T18:29:08.663450986Z,17.663916,114.402162,Cloud to Ground,38487,0,14
2026-08-30T18:29:08.763455758Z,17.665824,114.37856,Cloud to Ground,43876,0,16
2026-08-30T18:29:08.564433601Z,17.661396,114.383521,Cloud to Ground,72529,0,17
2026-08-30T18:29:08.711056640Z,17.653397,114.392397,Cloud to Ground,76334,0,12
2026-08-30T18:29:08.682664000Z,16.9451,119.8644,Cloud to Ground,-65123,0,7
2026-08-30T18:29:08.709462814Z,16.92065,119.894884,Cloud to Ground,-16805,0,7
2026-08-30T18:29:08.095755634Z,18.79376,115.876903,Cloud to Ground,24585,0,10
2026-08-30T18:29:09.001132000Z,17.7751,114.273,Cloud to Ground,16419,0,5
2026-08-30T18:29:10.291472589Z,14.512666,132.794271,Cloud to Ground,-17474,0,13
2026-08-30T18:29:10.232812931Z,14.519497,132.810835,Cloud to Ground,-12547,0,7
2026-08-30T18:29:11.176981590Z,14.496305,133.136841,Cloud to Ground,-22168,0,11
2026-08-30T18:29:11.102299000Z,14.4986,133.017,Cloud to Ground,-11715,0,9
2026-08-30T18:29:11.380713000Z,14.5187,133.0555,Cloud to Ground,-11455,0,5
2026-08-30T18:29:11.238469199Z,14.544861,133.159685,Cloud to Ground,34929,0,7
2026-08-30T18:29:11.074273828Z,14.53861,133.161632,Cloud to Ground,40662,0,7
2026-08-30T18:29:11.122986371Z,14.542719,133.161305,Cloud to Ground,41783,0,10
2026-08-30T18:29:11.281505305Z,14.506405,133.176232,Cloud to Ground,50794,0,7
2026-08-30T18:29:11.121286407Z,17.678882,114.553148,Cloud to Cloud,-14490,6116,10
2026-08-30T18:29:11.079103561Z,17.735215,114.579081,Cloud to Cloud,-11604,3430,10
2026-08-30T18:29:11.018906000Z,17.7838,114.5903,Cloud to Ground,7612,0,6
2026-08-30T18:29:11.020360407Z,17.71791,114.550627,Cloud to Ground,14749,0,9
2026-08-30T18:29:11.017405175Z,17.729067,114.668894,Cloud to Cloud,17762,5850,13
2026-08-30T18:29:11.024784524Z,17.709983,114.496553,Cloud to Cloud,18484,11788,6
2026-08-30T18:29:11.111389646Z,17.684087,114.65216,Cloud to Ground,18967,0,8
2026-08-30T18:29:15.663720749Z,15.273258,130.06404,Cloud to Cloud,16376,7333,7
2026-08-30T18:29:15.604486021Z,15.275419,130.036342,Cloud to Cloud,24478,3372,7
2026-08-30T18:29:15.900503008Z,15.374664,129.959773,Cloud to Cloud,-11126,4028,12
2026-08-30T18:29:15.534300981Z,18.063345,115.992951,Cloud to Cloud,-15391,3852,8
2026-08-30T18:29:15.423606687Z,18.10789,116.161065,Cloud to Cloud,-13964,5185,8
2026-08-30T18:29:15.460384511Z,18.155043,116.097444,Cloud to Cloud,7268,13803,7
2026-08-30T18:29:15.807692749Z,18.149571,116.054631,Cloud to Ground,34014,0,15
2026-08-30T18:29:16.170640225Z,18.089663,115.804893,Cloud to Ground,9750,0,9
2026-08-30T18:29:16.078860686Z,18.122859,115.886574,Cloud to Ground,12719,0,12
2026-08-30T18:29:17.885420603Z,14.808573,132.454086,Cloud to Ground,-13751,0,7
2026-08-30T18:29:18.014883089Z,15.325591,129.942866,Cloud to Cloud,11393,3001,8
2026-08-30T18:29:18.055479741Z,15.496889,129.914754,Cloud to Ground,-15693,0,14
2026-08-30T18:29:18.430243288Z,20.517943,114.209008,Cloud to Cloud,-32369,3003,12
2026-08-30T18:29:20.073220416Z,17.518611,119.396029,Cloud to Cloud,5157,12925,7
2026-08-30T18:29:21.600221535Z,18.036771,115.899368,Cloud to Cloud,-11743,3044,9
2026-08-30T18:29:21.528932173Z,18.06352,115.871157,Cloud to Cloud,-9003,7234,10
2026-08-30T18:29:21.346483833Z,18.039522,115.892622,Cloud to Cloud,-7719,3041,6
2026-08-30T18:29:21.792452479Z,18.032629,115.748462,Cloud to Cloud,5799,3844,7
2026-08-30T18:29:25.037852173Z,14.418024,133.512078,Cloud to Ground,-84072,0,15
2026-08-30T18:29:25.033067126Z,14.411235,133.566943,Cloud to Ground,-55753,0,14
2026-08-30T18:29:25.878257088Z,15.429927,129.922326,Cloud to Ground,-11149,0,9
2026-08-30T18:29:27.599531059Z,18.086426,115.145869,Cloud to Cloud,-21240,3048,7
2026-08-30T18:29:27.604508873Z,18.082596,115.064354,Cloud to Cloud,-12581,17325,6
2026-08-30T18:29:27.596303566Z,18.094378,115.049704,Cloud to Ground,26437,0,19
2026-08-30T18:29:27.595688021Z,18.105496,115.071662,Cloud to Ground,32950,0,16
2026-08-30T18:29:27.610213995Z,18.762345,114.43434,Cloud to Cloud,-8741,4228,8
2026-08-30T18:29:27.135642417Z,18.751457,117.222455,Cloud to Cloud,-30948,3011,13
2026-08-30T18:29:27.318188000Z,18.775,117.1885,Cloud to Ground,-16455,0,7
2026-08-30T18:29:27.005591423Z,19.539419,115.680219,Cloud to Cloud,-14734,6234,10
2026-08-30T18:29:27.483247403Z,18.731266,114.594393,Cloud to Cloud,-14507,3072,8
2026-08-30T18:29:29.967827474Z,14.879866,132.422309,Cloud to Ground,-18335,0,12
2026-08-30T18:29:29.328884739Z,20.588284,114.158095,Cloud to Cloud,9962,3067,6
2026-08-30T18:29:29.381611131Z,20.543722,114.112599,Cloud to Ground,46945,0,16
2026-08-30T18:29:29.315483027Z,20.560611,114.244162,Cloud to Ground,72483,0,13
2026-08-30T18:29:29.603007100Z,18.86293,114.956356,Cloud to Ground,32267,0,7
2026-08-30T18:29:29.348453689Z,18.382828,120.545201,Cloud to Cloud,9782,4779,6
2026-08-30T18:29:31.241760727Z,15.581581,130.568999,Cloud to Ground,-74713,0,16
2026-08-30T18:29:31.341863000Z,9.5971,118.9182,Cloud to Ground,-33498,0,7
2026-08-30T18:29:32.793446762Z,15.373935,129.988462,Cloud to Ground,-15518,0,17
2026-08-30T18:29:33.887409079Z,18.039525,115.895584,Cloud to Ground,-12423,0,9
2026-08-30T18:29:34.066848565Z,18.078145,115.870134,Cloud to Cloud,-10864,18113,7
2026-08-30T18:29:34.923551700Z,16.591136,120.796916,Cloud to Cloud,4403,8758,7
2026-08-30T18:29:36.449676947Z,17.771483,123.112891,Cloud to Cloud,-10623,8829,10
2026-08-30T18:29:36.348325312Z,17.868062,123.011731,Cloud to Ground,-59484,0,16
2026-08-30T18:29:36.662600516Z,17.916993,123.036924,Cloud to Ground,-53326,0,12
2026-08-30T18:29:36.402352502Z,17.924922,123.050008,Cloud to Ground,-28696,0,10
2026-08-30T18:29:36.389536846Z,17.918273,123.14435,Cloud to Cloud,-16877,9226,7
2026-08-30T18:29:36.397055083Z,17.921829,123.069342,Cloud to Cloud,10667,3000,10
2026-08-30T18:29:36.991458982Z,17.87123,123.180945,Cloud to Cloud,17930,6927,11
2026-08-30T18:29:37.763710887Z,20.383727,114.841781,Cloud to Cloud,-14680,3699,11
2026-08-30T18:29:37.791506717Z,20.349608,114.841263,Cloud to Ground,-11236,0,7
2026-08-30T18:29:40.196767185Z,18.215136,116.068796,Cloud to Ground,57754,0,16
2026-08-30T18:29:43.824474767Z,15.240729,129.985457,Cloud to Cloud,11814,3001,9
2026-08-30T18:29:43.881334676Z,15.546643,129.91793,Cloud to Ground,12108,0,11
2026-08-30T18:29:45.135824493Z,17.639866,114.498644,Cloud to Cloud,-13225,4947,11
2026-08-30T18:29:44.338282256Z,17.686341,114.438481,Cloud to Ground,-10439,0,7
2026-08-30T18:29:44.898707557Z,17.699264,114.529507,Cloud to Cloud,15476,4806,6
2026-08-30T18:29:45.360316930Z,17.698166,114.591998,Cloud to Cloud,17808,7356,8
2026-08-30T18:29:44.600642384Z,17.711447,114.449511,Cloud to Cloud,18494,12045,12
2026-08-30T18:29:44.349956167Z,17.697964,114.527158,Cloud to Ground,22401,0,11
2026-08-30T18:29:44.425053319Z,17.728553,114.565351,Cloud to Cloud,24966,17100,16
2026-08-30T18:29:44.746236897Z,17.720294,114.539098,Cloud to Cloud,25690,4938,15
2026-08-30T18:29:44.444970959Z,17.716727,114.446505,Cloud to Cloud,28244,7171,13
2026-08-30T18:29:45.159223322Z,17.716232,114.445194,Cloud to Cloud,28461,17902,13
2026-08-30T18:29:44.410236337Z,17.70459,114.435537,Cloud to Cloud,29040,4686,12
2026-08-30T18:29:44.561005123Z,17.72078,114.57762,Cloud to Ground,29238,0,18
2026-08-30T18:29:44.483616670Z,17.717975,114.451787,Cloud to Cloud,32167,3931,13
2026-08-30T18:29:44.392227156Z,17.736775,114.568309,Cloud to Cloud,33459,5932,15
2026-08-30T18:29:44.844176579Z,17.719628,114.569777,Cloud to Ground,35422,0,14
2026-08-30T18:29:44.710451144Z,17.720847,114.577503,Cloud to Ground,48622,0,18
2026-08-30T18:29:44.317681582Z,17.720625,114.573632,Cloud to Ground,99294,0,21
2026-08-30T18:29:45.564205319Z,17.549714,119.423745,Cloud to Cloud,-12129,19061,11
2026-08-30T18:29:46.725751175Z,15.724706,131.050994,Cloud to Ground,-28417,0,13
2026-08-30T18:29:46.694942495Z,15.630677,130.99738,Cloud to Cloud,-9212,3015,15
2026-08-30T18:29:46.746666154Z,15.635064,131.122356,Cloud to Ground,7665,0,7
2026-08-30T18:29:46.877786186Z,15.665914,131.078524,Cloud to Cloud,20322,5170,10
2026-08-30T18:29:46.689971567Z,15.619284,131.046566,Cloud to Cloud,20909,3429,10
2026-08-30T18:29:46.026609186Z,18.307107,115.130245,Cloud to Cloud,12570,6180,9
2026-08-30T18:29:46.043225570Z,18.342509,115.174167,Cloud to Cloud,26119,3551,15
2026-08-30T18:29:47.247187595Z,15.214479,130.315349,Cloud to Cloud,16680,3133,12
2026-08-30T18:29:47.397512139Z,20.605831,114.053714,Cloud to Ground,-33696,0,7
2026-08-30T18:29:47.950008957Z,20.582961,114.002993,Cloud to Cloud,13350,18392,5
2026-08-30T18:29:48.115663245Z,18.661729,114.669685,Cloud to Ground,-22733,0,15
2026-08-30T18:29:48.112685362Z,18.652473,114.666154,Cloud to Cloud,-9739,6551,7
2026-08-30T18:29:48.010488094Z,18.607529,114.688056,Cloud to Ground,31229,0,10
2026-08-30T18:29:47.945507051Z,18.613325,114.643801,Cloud to Ground,44752,0,9
2026-08-30T18:29:48.104715907Z,18.656601,114.834309,Cloud to Cloud,-20355,4326,9
2026-08-30T18:29:49.997285983Z,14.468562,132.835223,Cloud to Ground,-25643,0,13
2026-08-30T18:29:49.825146769Z,14.451972,132.825071,Cloud to Ground,21560,0,7
2026-08-30T18:29:49.930434819Z,14.970441,132.537067,Cloud to Ground,-19636,0,14
2026-08-30T18:29:50.264135426Z,15.021333,132.474933,Cloud to Ground,16037,0,12
2026-08-30T18:29:49.754530536Z,14.945549,132.584097,Cloud to Ground,17427,0,6
2026-08-30T18:29:49.487013435Z,14.922896,132.483147,Cloud to Ground,39934,0,19
2026-08-30T18:29:49.450030524Z,19.591793,115.915817,Cloud to Cloud,-20944,7297,8
2026-08-30T18:29:49.504248000Z,19.6115,115.8428,Cloud to Ground,19748,0,7
2026-08-30T18:29:49.871868694Z,19.591333,115.888254,Cloud to Ground,22861,0,15
2026-08-30T18:29:50.114362982Z,14.467495,132.668497,Cloud to Cloud,-20448,3188,12
2026-08-30T18:29:50.490407114Z,15.616707,129.599634,Cloud to Ground,-14739,0,8
2026-08-30T18:29:50.635385427Z,15.544647,129.606345,Cloud to Cloud,-12374,6053,7
2026-08-30T18:29:50.462146259Z,15.578103,129.604427,Cloud to Cloud,21028,7868,7
2026-08-30T18:29:50.088733512Z,15.827805,129.33594,Cloud to Ground,25499,0,10
2026-08-30T18:29:53.199933700Z,18.163353,116.013043,Cloud to Cloud,-9817,3021,7
2026-08-30T18:29:54.055042929Z,18.069233,115.887599,Cloud to Cloud,-11468,8830,9
2026-08-30T18:29:59.811224910Z,17.923267,114.929482,Cloud to Cloud,-15636,3003,13
2026-08-30T18:29:59.802284984Z,17.882833,114.785942,Cloud to Ground,20643,0,8
2026-08-30T18:29:59.803058285Z,17.90463,114.871103,Cloud to Cloud,22840,5175,13
2026-08-30T18:29:59.805423283Z,17.881373,114.851362,Cloud to Ground,36608,0,7
2026-08-30T18:29:59.363693158Z,18.779981,114.624496,Cloud to Ground,72404,0,17
2026-08-30T18:29:59.270150485Z,18.782388,114.486071,Cloud to Ground,22293,0,11
2026-08-30T18:29:59.728410797Z,18.239429,120.387617,Cloud to Cloud,11671,7526,7
2026-08-30T18:29:59.647634056Z,18.846538,117.225257,Cloud to Ground,-43387,0,10
2026-08-30T18:30:00.401285020Z,15.391409,131.026857,Cloud to Ground,-26296,0,9
2026-08-30T18:30:00.306051145Z,15.425419,130.943868,Cloud to Cloud,16209,7868,10
2026-08-30T18:30:00.237982874Z,15.398424,131.008566,Cloud to Cloud,18878,16754,7
2026-08-30T18:30:00.731286439Z,15.500671,131.010668,Cloud to Cloud,-13663,3008,10
2026-08-30T18:30:00.919101999Z,14.796244,132.443603,Cloud to Cloud,11417,3021,9
2026-08-30T18:30:00.291679793Z,18.147868,120.133121,Cloud to Ground,-30239,0,12
2026-08-30T18:30:00.479619081Z,18.15597,120.145229,Cloud to Ground,-16605,0,7
2026-08-30T18:30:00.547458426Z,18.156237,120.14709,Cloud to Cloud,-14076,17923,7
2026-08-30T18:30:00.517372940Z,18.152276,120.127867,Cloud to Ground,-13950,0,8
2026-08-30T18:30:01.260861659Z,16.655888,134.813857,Cloud to Ground,32394,0,8
2026-08-30T18:30:02.961123064Z,15.580448,130.444643,Cloud to Ground,16211,0,8
2026-08-30T18:30:02.902415206Z,15.451437,130.469509,Cloud to Cloud,-21587,6771,7
2026-08-30T18:30:03.252364785Z,15.398548,130.473211,Cloud to Cloud,12205,5508,9
2026-08-30T18:30:02.899875192Z,15.461742,130.453653,Cloud to Cloud,17263,5313,14
2026-08-30T18:30:02.976811314Z,15.407115,130.456985,Cloud to Cloud,22697,7616,7
2026-08-30T18:30:02.933759249Z,15.296032,130.527474,Cloud to Ground,37995,0,8
2026-08-30T18:30:03.180332616Z,15.298144,130.493152,Cloud to Ground,77214,0,8
2026-08-30T18:30:03.917460702Z,18.899988,115.204677,Cloud to Cloud,-31097,3020,12
2026-08-30T18:30:03.850370959Z,18.923649,115.189175,Cloud to Ground,82413,0,17
2026-08-30T18:30:03.954443202Z,18.911309,115.29939,Cloud to Ground,-14175,0,10
2026-08-30T18:30:04.211536724Z,18.886312,114.95707,Cloud to Cloud,7023,4548,9
2026-08-30T18:30:04.248301842Z,18.90216,115.018315,Cloud to Ground,9032,0,10
2026-08-30T18:30:03.995251254Z,18.913981,115.031879,Cloud to Ground,19869,0,14
2026-08-30T18:30:04.668452933Z,17.316953,118.32887,Cloud to Ground,-89717,0,14
2026-08-30T18:30:04.731995205Z,17.320714,118.333599,Cloud to Ground,22056,0,11
2026-08-30T18:30:05.391210220Z,14.516856,133.025379,Cloud to Ground,-35204,0,9
2026-08-30T18:30:05.289536185Z,14.482959,133.196926,Cloud to Ground,-33172,0,10
2026-08-30T18:30:05.314923645Z,14.59329,133.156776,Cloud to Ground,-23608,0,10
2026-08-30T18:30:05.342633429Z,14.643526,133.168793,Cloud to Ground,-22881,0,9
2026-08-30T18:30:05.409189668Z,14.557124,133.163006,Cloud to Ground,36769,0,8
2026-08-30T18:30:05.373113472Z,14.53719,133.171119,Cloud to Ground,61188,0,8
2026-08-30T18:30:05.551055879Z,18.756882,117.332921,Cloud to Ground,-29587,0,9
2026-08-30T18:30:05.447665302Z,18.754347,117.234731,Cloud to Ground,-60058,0,14
2026-08-30T18:30:05.506859732Z,18.751414,117.207405,Cloud to Ground,-28582,0,12
2026-08-30T18:30:07.385498767Z,3.082588,116.090773,Cloud to Ground,23161,0,10
2026-08-30T18:30:08.665979973Z,17.878119,123.043135,Cloud to Cloud,6817,13761,6
2026-08-30T18:30:08.664654000Z,17.9073,123.036,Cloud to Ground,17338,0,7
2026-08-30T18:30:08.647562695Z,17.872005,123.049448,Cloud to Cloud,25461,4779,11
2026-08-30T18:30:09.632281209Z,15.523112,130.851283,Cloud to Ground,-15115,0,11
2026-08-30T18:30:09.629836348Z,15.563847,130.868779,Cloud to Cloud,29101,3806,10
2026-08-30T18:30:11.455918694Z,14.474944,132.776473,Cloud to Ground,-108597,0,21
2026-08-30T18:30:11.473077585Z,14.458455,132.714195,Cloud to Ground,-22980,0,12
2026-08-30T18:30:11.517435821Z,14.471165,132.634194,Cloud to Ground,-21701,0,17
2026-08-30T18:30:11.546076391Z,14.538053,132.763943,Cloud to Ground,-13448,0,8
2026-08-30T18:30:11.469885024Z,14.468593,132.851545,Cloud to Ground,-11776,0,5
2026-08-30T18:30:11.552114891Z,14.474983,132.834301,Cloud to Ground,25708,0,8
2026-08-30T18:30:11.543603973Z,14.532273,132.805087,Cloud to Ground,37251,0,10
2026-08-30T18:30:11.506745000Z,14.81,133.1003,Cloud to Ground,7419,0,5
2026-08-30T18:30:12.895775302Z,14.422732,133.570606,Cloud to Ground,-16673,0,11
2026-08-30T18:30:12.846636659Z,14.426796,133.54978,Cloud to Ground,26842,0,7
2026-08-30T18:30:13.431598188Z,14.501155,133.715277,Cloud to Ground,-17650,0,9
2026-08-30T18:30:13.183082450Z,14.518585,133.47766,Cloud to Ground,-38372,0,25
2026-08-30T18:30:13.917280508Z,14.392861,133.478063,Cloud to Ground,-31331,0,11
2026-08-30T18:30:13.331155970Z,14.558119,133.529834,Cloud to Ground,-26115,0,11
2026-08-30T18:30:13.427140079Z,14.420204,133.438223,Cloud to Ground,-26038,0,8
2026-08-30T18:30:13.374883401Z,14.591608,133.530597,Cloud to Ground,-17749,0,21
2026-08-30T18:30:13.983478508Z,14.394683,133.474806,Cloud to Ground,-17698,0,10
2026-08-30T18:30:13.437081537Z,14.489694,133.481884,Cloud to Ground,27110,0,12
2026-08-30T18:30:15.769653282Z,20.363886,114.844458,Cloud to Cloud,-9742,5357,7
2026-08-30T18:30:15.344650634Z,20.386635,114.601968,Cloud to Cloud,-14959,3894,7
2026-08-30T18:30:18.412478095Z,16.953345,120.009113,Cloud to Cloud,-9173,14214,9
2026-08-30T18:30:18.338318869Z,16.93594,119.896966,Cloud to Ground,-13574,0,7
2026-08-30T18:30:21.181102927Z,17.270269,118.139014,Cloud to Cloud,-9530,7588,10
2026-08-30T18:30:23.445466317Z,18.250261,120.268704,Cloud to Cloud,-6654,19382,6
2026-08-30T18:30:25.547283313Z,15.504702,130.48654,Cloud to Cloud,-18721,3211,6
2026-08-30T18:30:26.165814662Z,18.044326,115.158066,Cloud to Ground,-13122,0,9
2026-08-30T18:30:26.294157787Z,18.056226,115.102178,Cloud to Cloud,6856,4864,7
2026-08-30T18:30:26.502114866Z,21.250051,113.488755,Cloud to Cloud,-12834,5230,6
2026-08-30T18:30:26.514071173Z,21.155435,113.56516,Cloud to Cloud,-9176,7927,7
2026-08-30T18:30:26.321669127Z,15.641453,129.672735,Cloud to Cloud,-8520,3006,12
2026-08-30T18:30:30.483032935Z,2.849114,116.00079,Cloud to Ground,21593,0,12
2026-08-30T18:30:30.555485203Z,17.548771,119.368857,Cloud to Cloud,9972,12553,7
2026-08-30T18:30:30.606800875Z,18.062389,120.40245,Cloud to Cloud,12827,9110,14
2026-08-30T18:30:30.924913579Z,18.215298,120.388004,Cloud to Cloud,-11460,14482,13
2026-08-30T18:30:30.615683369Z,18.783279,114.571778,Cloud to Ground,-20104,0,7
2026-08-30T18:30:30.290452627Z,18.752856,114.609637,Cloud to Ground,54357,0,13
2026-08-30T18:30:31.453757203Z,15.559929,129.990024,Cloud to Cloud,-14138,3026,8
2026-08-30T18:30:31.726338760Z,18.815663,115.109302,Cloud to Cloud,-16158,19665,12
2026-08-30T18:30:31.938616422Z,18.778985,115.159788,Cloud to Cloud,-13713,4597,11
2026-08-30T18:30:31.150257277Z,18.932652,115.178233,Cloud to Ground,31030,0,17
2026-08-30T18:30:32.072876335Z,14.517195,132.793853,Cloud to Ground,-13764,0,7
2026-08-30T18:30:31.992333552Z,14.463583,132.754796,Cloud to Ground,-11371,0,7
2026-08-30T18:30:31.840115864Z,14.452583,132.822567,Cloud to Ground,11375,0,9
2026-08-30T18:30:32.648209855Z,18.138619,115.984852,Cloud to Ground,-7842,0,7
2026-08-30T18:30:32.928263358Z,18.163113,116.137141,Cloud to Ground,-10285,0,9
2026-08-30T18:30:32.464572699Z,18.170448,116.12901,Cloud to Cloud,-8724,5284,8
2026-08-30T18:30:32.338518871Z,18.170645,116.140151,Cloud to Cloud,8113,7741,8
2026-08-30T18:30:32.341837285Z,18.177031,116.075163,Cloud to Cloud,21722,7196,14
2026-08-30T18:30:33.141395471Z,21.313609,112.861002,Cloud to Cloud,-16283,3826,14
2026-08-30T18:30:33.298030548Z,21.252747,112.857439,Cloud to Cloud,-13370,16894,10
2026-08-30T18:30:34.967456401Z,15.424779,129.622303,Cloud to Cloud,28182,3005,7
2026-08-30T18:30:34.947341339Z,15.498741,129.535334,Cloud to Cloud,-8755,17451,8
2026-08-30T18:30:34.691538718Z,15.416758,129.903343,Cloud to Cloud,11271,16201,9
2026-08-30T18:30:37.663691654Z,18.191466,115.087078,Cloud to Ground,-33126,0,16
2026-08-30T18:30:37.851776479Z,18.197347,115.138988,Cloud to Cloud,-12512,5911,9
2026-08-30T18:30:38.498755613Z,17.864819,123.064365,Cloud to Cloud,4877,3000,10
2026-08-30T18:30:38.320296887Z,17.857697,123.063614,Cloud to Cloud,5427,6279,8
2026-08-30T18:30:38.295195670Z,17.856003,123.067623,Cloud to Cloud,6518,19414,6
2026-08-30T18:30:38.282003100Z,17.856266,123.066632,Cloud to Cloud,15252,3002,11
2026-08-30T18:30:38.339983000Z,17.921,122.9757,Cloud to Ground,14825,0,7
2026-08-30T18:30:38.012901125Z,15.509403,129.7751,Cloud to Cloud,-15216,3018,11
2026-08-30T18:30:38.314398331Z,18.06647,115.124972,Cloud to Ground,-10207,0,8
2026-08-30T18:30:38.017688000Z,15.5058,129.6737,Cloud to Ground,-24383,0,5
2026-08-30T18:30:39.817240013Z,15.395587,129.696929,Cloud to Ground,-11022,0,7
2026-08-30T18:30:40.205894761Z,17.820447,114.555933,Cloud to Cloud,-13161,6737,11
2026-08-30T18:30:40.591652998Z,17.743083,114.538514,Cloud to Cloud,-11405,15220,6
2026-08-30T18:30:40.230219652Z,17.77314,114.568605,Cloud to Cloud,-9665,3052,9
2026-08-30T18:30:40.640535928Z,17.797038,114.515288,Cloud to Cloud,-8486,5287,6
2026-08-30T18:30:40.231315202Z,17.802898,114.592898,Cloud to Cloud,-8143,5605,7
2026-08-30T18:30:40.246414167Z,17.760194,114.574093,Cloud to Ground,-8079,0,9
2026-08-30T18:30:40.584397908Z,17.732878,114.524118,Cloud to Ground,-7241,0,5
2026-08-30T18:30:41.129707863Z,17.708095,114.585739,Cloud to Cloud,6832,3015,6
2026-08-30T18:30:40.194038475Z,17.822101,114.612507,Cloud to Cloud,11700,3025,11
2026-08-30T18:30:40.198718252Z,17.810451,114.590972,Cloud to Cloud,16445,5716,11
2026-08-30T18:30:40.196578707Z,17.840901,114.604871,Cloud to Ground,18971,0,10
2026-08-30T18:30:40.195118000Z,17.829717,114.496493,Cloud to Ground,24800,0,16
2026-08-30T18:30:42.021235524Z,15.431386,130.331959,Cloud to Cloud,10211,18996,6
2026-08-30T18:30:42.399759262Z,15.408848,130.200314,Cloud to Cloud,-16840,17384,7
2026-08-30T18:30:42.126907904Z,15.425775,129.961752,Cloud to Cloud,-9148,16208,7
2026-08-30T18:30:42.563959988Z,17.535816,114.46705,Cloud to Cloud,-12396,3919,9
2026-08-30T18:30:42.369464124Z,17.679715,114.409995,Cloud to Cloud,-11755,17872,7
2026-08-30T18:30:42.370467434Z,17.620474,114.438382,Cloud to Cloud,-10299,3306,9
2026-08-30T18:30:42.489864339Z,17.60793,114.428504,Cloud to Cloud,-9854,18746,7
2026-08-30T18:30:42.485219507Z,17.563573,114.427692,Cloud to Ground,-9388,0,5
2026-08-30T18:30:42.809282822Z,17.608766,114.38664,Cloud to Ground,-9043,0,7
2026-08-30T18:30:42.346009800Z,17.595425,114.330311,Cloud to Cloud,8660,3010,7
2026-08-30T18:30:42.353185945Z,17.627739,114.314116,Cloud to Ground,28768,0,14
2026-08-30T18:30:44.507448559Z,15.618471,130.796235,Cloud to Cloud,-19408,18698,8
2026-08-30T18:30:44.485300842Z,15.540739,130.79459,Cloud to Ground,73802,0,10
2026-08-30T18:30:44.484557436Z,15.591555,130.770301,Cloud to Ground,75122,0,15
2026-08-30T18:30:44.361679804Z,18.770192,117.059708,Cloud to Ground,15681,0,14
2026-08-30T18:30:44.655883282Z,18.902905,114.962736,Cloud to Ground,17490,0,11
2026-08-30T18:30:46.392372033Z,15.521484,131.943821,Cloud to Ground,-11391,0,9
2026-08-30T18:30:46.430892424Z,16.728144,120.680812,Cloud to Cloud,4492,17677,7
2026-08-30T18:30:47.621495329Z,15.519014,130.07528,Cloud to Ground,-22858,0,9
2026-08-30T18:30:47.622930422Z,15.522662,130.136292,Cloud to Cloud,35640,3027,8
2026-08-30T18:30:47.687128115Z,18.1993,120.390446,Cloud to Ground,-37399,0,11
2026-08-30T18:30:47.904345878Z,18.198361,120.38716,Cloud to Ground,-13051,0,8
2026-08-30T18:30:47.794600589Z,18.196495,120.388517,Cloud to Ground,-5328,0,6
2026-08-30T18:30:47.100250103Z,18.237683,120.400191,Cloud to Cloud,15488,3654,9
2026-08-30T18:30:47.433945040Z,17.87598,114.711173,Cloud to Cloud,-16734,3011,12
2026-08-30T18:30:47.502267173Z,17.84151,114.696906,Cloud to Ground,17378,0,8
2026-08-30T18:30:47.444843871Z,17.865237,114.697864,Cloud to Ground,28318,0,8
2026-08-30T18:30:47.151435903Z,15.698515,129.301402,Cloud to Cloud,24878,12289,8
2026-08-30T18:30:48.934602199Z,18.355779,115.35475,Cloud to Ground,26258,0,16
2026-08-30T18:30:49.685530971Z,15.571072,131.12793,Cloud to Cloud,-33599,15059,10
2026-08-30T18:30:49.811361218Z,15.34056,129.96333,Cloud to Cloud,-9837,3008,11
2026-08-30T18:30:49.060771531Z,20.554048,114.139313,Cloud to Cloud,-23487,7163,11
2026-08-30T18:30:49.058987966Z,20.526326,113.990422,Cloud to Ground,20528,0,12
2026-08-30T18:30:51.144149141Z,20.464217,114.547031,Cloud to Cloud,-5470,7688,7
2026-08-30T18:30:51.110882904Z,20.485825,114.423742,Cloud to Cloud,12018,3005,8
2026-08-30T18:30:52.746574295Z,14.651283,132.438355,Cloud to Ground,15791,0,14
2026-08-30T18:30:52.072155000Z,20.5848,114.6327,Cloud to Ground,-14913,0,5
2026-08-30T18:30:54.146852619Z,18.747389,114.962523,Cloud to Ground,-9788,0,8
2026-08-30T18:30:54.403943231Z,18.640065,114.768855,Cloud to Ground,15353,0,9
2026-08-30T18:30:54.369225707Z,18.624816,114.973037,Cloud to Ground,-21134,0,9
2026-08-30T18:30:54.140726813Z,18.649371,114.947269,Cloud to Cloud,-15877,7978,8
2026-08-30T18:30:54.135331521Z,18.634768,114.949985,Cloud to Ground,-14373,0,10
2026-08-30T18:30:54.219470452Z,18.643045,114.928132,Cloud to Cloud,-10984,7418,11
2026-08-30T18:30:54.727352368Z,18.042193,115.815497,Cloud to Ground,-21464,0,8
2026-08-30T18:30:54.988838074Z,18.02746,115.867723,Cloud to Cloud,-12348,4986,8
2026-08-30T18:30:54.693535112Z,18.028657,115.747549,Cloud to Cloud,9497,3031,6
2026-08-30T18:30:54.680512773Z,18.071655,115.864258,Cloud to Cloud,14958,6657,13
2026-08-30T18:30:56.688631069Z,14.857024,132.702185,Cloud to Ground,40859,0,11
2026-08-30T18:30:57.164339921Z,20.562189,114.587267,Cloud to Ground,-15197,0,11
2026-08-30T18:30:57.149737527Z,20.56764,114.740127,Cloud to Cloud,-13480,7712,7
2026-08-30T18:30:57.281962056Z,20.577634,114.702722,Cloud to Cloud,-10629,17020,8
2026-08-30T18:30:57.154202299Z,20.549018,114.684409,Cloud to Cloud,-9061,3011,8
2026-08-30T18:30:58.312027256Z,14.479268,133.542495,Cloud to Ground,-11509,0,6
2026-08-30T18:30:58.032557641Z,14.432904,133.554517,Cloud to Ground,20483,0,7
2026-08-30T18:30:58.520032096Z,14.48101,133.518075,Cloud to Ground,22625,0,10
2026-08-30T18:30:58.035733180Z,14.39125,133.604483,Cloud to Ground,22700,0,7
2026-08-30T18:30:58.449926624Z,14.545514,133.701905,Cloud to Ground,-14795,0,11
2026-08-30T18:30:58.932686960Z,16.165347,134.588404,Cloud to Ground,-27989,0,8
2026-08-30T18:30:59.041251486Z,16.364251,134.617003,Cloud to Ground,-24471,0,16
2026-08-30T18:30:59.186584000Z,16.1998,134.4906,Cloud to Ground,23322,0,5
2026-08-30T18:30:59.996018388Z,19.571114,116.065151,Cloud to Cloud,14332,3032,8
2026-08-30T18:30:59.020451000Z,15.6595,131.068,Cloud to Ground,20701,0,7
2026-08-30T18:31:00.376200106Z,15.183884,130.321949,Cloud to Cloud,20262,12152,11
2026-08-30T18:31:01.699837137Z,14.794456,132.434201,Cloud to Ground,-28565,0,10
2026-08-30T18:31:02.207446404Z,14.931151,132.436173,Cloud to Ground,-27270,0,11
2026-08-30T18:31:01.729860198Z,14.936964,132.455681,Cloud to Ground,-22059,0,18
2026-08-30T18:31:03.025010465Z,17.327814,118.351231,Cloud to Ground,-59796,0,13
2026-08-30T18:31:03.065861922Z,17.328986,118.34131,Cloud to Ground,-14961,0,9
2026-08-30T18:31:03.303595271Z,17.230806,118.407175,Cloud to Ground,-15104,0,6
2026-08-30T18:31:04.390830737Z,15.44187,130.482624,Cloud to Cloud,24187,14793,7
2026-08-30T18:31:04.598141119Z,20.402032,114.559435,Cloud to Ground,-7018,0,6
2026-08-30T18:31:05.502100896Z,17.873607,123.064945,Cloud to Cloud,4525,5267,5
2026-08-30T18:31:05.413115287Z,17.864705,123.077782,Cloud to Cloud,6207,5550,7
2026-08-30T18:31:05.488209106Z,17.869536,123.077303,Cloud to Cloud,9815,10451,7
2026-08-30T18:31:06.406840595Z,14.525528,132.813219,Cloud to Ground,-24336,0,8
2026-08-30T18:31:06.414641697Z,14.442521,132.813807,Cloud to Ground,-20633,0,11
2026-08-30T18:31:06.607011425Z,14.508668,132.841967,Cloud to Ground,-14778,0,5
2026-08-30T18:31:06.301972290Z,21.27241,113.406762,Cloud to Cloud,14237,6417,7
2026-08-30T18:31:06.213511702Z,21.338883,113.29569,Cloud to Cloud,-12826,18513,8
2026-08-30T18:31:06.270934029Z,21.407924,113.226263,Cloud to Cloud,-11542,15785,6
2026-08-30T18:31:06.206185937Z,21.363179,113.084082,Cloud to Ground,-8309,0,8
2026-08-30T18:31:06.280937604Z,21.364056,113.146116,Cloud to Cloud,11520,4615,14
2026-08-30T18:31:06.196169809Z,21.384971,113.152521,Cloud to Ground,14248,0,9
2026-08-30T18:31:06.198941000Z,21.3874,113.2359,Cloud to Ground,38916,0,13
2026-08-30T18:31:09.378445252Z,17.591034,119.42373,Cloud to Ground,-133558,0,15
2026-08-30T18:31:09.549282170Z,17.582871,119.415334,Cloud to Ground,-40397,0,11
2026-08-30T18:31:09.499006166Z,17.60206,119.432812,Cloud to Ground,-23175,0,9
2026-08-30T18:31:09.531501141Z,17.592889,119.384631,Cloud to Ground,-9506,0,10
2026-08-30T18:31:09.407176441Z,17.613974,119.361834,Cloud to Cloud,19526,16593,11
2026-08-30T18:31:10.556511000Z,18.4377,120.5512,Cloud to Ground,-86625,0,10
2026-08-30T18:31:10.586823917Z,18.376353,120.563501,Cloud to Ground,-47204,0,15
2026-08-30T18:31:10.659237023Z,18.386931,120.569472,Cloud to Ground,-44839,0,14
2026-08-30T18:31:10.614291225Z,18.374708,120.550969,Cloud to Ground,-41400,0,14
2026-08-30T18:31:11.206298467Z,18.376806,120.570477,Cloud to Ground,-38288,0,12
2026-08-30T18:31:11.069759918Z,18.376559,120.567992,Cloud to Ground,-26341,0,13
2026-08-30T18:31:10.625106414Z,18.397156,120.689175,Cloud to Ground,-16739,0,9
2026-08-30T18:31:10.761064740Z,18.374479,120.559271,Cloud to Ground,-15633,0,8
2026-08-30T18:31:11.018073720Z,18.372159,120.56377,Cloud to Ground,-15402,0,9
2026-08-30T18:31:10.587445957Z,18.36462,120.687486,Cloud to Cloud,-11235,3011,12
2026-08-30T18:31:10.578059551Z,18.432476,120.62629,Cloud to Ground,16255,0,7
2026-08-30T18:31:10.562020932Z,18.068019,115.138982,Cloud to Ground,-16083,0,9
2026-08-30T18:31:10.560531184Z,18.04147,115.128292,Cloud to Ground,20209,0,7
2026-08-30T18:31:11.443314889Z,17.722985,114.476825,Cloud to Cloud,13245,3059,10
2026-08-30T18:31:11.416315944Z,17.760596,114.686463,Cloud to Cloud,-16017,3037,7
2026-08-30T18:31:11.465313266Z,17.740563,114.680855,Cloud to Cloud,-13252,13069,7
2026-08-30T18:31:11.441548187Z,17.755567,114.633878,Cloud to Cloud,16257,3090,10
2026-08-30T18:31:11.419251281Z,17.750704,114.576881,Cloud to Ground,22944,0,7
2026-08-30T18:31:11.413538000Z,17.8535,114.7379,Cloud to Ground,-7873,0,9
2026-08-30T18:31:12.884197681Z,18.76095,114.609004,Cloud to Cloud,-24291,5200,12
2026-08-30T18:31:13.104218554Z,18.763981,114.614343,Cloud to Ground,15400,0,12
2026-08-30T18:31:12.918903928Z,18.771644,114.624951,Cloud to Ground,22379,0,14
2026-08-30T18:31:13.229363101Z,18.775458,114.620591,Cloud to Ground,30235,0,15
2026-08-30T18:31:12.987625502Z,18.774898,114.605036,Cloud to Ground,42282,0,16
2026-08-30T18:31:13.194458885Z,18.73993,114.414886,Cloud to Ground,10113,0,9
2026-08-30T18:31:13.300772690Z,18.763356,114.496601,Cloud to Ground,13878,0,9
2026-08-30T18:31:13.073942701Z,18.758672,114.479786,Cloud to Ground,18904,0,12
2026-08-30T18:31:12.883225894Z,18.771396,114.489229,Cloud to Ground,29400,0,10
2026-08-30T18:31:12.279420560Z,17.762512,114.734132,Cloud to Ground,-21154,0,10
2026-08-30T18:31:12.320600814Z,17.776191,114.642754,Cloud to Ground,20322,0,11
2026-08-30T18:31:12.334702000Z,18.2081,120.155,Cloud to Ground,-7634,0,6
2026-08-30T18:31:12.712231956Z,18.199228,120.170365,Cloud to Cloud,6526,11239,8
2026-08-30T18:31:12.307550971Z,18.153976,120.154367,Cloud to Cloud,7873,5167,7
2026-08-30T18:31:13.785706016Z,15.585006,129.62705,Cloud to Cloud,14747,3015,8
2026-08-30T18:31:13.643060593Z,15.526431,129.64921,Cloud to Cloud,23025,3124,9
2026-08-30T18:31:17.947189808Z,18.037577,115.903946,Cloud to Ground,-13463,0,8
2026-08-30T18:31:18.034431747Z,18.054955,115.908527,Cloud to Cloud,8396,3063,8
2026-08-30T18:31:17.950489116Z,18.039691,115.990244,Cloud to Ground,8839,0,8
2026-08-30T18:31:21.712237953Z,15.618244,130.753014,Cloud to Cloud,19260,3007,9
2026-08-30T18:31:23.460531982Z,15.379382,130.997466,Cloud to Cloud,-20052,3073,8
2026-08-30T18:31:23.132835500Z,15.442946,130.875869,Cloud to Cloud,-15133,9519,16
2026-08-30T18:31:23.169884000Z,15.440195,130.956169,Cloud to Cloud,8204,12588,7
2026-08-30T18:31:23.586097701Z,20.170167,114.963452,Cloud to Ground,21445,0,9
2026-08-30T18:31:25.376883416Z,15.430671,129.775926,Cloud to Ground,11064,0,12
2026-08-30T18:31:25.326324101Z,15.292526,129.820175,Cloud to Cloud,-13353,3089,9
2026-08-30T18:31:25.774954037Z,20.367959,114.690527,Cloud to Cloud,17123,4271,12
2026-08-30T18:31:25.773243142Z,20.371468,114.842059,Cloud to Cloud,19011,16430,10
2026-08-30T18:31:25.130743267Z,15.530742,129.687096,Cloud to Cloud,-15312,3001,7
2026-08-30T18:31:26.593894736Z,17.603881,114.271569,Cloud to Ground,-11922,0,7
2026-08-30T18:31:26.218563499Z,17.655257,114.514368,Cloud to Ground,-11986,0,10
2026-08-30T18:31:25.613184723Z,17.696092,114.629676,Cloud to Cloud,-11175,17919,8
2026-08-30T18:31:26.235984917Z,17.699635,114.46023,Cloud to Ground,-10259,0,7
2026-08-30T18:31:25.740224551Z,17.76266,114.564094,Cloud to Cloud,-9585,3506,6
2026-08-30T18:31:26.286148756Z,17.584571,114.487183,Cloud to Cloud,-9254,3056,7
2026-08-30T18:31:26.238191317Z,17.69062,114.459915,Cloud to Cloud,-8964,6098,8
2026-08-30T18:31:25.892833074Z,17.702419,114.599918,Cloud to Cloud,-8297,3461,7
2026-08-30T18:31:26.333154861Z,17.595621,114.512794,Cloud to Cloud,-7618,7284,8
2026-08-30T18:31:26.227097263Z,17.647863,114.442659,Cloud to Cloud,-7489,5020,9
2026-08-30T18:31:26.223530266Z,17.649033,114.5097,Cloud to Ground,-6657,0,6
2026-08-30T18:31:25.555479974Z,17.682394,114.503558,Cloud to Cloud,5563,18298,7
2026-08-30T18:31:25.712121074Z,17.710968,114.550965,Cloud to Cloud,6802,9376,6
2026-08-30T18:31:25.666804369Z,17.690995,114.667045,Cloud to Cloud,8482,14473,8
2026-08-30T18:31:25.557306199Z,17.687243,114.496765,Cloud to Cloud,9286,3102,7
2026-08-30T18:31:26.220702250Z,17.692398,114.381848,Cloud to Ground,15493,0,8
2026-08-30T18:31:26.217101420Z,17.647411,114.475803,Cloud to Ground,17015,0,9
2026-08-30T18:31:27.548449022Z,15.560401,129.638062,Cloud to Cloud,-9894,3004,6
2026-08-30T18:31:27.173189691Z,15.542942,129.655943,Cloud to Cloud,23003,8781,7
2026-08-30T18:31:27.556453080Z,15.438524,129.72218,Cloud to Ground,-26533,0,9
2026-08-30T18:31:27.350276773Z,15.421076,129.705404,Cloud to Cloud,11323,13023,11
2026-08-30T18:31:27.887278773Z,15.395136,129.989065,Cloud to Cloud,-9265,17270,7
2026-08-30T18:31:27.486530664Z,18.304789,115.143054,Cloud to Cloud,11658,6688,10
2026-08-30T18:31:27.411837272Z,18.301338,115.281453,Cloud to Cloud,-12154,3005,10
2026-08-30T18:31:27.463741687Z,18.32106,115.256961,Cloud to Ground,15093,0,9
2026-08-30T18:31:28.674855570Z,14.740623,132.938212,Cloud to Ground,-23999,0,14
2026-08-30T18:31:28.756769748Z,14.709348,133.020071,Cloud to Ground,-17581,0,8
2026-08-30T18:31:28.673328540Z,14.734786,132.934797,Cloud to Ground,-17458,0,7
2026-08-30T18:31:28.680351042Z,14.689341,132.974195,Cloud to Ground,-14865,0,9
2026-08-30T18:31:28.726356073Z,17.871529,123.044947,Cloud to Ground,-59064,0,14
2026-08-30T18:31:28.808977107Z,17.88116,123.050157,Cloud to Ground,-40908,0,12
2026-08-30T18:31:29.229126549Z,17.930705,123.050607,Cloud to Ground,-26685,0,9
2026-08-30T18:31:28.767561521Z,17.868259,123.031713,Cloud to Ground,-25428,0,9
2026-08-30T18:31:28.837383911Z,17.869402,123.037509,Cloud to Ground,-19562,0,10
2026-08-30T18:31:28.766978774Z,17.881175,123.04209,Cloud to Cloud,11869,19461,9
2026-08-30T18:31:29.388773851Z,17.987125,123.118831,Cloud to Cloud,15942,3019,9
2026-08-30T18:31:29.387509890Z,17.828128,123.161226,Cloud to Ground,18980,0,10
2026-08-30T18:31:29.800185000Z,18.272,120.4048,Cloud to Ground,-6046,0,5
2026-08-30T18:31:29.748911694Z,18.251598,120.412679,Cloud to Cloud,17882,5550,10
2026-08-30T18:31:32.487725313Z,14.788343,132.441233,Cloud to Ground,-15786,0,13
2026-08-30T18:31:32.167013945Z,18.874254,116.398781,Cloud to Cloud,-11261,7480,7
2026-08-30T18:31:33.528215121Z,5.734965,116.082292,Cloud to Ground,-13450,0,8
2026-08-30T18:31:33.682346505Z,15.592361,130.635137,Cloud to Ground,25871,0,12
2026-08-30T18:31:33.683100600Z,15.70314,130.587474,Cloud to Cloud,-20929,5756,11
2026-08-30T18:31:33.058221000Z,19.125,116.5617,Cloud to Ground,290,0,7
2026-08-30T18:31:34.199187978Z,21.05895,113.753827,Cloud to Ground,-22387,0,9
2026-08-30T18:31:34.118786773Z,21.028775,113.752256,Cloud to Ground,26986,0,13
2026-08-30T18:31:35.023788358Z,18.825089,117.277622,Cloud to Cloud,-15677,15319,12
2026-08-30T18:31:36.973318815Z,14.554653,132.803639,Cloud to Ground,-13597,0,15
2026-08-30T18:31:36.647203132Z,14.527165,132.825599,Cloud to Ground,-12421,0,11
2026-08-30T18:31:36.966745130Z,14.43152,132.856858,Cloud to Ground,-14168,0,8
2026-08-30T18:31:36.801285215Z,14.379181,132.861661,Cloud to Cloud,-10774,4396,12
2026-08-30T18:31:36.747555914Z,14.444069,132.9287,Cloud to Ground,13154,0,8
2026-08-30T18:31:36.540031701Z,18.664562,114.931647,Cloud to Cloud,-7486,6828,8
2026-08-30T18:31:36.523145175Z,18.709488,114.782345,Cloud to Cloud,-9994,18642,9
2026-08-30T18:31:38.214828860Z,20.532011,114.051484,Cloud to Cloud,13147,16314,7
2026-08-30T18:31:38.016681624Z,20.58065,114.117499,Cloud to Cloud,19666,3192,8
2026-08-30T18:31:37.947242232Z,20.563825,114.113791,Cloud to Ground,35659,0,15
2026-08-30T18:31:38.732679208Z,18.078928,115.72581,Cloud to Ground,21352,0,10
2026-08-30T18:31:38.794400125Z,18.083314,115.744805,Cloud to Ground,60713,0,12
2026-08-30T18:31:38.642610258Z,18.084653,115.753921,Cloud to Ground,79215,0,12
2026-08-30T18:31:38.683117112Z,18.078464,115.928302,Cloud to Ground,-33746,0,8
2026-08-30T18:31:38.713619666Z,18.078974,115.903763,Cloud to Ground,32312,0,7
2026-08-30T18:31:38.630060854Z,21.307908,113.146561,Cloud to Ground,20688,0,7
2026-08-30T18:31:38.655418759Z,21.313675,112.898861,Cloud to Ground,-22312,0,10
2026-08-30T18:31:38.053589721Z,21.284742,112.981845,Cloud to Ground,19410,0,9
2026-08-30T18:31:41.730274060Z,17.881261,114.900978,Cloud to Cloud,11479,3884,7
2026-08-30T18:31:41.940954585Z,17.905011,114.900799,Cloud to Ground,31025,0,9
2026-08-30T18:31:41.943507847Z,17.913844,114.899918,Cloud to Cloud,-24448,3995,16
2026-08-30T18:31:41.839594744Z,17.888876,114.902877,Cloud to Ground,-19419,0,8
2026-08-30T18:31:41.691766375Z,17.822551,114.91052,Cloud to Cloud,-15598,7481,7
2026-08-30T18:31:41.952368568Z,17.906011,114.857553,Cloud to Cloud,-7395,6000,6
2026-08-30T18:31:41.805964187Z,17.884762,114.793857,Cloud to Cloud,10680,3017,7
2026-08-30T18:31:41.694408640Z,17.90369,114.88959,Cloud to Ground,50344,0,17
2026-08-30T18:31:41.804703517Z,17.883599,114.889191,Cloud to Ground,88229,0,14
2026-08-30T18:31:41.734977181Z,17.87757,114.74386,Cloud to Ground,90666,0,12
2026-08-30T18:31:41.676611049Z,17.885986,114.753604,Cloud to Ground,127345,0,12
2026-08-30T18:31:44.977152063Z,14.743427,132.510424,Cloud to Ground,22870,0,7
2026-08-30T18:31:45.177594525Z,14.981327,132.537382,Cloud to Ground,-15188,0,16
2026-08-30T18:31:45.029853078Z,14.840217,132.49258,Cloud to Ground,13475,0,9
2026-08-30T18:31:46.430575232Z,21.346604,112.795775,Cloud to Ground,21120,0,8
2026-08-30T18:31:46.807894523Z,16.94022,119.955211,Cloud to Ground,-41812,0,8
2026-08-30T18:31:46.858106366Z,16.939304,119.93683,Cloud to Cloud,-5941,9796,6
2026-08-30T18:31:46.785835159Z,17.897347,123.06589,Cloud to Cloud,-7584,10116,6
2026-08-30T18:31:46.864752017Z,17.867482,123.087463,Cloud to Cloud,-5560,12023,6
2026-08-30T18:31:46.527106998Z,17.859038,123.066188,Cloud to Cloud,7585,7666,6
2026-08-30T18:31:48.814654691Z,17.777204,114.501763,Cloud to Cloud,16668,3254,12
2026-08-30T18:31:49.173531203Z,17.807715,114.622532,Cloud to Cloud,-10314,7856,10
2026-08-30T18:31:48.822311481Z,17.770683,114.610717,Cloud to Cloud,-7060,3693,7
2026-08-30T18:31:49.184904641Z,17.821411,114.608623,Cloud to Cloud,10373,3718,10
2026-08-30T18:31:50.227061769Z,19.176237,117.045337,Cloud to Cloud,-6507,4446,10
2026-08-30T18:31:51.399586549Z,15.245532,130.012172,Cloud to Cloud,18584,9892,7
2026-08-30T18:31:51.183242229Z,15.268791,129.969609,Cloud to Cloud,25965,11530,10
2026-08-30T18:31:51.433881217Z,15.473301,129.91312,Cloud to Cloud,-14182,17794,10
2026-08-30T18:31:51.243787202Z,15.42217,129.899504,Cloud to Cloud,-12074,3012,8
2026-08-30T18:31:51.380725613Z,15.404746,129.914506,Cloud to Cloud,12810,3030,10
2026-08-30T18:31:51.254430134Z,15.422815,129.937422,Cloud to Cloud,19953,3048,7
2026-08-30T18:31:51.611862991Z,18.324054,115.097464,Cloud to Ground,19028,0,10
2026-08-30T18:31:52.168980900Z,18.92734,115.189655,Cloud to Ground,-14786,0,8
2026-08-30T18:31:52.177454067Z,18.946794,115.170266,Cloud to Cloud,15144,6975,7
2026-08-30T18:31:52.161666255Z,18.969518,115.102602,Cloud to Cloud,16257,6999,12
2026-08-30T18:31:52.162948419Z,18.951662,115.067696,Cloud to Ground,25472,0,9
2026-08-30T18:31:52.163968763Z,18.962076,115.083231,Cloud to Ground,38332,0,10
2026-08-30T18:31:55.342808387Z,17.573173,119.544425,Cloud to Cloud,12864,3003,7
2026-08-30T18:31:55.324558000Z,17.558,119.3642,Cloud to Ground,-7531,0,9
2026-08-30T18:31:55.318547328Z,17.535966,119.417039,Cloud to Ground,24683,0,8
2026-08-30T18:31:55.257311275Z,18.740905,114.619992,Cloud to Ground,-26637,0,16
2026-08-30T18:31:54.940836874Z,18.760976,114.538651,Cloud to Cloud,-19849,17066,15
2026-08-30T18:31:55.489645148Z,18.716043,114.599483,Cloud to Cloud,-17461,18077,11
2026-08-30T18:31:55.208998635Z,18.704616,114.617263,Cloud to Cloud,-9229,5059,12
2026-08-30T18:31:55.224153149Z,18.744655,114.638407,Cloud to Ground,11771,0,10
2026-08-30T18:31:55.209548482Z,18.74616,114.450854,Cloud to Ground,18250,0,8
2026-08-30T18:31:54.858444000Z,18.8382,114.5861,Cloud to Ground,30618,0,5
2026-08-30T18:31:58.965750643Z,15.276167,129.739404,Cloud to Cloud,19013,3273,16
2026-08-30T18:31:58.129226943Z,15.485635,129.780901,Cloud to Cloud,-13085,3008,10
2026-08-30T18:31:58.281162806Z,15.38705,129.930118,Cloud to Cloud,10534,16781,9
2026-08-30T18:31:58.593258816Z,18.041225,115.821166,Cloud to Ground,-9418,0,8
2026-08-30T18:31:58.825447232Z,18.054923,115.795434,Cloud to Ground,27909,0,13
2026-08-30T18:31:58.491444710Z,18.058951,115.810443,Cloud to Ground,49008,0,13
2026-08-30T18:31:57.912465811Z,18.15286,120.165641,Cloud to Cloud,-5434,15423,6
2026-08-30T18:31:58.173479051Z,18.183567,120.179562,Cloud to Cloud,8646,17538,6
2026-08-30T18:31:58.154556001Z,18.186339,120.187931,Cloud to Cloud,12364,5155,10
2026-08-30T18:31:59.227987944Z,15.475726,129.686988,Cloud to Cloud,13204,17516,9
2026-08-30T18:31:59.249376845Z,15.402438,129.6993,Cloud to Cloud,28955,3163,7
2026-08-30T18:32:00.111728861Z,18.243364,120.36508,Cloud to Cloud,-41734,3009,12
2026-08-30T18:32:00.141841855Z,18.056868,120.415711,Cloud to Cloud,11858,13512,7
2026-08-30T18:32:01.625895282Z,14.545469,133.48205,Cloud to Cloud,-89734,9585,14
2026-08-30T18:32:02.497211546Z,14.836405,134.956097,Cloud to Ground,17550,0,6
2026-08-30T18:32:02.494496053Z,14.813228,134.959425,Cloud to Ground,31895,0,14
2026-08-30T18:32:03.192980701Z,17.793249,122.985025,Cloud to Ground,23098,0,9
2026-08-30T18:32:04.782632686Z,15.603006,130.762451,Cloud to Cloud,19672,3968,5
2026-08-30T18:32:04.700355664Z,15.430323,130.984432,Cloud to Cloud,-22331,4228,9
2026-08-30T18:32:04.385204373Z,15.301852,131.010079,Cloud to Cloud,25695,14186,10
2026-08-30T18:32:04.189507510Z,15.673833,131.214111,Cloud to Cloud,-11451,7377,10
2026-08-30T18:32:04.404818996Z,15.387714,131.071047,Cloud to Ground,19534,0,9
2026-08-30T18:32:04.868536941Z,15.427752,129.931312,Cloud to Cloud,-9404,7458,7
2026-08-30T18:32:05.683122714Z,18.745318,117.27126,Cloud to Cloud,-53625,3056,14
2026-08-30T18:32:05.836052025Z,18.733899,117.244796,Cloud to Ground,-27946,0,7
2026-08-30T18:32:05.771148000Z,18.761,117.1986,Cloud to Ground,35114,0,8
2026-08-30T18:32:05.338855326Z,17.85114,123.045903,Cloud to Cloud,-10991,3010,7
2026-08-30T18:32:05.894948453Z,20.519355,114.609515,Cloud to Cloud,-7200,3006,9
2026-08-30T18:32:06.182929837Z,9.584513,118.807809,Cloud to Cloud,20375,17595,8
2026-08-30T18:32:06.945518106Z,19.604249,115.788497,Cloud to Ground,28027,0,10
2026-08-30T18:32:08.252112776Z,15.468774,131.076279,Cloud to Cloud,-9251,11818,10
2026-08-30T18:32:08.221067574Z,15.511977,131.167464,Cloud to Cloud,-9391,7205,8
2026-08-30T18:32:08.856981966Z,17.620258,114.325203,Cloud to Ground,38794,0,12
2026-08-30T18:32:09.074177604Z,14.940017,132.530531,Cloud to Ground,-22003,0,7
2026-08-30T18:32:09.022735718Z,14.943444,132.530443,Cloud to Ground,-19176,0,7
2026-08-30T18:32:09.408194256Z,14.970719,132.537462,Cloud to Ground,-16707,0,6
2026-08-30T18:32:09.058370856Z,15.010833,132.532057,Cloud to Ground,20204,0,10
2026-08-30T18:32:09.006190957Z,14.936869,132.518881,Cloud to Ground,33703,0,16
2026-08-30T18:32:09.141030382Z,17.651417,114.466551,Cloud to Cloud,12009,5930,10
2026-08-30T18:32:10.036267411Z,15.478005,130.820869,Cloud to Cloud,-21966,3289,8
2026-08-30T18:32:11.581057074Z,18.00296,116.190534,Cloud to Ground,21259,0,17
2026-08-30T18:32:11.326588372Z,18.167419,116.142479,Cloud to Ground,-29680,0,11
2026-08-30T18:32:11.308586092Z,18.148851,116.123813,Cloud to Cloud,-11036,9450,7
2026-08-30T18:32:11.561761829Z,18.100248,116.104826,Cloud to Cloud,-10214,19153,10
2026-08-30T18:32:11.339023129Z,18.1683,116.163345,Cloud to Cloud,10470,3334,9
2026-08-30T18:32:11.592442710Z,18.149724,116.102715,Cloud to Ground,12275,0,13
2026-08-30T18:32:12.753173142Z,18.122381,115.121245,Cloud to Ground,31126,0,10
2026-08-30T18:32:12.067608509Z,18.076369,115.778406,Cloud to Cloud,-4623,9567,7
2026-08-30T18:32:13.510410567Z,14.879427,132.369095,Cloud to Cloud,-11620,11961,8
2026-08-30T18:32:13.253598618Z,14.765068,132.509805,Cloud to Cloud,14039,13846,10
2026-08-30T18:32:13.209774377Z,14.786062,132.478047,Cloud to Ground,15455,0,11
2026-08-30T18:32:13.200958218Z,14.78353,132.480444,Cloud to Ground,29305,0,7
2026-08-30T18:32:13.823055172Z,17.869248,114.852761,Cloud to Ground,-20604,0,7
2026-08-30T18:32:14.269353004Z,17.851373,114.734607,Cloud to Cloud,8435,3136,7
2026-08-30T18:32:14.184814628Z,17.866785,114.689209,Cloud to Cloud,9457,3167,10
2026-08-30T18:32:14.204460487Z,17.850347,114.746484,Cloud to Ground,12297,0,8
2026-08-30T18:32:14.220776817Z,17.842074,114.704473,Cloud to Cloud,16448,7850,7
2026-08-30T18:32:13.959538774Z,17.852263,114.747129,Cloud to Cloud,17456,3608,8
2026-08-30T18:32:13.853421934Z,17.859376,114.679009,Cloud to Ground,18580,0,10
2026-08-30T18:32:14.073128023Z,17.870099,114.71172,Cloud to Ground,20193,0,8
2026-08-30T18:32:14.021263812Z,17.871298,114.702084,Cloud to Ground,21523,0,11
2026-08-30T18:32:14.252258473Z,17.841411,114.618372,Cloud to Ground,25402,0,9
2026-08-30T18:32:13.792030809Z,17.866186,114.702593,Cloud to Ground,44893,0,12
2026-08-30T18:32:13.904843047Z,17.877954,114.79618,Cloud to Ground,68354,0,15
2026-08-30T18:32:13.733228913Z,17.878672,114.812387,Cloud to Ground,77210,0,16
2026-08-30T18:32:14.258302516Z,17.832413,123.088009,Cloud to Ground,52738,0,12
2026-08-30T18:32:15.508712443Z,14.481154,132.787701,Cloud to Cloud,-17307,4349,8
2026-08-30T18:32:15.311966073Z,14.507219,132.783155,Cloud to Ground,-12780,0,8
2026-08-30T18:32:15.472408759Z,14.51864,132.816453,Cloud to Ground,-11875,0,7
2026-08-30T18:32:15.642876119Z,14.44309,132.875266,Cloud to Ground,-8340,0,7
2026-08-30T18:32:16.109931651Z,14.435178,132.790557,Cloud to Ground,11683,0,10
2026-08-30T18:32:15.585056088Z,14.517748,132.629718,Cloud to Ground,-9681,0,11
2026-08-30T18:32:16.084307586Z,14.315883,132.815133,Cloud to Cloud,19850,5208,9
2026-08-30T18:32:16.362800828Z,15.488755,130.490283,Cloud to Cloud,12420,7814,7
2026-08-30T18:32:16.653644842Z,15.380145,129.980256,Cloud to Cloud,8983,7592,8
2026-08-30T18:32:16.796337711Z,15.351972,129.875444,Cloud to Cloud,-9183,6410,8
2026-08-30T18:32:18.929727793Z,17.209877,118.436248,Cloud to Cloud,21358,3087,10
2026-08-30T18:32:18.326165922Z,18.672707,114.745498,Cloud to Cloud,15037,13647,8
2026-08-30T18:32:18.324298225Z,18.695742,114.748944,Cloud to Ground,24905,0,15
2026-08-30T18:32:18.934571568Z,17.335021,118.368085,Cloud to Cloud,9706,5046,8
2026-08-30T18:32:18.254131443Z,17.77003,123.096045,Cloud to Cloud,-3212,7168,7
2026-08-30T18:32:18.251780581Z,17.692485,123.089483,Cloud to Ground,15232,0,8
2026-08-30T18:32:18.403704000Z,17.7323,123.2337,Cloud to Ground,30186,0,6
2026-08-30T18:32:19.186690333Z,16.308487,134.746758,Cloud to Ground,-26590,0,10
2026-08-30T18:32:19.114036536Z,16.198046,134.533856,Cloud to Ground,-30523,0,15
2026-08-30T18:32:19.599995152Z,16.234466,134.652748,Cloud to Ground,-30311,0,5
2026-08-30T18:32:19.595717206Z,16.178901,134.526011,Cloud to Ground,-17102,0,11
2026-08-30T18:32:19.541152922Z,16.27487,134.522691,Cloud to Ground,-15512,0,9
2026-08-30T18:32:19.538204797Z,16.290208,134.559607,Cloud to Ground,-15417,0,9
2026-08-30T18:32:19.553052033Z,16.174644,134.632782,Cloud to Ground,-9917,0,5
2026-08-30T18:32:19.225552000Z,16.2267,134.5607,Cloud to Ground,8597,0,6
2026-08-30T18:32:19.169442000Z,16.2354,134.5109,Cloud to Ground,18037,0,5
2026-08-30T18:32:19.357334295Z,16.201698,134.597736,Cloud to Ground,32883,0,7
2026-08-30T18:32:19.103494191Z,16.193439,134.605005,Cloud to Ground,34244,0,8
2026-08-30T18:32:19.688509378Z,19.152231,116.724443,Cloud to Cloud,-24274,3013,10
2026-08-30T18:32:20.377861302Z,18.186548,120.249091,Cloud to Ground,-14965,0,14
2026-08-30T18:32:21.737490875Z,17.385862,113.145976,Cloud to Ground,17043,0,7
2026-08-30T18:32:21.732482949Z,17.395427,113.128392,Cloud to Ground,94205,0,13
2026-08-30T18:32:24.461872686Z,18.669354,114.666238,Cloud to Ground,7433,0,9
2026-08-30T18:32:24.474067300Z,18.672765,114.769189,Cloud to Cloud,-8487,6794,6
2026-08-30T18:32:24.495396716Z,18.628543,114.768847,Cloud to Cloud,8716,3036,7
2026-08-30T18:32:24.305444878Z,18.754735,115.037721,Cloud to Cloud,-8557,17810,12
2026-08-30T18:32:24.961864000Z,15.4807,129.8693,Cloud to Ground,-13056,0,5
2026-08-30T18:32:25.337416411Z,15.612627,130.058038,Cloud to Ground,24685,0,8
2026-08-30T18:32:25.302610984Z,15.290873,129.974486,Cloud to Cloud,24315,3763,7
2026-08-30T18:32:25.437488141Z,17.856658,123.094086,Cloud to Ground,71529,0,11
2026-08-30T18:32:26.311626840Z,3.107821,116.05009,Cloud to Cloud,18054,5131,15
2026-08-30T18:32:26.312293855Z,3.114861,116.04556,Cloud to Ground,34761,0,18
2026-08-30T18:32:26.857724894Z,14.530681,133.046367,Cloud to Ground,-13813,0,8
2026-08-30T18:32:26.855895290Z,14.449916,133.067754,Cloud to Ground,10860,0,8
2026-08-30T18:32:27.921883000Z,18.8191,117.394,Cloud to Ground,40374,0,5
2026-08-30T18:32:28.743067550Z,18.945071,117.262381,Cloud to Ground,-44832,0,11
2026-08-30T18:32:28.859371000Z,18.9461,117.2521,Cloud to Ground,-22081,0,5
2026-08-30T18:32:28.023708890Z,18.641822,117.233985,Cloud to Cloud,-49531,3005,7
2026-08-30T18:32:30.135755161Z,18.124089,120.452028,Cloud to Cloud,-6644,9357,7
2026-08-30T18:32:30.062306035Z,18.155037,120.486394,Cloud to Cloud,14187,19558,8
2026-08-30T18:32:30.608751469Z,18.179135,120.588243,Cloud to Cloud,-7352,5125,11
2026-08-30T18:32:30.229471811Z,18.242602,120.526588,Cloud to Cloud,7021,19153,8
2026-08-30T18:32:34.085300454Z,18.063277,115.91625,Cloud to Cloud,-9775,3020,7
2026-08-30T18:32:34.472387095Z,18.083593,115.882204,Cloud to Cloud,12587,3601,8
2026-08-30T18:32:34.018015820Z,18.053806,115.767831,Cloud to Cloud,6388,3521,7
2026-08-30T18:32:34.549176702Z,18.071701,115.758352,Cloud to Cloud,6672,7630,8
2026-08-30T18:32:35.856093971Z,20.51545,114.639457,Cloud to Ground,23947,0,9
2026-08-30T18:32:36.619000673Z,19.544649,116.134815,Cloud to Cloud,-8888,17543,6
2026-08-30T18:32:36.814571672Z,19.567202,116.099696,Cloud to Cloud,-8789,3373,7
2026-08-30T18:32:36.695879434Z,19.525669,116.132775,Cloud to Cloud,10376,4924,7
2026-08-30T18:32:39.087030878Z,18.13783,120.106444,Cloud to Cloud,-3939,10691,6
2026-08-30T18:32:39.229907951Z,18.180133,120.181798,Cloud to Cloud,6205,16647,6
2026-08-30T18:32:38.902604717Z,18.175515,120.172574,Cloud to Cloud,9306,6762,10
2026-08-30T18:32:41.113277124Z,15.485928,129.707436,Cloud to Ground,-7666,0,8
2026-08-30T18:32:41.032006634Z,15.247361,129.765808,Cloud to Cloud,22137,3006,7
2026-08-30T18:32:42.372897571Z,14.69507,133.235851,Cloud to Ground,-20725,0,11
2026-08-30T18:32:42.780626863Z,14.540422,133.285979,Cloud to Ground,-26231,0,9
2026-08-30T18:32:42.259557463Z,14.607699,133.121279,Cloud to Ground,-14145,0,11
2026-08-30T18:32:42.263638780Z,14.531732,133.145781,Cloud to Ground,13024,0,7
2026-08-30T18:32:42.743916579Z,14.484331,133.256943,Cloud to Ground,17461,0,10
2026-08-30T18:32:42.236439032Z,14.5037,133.174832,Cloud to Ground,19750,0,10
2026-08-30T18:32:43.441878000Z,18.7963,114.6077,Cloud to Ground,30737,0,5
2026-08-30T18:32:43.286855072Z,18.735383,114.628583,Cloud to Ground,50083,0,8
2026-08-30T18:32:43.954246432Z,17.868062,123.061024,Cloud to Cloud,7090,6241,7
2026-08-30T18:32:45.756531624Z,17.615761,119.427873,Cloud to Ground,-99549,0,10
2026-08-30T18:32:45.849507196Z,17.609107,119.430791,Cloud to Ground,-90385,0,17
2026-08-30T18:32:46.077991946Z,17.554047,119.504992,Cloud to Ground,-9230,0,8
2026-08-30T18:32:45.848399232Z,17.605612,119.410587,Cloud to Ground,22093,0,14
2026-08-30T18:32:46.000403064Z,17.341261,120.454743,Cloud to Ground,83680,0,17
2026-08-30T18:32:47.429911277Z,17.843263,123.118247,Cloud to Cloud,-8238,3037,15
2026-08-30T18:32:47.180302929Z,17.885081,123.088558,Cloud to Cloud,9422,14495,12
2026-08-30T18:32:48.414731097Z,18.960855,117.293595,Cloud to Cloud,-18565,3010,13
2026-08-30T18:32:48.632707134Z,18.773702,117.259436,Cloud to Cloud,-15325,3004,12
2026-08-30T18:32:48.464031795Z,17.698657,114.464035,Cloud to Ground,-10576,0,7
2026-08-30T18:32:48.425907007Z,17.695504,114.481902,Cloud to Ground,22026,0,7
2026-08-30T18:32:48.424335416Z,17.681405,114.478638,Cloud to Ground,50060,0,8
2026-08-30T18:32:49.708595908Z,15.548923,129.666597,Cloud to Ground,27508,0,12
2026-08-30T18:32:50.642715931Z,18.345504,115.132215,Cloud to Ground,20060,0,12
2026-08-30T18:32:50.133434000Z,19.5609,115.5692,Cloud to Ground,-19805,0,6
2026-08-30T18:32:52.342386353Z,2.846907,116.004115,Cloud to Ground,29045,0,20
2026-08-30T18:32:52.529495298Z,15.616574,130.846273,Cloud to Cloud,-12204,3744,10
2026-08-30T18:32:51.613265958Z,15.525482,129.889697,Cloud to Cloud,-26341,3078,6
2026-08-30T18:32:52.035356508Z,15.519413,129.893914,Cloud to Ground,-23018,0,11
2026-08-30T18:32:51.547732000Z,15.5485,129.8322,Cloud to Ground,-753,0,5
2026-08-30T18:32:52.941349352Z,18.909868,115.03818,Cloud to Ground,-11264,0,7
2026-08-30T18:32:52.959995214Z,18.93532,115.070917,Cloud to Ground,43754,0,9
2026-08-30T18:32:52.933102000Z,19.021,115.2806,Cloud to Ground,-41404,0,6
2026-08-30T18:32:53.085617682Z,18.964737,115.244924,Cloud to Ground,-30374,0,7
2026-08-30T18:32:53.048613823Z,18.952842,115.216341,Cloud to Ground,88344,0,14
2026-08-30T18:32:53.194492222Z,17.925653,115.174057,Cloud to Ground,16704,0,7
2026-08-30T18:32:53.534640311Z,17.883971,114.805907,Cloud to Cloud,10914,3005,7
2026-08-30T18:32:53.160337124Z,17.891584,114.729164,Cloud to Ground,14563,0,7
2026-08-30T18:32:53.336247603Z,17.911155,114.899395,Cloud to Ground,18500,0,17
2026-08-30T18:32:53.231377170Z,17.912245,114.882641,Cloud to Ground,20669,0,14
2026-08-30T18:32:53.369904170Z,17.889902,114.751331,Cloud to Ground,23649,0,10
2026-08-30T18:32:53.455180787Z,17.912307,114.891371,Cloud to Ground,25307,0,16
2026-08-30T18:32:53.514321489Z,17.908004,114.901588,Cloud to Ground,26902,0,17
2026-08-30T18:32:53.414975219Z,17.90096,114.765572,Cloud to Ground,30397,0,11
2026-08-30T18:32:53.295738860Z,17.910144,114.894002,Cloud to Ground,49318,0,17
2026-08-30T18:32:53.192964417Z,17.90848,114.855313,Cloud to Ground,55073,0,14
2026-08-30T18:32:53.127240309Z,17.893715,114.765367,Cloud to Ground,191049,0,13
2026-08-30T18:32:54.941552141Z,15.175338,130.235121,Cloud to Cloud,23134,3052,11
2026-08-30T18:32:54.278191716Z,14.404365,132.785475,Cloud to Ground,16597,0,11
2026-08-30T18:32:54.565022851Z,20.610145,114.065203,Cloud to Cloud,-15784,5761,11
2026-08-30T18:32:54.903124000Z,18.8735,116.4568,Cloud to Ground,-26195,0,12
2026-08-30T18:32:54.912337441Z,18.874786,116.467903,Cloud to Ground,20129,0,14
2026-08-30T18:32:54.915876470Z,18.875303,116.46296,Cloud to Ground,22718,0,13
2026-08-30T18:32:55.226370000Z,15.3691,130.1896,Cloud to Ground,-12370,0,7
2026-08-30T18:32:56.998717419Z,17.784093,114.678523,Cloud to Cloud,-8797,7770,7
2026-08-30T18:32:56.685911978Z,17.797394,114.735256,Cloud to Cloud,16032,6364,9
2026-08-30T18:32:56.646677583Z,18.056864,115.789337,Cloud to Cloud,13671,3065,7
2026-08-30T18:32:56.790974775Z,18.052967,115.714309,Cloud to Ground,22842,0,7
2026-08-30T18:32:56.659320885Z,18.07802,115.765926,Cloud to Ground,48089,0,11
2026-08-30T18:32:56.626762092Z,18.080812,115.93452,Cloud to Ground,-44955,0,14
2026-08-30T18:32:56.763700816Z,18.086954,115.972486,Cloud to Ground,-21862,0,9
2026-08-30T18:32:56.641396813Z,18.081717,115.895509,Cloud to Ground,-14802,0,6
2026-08-30T18:32:57.148459748Z,18.070231,115.933391,Cloud to Ground,-11699,0,7
2026-08-30T18:32:56.725939573Z,18.093655,115.887056,Cloud to Ground,16064,0,13
2026-08-30T18:32:56.940654930Z,18.096449,115.898033,Cloud to Ground,18863,0,14
2026-08-30T18:32:57.105186817Z,18.093561,115.901515,Cloud to Ground,22888,0,14
2026-08-30T18:32:57.025257824Z,18.091141,115.888912,Cloud to Ground,38934,0,13
2026-08-30T18:32:56.706518569Z,18.068361,115.912415,Cloud to Ground,98113,0,9
2026-08-30T18:32:58.246089231Z,14.852961,132.448343,Cloud to Cloud,-10836,15625,7
2026-08-30T18:32:59.904895139Z,18.09768,120.298319,Cloud to Cloud,10344,5024,11
2026-08-30T18:32:59.453348495Z,21.300076,113.294169,Cloud to Ground,-12434,0,8
2026-08-30T18:32:59.388757281Z,21.358173,113.245314,Cloud to Cloud,-9189,18287,8
2026-08-30T18:32:59.966282000Z,21.3421,113.2603,Cloud to Ground,110108,0,9
2026-08-30T18:33:01.054942636Z,18.168839,120.229867,Cloud to Ground,-25630,0,10
2026-08-30T18:33:00.589416732Z,18.169694,120.227082,Cloud to Ground,-14820,0,8
2026-08-30T18:33:00.305266397Z,18.168253,120.226555,Cloud to Ground,-14338,0,8
2026-08-30T18:33:00.808328238Z,18.166818,120.222287,Cloud to Ground,-9545,0,7
2026-08-30T18:33:00.272563832Z,18.191102,120.247082,Cloud to Cloud,7245,7010,6
2026-08-30T18:33:01.300301946Z,21.337594,113.085119,Cloud to Cloud,-8434,3423,8
2026-08-30T18:33:01.291423569Z,21.369943,112.969642,Cloud to Cloud,-6976,5223,6
2026-08-30T18:33:02.992338406Z,15.519304,130.660561,Cloud to Cloud,21200,14609,8
2026-08-30T18:33:02.992839154Z,15.537564,130.558443,Cloud to Ground,-31894,0,9
2026-08-30T18:33:03.955479661Z,15.497832,130.994502,Cloud to Ground,-31174,0,14
2026-08-30T18:33:03.924926321Z,15.354509,131.03171,Cloud to Cloud,-22192,13800,7
2026-08-30T18:33:03.687215529Z,15.411394,130.95424,Cloud to Cloud,-16494,19678,10
2026-08-30T18:33:03.929772079Z,15.396114,131.060077,Cloud to Ground,-13336,0,7
2026-08-30T18:33:03.689398479Z,15.43341,131.032015,Cloud to Cloud,22744,3949,8
2026-08-30T18:33:04.810286109Z,18.895455,115.076792,Cloud to Cloud,8869,6680,8
2026-08-30T18:33:04.260390807Z,18.836999,116.116931,Cloud to Cloud,21670,3002,9
2026-08-30T18:33:04.813926740Z,18.91072,115.216588,Cloud to Ground,-14627,0,8
2026-08-30T18:33:05.169052272Z,18.89481,115.212374,Cloud to Ground,-12285,0,8
2026-08-30T18:33:05.295704025Z,18.779728,115.180778,Cloud to Cloud,-9837,15514,12
2026-08-30T18:33:05.084884247Z,18.853195,115.212072,Cloud to Cloud,11908,6359,8
2026-08-30T18:33:04.336264812Z,18.679379,116.071597,Cloud to Ground,-15918,0,9
2026-08-30T18:33:05.334268294Z,20.413696,114.636138,Cloud to Ground,10990,0,9
2026-08-30T18:33:06.949798152Z,18.102348,115.957107,Cloud to Ground,-14367,0,9
2026-08-30T18:33:06.942261570Z,18.071889,115.914662,Cloud to Cloud,13333,15541,7
2026-08-30T18:33:07.322573017Z,18.058834,116.018624,Cloud to Ground,14619,0,14
2026-08-30T18:33:07.452189692Z,17.853592,123.099799,Cloud to Cloud,11603,3328,8
2026-08-30T18:33:07.700956176Z,20.485823,114.21552,Cloud to Ground,13634,0,10
2026-08-30T18:33:07.708724283Z,20.460476,114.350474,Cloud to Cloud,-14199,14876,10
2026-08-30T18:33:07.704363906Z,20.428548,114.357116,Cloud to Cloud,-10804,3043,7
2026-08-30T18:33:08.274916777Z,14.597372,133.719793,Cloud to Ground,19339,0,8
2026-08-30T18:33:08.206225772Z,14.568272,133.581094,Cloud to Ground,-33307,0,10
2026-08-30T18:33:08.064935874Z,14.565009,133.524158,Cloud to Ground,-20140,0,7
2026-08-30T18:33:08.171577473Z,14.545672,133.511495,Cloud to Ground,-17138,0,11
2026-08-30T18:33:08.415769000Z,14.5322,133.4578,Cloud to Ground,-8977,0,5
2026-08-30T18:33:08.067413625Z,14.479904,133.521737,Cloud to Ground,14062,0,8
2026-08-30T18:33:08.061188695Z,14.513039,133.505047,Cloud to Ground,31746,0,7
2026-08-30T18:33:08.564328832Z,17.758943,123.131507,Cloud to Cloud,8468,18339,8
2026-08-30T18:33:08.647880772Z,17.877154,123.086187,Cloud to Ground,-6641,0,6
2026-08-30T18:33:08.441834857Z,17.85906,123.103691,Cloud to Cloud,6405,16959,6
2026-08-30T18:33:08.140049916Z,20.567751,114.278208,Cloud to Ground,-20872,0,12
2026-08-30T18:33:09.417164802Z,15.586283,129.6649,Cloud to Cloud,-11761,3002,9
2026-08-30T18:33:10.702454257Z,15.465033,129.940233,Cloud to Cloud,15342,4386,11
2026-08-30T18:33:11.219748565Z,20.566647,114.777787,Cloud to Ground,150901,0,18
2026-08-30T18:33:11.223593264Z,18.355499,115.260565,Cloud to Ground,46188,0,16
2026-08-30T18:33:11.242251825Z,18.314084,115.170695,Cloud to Cloud,10458,3594,7
2026-08-30T18:33:12.524606660Z,15.401499,129.721284,Cloud to Ground,-31484,0,15
2026-08-30T18:33:12.967895874Z,15.41284,129.70544,Cloud to Ground,-27445,0,11
2026-08-30T18:33:12.586306000Z,15.4438,129.6972,Cloud to Ground,-20906,0,6
2026-08-30T18:33:12.732909000Z,15.4716,129.6831,Cloud to Ground,-15973,0,7
2026-08-30T18:33:12.593807113Z,20.322219,114.836237,Cloud to Cloud,13197,5553,7
2026-08-30T18:33:12.586124343Z,20.338274,114.823719,Cloud to Ground,17945,0,8
2026-08-30T18:33:15.487024134Z,18.096304,116.095537,Cloud to Cloud,-15481,3304,8
2026-08-30T18:33:15.484934833Z,18.095827,116.121483,Cloud to Ground,-12820,0,6
2026-08-30T18:33:15.205495026Z,18.150835,115.967217,Cloud to Ground,29892,0,12
2026-08-30T18:33:15.120697437Z,18.149773,115.945501,Cloud to Ground,167609,0,13
2026-08-30T18:33:15.187304000Z,18.2033,116.0797,Cloud to Ground,34905,0,7
2026-08-30T18:33:15.170784853Z,17.872821,114.737561,Cloud to Ground,39857,0,12
2026-08-30T18:33:18.989710221Z,14.871448,132.482784,Cloud to Ground,-16805,0,10
2026-08-30T18:33:19.903136757Z,17.892842,123.070164,Cloud to Cloud,5135,3008,6
2026-08-30T18:33:19.975463270Z,17.854209,123.085105,Cloud to Cloud,6896,4710,11
2026-08-30T18:33:19.087242309Z,19.75554,115.921628,Cloud to Cloud,-12349,17466,8
2026-08-30T18:33:19.079306780Z,15.827493,129.318913,Cloud to Ground,-16380,0,7
2026-08-30T18:33:22.559620592Z,16.810148,120.278823,Cloud to Ground,-30380,0,10
2026-08-30T18:33:23.522830638Z,18.388998,120.575957,Cloud to Ground,-58874,0,15
2026-08-30T18:33:23.738283887Z,18.390708,120.574397,Cloud to Ground,-50508,0,16
2026-08-30T18:33:23.543290381Z,18.394083,120.578767,Cloud to Ground,-26426,0,13
2026-08-30T18:33:23.603743412Z,18.380933,120.599867,Cloud to Ground,-17309,0,9
2026-08-30T18:33:23.914994131Z,18.390165,120.569971,Cloud to Ground,-8816,0,7
2026-08-30T18:33:25.406441532Z,9.481148,118.961678,Cloud to Cloud,-12454,5312,10
2026-08-30T18:33:26.823241835Z,15.212321,130.358703,Cloud to Ground,17476,0,9
2026-08-30T18:33:26.526009093Z,18.62663,114.882723,Cloud to Ground,18416,0,12
2026-08-30T18:33:26.525053800Z,18.636769,114.763711,Cloud to Ground,29334,0,9
2026-08-30T18:33:26.524473367Z,18.650446,114.784537,Cloud to Ground,48015,0,12
2026-08-30T18:33:26.191392408Z,17.40007,119.565687,Cloud to Ground,23886,0,8
2026-08-30T18:33:26.455297397Z,17.575649,119.460813,Cloud to Ground,-33636,0,15
2026-08-30T18:33:26.798268060Z,18.809195,114.77721,Cloud to Cloud,-14310,3036,10
2026-08-30T18:33:27.827107398Z,16.707381,120.680319,Cloud to Cloud,-5510,4148,6
2026-08-30T18:33:28.050250644Z,15.573289,130.771389,Cloud to Cloud,20755,7088,7
2026-08-30T18:33:28.849901202Z,19.480325,116.157411,Cloud to Cloud,-12016,6463,7
2026-08-30T18:33:29.480911095Z,14.80008,132.51259,Cloud to Ground,11138,0,11
2026-08-30T18:33:31.813345041Z,21.304299,112.729509,Cloud to Cloud,-9555,3046,11
2026-08-30T18:33:31.814501474Z,21.307808,112.783563,Cloud to Ground,37470,0,16
2026-08-30T18:33:32.632792832Z,18.096671,115.171996,Cloud to Cloud,-15823,3000,9
2026-08-30T18:33:32.738644969Z,18.061281,115.096458,Cloud to Ground,-11987,0,11
2026-08-30T18:33:32.637862744Z,18.073689,115.16851,Cloud to Cloud,-11240,11827,11
2026-08-30T18:33:32.963589694Z,18.108538,115.054037,Cloud to Cloud,-10237,3458,8
2026-08-30T18:33:33.756028446Z,17.692548,114.443747,Cloud to Ground,-13074,0,8
2026-08-30T18:33:33.267986957Z,17.674846,114.446051,Cloud to Cloud,-11616,18922,8
2026-08-30T18:33:33.851908998Z,17.665683,114.506496,Cloud to Cloud,-10943,5502,11
2026-08-30T18:33:33.272947933Z,17.669001,114.486948,Cloud to Cloud,-8834,6494,7
2026-08-30T18:33:33.453254950Z,17.63735,114.345249,Cloud to Cloud,9621,4927,6
2026-08-30T18:33:33.265765486Z,17.670542,114.321553,Cloud to Ground,11208,0,7
2026-08-30T18:33:33.263385289Z,17.657714,114.419748,Cloud to Cloud,12926,9925,9
2026-08-30T18:33:33.263877301Z,17.676339,114.317035,Cloud to Ground,18739,0,10
2026-08-30T18:33:33.264540707Z,17.694429,114.318773,Cloud to Ground,47405,0,9
2026-08-30T18:33:33.393055768Z,18.094362,115.913195,Cloud to Cloud,-9733,14751,7
2026-08-30T18:33:33.288269286Z,18.070321,115.894967,Cloud to Cloud,14024,3008,7
2026-08-30T18:33:33.367515683Z,18.097096,115.803361,Cloud to Ground,20366,0,13
2026-08-30T18:33:37.510589025Z,17.88001,114.7898,Cloud to Ground,-24250,0,8
2026-08-30T18:33:37.613404907Z,17.890872,114.808828,Cloud to Ground,15885,0,8
2026-08-30T18:33:37.697972373Z,17.890069,114.802508,Cloud to Ground,19825,0,8
2026-08-30T18:33:37.511854818Z,17.904967,114.757691,Cloud to Ground,51450,0,10
2026-08-30T18:33:37.420853213Z,17.913055,114.764642,Cloud to Ground,64702,0,12
2026-08-30T18:33:37.393876749Z,17.769216,115.080041,Cloud to Cloud,-15425,5754,7
2026-08-30T18:33:37.337398558Z,17.898821,114.916907,Cloud to Ground,-59283,0,14
2026-08-30T18:33:37.392719680Z,17.893812,114.948019,Cloud to Cloud,15284,4204,9
2026-08-30T18:33:37.268705466Z,16.841812,120.25762,Cloud to Cloud,15303,4690,14
2026-08-30T18:33:38.659672480Z,6.712373,116.111449,Cloud to Ground,-19983,0,12
2026-08-30T18:33:39.521439905Z,19.203737,116.845897,Cloud to Cloud,-9095,7686,6
2026-08-30T18:33:40.901827237Z,17.907157,123.143412,Cloud to Cloud,-5517,16865,8
2026-08-30T18:33:40.924921686Z,17.873251,123.069411,Cloud to Cloud,9189,4537,7
2026-08-30T18:33:40.507121469Z,17.867839,123.064395,Cloud to Cloud,26164,12235,11
2026-08-30T18:33:40.614001451Z,20.50378,114.506236,Cloud to Cloud,5935,5111,7
2026-08-30T18:33:40.610158000Z,20.5481,114.6667,Cloud to Ground,-20660,0,7
2026-08-30T18:33:41.679362908Z,17.323507,118.373393,Cloud to Cloud,-25039,3032,12
2026-08-30T18:33:41.681813598Z,17.317453,118.326026,Cloud to Cloud,5793,3001,8
2026-08-30T18:33:42.345763778Z,17.376832,113.242282,Cloud to Ground,-11394,0,8
2026-08-30T18:33:42.375698000Z,17.4254,113.281,Cloud to Ground,-5593,0,7
2026-08-30T18:33:42.425657303Z,17.366542,113.205684,Cloud to Cloud,9285,19811,7
2026-08-30T18:33:42.594627434Z,17.382277,113.240978,Cloud to Cloud,13540,7831,8
2026-08-30T18:33:42.837852066Z,18.343457,115.185594,Cloud to Ground,-39263,0,9
2026-08-30T18:33:42.897550307Z,18.327412,115.265539,Cloud to Ground,-16828,0,11
2026-08-30T18:33:42.969791263Z,18.342156,115.125996,Cloud to Ground,55241,0,11
2026-08-30T18:33:42.869333000Z,18.395,115.255,Cloud to Ground,70993,0,6
2026-08-30T18:33:43.980277062Z,20.214627,114.925415,Cloud to Cloud,-28676,7168,8
2026-08-30T18:33:43.870953674Z,18.274192,120.416954,Cloud to Cloud,13788,4337,9
2026-08-30T18:33:43.919371092Z,18.265046,120.568771,Cloud to Ground,-12880,0,11
2026-08-30T18:33:43.022345000Z,18.3823,120.6231,Cloud to Ground,-25358,0,6
2026-08-30T18:33:43.415815346Z,18.374371,120.713542,Cloud to Cloud,-8105,9286,9
2026-08-30T18:33:44.564757220Z,15.439368,131.02435,Cloud to Ground,-16359,0,9
2026-08-30T18:33:44.910787756Z,21.36856,112.771692,Cloud to Ground,27448,0,18
2026-08-30T18:33:47.840037787Z,15.460944,129.930328,Cloud to Cloud,-9119,5510,10
2026-08-30T18:33:49.670560342Z,17.887936,114.81228,Cloud to Ground,45894,0,15
2026-08-30T18:33:49.684426389Z,17.897472,114.954538,Cloud to Cloud,-12610,14166,11
2026-08-30T18:33:49.675153976Z,17.871772,114.961478,Cloud to Cloud,-11622,5825,8
2026-08-30T18:33:49.679878073Z,17.870668,114.941145,Cloud to Cloud,-7497,3273,7
2026-08-30T18:33:49.717390462Z,17.866677,114.926781,Cloud to Ground,16273,0,8
2026-08-30T18:33:50.136603756Z,15.375168,130.027081,Cloud to Cloud,24373,6582,8
2026-08-30T18:33:50.418439424Z,15.469549,130.041631,Cloud to Cloud,-12157,3006,8
2026-08-30T18:33:50.671580409Z,18.070021,115.828797,Cloud to Ground,29438,0,14
2026-08-30T18:33:50.587729477Z,18.059681,115.798132,Cloud to Ground,50840,0,13
2026-08-30T18:33:51.852388096Z,15.490908,129.838203,Cloud to Cloud,-16948,7117,12
2026-08-30T18:33:51.855690169Z,15.32301,129.953594,Cloud to Cloud,15615,19834,7
2026-08-30T18:33:51.687762471Z,15.603823,129.60328,Cloud to Cloud,-12410,4935,7
2026-08-30T18:33:51.638900745Z,15.510361,129.669661,Cloud to Cloud,12834,19655,10
2026-08-30T18:33:51.653312567Z,15.54986,129.676638,Cloud to Cloud,14517,3313,8
2026-08-30T18:33:51.728760177Z,17.847597,123.096739,Cloud to Cloud,10181,3001,10
2026-08-30T18:33:52.703456992Z,14.859608,134.953056,Cloud to Ground,28758,0,11
2026-08-30T18:33:52.705451374Z,14.81269,134.99867,Cloud to Ground,41488,0,16
2026-08-30T18:33:52.010566255Z,15.602504,129.94925,Cloud to Cloud,-14643,3000,9
2026-08-30T18:33:52.328161084Z,18.163867,120.159939,Cloud to Ground,-37894,0,15
2026-08-30T18:33:52.509317415Z,18.174141,120.162217,Cloud to Ground,-27634,0,10
2026-08-30T18:33:52.844995519Z,18.173242,120.157359,Cloud to Ground,-17635,0,8
2026-08-30T18:33:52.539209084Z,18.173842,120.159991,Cloud to Ground,-10452,0,7
2026-08-30T18:33:52.409025801Z,18.174341,120.158836,Cloud to Ground,-7468,0,6
2026-08-30T18:33:54.545518280Z,16.181639,134.607904,Cloud to Ground,-51328,0,19
2026-08-30T18:33:54.745336263Z,16.21319,134.547602,Cloud to Ground,-15101,0,9
2026-08-30T18:33:54.803008495Z,16.152005,134.61218,Cloud to Ground,63666,0,10
2026-08-30T18:33:54.690114369Z,16.309649,134.550291,Cloud to Ground,-23264,0,10
2026-08-30T18:33:54.244622333Z,15.408217,130.96738,Cloud to Ground,-12381,0,7
2026-08-30T18:33:54.286242257Z,15.42904,130.990838,Cloud to Ground,27629,0,8
2026-08-30T18:33:54.953141310Z,15.491627,130.533521,Cloud to Cloud,38593,13744,11
2026-08-30T18:33:56.388391666Z,14.497995,133.547448,Cloud to Ground,-14340,0,19
2026-08-30T18:33:56.819528311Z,14.525182,133.559766,Cloud to Ground,-10792,0,10
2026-08-30T18:33:56.342343549Z,14.404507,133.616367,Cloud to Ground,14268,0,7
2026-08-30T18:33:56.466496000Z,14.4544,133.4007,Cloud to Ground,-8475,0,5
2026-08-30T18:33:56.542760347Z,15.667936,131.119165,Cloud to Ground,-22033,0,8
2026-08-30T18:33:56.700814455Z,15.670168,131.194741,Cloud to Ground,-6941,0,7
2026-08-30T18:33:56.589441714Z,15.602434,131.125287,Cloud to Ground,41406,0,13
2026-08-30T18:33:56.537690939Z,15.508274,131.124115,Cloud to Cloud,55017,14123,7
2026-08-30T18:33:57.707475569Z,18.828389,116.087597,Cloud to Ground,39877,0,9
2026-08-30T18:33:58.821645143Z,18.929361,115.114664,Cloud to Ground,14533,0,12
2026-08-30T18:33:59.665749808Z,16.286644,128.808994,Cloud to Ground,-45410,0,15
2026-08-30T18:33:59.755874927Z,16.451996,128.609335,Cloud to Ground,-21835,0,8
2026-08-30T18:33:59.748707786Z,16.156689,128.855414,Cloud to Cloud,-12543,3095,13
2026-08-30T18:33:59.832666500Z,18.075977,115.889422,Cloud to Cloud,-9858,5195,10
2026-08-30T18:33:59.775826789Z,18.102603,115.928725,Cloud to Cloud,-7674,18729,7
2026-08-30T18:33:59.799349686Z,18.071199,115.802673,Cloud to Cloud,14764,5568,8
2026-08-30T18:34:00.538337962Z,18.341583,115.277805,Cloud to Cloud,-11340,14646,7
2026-08-30T18:34:00.515152000Z,18.4254,115.2693,Cloud to Ground,14450,0,8
2026-08-30T18:34:00.530545921Z,18.20094,120.42857,Cloud to Ground,-23605,0,10
2026-08-30T18:34:02.373782603Z,14.951497,132.598918,Cloud to Ground,10158,0,8
2026-08-30T18:34:03.697628121Z,18.797382,117.292077,Cloud to Ground,-104898,0,17
2026-08-30T18:34:03.821218427Z,18.782328,117.299174,Cloud to Ground,-31080,0,13
2026-08-30T18:34:03.687997414Z,18.811449,117.248596,Cloud to Ground,-28043,0,12
2026-08-30T18:34:03.746970234Z,18.810431,117.245317,Cloud to Ground,20498,0,8
2026-08-30T18:34:03.937722316Z,18.807633,117.257341,Cloud to Ground,20879,0,8
2026-08-30T18:34:03.218831185Z,17.573253,119.397887,Cloud to Cloud,9789,3036,6
2026-08-30T18:34:04.017156318Z,18.205222,120.461447,Cloud to Ground,-9641,0,8
2026-08-30T18:34:05.888187651Z,14.588057,132.828927,Cloud to Ground,-29164,0,11
2026-08-30T18:34:05.875407168Z,14.436029,132.826484,Cloud to Ground,23836,0,14
2026-08-30T18:34:05.160359847Z,17.797507,123.159553,Cloud to Ground,-13909,0,10
2026-08-30T18:34:05.258290067Z,17.844041,123.049782,Cloud to Cloud,8550,4123,11
2026-08-30T18:34:07.732527450Z,15.274551,130.069503,Cloud to Ground,33910,0,9
2026-08-30T18:34:07.445818461Z,15.32553,129.988996,Cloud to Ground,31230,0,9
2026-08-30T18:34:08.453261382Z,14.734568,132.545895,Cloud to Cloud,25578,13416,7
2026-08-30T18:34:09.763933102Z,20.53279,114.544718,Cloud to Cloud,27128,16261,10
2026-08-30T18:34:10.113670092Z,18.768466,114.558329,Cloud to Ground,-11466,0,8
2026-08-30T18:34:10.123308572Z,18.779058,114.63839,Cloud to Cloud,-9357,4603,7
2026-08-30T18:34:10.108975107Z,18.807579,114.625736,Cloud to Cloud,23265,13830,8
2026-08-30T18:34:10.105830724Z,18.801748,114.523327,Cloud to Ground,24167,0,12
2026-08-30T18:34:10.105276154Z,18.794579,114.522496,Cloud to Ground,27034,0,8
2026-08-30T18:34:12.638120243Z,15.434592,129.91654,Cloud to Ground,-9834,0,8
2026-08-30T18:34:12.351256712Z,18.239234,120.460284,Cloud to Cloud,5775,11721,7
2026-08-30T18:34:12.445087613Z,18.247892,120.470291,Cloud to Cloud,5896,13322,5
2026-08-30T18:34:12.507702800Z,18.249201,120.567413,Cloud to Cloud,7962,4932,12
2026-08-30T18:34:14.949554305Z,9.525294,118.974738,Cloud to Cloud,7784,16145,7
2026-08-30T18:34:14.911651000Z,18.082313,115.935331,Cloud to Cloud,6512,4486,6
2026-08-30T18:34:15.130654863Z,18.087613,116.033688,Cloud to Cloud,-9706,3023,7
2026-08-30T18:34:16.876767420Z,15.588478,130.786849,Cloud to Ground,14327,0,8
2026-08-30T18:34:16.901103109Z,19.694931,115.132173,Cloud to Cloud,21594,6108,11
2026-08-30T18:34:17.823172079Z,17.76696,114.71171,Cloud to Cloud,-7822,4053,8
2026-08-30T18:34:17.885517797Z,17.769426,114.653061,Cloud to Ground,-7154,0,9
2026-08-30T18:34:18.156592387Z,17.768372,114.546984,Cloud to Cloud,4075,3067,6
2026-08-30T18:34:17.812691045Z,17.803239,114.633952,Cloud to Cloud,18265,15166,10
2026-08-30T18:34:18.655720015Z,15.477071,129.991655,Cloud to Ground,-11343,0,7
2026-08-30T18:34:18.770914079Z,19.049442,116.783795,Cloud to Ground,-7580,0,7
2026-08-30T18:34:20.727976243Z,21.429048,113.254971,Cloud to Ground,8942,0,12
2026-08-30T18:34:20.808729759Z,21.415032,113.061115,Cloud to Ground,16298,0,8
2026-08-30T18:34:20.783484280Z,21.427283,113.071806,Cloud to Ground,47087,0,17
2026-08-30T18:34:22.550057007Z,15.348154,129.767824,Cloud to Cloud,-16269,17012,8
2026-08-30T18:34:22.431933393Z,15.446601,129.674502,Cloud to Ground,16085,0,7
2026-08-30T18:34:22.613075050Z,18.349641,115.143565,Cloud to Ground,49223,0,11
2026-08-30T18:34:22.046039732Z,18.181262,120.197125,Cloud to Cloud,10926,5102,6
2026-08-30T18:34:23.678831019Z,18.084196,115.877885,Cloud to Cloud,-9937,3000,9
2026-08-30T18:34:23.588091424Z,18.008952,115.935577,Cloud to Ground,-13304,0,7
2026-08-30T18:34:23.514733505Z,20.620704,114.018826,Cloud to Cloud,-14498,7677,7
2026-08-30T18:34:23.035954903Z,20.57155,113.98654,Cloud to Ground,30002,0,14
2026-08-30T18:34:24.507823326Z,15.802554,129.314221,Cloud to Ground,-19559,0,13
2026-08-30T18:34:24.507162290Z,15.774717,129.214571,Cloud to Ground,31538,0,7
2026-08-30T18:34:24.313725698Z,17.922196,114.918654,Cloud to Ground,47245,0,14
2026-08-30T18:34:24.421202567Z,17.926323,114.920342,Cloud to Ground,53474,0,14
2026-08-30T18:34:24.267913313Z,17.921093,114.920871,Cloud to Ground,73029,0,16
2026-08-30T18:34:24.150882298Z,17.90039,115.003241,Cloud to Ground,210286,0,9
2026-08-30T18:34:24.166992678Z,17.855401,114.850054,Cloud to Cloud,-14250,19606,5
2026-08-30T18:34:24.224001328Z,17.897201,114.819414,Cloud to Cloud,16683,11679,8
2026-08-30T18:34:24.199902336Z,17.886472,114.712396,Cloud to Ground,29105,0,8
2026-08-30T18:34:24.364258429Z,17.9108,114.776995,Cloud to Ground,39705,0,12
2026-08-30T18:34:26.368338185Z,15.580343,130.910515,Cloud to Cloud,-22786,6034,6
2026-08-30T18:34:26.363897975Z,15.521437,130.930566,Cloud to Cloud,18423,3001,9
2026-08-30T18:34:27.752388083Z,17.855211,114.922223,Cloud to Cloud,-16555,5221,11
2026-08-30T18:34:28.756211347Z,15.445035,130.012387,Cloud to Cloud,-14504,4319,9
2026-08-30T18:34:28.534349000Z,17.299,118.0424,Cloud to Ground,-27161,0,6
2026-08-30T18:34:29.919384786Z,15.095772,132.486924,Cloud to Ground,-19384,0,8
2026-08-30T18:34:29.919951000Z,15.1056,132.3523,Cloud to Ground,-9705,0,5
2026-08-30T18:34:30.097496915Z,21.270516,112.866818,Cloud to Ground,15067,0,11
2026-08-30T18:34:30.098210441Z,21.298516,112.72493,Cloud to Ground,19975,0,12
2026-08-30T18:34:31.301950693Z,17.871527,123.081777,Cloud to Cloud,3880,3031,6
2026-08-30T18:34:32.774667325Z,14.443213,132.842023,Cloud to Ground,-9282,0,7
2026-08-30T18:34:32.701276626Z,14.428949,132.842239,Cloud to Ground,-7390,0,7
2026-08-30T18:34:33.218992858Z,14.400009,132.81722,Cloud to Ground,16106,0,7
2026-08-30T18:34:33.136361208Z,14.392794,132.824733,Cloud to Ground,20672,0,12
2026-08-30T18:34:33.758785238Z,14.68543,132.538269,Cloud to Cloud,-9397,4780,9
2026-08-30T18:34:33.775969438Z,14.690931,132.483929,Cloud to Ground,-9338,0,7
2026-08-30T18:34:33.726657000Z,14.6929,132.5403,Cloud to Ground,19297,0,7
2026-08-30T18:34:34.994656754Z,18.191903,116.174977,Cloud to Ground,-72095,0,13
2026-08-30T18:34:35.284904360Z,18.164474,116.177619,Cloud to Ground,-12864,0,9
2026-08-30T18:34:34.207590625Z,19.769606,115.31768,Cloud to Ground,-33857,0,16
2026-08-30T18:34:34.301881044Z,21.309359,112.782309,Cloud to Ground,-11066,0,8
2026-08-30T18:34:36.112595994Z,18.12442,115.946706,Cloud to Cloud,-26111,11417,9
2026-08-30T18:34:35.635070079Z,18.089975,115.894596,Cloud to Ground,15864,0,12
2026-08-30T18:34:35.735284089Z,18.102489,116.093628,Cloud to Cloud,-9808,3660,10
2026-08-30T18:34:35.671690000Z,18.1199,116.0496,Cloud to Ground,27023,0,7
2026-08-30T18:34:35.610112727Z,18.103511,116.078496,Cloud to Ground,94104,0,13
2026-08-30T18:34:37.387295443Z,15.439437,131.16402,Cloud to Cloud,-12955,19971,5
2026-08-30T18:34:37.658512314Z,15.30436,131.034727,Cloud to Ground,-21694,0,9
2026-08-30T18:34:37.190758569Z,15.517552,131.114704,Cloud to Ground,-16250,0,8
2026-08-30T18:34:37.653312960Z,15.510196,131.074755,Cloud to Cloud,-8673,12507,6
2026-08-30T18:34:37.657852083Z,15.469206,131.041515,Cloud to Cloud,12636,5620,7
2026-08-30T18:34:39.125897420Z,16.138165,134.709964,Cloud to Ground,-23815,0,8
2026-08-30T18:34:39.311872185Z,16.291972,134.634857,Cloud to Ground,-12534,0,10
2026-08-30T18:34:39.601482660Z,14.939938,132.304949,Cloud to Ground,-16015,0,8
2026-08-30T18:34:39.570941848Z,15.05162,132.248792,Cloud to Cloud,-26976,7443,18
2026-08-30T18:34:39.572304000Z,15.0378,132.1906,Cloud to Ground,-16822,0,5
2026-08-30T18:34:39.969887895Z,18.247021,120.459212,Cloud to Ground,-9380,0,7
2026-08-30T18:34:39.687172681Z,18.223868,120.34153,Cloud to Ground,-12703,0,9
2026-08-30T18:34:39.722451606Z,18.223732,120.342855,Cloud to Ground,-10870,0,9
2026-08-30T18:34:39.114315981Z,18.195038,120.294549,Cloud to Ground,17884,0,8
2026-08-30T18:34:40.121628019Z,15.332238,130.080716,Cloud to Cloud,-23365,4678,7
2026-08-30T18:34:40.011331028Z,18.642131,114.944809,Cloud to Cloud,-16715,4960,8
2026-08-30T18:34:40.029841252Z,18.69168,114.915843,Cloud to Cloud,-11879,3016,7
2026-08-30T18:34:40.071750402Z,18.953747,115.099525,Cloud to Ground,21594,0,10
2026-08-30T18:34:40.620155000Z,19.6345,115.7932,Cloud to Ground,12120,0,5
2026-08-30T18:34:42.329574000Z,15.618568,130.760685,Cloud to Cloud,-13912,6739,7
2026-08-30T18:34:42.433409343Z,15.231558,130.34092,Cloud to Cloud,17267,4654,8
2026-08-30T18:34:43.158935176Z,18.244662,120.631069,Cloud to Cloud,6439,5689,8
2026-08-30T18:34:43.202597664Z,18.385174,120.660861,Cloud to Cloud,3675,19012,5
2026-08-30T18:34:43.108730425Z,18.327447,120.752642,Cloud to Cloud,-6211,10962,6
2026-08-30T18:34:44.381817504Z,15.517174,129.951234,Cloud to Cloud,-13621,3552,8
2026-08-30T18:34:44.344193000Z,15.4883,129.822,Cloud to Ground,12060,0,5
2026-08-30T18:34:44.588047480Z,19.596967,115.820707,Cloud to Ground,50786,0,12
2026-08-30T18:34:46.415599635Z,16.372985,128.75762,Cloud to Cloud,10490,3025,7
2026-08-30T18:34:46.172609521Z,15.885642,129.152762,Cloud to Cloud,-20443,3087,10
2026-08-30T18:34:46.264005778Z,16.016153,129.252395,Cloud to Ground,-18842,0,10
2026-08-30T18:34:46.186330831Z,15.963983,129.234078,Cloud to Cloud,-18755,10332,8
2026-08-30T18:34:46.171246687Z,15.782212,129.285338,Cloud to Cloud,12095,4056,9
2026-08-30T18:34:46.170332357Z,15.79963,129.195684,Cloud to Ground,25229,0,10
2026-08-30T18:34:46.233656000Z,19.0313,117.3647,Cloud to Ground,13941,0,7
2026-08-30T18:34:48.775525973Z,17.538234,119.4344,Cloud to Ground,-11729,0,6
2026-08-30T18:34:48.786919126Z,17.547641,119.436707,Cloud to Cloud,7109,7460,7
2026-08-30T18:34:48.825257027Z,17.548419,119.438572,Cloud to Cloud,8007,6631,7
2026-08-30T18:34:48.813602713Z,17.560189,119.433701,Cloud to Cloud,9546,12486,7
2026-08-30T18:34:49.109263048Z,19.050899,116.430448,Cloud to Ground,8652,0,7
2026-08-30T18:34:52.882790898Z,9.517931,118.969533,Cloud to Cloud,9219,17173,7
2026-08-30T18:34:53.834589618Z,17.825287,123.130738,Cloud to Cloud,8940,5492,11
2026-08-30T18:34:53.826575226Z,17.876701,123.046877,Cloud to Cloud,-5346,9991,7
2026-08-30T18:34:56.785609000Z,18.8621,117.2899,Cloud to Ground,16416,0,8
2026-08-30T18:34:57.919773964Z,15.528309,129.703723,Cloud to Cloud,11990,3092,12
2026-08-30T18:34:57.923160714Z,15.540913,129.663378,Cloud to Ground,18871,0,9
2026-08-30T18:34:59.651079980Z,15.491269,129.96953,Cloud to Ground,-33919,0,9
2026-08-30T18:34:59.238314617Z,18.827156,115.216885,Cloud to Cloud,11866,5981,12
2026-08-30T18:34:59.115750309Z,18.772312,115.068576,Cloud to Ground,18661,0,10
2026-08-30T18:34:59.116990729Z,18.777341,115.038743,Cloud to Ground,26975,0,12
2026-08-30T18:35:00.271919748Z,15.18864,130.054638,Cloud to Ground,22530,0,11
2026-08-30T18:35:00.306580329Z,15.313229,130.005037,Cloud to Cloud,28290,3029,10
2026-08-30T18:35:00.455620522Z,15.543979,129.971509,Cloud to Ground,-14122,0,10
2026-08-30T18:35:00.935376862Z,17.835648,123.087175,Cloud to Cloud,13308,3048,9
2026-08-30T18:35:02.269076317Z,14.503116,133.567493,Cloud to Ground,-14738,0,9
2026-08-30T18:35:01.869259502Z,14.423369,133.604993,Cloud to Ground,25375,0,9
2026-08-30T18:35:01.907029557Z,17.674019,114.463118,Cloud to Ground,-41657,0,12
2026-08-30T18:35:01.758592118Z,17.722602,114.596165,Cloud to Ground,-17970,0,11
2026-08-30T18:35:01.375627607Z,17.718948,114.678686,Cloud to Ground,-14494,0,7
2026-08-30T18:35:01.266946351Z,17.773831,114.615524,Cloud to Ground,-13582,0,5
2026-08-30T18:35:01.342909792Z,17.721369,114.688945,Cloud to Cloud,-11290,5103,8
2026-08-30T18:35:01.247134847Z,17.721748,114.589338,Cloud to Cloud,-7555,14113,6
2026-08-30T18:35:01.087278608Z,17.735039,114.616563,Cloud to Cloud,19875,3061,18
2026-08-30T18:35:01.089990061Z,17.721723,114.540675,Cloud to Ground,36829,0,12
2026-08-30T18:35:02.980249132Z,18.806694,116.133764,Cloud to Ground,17863,0,9
2026-08-30T18:35:02.567241778Z,18.072453,115.916703,Cloud to Cloud,6791,3013,9
2026-08-30T18:35:02.205362466Z,18.118003,115.891572,Cloud to Cloud,11557,3119,6
2026-08-30T18:35:03.588356238Z,18.111179,115.169659,Cloud to Cloud,-10150,17542,8
2026-08-30T18:35:06.121947947Z,15.286764,130.123682,Cloud to Cloud,-16622,3227,6
2026-08-30T18:35:05.777019977Z,15.260783,130.115773,Cloud to Cloud,22807,4299,10
2026-08-30T18:35:06.039322672Z,15.392805,130.00732,Cloud to Ground,-11314,0,9
2026-08-30T18:35:09.209422000Z,15.6667,130.8784,Cloud to Ground,-35528,0,5
2026-08-30T18:35:11.444465214Z,19.651761,115.139344,Cloud to Cloud,35120,3051,10
2026-08-30T18:35:11.093965000Z,19.0112,116.5765,Cloud to Ground,-14484,0,5
2026-08-30T18:35:11.196272616Z,18.993786,116.580823,Cloud to Cloud,-12999,3399,11
2026-08-30T18:35:13.513875152Z,20.493374,114.60339,Cloud to Ground,41110,0,16
2026-08-30T18:35:13.449265000Z,20.5867,114.6599,Cloud to Ground,9445,0,5
2026-08-30T18:35:14.531392099Z,15.481995,130.488888,Cloud to Cloud,7618,13911,7
2026-08-30T18:35:14.521382039Z,15.482943,130.386574,Cloud to Cloud,11907,19764,8
2026-08-30T18:35:15.330664093Z,15.629113,131.404967,Cloud to Ground,-107771,0,16
2026-08-30T18:35:15.326324543Z,15.648463,131.324973,Cloud to Ground,-23786,0,17
2026-08-30T18:35:15.936565504Z,18.075545,115.843939,Cloud to Ground,93348,0,14
2026-08-30T18:35:15.291402224Z,18.262437,120.466117,Cloud to Cloud,7258,10844,6
2026-08-30T18:35:16.017548585Z,18.060629,115.680845,Cloud to Ground,21711,0,12
2026-08-30T18:35:16.153396813Z,18.093071,115.695428,Cloud to Ground,62214,0,12
2026-08-30T18:35:17.612501215Z,18.352892,115.132331,Cloud to Cloud,12106,3042,11
2026-08-30T18:35:17.569205506Z,18.367127,115.262404,Cloud to Ground,55164,0,15
2026-08-30T18:35:19.307022129Z,15.293834,131.105277,Cloud to Ground,22038,0,9
2026-08-30T18:35:19.094089365Z,20.697489,113.985656,Cloud to Ground,25339,0,7
2026-08-30T18:35:19.353825746Z,20.518881,114.104685,Cloud to Ground,15285,0,6
2026-08-30T18:35:19.010424241Z,20.568831,114.13728,Cloud to Cloud,15539,6757,8
2026-08-30T18:35:19.291085000Z,20.5261,114.1569,Cloud to Ground,26808,0,5
2026-08-30T18:35:20.141318933Z,15.260827,129.953688,Cloud to Cloud,30800,3104,8
2026-08-30T18:35:20.516547590Z,20.690314,113.850947,Cloud to Ground,15335,0,9
2026-08-30T18:35:20.108111651Z,20.36168,114.834549,Cloud to Cloud,-11775,3415,8
2026-08-30T18:35:20.521376197Z,18.838087,114.653463,Cloud to Cloud,-12818,17864,9
2026-08-30T18:35:20.616254280Z,18.828506,114.619996,Cloud to Cloud,-7313,3213,7
2026-08-30T18:35:21.199865720Z,15.502277,129.718301,Cloud to Ground,-11354,0,10
2026-08-30T18:35:22.526416942Z,14.938713,132.469566,Cloud to Ground,-27188,0,12
2026-08-30T18:35:23.262863928Z,15.24166,130.338442,Cloud to Ground,22814,0,12
2026-08-30T18:35:24.845715316Z,17.859401,123.137504,Cloud to Ground,-7609,0,7
2026-08-30T18:35:24.305008595Z,17.895482,123.079024,Cloud to Cloud,12697,13327,11
2026-08-30T18:35:23.887126065Z,17.895537,123.071658,Cloud to Ground,32973,0,9
2026-08-30T18:35:23.539575933Z,18.139971,115.871377,Cloud to Ground,29242,0,7
2026-08-30T18:35:23.524057752Z,18.170138,116.205401,Cloud to Ground,-56989,0,17
2026-08-30T18:35:23.607338296Z,18.171096,116.175491,Cloud to Cloud,-23542,6510,9
2026-08-30T18:35:23.545785174Z,18.201844,116.156691,Cloud to Cloud,-8338,6174,7
2026-08-30T18:35:24.193155402Z,17.982197,122.923646,Cloud to Cloud,5840,3008,7
2026-08-30T18:35:26.280102862Z,18.954519,115.139189,Cloud to Cloud,-10219,7178,10
2026-08-30T18:35:26.272259358Z,18.939501,115.10665,Cloud to Cloud,11233,3179,8
2026-08-30T18:35:26.288249287Z,18.918245,115.114066,Cloud to Cloud,13616,18152,10
2026-08-30T18:35:26.723079433Z,18.963568,115.249573,Cloud to Cloud,-7360,14715,7
2026-08-30T18:35:26.274682000Z,18.9747,115.2534,Cloud to Ground,15617,0,7
2026-08-30T18:35:27.862339545Z,14.909183,132.590669,Cloud to Ground,-19182,0,8
2026-08-30T18:35:27.374734660Z,14.830778,132.622233,Cloud to Ground,11148,0,8
2026-08-30T18:35:29.892934654Z,9.527463,118.972194,Cloud to Cloud,10945,5308,7
2026-08-30T18:35:30.011255368Z,9.563306,118.841368,Cloud to Cloud,14659,3013,6
2026-08-30T18:35:29.913410943Z,9.548579,118.817657,Cloud to Cloud,16359,3000,8
2026-08-30T18:35:31.313444908Z,18.68544,114.939412,Cloud to Ground,-18012,0,16
2026-08-30T18:35:31.372296886Z,18.689687,114.929975,Cloud to Cloud,-7806,3065,9
2026-08-30T18:35:31.344990412Z,18.63045,114.839355,Cloud to Ground,-9006,0,7
2026-08-30T18:35:32.932455177Z,16.72319,120.403391,Cloud to Cloud,12018,9198,11
2026-08-30T18:35:32.930821538Z,16.822106,120.283354,Cloud to Cloud,8879,5954,6
2026-08-30T18:35:32.868698035Z,15.82734,129.428223,Cloud to Ground,-23774,0,17
2026-08-30T18:35:32.899490916Z,15.662378,129.473242,Cloud to Ground,20607,0,10
2026-08-30T18:35:33.136000357Z,18.813724,117.332052,Cloud to Cloud,-11876,3901,11
2026-08-30T18:35:34.350159878Z,15.440707,129.885169,Cloud to Cloud,-10246,6080,10
2026-08-30T18:35:34.337999083Z,15.403832,130.005518,Cloud to Cloud,9993,3089,8
2026-08-30T18:35:34.367868798Z,15.424645,129.994604,Cloud to Cloud,10641,6721,8
2026-08-30T18:35:34.380873028Z,15.455089,129.964058,Cloud to Cloud,14799,7420,9
2026-08-30T18:35:34.721743208Z,17.374228,120.475844,Cloud to Ground,25421,0,14
2026-08-30T18:35:35.716943648Z,18.11253,115.904413,Cloud to Cloud,-7834,7405,11
2026-08-30T18:35:35.485087123Z,18.08621,115.909467,Cloud to Cloud,12085,3306,9
2026-08-30T18:35:37.869818456Z,2.869247,116.00367,Cloud to Ground,-14774,0,6
2026-08-30T18:35:37.935680263Z,2.868742,116.018591,Cloud to Ground,-14353,0,19
2026-08-30T18:35:39.096762601Z,17.324806,118.394769,Cloud to Ground,-28421,0,11
2026-08-30T18:35:40.968280899Z,18.351496,115.14979,Cloud to Cloud,11631,4934,11
2026-08-30T18:35:40.908240838Z,18.354636,115.152557,Cloud to Ground,48556,0,12
2026-08-30T18:35:40.832869000Z,18.424,115.2731,Cloud to Ground,28763,0,6
2026-08-30T18:35:41.464755232Z,6.749418,116.095579,Cloud to Cloud,11673,8802,9
2026-08-30T18:35:42.141165559Z,17.91329,114.949973,Cloud to Ground,-41213,0,16
2026-08-30T18:35:42.146088664Z,17.878245,114.945046,Cloud to Ground,-32485,0,12
2026-08-30T18:35:42.225908335Z,17.877942,114.94488,Cloud to Ground,-21443,0,15
2026-08-30T18:35:42.518688534Z,17.901533,114.911923,Cloud to Ground,22284,0,14
2026-08-30T18:35:42.361645463Z,17.901561,114.913178,Cloud to Ground,23632,0,14
2026-08-30T18:35:42.275306000Z,17.9131,114.9038,Cloud to Ground,25528,0,5
2026-08-30T18:35:42.319840795Z,17.900278,114.905891,Cloud to Ground,39285,0,15
2026-08-30T18:35:42.190650957Z,17.897587,114.91702,Cloud to Ground,63994,0,16
2026-08-30T18:35:42.092079000Z,17.9168,114.9116,Cloud to Ground,133287,0,16
2026-08-30T18:35:43.540508664Z,15.229443,129.987708,Cloud to Cloud,30152,17454,7
2026-08-30T18:35:43.272872060Z,15.405657,129.8154,Cloud to Cloud,12007,5663,7
2026-08-30T18:35:44.551373065Z,15.639791,129.445328,Cloud to Ground,73862,0,8
2026-08-30T18:35:46.394953412Z,15.522352,130.821592,Cloud to Cloud,-16007,7933,6
2026-08-30T18:35:47.953711000Z,15.5353,129.8132,Cloud to Ground,1768,0,7
2026-08-30T18:35:48.003777029Z,15.336184,129.952981,Cloud to Ground,13036,0,8
2026-08-30T18:35:48.017282256Z,15.465508,129.933315,Cloud to Cloud,-12311,3570,9
2026-08-30T18:35:48.066990310Z,15.508397,129.931981,Cloud to Cloud,14465,9441,7
2026-08-30T18:35:49.299606698Z,19.039734,116.711565,Cloud to Cloud,-8116,3082,11
2026-08-30T18:35:50.464344614Z,15.338277,130.993541,Cloud to Ground,28418,0,10
2026-08-30T18:35:50.434544565Z,18.339341,115.210702,Cloud to Cloud,-12779,13839,7
2026-08-30T18:35:52.627378399Z,18.378424,120.563194,Cloud to Cloud,4008,16002,5
2026-08-30T18:35:52.771529954Z,18.396574,120.64496,Cloud to Cloud,11499,5008,7
2026-08-30T18:35:53.328853202Z,15.353911,130.251304,Cloud to Cloud,15129,3069,8
2026-08-30T18:35:53.297225020Z,15.468977,130.026878,Cloud to Cloud,11223,3036,7
2026-08-30T18:35:53.173243006Z,14.931484,132.234124,Cloud to Ground,23103,0,12
2026-08-30T18:35:55.676875027Z,15.393959,130.020638,Cloud to Cloud,16974,3952,10
2026-08-30T18:35:55.614344062Z,15.297449,130.030869,Cloud to Cloud,41397,6863,10
2026-08-30T18:35:55.394430908Z,17.584385,119.464802,Cloud to Ground,-36679,0,12
2026-08-30T18:35:56.368814749Z,17.751293,114.419879,Cloud to Cloud,-20788,5058,7
2026-08-30T18:35:55.929746745Z,17.705975,114.405906,Cloud to Cloud,-14871,3479,6
2026-08-30T18:35:55.919061049Z,17.696601,114.250103,Cloud to Cloud,11172,15734,10
2026-08-30T18:35:55.918535831Z,17.686609,114.318283,Cloud to Cloud,18439,5223,9
2026-08-30T18:35:55.921306183Z,17.682674,114.328338,Cloud to Ground,34341,0,8
2026-08-30T18:35:56.515059547Z,18.198377,120.183128,Cloud to Ground,-76296,0,12
2026-08-30T18:35:56.609573563Z,18.198869,120.166727,Cloud to Ground,-15900,0,6
2026-08-30T18:35:56.742339434Z,18.19254,120.183348,Cloud to Ground,-15501,0,8
2026-08-30T18:35:56.790799674Z,18.197804,120.184141,Cloud to Ground,-15082,0,7
2026-08-30T18:35:56.683549825Z,18.198606,120.176321,Cloud to Ground,-12482,0,7
2026-08-30T18:35:56.883294677Z,18.192468,120.175037,Cloud to Ground,-11437,0,6
2026-08-30T18:35:56.778317414Z,18.155327,120.309481,Cloud to Cloud,15611,7884,8
2026-08-30T18:35:58.541478369Z,18.182657,116.213944,Cloud to Ground,-33501,0,9
2026-08-30T18:35:58.557309281Z,18.140053,116.164146,Cloud to Cloud,-9759,3288,9
2026-08-30T18:35:58.643001643Z,18.097818,115.867074,Cloud to Ground,42784,0,7
2026-08-30T18:36:00.893463363Z,15.300071,130.242864,Cloud to Cloud,-12596,15945,8
2026-08-30T18:36:01.276469443Z,15.543613,131.396309,Cloud to Cloud,10065,17537,10
2026-08-30T18:36:01.762946130Z,14.616257,132.51424,Cloud to Cloud,-23431,3071,9
2026-08-30T18:36:02.699485466Z,21.537797,113.390259,Cloud to Ground,36295,0,11
2026-08-30T18:36:02.045365474Z,20.456159,114.35478,Cloud to Ground,-10488,0,8
2026-08-30T18:36:02.029472000Z,20.5364,114.3668,Cloud to Ground,-9506,0,5
2026-08-30T18:36:02.031617883Z,20.465741,114.325238,Cloud to Ground,26210,0,10
2026-08-30T18:36:02.796566423Z,21.408402,113.259926,Cloud to Cloud,11933,9948,10
2026-08-30T18:36:02.930927211Z,21.458859,113.24547,Cloud to Ground,27497,0,16
2026-08-30T18:36:02.968367463Z,21.444923,113.239359,Cloud to Ground,41545,0,16
2026-08-30T18:36:02.767806371Z,21.404532,113.230898,Cloud to Ground,60970,0,10
2026-08-30T18:36:03.326121013Z,18.711328,114.856394,Cloud to Ground,-9234,0,11
2026-08-30T18:36:03.212414713Z,18.715808,114.510713,Cloud to Cloud,22644,8694,13
2026-08-30T18:36:03.386048453Z,18.777477,114.691771,Cloud to Cloud,-10323,3718,7
2026-08-30T18:36:03.183045569Z,18.698933,114.639069,Cloud to Cloud,-9078,3239,8
2026-08-30T18:36:03.187882977Z,18.714745,114.663998,Cloud to Cloud,-7242,7367,6
2026-08-30T18:36:03.247165919Z,21.29873,113.306422,Cloud to Cloud,-10724,5083,8
2026-08-30T18:36:06.007804392Z,16.275523,134.650512,Cloud to Ground,-28722,0,12
2026-08-30T18:36:06.013388235Z,16.287047,134.62319,Cloud to Ground,-12197,0,12
2026-08-30T18:36:06.008668393Z,16.226989,134.636228,Cloud to Ground,14317,0,7
2026-08-30T18:36:07.286490174Z,14.827182,132.637306,Cloud to Ground,31016,0,10
2026-08-30T18:36:07.424735936Z,15.448998,129.917014,Cloud to Cloud,14444,4919,7
2026-08-30T18:36:07.887321324Z,18.173062,115.107727,Cloud to Cloud,-6640,7436,8
2026-08-30T18:36:07.714035012Z,17.818227,115.122991,Cloud to Ground,32829,0,8
2026-08-30T18:36:07.637613421Z,18.740665,116.020099,Cloud to Ground,20719,0,7
2026-08-30T18:36:08.253926866Z,19.720559,115.315903,Cloud to Ground,-19431,0,10
2026-08-30T18:36:08.343559655Z,17.809938,114.539515,Cloud to Cloud,-10773,3272,8
2026-08-30T18:36:09.814026466Z,14.418806,133.107122,Cloud to Ground,14902,0,8
2026-08-30T18:36:09.750556041Z,14.585654,133.054223,Cloud to Ground,-18089,0,18
2026-08-30T18:36:10.595123352Z,17.729553,114.61252,Cloud to Ground,23733,0,8
2026-08-30T18:36:10.547680721Z,17.744452,114.720328,Cloud to Ground,12851,0,8
2026-08-30T18:36:10.152763008Z,17.89934,114.820132,Cloud to Ground,-8757,0,8
2026-08-30T18:36:10.425605931Z,17.879397,114.911788,Cloud to Cloud,12850,3353,7
2026-08-30T18:36:09.998113962Z,17.854265,114.761475,Cloud to Ground,15827,0,7
2026-08-30T18:36:10.017775055Z,17.909812,114.825359,Cloud to Ground,24734,0,7
2026-08-30T18:36:12.553778821Z,9.532377,118.966078,Cloud to Cloud,7451,5585,6
2026-08-30T18:36:12.528903381Z,9.526159,118.889782,Cloud to Ground,24506,0,12
2026-08-30T18:36:13.091523441Z,17.847738,123.032924,Cloud to Ground,26925,0,6
2026-08-30T18:36:13.263359000Z,18.8604,117.4089,Cloud to Ground,-20620,0,8
2026-08-30T18:36:15.527978836Z,17.817848,114.671364,Cloud to Cloud,-12802,12001,11
2026-08-30T18:36:15.552949031Z,17.807024,114.564033,Cloud to Cloud,-8352,3587,9
2026-08-30T18:36:16.059798437Z,14.798494,132.52329,Cloud to Ground,18491,0,9
2026-08-30T18:36:16.008676811Z,17.70498,114.79145,Cloud to Cloud,-6992,5368,8
2026-08-30T18:36:17.582223281Z,17.899972,123.052465,Cloud to Cloud,7055,6360,7
2026-08-30T18:36:17.858042868Z,17.856427,123.025402,Cloud to Cloud,8273,9204,8
2026-08-30T18:36:16.964336605Z,17.864186,123.075963,Cloud to Cloud,11437,12274,10
2026-08-30T18:36:17.324218001Z,17.770789,123.112014,Cloud to Cloud,18276,5997,8
2026-08-30T18:36:17.524040619Z,17.832739,123.091352,Cloud to Cloud,26539,3001,10
2026-08-30T18:36:17.169106096Z,19.151294,116.643148,Cloud to Ground,9765,0,7
2026-08-30T18:36:18.148094866Z,20.668877,113.955654,Cloud to Cloud,9817,3196,10
2026-08-30T18:36:18.145642295Z,20.714004,113.9399,Cloud to Ground,15262,0,13
2026-08-30T18:36:18.086463711Z,19.54879,116.005589,Cloud to Cloud,-9008,3019,11
2026-08-30T18:36:19.425800466Z,18.096618,115.811674,Cloud to Cloud,16667,6362,13
2026-08-30T18:36:19.801694959Z,18.646316,114.956837,Cloud to Ground,-20950,0,15
2026-08-30T18:36:19.813856992Z,18.659644,114.976876,Cloud to Cloud,-11865,15237,8
2026-08-30T18:36:19.795350000Z,18.7364,114.9607,Cloud to Ground,30603,0,5
2026-08-30T18:36:19.004079876Z,19.560426,115.571039,Cloud to Cloud,-10089,16257,11
2026-08-30T18:36:19.756084000Z,15.3836,130.0218,Cloud to Ground,20657,0,7
2026-08-30T18:36:21.316338600Z,14.576238,133.375673,Cloud to Ground,-13668,0,10
2026-08-30T18:36:21.327956201Z,14.431285,133.37783,Cloud to Ground,-19883,0,11
2026-08-30T18:36:21.708790561Z,14.483003,133.363397,Cloud to Ground,19846,0,10
2026-08-30T18:36:21.856216607Z,14.546102,133.159802,Cloud to Ground,16318,0,8
2026-08-30T18:36:21.852832254Z,14.45999,133.210915,Cloud to Ground,16330,0,7
2026-08-30T18:36:21.852289528Z,14.51195,133.204835,Cloud to Ground,17092,0,7
2026-08-30T18:36:21.851610664Z,14.511031,133.223742,Cloud to Ground,18646,0,7
2026-08-30T18:36:21.317328311Z,14.503597,133.225135,Cloud to Ground,22641,0,8
2026-08-30T18:36:21.686789000Z,14.646,133.2734,Cloud to Ground,91314,0,10
2026-08-30T18:36:21.235101461Z,21.299244,112.928796,Cloud to Ground,13368,0,7
2026-08-30T18:36:21.454679458Z,21.349473,112.726379,Cloud to Cloud,9714,3000,6
2026-08-30T18:36:21.489041632Z,21.285452,113.086618,Cloud to Ground,-36046,0,20
2026-08-30T18:36:21.175959523Z,21.309121,113.050772,Cloud to Ground,-14733,0,13
2026-08-30T18:36:21.139808156Z,21.265381,113.056466,Cloud to Cloud,11501,7490,7
2026-08-30T18:36:20.695138902Z,17.586334,114.470339,Cloud to Cloud,-9738,5929,6
2026-08-30T18:36:21.035800103Z,17.592738,114.391916,Cloud to Ground,17918,0,10
2026-08-30T18:36:22.065657609Z,14.282344,133.218804,Cloud to Ground,-33261,0,8
2026-08-30T18:36:22.567031493Z,15.370492,130.29583,Cloud to Cloud,9332,14314,7
2026-08-30T18:36:22.565508000Z,15.4037,130.2681,Cloud to Ground,17052,0,6
2026-08-30T18:36:23.385931013Z,15.473983,130.438391,Cloud to Cloud,-16116,5151,8
2026-08-30T18:36:23.424120251Z,18.940303,115.000296,Cloud to Ground,6256,0,10
2026-08-30T18:36:23.510328487Z,18.946169,115.142135,Cloud to Cloud,12833,4369,7
2026-08-30T18:36:23.418612270Z,18.953922,115.068594,Cloud to Ground,13751,0,10
2026-08-30T18:36:23.411794626Z,18.9588,115.066865,Cloud to Ground,20139,0,10
2026-08-30T18:36:23.442141634Z,18.95601,115.074421,Cloud to Ground,40426,0,11
2026-08-30T18:36:23.479046000Z,19.0375,115.3051,Cloud to Ground,-22442,0,10
2026-08-30T18:36:23.419632290Z,18.945974,115.275084,Cloud to Cloud,-15046,6768,9
2026-08-30T18:36:23.377588437Z,18.991032,115.278858,Cloud to Ground,73738,0,8
2026-08-30T18:36:25.005893920Z,15.315695,131.049798,Cloud to Cloud,42016,3350,10
2026-08-30T18:36:25.251289545Z,18.270502,120.4284,Cloud to Ground,-41283,0,13
2026-08-30T18:36:25.418227389Z,18.289738,120.434861,Cloud to Ground,-10593,0,7
2026-08-30T18:36:25.280099000Z,18.2984,120.4773,Cloud to Ground,37917,0,5
2026-08-30T18:36:26.091298901Z,15.441986,129.704599,Cloud to Ground,10693,0,9
2026-08-30T18:36:26.092952290Z,15.52484,129.689771,Cloud to Cloud,17253,5390,9
2026-08-30T18:36:26.090115646Z,15.420731,129.727404,Cloud to Cloud,28389,3108,10
2026-08-30T18:36:27.400448003Z,18.340332,115.314783,Cloud to Cloud,-14865,3256,7
2026-08-30T18:36:27.388276270Z,18.367674,115.270769,Cloud to Cloud,22612,5017,15
2026-08-30T18:36:27.355856580Z,18.349573,115.301804,Cloud to Ground,24010,0,8
2026-08-30T18:36:27.443520526Z,16.759697,120.766376,Cloud to Ground,22147,0,8
2026-08-30T18:36:28.323689291Z,15.347527,129.97947,Cloud to Cloud,23442,4212,12
2026-08-30T18:36:28.232852496Z,15.465417,129.984564,Cloud to Cloud,-17196,3012,6
2026-08-30T18:36:28.379179055Z,15.385409,129.894602,Cloud to Ground,25813,0,13
2026-08-30T18:36:28.238163734Z,15.692572,129.668757,Cloud to Ground,-13142,0,7
2026-08-30T18:36:30.441495273Z,18.0622,115.853206,Cloud to Ground,17593,0,9
2026-08-30T18:36:31.890078760Z,18.237653,120.337923,Cloud to Cloud,11477,3010,8
2026-08-30T18:36:32.625272655Z,18.197182,120.40395,Cloud to Cloud,-7473,5106,6
2026-08-30T18:36:32.915742180Z,18.187917,120.43381,Cloud to Cloud,5541,3004,7
2026-08-30T18:36:33.348685382Z,20.606143,114.033394,Cloud to Cloud,-15503,5649,6
2026-08-30T18:36:33.379246835Z,20.609763,114.059865,Cloud to Cloud,-12822,3048,6
2026-08-30T18:36:33.330978041Z,20.603346,114.02116,Cloud to Cloud,-12422,4685,7
2026-08-30T18:36:34.997288730Z,14.399033,132.846995,Cloud to Ground,17743,0,6
2026-08-30T18:36:34.569553593Z,14.498273,132.837766,Cloud to Ground,19236,0,8
2026-08-30T18:36:35.279471534Z,15.360551,130.077901,Cloud to Cloud,-13676,10502,11
2026-08-30T18:36:34.813159819Z,15.404507,130.061508,Cloud to Cloud,-8203,3989,7
2026-08-30T18:36:35.440129225Z,15.509081,129.934616,Cloud to Ground,37430,0,13
2026-08-30T18:36:35.319712887Z,17.876505,114.86322,Cloud to Cloud,-13292,3718,7
2026-08-30T18:36:36.515247136Z,17.856969,123.129911,Cloud to Ground,-6325,0,8
2026-08-30T18:36:36.540254769Z,17.846187,123.106997,Cloud to Cloud,4360,3008,7
2026-08-30T18:36:36.515860179Z,17.862513,123.154845,Cloud to Cloud,5016,19768,7
2026-08-30T18:36:36.359506331Z,17.852158,123.11136,Cloud to Cloud,9791,13764,6
2026-08-30T18:36:37.789206252Z,15.242803,130.332588,Cloud to Cloud,18577,5580,9
2026-08-30T18:36:37.612874992Z,15.440251,130.973901,Cloud to Cloud,42693,3585,8
2026-08-30T18:36:37.616015464Z,15.530692,130.917212,Cloud to Ground,-20858,0,10
2026-08-30T18:36:38.009049727Z,20.503581,114.692223,Cloud to Ground,17525,0,9
2026-08-30T18:36:37.942408022Z,20.50224,114.683086,Cloud to Ground,19870,0,7
2026-08-30T18:36:37.573524163Z,20.535815,114.681279,Cloud to Ground,104565,0,17
2026-08-30T18:36:39.953802824Z,21.303934,112.785001,Cloud to Cloud,-11201,5245,8
2026-08-30T18:36:40.207282234Z,15.562845,129.739356,Cloud to Cloud,12996,13188,8
2026-08-30T18:36:40.134114500Z,15.430068,129.775923,Cloud to Ground,-12629,0,12
2026-08-30T18:36:42.320384008Z,18.365674,115.307355,Cloud to Ground,19230,0,13
2026-08-30T18:36:43.598621639Z,5.747018,116.130035,Cloud to Ground,-10539,0,7
2026-08-30T18:36:43.592418332Z,5.722861,116.101599,Cloud to Ground,24949,0,7
2026-08-30T18:36:43.591886943Z,5.72054,116.096862,Cloud to Ground,27013,0,12
2026-08-30T18:36:44.980133745Z,18.119587,115.955859,Cloud to Ground,-27408,0,10
2026-08-30T18:36:44.838106000Z,18.0721,115.9847,Cloud to Ground,439,0,5
2026-08-30T18:36:45.106789780Z,18.106264,115.927084,Cloud to Ground,41991,0,13
2026-08-30T18:36:44.869511893Z,18.109675,115.913476,Cloud to Ground,42733,0,14
2026-08-30T18:36:44.776291000Z,18.1345,115.9322,Cloud to Ground,60966,0,8
2026-08-30T18:36:45.263429308Z,15.617013,130.663329,Cloud to Ground,-18373,0,9
2026-08-30T18:36:45.230653061Z,18.060873,115.674756,Cloud to Ground,20256,0,8
2026-08-30T18:36:45.425558741Z,18.169566,116.19542,Cloud to Ground,-40116,0,12
2026-08-30T18:36:45.544577000Z,18.2261,116.1334,Cloud to Ground,8977,0,7
2026-08-30T18:36:45.484623734Z,18.186235,116.151094,Cloud to Ground,71967,0,16
2026-08-30T18:36:45.290422615Z,20.442695,114.488073,Cloud to Ground,28015,0,12
2026-08-30T18:36:45.243505495Z,20.392176,114.647007,Cloud to Ground,-15095,0,7
2026-08-30T18:36:49.172627194Z,18.840207,114.667423,Cloud to Ground,-15887,0,10
2026-08-30T18:36:48.989028215Z,18.845293,114.680988,Cloud to Cloud,12423,4902,8
2026-08-30T18:36:48.991995355Z,18.864865,114.587051,Cloud to Ground,20462,0,8
2026-08-30T18:36:49.006778688Z,18.846127,114.684185,Cloud to Ground,22266,0,16
2026-08-30T18:36:48.976001534Z,18.879821,114.556214,Cloud to Ground,23822,0,11
2026-08-30T18:36:51.402729132Z,15.738767,120.46622,Cloud to Cloud,9349,6255,9
