timestamp,latitude,longitude,type,amplitude_ka,height_m,num_sensors
2026-09-02T00:23:27.533002090Z,4.649533,114.073361,Cloud to Ground,-11969,0,8
2026-09-02T00:23:27.848362432Z,18.872609,130.477409,Cloud to Ground,-11034,0,7
2026-09-02T00:23:27.538448922Z,18.780101,130.539729,Cloud to Ground,-12403,0,7
2026-09-02T00:23:28.911283570Z,15.313451,134.468414,Cloud to Ground,77553,0,21
2026-09-02T00:23:28.317078847Z,15.421489,134.066457,Cloud to Cloud,-15431,5939,11
2026-09-02T00:23:29.141645042Z,15.412434,134.012627,Cloud to Ground,-14677,0,14
2026-09-02T00:23:29.405797241Z,15.389581,134.143543,Cloud to Ground,-12867,0,7
2026-09-02T00:23:29.692473758Z,15.454618,134.081319,Cloud to Ground,-12831,0,11
2026-09-02T00:23:29.489948791Z,15.404209,134.028587,Cloud to Ground,-12174,0,8
2026-09-02T00:23:28.225663580Z,15.368383,134.071054,Cloud to Ground,-11634,0,7
2026-09-02T00:23:28.856876615Z,15.423455,134.024164,Cloud to Ground,-10770,0,11
2026-09-02T00:23:29.388326889Z,15.363565,133.99969,Cloud to Ground,-10677,0,8
2026-09-02T00:23:27.976305111Z,15.442376,134.021251,Cloud to Ground,-8695,0,7
2026-09-02T00:23:28.486676803Z,15.37932,134.069947,Cloud to Ground,14677,0,7
2026-09-02T00:23:31.386944751Z,5.336454,114.94365,Cloud to Cloud,11316,5574,11
2026-09-02T00:23:31.283595165Z,5.308394,114.943714,Cloud to Cloud,15982,7322,10
2026-09-02T00:23:30.858534372Z,5.3426,114.940692,Cloud to Ground,22885,0,15
2026-09-02T00:23:30.775044932Z,5.316758,114.968864,Cloud to Ground,32213,0,20
2026-09-02T00:23:30.714393434Z,5.324626,114.934845,Cloud to Ground,90280,0,9
2026-09-02T00:23:30.744814000Z,5.3259,114.8206,Cloud to Ground,-34655,0,7
2026-09-02T00:23:30.413002566Z,15.681775,133.278935,Cloud to Ground,-16702,0,7
2026-09-02T00:23:30.608572637Z,15.323097,134.162412,Cloud to Ground,-35260,0,8
2026-09-02T00:23:30.792291440Z,15.477935,134.014343,Cloud to Ground,-11073,0,12
2026-09-02T00:23:30.713396405Z,15.375548,134.091157,Cloud to Ground,13658,0,7
2026-09-02T00:23:30.919773568Z,15.431152,134.083837,Cloud to Ground,18250,0,12
2026-09-02T00:23:30.839229171Z,15.436607,134.073251,Cloud to Ground,19522,0,11
2026-09-02T00:23:30.105032903Z,15.80648,133.689844,Cloud to Ground,-17446,0,12
2026-09-02T00:23:30.389968668Z,15.77658,133.723998,Cloud to Ground,-9357,0,6
2026-09-02T00:23:32.665075321Z,14.883918,134.959002,Cloud to Ground,-11807,0,8
2026-09-02T00:23:32.804283129Z,14.866595,134.961996,Cloud to Cloud,13481,4358,12
2026-09-02T00:23:32.931421665Z,18.45528,132.732511,Cloud to Ground,-17376,0,12
2026-09-02T00:23:32.928272531Z,18.600958,132.688257,Cloud to Ground,-15025,0,12
2026-09-02T00:23:32.933988406Z,18.614255,132.69822,Cloud to Ground,-13239,0,11
2026-09-02T00:23:32.938325199Z,18.609913,132.714968,Cloud to Ground,-11159,0,12
2026-09-02T00:23:32.930655681Z,18.609045,132.688539,Cloud to Ground,-10959,0,6
2026-09-02T00:23:32.936962592Z,18.60558,132.71988,Cloud to Ground,-10777,0,5
2026-09-02T00:23:32.924364889Z,18.602721,132.687302,Cloud to Cloud,-9327,3620,11
2026-09-02T00:23:32.923748573Z,18.603066,132.68947,Cloud to Cloud,9986,15857,13
2026-09-02T00:23:32.925299587Z,18.600423,132.693255,Cloud to Ground,16758,0,11
2026-09-02T00:23:32.830483226Z,18.490845,132.836992,Cloud to Ground,21486,0,14
2026-09-02T00:23:31.996997356Z,18.495973,132.831899,Cloud to Ground,11991,0,11
2026-09-02T00:23:31.888441195Z,18.49476,132.831679,Cloud to Ground,30583,0,15
2026-09-02T00:23:32.083258019Z,18.492844,132.835885,Cloud to Ground,37385,0,17
2026-09-02T00:23:32.086358075Z,15.64088,132.947009,Cloud to Ground,-10655,0,8
2026-09-02T00:23:33.036664669Z,15.428129,134.127699,Cloud to Ground,9086,0,10
2026-09-02T00:23:33.156738127Z,15.42311,134.134071,Cloud to Ground,13433,0,8
2026-09-02T00:23:32.348349730Z,15.429578,134.129014,Cloud to Ground,15994,0,10
2026-09-02T00:23:32.304434945Z,15.433251,134.124813,Cloud to Ground,35953,0,13
2026-09-02T00:23:32.195041304Z,15.414241,134.138763,Cloud to Ground,49674,0,17
2026-09-02T00:23:32.973961454Z,15.414761,134.137544,Cloud to Ground,50092,0,12
2026-09-02T00:23:32.126401390Z,15.424347,134.132742,Cloud to Ground,61670,0,17
2026-09-02T00:23:34.011302670Z,15.316074,134.536186,Cloud to Ground,11120,0,10
2026-09-02T00:23:33.972726707Z,15.329129,134.519786,Cloud to Ground,13427,0,6
2026-09-02T00:23:33.207759825Z,15.488278,133.916523,Cloud to Ground,-10922,0,8
2026-09-02T00:23:33.707876295Z,15.346481,134.075608,Cloud to Ground,-16363,0,12
2026-09-02T00:23:34.563190252Z,18.800847,130.521681,Cloud to Ground,-14958,0,11
2026-09-02T00:23:34.367627760Z,18.802894,130.543358,Cloud to Ground,27756,0,10
2026-09-02T00:23:35.583866287Z,15.424334,133.904568,Cloud to Ground,-15483,0,12
2026-09-02T00:23:42.957296289Z,15.405596,134.096561,Cloud to Ground,-14164,0,13
2026-09-02T00:23:43.060401419Z,15.401644,134.009216,Cloud to Ground,-12474,0,9
2026-09-02T00:23:43.102605000Z,15.4377,133.9505,Cloud to Ground,8480,0,5
2026-09-02T00:23:42.720073672Z,15.424841,134.083667,Cloud to Ground,16932,0,11
2026-09-02T00:23:42.803989074Z,15.394112,134.106783,Cloud to Ground,17816,0,8
2026-09-02T00:23:42.763076745Z,15.40002,134.081544,Cloud to Ground,29856,0,9
2026-09-02T00:23:42.698361403Z,15.31535,134.524854,Cloud to Ground,-9851,0,6
2026-09-02T00:23:42.352725774Z,14.880446,134.762772,Cloud to Ground,39482,0,12
2026-09-02T00:23:43.610785259Z,3.773005,113.126344,Cloud to Ground,-8869,0,6
2026-09-02T00:23:43.219732224Z,15.683716,133.31396,Cloud to Cloud,9319,3337,8
2026-09-02T00:23:43.258884599Z,15.75846,133.287595,Cloud to Ground,11439,0,7
2026-09-02T00:23:43.059706455Z,18.420847,132.827116,Cloud to Ground,8965,0,13
2026-09-02T00:23:43.319026466Z,18.793448,130.491849,Cloud to Ground,-9654,0,10
2026-09-02T00:23:44.319351112Z,15.223699,134.710695,Cloud to Ground,-17008,0,10
2026-09-02T00:23:44.301787686Z,15.290686,134.654352,Cloud to Ground,-16089,0,12
2026-09-02T00:23:44.329252938Z,15.295591,134.657308,Cloud to Ground,-10493,0,12
2026-09-02T00:23:45.833380476Z,15.332005,134.515423,Cloud to Cloud,6659,3225,9
2026-09-02T00:23:45.835076093Z,15.314862,134.508055,Cloud to Cloud,12011,3148,11
2026-09-02T00:23:45.862683617Z,15.318815,134.506577,Cloud to Ground,14250,0,9
2026-09-02T00:23:46.037566614Z,15.314353,134.508441,Cloud to Ground,14417,0,12
2026-09-02T00:23:45.779660184Z,15.314813,134.51892,Cloud to Ground,16812,0,14
2026-09-02T00:23:45.027104085Z,15.505729,133.92654,Cloud to Ground,10677,0,10
2026-09-02T00:23:45.418138289Z,15.428888,134.049601,Cloud to Ground,-23178,0,9
2026-09-02T00:23:45.707337234Z,15.433623,134.03462,Cloud to Ground,-22668,0,12
2026-09-02T00:23:45.825492041Z,15.432125,134.082653,Cloud to Ground,-11411,0,6
2026-09-02T00:23:46.493747056Z,15.444641,134.105405,Cloud to Ground,12281,0,6
2026-09-02T00:23:45.943097198Z,15.45525,134.038263,Cloud to Ground,14467,0,9
2026-09-02T00:23:45.765128958Z,15.44648,134.046752,Cloud to Ground,15729,0,6
2026-09-02T00:23:45.524627082Z,18.426748,132.727537,Cloud to Cloud,-12270,7634,9
2026-09-02T00:23:45.020941744Z,18.423562,132.717268,Cloud to Ground,16447,0,9
2026-09-02T00:23:46.815311760Z,14.87971,134.784653,Cloud to Ground,16147,0,15
2026-09-02T00:23:47.868667524Z,15.312979,134.510021,Cloud to Ground,-19168,0,10
2026-09-02T00:23:48.253158454Z,3.749208,113.207735,Cloud to Ground,17476,0,7
2026-09-02T00:23:48.665308233Z,15.337396,134.141645,Cloud to Ground,-12219,0,9
2026-09-02T00:23:45.874269995Z,15.313153,134.021657,Cloud to Ground,-22223,0,12
2026-09-02T00:23:47.409383022Z,15.357015,134.051453,Cloud to Ground,-15114,0,7
2026-09-02T00:23:47.979053781Z,15.413639,134.053306,Cloud to Ground,-14401,0,8
2026-09-02T00:23:46.493227844Z,15.327432,134.005844,Cloud to Ground,-11102,0,9
2026-09-02T00:23:46.751702964Z,15.381708,133.962881,Cloud to Ground,-9839,0,7
2026-09-02T00:23:48.781688989Z,15.420439,134.078797,Cloud to Ground,12334,0,8
2026-09-02T00:23:48.534626432Z,15.421516,134.073618,Cloud to Ground,20257,0,11
2026-09-02T00:23:48.675800516Z,15.422349,134.0723,Cloud to Ground,22929,0,12
2026-09-02T00:23:48.611654421Z,15.427284,134.073596,Cloud to Ground,32161,0,14
2026-09-02T00:23:48.412341472Z,15.415602,134.08613,Cloud to Ground,37734,0,13
2026-09-02T00:23:48.067530982Z,15.419199,134.0791,Cloud to Ground,99620,0,18
2026-09-02T00:23:48.936189534Z,15.295247,134.522817,Cloud to Cloud,-10111,3100,12
2026-09-02T00:23:48.211728013Z,20.185914,115.542387,Cloud to Ground,24215,0,12
2026-09-02T00:23:49.417120225Z,15.321715,134.020312,Cloud to Ground,-14432,0,12
2026-09-02T00:23:49.674657292Z,15.613034,132.95841,Cloud to Ground,21025,0,10
2026-09-02T00:23:49.644750163Z,15.452233,133.483284,Cloud to Ground,-17897,0,10
2026-09-02T00:23:49.762304833Z,15.40438,134.110471,Cloud to Ground,-18992,0,14
2026-09-02T00:23:49.767338367Z,16.083713,133.496486,Cloud to Cloud,11295,6226,9
2026-09-02T00:23:50.614704573Z,15.486528,134.015042,Cloud to Ground,-18382,0,20
2026-09-02T00:23:50.585048533Z,15.475532,134.012314,Cloud to Cloud,-17206,7734,15
2026-09-02T00:23:50.633824301Z,15.429229,133.957973,Cloud to Ground,-16331,0,18
2026-09-02T00:23:50.852140244Z,15.367051,134.134734,Cloud to Ground,-36331,0,9
2026-09-02T00:23:51.300499593Z,15.375421,134.165069,Cloud to Ground,14463,0,10
2026-09-02T00:23:50.923889355Z,15.389355,134.14444,Cloud to Ground,32272,0,14
2026-09-02T00:23:51.003101472Z,15.392193,134.146757,Cloud to Ground,34909,0,19
2026-09-02T00:23:50.846200583Z,15.395967,134.145378,Cloud to Ground,84498,0,17
2026-09-02T00:23:50.490851799Z,15.334057,134.501138,Cloud to Ground,-9246,0,5
2026-09-02T00:23:51.810711026Z,15.590641,132.99166,Cloud to Ground,-15891,0,9
2026-09-02T00:23:51.644467590Z,15.607185,132.976982,Cloud to Ground,-13201,0,7
2026-09-02T00:23:51.758491334Z,15.354765,134.574547,Cloud to Ground,16425,0,14
2026-09-02T00:23:52.679230664Z,15.40019,134.12763,Cloud to Ground,12659,0,10
2026-09-02T00:23:52.643176739Z,15.399139,134.129339,Cloud to Ground,14087,0,14
2026-09-02T00:23:52.710652830Z,15.394122,134.130376,Cloud to Ground,14882,0,7
2026-09-02T00:23:52.497681566Z,15.400629,134.129227,Cloud to Ground,16460,0,13
2026-09-02T00:23:52.561835390Z,15.385829,134.139651,Cloud to Ground,39025,0,14
2026-09-02T00:23:52.453039794Z,15.38685,134.145442,Cloud to Ground,47713,0,16
2026-09-02T00:23:52.293727345Z,15.366999,134.03484,Cloud to Ground,-15875,0,14
2026-09-02T00:23:52.658181547Z,15.433434,134.005562,Cloud to Ground,-12922,0,11
2026-09-02T00:23:52.775782576Z,15.308541,134.693757,Cloud to Ground,-15811,0,7
2026-09-02T00:23:52.388048850Z,15.248829,134.716991,Cloud to Ground,-15036,0,6
2026-09-02T00:23:52.374227986Z,15.249846,134.719397,Cloud to Ground,-14537,0,8
2026-09-02T00:23:52.105107202Z,15.237447,134.718747,Cloud to Ground,-14165,0,15
2026-09-02T00:23:52.081303193Z,15.304783,134.670021,Cloud to Cloud,-10938,13485,15
2026-09-02T00:23:52.529480008Z,15.270373,134.768929,Cloud to Cloud,-9478,7901,7
2026-09-02T00:23:52.018139982Z,15.242969,134.725972,Cloud to Ground,-9317,0,5
2026-09-02T00:23:52.525008151Z,15.166261,134.735141,Cloud to Ground,29917,0,12
2026-09-02T00:23:53.706965232Z,15.365481,134.118783,Cloud to Ground,-27485,0,11
2026-09-02T00:24:02.578992191Z,15.238601,134.709301,Cloud to Ground,-13998,0,12
2026-09-02T00:24:02.588946067Z,15.25248,134.697981,Cloud to Ground,-11342,0,7
2026-09-02T00:24:02.600468881Z,15.257027,134.699525,Cloud to Ground,-9654,0,10
2026-09-02T00:24:02.992720365Z,15.234646,134.696763,Cloud to Ground,-6853,0,11
2026-09-02T00:24:02.400338098Z,15.336479,134.01894,Cloud to Ground,-53025,0,9
2026-09-02T00:24:02.227538632Z,15.471217,133.856894,Cloud to Ground,-19278,0,14
2026-09-02T00:24:03.742260463Z,18.799052,130.488927,Cloud to Ground,17332,0,11
2026-09-02T00:24:03.574401811Z,15.37126,134.080049,Cloud to Ground,-14900,0,8
2026-09-02T00:24:04.976172474Z,3.708997,112.919648,Cloud to Ground,-23547,0,17
2026-09-02T00:24:11.701426563Z,18.434047,132.818344,Cloud to Ground,53927,0,16
2026-09-02T00:24:11.530207710Z,18.440788,132.809042,Cloud to Ground,67856,0,16
2026-09-02T00:24:11.957366326Z,15.482556,134.004267,Cloud to Ground,-15397,0,8
2026-09-02T00:24:12.637382271Z,3.735951,113.162897,Cloud to Cloud,8335,4637,7
2026-09-02T00:24:12.480683763Z,18.835149,130.529138,Cloud to Ground,-13783,0,9
2026-09-02T00:24:12.557559142Z,18.839997,130.568723,Cloud to Ground,-7780,0,7
2026-09-02T00:24:12.575034721Z,15.351257,134.639114,Cloud to Ground,-12454,0,11
2026-09-02T00:24:12.241845972Z,15.245219,134.706396,Cloud to Ground,7424,0,10
2026-09-02T00:24:13.051787164Z,15.467637,133.993015,Cloud to Cloud,-13070,3064,6
2026-09-02T00:24:12.762483224Z,15.417537,134.016995,Cloud to Ground,-13064,0,7
2026-09-02T00:24:12.833918513Z,15.450569,134.015017,Cloud to Ground,-12269,0,8
2026-09-02T00:24:12.791373919Z,15.444447,134.020808,Cloud to Ground,12596,0,7
2026-09-02T00:24:13.279914807Z,15.348757,134.055875,Cloud to Ground,13715,0,6
2026-09-02T00:24:13.731146314Z,15.388526,134.154598,Cloud to Ground,67138,0,17
2026-09-02T00:24:13.835516513Z,16.161349,132.833404,Cloud to Ground,15633,0,12
2026-09-02T00:24:13.904223121Z,16.153958,132.796644,Cloud to Ground,22557,0,11
2026-09-02T00:24:14.182337351Z,15.345187,134.017799,Cloud to Ground,-21473,0,10
2026-09-02T00:24:15.427362575Z,15.423363,134.065674,Cloud to Ground,-22581,0,16
2026-09-02T00:24:15.068288510Z,15.303243,134.142914,Cloud to Ground,-17225,0,10
2026-09-02T00:24:15.130692445Z,15.412824,134.068844,Cloud to Ground,-17168,0,11
2026-09-02T00:24:14.875549186Z,15.372281,134.144964,Cloud to Ground,-11217,0,13
2026-09-02T00:24:14.775664572Z,15.364328,134.153705,Cloud to Ground,-11126,0,5
2026-09-02T00:24:14.954453736Z,15.444729,134.12194,Cloud to Cloud,-8470,3158,6
2026-09-02T00:24:14.855139815Z,15.3866,134.140943,Cloud to Cloud,8790,3035,7
2026-09-02T00:24:15.939161955Z,15.395744,134.041651,Cloud to Ground,16101,0,10
2026-09-02T00:24:15.208784311Z,15.316672,134.139535,Cloud to Ground,17374,0,6
2026-09-02T00:24:15.610997265Z,15.357922,134.141935,Cloud to Ground,18465,0,11
2026-09-02T00:24:15.502928575Z,15.347637,134.146059,Cloud to Ground,19217,0,12
2026-09-02T00:24:16.711422236Z,15.344204,134.10693,Cloud to Ground,-15362,0,9
2026-09-02T00:24:16.519969910Z,15.412933,134.137576,Cloud to Ground,19854,0,7
2026-09-02T00:24:16.627637373Z,15.401929,134.149529,Cloud to Ground,20317,0,9
2026-09-02T00:24:16.583398566Z,15.383482,134.142605,Cloud to Ground,21977,0,8
2026-09-02T00:24:16.869740688Z,15.29965,134.634274,Cloud to Cloud,-10625,3181,12
2026-09-02T00:24:17.446337501Z,4.951376,114.503679,Cloud to Ground,-23091,0,14
2026-09-02T00:24:17.211583702Z,9.488465,112.592745,Cloud to Ground,8678,0,9
2026-09-02T00:24:17.807231572Z,15.437132,133.659553,Cloud to Ground,-9403,0,10
2026-09-02T00:24:17.854938817Z,15.45291,133.670558,Cloud to Ground,7391,0,11
2026-09-02T00:24:17.805763991Z,15.45903,133.661828,Cloud to Ground,13545,0,8
2026-09-02T00:24:17.707944223Z,15.417467,133.68464,Cloud to Ground,43114,0,9
2026-09-02T00:24:18.397673435Z,3.812837,113.135805,Cloud to Ground,-10684,0,8
2026-09-02T00:24:19.161515226Z,14.905688,134.93954,Cloud to Ground,-12980,0,8
2026-09-02T00:24:19.102137304Z,14.861491,134.952745,Cloud to Ground,16634,0,6
2026-09-02T00:24:19.028462738Z,15.33322,134.08881,Cloud to Ground,-69311,0,8
2026-09-02T00:24:18.670214306Z,15.294343,134.133128,Cloud to Ground,-18281,0,7
2026-09-02T00:24:19.058924000Z,15.3534,134.1565,Cloud to Ground,-16369,0,8
2026-09-02T00:24:19.060746260Z,15.359399,134.226826,Cloud to Ground,8527,0,6
2026-09-02T00:24:19.168691898Z,15.355325,134.232156,Cloud to Ground,9456,0,6
2026-09-02T00:24:18.504371230Z,15.346432,134.056597,Cloud to Ground,13736,0,7
2026-09-02T00:24:19.263876000Z,15.3201,134.1113,Cloud to Ground,20932,0,6
2026-09-02T00:24:19.690557347Z,15.356155,134.246707,Cloud to Ground,29609,0,11
2026-09-02T00:24:19.119070929Z,15.335692,134.246643,Cloud to Ground,40422,0,16
2026-09-02T00:24:19.020675354Z,15.339005,134.264064,Cloud to Ground,78330,0,19
2026-09-02T00:24:20.759509515Z,15.352355,134.57709,Cloud to Ground,14341,0,6
2026-09-02T00:24:27.098751952Z,15.452784,134.029123,Cloud to Ground,30904,0,13
2026-09-02T00:24:28.272059809Z,6.082958,115.781672,Cloud to Cloud,-23956,7331,14
2026-09-02T00:24:28.240562809Z,5.982384,115.686977,Cloud to Ground,16803,0,15
2026-09-02T00:24:28.110016007Z,15.482142,134.045049,Cloud to Ground,-20995,0,15
2026-09-02T00:24:28.988905753Z,15.382405,134.100701,Cloud to Ground,-10924,0,10
2026-09-02T00:24:28.677817964Z,15.366569,134.155245,Cloud to Ground,102966,0,21
2026-09-02T00:24:29.283591822Z,15.468699,133.643039,Cloud to Cloud,7370,3049,7
2026-09-02T00:24:29.579013818Z,15.629403,132.806515,Cloud to Ground,14658,0,10
2026-09-02T00:24:29.076181091Z,15.384984,133.937604,Cloud to Ground,-9956,0,10
2026-09-02T00:24:29.154830348Z,15.403833,133.896359,Cloud to Ground,-8581,0,12
2026-09-02T00:24:29.916984054Z,15.420757,133.988583,Cloud to Ground,-25325,0,24
2026-09-02T00:24:29.366098317Z,15.491043,134.049486,Cloud to Ground,-13905,0,13
2026-09-02T00:24:29.934274233Z,15.425623,134.025745,Cloud to Ground,-11069,0,11
2026-09-02T00:24:30.082338784Z,15.439584,134.131071,Cloud to Ground,13792,0,13
2026-09-02T00:24:30.037969425Z,15.441864,134.125452,Cloud to Ground,17699,0,13
2026-09-02T00:24:30.311762252Z,15.431935,134.133047,Cloud to Ground,17725,0,13
2026-09-02T00:24:30.369376895Z,15.431649,134.13308,Cloud to Ground,24158,0,14
2026-09-02T00:24:29.271538532Z,15.31542,134.647443,Cloud to Ground,-9480,0,10
2026-09-02T00:24:31.660336662Z,15.276746,134.689943,Cloud to Ground,-11066,0,15
2026-09-02T00:24:31.556023466Z,15.245146,134.718249,Cloud to Ground,-9821,0,8
2026-09-02T00:24:31.553993249Z,15.230751,134.735668,Cloud to Cloud,-6677,3027,7
2026-09-02T00:24:31.608095726Z,15.226084,134.741542,Cloud to Ground,9131,0,14
2026-09-02T00:24:31.552546655Z,15.227653,134.759364,Cloud to Ground,13767,0,7
2026-09-02T00:24:32.779854019Z,15.342283,134.533886,Cloud to Ground,27449,0,12
2026-09-02T00:24:33.052045815Z,15.395566,133.955963,Cloud to Ground,-10831,0,8
2026-09-02T00:24:40.397350792Z,15.256433,134.690886,Cloud to Ground,-13332,0,9
2026-09-02T00:24:40.575065668Z,15.236256,134.705755,Cloud to Cloud,-7908,3222,9
2026-09-02T00:24:40.848252155Z,15.243439,134.718744,Cloud to Ground,7136,0,11
2026-09-02T00:24:40.670134813Z,15.229113,134.577843,Cloud to Cloud,-8078,5551,8
2026-09-02T00:24:40.581626914Z,15.427217,134.120641,Cloud to Ground,-11577,0,6
2026-09-02T00:24:41.671487975Z,15.516019,134.003532,Cloud to Ground,-13080,0,7
2026-09-02T00:24:42.182120912Z,15.398389,134.135675,Cloud to Cloud,13082,3030,10
2026-09-02T00:24:42.007652936Z,15.400496,134.136801,Cloud to Ground,13800,0,14
2026-09-02T00:24:42.075116255Z,15.406982,134.132736,Cloud to Ground,21474,0,14
2026-09-02T00:24:41.923775216Z,15.393221,134.140884,Cloud to Ground,47143,0,16
2026-09-02T00:24:41.846229119Z,16.646261,133.180971,Cloud to Ground,-8730,0,7
2026-09-02T00:24:42.584318249Z,15.454053,133.637032,Cloud to Ground,-12261,0,5
2026-09-02T00:24:42.580956639Z,15.334655,134.492045,Cloud to Ground,-15150,0,16
2026-09-02T00:24:43.840811309Z,15.356952,134.15369,Cloud to Ground,-43394,0,11
2026-09-02T00:24:43.743975252Z,15.342418,134.25314,Cloud to Ground,-12164,0,10
2026-09-02T00:24:43.970353201Z,15.434194,134.105789,Cloud to Ground,-11929,0,8
2026-09-02T00:24:43.786535312Z,15.342241,134.253232,Cloud to Cloud,-11336,3129,14
2026-09-02T00:24:44.024733431Z,15.401315,134.161357,Cloud to Cloud,11073,5389,6
2026-09-02T00:24:43.830992803Z,15.342285,134.248408,Cloud to Ground,11814,0,10
2026-09-02T00:24:44.113681282Z,15.373686,134.083118,Cloud to Ground,11869,0,6
2026-09-02T00:24:43.932869781Z,15.380072,134.172556,Cloud to Ground,12200,0,10
2026-09-02T00:24:43.876233605Z,15.35057,134.240698,Cloud to Ground,12502,0,10
2026-09-02T00:24:43.915938314Z,15.345077,134.241148,Cloud to Cloud,12760,9015,9
2026-09-02T00:24:44.044873825Z,15.38704,134.158521,Cloud to Cloud,12841,4066,6
2026-09-02T00:24:43.523080832Z,15.402826,134.110194,Cloud to Ground,13848,0,6
2026-09-02T00:24:44.213218975Z,15.351083,134.171963,Cloud to Ground,14526,0,9
2026-09-02T00:24:43.861476669Z,15.344254,134.110075,Cloud to Ground,15404,0,8
2026-09-02T00:24:43.768502036Z,15.413529,134.202055,Cloud to Ground,18836,0,9
2026-09-02T00:24:43.354163163Z,15.387215,134.124887,Cloud to Ground,22990,0,13
2026-09-02T00:24:43.722461815Z,15.332938,134.260571,Cloud to Ground,74481,0,18
2026-09-02T00:24:44.479520863Z,15.295556,134.888192,Cloud to Ground,-13846,0,5
2026-09-02T00:24:44.451695374Z,15.357449,134.864317,Cloud to Ground,-13040,0,7
2026-09-02T00:24:44.871172716Z,15.35529,134.483023,Cloud to Cloud,-14759,3104,14
2026-09-02T00:24:44.810466364Z,15.336513,134.518425,Cloud to Ground,-9789,0,9
2026-09-02T00:24:45.315163608Z,15.366871,134.453303,Cloud to Ground,10409,0,12
2026-09-02T00:24:45.265169488Z,15.360096,134.455089,Cloud to Ground,10510,0,10
2026-09-02T00:24:45.249097576Z,15.363867,134.458122,Cloud to Ground,11349,0,10
2026-09-02T00:24:44.906617878Z,15.372828,134.445462,Cloud to Ground,11698,0,13
2026-09-02T00:24:44.509174544Z,15.367665,134.451044,Cloud to Cloud,11965,3110,6
2026-09-02T00:24:45.066259289Z,15.357523,134.457518,Cloud to Ground,15547,0,14
2026-09-02T00:24:44.453763402Z,15.36545,134.45025,Cloud to Ground,15613,0,12
2026-09-02T00:24:44.867189422Z,15.373666,134.451148,Cloud to Ground,39081,0,11
2026-09-02T00:24:44.016480526Z,15.369482,133.933086,Cloud to Ground,-8750,0,7
2026-09-02T00:24:45.871000000Z,15.4407,134.0437,Cloud to Ground,-13117,0,9
2026-09-02T00:24:45.745464206Z,15.429585,134.10773,Cloud to Ground,16956,0,7
2026-09-02T00:24:45.769159628Z,14.928108,134.947139,Cloud to Ground,-11393,0,8
2026-09-02T00:24:46.771448262Z,15.655286,133.054198,Cloud to Ground,8404,0,10
2026-09-02T00:24:46.697434163Z,15.652963,133.023592,Cloud to Ground,11552,0,9
2026-09-02T00:24:46.697865299Z,15.64525,133.061029,Cloud to Ground,37869,0,14
2026-09-02T00:24:46.867035815Z,15.252046,134.737372,Cloud to Cloud,-9499,7979,11
2026-09-02T00:24:46.833852802Z,15.256282,134.72052,Cloud to Ground,-8201,0,6
2026-09-02T00:24:48.334252192Z,15.339992,134.143671,Cloud to Ground,-16820,0,9
2026-09-02T00:24:48.351495080Z,15.350195,134.150807,Cloud to Ground,-14610,0,8
2026-09-02T00:24:47.260737641Z,15.459558,134.098332,Cloud to Ground,-10863,0,8
2026-09-02T00:24:46.801583469Z,15.413672,134.154963,Cloud to Cloud,12239,5902,10
2026-09-02T00:24:47.857818433Z,15.402191,134.117526,Cloud to Ground,13344,0,9
2026-09-02T00:24:48.259819828Z,15.346961,134.150211,Cloud to Ground,16577,0,7
2026-09-02T00:24:47.780865200Z,15.400276,134.02568,Cloud to Ground,17924,0,10
2026-09-02T00:24:47.814710584Z,15.396902,134.118399,Cloud to Ground,21906,0,12
2026-09-02T00:24:47.709844139Z,15.386007,134.133732,Cloud to Ground,30848,0,16
2026-09-02T00:24:47.025613483Z,15.340987,134.662621,Cloud to Ground,11701,0,10
2026-09-02T00:24:48.144257291Z,15.24584,134.658131,Cloud to Ground,-8543,0,7
2026-09-02T00:24:48.394526956Z,15.225045,134.680722,Cloud to Ground,-8358,0,11
2026-09-02T00:24:48.375457664Z,15.186174,134.705492,Cloud to Cloud,7204,5495,7
2026-09-02T00:24:48.493459680Z,15.160966,134.730474,Cloud to Ground,16556,0,10
2026-09-02T00:24:49.545935337Z,15.812794,133.254147,Cloud to Ground,-22428,0,10
2026-09-02T00:24:50.399672577Z,15.466386,133.999607,Cloud to Ground,-11890,0,6
2026-09-02T00:24:57.601417885Z,15.345934,134.245658,Cloud to Ground,11696,0,9
2026-09-02T00:24:57.576072167Z,15.342243,134.247594,Cloud to Ground,24761,0,13
2026-09-02T00:24:57.896917256Z,15.470489,134.029878,Cloud to Ground,-18415,0,14
2026-09-02T00:24:57.916711919Z,15.468042,134.044913,Cloud to Ground,-15597,0,16
2026-09-02T00:24:58.342318150Z,15.474389,134.035734,Cloud to Ground,-11738,0,6
2026-09-02T00:24:57.938643567Z,15.412125,134.106991,Cloud to Ground,-7373,0,7
2026-09-02T00:24:57.956721184Z,15.445591,134.107908,Cloud to Ground,13653,0,5
2026-09-02T00:24:58.126153013Z,15.415379,134.10452,Cloud to Ground,14665,0,6
2026-09-02T00:24:58.851938685Z,18.788864,130.468485,Cloud to Cloud,-15193,3125,9
2026-09-02T00:24:58.507757480Z,18.447561,132.811157,Cloud to Ground,-11647,0,13
2026-09-02T00:24:58.494922545Z,15.341368,134.526054,Cloud to Ground,11986,0,7
2026-09-02T00:24:58.575294659Z,15.354564,134.535415,Cloud to Ground,12010,0,7
2026-09-02T00:24:58.493263637Z,15.35755,134.534532,Cloud to Ground,20139,0,15
2026-09-02T00:24:58.641249932Z,15.336437,134.550935,Cloud to Ground,31786,0,16
2026-09-02T00:24:58.416918559Z,18.407514,132.615261,Cloud to Cloud,-21029,15037,12
2026-09-02T00:24:59.566691910Z,3.822393,113.180031,Cloud to Ground,15656,0,18
2026-09-02T00:24:59.466893530Z,5.997631,115.805325,Cloud to Ground,17647,0,12
2026-09-02T00:24:59.631393340Z,6.004822,115.830029,Cloud to Ground,19866,0,16
2026-09-02T00:24:59.229962641Z,14.883705,134.939305,Cloud to Ground,-13087,0,7
2026-09-02T00:25:00.754598777Z,3.651974,113.052889,Cloud to Ground,15383,0,16
2026-09-02T00:25:07.956013322Z,15.277331,134.629788,Cloud to Ground,-10470,0,8
2026-09-02T00:25:07.991986936Z,15.227182,134.707843,Cloud to Ground,-19117,0,7
2026-09-02T00:25:08.290794690Z,15.242098,134.721226,Cloud to Cloud,7006,16829,11
2026-09-02T00:25:08.630006361Z,18.547436,132.779959,Cloud to Ground,-9648,0,9
2026-09-02T00:25:08.374803578Z,18.460743,132.832508,Cloud to Cloud,6821,7289,9
2026-09-02T00:25:07.930156371Z,18.46755,132.822488,Cloud to Ground,10676,0,15
2026-09-02T00:25:08.263341514Z,18.463269,132.829899,Cloud to Ground,11958,0,11
2026-09-02T00:25:07.746923421Z,18.460795,132.827732,Cloud to Ground,13489,0,13
2026-09-02T00:25:07.895812476Z,18.461798,132.826147,Cloud to Ground,19022,0,17
2026-09-02T00:25:07.713377279Z,18.464181,132.830762,Cloud to Ground,27838,0,15
2026-09-02T00:25:07.777585298Z,18.465156,132.82775,Cloud to Ground,34589,0,13
2026-09-02T00:25:08.211142320Z,18.460501,132.836877,Cloud to Ground,35583,0,15
2026-09-02T00:25:08.395645877Z,18.451781,132.68089,Cloud to Ground,-10429,0,8
2026-09-02T00:25:08.852412661Z,18.488656,132.689182,Cloud to Ground,8577,0,12
2026-09-02T00:25:09.748499822Z,4.947959,114.556727,Cloud to Ground,-19203,0,22
2026-09-02T00:25:09.740801513Z,4.960703,114.587096,Cloud to Cloud,-16492,19053,14
2026-09-02T00:25:09.786227249Z,4.94731,114.560664,Cloud to Ground,-16129,0,13
2026-09-02T00:25:09.772428459Z,4.972116,114.569725,Cloud to Ground,20321,0,11
2026-09-02T00:25:09.408098812Z,16.597698,133.201032,Cloud to Cloud,-9836,17202,13
2026-09-02T00:25:09.306978703Z,15.814747,133.227741,Cloud to Ground,11060,0,7
2026-09-02T00:25:09.119291890Z,15.757498,133.249521,Cloud to Ground,18134,0,12
2026-09-02T00:25:09.485982307Z,18.795963,130.481708,Cloud to Ground,22136,0,10
2026-09-02T00:25:09.396228685Z,15.386528,134.157128,Cloud to Ground,-13518,0,6
2026-09-02T00:25:10.535013288Z,15.316093,134.592668,Cloud to Ground,-34922,0,15
2026-09-02T00:25:10.794723575Z,15.335846,134.581802,Cloud to Ground,11051,0,12
2026-09-02T00:25:10.821499261Z,15.381979,134.555653,Cloud to Ground,12092,0,7
2026-09-02T00:25:10.586058234Z,15.330467,134.580869,Cloud to Ground,18963,0,14
2026-09-02T00:25:10.562932172Z,15.339525,134.581676,Cloud to Ground,40629,0,18
2026-09-02T00:25:10.689887840Z,15.32902,134.583418,Cloud to Ground,49415,0,22
2026-09-02T00:25:10.526819388Z,15.574975,133.445007,Cloud to Ground,21220,0,7
2026-09-02T00:25:10.285247603Z,15.608934,133.403191,Cloud to Ground,35576,0,14
2026-09-02T00:25:10.494301074Z,15.351509,134.104988,Cloud to Ground,-14196,0,8
2026-09-02T00:25:10.349846644Z,15.41801,134.125416,Cloud to Cloud,9953,4611,5
2026-09-02T00:25:10.326687243Z,15.418123,134.134417,Cloud to Ground,49615,0,15
2026-09-02T00:25:11.677181834Z,15.622114,133.043872,Cloud to Ground,64827,0,14
2026-09-02T00:25:11.418364023Z,15.399415,134.133438,Cloud to Cloud,10830,4110,8
2026-09-02T00:25:11.817849169Z,15.395337,133.962669,Cloud to Ground,-11835,0,8
2026-09-02T00:25:11.437186251Z,15.341362,133.956809,Cloud to Cloud,14685,18196,10
2026-09-02T00:25:12.991703373Z,15.476889,133.036963,Cloud to Ground,37728,0,10
2026-09-02T00:25:12.972867045Z,15.389742,134.127985,Cloud to Ground,11044,0,5
2026-09-02T00:25:12.930155962Z,15.377644,134.125718,Cloud to Ground,11561,0,13
2026-09-02T00:25:13.201163772Z,15.38126,134.147355,Cloud to Cloud,11572,3000,7
2026-09-02T00:25:12.921959671Z,15.378009,134.146084,Cloud to Cloud,12003,12391,5
2026-09-02T00:25:13.139655092Z,15.378638,134.142792,Cloud to Ground,12798,0,8
2026-09-02T00:25:12.957054753Z,15.373424,134.143621,Cloud to Ground,20621,0,15
2026-09-02T00:25:13.020759900Z,15.390843,134.119735,Cloud to Ground,23936,0,14
2026-09-02T00:25:13.116924848Z,15.375803,134.145914,Cloud to Ground,24716,0,13
2026-09-02T00:25:13.069168378Z,15.384271,134.143758,Cloud to Ground,26765,0,12
2026-09-02T00:25:12.890621148Z,15.386494,134.144211,Cloud to Ground,92873,0,14
2026-09-02T00:25:12.500832647Z,15.34545,134.362937,Cloud to Ground,12094,0,8
2026-09-02T00:25:13.265902282Z,15.310526,134.35353,Cloud to Ground,-9839,0,6
2026-09-02T00:25:14.213646425Z,15.352905,134.126091,Cloud to Ground,-25593,0,6
2026-09-02T00:25:24.129265543Z,15.412444,134.191212,Cloud to Ground,-34860,0,12
2026-09-02T00:25:24.145941740Z,15.329045,134.25818,Cloud to Ground,-13281,0,12
2026-09-02T00:25:24.465089250Z,15.342562,134.252224,Cloud to Cloud,-7731,3983,6
2026-09-02T00:25:24.624061294Z,15.357958,134.242659,Cloud to Ground,11663,0,8
2026-09-02T00:25:24.271708512Z,15.332154,134.267644,Cloud to Ground,14157,0,12
2026-09-02T00:25:25.104801657Z,15.345493,134.253472,Cloud to Ground,23392,0,14
2026-09-02T00:25:24.566379528Z,15.344397,134.249485,Cloud to Ground,29648,0,13
2026-09-02T00:25:24.304885545Z,15.330186,134.282095,Cloud to Ground,30524,0,14
2026-09-02T00:25:24.464099485Z,15.34038,134.253104,Cloud to Ground,46799,0,13
2026-09-02T00:25:26.859268416Z,15.29454,134.582723,Cloud to Cloud,-7351,3032,10
2026-09-02T00:25:27.136984104Z,6.039265,115.798055,Cloud to Cloud,-8559,3482,7
2026-09-02T00:25:27.228342256Z,5.991968,115.798269,Cloud to Cloud,8852,6894,8
2026-09-02T00:25:27.201289231Z,5.995694,115.813258,Cloud to Ground,20323,0,16
2026-09-02T00:25:27.135033424Z,5.996517,115.825293,Cloud to Ground,29976,0,20
2026-09-02T00:25:28.095487310Z,15.408814,133.6815,Cloud to Ground,-16774,0,8
2026-09-02T00:25:35.439948838Z,15.470066,133.640546,Cloud to Cloud,-18233,7404,8
2026-09-02T00:25:36.791557268Z,15.130976,134.709911,Cloud to Ground,-10254,0,8
2026-09-02T00:25:42.873362650Z,15.415149,134.035244,Cloud to Cloud,10537,5783,7
2026-09-02T00:25:43.788806765Z,15.400677,134.112363,Cloud to Ground,27753,0,14
2026-09-02T00:25:43.371684166Z,15.404773,134.109583,Cloud to Ground,29837,0,13
2026-09-02T00:25:44.666464961Z,15.422143,134.149487,Cloud to Ground,-13532,0,10
2026-09-02T00:25:44.553082627Z,15.338626,134.45446,Cloud to Ground,16316,0,16
2026-09-02T00:25:45.566746203Z,3.717976,113.113756,Cloud to Ground,-7796,0,6
2026-09-02T00:25:45.951599293Z,15.363364,134.021514,Cloud to Ground,-32688,0,14
2026-09-02T00:25:45.326509483Z,15.36135,134.05902,Cloud to Ground,-18801,0,14
2026-09-02T00:25:45.777220120Z,15.33079,134.078554,Cloud to Ground,-16210,0,7
2026-09-02T00:25:45.719915058Z,15.337306,134.070854,Cloud to Ground,-15562,0,14
2026-09-02T00:25:45.761439511Z,15.322394,134.089758,Cloud to Ground,-13032,0,7
2026-09-02T00:25:45.652178517Z,15.314802,133.946296,Cloud to Ground,-10930,0,6
2026-09-02T00:25:46.915738511Z,15.481441,133.095669,Cloud to Ground,-10548,0,7
2026-09-02T00:25:46.728999796Z,14.829008,134.98148,Cloud to Ground,16837,0,11
2026-09-02T00:25:46.639651137Z,14.82751,134.970768,Cloud to Ground,19952,0,15
2026-09-02T00:25:47.302088491Z,15.307221,134.220411,Cloud to Ground,12697,0,6
2026-09-02T00:25:47.260087357Z,15.6408,133.035789,Cloud to Ground,-13862,0,8
2026-09-02T00:25:48.566186948Z,15.380414,133.940835,Cloud to Cloud,10438,3052,8
2026-09-02T00:25:55.686056137Z,15.297224,134.873901,Cloud to Ground,8446,0,8
2026-09-02T00:25:55.407653094Z,15.295563,134.868334,Cloud to Cloud,10026,13334,8
2026-09-02T00:25:55.309713146Z,15.273633,134.88625,Cloud to Ground,20454,0,16
2026-09-02T00:25:55.370140492Z,15.274063,134.882951,Cloud to Ground,20756,0,16
2026-09-02T00:25:55.186508166Z,15.29435,134.877901,Cloud to Ground,60483,0,16
2026-09-02T00:25:55.263346914Z,15.281896,134.883884,Cloud to Ground,66017,0,18
2026-09-02T00:25:55.748373804Z,14.928121,134.996297,Cloud to Cloud,-15088,3125,7
2026-09-02T00:25:55.000392107Z,15.447041,133.682088,Cloud to Ground,31578,0,17
2026-09-02T00:25:55.230520474Z,15.373873,133.962305,Cloud to Ground,-12524,0,7
2026-09-02T00:25:56.867586411Z,15.275078,134.500099,Cloud to Ground,-13985,0,18
2026-09-02T00:25:57.794919857Z,9.473628,112.68621,Cloud to Ground,-19708,0,15
2026-09-02T00:25:57.796540393Z,9.489865,112.645106,Cloud to Cloud,-7009,6773,7
2026-09-02T00:25:57.795480228Z,9.475639,112.604039,Cloud to Cloud,8235,3565,8
2026-09-02T00:25:57.794041049Z,9.480341,112.603917,Cloud to Ground,15224,0,7
2026-09-02T00:25:57.999877983Z,15.992855,133.025205,Cloud to Ground,-10488,0,14
2026-09-02T00:25:57.370531608Z,15.288613,134.876489,Cloud to Ground,13240,0,6
2026-09-02T00:25:57.800025427Z,15.243215,134.7283,Cloud to Ground,-15645,0,10
2026-09-02T00:25:57.934136578Z,15.227146,134.72578,Cloud to Ground,-13344,0,6
2026-09-02T00:25:57.320435423Z,15.256091,134.737535,Cloud to Ground,-11872,0,8
2026-09-02T00:25:58.096611902Z,15.186968,134.738957,Cloud to Ground,-9961,0,7
2026-09-02T00:25:58.097579032Z,15.219968,134.711184,Cloud to Ground,-9389,0,6
2026-09-02T00:25:57.447008912Z,15.310863,134.702925,Cloud to Cloud,-8982,7965,12
2026-09-02T00:25:57.119950428Z,15.245876,134.748985,Cloud to Ground,7660,0,7
2026-09-02T00:25:57.873982205Z,15.25801,134.698399,Cloud to Ground,10321,0,7
2026-09-02T00:25:57.831503000Z,15.2243,134.6257,Cloud to Ground,12232,0,9
2026-09-02T00:25:57.183471269Z,15.256866,134.751545,Cloud to Ground,18107,0,11
2026-09-02T00:25:57.119459741Z,15.291252,134.691741,Cloud to Ground,46389,0,17
2026-09-02T00:25:57.457031585Z,15.361804,134.155692,Cloud to Ground,-21127,0,10
2026-09-02T00:25:57.367195694Z,15.359374,134.112051,Cloud to Ground,-11322,0,9
2026-09-02T00:25:56.970967326Z,15.419863,134.05625,Cloud to Ground,-9601,0,7
2026-09-02T00:25:57.282805451Z,15.357613,134.132622,Cloud to Cloud,7781,4851,9
2026-09-02T00:25:57.381891622Z,15.360142,134.125427,Cloud to Ground,15444,0,9
2026-09-02T00:25:58.169504938Z,15.448259,133.638864,Cloud to Ground,-12828,0,7
2026-09-02T00:25:58.141020205Z,15.457182,133.630526,Cloud to Cloud,-11519,7047,16
2026-09-02T00:25:58.291620317Z,15.443283,134.086201,Cloud to Cloud,-10902,3303,7
2026-09-02T00:25:58.390753317Z,15.408871,134.13804,Cloud to Ground,11224,0,6
2026-09-02T00:25:58.979862276Z,15.333458,134.588378,Cloud to Ground,9173,0,13
2026-09-02T00:25:58.928107249Z,15.336969,134.583148,Cloud to Ground,24807,0,14
2026-09-02T00:25:58.959274657Z,15.33265,134.592358,Cloud to Ground,30833,0,16
2026-09-02T00:25:58.879242501Z,15.320922,134.602235,Cloud to Ground,33135,0,18
2026-09-02T00:25:58.017220023Z,15.289074,134.528752,Cloud to Ground,13880,0,10
2026-09-02T00:25:59.373520479Z,15.719219,133.314236,Cloud to Ground,-12265,0,5
2026-09-02T00:26:00.409428954Z,15.412653,134.044767,Cloud to Ground,-12641,0,12
2026-09-02T00:26:00.910099644Z,15.401454,134.120891,Cloud to Cloud,10093,13614,10
2026-09-02T00:26:00.883028385Z,15.398809,134.121755,Cloud to Ground,11769,0,9
2026-09-02T00:26:00.754784029Z,15.402808,134.117554,Cloud to Ground,11955,0,12
2026-09-02T00:26:00.808052131Z,15.387696,134.127357,Cloud to Ground,13031,0,10
2026-09-02T00:26:00.933465863Z,15.404693,134.119933,Cloud to Ground,13072,0,8
2026-09-02T00:26:00.782401040Z,15.3986,134.119893,Cloud to Ground,14879,0,9
2026-09-02T00:26:01.128783902Z,15.41097,134.105,Cloud to Ground,14929,0,9
2026-09-02T00:25:59.941080250Z,15.403389,134.039145,Cloud to Ground,17263,0,9
2026-09-02T00:26:00.732553161Z,15.398208,134.117838,Cloud to Ground,17560,0,11
2026-09-02T00:26:01.188010112Z,15.396178,134.093284,Cloud to Ground,17700,0,13
2026-09-02T00:26:00.589287677Z,15.403949,134.117016,Cloud to Ground,44417,0,12
2026-09-02T00:26:00.407610932Z,15.400115,134.116777,Cloud to Ground,89627,0,15
2026-09-02T00:26:01.256096383Z,16.494383,133.818713,Cloud to Cloud,-18303,3265,13
2026-09-02T00:26:01.251549309Z,16.483356,133.82352,Cloud to Ground,-11054,0,8
2026-09-02T00:26:01.260573291Z,16.481029,133.850718,Cloud to Ground,-8054,0,6
2026-09-02T00:26:02.293188038Z,15.234297,134.202194,Cloud to Ground,-20166,0,8
2026-09-02T00:26:02.479991705Z,15.438731,134.074621,Cloud to Ground,12030,0,12
2026-09-02T00:26:02.455262130Z,15.367324,134.104148,Cloud to Ground,19725,0,10
2026-09-02T00:26:02.113358781Z,15.415247,133.891166,Cloud to Ground,8367,0,7
2026-09-02T00:26:02.132634439Z,15.246082,134.677093,Cloud to Ground,-9741,0,7
2026-09-02T00:26:03.079010836Z,4.947377,114.575898,Cloud to Cloud,-12858,5819,8
2026-09-02T00:26:03.235492761Z,15.616355,132.859859,Cloud to Ground,19077,0,16
2026-09-02T00:26:04.190788333Z,15.284555,134.696077,Cloud to Ground,-49849,0,14
2026-09-02T00:26:12.914908893Z,15.484479,134.088153,Cloud to Ground,-13192,0,8
2026-09-02T00:26:12.418503669Z,14.912421,134.990969,Cloud to Ground,23579,0,15
2026-09-02T00:26:13.935959959Z,15.409679,134.172978,Cloud to Ground,-15510,0,8
2026-09-02T00:26:13.789593186Z,15.412045,134.170889,Cloud to Ground,17777,0,6
2026-09-02T00:26:14.017718169Z,15.307963,134.083288,Cloud to Ground,-14080,0,9
2026-09-02T00:26:13.921246073Z,15.314429,134.092934,Cloud to Ground,-12547,0,11
2026-09-02T00:26:14.169810056Z,15.323543,134.041558,Cloud to Cloud,-11541,7043,12
2026-09-02T00:26:13.833045300Z,15.336293,134.101235,Cloud to Ground,10186,0,9
2026-09-02T00:26:14.083031058Z,15.34031,134.093216,Cloud to Ground,11671,0,8
2026-09-02T00:26:14.058671152Z,15.347061,134.089859,Cloud to Ground,20238,0,8
2026-09-02T00:26:14.620058548Z,15.419144,134.01382,Cloud to Ground,-12909,0,13
2026-09-02T00:26:15.045730656Z,15.441554,134.092404,Cloud to Cloud,8189,3046,9
2026-09-02T00:26:15.696159780Z,15.455306,133.645615,Cloud to Ground,9982,0,16
2026-09-02T00:26:15.800860726Z,15.449412,133.653043,Cloud to Cloud,11599,3842,11
2026-09-02T00:26:15.127790283Z,15.557859,133.824758,Cloud to Ground,-12947,0,10
2026-09-02T00:26:15.122587693Z,15.487134,133.8632,Cloud to Ground,-9672,0,11
2026-09-02T00:26:15.143481843Z,15.475666,133.860359,Cloud to Ground,-8573,0,12
2026-09-02T00:26:15.684359017Z,15.699953,133.556557,Cloud to Ground,-19084,0,13
2026-09-02T00:26:15.687861345Z,15.745428,133.478983,Cloud to Ground,-16316,0,15
2026-09-02T00:26:15.685637252Z,15.701398,133.54555,Cloud to Ground,-13761,0,9
2026-09-02T00:26:15.701763452Z,15.749669,133.49799,Cloud to Ground,-12797,0,15
2026-09-02T00:26:15.722522015Z,15.691908,133.549229,Cloud to Ground,-12669,0,12
2026-09-02T00:26:15.783487808Z,15.737942,133.62237,Cloud to Ground,-10935,0,5
2026-09-02T00:26:15.683496991Z,15.686223,133.547385,Cloud to Ground,26386,0,17
2026-09-02T00:26:16.367061156Z,15.791778,133.325144,Cloud to Ground,9938,0,12
2026-09-02T00:26:31.402720886Z,15.385349,133.674516,Cloud to Ground,-10472,0,8
2026-09-02T00:26:30.042941597Z,15.467078,133.62521,Cloud to Ground,18516,0,8
2026-09-02T00:26:30.544952738Z,15.39234,133.655389,Cloud to Ground,21952,0,15
2026-09-02T00:26:31.023531983Z,15.398946,133.654138,Cloud to Ground,57089,0,12
2026-09-02T00:26:30.511683888Z,15.393802,133.657776,Cloud to Ground,102019,0,15
2026-09-02T00:26:30.555916353Z,15.43688,134.134023,Cloud to Ground,-16858,0,13
2026-09-02T00:26:30.588527287Z,15.379882,134.177131,Cloud to Ground,13648,0,9
2026-09-02T00:26:30.383605000Z,15.3788,134.0685,Cloud to Ground,14858,0,7
2026-09-02T00:26:31.993876575Z,3.728182,113.046587,Cloud to Ground,-27102,0,17
2026-09-02T00:26:31.079522685Z,3.81983,113.150839,Cloud to Ground,9610,0,10
2026-09-02T00:26:31.081945995Z,3.727198,113.144861,Cloud to Ground,19368,0,14
2026-09-02T00:26:31.369086403Z,3.718969,113.135693,Cloud to Ground,22554,0,18
2026-09-02T00:26:31.239374287Z,3.780499,113.146011,Cloud to Ground,56442,0,12
2026-09-02T00:26:31.056692010Z,3.717802,113.131653,Cloud to Ground,87759,0,33
2026-09-02T00:26:31.087436940Z,3.738882,113.041186,Cloud to Ground,-11876,0,7
2026-09-02T00:26:31.388641273Z,15.287405,133.775407,Cloud to Ground,-26123,0,13
2026-09-02T00:26:31.399096794Z,15.30171,133.783414,Cloud to Ground,-15635,0,7
2026-09-02T00:26:31.384997530Z,15.290436,133.757468,Cloud to Ground,-14317,0,12
2026-09-02T00:26:31.333496208Z,15.284276,134.692499,Cloud to Ground,-24066,0,14
2026-09-02T00:26:30.892754651Z,15.221707,134.748068,Cloud to Ground,-14103,0,13
2026-09-02T00:26:31.205872355Z,15.223743,134.721882,Cloud to Ground,12012,0,7
2026-09-02T00:26:32.314385740Z,3.6428,113.078182,Cloud to Ground,-9294,0,7
2026-09-02T00:26:32.759982119Z,3.605518,113.104122,Cloud to Ground,13982,0,6
2026-09-02T00:26:32.567885227Z,3.582345,113.099035,Cloud to Ground,17501,0,5
2026-09-02T00:26:32.369034000Z,3.5989,113.0472,Cloud to Ground,55761,0,9
2026-09-02T00:26:32.532159297Z,15.817883,133.255093,Cloud to Ground,-17654,0,8
2026-09-02T00:26:32.788584022Z,14.818925,134.994709,Cloud to Ground,-11523,0,6
2026-09-02T00:26:34.016052209Z,18.439104,132.811732,Cloud to Cloud,9000,18192,7
2026-09-02T00:26:41.764475972Z,4.889656,114.575158,Cloud to Ground,17817,0,10
2026-09-02T00:26:41.178175504Z,15.332032,134.285713,Cloud to Ground,13942,0,9
2026-09-02T00:26:41.146023276Z,15.327303,134.29314,Cloud to Ground,40127,0,15
2026-09-02T00:26:41.260087787Z,15.32617,134.293137,Cloud to Ground,50418,0,14
2026-09-02T00:26:42.530065880Z,16.007394,133.612042,Cloud to Ground,-18110,0,5
2026-09-02T00:26:50.106644000Z,15.3348,134.0122,Cloud to Ground,-12316,0,5
2026-09-02T00:26:50.608440051Z,15.37314,134.011741,Cloud to Cloud,-10949,4266,8
2026-09-02T00:26:50.278512474Z,15.450542,134.02443,Cloud to Ground,-9606,0,7
2026-09-02T00:26:49.964955342Z,15.428216,134.04817,Cloud to Ground,23902,0,10
2026-09-02T00:26:50.428422347Z,15.389479,134.148502,Cloud to Ground,-9132,0,9
2026-09-02T00:26:50.054046199Z,15.470056,133.593379,Cloud to Cloud,-13424,17949,11
2026-09-02T00:26:50.790310872Z,14.826443,134.956182,Cloud to Ground,7115,0,7
2026-09-02T00:26:51.481263160Z,16.502167,133.224616,Cloud to Ground,-11111,0,6
2026-09-02T00:26:51.825102604Z,15.269691,134.680224,Cloud to Ground,-19075,0,13
2026-09-02T00:26:51.754702349Z,15.223718,134.733904,Cloud to Ground,-11705,0,11
2026-09-02T00:26:51.893681110Z,15.21508,134.563873,Cloud to Cloud,-9065,3349,8
2026-09-02T00:26:52.053232032Z,15.376226,134.137617,Cloud to Ground,-40527,0,17
2026-09-02T00:26:52.307737441Z,15.378294,134.133308,Cloud to Ground,16210,0,13
2026-09-02T00:26:52.188601829Z,15.371578,134.142269,Cloud to Ground,33524,0,14
2026-09-02T00:26:51.923073786Z,15.372364,134.145614,Cloud to Ground,41796,0,14
2026-09-02T00:26:52.152790530Z,14.904695,134.980384,Cloud to Ground,-15040,0,11
2026-09-02T00:26:52.081453620Z,15.222972,134.172023,Cloud to Ground,-15440,0,8
2026-09-02T00:26:53.757623704Z,15.239873,134.215538,Cloud to Ground,-54175,0,9
2026-09-02T00:26:53.758323391Z,15.241741,134.1461,Cloud to Ground,-23833,0,8
2026-09-02T00:26:53.159294369Z,15.354059,134.034612,Cloud to Ground,-52550,0,18
2026-09-02T00:26:52.933928000Z,15.3654,133.956,Cloud to Ground,-34084,0,5
2026-09-02T00:26:54.551853217Z,15.796258,133.285184,Cloud to Ground,9254,0,6
2026-09-02T00:26:54.613326703Z,15.805944,133.311125,Cloud to Ground,19031,0,10
2026-09-02T00:26:54.667046142Z,15.79579,133.321068,Cloud to Ground,19828,0,10
2026-09-02T00:26:54.521120943Z,15.790259,133.307885,Cloud to Ground,59359,0,16
2026-09-02T00:26:53.978197307Z,15.477736,134.087951,Cloud to Ground,-19492,0,13
2026-09-02T00:26:54.047647836Z,15.422971,134.137917,Cloud to Ground,27876,0,8
2026-09-02T00:26:54.855283941Z,15.321752,134.454456,Cloud to Ground,-13276,0,9
2026-09-02T00:26:55.827467708Z,15.454717,133.648873,Cloud to Ground,-15146,0,9
2026-09-02T00:26:55.131676358Z,15.344399,134.040361,Cloud to Ground,-31385,0,16
2026-09-02T00:26:55.198055309Z,15.368284,133.968162,Cloud to Ground,-12729,0,8
2026-09-02T00:26:56.688929223Z,3.82715,113.149573,Cloud to Ground,-13971,0,11
2026-09-02T00:26:57.107995286Z,3.751846,113.18568,Cloud to Cloud,9225,11458,6
2026-09-02T00:26:56.970483392Z,15.446522,133.986066,Cloud to Ground,-14558,0,7
2026-09-02T00:26:56.815176724Z,15.400561,134.451231,Cloud to Ground,10290,0,9
2026-09-02T00:26:56.258916466Z,16.578585,133.260258,Cloud to Cloud,-9713,4198,13
2026-09-02T00:26:56.048387585Z,16.558031,133.267993,Cloud to Cloud,-9357,4877,8
2026-09-02T00:26:57.235733232Z,5.997218,115.807296,Cloud to Cloud,-14025,3008,10
2026-09-02T00:26:57.612495144Z,6.049941,115.796108,Cloud to Cloud,10747,12338,8
2026-09-02T00:26:57.547121166Z,6.058656,115.796979,Cloud to Ground,20615,0,7
2026-09-02T00:26:57.401681962Z,5.999647,115.808969,Cloud to Ground,21659,0,11
2026-09-02T00:26:57.288915582Z,5.997083,115.803947,Cloud to Ground,26992,0,12
2026-09-02T00:26:57.332354726Z,6.004011,115.806047,Cloud to Ground,34725,0,13
2026-09-02T00:26:57.234435259Z,5.982629,115.811768,Cloud to Ground,61856,0,10
2026-09-02T00:26:56.982961775Z,14.877571,134.969706,Cloud to Cloud,-10658,3049,8
2026-09-02T00:26:57.005368017Z,14.881278,134.969644,Cloud to Ground,11903,0,11
2026-09-02T00:26:58.030680823Z,15.346661,134.630084,Cloud to Ground,-10995,0,13
2026-09-02T00:27:05.388594730Z,15.394909,134.154258,Cloud to Cloud,10994,15880,5
2026-09-02T00:27:04.687200157Z,15.412601,134.098209,Cloud to Ground,11458,0,10
2026-09-02T00:27:04.644544826Z,15.424979,134.087521,Cloud to Ground,12450,0,6
2026-09-02T00:27:04.728608714Z,15.423912,134.092056,Cloud to Ground,13649,0,9
2026-09-02T00:27:04.645609573Z,15.405572,134.122683,Cloud to Ground,14732,0,9
2026-09-02T00:27:05.008923270Z,15.429804,134.083435,Cloud to Ground,19981,0,10
2026-09-02T00:27:04.190248309Z,15.449091,134.008432,Cloud to Ground,20088,0,8
2026-09-02T00:27:04.558473662Z,15.412434,134.100858,Cloud to Ground,24284,0,13
2026-09-02T00:27:05.580655542Z,15.348598,134.280962,Cloud to Ground,22789,0,10
2026-09-02T00:27:05.167002788Z,15.28471,134.685125,Cloud to Ground,22912,0,17
2026-09-02T00:27:05.043252319Z,15.258482,134.688366,Cloud to Ground,35311,0,13
2026-09-02T00:27:05.114054523Z,15.281424,134.684456,Cloud to Ground,42856,0,19
2026-09-02T00:27:05.126731062Z,15.419131,133.930116,Cloud to Ground,-14428,0,19
2026-09-02T00:27:06.721834848Z,15.275434,134.340513,Cloud to Ground,13971,0,14
2026-09-02T00:27:07.931188293Z,15.65663,133.062473,Cloud to Ground,21314,0,13
2026-09-02T00:27:07.799394546Z,15.659738,133.056028,Cloud to Ground,41176,0,18
2026-09-02T00:27:06.687727403Z,15.332905,134.190472,Cloud to Ground,-14536,0,11
2026-09-02T00:27:06.633235188Z,15.39414,134.163649,Cloud to Ground,-13186,0,7
2026-09-02T00:27:06.719091710Z,15.399027,134.164512,Cloud to Cloud,-10766,4278,12
2026-09-02T00:27:06.555868330Z,15.347096,134.20405,Cloud to Cloud,8017,3012,6
2026-09-02T00:27:07.344571497Z,15.413263,134.131371,Cloud to Ground,22717,0,13
2026-09-02T00:27:07.657506943Z,15.384828,134.157799,Cloud to Ground,40912,0,15
2026-09-02T00:27:07.131127825Z,15.359492,134.500355,Cloud to Ground,7061,0,8
2026-09-02T00:27:07.130171817Z,15.327891,134.547827,Cloud to Ground,41519,0,16
2026-09-02T00:27:07.200879841Z,15.323095,134.553256,Cloud to Ground,55103,0,19
2026-09-02T00:27:08.231784177Z,15.633926,132.891459,Cloud to Ground,-11934,0,8
2026-09-02T00:27:09.204320239Z,15.457764,133.691211,Cloud to Ground,27974,0,13
2026-09-02T00:27:09.299643383Z,16.210764,133.683665,Cloud to Ground,-24659,0,8
2026-09-02T00:27:09.634199453Z,16.241793,133.696172,Cloud to Ground,12394,0,13
2026-09-02T00:27:09.512106882Z,16.243682,133.694924,Cloud to Ground,17490,0,15
2026-09-02T00:27:09.449358928Z,16.233886,133.702524,Cloud to Ground,29516,0,16
2026-09-02T00:27:09.325633264Z,16.194706,133.699374,Cloud to Ground,45994,0,14
2026-09-02T00:27:10.060232294Z,15.328933,133.92086,Cloud to Ground,-9003,0,9
2026-09-02T00:27:09.442197183Z,15.32326,134.043348,Cloud to Ground,-30671,0,18
2026-09-02T00:27:08.819508003Z,15.386971,134.035987,Cloud to Ground,-16657,0,12
2026-09-02T00:27:09.790386485Z,15.377854,134.071514,Cloud to Ground,-15580,0,12
2026-09-02T00:27:11.359656723Z,15.361657,134.135124,Cloud to Ground,-15144,0,7
2026-09-02T00:27:11.629300380Z,15.376138,134.143975,Cloud to Ground,-14677,0,12
2026-09-02T00:27:09.714307303Z,15.323227,134.08798,Cloud to Ground,-14102,0,7
2026-09-02T00:27:09.705247924Z,15.388666,134.017823,Cloud to Ground,-12618,0,10
2026-09-02T00:27:11.334088971Z,15.382667,134.136728,Cloud to Ground,-11063,0,6
2026-09-02T00:27:10.165220299Z,15.324799,134.109798,Cloud to Ground,15291,0,7
2026-09-02T00:27:10.748196756Z,15.361265,134.145706,Cloud to Ground,22674,0,9
2026-09-02T00:27:10.966113332Z,15.397771,134.133126,Cloud to Ground,39679,0,15
2026-09-02T00:27:10.698693883Z,15.400456,134.125393,Cloud to Ground,72064,0,15
2026-09-02T00:27:11.573790968Z,4.916328,114.581854,Cloud to Ground,-41853,0,11
2026-09-02T00:27:11.674885299Z,4.916405,114.512947,Cloud to Ground,15662,0,8
2026-09-02T00:27:11.568350047Z,4.892745,114.486399,Cloud to Ground,27200,0,9
2026-09-02T00:27:11.545741572Z,15.344072,134.00121,Cloud to Cloud,-13355,18291,7
2026-09-02T00:27:11.340890806Z,15.220905,134.805113,Cloud to Ground,23170,0,7
2026-09-02T00:27:12.557364766Z,15.235332,134.169882,Cloud to Ground,-8819,0,9
2026-09-02T00:27:12.536951355Z,15.400225,134.176725,Cloud to Ground,-13063,0,7
2026-09-02T00:27:12.655361418Z,15.337545,134.223372,Cloud to Ground,10122,0,7
2026-09-02T00:27:12.526512391Z,15.337047,134.223374,Cloud to Ground,14315,0,5
2026-09-02T00:27:12.250392268Z,15.331527,134.234959,Cloud to Ground,19761,0,13
2026-09-02T00:27:12.122536260Z,15.330574,134.221084,Cloud to Ground,35383,0,16
2026-09-02T00:27:12.380191164Z,15.32355,134.237327,Cloud to Ground,38163,0,17
2026-09-02T00:27:13.298798642Z,5.211068,114.888876,Cloud to Ground,12590,0,13
2026-09-02T00:27:13.509531124Z,15.25021,134.676115,Cloud to Ground,-8767,0,7
2026-09-02T00:27:13.072144178Z,15.25869,134.585568,Cloud to Ground,16665,0,10
2026-09-02T00:27:13.102318191Z,15.287664,134.897619,Cloud to Ground,-11900,0,13
2026-09-02T00:27:13.021110749Z,15.351454,134.83707,Cloud to Ground,-10901,0,6
2026-09-02T00:27:13.666950703Z,15.503475,134.057782,Cloud to Ground,12828,0,8
2026-09-02T00:27:13.052967384Z,15.329657,134.041269,Cloud to Ground,-21840,0,12
2026-09-02T00:27:13.976475654Z,15.779249,133.330169,Cloud to Ground,61330,0,19
2026-09-02T00:27:14.443721469Z,15.390177,134.162752,Cloud to Ground,-11480,0,8
2026-09-02T00:27:14.462269588Z,15.458248,134.081962,Cloud to Ground,-9799,0,9
2026-09-02T00:27:14.896949767Z,15.598726,133.046612,Cloud to Ground,-12715,0,7
2026-09-02T00:27:15.110109394Z,15.609627,133.031387,Cloud to Ground,-11316,0,7
2026-09-02T00:27:14.407901119Z,18.81545,130.583231,Cloud to Ground,-31705,0,15
2026-09-02T00:27:14.516062655Z,18.789521,130.462552,Cloud to Ground,-13532,0,7
2026-09-02T00:27:14.975437023Z,18.810979,130.56057,Cloud to Ground,-11068,0,10
2026-09-02T00:27:14.587708784Z,18.797423,130.454381,Cloud to Cloud,-9553,4758,9
2026-09-02T00:27:14.362066995Z,18.799425,130.59095,Cloud to Cloud,-9156,3080,10
2026-09-02T00:27:14.863056749Z,18.781914,130.520235,Cloud to Cloud,-7532,4372,10
2026-09-02T00:27:14.517058204Z,18.705853,130.643206,Cloud to Cloud,-8406,4766,9
2026-09-02T00:27:15.187586789Z,15.396216,134.075318,Cloud to Cloud,-11051,16694,8
2026-09-02T00:27:16.234070443Z,15.777198,133.282705,Cloud to Ground,12344,0,7
2026-09-02T00:27:24.711419116Z,14.85714,134.932932,Cloud to Ground,-9583,0,9
2026-09-02T00:27:24.615461052Z,14.918461,134.964063,Cloud to Ground,-7931,0,8
2026-09-02T00:27:24.120567924Z,15.26013,134.661879,Cloud to Cloud,-8026,4082,12
2026-09-02T00:27:24.183747336Z,15.838468,133.243663,Cloud to Cloud,-13538,19530,16
2026-09-02T00:27:25.297590982Z,15.342478,134.29577,Cloud to Ground,-10947,0,7
2026-09-02T00:27:25.590417497Z,15.326095,134.290887,Cloud to Cloud,-9651,4117,8
2026-09-02T00:27:25.630260581Z,15.270489,134.328729,Cloud to Ground,11963,0,6
2026-09-02T00:27:25.319507862Z,15.341185,134.103213,Cloud to Ground,-15612,0,9
2026-09-02T00:27:25.429880976Z,15.404712,134.142484,Cloud to Ground,-13950,0,11
2026-09-02T00:27:25.000172278Z,15.295975,134.125983,Cloud to Ground,-12089,0,8
2026-09-02T00:27:25.870806069Z,15.398137,134.062173,Cloud to Ground,10483,0,10
2026-09-02T00:27:26.771583248Z,18.843513,130.545454,Cloud to Ground,-18650,0,8
2026-09-02T00:27:26.764597915Z,18.852886,130.48864,Cloud to Ground,-12303,0,15
2026-09-02T00:27:27.116261965Z,18.900672,130.547313,Cloud to Ground,-10775,0,6
2026-09-02T00:27:26.762921608Z,18.829271,130.453624,Cloud to Cloud,7378,9005,10
2026-09-02T00:27:26.767691019Z,18.812536,130.59325,Cloud to Cloud,9717,3025,8
2026-09-02T00:27:26.795509317Z,18.827332,130.435597,Cloud to Cloud,10140,12782,13
2026-09-02T00:27:26.776175687Z,18.854146,130.384742,Cloud to Cloud,11767,3223,9
2026-09-02T00:27:26.764035892Z,18.831025,130.565211,Cloud to Ground,27470,0,13
2026-09-02T00:27:26.976742046Z,16.016418,132.947741,Cloud to Ground,-7378,0,10
2026-09-02T00:27:27.297849971Z,4.888059,114.555978,Cloud to Cloud,11312,4799,8
2026-09-02T00:27:28.309458424Z,15.402867,134.130128,Cloud to Ground,9559,0,11
2026-09-02T00:27:28.458024572Z,15.401159,134.132257,Cloud to Cloud,9570,3071,11
2026-09-02T00:27:28.405182294Z,15.411523,134.12226,Cloud to Ground,13262,0,11
2026-09-02T00:27:28.497991446Z,15.400851,134.132796,Cloud to Ground,13559,0,11
2026-09-02T00:27:28.506615388Z,15.340002,134.174754,Cloud to Ground,19798,0,8
2026-09-02T00:27:28.270246419Z,15.417325,134.11494,Cloud to Ground,28726,0,12
2026-09-02T00:27:28.116837165Z,15.402397,134.126101,Cloud to Ground,47308,0,16
2026-09-02T00:27:29.188264207Z,15.45513,133.939059,Cloud to Ground,16374,0,13
2026-09-02T00:27:29.943104247Z,15.31733,134.051356,Cloud to Ground,-25234,0,13
2026-09-02T00:27:29.593914092Z,15.329425,134.055864,Cloud to Ground,-16274,0,11
2026-09-02T00:27:30.090697995Z,15.28266,134.128091,Cloud to Ground,-8349,0,5
2026-09-02T00:27:29.975260698Z,15.200981,134.69909,Cloud to Ground,-10878,0,13
2026-09-02T00:27:29.160334713Z,15.31167,134.588491,Cloud to Ground,15026,0,6
2026-09-02T00:27:29.227081823Z,15.282377,134.610048,Cloud to Ground,15476,0,9
2026-09-02T00:27:29.209970103Z,15.329225,134.599523,Cloud to Ground,25835,0,17
2026-09-02T00:27:29.158605307Z,15.3206,134.59552,Cloud to Ground,43782,0,18
2026-09-02T00:27:30.284978556Z,15.371,134.202532,Cloud to Ground,-17942,0,12
2026-09-02T00:27:30.615706399Z,15.375337,134.167799,Cloud to Ground,12450,0,11
2026-09-02T00:27:30.039270481Z,15.413309,134.135125,Cloud to Ground,12512,0,10
2026-09-02T00:27:30.088870792Z,15.407847,134.136555,Cloud to Ground,12834,0,11
2026-09-02T00:27:29.341704667Z,15.301054,134.169174,Cloud to Ground,13553,0,7
2026-09-02T00:27:30.353602829Z,15.375245,134.16632,Cloud to Ground,14183,0,11
2026-09-02T00:27:29.376053636Z,15.432465,134.11219,Cloud to Ground,14917,0,9
2026-09-02T00:27:30.410625526Z,15.381519,134.158008,Cloud to Ground,16858,0,13
2026-09-02T00:27:30.434544755Z,15.377204,134.168257,Cloud to Ground,16956,0,11
2026-09-02T00:27:30.142283110Z,15.386677,134.153028,Cloud to Ground,20337,0,11
2026-09-02T00:27:30.281292433Z,15.366026,134.17359,Cloud to Ground,27760,0,14
2026-09-02T00:27:30.096004043Z,15.364816,134.174957,Cloud to Ground,28654,0,14
2026-09-02T00:27:30.007905556Z,15.412683,134.141927,Cloud to Ground,41164,0,15
2026-09-02T00:27:30.000369924Z,15.372554,134.175509,Cloud to Ground,55413,0,16
2026-09-02T00:27:30.929164354Z,16.580819,133.208757,Cloud to Ground,15131,0,11
2026-09-02T00:27:31.478428637Z,15.314256,134.060432,Cloud to Ground,11297,0,10
2026-09-02T00:27:31.676702447Z,15.277499,134.669083,Cloud to Ground,-8633,0,11
2026-09-02T00:27:32.422670371Z,15.372499,134.167916,Cloud to Ground,-15926,0,8
2026-09-02T00:27:32.469758332Z,15.401644,134.143794,Cloud to Ground,-14035,0,6
2026-09-02T00:27:32.455923819Z,15.424608,134.125381,Cloud to Ground,15881,0,8
2026-09-02T00:27:32.439401145Z,15.391279,134.153019,Cloud to Ground,24107,0,6
2026-09-02T00:27:32.095583183Z,15.656994,133.022321,Cloud to Ground,68733,0,13
2026-09-02T00:27:33.544567884Z,15.287494,134.723296,Cloud to Ground,10799,0,10
2026-09-02T00:27:33.761083156Z,15.280496,134.733135,Cloud to Ground,11856,0,12
2026-09-02T00:27:33.686976165Z,15.28993,134.720692,Cloud to Ground,13775,0,8
2026-09-02T00:27:33.382769308Z,15.224314,134.703525,Cloud to Ground,14191,0,7
2026-09-02T00:27:33.612001341Z,15.292434,134.71684,Cloud to Ground,19591,0,13
2026-09-02T00:27:33.460396292Z,15.294359,134.719073,Cloud to Ground,26522,0,14
2026-09-02T00:27:33.703573639Z,15.36693,134.032297,Cloud to Cloud,-13986,3172,12
2026-09-02T00:27:34.006203684Z,15.385398,134.164512,Cloud to Cloud,10328,6314,10
2026-09-02T00:27:34.507789438Z,15.395323,134.141877,Cloud to Ground,12029,0,7
2026-09-02T00:27:34.230178521Z,15.411867,134.134856,Cloud to Ground,12319,0,9
2026-09-02T00:27:34.389273603Z,15.390542,134.148452,Cloud to Cloud,15457,8502,7
2026-09-02T00:27:33.824415642Z,15.376115,134.163359,Cloud to Ground,44038,0,11
2026-09-02T00:27:34.323269000Z,15.2836,134.1242,Cloud to Ground,18989,0,6
2026-09-02T00:27:35.101085712Z,15.331772,134.02032,Cloud to Ground,-16423,0,13
2026-09-02T00:27:35.898940800Z,16.636089,133.227731,Cloud to Ground,-10826,0,7
2026-09-02T00:27:36.222105219Z,15.179517,134.715128,Cloud to Ground,-12205,0,10
2026-09-02T00:27:45.267257787Z,3.805296,113.147825,Cloud to Ground,-13786,0,8
2026-09-02T00:27:45.250762046Z,4.887054,114.580285,Cloud to Ground,11566,0,6
2026-09-02T00:27:45.247865121Z,4.9094,114.58104,Cloud to Ground,22671,0,10
2026-09-02T00:27:45.926213388Z,15.790734,133.333195,Cloud to Ground,11804,0,5
2026-09-02T00:27:45.830583428Z,15.787987,133.351623,Cloud to Ground,44042,0,14
2026-09-02T00:27:45.924569078Z,15.803862,133.345298,Cloud to Ground,46714,0,14
2026-09-02T00:27:45.967418517Z,15.37922,134.00917,Cloud to Cloud,-12061,5161,8
2026-09-02T00:27:45.015783207Z,15.441938,133.706467,Cloud to Ground,38919,0,14
2026-09-02T00:27:46.164319653Z,15.312946,134.162335,Cloud to Ground,-25335,0,10
2026-09-02T00:27:46.396204660Z,15.387422,134.140065,Cloud to Ground,12556,0,6
2026-09-02T00:27:46.189981366Z,15.386906,134.138351,Cloud to Ground,16299,0,11
2026-09-02T00:27:46.135685216Z,15.347424,134.167278,Cloud to Ground,24603,0,8
2026-09-02T00:27:46.180377768Z,15.399607,134.119983,Cloud to Ground,25734,0,12
2026-09-02T00:27:46.228949844Z,15.377934,134.14435,Cloud to Ground,26061,0,14
2026-09-02T00:27:46.345620098Z,15.384088,134.146488,Cloud to Ground,35850,0,13
2026-09-02T00:27:45.730813516Z,15.369991,134.173457,Cloud to Ground,44699,0,16
2026-09-02T00:27:46.061814833Z,15.391866,134.136904,Cloud to Ground,50698,0,13
2026-09-02T00:27:47.618499888Z,15.424366,134.229045,Cloud to Cloud,-9311,5735,9
2026-09-02T00:27:47.563894480Z,15.328133,134.203723,Cloud to Ground,-34966,0,16
2026-09-02T00:27:47.621282786Z,15.54885,134.031368,Cloud to Cloud,11912,3031,7
2026-09-02T00:27:47.554325757Z,15.299765,134.678231,Cloud to Ground,21998,0,16
2026-09-02T00:27:48.497081402Z,15.730509,133.292964,Cloud to Ground,-5935,0,5
2026-09-02T00:27:48.776916326Z,15.471662,134.087343,Cloud to Ground,-12040,0,8
2026-09-02T00:27:48.665397418Z,15.417067,134.112833,Cloud to Cloud,-11049,4173,7
2026-09-02T00:27:48.895359761Z,15.434154,134.072561,Cloud to Ground,-9352,0,8
2026-09-02T00:27:48.689164087Z,15.4964,134.129977,Cloud to Ground,11394,0,7
2026-09-02T00:27:48.849316294Z,15.453402,134.060079,Cloud to Ground,14730,0,12
2026-09-02T00:27:48.513940797Z,15.418328,134.130754,Cloud to Ground,17847,0,6
2026-09-02T00:27:48.549321217Z,15.255655,133.846233,Cloud to Ground,-30709,0,12
2026-09-02T00:27:49.311135265Z,15.309433,134.707218,Cloud to Ground,7377,0,10
2026-09-02T00:27:49.420265000Z,15.315161,134.699417,Cloud to Cloud,8732,3194,6
2026-09-02T00:27:49.249635388Z,15.31407,134.699372,Cloud to Ground,9503,0,12
2026-09-02T00:27:49.630635962Z,15.316352,134.70422,Cloud to Ground,9523,0,8
2026-09-02T00:27:49.462137891Z,15.300733,134.71345,Cloud to Cloud,9834,16449,13
2026-09-02T00:27:49.017658634Z,15.312617,134.701448,Cloud to Ground,10567,0,12
2026-09-02T00:27:49.402511833Z,15.309133,134.706431,Cloud to Ground,10752,0,12
2026-09-02T00:27:49.442013350Z,15.306059,134.708809,Cloud to Ground,16280,0,10
2026-09-02T00:27:49.329701171Z,15.306898,134.710111,Cloud to Ground,17282,0,8
2026-09-02T00:27:49.190073982Z,15.313265,134.702237,Cloud to Ground,17630,0,14
2026-09-02T00:27:49.487018960Z,15.313483,134.700131,Cloud to Ground,22160,0,12
2026-09-02T00:27:49.521736520Z,15.278204,134.721363,Cloud to Ground,26104,0,11
2026-09-02T00:27:50.836210700Z,14.869368,134.95591,Cloud to Ground,21279,0,8
2026-09-02T00:27:50.053350812Z,15.440207,133.638846,Cloud to Ground,12346,0,7
2026-09-02T00:27:50.200762960Z,15.679823,133.322348,Cloud to Ground,13679,0,7
2026-09-02T00:27:51.111036600Z,5.271108,114.890212,Cloud to Cloud,-12833,10659,18
2026-09-02T00:27:51.121406583Z,5.203332,114.88218,Cloud to Ground,15278,0,9
2026-09-02T00:27:51.739343953Z,15.403477,134.137336,Cloud to Ground,-14799,0,10
2026-09-02T00:27:52.100812399Z,15.358486,134.039658,Cloud to Ground,-12160,0,6
2026-09-02T00:27:52.378804077Z,15.380969,133.995433,Cloud to Ground,-9368,0,6
2026-09-02T00:27:52.569375482Z,15.379254,134.023826,Cloud to Ground,-7436,0,6
2026-09-02T00:27:51.709421084Z,15.372887,134.150186,Cloud to Ground,11604,0,7
2026-09-02T00:27:51.803311644Z,15.407142,134.128442,Cloud to Ground,12694,0,9
2026-09-02T00:27:51.761374599Z,15.40435,134.130704,Cloud to Ground,13694,0,6
2026-09-02T00:27:52.130581489Z,15.340604,134.077837,Cloud to Ground,15611,0,14
2026-09-02T00:27:51.639992823Z,15.410517,134.089036,Cloud to Ground,17808,0,8
2026-09-02T00:27:51.584403199Z,15.379773,134.098833,Cloud to Ground,23403,0,7
2026-09-02T00:27:51.786397331Z,15.3919,134.137731,Cloud to Ground,23508,0,13
2026-09-02T00:27:51.740643144Z,15.388965,134.140421,Cloud to Ground,32721,0,12
2026-09-02T00:27:51.696245062Z,15.389412,134.146799,Cloud to Ground,82579,0,18
2026-09-02T00:27:52.137917216Z,15.227738,134.700191,Cloud to Ground,-10535,0,8
2026-09-02T00:27:52.819829429Z,15.414697,134.143736,Cloud to Ground,-16468,0,20
2026-09-02T00:27:52.565608002Z,15.26208,134.015139,Cloud to Ground,10176,0,7
2026-09-02T00:27:53.796517197Z,15.338357,134.46902,Cloud to Cloud,-11203,3078,17
2026-09-02T00:27:53.962299002Z,15.274764,134.550071,Cloud to Cloud,-17161,3032,11
2026-09-02T00:27:53.703332128Z,15.344274,134.565946,Cloud to Cloud,8546,9283,8
2026-09-02T00:27:53.961545239Z,15.318257,134.565376,Cloud to Ground,14915,0,13
2026-09-02T00:27:53.304175382Z,15.298883,134.258824,Cloud to Ground,-13121,0,9
2026-09-02T00:27:53.823413163Z,15.436223,134.116584,Cloud to Ground,-15554,0,7
2026-09-02T00:27:54.075499844Z,15.356325,134.170837,Cloud to Ground,-16894,0,9
2026-09-02T00:27:54.284818326Z,15.290009,134.206976,Cloud to Ground,-15761,0,8
2026-09-02T00:27:55.478444588Z,15.370219,133.939316,Cloud to Ground,-12393,0,8
2026-09-02T00:27:55.865562982Z,15.663425,133.0283,Cloud to Ground,-16119,0,12
2026-09-02T00:27:55.880747564Z,15.668202,133.039905,Cloud to Ground,8987,0,8
2026-09-02T00:27:55.861397652Z,15.64948,133.038492,Cloud to Ground,35101,0,16
2026-09-02T00:27:55.919724470Z,15.366897,134.134563,Cloud to Ground,17254,0,12
2026-09-02T00:27:55.982390974Z,15.368541,134.133045,Cloud to Ground,19653,0,12
2026-09-02T00:27:55.751283782Z,15.359297,134.141825,Cloud to Ground,20930,0,13
2026-09-02T00:27:55.512353878Z,15.376782,134.118812,Cloud to Ground,23927,0,12
2026-09-02T00:27:55.677198223Z,15.361644,134.138547,Cloud to Ground,24077,0,13
2026-09-02T00:27:56.028598745Z,15.360563,134.142588,Cloud to Ground,24700,0,13
2026-09-02T00:27:56.346894847Z,15.372381,134.132164,Cloud to Ground,25265,0,11
2026-09-02T00:27:55.405869263Z,15.35657,134.139338,Cloud to Ground,32177,0,17
2026-09-02T00:27:55.624273034Z,15.36615,134.133077,Cloud to Ground,35955,0,13
2026-09-02T00:27:56.062273648Z,15.319178,134.040918,Cloud to Ground,-50634,0,15
2026-09-02T00:28:09.929168747Z,15.244906,134.572818,Cloud to Ground,14529,0,9
2026-09-02T00:28:09.028032909Z,15.413957,134.137131,Cloud to Ground,-16117,0,11
2026-09-02T00:28:10.135513117Z,15.429148,134.010759,Cloud to Ground,-10567,0,8
2026-09-02T00:28:10.028453014Z,15.395884,134.118547,Cloud to Ground,-9302,0,7
2026-09-02T00:28:10.258416518Z,15.296031,134.15287,Cloud to Ground,17050,0,7
2026-09-02T00:28:10.061330895Z,15.351748,134.130356,Cloud to Ground,18361,0,7
2026-09-02T00:28:11.414182783Z,15.605459,133.069624,Cloud to Ground,-14005,0,10
2026-09-02T00:28:11.530003690Z,15.639542,133.017742,Cloud to Ground,13453,0,11
2026-09-02T00:28:11.749668538Z,15.646118,133.088175,Cloud to Ground,13538,0,10
2026-09-02T00:28:11.640053155Z,15.638177,133.094879,Cloud to Ground,16799,0,9
2026-09-02T00:28:11.588610888Z,15.623045,133.101442,Cloud to Ground,27689,0,9
2026-09-02T00:28:11.529153754Z,15.630529,133.094166,Cloud to Ground,36405,0,15
2026-09-02T00:28:11.372048372Z,15.643225,133.093476,Cloud to Ground,38528,0,14
2026-09-02T00:28:12.995863953Z,15.351786,134.275403,Cloud to Ground,12733,0,11
2026-09-02T00:28:20.665515583Z,15.351331,134.035025,Cloud to Ground,-10418,0,7
2026-09-02T00:28:20.462512348Z,15.392957,134.122038,Cloud to Cloud,-15761,3042,9
2026-09-02T00:28:20.737694577Z,15.406324,134.129743,Cloud to Cloud,-14142,7652,10
2026-09-02T00:28:20.786664354Z,15.395649,134.122536,Cloud to Ground,-11298,0,12
2026-09-02T00:28:20.656109571Z,15.348206,134.177415,Cloud to Ground,11560,0,9
2026-09-02T00:28:20.408811412Z,15.370966,134.147362,Cloud to Ground,13339,0,8
2026-09-02T00:28:20.703771897Z,15.356462,134.167554,Cloud to Ground,17613,0,14
2026-09-02T00:28:20.329120116Z,16.003771,132.993271,Cloud to Cloud,-11190,6897,11
2026-09-02T00:28:21.461353246Z,5.971503,115.765433,Cloud to Ground,25756,0,11
2026-09-02T00:28:22.547329597Z,18.814932,130.439159,Cloud to Ground,-10450,0,8
2026-09-02T00:28:22.343524282Z,18.814769,130.580107,Cloud to Ground,-23341,0,16
2026-09-02T00:28:22.438634476Z,18.896946,130.550526,Cloud to Ground,-13182,0,16
2026-09-02T00:28:22.372119628Z,18.812765,130.600001,Cloud to Ground,9244,0,11
2026-09-02T00:28:22.122178483Z,15.418555,134.002464,Cloud to Cloud,-22843,4872,18
2026-09-02T00:28:21.720448635Z,15.467414,134.018718,Cloud to Ground,-13146,0,18
2026-09-02T00:28:21.817468607Z,15.428313,134.078728,Cloud to Cloud,-12328,17940,8
2026-09-02T00:28:22.269282802Z,15.372312,134.140129,Cloud to Cloud,-11748,4431,11
2026-09-02T00:28:22.538787970Z,15.423142,134.129468,Cloud to Ground,15928,0,13
2026-09-02T00:28:22.268715356Z,15.400685,134.120903,Cloud to Ground,19359,0,7
2026-09-02T00:28:22.362977586Z,15.409033,134.14174,Cloud to Ground,35979,0,16
2026-09-02T00:28:22.582063224Z,16.685239,133.531105,Cloud to Ground,-10757,0,7
2026-09-02T00:28:23.682909606Z,3.605317,113.133864,Cloud to Ground,27570,0,16
2026-09-02T00:28:23.428393748Z,3.712536,113.017913,Cloud to Ground,-14732,0,10
2026-09-02T00:28:23.401336481Z,3.627579,113.02535,Cloud to Ground,10929,0,6
2026-09-02T00:28:23.398308105Z,3.639421,113.035225,Cloud to Ground,27654,0,9
2026-09-02T00:28:23.252618800Z,15.440455,134.091911,Cloud to Ground,-23085,0,12
2026-09-02T00:28:24.995054680Z,3.572632,112.831772,Cloud to Ground,-8381,0,10
2026-09-02T00:28:24.993371486Z,3.485572,112.819786,Cloud to Ground,18628,0,7
2026-09-02T00:28:24.314829521Z,15.48811,134.061921,Cloud to Ground,-9549,0,6
2026-09-02T00:28:24.212281567Z,15.429105,134.131223,Cloud to Ground,12094,0,7
2026-09-02T00:28:24.202168488Z,15.444795,134.109846,Cloud to Ground,16654,0,6
2026-09-02T00:28:24.351681145Z,15.760637,133.331858,Cloud to Ground,-9725,0,6
2026-09-02T00:28:25.037894297Z,15.32263,133.971448,Cloud to Ground,17769,0,9
2026-09-02T00:28:26.298355296Z,15.252813,134.684077,Cloud to Ground,-11699,0,6
2026-09-02T00:28:26.347748123Z,15.233585,134.690365,Cloud to Ground,-11309,0,9
2026-09-02T00:28:26.478331268Z,15.451993,133.619338,Cloud to Ground,15003,0,9
2026-09-02T00:28:26.374688408Z,15.312103,134.208023,Cloud to Ground,-20233,0,15
2026-09-02T00:28:25.695278744Z,15.302036,134.102517,Cloud to Ground,-16685,0,12
2026-09-02T00:28:25.568679064Z,15.282582,134.093996,Cloud to Ground,-12124,0,6
2026-09-02T00:28:25.418410136Z,15.242359,134.023852,Cloud to Ground,11916,0,9
2026-09-02T00:28:25.729167987Z,15.306669,134.117441,Cloud to Ground,15000,0,6
2026-09-02T00:28:26.629869869Z,15.306947,134.044703,Cloud to Ground,-22514,0,6
2026-09-02T00:28:27.132331506Z,15.392501,133.995417,Cloud to Cloud,-12103,7785,8
2026-09-02T00:28:26.228891838Z,15.418944,134.001031,Cloud to Ground,20445,0,8
2026-09-02T00:28:26.814860322Z,15.349468,134.038373,Cloud to Ground,23191,0,8
2026-09-02T00:28:27.308091304Z,15.394533,134.138472,Cloud to Ground,-15788,0,10
2026-09-02T00:28:34.619736544Z,15.325623,134.577051,Cloud to Ground,9377,0,13
2026-09-02T00:28:35.126849109Z,15.322241,134.587056,Cloud to Ground,11464,0,12
2026-09-02T00:28:34.732367389Z,15.329393,134.577006,Cloud to Ground,17833,0,13
2026-09-02T00:28:34.993023083Z,15.329773,134.579994,Cloud to Ground,19914,0,9
2026-09-02T00:28:34.693972919Z,15.293364,134.565066,Cloud to Ground,27923,0,15
2026-09-02T00:28:34.592720309Z,15.318229,134.584204,Cloud to Ground,38426,0,14
2026-09-02T00:28:34.837865850Z,15.31554,134.59607,Cloud to Ground,50626,0,17
2026-09-02T00:28:34.279986190Z,15.434277,134.125146,Cloud to Cloud,11890,14327,6
2026-09-02T00:28:34.407473534Z,15.424148,134.086552,Cloud to Ground,12493,0,10
2026-09-02T00:28:34.343079457Z,15.441683,134.116392,Cloud to Ground,16787,0,12
2026-09-02T00:28:34.242573584Z,15.438386,134.120887,Cloud to Ground,38409,0,13
2026-09-02T00:28:34.147953807Z,15.436205,134.126215,Cloud to Ground,56519,0,13
2026-09-02T00:28:36.109509017Z,6.079088,115.77802,Cloud to Ground,-17194,0,15
2026-09-02T00:28:35.990130863Z,6.040158,115.812973,Cloud to Ground,14820,0,10
2026-09-02T00:28:35.926311543Z,5.993547,115.815759,Cloud to Ground,19986,0,12
2026-09-02T00:28:36.067182407Z,15.391819,134.14695,Cloud to Ground,-27306,0,15
2026-09-02T00:28:36.289200537Z,15.32326,134.076088,Cloud to Ground,-21839,0,7
2026-09-02T00:28:36.075549594Z,15.340418,134.156555,Cloud to Cloud,-17531,3037,9
2026-09-02T00:28:36.000431186Z,15.285749,134.164403,Cloud to Cloud,-16871,7638,7
2026-09-02T00:28:37.034307643Z,15.410971,134.108935,Cloud to Ground,-16044,0,13
2026-09-02T00:28:37.053084789Z,15.447612,134.060595,Cloud to Ground,-9849,0,9
2026-09-02T00:28:37.460262704Z,15.421152,134.054388,Cloud to Ground,-9775,0,7
2026-09-02T00:28:36.133647960Z,15.366699,134.165457,Cloud to Ground,-8703,0,6
2026-09-02T00:28:35.789669489Z,15.363121,134.154612,Cloud to Ground,7182,0,7
2026-09-02T00:28:36.887651346Z,15.289271,133.999309,Cloud to Ground,10999,0,8
2026-09-02T00:28:36.824916875Z,15.374878,134.15677,Cloud to Ground,11777,0,11
2026-09-02T00:28:37.364822206Z,15.413913,134.146117,Cloud to Ground,12324,0,7
2026-09-02T00:28:36.704005055Z,15.239815,134.191908,Cloud to Ground,12850,0,13
2026-09-02T00:28:37.490591134Z,15.372466,134.144931,Cloud to Ground,14842,0,6
2026-09-02T00:28:36.049821025Z,15.346116,134.177206,Cloud to Ground,15187,0,7
2026-09-02T00:28:36.453555527Z,15.367659,134.164399,Cloud to Ground,16289,0,12
2026-09-02T00:28:36.150121960Z,15.266486,134.143037,Cloud to Ground,17905,0,9
2026-09-02T00:28:36.147042336Z,15.385917,134.13756,Cloud to Ground,21958,0,12
2026-09-02T00:28:36.394165618Z,15.36874,134.163288,Cloud to Ground,27931,0,13
2026-09-02T00:28:36.683553388Z,15.350619,134.173426,Cloud to Ground,30712,0,15
2026-09-02T00:28:35.933254524Z,15.429373,134.109283,Cloud to Ground,32348,0,13
2026-09-02T00:28:36.287783774Z,15.420773,134.094157,Cloud to Ground,33886,0,16
2026-09-02T00:28:35.733882114Z,15.352946,134.165978,Cloud to Ground,105905,0,17
2026-09-02T00:28:35.078895024Z,14.95142,134.962577,Cloud to Ground,-12509,0,6
2026-09-02T00:28:35.132737229Z,14.97636,134.966362,Cloud to Ground,-11918,0,12
2026-09-02T00:28:36.212523127Z,3.702079,112.957851,Cloud to Ground,-11934,0,9
2026-09-02T00:28:36.454779204Z,15.565344,133.778205,Cloud to Ground,12527,0,8
2026-09-02T00:28:36.640546490Z,15.294083,134.736001,Cloud to Cloud,9178,18596,8
2026-09-02T00:28:37.105513406Z,15.991921,133.209411,Cloud to Ground,11330,0,7
2026-09-02T00:28:37.636377390Z,15.651604,132.896094,Cloud to Cloud,-12818,3030,9
2026-09-02T00:28:37.927012279Z,15.627847,132.843805,Cloud to Ground,-11497,0,8
2026-09-02T00:28:38.813137217Z,15.266885,134.646474,Cloud to Ground,21221,0,8
2026-09-02T00:28:37.977032136Z,15.628955,133.045406,Cloud to Cloud,9825,3337,8
2026-09-02T00:28:37.810179479Z,15.62387,133.052097,Cloud to Ground,12574,0,10
2026-09-02T00:28:38.107809476Z,15.620463,133.05512,Cloud to Ground,13503,0,11
2026-09-02T00:28:37.774354284Z,15.6286,133.048363,Cloud to Ground,26048,0,11
2026-09-02T00:28:38.026672297Z,15.55903,133.070734,Cloud to Ground,28313,0,7
2026-09-02T00:28:39.969512191Z,15.478529,133.618503,Cloud to Ground,-12976,0,12
2026-09-02T00:28:39.820971394Z,15.433092,133.646572,Cloud to Cloud,12023,17169,8
2026-09-02T00:28:39.189557359Z,15.392417,134.148763,Cloud to Ground,-31597,0,12
2026-09-02T00:28:39.015370898Z,15.342555,134.029658,Cloud to Ground,-14577,0,7
2026-09-02T00:28:39.757111229Z,15.309752,134.118647,Cloud to Ground,15758,0,10
2026-09-02T00:28:39.060684241Z,15.301707,134.177925,Cloud to Ground,18136,0,9
2026-09-02T00:28:39.640280909Z,15.316812,134.116662,Cloud to Ground,19508,0,6
2026-09-02T00:28:41.260774071Z,15.197307,134.849787,Cloud to Ground,-13870,0,7
2026-09-02T00:28:47.969309463Z,18.803662,130.513313,Cloud to Ground,-10542,0,7
2026-09-02T00:28:47.929117993Z,18.848706,130.492072,Cloud to Cloud,10785,3046,12
2026-09-02T00:28:47.929783241Z,18.855857,130.477735,Cloud to Cloud,14089,7116,10
2026-09-02T00:28:48.263392627Z,18.831987,130.521814,Cloud to Ground,111020,0,15
2026-09-02T00:28:48.337314645Z,15.424794,134.002928,Cloud to Ground,-14465,0,17
2026-09-02T00:28:48.050158382Z,15.179756,134.706766,Cloud to Ground,11310,0,6
2026-09-02T00:28:48.002365184Z,15.313035,134.630149,Cloud to Ground,-13363,0,6
2026-09-02T00:28:49.171366437Z,15.261737,134.628547,Cloud to Ground,-13304,0,12
2026-09-02T00:28:49.396303837Z,15.277152,134.648883,Cloud to Cloud,-8320,3791,6
2026-09-02T00:28:49.427756531Z,15.240471,134.712591,Cloud to Cloud,8424,3157,9
2026-09-02T00:28:49.377210952Z,15.220124,134.73032,Cloud to Cloud,10099,3026,11
2026-09-02T00:28:49.514972436Z,15.236009,134.713877,Cloud to Ground,12505,0,9
2026-09-02T00:28:49.360070241Z,15.224061,134.719362,Cloud to Ground,18355,0,15
2026-09-02T00:28:49.767948177Z,15.348739,134.03768,Cloud to Ground,-40091,0,14
2026-09-02T00:28:49.287582764Z,15.343056,134.142612,Cloud to Cloud,7658,17603,12
2026-09-02T00:28:50.832809646Z,15.354356,134.165286,Cloud to Ground,17410,0,11
2026-09-02T00:28:50.800660015Z,15.348511,134.163278,Cloud to Ground,17560,0,11
2026-09-02T00:28:50.743378662Z,15.348888,134.169326,Cloud to Ground,81146,0,22
2026-09-02T00:28:50.822713959Z,15.768944,133.271923,Cloud to Ground,14305,0,8
2026-09-02T00:28:49.956181996Z,15.794851,133.334051,Cloud to Ground,19555,0,13
2026-09-02T00:28:49.919555000Z,15.8261,133.2555,Cloud to Ground,22330,0,8
2026-09-02T00:28:50.017929667Z,15.804071,133.318729,Cloud to Ground,35139,0,11
2026-09-02T00:28:51.365142842Z,5.256375,114.843414,Cloud to Ground,-16661,0,18
2026-09-02T00:28:51.424439086Z,5.266298,114.851406,Cloud to Ground,-14739,0,10
2026-09-02T00:28:51.781476979Z,15.379838,134.087877,Cloud to Ground,-29833,0,10
2026-09-02T00:28:52.846178100Z,15.436541,134.155792,Cloud to Cloud,-11251,3024,10
2026-09-02T00:28:52.416476871Z,15.377192,134.124709,Cloud to Ground,23695,0,14
2026-09-02T00:28:52.340054173Z,3.655737,112.953971,Cloud to Ground,-12560,0,7
2026-09-02T00:28:52.555101068Z,15.435335,133.682749,Cloud to Ground,-10473,0,6
2026-09-02T00:28:52.860731799Z,15.404994,133.976286,Cloud to Ground,-14194,0,7
2026-09-02T00:28:52.479913000Z,15.3876,133.9825,Cloud to Ground,16698,0,6
2026-09-02T00:28:53.529582853Z,15.427688,133.481212,Cloud to Cloud,-16087,4225,18
2026-09-02T00:28:54.766996258Z,15.332783,133.983023,Cloud to Ground,-9410,0,13
2026-09-02T00:28:54.827075565Z,15.243529,134.668596,Cloud to Ground,-13321,0,11
2026-09-02T00:28:54.961089471Z,15.28064,134.664559,Cloud to Ground,-7584,0,6
2026-09-02T00:28:54.837795708Z,15.259714,134.660536,Cloud to Ground,-7206,0,6
2026-09-02T00:28:55.504900108Z,15.30716,134.694219,Cloud to Ground,11622,0,13
2026-09-02T00:28:55.455134263Z,3.794562,113.174195,Cloud to Ground,21231,0,14
2026-09-02T00:28:55.993359307Z,3.831713,113.182969,Cloud to Ground,21763,0,8
2026-09-02T00:28:55.834003176Z,3.800402,113.182301,Cloud to Ground,28287,0,20
2026-09-02T00:28:55.775370381Z,3.806442,113.188227,Cloud to Ground,33651,0,14
2026-09-02T00:28:55.720313539Z,3.80578,113.191816,Cloud to Ground,35829,0,17
2026-09-02T00:28:55.927014381Z,3.830683,113.177293,Cloud to Ground,58517,0,12
2026-09-02T00:28:56.438526516Z,15.323337,134.029293,Cloud to Ground,-40459,0,14
2026-09-02T00:29:04.524117959Z,15.257735,134.744062,Cloud to Ground,10583,0,12
2026-09-02T00:29:05.441005152Z,15.259899,134.666667,Cloud to Ground,-9872,0,12
2026-09-02T00:29:05.065121398Z,15.781555,133.282877,Cloud to Ground,26221,0,13
2026-09-02T00:29:05.937469023Z,15.313892,134.044676,Cloud to Ground,-59902,0,11
2026-09-02T00:29:05.806644361Z,15.351897,134.044815,Cloud to Ground,-59329,0,16
2026-09-02T00:29:06.371755277Z,15.402356,134.105516,Cloud to Ground,-13252,0,7
2026-09-02T00:29:06.463091589Z,15.308103,134.137467,Cloud to Ground,13877,0,13
2026-09-02T00:29:06.765712383Z,16.615961,133.189292,Cloud to Cloud,-8811,4475,9
2026-09-02T00:29:05.416686045Z,15.24463,134.906454,Cloud to Ground,-20515,0,10
2026-09-02T00:29:06.543626823Z,15.195139,134.724836,Cloud to Ground,-11314,0,6
2026-09-02T00:29:06.741792380Z,15.220902,134.751865,Cloud to Ground,9784,0,10
2026-09-02T00:29:06.511023444Z,15.252473,134.832543,Cloud to Ground,17618,0,14
2026-09-02T00:29:05.539256109Z,15.274019,134.902628,Cloud to Ground,28684,0,14
2026-09-02T00:29:06.605758659Z,15.230768,134.831932,Cloud to Ground,30578,0,20
2026-09-02T00:29:05.513398598Z,15.285577,134.897759,Cloud to Ground,34995,0,14
2026-09-02T00:29:06.742591327Z,15.236288,134.835908,Cloud to Ground,38891,0,17
2026-09-02T00:29:05.758879180Z,15.276063,134.907437,Cloud to Ground,43219,0,15
2026-09-02T00:29:06.425819526Z,15.233152,134.86741,Cloud to Ground,58832,0,17
2026-09-02T00:29:06.901511492Z,15.347074,134.22966,Cloud to Ground,-12550,0,7
2026-09-02T00:29:07.479258854Z,15.400161,133.657608,Cloud to Cloud,-13425,10855,11
2026-09-02T00:29:07.375641098Z,15.430055,133.660173,Cloud to Ground,-12773,0,6
2026-09-02T00:29:07.444199043Z,15.416424,134.12414,Cloud to Cloud,-17335,3084,16
2026-09-02T00:29:07.709729658Z,15.555471,134.06817,Cloud to Ground,-13550,0,8
2026-09-02T00:29:07.774185602Z,15.477972,134.103191,Cloud to Ground,-13456,0,8
2026-09-02T00:29:07.858300942Z,15.243544,134.750171,Cloud to Ground,-13964,0,5
2026-09-02T00:29:08.088285625Z,15.261924,134.78511,Cloud to Ground,-9734,0,13
2026-09-02T00:29:07.861285069Z,15.232716,134.754714,Cloud to Ground,-6675,0,6
2026-09-02T00:29:08.113843229Z,14.881311,134.938348,Cloud to Ground,-14062,0,12
2026-09-02T00:29:09.271716812Z,15.324538,134.063397,Cloud to Ground,-52158,0,12
2026-09-02T00:29:08.818649396Z,15.368867,134.177766,Cloud to Ground,-21116,0,10
2026-09-02T00:29:09.059561418Z,15.326323,134.173726,Cloud to Ground,-16763,0,7
2026-09-02T00:29:08.826773647Z,15.443722,134.171581,Cloud to Ground,-11970,0,10
2026-09-02T00:29:08.916158622Z,15.384927,134.097587,Cloud to Cloud,-11310,3860,7
2026-09-02T00:29:08.927613481Z,15.406541,134.124767,Cloud to Ground,-10561,0,7
2026-09-02T00:29:08.945501689Z,15.372979,134.189536,Cloud to Ground,17934,0,6
2026-09-02T00:29:08.701063972Z,15.380008,134.135626,Cloud to Ground,30994,0,14
2026-09-02T00:29:10.402729274Z,15.404458,134.167641,Cloud to Ground,48282,0,9
2026-09-02T00:29:10.788914659Z,15.948825,133.041141,Cloud to Cloud,-13614,9783,13
2026-09-02T00:29:10.790767196Z,15.951029,133.040465,Cloud to Ground,-6484,0,8
2026-09-02T00:29:11.904370561Z,15.280743,134.557453,Cloud to Ground,-14926,0,6
2026-09-02T00:29:12.453243707Z,15.32962,134.575013,Cloud to Cloud,7914,5570,8
2026-09-02T00:29:12.485526124Z,15.317625,134.585414,Cloud to Ground,9770,0,12
2026-09-02T00:29:12.217507988Z,15.327167,134.576675,Cloud to Ground,11070,0,10
2026-09-02T00:29:12.515616125Z,15.320333,134.575252,Cloud to Ground,13037,0,8
2026-09-02T00:29:11.746757730Z,15.325677,134.579072,Cloud to Ground,14296,0,8
2026-09-02T00:29:11.528252548Z,15.41222,134.551638,Cloud to Ground,15391,0,10
2026-09-02T00:29:11.390618767Z,15.321369,134.6103,Cloud to Ground,15912,0,14
2026-09-02T00:29:11.527758772Z,15.315501,134.586597,Cloud to Ground,22719,0,15
2026-09-02T00:29:12.027644314Z,15.32209,134.575785,Cloud to Ground,22993,0,14
2026-09-02T00:29:11.470583363Z,15.321027,134.576761,Cloud to Ground,26382,0,8
2026-09-02T00:29:11.853444111Z,15.316042,134.58946,Cloud to Ground,35385,0,17
2026-09-02T00:29:11.626242719Z,15.314382,134.589827,Cloud to Ground,71569,0,17
2026-09-02T00:29:11.321377292Z,15.379601,134.196878,Cloud to Ground,20301,0,8
2026-09-02T00:29:11.354039562Z,15.453682,134.143702,Cloud to Ground,25897,0,14
2026-09-02T00:29:11.293608244Z,15.402425,134.060887,Cloud to Ground,-19086,0,13
2026-09-02T00:29:12.879453230Z,3.589027,112.814505,Cloud to Ground,-11438,0,20
2026-09-02T00:29:14.670297810Z,15.375893,134.206956,Cloud to Ground,-20388,0,6
2026-09-02T00:29:20.694470503Z,3.733984,113.10274,Cloud to Ground,-9972,0,7
2026-09-02T00:29:20.912271577Z,15.507041,133.849961,Cloud to Ground,-10350,0,7
2026-09-02T00:29:21.035990033Z,5.204288,114.94089,Cloud to Ground,9042,0,7
2026-09-02T00:29:21.033391989Z,15.450218,134.110237,Cloud to Ground,-13025,0,8
2026-09-02T00:29:22.388056597Z,18.414233,133.175108,Cloud to Cloud,13948,3445,11
2026-09-02T00:29:22.389110098Z,18.301688,133.374881,Cloud to Ground,-14918,0,8
2026-09-02T00:29:22.384417533Z,18.273633,133.385237,Cloud to Cloud,-12479,3047,10
2026-09-02T00:29:22.386874489Z,18.333916,133.344363,Cloud to Ground,-10944,0,10
2026-09-02T00:29:22.385975029Z,18.329768,133.366118,Cloud to Ground,20627,0,12
2026-09-02T00:29:22.833073934Z,15.789787,133.328747,Cloud to Ground,10276,0,10
2026-09-02T00:29:22.879713160Z,15.795985,133.328948,Cloud to Ground,30675,0,12
2026-09-02T00:29:22.714770883Z,15.788634,133.334013,Cloud to Ground,43987,0,15
2026-09-02T00:29:22.327436180Z,14.832999,134.897334,Cloud to Ground,-11317,0,12
2026-09-02T00:29:23.495266117Z,15.23252,134.711228,Cloud to Ground,-11858,0,10
2026-09-02T00:29:23.426549033Z,15.243863,134.716584,Cloud to Ground,11721,0,6
2026-09-02T00:29:23.156933375Z,16.553817,133.243114,Cloud to Ground,13847,0,9
2026-09-02T00:29:22.655897680Z,15.367555,134.162484,Cloud to Ground,-20452,0,12
2026-09-02T00:29:22.194894480Z,15.362677,134.168167,Cloud to Ground,11933,0,6
2026-09-02T00:29:22.344665554Z,15.364901,134.161501,Cloud to Ground,12049,0,7
2026-09-02T00:29:22.671289332Z,15.28398,134.180229,Cloud to Ground,20565,0,10
2026-09-02T00:29:22.632193299Z,15.259159,134.172689,Cloud to Ground,24328,0,8
2026-09-02T00:29:22.270382138Z,15.351147,134.175023,Cloud to Ground,27027,0,12
2026-09-02T00:29:22.096378465Z,15.351439,134.177444,Cloud to Ground,41693,0,15
2026-09-02T00:29:23.010960597Z,15.322934,134.128672,Cloud to Ground,45430,0,16
2026-09-02T00:29:24.307208687Z,15.317088,134.300016,Cloud to Ground,-13789,0,10
2026-09-02T00:29:24.516018286Z,15.337486,134.294334,Cloud to Ground,16611,0,10
2026-09-02T00:29:24.986434641Z,14.925643,134.989006,Cloud to Ground,13069,0,9
2026-09-02T00:29:24.900652599Z,15.186983,134.179056,Cloud to Cloud,10125,4836,7
2026-09-02T00:29:24.268692441Z,15.383006,134.055775,Cloud to Ground,-16912,0,10
2026-09-02T00:29:24.985681859Z,15.391997,134.112249,Cloud to Ground,-14760,0,10
2026-09-02T00:29:24.967260434Z,15.398517,134.06098,Cloud to Ground,-14401,0,17
2026-09-02T00:29:25.296016707Z,15.357655,134.109319,Cloud to Ground,-11373,0,8
2026-09-02T00:29:25.228970444Z,15.356396,134.031858,Cloud to Ground,-10366,0,7
2026-09-02T00:29:26.738548832Z,15.769445,133.238181,Cloud to Ground,17594,0,10
2026-09-02T00:29:27.094801082Z,15.050765,134.794468,Cloud to Ground,-13917,0,7
2026-09-02T00:29:27.843767148Z,15.378277,134.141826,Cloud to Cloud,8570,17761,5
2026-09-02T00:29:27.717289836Z,15.35332,134.17838,Cloud to Ground,11661,0,9
2026-09-02T00:29:27.908098649Z,15.349201,134.182416,Cloud to Ground,14257,0,8
2026-09-02T00:29:27.659307475Z,15.391588,134.084984,Cloud to Ground,16016,0,13
2026-09-02T00:29:27.615498000Z,15.3641,134.0671,Cloud to Ground,21535,0,5
2026-09-02T00:29:27.563482343Z,15.35548,134.127033,Cloud to Ground,38577,0,13
2026-09-02T00:29:28.453819750Z,16.624411,133.548499,Cloud to Ground,-14781,0,12
2026-09-02T00:29:28.456697660Z,16.627788,133.536704,Cloud to Ground,-9122,0,5
2026-09-02T00:29:28.452924090Z,16.673577,133.481745,Cloud to Cloud,-8076,3031,10
2026-09-02T00:29:28.455152414Z,16.624995,133.556588,Cloud to Ground,22784,0,18
2026-09-02T00:29:30.047914086Z,15.208302,134.730948,Cloud to Ground,-14918,0,14
2026-09-02T00:29:29.806674757Z,15.136507,134.712423,Cloud to Ground,-14192,0,7
2026-09-02T00:29:29.955924694Z,15.269915,134.75835,Cloud to Ground,7365,0,7
2026-09-02T00:29:29.965082722Z,15.304744,134.711609,Cloud to Ground,10261,0,9
2026-09-02T00:29:29.693547065Z,15.251326,134.778024,Cloud to Cloud,11065,3826,14
2026-09-02T00:29:29.804945413Z,15.261797,134.771257,Cloud to Ground,11202,0,15
2026-09-02T00:29:30.045360809Z,15.256959,134.775043,Cloud to Ground,14629,0,13
2026-09-02T00:29:29.475399631Z,15.248663,134.787115,Cloud to Ground,22945,0,15
2026-09-02T00:29:29.108015901Z,15.268237,134.759678,Cloud to Ground,23151,0,17
2026-09-02T00:29:28.896334473Z,15.25801,134.763891,Cloud to Ground,47252,0,16
2026-09-02T00:29:29.098277700Z,15.425361,133.665039,Cloud to Cloud,-11842,6678,10
2026-09-02T00:29:29.066495860Z,15.433044,133.657308,Cloud to Cloud,-9238,3265,11
2026-09-02T00:29:29.443544291Z,15.634919,132.942885,Cloud to Ground,-12777,0,9
2026-09-02T00:29:29.598004777Z,14.868521,134.979736,Cloud to Ground,11906,0,9
2026-09-02T00:29:30.026739302Z,15.426966,134.11164,Cloud to Ground,12501,0,6
2026-09-02T00:29:30.196686953Z,15.417374,134.12991,Cloud to Ground,20775,0,13
2026-09-02T00:29:29.988923866Z,15.409787,134.139154,Cloud to Ground,50268,0,14
2026-09-02T00:29:30.096150224Z,15.415656,134.131015,Cloud to Ground,69522,0,18
2026-09-02T00:29:31.072095191Z,15.402523,134.110627,Cloud to Ground,9444,0,6
2026-09-02T00:29:31.070698771Z,15.36715,134.14489,Cloud to Ground,21749,0,14
2026-09-02T00:29:31.061646249Z,15.34676,134.169388,Cloud to Ground,43839,0,15
2026-09-02T00:29:30.943076995Z,15.351503,134.165599,Cloud to Ground,65505,0,14
2026-09-02T00:29:31.463817549Z,15.291362,134.742947,Cloud to Cloud,-13609,3039,10
2026-09-02T00:29:31.471330791Z,15.245431,134.760814,Cloud to Ground,6737,0,10
2026-09-02T00:29:31.759911988Z,16.554088,133.255884,Cloud to Ground,-13518,0,8
2026-09-02T00:29:31.889275732Z,16.575088,133.240305,Cloud to Ground,-9988,0,8
2026-09-02T00:29:31.579875272Z,16.544388,133.256814,Cloud to Ground,-8908,0,6
2026-09-02T00:29:31.734891135Z,16.580231,133.205042,Cloud to Ground,-6065,0,7
2026-09-02T00:29:31.887181164Z,16.585237,133.240136,Cloud to Ground,6352,0,6
2026-09-02T00:29:32.494581198Z,15.344507,134.030404,Cloud to Cloud,-14180,4438,13
2026-09-02T00:29:32.840701839Z,15.652221,133.052808,Cloud to Ground,-9897,0,11
2026-09-02T00:29:32.206517202Z,15.604374,132.956558,Cloud to Ground,-15863,0,7
2026-09-02T00:29:32.518358074Z,15.319139,134.211623,Cloud to Ground,-12402,0,12
2026-09-02T00:29:32.540915041Z,15.351755,134.195717,Cloud to Ground,8684,0,9
2026-09-02T00:29:32.315338153Z,15.452987,134.125411,Cloud to Ground,18452,0,8
2026-09-02T00:29:32.286353695Z,15.402863,134.139575,Cloud to Ground,39730,0,14
2026-09-02T00:29:32.821802339Z,15.824796,133.129799,Cloud to Ground,-8469,0,11
2026-09-02T00:29:32.930314917Z,15.799612,133.205853,Cloud to Ground,12314,0,7
2026-09-02T00:29:32.669731215Z,15.824609,133.330536,Cloud to Ground,12179,0,10
2026-09-02T00:29:32.538488144Z,15.824698,133.32419,Cloud to Ground,16454,0,8
2026-09-02T00:29:32.928048867Z,15.814834,133.33157,Cloud to Ground,17044,0,9
2026-09-02T00:29:32.406558517Z,15.780346,133.353387,Cloud to Ground,31608,0,11
2026-09-02T00:29:32.600328367Z,15.812647,133.339292,Cloud to Ground,33307,0,13
2026-09-02T00:29:33.613227089Z,15.358829,134.059104,Cloud to Ground,-12683,0,11
2026-09-02T00:29:33.258584055Z,15.357256,134.097234,Cloud to Ground,-12556,0,9
2026-09-02T00:29:33.698405147Z,15.384153,134.02646,Cloud to Ground,-11741,0,8
2026-09-02T00:29:33.685586621Z,15.465776,133.984256,Cloud to Ground,11721,0,12
2026-09-02T00:29:33.673003828Z,15.408404,134.045399,Cloud to Ground,16086,0,6
2026-09-02T00:29:34.954190281Z,15.105514,134.746242,Cloud to Ground,11871,0,7
2026-09-02T00:29:35.395902289Z,16.212287,133.498975,Cloud to Cloud,-10821,3369,14
2026-09-02T00:29:35.391474878Z,16.269392,133.631626,Cloud to Cloud,-40974,3280,15
2026-09-02T00:29:35.470762724Z,16.20969,133.658696,Cloud to Ground,9251,0,6
2026-09-02T00:29:35.443764651Z,16.204957,133.665158,Cloud to Ground,13371,0,11
2026-09-02T00:29:35.420749017Z,16.183248,133.678294,Cloud to Ground,28238,0,15
2026-09-02T00:29:35.105878425Z,15.220558,134.698214,Cloud to Cloud,-24721,7000,17
2026-09-02T00:29:35.137208923Z,15.288783,134.668075,Cloud to Cloud,-9498,4718,11
2026-09-02T00:29:34.970239170Z,15.22705,134.703657,Cloud to Cloud,-8450,3588,10
2026-09-02T00:29:36.657751903Z,15.381638,134.130117,Cloud to Ground,-21427,0,14
2026-09-02T00:29:36.380587976Z,15.435673,134.060325,Cloud to Cloud,-19245,3036,16
2026-09-02T00:29:36.461174459Z,15.45098,134.062717,Cloud to Ground,-19019,0,16
2026-09-02T00:29:36.325682060Z,15.371188,134.106683,Cloud to Ground,-18724,0,9
2026-09-02T00:29:36.633239554Z,15.325301,134.158902,Cloud to Ground,-17779,0,7
2026-09-02T00:29:36.503976324Z,15.454405,134.108543,Cloud to Ground,-13290,0,15
2026-09-02T00:29:36.317959313Z,15.402956,134.037655,Cloud to Ground,-13040,0,11
2026-09-02T00:29:36.498168571Z,15.316504,134.207028,Cloud to Ground,-11403,0,11
2026-09-02T00:29:36.255792696Z,15.450729,134.033245,Cloud to Ground,-8699,0,10
2026-09-02T00:29:36.694582700Z,15.378367,134.146043,Cloud to Ground,11795,0,13
2026-09-02T00:29:36.103261645Z,15.387881,134.138939,Cloud to Ground,14472,0,7
2026-09-02T00:29:36.427498297Z,15.38321,134.139451,Cloud to Ground,14718,0,11
2026-09-02T00:29:36.226611330Z,15.383441,134.145704,Cloud to Ground,15021,0,8
2026-09-02T00:29:35.885942881Z,15.401457,134.080779,Cloud to Ground,16936,0,8
2026-09-02T00:29:36.275051907Z,15.39247,134.14621,Cloud to Ground,44363,0,15
2026-09-02T00:29:37.274398595Z,15.351137,134.526244,Cloud to Ground,-10401,0,7
2026-09-02T00:29:37.496994621Z,15.305643,134.567669,Cloud to Ground,23509,0,15
2026-09-02T00:29:37.385062106Z,15.308875,134.574181,Cloud to Ground,24251,0,13
2026-09-02T00:29:37.363835361Z,15.314571,134.563365,Cloud to Ground,26254,0,14
2026-09-02T00:29:37.339443581Z,15.30954,134.57427,Cloud to Ground,53870,0,14
2026-09-02T00:29:37.294644977Z,15.308156,134.577728,Cloud to Ground,57614,0,19
2026-09-02T00:29:37.595573360Z,15.284961,134.205288,Cloud to Ground,-142845,0,9
2026-09-02T00:29:39.110339536Z,15.434176,134.057751,Cloud to Cloud,-17315,3414,14
2026-09-02T00:29:38.697660426Z,15.363375,134.062428,Cloud to Ground,-14244,0,16
2026-09-02T00:29:38.725957304Z,15.404436,134.158167,Cloud to Ground,-12809,0,7
2026-09-02T00:29:38.552461565Z,15.41248,134.138883,Cloud to Ground,-9702,0,8
2026-09-02T00:29:38.601652814Z,15.345891,134.203461,Cloud to Ground,16100,0,10
2026-09-02T00:29:38.695878930Z,15.299321,134.455269,Cloud to Ground,-13325,0,20
2026-09-02T00:29:39.272492014Z,3.570306,112.83137,Cloud to Ground,-10237,0,8
2026-09-02T00:29:39.195792597Z,14.974105,134.945361,Cloud to Cloud,-13166,3006,8
2026-09-02T00:29:39.175325237Z,14.915276,134.978585,Cloud to Ground,-12397,0,7
2026-09-02T00:29:39.493158946Z,15.305642,134.891514,Cloud to Ground,-9634,0,12
2026-09-02T00:29:40.512812853Z,3.724792,113.2399,Cloud to Ground,12396,0,7
2026-09-02T00:29:40.206198599Z,3.730858,113.150713,Cloud to Ground,30236,0,14
2026-09-02T00:29:40.262936113Z,15.462824,134.018681,Cloud to Ground,-20947,0,13
2026-09-02T00:29:40.596677723Z,15.268003,134.526758,Cloud to Ground,-9326,0,7
2026-09-02T00:29:40.374383548Z,15.328125,134.314701,Cloud to Ground,35721,0,15
2026-09-02T00:29:41.913674943Z,18.78178,130.439724,Cloud to Cloud,-9270,16165,7
2026-09-02T00:29:48.316291180Z,15.285552,134.138916,Cloud to Ground,-19608,0,9
2026-09-02T00:29:48.366242503Z,15.329313,134.130796,Cloud to Ground,-16423,0,15
2026-09-02T00:29:48.260048851Z,15.379781,134.072838,Cloud to Cloud,-9981,6447,10
2026-09-02T00:29:48.396579898Z,15.286902,134.177388,Cloud to Ground,38784,0,12
2026-09-02T00:29:49.366691483Z,4.843022,114.558836,Cloud to Cloud,11086,4508,6
2026-09-02T00:29:49.255221334Z,15.403182,134.117593,Cloud to Ground,11808,0,13
2026-09-02T00:29:49.177186000Z,15.4025,134.0442,Cloud to Ground,20257,0,8
2026-09-02T00:29:50.471448823Z,15.32917,134.160904,Cloud to Ground,-12230,0,6
2026-09-02T00:29:50.095097828Z,15.751923,133.295173,Cloud to Ground,-14820,0,9
2026-09-02T00:29:50.289215086Z,15.22876,134.768396,Cloud to Cloud,-11059,4800,8
2026-09-02T00:29:50.532066210Z,15.223956,134.774881,Cloud to Ground,7799,0,7
2026-09-02T00:29:49.991260389Z,15.233674,134.764073,Cloud to Ground,9582,0,13
2026-09-02T00:29:50.655914343Z,15.240731,134.762619,Cloud to Cloud,9710,3064,6
2026-09-02T00:29:49.998155457Z,15.170423,134.813328,Cloud to Ground,10419,0,8
2026-09-02T00:29:50.378351225Z,15.218445,134.780993,Cloud to Ground,11169,0,14
2026-09-02T00:29:51.212186373Z,15.372733,134.194424,Cloud to Ground,11867,0,7
2026-09-02T00:29:51.225193385Z,15.287266,134.216699,Cloud to Ground,19554,0,7
2026-09-02T00:29:51.385341199Z,15.422227,133.657925,Cloud to Ground,-12518,0,10
2026-09-02T00:29:51.482682703Z,15.405901,133.658405,Cloud to Cloud,-10916,6852,7
2026-09-02T00:29:51.349102094Z,15.429566,133.662523,Cloud to Ground,-8886,0,7
2026-09-02T00:29:51.771618385Z,15.373501,133.667493,Cloud to Ground,15448,0,6
2026-09-02T00:29:51.812342928Z,16.518596,133.283115,Cloud to Ground,-8026,0,6
2026-09-02T00:29:52.910021779Z,15.286766,134.028915,Cloud to Ground,-17917,0,10
2026-09-02T00:29:52.545701185Z,15.344617,134.092372,Cloud to Cloud,-12961,3128,7
2026-09-02T00:29:52.203978947Z,15.412712,134.056551,Cloud to Ground,-10586,0,9
2026-09-02T00:29:52.271135497Z,15.38706,134.052483,Cloud to Ground,-9802,0,7
2026-09-02T00:29:52.565657893Z,15.442804,134.010532,Cloud to Cloud,-9185,3523,7
2026-09-02T00:29:53.007389900Z,15.422495,134.115136,Cloud to Ground,9711,0,8
2026-09-02T00:29:52.698976938Z,15.421243,134.12362,Cloud to Cloud,10207,17620,6
2026-09-02T00:29:52.966779864Z,15.355123,134.134594,Cloud to Ground,10730,0,10
2026-09-02T00:29:53.006184443Z,15.405546,134.149135,Cloud to Cloud,12968,3042,12
2026-09-02T00:29:52.707464409Z,15.417033,134.129915,Cloud to Ground,16676,0,10
2026-09-02T00:29:52.591796179Z,15.427528,134.120533,Cloud to Ground,16681,0,11
2026-09-02T00:29:52.918684763Z,15.42973,134.109708,Cloud to Ground,27900,0,10
2026-09-02T00:29:52.747135644Z,15.410998,134.114978,Cloud to Ground,28327,0,18
2026-09-02T00:29:52.672899677Z,15.41369,134.133517,Cloud to Ground,36102,0,16
2026-09-02T00:29:52.833585167Z,15.349971,134.105675,Cloud to Ground,36114,0,14
2026-09-02T00:29:53.767062217Z,14.893064,134.890679,Cloud to Cloud,-13012,3053,9
2026-09-02T00:29:53.484911111Z,15.284679,134.928918,Cloud to Ground,-25440,0,20
2026-09-02T00:29:53.519829416Z,15.316583,134.886295,Cloud to Cloud,-10322,3002,12
2026-09-02T00:29:54.435686169Z,15.474709,134.111262,Cloud to Cloud,-12922,3261,7
2026-09-02T00:29:55.526246761Z,3.661129,112.960513,Cloud to Ground,-11954,0,8
2026-09-02T00:29:55.550713649Z,15.789207,133.294707,Cloud to Ground,-10483,0,8
2026-09-02T00:29:54.938369035Z,15.21005,134.747326,Cloud to Ground,-10244,0,12
2026-09-02T00:29:54.341031617Z,15.302273,134.717383,Cloud to Ground,-9898,0,5
2026-09-02T00:29:55.190013875Z,15.285286,134.731139,Cloud to Ground,11619,0,11
2026-09-02T00:29:54.471574784Z,15.274116,134.728915,Cloud to Ground,23570,0,17
2026-09-02T00:29:55.373346574Z,15.277298,134.735599,Cloud to Ground,25565,0,15
2026-09-02T00:29:55.030948144Z,15.280403,134.735448,Cloud to Ground,30446,0,19
2026-09-02T00:29:54.388285209Z,15.277073,134.735311,Cloud to Ground,36603,0,17
2026-09-02T00:29:54.937313347Z,15.274202,134.739286,Cloud to Ground,37873,0,15
2026-09-02T00:29:55.121991051Z,15.279743,134.740675,Cloud to Ground,41159,0,18
2026-09-02T00:29:56.277889255Z,15.38198,134.106361,Cloud to Ground,27276,0,13
2026-09-02T00:29:56.816617603Z,15.360463,134.605466,Cloud to Ground,14422,0,13
2026-09-02T00:29:57.133772636Z,3.479407,112.835532,Cloud to Cloud,10224,5870,6
2026-09-02T00:29:57.142783420Z,3.580855,112.875816,Cloud to Ground,-9879,0,7
2026-09-02T00:29:57.871760144Z,15.513386,134.060807,Cloud to Ground,14538,0,6
2026-09-02T00:29:57.785007537Z,15.384437,133.949345,Cloud to Ground,-9940,0,8
2026-09-02T00:29:57.192395638Z,15.224452,134.825316,Cloud to Ground,26704,0,12
2026-09-02T00:29:57.519579979Z,15.365487,134.606226,Cloud to Ground,10913,0,12
2026-09-02T00:29:58.884779586Z,15.742482,133.243316,Cloud to Ground,-18948,0,12
2026-09-02T00:29:58.035994040Z,15.349703,134.109679,Cloud to Cloud,-13797,3271,12
2026-09-02T00:29:58.290540951Z,15.375935,134.13296,Cloud to Cloud,14985,7198,9
2026-09-02T00:29:58.272983561Z,15.385496,134.134291,Cloud to Ground,15089,0,10
2026-09-02T00:29:58.688074739Z,15.639798,133.058746,Cloud to Ground,45379,0,13
2026-09-02T00:29:59.391576898Z,15.398273,133.960776,Cloud to Ground,-11042,0,9
2026-09-02T00:29:59.651612171Z,15.36214,134.062896,Cloud to Ground,-16233,0,6
2026-09-02T00:29:59.016939546Z,15.391209,134.152893,Cloud to Ground,-13034,0,8
2026-09-02T00:29:59.119131664Z,15.34485,134.183882,Cloud to Ground,12374,0,6
2026-09-02T00:29:59.070560084Z,15.358024,134.200544,Cloud to Ground,13113,0,11
2026-09-02T00:29:59.217462334Z,15.405563,134.102502,Cloud to Ground,27698,0,15
2026-09-02T00:30:00.918008244Z,5.210048,114.880625,Cloud to Cloud,-6831,3882,7
2026-09-02T00:30:00.912504941Z,5.202534,114.873652,Cloud to Ground,12636,0,10
2026-09-02T00:30:00.739087864Z,15.263442,134.663868,Cloud to Ground,-13643,0,11
2026-09-02T00:30:00.771682372Z,15.270458,134.652723,Cloud to Ground,6892,0,7
2026-09-02T00:30:00.714362348Z,15.342391,133.934324,Cloud to Cloud,-10253,14448,8
2026-09-02T00:30:01.655499344Z,3.667704,112.967602,Cloud to Ground,16145,0,8
2026-09-02T00:30:07.234457668Z,15.451303,134.150679,Cloud to Ground,-11204,0,9
2026-09-02T00:30:07.383354336Z,15.402799,134.112616,Cloud to Ground,27295,0,14
2026-09-02T00:30:08.297946156Z,15.403588,134.139583,Cloud to Ground,-10932,0,7
2026-09-02T00:30:08.875257292Z,15.377804,134.184457,Cloud to Ground,8324,0,9
2026-09-02T00:30:08.429869104Z,15.419077,134.158616,Cloud to Ground,11494,0,7
2026-09-02T00:30:08.965937924Z,15.380011,134.183044,Cloud to Ground,12199,0,11
2026-09-02T00:30:08.776632219Z,15.379264,134.182719,Cloud to Ground,13359,0,8
2026-09-02T00:30:08.602347468Z,15.389563,134.174185,Cloud to Ground,14553,0,11
2026-09-02T00:30:08.686482708Z,15.380586,134.179359,Cloud to Ground,15377,0,11
2026-09-02T00:30:08.427924597Z,15.379914,134.180394,Cloud to Ground,19545,0,13
2026-09-02T00:30:08.542425336Z,15.43537,134.149567,Cloud to Ground,19896,0,10
2026-09-02T00:30:08.344466209Z,15.370902,134.187097,Cloud to Ground,20814,0,13
2026-09-02T00:30:08.495053466Z,15.399719,134.160871,Cloud to Ground,30386,0,13
2026-09-02T00:30:08.280209135Z,15.383974,134.181678,Cloud to Ground,34081,0,12
2026-09-02T00:30:09.100378781Z,15.662353,133.044506,Cloud to Ground,-20284,0,15
2026-09-02T00:30:08.805270689Z,15.620559,133.004717,Cloud to Cloud,-11591,3045,10
2026-09-02T00:30:08.583626958Z,15.658807,133.038499,Cloud to Ground,-10099,0,11
2026-09-02T00:30:08.432121727Z,15.652723,133.030184,Cloud to Ground,-7868,0,7
2026-09-02T00:30:10.421659071Z,18.834966,130.448696,Cloud to Ground,-13003,0,7
2026-09-02T00:30:10.562449272Z,18.792399,130.591695,Cloud to Cloud,-22480,3113,12
2026-09-02T00:30:10.600826435Z,18.788431,130.609195,Cloud to Ground,-15138,0,14
2026-09-02T00:30:10.621704537Z,18.795853,130.624947,Cloud to Ground,10100,0,7
2026-09-02T00:30:10.632405719Z,15.348651,134.193267,Cloud to Cloud,-17776,7912,12
2026-09-02T00:30:11.479487973Z,15.414329,133.972947,Cloud to Ground,-16309,0,8
2026-09-02T00:30:11.868242629Z,15.39251,133.653592,Cloud to Ground,-12145,0,9
2026-09-02T00:30:12.670999428Z,5.990462,115.760218,Cloud to Ground,-10348,0,7
2026-09-02T00:30:12.618859525Z,6.026619,115.75427,Cloud to Cloud,-7513,10714,7
2026-09-02T00:30:12.889562758Z,15.656985,133.079821,Cloud to Ground,23633,0,13
2026-09-02T00:30:12.431391193Z,15.488412,134.070932,Cloud to Cloud,-12396,3397,10
2026-09-02T00:30:12.443622068Z,15.482617,134.109558,Cloud to Ground,-11382,0,7
2026-09-02T00:30:12.518359877Z,15.484047,134.014751,Cloud to Ground,-10591,0,8
2026-09-02T00:30:12.542679206Z,15.487131,134.035624,Cloud to Ground,-9448,0,7
2026-09-02T00:30:12.412724106Z,15.433669,134.08427,Cloud to Cloud,10251,3204,7
2026-09-02T00:30:12.350712868Z,15.210339,134.704626,Cloud to Ground,-21068,0,18
2026-09-02T00:30:12.087482478Z,15.277902,134.645652,Cloud to Cloud,-9236,3629,10
2026-09-02T00:30:12.176565357Z,15.223491,134.716605,Cloud to Ground,-8848,0,10
2026-09-02T00:30:12.554835973Z,15.217628,134.713831,Cloud to Ground,-8169,0,8
2026-09-02T00:30:12.502615503Z,15.233412,134.675732,Cloud to Cloud,10445,7718,7
2026-09-02T00:30:12.165239736Z,15.174378,134.714729,Cloud to Ground,12191,0,7
2026-09-02T00:30:14.169408102Z,15.316711,134.138921,Cloud to Ground,-15407,0,8
2026-09-02T00:30:14.423880951Z,15.31729,134.16343,Cloud to Ground,-12980,0,8
2026-09-02T00:30:14.034429297Z,15.342593,134.13727,Cloud to Ground,-11051,0,5
2026-09-02T00:30:14.487663900Z,15.347958,134.052992,Cloud to Ground,-10955,0,6
2026-09-02T00:30:14.870943103Z,15.3603,133.992379,Cloud to Ground,13082,0,18
2026-09-02T00:30:14.481728005Z,15.418829,133.977091,Cloud to Ground,15217,0,8
2026-09-02T00:30:14.845633783Z,15.296352,134.171018,Cloud to Ground,15417,0,5
2026-09-02T00:30:14.965257742Z,15.352243,134.028565,Cloud to Ground,18510,0,12
2026-09-02T00:30:13.480520485Z,15.383168,134.099658,Cloud to Ground,24876,0,15
2026-09-02T00:30:14.101513131Z,15.826847,133.259231,Cloud to Ground,-14198,0,12
2026-09-02T00:30:14.137239239Z,15.780136,133.271134,Cloud to Ground,-10035,0,9
2026-09-02T00:30:16.080632409Z,5.214916,114.922795,Cloud to Ground,9731,0,10
2026-09-02T00:30:22.580611698Z,15.378174,133.964737,Cloud to Ground,-12247,0,11
2026-09-02T00:30:22.134505969Z,15.493186,134.030395,Cloud to Ground,-15021,0,7
2026-09-02T00:30:22.385402957Z,15.661983,133.4611,Cloud to Ground,35844,0,15
2026-09-02T00:30:22.722039807Z,15.383333,134.143452,Cloud to Ground,11512,0,7
2026-09-02T00:30:22.290215532Z,15.390524,134.129141,Cloud to Ground,14211,0,7
2026-09-02T00:30:22.377647252Z,15.38753,134.13098,Cloud to Ground,19004,0,12
2026-09-02T00:30:22.521378000Z,15.3971,134.0882,Cloud to Ground,23118,0,8
2026-09-02T00:30:22.337557383Z,15.38752,134.133446,Cloud to Ground,38054,0,13
2026-09-02T00:30:21.889922438Z,15.378194,134.146889,Cloud to Ground,46136,0,13
2026-09-02T00:30:22.247556209Z,15.380785,134.136321,Cloud to Ground,47264,0,14
2026-09-02T00:30:22.750582865Z,14.862901,134.981446,Cloud to Ground,-14463,0,10
2026-09-02T00:30:24.622457576Z,4.961447,114.57241,Cloud to Ground,-25860,0,19
2026-09-02T00:30:24.602015746Z,4.877216,114.578223,Cloud to Cloud,-19092,3009,12
2026-09-02T00:30:24.624202607Z,4.962835,114.576405,Cloud to Cloud,-15763,15028,11
2026-09-02T00:30:24.919163462Z,4.864948,114.637646,Cloud to Ground,40510,0,15
2026-09-02T00:30:23.959032991Z,15.690906,133.029483,Cloud to Cloud,-11282,5506,20
2026-09-02T00:30:24.077894922Z,15.637927,133.067415,Cloud to Ground,16185,0,14
2026-09-02T00:30:24.037421404Z,15.634113,133.073253,Cloud to Ground,35410,0,15
2026-09-02T00:30:24.259113712Z,15.63017,133.080913,Cloud to Ground,55363,0,15
2026-09-02T00:30:24.078408338Z,15.402405,134.035733,Cloud to Ground,-25890,0,14
2026-09-02T00:30:23.874213279Z,15.312805,134.028759,Cloud to Ground,-17996,0,11
2026-09-02T00:30:23.827288672Z,15.393775,134.084322,Cloud to Ground,-12588,0,10
2026-09-02T00:30:23.724355155Z,15.395788,134.100628,Cloud to Ground,-12042,0,6
2026-09-02T00:30:23.840328069Z,15.325232,134.121768,Cloud to Cloud,-11338,14413,5
2026-09-02T00:30:23.521704473Z,15.333957,134.193532,Cloud to Ground,19077,0,13
2026-09-02T00:30:24.260415972Z,15.782157,133.014481,Cloud to Cloud,-15402,6323,14
2026-09-02T00:30:24.195902909Z,16.506162,132.89595,Cloud to Ground,19184,0,14
2026-09-02T00:30:24.283033844Z,16.487979,132.889575,Cloud to Ground,19411,0,14
2026-09-02T00:30:26.309790765Z,15.39923,134.282287,Cloud to Ground,-11232,0,7
2026-09-02T00:30:26.379543720Z,15.329114,134.284623,Cloud to Ground,11944,0,9
2026-09-02T00:30:25.775749096Z,15.382917,134.267223,Cloud to Ground,14299,0,10
2026-09-02T00:30:25.932864325Z,15.330233,134.287036,Cloud to Ground,16838,0,11
2026-09-02T00:30:26.430933045Z,15.270872,134.30984,Cloud to Ground,25532,0,9
2026-09-02T00:30:25.832775742Z,15.326669,134.291216,Cloud to Ground,25972,0,12
2026-09-02T00:30:26.297669650Z,15.313234,134.304057,Cloud to Ground,32804,0,14
2026-09-02T00:30:25.911647593Z,15.329163,134.290833,Cloud to Ground,35589,0,10
2026-09-02T00:30:25.441863509Z,15.314413,134.302587,Cloud to Ground,46081,0,15
2026-09-02T00:30:25.774808913Z,15.316127,134.300311,Cloud to Ground,48082,0,15
2026-09-02T00:30:25.400020152Z,15.311766,134.30032,Cloud to Ground,63970,0,16
2026-09-02T00:30:25.029946605Z,15.35061,134.123964,Cloud to Ground,-21042,0,10
2026-09-02T00:30:24.988099342Z,15.355394,134.122215,Cloud to Ground,-17433,0,13
2026-09-02T00:30:24.946962443Z,15.412741,134.069925,Cloud to Ground,11031,0,5
2026-09-02T00:30:25.650058429Z,15.442868,134.114383,Cloud to Ground,24769,0,10
2026-09-02T00:30:26.886504483Z,15.254157,134.151441,Cloud to Ground,-19321,0,6
2026-09-02T00:30:27.136159605Z,15.339995,134.168429,Cloud to Ground,-19110,0,7
2026-09-02T00:30:27.475331889Z,15.401832,134.054301,Cloud to Cloud,-17823,5447,19
2026-09-02T00:30:27.249910280Z,15.406883,134.034858,Cloud to Ground,-17378,0,13
2026-09-02T00:30:27.000599942Z,15.332899,134.15435,Cloud to Ground,-13524,0,5
2026-09-02T00:30:26.947793316Z,15.412708,134.147832,Cloud to Ground,-11448,0,7
2026-09-02T00:30:27.312631125Z,15.353881,134.113538,Cloud to Ground,-11399,0,13
2026-09-02T00:30:26.818737320Z,15.342246,134.065598,Cloud to Ground,-10941,0,9
2026-09-02T00:30:26.472027839Z,15.322344,134.174149,Cloud to Ground,20571,0,7
2026-09-02T00:30:26.548314506Z,15.320725,134.160464,Cloud to Ground,27678,0,9
2026-09-02T00:30:26.091529709Z,16.508628,133.234198,Cloud to Ground,28165,0,12
2026-09-02T00:30:29.513996274Z,15.481328,133.594456,Cloud to Ground,-18384,0,18
2026-09-02T00:30:29.457706276Z,15.430854,133.665559,Cloud to Cloud,-8367,6708,9
2026-09-02T00:30:29.313806242Z,15.392372,134.119004,Cloud to Ground,-12936,0,10
2026-09-02T00:30:29.230211518Z,15.411574,134.13657,Cloud to Ground,24642,0,12
2026-09-02T00:30:29.169462631Z,15.41891,134.136098,Cloud to Ground,42878,0,15
2026-09-02T00:30:29.309334524Z,15.40699,134.142407,Cloud to Ground,48831,0,17
2026-09-02T00:30:30.216266890Z,15.469549,133.997945,Cloud to Cloud,-16593,4803,15
2026-09-02T00:30:29.520501890Z,15.518338,134.052317,Cloud to Ground,16637,0,9
2026-09-02T00:30:29.551716472Z,15.78336,133.356241,Cloud to Ground,42007,0,15
2026-09-02T00:30:29.283744360Z,14.899332,134.924118,Cloud to Ground,-14984,0,13
2026-09-02T00:30:30.694448648Z,16.594667,133.239538,Cloud to Ground,14901,0,12
2026-09-02T00:30:30.912009152Z,15.793663,133.231156,Cloud to Ground,18025,0,7
2026-09-02T00:30:30.587130518Z,15.369662,134.056852,Cloud to Ground,10212,0,6
2026-09-02T00:30:31.491802420Z,18.329456,132.881865,Cloud to Ground,-10707,0,8
2026-09-02T00:30:31.527380104Z,15.374212,133.956119,Cloud to Ground,-13385,0,13
2026-09-02T00:30:32.835907204Z,16.611973,133.565085,Cloud to Ground,-25960,0,20
2026-09-02T00:30:32.871723403Z,16.639549,133.569058,Cloud to Ground,10365,0,14
2026-09-02T00:30:32.938076604Z,16.576208,133.604407,Cloud to Ground,15563,0,11
2026-09-02T00:30:32.149107316Z,15.331792,134.157061,Cloud to Ground,-16997,0,9
2026-09-02T00:30:32.542702731Z,15.383702,134.07856,Cloud to Ground,-12782,0,7
2026-09-02T00:30:32.382718311Z,15.375692,134.194515,Cloud to Ground,-8209,0,11
2026-09-02T00:30:32.484201771Z,15.369563,134.144481,Cloud to Ground,9677,0,8
2026-09-02T00:30:31.637386701Z,15.377499,134.125701,Cloud to Ground,16171,0,11
2026-09-02T00:30:32.104108694Z,15.247288,134.742561,Cloud to Ground,-13685,0,6
2026-09-02T00:30:32.102819568Z,15.210673,134.695265,Cloud to Ground,-9858,0,7
2026-09-02T00:30:33.992478657Z,15.249772,134.167364,Cloud to Ground,19392,0,10
2026-09-02T00:30:33.730882802Z,15.662433,133.061427,Cloud to Ground,-8274,0,7
2026-09-02T00:30:33.746047423Z,15.944972,133.043984,Cloud to Ground,24824,0,15
2026-09-02T00:30:34.695924501Z,15.310904,134.595151,Cloud to Ground,-9890,0,9
2026-09-02T00:30:34.905698939Z,15.229377,134.706299,Cloud to Ground,-10316,0,10
2026-09-02T00:30:34.261492530Z,15.359166,134.127635,Cloud to Ground,-14488,0,9
2026-09-02T00:30:34.061673431Z,15.345388,134.135848,Cloud to Cloud,-12617,4177,11
2026-09-02T00:30:33.845581383Z,15.413684,134.0541,Cloud to Ground,-11558,0,11
2026-09-02T00:30:33.607181927Z,15.388977,134.116034,Cloud to Ground,12196,0,9
2026-09-02T00:30:33.716630073Z,15.380845,134.123631,Cloud to Ground,14146,0,9
2026-09-02T00:30:34.106476154Z,15.365466,134.124488,Cloud to Ground,36540,0,18
2026-09-02T00:30:35.627856635Z,15.310403,134.104459,Cloud to Cloud,-14537,5997,10
2026-09-02T00:30:35.346884775Z,15.287994,134.166721,Cloud to Ground,-13573,0,10
2026-09-02T00:30:36.062438488Z,3.756607,113.104628,Cloud to Ground,-36860,0,10
2026-09-02T00:30:36.466990457Z,15.319821,133.764281,Cloud to Ground,14120,0,7
2026-09-02T00:30:36.518691687Z,15.421147,133.731738,Cloud to Ground,25773,0,14
2026-09-02T00:30:36.872145441Z,15.31508,133.991003,Cloud to Ground,-11060,0,12
2026-09-02T00:30:36.852070438Z,15.178451,134.20241,Cloud to Ground,15905,0,6
2026-09-02T00:30:37.347863708Z,15.338142,134.139515,Cloud to Cloud,9143,4663,6
2026-09-02T00:30:36.470673669Z,15.333151,134.14712,Cloud to Cloud,10110,3043,6
2026-09-02T00:30:36.197793628Z,15.428652,134.108548,Cloud to Cloud,10143,4582,7
2026-09-02T00:30:36.601485399Z,15.335904,134.137026,Cloud to Ground,10617,0,8
2026-09-02T00:30:36.510452549Z,15.368031,134.124411,Cloud to Ground,10818,0,5
2026-09-02T00:30:36.734356624Z,15.33788,134.138785,Cloud to Cloud,11748,3040,7
2026-09-02T00:30:37.438749745Z,15.407542,134.129634,Cloud to Ground,16208,0,12
2026-09-02T00:30:37.551874554Z,15.399976,134.136589,Cloud to Ground,33773,0,13
2026-09-02T00:30:36.433725385Z,15.35735,134.184069,Cloud to Ground,35649,0,14
2026-09-02T00:30:37.147493579Z,15.405791,134.135603,Cloud to Ground,45641,0,15
2026-09-02T00:30:36.339005157Z,15.374862,134.168063,Cloud to Ground,48403,0,14
2026-09-02T00:30:36.489706183Z,14.87326,134.991673,Cloud to Ground,-13400,0,11
2026-09-02T00:30:36.387811602Z,15.852183,133.095577,Cloud to Ground,-14190,0,10
2026-09-02T00:30:36.386226019Z,15.811959,133.122265,Cloud to Cloud,-12326,3311,9
2026-09-02T00:30:36.417082006Z,15.860023,133.110466,Cloud to Ground,10870,0,7
2026-09-02T00:30:37.536438132Z,15.767809,133.359394,Cloud to Ground,34524,0,15
2026-09-02T00:30:37.180254663Z,15.280653,134.701243,Cloud to Ground,33706,0,11
2026-09-02T00:30:39.956617274Z,15.296154,134.22026,Cloud to Ground,-18122,0,10
2026-09-02T00:30:39.799033867Z,16.58688,133.219683,Cloud to Cloud,-8046,4463,8
2026-09-02T00:30:39.053356023Z,15.23192,134.706477,Cloud to Ground,-16275,0,13
2026-09-02T00:30:40.776540429Z,15.354414,134.533987,Cloud to Cloud,-9357,5690,12
2026-09-02T00:30:40.013100044Z,15.418033,134.160719,Cloud to Ground,19485,0,11
2026-09-02T00:30:41.530973589Z,15.453007,133.868598,Cloud to Ground,-11958,0,7
2026-09-02T00:30:48.206857323Z,15.365252,133.986829,Cloud to Cloud,-8946,11508,10
2026-09-02T00:30:49.473231183Z,15.744912,133.233906,Cloud to Ground,15505,0,7
2026-09-02T00:30:49.942469680Z,15.292698,134.215715,Cloud to Cloud,-24501,3011,12
2026-09-02T00:30:49.292946478Z,15.321779,134.135918,Cloud to Ground,-11327,0,6
2026-09-02T00:30:50.045529517Z,15.355331,134.198167,Cloud to Ground,-10663,0,12
2026-09-02T00:30:49.863807770Z,15.398963,134.121656,Cloud to Ground,26315,0,13
2026-09-02T00:30:50.800032857Z,16.556893,133.253558,Cloud to Cloud,-10445,5063,14
2026-09-02T00:30:51.824365628Z,15.360507,134.187058,Cloud to Ground,12670,0,11
2026-09-02T00:30:59.429475291Z,15.373593,134.097726,Cloud to Ground,-12897,0,12
2026-09-02T00:30:59.022347936Z,15.220395,134.119079,Cloud to Ground,-16788,0,8
2026-09-02T00:30:59.817249328Z,15.466222,134.001255,Cloud to Ground,14460,0,7
2026-09-02T00:31:00.591709350Z,15.239436,134.728548,Cloud to Ground,-18204,0,11
2026-09-02T00:31:00.708423316Z,15.22459,134.769488,Cloud to Ground,9625,0,9
2026-09-02T00:31:01.153940243Z,14.916221,134.954617,Cloud to Ground,-18275,0,18
2026-09-02T00:31:00.423834666Z,15.35491,133.936562,Cloud to Ground,-15719,0,12
2026-09-02T00:31:00.743821778Z,15.385555,134.083773,Cloud to Ground,9660,0,12
2026-09-02T00:31:00.941618962Z,15.372784,134.091042,Cloud to Ground,11817,0,11
2026-09-02T00:31:00.811210134Z,15.385923,134.084686,Cloud to Ground,13923,0,11
2026-09-02T00:31:00.673225669Z,15.379077,134.089203,Cloud to Ground,20257,0,11
2026-09-02T00:31:00.473242576Z,15.383383,134.086785,Cloud to Ground,36073,0,12
2026-09-02T00:31:00.562317564Z,15.379388,134.093616,Cloud to Ground,45311,0,13
2026-09-02T00:31:01.754785078Z,4.895355,114.492273,Cloud to Ground,-19141,0,28
2026-09-02T00:31:01.754090518Z,4.926726,114.63974,Cloud to Ground,41688,0,20
2026-09-02T00:31:02.015272631Z,16.00392,133.734277,Cloud to Ground,-13490,0,11
2026-09-02T00:31:02.019396136Z,16.050894,133.706778,Cloud to Ground,-12773,0,9
2026-09-02T00:31:02.014534257Z,16.068803,133.711822,Cloud to Ground,10777,0,9
2026-09-02T00:31:01.778029870Z,16.147656,133.706273,Cloud to Ground,44780,0,15
2026-09-02T00:31:01.931019962Z,16.154693,133.710433,Cloud to Ground,45686,0,15
2026-09-02T00:31:02.993186144Z,15.413767,133.657516,Cloud to Ground,-13791,0,11
2026-09-02T00:31:02.032483338Z,15.326244,134.159306,Cloud to Ground,-16161,0,8
2026-09-02T00:31:01.985491195Z,15.322262,134.164228,Cloud to Ground,-12827,0,5
2026-09-02T00:31:02.715937526Z,15.978187,133.946441,Cloud to Cloud,-13491,3657,14
2026-09-02T00:31:02.462826590Z,15.288078,134.489814,Cloud to Ground,-29031,0,19
2026-09-02T00:31:03.521714547Z,15.629814,133.053078,Cloud to Ground,52749,0,18
2026-09-02T00:31:03.707374735Z,16.483769,133.267706,Cloud to Ground,-12096,0,10
2026-09-02T00:31:04.594509728Z,3.575335,112.845529,Cloud to Ground,-12169,0,8
2026-09-02T00:31:04.592686862Z,3.511397,112.857133,Cloud to Ground,10068,0,6
2026-09-02T00:31:04.937418271Z,15.384418,133.999471,Cloud to Ground,-10172,0,8
2026-09-02T00:31:04.963281294Z,15.372515,134.148371,Cloud to Ground,-18220,0,11
2026-09-02T00:31:05.179499728Z,15.370589,134.226719,Cloud to Ground,-15534,0,10
2026-09-02T00:31:05.172109319Z,15.386697,134.219915,Cloud to Ground,-14030,0,9
2026-09-02T00:31:05.067997915Z,15.330668,134.161914,Cloud to Cloud,10031,6974,6
2026-09-02T00:31:04.900784532Z,15.383605,134.162518,Cloud to Ground,12052,0,10
2026-09-02T00:31:06.871933477Z,14.935145,134.973929,Cloud to Ground,-11277,0,5
2026-09-02T00:31:06.956200933Z,14.909992,134.987217,Cloud to Ground,-9584,0,12
2026-09-02T00:31:07.077367563Z,15.423981,133.666004,Cloud to Ground,-14068,0,14
2026-09-02T00:31:07.098862648Z,15.471899,133.660108,Cloud to Ground,-8976,0,7
2026-09-02T00:31:06.899846392Z,15.393115,133.688807,Cloud to Ground,27861,0,13
