timestamp,latitude,longitude,type,amplitude_ka,height_m,num_sensors
2026-08-30T23:21:44.887791829Z,14.543086,132.487469,Cloud to Ground,-14292,0,19
2026-08-30T23:21:46.987346149Z,14.322069,134.837296,Cloud to Ground,-19151,0,11
2026-08-30T23:21:46.985935750Z,14.286411,134.885214,Cloud to Ground,33645,0,23
2026-08-30T23:21:47.438436978Z,18.122748,113.893322,Cloud to Cloud,-8172,3068,6
2026-08-30T23:21:48.639787128Z,14.598294,133.701479,Cloud to Ground,-18156,0,16
2026-08-30T23:21:51.576263372Z,19.160416,118.974607,Cloud to Ground,-6438,0,6
2026-08-30T23:21:51.221848164Z,19.187235,119.058366,Cloud to Cloud,16428,15205,8
2026-08-30T23:21:51.396410000Z,19.2266,118.8942,Cloud to Ground,16235,0,8
2026-08-30T23:21:51.646746182Z,18.724715,116.16345,Cloud to Ground,-106606,0,13
2026-08-30T23:21:51.694119316Z,18.703449,116.168529,Cloud to Ground,-12600,0,7
2026-08-30T23:21:51.685008685Z,18.72518,116.155845,Cloud to Ground,-8429,0,6
2026-08-30T23:21:51.671499524Z,18.732621,116.171159,Cloud to Ground,-8217,0,6
2026-08-30T23:21:52.334750403Z,14.962324,133.769006,Cloud to Ground,-19315,0,20
2026-08-30T23:21:52.733871140Z,14.950362,133.775569,Cloud to Ground,19531,0,18
2026-08-30T23:21:52.335404664Z,14.863028,133.828414,Cloud to Ground,7731,0,7
2026-08-30T23:21:52.591288571Z,16.123392,128.908626,Cloud to Cloud,-14572,5672,14
2026-08-30T23:21:52.593136393Z,16.060482,128.975907,Cloud to Cloud,16247,11303,10
2026-08-30T23:21:52.590510987Z,16.057993,128.974355,Cloud to Ground,65795,0,16
2026-08-30T23:21:54.178413115Z,17.485901,110.393387,Cloud to Ground,4361,0,7
2026-08-30T23:21:54.177141096Z,17.459586,110.379016,Cloud to Ground,38207,0,13
2026-08-30T23:21:57.057076283Z,14.421649,132.080353,Cloud to Ground,10565,0,7
2026-08-30T23:21:58.961783091Z,18.54159,115.969944,Cloud to Ground,14335,0,7
2026-08-30T23:21:59.326314594Z,17.496282,112.340098,Cloud to Ground,-13144,0,7
2026-08-30T23:21:59.321666883Z,17.489211,112.340047,Cloud to Cloud,-12256,19168,8
2026-08-30T23:21:59.341849112Z,17.501184,112.244087,Cloud to Cloud,7736,3039,7
2026-08-30T23:21:59.334596069Z,17.487292,112.247856,Cloud to Ground,12911,0,10
2026-08-30T23:21:59.320194965Z,17.4924,112.248246,Cloud to Ground,15078,0,11
2026-08-30T23:21:59.319286379Z,17.494459,112.244306,Cloud to Ground,23181,0,12
2026-08-30T23:22:02.228621738Z,14.562598,132.231539,Cloud to Cloud,-11125,3001,12
2026-08-30T23:22:03.185144868Z,14.517839,132.334356,Cloud to Ground,18142,0,8
2026-08-30T23:22:03.034033352Z,14.181449,134.192782,Cloud to Cloud,12083,3008,7
2026-08-30T23:22:03.689844327Z,16.641436,128.237882,Cloud to Ground,20071,0,14
2026-08-30T23:22:04.316142574Z,16.257395,128.598247,Cloud to Cloud,9207,3020,9
2026-08-30T23:22:05.990793165Z,18.233171,113.555444,Cloud to Ground,-25757,0,12
2026-08-30T23:22:05.155466214Z,17.403305,110.343382,Cloud to Cloud,8413,14535,7
2026-08-30T23:22:05.160189594Z,17.387864,110.351094,Cloud to Ground,9171,0,7
2026-08-30T23:22:05.157902415Z,17.38002,110.325267,Cloud to Cloud,14381,9876,12
2026-08-30T23:22:05.439621912Z,17.255445,112.065097,Cloud to Ground,-16230,0,13
2026-08-30T23:22:05.504453702Z,17.252725,111.99564,Cloud to Cloud,-11614,5247,12
2026-08-30T23:22:05.650606649Z,17.194511,112.029549,Cloud to Ground,-7330,0,7
2026-08-30T23:22:05.642315648Z,17.233182,111.907451,Cloud to Cloud,10612,4571,10
2026-08-30T23:22:05.434319752Z,17.25834,111.999607,Cloud to Ground,19885,0,8
2026-08-30T23:22:07.921796153Z,15.493419,130.342539,Cloud to Cloud,13864,19942,13
2026-08-30T23:22:07.922828237Z,15.550543,130.417686,Cloud to Ground,-28625,0,24
2026-08-30T23:22:07.920882000Z,15.498451,130.490902,Cloud to Ground,27384,0,12
2026-08-30T23:22:07.344777237Z,17.638233,112.281173,Cloud to Ground,9935,0,7
2026-08-30T23:22:07.396228225Z,17.650843,112.272046,Cloud to Cloud,11453,11890,9
2026-08-30T23:22:08.521254949Z,17.117314,127.610463,Cloud to Ground,27995,0,9
2026-08-30T23:22:09.970429446Z,14.453587,133.182986,Cloud to Ground,-15007,0,10
2026-08-30T23:22:12.103120000Z,15.5351,130.5654,Cloud to Ground,-13946,0,7
2026-08-30T23:22:12.138912036Z,15.536347,130.535495,Cloud to Cloud,16299,6266,8
2026-08-30T23:22:12.925366834Z,19.576778,119.674587,Cloud to Cloud,6442,18864,7
2026-08-30T23:22:13.042562455Z,19.576367,119.69467,Cloud to Cloud,8655,7105,7
2026-08-30T23:22:13.230881771Z,19.648632,119.649407,Cloud to Cloud,9146,11278,8
2026-08-30T23:22:13.129068162Z,18.485575,114.855574,Cloud to Cloud,-13825,6957,8
2026-08-30T23:22:13.398289298Z,18.440989,114.844632,Cloud to Cloud,-7265,14514,7
2026-08-30T23:22:13.131846309Z,18.465494,114.852514,Cloud to Cloud,10079,3102,10
2026-08-30T23:22:14.456238694Z,14.434593,132.09249,Cloud to Ground,-23985,0,10
2026-08-30T23:22:14.460677817Z,19.812957,120.423241,Cloud to Ground,-83392,0,11
2026-08-30T23:22:14.485143290Z,19.823644,120.387832,Cloud to Ground,-29366,0,14
2026-08-30T23:22:14.483264441Z,19.823636,120.357925,Cloud to Cloud,-6422,19893,8
2026-08-30T23:22:19.351076817Z,18.746686,118.116574,Cloud to Ground,-74880,0,15
2026-08-30T23:22:19.701845168Z,18.778288,118.123283,Cloud to Ground,-33089,0,12
2026-08-30T23:22:19.763934211Z,18.733818,118.206021,Cloud to Cloud,-21101,6357,10
2026-08-30T23:22:19.391492690Z,18.774737,118.115038,Cloud to Ground,-20292,0,11
2026-08-30T23:22:19.379250958Z,18.781661,118.116216,Cloud to Cloud,-14042,11453,10
2026-08-30T23:22:20.126749790Z,19.495815,119.585308,Cloud to Cloud,-7117,12121,9
2026-08-30T23:22:20.219543042Z,19.472958,119.579794,Cloud to Cloud,12940,5710,10
2026-08-30T23:22:23.691646135Z,14.595883,132.906525,Cloud to Ground,-18071,0,16
2026-08-30T23:22:23.692593696Z,14.532742,132.723476,Cloud to Ground,-22130,0,11
2026-08-30T23:22:24.977058297Z,18.158873,120.468601,Cloud to Cloud,4224,9604,5
2026-08-30T23:22:24.967958587Z,18.158597,120.476351,Cloud to Cloud,8357,19389,10
2026-08-30T23:22:24.970765008Z,18.134887,120.45945,Cloud to Ground,8735,0,8
2026-08-30T23:22:25.629267310Z,14.866676,133.67296,Cloud to Ground,-19373,0,16
2026-08-30T23:22:25.679166519Z,14.818421,133.723244,Cloud to Ground,-12318,0,7
2026-08-30T23:22:25.897924799Z,14.826855,133.610568,Cloud to Ground,-10857,0,10
2026-08-30T23:22:26.999596320Z,14.365639,132.25382,Cloud to Cloud,-12095,7336,10
2026-08-30T23:22:26.944825280Z,14.507235,132.127097,Cloud to Cloud,-9477,6185,13
2026-08-30T23:22:27.106124583Z,16.071232,129.063376,Cloud to Cloud,-18647,3047,11
2026-08-30T23:22:27.107235234Z,16.156196,128.895249,Cloud to Cloud,-20058,6705,9
2026-08-30T23:22:27.105348686Z,16.098549,128.883065,Cloud to Cloud,12994,7240,7
2026-08-30T23:22:29.749445739Z,18.946336,118.18135,Cloud to Ground,-14196,0,7
2026-08-30T23:22:29.730913036Z,18.917223,118.226333,Cloud to Cloud,-11172,11781,7
2026-08-30T23:22:31.874318554Z,14.497138,133.519334,Cloud to Ground,-11098,0,6
2026-08-30T23:22:31.801037920Z,14.458438,133.506192,Cloud to Ground,-10606,0,7
2026-08-30T23:22:31.802104996Z,14.41314,133.542489,Cloud to Ground,13413,0,10
2026-08-30T23:22:31.803831130Z,14.410444,133.52997,Cloud to Ground,27229,0,19
2026-08-30T23:22:31.903243125Z,14.423568,132.066592,Cloud to Cloud,-13059,12045,14
2026-08-30T23:22:34.451478860Z,14.487331,130.467476,Cloud to Ground,-19885,0,10
2026-08-30T23:22:35.362275974Z,19.572433,119.551517,Cloud to Cloud,9310,4909,7
2026-08-30T23:22:35.348797735Z,19.603478,119.510962,Cloud to Cloud,13933,13168,8
2026-08-30T23:22:35.324633000Z,19.525,119.3905,Cloud to Ground,-25757,0,5
2026-08-30T23:22:35.639024737Z,19.874942,114.376016,Cloud to Cloud,7941,15789,7
2026-08-30T23:22:37.531094000Z,19.3857,119.1345,Cloud to Ground,-10515,0,5
2026-08-30T23:22:37.604498665Z,19.380248,119.251444,Cloud to Cloud,7635,18058,5
2026-08-30T23:22:37.546710598Z,19.382459,119.18638,Cloud to Cloud,8189,18406,8
2026-08-30T23:22:37.327617213Z,19.378066,119.249977,Cloud to Cloud,8272,15861,6
2026-08-30T23:22:37.562067444Z,19.371591,119.235148,Cloud to Cloud,17918,5313,7
2026-08-30T23:22:38.292371870Z,16.108861,129.075118,Cloud to Cloud,24985,4017,13
2026-08-30T23:22:38.830909321Z,16.358421,128.941168,Cloud to Ground,-20387,0,10
2026-08-30T23:22:38.297131644Z,16.38346,128.990691,Cloud to Cloud,-9329,4303,8
2026-08-30T23:22:38.824690761Z,16.311165,128.878847,Cloud to Cloud,12022,14221,10
2026-08-30T23:22:38.293883168Z,16.382805,129.011229,Cloud to Ground,17355,0,21
2026-08-30T23:22:42.218684970Z,15.856561,129.628509,Cloud to Cloud,19176,17757,12
2026-08-30T23:22:42.216218459Z,15.915356,129.618744,Cloud to Ground,33521,0,8
2026-08-30T23:22:45.323012714Z,19.649253,119.674599,Cloud to Cloud,-4231,18135,7
2026-08-30T23:22:44.440534041Z,19.543477,119.650031,Cloud to Cloud,5090,4757,7
2026-08-30T23:22:44.394597808Z,19.597952,119.674217,Cloud to Cloud,7212,11145,7
2026-08-30T23:22:44.908716407Z,19.583563,119.620826,Cloud to Cloud,8912,16400,9
2026-08-30T23:22:49.502407178Z,14.410309,134.214602,Cloud to Ground,-8703,0,8
2026-08-30T23:22:49.478613926Z,14.196337,134.124395,Cloud to Ground,-13903,0,14
2026-08-30T23:22:51.577061827Z,14.442226,132.001145,Cloud to Cloud,-11590,7315,13
2026-08-30T23:22:51.852418887Z,14.438579,131.928968,Cloud to Cloud,10965,3101,8
2026-08-30T23:22:51.115345606Z,14.464981,132.067738,Cloud to Cloud,15398,7046,11
2026-08-30T23:22:54.300898656Z,16.283679,129.081009,Cloud to Cloud,16119,19508,12
2026-08-30T23:22:54.306942324Z,16.191564,129.102036,Cloud to Cloud,23240,10143,11
2026-08-30T23:22:55.513360242Z,16.558112,128.353002,Cloud to Cloud,4234,9607,7
2026-08-30T23:22:55.490745361Z,16.609632,128.429014,Cloud to Ground,19888,0,14
2026-08-30T23:22:56.754563336Z,16.046123,129.449545,Cloud to Ground,18487,0,9
2026-08-30T23:22:56.807129439Z,16.145966,129.454313,Cloud to Ground,39416,0,12
2026-08-30T23:22:57.912132956Z,17.050421,127.119399,Cloud to Cloud,11902,17387,9
2026-08-30T23:22:58.148985575Z,17.039509,127.249078,Cloud to Cloud,-5513,14985,8
2026-08-30T23:22:57.963282061Z,16.956007,127.281352,Cloud to Cloud,10881,6997,9
2026-08-30T23:22:57.912765464Z,16.991576,127.220147,Cloud to Cloud,14212,6867,9
2026-08-30T23:22:58.475074623Z,16.480914,129.290155,Cloud to Ground,14822,0,12
2026-08-30T23:22:59.973933517Z,16.03463,129.522438,Cloud to Ground,-8772,0,11
2026-08-30T23:22:59.929375000Z,16.0629,129.439,Cloud to Ground,-8145,0,6
2026-08-30T23:23:01.838058439Z,16.10309,129.355946,Cloud to Ground,16086,0,10
2026-08-30T23:23:02.239365749Z,14.284394,134.591223,Cloud to Ground,-21406,0,20
2026-08-30T23:23:02.246282914Z,14.285513,134.576322,Cloud to Ground,-15738,0,15
2026-08-30T23:23:02.238421649Z,14.277659,134.436282,Cloud to Cloud,-15896,7769,14
2026-08-30T23:23:02.289300026Z,14.364519,134.502671,Cloud to Ground,-11981,0,9
2026-08-30T23:23:03.699328369Z,14.509588,132.789293,Cloud to Ground,32471,0,27
2026-08-30T23:23:03.219884995Z,15.529398,130.947656,Cloud to Cloud,6017,3040,8
2026-08-30T23:23:03.215585577Z,15.512193,130.961596,Cloud to Ground,13033,0,11
2026-08-30T23:23:07.193741940Z,18.801349,118.175434,Cloud to Cloud,-5967,17879,6
2026-08-30T23:23:07.061446000Z,18.8049,118.1244,Cloud to Ground,-5727,0,5
2026-08-30T23:23:08.740328167Z,17.199305,127.542849,Cloud to Ground,-33785,0,19
2026-08-30T23:23:08.743837037Z,17.134794,127.587069,Cloud to Ground,7885,0,11
2026-08-30T23:23:10.168043793Z,16.958004,111.632525,Cloud to Ground,8272,0,8
2026-08-30T23:23:10.166450268Z,16.951082,111.636057,Cloud to Ground,12670,0,8
2026-08-30T23:23:11.341935631Z,14.450762,131.981585,Cloud to Cloud,-7661,10617,8
2026-08-30T23:23:12.796307772Z,14.857804,131.09029,Cloud to Cloud,-26033,7451,24
2026-08-30T23:23:12.041587723Z,19.77153,120.284661,Cloud to Ground,-141422,0,14
2026-08-30T23:23:12.199427760Z,19.76369,120.259641,Cloud to Ground,-46061,0,18
2026-08-30T23:23:12.059905237Z,19.753225,120.267006,Cloud to Ground,-45749,0,18
2026-08-30T23:23:12.268299818Z,19.765641,120.262783,Cloud to Ground,-27709,0,11
2026-08-30T23:23:12.233966794Z,19.764705,120.260569,Cloud to Ground,-21371,0,7
2026-08-30T23:23:12.079184853Z,19.801613,120.234716,Cloud to Ground,-17662,0,9
2026-08-30T23:23:12.035296291Z,19.816211,120.233845,Cloud to Cloud,-14124,19846,15
2026-08-30T23:23:13.251802761Z,14.899133,131.208898,Cloud to Cloud,15723,19925,12
2026-08-30T23:23:13.320843769Z,14.894464,133.830047,Cloud to Ground,24320,0,20
2026-08-30T23:23:15.609723393Z,17.938053,113.410023,Cloud to Ground,-66063,0,13
2026-08-30T23:23:15.774822158Z,17.956431,113.407557,Cloud to Ground,-15511,0,6
2026-08-30T23:23:15.901426648Z,17.958502,113.407885,Cloud to Ground,-11639,0,6
2026-08-30T23:23:15.240326172Z,17.993904,113.462699,Cloud to Cloud,16799,12442,6
2026-08-30T23:23:15.734994000Z,17.9861,113.4753,Cloud to Ground,20264,0,5
2026-08-30T23:23:15.204895292Z,17.984945,113.355385,Cloud to Ground,32343,0,11
2026-08-30T23:23:17.375724672Z,22.8717,128.960765,Cloud to Ground,-12968,0,14
2026-08-30T23:23:17.466637282Z,22.833872,128.863826,Cloud to Cloud,10646,5945,7
2026-08-30T23:23:19.389205217Z,14.546864,132.544474,Cloud to Ground,-13120,0,12
2026-08-30T23:23:20.639392826Z,18.522327,114.8447,Cloud to Ground,-36012,0,14
2026-08-30T23:23:20.769468219Z,18.469874,114.835327,Cloud to Cloud,-7729,3011,7
2026-08-30T23:23:22.984348422Z,19.558712,119.697902,Cloud to Ground,-18974,0,8
2026-08-30T23:23:22.621611880Z,19.54558,119.65506,Cloud to Cloud,-11981,3000,9
2026-08-30T23:23:22.882389333Z,19.572068,119.711144,Cloud to Cloud,10981,7694,7
2026-08-30T23:23:22.301187536Z,19.336464,119.300857,Cloud to Cloud,6399,15167,7
2026-08-30T23:23:22.980073000Z,14.5314,131.8558,Cloud to Ground,28609,0,10
2026-08-30T23:23:25.964108443Z,14.22246,134.731476,Cloud to Ground,-17872,0,9
2026-08-30T23:23:25.839823513Z,14.379568,134.003304,Cloud to Ground,12551,0,8
2026-08-30T23:23:25.841156038Z,14.369647,134.026319,Cloud to Ground,18161,0,12
2026-08-30T23:23:25.585511495Z,17.629718,112.269265,Cloud to Cloud,6889,3336,8
2026-08-30T23:23:26.495660368Z,14.790488,133.319551,Cloud to Ground,-20759,0,12
2026-08-30T23:23:26.466480560Z,14.551906,133.223947,Cloud to Ground,15596,0,11
2026-08-30T23:23:26.467545669Z,14.620138,133.146829,Cloud to Cloud,-17326,18478,18
2026-08-30T23:23:26.204880995Z,15.411502,130.701327,Cloud to Ground,22970,0,9
2026-08-30T23:23:26.235714508Z,15.47774,130.698641,Cloud to Ground,26769,0,9
2026-08-30T23:23:27.957218105Z,4.629301,113.510912,Cloud to Ground,-21692,0,10
2026-08-30T23:23:32.145802568Z,15.886208,129.63555,Cloud to Cloud,10962,4036,8
2026-08-30T23:23:33.776355805Z,18.126822,120.629922,Cloud to Cloud,-6314,8773,6
2026-08-30T23:23:33.716330066Z,18.169414,120.53384,Cloud to Cloud,-5030,9881,7
2026-08-30T23:23:33.505600863Z,18.157879,120.444165,Cloud to Cloud,9226,12961,7
2026-08-30T23:23:33.109963127Z,18.159149,120.486853,Cloud to Cloud,17390,14508,12
2026-08-30T23:23:33.102348886Z,19.509028,119.567252,Cloud to Cloud,-8416,19825,8
2026-08-30T23:23:33.220231888Z,19.504194,119.490325,Cloud to Cloud,-6746,3371,8
2026-08-30T23:23:34.366870428Z,18.899752,118.038307,Cloud to Cloud,14260,4688,10
2026-08-30T23:23:34.696096540Z,18.889496,118.145422,Cloud to Cloud,-8684,5621,8
2026-08-30T23:23:35.169415755Z,8.000866,117.061973,Cloud to Cloud,15619,16356,8
2026-08-30T23:23:35.181457975Z,16.05507,129.069518,Cloud to Cloud,9761,6154,12
2026-08-30T23:23:35.180127837Z,15.986983,129.03088,Cloud to Ground,14085,0,8
2026-08-30T23:23:36.330054696Z,19.254714,119.081799,Cloud to Cloud,-7461,18982,6
2026-08-30T23:23:36.325594000Z,19.2193,119.0131,Cloud to Ground,-383,0,6
2026-08-30T23:23:36.452179758Z,19.238567,119.112442,Cloud to Cloud,6103,16367,7
2026-08-30T23:23:36.326301809Z,19.311323,119.144169,Cloud to Cloud,8398,18284,8
2026-08-30T23:23:39.653550359Z,14.482733,132.014178,Cloud to Ground,-21678,0,20
2026-08-30T23:23:40.105018718Z,14.488997,131.879035,Cloud to Cloud,-12614,3378,10
2026-08-30T23:23:42.435901834Z,14.315533,134.89381,Cloud to Ground,-19041,0,11
2026-08-30T23:23:42.574640273Z,14.221655,134.973405,Cloud to Ground,-14508,0,11
2026-08-30T23:23:46.567755105Z,16.65074,128.435664,Cloud to Cloud,15851,12341,11
2026-08-30T23:23:46.694552444Z,17.464017,110.432848,Cloud to Ground,8669,0,7
2026-08-30T23:23:46.676584763Z,17.479298,110.438384,Cloud to Cloud,8760,16474,10
2026-08-30T23:23:47.569082349Z,16.287791,128.734284,Cloud to Ground,-25096,0,16
2026-08-30T23:23:50.984454948Z,7.982432,117.120775,Cloud to Cloud,8460,5247,7
2026-08-30T23:23:50.624208271Z,8.075172,117.086942,Cloud to Ground,31462,0,10
2026-08-30T23:23:50.738415000Z,8.0052,117.0639,Cloud to Ground,34858,0,7
2026-08-30T23:23:51.859148027Z,16.105691,129.339415,Cloud to Ground,12013,0,7
2026-08-30T23:23:52.249299824Z,14.530042,132.478204,Cloud to Cloud,-12343,3336,11
2026-08-30T23:23:52.332059390Z,14.593775,132.487384,Cloud to Ground,9213,0,18
2026-08-30T23:23:52.259756470Z,14.567994,132.604711,Cloud to Ground,-23740,0,8
2026-08-30T23:23:52.246209117Z,14.575842,132.613391,Cloud to Ground,-22156,0,13
2026-08-30T23:23:52.367285035Z,14.594486,132.622109,Cloud to Ground,8476,0,7
2026-08-30T23:23:52.242294650Z,14.571612,132.629901,Cloud to Ground,28157,0,13
2026-08-30T23:23:52.177708143Z,15.484968,130.418649,Cloud to Ground,28112,0,11
2026-08-30T23:23:53.238753086Z,7.779656,117.070088,Cloud to Cloud,-17957,9858,10
2026-08-30T23:23:54.231157833Z,19.527961,119.510948,Cloud to Cloud,14731,10847,10
2026-08-30T23:23:54.232406721Z,19.63027,119.496513,Cloud to Cloud,15294,13852,7
2026-08-30T23:23:54.234148000Z,19.6392,119.5952,Cloud to Ground,-3599,0,6
2026-08-30T23:23:55.885102836Z,18.071409,113.975865,Cloud to Ground,-17849,0,13
2026-08-30T23:23:55.556003779Z,18.111573,114.008172,Cloud to Cloud,-11588,5453,10
2026-08-30T23:23:55.558636136Z,18.101839,114.026389,Cloud to Ground,11269,0,10
2026-08-30T23:23:56.505484850Z,18.082005,120.687745,Cloud to Ground,-25792,0,8
2026-08-30T23:24:00.855735000Z,8.012,117.0703,Cloud to Ground,-12436,0,9
2026-08-30T23:24:02.878466684Z,17.062623,127.240665,Cloud to Ground,-12558,0,14
2026-08-30T23:24:02.685791612Z,17.02098,127.242697,Cloud to Cloud,8446,5494,8
2026-08-30T23:24:02.365644180Z,16.173153,128.981439,Cloud to Cloud,-6629,9485,8
2026-08-30T23:24:02.341039934Z,16.057725,129.12713,Cloud to Cloud,-14826,3063,9
2026-08-30T23:24:01.983199788Z,19.418654,116.784924,Cloud to Cloud,-7589,19473,8
2026-08-30T23:24:02.203690314Z,19.409419,116.813119,Cloud to Ground,10332,0,8
2026-08-30T23:24:03.927620795Z,7.936275,117.154027,Cloud to Cloud,-11333,6075,8
2026-08-30T23:24:03.624479132Z,18.936321,118.217456,Cloud to Ground,12067,0,6
2026-08-30T23:24:03.630529488Z,18.897485,118.206567,Cloud to Ground,16093,0,8
2026-08-30T23:24:06.533025522Z,10.054901,110.617318,Cloud to Cloud,9221,3033,7
2026-08-30T23:24:06.532369474Z,10.065635,110.66498,Cloud to Ground,20893,0,11
2026-08-30T23:24:07.874156030Z,16.574293,128.45563,Cloud to Cloud,11752,17717,15
2026-08-30T23:24:07.833826666Z,16.585788,128.259453,Cloud to Cloud,-16731,3026,8
2026-08-30T23:24:07.638783462Z,19.659955,119.76014,Cloud to Cloud,5493,18596,6
2026-08-30T23:24:07.223871160Z,19.634752,119.577752,Cloud to Cloud,12326,3046,8
2026-08-30T23:24:07.641328649Z,19.726756,119.609656,Cloud to Cloud,11248,16534,9
2026-08-30T23:24:07.196509569Z,19.555489,119.665466,Cloud to Ground,-43353,0,12
2026-08-30T23:24:07.578844000Z,19.54,119.6202,Cloud to Ground,-16613,0,8
2026-08-30T23:24:07.689714697Z,19.534226,119.667471,Cloud to Ground,-8047,0,6
2026-08-30T23:24:07.218050413Z,19.546284,119.667292,Cloud to Cloud,14680,6144,10
2026-08-30T23:24:08.345219524Z,14.511032,132.065803,Cloud to Ground,-18101,0,13
2026-08-30T23:24:08.418094721Z,14.561764,132.793557,Cloud to Ground,-13438,0,14
2026-08-30T23:24:08.004374898Z,16.693342,128.261872,Cloud to Cloud,9995,14224,8
2026-08-30T23:24:09.119720602Z,7.854326,117.065574,Cloud to Cloud,23584,4390,8
2026-08-30T23:24:11.620705429Z,14.874489,133.724127,Cloud to Ground,-56670,0,18
2026-08-30T23:24:11.834748610Z,14.917336,133.638776,Cloud to Ground,-9567,0,10
2026-08-30T23:24:11.660168172Z,14.87061,133.624969,Cloud to Ground,-8810,0,7
2026-08-30T23:24:20.636151498Z,17.564376,112.394768,Cloud to Ground,-51509,0,12
2026-08-30T23:24:22.105081039Z,14.484466,131.952406,Cloud to Ground,41210,0,21
2026-08-30T23:24:23.944225041Z,19.386024,119.22391,Cloud to Cloud,-14433,3273,9
2026-08-30T23:24:23.949381568Z,19.392597,119.207056,Cloud to Cloud,6182,4319,7
2026-08-30T23:24:24.456935069Z,19.417776,119.184611,Cloud to Cloud,9952,15949,9
2026-08-30T23:24:23.948895143Z,19.359514,119.200864,Cloud to Cloud,10892,7446,7
2026-08-30T23:24:24.452650101Z,19.24376,119.385213,Cloud to Ground,-15920,0,12
2026-08-30T23:24:26.960955330Z,17.131489,127.497176,Cloud to Cloud,13714,12324,7
2026-08-30T23:24:28.096040000Z,16.5977,128.4279,Cloud to Ground,509,0,5
2026-08-30T23:24:31.730690761Z,14.379071,132.080424,Cloud to Cloud,-10934,4296,11
2026-08-30T23:24:31.779745628Z,14.215372,133.66203,Cloud to Ground,31396,0,20
2026-08-30T23:24:34.067445400Z,14.516151,132.197113,Cloud to Ground,-11159,0,15
2026-08-30T23:24:33.889632946Z,14.47558,132.231495,Cloud to Ground,31177,0,21
2026-08-30T23:24:35.172982549Z,14.491032,133.192728,Cloud to Ground,-15709,0,15
2026-08-30T23:24:35.481130808Z,18.814242,118.147564,Cloud to Cloud,11043,15819,8
2026-08-30T23:24:35.739962391Z,18.928979,118.213401,Cloud to Cloud,11743,18083,10
2026-08-30T23:24:35.727339992Z,18.924494,118.215832,Cloud to Ground,21561,0,9
2026-08-30T23:24:35.591926000Z,14.5908,130.3307,Cloud to Ground,15425,0,9
2026-08-30T23:24:36.899574374Z,14.23547,134.731913,Cloud to Ground,-26250,0,16
2026-08-30T23:24:36.894672978Z,14.224268,134.719636,Cloud to Ground,-17518,0,10
2026-08-30T23:24:36.065821109Z,18.236497,113.564837,Cloud to Ground,-29691,0,12
2026-08-30T23:24:36.402216936Z,18.250553,113.561941,Cloud to Ground,-22829,0,13
2026-08-30T23:24:36.125546486Z,18.258806,113.56126,Cloud to Cloud,-19482,3028,12
2026-08-30T23:24:36.277178477Z,18.254122,113.566212,Cloud to Ground,-12543,0,6
2026-08-30T23:24:36.222576815Z,18.246454,113.56693,Cloud to Ground,6377,0,8
2026-08-30T23:24:36.052788739Z,18.244267,113.559812,Cloud to Ground,13914,0,9
2026-08-30T23:24:36.226247000Z,18.2609,113.4553,Cloud to Ground,7405,0,6
2026-08-30T23:24:36.815291409Z,19.154733,119.033525,Cloud to Cloud,5799,18050,6
2026-08-30T23:24:36.819177461Z,19.159751,119.038908,Cloud to Cloud,7546,18576,6
2026-08-30T23:24:37.160977926Z,19.168165,119.066226,Cloud to Cloud,7948,4203,6
2026-08-30T23:24:36.811996654Z,19.150921,119.039247,Cloud to Cloud,10616,17436,8
2026-08-30T23:24:36.862386381Z,19.146425,119.022786,Cloud to Cloud,12726,6258,10
2026-08-30T23:24:37.288192186Z,16.324534,129.07083,Cloud to Cloud,9805,10685,11
2026-08-30T23:24:38.959140362Z,18.161725,120.502308,Cloud to Cloud,5836,11314,6
2026-08-30T23:24:38.957033567Z,18.156416,120.498091,Cloud to Cloud,18205,7939,11
2026-08-30T23:24:39.508734698Z,7.980233,117.122871,Cloud to Cloud,-15226,15184,8
2026-08-30T23:24:40.092617209Z,19.56858,119.76311,Cloud to Cloud,-8648,3003,8
2026-08-30T23:24:39.988988818Z,19.55834,119.718593,Cloud to Cloud,-6914,18753,7
2026-08-30T23:24:40.013203200Z,19.544546,119.696299,Cloud to Cloud,-5600,5135,6
2026-08-30T23:24:40.033088187Z,19.551861,119.662214,Cloud to Cloud,6077,3019,8
2026-08-30T23:24:39.846557603Z,19.558404,119.663996,Cloud to Cloud,10991,9407,10
2026-08-30T23:24:40.883416990Z,14.426972,134.023301,Cloud to Ground,-12802,0,8
2026-08-30T23:24:40.851448705Z,16.450235,129.44242,Cloud to Ground,-30075,0,12
2026-08-30T23:24:40.905837765Z,16.496407,129.327926,Cloud to Ground,-12127,0,11
2026-08-30T23:24:41.015156805Z,16.460734,129.29986,Cloud to Ground,-9260,0,13
2026-08-30T23:24:40.934760000Z,16.4614,129.4025,Cloud to Ground,2015,0,5
2026-08-30T23:24:42.412056207Z,19.741887,120.279634,Cloud to Cloud,12765,3020,9
2026-08-30T23:24:43.432801683Z,19.081309,119.586783,Cloud to Cloud,47109,11324,16
2026-08-30T23:24:43.352171000Z,19.085,119.4871,Cloud to Ground,-21266,0,5
2026-08-30T23:24:45.866720200Z,14.555529,133.749322,Cloud to Ground,51064,0,19
2026-08-30T23:24:45.651723329Z,19.564355,119.606826,Cloud to Cloud,-7475,3001,8
2026-08-30T23:24:45.520271714Z,19.61626,119.551953,Cloud to Cloud,6851,5949,7
2026-08-30T23:24:46.084458498Z,14.626788,133.686872,Cloud to Ground,-10170,0,9
2026-08-30T23:24:48.940941868Z,15.972952,129.52659,Cloud to Cloud,9659,9778,13
2026-08-30T23:24:48.940061624Z,16.001896,129.510683,Cloud to Cloud,15969,9705,15
2026-08-30T23:24:51.821467164Z,16.606981,128.416499,Cloud to Cloud,6224,3237,7
2026-08-30T23:24:52.779232402Z,7.954457,117.008083,Cloud to Ground,7951,0,8
2026-08-30T23:24:52.357353346Z,14.475839,131.948524,Cloud to Cloud,-7883,17778,8
2026-08-30T23:24:52.103770816Z,14.41604,132.077892,Cloud to Ground,13687,0,8
2026-08-30T23:24:54.809480446Z,18.063461,113.536883,Cloud to Ground,-43366,0,10
2026-08-30T23:24:54.656352091Z,18.052399,113.541569,Cloud to Ground,-31347,0,6
2026-08-30T23:24:54.700710963Z,18.034906,113.551226,Cloud to Cloud,-11786,3075,8
2026-08-30T23:24:54.639883726Z,18.083068,113.538157,Cloud to Ground,7096,0,9
2026-08-30T23:24:55.433983829Z,14.407277,131.692159,Cloud to Ground,-55398,0,17
2026-08-30T23:24:55.646625729Z,14.427232,131.669492,Cloud to Cloud,-14150,14751,8
2026-08-30T23:24:56.094846456Z,15.487823,130.751987,Cloud to Ground,-25857,0,11
2026-08-30T23:24:56.095541357Z,15.474579,130.751037,Cloud to Cloud,-14755,3428,16
2026-08-30T23:24:55.640101851Z,15.426431,130.876197,Cloud to Cloud,7989,14847,8
2026-08-30T23:24:56.160050654Z,15.512513,130.891996,Cloud to Cloud,11891,3222,6
2026-08-30T23:24:56.121482461Z,15.495602,130.904367,Cloud to Cloud,16617,13441,8
2026-08-30T23:24:56.093831000Z,15.4788,130.9416,Cloud to Ground,105079,0,6
2026-08-30T23:24:56.916460677Z,17.611729,112.22629,Cloud to Ground,33454,0,12
2026-08-30T23:24:56.915956674Z,17.717972,112.235603,Cloud to Ground,14116,0,8
2026-08-30T23:24:57.756781636Z,14.227487,133.644055,Cloud to Ground,-10542,0,14
2026-08-30T23:24:57.977774832Z,14.261055,133.603606,Cloud to Ground,20310,0,13
2026-08-30T23:24:58.213203111Z,14.41717,133.570544,Cloud to Ground,-51493,0,17
2026-08-30T23:24:57.978526801Z,14.484715,133.511112,Cloud to Ground,-30591,0,23
2026-08-30T23:24:58.222475397Z,14.409434,133.537605,Cloud to Ground,-12877,0,8
2026-08-30T23:24:57.981835592Z,14.416461,133.546329,Cloud to Ground,14929,0,7
2026-08-30T23:25:01.735675318Z,17.095098,127.138,Cloud to Cloud,10335,3809,7
2026-08-30T23:25:01.869694792Z,18.816934,118.12862,Cloud to Cloud,-9736,13116,7
2026-08-30T23:25:01.710473000Z,8.0145,116.9003,Cloud to Ground,26121,0,6
2026-08-30T23:25:01.635193000Z,8.0186,117.1483,Cloud to Ground,31186,0,6
2026-08-30T23:25:09.205151093Z,14.356619,132.139362,Cloud to Cloud,15756,3455,9
2026-08-30T23:25:16.215081758Z,15.547812,130.524194,Cloud to Cloud,-10441,3042,10
2026-08-30T23:25:16.214054285Z,15.523197,130.542633,Cloud to Cloud,-9852,19902,9
2026-08-30T23:25:16.209479775Z,15.474039,130.418621,Cloud to Cloud,-8295,4571,8
2026-08-30T23:25:15.921100883Z,15.499066,130.426976,Cloud to Cloud,-6261,3267,7
2026-08-30T23:25:15.973515832Z,15.496133,130.43278,Cloud to Cloud,-5187,3004,7
2026-08-30T23:25:16.203898159Z,15.503588,130.343322,Cloud to Cloud,7341,10063,10
2026-08-30T23:25:15.912643788Z,15.492097,130.316276,Cloud to Cloud,22842,7637,10
2026-08-30T23:25:15.914418800Z,15.505167,130.448882,Cloud to Ground,47649,0,15
2026-08-30T23:25:16.043653886Z,14.723807,133.346818,Cloud to Ground,-36470,0,17
2026-08-30T23:25:16.078311531Z,14.673407,133.343235,Cloud to Cloud,-21382,12761,15
2026-08-30T23:25:16.044975874Z,14.707456,133.333229,Cloud to Cloud,-18566,12714,16
2026-08-30T23:25:16.069103703Z,14.675649,133.350662,Cloud to Cloud,-11535,4699,8
2026-08-30T23:25:16.046018908Z,14.644896,133.379454,Cloud to Ground,-10417,0,8
2026-08-30T23:25:16.042534184Z,14.644314,133.381122,Cloud to Ground,24201,0,18
2026-08-30T23:25:16.115352579Z,17.633031,112.399298,Cloud to Cloud,9085,3319,8
2026-08-30T23:25:17.410001285Z,6.807352,115.36032,Cloud to Cloud,-33856,7379,8
2026-08-30T23:25:17.433536167Z,6.838489,115.438284,Cloud to Cloud,-19647,6696,7
2026-08-30T23:25:17.286404000Z,14.8816,131.2276,Cloud to Ground,-12047,0,5
2026-08-30T23:25:18.569611716Z,15.53753,130.51809,Cloud to Ground,-74472,0,29
2026-08-30T23:25:29.033446420Z,8.018687,116.957959,Cloud to Cloud,-10354,8940,10
2026-08-30T23:25:29.400879956Z,18.257144,120.539173,Cloud to Ground,-9481,0,8
2026-08-30T23:25:29.403896055Z,18.241716,120.50806,Cloud to Cloud,-8285,13075,8
2026-08-30T23:25:29.074314542Z,18.158708,120.508649,Cloud to Cloud,17203,19208,12
2026-08-30T23:25:30.301668947Z,19.546134,119.5309,Cloud to Cloud,4393,4937,7
2026-08-30T23:25:32.533403827Z,8.018669,117.123724,Cloud to Ground,16407,0,9
2026-08-30T23:25:32.449450217Z,14.561616,133.187317,Cloud to Ground,-27875,0,23
2026-08-30T23:25:32.445749872Z,14.510688,133.205496,Cloud to Ground,-17880,0,13
2026-08-30T23:25:32.459117034Z,17.44954,126.93361,Cloud to Ground,11933,0,12
2026-08-30T23:25:32.650388650Z,17.334207,126.895378,Cloud to Cloud,11510,4188,11
2026-08-30T23:25:32.456149835Z,17.319023,126.953176,Cloud to Cloud,11703,5329,8
2026-08-30T23:25:32.408462031Z,17.30106,127.036444,Cloud to Cloud,14674,3032,10
2026-08-30T23:25:32.405804247Z,17.365947,126.872346,Cloud to Ground,21082,0,11
2026-08-30T23:25:36.461869096Z,19.531856,119.682226,Cloud to Cloud,4323,16176,6
2026-08-30T23:25:36.409993928Z,19.57848,119.753128,Cloud to Cloud,6262,3026,7
2026-08-30T23:25:36.418055864Z,19.547473,119.671317,Cloud to Cloud,7032,4355,5
2026-08-30T23:25:36.463827299Z,19.565491,119.774482,Cloud to Cloud,8614,6812,7
2026-08-30T23:25:36.406656367Z,19.627444,119.696308,Cloud to Cloud,17834,5081,8
2026-08-30T23:25:37.469932126Z,14.414503,134.030031,Cloud to Ground,-13425,0,12
2026-08-30T23:25:37.747886749Z,18.461268,114.756656,Cloud to Cloud,8419,3104,7
2026-08-30T23:25:37.737164877Z,18.46438,114.754913,Cloud to Cloud,12884,3038,9
2026-08-30T23:25:37.738398000Z,18.4975,114.7876,Cloud to Ground,17513,0,6
2026-08-30T23:25:38.138617273Z,7.99643,117.087137,Cloud to Cloud,-7974,6578,6
2026-08-30T23:25:39.457690803Z,7.847673,117.06387,Cloud to Cloud,19222,15606,7
2026-08-30T23:25:39.647830326Z,7.949837,117.10126,Cloud to Cloud,-7485,7355,6
2026-08-30T23:25:39.006266699Z,14.467147,132.119244,Cloud to Ground,28153,0,14
2026-08-30T23:25:40.541310467Z,17.470604,110.439868,Cloud to Ground,28306,0,17
2026-08-30T23:25:41.566757000Z,7.9994,117.0462,Cloud to Ground,33591,0,6
2026-08-30T23:25:42.395976447Z,19.081733,119.577588,Cloud to Ground,-16149,0,10
2026-08-30T23:25:42.367342614Z,19.082349,119.577258,Cloud to Ground,-14446,0,8
2026-08-30T23:25:42.844093342Z,19.08342,119.582047,Cloud to Ground,-10100,0,7
2026-08-30T23:25:42.175338242Z,19.07175,119.512992,Cloud to Cloud,-10002,3025,9
2026-08-30T23:25:41.790925128Z,19.072835,119.530178,Cloud to Cloud,8704,4763,6
2026-08-30T23:25:42.184040856Z,19.090828,119.555085,Cloud to Cloud,17550,3046,10
2026-08-30T23:25:43.008604787Z,19.157528,119.041582,Cloud to Cloud,7735,7694,8
2026-08-30T23:25:42.470988956Z,19.231097,119.079341,Cloud to Cloud,7749,4976,7
2026-08-30T23:25:42.716091489Z,19.199612,119.055135,Cloud to Cloud,9198,15609,7
2026-08-30T23:25:42.510949185Z,19.142469,119.033231,Cloud to Cloud,13515,19223,7
2026-08-30T23:25:42.469736204Z,19.158718,119.035187,Cloud to Cloud,15280,3114,10
2026-08-30T23:25:43.928658074Z,14.887132,133.866087,Cloud to Ground,-26421,0,15
2026-08-30T23:25:43.922614893Z,14.843491,133.884983,Cloud to Ground,-23107,0,11
2026-08-30T23:25:44.906152603Z,14.502349,132.784929,Cloud to Ground,-15714,0,12
2026-08-30T23:25:44.902048715Z,14.497784,132.806168,Cloud to Ground,133162,0,27
2026-08-30T23:25:45.235872967Z,16.966231,111.664761,Cloud to Cloud,6432,7573,6
2026-08-30T23:25:55.043364111Z,16.115115,129.066606,Cloud to Ground,19489,0,12
2026-08-30T23:25:55.218885510Z,19.689318,119.712766,Cloud to Ground,-37829,0,10
2026-08-30T23:25:55.281813421Z,19.687934,119.712663,Cloud to Ground,-33457,0,17
2026-08-30T23:25:55.070017094Z,19.689182,119.720261,Cloud to Ground,-32897,0,14
2026-08-30T23:25:55.137059000Z,19.7399,119.6618,Cloud to Ground,-7486,0,5
2026-08-30T23:25:56.536772202Z,14.481564,134.160924,Cloud to Ground,-18845,0,11
2026-08-30T23:25:56.534318862Z,14.480844,134.161276,Cloud to Ground,-14708,0,7
2026-08-30T23:25:56.530168204Z,14.469246,134.172691,Cloud to Ground,16033,0,10
2026-08-30T23:25:56.527672129Z,14.458763,134.180663,Cloud to Ground,23560,0,14
2026-08-30T23:25:56.528702853Z,14.455546,134.168437,Cloud to Ground,27513,0,19
2026-08-30T23:25:56.555534063Z,14.529721,134.086311,Cloud to Ground,51220,0,28
2026-08-30T23:25:57.128660159Z,14.555756,132.615873,Cloud to Cloud,-14728,7031,12
2026-08-30T23:25:57.121569492Z,14.606126,132.602031,Cloud to Ground,24225,0,13
2026-08-30T23:25:57.120968838Z,14.531408,132.667649,Cloud to Ground,49667,0,16
2026-08-30T23:25:57.342529715Z,14.497662,132.308588,Cloud to Ground,12857,0,12
2026-08-30T23:25:57.248529697Z,14.50916,132.302988,Cloud to Ground,13022,0,10
2026-08-30T23:25:57.439773086Z,14.518509,132.305145,Cloud to Ground,30471,0,13
2026-08-30T23:25:57.422076035Z,14.499794,132.314717,Cloud to Ground,48667,0,18
2026-08-30T23:25:57.224251903Z,14.521899,132.153266,Cloud to Ground,-46803,0,9
2026-08-30T23:25:57.702792847Z,14.486571,132.12354,Cloud to Ground,-34747,0,31
2026-08-30T23:25:57.379710340Z,14.477575,132.125664,Cloud to Cloud,-22915,3016,26
2026-08-30T23:25:57.308331750Z,14.444138,132.131124,Cloud to Ground,-12541,0,9
2026-08-30T23:25:58.574035459Z,18.78448,115.329212,Cloud to Cloud,6517,3612,7
2026-08-30T23:25:58.566761999Z,18.791684,115.229931,Cloud to Cloud,14580,18996,8
2026-08-30T23:25:59.534785006Z,14.466312,132.070567,Cloud to Cloud,-17704,15850,11
2026-08-30T23:25:59.078713221Z,14.447426,131.991205,Cloud to Cloud,-11929,7217,12
2026-08-30T23:26:02.779974946Z,16.143022,129.408042,Cloud to Ground,-32213,0,14
2026-08-30T23:26:02.765844540Z,16.110746,129.449775,Cloud to Ground,-15092,0,13
2026-08-30T23:26:02.817468109Z,16.144716,129.433334,Cloud to Ground,-13977,0,9
2026-08-30T23:26:02.816852246Z,16.11536,129.430585,Cloud to Cloud,11103,3123,8
2026-08-30T23:26:02.846987000Z,16.2427,129.487,Cloud to Ground,33782,0,6
2026-08-30T23:26:02.929923122Z,18.15296,113.449102,Cloud to Ground,-19265,0,11
2026-08-30T23:26:02.085117027Z,18.085113,113.505912,Cloud to Ground,-24701,0,10
2026-08-30T23:26:02.502761404Z,18.02311,113.419773,Cloud to Cloud,-11546,3004,11
2026-08-30T23:26:02.412172904Z,18.047028,113.437957,Cloud to Cloud,-6840,3147,7
2026-08-30T23:26:03.883605057Z,7.96987,117.003069,Cloud to Ground,22233,0,10
2026-08-30T23:26:06.016502590Z,17.135422,127.595664,Cloud to Ground,-25052,0,14
2026-08-30T23:26:06.066493125Z,17.145712,127.525353,Cloud to Cloud,-10393,8970,7
2026-08-30T23:26:06.015542842Z,17.085255,127.562629,Cloud to Cloud,5149,4276,9
2026-08-30T23:26:06.018420275Z,17.120514,127.595181,Cloud to Ground,10298,0,9
2026-08-30T23:26:06.014918301Z,17.135891,127.47898,Cloud to Ground,29133,0,11
2026-08-30T23:26:09.600797449Z,14.220979,133.665229,Cloud to Ground,12387,0,8
2026-08-30T23:26:09.566646911Z,14.210542,133.665503,Cloud to Ground,23039,0,16
2026-08-30T23:26:09.585018051Z,19.042639,119.526051,Cloud to Cloud,-2368,3001,5
2026-08-30T23:26:09.314665942Z,19.099614,119.546891,Cloud to Cloud,7762,12505,6
2026-08-30T23:26:09.263637267Z,19.060701,119.533597,Cloud to Cloud,18917,7476,12
2026-08-30T23:26:10.463528279Z,14.232336,134.713087,Cloud to Ground,-15775,0,17
2026-08-30T23:26:10.162846358Z,19.557231,119.348898,Cloud to Cloud,6965,8000,7
2026-08-30T23:26:10.052944000Z,19.474,119.3256,Cloud to Ground,9906,0,6
2026-08-30T23:26:10.101837279Z,19.462271,119.356078,Cloud to Cloud,10600,19537,7
2026-08-30T23:26:10.091862943Z,19.534367,119.26612,Cloud to Cloud,10988,6807,8
2026-08-30T23:26:10.048933239Z,19.463105,119.357426,Cloud to Cloud,16942,7725,12
2026-08-30T23:26:10.083272973Z,19.535265,119.264484,Cloud to Cloud,17252,7175,7
2026-08-30T23:26:11.983911391Z,14.524802,132.021396,Cloud to Cloud,-11483,10187,7
2026-08-30T23:26:11.061391461Z,15.524074,130.967684,Cloud to Ground,-44518,0,16
2026-08-30T23:26:10.554435014Z,15.510038,130.864771,Cloud to Cloud,-27410,5260,15
2026-08-30T23:26:11.126744820Z,15.537482,130.806487,Cloud to Ground,-12468,0,19
2026-08-30T23:26:10.591223580Z,15.509807,130.722543,Cloud to Cloud,-10873,13205,19
2026-08-30T23:26:10.553026276Z,15.499505,130.871442,Cloud to Cloud,16873,3237,13
2026-08-30T23:26:11.219838486Z,14.173222,134.763864,Cloud to Cloud,-19539,4810,11
2026-08-30T23:26:14.474637294Z,8.008903,117.146258,Cloud to Ground,25763,0,12
2026-08-30T23:26:14.321775779Z,8.090215,117.097661,Cloud to Ground,-15999,0,13
2026-08-30T23:26:14.373222000Z,8.0794,117.009,Cloud to Ground,34172,0,6
2026-08-30T23:26:14.102246905Z,14.524571,132.289837,Cloud to Ground,-8812,0,7
2026-08-30T23:26:14.035512328Z,14.361073,134.045371,Cloud to Cloud,-14308,5244,8
2026-08-30T23:26:14.066490423Z,14.409581,133.990481,Cloud to Ground,-12501,0,12
2026-08-30T23:26:14.609808709Z,16.051822,128.978127,Cloud to Cloud,18716,16814,13
2026-08-30T23:26:17.414845925Z,15.993263,129.61922,Cloud to Ground,-12018,0,10
2026-08-30T23:26:17.552496776Z,16.134224,129.60094,Cloud to Ground,-29933,0,11
2026-08-30T23:26:17.197086200Z,15.992815,129.445435,Cloud to Cloud,8378,6825,7
2026-08-30T23:26:18.809010395Z,19.673983,119.718015,Cloud to Ground,-41011,0,16
2026-08-30T23:26:18.484113203Z,19.684585,119.699602,Cloud to Ground,-34743,0,11
2026-08-30T23:26:19.239448310Z,19.678209,119.720972,Cloud to Ground,-22877,0,10
2026-08-30T23:26:18.837897542Z,19.674083,119.709861,Cloud to Cloud,-8132,5571,6
2026-08-30T23:26:20.407169759Z,16.564376,128.436015,Cloud to Cloud,-11714,3091,7
2026-08-30T23:26:20.692981693Z,18.72571,118.085256,Cloud to Ground,-27434,0,14
2026-08-30T23:26:20.851224119Z,18.722715,118.088579,Cloud to Ground,-24394,0,14
2026-08-30T23:26:20.932171134Z,18.722543,118.08825,Cloud to Ground,-16397,0,11
2026-08-30T23:26:20.949464446Z,18.723428,118.085377,Cloud to Ground,-11618,0,6
2026-08-30T23:26:21.100098890Z,18.781321,118.132974,Cloud to Ground,29654,0,12
2026-08-30T23:26:22.630977621Z,19.056145,119.534845,Cloud to Cloud,-15011,3496,9
2026-08-30T23:26:23.129705686Z,16.244521,129.088781,Cloud to Ground,-24158,0,13
2026-08-30T23:26:23.167665368Z,16.244122,129.128365,Cloud to Cloud,9938,14187,9
2026-08-30T23:26:23.716166057Z,16.220267,129.110782,Cloud to Ground,17244,0,12
2026-08-30T23:26:22.855676270Z,16.173964,129.102836,Cloud to Cloud,23843,3001,12
2026-08-30T23:26:23.205036187Z,16.294735,129.007785,Cloud to Ground,-21244,0,20
2026-08-30T23:26:23.333070470Z,16.253762,128.931569,Cloud to Ground,-20811,0,20
2026-08-30T23:26:23.569472793Z,16.279352,128.953717,Cloud to Cloud,-13812,6114,12
2026-08-30T23:26:23.769007977Z,16.254257,128.938105,Cloud to Ground,-11580,0,14
2026-08-30T23:26:24.271149275Z,18.086156,113.984189,Cloud to Ground,-57788,0,12
2026-08-30T23:26:24.591251940Z,18.084612,113.985387,Cloud to Ground,-26884,0,12
2026-08-30T23:26:24.432296094Z,18.083342,113.985958,Cloud to Ground,-25705,0,7
2026-08-30T23:26:24.463488103Z,18.104646,113.982575,Cloud to Ground,-12756,0,5
2026-08-30T23:26:24.662999456Z,18.105026,113.982282,Cloud to Ground,-12019,0,6
2026-08-30T23:26:24.254882985Z,18.094322,113.895334,Cloud to Cloud,-11608,17468,11
2026-08-30T23:26:24.375085521Z,18.085361,113.980595,Cloud to Ground,51695,0,8
2026-08-30T23:26:25.625893948Z,16.564145,128.405821,Cloud to Cloud,10476,4098,8
2026-08-30T23:26:25.298443073Z,17.492531,110.459743,Cloud to Ground,16845,0,11
2026-08-30T23:26:26.021447782Z,19.612418,119.879844,Cloud to Ground,39787,0,15
2026-08-30T23:26:26.933513017Z,19.334123,119.324979,Cloud to Cloud,3714,16632,6
2026-08-30T23:26:27.468600446Z,19.276373,119.308484,Cloud to Cloud,6930,6730,6
2026-08-30T23:26:27.431297621Z,19.25907,119.309201,Cloud to Cloud,7724,3010,6
2026-08-30T23:26:26.885574309Z,19.337056,119.332021,Cloud to Cloud,10892,19212,8
2026-08-30T23:26:27.450848141Z,19.402251,119.225875,Cloud to Ground,-6958,0,8
2026-08-30T23:26:27.483123220Z,19.342018,119.187626,Cloud to Cloud,3354,15936,5
2026-08-30T23:26:27.458126994Z,19.3782,119.198724,Cloud to Cloud,6413,11361,5
2026-08-30T23:26:28.848971115Z,19.868348,120.359212,Cloud to Ground,-14513,0,16
2026-08-30T23:26:29.288532892Z,15.393624,130.75912,Cloud to Cloud,27794,14743,11
2026-08-30T23:26:29.276919393Z,15.582124,130.682118,Cloud to Cloud,-14032,6884,15
2026-08-30T23:26:29.275340632Z,15.532182,130.703732,Cloud to Cloud,11374,5734,8
2026-08-30T23:26:29.629555000Z,18.166122,120.526449,Cloud to Cloud,15439,16981,10
2026-08-30T23:26:31.204184228Z,14.242857,132.174423,Cloud to Cloud,17474,3648,8
2026-08-30T23:26:33.647829886Z,16.593102,128.385897,Cloud to Ground,56335,0,12
2026-08-30T23:26:33.497298835Z,18.098766,114.199941,Cloud to Ground,8778,0,7
2026-08-30T23:26:33.499563151Z,18.100343,114.190974,Cloud to Ground,11329,0,10
2026-08-30T23:26:33.877820132Z,17.016166,127.119956,Cloud to Cloud,-7561,18831,12
2026-08-30T23:26:34.033728366Z,19.904451,114.404901,Cloud to Ground,-8847,0,7
2026-08-30T23:26:34.012444273Z,19.940198,114.305234,Cloud to Cloud,-7505,17438,7
2026-08-30T23:26:33.957133812Z,19.857572,114.353893,Cloud to Cloud,13059,8876,9
2026-08-30T23:26:33.960380000Z,19.8906,114.3325,Cloud to Ground,24114,0,5
2026-08-30T23:26:34.767730169Z,19.085257,119.553488,Cloud to Ground,-14235,0,7
2026-08-30T23:26:35.972977884Z,7.985524,117.114224,Cloud to Cloud,-7630,17231,6
2026-08-30T23:26:36.374313607Z,19.782609,120.285595,Cloud to Ground,-66259,0,18
2026-08-30T23:26:36.286093639Z,19.787282,120.294993,Cloud to Ground,-64440,0,19
2026-08-30T23:26:36.118371000Z,19.7487,120.2409,Cloud to Ground,1841,0,8
2026-08-30T23:26:37.295496895Z,14.790225,133.761621,Cloud to Ground,-11710,0,7
2026-08-30T23:26:37.297724246Z,14.8271,133.713126,Cloud to Ground,36541,0,10
2026-08-30T23:26:38.879126787Z,4.56233,113.339814,Cloud to Ground,-19523,0,13
2026-08-30T23:26:38.118486396Z,15.518811,130.860894,Cloud to Ground,27097,0,11
2026-08-30T23:26:38.627395997Z,18.587545,116.156759,Cloud to Ground,-15816,0,10
2026-08-30T23:26:48.898893727Z,19.683744,119.724643,Cloud to Ground,-47131,0,14
2026-08-30T23:26:49.347262051Z,19.776086,119.699599,Cloud to Ground,-16402,0,15
2026-08-30T23:26:49.611463000Z,19.7084,119.6722,Cloud to Ground,-15909,0,5
2026-08-30T23:26:49.646585265Z,19.626158,119.707986,Cloud to Ground,-11820,0,6
2026-08-30T23:26:49.494636764Z,19.680925,119.701697,Cloud to Ground,-9532,0,7
2026-08-30T23:26:48.912916529Z,19.685142,119.717856,Cloud to Ground,-5444,0,6
2026-08-30T23:26:49.131229185Z,14.413252,132.092242,Cloud to Ground,15189,0,14
2026-08-30T23:26:49.039009436Z,16.948209,111.685522,Cloud to Ground,-14796,0,9
2026-08-30T23:26:51.393938348Z,7.968688,116.996418,Cloud to Ground,36210,0,18
2026-08-30T23:26:51.708979979Z,19.086978,119.530953,Cloud to Cloud,-9098,13017,8
2026-08-30T23:26:51.449007888Z,19.068116,119.531539,Cloud to Cloud,6516,17087,6
2026-08-30T23:28:02.722916334Z,6.546292,113.940833,Cloud to Ground,-16677,0,15
2026-08-30T23:28:02.916511940Z,6.554859,113.914061,Cloud to Ground,17107,0,12
2026-08-30T23:28:02.885535793Z,6.590577,113.932752,Cloud to Ground,22144,0,10
2026-08-30T23:28:02.736755872Z,6.550165,113.946051,Cloud to Ground,37659,0,19
2026-08-30T23:28:02.863399728Z,6.574886,113.9062,Cloud to Ground,47903,0,10
2026-08-30T23:28:03.968539481Z,17.837278,113.119246,Cloud to Ground,-10347,0,9
2026-08-30T23:28:03.963913822Z,17.838984,113.038057,Cloud to Ground,24570,0,12
2026-08-30T23:28:03.326060078Z,16.957214,111.77354,Cloud to Ground,-28098,0,12
2026-08-30T23:28:04.558827706Z,14.387909,132.294827,Cloud to Ground,33103,0,8
2026-08-30T23:28:05.555215425Z,15.491133,130.489758,Cloud to Ground,-36072,0,14
2026-08-30T23:28:05.554116643Z,15.495996,130.474099,Cloud to Cloud,-18489,3058,14
2026-08-30T23:28:05.409482000Z,19.5761,119.6148,Cloud to Ground,-24178,0,5
2026-08-30T23:28:05.398329611Z,19.553191,119.680895,Cloud to Cloud,9211,17877,5
2026-08-30T23:28:05.426604154Z,19.56791,119.684901,Cloud to Cloud,9986,13513,9
2026-08-30T23:28:05.453529519Z,19.559545,119.691874,Cloud to Cloud,10080,3104,8
2026-08-30T23:28:05.400670235Z,19.5461,119.66145,Cloud to Ground,30604,0,11
2026-08-30T23:28:07.064830159Z,16.577948,128.258768,Cloud to Cloud,-11687,3032,9
2026-08-30T23:28:06.710298737Z,16.598361,128.272618,Cloud to Ground,21865,0,9
2026-08-30T23:28:06.882677917Z,10.07846,110.685037,Cloud to Ground,30509,0,8
2026-08-30T23:28:07.948073603Z,14.455855,132.020569,Cloud to Ground,11566,0,11
2026-08-30T23:28:07.864828246Z,14.362499,132.04906,Cloud to Cloud,-28281,7228,10
2026-08-30T23:28:07.468544355Z,19.092429,119.649344,Cloud to Cloud,5796,14576,8
2026-08-30T23:28:11.377077845Z,14.407206,133.606209,Cloud to Ground,-15694,0,7
2026-08-30T23:28:11.402848772Z,14.465215,133.587129,Cloud to Ground,-11992,0,12
2026-08-30T23:28:11.451615737Z,16.566394,128.455508,Cloud to Ground,-32549,0,12
2026-08-30T23:28:11.639807192Z,16.572904,128.440026,Cloud to Ground,-22787,0,11
2026-08-30T23:28:11.564728514Z,16.646131,128.38557,Cloud to Cloud,-15323,9463,13
2026-08-30T23:28:12.315560842Z,7.772681,117.116507,Cloud to Cloud,7821,10006,7
2026-08-30T23:28:12.355904878Z,19.358034,119.342144,Cloud to Cloud,-8846,5547,11
2026-08-30T23:28:12.389887265Z,19.337498,119.339029,Cloud to Cloud,-6146,12603,7
2026-08-30T23:28:12.502262080Z,19.380985,119.33759,Cloud to Cloud,5639,19043,7
2026-08-30T23:28:12.412524776Z,19.345596,119.34991,Cloud to Cloud,7038,6336,7
2026-08-30T23:28:12.177282938Z,19.35575,119.382473,Cloud to Cloud,7620,15770,8
2026-08-30T23:28:12.456264810Z,19.392982,119.375468,Cloud to Cloud,7664,14805,9
2026-08-30T23:28:12.200723113Z,19.3575,119.350313,Cloud to Cloud,14601,6418,9
2026-08-30T23:28:13.546836616Z,16.531892,128.303331,Cloud to Ground,14008,0,10
2026-08-30T23:28:15.679323581Z,15.547285,130.722646,Cloud to Cloud,19773,3085,10
2026-08-30T23:28:15.656699860Z,15.516345,130.739219,Cloud to Ground,121463,0,11
2026-08-30T23:28:15.944396195Z,15.537712,130.549932,Cloud to Cloud,-10455,3191,16
2026-08-30T23:28:15.954116736Z,15.536455,130.532458,Cloud to Ground,-9359,0,20
2026-08-30T23:28:16.939285792Z,14.628179,133.165646,Cloud to Ground,-25732,0,14
2026-08-30T23:28:16.950469768Z,14.545531,133.236912,Cloud to Ground,-18186,0,12
2026-08-30T23:28:17.043374210Z,14.532046,133.20343,Cloud to Ground,-15076,0,16
2026-08-30T23:28:17.044703902Z,14.595371,133.238778,Cloud to Ground,-11755,0,13
2026-08-30T23:28:16.941314597Z,14.562514,133.215292,Cloud to Ground,-9764,0,7
2026-08-30T23:28:16.963840339Z,14.518909,133.24178,Cloud to Ground,18489,0,7
2026-08-30T23:28:17.677766613Z,14.567542,131.88387,Cloud to Cloud,-11441,3055,16
2026-08-30T23:28:17.050349164Z,14.575646,133.363432,Cloud to Ground,-19870,0,12
2026-08-30T23:28:19.356779998Z,18.752951,116.166323,Cloud to Ground,16711,0,10
2026-08-30T23:28:19.006617000Z,19.57,119.7028,Cloud to Ground,4932,0,6
2026-08-30T23:28:20.931712000Z,19.8786,120.3676,Cloud to Ground,-19477,0,6
2026-08-30T23:28:20.937154176Z,19.874159,120.348541,Cloud to Cloud,7184,6202,6
2026-08-30T23:28:20.982614068Z,19.945643,120.400338,Cloud to Cloud,9513,11066,7
2026-08-30T23:28:20.930815689Z,19.872253,120.365208,Cloud to Cloud,11069,16186,7
2026-08-30T23:28:20.278278546Z,18.848598,118.191232,Cloud to Cloud,-7383,4992,7
2026-08-30T23:28:20.379917299Z,18.802915,118.148766,Cloud to Cloud,5863,3031,5
2026-08-30T23:28:21.823247502Z,14.41405,132.10569,Cloud to Cloud,-8693,19785,11
2026-08-30T23:28:21.674439216Z,14.355782,132.043065,Cloud to Ground,21468,0,9
2026-08-30T23:28:21.762962830Z,16.579155,128.331841,Cloud to Cloud,-7508,19371,16
2026-08-30T23:28:21.081770867Z,19.751204,120.313198,Cloud to Cloud,-4589,5383,6
2026-08-30T23:28:21.090829463Z,19.758928,120.283993,Cloud to Cloud,5447,19995,6
2026-08-30T23:28:21.250528303Z,19.78245,120.292791,Cloud to Cloud,6717,14955,6
2026-08-30T23:28:21.881622092Z,19.63176,114.16254,Cloud to Ground,30883,0,8
2026-08-30T23:28:21.880753823Z,19.627794,114.170473,Cloud to Ground,41378,0,9
2026-08-30T23:28:24.534648019Z,18.870451,118.236102,Cloud to Ground,-12950,0,9
2026-08-30T23:28:24.206477786Z,18.868585,118.238588,Cloud to Ground,-8254,0,8
2026-08-30T23:28:24.067480684Z,18.875035,118.241376,Cloud to Cloud,-7597,16456,7
2026-08-30T23:28:24.556645338Z,18.870939,118.237915,Cloud to Ground,-7087,0,8
2026-08-30T23:28:24.724120851Z,18.867623,118.234862,Cloud to Cloud,-6148,3326,7
2026-08-30T23:28:26.014331755Z,16.36822,128.959975,Cloud to Ground,-19674,0,21
2026-08-30T23:28:26.249618511Z,16.324718,129.064809,Cloud to Ground,6273,0,9
2026-08-30T23:28:26.199856162Z,16.335195,129.080995,Cloud to Cloud,10956,10310,6
2026-08-30T23:28:26.167861703Z,16.336985,129.058356,Cloud to Cloud,15065,4413,10
2026-08-30T23:28:26.045347770Z,16.326181,129.082282,Cloud to Ground,21238,0,13
2026-08-30T23:28:26.102573000Z,16.3416,129.0052,Cloud to Ground,31413,0,6
2026-08-30T23:28:27.740587740Z,7.97487,117.103137,Cloud to Cloud,-8577,16894,7
2026-08-30T23:28:28.441572372Z,16.555197,128.408445,Cloud to Ground,35913,0,11
2026-08-30T23:28:28.858632253Z,18.798286,115.352779,Cloud to Ground,-9368,0,8
2026-08-30T23:28:28.824641933Z,18.780637,115.356513,Cloud to Ground,36193,0,10
2026-08-30T23:28:28.458658109Z,19.336759,119.35415,Cloud to Cloud,-12161,8740,8
2026-08-30T23:28:28.746143409Z,19.394679,119.357161,Cloud to Cloud,-5305,13512,6
2026-08-30T23:28:28.726872709Z,19.389234,119.344487,Cloud to Cloud,-4929,17755,5
2026-08-30T23:28:28.513234377Z,19.343026,119.362393,Cloud to Cloud,9397,15133,6
2026-08-30T23:28:30.176656006Z,19.560466,119.635275,Cloud to Cloud,6101,3146,7
2026-08-30T23:28:29.791042185Z,19.560706,119.565638,Cloud to Cloud,7506,14566,5
2026-08-30T23:28:29.786671531Z,19.561173,119.565635,Cloud to Cloud,15140,14779,9
2026-08-30T23:28:30.346413772Z,19.677818,119.597973,Cloud to Cloud,6795,13617,7
2026-08-30T23:28:31.561805039Z,14.504527,132.244455,Cloud to Ground,-29476,0,12
2026-08-30T23:28:32.136458170Z,14.477245,132.278235,Cloud to Ground,13426,0,8
2026-08-30T23:28:31.609286291Z,14.535396,132.25942,Cloud to Ground,60119,0,10
2026-08-30T23:28:32.139780901Z,14.52404,132.098634,Cloud to Ground,-18060,0,13
2026-08-30T23:28:32.308390726Z,16.599939,128.238611,Cloud to Cloud,15000,6723,7
2026-08-30T23:28:32.888677614Z,15.924741,129.73274,Cloud to Cloud,15755,4460,10
2026-08-30T23:28:33.629455477Z,14.359733,134.071499,Cloud to Ground,20509,0,11
2026-08-30T23:28:33.661920656Z,14.365791,133.944376,Cloud to Ground,-8081,0,8
2026-08-30T23:28:33.656912212Z,14.385055,133.899872,Cloud to Cloud,-7072,15283,7
2026-08-30T23:28:33.507673212Z,19.054312,119.569298,Cloud to Cloud,7631,5862,7
2026-08-30T23:28:34.341078895Z,16.280023,128.787889,Cloud to Ground,15501,0,9
2026-08-30T23:28:34.454859650Z,19.128192,119.713296,Cloud to Cloud,-3518,3000,6
2026-08-30T23:28:34.579914879Z,19.21626,119.654948,Cloud to Ground,-8020,0,13
2026-08-30T23:28:34.252059000Z,19.2747,119.5544,Cloud to Ground,-5751,0,6
2026-08-30T23:28:34.255272721Z,19.240785,119.627874,Cloud to Cloud,-4208,3015,7
2026-08-30T23:28:34.250205333Z,19.2429,119.616199,Cloud to Cloud,6163,19140,6
2026-08-30T23:28:34.251165905Z,19.320717,119.644175,Cloud to Cloud,11613,18697,10
2026-08-30T23:28:37.048148044Z,19.680375,119.738419,Cloud to Ground,-51416,0,12
2026-08-30T23:28:37.144497756Z,19.709452,119.736917,Cloud to Ground,-20891,0,16
2026-08-30T23:28:37.184861829Z,19.711088,119.7308,Cloud to Ground,-7176,0,6
2026-08-30T23:28:37.145049065Z,19.672108,119.722589,Cloud to Cloud,-5520,18248,6
2026-08-30T23:28:37.586945351Z,19.580894,119.733062,Cloud to Cloud,6901,5425,7
2026-08-30T23:28:38.781770883Z,14.556036,132.617956,Cloud to Cloud,-15562,3247,12
2026-08-30T23:28:38.782218645Z,14.54909,132.656785,Cloud to Ground,25291,0,17
2026-08-30T23:28:38.782858000Z,14.5548,132.6206,Cloud to Ground,44349,0,8
2026-08-30T23:28:38.528036703Z,16.592943,128.42066,Cloud to Ground,-39257,0,13
2026-08-30T23:28:38.742178303Z,16.600825,128.450366,Cloud to Ground,-28441,0,9
2026-08-30T23:28:38.431531709Z,16.598274,128.440792,Cloud to Ground,-24488,0,10
2026-08-30T23:28:38.038278232Z,16.568621,128.409681,Cloud to Cloud,15858,3759,8
2026-08-30T23:28:38.633661976Z,16.589318,128.274662,Cloud to Ground,-22048,0,16
2026-08-30T23:28:38.458000757Z,16.58587,128.27843,Cloud to Ground,-18020,0,16
2026-08-30T23:28:38.597094856Z,16.569265,128.276783,Cloud to Ground,-16592,0,19
2026-08-30T23:28:39.244890827Z,14.739285,133.76443,Cloud to Ground,-24877,0,26
2026-08-30T23:28:39.053240200Z,14.781262,133.784808,Cloud to Ground,-21248,0,18
2026-08-30T23:28:39.261455875Z,14.806049,133.764985,Cloud to Ground,-16953,0,12
2026-08-30T23:28:39.176754006Z,14.768635,133.621694,Cloud to Ground,-16139,0,18
2026-08-30T23:28:39.257685320Z,14.752829,133.593788,Cloud to Ground,-15299,0,18
2026-08-30T23:28:39.350639222Z,14.825814,133.745059,Cloud to Ground,-11669,0,7
2026-08-30T23:28:39.350031955Z,14.83569,133.722391,Cloud to Ground,-11075,0,13
2026-08-30T23:28:39.222090184Z,14.772228,133.777696,Cloud to Ground,14309,0,10
2026-08-30T23:28:39.067608977Z,14.771537,133.78703,Cloud to Ground,28206,0,15
2026-08-30T23:28:39.162709646Z,14.800046,133.685115,Cloud to Ground,28645,0,7
2026-08-30T23:28:39.065752848Z,14.78184,133.778554,Cloud to Ground,136365,0,16
2026-08-30T23:28:40.751755896Z,15.546335,130.914209,Cloud to Ground,-16160,0,21
2026-08-30T23:28:40.720581494Z,15.373274,130.970446,Cloud to Cloud,14302,3118,10
2026-08-30T23:28:40.179291784Z,16.066969,129.083081,Cloud to Ground,-34012,0,13
2026-08-30T23:28:40.629536769Z,18.01185,112.644027,Cloud to Cloud,-14260,4383,8
2026-08-30T23:28:41.110928647Z,14.64403,132.950445,Cloud to Cloud,-26627,7561,13
2026-08-30T23:28:41.186074390Z,14.706049,132.904498,Cloud to Ground,-12711,0,14
2026-08-30T23:28:41.554168253Z,14.603476,133.051714,Cloud to Ground,13867,0,11
2026-08-30T23:28:41.595865171Z,14.605469,133.049157,Cloud to Cloud,14418,4290,7
2026-08-30T23:28:41.146370994Z,14.594531,133.050572,Cloud to Ground,14677,0,9
2026-08-30T23:28:41.523447065Z,14.57844,133.055142,Cloud to Ground,17416,0,8
2026-08-30T23:28:41.260448324Z,14.65985,133.005373,Cloud to Ground,21095,0,8
2026-08-30T23:28:42.550010035Z,18.661212,116.220927,Cloud to Cloud,8238,3028,7
2026-08-30T23:28:43.920909513Z,16.593907,128.400107,Cloud to Cloud,-4692,4862,7
2026-08-30T23:28:43.619395023Z,17.626176,112.420742,Cloud to Cloud,-11494,3055,7
2026-08-30T23:28:44.974519834Z,14.436611,132.050855,Cloud to Cloud,-12106,19891,14
2026-08-30T23:28:44.992395560Z,14.447023,131.994324,Cloud to Cloud,-11457,19190,8
2026-08-30T23:28:45.511037864Z,15.974377,128.899142,Cloud to Ground,36350,0,9
2026-08-30T23:28:46.239296628Z,19.052036,119.559814,Cloud to Cloud,8133,5285,6
2026-08-30T23:28:48.684943218Z,17.217239,111.942762,Cloud to Ground,-13121,0,9
2026-08-30T23:28:49.707410233Z,18.185401,120.516755,Cloud to Cloud,15171,6238,12
2026-08-30T23:28:50.246543082Z,15.970358,129.45827,Cloud to Cloud,-18155,17487,8
2026-08-30T23:28:49.767745630Z,15.984512,129.535133,Cloud to Cloud,11776,3030,11
2026-08-30T23:28:51.721259820Z,19.348952,119.353859,Cloud to Cloud,-12647,13825,12
2026-08-30T23:28:51.845792113Z,19.355383,119.301917,Cloud to Cloud,-4828,17948,7
2026-08-30T23:28:51.804485544Z,19.35554,119.300414,Cloud to Cloud,-3931,5782,6
2026-08-30T23:28:51.576754537Z,19.347957,119.344763,Cloud to Cloud,5735,4708,8
2026-08-30T23:28:51.580807618Z,19.356035,119.358437,Cloud to Cloud,6384,3200,7
2026-08-30T23:28:51.580358289Z,19.353034,119.357724,Cloud to Cloud,6547,15557,6
2026-08-30T23:28:51.651338306Z,19.32896,119.351754,Cloud to Cloud,11063,15752,6
2026-08-30T23:28:52.621628752Z,19.335427,119.289347,Cloud to Ground,-21258,0,10
2026-08-30T23:28:52.280671827Z,18.998485,119.631818,Cloud to Cloud,-15201,19013,8
2026-08-30T23:28:52.248969031Z,19.077435,119.600983,Cloud to Cloud,-5362,18621,6
2026-08-30T23:28:53.176118494Z,16.564226,128.401747,Cloud to Cloud,13321,4068,7
2026-08-30T23:28:54.172757362Z,14.416054,133.413118,Cloud to Cloud,-8027,3005,9
2026-08-30T23:28:54.121729473Z,14.405559,133.619507,Cloud to Ground,19824,0,7
2026-08-30T23:28:55.985733887Z,14.38329,133.127833,Cloud to Ground,-10450,0,9
2026-08-30T23:28:55.761327777Z,14.420475,133.232571,Cloud to Ground,-11401,0,8
2026-08-30T23:28:55.763721778Z,14.36123,133.288263,Cloud to Ground,41566,0,24
2026-08-30T23:28:55.071394393Z,16.558761,128.286406,Cloud to Cloud,4701,4317,13
2026-08-30T23:28:54.684764977Z,16.585065,128.423651,Cloud to Cloud,6307,9874,7
2026-08-30T23:28:54.722755863Z,16.59008,128.449382,Cloud to Cloud,8379,3881,13
2026-08-30T23:28:55.113328796Z,16.55173,128.352812,Cloud to Ground,13753,0,10
2026-08-30T23:28:55.329798142Z,19.047927,119.562728,Cloud to Cloud,6743,12602,5
2026-08-30T23:28:56.842916448Z,14.515113,133.234873,Cloud to Ground,-30264,0,29
2026-08-30T23:28:56.934808678Z,14.455699,133.316484,Cloud to Ground,37877,0,8
2026-08-30T23:28:56.651837802Z,14.43603,133.307543,Cloud to Ground,53011,0,18
2026-08-30T23:28:57.020767841Z,14.42234,133.134683,Cloud to Ground,-13432,0,16
2026-08-30T23:28:57.467796708Z,16.58633,128.270468,Cloud to Ground,20495,0,8
2026-08-30T23:28:58.171843773Z,19.617162,119.731083,Cloud to Ground,-64899,0,18
2026-08-30T23:28:58.372303599Z,19.616358,119.70835,Cloud to Ground,-38388,0,12
2026-08-30T23:28:58.523934902Z,19.618165,119.711116,Cloud to Ground,-10840,0,7
2026-08-30T23:29:01.643357802Z,16.308726,128.891596,Cloud to Cloud,-15957,12453,16
2026-08-30T23:29:01.153864183Z,15.795463,129.905856,Cloud to Cloud,-13054,3307,11
2026-08-30T23:29:05.459557048Z,16.618181,128.376408,Cloud to Ground,-16604,0,20
2026-08-30T23:29:04.997455915Z,16.53822,128.399339,Cloud to Ground,29460,0,11
2026-08-30T23:29:05.838452634Z,19.069189,119.581864,Cloud to Cloud,-6262,3035,6
2026-08-30T23:29:05.974394373Z,19.068911,119.587094,Cloud to Cloud,-5827,15518,6
2026-08-30T23:29:06.756018328Z,16.151117,129.267729,Cloud to Cloud,14395,3265,8
2026-08-30T23:29:07.047063831Z,14.4809,132.005272,Cloud to Cloud,-19263,6785,15
2026-08-30T23:29:07.684602280Z,18.975848,118.268182,Cloud to Ground,-19446,0,11
2026-08-30T23:29:07.601113801Z,19.012491,118.26322,Cloud to Cloud,10042,15089,6
2026-08-30T23:29:07.584732001Z,18.877526,118.202109,Cloud to Cloud,7083,3043,7
2026-08-30T23:29:07.351122103Z,18.828401,118.222991,Cloud to Ground,15888,0,8
2026-08-30T23:29:07.595888998Z,18.818687,118.158705,Cloud to Cloud,17508,5931,10
2026-08-30T23:29:07.403855947Z,18.846519,118.240098,Cloud to Cloud,21155,5957,14
2026-08-30T23:29:08.645036328Z,19.847074,114.390795,Cloud to Ground,-22479,0,10
2026-08-30T23:29:08.666598429Z,19.895477,114.378174,Cloud to Cloud,11966,5214,7
2026-08-30T23:29:08.738385172Z,19.900828,114.417289,Cloud to Cloud,12117,19261,7
2026-08-30T23:29:08.648144143Z,19.873214,114.301076,Cloud to Ground,20504,0,8
2026-08-30T23:29:09.277194279Z,15.543467,130.821611,Cloud to Ground,-12421,0,8
2026-08-30T23:29:10.919383975Z,19.350305,119.381723,Cloud to Cloud,-4821,14062,7
2026-08-30T23:29:10.711217304Z,19.354935,119.366763,Cloud to Cloud,5736,7222,7
2026-08-30T23:29:10.755070770Z,19.354742,119.358618,Cloud to Cloud,6661,3588,6
2026-08-30T23:29:10.926647130Z,19.349044,119.372995,Cloud to Cloud,10311,15930,11
2026-08-30T23:29:10.681777559Z,19.371636,119.36025,Cloud to Cloud,21941,19917,7
2026-08-30T23:29:11.368816934Z,18.544919,114.765026,Cloud to Cloud,8920,3023,7
2026-08-30T23:29:11.370692628Z,18.548591,114.772383,Cloud to Ground,10280,0,10
2026-08-30T23:29:12.242582212Z,16.546573,128.374716,Cloud to Ground,16977,0,8
2026-08-30T23:29:12.151408752Z,16.930611,111.67339,Cloud to Ground,12621,0,7
2026-08-30T23:29:12.152073233Z,16.97069,111.669781,Cloud to Ground,18272,0,10
2026-08-30T23:29:14.732266681Z,14.569633,132.389809,Cloud to Cloud,-15018,6673,6
2026-08-30T23:29:14.372071296Z,14.612327,133.677823,Cloud to Cloud,10252,9788,8
2026-08-30T23:29:16.128551849Z,16.131991,129.309946,Cloud to Cloud,-12061,6206,12
2026-08-30T23:29:17.230788933Z,16.596697,128.418067,Cloud to Ground,-19211,0,9
2026-08-30T23:29:16.715462285Z,16.609409,128.382333,Cloud to Cloud,16141,5420,8
2026-08-30T23:29:18.436080794Z,14.247567,133.714814,Cloud to Ground,18275,0,13
2026-08-30T23:29:18.347293335Z,14.24558,133.712099,Cloud to Ground,24281,0,12
2026-08-30T23:29:18.395362049Z,14.223895,133.723696,Cloud to Ground,59482,0,15
2026-08-30T23:29:18.992799360Z,19.685082,119.726031,Cloud to Ground,-36998,0,15
2026-08-30T23:29:18.657303214Z,19.685037,119.723126,Cloud to Ground,-35999,0,14
2026-08-30T23:29:18.993323691Z,19.66583,119.72552,Cloud to Ground,-12596,0,8
2026-08-30T23:29:18.675514813Z,19.68244,119.710478,Cloud to Cloud,-4753,19003,6
2026-08-30T23:29:18.677471637Z,19.696519,119.7318,Cloud to Cloud,6849,9928,5
2026-08-30T23:29:18.846861518Z,19.145621,119.092939,Cloud to Cloud,-8228,3010,6
2026-08-30T23:29:18.800793628Z,19.185913,119.092909,Cloud to Cloud,4997,17199,6
2026-08-30T23:29:18.805460720Z,19.166889,119.053026,Cloud to Cloud,5986,16206,6
2026-08-30T23:29:18.833913063Z,19.256394,119.097964,Cloud to Cloud,15873,14687,8
2026-08-30T23:29:18.798181099Z,19.170176,119.068565,Cloud to Cloud,18003,19147,8
2026-08-30T23:29:19.548380337Z,17.915604,113.359886,Cloud to Cloud,-22147,3018,13
2026-08-30T23:29:19.549247857Z,17.920787,113.261719,Cloud to Ground,39397,0,8
2026-08-30T23:29:19.108779526Z,19.185116,118.819376,Cloud to Cloud,-9279,3007,10
2026-08-30T23:29:20.854209132Z,7.942786,117.110804,Cloud to Ground,8266,0,7
2026-08-30T23:29:20.007285310Z,14.409211,132.076329,Cloud to Ground,22056,0,11
2026-08-30T23:29:21.910680573Z,17.78748,112.86701,Cloud to Ground,-14561,0,12
2026-08-30T23:29:21.905011145Z,17.797125,112.779686,Cloud to Cloud,13871,7847,11
2026-08-30T23:29:21.962475771Z,19.051949,119.575002,Cloud to Cloud,7893,14837,7
2026-08-30T23:29:22.520170573Z,18.130871,114.318354,Cloud to Ground,10552,0,11
2026-08-30T23:29:22.559410581Z,18.11987,114.219836,Cloud to Cloud,5738,8099,7
2026-08-30T23:29:23.219121062Z,14.375512,134.056895,Cloud to Ground,-19512,0,9
2026-08-30T23:29:23.266378678Z,14.330401,133.891515,Cloud to Cloud,-18694,3310,20
2026-08-30T23:29:23.031486598Z,19.210155,119.627049,Cloud to Cloud,3132,3044,7
2026-08-30T23:29:22.982993175Z,19.251132,119.629652,Cloud to Cloud,5875,18731,6
2026-08-30T23:29:23.056521416Z,19.199205,119.610961,Cloud to Cloud,7071,12705,5
2026-08-30T23:29:24.564338360Z,14.487478,133.180196,Cloud to Ground,-20973,0,17
2026-08-30T23:29:26.903376430Z,16.033869,129.587224,Cloud to Cloud,-8565,5728,8
2026-08-30T23:29:26.645196819Z,15.886268,129.710447,Cloud to Cloud,20606,5184,10
2026-08-30T23:29:26.633096974Z,15.948951,129.670389,Cloud to Cloud,24985,3106,9
2026-08-30T23:29:26.669181211Z,16.114421,129.423407,Cloud to Cloud,-6860,14108,7
2026-08-30T23:29:26.550974015Z,16.548012,128.298346,Cloud to Cloud,-12631,15574,8
2026-08-30T23:29:26.603226602Z,16.537436,128.372886,Cloud to Cloud,-11745,6547,8
2026-08-30T23:29:26.898950000Z,16.1465,129.6081,Cloud to Ground,25388,0,7
2026-08-30T23:29:28.900306692Z,7.973962,117.105392,Cloud to Cloud,-9008,3797,7
2026-08-30T23:29:29.273216019Z,19.235585,116.103369,Cloud to Cloud,9751,17527,9
2026-08-30T23:29:29.251787508Z,19.166011,116.078021,Cloud to Ground,30070,0,10
2026-08-30T23:29:29.662923873Z,19.617797,119.870776,Cloud to Cloud,8152,18157,8
2026-08-30T23:29:30.448029898Z,19.348958,119.363579,Cloud to Cloud,-10680,16536,10
2026-08-30T23:29:30.371255925Z,19.364357,119.373111,Cloud to Cloud,6774,3046,7
2026-08-30T23:29:30.016393784Z,19.362718,119.355913,Cloud to Cloud,7576,15609,5
2026-08-30T23:29:29.522308740Z,19.343855,119.367562,Cloud to Cloud,18625,19632,15
2026-08-30T23:29:30.548176852Z,19.460135,119.363606,Cloud to Ground,-50980,0,16
2026-08-30T23:29:30.563616788Z,19.574446,119.23954,Cloud to Ground,-7448,0,7
2026-08-30T23:29:31.353771105Z,7.971972,117.092346,Cloud to Cloud,-9496,7222,8
2026-08-30T23:29:33.873578930Z,16.55369,128.390474,Cloud to Ground,34198,0,12
2026-08-30T23:29:33.495905883Z,17.054496,127.66868,Cloud to Ground,27191,0,13
2026-08-30T23:29:35.361667094Z,14.644792,133.248571,Cloud to Ground,-10422,0,10
2026-08-30T23:29:35.348791233Z,14.631731,133.396881,Cloud to Ground,-41882,0,15
2026-08-30T23:29:35.346330286Z,14.682043,133.34088,Cloud to Ground,-11465,0,12
2026-08-30T23:29:35.356442593Z,14.69237,133.365863,Cloud to Ground,-11085,0,11
2026-08-30T23:29:36.736619333Z,19.123309,119.616979,Cloud to Cloud,-10319,3597,7
2026-08-30T23:29:36.760249817Z,19.087293,119.568421,Cloud to Cloud,4149,6414,7
2026-08-30T23:29:36.586005493Z,19.093411,119.575885,Cloud to Cloud,5798,6750,6
2026-08-30T23:29:37.101495899Z,19.085517,119.582718,Cloud to Cloud,8400,19099,9
2026-08-30T23:29:36.667555666Z,19.086604,119.573928,Cloud to Cloud,10067,7349,10
2026-08-30T23:29:36.581961820Z,19.086026,119.582667,Cloud to Cloud,17513,3336,13
2026-08-30T23:29:37.129538069Z,16.316591,129.107964,Cloud to Cloud,15142,3039,18
2026-08-30T23:29:37.131926299Z,16.232985,129.11781,Cloud to Cloud,16878,14953,13
2026-08-30T23:29:38.148689857Z,14.514279,130.4897,Cloud to Ground,27915,0,15
2026-08-30T23:29:41.528376625Z,18.221022,113.540892,Cloud to Cloud,-10727,7772,7
2026-08-30T23:29:41.049906257Z,18.185716,113.643088,Cloud to Cloud,-7468,3886,7
2026-08-30T23:29:41.030367717Z,18.219045,113.645833,Cloud to Ground,11209,0,10
2026-08-30T23:29:42.507704834Z,14.142031,134.725337,Cloud to Cloud,-31451,4154,17
2026-08-30T23:29:42.508686351Z,14.151958,134.73201,Cloud to Ground,31061,0,16
2026-08-30T23:29:42.518703240Z,14.195839,133.974962,Cloud to Ground,-84038,0,17
2026-08-30T23:29:42.506745836Z,16.468364,128.44397,Cloud to Ground,19768,0,10
2026-08-30T23:29:44.039081265Z,14.420065,134.924674,Cloud to Ground,-12308,0,10
2026-08-30T23:29:43.875533837Z,14.329709,134.904384,Cloud to Ground,9388,0,10
2026-08-30T23:29:43.937432858Z,14.347823,134.886774,Cloud to Ground,10697,0,7
2026-08-30T23:29:43.716480371Z,14.326047,134.900239,Cloud to Ground,23606,0,15
2026-08-30T23:29:43.681156843Z,14.343324,134.90182,Cloud to Ground,105634,0,16
2026-08-30T23:29:47.460050225Z,14.410477,133.70009,Cloud to Ground,22087,0,14
2026-08-30T23:29:47.475039800Z,14.460454,133.558766,Cloud to Cloud,-14038,14789,17
2026-08-30T23:29:47.880128429Z,19.356941,119.347394,Cloud to Cloud,3355,3560,6
2026-08-30T23:29:47.539959855Z,19.354742,119.397268,Cloud to Cloud,7061,3018,5
2026-08-30T23:29:49.250437245Z,15.502287,130.871646,Cloud to Cloud,-20708,12055,14
2026-08-30T23:29:49.777457000Z,19.8289,120.2772,Cloud to Ground,-103825,0,11
2026-08-30T23:29:49.844003170Z,19.79587,120.320638,Cloud to Ground,-39175,0,16
2026-08-30T23:29:49.770069395Z,19.850206,120.303699,Cloud to Ground,-20483,0,6
2026-08-30T23:29:50.240525248Z,19.792412,120.278498,Cloud to Cloud,6046,18083,6
2026-08-30T23:29:50.267590370Z,19.766049,120.319204,Cloud to Cloud,8349,15830,6
2026-08-30T23:29:50.226521062Z,19.817216,120.303838,Cloud to Cloud,8651,16714,5
2026-08-30T23:29:50.236068055Z,19.788784,120.328213,Cloud to Cloud,9533,6426,5
2026-08-30T23:29:50.108626466Z,19.836342,120.30294,Cloud to Ground,17478,0,8
2026-08-30T23:29:49.817408029Z,19.795973,120.30833,Cloud to Ground,45422,0,14
2026-08-30T23:29:50.290718587Z,18.836527,118.210513,Cloud to Cloud,8414,18197,8
2026-08-30T23:29:49.664172982Z,18.917412,118.231405,Cloud to Cloud,11539,3244,7
2026-08-30T23:29:50.479623159Z,19.891767,120.409142,Cloud to Cloud,5192,16315,8
2026-08-30T23:29:52.627661255Z,16.569759,128.235218,Cloud to Ground,44823,0,14
2026-08-30T23:29:53.013321919Z,14.886137,131.292456,Cloud to Cloud,18004,19440,12
2026-08-30T23:29:53.041303773Z,14.8638,131.289599,Cloud to Ground,42764,0,22
2026-08-30T23:29:53.068420718Z,14.908992,131.202124,Cloud to Ground,-26618,0,7
2026-08-30T23:29:53.141791236Z,14.86583,131.111075,Cloud to Cloud,15147,3616,10
2026-08-30T23:29:53.333277569Z,14.233771,133.704812,Cloud to Ground,-12851,0,13
2026-08-30T23:29:53.326726962Z,14.211278,133.677275,Cloud to Ground,10882,0,10
2026-08-30T23:29:53.353946566Z,14.274025,133.610267,Cloud to Ground,18388,0,15
2026-08-30T23:29:53.845366300Z,16.550396,128.399622,Cloud to Ground,23038,0,10
2026-08-30T23:29:55.324204931Z,16.988961,127.11835,Cloud to Cloud,-14392,4714,16
2026-08-30T23:29:55.321507231Z,17.037324,127.342206,Cloud to Ground,14671,0,11
2026-08-30T23:29:56.813432000Z,14.4697,132.9594,Cloud to Ground,-25290,0,5
2026-08-30T23:29:57.208738699Z,14.628723,132.799043,Cloud to Ground,-27934,0,22
2026-08-30T23:29:56.810944230Z,14.607616,132.818561,Cloud to Ground,-13800,0,15
2026-08-30T23:29:57.226166409Z,14.612815,132.802366,Cloud to Ground,-13228,0,12
2026-08-30T23:29:56.810129782Z,14.54704,132.856671,Cloud to Ground,14862,0,11
2026-08-30T23:29:57.151537072Z,14.368408,133.288313,Cloud to Ground,-22141,0,14
2026-08-30T23:29:57.720777000Z,19.7126,119.6871,Cloud to Ground,-16180,0,10
2026-08-30T23:29:57.747397382Z,19.700711,119.71968,Cloud to Ground,-11356,0,8
2026-08-30T23:29:58.185502234Z,16.5693,128.391488,Cloud to Ground,30306,0,7
2026-08-30T23:29:58.223524408Z,19.59118,119.730781,Cloud to Cloud,12002,7618,6
2026-08-30T23:30:01.070561107Z,14.581318,132.616604,Cloud to Ground,22677,0,13
2026-08-30T23:30:01.311130327Z,14.418112,131.965408,Cloud to Ground,16194,0,11
2026-08-30T23:30:01.333143096Z,14.495552,132.034315,Cloud to Ground,-18748,0,22
2026-08-30T23:30:01.043580567Z,14.663888,132.539487,Cloud to Ground,-32566,0,17
2026-08-30T23:30:01.060691220Z,14.607669,132.478364,Cloud to Ground,-14146,0,14
2026-08-30T23:30:02.035544729Z,19.064244,119.569214,Cloud to Cloud,11126,6899,10
2026-08-30T23:30:04.037614694Z,16.576876,128.475623,Cloud to Ground,-64505,0,16
2026-08-30T23:30:04.253312367Z,16.585821,128.336442,Cloud to Ground,-28776,0,23
2026-08-30T23:30:04.133456362Z,16.574946,128.470923,Cloud to Ground,-27796,0,12
2026-08-30T23:30:04.318881000Z,16.5997,128.4098,Cloud to Ground,-17916,0,5
2026-08-30T23:30:04.057763954Z,16.663371,128.477848,Cloud to Cloud,-13104,13131,16
2026-08-30T23:30:06.572804354Z,19.459221,119.479269,Cloud to Cloud,-4796,15388,6
2026-08-30T23:30:06.522856911Z,19.365225,119.380412,Cloud to Cloud,-12186,19969,12
2026-08-30T23:30:06.337084209Z,19.363274,119.39626,Cloud to Cloud,-6210,17977,6
2026-08-30T23:30:06.523537901Z,19.359121,119.352274,Cloud to Cloud,6349,18988,6
2026-08-30T23:30:06.795195522Z,19.381781,119.306485,Cloud to Cloud,7686,5769,5
2026-08-30T23:30:06.552301060Z,19.366844,119.357135,Cloud to Cloud,12569,5750,8
2026-08-30T23:30:06.158451236Z,19.37047,119.379781,Cloud to Cloud,17377,12230,11
2026-08-30T23:30:08.537839266Z,17.365756,127.02793,Cloud to Cloud,-14308,3183,13
2026-08-30T23:30:08.543713620Z,17.381615,127.068297,Cloud to Cloud,8852,7941,8
2026-08-30T23:30:08.537233618Z,17.343216,126.971631,Cloud to Cloud,10499,4498,12
2026-08-30T23:30:08.737763451Z,17.323689,127.044605,Cloud to Cloud,16197,14210,11
2026-08-30T23:30:08.540330651Z,17.37047,127.097582,Cloud to Ground,17959,0,12
2026-08-30T23:30:09.638540547Z,15.948923,129.582521,Cloud to Cloud,-10511,3680,9
2026-08-30T23:30:09.313327469Z,19.253255,119.672428,Cloud to Cloud,-15083,3024,11
2026-08-30T23:30:09.331386152Z,19.184098,119.675041,Cloud to Cloud,4813,12166,6
2026-08-30T23:30:09.081490835Z,19.258219,119.636715,Cloud to Cloud,5150,17167,6
2026-08-30T23:30:08.973584908Z,19.259614,119.634238,Cloud to Cloud,5687,18172,8
2026-08-30T23:30:09.325956016Z,19.260645,119.644262,Cloud to Cloud,6518,19995,8
2026-08-30T23:30:09.266252171Z,19.257185,119.63689,Cloud to Cloud,8867,7674,5
2026-08-30T23:30:09.041091058Z,19.256564,119.637739,Cloud to Cloud,9684,3009,5
2026-08-30T23:30:10.464556334Z,19.607642,119.688376,Cloud to Cloud,4500,18353,7
2026-08-30T23:30:10.829226347Z,19.565088,119.743906,Cloud to Cloud,6391,17776,7
2026-08-30T23:30:10.420076447Z,19.477688,119.557946,Cloud to Ground,-11757,0,8
2026-08-30T23:30:10.394652013Z,19.547706,119.568179,Cloud to Cloud,10537,5431,8
2026-08-30T23:30:10.823540189Z,19.515829,119.660993,Cloud to Ground,-18544,0,14
2026-08-30T23:30:12.104454192Z,14.23765,133.693939,Cloud to Cloud,5421,11695,7
2026-08-30T23:30:12.256151028Z,16.544675,128.400886,Cloud to Ground,19028,0,10
2026-08-30T23:30:13.980735063Z,18.119868,114.011966,Cloud to Ground,-28810,0,13
2026-08-30T23:30:14.172133816Z,18.089587,113.909529,Cloud to Ground,-17097,0,10
2026-08-30T23:30:14.109005616Z,18.123906,113.901838,Cloud to Ground,8464,0,9
2026-08-30T23:30:13.979942589Z,18.124606,113.916213,Cloud to Cloud,12290,3027,10
2026-08-30T23:30:13.979233390Z,18.127698,114.009324,Cloud to Ground,18481,0,9
2026-08-30T23:30:13.982510117Z,18.120633,113.907357,Cloud to Ground,35049,0,16
2026-08-30T23:30:14.505865321Z,17.911851,120.489285,Cloud to Cloud,9989,3053,7
2026-08-30T23:30:14.502822893Z,17.90993,120.49784,Cloud to Cloud,20705,6157,13
2026-08-30T23:30:15.136411796Z,15.675536,130.059648,Cloud to Cloud,19242,5052,8
2026-08-30T23:30:15.358245458Z,18.756009,116.180143,Cloud to Ground,47012,0,12
2026-08-30T23:30:15.486823837Z,18.790875,116.045838,Cloud to Cloud,-15903,3001,10
2026-08-30T23:30:17.754939369Z,14.931508,133.823857,Cloud to Ground,-15599,0,13
2026-08-30T23:30:17.756384585Z,14.880221,133.864028,Cloud to Ground,-11547,0,7
2026-08-30T23:30:17.753499756Z,14.867302,133.859567,Cloud to Ground,16270,0,16
2026-08-30T23:30:17.288762484Z,15.9985,129.003118,Cloud to Ground,19091,0,11
2026-08-30T23:30:17.287625824Z,15.99662,129.003274,Cloud to Ground,22233,0,10
2026-08-30T23:30:17.944261762Z,16.161965,128.926555,Cloud to Ground,-29253,0,27
2026-08-30T23:30:17.143882693Z,16.124105,128.958505,Cloud to Cloud,-10835,17678,12
2026-08-30T23:30:17.144371419Z,15.943045,129.086431,Cloud to Cloud,14966,4242,9
2026-08-30T23:30:18.000907230Z,14.830191,133.749367,Cloud to Ground,-15424,0,12
2026-08-30T23:30:17.963084630Z,14.834422,133.758157,Cloud to Ground,-11601,0,6
2026-08-30T23:30:18.056525017Z,14.807207,133.758537,Cloud to Ground,-8960,0,9
2026-08-30T23:30:18.017488135Z,14.802739,133.782744,Cloud to Ground,7863,0,6
2026-08-30T23:30:18.028723149Z,16.212868,129.126768,Cloud to Ground,14412,0,10
2026-08-30T23:30:19.313431496Z,17.544069,112.326811,Cloud to Cloud,-21590,16942,6
2026-08-30T23:30:19.926750266Z,17.541666,112.373154,Cloud to Ground,6926,0,6
2026-08-30T23:30:19.316612479Z,17.545439,112.316048,Cloud to Ground,8202,0,10
2026-08-30T23:30:19.306316486Z,17.574372,112.342748,Cloud to Cloud,10352,7058,9
2026-08-30T23:30:19.308280855Z,17.573741,112.338184,Cloud to Ground,14211,0,8
2026-08-30T23:30:19.310822949Z,17.555261,112.314911,Cloud to Ground,22332,0,12
2026-08-30T23:30:19.777320848Z,19.343035,119.378953,Cloud to Cloud,-7475,18219,5
2026-08-30T23:30:19.563399892Z,19.359858,119.400766,Cloud to Cloud,6292,17786,6
2026-08-30T23:30:19.603839739Z,19.433732,119.429934,Cloud to Cloud,6317,15600,8
2026-08-30T23:30:20.476794103Z,16.160342,129.340416,Cloud to Ground,-15001,0,16
2026-08-30T23:30:20.512025029Z,16.628216,128.271684,Cloud to Ground,25829,0,8
2026-08-30T23:30:20.301735659Z,16.123382,129.450044,Cloud to Ground,-46120,0,16
2026-08-30T23:30:20.340913084Z,16.124035,129.456428,Cloud to Ground,-31323,0,12
2026-08-30T23:30:20.349503018Z,16.084674,129.480111,Cloud to Cloud,-19006,3049,10
2026-08-30T23:30:20.494035284Z,16.161172,129.471199,Cloud to Cloud,12982,6186,8
2026-08-30T23:30:20.359872371Z,16.142418,129.467198,Cloud to Ground,13838,0,10
2026-08-30T23:30:20.514780198Z,16.130313,129.483716,Cloud to Cloud,14298,10422,8
2026-08-30T23:30:21.671185110Z,19.186317,119.091849,Cloud to Ground,-10820,0,8
2026-08-30T23:30:21.807619212Z,19.215565,119.118957,Cloud to Cloud,-6877,19498,7
2026-08-30T23:30:21.664569401Z,19.223138,119.041393,Cloud to Cloud,7675,17610,8
2026-08-30T23:30:21.660406707Z,19.185292,119.088655,Cloud to Cloud,15695,3741,11
2026-08-30T23:30:21.914294893Z,19.08918,119.579912,Cloud to Cloud,8792,17836,8
2026-08-30T23:30:22.395124457Z,15.386219,130.623037,Cloud to Ground,35305,0,9
2026-08-30T23:30:22.386484493Z,15.481537,130.525168,Cloud to Ground,-55122,0,12
2026-08-30T23:30:22.388418162Z,15.489615,130.554537,Cloud to Cloud,-40202,3906,12
2026-08-30T23:30:22.418549255Z,15.49364,130.564982,Cloud to Ground,-15065,0,10
2026-08-30T23:30:22.982156361Z,17.266498,112.058429,Cloud to Ground,13932,0,7
2026-08-30T23:30:22.566480000Z,18.9386,118.0788,Cloud to Ground,8471,0,5
2026-08-30T23:30:23.188291957Z,18.880562,118.180103,Cloud to Ground,18588,0,9
2026-08-30T23:30:25.138849030Z,16.571421,128.458481,Cloud to Ground,-28779,0,13
2026-08-30T23:30:24.622274991Z,16.506875,128.416013,Cloud to Cloud,8745,5110,10
2026-08-30T23:30:24.842356182Z,16.503676,128.454438,Cloud to Cloud,15247,4178,10
2026-08-30T23:30:26.054943187Z,6.547398,113.893744,Cloud to Ground,12116,0,8
2026-08-30T23:30:26.053189294Z,6.610033,113.967188,Cloud to Ground,26245,0,8
2026-08-30T23:30:26.196494806Z,14.532979,133.843034,Cloud to Ground,36804,0,12
2026-08-30T23:30:26.570765764Z,19.066853,119.581333,Cloud to Cloud,4734,3076,8
2026-08-30T23:30:27.960136170Z,19.693774,119.769593,Cloud to Ground,-37170,0,6
2026-08-30T23:30:27.725521326Z,19.739102,119.74827,Cloud to Ground,-30387,0,16
2026-08-30T23:30:28.081345406Z,19.695674,119.78256,Cloud to Ground,-20686,0,14
2026-08-30T23:30:28.309425864Z,19.697058,119.777122,Cloud to Ground,-6845,0,6
2026-08-30T23:30:28.136983004Z,19.692469,119.773391,Cloud to Ground,-5755,0,6
2026-08-30T23:30:27.816299470Z,19.703906,119.738774,Cloud to Cloud,7949,15832,9
2026-08-30T23:30:31.897677442Z,14.297762,133.646403,Cloud to Ground,-39625,0,28
2026-08-30T23:30:31.914441817Z,14.265947,133.62513,Cloud to Ground,-15822,0,14
2026-08-30T23:30:31.922015020Z,14.266566,133.661531,Cloud to Ground,-10345,0,10
2026-08-30T23:30:31.918252203Z,14.215978,133.546658,Cloud to Cloud,-8510,15217,9
2026-08-30T23:30:31.226297020Z,17.118943,127.710154,Cloud to Ground,36454,0,11
2026-08-30T23:30:32.024739592Z,18.082823,120.654614,Cloud to Ground,8344,0,14
2026-08-30T23:30:33.610819006Z,18.183896,120.528631,Cloud to Cloud,5386,3000,7
2026-08-30T23:30:33.601761652Z,18.19314,120.545757,Cloud to Cloud,7749,6752,10
2026-08-30T23:30:33.596354107Z,18.193961,120.540066,Cloud to Cloud,11673,7144,8
2026-08-30T23:30:35.203402522Z,19.523173,119.344483,Cloud to Cloud,-6403,3748,6
2026-08-30T23:30:36.037984732Z,14.36823,131.795748,Cloud to Ground,-14391,0,12
2026-08-30T23:30:36.205052460Z,19.254962,119.612797,Cloud to Cloud,-5445,3003,6
2026-08-30T23:30:37.399225816Z,16.544184,128.369145,Cloud to Ground,31716,0,13
2026-08-30T23:30:37.926848469Z,16.54661,128.472418,Cloud to Cloud,-17431,19965,8
2026-08-30T23:30:37.651840631Z,19.058002,119.583445,Cloud to Cloud,6727,18213,6
2026-08-30T23:30:37.355761827Z,19.052931,119.573747,Cloud to Cloud,22748,16262,11
2026-08-30T23:30:40.158699876Z,19.041811,119.619992,Cloud to Cloud,-8218,3108,7
2026-08-30T23:30:39.963320532Z,19.059301,119.591124,Cloud to Cloud,-4593,3109,7
2026-08-30T23:30:39.576085327Z,19.0681,119.590489,Cloud to Cloud,16353,18073,11
2026-08-30T23:30:39.947341000Z,16.5665,128.302,Cloud to Ground,20068,0,6
2026-08-30T23:30:40.694999732Z,7.990482,116.978495,Cloud to Cloud,-9003,13389,7
2026-08-30T23:30:42.534279160Z,14.30293,134.944063,Cloud to Ground,-14045,0,12
2026-08-30T23:30:42.304891024Z,14.449037,132.148584,Cloud to Cloud,-15419,4942,13
2026-08-30T23:30:42.306556033Z,14.571626,132.087891,Cloud to Ground,-12106,0,18
2026-08-30T23:30:42.698683723Z,16.248678,129.131829,Cloud to Cloud,12572,5001,8
2026-08-30T23:30:42.697737676Z,16.323514,129.110452,Cloud to Ground,20480,0,12
2026-08-30T23:30:42.861168247Z,16.333956,129.005397,Cloud to Cloud,8241,18202,8
2026-08-30T23:30:43.730512866Z,14.329643,132.338806,Cloud to Cloud,25488,7920,11
2026-08-30T23:30:45.172683306Z,19.863548,114.286857,Cloud to Ground,21086,0,10
2026-08-30T23:30:45.173436763Z,19.889837,114.300641,Cloud to Ground,28113,0,14
2026-08-30T23:30:47.728350036Z,14.417246,133.583563,Cloud to Ground,-12765,0,17
2026-08-30T23:30:47.988085802Z,14.411696,133.610935,Cloud to Ground,-10543,0,6
2026-08-30T23:30:47.747687253Z,14.394527,133.605511,Cloud to Ground,-10318,0,6
2026-08-30T23:30:47.973879199Z,14.406874,133.631168,Cloud to Ground,17303,0,15
2026-08-30T23:30:47.693962670Z,14.417801,133.615083,Cloud to Ground,35910,0,20
2026-08-30T23:30:47.529835330Z,16.523607,128.404668,Cloud to Ground,28480,0,12
2026-08-30T23:30:47.810370159Z,19.643401,119.880826,Cloud to Cloud,6591,16774,8
2026-08-30T23:30:47.800975911Z,19.552969,119.84773,Cloud to Cloud,5429,16520,7
2026-08-30T23:30:56.585015102Z,14.3801,134.111614,Cloud to Ground,19041,0,10
2026-08-30T23:30:56.566266266Z,14.365172,134.118167,Cloud to Ground,73886,0,17
2026-08-30T23:30:56.400639638Z,18.835921,118.258681,Cloud to Ground,-35140,0,16
2026-08-30T23:30:56.235838336Z,18.836312,118.263385,Cloud to Ground,-27807,0,13
2026-08-30T23:30:56.177975824Z,18.840539,118.26081,Cloud to Ground,-20591,0,10
2026-08-30T23:30:56.270080482Z,18.82681,118.26561,Cloud to Cloud,-12633,3044,9
2026-08-30T23:30:56.312471000Z,18.8461,118.206,Cloud to Ground,47675,0,6
2026-08-30T23:30:57.619376222Z,18.108726,114.323022,Cloud to Cloud,-13034,3011,11
2026-08-30T23:30:57.592035008Z,18.1378,114.331652,Cloud to Cloud,10648,3012,11
2026-08-30T23:30:57.585885817Z,18.142844,114.326245,Cloud to Ground,12331,0,10
2026-08-30T23:30:59.279952877Z,14.539194,133.129116,Cloud to Ground,-25543,0,15
2026-08-30T23:31:06.661126306Z,19.776034,120.348762,Cloud to Cloud,-8991,6498,8
2026-08-30T23:31:06.658140659Z,19.794636,120.353192,Cloud to Cloud,-7273,18738,7
2026-08-30T23:31:06.921754006Z,19.832013,120.393571,Cloud to Cloud,-7160,13619,15
2026-08-30T23:31:06.726385283Z,19.775628,120.315194,Cloud to Cloud,4885,18865,6
2026-08-30T23:31:06.704594910Z,19.779902,120.350245,Cloud to Cloud,6618,6875,5
2026-08-30T23:31:06.716704175Z,19.797309,120.319639,Cloud to Cloud,7341,17427,6
2026-08-30T23:31:06.731179041Z,19.769752,120.277496,Cloud to Cloud,7874,5445,7
2026-08-30T23:31:06.624979829Z,19.776701,120.357867,Cloud to Ground,15472,0,11
2026-08-30T23:31:06.423366606Z,18.246071,113.446696,Cloud to Cloud,-12413,3086,8
2026-08-30T23:31:09.864425384Z,18.811538,115.371193,Cloud to Ground,-18685,0,13
2026-08-30T23:31:09.874072897Z,18.8031,115.269095,Cloud to Ground,10744,0,9
2026-08-30T23:31:10.012294508Z,18.821382,115.348502,Cloud to Ground,10864,0,9
2026-08-30T23:31:09.737824634Z,19.09553,119.664916,Cloud to Cloud,7792,8680,7
2026-08-30T23:31:09.424573700Z,19.069215,119.59812,Cloud to Cloud,11995,15235,9
2026-08-30T23:31:12.634517529Z,14.358852,132.141983,Cloud to Cloud,9846,5508,9
2026-08-30T23:31:12.437340455Z,14.488499,132.034541,Cloud to Cloud,-20773,4048,17
2026-08-30T23:31:13.401411071Z,16.678244,128.347406,Cloud to Ground,144645,0,15
2026-08-30T23:31:13.117440606Z,19.347888,119.398605,Cloud to Ground,-28066,0,18
2026-08-30T23:31:12.903416521Z,19.355609,119.372803,Cloud to Cloud,5818,9816,7
2026-08-30T23:31:13.156348685Z,19.357132,119.381955,Cloud to Ground,41005,0,7
2026-08-30T23:31:14.822715850Z,14.387297,134.106163,Cloud to Ground,16381,0,11
2026-08-30T23:31:14.884611720Z,19.573801,119.71125,Cloud to Cloud,-13707,14529,11
2026-08-30T23:31:14.895908803Z,19.566166,119.702084,Cloud to Cloud,5927,8754,7
2026-08-30T23:31:14.885841192Z,19.571989,119.704819,Cloud to Cloud,6315,3007,6
2026-08-30T23:31:14.893901048Z,19.537896,119.716937,Cloud to Cloud,8690,6411,5
2026-08-30T23:31:14.887883000Z,19.5911,119.6917,Cloud to Ground,24281,0,5
2026-08-30T23:31:14.661832000Z,15.9299,129.6711,Cloud to Ground,-489,0,5
2026-08-30T23:31:15.403834272Z,19.784988,119.757685,Cloud to Cloud,17861,19698,7
2026-08-30T23:31:16.375968006Z,14.73698,133.610138,Cloud to Ground,-17273,0,18
2026-08-30T23:31:16.633990432Z,14.45396,133.267142,Cloud to Cloud,-19603,7587,21
2026-08-30T23:31:16.280193352Z,14.790683,133.789075,Cloud to Ground,-86785,0,18
2026-08-30T23:31:16.356858091Z,14.766808,133.779519,Cloud to Ground,-29984,0,17
2026-08-30T23:31:16.427538147Z,14.804978,133.819962,Cloud to Ground,-24971,0,12
2026-08-30T23:31:16.301641677Z,14.787897,133.787739,Cloud to Ground,-22922,0,20
2026-08-30T23:31:16.274194779Z,14.803903,133.791503,Cloud to Ground,-15430,0,13
2026-08-30T23:31:16.477740158Z,14.790491,133.797408,Cloud to Ground,16374,0,9
2026-08-30T23:31:16.476477992Z,14.80384,133.843753,Cloud to Ground,53110,0,20
2026-08-30T23:31:16.334483796Z,14.781393,133.801063,Cloud to Ground,64987,0,18
2026-08-30T23:31:16.070176986Z,16.549807,128.240867,Cloud to Ground,33666,0,14
2026-08-30T23:31:19.917267611Z,18.117249,114.016817,Cloud to Ground,-35734,0,13
2026-08-30T23:31:19.918906104Z,18.108987,114.023475,Cloud to Cloud,-10692,6487,10
2026-08-30T23:31:19.501346547Z,17.622233,112.494605,Cloud to Cloud,-8352,16788,7
2026-08-30T23:31:20.812870010Z,18.942934,118.444012,Cloud to Cloud,-16700,11536,14
2026-08-30T23:31:20.811234998Z,18.939109,118.43139,Cloud to Cloud,6821,5827,10
2026-08-30T23:31:21.444885836Z,18.960134,118.315695,Cloud to Cloud,-6185,5948,5
2026-08-30T23:31:21.457366023Z,18.904647,118.251723,Cloud to Cloud,2929,6031,5
2026-08-30T23:31:21.260365407Z,18.871376,118.254091,Cloud to Cloud,6633,3006,8
2026-08-30T23:31:21.003451942Z,18.945364,118.285571,Cloud to Cloud,7479,4847,6
2026-08-30T23:31:21.408500314Z,18.868305,118.250133,Cloud to Cloud,9493,5376,10
2026-08-30T23:31:21.268929184Z,18.987067,118.22433,Cloud to Cloud,10585,7041,8
2026-08-30T23:31:22.486580413Z,16.588128,128.476119,Cloud to Cloud,-14059,6927,8
2026-08-30T23:31:22.477776414Z,16.519257,128.467738,Cloud to Cloud,-12440,19658,7
2026-08-30T23:31:22.533179493Z,16.565054,128.476276,Cloud to Cloud,-5974,18165,12
2026-08-30T23:31:23.734651605Z,8.041627,117.044219,Cloud to Cloud,12078,6592,7
2026-08-30T23:31:25.519096188Z,16.600383,128.439032,Cloud to Cloud,-7411,14822,8
2026-08-30T23:31:25.750458922Z,16.540266,128.36914,Cloud to Cloud,8976,10214,8
2026-08-30T23:31:26.233282187Z,16.088692,129.364339,Cloud to Ground,10293,0,9
2026-08-30T23:31:26.205795646Z,16.059872,129.36992,Cloud to Cloud,10855,12529,8
2026-08-30T23:31:27.707753453Z,19.604126,119.793223,Cloud to Cloud,-6420,18228,6
2026-08-30T23:31:27.328736267Z,19.654163,119.831944,Cloud to Cloud,12815,14474,7
2026-08-30T23:31:29.300661514Z,19.098649,119.605404,Cloud to Cloud,-8682,19608,6
2026-08-30T23:31:29.239526205Z,19.091019,119.607641,Cloud to Ground,-8122,0,7
2026-08-30T23:31:29.268172173Z,19.071321,119.595426,Cloud to Cloud,6117,16766,5
2026-08-30T23:31:28.970620452Z,19.082018,119.600699,Cloud to Cloud,7102,7611,7
2026-08-30T23:31:29.286921229Z,19.081006,119.601341,Cloud to Cloud,7487,5628,6
2026-08-30T23:31:30.082121697Z,19.374325,119.385291,Cloud to Cloud,4112,3723,6
2026-08-30T23:31:31.889982139Z,19.196978,119.070254,Cloud to Cloud,4564,14633,6
2026-08-30T23:31:31.775905040Z,19.168291,119.106577,Cloud to Cloud,7662,18325,6
2026-08-30T23:31:32.449597727Z,18.383431,114.670003,Cloud to Ground,-32816,0,12
2026-08-30T23:31:32.467086615Z,18.38271,114.6392,Cloud to Ground,-10371,0,9
2026-08-30T23:31:32.116145318Z,16.505345,128.520084,Cloud to Cloud,-18491,17599,8
2026-08-30T23:31:34.216551479Z,4.575326,113.432866,Cloud to Ground,-32197,0,11
2026-08-30T23:31:35.609377189Z,14.096553,133.742103,Cloud to Ground,14276,0,9
2026-08-30T23:31:38.811672956Z,14.327055,132.397665,Cloud to Cloud,-11466,6150,7
2026-08-30T23:31:38.844075632Z,14.531562,132.33886,Cloud to Cloud,7878,9904,7
2026-08-30T23:31:38.393204706Z,14.434943,132.286253,Cloud to Ground,-16911,0,16
2026-08-30T23:31:38.389794207Z,14.411969,132.309851,Cloud to Cloud,-8664,6936,7
2026-08-30T23:31:38.644339588Z,14.53048,132.171123,Cloud to Ground,-27318,0,12
2026-08-30T23:31:38.535276045Z,14.500991,132.09382,Cloud to Cloud,-12508,3002,14
2026-08-30T23:31:38.682803132Z,14.284093,132.108396,Cloud to Ground,-13195,0,14
2026-08-30T23:31:38.681192072Z,14.212298,132.122882,Cloud to Ground,24613,0,9
2026-08-30T23:31:38.364227700Z,15.486909,130.884408,Cloud to Ground,17163,0,11
2026-08-30T23:31:38.367648507Z,15.505527,130.696193,Cloud to Cloud,-10996,9570,8
2026-08-30T23:31:40.122459118Z,7.937595,117.126111,Cloud to Cloud,6998,5976,7
2026-08-30T23:31:40.089891016Z,17.527045,134.58927,Cloud to Ground,14278,0,16
2026-08-30T23:31:40.090354565Z,17.521617,134.587118,Cloud to Ground,19936,0,14
2026-08-30T23:31:40.516644018Z,17.232034,112.077634,Cloud to Cloud,-11917,19957,8
2026-08-30T23:31:40.502581264Z,17.247818,112.089039,Cloud to Ground,-9104,0,8
2026-08-30T23:31:40.466103580Z,17.229116,112.022207,Cloud to Ground,8453,0,10
2026-08-30T23:31:40.178921469Z,17.280963,112.014744,Cloud to Ground,16821,0,9
2026-08-30T23:31:40.214886442Z,17.271158,112.009494,Cloud to Ground,21819,0,11
2026-08-30T23:31:40.177743556Z,17.276626,112.026318,Cloud to Ground,25043,0,11
2026-08-30T23:31:41.108956462Z,14.225588,134.692307,Cloud to Ground,-87680,0,24
2026-08-30T23:31:41.108026664Z,14.21404,134.674868,Cloud to Ground,-17623,0,17
2026-08-30T23:31:41.116477946Z,14.224202,134.69539,Cloud to Ground,-13647,0,11
2026-08-30T23:31:41.106205863Z,14.154085,134.742826,Cloud to Ground,-11911,0,7
2026-08-30T23:31:41.813628783Z,14.449274,133.583746,Cloud to Ground,-15645,0,18
2026-08-30T23:31:42.930057872Z,14.40588,130.549819,Cloud to Cloud,19564,6438,10
2026-08-30T23:31:42.933372805Z,14.528639,130.495302,Cloud to Cloud,-5043,3144,9
2026-08-30T23:31:42.098557330Z,19.344717,119.37386,Cloud to Cloud,-7981,5944,8
2026-08-30T23:31:41.793220464Z,19.368111,119.385021,Cloud to Cloud,6704,6077,5
2026-08-30T23:31:41.767583770Z,19.374351,119.384378,Cloud to Cloud,7287,15725,7
2026-08-30T23:31:41.891283948Z,19.364365,119.380038,Cloud to Cloud,7299,6844,7
2026-08-30T23:31:41.820745478Z,19.368438,119.38419,Cloud to Cloud,7754,16351,5
2026-08-30T23:31:41.839608465Z,19.380091,119.389438,Cloud to Cloud,7834,3187,6
2026-08-30T23:31:43.493696705Z,14.560682,132.702194,Cloud to Ground,-23040,0,11
2026-08-30T23:31:43.318404552Z,14.552959,132.675421,Cloud to Ground,-11033,0,10
2026-08-30T23:31:43.313691255Z,14.55789,132.692618,Cloud to Ground,45831,0,15
2026-08-30T23:31:43.902914137Z,14.32405,133.252341,Cloud to Ground,-13760,0,7
2026-08-30T23:31:44.086155502Z,17.064865,127.338566,Cloud to Cloud,-12099,4459,10
2026-08-30T23:31:44.082616138Z,17.04743,127.373575,Cloud to Ground,17612,0,12
2026-08-30T23:31:44.082090441Z,17.067637,127.197483,Cloud to Ground,30020,0,10
2026-08-30T23:31:45.063349938Z,14.370253,134.114041,Cloud to Ground,17832,0,13
2026-08-30T23:31:45.316698848Z,16.591787,128.473323,Cloud to Ground,-21888,0,13
2026-08-30T23:31:45.453291048Z,16.607475,128.36526,Cloud to Ground,-16460,0,12
2026-08-30T23:31:45.454685228Z,16.569698,128.436502,Cloud to Cloud,-5757,3004,8
2026-08-30T23:31:47.991678934Z,19.068186,119.593872,Cloud to Cloud,35289,17416,13
2026-08-30T23:31:47.694308812Z,19.731599,119.749842,Cloud to Ground,-58887,0,18
2026-08-30T23:31:47.841012276Z,19.734654,119.753037,Cloud to Ground,-34898,0,15
2026-08-30T23:31:47.733777100Z,19.734588,119.757199,Cloud to Ground,-31311,0,16
2026-08-30T23:31:47.592421495Z,19.733493,119.755586,Cloud to Ground,-30725,0,17
2026-08-30T23:31:48.071572279Z,19.733552,119.753541,Cloud to Ground,-25624,0,13
2026-08-30T23:31:48.188970320Z,19.729296,119.739194,Cloud to Ground,-22186,0,11
2026-08-30T23:31:47.647849558Z,19.728163,119.760109,Cloud to Ground,-20032,0,16
2026-08-30T23:31:47.779014000Z,19.7021,119.7255,Cloud to Ground,-15747,0,5
2026-08-30T23:31:48.270040285Z,19.732264,119.747461,Cloud to Ground,-8327,0,7
2026-08-30T23:31:48.120628278Z,19.735274,119.752722,Cloud to Ground,-7426,0,7
2026-08-30T23:31:48.191527304Z,19.593039,119.759119,Cloud to Cloud,-6115,18521,7
2026-08-30T23:31:50.211147612Z,16.181043,129.063102,Cloud to Ground,-35404,0,20
2026-08-30T23:31:50.307243142Z,16.106047,129.114574,Cloud to Ground,-27354,0,13
2026-08-30T23:31:50.246366356Z,16.109847,129.121214,Cloud to Ground,-18990,0,14
2026-08-30T23:31:49.727726763Z,16.081677,129.138538,Cloud to Cloud,-5093,6610,7
2026-08-30T23:31:49.721741479Z,15.994836,129.178715,Cloud to Cloud,9209,7319,11
2026-08-30T23:31:49.722381668Z,16.064787,129.145542,Cloud to Ground,18198,0,14
2026-08-30T23:31:49.721224376Z,16.074977,129.147156,Cloud to Cloud,68865,19153,14
2026-08-30T23:31:51.138770026Z,19.088204,119.59466,Cloud to Cloud,-7581,19325,5
2026-08-30T23:31:51.185560042Z,19.093063,119.612699,Cloud to Cloud,7601,5240,8
2026-08-30T23:31:54.707426779Z,15.942941,129.646306,Cloud to Cloud,10647,3050,7
2026-08-30T23:31:54.704866372Z,15.92902,129.692782,Cloud to Cloud,11716,9634,7
2026-08-30T23:31:54.705904879Z,15.854885,129.709593,Cloud to Cloud,13061,3001,10
2026-08-30T23:31:54.431954802Z,17.12688,127.670993,Cloud to Cloud,-11841,10896,10
2026-08-30T23:31:54.435079219Z,17.008531,127.776819,Cloud to Cloud,11394,6470,13
2026-08-30T23:31:55.048768613Z,16.186598,129.540099,Cloud to Ground,-22876,0,19
2026-08-30T23:31:55.701464428Z,16.962934,111.679493,Cloud to Ground,-19474,0,9
2026-08-30T23:31:55.612705620Z,16.970227,111.795973,Cloud to Ground,-27194,0,13
2026-08-30T23:31:56.300347102Z,15.704175,130.089245,Cloud to Cloud,10408,3058,9
2026-08-30T23:31:56.301387861Z,15.663083,130.08674,Cloud to Cloud,13926,3182,8
2026-08-30T23:31:56.306182771Z,15.708816,130.080748,Cloud to Cloud,16891,8254,9
2026-08-30T23:31:56.303157520Z,15.789355,130.016477,Cloud to Cloud,-6269,5616,9
2026-08-30T23:31:56.575236378Z,16.219963,129.19515,Cloud to Cloud,-14945,4598,10
2026-08-30T23:31:56.221222310Z,16.251319,129.152267,Cloud to Ground,10666,0,9
2026-08-30T23:31:56.220162543Z,16.255143,129.154814,Cloud to Ground,17774,0,11
2026-08-30T23:31:56.508563572Z,16.339096,128.978314,Cloud to Cloud,-10597,6831,10
2026-08-30T23:31:59.905279861Z,18.801579,113.847315,Cloud to Ground,-11209,0,7
2026-08-30T23:32:00.352444235Z,19.59435,119.843409,Cloud to Cloud,3919,8869,6
2026-08-30T23:32:00.350007597Z,19.596337,119.847261,Cloud to Cloud,5027,6089,6
2026-08-30T23:32:00.623415544Z,19.588177,119.852418,Cloud to Cloud,5193,19863,7
2026-08-30T23:32:01.053437475Z,16.020995,129.238329,Cloud to Cloud,-12578,18945,14
2026-08-30T23:32:01.842692204Z,19.366903,119.4111,Cloud to Ground,32217,0,13
2026-08-30T23:32:03.367037476Z,15.558642,130.55442,Cloud to Cloud,9299,7487,9
2026-08-30T23:32:03.367954870Z,15.429899,130.602084,Cloud to Ground,-96963,0,11
2026-08-30T23:32:03.365902978Z,15.467215,130.577353,Cloud to Ground,19078,0,10
2026-08-30T23:32:03.399970625Z,15.460497,130.580113,Cloud to Ground,22716,0,8
2026-08-30T23:32:03.285021921Z,14.398682,134.107324,Cloud to Ground,30582,0,13
2026-08-30T23:32:03.392030102Z,14.38425,134.122011,Cloud to Ground,36336,0,14
2026-08-30T23:32:03.311969025Z,19.029919,118.473539,Cloud to Cloud,17595,19837,7
2026-08-30T23:32:07.543243059Z,18.4308,114.906731,Cloud to Cloud,-46320,3024,14
2026-08-30T23:32:07.560328221Z,18.454977,114.908479,Cloud to Ground,-14196,0,13
2026-08-30T23:32:07.137860021Z,15.759469,129.846052,Cloud to Cloud,22022,3424,10
2026-08-30T23:32:07.216774732Z,15.898982,129.800243,Cloud to Ground,-22446,0,9
2026-08-30T23:32:07.164560384Z,15.937836,129.757459,Cloud to Cloud,-10952,3009,13
2026-08-30T23:32:07.196788760Z,15.904646,129.788054,Cloud to Cloud,10978,14061,8
2026-08-30T23:32:11.320408650Z,18.83942,118.278752,Cloud to Ground,-42185,0,17
2026-08-30T23:32:11.413639606Z,18.806098,118.288768,Cloud to Ground,-34663,0,12
2026-08-30T23:32:11.442773716Z,18.819865,118.28965,Cloud to Ground,-23358,0,14
2026-08-30T23:32:11.365277548Z,19.051886,118.296563,Cloud to Cloud,-12044,6800,7
2026-08-30T23:32:11.678219224Z,18.959443,118.268364,Cloud to Cloud,7406,4882,6
2026-08-30T23:32:11.694382689Z,18.954196,118.257965,Cloud to Cloud,7952,3039,6
2026-08-30T23:32:11.440939922Z,19.013726,118.304552,Cloud to Cloud,9392,5009,6
2026-08-30T23:32:11.816326412Z,19.055414,118.357048,Cloud to Cloud,14198,11849,9
2026-08-30T23:32:13.198535380Z,14.425817,133.609783,Cloud to Cloud,10793,17898,8
2026-08-30T23:32:14.512255399Z,19.255459,119.608103,Cloud to Ground,-19626,0,17
2026-08-30T23:32:14.781274360Z,19.224167,119.677366,Cloud to Cloud,-5609,19667,6
2026-08-30T23:32:14.514422640Z,19.269381,119.662909,Cloud to Cloud,5284,13550,6
2026-08-30T23:32:14.715729582Z,19.272825,119.657025,Cloud to Cloud,7803,6843,6
2026-08-30T23:32:14.080752444Z,17.38019,127.069653,Cloud to Ground,-19615,0,11
2026-08-30T23:32:14.089117797Z,17.374744,127.0642,Cloud to Cloud,-12857,19526,12
2026-08-30T23:32:15.930266172Z,18.30999,120.57874,Cloud to Ground,-52243,0,15
2026-08-30T23:32:15.909994333Z,18.304852,120.588855,Cloud to Cloud,14273,14154,16
2026-08-30T23:32:15.221093896Z,19.398919,119.477208,Cloud to Cloud,6694,3737,7
2026-08-30T23:32:16.447717789Z,14.522664,132.151397,Cloud to Ground,-18843,0,8
2026-08-30T23:32:16.288093218Z,14.479953,132.134217,Cloud to Cloud,-16885,3157,9
2026-08-30T23:32:16.581137401Z,14.477973,132.142687,Cloud to Cloud,-11463,19024,7
2026-08-30T23:32:16.297460159Z,15.477409,130.868651,Cloud to Cloud,-10880,8211,12
2026-08-30T23:32:16.257065301Z,15.520652,130.84408,Cloud to Ground,-10109,0,12
2026-08-30T23:32:16.279156716Z,15.473183,130.729722,Cloud to Cloud,-10158,15700,19
2026-08-30T23:32:16.189355675Z,16.448106,128.555447,Cloud to Ground,19103,0,10
2026-08-30T23:32:21.758093057Z,14.373811,134.100631,Cloud to Ground,-31417,0,12
2026-08-30T23:32:21.656468842Z,18.22327,113.578482,Cloud to Ground,39914,0,11
2026-08-30T23:32:22.833588487Z,16.524169,128.241829,Cloud to Ground,14035,0,10
2026-08-30T23:32:23.447672359Z,14.840322,131.240962,Cloud to Ground,20144,0,17
2026-08-30T23:32:23.873989692Z,14.887722,131.357365,Cloud to Cloud,-13879,5417,7
2026-08-30T23:32:24.025359000Z,19.8003,120.2612,Cloud to Ground,-137019,0,9
2026-08-30T23:32:24.077770776Z,19.816094,120.336611,Cloud to Ground,-54059,0,17
2026-08-30T23:32:24.114889763Z,19.817169,120.342224,Cloud to Ground,-37416,0,13
2026-08-30T23:32:24.080844847Z,19.800488,120.286896,Cloud to Cloud,-29852,5655,8
2026-08-30T23:32:24.040513205Z,19.802195,120.331055,Cloud to Ground,-24452,0,15
2026-08-30T23:32:24.058372171Z,19.79423,120.322724,Cloud to Cloud,-17915,13756,10
2026-08-30T23:32:24.066141469Z,19.86228,120.371192,Cloud to Cloud,-15391,5764,9
2026-08-30T23:32:24.475381128Z,19.80902,120.327028,Cloud to Ground,-13055,0,6
2026-08-30T23:32:24.017747230Z,19.795968,120.324632,Cloud to Cloud,-10056,6973,6
2026-08-30T23:32:24.289438173Z,19.813153,120.331706,Cloud to Ground,-8677,0,6
2026-08-30T23:32:24.124612000Z,19.7817,120.177,Cloud to Ground,-5945,0,5
2026-08-30T23:32:27.430242369Z,14.466835,132.791095,Cloud to Ground,13556,0,11
2026-08-30T23:32:27.395016908Z,14.450362,132.806056,Cloud to Ground,40294,0,16
2026-08-30T23:32:27.891290340Z,16.592046,128.419169,Cloud to Cloud,-10087,18307,12
2026-08-30T23:32:27.846927205Z,19.17592,116.104965,Cloud to Cloud,-11725,3167,6
2026-08-30T23:32:28.083147633Z,19.174965,116.113724,Cloud to Cloud,7799,5953,6
2026-08-30T23:32:28.992117323Z,14.333196,131.238854,Cloud to Cloud,-15437,7091,21
2026-08-30T23:32:28.451465011Z,15.994501,129.575896,Cloud to Ground,-11888,0,8
2026-08-30T23:32:28.994010192Z,19.689289,119.756217,Cloud to Cloud,-5906,13674,7
2026-08-30T23:32:29.243162172Z,19.717792,119.842702,Cloud to Cloud,-4964,18704,7
2026-08-30T23:32:28.874888086Z,19.619271,119.832879,Cloud to Cloud,5122,17144,5
2026-08-30T23:32:28.890951731Z,19.63502,119.813322,Cloud to Cloud,7286,19130,5
2026-08-30T23:32:28.871186825Z,19.593439,119.863041,Cloud to Cloud,8052,12594,7
2026-08-30T23:32:32.507600806Z,18.775087,116.181807,Cloud to Ground,-49499,0,13
2026-08-30T23:32:32.513033809Z,18.770606,116.192843,Cloud to Cloud,-27855,6345,12
2026-08-30T23:32:32.508906384Z,18.787299,116.186425,Cloud to Cloud,-26773,5928,12
2026-08-30T23:32:33.332858065Z,18.132795,114.333618,Cloud to Ground,-68636,0,12
2026-08-30T23:32:33.322483417Z,18.15176,114.239813,Cloud to Cloud,-40016,3025,10
2026-08-30T23:32:33.392281921Z,18.144512,114.332285,Cloud to Cloud,-27617,3086,13
2026-08-30T23:32:33.421205296Z,18.156058,114.327114,Cloud to Ground,-7530,0,8
2026-08-30T23:32:34.185952271Z,14.817481,133.822778,Cloud to Ground,-18993,0,16
2026-08-30T23:32:34.114362706Z,14.812584,133.832763,Cloud to Ground,-16663,0,15
2026-08-30T23:32:34.190533940Z,14.830374,133.808471,Cloud to Ground,15157,0,9
2026-08-30T23:32:34.168636784Z,14.823338,133.842208,Cloud to Ground,27777,0,13
2026-08-30T23:32:34.171012218Z,14.799795,133.841253,Cloud to Ground,81985,0,9
2026-08-30T23:32:34.122771801Z,14.801015,133.827896,Cloud to Ground,199838,0,15
2026-08-30T23:32:34.648203712Z,19.156945,119.688769,Cloud to Cloud,-6750,10484,8
2026-08-30T23:32:37.732938409Z,7.918456,117.177101,Cloud to Cloud,4146,6140,7
2026-08-30T23:32:37.121586402Z,14.609965,132.387584,Cloud to Cloud,-12581,3116,9
2026-08-30T23:32:37.948975181Z,15.317479,120.129699,Cloud to Cloud,-9128,19877,11
2026-08-30T23:32:37.985110512Z,15.310025,120.118568,Cloud to Cloud,-4493,14149,6
2026-08-30T23:32:37.839044672Z,19.191831,119.110163,Cloud to Cloud,-7018,18571,6
2026-08-30T23:32:37.674430011Z,19.190951,119.085159,Cloud to Cloud,-4811,19422,7
2026-08-30T23:32:37.599979707Z,19.169439,119.052118,Cloud to Cloud,6119,10994,7
2026-08-30T23:32:37.553299793Z,16.957566,111.714823,Cloud to Cloud,7006,12504,9
2026-08-30T23:32:39.585979667Z,18.109503,113.937899,Cloud to Ground,27807,0,11
2026-08-30T23:32:39.830353930Z,19.376918,119.38972,Cloud to Cloud,7082,3009,5
2026-08-30T23:32:39.910528669Z,19.382194,119.401411,Cloud to Cloud,7899,3755,5
2026-08-30T23:32:39.922948593Z,19.381838,119.401682,Cloud to Cloud,12772,6059,10
2026-08-30T23:32:39.893469764Z,19.452835,119.404532,Cloud to Cloud,12908,4138,7
2026-08-30T23:32:40.534526682Z,17.648415,112.378141,Cloud to Cloud,13542,11233,9
2026-08-30T23:32:40.188219324Z,17.624869,112.393927,Cloud to Ground,30760,0,10
2026-08-30T23:32:41.182238769Z,16.573497,128.514045,Cloud to Cloud,11026,13105,9
2026-08-30T23:32:42.058804496Z,17.42957,110.51209,Cloud to Cloud,-7035,16389,5
2026-08-30T23:32:42.042737389Z,17.484531,110.582521,Cloud to Ground,11907,0,10
2026-08-30T23:32:43.937223894Z,15.478791,130.892448,Cloud to Ground,29966,0,16
2026-08-30T23:32:43.475767961Z,19.595386,119.532043,Cloud to Cloud,5849,13492,7
2026-08-30T23:32:43.348270045Z,19.566124,119.549846,Cloud to Cloud,6032,5158,5
2026-08-30T23:32:43.465894342Z,19.571557,119.547271,Cloud to Cloud,7091,3001,8
2026-08-30T23:32:43.374489369Z,19.543661,119.612998,Cloud to Cloud,8386,3860,6
2026-08-30T23:32:44.772253303Z,17.931671,113.385425,Cloud to Ground,-26613,0,13
2026-08-30T23:32:44.774997249Z,17.926833,113.287901,Cloud to Ground,16347,0,12
2026-08-30T23:32:44.770287217Z,17.93334,113.288181,Cloud to Ground,20812,0,9
2026-08-30T23:32:44.773481973Z,17.912904,113.275195,Cloud to Ground,40069,0,16
2026-08-30T23:32:44.825039380Z,18.802825,118.209215,Cloud to Cloud,6051,6606,6
2026-08-30T23:32:44.821401190Z,18.813062,118.213194,Cloud to Cloud,11190,17550,8
2026-08-30T23:32:47.437989864Z,14.375438,133.924431,Cloud to Ground,-8683,0,7
2026-08-30T23:32:49.828069000Z,19.5063,119.4102,Cloud to Ground,-43111,0,5
2026-08-30T23:32:49.852758358Z,19.502601,119.418133,Cloud to Cloud,5485,13647,6
2026-08-30T23:32:49.836108405Z,19.497469,119.414136,Cloud to Cloud,14030,16339,10
2026-08-30T23:32:49.826671861Z,19.508183,119.4237,Cloud to Cloud,21556,9182,10
2026-08-30T23:32:49.327824321Z,16.272608,128.817955,Cloud to Ground,-63463,0,14
2026-08-30T23:32:49.329023228Z,16.200527,128.857658,Cloud to Cloud,25005,4543,11
2026-08-30T23:32:53.955886664Z,15.902356,129.558335,Cloud to Ground,15953,0,8
2026-08-30T23:32:54.996773175Z,19.354047,119.41206,Cloud to Cloud,-5919,19666,6
2026-08-30T23:32:54.785787476Z,19.368836,119.386411,Cloud to Cloud,3865,3096,6
2026-08-30T23:32:54.837087424Z,19.375234,119.388864,Cloud to Cloud,8757,3019,8
2026-08-30T23:32:54.949376963Z,19.305846,119.365958,Cloud to Cloud,10530,4460,7
2026-08-30T23:32:55.826491282Z,16.506019,128.489288,Cloud to Cloud,-7138,7890,8
2026-08-30T23:32:56.730555727Z,14.164995,131.417517,Cloud to Cloud,12307,6015,12
2026-08-30T23:32:58.322285517Z,14.3337,131.570851,Cloud to Ground,13350,0,20
2026-08-30T23:32:59.244808599Z,18.904798,115.308538,Cloud to Cloud,16245,16847,8
2026-08-30T23:32:59.266565683Z,18.79929,115.373143,Cloud to Cloud,10823,5779,8
2026-08-30T23:33:00.870308751Z,15.493493,130.820627,Cloud to Cloud,-11380,7043,10
2026-08-30T23:33:01.990143204Z,14.518054,132.331071,Cloud to Cloud,-12323,3020,7
2026-08-30T23:33:01.723961050Z,19.693472,119.736987,Cloud to Ground,-10327,0,7
2026-08-30T23:33:01.366312976Z,18.832362,118.286167,Cloud to Ground,-21011,0,11
2026-08-30T23:33:02.606446275Z,14.446815,132.10914,Cloud to Ground,17599,0,20
2026-08-30T23:33:02.734315304Z,14.396926,131.987541,Cloud to Cloud,-11371,5451,10
2026-08-30T23:33:03.946231740Z,15.77288,130.05828,Cloud to Cloud,-11549,10923,17
2026-08-30T23:33:03.944756712Z,15.752809,130.081166,Cloud to Ground,13499,0,10
2026-08-30T23:33:04.672925854Z,14.550256,131.881625,Cloud to Ground,-15281,0,20
2026-08-30T23:33:04.667501875Z,14.54825,132.004193,Cloud to Ground,-20435,0,16
2026-08-30T23:33:04.667007373Z,14.548091,132.032532,Cloud to Cloud,12719,5140,7
2026-08-30T23:33:04.668252442Z,14.500472,132.034089,Cloud to Ground,34635,0,10
2026-08-30T23:33:04.330205354Z,19.278489,119.676762,Cloud to Cloud,4895,15648,6
2026-08-30T23:33:04.327770633Z,19.280491,119.679349,Cloud to Cloud,8914,5285,5
2026-08-30T23:33:04.323902843Z,19.280686,119.669804,Cloud to Cloud,12720,4221,8
2026-08-30T23:33:04.494989313Z,19.609982,119.686669,Cloud to Cloud,-13745,7738,15
2026-08-30T23:33:04.502305415Z,19.539902,119.71415,Cloud to Cloud,-5729,5980,7
2026-08-30T23:33:04.181651467Z,19.585945,119.731688,Cloud to Cloud,6293,3004,5
2026-08-30T23:33:04.191074815Z,19.586422,119.728055,Cloud to Cloud,7382,8777,6
2026-08-30T23:33:04.186063670Z,19.591746,119.730116,Cloud to Cloud,9445,5515,6
2026-08-30T23:33:05.247695409Z,19.357179,119.418514,Cloud to Cloud,10666,6567,13
2026-08-30T23:33:06.317590297Z,16.124801,129.481536,Cloud to Ground,-60443,0,14
2026-08-30T23:33:06.794717913Z,16.107507,129.468472,Cloud to Ground,-12616,0,8
2026-08-30T23:33:06.804029931Z,16.172409,129.362496,Cloud to Ground,-29188,0,20
2026-08-30T23:33:06.529527589Z,16.151716,129.311043,Cloud to Ground,-19458,0,16
2026-08-30T23:33:07.798532006Z,19.37224,119.393818,Cloud to Cloud,5308,6960,6
2026-08-30T23:33:07.638894801Z,19.373595,119.390816,Cloud to Cloud,5708,10712,5
2026-08-30T23:33:07.740975045Z,19.376518,119.402081,Cloud to Cloud,8992,5533,7
2026-08-30T23:33:07.752138255Z,19.372535,119.398805,Cloud to Cloud,10154,3983,6
2026-08-30T23:33:11.911363349Z,15.526543,130.761023,Cloud to Cloud,-9898,13788,8
2026-08-30T23:33:11.906596392Z,15.518815,130.790495,Cloud to Ground,27298,0,16
2026-08-30T23:33:11.667970371Z,19.569364,119.508105,Cloud to Cloud,12084,19033,10
2026-08-30T23:33:11.672768188Z,19.101373,119.625929,Cloud to Cloud,6614,3477,6
2026-08-30T23:33:12.948351478Z,14.53019,133.478257,Cloud to Cloud,-14157,3012,7
2026-08-30T23:33:13.719582632Z,14.367948,133.028687,Cloud to Ground,13847,0,11
2026-08-30T23:33:12.693218137Z,14.478203,133.560685,Cloud to Cloud,-39032,5179,19
2026-08-30T23:33:13.078139877Z,14.461805,133.640177,Cloud to Ground,-11752,0,11
2026-08-30T23:33:13.389042742Z,14.543505,133.035099,Cloud to Ground,-27852,0,14
2026-08-30T23:33:13.274133796Z,14.506091,133.038549,Cloud to Ground,-18800,0,8
2026-08-30T23:33:13.278696048Z,14.567878,132.983989,Cloud to Ground,-8352,0,9
2026-08-30T23:33:13.318785674Z,14.550628,132.961634,Cloud to Ground,10973,0,7
2026-08-30T23:33:13.353843495Z,16.590454,128.43188,Cloud to Cloud,5320,19430,8
2026-08-30T23:33:14.282204986Z,18.969955,118.284225,Cloud to Cloud,6857,7524,7
2026-08-30T23:33:14.025532584Z,19.050616,118.303834,Cloud to Cloud,11755,3012,8
2026-08-30T23:33:16.582348007Z,14.462139,133.250634,Cloud to Ground,-19555,0,12
2026-08-30T23:33:16.585419819Z,14.50625,133.24953,Cloud to Ground,-16425,0,12
2026-08-30T23:33:16.979340499Z,14.45224,133.262171,Cloud to Ground,-12340,0,8
2026-08-30T23:33:16.580778235Z,14.420899,133.28308,Cloud to Ground,25866,0,9
2026-08-30T23:33:16.889626095Z,17.013483,127.290893,Cloud to Cloud,10016,3647,10
2026-08-30T23:33:16.773158206Z,17.126175,127.19045,Cloud to Cloud,-10354,16964,8
2026-08-30T23:33:17.723320906Z,4.686411,113.527524,Cloud to Ground,-9557,0,10
2026-08-30T23:33:17.600601974Z,16.062296,129.107139,Cloud to Ground,9559,0,8
2026-08-30T23:33:17.604450467Z,15.940076,129.277371,Cloud to Cloud,27811,4249,11
2026-08-30T23:33:17.631489876Z,16.023963,129.241471,Cloud to Cloud,-11108,4309,8
2026-08-30T23:33:17.845469408Z,16.045716,129.245344,Cloud to Cloud,-9272,16672,14
2026-08-30T23:33:18.885921618Z,19.379436,119.417831,Cloud to Cloud,6632,16841,7
2026-08-30T23:33:18.831189614Z,19.378433,119.3794,Cloud to Cloud,6814,3034,5
2026-08-30T23:33:19.235294725Z,18.791452,118.1758,Cloud to Cloud,-8050,18653,6
2026-08-30T23:33:19.233918909Z,18.819007,118.210317,Cloud to Ground,21937,0,7
2026-08-30T23:33:20.146698805Z,17.295899,112.156576,Cloud to Ground,-54020,0,13
2026-08-30T23:33:20.165859386Z,17.277025,112.059474,Cloud to Ground,-35499,0,12
2026-08-30T23:33:20.187151926Z,17.275738,112.14696,Cloud to Ground,-33321,0,13
2026-08-30T23:33:20.213402037Z,17.287494,112.151959,Cloud to Ground,-22419,0,8
2026-08-30T23:33:20.229312327Z,17.277689,112.146875,Cloud to Ground,-18998,0,9
2026-08-30T23:33:21.063144579Z,19.36553,119.434088,Cloud to Cloud,9800,3268,6
2026-08-30T23:33:22.525315894Z,19.57521,119.834036,Cloud to Cloud,6303,3013,7
2026-08-30T23:33:23.024134774Z,14.491233,133.805504,Cloud to Ground,11547,0,8
2026-08-30T23:33:23.014661197Z,14.646567,133.722467,Cloud to Ground,-23712,0,17
2026-08-30T23:33:23.021685703Z,14.636181,133.742256,Cloud to Ground,-12060,0,12
2026-08-30T23:33:23.017371634Z,14.620581,133.669886,Cloud to Ground,-10762,0,14
2026-08-30T23:33:23.013931999Z,14.577645,133.612449,Cloud to Ground,-10340,0,17
2026-08-30T23:33:24.873775763Z,14.316488,134.99046,Cloud to Ground,-14352,0,9
2026-08-30T23:33:24.662835428Z,15.920155,129.61069,Cloud to Ground,18120,0,11
2026-08-30T23:33:24.579064232Z,19.530028,119.560591,Cloud to Cloud,-7756,3008,5
2026-08-30T23:33:24.170583876Z,19.603673,119.586008,Cloud to Cloud,15944,13212,9
2026-08-30T23:33:25.865590220Z,4.52186,113.582046,Cloud to Ground,20990,0,14
2026-08-30T23:33:25.452809775Z,15.331388,120.1403,Cloud to Cloud,-10724,17480,9
2026-08-30T23:33:26.673202183Z,18.442635,114.933413,Cloud to Cloud,-10317,3005,10
2026-08-30T23:33:26.660032258Z,18.54478,114.872618,Cloud to Cloud,11073,4503,8
2026-08-30T23:33:26.661163715Z,18.462351,114.842242,Cloud to Ground,29245,0,10
2026-08-30T23:33:26.661688000Z,18.498,114.8459,Cloud to Ground,40998,0,5
2026-08-30T23:33:26.772143103Z,18.438586,114.978245,Cloud to Ground,72405,0,15
2026-08-30T23:33:27.268862834Z,19.236348,119.156007,Cloud to Cloud,-4254,15050,7
2026-08-30T23:33:27.268112343Z,19.235391,119.171967,Cloud to Cloud,5524,3001,6
2026-08-30T23:33:27.168575657Z,19.264719,119.272871,Cloud to Cloud,-6381,14190,7
2026-08-30T23:33:27.682214559Z,19.409975,119.278995,Cloud to Cloud,-9938,14851,6
2026-08-30T23:33:28.754523652Z,15.399121,130.92911,Cloud to Cloud,24815,3776,12
2026-08-30T23:33:28.973032196Z,19.352042,119.406024,Cloud to Cloud,12552,6341,12
2026-08-30T23:33:30.180262000Z,18.3703,120.6085,Cloud to Ground,-20300,0,6
2026-08-30T23:33:33.866294207Z,16.584133,128.339541,Cloud to Cloud,16854,3361,10
2026-08-30T23:33:33.499646814Z,16.604979,128.559827,Cloud to Ground,-14197,0,10
2026-08-30T23:33:33.576222112Z,16.53123,128.506972,Cloud to Cloud,-10859,6887,7
2026-08-30T23:33:33.126321489Z,19.369818,119.427385,Cloud to Ground,26173,0,14
2026-08-30T23:33:36.583323540Z,14.554476,132.171087,Cloud to Cloud,-7659,5735,12
2026-08-30T23:33:36.395128221Z,14.574445,132.246219,Cloud to Ground,45343,0,19
2026-08-30T23:33:35.930145959Z,17.573571,112.504545,Cloud to Cloud,-48875,14409,13
2026-08-30T23:33:36.040479325Z,17.571742,112.382976,Cloud to Ground,-38822,0,16
2026-08-30T23:33:36.070409379Z,17.559786,112.380836,Cloud to Ground,-14237,0,7
2026-08-30T23:33:35.962480529Z,17.5696,112.377969,Cloud to Cloud,-6285,7050,7
2026-08-30T23:33:35.997811847Z,17.573455,112.453608,Cloud to Ground,18294,0,12
2026-08-30T23:33:37.349549626Z,15.983536,129.641966,Cloud to Ground,18034,0,9
2026-08-30T23:33:37.006171168Z,19.37377,119.391244,Cloud to Ground,-21204,0,16
2026-08-30T23:33:37.457979322Z,19.369203,119.364885,Cloud to Cloud,-6924,7675,6
2026-08-30T23:33:36.993545105Z,19.35507,119.341922,Cloud to Cloud,6039,6423,7
2026-08-30T23:33:37.493852914Z,19.36523,119.357984,Cloud to Cloud,6544,18951,5
2026-08-30T23:33:37.021616122Z,19.377526,119.390205,Cloud to Cloud,11362,5887,9
2026-08-30T23:33:36.941861746Z,19.372869,119.381327,Cloud to Cloud,11483,19417,7
2026-08-30T23:33:36.772057879Z,19.365228,119.387678,Cloud to Cloud,16347,12242,11
2026-08-30T23:33:38.175633553Z,19.798343,120.34567,Cloud to Ground,-44517,0,19
2026-08-30T23:33:38.785622856Z,19.863533,120.426788,Cloud to Ground,-19878,0,12
2026-08-30T23:33:38.322411961Z,19.827426,120.389549,Cloud to Ground,-7138,0,6
2026-08-30T23:33:38.772102982Z,19.884901,120.38206,Cloud to Cloud,-5674,18599,6
2026-08-30T23:33:38.783032225Z,19.861815,120.38881,Cloud to Cloud,6467,3005,6
2026-08-30T23:33:38.585691356Z,19.815707,120.313808,Cloud to Cloud,6958,3022,6
2026-08-30T23:33:38.765818718Z,19.876882,120.388011,Cloud to Cloud,7273,18103,6
2026-08-30T23:33:38.177107000Z,19.82,120.2475,Cloud to Ground,13992,0,5
2026-08-30T23:33:38.763030333Z,19.947041,120.396401,Cloud to Cloud,14274,3020,7
2026-08-30T23:33:38.174511952Z,19.880992,120.354488,Cloud to Ground,19697,0,9
2026-08-30T23:33:41.951886485Z,14.874819,131.326965,Cloud to Ground,26320,0,14
2026-08-30T23:33:41.234282773Z,16.953754,111.709335,Cloud to Cloud,7007,11787,6
2026-08-30T23:33:41.235740018Z,16.932051,111.725439,Cloud to Cloud,8189,4389,9
2026-08-30T23:33:43.328241428Z,15.477593,130.593334,Cloud to Cloud,-10045,19528,10
2026-08-30T23:33:43.340872603Z,15.493923,130.59389,Cloud to Cloud,-7993,17983,10
2026-08-30T23:33:43.324687000Z,15.5056,130.5021,Cloud to Ground,11390,0,5
2026-08-30T23:33:43.467929970Z,15.463688,130.620266,Cloud to Ground,16940,0,10
2026-08-30T23:33:46.514305829Z,15.508625,130.829923,Cloud to Cloud,-9641,6135,8
2026-08-30T23:33:46.420556095Z,15.479363,130.827628,Cloud to Cloud,-6952,3021,12
2026-08-30T23:33:47.632534429Z,19.373569,119.388293,Cloud to Cloud,9397,19952,9
2026-08-30T23:33:48.855911543Z,19.203988,116.161546,Cloud to Ground,-17196,0,10
2026-08-30T23:33:49.153722309Z,18.876554,118.267468,Cloud to Ground,-36486,0,18
2026-08-30T23:33:48.837366453Z,18.885755,118.262424,Cloud to Ground,-29299,0,12
2026-08-30T23:33:49.245967194Z,18.880784,118.258633,Cloud to Ground,-25629,0,11
2026-08-30T23:33:48.771965270Z,18.885612,118.265603,Cloud to Ground,-25421,0,16
2026-08-30T23:33:48.909509725Z,18.880956,118.264944,Cloud to Ground,-19673,0,14
2026-08-30T23:33:49.305669470Z,18.867698,118.261652,Cloud to Ground,-14501,0,7
2026-08-30T23:33:49.181096304Z,18.873931,118.264748,Cloud to Ground,-11758,0,9
2026-08-30T23:33:49.055389000Z,18.868,118.1624,Cloud to Ground,28847,0,5
2026-08-30T23:33:50.857203898Z,16.198262,129.318581,Cloud to Ground,-14936,0,19
2026-08-30T23:33:50.877395020Z,16.132216,129.380534,Cloud to Ground,13571,0,16
2026-08-30T23:33:50.718523929Z,16.615486,128.302549,Cloud to Ground,-15126,0,8
2026-08-30T23:33:50.212002620Z,16.591928,128.493482,Cloud to Ground,-32499,0,14
2026-08-30T23:33:50.806441047Z,16.603192,128.508621,Cloud to Ground,-15459,0,10
2026-08-30T23:33:50.947940828Z,16.612811,128.502815,Cloud to Ground,16704,0,8
2026-08-30T23:33:51.143864608Z,16.028494,129.408845,Cloud to Cloud,-11582,3124,9
2026-08-30T23:33:51.478037834Z,19.367253,119.400065,Cloud to Cloud,6472,14696,10
2026-08-30T23:33:53.740621712Z,14.413222,134.068253,Cloud to Cloud,-12456,4875,10
2026-08-30T23:33:53.740198915Z,14.449137,134.036768,Cloud to Ground,-11451,0,12
2026-08-30T23:33:54.749318680Z,18.50736,114.94142,Cloud to Cloud,13970,3028,10
2026-08-30T23:33:54.778644728Z,18.517945,115.09568,Cloud to Cloud,-25987,3012,16
2026-08-30T23:33:54.590596148Z,19.122897,119.60305,Cloud to Cloud,4470,5800,6
2026-08-30T23:33:54.595265747Z,19.115938,119.595259,Cloud to Cloud,7430,7881,7
2026-08-30T23:33:54.572921000Z,19.1613,119.4934,Cloud to Ground,-5596,0,6
2026-08-30T23:33:54.850625130Z,18.226389,113.655291,Cloud to Cloud,-13162,3001,6
2026-08-30T23:33:54.842824182Z,18.257152,113.630699,Cloud to Cloud,-12746,3568,11
2026-08-30T23:33:54.839806487Z,18.258599,113.639523,Cloud to Ground,20299,0,11
2026-08-30T23:33:54.840568068Z,18.270842,113.540314,Cloud to Ground,37481,0,9
2026-08-30T23:33:56.573577761Z,18.987391,118.315915,Cloud to Ground,24787,0,11
2026-08-30T23:33:56.613362386Z,19.043826,118.507664,Cloud to Cloud,12096,3012,8
2026-08-30T23:33:56.583686223Z,19.040272,118.50766,Cloud to Cloud,12898,4404,8
2026-08-30T23:33:59.623281000Z,4.7065,113.4794,Cloud to Ground,-6546,0,7
2026-08-30T23:34:00.700301318Z,15.497056,130.867382,Cloud to Cloud,-13185,4087,10
2026-08-30T23:34:00.452770837Z,15.41589,130.904915,Cloud to Cloud,25315,3015,11
2026-08-30T23:34:00.001160613Z,14.51964,132.83637,Cloud to Ground,-18800,0,15
2026-08-30T23:34:00.005469744Z,14.530513,132.843983,Cloud to Ground,-16211,0,11
2026-08-30T23:34:00.002759735Z,14.514096,132.852203,Cloud to Cloud,-15050,7671,11
2026-08-30T23:34:00.007718829Z,14.586533,132.817017,Cloud to Ground,-11663,0,15
2026-08-30T23:34:00.013229763Z,14.589684,132.769411,Cloud to Ground,-11172,0,8
2026-08-30T23:34:00.000603641Z,14.516619,132.853364,Cloud to Ground,43334,0,23
2026-08-30T23:34:00.490880923Z,19.833531,114.440706,Cloud to Cloud,-21935,3079,10
2026-08-30T23:34:00.490461374Z,19.864422,114.445677,Cloud to Cloud,-11841,13878,12
2026-08-30T23:34:00.504159801Z,19.9047,114.487545,Cloud to Ground,-7482,0,9
2026-08-30T23:34:01.636176737Z,14.430033,133.617223,Cloud to Cloud,-9387,3463,11
2026-08-30T23:34:01.633791724Z,14.411448,133.647339,Cloud to Cloud,11416,7258,7
2026-08-30T23:34:01.640571942Z,19.548428,119.717017,Cloud to Cloud,9834,4215,7
2026-08-30T23:34:02.020295193Z,19.407815,119.402163,Cloud to Cloud,-9461,19066,7
2026-08-30T23:34:02.176035883Z,18.21546,120.570339,Cloud to Ground,-39672,0,13
2026-08-30T23:34:02.174337832Z,18.219303,120.566648,Cloud to Cloud,6738,10398,6
2026-08-30T23:34:03.589107707Z,14.509072,133.260451,Cloud to Ground,-15289,0,15
2026-08-30T23:34:03.131376044Z,16.04277,129.084322,Cloud to Cloud,-9430,6789,12
2026-08-30T23:34:04.393162742Z,14.536418,133.355473,Cloud to Cloud,-13615,5715,9
2026-08-30T23:34:04.341291786Z,14.524486,133.336222,Cloud to Ground,16212,0,16
2026-08-30T23:34:04.464362717Z,14.647735,133.45138,Cloud to Cloud,-14696,17563,14
2026-08-30T23:34:05.578157283Z,14.479132,132.027322,Cloud to Ground,-26251,0,17
2026-08-30T23:34:06.061462653Z,14.43146,131.971094,Cloud to Cloud,-13711,4822,23
2026-08-30T23:34:07.448140308Z,19.378683,119.390097,Cloud to Ground,-10091,0,16
2026-08-30T23:34:07.392887687Z,19.378828,119.425093,Cloud to Cloud,3637,6141,6
2026-08-30T23:34:09.712331446Z,19.585956,119.646293,Cloud to Cloud,5734,3055,6
2026-08-30T23:34:09.506229858Z,19.537218,119.5753,Cloud to Cloud,6241,6529,6
2026-08-30T23:34:11.826349154Z,17.142588,127.232876,Cloud to Cloud,-7829,7563,7
2026-08-30T23:34:11.798065878Z,17.131345,127.219176,Cloud to Cloud,-6629,8536,10
2026-08-30T23:34:12.830424715Z,16.191416,129.11763,Cloud to Ground,-20467,0,8
2026-08-30T23:34:12.265367711Z,18.819678,118.225651,Cloud to Cloud,5239,8943,5
2026-08-30T23:34:12.484087000Z,18.8811,118.1587,Cloud to Ground,18665,0,6
2026-08-30T23:34:12.643094959Z,18.731521,118.098658,Cloud to Cloud,10555,7560,6
2026-08-30T23:34:12.517961462Z,16.044401,129.045889,Cloud to Cloud,-20215,3025,8
2026-08-30T23:34:12.519306031Z,16.105609,128.989146,Cloud to Cloud,-11092,9419,11
2026-08-30T23:34:12.511835000Z,16.0618,128.9759,Cloud to Ground,-9901,0,6
2026-08-30T23:34:13.078508250Z,16.076032,129.044775,Cloud to Ground,-9703,0,8
2026-08-30T23:34:12.513972586Z,16.05185,129.026627,Cloud to Cloud,13118,13795,13
2026-08-30T23:34:14.126368522Z,15.452174,130.836502,Cloud to Cloud,-16592,3023,8
2026-08-30T23:34:14.498604043Z,15.541747,130.830642,Cloud to Cloud,-8061,3043,8
2026-08-30T23:34:14.423942435Z,15.457375,130.85173,Cloud to Cloud,10524,17765,10
2026-08-30T23:34:14.875145934Z,19.370918,119.427066,Cloud to Cloud,27903,4151,13
2026-08-30T23:34:15.534187708Z,18.120686,114.360481,Cloud to Cloud,-16527,7224,11
2026-08-30T23:34:15.529206108Z,18.145533,114.262159,Cloud to Ground,15458,0,13
2026-08-30T23:34:15.529901000Z,18.1544,114.3094,Cloud to Ground,16091,0,5
2026-08-30T23:34:15.526765229Z,18.164804,114.346534,Cloud to Ground,17868,0,9
2026-08-30T23:34:15.856917318Z,19.367206,119.407318,Cloud to Cloud,-15729,14954,13
2026-08-30T23:34:16.218533978Z,19.428734,119.34966,Cloud to Cloud,-14303,6019,7
2026-08-30T23:34:16.844643576Z,19.379027,119.409072,Cloud to Ground,-6043,0,6
2026-08-30T23:34:15.996693797Z,19.368853,119.41,Cloud to Cloud,-5593,6502,6
2026-08-30T23:34:16.358171597Z,19.376096,119.41806,Cloud to Cloud,7913,3037,6
2026-08-30T23:34:17.300899356Z,14.242228,134.69123,Cloud to Ground,-24372,0,16
2026-08-30T23:34:17.300191812Z,14.153807,134.766781,Cloud to Ground,45611,0,22
2026-08-30T23:34:18.454086319Z,7.929888,117.193001,Cloud to Cloud,27009,13355,7
2026-08-30T23:34:18.415953363Z,16.332671,129.090895,Cloud to Ground,-51756,0,12
2026-08-30T23:34:18.463298000Z,16.3352,129.0265,Cloud to Ground,-26200,0,6
2026-08-30T23:34:18.441259848Z,16.304361,129.035597,Cloud to Ground,-22943,0,12
2026-08-30T23:34:18.508102989Z,16.336755,128.979235,Cloud to Ground,-15600,0,18
2026-08-30T23:34:18.410169614Z,16.372405,129.132864,Cloud to Cloud,-9260,5018,11
2026-08-30T23:34:18.988023073Z,19.587615,119.855911,Cloud to Cloud,-11847,6805,7
2026-08-30T23:34:19.099639002Z,19.587513,119.840394,Cloud to Cloud,-6909,3019,7
2026-08-30T23:34:19.310857987Z,19.008523,118.341609,Cloud to Cloud,-26149,5489,12
2026-08-30T23:34:19.308534993Z,19.004452,118.343911,Cloud to Cloud,7291,19407,7
2026-08-30T23:34:19.802916407Z,18.632727,116.25263,Cloud to Cloud,-20092,15212,9
2026-08-30T23:34:20.243082296Z,18.623596,116.228727,Cloud to Cloud,-10331,15945,8
2026-08-30T23:34:21.516806163Z,15.932048,129.745922,Cloud to Cloud,-8964,17303,8
2026-08-30T23:34:22.514622119Z,19.399958,119.464801,Cloud to Cloud,-23730,3014,9
2026-08-30T23:34:22.629958741Z,19.532628,119.42171,Cloud to Cloud,-5995,13147,6
2026-08-30T23:34:22.509165547Z,19.514512,119.475006,Cloud to Cloud,6557,17752,8
2026-08-30T23:34:22.569827713Z,19.51753,119.481385,Cloud to Cloud,8683,19469,7
2026-08-30T23:34:22.623583824Z,19.642018,119.400966,Cloud to Cloud,-10991,11141,7
2026-08-30T23:34:24.006521855Z,4.617172,113.524788,Cloud to Cloud,-7618,18627,7
2026-08-30T23:34:25.362707603Z,16.930651,127.744724,Cloud to Ground,-16329,0,13
2026-08-30T23:34:25.600144000Z,16.9378,127.6678,Cloud to Ground,-14834,0,5
2026-08-30T23:34:25.600655379Z,16.929294,127.739261,Cloud to Cloud,9363,3018,8
2026-08-30T23:34:25.067663432Z,19.351175,119.406021,Cloud to Ground,-10432,0,12
2026-08-30T23:34:24.937364642Z,19.384426,119.409639,Cloud to Cloud,7188,6540,5
2026-08-30T23:34:25.810286203Z,19.740197,119.774672,Cloud to Ground,-29542,0,16
2026-08-30T23:34:25.811175865Z,19.701872,119.733947,Cloud to Cloud,-6273,6184,7
2026-08-30T23:34:25.691717000Z,19.7986,119.6538,Cloud to Ground,-9355,0,6
2026-08-30T23:34:26.510436241Z,16.646498,128.382303,Cloud to Cloud,5390,15324,7
2026-08-30T23:34:26.624137561Z,16.570546,128.491751,Cloud to Cloud,-10745,4061,7
2026-08-30T23:34:26.615821721Z,16.552089,128.38833,Cloud to Ground,-10813,0,9
2026-08-30T23:34:26.618821000Z,16.5314,128.3712,Cloud to Ground,-5908,0,5
2026-08-30T23:34:26.886397883Z,16.531526,128.305925,Cloud to Ground,26199,0,7
2026-08-30T23:34:27.363872603Z,15.447388,130.846884,Cloud to Cloud,14088,15145,14
2026-08-30T23:34:27.472959485Z,15.456594,131.015656,Cloud to Cloud,-9915,19856,7
2026-08-30T23:34:27.590439414Z,14.30486,131.239834,Cloud to Cloud,-13880,10796,8
2026-08-30T23:34:32.259454466Z,17.152805,127.636784,Cloud to Cloud,-6300,16116,10
2026-08-30T23:34:32.137970941Z,17.121596,127.69087,Cloud to Ground,31858,0,10
2026-08-30T23:34:32.137476221Z,17.142758,127.691599,Cloud to Ground,40609,0,10
2026-08-30T23:34:33.002378790Z,15.485076,130.907885,Cloud to Cloud,-10327,3000,12
2026-08-30T23:34:33.014437153Z,15.546887,130.871144,Cloud to Cloud,-9070,6591,8
2026-08-30T23:34:33.036033777Z,15.419875,130.850651,Cloud to Cloud,-8980,18125,7
2026-08-30T23:34:37.016387193Z,19.205862,119.144583,Cloud to Ground,11123,0,10
2026-08-30T23:34:38.064372277Z,16.561812,128.304941,Cloud to Cloud,12505,3012,10
2026-08-30T23:34:38.293155000Z,19.3421,119.6473,Cloud to Ground,-5757,0,6
2026-08-30T23:34:38.316309354Z,19.248815,119.692269,Cloud to Cloud,3195,3003,5
2026-08-30T23:34:38.418126094Z,19.247188,119.647389,Cloud to Cloud,3683,18564,7
2026-08-30T23:34:38.291547499Z,19.296651,119.68573,Cloud to Cloud,5564,15362,7
2026-08-30T23:34:38.457406053Z,19.25897,119.688556,Cloud to Cloud,8148,8582,6
2026-08-30T23:34:39.165414875Z,4.60459,113.522646,Cloud to Cloud,-20611,4560,8
2026-08-30T23:34:39.710834251Z,19.376911,119.436224,Cloud to Cloud,8312,8491,9
2026-08-30T23:34:39.223507820Z,19.15445,119.627742,Cloud to Cloud,-6228,17969,6
2026-08-30T23:34:39.236459444Z,19.241235,119.675295,Cloud to Cloud,6249,7370,7
2026-08-30T23:34:39.035341000Z,19.1455,119.5328,Cloud to Ground,18111,0,5
2026-08-30T23:34:40.108680000Z,14.5307,132.4197,Cloud to Ground,-33125,0,5
2026-08-30T23:34:40.253962613Z,14.507764,132.349658,Cloud to Cloud,-8174,7486,6
2026-08-30T23:34:40.130255534Z,14.521126,132.431235,Cloud to Cloud,-7765,3027,9
2026-08-30T23:34:40.107629277Z,14.514421,132.446429,Cloud to Ground,30583,0,20
2026-08-30T23:34:41.580426529Z,14.303052,131.872084,Cloud to Ground,30956,0,14
2026-08-30T23:34:41.640865488Z,16.532927,128.60091,Cloud to Ground,-14341,0,18
2026-08-30T23:34:41.641569786Z,16.459931,128.655365,Cloud to Cloud,13631,3057,9
2026-08-30T23:34:42.607335354Z,19.683648,119.630293,Cloud to Cloud,6938,5677,10
2026-08-30T23:34:42.632164775Z,19.58243,119.633606,Cloud to Cloud,-8653,19562,7
2026-08-30T23:34:42.684076533Z,19.545862,119.633786,Cloud to Cloud,4499,14391,6
2026-08-30T23:34:45.628137181Z,19.287517,116.074423,Cloud to Ground,13773,0,7
2026-08-30T23:34:45.931587966Z,19.186087,116.136037,Cloud to Cloud,-9560,3006,11
2026-08-30T23:34:45.833605266Z,19.140621,116.176395,Cloud to Cloud,9575,9018,7
2026-08-30T23:34:45.668623369Z,19.195006,116.148443,Cloud to Ground,14986,0,9
2026-08-30T23:34:47.754717632Z,6.462282,113.875914,Cloud to Cloud,-22801,7809,7
2026-08-30T23:34:47.752224780Z,6.563634,113.797215,Cloud to Ground,35498,0,18
2026-08-30T23:34:49.785236257Z,17.934201,120.537466,Cloud to Ground,-33202,0,16
2026-08-30T23:34:50.174577322Z,17.924342,120.558805,Cloud to Cloud,8068,5402,6
2026-08-30T23:34:49.783744972Z,17.933825,120.527526,Cloud to Cloud,13341,17952,10
2026-08-30T23:34:50.282533409Z,17.08871,127.163712,Cloud to Cloud,11831,17400,10
2026-08-30T23:34:51.787572303Z,4.633686,113.531084,Cloud to Cloud,-9184,9399,6
2026-08-30T23:34:51.779885864Z,14.094136,134.970121,Cloud to Ground,-10117,0,6
2026-08-30T23:34:51.791554563Z,14.090375,134.961824,Cloud to Ground,19326,0,9
2026-08-30T23:34:51.777828000Z,14.0772,134.8645,Cloud to Ground,14425,0,5
2026-08-30T23:34:51.839302227Z,17.603344,112.519158,Cloud to Cloud,-7081,3007,7
2026-08-30T23:34:51.965230437Z,17.575653,112.391815,Cloud to Cloud,12616,3011,8
2026-08-30T23:34:53.748713682Z,15.329308,120.135957,Cloud to Cloud,-7618,4660,6
2026-08-30T23:34:54.052824832Z,16.45615,128.530254,Cloud to Ground,-13784,0,6
2026-08-30T23:34:54.089113499Z,16.40779,128.547513,Cloud to Ground,-12273,0,10
2026-08-30T23:34:54.849221479Z,16.598061,128.495235,Cloud to Cloud,11877,3006,10
2026-08-30T23:34:54.728203037Z,16.595476,128.300753,Cloud to Ground,-16487,0,10
2026-08-30T23:34:54.032399700Z,16.686068,128.41165,Cloud to Cloud,-17878,12428,16
2026-08-30T23:34:54.148656701Z,16.589514,128.49966,Cloud to Ground,-11768,0,12
2026-08-30T23:34:54.120166986Z,16.516519,128.379584,Cloud to Cloud,-16699,11940,11
2026-08-30T23:34:54.233520000Z,16.5064,128.4089,Cloud to Ground,12198,0,7
2026-08-30T23:34:54.932964684Z,15.535872,130.820752,Cloud to Ground,-9930,0,10
2026-08-30T23:34:55.209669686Z,15.527164,130.904525,Cloud to Ground,26855,0,13
2026-08-30T23:34:55.749696143Z,18.916053,118.265203,Cloud to Cloud,-7014,3002,7
2026-08-30T23:34:55.472184190Z,18.923916,118.268715,Cloud to Cloud,3559,14023,5
2026-08-30T23:34:55.834684215Z,18.911456,118.269106,Cloud to Cloud,3563,15971,5
2026-08-30T23:34:55.463035703Z,18.928831,118.269145,Cloud to Cloud,5176,19626,7
2026-08-30T23:34:55.930167038Z,18.911621,118.28998,Cloud to Cloud,6646,3013,6
2026-08-30T23:34:56.011078414Z,18.91114,118.290965,Cloud to Cloud,7607,18067,8
2026-08-30T23:34:55.662830165Z,18.912868,118.287409,Cloud to Cloud,7849,8332,6
2026-08-30T23:34:55.855534763Z,18.936425,118.269539,Cloud to Cloud,8071,3005,6
2026-08-30T23:34:55.508680804Z,19.012077,118.189682,Cloud to Ground,12621,0,7
2026-08-30T23:34:55.458253305Z,18.931573,118.277423,Cloud to Ground,13064,0,9
2026-08-30T23:34:55.522372000Z,18.9355,118.1933,Cloud to Ground,13435,0,6
2026-08-30T23:34:55.876946527Z,19.374822,119.393233,Cloud to Cloud,10631,18553,9
2026-08-30T23:34:56.547515098Z,16.130539,129.337093,Cloud to Cloud,-7756,7512,8
2026-08-30T23:34:56.579387139Z,16.157776,129.198585,Cloud to Ground,12751,0,8
2026-08-30T23:34:56.468816845Z,16.317291,128.742225,Cloud to Ground,-8016,0,13
2026-08-30T23:34:56.542585580Z,16.063647,129.402014,Cloud to Cloud,10366,3030,9
2026-08-30T23:34:57.098562718Z,14.507441,133.239219,Cloud to Ground,-19946,0,26
2026-08-30T23:34:57.096371011Z,14.507343,133.239774,Cloud to Ground,-19365,0,15
2026-08-30T23:34:57.110302838Z,14.406703,133.31238,Cloud to Ground,-15210,0,14
2026-08-30T23:34:57.494651964Z,14.424503,133.307269,Cloud to Ground,-12611,0,8
2026-08-30T23:34:57.094194444Z,14.43833,133.299437,Cloud to Ground,20007,0,12
2026-08-30T23:34:59.179062246Z,15.989496,129.604125,Cloud to Ground,-12054,0,8
2026-08-30T23:34:58.983311262Z,16.009044,129.615972,Cloud to Ground,12973,0,11
2026-08-30T23:34:58.512990463Z,19.181204,119.632767,Cloud to Cloud,-4462,13544,6
2026-08-30T23:34:58.379752557Z,19.236061,119.652713,Cloud to Cloud,6713,13239,7
2026-08-30T23:35:00.292232670Z,14.464355,133.626659,Cloud to Ground,-19172,0,15
2026-08-30T23:35:00.323118800Z,14.469356,133.552081,Cloud to Ground,-11535,0,12
2026-08-30T23:35:00.291485104Z,14.50958,133.634151,Cloud to Cloud,-10436,3201,19
2026-08-30T23:35:02.411626262Z,4.582196,113.523207,Cloud to Ground,-10309,0,7
2026-08-30T23:35:04.484322359Z,18.128322,114.058131,Cloud to Ground,-49266,0,20
2026-08-30T23:35:04.482506671Z,18.136468,114.056566,Cloud to Cloud,8552,3447,7
2026-08-30T23:35:04.488543047Z,18.139514,114.048074,Cloud to Ground,10883,0,10
2026-08-30T23:35:04.489867559Z,18.12443,113.970295,Cloud to Ground,11098,0,8
2026-08-30T23:35:04.908002595Z,17.366803,127.054861,Cloud to Cloud,-34689,3006,8
2026-08-30T23:35:04.913626284Z,17.385898,127.066795,Cloud to Ground,-13666,0,10
2026-08-30T23:35:06.706134730Z,19.570934,119.794,Cloud to Cloud,-6031,18558,7
2026-08-30T23:35:06.510317980Z,19.614583,119.868783,Cloud to Cloud,6909,15971,6
2026-08-30T23:35:06.501536644Z,19.611885,119.861929,Cloud to Cloud,14750,5615,7
2026-08-30T23:35:06.574887000Z,19.3689,119.4056,Cloud to Ground,-26167,0,5
2026-08-30T23:35:06.171570772Z,19.368304,119.413594,Cloud to Cloud,21325,11235,12
2026-08-30T23:35:06.436186483Z,15.855234,129.659619,Cloud to Cloud,9937,13057,7
2026-08-30T23:35:07.083938796Z,4.596568,113.529997,Cloud to Ground,16048,0,22
2026-08-30T23:35:11.953912382Z,14.386146,132.785033,Cloud to Ground,-26984,0,10
2026-08-30T23:35:11.956417062Z,14.332518,132.800541,Cloud to Cloud,-11325,3977,8
2026-08-30T23:35:11.245922524Z,17.028668,127.308223,Cloud to Cloud,-10491,15976,12
2026-08-30T23:35:11.144424897Z,17.060727,127.339278,Cloud to Cloud,-9148,3341,10
2026-08-30T23:35:11.147281231Z,17.045355,127.295815,Cloud to Cloud,-5040,10039,8
2026-08-30T23:35:12.880174232Z,14.602952,132.699544,Cloud to Ground,-11344,0,10
2026-08-30T23:35:12.873132294Z,14.606145,132.598707,Cloud to Cloud,-6928,7842,10
2026-08-30T23:35:12.074324459Z,14.223992,132.782178,Cloud to Cloud,-15159,5486,8
2026-08-30T23:35:12.851862544Z,17.660381,112.638913,Cloud to Ground,-10026,0,10
2026-08-30T23:35:12.674249489Z,17.664253,112.655793,Cloud to Cloud,10644,3558,6
2026-08-30T23:35:12.010638742Z,18.287678,114.630835,Cloud to Ground,17062,0,9
2026-08-30T23:35:13.908433013Z,19.123774,119.608724,Cloud to Cloud,4891,6924,8
2026-08-30T23:35:13.892287912Z,19.131992,119.617795,Cloud to Cloud,7210,14817,7
2026-08-30T23:35:13.589240820Z,18.657138,116.25512,Cloud to Cloud,-9555,5542,11
2026-08-30T23:35:13.591721080Z,18.641248,116.249615,Cloud to Cloud,9748,19198,9
2026-08-30T23:35:14.156803446Z,14.454082,131.806976,Cloud to Ground,11357,0,11
2026-08-30T23:35:16.063563438Z,17.260699,112.171657,Cloud to Ground,-38974,0,13
2026-08-30T23:35:16.100665663Z,17.272548,112.17585,Cloud to Ground,-19533,0,8
2026-08-30T23:35:16.220407272Z,17.26129,112.146866,Cloud to Ground,-12305,0,8
2026-08-30T23:35:16.115999679Z,17.26644,112.05153,Cloud to Cloud,9510,3067,10
2026-08-30T23:35:16.067419051Z,17.223509,112.090443,Cloud to Ground,9639,0,9
2026-08-30T23:35:16.087208819Z,17.260446,112.062013,Cloud to Ground,9972,0,7
2026-08-30T23:35:16.062787353Z,17.261962,112.075843,Cloud to Ground,20358,0,10
2026-08-30T23:35:16.065336832Z,17.180816,112.06853,Cloud to Ground,20542,0,7
2026-08-30T23:35:16.423545588Z,19.388355,119.407061,Cloud to Cloud,7196,4251,7
2026-08-30T23:35:16.435988065Z,19.386945,119.398974,Cloud to Cloud,7430,3009,5
2026-08-30T23:35:17.675387063Z,14.553156,132.242741,Cloud to Ground,20161,0,10
2026-08-30T23:35:17.034618334Z,14.49898,132.158051,Cloud to Cloud,-20837,5287,11
2026-08-30T23:35:17.036608174Z,14.536714,132.111343,Cloud to Cloud,-14460,16637,12
2026-08-30T23:35:17.032117308Z,14.438722,132.223996,Cloud to Ground,21623,0,9
2026-08-30T23:35:18.472501460Z,15.572031,130.822675,Cloud to Cloud,-11401,12803,11
2026-08-30T23:35:19.290857508Z,15.483823,130.754204,Cloud to Ground,9552,0,8
2026-08-30T23:35:19.518403099Z,19.809184,120.349892,Cloud to Cloud,11401,19672,5
2026-08-30T23:35:19.509792683Z,19.824543,120.357109,Cloud to Cloud,12800,5345,8
2026-08-30T23:35:19.512266000Z,19.6209,119.5206,Cloud to Ground,13203,0,5
2026-08-30T23:35:20.168491172Z,16.035703,129.545321,Cloud to Ground,-14653,0,12
2026-08-30T23:35:20.291458011Z,15.32086,120.123232,Cloud to Cloud,11620,19834,9
2026-08-30T23:35:24.588377555Z,19.513002,119.488688,Cloud to Cloud,7561,3003,6
2026-08-30T23:35:24.586293777Z,19.509702,119.47623,Cloud to Cloud,20132,17584,9
2026-08-30T23:35:25.476579911Z,19.570318,119.39534,Cloud to Cloud,4969,19323,6
2026-08-30T23:35:25.465555922Z,19.440615,119.334333,Cloud to Cloud,-8082,13512,10
2026-08-30T23:35:25.425541385Z,19.463401,119.399853,Cloud to Cloud,6248,15346,7
2026-08-30T23:35:26.249673358Z,19.751454,119.775419,Cloud to Ground,-26205,0,14
2026-08-30T23:35:26.439271598Z,19.762753,119.756291,Cloud to Ground,-23139,0,7
2026-08-30T23:35:26.048949483Z,19.747325,119.772015,Cloud to Ground,-22793,0,15
2026-08-30T23:35:26.356205501Z,19.749447,119.777216,Cloud to Ground,-22263,0,11
2026-08-30T23:35:26.105454382Z,19.74594,119.770145,Cloud to Ground,-19162,0,12
2026-08-30T23:35:27.166209997Z,14.978058,131.284548,Cloud to Ground,23164,0,22
2026-08-30T23:35:27.177924420Z,14.869674,131.328927,Cloud to Cloud,-13191,17938,12
2026-08-30T23:35:27.197155921Z,14.861711,131.334475,Cloud to Cloud,-12038,3020,9
2026-08-30T23:35:27.162548691Z,14.784917,131.364,Cloud to Cloud,18723,9247,14
2026-08-30T23:35:27.952066453Z,14.622397,133.780401,Cloud to Ground,-12994,0,11
2026-08-30T23:35:28.075356552Z,14.624451,133.747944,Cloud to Ground,-12956,0,7
2026-08-30T23:35:28.242557308Z,14.601357,133.675241,Cloud to Ground,-8992,0,7
2026-08-30T23:35:28.327264246Z,14.566365,133.77714,Cloud to Cloud,10279,4171,10
2026-08-30T23:35:27.952977648Z,14.56542,133.830636,Cloud to Ground,21620,0,19
2026-08-30T23:35:27.987605167Z,14.603295,133.801491,Cloud to Ground,27825,0,14
2026-08-30T23:35:29.513284042Z,18.844523,113.828222,Cloud to Cloud,8169,5294,6
2026-08-30T23:35:29.373214537Z,18.793402,113.787768,Cloud to Ground,23000,0,14
2026-08-30T23:35:31.827740284Z,19.379813,119.431157,Cloud to Cloud,7601,3006,5
2026-08-30T23:35:31.739486216Z,19.39257,119.415746,Cloud to Cloud,8326,18939,7
2026-08-30T23:35:35.113640208Z,14.495391,133.255275,Cloud to Ground,-16868,0,14
2026-08-30T23:35:35.688797307Z,14.483776,133.212161,Cloud to Ground,-13018,0,12
2026-08-30T23:35:35.709799507Z,14.526514,133.212175,Cloud to Ground,-11206,0,12
2026-08-30T23:35:35.108415631Z,14.458815,133.298137,Cloud to Ground,18252,0,11
2026-08-30T23:35:35.109809495Z,14.474388,133.291228,Cloud to Ground,19676,0,14
2026-08-30T23:35:35.106988354Z,14.360821,133.335901,Cloud to Ground,15594,0,7
2026-08-30T23:35:35.773010542Z,14.355856,134.98155,Cloud to Ground,-11890,0,10
2026-08-30T23:35:35.693218743Z,14.326485,132.0196,Cloud to Cloud,11384,4976,12
2026-08-30T23:35:37.578205038Z,19.556778,119.738229,Cloud to Cloud,6895,4101,7
2026-08-30T23:35:37.617975687Z,19.611834,119.707328,Cloud to Cloud,18341,15573,14
2026-08-30T23:35:38.695203095Z,17.045646,127.248273,Cloud to Ground,11482,0,10
2026-08-30T23:35:38.694113696Z,17.123728,127.242339,Cloud to Ground,12695,0,12
2026-08-30T23:35:38.693325196Z,17.072964,127.153023,Cloud to Cloud,13656,5228,10
2026-08-30T23:35:38.980252213Z,18.242869,113.644896,Cloud to Cloud,-9690,3043,8
2026-08-30T23:35:38.853852564Z,18.290831,113.600036,Cloud to Cloud,9914,3012,9
2026-08-30T23:35:38.859214739Z,18.272121,113.590372,Cloud to Ground,16968,0,10
2026-08-30T23:35:38.852448537Z,18.294484,113.680704,Cloud to Ground,17038,0,10
2026-08-30T23:35:40.759663578Z,19.386343,119.407085,Cloud to Cloud,6865,11717,6
2026-08-30T23:35:41.268789579Z,18.804157,118.222583,Cloud to Cloud,-4289,8101,7
2026-08-30T23:35:41.357148215Z,18.915884,118.25037,Cloud to Cloud,6581,3403,7
2026-08-30T23:35:41.626511726Z,18.826258,118.240313,Cloud to Cloud,6826,14997,7
2026-08-30T23:35:41.261561124Z,18.820395,118.234888,Cloud to Cloud,11259,6398,8
2026-08-30T23:35:41.263924000Z,18.8347,118.1417,Cloud to Ground,22238,0,7
2026-08-30T23:35:45.810930441Z,19.589021,119.838952,Cloud to Cloud,-6851,17782,6
2026-08-30T23:35:45.402092344Z,19.625971,119.8802,Cloud to Cloud,4349,13445,6
2026-08-30T23:35:45.435501621Z,19.602851,119.890337,Cloud to Cloud,7177,19899,5
2026-08-30T23:35:45.409812035Z,19.707277,119.908804,Cloud to Cloud,8198,17769,8
2026-08-30T23:35:46.208492977Z,14.808862,133.829478,Cloud to Ground,-52566,0,20
2026-08-30T23:35:46.256384458Z,14.724885,133.860632,Cloud to Ground,21284,0,9
2026-08-30T23:35:46.475212743Z,14.761364,133.859399,Cloud to Ground,29321,0,11
2026-08-30T23:35:46.245056547Z,14.795464,133.843078,Cloud to Ground,46533,0,16
2026-08-30T23:35:46.213982010Z,14.810192,133.840244,Cloud to Ground,399432,0,15
2026-08-30T23:35:46.948697951Z,14.313945,131.881327,Cloud to Cloud,14346,18932,7
2026-08-30T23:35:47.671157668Z,4.581532,113.510829,Cloud to Cloud,-13505,16353,7
2026-08-30T23:35:47.681994167Z,4.677907,113.512169,Cloud to Ground,10149,0,10
2026-08-30T23:35:47.555642268Z,4.566219,113.339189,Cloud to Ground,-16273,0,9
2026-08-30T23:35:47.747949344Z,14.286283,132.094971,Cloud to Cloud,-11663,16023,16
2026-08-30T23:35:47.719136258Z,14.232697,132.17155,Cloud to Ground,97636,0,23
2026-08-30T23:35:47.369382964Z,15.993233,129.265187,Cloud to Ground,-13717,0,10
2026-08-30T23:35:47.394339782Z,16.044813,129.242042,Cloud to Ground,-10982,0,8
2026-08-30T23:35:48.220253014Z,16.637848,128.474537,Cloud to Ground,-13166,0,13
2026-08-30T23:35:48.005115009Z,16.599047,128.416877,Cloud to Ground,-12559,0,16
2026-08-30T23:35:47.632636382Z,16.541681,128.448778,Cloud to Cloud,9376,18807,8
2026-08-30T23:35:48.006498088Z,16.565666,128.550369,Cloud to Cloud,-10844,16641,7
2026-08-30T23:35:53.205357642Z,16.08597,129.572899,Cloud to Ground,-11671,0,9
2026-08-30T23:35:53.288818191Z,16.042201,129.563002,Cloud to Cloud,11976,8639,8
2026-08-30T23:35:53.939908521Z,18.264056,114.306138,Cloud to Cloud,7667,3014,7
2026-08-30T23:35:53.941227018Z,18.169345,114.286471,Cloud to Ground,7585,0,7
2026-08-30T23:35:53.942161109Z,18.16927,114.284987,Cloud to Ground,24752,0,10
2026-08-30T23:35:53.942877270Z,18.173233,114.377388,Cloud to Ground,25923,0,12
2026-08-30T23:35:53.609263844Z,19.381898,119.408897,Cloud to Ground,-63774,0,20
2026-08-30T23:35:53.524891656Z,19.3787,119.387637,Cloud to Cloud,5329,7418,7
2026-08-30T23:35:53.495192701Z,19.384334,119.405255,Cloud to Cloud,19194,16861,10
2026-08-30T23:35:54.818047094Z,14.239752,133.635205,Cloud to Ground,-22567,0,19
2026-08-30T23:35:54.695477996Z,14.232447,133.782612,Cloud to Ground,19995,0,10
2026-08-30T23:35:54.649374759Z,14.232158,133.770935,Cloud to Ground,40564,0,10
2026-08-30T23:35:54.495970929Z,18.516645,115.097974,Cloud to Cloud,8525,4742,9
2026-08-30T23:35:54.534740394Z,19.115868,119.602543,Cloud to Cloud,8278,15809,5
2026-08-30T23:35:54.610674080Z,19.127407,119.639351,Cloud to Cloud,9061,3371,7
2026-08-30T23:35:54.449189046Z,19.114881,119.606039,Cloud to Cloud,9398,19774,5
2026-08-30T23:35:58.564400339Z,14.518443,132.896081,Cloud to Ground,10944,0,11
2026-08-30T23:35:58.566459846Z,14.596621,132.847886,Cloud to Ground,-18592,0,18
2026-08-30T23:35:58.400259847Z,19.239565,119.711346,Cloud to Cloud,10266,12083,11
2026-08-30T23:36:01.652659688Z,19.389415,119.411714,Cloud to Cloud,7010,14564,5
2026-08-30T23:36:02.009818990Z,15.927545,129.83036,Cloud to Ground,6553,0,10
2026-08-30T23:36:02.009036900Z,15.932786,129.84883,Cloud to Ground,13394,0,10
2026-08-30T23:36:06.084691459Z,19.202652,119.128687,Cloud to Cloud,-7196,18724,7
2026-08-30T23:36:06.085898707Z,19.266537,119.057743,Cloud to Cloud,-6721,14745,6
2026-08-30T23:36:06.056466136Z,19.23741,119.122448,Cloud to Cloud,7861,4127,9
2026-08-30T23:36:05.783837361Z,19.256831,119.134888,Cloud to Cloud,9545,5884,8
2026-08-30T23:36:07.854089928Z,14.509206,133.226953,Cloud to Ground,-13297,0,12
2026-08-30T23:36:07.510204459Z,14.45523,133.327557,Cloud to Ground,14876,0,9
2026-08-30T23:36:07.484443839Z,14.407263,133.330182,Cloud to Ground,24190,0,11
2026-08-30T23:36:07.486875024Z,14.4332,133.316249,Cloud to Ground,26113,0,7
2026-08-30T23:36:07.664373895Z,14.521521,130.52155,Cloud to Ground,-20125,0,15
2026-08-30T23:36:07.390206518Z,19.008871,118.35791,Cloud to Cloud,12250,6031,9
2026-08-30T23:36:07.146231891Z,19.053307,118.5236,Cloud to Cloud,20259,15473,7
2026-08-30T23:36:09.025985352Z,15.503134,130.882551,Cloud to Cloud,-15424,3128,9
2026-08-30T23:36:08.589871570Z,15.558228,130.83301,Cloud to Cloud,-11919,3570,15
2026-08-30T23:36:08.460069416Z,15.512663,130.854737,Cloud to Ground,10383,0,9
2026-08-30T23:36:08.557133198Z,15.504775,130.919844,Cloud to Cloud,15314,14246,15
2026-08-30T23:36:09.286911071Z,19.630256,119.900119,Cloud to Cloud,7568,18125,6
2026-08-30T23:36:10.108493000Z,18.9186,118.1743,Cloud to Ground,-32963,0,6
2026-08-30T23:36:10.703527921Z,18.934455,118.274335,Cloud to Ground,-21421,0,15
2026-08-30T23:36:10.845414226Z,18.936915,118.272897,Cloud to Ground,-11457,0,6
2026-08-30T23:36:10.556829000Z,18.9262,118.1994,Cloud to Ground,28991,0,5
2026-08-30T23:36:12.862264926Z,19.394963,119.41708,Cloud to Cloud,-9435,3903,7
2026-08-30T23:36:12.902519096Z,19.373261,119.42014,Cloud to Cloud,-6836,19938,8
2026-08-30T23:36:12.758053604Z,19.383396,119.389526,Cloud to Cloud,-6088,4044,8
2026-08-30T23:36:17.837112791Z,17.068102,127.301529,Cloud to Cloud,6102,3062,9
2026-08-30T23:36:18.592921251Z,18.651803,116.269992,Cloud to Cloud,-8653,3009,7
2026-08-30T23:36:18.149201373Z,18.655241,116.257147,Cloud to Ground,28118,0,9
2026-08-30T23:36:19.243156100Z,16.743996,128.100066,Cloud to Ground,-14762,0,12
2026-08-30T23:36:19.263466542Z,16.750184,128.111807,Cloud to Ground,-8456,0,8
2026-08-30T23:36:18.703488285Z,16.789991,128.069238,Cloud to Cloud,-8020,3836,7
2026-08-30T23:36:19.565299376Z,17.62743,112.48507,Cloud to Ground,10187,0,11
2026-08-30T23:36:19.211157865Z,19.568236,119.687887,Cloud to Cloud,6306,11690,6
2026-08-30T23:36:19.388704265Z,18.744723,113.71828,Cloud to Ground,10429,0,8
2026-08-30T23:36:21.185749753Z,14.42947,133.653503,Cloud to Ground,18887,0,10
2026-08-30T23:36:21.389892075Z,14.547616,133.714508,Cloud to Ground,-11692,0,9
2026-08-30T23:36:23.276906731Z,17.903911,113.091069,Cloud to Cloud,6878,3260,9
2026-08-30T23:36:23.277812989Z,17.923767,113.098593,Cloud to Ground,7512,0,9
2026-08-30T23:36:24.800579740Z,14.347409,132.800014,Cloud to Cloud,-19679,5368,11
2026-08-30T23:36:24.796978645Z,14.38341,132.785606,Cloud to Cloud,-14811,3089,8
2026-08-30T23:36:24.795186076Z,14.358386,132.801923,Cloud to Cloud,-11123,13146,8
2026-08-30T23:36:24.965300492Z,14.368719,132.795043,Cloud to Cloud,7654,3093,9
2026-08-30T23:36:24.792669270Z,14.270614,132.83553,Cloud to Cloud,20293,3000,7
2026-08-30T23:36:25.997257354Z,15.339052,120.123511,Cloud to Cloud,5096,14548,10
2026-08-30T23:36:26.571285473Z,19.561823,119.744353,Cloud to Cloud,6219,3551,7
2026-08-30T23:36:26.678777767Z,19.587777,119.755051,Cloud to Cloud,6314,12923,7
2026-08-30T23:36:27.725386464Z,18.331605,120.669673,Cloud to Ground,-77351,0,12
2026-08-30T23:36:27.848717653Z,18.33056,120.662111,Cloud to Ground,-45423,0,11
2026-08-30T23:36:27.759223672Z,18.328073,120.660263,Cloud to Ground,-17866,0,8
2026-08-30T23:36:27.943819471Z,18.332738,120.618843,Cloud to Ground,-12766,0,8
2026-08-30T23:36:27.601041911Z,18.285083,113.59141,Cloud to Cloud,18881,6127,10
2026-08-30T23:36:27.453986009Z,19.388791,119.428393,Cloud to Cloud,24388,6076,11
2026-08-30T23:36:28.461500207Z,19.121757,119.622366,Cloud to Cloud,-8084,11613,8
2026-08-30T23:36:28.334030650Z,19.114299,119.629233,Cloud to Cloud,-6963,13219,7
2026-08-30T23:36:28.393818520Z,19.118512,119.630103,Cloud to Cloud,7730,3008,7
2026-08-30T23:36:28.324152000Z,19.1522,119.6365,Cloud to Ground,10423,0,5
2026-08-30T23:36:28.508586586Z,19.870557,114.400787,Cloud to Cloud,14735,7481,12
2026-08-30T23:36:29.935143549Z,14.472744,133.183699,Cloud to Ground,-15325,0,9
2026-08-30T23:36:30.522673914Z,14.469273,133.133553,Cloud to Ground,-9899,0,8
2026-08-30T23:36:29.982317410Z,19.364921,119.447685,Cloud to Cloud,5520,19105,5
2026-08-30T23:36:29.417718071Z,19.358306,119.432782,Cloud to Ground,16698,0,12
2026-08-30T23:36:30.539671638Z,14.445433,133.282075,Cloud to Ground,-10272,0,11
2026-08-30T23:36:31.033609884Z,19.386956,119.432024,Cloud to Cloud,-4172,19791,5
2026-08-30T23:36:31.159528974Z,19.368529,119.364102,Cloud to Cloud,-3391,17392,6
2026-08-30T23:36:31.003101971Z,19.38676,119.422754,Cloud to Cloud,5324,18971,6
2026-08-30T23:36:30.894808338Z,19.384469,119.412066,Cloud to Cloud,5554,16523,7
2026-08-30T23:36:30.895405903Z,19.392026,119.428392,Cloud to Cloud,6346,19782,7
2026-08-30T23:36:31.083641387Z,14.660939,133.158699,Cloud to Ground,13057,0,12
2026-08-30T23:36:32.319172904Z,16.062807,129.25981,Cloud to Cloud,11328,3102,8
2026-08-30T23:36:32.308620938Z,16.066476,129.127537,Cloud to Cloud,23731,3011,12
2026-08-30T23:36:32.499739845Z,15.97755,129.653764,Cloud to Cloud,-14080,18402,11
2026-08-30T23:36:32.724030216Z,15.997067,129.695193,Cloud to Cloud,-10851,4862,9
2026-08-30T23:36:32.508693129Z,15.974753,129.653279,Cloud to Cloud,-8485,3006,11
2026-08-30T23:36:32.752418952Z,16.960008,127.66018,Cloud to Ground,-18269,0,17
2026-08-30T23:36:33.047922356Z,16.994624,127.71666,Cloud to Ground,-10919,0,10
2026-08-30T23:36:33.002736491Z,16.934208,127.781684,Cloud to Ground,-8572,0,9
2026-08-30T23:36:33.096961528Z,16.942191,127.807312,Cloud to Cloud,-7900,14622,7
2026-08-30T23:36:32.577932934Z,19.732457,119.811841,Cloud to Cloud,6158,18817,6
2026-08-30T23:36:32.607617214Z,19.693406,119.800171,Cloud to Cloud,6411,19265,7
2026-08-30T23:36:32.581771547Z,19.723743,119.80288,Cloud to Cloud,7006,3010,6
2026-08-30T23:36:32.579480592Z,19.728445,119.802349,Cloud to Cloud,7552,9500,6
2026-08-30T23:36:34.695800679Z,4.545718,113.463195,Cloud to Cloud,-18501,4745,14
2026-08-30T23:36:34.696886399Z,4.619669,113.474276,Cloud to Ground,-17733,0,17
2026-08-30T23:36:34.873845704Z,4.51994,113.545709,Cloud to Ground,24932,0,21
2026-08-30T23:36:34.545642876Z,17.212714,127.543237,Cloud to Cloud,9180,9940,10
2026-08-30T23:36:35.769264766Z,15.491545,130.930393,Cloud to Ground,13759,0,13
2026-08-30T23:36:36.852378065Z,16.092657,129.009234,Cloud to Ground,-20912,0,10
2026-08-30T23:36:36.484448761Z,16.011269,129.142353,Cloud to Cloud,-10392,16793,11
2026-08-30T23:36:36.997305920Z,16.065779,129.108502,Cloud to Cloud,-9681,7783,9
2026-08-30T23:36:36.513337851Z,15.979544,129.151897,Cloud to Cloud,11186,5318,9
2026-08-30T23:36:36.483586964Z,15.971419,129.165758,Cloud to Cloud,13136,15788,10
2026-08-30T23:36:37.174602537Z,16.11191,129.096739,Cloud to Cloud,15136,7172,9
2026-08-30T23:36:37.216990548Z,16.055833,129.215947,Cloud to Cloud,-10870,18485,7
2026-08-30T23:36:38.369013929Z,16.306875,128.65681,Cloud to Cloud,9036,3024,9
2026-08-30T23:36:38.484560399Z,16.118608,129.362631,Cloud to Ground,14850,0,10
2026-08-30T23:36:38.585929825Z,14.494407,132.318612,Cloud to Cloud,-9844,16173,11
2026-08-30T23:36:39.119736430Z,14.533396,132.355024,Cloud to Ground,-9631,0,9
2026-08-30T23:36:38.891696442Z,14.441681,132.329641,Cloud to Cloud,8249,7709,8
2026-08-30T23:36:40.932958385Z,19.590129,119.535761,Cloud to Cloud,-6914,18511,7
2026-08-30T23:36:41.083706598Z,19.501587,119.498434,Cloud to Cloud,-4284,3010,7
2026-08-30T23:36:40.838134388Z,19.500587,119.505784,Cloud to Cloud,5467,3009,7
2026-08-30T23:36:41.098951221Z,19.492067,119.482812,Cloud to Cloud,5489,16185,6
2026-08-30T23:36:40.801275262Z,19.518822,119.491534,Cloud to Cloud,7937,15346,8
2026-08-30T23:36:42.164834946Z,19.378861,119.406155,Cloud to Cloud,17442,18395,10
2026-08-30T23:36:44.430317879Z,14.477922,133.659445,Cloud to Ground,-15179,0,18
2026-08-30T23:36:44.479191074Z,14.484435,133.67717,Cloud to Ground,-10485,0,10
2026-08-30T23:36:44.413414765Z,14.372401,133.866129,Cloud to Ground,-14004,0,8
2026-08-30T23:36:44.443599620Z,14.482461,133.824969,Cloud to Ground,8552,0,18
2026-08-30T23:36:44.531651636Z,14.493697,133.823827,Cloud to Ground,16440,0,16
2026-08-30T23:36:44.501605604Z,15.256979,120.1879,Cloud to Cloud,8137,17127,11
2026-08-30T23:36:44.982418269Z,17.061941,127.128171,Cloud to Cloud,14492,19883,7
2026-08-30T23:36:46.577753418Z,19.397625,119.433407,Cloud to Cloud,8120,3585,6
2026-08-30T23:36:46.231832895Z,19.385794,119.426393,Cloud to Cloud,8581,15336,9
2026-08-30T23:36:47.693801259Z,19.437292,119.390054,Cloud to Cloud,7492,5834,9
2026-08-30T23:36:47.334459527Z,19.126026,119.592689,Cloud to Cloud,6843,13910,5
2026-08-30T23:36:49.659641915Z,16.94083,111.7516,Cloud to Ground,16498,0,8
2026-08-30T23:36:51.866036673Z,18.836513,116.325916,Cloud to Ground,-51302,0,15
2026-08-30T23:36:51.888827000Z,18.8579,116.2611,Cloud to Ground,-21867,0,10
2026-08-30T23:36:51.906503667Z,18.83348,116.327767,Cloud to Cloud,-18937,6803,10
2026-08-30T23:36:51.308941771Z,18.798708,118.12092,Cloud to Cloud,-9541,7075,7
2026-08-30T23:36:51.054152631Z,18.977623,118.262714,Cloud to Ground,15733,0,11
2026-08-30T23:36:52.832450129Z,16.043603,129.094664,Cloud to Cloud,-12565,5819,7
2026-08-30T23:36:52.834199931Z,16.053598,129.097921,Cloud to Cloud,15409,6811,12
2026-08-30T23:36:58.881034562Z,14.749345,131.359965,Cloud to Ground,-12580,0,8
2026-08-30T23:36:58.886867300Z,14.920244,131.354391,Cloud to Ground,23021,0,11
2026-08-30T23:36:58.724135092Z,14.822951,131.384915,Cloud to Ground,35348,0,10
2026-08-30T23:36:58.675183241Z,14.860832,131.365752,Cloud to Ground,119382,0,21
2026-08-30T23:36:58.860673331Z,14.882727,131.219026,Cloud to Ground,-31507,0,23
2026-08-30T23:36:58.795207844Z,14.913537,131.222694,Cloud to Ground,-28759,0,14
2026-08-30T23:36:58.765747436Z,14.886085,131.191773,Cloud to Cloud,-13226,19954,12
2026-08-30T23:36:58.813010225Z,14.84273,131.087976,Cloud to Ground,-14315,0,18
2026-08-30T23:36:59.884555000Z,10.8977,111.7803,Cloud to Ground,-35450,0,5
2026-08-30T23:36:59.882529274Z,10.906729,111.807765,Cloud to Ground,-19326,0,9
2026-08-30T23:36:59.883659863Z,10.865479,111.725734,Cloud to Ground,24706,0,7
2026-08-30T23:36:59.886964660Z,10.857926,111.714165,Cloud to Ground,31679,0,9
2026-08-30T23:37:00.694025346Z,19.910749,120.477601,Cloud to Ground,-113781,0,20
2026-08-30T23:37:02.137507471Z,18.565881,115.392629,Cloud to Cloud,-19732,3040,11
2026-08-30T23:37:02.113329569Z,18.545003,115.390539,Cloud to Ground,12205,0,14
2026-08-30T23:37:03.053014898Z,4.568028,113.51376,Cloud to Cloud,-15666,7683,8
2026-08-30T23:37:02.869081308Z,4.599296,113.521835,Cloud to Cloud,-12262,4114,7
2026-08-30T23:37:03.680535229Z,19.380397,119.45748,Cloud to Cloud,5633,17541,5
2026-08-30T23:37:03.288253286Z,19.390322,119.430097,Cloud to Cloud,6646,15896,6
2026-08-30T23:37:03.457557352Z,19.424077,119.519396,Cloud to Cloud,6958,14315,7
2026-08-30T23:37:03.739319003Z,19.378243,119.434939,Cloud to Ground,18211,0,9
2026-08-30T23:37:04.914415408Z,19.376321,119.439311,Cloud to Cloud,6823,4942,9
2026-08-30T23:37:04.926095098Z,16.574452,128.546455,Cloud to Ground,-32672,0,12
2026-08-30T23:37:05.150516548Z,16.567714,128.555943,Cloud to Cloud,-25284,19334,16
2026-08-30T23:37:05.059832302Z,16.623307,128.478529,Cloud to Ground,-22468,0,15
2026-08-30T23:37:04.900009058Z,16.494913,128.604379,Cloud to Cloud,-15500,7880,9
2026-08-30T23:37:04.966977236Z,16.596047,128.588742,Cloud to Cloud,-12103,3166,10
2026-08-30T23:37:04.992987288Z,16.57882,128.555454,Cloud to Cloud,-10052,5934,9
2026-08-30T23:37:05.569036408Z,16.567795,128.542463,Cloud to Ground,-7696,0,8
2026-08-30T23:37:05.098112365Z,16.619554,128.52424,Cloud to Cloud,9893,15007,12
2026-08-30T23:37:05.667216971Z,16.586456,128.584605,Cloud to Cloud,19462,19403,8
2026-08-30T23:37:05.284420841Z,16.626804,128.57595,Cloud to Ground,34238,0,11
2026-08-30T23:37:06.354055515Z,17.291927,112.166854,Cloud to Ground,-23837,0,7
2026-08-30T23:37:06.338977690Z,17.2373,112.167992,Cloud to Ground,-16582,0,10
2026-08-30T23:37:06.394636637Z,17.278648,112.161147,Cloud to Ground,-14196,0,8
2026-08-30T23:37:06.599853434Z,17.27658,112.165479,Cloud to Cloud,-14117,12237,9
2026-08-30T23:37:06.600479583Z,17.228444,112.109014,Cloud to Cloud,-10993,3418,6
2026-08-30T23:37:06.340327332Z,17.259204,112.077292,Cloud to Ground,12347,0,8
2026-08-30T23:37:06.343411796Z,17.282592,112.178982,Cloud to Ground,40305,0,11
2026-08-30T23:37:06.699630515Z,19.129492,119.611693,Cloud to Cloud,7188,6160,6
2026-08-30T23:37:06.574384362Z,19.14213,119.63521,Cloud to Cloud,8343,3010,6
2026-08-30T23:37:06.552629020Z,19.140511,119.612147,Cloud to Cloud,9047,16408,5
2026-08-30T23:37:06.716185650Z,19.130294,119.626741,Cloud to Cloud,13408,3056,10
2026-08-30T23:37:07.700023961Z,18.862668,118.322798,Cloud to Ground,-18653,0,12
2026-08-30T23:37:07.286351630Z,18.866544,118.324816,Cloud to Ground,-12837,0,9
2026-08-30T23:37:07.847904106Z,18.858577,118.324418,Cloud to Ground,-11416,0,9
2026-08-30T23:37:08.074082523Z,18.864658,118.320381,Cloud to Ground,-9527,0,7
2026-08-30T23:37:07.743176282Z,18.867462,118.318858,Cloud to Ground,-8311,0,7
2026-08-30T23:37:07.573890152Z,18.261602,114.33174,Cloud to Ground,11370,0,8
2026-08-30T23:37:09.540501121Z,14.597833,133.7615,Cloud to Ground,-9642,0,10
2026-08-30T23:37:09.667176789Z,14.680922,133.876255,Cloud to Ground,-12400,0,15
2026-08-30T23:37:09.571924550Z,14.57459,133.916859,Cloud to Cloud,-10956,3594,18
2026-08-30T23:37:09.536356634Z,14.595843,133.917823,Cloud to Ground,14230,0,13
2026-08-30T23:37:10.160167665Z,14.578159,133.878332,Cloud to Ground,22774,0,12
2026-08-30T23:37:10.612469997Z,19.585062,119.796039,Cloud to Cloud,7280,18785,6
2026-08-30T23:37:10.424707199Z,19.634347,119.770308,Cloud to Cloud,7843,12103,7
2026-08-30T23:37:10.630542662Z,19.583027,119.811056,Cloud to Cloud,8244,10026,6
2026-08-30T23:37:10.403039862Z,19.638599,119.763228,Cloud to Cloud,10829,12209,7
2026-08-30T23:37:11.019813201Z,15.482162,130.556689,Cloud to Cloud,-11433,3088,13
2026-08-30T23:37:11.013500651Z,15.391621,130.583958,Cloud to Cloud,17652,3005,8
2026-08-30T23:37:11.122668444Z,15.484713,130.592545,Cloud to Ground,37091,0,11
2026-08-30T23:37:11.014141841Z,15.477703,130.564558,Cloud to Ground,49848,0,24
2026-08-30T23:37:15.049634939Z,15.645106,130.103151,Cloud to Cloud,30072,3087,9
2026-08-30T23:37:15.037083002Z,14.399873,132.473916,Cloud to Cloud,14255,15081,7
2026-08-30T23:37:15.213750504Z,19.402998,119.441863,Cloud to Ground,-17803,0,17
2026-08-30T23:37:15.228926921Z,19.395145,119.429498,Cloud to Cloud,-6123,10917,6
2026-08-30T23:37:14.967528714Z,18.534685,115.128035,Cloud to Cloud,-19260,19743,11
2026-08-30T23:37:15.085050901Z,18.575176,115.167727,Cloud to Ground,17573,0,12
2026-08-30T23:37:15.118902406Z,18.550437,115.10388,Cloud to Ground,24902,0,12
2026-08-30T23:37:15.636890000Z,19.443,116.9311,Cloud to Ground,-12388,0,5
2026-08-30T23:37:15.704250537Z,19.37278,116.908307,Cloud to Ground,49664,0,14
2026-08-30T23:37:16.005680966Z,19.628774,119.898397,Cloud to Cloud,5575,5416,6
2026-08-30T23:37:16.293870106Z,19.604255,119.878762,Cloud to Cloud,6516,12226,6
2026-08-30T23:37:16.322327921Z,19.599886,119.872078,Cloud to Cloud,9897,9784,5
2026-08-30T23:37:17.849870147Z,14.285709,132.059091,Cloud to Ground,-13608,0,10
2026-08-30T23:37:18.639147672Z,16.177223,128.862265,Cloud to Cloud,11344,3658,8
2026-08-30T23:37:18.448733654Z,15.985572,129.541252,Cloud to Cloud,14928,7403,6
2026-08-30T23:37:18.381682547Z,16.057477,129.618886,Cloud to Cloud,-10463,3913,10
2026-08-30T23:37:22.054205688Z,19.554583,119.612076,Cloud to Cloud,-4338,19596,5
2026-08-30T23:37:21.558693471Z,19.550087,119.598341,Cloud to Cloud,11641,18878,6
2026-08-30T23:37:21.577447816Z,19.545632,119.6248,Cloud to Cloud,15241,12682,11
2026-08-30T23:37:22.720019078Z,14.456699,133.332999,Cloud to Ground,-10349,0,8
2026-08-30T23:37:22.147002525Z,14.523562,133.261415,Cloud to Ground,-10111,0,11
2026-08-30T23:37:22.145200675Z,14.464403,133.31012,Cloud to Ground,29753,0,15
2026-08-30T23:37:22.145638093Z,14.463207,133.308233,Cloud to Ground,40036,0,10
2026-08-30T23:37:22.566937365Z,18.228591,113.727616,Cloud to Cloud,-12395,4064,8
2026-08-30T23:37:22.526576716Z,18.266684,113.700832,Cloud to Ground,-11852,0,8
2026-08-30T23:37:23.283611464Z,4.602019,113.501659,Cloud to Cloud,-9102,6544,6
2026-08-30T23:37:25.557043758Z,17.113257,127.242651,Cloud to Cloud,6319,17953,8
2026-08-30T23:37:25.068984928Z,17.077493,127.314536,Cloud to Ground,15133,0,16
2026-08-30T23:37:28.707999575Z,19.378898,119.412639,Cloud to Cloud,4087,19160,6
2026-08-30T23:37:28.393483980Z,19.385159,119.433341,Cloud to Cloud,5426,19268,8
2026-08-30T23:37:28.608132271Z,19.391188,119.432882,Cloud to Cloud,7914,7101,8
2026-08-30T23:37:29.959979554Z,14.520381,133.076651,Cloud to Ground,-16978,0,13
2026-08-30T23:37:29.959348828Z,14.500777,133.092125,Cloud to Cloud,-15227,19033,12
2026-08-30T23:37:29.958596572Z,14.516895,133.096721,Cloud to Ground,15980,0,14
2026-08-30T23:37:29.130495354Z,19.179897,119.633147,Cloud to Cloud,8120,15994,6
2026-08-30T23:37:29.144019532Z,19.231801,119.721925,Cloud to Cloud,6084,5862,7
2026-08-30T23:37:30.209921212Z,14.490851,132.864476,Cloud to Ground,-12068,0,8
2026-08-30T23:37:30.018210584Z,14.519724,132.938293,Cloud to Ground,-10513,0,9
2026-08-30T23:37:31.391890911Z,15.934618,129.293482,Cloud to Cloud,10307,8838,7
2026-08-30T23:37:31.348550624Z,16.028987,129.246558,Cloud to Cloud,-13265,18001,10
2026-08-30T23:37:31.396997444Z,16.0588,129.221111,Cloud to Cloud,-5994,3496,7
2026-08-30T23:37:31.376544859Z,16.062917,129.276639,Cloud to Cloud,22667,18458,9
2026-08-30T23:37:32.526656782Z,17.416866,127.0908,Cloud to Cloud,-11676,5064,8
2026-08-30T23:37:32.497879033Z,17.348223,127.140355,Cloud to Ground,33760,0,11
2026-08-30T23:37:33.940234786Z,19.245114,119.705959,Cloud to Cloud,-10472,6017,9
2026-08-30T23:37:33.747231721Z,19.13176,119.630149,Cloud to Cloud,-5482,6908,6
2026-08-30T23:37:33.714437380Z,19.137494,119.623175,Cloud to Cloud,5708,19596,5
2026-08-30T23:37:34.583918073Z,16.121488,129.393737,Cloud to Cloud,-6879,3168,8
2026-08-30T23:37:34.581330248Z,16.167623,129.391815,Cloud to Cloud,11503,6977,10
2026-08-30T23:37:34.582109012Z,16.134921,129.407367,Cloud to Cloud,14324,16438,11
2026-08-30T23:37:34.462034661Z,17.668747,112.537523,Cloud to Cloud,6720,16289,7
2026-08-30T23:37:34.355806575Z,19.6322,119.898447,Cloud to Cloud,5350,3073,5
2026-08-30T23:37:34.336578856Z,19.629652,119.889536,Cloud to Cloud,7142,7270,5
2026-08-30T23:37:37.104917959Z,17.068841,111.967595,Cloud to Cloud,13537,10373,9
2026-08-30T23:37:38.103845191Z,14.13862,134.967043,Cloud to Ground,-10380,0,9
2026-08-30T23:37:39.343553433Z,16.051265,129.126143,Cloud to Ground,-32559,0,7
2026-08-30T23:37:39.695604478Z,16.029149,129.132508,Cloud to Cloud,-10814,8641,10
2026-08-30T23:37:39.691967667Z,15.983313,129.015917,Cloud to Cloud,-8823,6483,6
2026-08-30T23:37:39.384440902Z,16.041298,128.945881,Cloud to Cloud,-7281,5389,15
2026-08-30T23:37:40.033332480Z,15.920481,129.057405,Cloud to Cloud,8669,3639,8
2026-08-30T23:37:39.050497600Z,18.154698,114.066605,Cloud to Ground,-31355,0,19
2026-08-30T23:37:39.049936437Z,18.171809,114.061832,Cloud to Ground,-22511,0,12
2026-08-30T23:37:39.080465323Z,18.153026,114.073649,Cloud to Cloud,-11075,6080,11
2026-08-30T23:37:39.048767691Z,18.160183,113.979774,Cloud to Ground,31648,0,9
2026-08-30T23:37:41.661642512Z,19.10662,119.588442,Cloud to Cloud,4598,7279,6
2026-08-30T23:37:43.955607255Z,14.434387,132.343045,Cloud to Cloud,8112,7503,7
2026-08-30T23:37:43.064988271Z,18.244692,120.603372,Cloud to Cloud,6386,3001,7
2026-08-30T23:37:42.829107741Z,18.248229,120.603253,Cloud to Cloud,7709,9854,7
2026-08-30T23:37:43.342817011Z,18.247194,120.615267,Cloud to Cloud,8835,15495,9
2026-08-30T23:37:48.628812984Z,19.75358,120.30306,Cloud to Cloud,-9565,5301,7
2026-08-30T23:37:48.312046386Z,19.772914,120.242625,Cloud to Cloud,11950,3005,10
2026-08-30T23:37:48.283182384Z,19.823843,120.439874,Cloud to Cloud,-12259,11955,9
2026-08-30T23:37:48.752183740Z,19.800469,120.410838,Cloud to Cloud,6331,17378,6
2026-08-30T23:37:48.439702638Z,19.828563,120.458331,Cloud to Cloud,6391,12565,6
2026-08-30T23:37:48.295065454Z,19.827071,120.466912,Cloud to Cloud,8325,3077,7
2026-08-30T23:37:48.264402000Z,19.8478,120.3621,Cloud to Ground,14190,0,7
2026-08-30T23:37:48.240396181Z,19.825423,120.452058,Cloud to Ground,23217,0,9
2026-08-30T23:37:49.585483260Z,14.361086,131.987879,Cloud to Ground,17549,0,13
2026-08-30T23:37:50.947541142Z,14.539357,132.105242,Cloud to Ground,-20360,0,8
2026-08-30T23:37:50.962540708Z,14.535944,132.077271,Cloud to Cloud,-16002,13542,13
2026-08-30T23:37:50.627665157Z,14.521696,132.154614,Cloud to Cloud,-14085,17932,8
2026-08-30T23:37:51.002099585Z,14.612144,132.14103,Cloud to Ground,-10080,0,7
2026-08-30T23:37:50.946593372Z,14.528159,132.167598,Cloud to Ground,48332,0,11
2026-08-30T23:37:50.949227860Z,14.531103,132.157729,Cloud to Ground,61954,0,17
2026-08-30T23:37:50.182567189Z,17.631883,112.445418,Cloud to Ground,-12591,0,5
2026-08-30T23:37:50.286957241Z,17.661391,112.556942,Cloud to Ground,-8468,0,9
2026-08-30T23:37:53.139959551Z,19.379159,119.43559,Cloud to Cloud,15872,14079,11
2026-08-30T23:37:52.943773009Z,19.386438,119.429974,Cloud to Cloud,17834,17077,12
2026-08-30T23:37:52.848438277Z,19.365814,119.443228,Cloud to Ground,33942,0,17
2026-08-30T23:37:53.552981150Z,18.82634,113.862861,Cloud to Cloud,-10666,3602,7
2026-08-30T23:37:53.372555714Z,18.77586,113.785421,Cloud to Ground,17660,0,12
2026-08-30T23:37:54.281107982Z,14.450597,133.661044,Cloud to Ground,-15322,0,10
2026-08-30T23:37:54.279441082Z,14.503007,133.580815,Cloud to Ground,-22358,0,12
2026-08-30T23:37:54.934206502Z,18.818072,118.261527,Cloud to Cloud,-26607,17525,13
2026-08-30T23:37:54.976726907Z,18.84165,118.279243,Cloud to Cloud,7414,5627,8
2026-08-30T23:37:54.932747142Z,18.899408,118.28254,Cloud to Cloud,11937,12733,7
2026-08-30T23:37:54.900996111Z,18.830396,118.25898,Cloud to Cloud,16656,4786,9
2026-08-30T23:37:55.565545937Z,16.55502,128.55361,Cloud to Cloud,-10836,5056,6
2026-08-30T23:37:56.455867461Z,19.623584,119.601074,Cloud to Cloud,7179,12486,7
2026-08-30T23:37:56.450717047Z,19.558614,119.620435,Cloud to Cloud,7331,7764,5
2026-08-30T23:37:56.485057427Z,19.63414,119.641019,Cloud to Cloud,14659,6493,8
2026-08-30T23:37:57.773124907Z,19.220801,116.195041,Cloud to Ground,-87566,0,13
2026-08-30T23:37:57.817686941Z,19.193453,116.16457,Cloud to Ground,-37247,0,9
2026-08-30T23:37:57.991093925Z,19.258484,116.172094,Cloud to Ground,-29955,0,12
2026-08-30T23:37:57.862836838Z,19.259265,116.167406,Cloud to Ground,-26864,0,12
2026-08-30T23:37:57.863286206Z,19.249842,116.177044,Cloud to Ground,-10724,0,7
2026-08-30T23:37:57.221597880Z,16.028187,129.577945,Cloud to Cloud,-36793,4408,12
2026-08-30T23:37:57.210862910Z,16.046124,129.344217,Cloud to Cloud,-17777,17357,14
2026-08-30T23:37:58.327847232Z,19.712469,119.81963,Cloud to Cloud,5888,18066,5
2026-08-30T23:37:58.926798767Z,19.584698,119.83925,Cloud to Cloud,7933,7036,5
2026-08-30T23:37:58.924563506Z,19.614298,119.842283,Cloud to Cloud,8266,12095,7
2026-08-30T23:37:59.816195435Z,14.855379,131.355908,Cloud to Ground,-36150,0,16
2026-08-30T23:37:59.843341098Z,14.878594,131.381325,Cloud to Ground,-20474,0,13
2026-08-30T23:37:59.882418441Z,14.873654,131.361073,Cloud to Cloud,15148,4349,15
2026-08-30T23:37:59.955401923Z,14.869047,131.354272,Cloud to Ground,19744,0,11
2026-08-30T23:37:59.895072046Z,14.882065,131.182517,Cloud to Ground,-14138,0,10
2026-08-30T23:37:59.030402240Z,16.028417,129.191808,Cloud to Cloud,8908,5766,7
2026-08-30T23:37:59.402671356Z,19.227033,119.198234,Cloud to Cloud,12925,7932,5
2026-08-30T23:38:03.081512451Z,15.750627,130.059323,Cloud to Ground,-9977,0,8
2026-08-30T23:38:04.230235000Z,19,118.367,Cloud to Ground,-26414,0,10
2026-08-30T23:38:04.442683041Z,19.002515,118.37844,Cloud to Cloud,-9113,3092,8
2026-08-30T23:38:04.808322460Z,19.010757,118.389342,Cloud to Cloud,5172,12695,5
2026-08-30T23:38:04.223010909Z,19.011133,118.360184,Cloud to Cloud,8056,4545,6
2026-08-30T23:38:04.475578203Z,19.013084,118.391485,Cloud to Cloud,9503,3012,9
2026-08-30T23:38:04.246766109Z,19.087528,118.380866,Cloud to Cloud,17635,7557,8
2026-08-30T23:38:04.226022600Z,18.978871,118.374707,Cloud to Ground,26780,0,10
2026-08-30T23:38:05.895738282Z,19.389309,119.415299,Cloud to Cloud,4709,13044,6
2026-08-30T23:38:05.896831766Z,19.397685,119.427939,Cloud to Cloud,5625,6039,6
2026-08-30T23:38:05.837782275Z,19.398343,119.412201,Cloud to Cloud,21978,7792,13
2026-08-30T23:38:05.898375398Z,19.38151,119.402365,Cloud to Ground,48388,0,14
2026-08-30T23:38:06.785308292Z,17.65865,112.61932,Cloud to Cloud,9489,16973,7
2026-08-30T23:38:08.316053503Z,19.532147,119.457089,Cloud to Cloud,5038,7409,6
2026-08-30T23:38:08.884814446Z,19.53751,119.41746,Cloud to Cloud,5760,17836,6
2026-08-30T23:38:08.922423738Z,19.508134,119.51504,Cloud to Cloud,6083,7139,8
2026-08-30T23:38:08.310762013Z,19.526606,119.447511,Cloud to Cloud,6111,17708,7
2026-08-30T23:38:09.178198897Z,19.534424,119.4235,Cloud to Cloud,6681,3006,6
2026-08-30T23:38:08.968635456Z,19.451795,119.531011,Cloud to Cloud,7467,17823,5
2026-08-30T23:38:08.272342087Z,19.542316,119.500472,Cloud to Cloud,7808,18391,6
2026-08-30T23:38:08.272945423Z,19.544498,119.504838,Cloud to Cloud,9379,13351,5
2026-08-30T23:38:11.866189254Z,19.129114,119.637318,Cloud to Cloud,6125,8364,6
2026-08-30T23:38:11.822225958Z,19.130895,119.646522,Cloud to Cloud,8682,12877,6
2026-08-30T23:38:11.857164792Z,19.13022,119.638671,Cloud to Cloud,15215,4884,7
2026-08-30T23:38:11.768684188Z,19.212045,119.665914,Cloud to Cloud,17412,16576,8
2026-08-30T23:38:12.866174362Z,14.387506,132.444017,Cloud to Cloud,-8145,7667,8
2026-08-30T23:38:12.536738079Z,14.527296,132.373669,Cloud to Cloud,7877,6087,12
2026-08-30T23:38:12.897519291Z,14.518951,132.239997,Cloud to Ground,10388,0,13
2026-08-30T23:38:12.187343941Z,17.073712,111.773316,Cloud to Cloud,-13756,6089,7
2026-08-30T23:38:12.326935886Z,16.976236,111.818824,Cloud to Ground,-13297,0,11
2026-08-30T23:38:12.213142792Z,16.970391,111.803023,Cloud to Ground,14917,0,9
2026-08-30T23:38:13.174647434Z,14.438278,133.327391,Cloud to Ground,-14401,0,9
2026-08-30T23:38:13.166492360Z,14.481905,133.336943,Cloud to Ground,-12961,0,11
2026-08-30T23:38:13.302379623Z,14.480936,133.300954,Cloud to Ground,-12877,0,6
2026-08-30T23:38:13.167373074Z,14.488354,133.290405,Cloud to Cloud,-12172,3090,20
2026-08-30T23:38:13.170141619Z,14.457304,133.318965,Cloud to Cloud,-9293,5130,12
2026-08-30T23:38:13.167847815Z,14.420745,133.354787,Cloud to Ground,88473,0,15
2026-08-30T23:38:13.330383956Z,19.388664,119.432302,Cloud to Cloud,7564,3478,7
2026-08-30T23:38:14.860114797Z,18.842861,116.245838,Cloud to Cloud,-32581,10173,18
2026-08-30T23:38:14.868154481Z,18.832525,116.251859,Cloud to Cloud,-23363,7303,10
2026-08-30T23:38:15.007936237Z,18.815494,116.225089,Cloud to Cloud,-12582,19128,6
2026-08-30T23:38:14.858481975Z,18.846195,116.138024,Cloud to Ground,38074,0,10
2026-08-30T23:38:15.741812473Z,16.990795,127.422195,Cloud to Cloud,12121,15944,8
2026-08-30T23:38:15.969419814Z,16.029394,129.122638,Cloud to Cloud,-9508,19925,7
2026-08-30T23:38:16.037103742Z,14.327542,131.922665,Cloud to Ground,43548,0,16
2026-08-30T23:38:16.177714839Z,17.102873,127.407504,Cloud to Ground,-24318,0,14
2026-08-30T23:38:16.204652505Z,17.10291,127.406866,Cloud to Ground,-13911,0,8
2026-08-30T23:38:17.332902065Z,16.195995,129.228831,Cloud to Ground,-11701,0,8
2026-08-30T23:38:17.163860563Z,16.096807,129.396109,Cloud to Cloud,16981,4125,7
2026-08-30T23:38:17.330275561Z,16.232923,129.109998,Cloud to Cloud,-11987,12707,8
2026-08-30T23:38:18.994419033Z,15.512645,130.723497,Cloud to Cloud,-7772,7440,7
2026-08-30T23:38:18.992443515Z,15.51501,130.728613,Cloud to Ground,21122,0,18
2026-08-30T23:38:18.779881096Z,15.89077,129.763248,Cloud to Cloud,15693,3563,10
2026-08-30T23:38:18.089155137Z,19.224275,119.729282,Cloud to Cloud,6925,3256,6
2026-08-30T23:38:19.100643270Z,15.6049,130.854372,Cloud to Ground,-12122,0,14
2026-08-30T23:38:19.185307303Z,14.275537,134.97541,Cloud to Ground,-13405,0,12
2026-08-30T23:38:19.062710765Z,14.638552,133.883685,Cloud to Ground,-20325,0,25
2026-08-30T23:38:19.076170887Z,14.636346,133.90231,Cloud to Ground,-7261,0,9
2026-08-30T23:38:19.351302744Z,14.572731,133.954121,Cloud to Cloud,7620,7640,7
2026-08-30T23:38:19.071075255Z,14.576035,133.920436,Cloud to Ground,11450,0,7
2026-08-30T23:38:20.013989901Z,17.05563,127.158427,Cloud to Cloud,-19463,3022,10
2026-08-30T23:38:24.948048164Z,16.574535,128.542803,Cloud to Cloud,-9471,9643,8
2026-08-30T23:38:25.924100282Z,15.448962,130.633962,Cloud to Ground,25840,0,10
2026-08-30T23:38:25.314380564Z,16.625659,128.355647,Cloud to Cloud,-11803,18670,7
2026-08-30T23:38:25.130006947Z,16.502433,128.415502,Cloud to Cloud,6150,16976,7
2026-08-30T23:38:26.145147692Z,4.592615,113.492532,Cloud to Ground,20521,0,12
2026-08-30T23:38:28.690029706Z,19.581829,119.617052,Cloud to Cloud,5873,15086,7
2026-08-30T23:38:28.574940000Z,18.4801,114.9894,Cloud to Ground,-13978,0,7
2026-08-30T23:38:28.586064091Z,18.46764,114.909122,Cloud to Ground,17015,0,14
2026-08-30T23:38:29.118349000Z,18.4459,114.9601,Cloud to Ground,50143,0,7
2026-08-30T23:38:29.158398463Z,18.576137,114.975613,Cloud to Cloud,-17556,7297,10
2026-08-30T23:38:29.833655562Z,18.651626,116.308336,Cloud to Ground,10912,0,8
2026-08-30T23:38:30.065245196Z,15.830188,130.065105,Cloud to Cloud,-9479,7336,9
2026-08-30T23:38:30.079151748Z,15.828475,130.057266,Cloud to Cloud,8914,10341,7
2026-08-30T23:38:31.855683477Z,19.385126,119.444041,Cloud to Cloud,7818,7398,6
2026-08-30T23:38:31.853688408Z,19.142118,119.636983,Cloud to Cloud,6968,18389,8
2026-08-30T23:38:31.878350801Z,19.222487,119.666324,Cloud to Cloud,8296,12118,7
2026-08-30T23:38:33.898598327Z,17.075625,127.315751,Cloud to Cloud,10587,6607,9
2026-08-30T23:38:34.562761724Z,19.379046,119.430007,Cloud to Cloud,7509,14555,9
2026-08-30T23:38:37.204720356Z,14.341208,133.363421,Cloud to Ground,12039,0,10
2026-08-30T23:38:37.460514168Z,19.559081,119.617354,Cloud to Cloud,5005,13204,7
2026-08-30T23:38:38.088743033Z,14.554152,133.200477,Cloud to Ground,-18271,0,14
2026-08-30T23:38:37.582322561Z,14.52162,133.242548,Cloud to Ground,-13138,0,10
2026-08-30T23:38:38.108603780Z,14.591465,133.366636,Cloud to Ground,13576,0,8
2026-08-30T23:38:38.057450164Z,14.577148,133.388147,Cloud to Ground,80560,0,17
2026-08-30T23:38:39.181374421Z,4.58484,113.535875,Cloud to Ground,44036,0,13
2026-08-30T23:38:39.188633012Z,17.266506,112.165694,Cloud to Ground,-63295,0,12
2026-08-30T23:38:39.405843532Z,17.22841,112.05609,Cloud to Cloud,8107,5863,7
2026-08-30T23:38:39.216231127Z,17.207072,112.029003,Cloud to Ground,8698,0,6
2026-08-30T23:38:39.191162640Z,17.257104,112.078586,Cloud to Ground,21560,0,12
2026-08-30T23:38:39.104207104Z,19.585407,119.911777,Cloud to Cloud,7963,3118,5
2026-08-30T23:38:39.299338484Z,19.386133,119.413269,Cloud to Cloud,12734,6659,10
2026-08-30T23:38:40.551924102Z,16.075609,129.126209,Cloud to Cloud,-10456,17109,8
2026-08-30T23:38:40.585331591Z,16.066566,129.103061,Cloud to Cloud,9658,17326,8
2026-08-30T23:38:40.188647378Z,19.392543,119.422345,Cloud to Cloud,12517,18369,6
2026-08-30T23:38:44.189420185Z,18.345852,120.735471,Cloud to Cloud,-5918,11606,7
2026-08-30T23:38:44.450699011Z,18.237827,120.62399,Cloud to Cloud,-5870,6903,6
2026-08-30T23:38:43.943285870Z,18.318357,120.654599,Cloud to Ground,15423,0,8
2026-08-30T23:38:45.184616702Z,17.643575,112.529922,Cloud to Ground,8341,0,7
2026-08-30T23:38:45.784906525Z,19.384879,119.427643,Cloud to Cloud,5833,19819,7
2026-08-30T23:38:48.456780427Z,16.024991,129.293952,Cloud to Ground,39361,0,12
2026-08-30T23:38:49.106992631Z,15.550012,130.807799,Cloud to Ground,-20939,0,18
2026-08-30T23:38:49.030432203Z,15.503933,130.892984,Cloud to Ground,-51912,0,15
2026-08-30T23:38:50.862150893Z,19.831374,120.388543,Cloud to Cloud,-6869,3007,9
2026-08-30T23:38:50.644581166Z,19.821174,120.429978,Cloud to Cloud,-5948,16573,5
2026-08-30T23:38:50.869860105Z,19.811915,120.415312,Cloud to Cloud,6002,19974,6
2026-08-30T23:38:50.517709396Z,19.826328,120.445905,Cloud to Cloud,7214,4175,6
2026-08-30T23:38:50.385538079Z,19.791401,120.428433,Cloud to Cloud,7845,18925,5
2026-08-30T23:38:50.905313764Z,19.790932,120.409499,Cloud to Cloud,8430,5309,7
2026-08-30T23:38:50.902828113Z,19.820377,120.41349,Cloud to Cloud,14169,19279,6
2026-08-30T23:38:50.368459219Z,19.739799,120.418191,Cloud to Ground,31714,0,7
2026-08-30T23:38:51.588882396Z,18.755971,118.234484,Cloud to Ground,15786,0,9
2026-08-30T23:38:51.539760069Z,18.873119,118.323129,Cloud to Ground,-97874,0,18
2026-08-30T23:38:51.560533341Z,18.876671,118.318694,Cloud to Ground,-28855,0,12
2026-08-30T23:38:51.605409072Z,18.87743,118.313373,Cloud to Ground,-26943,0,12
2026-08-30T23:38:51.574835965Z,18.870872,118.220351,Cloud to Cloud,-19008,6347,12
2026-08-30T23:38:51.638672000Z,18.9436,118.3662,Cloud to Ground,29927,0,5
2026-08-30T23:38:51.901835029Z,19.384454,119.414916,Cloud to Cloud,9715,18311,5
2026-08-30T23:38:52.323944752Z,18.172423,114.395691,Cloud to Ground,10123,0,10
2026-08-30T23:38:52.304478547Z,18.187691,114.414921,Cloud to Cloud,10365,18245,8
2026-08-30T23:38:52.196158670Z,19.435508,119.550677,Cloud to Cloud,15104,17010,9
2026-08-30T23:38:52.189840296Z,19.222015,119.719391,Cloud to Cloud,7415,4990,5
2026-08-30T23:38:52.211158933Z,19.217389,119.70697,Cloud to Cloud,10832,6046,9
2026-08-30T23:38:54.240184809Z,14.501226,132.448813,Cloud to Ground,13252,0,9
2026-08-30T23:38:55.817562694Z,4.575379,113.51648,Cloud to Ground,11430,0,10
2026-08-30T23:38:55.371017864Z,15.486641,131.034651,Cloud to Cloud,-15843,4128,15
2026-08-30T23:38:55.389628093Z,15.470452,131.065781,Cloud to Cloud,-13205,13042,9
2026-08-30T23:38:55.375968857Z,15.483168,131.059801,Cloud to Cloud,-11845,18752,10
2026-08-30T23:38:55.382295498Z,15.477469,131.090016,Cloud to Cloud,-11779,19488,11
2026-08-30T23:38:55.371474745Z,15.487697,131.044828,Cloud to Cloud,-7817,3535,11
2026-08-30T23:38:55.370361341Z,15.464249,131.071051,Cloud to Ground,98081,0,13
2026-08-30T23:38:58.453152218Z,18.241616,113.669774,Cloud to Cloud,-18431,12865,8
2026-08-30T23:38:58.453631797Z,18.245713,113.696065,Cloud to Cloud,-16359,3024,7
2026-08-30T23:38:59.119716959Z,19.363316,119.451268,Cloud to Cloud,4959,6155,6
2026-08-30T23:38:58.851619952Z,19.399833,119.444351,Cloud to Cloud,9320,17002,7
2026-08-30T23:38:58.562446534Z,19.382552,119.428002,Cloud to Cloud,18902,3887,9
2026-08-30T23:39:00.674361639Z,14.332696,132.842584,Cloud to Ground,-17562,0,7
2026-08-30T23:39:00.680765684Z,14.449433,132.790616,Cloud to Ground,-14772,0,11
2026-08-30T23:39:00.679457427Z,14.452462,132.806033,Cloud to Ground,-13310,0,8
2026-08-30T23:39:00.678175993Z,14.45169,132.800709,Cloud to Ground,-12273,0,14
2026-08-30T23:39:01.182310909Z,14.474979,132.814722,Cloud to Ground,13876,0,7
2026-08-30T23:39:01.160126000Z,14.4726,132.7756,Cloud to Ground,51627,0,10
2026-08-30T23:39:00.869178525Z,19.853823,114.416395,Cloud to Ground,-55169,0,14
2026-08-30T23:39:00.858623106Z,19.82986,114.419915,Cloud to Cloud,-11725,3001,7
2026-08-30T23:39:00.887321626Z,19.865256,114.376657,Cloud to Cloud,8468,3029,6
2026-08-30T23:39:01.963712069Z,19.375728,119.436553,Cloud to Cloud,13358,5335,8
2026-08-30T23:39:03.179051723Z,19.949472,120.432071,Cloud to Cloud,5128,10466,7
2026-08-30T23:39:03.412836253Z,19.945147,120.439433,Cloud to Cloud,5404,19936,5
2026-08-30T23:39:03.173543534Z,19.923722,120.443199,Cloud to Cloud,9750,16665,7
2026-08-30T23:39:03.172641360Z,19.952416,120.432367,Cloud to Ground,11575,0,14
2026-08-30T23:39:05.664836555Z,19.142236,119.744185,Cloud to Cloud,-5837,16605,8
2026-08-30T23:39:05.445667791Z,19.733032,119.856075,Cloud to Cloud,-7391,3883,12
2026-08-30T23:39:05.463248000Z,19.1854,119.6023,Cloud to Ground,-8703,0,8
2026-08-30T23:39:05.588412119Z,19.111855,119.616612,Cloud to Cloud,-3487,18211,6
2026-08-30T23:39:05.408114757Z,19.101659,119.650161,Cloud to Cloud,7430,7654,6
2026-08-30T23:39:06.463727581Z,14.289602,133.632415,Cloud to Ground,-12160,0,14
2026-08-30T23:39:06.481460749Z,14.270146,133.666754,Cloud to Ground,-10055,0,9
2026-08-30T23:39:06.463210348Z,14.230913,133.729208,Cloud to Ground,12619,0,14
2026-08-30T23:39:06.388546835Z,16.485987,128.577449,Cloud to Cloud,-11425,12864,11
2026-08-30T23:39:07.935476980Z,16.044126,129.132837,Cloud to Ground,-16018,0,11
2026-08-30T23:39:07.951077223Z,16.061511,129.126175,Cloud to Cloud,-7920,9803,8
2026-08-30T23:39:07.201379136Z,19.80099,119.846567,Cloud to Cloud,11823,12061,9
2026-08-30T23:39:07.376565391Z,19.639952,119.817789,Cloud to Cloud,6116,16212,7
2026-08-30T23:39:07.217138154Z,19.700024,119.841025,Cloud to Cloud,6147,17780,7
2026-08-30T23:39:08.272885557Z,16.106987,129.007944,Cloud to Cloud,-9386,7338,9
2026-08-30T23:39:08.536049399Z,16.555264,128.585991,Cloud to Ground,-20623,0,10
2026-08-30T23:39:08.730673874Z,16.589208,128.5491,Cloud to Cloud,-6178,3702,9
2026-08-30T23:39:08.417001340Z,16.49023,128.614551,Cloud to Cloud,10329,15582,10
2026-08-30T23:39:08.433056749Z,16.556437,128.589796,Cloud to Cloud,15712,3344,12
2026-08-30T23:39:08.439332472Z,16.537352,128.588233,Cloud to Ground,28875,0,8
2026-08-30T23:39:10.414197909Z,19.575854,119.623712,Cloud to Cloud,-7212,12009,7
2026-08-30T23:39:10.359591320Z,19.563417,119.627211,Cloud to Cloud,6197,5728,6
2026-08-30T23:39:10.453460304Z,19.57404,119.620011,Cloud to Cloud,6263,3002,5
2026-08-30T23:39:10.402118035Z,19.575367,119.62325,Cloud to Cloud,6492,6811,6
2026-08-30T23:39:10.454964191Z,19.5724,119.621438,Cloud to Cloud,7405,17793,8
2026-08-30T23:39:10.331171185Z,19.564423,119.625199,Cloud to Cloud,8867,16951,10
2026-08-30T23:39:10.990357810Z,18.982037,118.527566,Cloud to Cloud,-9037,16668,7
2026-08-30T23:39:11.776026578Z,4.727619,113.514087,Cloud to Cloud,-8059,10602,6
2026-08-30T23:39:12.403070774Z,15.268791,130.971467,Cloud to Cloud,28049,3068,11
2026-08-30T23:39:12.401282170Z,15.494734,130.90347,Cloud to Ground,18284,0,10
2026-08-30T23:39:12.154339487Z,19.409582,116.880358,Cloud to Cloud,-6862,14829,8
2026-08-30T23:39:12.149048408Z,19.41928,116.863306,Cloud to Cloud,8933,17520,8
2026-08-30T23:39:13.820169691Z,16.96789,111.812583,Cloud to Ground,21970,0,10
2026-08-30T23:39:13.452290961Z,19.514386,119.523177,Cloud to Cloud,-6880,15718,5
2026-08-30T23:39:13.448507445Z,19.513088,119.528972,Cloud to Cloud,4947,3411,6
2026-08-30T23:39:13.429962960Z,19.515858,119.533834,Cloud to Cloud,18034,11021,9
2026-08-30T23:39:13.752129911Z,17.00702,127.287478,Cloud to Cloud,14591,3071,7
2026-08-30T23:39:15.003782387Z,19.374805,119.408896,Cloud to Cloud,3958,3015,6
2026-08-30T23:39:15.978344583Z,17.189489,111.981506,Cloud to Ground,15713,0,10
2026-08-30T23:39:15.981005981Z,17.074674,111.972991,Cloud to Ground,14727,0,12
2026-08-30T23:39:17.284931965Z,19.190632,116.102585,Cloud to Ground,69837,0,11
2026-08-30T23:39:18.496433789Z,16.816361,127.853984,Cloud to Cloud,12386,3944,12
2026-08-30T23:39:18.499818660Z,16.918329,127.833269,Cloud to Cloud,14065,13379,9
2026-08-30T23:39:18.497241173Z,16.904997,127.67645,Cloud to Cloud,6712,12860,15
2026-08-30T23:39:19.643362435Z,14.520281,132.725461,Cloud to Ground,-20092,0,15
2026-08-30T23:39:19.459892000Z,14.4268,132.3677,Cloud to Ground,-14850,0,5
2026-08-30T23:39:19.899236882Z,19.137374,119.628085,Cloud to Cloud,4780,15783,8
2026-08-30T23:39:19.855813018Z,19.145415,119.625681,Cloud to Cloud,6912,7300,5
2026-08-30T23:39:19.907068511Z,19.138927,119.642227,Cloud to Cloud,7875,3015,6
2026-08-30T23:39:19.992021953Z,19.144748,119.641824,Cloud to Cloud,10251,15959,17
2026-08-30T23:39:20.312538870Z,19.713998,119.940507,Cloud to Cloud,7733,9550,7
2026-08-30T23:39:20.196009961Z,19.556925,119.749729,Cloud to Cloud,4063,18390,6
2026-08-30T23:39:21.814593904Z,14.450836,133.685319,Cloud to Cloud,-16056,3124,15
2026-08-30T23:39:21.817787239Z,14.453568,133.67527,Cloud to Ground,-8816,0,12
2026-08-30T23:39:21.812095521Z,14.449012,133.687252,Cloud to Ground,35533,0,19
2026-08-30T23:39:24.088420000Z,18.2414,120.692,Cloud to Ground,-3653,0,5
2026-08-30T23:39:25.704967157Z,19.377413,119.438659,Cloud to Cloud,26535,14606,10
2026-08-30T23:39:25.936512119Z,19.180709,116.166324,Cloud to Ground,19020,0,12
2026-08-30T23:39:26.406782063Z,14.40965,133.330848,Cloud to Ground,-12585,0,11
2026-08-30T23:39:26.408735231Z,14.418099,133.366977,Cloud to Ground,18037,0,11
2026-08-30T23:39:26.731352912Z,16.156454,129.156223,Cloud to Cloud,12017,11543,7
2026-08-30T23:39:26.286602983Z,20.065239,114.323531,Cloud to Ground,9954,0,9
2026-08-30T23:39:26.286026720Z,20.066694,114.423595,Cloud to Cloud,10266,13369,7
2026-08-30T23:39:28.035927358Z,14.577086,133.848529,Cloud to Ground,-18574,0,15
2026-08-30T23:39:27.434253994Z,14.596071,133.919571,Cloud to Ground,23223,0,18
2026-08-30T23:39:27.576002762Z,17.487165,110.613859,Cloud to Ground,-50012,0,12
2026-08-30T23:39:28.084710069Z,17.423131,110.605909,Cloud to Ground,-17865,0,10
2026-08-30T23:39:27.573064021Z,17.490492,110.624927,Cloud to Ground,-12784,0,9
2026-08-30T23:39:28.211428346Z,19.376655,119.416216,Cloud to Cloud,5241,19293,6
2026-08-30T23:39:30.081345864Z,4.670887,113.522335,Cloud to Cloud,-29845,6482,29
2026-08-30T23:39:30.108183197Z,4.536085,113.509587,Cloud to Cloud,-12846,6624,6
2026-08-30T23:39:30.229154480Z,4.596277,113.529369,Cloud to Ground,-10892,0,7
2026-08-30T23:39:30.061849863Z,4.586938,113.526426,Cloud to Cloud,9324,3003,6
2026-08-30T23:39:30.056852306Z,4.563917,113.4352,Cloud to Cloud,13093,3011,8
2026-08-30T23:39:34.783391876Z,15.944819,129.183925,Cloud to Ground,15394,0,10
2026-08-30T23:39:34.786385915Z,15.970873,129.169621,Cloud to Cloud,16194,3673,10
2026-08-30T23:39:34.830826768Z,16.098982,128.91007,Cloud to Cloud,-7105,3079,10
2026-08-30T23:39:36.725117978Z,14.565044,132.305238,Cloud to Ground,-8313,0,9
2026-08-30T23:39:36.705469423Z,14.47105,132.206307,Cloud to Cloud,11733,3357,8
2026-08-30T23:39:36.553651832Z,19.238393,119.702395,Cloud to Cloud,-7286,11994,8
2026-08-30T23:39:36.840867419Z,19.171619,119.714504,Cloud to Cloud,5158,19052,6
2026-08-30T23:39:36.539179499Z,19.234779,119.707768,Cloud to Cloud,6780,17043,7
2026-08-30T23:39:36.427363521Z,19.207671,119.710128,Cloud to Cloud,7467,5465,7
2026-08-30T23:39:36.887273115Z,19.110214,119.688198,Cloud to Cloud,10291,14456,8
2026-08-30T23:39:38.362810432Z,19.393592,119.393081,Cloud to Cloud,5701,3032,6
2026-08-30T23:39:37.930152196Z,19.391584,119.408013,Cloud to Cloud,6071,9714,6
2026-08-30T23:39:38.673434623Z,19.401838,119.404659,Cloud to Cloud,11178,13364,8
2026-08-30T23:39:38.939505279Z,19.837504,120.466439,Cloud to Cloud,-12746,19573,7
2026-08-30T23:39:39.047611639Z,19.834994,120.473827,Cloud to Cloud,5993,3004,7
2026-08-30T23:39:38.953145198Z,19.833559,120.460091,Cloud to Cloud,7529,9891,7
2026-08-30T23:39:38.957817615Z,19.911067,120.459824,Cloud to Ground,13105,0,8
2026-08-30T23:39:39.045353709Z,19.836592,120.472654,Cloud to Cloud,13172,7496,6
2026-08-30T23:39:38.947855494Z,19.844761,120.459296,Cloud to Cloud,13317,17250,6
2026-08-30T23:39:38.926199029Z,19.835632,120.465479,Cloud to Ground,17540,0,10
2026-08-30T23:39:40.480971724Z,17.125715,127.255862,Cloud to Ground,-19462,0,15
2026-08-30T23:39:40.404831311Z,17.648605,112.536374,Cloud to Ground,-86556,0,11
2026-08-30T23:39:40.397290301Z,17.662346,112.459638,Cloud to Cloud,-15227,3007,6
2026-08-30T23:39:41.013661856Z,17.65165,112.481393,Cloud to Cloud,-14081,17279,8
2026-08-30T23:39:41.002801395Z,17.648116,112.445222,Cloud to Cloud,-11561,5751,8
2026-08-30T23:39:40.810884646Z,17.665846,112.528205,Cloud to Ground,-8629,0,7
2026-08-30T23:39:41.029769920Z,17.642467,112.407246,Cloud to Cloud,7835,16710,7
2026-08-30T23:39:40.600908064Z,17.650858,112.476774,Cloud to Ground,9714,0,7
2026-08-30T23:39:41.004154519Z,17.621616,112.313499,Cloud to Ground,11621,0,8
2026-08-30T23:39:40.552075093Z,17.658257,112.441052,Cloud to Ground,18129,0,13
2026-08-30T23:39:40.550639029Z,17.624417,112.368824,Cloud to Ground,24911,0,8
2026-08-30T23:39:41.668535153Z,19.366245,119.54084,Cloud to Ground,-16788,0,15
2026-08-30T23:39:41.244574820Z,19.147724,119.619926,Cloud to Cloud,-8880,7974,12
2026-08-30T23:39:41.240668281Z,19.133779,119.627014,Cloud to Cloud,10508,14581,10
2026-08-30T23:39:42.501967199Z,18.849909,118.304573,Cloud to Cloud,-23317,3068,10
2026-08-30T23:39:42.571656064Z,18.849976,118.291868,Cloud to Cloud,-19695,5036,13
2026-08-30T23:39:42.713987563Z,18.852574,118.357268,Cloud to Cloud,-8482,12598,9
2026-08-30T23:39:42.500021228Z,18.860503,118.289007,Cloud to Cloud,8551,17835,7
2026-08-30T23:39:42.567418446Z,18.850771,118.268955,Cloud to Ground,29239,0,14
2026-08-30T23:39:42.109742032Z,19.563731,119.623532,Cloud to Cloud,16330,19134,9
2026-08-30T23:39:42.269190925Z,19.664475,119.638937,Cloud to Cloud,10683,15897,6
2026-08-30T23:39:42.235396275Z,19.660455,119.636198,Cloud to Cloud,12061,12801,8
2026-08-30T23:39:43.953833530Z,15.494689,130.926911,Cloud to Ground,-92223,0,14
2026-08-30T23:39:43.993891481Z,15.507738,130.898239,Cloud to Cloud,-22581,15222,9
2026-08-30T23:39:44.007797683Z,15.500018,130.946175,Cloud to Ground,22986,0,11
2026-08-30T23:39:43.255269027Z,16.104516,129.306636,Cloud to Ground,16203,0,10
2026-08-30T23:39:44.680400396Z,14.458252,131.965694,Cloud to Ground,-38787,0,14
2026-08-30T23:39:44.679948153Z,14.345384,131.997659,Cloud to Ground,26598,0,10
2026-08-30T23:39:44.377081853Z,16.29018,129.202008,Cloud to Cloud,15176,18174,14
2026-08-30T23:39:44.523125434Z,19.687033,119.723505,Cloud to Cloud,9140,16938,13
2026-08-30T23:39:44.585727141Z,17.662864,112.534138,Cloud to Cloud,10558,17873,9
2026-08-30T23:39:45.110536616Z,10.910882,111.800696,Cloud to Ground,31976,0,8
2026-08-30T23:39:45.108288244Z,10.873017,111.758964,Cloud to Ground,39454,0,10
2026-08-30T23:39:45.422788059Z,18.861802,116.359671,Cloud to Cloud,11965,9462,7
2026-08-30T23:39:46.239421448Z,18.2193,113.579642,Cloud to Cloud,-13793,14739,8
2026-08-30T23:39:47.429448273Z,18.578281,115.414359,Cloud to Ground,-15841,0,9
2026-08-30T23:39:47.400772260Z,18.52529,115.409979,Cloud to Ground,-10022,0,10
2026-08-30T23:39:47.513726000Z,18.5424,115.4127,Cloud to Ground,30074,0,12
2026-08-30T23:39:48.024453589Z,14.311464,131.902467,Cloud to Ground,12136,0,12
2026-08-30T23:39:48.001465414Z,14.30387,131.913008,Cloud to Ground,12408,0,8
2026-08-30T23:39:48.002067618Z,14.29597,131.90211,Cloud to Ground,26185,0,11
2026-08-30T23:39:48.005773917Z,14.369092,131.674032,Cloud to Cloud,-18697,3005,14
2026-08-30T23:39:49.922068414Z,18.632313,116.299256,Cloud to Ground,17443,0,7
2026-08-30T23:39:50.486256340Z,15.943026,129.192057,Cloud to Ground,10508,0,7
2026-08-30T23:39:50.605037421Z,16.051463,129.105834,Cloud to Cloud,-8154,6801,7
2026-08-30T23:39:51.531187245Z,17.256572,112.188121,Cloud to Ground,-10888,0,9
2026-08-30T23:39:51.530045927Z,17.256327,112.089222,Cloud to Cloud,4394,19015,6
2026-08-30T23:39:51.534260406Z,17.261517,112.096813,Cloud to Ground,14692,0,11
2026-08-30T23:39:51.498497999Z,19.392377,119.44741,Cloud to Cloud,9734,6816,8
2026-08-30T23:39:52.629708136Z,18.302796,113.718542,Cloud to Ground,-35385,0,12
2026-08-30T23:39:52.625561126Z,18.263264,113.73065,Cloud to Cloud,-9027,6137,8
2026-08-30T23:39:52.666750400Z,18.284881,113.702444,Cloud to Ground,28124,0,13
2026-08-30T23:39:54.189374714Z,16.273078,128.89566,Cloud to Ground,15523,0,10
2026-08-30T23:39:55.672284500Z,19.134537,119.659181,Cloud to Cloud,-3277,18655,6
2026-08-30T23:39:55.506909486Z,19.159839,119.734675,Cloud to Cloud,5377,19062,7
2026-08-30T23:39:55.679399117Z,19.206659,119.707361,Cloud to Cloud,6407,3474,7
2026-08-30T23:39:56.014206256Z,15.818696,130.0693,Cloud to Ground,-16508,0,8
2026-08-30T23:39:56.963352830Z,17.672289,112.604958,Cloud to Ground,15854,0,13
2026-08-30T23:39:57.630281214Z,18.816058,115.348267,Cloud to Cloud,18232,3019,13
2026-08-30T23:39:57.762075712Z,18.894928,115.43652,Cloud to Ground,24511,0,12
2026-08-30T23:39:58.353706261Z,19.377459,119.44359,Cloud to Cloud,6732,16559,5
2026-08-30T23:39:58.172969971Z,19.374756,119.440635,Cloud to Cloud,9407,18951,7
2026-08-30T23:39:57.904077012Z,19.371376,119.431781,Cloud to Ground,65633,0,14
2026-08-30T23:39:58.628895034Z,18.435163,114.603293,Cloud to Ground,14436,0,9
2026-08-30T23:39:58.624806214Z,18.426765,114.702763,Cloud to Ground,16002,0,9
2026-08-30T23:39:59.842887565Z,16.248121,128.428699,Cloud to Cloud,13011,3007,10
2026-08-30T23:40:01.332778626Z,15.85048,129.046078,Cloud to Cloud,11316,4420,12
2026-08-30T23:40:01.296595478Z,15.977519,128.936827,Cloud to Cloud,11299,6315,9
2026-08-30T23:40:01.533511332Z,19.393927,119.423423,Cloud to Cloud,6502,3022,6
2026-08-30T23:40:02.989411597Z,15.566127,130.899182,Cloud to Ground,-19868,0,14
2026-08-30T23:40:02.846160432Z,15.488937,130.923213,Cloud to Ground,-16284,0,13
2026-08-30T23:40:02.697428550Z,15.49062,130.915637,Cloud to Cloud,-9632,3284,14
2026-08-30T23:40:02.967597180Z,15.510665,130.91587,Cloud to Cloud,-6536,3118,12
2026-08-30T23:40:02.017007119Z,19.528584,119.481197,Cloud to Ground,-47622,0,15
2026-08-30T23:40:02.035427021Z,19.528567,119.477305,Cloud to Ground,-10150,0,7
2026-08-30T23:40:02.044656782Z,19.545487,119.460271,Cloud to Cloud,-8255,6092,9
2026-08-30T23:40:02.077005400Z,19.47705,119.471213,Cloud to Cloud,4997,17247,7
2026-08-30T23:40:02.087769773Z,19.475258,119.47528,Cloud to Cloud,7223,3763,6
2026-08-30T23:40:01.580051292Z,19.474062,119.48065,Cloud to Cloud,9878,19622,6
2026-08-30T23:40:03.415146230Z,19.57633,119.633035,Cloud to Cloud,-6687,12692,6
2026-08-30T23:40:04.617933813Z,19.374849,119.402661,Cloud to Cloud,6303,10334,8
2026-08-30T23:40:07.234618926Z,14.242174,132.117827,Cloud to Cloud,-18405,5274,10
2026-08-30T23:40:07.232546099Z,14.263939,132.112599,Cloud to Cloud,-8631,3138,11
2026-08-30T23:40:07.231648402Z,14.255422,132.138516,Cloud to Ground,14001,0,9
2026-08-30T23:40:09.963226319Z,19.128794,119.61992,Cloud to Cloud,13869,17397,11
2026-08-30T23:40:09.526907368Z,19.39302,119.443156,Cloud to Cloud,16701,19981,10
2026-08-30T23:40:09.719516879Z,19.222776,119.645353,Cloud to Cloud,11303,3018,8
2026-08-30T23:40:09.958406111Z,19.658957,114.239592,Cloud to Cloud,-10353,3026,8
2026-08-30T23:40:09.819222608Z,19.673149,114.140995,Cloud to Cloud,12065,18639,12
2026-08-30T23:40:10.078419529Z,19.703702,114.376462,Cloud to Cloud,-8451,3045,12
2026-08-30T23:40:14.899745912Z,19.201375,119.697998,Cloud to Cloud,-5841,17598,7
2026-08-30T23:40:14.837848364Z,19.239425,119.711685,Cloud to Cloud,4996,18111,6
2026-08-30T23:40:14.863530790Z,19.231564,119.707731,Cloud to Cloud,6585,14554,5
2026-08-30T23:40:14.845152814Z,19.227771,119.711252,Cloud to Cloud,7632,14519,5
2026-08-30T23:40:14.933307513Z,19.219753,119.717726,Cloud to Cloud,12436,10427,17
2026-08-30T23:40:15.486034269Z,14.473667,133.321583,Cloud to Ground,-13562,0,7
2026-08-30T23:40:15.469099552Z,14.502428,133.317461,Cloud to Ground,25814,0,10
2026-08-30T23:40:15.228689828Z,19.725136,119.929207,Cloud to Cloud,9012,16462,10
2026-08-30T23:40:15.213674974Z,19.724623,119.954824,Cloud to Cloud,17230,12588,9
2026-08-30T23:40:15.941091921Z,19.704535,119.846839,Cloud to Cloud,9306,18344,6
2026-08-30T23:40:15.602140995Z,19.391614,119.377329,Cloud to Cloud,-7041,15392,5
2026-08-30T23:40:15.195649878Z,19.279777,119.277017,Cloud to Cloud,4637,14550,6
2026-08-30T23:40:15.225741740Z,19.226908,119.244887,Cloud to Cloud,8591,9957,5
2026-08-30T23:40:16.888674376Z,16.300518,128.625181,Cloud to Ground,-40724,0,14
2026-08-30T23:40:16.688001476Z,16.298466,128.641108,Cloud to Ground,-33085,0,10
2026-08-30T23:40:17.328536304Z,16.282664,128.663163,Cloud to Cloud,-15558,9204,8
2026-08-30T23:40:16.738815876Z,16.304204,128.624483,Cloud to Ground,-13175,0,9
2026-08-30T23:40:16.705110000Z,16.3194,128.5101,Cloud to Ground,-27044,0,7
2026-08-30T23:40:17.506779320Z,14.589453,132.345948,Cloud to Cloud,-17873,3933,22
2026-08-30T23:40:17.623093621Z,14.541231,132.351101,Cloud to Ground,17373,0,11
2026-08-30T23:40:16.815367070Z,14.359903,132.41123,Cloud to Ground,-8676,0,10
2026-08-30T23:40:17.510201145Z,14.429397,132.362863,Cloud to Ground,19244,0,12
2026-08-30T23:40:16.569179711Z,14.285895,132.446989,Cloud to Cloud,23000,3089,8
2026-08-30T23:40:17.575614092Z,19.83765,120.4742,Cloud to Cloud,5153,15637,6
2026-08-30T23:40:18.033361468Z,19.864793,120.491168,Cloud to Cloud,5608,6138,6
2026-08-30T23:40:18.100470658Z,19.847143,120.479731,Cloud to Cloud,8069,13677,6
2026-08-30T23:40:17.886012053Z,19.84255,120.465122,Cloud to Cloud,9195,4302,7
2026-08-30T23:40:17.652837044Z,19.832043,120.475951,Cloud to Cloud,10474,3002,6
2026-08-30T23:40:17.024884995Z,19.292807,115.707107,Cloud to Cloud,-13613,3055,10
2026-08-30T23:40:18.031681633Z,20.002372,120.453591,Cloud to Cloud,7765,5249,7
2026-08-30T23:40:20.052415442Z,19.129741,119.666186,Cloud to Cloud,-5917,3161,7
2026-08-30T23:40:19.865246219Z,19.155717,119.673131,Cloud to Cloud,3646,3000,6
2026-08-30T23:40:20.048767718Z,19.225791,119.685366,Cloud to Cloud,5553,12018,7
2026-08-30T23:40:19.875019401Z,19.154416,119.680646,Cloud to Cloud,6481,3019,6
2026-08-30T23:40:19.918102470Z,19.296289,119.715205,Cloud to Cloud,7506,17308,9
2026-08-30T23:40:20.354998503Z,15.996909,129.924834,Cloud to Cloud,-10038,3202,16
2026-08-30T23:40:20.292657416Z,15.914018,129.961281,Cloud to Cloud,24644,6582,14
2026-08-30T23:40:20.733302351Z,19.390792,119.426998,Cloud to Cloud,7632,5372,6
2026-08-30T23:40:21.386962541Z,19.37536,119.44137,Cloud to Cloud,10759,6400,6
2026-08-30T23:40:20.492970956Z,19.386744,119.420026,Cloud to Cloud,23999,3950,14
2026-08-30T23:40:20.842060742Z,19.371743,119.433144,Cloud to Ground,24135,0,13
2026-08-30T23:40:24.660883424Z,19.241244,116.188945,Cloud to Ground,-81249,0,16
2026-08-30T23:40:24.713483694Z,19.261867,116.201182,Cloud to Ground,-29336,0,12
2026-08-30T23:40:24.782798536Z,19.234816,116.203516,Cloud to Ground,-27699,0,14
2026-08-30T23:40:24.832282167Z,19.242713,116.198514,Cloud to Cloud,-25425,3002,10
2026-08-30T23:40:24.870373283Z,19.246105,116.198061,Cloud to Ground,-23151,0,11
2026-08-30T23:40:24.668615427Z,19.226515,116.086336,Cloud to Cloud,-18858,9409,12
2026-08-30T23:40:24.921068000Z,19.2642,116.0866,Cloud to Ground,12480,0,7
2026-08-30T23:40:25.637906685Z,4.555411,113.514805,Cloud to Ground,-13947,0,5
2026-08-30T23:40:25.035404739Z,19.331421,119.444116,Cloud to Cloud,8362,5690,7
2026-08-30T23:40:25.294867062Z,19.397379,119.426289,Cloud to Cloud,9080,17312,5
2026-08-30T23:40:25.042092951Z,19.389415,119.456461,Cloud to Cloud,9181,3018,7
2026-08-30T23:40:25.115822858Z,18.544424,115.161324,Cloud to Cloud,-30640,4186,10
2026-08-30T23:40:25.347190918Z,18.51653,115.165623,Cloud to Cloud,-19982,4638,10
2026-08-30T23:40:25.113767758Z,18.543042,115.153916,Cloud to Cloud,-16457,3417,10
2026-08-30T23:40:26.137009518Z,14.495087,133.59602,Cloud to Ground,-14997,0,9
2026-08-30T23:40:26.136140354Z,14.439501,133.653246,Cloud to Ground,10309,0,11
2026-08-30T23:40:26.135460320Z,14.436696,133.694635,Cloud to Ground,12269,0,11
2026-08-30T23:40:26.996481569Z,16.045301,129.127922,Cloud to Cloud,12023,7563,8
2026-08-30T23:40:27.105573372Z,14.330256,131.335893,Cloud to Cloud,-18172,13786,11
2026-08-30T23:40:27.181299647Z,14.265971,131.395463,Cloud to Cloud,-17678,4198,13
2026-08-30T23:40:27.062422668Z,14.328028,131.309002,Cloud to Cloud,-8309,17792,12
2026-08-30T23:40:27.021598578Z,14.288431,131.41811,Cloud to Cloud,12395,5505,7
2026-08-30T23:40:27.577397896Z,17.689147,112.527166,Cloud to Cloud,-13827,17104,9
2026-08-30T23:40:27.516304333Z,17.688418,112.64291,Cloud to Ground,-18724,0,13
2026-08-30T23:40:31.756217677Z,14.385674,132.017574,Cloud to Cloud,-28936,16418,15
2026-08-30T23:40:31.761473106Z,14.369204,132.04385,Cloud to Cloud,-15244,18317,8
2026-08-30T23:40:31.341897735Z,18.959401,118.557445,Cloud to Cloud,-35931,17666,10
2026-08-30T23:40:31.389077589Z,18.954237,118.32886,Cloud to Ground,-21220,0,12
2026-08-30T23:40:31.450560618Z,18.957384,118.325646,Cloud to Ground,-20938,0,14
2026-08-30T23:40:31.334707431Z,18.935345,118.301464,Cloud to Ground,-10459,0,6
2026-08-30T23:40:31.463615562Z,18.954007,118.310303,Cloud to Cloud,6553,15322,7
2026-08-30T23:40:31.479910091Z,18.958778,118.322737,Cloud to Cloud,14785,3017,8
2026-08-30T23:40:31.505653279Z,19.038382,118.348598,Cloud to Ground,50135,0,8
2026-08-30T23:40:32.118110062Z,14.572703,133.950914,Cloud to Ground,-32600,0,18
2026-08-30T23:40:32.934442895Z,18.20733,114.296015,Cloud to Ground,24069,0,11
2026-08-30T23:40:32.732541783Z,19.653653,119.742455,Cloud to Cloud,5748,19161,5
2026-08-30T23:40:33.579284547Z,14.341053,134.247165,Cloud to Ground,-17201,0,7
2026-08-30T23:40:33.557368867Z,14.340385,134.244167,Cloud to Ground,-10865,0,8
2026-08-30T23:40:33.655532989Z,14.439544,134.202805,Cloud to Ground,-10288,0,7
2026-08-30T23:40:35.563130063Z,15.495331,130.782949,Cloud to Cloud,-9815,11167,7
2026-08-30T23:40:35.552727776Z,15.522481,130.88975,Cloud to Ground,-15965,0,13
2026-08-30T23:40:35.522403156Z,15.502546,130.904722,Cloud to Cloud,-10490,3002,15
2026-08-30T23:40:35.571997121Z,15.498109,130.90926,Cloud to Cloud,-10052,3008,8
2026-08-30T23:40:35.029050121Z,14.459613,131.958132,Cloud to Ground,19103,0,13
2026-08-30T23:40:35.031492000Z,14.4637,131.8536,Cloud to Ground,-31128,0,6
2026-08-30T23:40:35.777826635Z,19.172845,119.678064,Cloud to Cloud,5044,19559,8
2026-08-30T23:40:35.789419233Z,19.221676,119.686714,Cloud to Cloud,15220,14350,10
2026-08-30T23:40:37.035124372Z,4.631486,113.562513,Cloud to Cloud,8574,13913,5
2026-08-30T23:40:36.889629491Z,4.597966,113.561572,Cloud to Ground,20174,0,9
2026-08-30T23:40:36.992489074Z,18.288648,113.711612,Cloud to Cloud,-10448,5646,10
2026-08-30T23:40:37.448984213Z,14.470295,132.066923,Cloud to Ground,16908,0,9
2026-08-30T23:40:37.939299224Z,14.447071,132.203909,Cloud to Ground,-8382,0,7
2026-08-30T23:40:37.055340453Z,18.133112,114.093845,Cloud to Cloud,-10202,3007,12
2026-08-30T23:40:37.147297015Z,18.163739,114.035875,Cloud to Cloud,-9632,3020,8
2026-08-30T23:40:37.046342439Z,18.13289,114.000838,Cloud to Ground,9778,0,7
2026-08-30T23:40:37.236801805Z,18.272013,113.530747,Cloud to Cloud,10468,3013,8
2026-08-30T23:40:38.194623671Z,16.468537,128.600598,Cloud to Ground,21941,0,7
2026-08-30T23:40:38.264327399Z,16.555803,128.565581,Cloud to Cloud,-9272,16848,11
2026-08-30T23:40:38.164294095Z,16.577572,128.577587,Cloud to Cloud,22100,3006,11
2026-08-30T23:40:38.755852891Z,18.89616,114.168591,Cloud to Cloud,11062,3288,10
2026-08-30T23:40:38.750641303Z,18.86744,114.1911,Cloud to Ground,15001,0,9
2026-08-30T23:40:38.749961200Z,18.886727,114.166232,Cloud to Ground,26338,0,10
2026-08-30T23:40:39.289623601Z,14.326468,133.726944,Cloud to Ground,-15472,0,17
2026-08-30T23:40:39.288077913Z,14.299139,133.743172,Cloud to Cloud,-12295,15081,11
2026-08-30T23:40:39.290950099Z,14.312443,133.706903,Cloud to Ground,-12107,0,15
2026-08-30T23:40:39.300754519Z,14.269108,133.768697,Cloud to Ground,11906,0,14
2026-08-30T23:40:39.235756433Z,14.572378,132.211507,Cloud to Cloud,11108,3091,13
2026-08-30T23:40:39.993395184Z,18.563557,115.411916,Cloud to Ground,16005,0,10
2026-08-30T23:40:40.965516396Z,14.879183,133.929255,Cloud to Cloud,-22756,17183,12
2026-08-30T23:40:40.852710704Z,14.857442,133.857058,Cloud to Ground,-19497,0,14
2026-08-30T23:40:40.851123274Z,14.864245,133.796908,Cloud to Ground,-17273,0,10
2026-08-30T23:40:40.959697865Z,14.867608,133.853872,Cloud to Ground,-15982,0,9
2026-08-30T23:40:40.964675545Z,14.940918,133.90015,Cloud to Ground,11788,0,12
2026-08-30T23:40:40.849928803Z,14.859247,133.864383,Cloud to Ground,12461,0,10
2026-08-30T23:40:40.848352517Z,14.864165,133.853538,Cloud to Ground,19002,0,14
2026-08-30T23:40:40.865316690Z,17.092091,127.32337,Cloud to Cloud,-12772,6846,12
2026-08-30T23:40:40.858410119Z,17.158605,127.189648,Cloud to Cloud,7385,13913,8
2026-08-30T23:40:40.884261216Z,17.005011,127.376432,Cloud to Ground,12091,0,7
2026-08-30T23:40:40.642908234Z,19.395963,119.432982,Cloud to Cloud,10077,18481,6
2026-08-30T23:40:41.272414561Z,18.103989,113.675478,Cloud to Ground,-37809,0,12
2026-08-30T23:40:41.297029346Z,18.136011,113.652875,Cloud to Ground,-11863,0,7
2026-08-30T23:40:41.453591000Z,18.1263,113.5308,Cloud to Ground,5468,0,5
2026-08-30T23:40:43.276846190Z,19.392629,119.434992,Cloud to Cloud,17683,4887,13
2026-08-30T23:40:43.782958712Z,19.278142,119.716211,Cloud to Cloud,-7508,16462,7
2026-08-30T23:40:43.580852622Z,19.233076,119.717886,Cloud to Cloud,5379,11365,6
2026-08-30T23:40:44.080424339Z,19.189942,119.740129,Cloud to Cloud,16453,13762,10
2026-08-30T23:40:44.467733329Z,19.388307,119.445386,Cloud to Cloud,-16236,16359,13
2026-08-30T23:40:44.531623496Z,19.374573,119.449236,Cloud to Cloud,-6679,14734,7
2026-08-30T23:40:44.308283398Z,19.389749,119.437654,Cloud to Cloud,4841,18702,6
2026-08-30T23:40:44.563897403Z,19.43829,119.478449,Cloud to Ground,6663,0,9
2026-08-30T23:40:44.309221304Z,19.389978,119.435831,Cloud to Cloud,10480,3659,8
2026-08-30T23:40:44.392517018Z,19.469184,119.449427,Cloud to Cloud,13606,15533,10
2026-08-30T23:40:44.237924055Z,19.373799,119.440657,Cloud to Ground,38585,0,13
2026-08-30T23:40:45.637916494Z,14.447575,133.213834,Cloud to Cloud,-14211,19149,10
2026-08-30T23:40:45.642759386Z,14.412055,133.378136,Cloud to Ground,-13571,0,6
2026-08-30T23:40:47.203051186Z,14.825817,131.36196,Cloud to Cloud,9737,4416,8
2026-08-30T23:40:48.299541272Z,15.799536,130.067728,Cloud to Ground,-15788,0,13
2026-08-30T23:40:48.865087045Z,19.145752,119.650401,Cloud to Cloud,5017,17469,6
2026-08-30T23:40:48.810250817Z,16.071263,129.151341,Cloud to Cloud,-4787,15451,7
2026-08-30T23:40:49.085691000Z,16.2766,128.9526,Cloud to Ground,-8082,0,5
2026-08-30T23:40:50.964032888Z,16.107703,129.553896,Cloud to Cloud,-10217,3009,8
2026-08-30T23:40:50.787479661Z,18.314291,120.624095,Cloud to Ground,-6029,0,7
2026-08-30T23:40:50.974456354Z,18.243593,120.687737,Cloud to Cloud,-5606,19277,5
2026-08-30T23:40:50.941528610Z,18.230594,120.610201,Cloud to Cloud,2201,12601,5
2026-08-30T23:40:50.614859886Z,18.29712,120.559295,Cloud to Cloud,4040,13537,5
2026-08-30T23:40:50.935559229Z,18.250958,120.605452,Cloud to Cloud,5564,15225,7
2026-08-30T23:40:50.816563497Z,19.722735,119.941753,Cloud to Cloud,8544,11667,7
2026-08-30T23:40:52.446227226Z,17.161433,111.943905,Cloud to Ground,14776,0,12
2026-08-30T23:40:54.259206784Z,17.670156,112.627549,Cloud to Ground,-7365,0,7
2026-08-30T23:40:54.627587880Z,17.676184,112.618905,Cloud to Ground,14704,0,6
2026-08-30T23:40:54.996625602Z,19.403388,119.471885,Cloud to Cloud,3801,17593,6
2026-08-30T23:40:54.922913018Z,19.40043,119.495336,Cloud to Cloud,6427,17154,5
2026-08-30T23:40:54.983911372Z,19.402815,119.462469,Cloud to Cloud,8407,18289,7
2026-08-30T23:40:55.557350802Z,15.323192,130.677907,Cloud to Cloud,-15621,12747,7
2026-08-30T23:40:55.584081598Z,15.421273,130.598638,Cloud to Ground,-23294,0,10
2026-08-30T23:40:56.302203234Z,4.790047,113.556433,Cloud to Cloud,-11596,5963,10
2026-08-30T23:40:57.045074130Z,16.029674,129.453443,Cloud to Ground,20791,0,14
2026-08-30T23:40:57.356140520Z,19.444932,119.514978,Cloud to Cloud,-7553,3017,9
2026-08-30T23:40:57.543647357Z,19.474633,119.396609,Cloud to Cloud,-6564,3309,8
2026-08-30T23:40:57.458710936Z,19.473828,119.463854,Cloud to Cloud,1775,8683,5
2026-08-30T23:40:57.312913189Z,19.479716,119.528309,Cloud to Cloud,4723,6541,8
2026-08-30T23:40:56.917980762Z,19.483181,119.480662,Cloud to Cloud,4957,19743,6
2026-08-30T23:40:57.462485757Z,19.474544,119.458559,Cloud to Cloud,5569,3039,5
2026-08-30T23:40:58.356136996Z,14.26438,132.929787,Cloud to Ground,-18891,0,24
2026-08-30T23:40:58.156474460Z,14.273882,132.938258,Cloud to Ground,-16165,0,10
2026-08-30T23:40:58.150414943Z,14.216215,132.962529,Cloud to Ground,-11975,0,11
2026-08-30T23:40:58.148005101Z,14.282939,132.916216,Cloud to Ground,13824,0,10
2026-08-30T23:40:58.359370005Z,17.223153,112.233175,Cloud to Ground,-43293,0,8
2026-08-30T23:40:58.451106246Z,17.240141,112.228913,Cloud to Ground,-39324,0,14
2026-08-30T23:40:58.407797382Z,17.230838,112.225404,Cloud to Ground,-27247,0,12
2026-08-30T23:40:58.346527290Z,17.257309,112.298809,Cloud to Cloud,-15830,19235,9
2026-08-30T23:40:58.367841197Z,17.245323,112.135047,Cloud to Cloud,-14690,7795,12
2026-08-30T23:40:59.200502657Z,19.823226,120.536317,Cloud to Cloud,4151,18458,7
2026-08-30T23:41:00.747954431Z,19.388642,119.428097,Cloud to Cloud,5451,6558,6
2026-08-30T23:41:04.368289757Z,19.179918,119.683485,Cloud to Cloud,4153,14675,7
2026-08-30T23:41:04.366300089Z,19.148312,119.645237,Cloud to Cloud,7157,3006,7
2026-08-30T23:41:04.377139463Z,19.141602,119.648427,Cloud to Cloud,8718,18154,11
2026-08-30T23:41:04.373493900Z,19.14722,119.644005,Cloud to Cloud,9049,16610,10
2026-08-30T23:41:04.378713228Z,19.39113,119.470116,Cloud to Cloud,12579,5861,7
2026-08-30T23:41:04.438664340Z,18.972069,118.477817,Cloud to Cloud,8818,4431,10
2026-08-30T23:41:05.606328498Z,16.005111,129.312428,Cloud to Ground,14749,0,9
2026-08-30T23:41:08.032930534Z,15.958919,129.673658,Cloud to Cloud,9879,5956,10
2026-08-30T23:41:08.032514863Z,16.035015,129.635297,Cloud to Ground,12315,0,11
2026-08-30T23:41:08.036179787Z,15.937904,129.662136,Cloud to Ground,26296,0,11
2026-08-30T23:41:08.064956430Z,17.147237,127.300782,Cloud to Cloud,7233,6644,9
2026-08-30T23:41:09.606571065Z,14.421309,131.995364,Cloud to Cloud,-13342,3025,9
2026-08-30T23:41:09.448918267Z,14.496499,131.925194,Cloud to Cloud,-12372,3098,11
2026-08-30T23:41:10.208238503Z,15.499979,130.926931,Cloud to Cloud,-14615,3034,12
2026-08-30T23:41:10.916795479Z,18.669837,116.173778,Cloud to Ground,15520,0,7
2026-08-30T23:41:10.107748324Z,19.375085,119.439237,Cloud to Cloud,8312,14385,5
2026-08-30T23:41:11.271159098Z,15.5549,130.898003,Cloud to Ground,-31069,0,16
2026-08-30T23:41:10.669590986Z,15.564969,130.846146,Cloud to Cloud,-15303,8156,10
2026-08-30T23:41:11.367171659Z,15.569945,130.908551,Cloud to Ground,10382,0,9
2026-08-30T23:41:11.583627164Z,18.73567,116.255735,Cloud to Ground,-26467,0,9
2026-08-30T23:41:11.018791088Z,18.679329,116.33956,Cloud to Cloud,-10337,18665,5
2026-08-30T23:41:11.602070646Z,18.759105,116.252455,Cloud to Ground,-5835,0,7
2026-08-30T23:41:10.912840013Z,18.662333,116.315473,Cloud to Ground,16266,0,8
2026-08-30T23:41:10.906398372Z,18.669262,116.316408,Cloud to Ground,17015,0,9
2026-08-30T23:41:12.226783899Z,14.47246,132.348343,Cloud to Ground,-17929,0,8
2026-08-30T23:41:12.114180082Z,14.435727,132.369166,Cloud to Cloud,-16127,7957,11
2026-08-30T23:41:12.114652273Z,14.505938,132.326667,Cloud to Ground,-12635,0,14
2026-08-30T23:41:12.112473803Z,14.444244,132.393695,Cloud to Ground,11096,0,15
2026-08-30T23:41:12.404232287Z,19.559684,119.544674,Cloud to Cloud,6658,17406,6
2026-08-30T23:41:12.716321564Z,19.546328,119.45807,Cloud to Cloud,6908,17479,5
2026-08-30T23:41:12.398835812Z,19.563217,119.527362,Cloud to Cloud,21205,17908,10
2026-08-30T23:41:13.360050495Z,10.909668,111.772785,Cloud to Cloud,7530,15502,6
2026-08-30T23:41:13.353726901Z,10.917498,111.79479,Cloud to Ground,16185,0,11
2026-08-30T23:41:15.443197214Z,8.05603,117.196135,Cloud to Cloud,-6695,6406,8
2026-08-30T23:41:15.441466029Z,8.064211,117.206689,Cloud to Ground,36131,0,19
2026-08-30T23:41:15.122774211Z,19.249161,119.727984,Cloud to Cloud,6708,16999,7
2026-08-30T23:41:15.314750917Z,19.384495,119.451786,Cloud to Cloud,10769,4489,9
2026-08-30T23:41:15.102648792Z,19.383819,119.449985,Cloud to Cloud,23331,11556,11
2026-08-30T23:41:16.903844776Z,19.398212,119.421189,Cloud to Cloud,-5376,17488,6
2026-08-30T23:41:17.016036137Z,19.396354,119.417652,Cloud to Cloud,-4333,15260,7
2026-08-30T23:41:17.164732335Z,19.405328,119.419311,Cloud to Cloud,4369,5240,6
2026-08-30T23:41:16.932289725Z,19.406401,119.433908,Cloud to Cloud,4830,11525,6
2026-08-30T23:41:17.118474605Z,19.38835,119.459924,Cloud to Cloud,5761,16945,5
2026-08-30T23:41:16.740513477Z,19.405452,119.462492,Cloud to Cloud,6249,3025,5
2026-08-30T23:41:16.452920401Z,19.39299,119.437738,Cloud to Cloud,12457,17969,11
2026-08-30T23:41:17.032632252Z,19.502326,119.466388,Cloud to Cloud,7892,15980,7
2026-08-30T23:41:19.376326634Z,18.202627,114.371797,Cloud to Ground,-22646,0,10
2026-08-30T23:41:19.257006272Z,18.178369,114.272619,Cloud to Ground,-9792,0,7
2026-08-30T23:41:19.180802952Z,19.575726,119.632258,Cloud to Ground,-31064,0,17
2026-08-30T23:41:18.819642000Z,19.5928,119.5947,Cloud to Ground,-14225,0,5
2026-08-30T23:41:19.081689186Z,19.578691,119.628479,Cloud to Ground,-11814,0,6
2026-08-30T23:41:19.132210740Z,19.579932,119.631511,Cloud to Ground,-11504,0,9
2026-08-30T23:41:18.727526385Z,19.590379,119.645139,Cloud to Cloud,-8208,3004,7
2026-08-30T23:41:19.223406044Z,19.575394,119.630227,Cloud to Cloud,-8098,3011,6
2026-08-30T23:41:18.732469000Z,19.591,119.5675,Cloud to Ground,-984,0,5
2026-08-30T23:41:20.191356818Z,4.549854,113.508983,Cloud to Ground,-7550,0,5
2026-08-30T23:41:20.537120000Z,19.1813,119.4713,Cloud to Ground,10340,0,6
2026-08-30T23:41:22.228916096Z,14.578814,133.871495,Cloud to Ground,-29471,0,20
2026-08-30T23:41:22.229506699Z,14.588261,133.864938,Cloud to Cloud,-25519,5906,16
2026-08-30T23:41:22.232003493Z,14.602614,133.854954,Cloud to Ground,-21967,0,14
2026-08-30T23:41:22.000095383Z,14.644369,133.929644,Cloud to Ground,-13100,0,10
2026-08-30T23:41:22.023402288Z,14.643355,133.921267,Cloud to Ground,-10120,0,10
2026-08-30T23:41:22.262785305Z,14.592096,133.866368,Cloud to Ground,-9754,0,7
2026-08-30T23:41:22.058350149Z,14.576881,133.7857,Cloud to Ground,-8949,0,10
2026-08-30T23:41:25.632640188Z,16.146688,129.273976,Cloud to Ground,-16852,0,11
2026-08-30T23:41:25.822408932Z,16.155221,129.284981,Cloud to Ground,-16284,0,18
2026-08-30T23:41:25.593615639Z,16.115534,129.383123,Cloud to Ground,-17800,0,9
2026-08-30T23:41:25.577848611Z,16.141338,129.419456,Cloud to Cloud,-10144,3030,13
2026-08-30T23:41:25.634351822Z,16.129772,129.434753,Cloud to Cloud,-8902,9138,12
2026-08-30T23:41:25.800167050Z,16.061409,129.183922,Cloud to Cloud,-11663,16510,8
2026-08-30T23:41:25.753711951Z,15.995114,129.214962,Cloud to Cloud,14694,7599,7
2026-08-30T23:41:25.390950576Z,16.074726,129.142566,Cloud to Cloud,16790,5601,11
2026-08-30T23:41:26.614114482Z,17.680104,112.63352,Cloud to Cloud,-14690,12808,8
2026-08-30T23:41:26.771732565Z,17.666904,112.650915,Cloud to Cloud,-12554,5602,10
2026-08-30T23:41:26.757445283Z,17.646106,112.546209,Cloud to Cloud,16532,16482,8
2026-08-30T23:41:27.106371955Z,19.247805,119.759507,Cloud to Cloud,-6161,16488,6
2026-08-30T23:41:27.039885022Z,19.287515,119.723655,Cloud to Cloud,9966,17275,9
2026-08-30T23:41:26.876045244Z,19.240284,119.718455,Cloud to Cloud,14680,6782,8
2026-08-30T23:41:28.099228495Z,14.20038,134.950797,Cloud to Ground,-87065,0,19
2026-08-30T23:41:28.168384218Z,14.178392,134.911611,Cloud to Ground,-74633,0,15
2026-08-30T23:41:28.026345961Z,14.186692,134.939649,Cloud to Ground,-17973,0,16
2026-08-30T23:41:28.027562691Z,14.278373,134.887634,Cloud to Ground,-17243,0,19
2026-08-30T23:41:28.083938607Z,14.262552,134.848752,Cloud to Ground,-15242,0,17
2026-08-30T23:41:28.029689205Z,14.264921,134.864947,Cloud to Ground,-14525,0,9
2026-08-30T23:41:29.032216702Z,14.308004,134.775436,Cloud to Ground,38567,0,14
2026-08-30T23:41:29.009196604Z,14.315655,134.765188,Cloud to Ground,62954,0,16
2026-08-30T23:41:28.982760494Z,14.329506,134.758266,Cloud to Ground,110124,0,15
2026-08-30T23:41:28.255716596Z,16.045811,129.127731,Cloud to Ground,15299,0,8
2026-08-30T23:41:28.577589517Z,19.373768,119.444722,Cloud to Cloud,16613,16971,6
2026-08-30T23:41:28.247804672Z,19.369763,119.433494,Cloud to Ground,27424,0,11
2026-08-30T23:41:29.643669523Z,19.374787,119.437772,Cloud to Cloud,4414,18183,5
2026-08-30T23:41:30.003053294Z,19.151862,119.685797,Cloud to Cloud,7245,19892,5
2026-08-30T23:41:30.229523413Z,19.159957,119.691791,Cloud to Cloud,8339,6872,7
2026-08-30T23:41:30.246603760Z,19.139023,119.684822,Cloud to Cloud,8922,3004,6
