timestamp,latitude,longitude,type,amplitude_ka,height_m,num_sensors
2026-08-31T20:35:05.878118379Z,17.396097,131.085017,Cloud to Cloud,5054,3009,8
2026-08-31T20:35:07.104915013Z,8.949181,119.812468,Cloud to Cloud,-17994,12380,8
2026-08-31T20:35:07.151005943Z,8.909388,119.857534,Cloud to Cloud,11519,4160,6
2026-08-31T20:35:13.928100245Z,5.434868,114.969828,Cloud to Ground,-60679,0,18
2026-08-31T20:35:13.940514106Z,5.614239,114.930008,Cloud to Ground,-46300,0,14
2026-08-31T20:35:13.532159613Z,2.137722,114.335188,Cloud to Ground,-67121,0,18
2026-08-31T20:35:13.554845169Z,2.140958,114.341937,Cloud to Ground,23899,0,11
2026-08-31T20:35:13.701200982Z,17.408468,131.043928,Cloud to Cloud,12337,3188,9
2026-08-31T20:35:13.737239808Z,17.038171,131.451453,Cloud to Ground,13824,0,9
2026-08-31T20:35:13.804324900Z,17.032526,131.438452,Cloud to Ground,20045,0,10
2026-08-31T20:35:13.697262000Z,17.1727,131.3757,Cloud to Ground,29126,0,9
2026-08-31T20:35:15.952018000Z,20.4948,121.1918,Cloud to Ground,-82028,0,13
2026-08-31T20:35:15.900602000Z,20.4457,121.183,Cloud to Ground,-81697,0,6
2026-08-31T20:35:16.208445000Z,20.4811,121.2156,Cloud to Ground,-58689,0,5
2026-08-31T20:35:16.412201000Z,20.4739,121.2441,Cloud to Ground,-46937,0,7
2026-08-31T20:35:16.079561000Z,20.4763,121.1694,Cloud to Ground,-33337,0,8
2026-08-31T20:35:16.126443000Z,20.4709,121.1599,Cloud to Ground,-32739,0,6
2026-08-31T20:35:15.973444022Z,20.447461,121.20846,Cloud to Ground,-24786,0,7
2026-08-31T20:35:15.994082000Z,20.439629,121.194134,Cloud to Ground,-22353,0,8
2026-08-31T20:35:16.579517765Z,20.439617,121.215018,Cloud to Ground,-12506,0,8
2026-08-31T20:35:16.279668000Z,7.9465,119.9343,Cloud to Ground,-31298,0,5
2026-08-31T20:35:19.939477948Z,17.128143,131.636794,Cloud to Ground,-49641,0,15
2026-08-31T20:35:21.448162289Z,16.984806,132.895477,Cloud to Ground,-13057,0,7
2026-08-31T20:35:22.183560077Z,17.384827,131.062184,Cloud to Ground,-13107,0,7
2026-08-31T20:35:26.567746632Z,8.919589,119.833962,Cloud to Cloud,-11009,3334,11
2026-08-31T20:35:32.619653512Z,16.884928,132.912736,Cloud to Ground,17181,0,7
2026-08-31T20:35:34.387160781Z,17.87966,114.092278,Cloud to Cloud,-14753,7163,7
2026-08-31T20:35:34.585767855Z,17.936557,114.028224,Cloud to Cloud,-12287,3887,7
2026-08-31T20:35:34.241651961Z,17.890906,113.969815,Cloud to Cloud,-7062,4681,7
2026-08-31T20:35:34.327933639Z,17.909433,114.169243,Cloud to Cloud,6031,3020,7
2026-08-31T20:35:38.151366693Z,8.943266,119.878272,Cloud to Ground,-35936,0,11
2026-08-31T20:35:38.249013438Z,8.955499,119.847097,Cloud to Ground,-27354,0,13
2026-08-31T20:35:38.602533391Z,8.925091,119.846207,Cloud to Ground,-11731,0,6
2026-08-31T20:35:38.615899511Z,8.927943,119.842149,Cloud to Ground,-11116,0,6
2026-08-31T20:35:38.688427033Z,16.846223,132.932308,Cloud to Ground,-11844,0,8
2026-08-31T20:35:39.690314059Z,5.594695,115.043534,Cloud to Cloud,-19281,13710,12
2026-08-31T20:35:40.338974071Z,20.299789,121.192532,Cloud to Ground,-18864,0,11
2026-08-31T20:35:40.122046655Z,20.446319,121.237775,Cloud to Ground,-60244,0,14
2026-08-31T20:35:40.206229000Z,20.4959,121.2796,Cloud to Ground,-48472,0,5
2026-08-31T20:35:40.479789367Z,20.444168,121.234272,Cloud to Ground,-45836,0,11
2026-08-31T20:35:40.091219120Z,20.426493,121.223267,Cloud to Cloud,-11243,19739,7
2026-08-31T20:35:40.227249968Z,20.4447,121.22702,Cloud to Cloud,-10403,17513,6
2026-08-31T20:35:42.299205487Z,17.335201,131.082679,Cloud to Cloud,-11200,4434,6
2026-08-31T20:35:44.474284863Z,16.921942,132.798044,Cloud to Ground,-17265,0,7
2026-08-31T20:35:44.675802500Z,16.919466,132.910355,Cloud to Ground,-11944,0,7
2026-08-31T20:35:49.968860980Z,17.3493,131.056834,Cloud to Cloud,-12960,3047,7
2026-08-31T20:35:53.577731000Z,9.0354,119.9805,Cloud to Ground,-44975,0,7
2026-08-31T20:35:53.661062000Z,9.0238,120.0243,Cloud to Ground,-24509,0,8
2026-08-31T20:35:53.236892531Z,9.037816,119.93937,Cloud to Ground,36495,0,13
2026-08-31T20:35:57.558749994Z,17.006235,132.831793,Cloud to Ground,-9639,0,7
2026-08-31T20:35:57.638692999Z,18.402485,130.292122,Cloud to Cloud,-8232,3054,12
2026-08-31T20:35:57.734545000Z,16.9534,132.7476,Cloud to Ground,-9042,0,6
2026-08-31T20:35:58.669000004Z,5.056919,114.630535,Cloud to Ground,-25008,0,12
2026-08-31T20:35:58.670142814Z,5.147784,114.594827,Cloud to Ground,-18294,0,10
2026-08-31T20:35:58.071256215Z,18.429897,130.017726,Cloud to Ground,-8374,0,10
2026-08-31T20:35:59.166753083Z,17.371068,131.100113,Cloud to Ground,-11535,0,9
2026-08-31T20:35:59.314255280Z,17.381432,131.097997,Cloud to Cloud,-8417,3202,8
2026-08-31T20:35:58.956035591Z,17.378757,131.111056,Cloud to Cloud,-6260,11151,7
2026-08-31T20:35:59.652309781Z,16.806399,133.165832,Cloud to Ground,-38023,0,12
2026-08-31T20:35:59.631032905Z,17.024274,133.041824,Cloud to Ground,-39999,0,13
2026-08-31T20:35:59.953210618Z,17.031617,133.115867,Cloud to Ground,-8282,0,7
2026-08-31T20:36:01.862196993Z,5.43655,114.917263,Cloud to Ground,74329,0,16
2026-08-31T20:36:04.426115822Z,8.909351,119.893557,Cloud to Cloud,6686,4443,8
2026-08-31T20:36:05.231819388Z,16.94991,132.84998,Cloud to Ground,-17752,0,11
2026-08-31T20:36:05.245444328Z,16.90379,132.91741,Cloud to Cloud,10345,3076,7
2026-08-31T20:36:08.311854422Z,8.227423,120.137364,Cloud to Cloud,15687,18334,7
2026-08-31T20:36:08.467489801Z,8.098881,120.288628,Cloud to Cloud,14701,7916,11
2026-08-31T20:36:09.739621848Z,17.524249,113.620693,Cloud to Ground,-7569,0,6
2026-08-31T20:36:13.464911331Z,21.474927,131.786248,Cloud to Cloud,8560,3038,7
2026-08-31T20:36:13.007839815Z,16.56804,132.314258,Cloud to Ground,-9624,0,7
2026-08-31T20:36:13.003643727Z,18.597573,129.033903,Cloud to Ground,-7544,0,11
2026-08-31T20:36:13.072449683Z,18.724332,128.813985,Cloud to Cloud,-5954,11835,7
2026-08-31T20:36:13.568006626Z,18.602408,128.929537,Cloud to Cloud,-11297,16364,7
2026-08-31T20:36:15.844106563Z,17.084774,133.306036,Cloud to Cloud,-16999,6903,12
2026-08-31T20:36:15.932306606Z,17.138688,133.276291,Cloud to Ground,-12793,0,8
2026-08-31T20:36:17.162953733Z,17.22023,130.967642,Cloud to Ground,10470,0,7
2026-08-31T20:36:17.659897429Z,20.117264,120.247502,Cloud to Ground,48503,0,18
2026-08-31T20:36:19.165040000Z,20.4883,121.2539,Cloud to Ground,-137146,0,5
2026-08-31T20:36:19.224835481Z,20.446643,121.150951,Cloud to Ground,-58284,0,10
2026-08-31T20:36:19.260342575Z,20.453666,121.205482,Cloud to Ground,-46867,0,11
2026-08-31T20:36:25.169201712Z,16.859702,132.92851,Cloud to Ground,-21360,0,9
2026-08-31T20:36:25.141624286Z,16.918305,132.870124,Cloud to Ground,6777,0,7
2026-08-31T20:36:25.120563179Z,16.938247,132.963118,Cloud to Cloud,8700,3041,7
2026-08-31T20:36:27.666411066Z,17.26682,132.344488,Cloud to Ground,-24960,0,15
2026-08-31T20:36:27.529255482Z,17.222898,132.373683,Cloud to Ground,-10787,0,7
2026-08-31T20:36:27.515963817Z,17.439036,131.008794,Cloud to Ground,-9772,0,9
2026-08-31T20:36:27.735510426Z,17.355995,131.08177,Cloud to Ground,-16288,0,7
2026-08-31T20:36:27.922228643Z,17.475777,130.858275,Cloud to Cloud,6430,3012,8
2026-08-31T20:36:32.023190273Z,9.044461,119.87549,Cloud to Ground,28214,0,10
2026-08-31T20:36:33.174237685Z,2.130023,114.309252,Cloud to Ground,11595,0,8
2026-08-31T20:36:33.178897798Z,2.144653,114.223955,Cloud to Ground,47359,0,20
2026-08-31T20:36:33.243701278Z,20.46534,121.216043,Cloud to Ground,-31158,0,8
2026-08-31T20:36:34.405879710Z,18.586213,129.384245,Cloud to Cloud,-32524,3526,11
2026-08-31T20:36:34.716741891Z,18.58393,129.310422,Cloud to Ground,-21552,0,9
2026-08-31T20:36:34.499609260Z,18.594015,129.340672,Cloud to Ground,-17151,0,8
2026-08-31T20:36:34.440148976Z,18.588503,129.335947,Cloud to Ground,-13098,0,10
2026-08-31T20:36:34.393011478Z,18.589525,129.358724,Cloud to Cloud,-12274,3999,14
2026-08-31T20:36:34.392491661Z,18.674456,129.160463,Cloud to Cloud,-14336,3038,9
2026-08-31T20:36:35.424252812Z,5.588298,114.873516,Cloud to Ground,-39460,0,27
2026-08-31T20:36:38.467779429Z,8.865868,119.775028,Cloud to Cloud,-21446,11350,10
2026-08-31T20:36:38.539404557Z,17.465383,131.096773,Cloud to Cloud,-11661,3716,10
2026-08-31T20:36:38.569141913Z,17.322056,131.106378,Cloud to Ground,-11612,0,7
2026-08-31T20:36:39.528958541Z,8.153252,120.150301,Cloud to Ground,-45846,0,14
2026-08-31T20:36:40.214560733Z,17.061616,131.368977,Cloud to Cloud,-11125,6579,9
2026-08-31T20:36:40.937188355Z,17.748693,119.585153,Cloud to Ground,-24882,0,13
2026-08-31T20:36:47.959612514Z,17.539248,131.687707,Cloud to Ground,10552,0,8
2026-08-31T20:36:47.962636689Z,17.587606,131.879464,Cloud to Ground,-13908,0,9
2026-08-31T20:36:47.977912186Z,17.620869,131.533542,Cloud to Cloud,-9763,18897,8
2026-08-31T20:36:47.887908042Z,16.945899,132.918364,Cloud to Ground,-11611,0,13
2026-08-31T20:36:48.473808931Z,17.621334,131.752461,Cloud to Ground,-25922,0,17
2026-08-31T20:36:51.824108304Z,8.177249,119.916078,Cloud to Cloud,8801,7174,6
2026-08-31T20:36:51.354515711Z,16.90225,132.953763,Cloud to Ground,20411,0,8
2026-08-31T20:36:54.629432480Z,17.582333,113.770778,Cloud to Ground,38174,0,8
2026-08-31T20:36:55.647831664Z,5.09452,114.552761,Cloud to Ground,-19010,0,13
2026-08-31T20:36:55.668990073Z,5.062197,114.549568,Cloud to Ground,13388,0,12
2026-08-31T20:36:55.748621776Z,5.155685,114.557005,Cloud to Cloud,21436,17560,10
2026-08-31T20:36:57.620009207Z,20.483753,121.3653,Cloud to Cloud,5955,14556,7
2026-08-31T20:37:00.217970370Z,8.18384,120.225959,Cloud to Cloud,-18913,17052,8
2026-08-31T20:37:00.192117174Z,8.079824,120.185355,Cloud to Cloud,55824,4703,6
2026-08-31T20:37:02.585787823Z,17.165809,133.095893,Cloud to Ground,9125,0,7
2026-08-31T20:37:04.672523424Z,1.986051,114.285376,Cloud to Ground,21635,0,14
2026-08-31T20:37:04.645903000Z,17.1146,130.5519,Cloud to Ground,9145,0,8
2026-08-31T20:37:08.497019836Z,17.803978,119.979643,Cloud to Cloud,39109,3090,10
2026-08-31T20:37:08.494682000Z,17.9678,119.8612,Cloud to Ground,-68029,0,12
2026-08-31T20:37:09.597458810Z,17.356764,131.106796,Cloud to Ground,-13123,0,7
2026-08-31T20:37:10.480956265Z,17.445093,131.015733,Cloud to Ground,-18515,0,8
2026-08-31T20:37:10.496877355Z,17.443696,131.071496,Cloud to Cloud,-10653,12589,6
2026-08-31T20:37:10.389112439Z,17.426407,131.048208,Cloud to Cloud,-10176,19429,8
2026-08-31T20:37:10.722599000Z,20.4821,121.2118,Cloud to Ground,-101133,0,8
2026-08-31T20:37:12.306895441Z,5.39488,114.822588,Cloud to Cloud,-19810,3018,12
2026-08-31T20:37:12.303633262Z,5.402555,114.904927,Cloud to Ground,-14774,0,7
2026-08-31T20:37:12.466207566Z,16.977381,132.869115,Cloud to Ground,-23862,0,8
2026-08-31T20:37:15.943972914Z,9.068276,119.973407,Cloud to Cloud,15133,8463,7
2026-08-31T20:37:19.817317391Z,17.458854,130.951505,Cloud to Cloud,16098,7053,7
2026-08-31T20:37:19.275463646Z,16.984946,131.871278,Cloud to Ground,-10932,0,8
2026-08-31T20:37:21.143401714Z,17.123546,131.615016,Cloud to Cloud,-8380,18184,7
2026-08-31T20:37:24.519018508Z,16.956876,132.931123,Cloud to Ground,-5624,0,7
2026-08-31T20:37:25.712711980Z,8.130382,120.13539,Cloud to Cloud,10004,17302,7
2026-08-31T20:37:25.683606161Z,8.123654,120.133262,Cloud to Cloud,17256,5559,8
2026-08-31T20:37:32.176588634Z,5.537784,115.026359,Cloud to Cloud,12364,19813,6
2026-08-31T20:37:33.062428559Z,17.15072,131.283159,Cloud to Cloud,-7635,15113,7
2026-08-31T20:37:33.833486367Z,16.927246,133.004748,Cloud to Ground,-11643,0,8
2026-08-31T20:37:34.003816789Z,16.951751,132.726113,Cloud to Ground,-9687,0,7
2026-08-31T20:37:38.437967999Z,8.92299,119.688689,Cloud to Ground,29355,0,14
2026-08-31T20:37:43.934382924Z,20.521449,121.406727,Cloud to Cloud,3950,13868,6
2026-08-31T20:37:43.940396237Z,20.524114,121.408552,Cloud to Cloud,4993,14534,8
2026-08-31T20:37:43.959373475Z,20.485534,121.409245,Cloud to Cloud,7868,14483,7
2026-08-31T20:37:43.947707529Z,20.476326,121.408855,Cloud to Cloud,9365,18259,6
2026-08-31T20:37:45.515896384Z,16.855943,132.950164,Cloud to Ground,15052,0,10
2026-08-31T20:37:46.351184237Z,8.916216,119.887435,Cloud to Cloud,22545,15375,7
2026-08-31T20:37:46.631500391Z,8.994008,119.934163,Cloud to Cloud,29211,18609,6
2026-08-31T20:37:46.781586184Z,17.46057,113.572754,Cloud to Ground,16602,0,10
2026-08-31T20:37:46.775509942Z,17.50531,113.691332,Cloud to Cloud,-12693,3594,7
2026-08-31T20:37:46.792048195Z,17.494384,113.708422,Cloud to Cloud,-7606,4589,7
2026-08-31T20:37:50.267758694Z,18.58074,129.02757,Cloud to Ground,-81226,0,15
2026-08-31T20:37:50.343659441Z,18.628564,128.808139,Cloud to Ground,-20466,0,10
2026-08-31T20:37:50.397594974Z,18.699512,128.792619,Cloud to Ground,14777,0,7
2026-08-31T20:37:53.163476024Z,17.093642,131.190698,Cloud to Ground,18730,0,8
2026-08-31T20:38:03.261448788Z,5.064159,114.560015,Cloud to Ground,-31330,0,13
2026-08-31T20:38:03.282449482Z,5.081395,114.567925,Cloud to Ground,43308,0,14
2026-08-31T20:38:03.333271169Z,5.079285,114.574941,Cloud to Ground,48478,0,17
2026-08-31T20:38:05.407329960Z,17.225488,130.550676,Cloud to Ground,17123,0,10
2026-08-31T20:38:05.491001945Z,17.339302,130.424175,Cloud to Cloud,8489,3610,6
2026-08-31T20:38:06.142323000Z,17.3869,130.411,Cloud to Ground,65853,0,9
2026-08-31T20:38:06.618229521Z,20.581463,121.364877,Cloud to Cloud,-4438,4425,6
2026-08-31T20:38:05.879492545Z,20.526985,121.414279,Cloud to Cloud,2553,14290,6
2026-08-31T20:38:05.847289094Z,20.52691,121.397858,Cloud to Cloud,3397,5096,6
2026-08-31T20:38:06.035243717Z,20.529088,121.41268,Cloud to Cloud,4333,17438,6
2026-08-31T20:38:06.022252710Z,20.528721,121.410204,Cloud to Cloud,5712,18297,7
2026-08-31T20:38:05.896878336Z,20.525276,121.411346,Cloud to Cloud,6425,13829,5
2026-08-31T20:38:05.899590141Z,20.500853,121.409498,Cloud to Cloud,7650,19659,7
2026-08-31T20:38:07.898957701Z,16.933416,131.793353,Cloud to Ground,30874,0,10
2026-08-31T20:38:09.538511603Z,5.490703,114.953187,Cloud to Cloud,-20029,3377,6
2026-08-31T20:38:09.541685263Z,5.522411,114.986258,Cloud to Cloud,-14240,15967,11
2026-08-31T20:38:09.545391644Z,5.435871,114.929776,Cloud to Cloud,17639,5442,8
2026-08-31T20:38:11.600699481Z,17.718219,131.965088,Cloud to Ground,13830,0,8
2026-08-31T20:38:15.879331134Z,8.913367,119.821693,Cloud to Cloud,8850,3272,7
2026-08-31T20:38:15.957151176Z,8.905667,119.824876,Cloud to Cloud,18269,3833,7
2026-08-31T20:38:15.928933000Z,8.9057,119.7131,Cloud to Ground,11865,0,7
2026-08-31T20:38:19.334925932Z,17.165516,131.36427,Cloud to Ground,-22589,0,13
2026-08-31T20:38:19.196496495Z,17.120336,131.340832,Cloud to Ground,5373,0,9
2026-08-31T20:38:19.875486953Z,17.304142,132.327279,Cloud to Ground,12440,0,8
2026-08-31T20:38:26.338630670Z,17.281651,130.882073,Cloud to Cloud,-10089,15798,8
2026-08-31T20:38:26.138047742Z,16.960531,133.00272,Cloud to Ground,9654,0,10
2026-08-31T20:38:27.505369531Z,17.124171,131.61221,Cloud to Ground,-12182,0,13
2026-08-31T20:38:27.478359692Z,17.19101,131.138673,Cloud to Ground,-11807,0,7
2026-08-31T20:38:28.604633848Z,20.702447,121.306047,Cloud to Cloud,5037,15719,6
2026-08-31T20:38:30.018897796Z,17.399277,131.050426,Cloud to Ground,-13377,0,13
2026-08-31T20:38:29.866875722Z,17.418239,131.102527,Cloud to Cloud,-9874,11183,9
2026-08-31T20:38:29.765389309Z,17.439156,131.107382,Cloud to Cloud,-9181,3007,9
2026-08-31T20:38:29.833916131Z,17.407812,131.013416,Cloud to Cloud,9594,12901,11
2026-08-31T20:38:31.543012860Z,8.119375,120.12892,Cloud to Ground,16528,0,18
2026-08-31T20:38:31.187897346Z,8.133568,120.050252,Cloud to Ground,38462,0,7
2026-08-31T20:38:35.605829907Z,20.463781,121.415331,Cloud to Cloud,-5392,12582,7
2026-08-31T20:38:35.631022493Z,20.526801,121.409672,Cloud to Cloud,6225,15188,8
2026-08-31T20:38:38.990781853Z,17.063822,133.366589,Cloud to Ground,-10726,0,7
2026-08-31T20:38:38.968754728Z,17.054835,133.341697,Cloud to Ground,19243,0,8
2026-08-31T20:38:40.094164913Z,17.74666,119.599042,Cloud to Ground,14020,0,7
2026-08-31T20:38:40.091644534Z,17.753195,119.59923,Cloud to Cloud,16718,18800,8
2026-08-31T20:38:41.437100217Z,18.585933,129.007463,Cloud to Ground,-8580,0,10
2026-08-31T20:38:41.424896110Z,18.581293,128.781798,Cloud to Ground,34830,0,17
2026-08-31T20:38:43.886165192Z,17.216106,131.355626,Cloud to Ground,-15577,0,24
2026-08-31T20:38:45.411611667Z,17.566663,131.710872,Cloud to Ground,10559,0,12
2026-08-31T20:38:45.412497677Z,17.560869,131.867633,Cloud to Ground,-30418,0,11
2026-08-31T20:38:45.410624270Z,17.564771,131.95471,Cloud to Cloud,-8068,6575,7
2026-08-31T20:38:45.580594560Z,17.578058,131.911711,Cloud to Cloud,-8048,14482,6
2026-08-31T20:38:45.417709061Z,17.575115,131.874754,Cloud to Ground,13942,0,7
2026-08-31T20:38:48.614714313Z,18.118166,129.843254,Cloud to Cloud,-9494,5186,9
2026-08-31T20:38:48.614159193Z,18.170045,129.939148,Cloud to Cloud,-15491,3787,9
2026-08-31T20:38:48.654379000Z,9.1063,119.8295,Cloud to Ground,-47475,0,5
2026-08-31T20:38:49.246512319Z,9.173824,119.987744,Cloud to Ground,-17639,0,11
2026-08-31T20:38:49.011101000Z,9.0612,119.9627,Cloud to Ground,-39760,0,8
2026-08-31T20:38:50.507439120Z,20.462373,121.288233,Cloud to Ground,-107571,0,15
2026-08-31T20:38:50.688442664Z,20.461805,121.247596,Cloud to Ground,-5056,0,6
2026-08-31T20:38:51.891845290Z,16.98755,132.836572,Cloud to Ground,-17089,0,8
2026-08-31T20:38:55.786082935Z,8.130061,120.131947,Cloud to Cloud,11550,4660,7
2026-08-31T20:38:55.477070227Z,17.004743,132.932226,Cloud to Ground,15310,0,8
2026-08-31T20:38:59.813443180Z,17.507217,130.90056,Cloud to Cloud,-6496,11387,6
2026-08-31T20:39:00.503931000Z,17.7143,131.9388,Cloud to Ground,-8412,0,5
2026-08-31T20:39:00.578791000Z,17.7288,132.01,Cloud to Ground,11629,0,5
2026-08-31T20:39:00.919303000Z,17.7327,132.0513,Cloud to Ground,12750,0,5
2026-08-31T20:39:00.887544162Z,17.66922,132.159009,Cloud to Ground,17851,0,9
2026-08-31T20:39:00.703689431Z,17.727095,132.135742,Cloud to Ground,19951,0,10
2026-08-31T20:39:00.106703372Z,17.372804,131.013128,Cloud to Cloud,-9075,3020,12
2026-08-31T20:39:00.130129299Z,17.331864,131.098051,Cloud to Ground,11713,0,7
2026-08-31T20:39:01.909021046Z,17.120463,131.326016,Cloud to Cloud,8114,8480,7
2026-08-31T20:39:03.477110874Z,17.514341,131.841103,Cloud to Ground,-11425,0,13
2026-08-31T20:39:06.871066789Z,16.995584,131.727651,Cloud to Ground,-9515,0,9
2026-08-31T20:39:06.910286828Z,17.068802,131.644463,Cloud to Ground,-8918,0,7
2026-08-31T20:39:08.850471820Z,17.11177,131.193677,Cloud to Cloud,8677,12512,10
2026-08-31T20:39:08.696778836Z,21.608573,131.625929,Cloud to Cloud,-7771,3453,7
2026-08-31T20:39:08.869515892Z,21.584342,131.725406,Cloud to Cloud,9832,3072,7
2026-08-31T20:39:08.372314409Z,21.630661,131.682337,Cloud to Ground,17156,0,8
2026-08-31T20:39:09.650865186Z,20.524981,121.404055,Cloud to Cloud,2876,3000,6
2026-08-31T20:39:09.570132817Z,20.528649,121.422332,Cloud to Cloud,6767,13744,9
2026-08-31T20:39:19.356826341Z,17.223611,131.416191,Cloud to Cloud,-13059,5591,6
2026-08-31T20:39:19.325189686Z,17.271679,131.487254,Cloud to Cloud,-6793,3038,7
2026-08-31T20:39:18.992105976Z,17.256786,131.419989,Cloud to Ground,-5692,0,5
2026-08-31T20:39:20.918127360Z,17.276225,132.350975,Cloud to Ground,-5664,0,6
2026-08-31T20:39:20.980561929Z,16.939464,132.892202,Cloud to Cloud,-12194,6379,7
2026-08-31T20:39:26.862047373Z,8.090979,120.214944,Cloud to Cloud,24537,5598,7
2026-08-31T20:39:30.310038088Z,17.440482,131.96171,Cloud to Ground,4787,0,12
2026-08-31T20:39:30.298856174Z,17.566049,131.826157,Cloud to Ground,-16666,0,13
2026-08-31T20:39:30.316543889Z,17.611485,131.923061,Cloud to Ground,-11733,0,8
2026-08-31T20:39:30.297977975Z,17.539345,131.892988,Cloud to Ground,20871,0,9
2026-08-31T20:39:33.385326628Z,16.949623,132.87581,Cloud to Ground,-14049,0,7
2026-08-31T20:39:33.655318515Z,16.912611,132.79958,Cloud to Ground,-13134,0,6
2026-08-31T20:39:33.735775544Z,17.211774,130.601511,Cloud to Cloud,-15819,3002,10
2026-08-31T20:39:33.732632175Z,17.243178,130.549588,Cloud to Cloud,-8750,13614,7
2026-08-31T20:39:33.400183000Z,17.2452,131.3526,Cloud to Ground,18160,0,5
2026-08-31T20:39:35.209667752Z,5.557615,115.023428,Cloud to Cloud,-14789,3769,15
2026-08-31T20:39:35.219537376Z,5.556652,115.020175,Cloud to Cloud,-10707,15119,7
2026-08-31T20:39:36.152053536Z,17.417904,131.150205,Cloud to Cloud,-16181,3055,9
2026-08-31T20:39:36.488035757Z,17.371078,131.155147,Cloud to Ground,-12622,0,11
2026-08-31T20:39:36.261469751Z,17.308655,131.19391,Cloud to Cloud,-10764,5370,8
2026-08-31T20:39:36.154902962Z,17.247422,131.171475,Cloud to Cloud,18567,3018,10
2026-08-31T20:39:36.610229000Z,17.4333,130.9947,Cloud to Ground,-12476,0,6
2026-08-31T20:39:38.238630407Z,20.521869,121.415014,Cloud to Cloud,2662,19198,6
2026-08-31T20:39:38.008032228Z,20.538645,121.399108,Cloud to Cloud,2663,17312,6
2026-08-31T20:39:37.765807986Z,20.534215,121.407916,Cloud to Cloud,2714,19396,6
2026-08-31T20:39:38.288405931Z,20.492784,121.412809,Cloud to Cloud,2812,18971,6
2026-08-31T20:39:41.621863410Z,18.482118,129.227565,Cloud to Ground,12534,0,8
2026-08-31T20:39:41.620371727Z,18.448268,129.208502,Cloud to Ground,22812,0,10
2026-08-31T20:39:45.577630972Z,17.208159,131.115447,Cloud to Cloud,9153,5430,9
2026-08-31T20:39:46.233380924Z,8.050274,120.077297,Cloud to Cloud,26531,5239,7
2026-08-31T20:39:46.295519286Z,8.139263,120.129072,Cloud to Cloud,-18344,10835,7
2026-08-31T20:39:46.059033223Z,17.09363,131.362966,Cloud to Ground,-9203,0,7
2026-08-31T20:39:47.331729777Z,16.914024,132.961469,Cloud to Ground,32768,0,11
2026-08-31T20:39:47.673937725Z,17.361614,131.206763,Cloud to Cloud,-13457,3860,8
2026-08-31T20:39:47.443661172Z,20.300967,121.224853,Cloud to Cloud,10072,18685,7
2026-08-31T20:39:47.897118209Z,20.243417,121.191673,Cloud to Ground,10241,0,7
2026-08-31T20:39:47.980311716Z,20.411097,121.157201,Cloud to Cloud,-3918,18036,6
2026-08-31T20:39:51.814383288Z,3.434864,112.998879,Cloud to Cloud,13125,6001,10
2026-08-31T20:39:57.637011323Z,17.493464,113.753092,Cloud to Cloud,-12009,4478,7
2026-08-31T20:39:57.288764018Z,17.521014,113.735902,Cloud to Cloud,9056,6193,7
2026-08-31T20:39:58.895704835Z,16.896935,132.866869,Cloud to Ground,-18986,0,9
2026-08-31T20:39:59.157031282Z,16.898512,132.954937,Cloud to Ground,-11382,0,6
2026-08-31T20:39:58.850514485Z,17.922689,113.979348,Cloud to Cloud,12912,4099,6
2026-08-31T20:39:58.772158294Z,17.909391,113.979587,Cloud to Ground,17605,0,10
2026-08-31T20:39:58.606536036Z,17.907234,113.981766,Cloud to Ground,22042,0,7
2026-08-31T20:39:59.014886635Z,17.92822,114.108086,Cloud to Cloud,-8870,19827,9
2026-08-31T20:39:58.603693914Z,17.905732,114.110216,Cloud to Cloud,15296,19003,9
2026-08-31T20:40:01.909916994Z,17.247291,131.423389,Cloud to Ground,39171,0,9
2026-08-31T20:40:01.518839158Z,20.510733,121.262972,Cloud to Ground,-167804,0,14
2026-08-31T20:40:01.567624853Z,20.509402,121.262511,Cloud to Ground,-37552,0,12
2026-08-31T20:40:01.642658000Z,20.4822,121.2546,Cloud to Ground,-35703,0,5
2026-08-31T20:40:01.674876288Z,20.514013,121.250423,Cloud to Ground,-26126,0,17
2026-08-31T20:40:04.368123375Z,8.82919,119.83686,Cloud to Cloud,15766,3030,6
2026-08-31T20:40:04.148888672Z,20.547529,121.419098,Cloud to Cloud,4362,19497,7
2026-08-31T20:40:04.111301506Z,20.543721,121.43039,Cloud to Cloud,5201,16821,8
2026-08-31T20:40:08.165136971Z,9.08792,119.973539,Cloud to Ground,-22051,0,14
2026-08-31T20:40:11.852734231Z,5.439794,114.928573,Cloud to Ground,20641,0,7
2026-08-31T20:40:13.557646316Z,16.925226,132.897271,Cloud to Ground,6235,0,6
2026-08-31T20:40:14.579998327Z,17.308328,132.374552,Cloud to Cloud,-14941,3148,8
2026-08-31T20:40:14.805084077Z,17.369177,132.370935,Cloud to Ground,40476,0,9
2026-08-31T20:40:15.536525217Z,17.337287,132.387394,Cloud to Ground,23587,0,9
2026-08-31T20:40:16.895242937Z,17.088249,131.665839,Cloud to Ground,-11820,0,11
2026-08-31T20:40:17.227657962Z,16.996873,133.048687,Cloud to Ground,-21262,0,10
2026-08-31T20:40:17.110722274Z,17.01852,133.107014,Cloud to Ground,-18516,0,11
2026-08-31T20:40:18.678397505Z,17.128534,131.394202,Cloud to Cloud,-12831,5146,10
2026-08-31T20:40:21.822064472Z,16.935244,132.925654,Cloud to Ground,-15867,0,6
2026-08-31T20:40:22.439341816Z,7.990749,120.053937,Cloud to Cloud,16438,14955,6
2026-08-31T20:40:22.490714204Z,7.970377,120.049539,Cloud to Cloud,19290,18564,6
2026-08-31T20:40:22.429655509Z,7.911174,120.095606,Cloud to Cloud,50134,4185,14
2026-08-31T20:40:22.451090399Z,7.858004,120.001025,Cloud to Ground,-17795,0,10
2026-08-31T20:40:24.402309268Z,17.106934,131.636348,Cloud to Ground,-16966,0,8
2026-08-31T20:40:24.363197941Z,17.476701,131.866272,Cloud to Ground,-8218,0,6
2026-08-31T20:40:29.246840195Z,16.982046,132.898548,Cloud to Ground,-17309,0,9
2026-08-31T20:40:29.992777940Z,20.42529,121.442177,Cloud to Cloud,-7674,12677,9
2026-08-31T20:40:29.729031716Z,20.542688,121.422718,Cloud to Cloud,3783,13917,7
2026-08-31T20:40:29.706433347Z,20.548573,121.421878,Cloud to Cloud,5220,17296,5
2026-08-31T20:40:32.467120352Z,5.109403,114.561361,Cloud to Ground,-35075,0,7
2026-08-31T20:40:32.743083091Z,17.278211,131.168879,Cloud to Ground,-12520,0,10
2026-08-31T20:40:32.493776855Z,17.481983,130.893516,Cloud to Ground,-15517,0,11
2026-08-31T20:40:32.404515622Z,17.389471,131.070519,Cloud to Ground,-66578,0,17
2026-08-31T20:40:32.560743798Z,17.432312,131.081797,Cloud to Ground,-19066,0,7
2026-08-31T20:40:32.592320778Z,17.379306,131.120917,Cloud to Ground,-14505,0,8
2026-08-31T20:40:32.635824000Z,17.4103,130.9961,Cloud to Ground,-13164,0,5
2026-08-31T20:40:32.533091943Z,17.401653,131.161772,Cloud to Ground,22596,0,9
2026-08-31T20:40:32.675342565Z,17.44956,131.18829,Cloud to Ground,23247,0,9
2026-08-31T20:40:33.170465077Z,17.432518,131.163922,Cloud to Ground,23658,0,9
2026-08-31T20:40:33.634740417Z,17.273923,131.188729,Cloud to Ground,13246,0,7
2026-08-31T20:40:34.001200260Z,20.144691,120.262067,Cloud to Cloud,7789,16478,8
2026-08-31T20:40:33.958200420Z,20.164643,120.281633,Cloud to Ground,45810,0,7
2026-08-31T20:40:35.512677524Z,8.926438,119.734113,Cloud to Cloud,6963,12271,6
2026-08-31T20:40:35.521214725Z,8.927951,119.737572,Cloud to Cloud,12298,5289,6
2026-08-31T20:40:41.959122830Z,16.995213,132.914914,Cloud to Ground,-13531,0,7
2026-08-31T20:40:42.245198847Z,8.18245,120.188314,Cloud to Ground,19664,0,8
2026-08-31T20:40:42.229537134Z,8.167329,120.163849,Cloud to Ground,38571,0,14
2026-08-31T20:40:42.806712559Z,18.541673,129.015945,Cloud to Ground,14609,0,9
2026-08-31T20:40:42.796849000Z,18.6308,128.9139,Cloud to Ground,-29664,0,7
2026-08-31T20:40:48.317876014Z,16.949937,132.85762,Cloud to Ground,-16473,0,8
2026-08-31T20:40:48.268346022Z,16.918628,132.952633,Cloud to Ground,14114,0,9
2026-08-31T20:40:48.124569000Z,17.1292,131.3006,Cloud to Ground,12764,0,6
2026-08-31T20:40:49.688104147Z,4.101037,118.111893,Cloud to Cloud,-15519,7629,9
2026-08-31T20:40:49.744918803Z,17.329063,130.482922,Cloud to Ground,-28295,0,12
2026-08-31T20:40:50.114761338Z,17.333338,130.500747,Cloud to Ground,-24454,0,12
2026-08-31T20:40:49.995545302Z,17.327766,130.518132,Cloud to Ground,-11517,0,6
2026-08-31T20:40:51.932218586Z,5.512248,114.972794,Cloud to Cloud,-26120,13462,10
2026-08-31T20:40:51.939006348Z,5.51084,114.961435,Cloud to Cloud,-14767,6965,7
2026-08-31T20:40:51.961166099Z,5.54789,114.998877,Cloud to Cloud,-14668,3008,10
2026-08-31T20:40:51.955726513Z,5.543496,114.999422,Cloud to Cloud,-9252,17328,8
2026-08-31T20:40:51.949930322Z,5.499134,114.951382,Cloud to Ground,-8451,0,6
2026-08-31T20:40:51.940414221Z,5.450022,114.944082,Cloud to Ground,9718,0,6
2026-08-31T20:40:51.934915192Z,5.435718,114.946421,Cloud to Ground,11956,0,6
2026-08-31T20:40:51.286586829Z,8.890833,119.897302,Cloud to Ground,84560,0,12
2026-08-31T20:40:52.915718233Z,20.554924,121.435279,Cloud to Cloud,5067,18522,8
2026-08-31T20:41:00.388389716Z,16.923124,132.984254,Cloud to Ground,-15236,0,14
2026-08-31T20:41:00.266625883Z,16.95587,132.931173,Cloud to Ground,-13706,0,8
2026-08-31T20:41:00.236428102Z,16.997497,132.863858,Cloud to Ground,-10168,0,7
2026-08-31T20:41:00.192175526Z,17.014001,132.811792,Cloud to Cloud,-8882,12715,7
2026-08-31T20:41:03.319627051Z,8.822339,119.871289,Cloud to Cloud,21709,19733,6
2026-08-31T20:41:03.206851272Z,2.187693,114.202225,Cloud to Ground,-16271,0,8
2026-08-31T20:41:03.202302000Z,2.1061,114.2905,Cloud to Ground,1636,0,5
2026-08-31T20:41:03.197088306Z,2.134146,114.302439,Cloud to Ground,22676,0,11
2026-08-31T20:41:05.740467798Z,8.119139,120.100721,Cloud to Cloud,17550,3007,9
2026-08-31T20:41:05.743104000Z,8.1937,119.8736,Cloud to Ground,22442,0,5
2026-08-31T20:41:05.576131189Z,16.989558,132.913406,Cloud to Ground,-11894,0,7
2026-08-31T20:41:06.393710830Z,16.987965,131.715901,Cloud to Ground,16362,0,8
2026-08-31T20:41:08.735092241Z,17.256246,131.144977,Cloud to Ground,-11633,0,12
2026-08-31T20:41:08.393538355Z,17.379752,131.082515,Cloud to Ground,-23745,0,12
2026-08-31T20:41:08.285815771Z,17.366284,131.07575,Cloud to Ground,-22154,0,16
2026-08-31T20:41:08.649430000Z,17.3796,130.9991,Cloud to Ground,-15821,0,8
2026-08-31T20:41:12.559487398Z,18.147326,114.266991,Cloud to Ground,-133504,0,12
2026-08-31T20:41:12.381359614Z,18.125806,114.297074,Cloud to Ground,-14256,0,12
2026-08-31T20:41:12.569791481Z,18.128826,114.294578,Cloud to Cloud,-13341,6135,12
2026-08-31T20:41:12.384332296Z,18.110018,114.274973,Cloud to Cloud,-6295,5136,7
2026-08-31T20:41:12.577206281Z,18.134594,114.273823,Cloud to Cloud,7188,3056,7
2026-08-31T20:41:15.792578613Z,5.454665,114.977586,Cloud to Cloud,-9639,12980,10
2026-08-31T20:41:16.039807133Z,5.435929,114.916722,Cloud to Ground,19365,0,7
2026-08-31T20:41:17.534279000Z,9.1046,119.9147,Cloud to Ground,-11739,0,5
2026-08-31T20:41:17.795330000Z,9.0508,120.0408,Cloud to Ground,-18971,0,6
2026-08-31T20:41:17.377594000Z,17.1477,131.3012,Cloud to Ground,-16906,0,8
2026-08-31T20:41:19.692465797Z,16.924321,132.871583,Cloud to Ground,21202,0,12
2026-08-31T20:41:19.636247189Z,16.941846,132.884326,Cloud to Ground,24007,0,12
2026-08-31T20:41:19.356939550Z,16.910134,132.887281,Cloud to Ground,33042,0,10
2026-08-31T20:41:22.716106834Z,20.518345,121.305898,Cloud to Ground,-118248,0,16
2026-08-31T20:41:22.782293000Z,20.5188,121.2149,Cloud to Ground,-39152,0,5
2026-08-31T20:41:22.747829703Z,20.520604,121.30139,Cloud to Ground,-34449,0,10
2026-08-31T20:41:22.768879495Z,20.52152,121.30301,Cloud to Ground,-29194,0,11
2026-08-31T20:41:22.790881357Z,20.527186,121.317551,Cloud to Ground,-27864,0,12
2026-08-31T20:41:23.140383739Z,20.525198,121.307182,Cloud to Ground,-25266,0,11
2026-08-31T20:41:22.966887107Z,20.245089,120.397458,Cloud to Ground,27829,0,13
2026-08-31T20:41:28.718125826Z,16.91204,132.881132,Cloud to Ground,8154,0,6
2026-08-31T20:41:28.525382172Z,16.913258,132.893663,Cloud to Ground,10863,0,7
2026-08-31T20:41:29.982438808Z,8.913733,119.832073,Cloud to Cloud,18482,3013,7
2026-08-31T20:41:34.517187973Z,16.90078,132.846868,Cloud to Ground,13413,0,7
2026-08-31T20:41:34.601965948Z,16.98152,132.908961,Cloud to Ground,-10835,0,9
2026-08-31T20:41:36.352432189Z,18.272533,120.190326,Cloud to Cloud,15070,15962,8
2026-08-31T20:41:41.518964558Z,8.140089,120.098593,Cloud to Cloud,12222,5336,8
2026-08-31T20:41:41.449487321Z,8.109195,120.117436,Cloud to Cloud,19841,3011,8
2026-08-31T20:41:43.262380801Z,5.429996,114.893043,Cloud to Ground,-20165,0,11
2026-08-31T20:41:43.788466765Z,5.431749,114.936008,Cloud to Ground,13505,0,9
2026-08-31T20:41:43.903264885Z,5.404887,114.902097,Cloud to Ground,16349,0,10
2026-08-31T20:41:43.794020955Z,5.408299,114.898215,Cloud to Ground,68474,0,17
2026-08-31T20:41:43.372047972Z,5.375274,114.883638,Cloud to Ground,51447,0,17
2026-08-31T20:41:43.613883440Z,17.1989,130.673339,Cloud to Cloud,-8992,4240,8
2026-08-31T20:41:43.006844699Z,17.004527,132.853556,Cloud to Ground,-12914,0,8
2026-08-31T20:41:43.249354317Z,5.431122,114.929277,Cloud to Ground,24455,0,11
2026-08-31T20:41:44.022786050Z,17.164481,130.816682,Cloud to Cloud,-14975,3036,10
2026-08-31T20:41:44.017624026Z,17.133461,130.794459,Cloud to Cloud,-7305,8572,7
2026-08-31T20:41:44.839671659Z,20.535333,121.446479,Cloud to Cloud,-5379,18606,7
2026-08-31T20:41:44.671227054Z,20.500757,121.427586,Cloud to Cloud,9897,5577,6
2026-08-31T20:41:44.614420132Z,20.506513,121.431491,Cloud to Ground,12209,0,7
2026-08-31T20:41:44.632458868Z,20.543582,121.427579,Cloud to Ground,13347,0,10
2026-08-31T20:41:46.367361000Z,20.392,121.1927,Cloud to Ground,-43120,0,7
2026-08-31T20:41:46.733125775Z,20.348202,121.262002,Cloud to Cloud,-15524,10073,9
2026-08-31T20:41:46.710468504Z,20.261841,121.242435,Cloud to Cloud,-8347,8491,9
2026-08-31T20:41:46.397732447Z,20.372942,121.244927,Cloud to Cloud,5090,12428,8
2026-08-31T20:41:46.389596842Z,20.366882,121.230284,Cloud to Cloud,6950,15622,7
2026-08-31T20:41:46.345177432Z,20.372014,121.235364,Cloud to Cloud,16188,14830,8
2026-08-31T20:41:51.821782948Z,17.055996,131.652993,Cloud to Ground,11085,0,7
2026-08-31T20:41:52.207891116Z,16.977235,131.838303,Cloud to Ground,10203,0,7
2026-08-31T20:41:55.703011889Z,16.909296,132.985024,Cloud to Ground,21687,0,10
2026-08-31T20:41:55.552479414Z,16.993282,132.939121,Cloud to Ground,31660,0,8
2026-08-31T20:41:55.663016210Z,16.924781,132.872909,Cloud to Ground,-12383,0,7
2026-08-31T20:41:56.107432504Z,16.932068,132.855509,Cloud to Ground,9825,0,7
2026-08-31T20:41:57.572382488Z,8.967235,119.866336,Cloud to Cloud,-7858,7091,7
2026-08-31T20:41:57.891863332Z,16.911184,132.842218,Cloud to Ground,-12298,0,9
2026-08-31T20:42:00.271004364Z,17.099656,133.363495,Cloud to Ground,-17995,0,10
2026-08-31T20:42:00.273385342Z,17.098436,133.350291,Cloud to Ground,-14483,0,6
2026-08-31T20:42:00.267997477Z,17.11672,133.363413,Cloud to Ground,18548,0,9
2026-08-31T20:42:00.268926294Z,17.012227,133.375238,Cloud to Ground,28019,0,9
2026-08-31T20:42:01.929590147Z,17.451669,131.932428,Cloud to Ground,-21654,0,13
2026-08-31T20:42:02.173943835Z,17.564875,131.943996,Cloud to Ground,-13003,0,8
2026-08-31T20:42:02.026504634Z,17.50252,131.840627,Cloud to Ground,-10245,0,8
2026-08-31T20:42:01.913164538Z,17.48675,131.906945,Cloud to Ground,-7461,0,6
2026-08-31T20:42:01.582281000Z,16.926,132.7674,Cloud to Ground,-7399,0,6
2026-08-31T20:42:02.829833627Z,8.927709,120.026459,Cloud to Cloud,17719,4257,10
2026-08-31T20:42:03.922197958Z,17.226789,131.118474,Cloud to Cloud,-7509,3633,7
2026-08-31T20:42:03.041935076Z,18.57182,129.320435,Cloud to Ground,-22881,0,15
2026-08-31T20:42:04.252417854Z,17.448998,130.901273,Cloud to Ground,-11320,0,7
2026-08-31T20:42:07.559289991Z,16.910171,133.005673,Cloud to Ground,-9187,0,8
2026-08-31T20:42:07.585515362Z,16.92813,132.972784,Cloud to Cloud,-6741,14915,6
2026-08-31T20:42:09.867198715Z,3.450644,112.995593,Cloud to Cloud,32211,4120,12
2026-08-31T20:42:09.060577998Z,16.936719,132.990179,Cloud to Ground,23549,0,11
2026-08-31T20:42:11.367358845Z,16.955316,132.969388,Cloud to Ground,-12303,0,8
2026-08-31T20:42:12.327501268Z,18.13473,129.983309,Cloud to Ground,-8881,0,7
2026-08-31T20:42:19.898053986Z,16.931187,132.924139,Cloud to Ground,-18435,0,14
2026-08-31T20:42:19.787382987Z,16.918184,132.70777,Cloud to Ground,-32269,0,13
2026-08-31T20:42:21.218050307Z,16.862353,132.961707,Cloud to Ground,-10392,0,6
2026-08-31T20:42:25.447833106Z,5.450749,114.935894,Cloud to Ground,26702,0,14
2026-08-31T20:42:25.072201209Z,16.933673,132.894531,Cloud to Ground,-9726,0,6
2026-08-31T20:42:25.846724120Z,18.436215,129.239243,Cloud to Cloud,7830,7444,11
2026-08-31T20:42:25.813933021Z,18.565978,129.015474,Cloud to Ground,13039,0,14
2026-08-31T20:42:25.815747049Z,18.573453,129.019396,Cloud to Ground,16423,0,10
2026-08-31T20:42:26.728741670Z,16.92184,132.855639,Cloud to Ground,7810,0,7
2026-08-31T20:42:26.299580962Z,18.592041,129.198171,Cloud to Ground,-30892,0,14
2026-08-31T20:42:26.508576952Z,18.599052,129.208036,Cloud to Ground,-11928,0,9
2026-08-31T20:42:27.499032521Z,20.11413,120.051382,Cloud to Cloud,16023,15239,9
2026-08-31T20:42:28.413098354Z,17.325341,131.234174,Cloud to Cloud,-17389,17536,7
2026-08-31T20:42:28.512492104Z,16.975912,132.840433,Cloud to Ground,-13076,0,7
2026-08-31T20:42:30.412525000Z,17.3666,130.4339,Cloud to Ground,-9640,0,6
2026-08-31T20:42:30.633498854Z,17.32819,130.513864,Cloud to Cloud,10188,6291,8
2026-08-31T20:42:32.230265022Z,17.926852,114.147426,Cloud to Cloud,-17532,15398,12
2026-08-31T20:42:31.856213032Z,17.945637,114.130221,Cloud to Cloud,-13412,7855,11
2026-08-31T20:42:31.991288994Z,17.989749,114.109339,Cloud to Ground,-8891,0,8
2026-08-31T20:42:32.183548458Z,17.968335,114.133563,Cloud to Ground,-8540,0,7
2026-08-31T20:42:31.979990181Z,17.986881,114.02852,Cloud to Cloud,-6670,3113,9
2026-08-31T20:42:31.826305404Z,17.944774,114.061325,Cloud to Cloud,-6507,3678,7
2026-08-31T20:42:31.959309296Z,17.986334,114.093382,Cloud to Cloud,7040,7291,9
2026-08-31T20:42:31.807672126Z,17.94541,114.086954,Cloud to Cloud,12905,18816,8
2026-08-31T20:42:31.994704043Z,17.92325,113.97544,Cloud to Cloud,16045,13582,8
2026-08-31T20:42:32.780616152Z,16.921758,132.94234,Cloud to Ground,-15660,0,10
2026-08-31T20:42:32.765894020Z,16.935565,132.91267,Cloud to Ground,-13751,0,7
2026-08-31T20:42:32.124742872Z,20.462402,121.45401,Cloud to Cloud,5103,19455,8
2026-08-31T20:42:32.401102108Z,20.55746,121.4298,Cloud to Cloud,-5908,15349,8
2026-08-31T20:42:32.136742817Z,20.562617,121.453479,Cloud to Cloud,3345,12589,7
2026-08-31T20:42:32.288342274Z,20.570012,121.44994,Cloud to Cloud,3780,3039,7
2026-08-31T20:42:32.140241141Z,20.572517,121.43908,Cloud to Cloud,5564,3011,6
2026-08-31T20:42:32.089326495Z,20.564375,121.44538,Cloud to Ground,26188,0,10
2026-08-31T20:42:33.227538834Z,17.512628,131.855163,Cloud to Cloud,9337,12272,7
2026-08-31T20:42:33.545286661Z,17.459623,131.904313,Cloud to Ground,16457,0,8
2026-08-31T20:42:35.810196159Z,20.488311,121.380368,Cloud to Cloud,4528,18681,7
2026-08-31T20:42:35.809055552Z,20.485726,121.37877,Cloud to Ground,11005,0,9
2026-08-31T20:42:36.000784678Z,16.710872,112.579663,Cloud to Cloud,-13074,3202,7
2026-08-31T20:42:44.233363843Z,9.059341,120.211877,Cloud to Cloud,25758,3277,8
2026-08-31T20:42:45.018563031Z,8.926042,119.936628,Cloud to Ground,-63800,0,7
2026-08-31T20:42:45.104525637Z,8.954744,119.934941,Cloud to Ground,-24413,0,10
2026-08-31T20:42:45.179833601Z,8.897162,119.88238,Cloud to Cloud,22886,3304,7
2026-08-31T20:42:45.563589000Z,9.0276,119.8541,Cloud to Ground,-1894,0,5
2026-08-31T20:42:49.613233051Z,16.927101,132.876413,Cloud to Ground,-18398,0,10
2026-08-31T20:42:49.797301809Z,17.259768,130.967772,Cloud to Ground,-13329,0,10
2026-08-31T20:42:49.430089094Z,17.212627,130.953037,Cloud to Ground,20846,0,7
2026-08-31T20:42:49.932435000Z,20.2165,120.2329,Cloud to Ground,-16577,0,7
2026-08-31T20:42:50.987730276Z,17.075972,133.373176,Cloud to Ground,-9888,0,7
2026-08-31T20:42:52.481075190Z,8.197529,120.261226,Cloud to Cloud,-11318,6737,8
2026-08-31T20:42:53.462680283Z,8.105062,120.176411,Cloud to Cloud,24088,3850,8
2026-08-31T20:42:53.928192395Z,8.228274,120.194024,Cloud to Ground,18463,0,11
2026-08-31T20:42:53.461144839Z,8.195532,120.16535,Cloud to Ground,27458,0,8
2026-08-31T20:42:54.328998663Z,21.660285,131.641906,Cloud to Ground,-18773,0,14
2026-08-31T20:42:53.945807566Z,21.650681,131.618374,Cloud to Ground,41794,0,11
2026-08-31T20:42:54.330434411Z,21.56727,131.561832,Cloud to Ground,-11045,0,9
2026-08-31T20:42:53.657007348Z,21.520392,131.643299,Cloud to Ground,36401,0,11
2026-08-31T20:42:54.488935550Z,21.562149,131.680086,Cloud to Ground,21212,0,11
2026-08-31T20:42:54.256417343Z,18.61509,129.421743,Cloud to Ground,-12815,0,8
2026-08-31T20:42:54.467481704Z,18.608592,129.440458,Cloud to Cloud,-12723,3215,7
2026-08-31T20:42:56.328677734Z,17.523944,113.740374,Cloud to Ground,-14286,0,10
2026-08-31T20:42:56.520378339Z,17.563504,113.770701,Cloud to Cloud,-13978,3905,10
2026-08-31T20:42:56.335806749Z,17.440522,113.525627,Cloud to Cloud,-16844,7522,10
2026-08-31T20:42:57.657371481Z,5.444338,114.971306,Cloud to Ground,-68791,0,16
2026-08-31T20:42:57.704034962Z,5.464214,114.94343,Cloud to Cloud,-16771,3482,10
2026-08-31T20:42:57.775842952Z,5.445219,114.939896,Cloud to Ground,26449,0,9
2026-08-31T20:42:57.714797521Z,5.441285,114.946921,Cloud to Ground,29248,0,14
2026-08-31T20:42:57.675477643Z,5.536672,114.963711,Cloud to Ground,30264,0,7
2026-08-31T20:42:58.097221984Z,19.78657,120.780123,Cloud to Ground,68027,0,11
2026-08-31T20:42:59.187931943Z,17.372596,130.558012,Cloud to Cloud,-12875,3280,6
2026-08-31T20:42:59.168855439Z,16.46623,132.49416,Cloud to Ground,11569,0,11
2026-08-31T20:42:59.079725508Z,20.569241,121.447492,Cloud to Cloud,4598,18807,6
2026-08-31T20:42:59.114383944Z,20.531008,121.441742,Cloud to Cloud,5557,14669,6
2026-08-31T20:43:02.849081943Z,17.317277,131.260633,Cloud to Ground,-17354,0,11
2026-08-31T20:43:02.633575452Z,17.347486,131.262764,Cloud to Ground,-10617,0,10
2026-08-31T20:43:02.367274873Z,17.125762,131.377419,Cloud to Ground,-18406,0,13
2026-08-31T20:43:02.423009267Z,17.239825,131.368399,Cloud to Ground,-14558,0,28
2026-08-31T20:43:05.406002749Z,16.909978,132.94048,Cloud to Ground,22135,0,9
2026-08-31T20:43:05.208816135Z,17.106721,132.84503,Cloud to Ground,-23407,0,11
2026-08-31T20:43:05.282087000Z,16.9955,132.7678,Cloud to Ground,-11947,0,5
2026-08-31T20:43:05.070314484Z,17.095941,131.212415,Cloud to Cloud,7781,5510,7
2026-08-31T20:43:10.303229510Z,5.424741,114.881052,Cloud to Cloud,-10609,7896,6
2026-08-31T20:43:10.387449047Z,5.476576,114.924008,Cloud to Cloud,-8377,14590,6
2026-08-31T20:43:10.395097989Z,5.423723,114.903132,Cloud to Ground,64989,0,14
2026-08-31T20:43:13.687192506Z,17.996764,114.070906,Cloud to Cloud,-11492,5422,12
2026-08-31T20:43:13.686176695Z,17.899909,114.029264,Cloud to Cloud,8438,3138,8
2026-08-31T20:43:15.848122688Z,17.503743,131.911093,Cloud to Ground,-12967,0,7
2026-08-31T20:43:16.135694345Z,17.44578,131.909003,Cloud to Ground,-9465,0,8
2026-08-31T20:43:20.337104307Z,17.144346,131.742769,Cloud to Ground,-10119,0,9
2026-08-31T20:43:21.541001553Z,8.910389,119.871594,Cloud to Cloud,-15328,3360,8
2026-08-31T20:43:21.708199000Z,9.0613,119.9127,Cloud to Ground,12442,0,6
2026-08-31T20:43:22.402105227Z,5.49473,114.989551,Cloud to Cloud,-12442,18064,7
2026-08-31T20:43:22.430319431Z,5.439612,114.937913,Cloud to Ground,19463,0,8
2026-08-31T20:43:22.412431798Z,5.50777,114.931473,Cloud to Ground,24311,0,8
2026-08-31T20:43:22.426128737Z,5.435398,114.829595,Cloud to Cloud,10465,15394,7
2026-08-31T20:43:25.915939843Z,17.004272,132.952983,Cloud to Ground,45050,0,12
2026-08-31T20:43:25.917754365Z,16.885216,132.988591,Cloud to Ground,-14006,0,7
2026-08-31T20:43:25.863944000Z,16.9684,132.825,Cloud to Ground,-13501,0,6
2026-08-31T20:43:27.027668324Z,16.982003,132.891162,Cloud to Ground,-10659,0,12
2026-08-31T20:43:31.113684714Z,17.233604,131.368916,Cloud to Ground,-27230,0,27
2026-08-31T20:43:31.035701000Z,17.1349,131.1602,Cloud to Ground,61400,0,5
2026-08-31T20:43:32.060090868Z,10.235812,111.316962,Cloud to Ground,-68412,0,13
2026-08-31T20:43:32.074078976Z,10.231706,111.329567,Cloud to Ground,-68273,0,8
2026-08-31T20:43:32.061410571Z,10.257444,111.334675,Cloud to Ground,-13289,0,11
2026-08-31T20:43:34.650357660Z,17.10843,131.174109,Cloud to Cloud,16672,4811,7
2026-08-31T20:43:41.132076000Z,16.9663,132.8142,Cloud to Ground,-11626,0,6
2026-08-31T20:43:41.231928000Z,16.9761,132.8031,Cloud to Ground,-10462,0,5
2026-08-31T20:43:41.330199000Z,16.968,132.8697,Cloud to Ground,29213,0,5
2026-08-31T20:43:42.621538224Z,18.549152,128.980319,Cloud to Cloud,-7211,4075,9
2026-08-31T20:43:42.617224000Z,18.616,129.1038,Cloud to Ground,-35707,0,6
2026-08-31T20:43:42.703976392Z,18.561795,129.108429,Cloud to Cloud,-8947,3025,7
2026-08-31T20:43:44.081410926Z,17.568921,131.647572,Cloud to Ground,-2932,0,5
2026-08-31T20:43:44.069886618Z,17.469483,131.930332,Cloud to Ground,-5554,0,9
2026-08-31T20:43:45.591770538Z,17.351972,132.349653,Cloud to Ground,-11229,0,8
2026-08-31T20:43:46.332300071Z,3.426608,112.987236,Cloud to Cloud,-8215,19269,6
2026-08-31T20:43:47.227332038Z,16.945073,133.355768,Cloud to Ground,26113,0,9
2026-08-31T20:43:47.250063434Z,17.098069,133.366214,Cloud to Ground,-12026,0,14
2026-08-31T20:43:48.172420817Z,17.173248,130.503839,Cloud to Cloud,21045,4822,12
2026-08-31T20:43:48.192161789Z,17.253425,130.587703,Cloud to Ground,-8038,0,7
2026-08-31T20:43:48.237448554Z,17.251289,130.678011,Cloud to Cloud,9324,10194,7
2026-08-31T20:43:48.168809808Z,17.187496,130.727759,Cloud to Ground,43822,0,14
2026-08-31T20:43:48.202319000Z,17.1231,131.3006,Cloud to Ground,-10834,0,6
2026-08-31T20:43:50.473238398Z,18.28396,120.226669,Cloud to Cloud,20737,14758,9
2026-08-31T20:43:53.976649936Z,5.461562,114.931901,Cloud to Ground,34534,0,9
2026-08-31T20:43:56.557033338Z,8.175385,120.153708,Cloud to Ground,34667,0,14
2026-08-31T20:43:59.909064156Z,18.34379,130.298979,Cloud to Ground,17706,0,9
2026-08-31T20:43:59.881179606Z,18.224293,130.422045,Cloud to Ground,-8574,0,7
2026-08-31T20:43:59.834281449Z,18.193025,130.396317,Cloud to Cloud,8379,3013,12
2026-08-31T20:44:02.461551803Z,20.503259,121.380021,Cloud to Cloud,2935,3029,6
2026-08-31T20:44:02.566831199Z,20.482105,121.421587,Cloud to Cloud,3746,13644,7
2026-08-31T20:44:02.426008214Z,20.497593,121.388259,Cloud to Cloud,6552,18826,8
2026-08-31T20:44:02.562998000Z,20.5325,121.4324,Cloud to Ground,10784,0,5
2026-08-31T20:44:05.026504193Z,17.0295,132.8915,Cloud to Ground,-25856,0,17
2026-08-31T20:44:04.963363686Z,17.005454,132.871931,Cloud to Ground,-14678,0,14
2026-08-31T20:44:05.098997435Z,16.900717,133.005217,Cloud to Ground,23718,0,9
2026-08-31T20:44:05.196634658Z,16.912115,132.8978,Cloud to Ground,-15894,0,13
2026-08-31T20:44:05.151581000Z,16.9097,132.8502,Cloud to Ground,-10427,0,7
2026-08-31T20:44:05.279573000Z,16.8329,132.8023,Cloud to Ground,-8993,0,5
2026-08-31T20:44:05.068716000Z,16.9185,132.8354,Cloud to Ground,-7425,0,5
2026-08-31T20:44:07.371662951Z,9.170399,120.30666,Cloud to Ground,-22365,0,10
2026-08-31T20:44:09.742123405Z,8.942716,119.853285,Cloud to Ground,-33369,0,9
2026-08-31T20:44:09.562666105Z,8.962047,119.947392,Cloud to Cloud,-11721,5431,7
2026-08-31T20:44:10.082164833Z,9.073621,119.907202,Cloud to Ground,-33824,0,6
2026-08-31T20:44:11.213328605Z,17.126109,131.566578,Cloud to Ground,9182,0,7
2026-08-31T20:44:15.830703116Z,16.959753,132.940546,Cloud to Ground,-9640,0,6
2026-08-31T20:44:16.219910383Z,16.918249,132.831596,Cloud to Ground,-18433,0,12
2026-08-31T20:44:18.559042138Z,20.2059,121.013467,Cloud to Ground,45974,0,15
2026-08-31T20:44:19.705962373Z,17.153071,131.464053,Cloud to Ground,18451,0,10
2026-08-31T20:44:19.759506864Z,17.189581,131.449472,Cloud to Ground,26606,0,9
2026-08-31T20:44:19.637472722Z,17.212923,131.128114,Cloud to Cloud,-22267,3035,10
2026-08-31T20:44:19.812230000Z,17.1633,131.2229,Cloud to Ground,12807,0,6
2026-08-31T20:44:20.462076003Z,18.584816,129.268527,Cloud to Cloud,-6530,19134,6
2026-08-31T20:44:23.329729356Z,17.512711,131.892881,Cloud to Cloud,-9563,3006,9
2026-08-31T20:44:24.936311459Z,16.985643,132.706138,Cloud to Ground,-11312,0,9
2026-08-31T20:44:24.645756771Z,17.069217,132.872136,Cloud to Cloud,-21135,4511,13
2026-08-31T20:44:24.753839138Z,16.96635,132.853109,Cloud to Ground,-13774,0,9
2026-08-31T20:44:24.519481725Z,16.965178,132.904644,Cloud to Ground,-13120,0,7
2026-08-31T20:44:24.550581865Z,17.032239,132.942436,Cloud to Ground,19517,0,9
2026-08-31T20:44:25.015383628Z,17.463752,130.906176,Cloud to Cloud,13200,3007,8
2026-08-31T20:44:25.014302423Z,17.460191,130.95747,Cloud to Cloud,13399,3012,12
2026-08-31T20:44:25.682278379Z,17.380906,130.567003,Cloud to Cloud,-14568,17324,6
2026-08-31T20:44:25.325316817Z,17.230742,131.137904,Cloud to Ground,-12810,0,8
2026-08-31T20:44:32.302355075Z,5.337304,114.838499,Cloud to Ground,-13201,0,8
2026-08-31T20:44:32.177727598Z,5.402888,114.931347,Cloud to Ground,-19056,0,7
2026-08-31T20:44:32.184803941Z,5.522118,114.983405,Cloud to Cloud,-13595,16168,15
2026-08-31T20:44:32.160717701Z,5.539749,114.879883,Cloud to Ground,-26202,0,10
2026-08-31T20:44:33.190186211Z,17.309308,131.203691,Cloud to Ground,-10319,0,8
2026-08-31T20:44:35.639106333Z,18.230553,114.478027,Cloud to Ground,-17968,0,8
2026-08-31T20:44:35.465420113Z,18.245978,114.552004,Cloud to Ground,19373,0,15
2026-08-31T20:44:35.465875141Z,18.234646,114.46052,Cloud to Ground,22494,0,9
2026-08-31T20:44:37.608460578Z,8.980484,119.917984,Cloud to Ground,-25797,0,12
2026-08-31T20:44:37.668425113Z,8.984177,119.913136,Cloud to Ground,-25260,0,9
2026-08-31T20:44:37.168102082Z,9.002729,119.909134,Cloud to Ground,-17352,0,11
2026-08-31T20:44:37.611369253Z,8.968086,119.870816,Cloud to Cloud,-15123,7724,7
2026-08-31T20:44:39.746300025Z,17.076665,132.964448,Cloud to Ground,47212,0,9
2026-08-31T20:44:39.863931495Z,16.969974,132.991145,Cloud to Ground,19105,0,9
2026-08-31T20:44:41.344453929Z,21.766987,131.798602,Cloud to Ground,-30153,0,14
2026-08-31T20:44:41.322186656Z,21.755821,131.821777,Cloud to Ground,-12298,0,12
2026-08-31T20:44:41.749656483Z,21.744385,131.86073,Cloud to Ground,30162,0,7
2026-08-31T20:44:41.700435028Z,21.807877,131.879764,Cloud to Ground,45407,0,10
2026-08-31T20:44:42.940636435Z,20.185215,120.326804,Cloud to Ground,-33093,0,21
2026-08-31T20:44:45.937857000Z,17.0497,133.2368,Cloud to Ground,-13870,0,6
2026-08-31T20:44:46.185024218Z,16.908798,132.883284,Cloud to Ground,8958,0,8
2026-08-31T20:44:46.242288541Z,17.040198,133.367151,Cloud to Ground,-15047,0,6
2026-08-31T20:44:46.162223211Z,17.213057,131.371083,Cloud to Ground,-18856,0,11
2026-08-31T20:44:47.704373005Z,5.051523,114.592353,Cloud to Cloud,-12195,3394,10
2026-08-31T20:44:47.705883135Z,5.137174,114.529331,Cloud to Ground,-13024,0,11
2026-08-31T20:44:48.107717882Z,16.97682,132.794972,Cloud to Ground,-14849,0,8
2026-08-31T20:44:47.466833141Z,16.924672,132.832505,Cloud to Ground,22662,0,15
2026-08-31T20:44:48.119466605Z,16.973562,131.927648,Cloud to Ground,-15062,0,8
2026-08-31T20:44:48.308422235Z,17.033696,131.901201,Cloud to Ground,-13875,0,9
2026-08-31T20:44:48.186770048Z,16.9836,131.918131,Cloud to Ground,-13460,0,7
2026-08-31T20:44:48.727047645Z,17.340084,131.150974,Cloud to Cloud,8615,19472,7
2026-08-31T20:44:48.596411295Z,17.308663,131.264925,Cloud to Ground,-11380,0,13
2026-08-31T20:44:49.590302598Z,20.39035,121.260659,Cloud to Cloud,4953,15032,7
2026-08-31T20:44:50.031389464Z,20.540005,121.293816,Cloud to Ground,-29745,0,8
2026-08-31T20:44:49.977017655Z,20.54911,121.344306,Cloud to Ground,-25492,0,12
2026-08-31T20:44:50.007336898Z,20.470117,121.215268,Cloud to Cloud,5676,4894,7
2026-08-31T20:44:52.345141637Z,8.124769,120.118256,Cloud to Cloud,35220,19861,8
2026-08-31T20:44:53.737901616Z,17.393189,132.387241,Cloud to Ground,24241,0,9
2026-08-31T20:44:54.652490289Z,17.12607,131.775255,Cloud to Ground,-21566,0,10
2026-08-31T20:44:54.669695000Z,17.154,131.6509,Cloud to Ground,-26534,0,7
2026-08-31T20:44:54.716672816Z,17.234594,131.661895,Cloud to Ground,-19569,0,15
2026-08-31T20:44:55.929239759Z,17.045463,131.500705,Cloud to Ground,22740,0,8
2026-08-31T20:44:55.960314728Z,17.016497,131.661674,Cloud to Ground,10183,0,6
2026-08-31T20:44:56.957039309Z,5.583721,115.070593,Cloud to Cloud,-8817,3004,13
2026-08-31T20:44:56.920421072Z,5.503136,114.951301,Cloud to Ground,-21529,0,7
2026-08-31T20:44:56.943931730Z,5.541774,114.982831,Cloud to Cloud,-15224,3355,9
2026-08-31T20:44:57.026309253Z,5.519979,114.967855,Cloud to Cloud,-12611,13595,6
2026-08-31T20:44:57.163327219Z,8.204761,120.263089,Cloud to Cloud,26166,15066,8
2026-08-31T20:44:58.060247329Z,8.973466,119.899141,Cloud to Cloud,13437,5305,6
2026-08-31T20:44:57.719405635Z,8.89611,119.880336,Cloud to Cloud,17240,5551,7
2026-08-31T20:44:57.642503077Z,8.889498,119.851589,Cloud to Cloud,20431,4545,7
2026-08-31T20:45:00.484188805Z,17.209922,131.191136,Cloud to Ground,-10352,0,9
2026-08-31T20:45:00.107036000Z,17.1292,131.344,Cloud to Ground,-15692,0,7
2026-08-31T20:45:01.594350630Z,18.594887,129.243835,Cloud to Cloud,7151,12295,9
2026-08-31T20:45:03.062229351Z,17.897798,129.874913,Cloud to Cloud,11572,3152,8
2026-08-31T20:45:05.706960000Z,16.9489,132.8096,Cloud to Ground,-7664,0,6
2026-08-31T20:45:08.699533746Z,20.592978,121.436865,Cloud to Ground,-19385,0,12
2026-08-31T20:45:08.808568562Z,20.592818,121.472702,Cloud to Ground,-10200,0,8
2026-08-31T20:45:08.804792457Z,20.59187,121.464638,Cloud to Ground,-7666,0,8
2026-08-31T20:45:08.701427763Z,20.622093,121.322536,Cloud to Cloud,-52965,3543,12
2026-08-31T20:45:09.941091166Z,16.904804,132.922615,Cloud to Ground,-11349,0,6
2026-08-31T20:45:10.603928609Z,9.030127,119.967211,Cloud to Cloud,32529,5827,9
2026-08-31T20:45:11.481402277Z,9.185174,120.264581,Cloud to Ground,-26378,0,10
2026-08-31T20:45:11.371875380Z,9.155373,120.31996,Cloud to Ground,-14192,0,12
2026-08-31T20:45:11.599700316Z,18.576983,129.249484,Cloud to Ground,13108,0,9
2026-08-31T20:45:11.598037427Z,18.567316,129.263639,Cloud to Ground,21565,0,11
2026-08-31T20:45:14.341206473Z,5.541136,114.967382,Cloud to Cloud,-20776,3403,25
2026-08-31T20:45:15.436921387Z,17.196305,130.768984,Cloud to Cloud,-11040,18047,7
2026-08-31T20:45:14.963672680Z,17.131025,130.722627,Cloud to Ground,20554,0,12
2026-08-31T20:45:16.819229760Z,16.979037,132.745652,Cloud to Ground,8527,0,7
2026-08-31T20:45:19.557242950Z,18.620546,129.329372,Cloud to Ground,-18107,0,8
2026-08-31T20:45:19.711251603Z,18.728238,129.167467,Cloud to Ground,-8934,0,7
2026-08-31T20:45:20.676928905Z,17.100934,131.421864,Cloud to Cloud,-11490,3303,12
2026-08-31T20:45:26.416884178Z,17.353619,131.247433,Cloud to Cloud,-9694,5490,7
2026-08-31T20:45:26.495170241Z,17.014689,132.914305,Cloud to Ground,-15234,0,7
2026-08-31T20:45:26.162476077Z,16.981144,132.796973,Cloud to Ground,-12888,0,7
2026-08-31T20:45:27.001053130Z,17.370819,130.536325,Cloud to Ground,-11982,0,6
2026-08-31T20:45:27.013335417Z,17.326615,130.460789,Cloud to Cloud,6739,19288,7
2026-08-31T20:45:27.320179383Z,16.956046,132.725463,Cloud to Ground,15039,0,10
2026-08-31T20:45:27.564740345Z,16.931718,132.896077,Cloud to Ground,-10782,0,8
2026-08-31T20:45:27.399294157Z,10.244265,111.315624,Cloud to Ground,-54994,0,11
2026-08-31T20:45:27.406711509Z,10.294135,111.406824,Cloud to Cloud,-10975,8317,6
2026-08-31T20:45:27.416330838Z,10.214817,111.244285,Cloud to Cloud,11880,6309,12
2026-08-31T20:45:27.404276263Z,10.269275,111.34758,Cloud to Ground,12889,0,7
2026-08-31T20:45:27.402497367Z,10.260552,111.327379,Cloud to Ground,18039,0,8
2026-08-31T20:45:27.400378371Z,10.201913,111.208879,Cloud to Cloud,18677,6911,9
2026-08-31T20:45:29.261602822Z,16.941355,132.855833,Cloud to Ground,10550,0,9
2026-08-31T20:45:31.149546829Z,5.458465,114.919646,Cloud to Ground,26818,0,11
2026-08-31T20:45:31.270173187Z,5.425866,114.906787,Cloud to Ground,35152,0,9
2026-08-31T20:45:31.215765652Z,5.425746,114.930929,Cloud to Ground,46533,0,16
2026-08-31T20:45:33.520312596Z,17.126869,131.797375,Cloud to Cloud,-14351,3770,10
2026-08-31T20:45:37.626052833Z,8.045766,120.075426,Cloud to Cloud,-11659,4669,8
2026-08-31T20:45:39.448858237Z,16.990091,133.223947,Cloud to Ground,-12769,0,7
2026-08-31T20:45:39.087767851Z,16.967623,133.197498,Cloud to Cloud,12368,14635,8
2026-08-31T20:45:39.086352063Z,17.024254,133.178048,Cloud to Ground,30791,0,10
2026-08-31T20:45:39.716956629Z,20.580871,121.476449,Cloud to Cloud,3779,17983,6
2026-08-31T20:45:39.696598958Z,20.528989,121.496458,Cloud to Cloud,5587,18966,6
2026-08-31T20:45:40.584259631Z,17.000381,132.818965,Cloud to Ground,-9993,0,6
2026-08-31T20:45:40.811281788Z,16.883936,132.967045,Cloud to Ground,-20606,0,10
2026-08-31T20:45:40.818149741Z,16.923263,132.99572,Cloud to Ground,-16340,0,15
2026-08-31T20:45:40.405622065Z,16.987839,132.948082,Cloud to Ground,-12095,0,7
2026-08-31T20:45:40.821397512Z,16.91776,132.919068,Cloud to Ground,-11046,0,7
2026-08-31T20:45:49.989888960Z,9.174418,120.268515,Cloud to Ground,-46955,0,13
2026-08-31T20:45:50.072893218Z,9.177873,120.27455,Cloud to Ground,-20666,0,13
2026-08-31T20:45:49.719711980Z,5.537419,114.979468,Cloud to Cloud,-26825,3008,9
2026-08-31T20:45:49.749567757Z,5.533478,114.97075,Cloud to Cloud,-12683,5979,8
2026-08-31T20:45:49.956388495Z,16.92206,132.82722,Cloud to Ground,23405,0,12
2026-08-31T20:45:50.602583150Z,16.936463,132.931464,Cloud to Ground,-13724,0,5
2026-08-31T20:45:51.764943108Z,17.352979,132.356499,Cloud to Ground,-13082,0,10
2026-08-31T20:45:51.665916000Z,17.3494,132.2506,Cloud to Ground,-9892,0,5
2026-08-31T20:45:53.761462238Z,16.935302,132.929106,Cloud to Ground,-27354,0,10
2026-08-31T20:45:55.994647005Z,17.240445,131.314298,Cloud to Ground,-23551,0,7
2026-08-31T20:45:55.028575620Z,18.597244,129.376645,Cloud to Ground,-24367,0,15
2026-08-31T20:45:55.118617139Z,18.612585,129.393662,Cloud to Ground,-11077,0,8
2026-08-31T20:45:56.603403298Z,17.367842,130.98544,Cloud to Cloud,-10831,5525,7
2026-08-31T20:45:58.615094506Z,17.011588,131.935418,Cloud to Ground,-17383,0,12
2026-08-31T20:46:00.091738263Z,17.328948,131.251289,Cloud to Cloud,17404,3026,9
2026-08-31T20:46:00.121024966Z,16.613937,134.121092,Cloud to Ground,37093,0,13
2026-08-31T20:46:02.364227813Z,9.001384,119.743797,Cloud to Cloud,-8611,17917,7
2026-08-31T20:46:05.721406000Z,16.8961,132.795,Cloud to Ground,13142,0,7
2026-08-31T20:46:06.085987428Z,17.022865,132.940628,Cloud to Ground,-12679,0,7
2026-08-31T20:46:09.577431712Z,16.946655,132.834845,Cloud to Ground,19085,0,11
2026-08-31T20:46:10.407201903Z,3.573479,113.069603,Cloud to Ground,-24693,0,13
2026-08-31T20:46:10.334585712Z,3.431684,112.951968,Cloud to Ground,-31923,0,12
2026-08-31T20:46:10.298662490Z,3.445554,112.97931,Cloud to Cloud,-13191,14715,8
2026-08-31T20:46:12.867883687Z,16.879778,132.969216,Cloud to Ground,-23901,0,7
2026-08-31T20:46:12.549803000Z,18.8438,118.5353,Cloud to Ground,-173886,0,8
2026-08-31T20:46:12.605039886Z,18.832533,118.482864,Cloud to Ground,-47928,0,12
2026-08-31T20:46:12.573368000Z,18.8665,118.4747,Cloud to Ground,-16503,0,9
2026-08-31T20:46:15.099987437Z,5.444763,114.946482,Cloud to Ground,-22924,0,9
2026-08-31T20:46:15.261315397Z,5.46204,114.949129,Cloud to Ground,29153,0,11
2026-08-31T20:46:15.121974844Z,5.463438,114.9392,Cloud to Ground,46061,0,14
2026-08-31T20:46:22.513413914Z,17.12885,133.354975,Cloud to Ground,-15157,0,11
2026-08-31T20:46:22.518655205Z,17.0849,133.415061,Cloud to Ground,-13182,0,6
2026-08-31T20:46:25.559003735Z,8.081596,119.891651,Cloud to Ground,84532,0,23
2026-08-31T20:46:26.992625230Z,16.952822,132.042299,Cloud to Ground,-11126,0,12
2026-08-31T20:46:28.911195718Z,21.674035,131.467014,Cloud to Cloud,-7226,4673,7
2026-08-31T20:46:28.784695393Z,21.585935,131.548278,Cloud to Ground,-9003,0,7
2026-08-31T20:46:28.787825213Z,21.65601,131.707709,Cloud to Ground,13192,0,8
2026-08-31T20:46:29.097435000Z,8.1979,120.217,Cloud to Ground,21284,0,5
2026-08-31T20:46:29.094018164Z,8.207261,120.266982,Cloud to Cloud,25907,3132,8
2026-08-31T20:46:29.693864261Z,5.445815,114.9346,Cloud to Ground,-20085,0,7
2026-08-31T20:46:29.910625880Z,21.644791,131.764073,Cloud to Ground,-8173,0,7
2026-08-31T20:46:30.331686423Z,8.973744,119.893946,Cloud to Cloud,10158,6325,6
2026-08-31T20:46:30.108932040Z,9.019968,119.96513,Cloud to Cloud,16436,7534,7
2026-08-31T20:46:31.301664496Z,16.912003,132.951916,Cloud to Ground,-13899,0,7
2026-08-31T20:46:32.771718726Z,17.078787,131.490955,Cloud to Ground,-10597,0,7
2026-08-31T20:46:32.737530150Z,17.085358,131.524231,Cloud to Cloud,-7493,15929,6
2026-08-31T20:46:33.735387724Z,17.676999,113.762993,Cloud to Ground,-29472,0,16
2026-08-31T20:46:33.733648453Z,17.563294,113.732301,Cloud to Cloud,-10286,3513,8
2026-08-31T20:46:33.797245260Z,17.550735,113.770793,Cloud to Cloud,13147,19403,7
2026-08-31T20:46:33.737993800Z,17.571631,113.663863,Cloud to Ground,37194,0,8
2026-08-31T20:46:33.739604237Z,17.559553,113.66524,Cloud to Ground,44404,0,9
2026-08-31T20:46:34.304928000Z,20.2188,120.0946,Cloud to Ground,-56762,0,13
2026-08-31T20:46:34.385824035Z,20.233513,120.090593,Cloud to Cloud,13825,16276,6
2026-08-31T20:46:35.877179014Z,18.304115,130.669597,Cloud to Ground,-18819,0,7
2026-08-31T20:46:35.885214298Z,18.299842,130.670839,Cloud to Ground,-14753,0,7
2026-08-31T20:46:35.879300349Z,18.262929,130.65437,Cloud to Cloud,29475,6706,8
2026-08-31T20:46:36.348083641Z,5.160914,114.511657,Cloud to Ground,-37136,0,10
2026-08-31T20:46:36.335636545Z,5.138764,114.576144,Cloud to Cloud,-22587,13351,9
2026-08-31T20:46:37.684660590Z,20.197686,120.262433,Cloud to Cloud,7229,15992,8
2026-08-31T20:46:37.680861490Z,20.200211,120.303825,Cloud to Cloud,9984,3030,8
2026-08-31T20:46:38.587373281Z,16.932811,132.836391,Cloud to Ground,24049,0,11
2026-08-31T20:46:42.360937513Z,20.44797,121.50046,Cloud to Cloud,6549,13597,7
2026-08-31T20:46:42.941026000Z,20.6111,121.4556,Cloud to Ground,-129641,0,9
2026-08-31T20:46:42.987359405Z,20.551723,121.439891,Cloud to Ground,-63081,0,14
2026-08-31T20:46:43.016131141Z,20.552437,121.437957,Cloud to Ground,-20445,0,7
2026-08-31T20:46:42.935980515Z,20.575304,121.483801,Cloud to Cloud,7610,7425,7
2026-08-31T20:46:42.371649182Z,20.60986,121.474072,Cloud to Cloud,7645,18723,6
2026-08-31T20:46:42.359034771Z,20.55142,121.467272,Cloud to Ground,23884,0,7
2026-08-31T20:46:47.321347291Z,18.563875,129.334698,Cloud to Cloud,-7324,14453,7
2026-08-31T20:46:49.542528608Z,8.952626,119.83068,Cloud to Cloud,-16408,14261,10
2026-08-31T20:46:49.562152296Z,9.127073,119.88665,Cloud to Ground,-34533,0,14
2026-08-31T20:46:49.663253659Z,9.023894,119.912844,Cloud to Ground,-27518,0,10
2026-08-31T20:46:50.276851226Z,9.061101,119.906707,Cloud to Ground,-21870,0,7
2026-08-31T20:46:49.629753911Z,9.04369,119.924303,Cloud to Ground,-21023,0,9
2026-08-31T20:46:50.444620578Z,8.99752,119.920825,Cloud to Ground,-21004,0,10
2026-08-31T20:46:49.691756885Z,8.969259,119.923938,Cloud to Cloud,-15857,3050,6
2026-08-31T20:46:50.113148597Z,9.136486,119.916974,Cloud to Cloud,21299,7091,8
2026-08-31T20:46:49.347376869Z,17.022103,132.870991,Cloud to Ground,-26099,0,9
2026-08-31T20:46:49.591808771Z,16.931577,132.966785,Cloud to Ground,27112,0,12
2026-08-31T20:46:50.538219835Z,16.626298,134.107085,Cloud to Ground,21158,0,9
2026-08-31T20:46:51.138938948Z,17.427893,131.172355,Cloud to Ground,-37012,0,18
2026-08-31T20:46:51.603425387Z,17.338058,131.205911,Cloud to Ground,-20273,0,13
2026-08-31T20:46:51.535695227Z,17.388113,131.13228,Cloud to Cloud,-5760,3978,6
2026-08-31T20:46:51.151408998Z,17.228341,131.290412,Cloud to Cloud,-17623,3033,13
2026-08-31T20:46:52.934488449Z,17.412793,132.332451,Cloud to Ground,9200,0,8
2026-08-31T20:46:52.960195077Z,16.958621,131.837904,Cloud to Ground,45043,0,10
2026-08-31T20:46:52.959266054Z,17.128406,131.777089,Cloud to Ground,-19258,0,9
2026-08-31T20:46:52.969539017Z,17.124014,131.74565,Cloud to Ground,-8270,0,6
2026-08-31T20:46:53.381465581Z,16.434123,132.532628,Cloud to Ground,23439,0,11
2026-08-31T20:46:55.367449971Z,8.020584,120.171057,Cloud to Cloud,37148,3000,8
2026-08-31T20:46:58.680077883Z,17.950871,114.167249,Cloud to Cloud,-14006,3155,8
2026-08-31T20:46:58.355947797Z,17.932176,114.1963,Cloud to Ground,-7693,0,7
2026-08-31T20:46:58.428580651Z,17.946818,114.184384,Cloud to Cloud,-6437,17961,7
2026-08-31T20:46:58.497087315Z,17.94817,114.168287,Cloud to Cloud,5463,3986,5
2026-08-31T20:46:58.426315312Z,17.906416,114.118304,Cloud to Cloud,14467,8359,9
2026-08-31T20:46:58.319399061Z,17.921315,114.162087,Cloud to Cloud,19870,5936,8
2026-08-31T20:47:00.433929940Z,16.953941,132.999147,Cloud to Ground,-7476,0,5
2026-08-31T20:47:00.321746248Z,16.937347,132.875516,Cloud to Ground,-9439,0,6
2026-08-31T20:47:01.891697229Z,5.467769,114.935998,Cloud to Ground,-25720,0,8
2026-08-31T20:47:01.925305381Z,5.463929,114.923881,Cloud to Cloud,-16564,3008,10
2026-08-31T20:47:02.040896477Z,5.452142,114.921179,Cloud to Ground,23259,0,8
2026-08-31T20:47:02.042364241Z,5.442888,114.918927,Cloud to Ground,40346,0,13
2026-08-31T20:47:01.912445734Z,5.422069,114.929165,Cloud to Ground,71525,0,13
2026-08-31T20:47:01.949080000Z,5.5991,114.8487,Cloud to Ground,7930,0,5
2026-08-31T20:47:01.299192525Z,16.920875,131.739942,Cloud to Ground,-16042,0,8
2026-08-31T20:47:09.966432125Z,17.599875,131.936268,Cloud to Ground,-19732,0,10
2026-08-31T20:47:10.038932469Z,17.446028,131.841559,Cloud to Ground,-12438,0,8
2026-08-31T20:47:12.665437743Z,9.143657,120.261206,Cloud to Cloud,-13757,3873,7
2026-08-31T20:47:13.323684188Z,3.418696,112.981611,Cloud to Ground,-15719,0,12
2026-08-31T20:47:13.329236026Z,3.415832,113.010932,Cloud to Cloud,-13069,11734,9
2026-08-31T20:47:13.326580000Z,3.3978,113.0281,Cloud to Ground,51682,0,6
2026-08-31T20:47:13.066226564Z,17.212661,131.432476,Cloud to Ground,-23366,0,26
2026-08-31T20:47:13.091130707Z,17.093365,131.491197,Cloud to Ground,38977,0,11
2026-08-31T20:47:13.227034000Z,17.1145,131.3293,Cloud to Ground,-8228,0,5
2026-08-31T20:47:14.754996892Z,10.240415,111.324138,Cloud to Ground,41369,0,9
2026-08-31T20:47:15.316940338Z,17.395782,132.387064,Cloud to Ground,-21493,0,8
2026-08-31T20:47:15.310552107Z,17.343235,132.323959,Cloud to Ground,-12480,0,8
2026-08-31T20:47:17.086423016Z,16.949263,132.882001,Cloud to Ground,-13259,0,7
2026-08-31T20:47:20.664991154Z,9.100801,119.798434,Cloud to Cloud,-19386,15081,9
2026-08-31T20:47:20.635109882Z,8.987015,119.853298,Cloud to Ground,-30369,0,7
2026-08-31T20:47:20.684086281Z,9.001094,119.935366,Cloud to Ground,-25613,0,11
2026-08-31T20:47:20.619860400Z,8.964707,119.830011,Cloud to Ground,-23263,0,7
2026-08-31T20:47:21.106277279Z,9.072358,119.901179,Cloud to Ground,-18073,0,9
2026-08-31T20:47:23.054418000Z,5.488786,114.954599,Cloud to Ground,-14499,0,7
2026-08-31T20:47:23.838476197Z,17.317706,130.546846,Cloud to Cloud,12556,4174,7
2026-08-31T20:47:24.315421826Z,17.164136,130.739577,Cloud to Ground,-9813,0,7
2026-08-31T20:47:24.296781264Z,17.182168,130.811489,Cloud to Cloud,14700,4180,9
2026-08-31T20:47:23.899922028Z,17.202758,130.734241,Cloud to Ground,17778,0,8
2026-08-31T20:47:24.397370888Z,8.047855,120.065364,Cloud to Cloud,11283,3136,7
2026-08-31T20:47:24.998098009Z,17.014517,132.850597,Cloud to Ground,-15345,0,8
2026-08-31T20:47:24.320973951Z,17.177148,130.638219,Cloud to Cloud,-10767,6750,8
2026-08-31T20:47:27.755104271Z,16.920921,133.004731,Cloud to Ground,-8701,0,7
2026-08-31T20:47:28.945234609Z,3.408724,112.969517,Cloud to Ground,11266,0,8
2026-08-31T20:47:29.205591476Z,20.334159,121.061957,Cloud to Cloud,4108,19617,6
2026-08-31T20:47:29.319196676Z,20.351212,121.090091,Cloud to Ground,21309,0,15
2026-08-31T20:47:29.317601044Z,20.362475,121.070623,Cloud to Ground,50688,0,14
2026-08-31T20:47:29.293430517Z,20.365033,121.072397,Cloud to Ground,181025,0,10
2026-08-31T20:47:29.320668058Z,20.25,121.15126,Cloud to Ground,18949,0,10
2026-08-31T20:47:30.371483490Z,5.062557,114.591258,Cloud to Ground,-12113,0,10
2026-08-31T20:47:30.261492791Z,5.143704,114.594422,Cloud to Cloud,22366,4908,7
2026-08-31T20:47:30.157076104Z,5.060796,114.55403,Cloud to Ground,39757,0,14
2026-08-31T20:47:31.703714804Z,17.437386,132.343439,Cloud to Ground,-19480,0,9
2026-08-31T20:47:31.530473096Z,17.324352,132.259927,Cloud to Ground,-12456,0,10
2026-08-31T20:47:31.342356379Z,16.941941,132.910067,Cloud to Ground,-11285,0,6
2026-08-31T20:47:33.171847019Z,18.899653,118.487013,Cloud to Cloud,-17223,15151,14
2026-08-31T20:47:34.682081870Z,16.964588,131.934179,Cloud to Ground,7053,0,7
2026-08-31T20:47:34.665232640Z,16.97567,131.957756,Cloud to Ground,9690,0,6
2026-08-31T20:47:34.813469505Z,16.984938,131.915489,Cloud to Ground,10760,0,7
2026-08-31T20:47:34.653040199Z,16.972966,131.930366,Cloud to Ground,21651,0,7
2026-08-31T20:47:35.754856860Z,17.013105,132.99678,Cloud to Ground,17625,0,7
2026-08-31T20:47:35.472154890Z,16.925153,132.938764,Cloud to Ground,-18773,0,14
2026-08-31T20:47:35.619154403Z,16.915101,132.938677,Cloud to Ground,-14510,0,12
2026-08-31T20:47:35.388681000Z,16.9357,132.8039,Cloud to Ground,-14307,0,6
2026-08-31T20:47:39.585519586Z,17.024223,132.793278,Cloud to Ground,18035,0,7
2026-08-31T20:47:40.478697440Z,8.104374,120.016432,Cloud to Ground,39291,0,14
2026-08-31T20:47:40.027538497Z,17.359143,131.272289,Cloud to Cloud,-14367,3825,6
2026-08-31T20:47:40.066637992Z,17.381196,131.266438,Cloud to Ground,-9845,0,9
2026-08-31T20:47:42.008667274Z,20.637418,121.466184,Cloud to Cloud,4285,19978,7
2026-08-31T20:47:41.991876336Z,20.612645,121.481466,Cloud to Cloud,4826,13879,7
2026-08-31T20:47:42.962095703Z,16.931948,132.894609,Cloud to Ground,-13754,0,7
2026-08-31T20:47:42.480218204Z,16.906824,132.948247,Cloud to Ground,-11522,0,8
2026-08-31T20:47:44.139413064Z,17.074067,131.43076,Cloud to Cloud,5283,3923,6
2026-08-31T20:47:48.069655621Z,18.235773,130.565432,Cloud to Cloud,-14313,3107,10
2026-08-31T20:47:48.042511427Z,18.346336,130.489402,Cloud to Cloud,-18325,3171,7
2026-08-31T20:47:48.162473000Z,18.3294,130.3491,Cloud to Ground,-10332,0,6
2026-08-31T20:47:48.052679000Z,18.3353,130.3932,Cloud to Ground,-485,0,12
2026-08-31T20:47:49.821201434Z,17.160972,132.495217,Cloud to Ground,12612,0,8
2026-08-31T20:47:55.867634037Z,8.935079,119.918251,Cloud to Cloud,45221,3126,9
2026-08-31T20:47:55.911470000Z,9.0302,119.8836,Cloud to Ground,6652,0,5
2026-08-31T20:47:55.972316513Z,16.978526,132.867861,Cloud to Ground,-13222,0,7
2026-08-31T20:47:57.011400000Z,18.5598,129.091,Cloud to Ground,51470,0,11
2026-08-31T20:47:57.012883000Z,18.5477,128.9752,Cloud to Ground,12258,0,5
2026-08-31T20:47:59.193170263Z,18.488178,129.513491,Cloud to Ground,-14893,0,8
2026-08-31T20:47:59.174376696Z,18.58302,129.36158,Cloud to Ground,-38340,0,10
2026-08-31T20:47:59.162591337Z,18.55717,129.334625,Cloud to Ground,-18240,0,7
2026-08-31T20:47:59.240273976Z,18.658844,129.249625,Cloud to Ground,-11368,0,7
2026-08-31T20:47:59.282390428Z,18.664355,129.222844,Cloud to Ground,-9134,0,9
2026-08-31T20:48:02.989510863Z,16.976775,132.873511,Cloud to Ground,-20182,0,12
2026-08-31T20:48:06.456337849Z,17.065734,133.436575,Cloud to Ground,-11242,0,10
2026-08-31T20:48:06.443303542Z,17.057787,133.379674,Cloud to Ground,13479,0,6
2026-08-31T20:48:07.197245389Z,16.890918,133.000153,Cloud to Ground,10055,0,6
2026-08-31T20:48:07.508755617Z,17.344746,131.337355,Cloud to Cloud,-9105,3006,6
2026-08-31T20:48:08.561055310Z,16.926275,131.942091,Cloud to Ground,-20896,0,11
2026-08-31T20:48:08.031017189Z,16.955796,131.756793,Cloud to Ground,22246,0,8
2026-08-31T20:48:11.487089000Z,17.42,131.1471,Cloud to Ground,-11734,0,5
2026-08-31T20:48:11.489340479Z,17.421114,131.173412,Cloud to Ground,-10828,0,9
2026-08-31T20:48:12.446136388Z,18.30179,130.612195,Cloud to Ground,-18773,0,8
2026-08-31T20:48:12.428507659Z,18.306373,130.657679,Cloud to Cloud,-14122,3017,11
2026-08-31T20:48:12.642889000Z,18.2893,130.4793,Cloud to Ground,-7767,0,5
2026-08-31T20:48:17.478206361Z,16.929952,132.948967,Cloud to Ground,-13105,0,8
2026-08-31T20:48:18.225324468Z,8.192891,120.259458,Cloud to Ground,-24742,0,12
2026-08-31T20:48:18.994913984Z,16.932149,132.859087,Cloud to Ground,10465,0,7
2026-08-31T20:48:20.464832194Z,16.954344,131.960255,Cloud to Ground,-13895,0,6
2026-08-31T20:48:21.396315450Z,16.645852,134.185842,Cloud to Ground,-10700,0,6
2026-08-31T20:48:22.569897642Z,17.006733,131.853727,Cloud to Ground,28326,0,11
2026-08-31T20:48:22.572571411Z,17.103733,131.771231,Cloud to Ground,-14229,0,14
2026-08-31T20:48:22.809866000Z,17.1551,131.6697,Cloud to Ground,-12410,0,7
2026-08-31T20:48:23.570127609Z,5.449516,114.918938,Cloud to Cloud,28278,3106,13
2026-08-31T20:48:23.479209288Z,16.937472,132.839793,Cloud to Ground,13267,0,8
2026-08-31T20:48:27.001863169Z,17.054036,132.901521,Cloud to Ground,-15083,0,10
2026-08-31T20:48:27.909488000Z,8.1158,120.0464,Cloud to Ground,-26992,0,11
2026-08-31T20:48:28.426651021Z,8.11449,120.078099,Cloud to Cloud,17939,3028,8
2026-08-31T20:48:29.399250746Z,17.336254,130.91045,Cloud to Cloud,-20235,3050,11
2026-08-31T20:48:29.405135085Z,17.288369,130.942333,Cloud to Cloud,-13493,18001,7
2026-08-31T20:48:29.583322208Z,16.942775,133.017715,Cloud to Ground,-12942,0,6
2026-08-31T20:48:33.114270000Z,17.0063,131.8937,Cloud to Ground,13859,0,7
2026-08-31T20:48:36.694375590Z,17.191485,131.362373,Cloud to Ground,-6101,0,7
2026-08-31T20:48:36.794914434Z,17.328102,131.239651,Cloud to Cloud,-18420,3073,12
2026-08-31T20:48:39.412314414Z,20.618472,121.496868,Cloud to Cloud,-7459,14177,9
2026-08-31T20:48:39.395146051Z,20.623646,121.4967,Cloud to Cloud,4037,18940,6
2026-08-31T20:48:40.194166381Z,16.953859,133.007114,Cloud to Ground,-12560,0,7
2026-08-31T20:48:40.918503113Z,18.684589,128.814228,Cloud to Cloud,6664,14706,6
2026-08-31T20:48:40.425370142Z,18.47385,129.222744,Cloud to Cloud,9194,4759,6
2026-08-31T20:48:40.421593089Z,18.423631,129.186113,Cloud to Cloud,19330,3570,8
2026-08-31T20:48:40.922740226Z,18.518698,128.815829,Cloud to Cloud,-5559,14841,7
2026-08-31T20:48:42.633869317Z,5.045945,114.649941,Cloud to Cloud,-13240,3945,10
2026-08-31T20:48:42.647078647Z,5.15189,114.598398,Cloud to Cloud,-22455,19861,16
2026-08-31T20:48:42.636314220Z,5.15111,114.594578,Cloud to Cloud,-12102,17261,8
2026-08-31T20:48:44.853449670Z,18.824518,118.62882,Cloud to Ground,-43079,0,9
2026-08-31T20:48:47.163603264Z,18.336851,130.465118,Cloud to Ground,16626,0,7
2026-08-31T20:48:46.906543301Z,18.387842,130.420664,Cloud to Ground,18117,0,8
2026-08-31T20:48:47.136492650Z,18.442963,130.452083,Cloud to Cloud,18949,3318,11
2026-08-31T20:48:47.497091466Z,9.01511,119.947787,Cloud to Cloud,19102,10313,6
2026-08-31T20:48:49.145368194Z,16.931385,132.968672,Cloud to Ground,-22045,0,11
2026-08-31T20:48:49.540147710Z,16.976819,132.999782,Cloud to Ground,22288,0,10
2026-08-31T20:48:49.238217921Z,17.050134,132.716141,Cloud to Ground,-12103,0,8
2026-08-31T20:48:50.586885058Z,17.445184,132.344192,Cloud to Ground,-16702,0,8
2026-08-31T20:48:52.353178000Z,20.5755,121.5052,Cloud to Ground,33765,0,5
2026-08-31T20:48:53.925175499Z,17.510313,131.925428,Cloud to Ground,-13918,0,9
2026-08-31T20:48:53.864051032Z,17.565431,131.942343,Cloud to Ground,-10628,0,8
2026-08-31T20:48:54.109626800Z,17.580782,132.028306,Cloud to Ground,-9484,0,7
2026-08-31T20:48:53.560140003Z,17.017806,131.860337,Cloud to Ground,-21938,0,9
2026-08-31T20:48:54.834423520Z,21.616639,131.606524,Cloud to Ground,-13731,0,12
2026-08-31T20:48:54.258148357Z,21.61399,131.646028,Cloud to Ground,-11367,0,11
2026-08-31T20:48:55.699092721Z,18.583766,129.401888,Cloud to Ground,-58817,0,18
2026-08-31T20:48:55.991604619Z,18.605645,129.407551,Cloud to Ground,-3591,0,6
2026-08-31T20:48:55.701192007Z,18.626646,129.437831,Cloud to Cloud,7707,10072,6
2026-08-31T20:48:56.527726124Z,3.54491,112.966324,Cloud to Ground,-65927,0,12
2026-08-31T20:48:56.595524159Z,3.463849,112.968535,Cloud to Ground,-58893,0,14
2026-08-31T20:48:57.996271591Z,8.927854,119.829092,Cloud to Cloud,-7883,7863,7
2026-08-31T20:48:59.834044221Z,18.320618,130.433653,Cloud to Ground,17857,0,12
2026-08-31T20:49:00.429000897Z,17.994482,114.073272,Cloud to Cloud,-15715,16572,6
2026-08-31T20:49:00.271611463Z,18.014118,114.206101,Cloud to Ground,-13815,0,11
2026-08-31T20:49:00.430391053Z,18.020927,114.174732,Cloud to Cloud,-12471,12600,9
2026-08-31T20:49:00.290923220Z,17.961142,114.186917,Cloud to Cloud,-12118,5563,8
2026-08-31T20:49:00.268677580Z,18.020434,114.185301,Cloud to Ground,-11269,0,8
2026-08-31T20:49:00.681787527Z,17.999008,113.982439,Cloud to Ground,-10476,0,7
2026-08-31T20:49:00.317329669Z,17.990706,114.16147,Cloud to Cloud,-10194,6123,7
2026-08-31T20:49:00.408509571Z,17.993963,114.119432,Cloud to Cloud,11263,3021,9
2026-08-31T20:49:00.351679155Z,17.994422,114.074503,Cloud to Cloud,13141,15983,10
2026-08-31T20:49:00.433515714Z,18.063391,114.132642,Cloud to Cloud,15303,10215,7
2026-08-31T20:49:00.262426257Z,18.025499,114.05851,Cloud to Ground,18825,0,10
2026-08-31T20:49:00.261177613Z,18.00341,114.028994,Cloud to Ground,35797,0,12
2026-08-31T20:49:04.131848385Z,16.900529,133.01774,Cloud to Cloud,-12622,6760,10
2026-08-31T20:49:07.826515252Z,17.366636,131.276326,Cloud to Ground,-7942,0,6
2026-08-31T20:49:07.979489898Z,17.263476,131.193862,Cloud to Cloud,-13879,15643,7
2026-08-31T20:49:08.802374404Z,17.504011,132.451189,Cloud to Ground,-17516,0,16
2026-08-31T20:49:09.104047143Z,19.104393,120.309034,Cloud to Ground,-33043,0,20
2026-08-31T20:49:10.258752831Z,17.138492,131.704436,Cloud to Ground,-21717,0,14
2026-08-31T20:49:10.209529632Z,17.217321,131.74909,Cloud to Ground,11345,0,7
2026-08-31T20:49:10.273727032Z,17.306327,131.419832,Cloud to Ground,-14540,0,8
2026-08-31T20:49:13.796407617Z,17.599175,113.687426,Cloud to Cloud,8874,6951,9
2026-08-31T20:49:14.400399980Z,18.318628,130.421644,Cloud to Ground,11241,0,9
2026-08-31T20:49:16.402906780Z,18.521714,129.029329,Cloud to Cloud,13300,16401,9
2026-08-31T20:49:16.443975908Z,18.550517,129.20057,Cloud to Ground,17551,0,8
2026-08-31T20:49:18.812490965Z,17.110142,130.702014,Cloud to Cloud,12678,3638,6
2026-08-31T20:49:18.790775771Z,17.235384,130.714467,Cloud to Ground,-71829,0,16
2026-08-31T20:49:18.872374426Z,17.293112,130.704768,Cloud to Cloud,-9656,14382,8
2026-08-31T20:49:21.475716828Z,17.068119,132.943222,Cloud to Ground,-22412,0,24
2026-08-31T20:49:21.466401669Z,16.975116,132.795893,Cloud to Ground,16092,0,10
2026-08-31T20:49:22.101762785Z,16.937117,132.956473,Cloud to Ground,-11752,0,8
2026-08-31T20:49:23.447552924Z,17.427847,131.150424,Cloud to Cloud,-14266,17487,11
2026-08-31T20:49:25.043617186Z,16.856066,132.916713,Cloud to Ground,-11744,0,9
2026-08-31T20:49:24.633554821Z,16.887387,132.944863,Cloud to Ground,9473,0,6
2026-08-31T20:49:27.560319099Z,9.057906,119.731174,Cloud to Ground,-15623,0,7
2026-08-31T20:49:27.884741255Z,9.01704,119.930105,Cloud to Ground,-38004,0,9
2026-08-31T20:49:27.019654170Z,9.029284,119.936663,Cloud to Ground,-33371,0,13
2026-08-31T20:49:27.550953738Z,8.993167,119.928041,Cloud to Ground,-22514,0,8
2026-08-31T20:49:27.034908293Z,8.985605,119.927131,Cloud to Cloud,-13937,15196,7
2026-08-31T20:49:28.509509569Z,17.324132,132.325775,Cloud to Ground,-14762,0,9
2026-08-31T20:49:33.401166968Z,16.679957,134.125315,Cloud to Ground,-13479,0,9
2026-08-31T20:49:34.883211908Z,17.29182,130.582341,Cloud to Cloud,-16270,5241,6
2026-08-31T20:49:35.839708968Z,17.086923,131.495057,Cloud to Ground,-12340,0,10
2026-08-31T20:49:36.146606424Z,17.339262,131.227392,Cloud to Cloud,-11891,18036,10
2026-08-31T20:49:39.865717260Z,18.321372,130.430814,Cloud to Cloud,8379,14580,7
2026-08-31T20:49:43.255418378Z,16.947018,132.952402,Cloud to Ground,-24122,0,8
2026-08-31T20:49:43.509746579Z,16.952315,132.922692,Cloud to Ground,-21495,0,7
2026-08-31T20:49:43.143913407Z,16.951796,132.934219,Cloud to Ground,-15086,0,8
2026-08-31T20:49:43.542242606Z,16.884819,132.993025,Cloud to Ground,18493,0,7
2026-08-31T20:49:43.588354671Z,16.966108,133.001725,Cloud to Ground,30735,0,7
2026-08-31T20:49:46.723195994Z,20.625743,121.488232,Cloud to Cloud,3488,5735,7
2026-08-31T20:49:46.713807386Z,20.634459,121.498811,Cloud to Cloud,5379,18740,6
2026-08-31T20:49:46.711431882Z,20.632385,121.50014,Cloud to Cloud,7770,13880,8
2026-08-31T20:49:48.292678317Z,17.116081,131.616703,Cloud to Ground,13962,0,12
2026-08-31T20:49:53.520911348Z,18.396421,129.212412,Cloud to Cloud,19245,3020,11
2026-08-31T20:49:53.891049863Z,18.377598,129.221242,Cloud to Ground,19293,0,9
2026-08-31T20:49:55.329385033Z,16.701862,134.456411,Cloud to Ground,-26355,0,15
2026-08-31T20:49:55.406730939Z,16.634854,134.49337,Cloud to Ground,-20392,0,11
2026-08-31T20:49:55.737533000Z,16.6925,134.466,Cloud to Ground,17253,0,7
2026-08-31T20:49:55.350921000Z,16.6562,134.4496,Cloud to Ground,17441,0,7
2026-08-31T20:49:55.662722906Z,16.638979,134.557065,Cloud to Ground,37159,0,14
2026-08-31T20:49:56.922252508Z,16.979154,132.969083,Cloud to Ground,11051,0,9
2026-08-31T20:50:00.722266096Z,18.405792,118.996731,Cloud to Cloud,11653,3059,8
2026-08-31T20:50:01.521982491Z,17.363893,130.995946,Cloud to Cloud,-10830,3586,8
2026-08-31T20:50:02.776699347Z,17.899343,114.166945,Cloud to Cloud,-10770,5871,8
2026-08-31T20:50:02.718262650Z,17.937047,114.191124,Cloud to Cloud,-10673,7806,10
2026-08-31T20:50:02.871173760Z,17.925191,114.181208,Cloud to Ground,15181,0,7
2026-08-31T20:50:02.390125956Z,17.896972,114.152713,Cloud to Cloud,22439,4444,12
2026-08-31T20:50:02.818111699Z,17.904172,114.196092,Cloud to Ground,27642,0,9
2026-08-31T20:50:04.400212125Z,17.430212,132.385011,Cloud to Ground,-27121,0,26
2026-08-31T20:50:04.365804468Z,17.37302,132.396507,Cloud to Ground,15747,0,9
2026-08-31T20:50:05.922466289Z,17.5048,132.018217,Cloud to Ground,-10214,0,8
2026-08-31T20:50:07.671029406Z,17.373975,131.217226,Cloud to Ground,-31183,0,17
2026-08-31T20:50:07.714751073Z,17.378355,131.242936,Cloud to Ground,-21942,0,12
2026-08-31T20:50:07.860614431Z,17.372235,131.139159,Cloud to Ground,-20529,0,10
2026-08-31T20:50:07.737937271Z,17.370302,131.242861,Cloud to Ground,-16538,0,14
2026-08-31T20:50:07.795601000Z,17.3522,131.2292,Cloud to Ground,33473,0,8
2026-08-31T20:50:12.656365070Z,16.965035,132.987225,Cloud to Ground,-11008,0,9
2026-08-31T20:50:12.664017823Z,18.654154,129.279106,Cloud to Ground,10191,0,8
2026-08-31T20:50:12.544194373Z,18.58629,129.404448,Cloud to Ground,-54134,0,13
2026-08-31T20:50:12.599751207Z,18.59122,129.438179,Cloud to Ground,-25494,0,11
2026-08-31T20:50:12.668509877Z,18.603926,129.460379,Cloud to Cloud,-17413,3027,8
2026-08-31T20:50:12.559313260Z,18.609472,129.504525,Cloud to Cloud,-9256,3023,7
2026-08-31T20:50:12.568069769Z,18.586986,129.425727,Cloud to Cloud,9099,3012,7
2026-08-31T20:50:12.666725928Z,18.561625,129.325507,Cloud to Ground,10694,0,11
2026-08-31T20:50:12.815141731Z,18.645936,129.4818,Cloud to Cloud,11526,3208,7
2026-08-31T20:50:15.991185207Z,18.378025,130.33224,Cloud to Cloud,9418,7918,6
2026-08-31T20:50:19.706312000Z,16.9516,132.8572,Cloud to Ground,-16431,0,6
2026-08-31T20:50:20.193586889Z,17.038805,132.99622,Cloud to Ground,-20734,0,11
2026-08-31T20:50:20.330584326Z,16.937454,132.952514,Cloud to Ground,-13729,0,14
2026-08-31T20:50:21.059871631Z,18.293085,130.388225,Cloud to Ground,-48949,0,10
2026-08-31T20:50:21.487459060Z,18.306595,130.44866,Cloud to Ground,-18259,0,13
2026-08-31T20:50:21.493955000Z,17.0069,131.8348,Cloud to Ground,-15197,0,5
2026-08-31T20:50:22.592828508Z,20.234098,120.137835,Cloud to Cloud,-12753,12241,17
2026-08-31T20:50:23.724817000Z,18.8727,118.5259,Cloud to Ground,-148237,0,6
2026-08-31T20:50:23.905249196Z,18.849244,118.529197,Cloud to Ground,-33464,0,12
2026-08-31T20:50:23.997945439Z,18.814034,118.522633,Cloud to Ground,47603,0,9
2026-08-31T20:50:23.720994488Z,18.742639,118.668236,Cloud to Cloud,-79970,3011,10
2026-08-31T20:50:27.117371000Z,17.4096,130.8371,Cloud to Ground,10653,0,5
2026-08-31T20:50:29.557825116Z,5.088491,114.527435,Cloud to Ground,-34562,0,15
2026-08-31T20:50:29.511813884Z,5.091562,114.58427,Cloud to Ground,31371,0,8
2026-08-31T20:50:29.448648526Z,5.071446,114.607895,Cloud to Ground,159354,0,12
2026-08-31T20:50:33.545980948Z,8.109937,119.980632,Cloud to Ground,30294,0,11
2026-08-31T20:50:36.487905263Z,9.144785,119.835742,Cloud to Ground,-19180,0,7
2026-08-31T20:50:36.298423000Z,9.0765,119.7877,Cloud to Ground,14335,0,5
2026-08-31T20:50:36.339223000Z,8.9942,119.7663,Cloud to Ground,15044,0,5
2026-08-31T20:50:41.342927017Z,17.121421,130.691646,Cloud to Cloud,-10709,19411,6
2026-08-31T20:50:41.079897000Z,5.4902,115.0104,Cloud to Ground,3020,0,6
2026-08-31T20:50:42.977671943Z,17.191798,131.756112,Cloud to Ground,-9767,0,7
2026-08-31T20:50:42.916595830Z,17.178491,131.748275,Cloud to Ground,-8895,0,8
2026-08-31T20:50:45.911722587Z,16.855882,132.956586,Cloud to Ground,-14612,0,7
2026-08-31T20:50:46.335557963Z,16.932371,132.946932,Cloud to Ground,-10577,0,10
2026-08-31T20:50:48.810193000Z,9.1108,120.2626,Cloud to Ground,-24908,0,5
2026-08-31T20:50:52.756199195Z,17.305459,131.099954,Cloud to Ground,10840,0,11
2026-08-31T20:50:52.125489356Z,18.416139,130.291822,Cloud to Ground,18911,0,7
2026-08-31T20:50:52.832491729Z,17.324216,131.310807,Cloud to Cloud,-9706,19821,7
2026-08-31T20:50:54.852720063Z,17.031683,131.939655,Cloud to Cloud,-15330,7407,13
2026-08-31T20:50:56.338518793Z,8.999154,119.762764,Cloud to Cloud,-22668,6329,8
2026-08-31T20:50:56.242048638Z,8.977645,119.95939,Cloud to Ground,-28345,0,9
2026-08-31T20:50:56.456090267Z,18.55191,129.44348,Cloud to Cloud,13174,5154,8
2026-08-31T20:51:00.266079117Z,16.885806,132.986182,Cloud to Ground,-12531,0,7
2026-08-31T20:51:00.263799478Z,16.912268,132.969982,Cloud to Ground,-9663,0,8
2026-08-31T20:51:01.836600281Z,8.962166,119.851244,Cloud to Cloud,10206,3035,7
2026-08-31T20:51:05.741739453Z,17.391852,130.450945,Cloud to Cloud,-10748,6616,7
2026-08-31T20:51:05.434594221Z,17.328152,130.710947,Cloud to Ground,10048,0,7
2026-08-31T20:51:05.935217350Z,17.321738,130.711943,Cloud to Ground,21556,0,10
2026-08-31T20:51:05.114336018Z,17.329803,130.703699,Cloud to Ground,35551,0,16
2026-08-31T20:51:05.517085947Z,17.660181,131.725264,Cloud to Ground,14059,0,10
2026-08-31T20:51:07.766445181Z,17.297419,132.435881,Cloud to Ground,9667,0,10
2026-08-31T20:51:08.117724800Z,8.995012,119.928946,Cloud to Cloud,-4997,6525,7
2026-08-31T20:51:08.838654000Z,20.7368,121.5357,Cloud to Ground,-44741,0,7
2026-08-31T20:51:08.865063595Z,20.637524,121.532883,Cloud to Cloud,4261,9644,6
2026-08-31T20:51:08.854056444Z,20.677264,121.513348,Cloud to Cloud,4703,18426,7
2026-08-31T20:51:08.848866457Z,20.654236,121.511294,Cloud to Cloud,5128,9213,7
2026-08-31T20:51:09.219015789Z,20.607069,121.526912,Cloud to Cloud,7677,18691,7
2026-08-31T20:51:12.144986222Z,16.960437,132.904183,Cloud to Ground,-13701,0,11
2026-08-31T20:51:12.373420265Z,16.972566,132.90762,Cloud to Ground,-10249,0,6
2026-08-31T20:51:14.481686216Z,8.175153,120.252436,Cloud to Cloud,-18923,4455,7
2026-08-31T20:51:18.409378382Z,17.311793,131.216912,Cloud to Ground,-24289,0,8
2026-08-31T20:51:18.734072967Z,17.676088,131.390007,Cloud to Cloud,-17268,3053,8
2026-08-31T20:51:18.369560154Z,18.345208,129.279557,Cloud to Ground,18811,0,10
2026-08-31T20:51:18.362489404Z,18.392446,129.268156,Cloud to Cloud,19007,3690,10
2026-08-31T20:51:18.352641056Z,18.505941,129.00515,Cloud to Cloud,6258,8466,10
2026-08-31T20:51:18.347300427Z,18.516804,129.051562,Cloud to Ground,28596,0,13
2026-08-31T20:51:20.596871738Z,4.018534,117.959135,Cloud to Ground,17763,0,13
2026-08-31T20:51:21.666509458Z,18.448035,129.416404,Cloud to Cloud,10296,3032,7
2026-08-31T20:51:22.291991691Z,8.966645,119.946546,Cloud to Cloud,-25347,12490,12
2026-08-31T20:51:22.241903083Z,8.94292,119.930003,Cloud to Cloud,12059,3057,6
2026-08-31T20:51:22.690699241Z,16.990074,131.949457,Cloud to Ground,-11492,0,6
2026-08-31T20:51:22.829337649Z,16.918774,131.927117,Cloud to Ground,12400,0,7
2026-08-31T20:51:22.026252188Z,17.259858,130.776306,Cloud to Cloud,19391,4509,11
2026-08-31T20:51:24.449463310Z,17.415344,132.40581,Cloud to Ground,52206,0,12
2026-08-31T20:51:24.340941079Z,17.271314,130.523196,Cloud to Ground,10280,0,10
2026-08-31T20:51:26.819119304Z,5.10309,114.608873,Cloud to Cloud,-10359,3781,8
2026-08-31T20:51:26.825090416Z,5.096378,114.555128,Cloud to Ground,17836,0,15
2026-08-31T20:51:26.805882862Z,5.08717,114.581235,Cloud to Ground,64496,0,21
2026-08-31T20:51:31.183732919Z,17.149892,133.343715,Cloud to Ground,-16471,0,13
2026-08-31T20:51:31.162716194Z,17.10387,133.336613,Cloud to Ground,-12624,0,7
2026-08-31T20:51:31.163961832Z,17.067894,133.385281,Cloud to Ground,-12154,0,10
2026-08-31T20:51:31.161807912Z,17.061201,133.389547,Cloud to Ground,67575,0,12
2026-08-31T20:51:32.118907551Z,16.92431,131.956648,Cloud to Ground,-15242,0,9
2026-08-31T20:51:32.289213521Z,17.016341,131.93017,Cloud to Ground,-13757,0,10
2026-08-31T20:51:31.902013998Z,17.104954,131.925312,Cloud to Ground,-13469,0,10
2026-08-31T20:51:33.937841768Z,16.876344,132.915681,Cloud to Ground,-17392,0,11
2026-08-31T20:51:33.802008751Z,16.896876,132.98154,Cloud to Ground,-8989,0,7
2026-08-31T20:51:33.233678665Z,16.946341,132.952635,Cloud to Ground,15504,0,8
2026-08-31T20:51:33.203033681Z,16.996554,131.929602,Cloud to Ground,-10769,0,7
2026-08-31T20:51:40.182115032Z,8.143181,120.148606,Cloud to Cloud,20423,17492,8
2026-08-31T20:51:40.181457839Z,8.163131,120.154944,Cloud to Ground,34565,0,12
2026-08-31T20:51:41.843097049Z,17.124214,131.517508,Cloud to Ground,-14136,0,9
2026-08-31T20:51:41.978530093Z,18.032161,114.110065,Cloud to Ground,-17094,0,12
2026-08-31T20:51:41.970876095Z,18.015136,114.075857,Cloud to Ground,18928,0,8
2026-08-31T20:51:41.973614994Z,18.02235,114.073177,Cloud to Ground,19821,0,8
2026-08-31T20:51:41.972158558Z,18.009963,114.068396,Cloud to Ground,25210,0,10
2026-08-31T20:51:42.206436271Z,18.065314,114.219054,Cloud to Ground,-20963,0,12
2026-08-31T20:51:42.200094280Z,18.053127,114.222494,Cloud to Ground,-18338,0,10
2026-08-31T20:51:41.997715781Z,18.04701,114.209282,Cloud to Cloud,-14733,7865,15
2026-08-31T20:51:42.000469162Z,18.006921,114.204749,Cloud to Cloud,-11412,3175,8
2026-08-31T20:51:42.219365802Z,18.060553,114.230097,Cloud to Cloud,-11095,8936,6
2026-08-31T20:51:42.224659371Z,18.051497,114.269393,Cloud to Cloud,-9584,4169,10
2026-08-31T20:51:42.222222907Z,18.107045,114.213182,Cloud to Cloud,-5816,7266,6
2026-08-31T20:51:42.261681532Z,18.103911,114.183858,Cloud to Ground,-5360,0,6
2026-08-31T20:51:44.811519626Z,17.473785,131.722552,Cloud to Ground,-12144,0,9
2026-08-31T20:51:44.791197442Z,17.450888,131.924006,Cloud to Ground,-10889,0,7
2026-08-31T20:51:44.778042595Z,17.524781,131.894046,Cloud to Ground,-8551,0,10
2026-08-31T20:51:44.779292886Z,17.456563,131.967978,Cloud to Ground,23476,0,10
2026-08-31T20:51:45.619962480Z,20.56864,121.454472,Cloud to Cloud,4420,4178,6
2026-08-31T20:51:45.682863514Z,20.534487,121.440839,Cloud to Cloud,6118,15243,7
2026-08-31T20:51:45.590356000Z,20.6012,121.4418,Cloud to Ground,7328,0,5
2026-08-31T20:51:45.604501281Z,20.558681,121.456372,Cloud to Cloud,7747,15377,10
2026-08-31T20:51:46.823989647Z,18.345427,130.437243,Cloud to Ground,23412,0,7
2026-08-31T20:51:48.214693000Z,17.0151,133.018,Cloud to Ground,10891,0,10
2026-08-31T20:51:48.614732527Z,16.880421,132.980263,Cloud to Ground,-13850,0,8
2026-08-31T20:51:48.265003465Z,16.954184,132.936405,Cloud to Ground,-10864,0,9
2026-08-31T20:51:48.094841000Z,16.9574,132.8915,Cloud to Ground,9092,0,5
2026-08-31T20:51:48.613271000Z,16.9734,132.8976,Cloud to Ground,13063,0,5
2026-08-31T20:51:51.801592899Z,17.624453,132.087753,Cloud to Ground,13633,0,10
2026-08-31T20:51:52.730215599Z,17.286423,131.627107,Cloud to Ground,-18833,0,8
2026-08-31T20:51:53.649624004Z,16.944876,131.803611,Cloud to Ground,20205,0,16
2026-08-31T20:51:53.607357970Z,16.976607,131.955699,Cloud to Ground,-21968,0,11
2026-08-31T20:51:53.706324395Z,16.9416,131.938197,Cloud to Ground,-15534,0,8
2026-08-31T20:51:53.284698419Z,16.664084,134.496383,Cloud to Ground,-20735,0,11
2026-08-31T20:51:55.011332000Z,18.8781,118.5091,Cloud to Ground,-178508,0,12
2026-08-31T20:51:55.082553000Z,18.8729,118.5575,Cloud to Ground,29678,0,5
2026-08-31T20:51:56.780003558Z,17.34146,130.511076,Cloud to Ground,-12136,0,14
2026-08-31T20:51:57.475351000Z,17.3674,130.4902,Cloud to Ground,45880,0,5
2026-08-31T20:51:57.474868966Z,17.187027,130.718298,Cloud to Ground,-8057,0,7
2026-08-31T20:51:57.179243791Z,17.30502,130.6706,Cloud to Ground,-11313,0,8
2026-08-31T20:51:57.672523383Z,17.347846,130.712626,Cloud to Ground,26973,0,8
2026-08-31T20:51:58.887363430Z,9.088915,119.928889,Cloud to Ground,21616,0,8
2026-08-31T20:51:58.239405892Z,18.593108,129.485031,Cloud to Cloud,-10593,6302,7
2026-08-31T20:51:59.305340000Z,16.9295,132.8631,Cloud to Ground,-14754,0,7
2026-08-31T20:52:02.176943979Z,8.992143,119.945661,Cloud to Ground,-28236,0,11
2026-08-31T20:52:05.538879278Z,18.310308,130.672332,Cloud to Ground,-39824,0,14
2026-08-31T20:52:05.795554532Z,18.307161,130.656282,Cloud to Ground,-29083,0,12
2026-08-31T20:52:05.571488283Z,18.310372,130.661223,Cloud to Ground,-14870,0,11
2026-08-31T20:52:06.759831668Z,5.090089,114.573762,Cloud to Ground,13592,0,11
2026-08-31T20:52:06.788387728Z,5.084261,114.580968,Cloud to Ground,27566,0,16
2026-08-31T20:52:06.737564748Z,5.119747,114.577874,Cloud to Cloud,36632,3010,23
2026-08-31T20:52:06.749428276Z,5.207126,114.618517,Cloud to Ground,-23136,0,9
2026-08-31T20:52:08.367855282Z,17.546203,131.941318,Cloud to Ground,-13583,0,8
2026-08-31T20:52:08.797128720Z,17.527002,132.01048,Cloud to Ground,-9935,0,7
2026-08-31T20:52:10.243514000Z,17.3078,130.4934,Cloud to Ground,-14703,0,5
2026-08-31T20:52:14.601014874Z,16.901608,133.005257,Cloud to Ground,-12371,0,6
2026-08-31T20:52:16.638152826Z,18.536652,129.421212,Cloud to Cloud,-10894,7948,10
2026-08-31T20:52:19.164386788Z,17.117961,131.640843,Cloud to Ground,14674,0,8
2026-08-31T20:52:18.972004212Z,17.114407,131.66178,Cloud to Ground,20484,0,8
2026-08-31T20:52:23.778741228Z,5.499042,114.911218,Cloud to Cloud,-37593,8159,10
2026-08-31T20:52:23.811616615Z,5.53902,114.953835,Cloud to Cloud,21923,4780,7
2026-08-31T20:52:23.980607690Z,5.461671,114.923071,Cloud to Ground,30669,0,9
2026-08-31T20:52:23.938279753Z,5.45032,114.9065,Cloud to Ground,41582,0,16
2026-08-31T20:52:23.855762916Z,5.454146,114.830834,Cloud to Ground,58780,0,17
2026-08-31T20:52:23.766114357Z,5.491599,114.917741,Cloud to Ground,159451,0,10
2026-08-31T20:52:26.932474869Z,20.668117,121.526072,Cloud to Cloud,2033,14080,5
2026-08-31T20:52:26.949390496Z,20.662454,121.526109,Cloud to Cloud,7989,17448,8
2026-08-31T20:52:28.175643195Z,17.218669,130.711676,Cloud to Cloud,-15359,6043,8
2026-08-31T20:52:29.987599680Z,18.333491,130.471957,Cloud to Ground,-71802,0,9
2026-08-31T20:52:30.108467459Z,18.324844,130.436345,Cloud to Ground,-28217,0,13
2026-08-31T20:52:30.312721394Z,18.408332,130.444738,Cloud to Ground,-17051,0,10
2026-08-31T20:52:30.001039857Z,18.33672,130.450548,Cloud to Cloud,12163,6809,10
2026-08-31T20:52:30.133915701Z,18.3847,130.516843,Cloud to Ground,18967,0,8
2026-08-31T20:52:30.116249272Z,18.302205,130.564755,Cloud to Cloud,12713,3239,11
2026-08-31T20:52:39.135605447Z,17.139981,130.592727,Cloud to Cloud,10028,7574,10
2026-08-31T20:52:39.143904137Z,17.217708,130.770889,Cloud to Cloud,-15050,3315,11
2026-08-31T20:52:39.668822676Z,16.991892,131.71908,Cloud to Ground,-10242,0,10
2026-08-31T20:52:40.598552173Z,9.019041,119.962851,Cloud to Ground,-28544,0,9
2026-08-31T20:52:43.789864577Z,18.561387,129.476163,Cloud to Ground,-6070,0,5
2026-08-31T20:52:43.936639296Z,18.556257,129.39698,Cloud to Cloud,5679,3007,6
2026-08-31T20:52:45.095643130Z,16.98482,132.958227,Cloud to Ground,-12705,0,7
2026-08-31T20:52:45.099900832Z,16.995537,132.939546,Cloud to Cloud,-12353,3915,12
2026-08-31T20:52:44.669465193Z,16.898805,132.983585,Cloud to Ground,-12249,0,10
2026-08-31T20:52:45.257887830Z,16.931234,133.003837,Cloud to Ground,-10974,0,11
2026-08-31T20:52:45.292872605Z,16.953236,131.967812,Cloud to Ground,-24997,0,7
2026-08-31T20:52:45.322077555Z,16.664785,134.461544,Cloud to Ground,-25184,0,11
2026-08-31T20:52:45.461849000Z,16.699,134.5626,Cloud to Ground,20020,0,6
2026-08-31T20:52:48.458054091Z,18.533071,129.060335,Cloud to Cloud,9881,7995,7
2026-08-31T20:52:48.510392369Z,18.566857,129.25307,Cloud to Cloud,-10639,16497,6
2026-08-31T20:52:52.493609884Z,17.327966,130.657985,Cloud to Ground,-10201,0,7
2026-08-31T20:52:53.368946408Z,17.136594,131.300234,Cloud to Ground,-18968,0,10
2026-08-31T20:52:53.406096837Z,17.242838,131.398062,Cloud to Ground,-14694,0,11
2026-08-31T20:52:53.881163386Z,17.145888,131.509658,Cloud to Ground,-10972,0,8
2026-08-31T20:52:53.560396264Z,17.106287,131.518028,Cloud to Ground,-10174,0,6
2026-08-31T20:52:53.481040030Z,17.133967,131.508735,Cloud to Cloud,-9979,3003,7
2026-08-31T20:52:54.306090589Z,17.308317,131.268038,Cloud to Ground,-14831,0,9
2026-08-31T20:52:56.009220054Z,9.084589,119.932459,Cloud to Ground,-22318,0,13
2026-08-31T20:52:55.542382318Z,9.019651,119.943378,Cloud to Cloud,35686,6718,6
2026-08-31T20:52:59.862698159Z,5.108254,114.576544,Cloud to Ground,21377,0,8
2026-08-31T20:52:59.838692569Z,5.0971,114.51655,Cloud to Ground,22684,0,22
2026-08-31T20:53:01.645651995Z,17.405914,130.982118,Cloud to Cloud,-16213,6319,8
2026-08-31T20:53:01.476284304Z,17.415134,130.802435,Cloud to Cloud,7450,7718,8
2026-08-31T20:53:01.494469428Z,17.231949,130.904024,Cloud to Ground,21576,0,14
2026-08-31T20:53:02.665327471Z,17.365382,132.437213,Cloud to Ground,-17507,0,9
2026-08-31T20:53:04.088675651Z,17.134802,131.808871,Cloud to Ground,-24614,0,11
2026-08-31T20:53:05.271622154Z,16.950466,132.995056,Cloud to Ground,-25266,0,11
2026-08-31T20:53:07.734937893Z,18.532781,129.378336,Cloud to Ground,-34099,0,17
2026-08-31T20:53:07.842502704Z,18.539522,129.404452,Cloud to Ground,-20538,0,12
2026-08-31T20:53:07.806135994Z,18.531794,129.420849,Cloud to Ground,-18188,0,9
2026-08-31T20:53:11.963916035Z,18.30915,130.460839,Cloud to Ground,18900,0,9
2026-08-31T20:53:12.617598937Z,20.211446,120.16677,Cloud to Ground,-27298,0,13
2026-08-31T20:53:17.860461166Z,17.317992,130.640176,Cloud to Ground,-27287,0,9
2026-08-31T20:53:18.032588986Z,17.319932,130.65726,Cloud to Ground,-19315,0,11
2026-08-31T20:53:17.131827116Z,18.029274,114.22911,Cloud to Ground,-33964,0,11
2026-08-31T20:53:17.127043945Z,18.039147,114.227674,Cloud to Cloud,-14512,3088,8
2026-08-31T20:53:17.136495609Z,18.038367,114.222967,Cloud to Ground,-12804,0,8
2026-08-31T20:53:17.134997786Z,18.028401,114.226331,Cloud to Cloud,-12355,3051,6
2026-08-31T20:53:18.051011825Z,8.975585,119.884613,Cloud to Cloud,26975,4662,7
2026-08-31T20:53:18.941765357Z,16.953613,132.831946,Cloud to Ground,-10076,0,11
2026-08-31T20:53:18.098717700Z,17.333461,130.477256,Cloud to Ground,-13578,0,8
2026-08-31T20:53:19.036446484Z,16.947984,132.934011,Cloud to Ground,-16901,0,9
2026-08-31T20:53:19.037024236Z,16.918224,132.95801,Cloud to Ground,-13655,0,9
2026-08-31T20:53:19.038725368Z,16.88891,133.000266,Cloud to Ground,-10353,0,5
2026-08-31T20:53:19.230222698Z,16.937697,132.976104,Cloud to Ground,-10163,0,7
2026-08-31T20:53:19.629045056Z,18.346011,130.311224,Cloud to Cloud,-41786,14840,9
2026-08-31T20:53:19.806999689Z,18.334422,130.503051,Cloud to Cloud,-8761,5487,6
2026-08-31T20:53:19.617910662Z,18.343536,130.514393,Cloud to Cloud,-6848,11232,6
2026-08-31T20:53:19.936181180Z,18.378786,130.54908,Cloud to Cloud,17944,3474,8
2026-08-31T20:53:22.852684142Z,17.520555,131.893359,Cloud to Ground,15673,0,9
2026-08-31T20:53:22.464033335Z,17.344117,131.292758,Cloud to Ground,-36290,0,13
2026-08-31T20:53:22.497159713Z,17.39057,131.315435,Cloud to Ground,-26725,0,10
2026-08-31T20:53:22.594668679Z,17.475569,131.22324,Cloud to Ground,-13321,0,11
2026-08-31T20:53:22.554760000Z,17.3875,131.1711,Cloud to Ground,-13197,0,5
2026-08-31T20:53:23.651507725Z,17.599094,131.711505,Cloud to Ground,-10635,0,8
2026-08-31T20:53:23.617000000Z,17.5008,131.9199,Cloud to Ground,26569,0,5
2026-08-31T20:53:26.519413184Z,9.087659,119.926775,Cloud to Ground,-35946,0,7
2026-08-31T20:53:26.035085564Z,9.20104,119.858895,Cloud to Ground,-30373,0,7
2026-08-31T20:53:26.701572605Z,8.994984,119.944223,Cloud to Ground,-34111,0,10
2026-08-31T20:53:26.899026853Z,8.922697,119.926429,Cloud to Ground,-19839,0,6
2026-08-31T20:53:30.759389101Z,17.321698,132.404618,Cloud to Ground,-34622,0,11
2026-08-31T20:53:30.944204053Z,17.328343,132.385956,Cloud to Ground,-24737,0,14
2026-08-31T20:53:30.802842233Z,17.319367,132.437261,Cloud to Cloud,-17442,7076,13
2026-08-31T20:53:30.841182453Z,17.323255,132.435494,Cloud to Cloud,-10596,15504,8
2026-08-31T20:53:30.801379000Z,17.3545,132.3732,Cloud to Ground,19576,0,9
2026-08-31T20:53:31.873625027Z,18.560289,129.24855,Cloud to Cloud,-2703,3451,5
2026-08-31T20:53:33.313850183Z,17.042829,131.560855,Cloud to Ground,11240,0,15
2026-08-31T20:53:39.859408093Z,17.072644,131.962639,Cloud to Ground,32842,0,11
2026-08-31T20:53:39.794048349Z,16.951236,131.964745,Cloud to Ground,-8315,0,7
2026-08-31T20:53:42.100242607Z,20.660507,121.530971,Cloud to Cloud,3072,18197,6
2026-08-31T20:53:42.125980392Z,20.630494,121.516161,Cloud to Cloud,3553,6457,7
2026-08-31T20:53:41.835464004Z,20.668765,121.538395,Cloud to Cloud,3994,13301,5
2026-08-31T20:53:42.109220829Z,20.649976,121.522647,Cloud to Cloud,4078,18164,6
2026-08-31T20:53:41.949160862Z,20.68074,121.489625,Cloud to Cloud,4432,16646,7
2026-08-31T20:53:41.824806331Z,20.635984,121.532542,Cloud to Cloud,4607,19584,6
2026-08-31T20:53:44.728135710Z,8.954638,119.95918,Cloud to Ground,-24242,0,7
2026-08-31T20:53:44.668982470Z,16.898232,132.993821,Cloud to Ground,-12804,0,6
2026-08-31T20:53:44.644295401Z,16.892212,133.102997,Cloud to Ground,-13029,0,9
2026-08-31T20:53:49.031977985Z,18.320004,130.439999,Cloud to Ground,20209,0,12
2026-08-31T20:53:52.478615386Z,8.941712,119.967304,Cloud to Ground,-31666,0,6
2026-08-31T20:53:52.941240722Z,8.977737,119.974651,Cloud to Ground,-22156,0,11
2026-08-31T20:53:53.109637005Z,9.037727,120.278517,Cloud to Cloud,15152,16210,7
2026-08-31T20:53:56.349294000Z,5.4536,114.9478,Cloud to Ground,-71984,0,9
2026-08-31T20:53:56.342217269Z,5.455678,114.928073,Cloud to Ground,-49703,0,14
2026-08-31T20:53:56.469370985Z,5.445833,114.885965,Cloud to Ground,19152,0,8
2026-08-31T20:53:56.396270005Z,5.455958,114.921669,Cloud to Ground,39638,0,15
2026-08-31T20:53:56.436309074Z,5.455026,114.936854,Cloud to Ground,46133,0,16
2026-08-31T20:53:57.380956076Z,17.145708,131.865589,Cloud to Cloud,7319,3063,7
2026-08-31T20:54:02.980415905Z,16.95163,131.797251,Cloud to Cloud,9186,6742,7
2026-08-31T20:54:02.916958666Z,17.121754,131.720546,Cloud to Ground,-13916,0,8
2026-08-31T20:54:02.981210062Z,17.127288,131.74011,Cloud to Ground,-13881,0,7
2026-08-31T20:54:04.604581612Z,17.335649,131.101387,Cloud to Ground,-14874,0,7
2026-08-31T20:54:04.189790500Z,17.331058,131.27081,Cloud to Ground,-28474,0,11
2026-08-31T20:54:04.209701363Z,17.3303,131.248019,Cloud to Cloud,9377,5872,10
2026-08-31T20:54:06.573410084Z,9.037814,119.952594,Cloud to Cloud,9856,13741,6
2026-08-31T20:54:06.740284489Z,18.304816,130.508235,Cloud to Ground,-46633,0,16
2026-08-31T20:54:06.731024016Z,18.240803,130.502548,Cloud to Ground,-17002,0,7
2026-08-31T20:54:06.774243337Z,18.338596,130.536931,Cloud to Cloud,-14371,3026,7
2026-08-31T20:54:07.635951366Z,18.549467,129.302168,Cloud to Cloud,-12323,3475,8
2026-08-31T20:54:07.614252193Z,18.534574,129.39987,Cloud to Ground,-27577,0,11
2026-08-31T20:54:07.439860253Z,18.609366,129.387448,Cloud to Ground,-21311,0,10
2026-08-31T20:54:07.503424510Z,18.559048,129.449789,Cloud to Ground,-16218,0,8
2026-08-31T20:54:10.543602070Z,17.286019,132.4249,Cloud to Ground,-13050,0,9
2026-08-31T20:54:10.539404740Z,17.32389,132.387852,Cloud to Ground,-10788,0,9
2026-08-31T20:54:11.139156242Z,17.043861,132.777618,Cloud to Ground,-13143,0,8
2026-08-31T20:54:11.513668500Z,16.886767,133.022298,Cloud to Cloud,-13406,5424,10
2026-08-31T20:54:12.009286955Z,16.92912,133.031103,Cloud to Ground,-8821,0,7
2026-08-31T20:54:11.731843843Z,16.89812,133.085071,Cloud to Ground,12673,0,7
2026-08-31T20:54:11.388669968Z,16.952295,133.071279,Cloud to Ground,81850,0,14
2026-08-31T20:54:11.237147000Z,16.9463,132.9085,Cloud to Ground,-3943,0,7
2026-08-31T20:54:13.080520925Z,17.325662,130.981296,Cloud to Ground,-25033,0,13
2026-08-31T20:54:13.463469209Z,17.320975,130.989507,Cloud to Ground,-23483,0,9
2026-08-31T20:54:15.814779191Z,17.353985,130.648187,Cloud to Ground,-19895,0,7
2026-08-31T20:54:15.276533000Z,18.8328,118.5785,Cloud to Ground,-77206,0,7
2026-08-31T20:54:15.576416000Z,18.9431,118.5399,Cloud to Ground,-25292,0,9
2026-08-31T20:54:15.321869662Z,18.878394,118.572012,Cloud to Ground,-24092,0,7
2026-08-31T20:54:15.357203000Z,18.9318,118.5814,Cloud to Ground,-13581,0,5
2026-08-31T20:54:23.578817463Z,8.913201,119.749431,Cloud to Cloud,18865,4849,7
2026-08-31T20:54:23.362093486Z,8.973785,119.961417,Cloud to Ground,-19086,0,12
2026-08-31T20:54:23.549510000Z,8.9763,119.9698,Cloud to Ground,-12218,0,5
2026-08-31T20:54:25.689993091Z,8.942272,120.000716,Cloud to Cloud,-10681,14921,7
2026-08-31T20:54:26.513165442Z,17.927243,129.961764,Cloud to Cloud,14185,11066,10
2026-08-31T20:54:26.512254364Z,17.945291,129.966419,Cloud to Cloud,20233,14231,8
2026-08-31T20:54:29.369734518Z,18.368207,130.733117,Cloud to Ground,-13162,0,7
2026-08-31T20:54:29.460294840Z,18.286825,130.738944,Cloud to Ground,13267,0,7
2026-08-31T20:54:34.406298317Z,18.268196,130.39585,Cloud to Cloud,-4670,7379,8
2026-08-31T20:54:34.405898160Z,18.292685,130.328509,Cloud to Cloud,9478,5799,10
2026-08-31T20:54:34.601281148Z,18.420198,130.283847,Cloud to Cloud,-8696,3104,7
2026-08-31T20:54:34.133333729Z,16.657958,134.538462,Cloud to Ground,26007,0,14
2026-08-31T20:54:36.289193170Z,17.443233,131.986042,Cloud to Ground,-24606,0,15
2026-08-31T20:54:38.384548000Z,19.1496,120.2881,Cloud to Ground,-113758,0,13
2026-08-31T20:54:38.396903554Z,19.136044,120.35647,Cloud to Cloud,13890,6005,11
2026-08-31T20:54:40.986704850Z,17.124105,131.797281,Cloud to Ground,16084,0,8
2026-08-31T20:54:42.539373437Z,20.317603,121.102798,Cloud to Cloud,-14483,12869,8
2026-08-31T20:54:41.953171000Z,20.2553,121.0798,Cloud to Ground,11422,0,6
2026-08-31T20:54:43.724352982Z,17.122859,131.515223,Cloud to Cloud,7555,13655,6
2026-08-31T20:54:46.663273218Z,8.990074,119.954168,Cloud to Ground,-23846,0,11
2026-08-31T20:54:46.589347000Z,8.9795,119.8549,Cloud to Ground,-30130,0,5
2026-08-31T20:54:46.412794372Z,8.971606,119.842936,Cloud to Ground,-24262,0,17
2026-08-31T20:54:47.598672507Z,16.617391,134.183618,Cloud to Ground,-11428,0,7
2026-08-31T20:54:52.033502751Z,17.251447,130.577441,Cloud to Cloud,5258,15658,11
2026-08-31T20:54:52.154246478Z,17.320041,130.748276,Cloud to Ground,-9102,0,7
2026-08-31T20:54:52.026283648Z,17.17977,130.692259,Cloud to Cloud,13350,14230,11
2026-08-31T20:54:56.825669569Z,18.344074,130.455538,Cloud to Ground,13481,0,10
2026-08-31T20:55:02.785994430Z,17.052765,131.732291,Cloud to Ground,-11979,0,8
2026-08-31T20:55:04.532027228Z,17.448508,132.236242,Cloud to Ground,-11382,0,7
2026-08-31T20:55:04.346114000Z,17.3447,132.3526,Cloud to Ground,-11275,0,8
2026-08-31T20:55:04.099490389Z,17.326989,132.436887,Cloud to Ground,14885,0,7
2026-08-31T20:55:07.939063708Z,17.619654,131.965589,Cloud to Ground,-17790,0,15
2026-08-31T20:55:07.854775100Z,16.947618,132.865691,Cloud to Ground,-12916,0,12
2026-08-31T20:55:07.787465173Z,16.930116,133.000765,Cloud to Ground,-41248,0,17
2026-08-31T20:55:08.466248514Z,16.906858,133.012378,Cloud to Ground,-14858,0,9
2026-08-31T20:55:08.351285099Z,16.924609,133.00952,Cloud to Ground,-13101,0,10
2026-08-31T20:55:08.315988719Z,16.918014,133.011735,Cloud to Ground,-12054,0,8
2026-08-31T20:55:08.388713979Z,17.457658,131.999475,Cloud to Ground,14831,0,11
2026-08-31T20:55:08.138849760Z,17.301135,130.862288,Cloud to Ground,14933,0,20
2026-08-31T20:55:10.447131209Z,17.387961,131.269857,Cloud to Ground,-25125,0,13
2026-08-31T20:55:10.263840229Z,17.349593,131.313326,Cloud to Ground,-22153,0,12
2026-08-31T20:55:10.309150220Z,17.43505,131.3126,Cloud to Ground,28290,0,10
2026-08-31T20:55:10.481050000Z,17.3521,131.1207,Cloud to Ground,23616,0,5
2026-08-31T20:55:14.301873118Z,17.081213,131.947418,Cloud to Ground,-22101,0,17
2026-08-31T20:55:14.945475629Z,17.106705,131.927153,Cloud to Ground,-19335,0,12
2026-08-31T20:55:14.158678366Z,16.986963,131.951142,Cloud to Ground,-25265,0,14
2026-08-31T20:55:14.255651893Z,16.991915,132.008774,Cloud to Ground,32079,0,16
2026-08-31T20:55:14.217790352Z,16.986381,131.80087,Cloud to Ground,-17331,0,7
2026-08-31T20:55:15.992275954Z,16.485771,132.56374,Cloud to Ground,11378,0,9
2026-08-31T20:55:15.126439215Z,16.987348,131.964277,Cloud to Ground,-9558,0,7
2026-08-31T20:55:15.168817777Z,18.543607,129.343222,Cloud to Cloud,8210,9776,14
2026-08-31T20:55:15.039739000Z,8.9551,119.8133,Cloud to Ground,-11546,0,9
2026-08-31T20:55:18.710764079Z,17.785177,129.908782,Cloud to Cloud,8297,3016,8
2026-08-31T20:55:19.650798000Z,17.4076,130.266,Cloud to Ground,-14505,0,6
2026-08-31T20:55:21.013456044Z,8.874836,119.846859,Cloud to Cloud,8236,5724,11
2026-08-31T20:55:21.008738831Z,8.972121,119.837264,Cloud to Cloud,9869,3016,6
2026-08-31T20:55:24.184496140Z,18.764035,118.714361,Cloud to Ground,-40854,0,8
2026-08-31T20:55:24.218515833Z,18.905237,118.717164,Cloud to Cloud,-22466,18736,7
2026-08-31T20:55:24.097119316Z,18.897054,118.61222,Cloud to Ground,-33164,0,13
2026-08-31T20:55:24.138451000Z,18.9385,118.6113,Cloud to Ground,-17819,0,5
2026-08-31T20:55:26.602650722Z,5.547995,114.938551,Cloud to Ground,37058,0,8
2026-08-31T20:55:26.541736110Z,5.461381,114.908148,Cloud to Ground,44998,0,11
2026-08-31T20:55:26.708478216Z,5.465734,114.930718,Cloud to Ground,46125,0,15
2026-08-31T20:55:26.484372852Z,5.453718,114.937758,Cloud to Ground,52249,0,20
2026-08-31T20:55:26.251691115Z,5.454614,114.960334,Cloud to Ground,94449,0,12
2026-08-31T20:55:27.910309568Z,17.50191,131.919271,Cloud to Ground,-15173,0,7
2026-08-31T20:55:29.366648340Z,8.979721,119.964097,Cloud to Ground,-18676,0,9
2026-08-31T20:55:29.311251000Z,8.9619,119.8464,Cloud to Ground,-24148,0,8
2026-08-31T20:55:30.527150869Z,8.05905,120.013044,Cloud to Ground,-83002,0,17
2026-08-31T20:55:30.601764703Z,17.295808,130.549624,Cloud to Ground,20545,0,10
2026-08-31T20:55:37.083540880Z,18.452491,130.477741,Cloud to Cloud,-9373,3081,8
2026-08-31T20:55:38.521013513Z,16.945462,133.035061,Cloud to Ground,-10710,0,7
2026-08-31T20:55:39.016105334Z,17.651616,113.924264,Cloud to Cloud,-12604,3584,7
2026-08-31T20:55:39.004541593Z,17.635778,113.830789,Cloud to Ground,12596,0,7
2026-08-31T20:55:39.121889135Z,17.639891,113.870057,Cloud to Ground,19763,0,9
2026-08-31T20:55:39.006390116Z,17.63737,113.890697,Cloud to Ground,21831,0,8
2026-08-31T20:55:43.797500328Z,9.076343,119.756138,Cloud to Cloud,9775,14715,6
2026-08-31T20:55:43.722563653Z,8.94122,119.919967,Cloud to Cloud,40363,4493,8
2026-08-31T20:55:43.043404197Z,18.53163,128.981632,Cloud to Ground,-9733,0,11
2026-08-31T20:55:43.117541855Z,18.564632,128.944952,Cloud to Ground,22071,0,11
2026-08-31T20:55:43.490718803Z,18.618695,129.027909,Cloud to Cloud,-8530,6613,10
2026-08-31T20:55:45.466949143Z,18.048935,114.239024,Cloud to Ground,-18876,0,10
2026-08-31T20:55:45.572301102Z,18.029434,114.223172,Cloud to Cloud,-13066,3011,11
2026-08-31T20:55:45.492046633Z,18.075155,114.18267,Cloud to Ground,-8140,0,5
2026-08-31T20:55:45.894043847Z,18.074427,114.219171,Cloud to Cloud,6057,7526,6
2026-08-31T20:55:45.488308922Z,18.117763,114.259549,Cloud to Cloud,12332,3316,7
2026-08-31T20:55:45.459697152Z,18.052443,114.101487,Cloud to Ground,33716,0,8
2026-08-31T20:55:48.522263650Z,17.28639,132.47234,Cloud to Ground,13753,0,13
2026-08-31T20:55:49.088329421Z,16.600148,132.348429,Cloud to Ground,18650,0,12
2026-08-31T20:55:52.388159000Z,8.864,119.8902,Cloud to Ground,31207,0,6
2026-08-31T20:56:02.605814261Z,17.298662,130.728888,Cloud to Ground,13875,0,16
2026-08-31T20:56:02.908214932Z,20.690058,121.565576,Cloud to Cloud,7154,11393,6
2026-08-31T20:56:03.552005141Z,17.290199,130.469141,Cloud to Ground,21214,0,10
2026-08-31T20:56:07.689409000Z,19.1539,120.36,Cloud to Ground,-60037,0,5
2026-08-31T20:56:09.825829334Z,16.638292,134.556762,Cloud to Ground,-16279,0,7
2026-08-31T20:56:09.795997942Z,16.718913,134.529742,Cloud to Ground,-13892,0,14
2026-08-31T20:56:09.825145790Z,16.725862,134.514078,Cloud to Ground,-11833,0,8
2026-08-31T20:56:09.922641348Z,16.64455,134.667799,Cloud to Ground,10392,0,7
2026-08-31T20:56:09.389019653Z,17.47163,131.834006,Cloud to Cloud,6127,3063,7
2026-08-31T20:56:10.734140204Z,21.629381,131.642573,Cloud to Cloud,-13319,3413,9
2026-08-31T20:56:10.715646829Z,21.661387,131.785888,Cloud to Ground,-8605,0,7
2026-08-31T20:56:10.715151394Z,21.642034,131.718342,Cloud to Cloud,-8225,6288,13
2026-08-31T20:56:10.614665349Z,21.603748,131.651099,Cloud to Ground,-8022,0,12
2026-08-31T20:56:10.711022778Z,21.631171,131.74642,Cloud to Ground,9044,0,6
2026-08-31T20:56:10.973224775Z,21.668486,131.697953,Cloud to Ground,18716,0,8
2026-08-31T20:56:14.821677906Z,17.316238,130.878383,Cloud to Cloud,11727,16360,7
2026-08-31T20:56:22.308164984Z,8.975943,119.969248,Cloud to Ground,-25118,0,6
2026-08-31T20:56:21.923685940Z,9.001661,119.982367,Cloud to Ground,-22328,0,10
2026-08-31T20:56:22.047058462Z,8.979856,119.967535,Cloud to Ground,-8369,0,6
2026-08-31T20:56:22.562682404Z,18.311772,130.58105,Cloud to Cloud,-11194,5363,7
2026-08-31T20:56:22.096431559Z,17.877341,114.211371,Cloud to Cloud,-12348,18375,7
2026-08-31T20:56:22.077389349Z,17.963622,114.142596,Cloud to Cloud,-16879,3167,10
2026-08-31T20:56:26.357386987Z,17.316913,130.595929,Cloud to Cloud,-8411,6349,8
2026-08-31T20:56:31.660644354Z,8.950178,119.972296,Cloud to Cloud,11787,3074,6
2026-08-31T20:56:48.734568344Z,17.174612,130.736769,Cloud to Ground,-12113,0,10
2026-08-31T20:56:54.610020000Z,18.5227,119.0445,Cloud to Ground,-58828,0,7
2026-08-31T20:57:04.377942044Z,17.115153,131.803768,Cloud to Ground,-12116,0,6
2026-08-31T20:57:05.611125486Z,5.082527,114.545037,Cloud to Cloud,15024,16207,8
2026-08-31T20:57:05.630852154Z,5.075011,114.553169,Cloud to Ground,15304,0,9
2026-08-31T20:57:05.612912148Z,5.079458,114.538811,Cloud to Ground,33142,0,20
2026-08-31T20:57:05.451306384Z,17.451466,131.980758,Cloud to Ground,18778,0,12
2026-08-31T20:57:05.857813366Z,17.50464,132.079701,Cloud to Ground,-7470,0,6
2026-08-31T20:57:08.292917284Z,18.3216,130.512371,Cloud to Cloud,7023,3079,7
2026-08-31T20:57:09.105775442Z,8.215898,120.262412,Cloud to Ground,31795,0,8
2026-08-31T20:57:09.931983740Z,8.979386,119.958423,Cloud to Cloud,15581,7895,6
2026-08-31T20:57:10.136624264Z,17.293391,131.335141,Cloud to Ground,-65992,0,15
2026-08-31T20:57:10.135258260Z,17.300063,131.170101,Cloud to Ground,20044,0,19
2026-08-31T20:57:10.464921635Z,16.975151,131.850674,Cloud to Ground,-14939,0,10
2026-08-31T20:57:10.085127464Z,16.978594,131.974631,Cloud to Ground,-33837,0,15
2026-08-31T20:57:10.663630203Z,16.960189,132.00632,Cloud to Ground,-13639,0,11
2026-08-31T20:57:10.887391282Z,16.978487,131.966771,Cloud to Ground,-12901,0,7
2026-08-31T20:57:11.078439096Z,16.978148,131.979031,Cloud to Ground,-12822,0,8
2026-08-31T20:57:11.291967342Z,16.982605,132.005791,Cloud to Ground,-10963,0,7
2026-08-31T20:57:12.774760199Z,18.537239,129.108401,Cloud to Cloud,9357,3083,8
2026-08-31T20:57:12.768798126Z,18.516451,129.088575,Cloud to Cloud,19868,5041,8
2026-08-31T20:57:12.766143766Z,18.510568,129.09373,Cloud to Ground,24287,0,10
2026-08-31T20:57:13.207327441Z,18.520205,129.360713,Cloud to Ground,-24830,0,9
2026-08-31T20:57:12.771745330Z,18.533283,129.283162,Cloud to Cloud,8936,18905,9
2026-08-31T20:57:13.298900000Z,18.9641,118.5532,Cloud to Ground,-14895,0,8
2026-08-31T20:57:13.262909000Z,19.0648,118.6035,Cloud to Ground,-46922,0,6
2026-08-31T20:57:14.845854848Z,3.447175,113.035314,Cloud to Ground,-11603,0,8
2026-08-31T20:57:18.069252652Z,17.35361,130.641884,Cloud to Ground,-25422,0,11
2026-08-31T20:57:18.201753009Z,17.304138,130.682594,Cloud to Ground,-21990,0,12
2026-08-31T20:57:18.343195988Z,17.33407,130.71019,Cloud to Cloud,-8530,5375,6
2026-08-31T20:57:19.213186555Z,8.981685,119.982813,Cloud to Ground,-37576,0,14
2026-08-31T20:57:18.946558513Z,9.010573,119.994212,Cloud to Ground,-28564,0,11
2026-08-31T20:57:18.979470756Z,9.080088,119.944979,Cloud to Ground,-20685,0,6
2026-08-31T20:57:21.679892195Z,16.658658,134.679219,Cloud to Cloud,10027,7190,6
2026-08-31T20:57:21.703351689Z,16.677214,134.532887,Cloud to Ground,-13104,0,8
2026-08-31T20:57:21.905106074Z,18.545999,129.391584,Cloud to Ground,17275,0,12
2026-08-31T20:57:23.698980282Z,18.295138,130.337009,Cloud to Cloud,-10850,5033,9
2026-08-31T20:57:23.369915581Z,18.237604,130.401814,Cloud to Cloud,7206,3074,13
2026-08-31T20:57:24.788423582Z,17.307842,131.35336,Cloud to Ground,-33541,0,17
2026-08-31T20:57:24.864367157Z,17.205668,131.53311,Cloud to Ground,-22576,0,20
2026-08-31T20:57:24.605762214Z,18.668849,129.240051,Cloud to Ground,-13587,0,10
2026-08-31T20:57:24.505129531Z,18.538808,129.453554,Cloud to Ground,-64521,0,16
2026-08-31T20:57:24.556054420Z,18.544803,129.474039,Cloud to Cloud,-12004,7458,9
2026-08-31T20:57:27.806534891Z,8.942429,119.952856,Cloud to Cloud,28247,14162,7
2026-08-31T20:57:32.589700339Z,5.205847,114.656145,Cloud to Ground,-20143,0,21
2026-08-31T20:57:33.911412537Z,8.062479,120.051673,Cloud to Cloud,26398,3853,10
2026-08-31T20:57:35.638119917Z,16.870886,133.040127,Cloud to Ground,-10657,0,8
2026-08-31T20:57:35.796707224Z,16.916835,132.945396,Cloud to Ground,-7664,0,7
2026-08-31T20:57:35.634817190Z,16.933809,133.002401,Cloud to Ground,12181,0,9
2026-08-31T20:57:36.000848733Z,17.081132,131.698901,Cloud to Ground,-10160,0,9
2026-08-31T20:57:37.110294991Z,16.539856,132.521514,Cloud to Ground,-16605,0,12
2026-08-31T20:57:37.864268000Z,8.9802,119.8268,Cloud to Ground,-8859,0,5
2026-08-31T20:57:38.825808944Z,18.298427,130.4925,Cloud to Cloud,-6225,3121,6
2026-08-31T20:57:39.035151729Z,18.297784,130.652188,Cloud to Ground,-25795,0,13
2026-08-31T20:57:39.078894455Z,18.300566,130.641426,Cloud to Ground,-15981,0,12
2026-08-31T20:57:39.099041137Z,18.289589,130.684078,Cloud to Ground,12463,0,7
2026-08-31T20:57:44.715626639Z,8.99788,119.842002,Cloud to Cloud,28898,19766,6
2026-08-31T20:57:44.187232809Z,17.431697,130.280691,Cloud to Ground,-17902,0,12
2026-08-31T20:57:47.230101080Z,17.939343,129.804448,Cloud to Cloud,13553,6554,10
2026-08-31T20:57:50.279295000Z,17.3259,131.0091,Cloud to Ground,396,0,6
2026-08-31T20:57:54.316899226Z,5.061331,114.546159,Cloud to Ground,56602,0,9
2026-08-31T20:57:54.172198697Z,5.059032,114.580039,Cloud to Ground,66552,0,17
2026-08-31T20:57:54.990645640Z,18.919438,118.613243,Cloud to Ground,-35754,0,16
2026-08-31T20:57:55.310978916Z,18.897344,118.611724,Cloud to Ground,-18311,0,7
2026-08-31T20:57:55.358853152Z,18.922013,118.617799,Cloud to Ground,-17098,0,8
2026-08-31T20:57:55.257323210Z,18.803344,118.713492,Cloud to Ground,-15300,0,8
2026-08-31T20:57:56.418690000Z,16.9707,132.971,Cloud to Ground,23809,0,5
2026-08-31T20:57:56.238480000Z,16.9229,132.9895,Cloud to Ground,27822,0,6
2026-08-31T20:57:57.526859544Z,17.09535,131.716515,Cloud to Ground,-53573,0,13
2026-08-31T20:57:58.542439549Z,17.126881,131.833191,Cloud to Ground,-37854,0,16
2026-08-31T20:57:57.962795747Z,17.045597,131.792208,Cloud to Ground,-15448,0,9
2026-08-31T20:57:57.962231000Z,17.1155,131.653,Cloud to Ground,12834,0,5
2026-08-31T20:57:58.293547277Z,17.093321,131.781692,Cloud to Ground,16932,0,9
2026-08-31T20:57:57.067355910Z,18.275833,130.531323,Cloud to Ground,-28286,0,11
2026-08-31T20:58:03.278309194Z,17.269215,130.712975,Cloud to Ground,-34555,0,14
2026-08-31T20:58:03.212531012Z,17.237269,130.538179,Cloud to Ground,-43928,0,14
2026-08-31T20:58:03.228832897Z,17.264047,130.579388,Cloud to Cloud,-19580,3002,10
2026-08-31T20:58:08.212622748Z,17.662628,132.280574,Cloud to Ground,11242,0,8
2026-08-31T20:58:09.418577517Z,16.812503,134.490723,Cloud to Ground,-10932,0,8
2026-08-31T20:58:11.824422326Z,18.271189,130.742125,Cloud to Ground,-18861,0,16
2026-08-31T20:58:11.823158171Z,18.27184,130.775102,Cloud to Ground,-16449,0,13
2026-08-31T20:58:12.187974475Z,16.993896,133.249661,Cloud to Ground,-17395,0,8
2026-08-31T20:58:12.183859814Z,16.892817,133.273364,Cloud to Ground,-9213,0,9
2026-08-31T20:58:12.192041045Z,16.936571,133.258492,Cloud to Ground,14613,0,8
2026-08-31T20:58:12.183268525Z,16.924926,133.242461,Cloud to Ground,18443,0,10
2026-08-31T20:58:13.710795908Z,18.349759,129.528455,Cloud to Cloud,-16196,17794,15
2026-08-31T20:58:17.291040852Z,17.367305,130.435842,Cloud to Ground,-46067,0,15
2026-08-31T20:58:17.397267902Z,17.386486,130.42622,Cloud to Ground,-11575,0,10
2026-08-31T20:58:19.792233085Z,18.304775,130.523293,Cloud to Ground,-11811,0,13
2026-08-31T20:58:20.088366524Z,18.340422,130.584004,Cloud to Cloud,3397,10082,5
2026-08-31T20:58:20.723297178Z,17.12287,131.572357,Cloud to Ground,-11118,0,9
2026-08-31T20:58:20.694156822Z,17.113855,131.548062,Cloud to Ground,29847,0,14
2026-08-31T20:58:20.632080000Z,17.0857,131.3902,Cloud to Ground,-10586,0,5
2026-08-31T20:58:25.641461896Z,4.483413,113.897019,Cloud to Ground,-43054,0,11
2026-08-31T20:58:25.604354902Z,4.541459,113.93418,Cloud to Cloud,21322,7196,11
2026-08-31T20:58:25.346829196Z,17.426878,132.172526,Cloud to Ground,12196,0,12
2026-08-31T20:58:25.340016023Z,17.369846,132.477662,Cloud to Ground,-13633,0,10
2026-08-31T20:58:25.340621775Z,17.392076,132.442953,Cloud to Ground,-9937,0,7
2026-08-31T20:58:29.291492827Z,18.389446,130.481879,Cloud to Ground,-14219,0,9
2026-08-31T20:58:29.889537037Z,18.417759,130.447183,Cloud to Cloud,-10021,17826,7
2026-08-31T20:58:29.222022138Z,18.285364,130.506202,Cloud to Ground,-22320,0,9
2026-08-31T20:58:29.091188000Z,18.2924,130.4237,Cloud to Ground,-18171,0,6
2026-08-31T20:58:30.073838258Z,18.316588,130.594068,Cloud to Cloud,-13101,4495,7
2026-08-31T20:58:29.611468605Z,18.280825,130.569956,Cloud to Cloud,12520,16507,7
2026-08-31T20:58:35.878636778Z,18.549728,129.406927,Cloud to Cloud,8068,3023,7
2026-08-31T20:58:35.876459121Z,18.557677,129.388968,Cloud to Ground,23837,0,9
2026-08-31T20:58:46.810812786Z,17.007995,133.102208,Cloud to Ground,-22039,0,14
2026-08-31T20:58:46.207524024Z,16.914345,133.087139,Cloud to Ground,-32261,0,12
2026-08-31T20:58:52.358915255Z,9.012048,119.808564,Cloud to Cloud,10817,3006,10
2026-08-31T20:58:52.744312295Z,18.30024,130.618109,Cloud to Ground,-9030,0,7
2026-08-31T20:58:55.962629000Z,4.4446,113.9758,Cloud to Ground,24183,0,6
2026-08-31T20:58:58.211989696Z,17.122382,131.695345,Cloud to Ground,12929,0,8
2026-08-31T20:58:58.213023694Z,17.11317,131.816446,Cloud to Ground,-13246,0,10
2026-08-31T20:59:00.468580166Z,17.339069,131.170223,Cloud to Ground,15338,0,8
2026-08-31T20:59:00.388752908Z,17.308263,131.31224,Cloud to Ground,-23470,0,12
2026-08-31T20:59:00.398898902Z,17.283634,131.335317,Cloud to Cloud,-14999,9813,10
2026-08-31T20:59:02.721230912Z,5.050538,114.663299,Cloud to Ground,84653,0,20
2026-08-31T20:59:02.704792771Z,5.101215,114.565241,Cloud to Ground,-23979,0,10
2026-08-31T20:59:02.866302312Z,5.157556,114.586496,Cloud to Ground,32961,0,10
2026-08-31T20:59:02.794700789Z,5.069546,114.553912,Cloud to Ground,38679,0,14
2026-08-31T20:59:02.265846127Z,16.899425,131.768586,Cloud to Ground,13488,0,14
2026-08-31T20:59:05.579155266Z,17.335487,130.705212,Cloud to Ground,-39173,0,15
2026-08-31T20:59:05.622602197Z,17.312107,130.713959,Cloud to Ground,-32362,0,13
2026-08-31T20:59:05.725012451Z,17.315458,130.712994,Cloud to Ground,-20919,0,12
2026-08-31T20:59:05.667938844Z,17.314966,130.716832,Cloud to Ground,-15930,0,10
2026-08-31T20:59:05.668450239Z,17.287862,130.697668,Cloud to Cloud,-14199,18305,9
2026-08-31T20:59:05.734530040Z,17.23736,130.824095,Cloud to Cloud,-13046,16694,8
2026-08-31T20:59:05.599031031Z,17.308526,130.665404,Cloud to Ground,-8093,0,7
2026-08-31T20:59:05.735354749Z,17.365188,130.739169,Cloud to Ground,13860,0,7
2026-08-31T20:59:05.588014309Z,17.306,130.730509,Cloud to Ground,14309,0,11
2026-08-31T20:59:05.725631973Z,17.291085,130.757996,Cloud to Cloud,14746,10205,7
2026-08-31T20:59:07.207760688Z,3.353278,112.831478,Cloud to Ground,-34347,0,16
2026-08-31T20:59:07.304086723Z,3.356708,112.819034,Cloud to Ground,-18023,0,15
2026-08-31T20:59:07.231483343Z,3.22951,112.667927,Cloud to Ground,-14937,0,9
2026-08-31T20:59:09.554895288Z,8.830296,119.815872,Cloud to Cloud,-18153,5796,8
2026-08-31T20:59:10.720946000Z,17.4261,132.4932,Cloud to Ground,26144,0,8
2026-08-31T20:59:10.554749000Z,17.3698,132.3552,Cloud to Ground,5574,0,5
2026-08-31T20:59:10.633565000Z,17.3479,132.3808,Cloud to Ground,14242,0,5
2026-08-31T20:59:19.570269145Z,18.441111,129.265238,Cloud to Cloud,-9134,3087,10
2026-08-31T20:59:19.594564274Z,18.503117,129.118611,Cloud to Cloud,16519,3014,10
2026-08-31T20:59:22.139537851Z,5.280161,114.67789,Cloud to Cloud,-16516,3006,8
2026-08-31T20:59:22.134424258Z,5.140847,114.604029,Cloud to Ground,21540,0,9
2026-08-31T20:59:22.594519763Z,17.528994,132.060135,Cloud to Cloud,-18998,3855,11
2026-08-31T20:59:22.538311239Z,18.529305,129.482648,Cloud to Ground,-26619,0,17
2026-08-31T20:59:22.752365212Z,18.54775,129.525981,Cloud to Cloud,10647,7510,12
2026-08-31T20:59:22.627745519Z,18.522089,129.326093,Cloud to Ground,-17540,0,8
2026-08-31T20:59:22.630467002Z,18.532673,129.34155,Cloud to Cloud,-12314,3169,12
2026-08-31T20:59:22.737672387Z,18.602994,129.293257,Cloud to Ground,-12270,0,9
2026-08-31T20:59:29.159499482Z,20.39982,121.172503,Cloud to Cloud,-6562,15819,6
2026-08-31T20:59:29.101918634Z,20.358961,121.130678,Cloud to Cloud,-5718,17744,7
2026-08-31T20:59:28.986416189Z,20.263865,121.121377,Cloud to Cloud,6172,19714,7
2026-08-31T20:59:28.994250578Z,20.289166,121.129998,Cloud to Cloud,8377,13254,7
2026-08-31T20:59:29.100008722Z,20.273018,121.134947,Cloud to Ground,31059,0,10
2026-08-31T20:59:34.207323451Z,8.943512,119.949158,Cloud to Cloud,38437,9448,6
2026-08-31T20:59:34.827416393Z,4.495088,113.872336,Cloud to Ground,-41474,0,13
2026-08-31T20:59:34.783858611Z,18.256821,130.347224,Cloud to Ground,-12138,0,10
2026-08-31T20:59:34.745541561Z,18.416371,130.232292,Cloud to Ground,-18181,0,7
2026-08-31T20:59:34.782463539Z,18.365041,130.281904,Cloud to Ground,-11000,0,8
2026-08-31T20:59:34.855469246Z,18.260082,130.731851,Cloud to Ground,-12203,0,7
2026-08-31T20:59:34.722736950Z,18.28566,130.5101,Cloud to Ground,-53094,0,10
2026-08-31T20:59:34.715396540Z,18.210775,130.550591,Cloud to Ground,-24217,0,8
2026-08-31T20:59:38.491131460Z,16.931636,133.041333,Cloud to Ground,-16874,0,8
2026-08-31T20:59:38.333103775Z,16.930846,133.025431,Cloud to Ground,11124,0,7
2026-08-31T20:59:39.880141632Z,8.936255,119.89517,Cloud to Ground,37784,0,10
2026-08-31T20:59:40.094965661Z,16.466112,132.600916,Cloud to Ground,-11134,0,9
2026-08-31T20:59:44.054304000Z,17.398,130.3019,Cloud to Ground,-14552,0,5
2026-08-31T20:59:44.051930511Z,17.375723,130.358442,Cloud to Ground,12637,0,12
2026-08-31T20:59:46.973950533Z,17.099532,131.749161,Cloud to Ground,-8815,0,8
2026-08-31T20:59:48.853967558Z,9.071122,119.746825,Cloud to Cloud,19284,6264,8
2026-08-31T20:59:53.539060318Z,17.33663,130.47035,Cloud to Cloud,-11344,15236,8
2026-08-31T20:59:53.521501627Z,17.354345,130.449309,Cloud to Cloud,5231,5100,7
2026-08-31T20:59:53.443120253Z,18.602006,128.816874,Cloud to Cloud,6768,19181,7
2026-08-31T20:59:53.425601610Z,18.535102,128.979752,Cloud to Cloud,-12328,7331,11
2026-08-31T20:59:53.428966194Z,18.536626,129.0048,Cloud to Ground,7759,0,10
2026-08-31T20:59:54.488672000Z,20.6258,121.5341,Cloud to Ground,-46980,0,5
2026-08-31T20:59:54.630373776Z,20.590698,121.53395,Cloud to Cloud,4716,11077,6
2026-08-31T20:59:54.496469993Z,20.590705,121.553077,Cloud to Cloud,5961,14388,7
2026-08-31T20:59:54.509650686Z,20.566697,121.519972,Cloud to Cloud,6528,3055,7
2026-08-31T20:59:58.265968199Z,17.361826,132.432461,Cloud to Ground,-12292,0,9
2026-08-31T21:00:07.558927329Z,18.354114,130.309896,Cloud to Ground,-7232,0,7
2026-08-31T21:00:07.643899012Z,18.290496,130.536027,Cloud to Ground,-25353,0,12
2026-08-31T21:00:07.644679986Z,18.277534,130.514766,Cloud to Ground,-21604,0,11
2026-08-31T21:00:07.498177321Z,18.315628,130.558654,Cloud to Ground,-15291,0,8
2026-08-31T21:00:07.503781810Z,18.295492,130.585433,Cloud to Cloud,-10189,3749,8
2026-08-31T21:00:07.503346495Z,18.390632,130.504489,Cloud to Ground,-31463,0,16
2026-08-31T21:00:07.713422681Z,18.290941,130.414621,Cloud to Ground,-11087,0,8
2026-08-31T21:00:08.316612476Z,16.913012,133.078797,Cloud to Ground,-30858,0,15
2026-08-31T21:00:08.362747584Z,16.930281,132.837594,Cloud to Ground,-15765,0,16
2026-08-31T21:00:08.465659000Z,16.9247,132.9456,Cloud to Ground,-9516,0,5
2026-08-31T21:00:08.412857000Z,16.9123,132.9813,Cloud to Ground,29302,0,5
2026-08-31T21:00:10.662026000Z,20.2398,120.4124,Cloud to Ground,-21336,0,6
2026-08-31T21:00:10.660033112Z,20.220478,120.433134,Cloud to Cloud,9174,16821,7
2026-08-31T21:00:10.759381603Z,20.195996,120.459135,Cloud to Ground,35441,0,17
2026-08-31T21:00:11.298238968Z,17.351437,130.751843,Cloud to Ground,-12393,0,10
2026-08-31T21:00:11.302915006Z,17.337468,130.784053,Cloud to Ground,18948,0,8
2026-08-31T21:00:12.101408741Z,17.136173,131.866037,Cloud to Ground,24287,0,14
2026-08-31T21:00:12.753417670Z,18.10859,114.268686,Cloud to Cloud,-23235,3062,7
2026-08-31T21:00:12.748679123Z,18.075561,114.283718,Cloud to Ground,-19531,0,12
2026-08-31T21:00:12.369253132Z,17.927366,114.251736,Cloud to Cloud,-18371,4939,13
2026-08-31T21:00:12.646703693Z,17.987305,114.182442,Cloud to Ground,34657,0,8
2026-08-31T21:00:12.441352405Z,17.964523,114.187768,Cloud to Ground,54281,0,16
2026-08-31T21:00:12.553076060Z,17.952266,114.252965,Cloud to Ground,65069,0,20
2026-08-31T21:00:12.504177161Z,17.966688,114.160895,Cloud to Ground,76792,0,16
2026-08-31T21:00:12.359444017Z,17.938339,114.227067,Cloud to Ground,279029,0,24
2026-08-31T21:00:12.743645101Z,18.081006,114.155653,Cloud to Cloud,14553,5606,6
2026-08-31T21:00:13.624577303Z,8.959768,119.941646,Cloud to Cloud,26779,3020,7
2026-08-31T21:00:17.749658289Z,10.626231,112.614316,Cloud to Ground,-21516,0,9
2026-08-31T21:00:18.619043262Z,17.062757,131.723462,Cloud to Ground,-13284,0,7
2026-08-31T21:00:18.291393550Z,17.114269,131.591083,Cloud to Ground,12472,0,10
2026-08-31T21:00:20.861256377Z,16.660036,134.558939,Cloud to Ground,-16817,0,12
2026-08-31T21:00:20.870216640Z,16.660855,134.564316,Cloud to Ground,-12891,0,9
2026-08-31T21:00:20.863237639Z,16.652281,134.574364,Cloud to Ground,33400,0,14
2026-08-31T21:00:22.275926362Z,17.463105,131.87365,Cloud to Cloud,-9546,7263,10
2026-08-31T21:00:22.280335311Z,17.445594,132.096332,Cloud to Ground,18619,0,14
2026-08-31T21:00:24.534166290Z,17.282279,131.058503,Cloud to Ground,-21354,0,14
2026-08-31T21:00:24.534863769Z,17.292885,131.09804,Cloud to Cloud,7321,3064,7
2026-08-31T21:00:24.533540488Z,17.384141,130.882282,Cloud to Cloud,8929,19205,8
2026-08-31T21:00:25.495339523Z,18.303793,130.524744,Cloud to Ground,22800,0,7
