timestamp,latitude,longitude,type,amplitude_ka,height_m,num_sensors
2026-08-31T11:17:25.590596220Z,5.189554,115.578275,Cloud to Cloud,-14524,3226,10
2026-08-31T11:17:27.018789492Z,5.125566,115.605798,Cloud to Ground,-20577,0,11
2026-08-31T11:17:28.401928647Z,5.1738,115.471282,Cloud to Ground,-17152,0,13
2026-08-31T11:17:28.300702280Z,5.152561,115.471206,Cloud to Cloud,-12527,10095,8
2026-08-31T11:17:27.655764241Z,5.170117,115.616995,Cloud to Cloud,-11178,10997,10
2026-08-31T11:17:28.395785505Z,5.110544,115.532637,Cloud to Cloud,5528,3004,5
2026-08-31T11:17:27.864188715Z,5.139596,115.616309,Cloud to Cloud,20348,10942,6
2026-08-31T11:17:27.954534804Z,5.186921,115.59608,Cloud to Ground,31206,0,8
2026-08-31T11:17:27.181372383Z,6.799935,117.417413,Cloud to Cloud,16241,13164,8
2026-08-31T11:17:29.693554604Z,5.078658,115.631277,Cloud to Ground,36641,0,10
2026-08-31T11:17:31.563547249Z,6.700582,117.475522,Cloud to Ground,15051,0,9
2026-08-31T11:17:31.785366308Z,5.146859,115.652488,Cloud to Ground,-12664,0,9
2026-08-31T11:17:31.662068064Z,5.211355,115.702994,Cloud to Cloud,-12262,5866,7
2026-08-31T11:17:31.688474539Z,5.118077,115.629855,Cloud to Ground,13121,0,11
2026-08-31T11:17:31.631062950Z,5.099111,115.590979,Cloud to Ground,18634,0,10
2026-08-31T11:17:31.677828396Z,5.151096,115.57576,Cloud to Ground,27038,0,7
2026-08-31T11:17:31.758457169Z,5.162032,115.597292,Cloud to Ground,33173,0,14
2026-08-31T11:17:31.854129234Z,14.258433,134.854463,Cloud to Ground,13559,0,9
2026-08-31T11:17:31.891947769Z,14.249927,134.854253,Cloud to Ground,14937,0,12
2026-08-31T11:17:34.093244225Z,7.65325,117.563804,Cloud to Cloud,-14908,7633,8
2026-08-31T11:17:33.888940494Z,7.626711,117.640659,Cloud to Cloud,22906,15534,7
2026-08-31T11:17:33.198825565Z,14.873459,134.694337,Cloud to Ground,-13433,0,8
2026-08-31T11:17:34.993813884Z,5.230216,115.710513,Cloud to Cloud,-14005,7694,10
2026-08-31T11:17:37.497866448Z,15.100871,133.32816,Cloud to Cloud,9158,3149,7
2026-08-31T11:17:37.495833053Z,15.104941,133.314029,Cloud to Ground,16072,0,10
2026-08-31T11:17:38.191416656Z,3.778371,114.759923,Cloud to Ground,36418,0,10
2026-08-31T11:17:40.405834814Z,6.740456,117.051698,Cloud to Cloud,-8997,13300,7
2026-08-31T11:17:40.331261364Z,5.204329,115.659749,Cloud to Cloud,-16805,4536,10
2026-08-31T11:17:40.317231805Z,5.088346,115.564297,Cloud to Ground,-8257,0,6
2026-08-31T11:17:40.310263722Z,5.088451,115.61017,Cloud to Ground,20605,0,8
2026-08-31T11:17:40.400918124Z,6.553341,117.77378,Cloud to Cloud,-14471,19911,7
2026-08-31T11:17:41.218702031Z,6.702358,117.81693,Cloud to Cloud,-18886,8975,8
2026-08-31T11:17:41.563295056Z,6.707108,117.740302,Cloud to Cloud,11216,15718,7
2026-08-31T11:17:41.801212151Z,6.685257,117.714121,Cloud to Ground,12180,0,6
2026-08-31T11:17:41.472071899Z,5.184898,115.714578,Cloud to Cloud,-10255,5305,7
2026-08-31T11:17:41.947476644Z,5.086235,115.506111,Cloud to Cloud,-19894,18261,16
2026-08-31T11:17:41.446456784Z,6.822132,117.747144,Cloud to Ground,69661,0,7
2026-08-31T11:17:41.194362692Z,14.83642,134.969449,Cloud to Ground,36306,0,11
2026-08-31T11:17:42.107228287Z,6.681257,117.291669,Cloud to Cloud,-15978,3025,9
2026-08-31T11:17:42.427932571Z,6.752596,117.493675,Cloud to Ground,-10093,0,6
2026-08-31T11:17:42.785500739Z,6.699075,117.458069,Cloud to Ground,28420,0,7
2026-08-31T11:17:42.931991661Z,6.741264,117.451903,Cloud to Ground,39754,0,8
2026-08-31T11:17:42.868231012Z,6.741585,117.455303,Cloud to Ground,77125,0,7
2026-08-31T11:17:42.164838705Z,5.163686,115.573244,Cloud to Cloud,-18272,14274,11
2026-08-31T11:17:42.603494534Z,5.130037,115.617325,Cloud to Ground,-18252,0,10
2026-08-31T11:17:42.146482274Z,5.168545,115.573172,Cloud to Ground,-17973,0,12
2026-08-31T11:17:43.888304810Z,5.114116,115.585244,Cloud to Ground,13748,0,10
2026-08-31T11:17:43.869836046Z,5.079291,115.588138,Cloud to Cloud,14387,3022,6
2026-08-31T11:17:43.591463335Z,5.178625,115.656964,Cloud to Ground,33508,0,16
2026-08-31T11:17:44.318935062Z,5.674061,117.102503,Cloud to Ground,26425,0,7
2026-08-31T11:17:44.254796000Z,19.3326,118.204,Cloud to Ground,-3759,0,8
2026-08-31T11:17:45.133590754Z,5.075299,115.576365,Cloud to Cloud,6728,16438,7
2026-08-31T11:17:45.903155000Z,5.1696,115.4122,Cloud to Ground,20400,0,5
2026-08-31T11:17:46.462648511Z,14.873314,134.734652,Cloud to Ground,-18452,0,7
2026-08-31T11:17:47.610977390Z,5.192192,115.605938,Cloud to Cloud,-13925,5705,8
2026-08-31T11:17:47.627146529Z,5.027763,115.515951,Cloud to Ground,16471,0,6
2026-08-31T11:17:48.648383898Z,5.113183,115.596258,Cloud to Cloud,-14534,4473,16
2026-08-31T11:17:49.507946248Z,5.192521,115.558768,Cloud to Ground,-24402,0,18
2026-08-31T11:17:49.541135166Z,5.119882,115.55303,Cloud to Ground,22351,0,9
2026-08-31T11:17:49.966353142Z,14.29344,134.022871,Cloud to Ground,-13671,0,12
2026-08-31T11:17:50.058153332Z,14.223849,134.011343,Cloud to Ground,19446,0,9
2026-08-31T11:17:49.551160052Z,14.302258,134.087057,Cloud to Ground,27601,0,13
2026-08-31T11:17:50.292440526Z,4.998804,115.50531,Cloud to Ground,-10945,0,7
2026-08-31T11:17:50.331091694Z,5.061742,115.547866,Cloud to Cloud,7903,6827,6
2026-08-31T11:17:50.310860232Z,5.001461,115.55129,Cloud to Ground,10243,0,9
2026-08-31T11:17:50.540042793Z,6.652573,117.719946,Cloud to Cloud,12859,12047,9
2026-08-31T11:17:51.271043645Z,5.226728,115.62788,Cloud to Cloud,-9835,4943,6
2026-08-31T11:17:51.285358854Z,5.051487,115.544609,Cloud to Ground,-28055,0,7
2026-08-31T11:17:51.539487019Z,10.195608,119.507638,Cloud to Cloud,6819,15935,5
2026-08-31T11:17:51.754418783Z,10.123511,119.626774,Cloud to Cloud,23482,15704,7
2026-08-31T11:17:52.472227672Z,5.07729,115.584732,Cloud to Ground,16195,0,6
2026-08-31T11:17:52.070135242Z,5.079954,115.615,Cloud to Ground,26435,0,11
2026-08-31T11:17:52.265402066Z,5.077125,115.605662,Cloud to Ground,27918,0,9
2026-08-31T11:17:52.140065668Z,5.160534,115.617347,Cloud to Ground,31137,0,16
2026-08-31T11:17:52.552116449Z,6.617802,117.589668,Cloud to Cloud,-19152,5692,7
2026-08-31T11:17:52.886110622Z,6.66225,117.468357,Cloud to Ground,-18866,0,8
2026-08-31T11:17:54.003228981Z,5.178384,115.624698,Cloud to Cloud,-22686,3065,9
2026-08-31T11:17:54.077860318Z,5.178458,115.625331,Cloud to Cloud,-14781,3250,8
2026-08-31T11:17:53.970860488Z,5.14477,115.589988,Cloud to Ground,23636,0,7
2026-08-31T11:17:53.267583450Z,15.320584,133.541219,Cloud to Ground,17099,0,11
2026-08-31T11:17:53.268359729Z,15.433564,133.681748,Cloud to Ground,-25730,0,20
2026-08-31T11:17:53.272454000Z,15.3826,133.6413,Cloud to Ground,-24256,0,6
2026-08-31T11:17:53.285994050Z,15.388005,133.655961,Cloud to Ground,-13713,0,10
2026-08-31T11:17:53.322570123Z,15.35899,133.646087,Cloud to Ground,-12484,0,7
2026-08-31T11:17:53.300987112Z,15.360615,133.647881,Cloud to Ground,-11614,0,10
2026-08-31T11:17:54.417311185Z,6.745956,117.058899,Cloud to Cloud,-14825,15202,10
2026-08-31T11:17:54.416706624Z,6.780511,117.130372,Cloud to Cloud,15364,7309,6
2026-08-31T11:17:54.924376082Z,14.133185,133.999608,Cloud to Ground,24006,0,15
2026-08-31T11:17:55.107228710Z,14.355806,133.770644,Cloud to Cloud,-12498,3387,10
2026-08-31T11:17:55.090169604Z,14.29049,133.733178,Cloud to Ground,-11540,0,5
2026-08-31T11:17:54.812543849Z,14.307462,133.742262,Cloud to Ground,9872,0,7
2026-08-31T11:17:57.535959824Z,5.16904,115.593612,Cloud to Cloud,-19535,3104,14
2026-08-31T11:17:57.767676565Z,4.241143,114.913509,Cloud to Cloud,7741,16416,5
2026-08-31T11:17:57.822847621Z,4.201669,114.918312,Cloud to Ground,18463,0,8
2026-08-31T11:17:58.440839782Z,5.057533,115.592429,Cloud to Cloud,-21461,4679,6
2026-08-31T11:17:59.371057760Z,18.964224,131.180634,Cloud to Cloud,-17034,13029,12
2026-08-31T11:17:59.556464191Z,18.97887,131.271908,Cloud to Ground,24407,0,18
2026-08-31T11:17:59.043029238Z,22.781854,112.689267,Cloud to Ground,-55986,0,16
2026-08-31T11:17:59.307466553Z,22.807083,112.554453,Cloud to Cloud,-12032,13268,6
2026-08-31T11:17:59.176146484Z,22.828656,112.531519,Cloud to Ground,25857,0,7
2026-08-31T11:18:00.147823046Z,6.760583,117.537132,Cloud to Ground,27753,0,8
2026-08-31T11:18:01.859897850Z,22.562794,112.981241,Cloud to Cloud,-12855,3014,10
2026-08-31T11:18:03.071116778Z,6.679755,117.388384,Cloud to Ground,52105,0,17
2026-08-31T11:18:03.917238876Z,5.728611,117.190095,Cloud to Cloud,-16082,18618,9
2026-08-31T11:18:03.840768979Z,5.659914,117.164124,Cloud to Cloud,11733,17430,6
2026-08-31T11:18:03.811232733Z,5.731956,117.188878,Cloud to Cloud,16085,7517,8
2026-08-31T11:18:03.537233426Z,18.962503,130.924983,Cloud to Ground,-10212,0,12
2026-08-31T11:18:04.420844704Z,5.09207,115.592945,Cloud to Cloud,-11868,3880,9
2026-08-31T11:18:04.299396288Z,5.207038,115.604991,Cloud to Cloud,-9705,16306,10
2026-08-31T11:18:03.814015000Z,5.1347,115.5768,Cloud to Ground,16052,0,6
2026-08-31T11:18:05.375196289Z,5.081153,115.585372,Cloud to Ground,43830,0,7
2026-08-31T11:18:06.629946000Z,6.7953,116.8852,Cloud to Ground,59328,0,6
2026-08-31T11:18:07.568665803Z,5.179872,115.536684,Cloud to Cloud,-17177,5465,7
2026-08-31T11:18:08.035409420Z,5.068433,115.557689,Cloud to Cloud,13041,13044,6
2026-08-31T11:18:07.911906606Z,5.05827,115.599856,Cloud to Ground,14780,0,11
2026-08-31T11:18:07.889561000Z,5.1691,115.3381,Cloud to Ground,-14989,0,6
2026-08-31T11:18:07.043310667Z,6.899021,117.045983,Cloud to Ground,-15601,0,7
2026-08-31T11:18:06.675627000Z,6.8688,117.1132,Cloud to Ground,21633,0,9
2026-08-31T11:18:07.052260478Z,9.711831,119.440852,Cloud to Ground,-30932,0,10
2026-08-31T11:18:07.939208215Z,22.993005,112.285883,Cloud to Cloud,13909,4151,13
2026-08-31T11:18:08.568972784Z,22.871577,112.456321,Cloud to Cloud,7800,6024,14
2026-08-31T11:18:08.405821787Z,22.943924,112.106906,Cloud to Cloud,-6485,3176,7
2026-08-31T11:18:09.533781959Z,14.881155,134.719757,Cloud to Ground,-10029,0,7
2026-08-31T11:18:11.398641963Z,6.538642,117.962599,Cloud to Ground,-46517,0,12
2026-08-31T11:18:11.904809697Z,6.525185,117.808461,Cloud to Ground,-22705,0,10
2026-08-31T11:18:11.369219772Z,6.469857,117.764376,Cloud to Cloud,-17631,5036,7
2026-08-31T11:18:11.903116839Z,6.464344,117.738729,Cloud to Ground,12972,0,7
2026-08-31T11:18:12.415448419Z,6.480064,117.752058,Cloud to Ground,18135,0,11
2026-08-31T11:18:12.087754543Z,6.46121,117.735132,Cloud to Ground,18325,0,7
2026-08-31T11:18:11.477430387Z,6.577224,117.841491,Cloud to Ground,38728,0,24
2026-08-31T11:18:12.131918430Z,6.661106,117.524172,Cloud to Ground,28923,0,7
2026-08-31T11:18:12.270361690Z,6.772989,117.147842,Cloud to Ground,20152,0,6
2026-08-31T11:18:12.546430083Z,6.749988,117.076398,Cloud to Cloud,29570,16424,9
2026-08-31T11:18:14.534977347Z,6.844466,117.438245,Cloud to Cloud,6358,3666,6
2026-08-31T11:18:14.808377809Z,6.633491,117.412933,Cloud to Cloud,-6924,5674,7
2026-08-31T11:18:15.051211920Z,5.111864,115.519691,Cloud to Cloud,-10967,15895,8
2026-08-31T11:18:15.637578629Z,14.362071,134.075756,Cloud to Ground,-13042,0,10
2026-08-31T11:18:15.232636000Z,19.1574,118.1106,Cloud to Ground,-5148,0,10
2026-08-31T11:18:16.749590306Z,5.207722,115.601011,Cloud to Cloud,-18690,9791,7
2026-08-31T11:18:16.807692200Z,5.203969,115.605846,Cloud to Cloud,-8482,7068,6
2026-08-31T11:18:16.067600777Z,22.825188,112.718589,Cloud to Cloud,25396,3086,10
2026-08-31T11:18:17.659123238Z,5.65733,117.128202,Cloud to Ground,25815,0,12
2026-08-31T11:18:17.504216349Z,5.155688,115.455569,Cloud to Cloud,9609,5931,6
2026-08-31T11:18:17.932768615Z,5.141759,115.600416,Cloud to Cloud,-13153,6251,10
2026-08-31T11:18:17.773969821Z,5.169797,115.601741,Cloud to Cloud,-11797,16223,7
2026-08-31T11:18:17.828905895Z,5.066985,115.563088,Cloud to Cloud,6736,16451,8
2026-08-31T11:18:17.942846677Z,5.171504,115.59115,Cloud to Cloud,7458,3092,6
2026-08-31T11:18:18.088743466Z,5.13052,115.574305,Cloud to Cloud,10644,3001,8
2026-08-31T11:18:17.638936701Z,14.274931,134.225941,Cloud to Ground,-51727,0,12
2026-08-31T11:18:17.638137386Z,14.365535,134.224463,Cloud to Ground,-15865,0,12
2026-08-31T11:18:17.674500052Z,14.297044,134.269245,Cloud to Ground,11692,0,8
2026-08-31T11:18:18.966987180Z,5.102437,115.632825,Cloud to Cloud,-15505,7012,8
2026-08-31T11:18:18.334110200Z,14.896507,134.719502,Cloud to Ground,-13323,0,7
2026-08-31T11:18:19.871402106Z,5.119608,115.564643,Cloud to Cloud,-18796,10190,12
2026-08-31T11:18:19.850695577Z,5.08658,115.578828,Cloud to Cloud,7903,3591,6
2026-08-31T11:18:19.833133923Z,5.043482,115.581054,Cloud to Ground,8552,0,6
2026-08-31T11:18:20.128921000Z,4.0088,114.7858,Cloud to Ground,18909,0,7
2026-08-31T11:18:21.359928277Z,6.705182,116.970407,Cloud to Cloud,15933,17761,7
2026-08-31T11:18:21.344774967Z,18.303016,115.157306,Cloud to Ground,14155,0,9
2026-08-31T11:18:21.343932268Z,18.321968,115.188126,Cloud to Ground,38324,0,7
2026-08-31T11:18:21.189544000Z,5.1911,115.6535,Cloud to Ground,-10908,0,6
2026-08-31T11:18:21.081155000Z,5.3448,115.6683,Cloud to Ground,34852,0,6
2026-08-31T11:18:22.337863651Z,5.060259,115.543306,Cloud to Cloud,10124,7204,8
2026-08-31T11:18:22.496595912Z,5.248115,115.618131,Cloud to Ground,12992,0,7
2026-08-31T11:18:23.207242726Z,5.147922,115.597707,Cloud to Ground,12249,0,6
2026-08-31T11:18:23.346320156Z,6.770477,117.077193,Cloud to Cloud,17810,15376,7
2026-08-31T11:18:23.254667629Z,6.750848,117.088744,Cloud to Cloud,23565,3683,10
2026-08-31T11:18:25.198758012Z,5.099809,115.648659,Cloud to Cloud,-11506,10610,10
2026-08-31T11:18:26.089213112Z,5.09851,115.550235,Cloud to Cloud,6627,16110,6
2026-08-31T11:18:27.763273335Z,5.173827,115.600917,Cloud to Cloud,10365,5588,8
2026-08-31T11:18:28.118902902Z,5.15561,115.510674,Cloud to Cloud,9199,3032,11
2026-08-31T11:18:27.779100478Z,5.059369,115.530275,Cloud to Ground,10203,0,6
2026-08-31T11:18:27.741083410Z,5.040729,115.486536,Cloud to Ground,13363,0,6
2026-08-31T11:18:28.067451119Z,5.08922,115.555821,Cloud to Ground,15091,0,10
2026-08-31T11:18:28.040067395Z,5.085999,115.557368,Cloud to Ground,20108,0,15
2026-08-31T11:18:28.821372016Z,6.589722,117.519068,Cloud to Ground,30790,0,10
2026-08-31T11:18:28.292093570Z,6.708998,116.927511,Cloud to Cloud,16484,10584,9
2026-08-31T11:18:30.169063599Z,5.198955,115.629663,Cloud to Cloud,-13166,14132,6
2026-08-31T11:18:30.661612036Z,14.88945,134.746702,Cloud to Ground,-16925,0,5
2026-08-31T11:18:31.310375132Z,15.108855,133.337944,Cloud to Ground,7582,0,7
2026-08-31T11:18:31.313787793Z,15.095803,133.140097,Cloud to Ground,10546,0,18
2026-08-31T11:18:32.033317420Z,6.798362,117.508108,Cloud to Ground,50084,0,7
2026-08-31T11:18:33.376115146Z,5.186689,115.595027,Cloud to Ground,-11879,0,6
2026-08-31T11:18:33.739779164Z,3.759678,114.710132,Cloud to Ground,-25225,0,13
2026-08-31T11:18:33.963467728Z,22.84469,112.485065,Cloud to Ground,-12843,0,13
2026-08-31T11:18:34.214303612Z,22.830489,112.528847,Cloud to Cloud,17381,14611,12
2026-08-31T11:18:34.994639395Z,5.099224,115.547812,Cloud to Ground,-23674,0,18
2026-08-31T11:18:34.549271414Z,5.019365,115.481101,Cloud to Ground,14419,0,9
2026-08-31T11:18:34.615968409Z,6.777329,117.062212,Cloud to Cloud,19773,12570,8
2026-08-31T11:18:34.117171053Z,15.575788,132.513692,Cloud to Ground,-31585,0,14
2026-08-31T11:18:34.127379481Z,15.538649,132.536452,Cloud to Ground,-14979,0,9
2026-08-31T11:18:34.115561184Z,15.649941,132.485134,Cloud to Ground,-11392,0,14
2026-08-31T11:18:35.995112127Z,5.082824,115.437824,Cloud to Cloud,6292,3046,6
2026-08-31T11:18:35.385344650Z,6.726445,117.75124,Cloud to Ground,-27528,0,8
2026-08-31T11:18:35.058930844Z,6.743575,117.722853,Cloud to Ground,17895,0,12
2026-08-31T11:18:35.204058811Z,6.759091,117.264634,Cloud to Cloud,-15934,9636,8
2026-08-31T11:18:35.800042012Z,6.726081,117.53342,Cloud to Cloud,-19486,7752,9
2026-08-31T11:18:35.980658728Z,6.644296,117.445075,Cloud to Cloud,-22687,3033,7
2026-08-31T11:18:35.687306206Z,6.624985,117.472157,Cloud to Cloud,-15330,9742,8
2026-08-31T11:18:37.031116000Z,5.0646,115.579,Cloud to Ground,-21196,0,5
2026-08-31T11:18:36.447999749Z,5.052482,115.534391,Cloud to Ground,-8522,0,8
2026-08-31T11:18:36.209682484Z,5.061269,115.558561,Cloud to Ground,13048,0,6
2026-08-31T11:18:36.057339000Z,6.7488,117.3719,Cloud to Ground,17664,0,5
2026-08-31T11:18:38.852793239Z,5.069997,115.448452,Cloud to Cloud,10740,11778,9
2026-08-31T11:18:39.239212821Z,5.199907,115.565149,Cloud to Ground,-19293,0,16
2026-08-31T11:18:39.143023699Z,5.167173,115.589431,Cloud to Cloud,-18286,7949,14
2026-08-31T11:18:38.840067408Z,5.203824,115.609109,Cloud to Cloud,-9533,3425,6
2026-08-31T11:18:38.723399189Z,5.080824,115.538558,Cloud to Cloud,9317,5082,9
2026-08-31T11:18:39.090251528Z,5.095109,115.592521,Cloud to Ground,9949,0,8
2026-08-31T11:18:39.116952993Z,5.154028,115.59485,Cloud to Cloud,17261,10844,7
2026-08-31T11:18:38.911944094Z,5.075702,115.548501,Cloud to Ground,22418,0,14
2026-08-31T11:18:38.215859000Z,6.6168,117.4947,Cloud to Ground,23323,0,5
2026-08-31T11:18:39.979083463Z,4.833862,115.431233,Cloud to Ground,-37007,0,14
2026-08-31T11:18:39.817174099Z,4.801981,115.386372,Cloud to Ground,36869,0,14
2026-08-31T11:18:39.670989488Z,6.787038,117.095474,Cloud to Cloud,-13785,13399,8
2026-08-31T11:18:40.279541314Z,5.076872,115.463508,Cloud to Ground,-12529,0,7
2026-08-31T11:18:40.259781379Z,5.008936,115.382031,Cloud to Ground,-11527,0,6
2026-08-31T11:18:40.509794445Z,5.162416,115.677831,Cloud to Ground,-16933,0,8
2026-08-31T11:18:40.299469173Z,5.200168,115.62372,Cloud to Ground,-12787,0,9
2026-08-31T11:18:40.563274893Z,5.149906,115.672982,Cloud to Cloud,11316,6274,6
2026-08-31T11:18:40.617974356Z,5.149284,115.670178,Cloud to Ground,22734,0,7
2026-08-31T11:18:40.428789593Z,5.154481,115.689042,Cloud to Ground,37595,0,19
2026-08-31T11:18:40.465307233Z,14.833251,134.659909,Cloud to Ground,-20296,0,9
2026-08-31T11:18:41.274270681Z,5.039115,115.592274,Cloud to Cloud,6997,17948,7
2026-08-31T11:18:42.769144406Z,5.177556,115.608352,Cloud to Cloud,-14488,16177,14
2026-08-31T11:18:42.719417413Z,5.212289,115.58755,Cloud to Cloud,-14302,19249,15
2026-08-31T11:18:42.191236432Z,5.172341,115.471968,Cloud to Cloud,-17712,19146,13
2026-08-31T11:18:42.258169614Z,5.149558,115.43248,Cloud to Ground,-15050,0,12
2026-08-31T11:18:42.199113171Z,5.143154,115.516048,Cloud to Cloud,-9732,10876,8
2026-08-31T11:18:42.214181520Z,5.023291,116.669014,Cloud to Ground,21076,0,9
2026-08-31T11:18:44.516281822Z,5.117771,115.590953,Cloud to Cloud,-14210,7819,11
2026-08-31T11:18:44.926424021Z,5.137069,115.602948,Cloud to Cloud,-13126,9738,8
2026-08-31T11:18:44.901756303Z,5.169638,115.695753,Cloud to Cloud,-8882,7588,6
2026-08-31T11:18:44.652262205Z,5.178501,115.609834,Cloud to Ground,15204,0,8
2026-08-31T11:18:44.870033286Z,5.049461,115.584164,Cloud to Ground,20845,0,6
2026-08-31T11:18:44.786139576Z,5.070606,115.629733,Cloud to Ground,21834,0,8
2026-08-31T11:18:44.958165548Z,5.164425,115.618742,Cloud to Ground,22568,0,11
2026-08-31T11:18:44.784168012Z,5.083957,115.669309,Cloud to Ground,24795,0,19
2026-08-31T11:18:44.594289101Z,5.082134,115.631313,Cloud to Ground,26444,0,11
2026-08-31T11:18:45.739172586Z,5.016183,115.616006,Cloud to Ground,14303,0,11
2026-08-31T11:18:45.778362532Z,5.021426,115.607733,Cloud to Ground,16723,0,9
2026-08-31T11:18:45.919611223Z,5.332095,115.547412,Cloud to Ground,23266,0,8
2026-08-31T11:18:46.620580097Z,6.686746,117.442575,Cloud to Ground,15055,0,7
2026-08-31T11:18:46.207740981Z,6.582694,117.270831,Cloud to Cloud,-22047,3091,7
2026-08-31T11:18:46.673431687Z,14.775757,134.912173,Cloud to Ground,25761,0,10
2026-08-31T11:18:48.218339565Z,5.056326,115.638601,Cloud to Cloud,-18009,6103,8
2026-08-31T11:18:47.510230333Z,5.026398,115.598637,Cloud to Ground,-11895,0,6
2026-08-31T11:18:47.638022825Z,5.046449,115.583524,Cloud to Cloud,12110,6085,8
2026-08-31T11:18:47.835100968Z,5.054214,115.56322,Cloud to Ground,16458,0,10
2026-08-31T11:18:48.019064000Z,5.1409,115.391,Cloud to Ground,-16764,0,6
2026-08-31T11:18:47.616413047Z,5.17351,115.457151,Cloud to Cloud,-11913,3051,8
2026-08-31T11:18:49.885508099Z,5.139762,115.543273,Cloud to Cloud,-20113,15748,8
2026-08-31T11:18:49.938078462Z,5.101962,115.500755,Cloud to Cloud,-14700,15316,12
2026-08-31T11:18:50.058197030Z,5.141426,115.501143,Cloud to Cloud,11694,5100,7
2026-08-31T11:18:50.202744574Z,5.107485,115.517761,Cloud to Cloud,15937,14032,8
2026-08-31T11:18:49.687431631Z,6.891467,117.147871,Cloud to Cloud,16224,5355,6
2026-08-31T11:18:49.710349287Z,14.563737,134.781927,Cloud to Ground,28035,0,8
2026-08-31T11:18:49.619434850Z,14.773715,134.741013,Cloud to Ground,-24221,0,9
2026-08-31T11:18:50.133060837Z,5.025408,115.372577,Cloud to Cloud,14198,3010,6
2026-08-31T11:18:50.318746674Z,5.197327,115.651448,Cloud to Cloud,-14783,4672,13
2026-08-31T11:18:51.964168556Z,5.126951,115.631698,Cloud to Cloud,-16853,6708,6
2026-08-31T11:18:51.806827331Z,5.073562,115.468937,Cloud to Ground,15968,0,6
2026-08-31T11:18:51.268795536Z,14.347811,134.441429,Cloud to Ground,-23426,0,12
2026-08-31T11:18:51.271481382Z,14.276651,134.465142,Cloud to Ground,18871,0,10
2026-08-31T11:18:52.958753700Z,5.654078,117.148148,Cloud to Ground,35432,0,15
2026-08-31T11:18:52.849260207Z,5.179077,115.576284,Cloud to Cloud,9047,12713,6
2026-08-31T11:18:53.307541211Z,6.897065,117.140436,Cloud to Cloud,-8989,3203,7
2026-08-31T11:18:54.051158287Z,3.807995,114.737555,Cloud to Cloud,13389,3083,7
2026-08-31T11:18:54.158308067Z,5.147184,115.615165,Cloud to Cloud,-13810,3029,19
2026-08-31T11:18:55.031943549Z,5.037863,115.579968,Cloud to Ground,8001,0,8
2026-08-31T11:18:55.959177970Z,22.755475,112.698826,Cloud to Ground,-12691,0,8
2026-08-31T11:18:55.957978113Z,22.822641,112.341756,Cloud to Cloud,-9206,5263,7
2026-08-31T11:18:56.435194056Z,5.174287,115.569453,Cloud to Cloud,-20006,6201,19
2026-08-31T11:18:56.323949442Z,22.791589,112.455914,Cloud to Ground,22819,0,10
2026-08-31T11:18:56.027935979Z,22.711934,112.606366,Cloud to Ground,74866,0,7
2026-08-31T11:18:57.463710486Z,5.090738,115.603811,Cloud to Ground,16921,0,14
2026-08-31T11:18:57.746811401Z,18.833722,126.604259,Cloud to Ground,-38237,0,11
2026-08-31T11:18:57.868254942Z,18.87438,126.320849,Cloud to Cloud,10259,6579,8
2026-08-31T11:18:57.748774531Z,18.871735,126.491343,Cloud to Ground,-12372,0,8
2026-08-31T11:18:57.872984425Z,18.737911,126.316739,Cloud to Cloud,26568,6388,11
2026-08-31T11:18:58.070125352Z,6.717513,117.814697,Cloud to Cloud,27495,3037,10
2026-08-31T11:19:00.294668659Z,6.535538,117.783107,Cloud to Ground,18958,0,8
2026-08-31T11:19:00.397926301Z,6.529847,117.817152,Cloud to Ground,40084,0,9
2026-08-31T11:19:00.234592000Z,6.5688,117.8796,Cloud to Ground,52139,0,5
2026-08-31T11:19:00.241190506Z,5.019651,115.495685,Cloud to Cloud,10578,3673,10
2026-08-31T11:19:00.859543997Z,6.799276,117.51351,Cloud to Ground,33885,0,8
2026-08-31T11:19:02.975148808Z,6.805618,117.046975,Cloud to Cloud,-13859,4615,6
2026-08-31T11:19:02.681476597Z,14.883487,134.788171,Cloud to Ground,-16272,0,7
2026-08-31T11:19:03.159600860Z,6.778636,117.189135,Cloud to Ground,39689,0,14
2026-08-31T11:19:03.019396252Z,6.754482,117.522952,Cloud to Cloud,-13256,8347,6
2026-08-31T11:19:03.590141597Z,5.181428,115.476419,Cloud to Cloud,-17288,7843,11
2026-08-31T11:19:03.449156336Z,5.233843,115.605715,Cloud to Cloud,-12252,3236,10
2026-08-31T11:19:03.301527769Z,5.20481,115.501278,Cloud to Ground,-12162,0,8
2026-08-31T11:19:03.412125545Z,5.118518,115.523294,Cloud to Ground,-9703,0,7
2026-08-31T11:19:03.108586029Z,5.188119,115.565398,Cloud to Cloud,8964,12628,6
2026-08-31T11:19:03.725215365Z,5.044899,115.550854,Cloud to Ground,15049,0,8
2026-08-31T11:19:03.782348150Z,5.051807,115.543602,Cloud to Ground,16802,0,8
2026-08-31T11:19:03.495427756Z,5.137415,115.570905,Cloud to Ground,17162,0,9
2026-08-31T11:19:05.994606771Z,5.192653,115.569219,Cloud to Cloud,-12114,7590,21
2026-08-31T11:19:05.925498908Z,7.680674,117.625482,Cloud to Cloud,-19935,7153,11
2026-08-31T11:19:05.901608031Z,7.750571,117.566519,Cloud to Cloud,-9467,19279,7
2026-08-31T11:19:05.902404530Z,7.709351,117.582208,Cloud to Cloud,17182,11821,10
2026-08-31T11:19:05.303260230Z,6.736338,117.466113,Cloud to Ground,-30355,0,7
2026-08-31T11:19:05.028910910Z,6.659695,117.408103,Cloud to Ground,-28169,0,9
2026-08-31T11:19:05.203536574Z,6.707041,117.494814,Cloud to Ground,-22731,0,7
2026-08-31T11:19:05.143550144Z,6.670169,117.411309,Cloud to Cloud,18334,4078,10
2026-08-31T11:19:05.600578990Z,6.738819,117.36552,Cloud to Ground,27383,0,10
2026-08-31T11:19:05.869947191Z,6.664166,117.345835,Cloud to Ground,35334,0,9
2026-08-31T11:19:05.091282482Z,6.65614,117.407609,Cloud to Ground,67586,0,20
2026-08-31T11:19:05.463337383Z,6.726285,117.401527,Cloud to Ground,70392,0,8
2026-08-31T11:19:05.043460399Z,6.780483,117.356213,Cloud to Ground,99539,0,8
2026-08-31T11:19:06.092925000Z,7.8105,117.7053,Cloud to Ground,48539,0,5
2026-08-31T11:19:07.114680807Z,5.142731,115.576566,Cloud to Ground,15142,0,7
2026-08-31T11:19:09.222260240Z,5.214661,115.596777,Cloud to Cloud,-13576,15501,9
2026-08-31T11:19:09.242510716Z,5.157098,115.570606,Cloud to Cloud,25560,17573,12
2026-08-31T11:19:11.073545841Z,5.033384,115.502559,Cloud to Ground,-20025,0,19
2026-08-31T11:19:10.737831485Z,5.06176,115.535011,Cloud to Cloud,6925,5155,5
2026-08-31T11:19:11.916579523Z,14.337069,134.823407,Cloud to Ground,-16243,0,9
2026-08-31T11:19:12.559068752Z,5.027298,115.584589,Cloud to Cloud,-13921,7822,9
2026-08-31T11:19:12.586929216Z,5.020345,115.573513,Cloud to Cloud,10150,3177,6
2026-08-31T11:19:12.157198658Z,5.037617,115.591736,Cloud to Ground,14822,0,9
2026-08-31T11:19:13.900159036Z,6.75058,117.487982,Cloud to Cloud,-14606,3473,14
2026-08-31T11:19:13.851873656Z,6.755169,117.613471,Cloud to Cloud,21395,3338,9
2026-08-31T11:19:13.753823413Z,5.123833,115.581199,Cloud to Ground,34406,0,13
2026-08-31T11:19:13.865798397Z,6.646887,117.441038,Cloud to Cloud,-6646,3186,6
2026-08-31T11:19:13.527103040Z,6.622561,117.707584,Cloud to Ground,-22799,0,10
2026-08-31T11:19:13.732003772Z,14.150384,133.906031,Cloud to Ground,23324,0,9
2026-08-31T11:19:13.733433216Z,14.262361,133.90233,Cloud to Ground,24319,0,11
2026-08-31T11:19:13.421553605Z,22.767042,112.536373,Cloud to Ground,-4052,0,6
2026-08-31T11:19:14.594292112Z,5.136082,115.596038,Cloud to Ground,9095,0,7
2026-08-31T11:19:14.115565930Z,14.898984,134.744787,Cloud to Ground,-14646,0,7
2026-08-31T11:19:15.405651208Z,5.714495,117.187142,Cloud to Cloud,-14017,16371,8
2026-08-31T11:19:16.348342509Z,5.111713,115.618348,Cloud to Cloud,13469,6659,7
2026-08-31T11:19:16.206049889Z,5.078415,115.423295,Cloud to Cloud,-17864,16444,10
2026-08-31T11:19:16.185986706Z,5.074744,115.443849,Cloud to Cloud,-16466,5342,9
2026-08-31T11:19:16.712256683Z,15.384612,133.759205,Cloud to Ground,-17385,0,7
2026-08-31T11:19:17.911069477Z,5.036258,115.561092,Cloud to Ground,16138,0,7
2026-08-31T11:19:17.660490894Z,5.108487,115.595982,Cloud to Ground,33758,0,11
2026-08-31T11:19:17.629510341Z,5.107945,115.6039,Cloud to Ground,34480,0,7
2026-08-31T11:19:17.143910000Z,19.9317,119.5245,Cloud to Ground,-34196,0,5
2026-08-31T11:19:18.681631608Z,4.874632,115.417986,Cloud to Ground,-11333,0,6
2026-08-31T11:19:19.334224559Z,5.074089,115.557322,Cloud to Cloud,9176,3534,7
2026-08-31T11:19:19.329941066Z,5.134663,115.556867,Cloud to Cloud,12439,3142,6
2026-08-31T11:19:19.318356010Z,5.095328,115.551065,Cloud to Ground,18787,0,6
2026-08-31T11:19:19.380012098Z,5.132273,115.538329,Cloud to Cloud,19665,10572,6
2026-08-31T11:19:19.460459011Z,6.892986,117.16012,Cloud to Cloud,-8573,19062,7
2026-08-31T11:19:19.496798389Z,6.791579,117.022362,Cloud to Cloud,19430,7487,7
2026-08-31T11:19:20.439349549Z,6.737728,117.568056,Cloud to Cloud,23827,12927,8
2026-08-31T11:19:20.467809121Z,6.702673,117.324218,Cloud to Cloud,-12535,17811,9
2026-08-31T11:19:20.919870120Z,6.753549,117.318917,Cloud to Ground,12573,0,10
2026-08-31T11:19:20.675204242Z,6.760822,117.448122,Cloud to Cloud,-12470,6346,12
2026-08-31T11:19:20.808238942Z,5.176879,115.603707,Cloud to Cloud,13918,4682,7
2026-08-31T11:19:20.372862977Z,5.05542,115.490938,Cloud to Cloud,23025,4038,7
2026-08-31T11:19:20.701521465Z,6.50067,117.833827,Cloud to Ground,-15615,0,8
2026-08-31T11:19:20.428776436Z,6.479294,117.865399,Cloud to Cloud,14164,3005,10
2026-08-31T11:19:21.581790017Z,6.726827,117.527247,Cloud to Ground,21517,0,9
2026-08-31T11:19:21.638630851Z,6.738325,117.496994,Cloud to Ground,21772,0,7
2026-08-31T11:19:21.317471319Z,5.04848,115.50077,Cloud to Ground,-22000,0,15
2026-08-31T11:19:22.415326324Z,5.059308,115.581567,Cloud to Cloud,7250,18306,7
2026-08-31T11:19:22.458198226Z,5.017233,115.587983,Cloud to Ground,14076,0,8
2026-08-31T11:19:22.455093310Z,6.708757,117.056873,Cloud to Cloud,-12774,3352,8
2026-08-31T11:19:22.453211284Z,6.832762,117.004272,Cloud to Cloud,-15722,10859,9
2026-08-31T11:19:23.262695875Z,5.041493,115.617903,Cloud to Ground,12451,0,7
2026-08-31T11:19:23.950382145Z,6.806497,117.076007,Cloud to Cloud,17444,3427,10
2026-08-31T11:19:24.276898000Z,19.1877,118.0074,Cloud to Ground,-23010,0,5
2026-08-31T11:19:25.702272532Z,5.225649,115.577389,Cloud to Cloud,36661,3018,7
2026-08-31T11:19:27.066067205Z,5.637653,117.068708,Cloud to Cloud,12064,3008,7
2026-08-31T11:19:27.700881783Z,6.655181,117.427242,Cloud to Ground,16867,0,8
2026-08-31T11:19:27.823091573Z,6.65084,117.42104,Cloud to Ground,17102,0,6
2026-08-31T11:19:27.591528361Z,6.672594,117.446264,Cloud to Ground,18845,0,7
2026-08-31T11:19:27.376543984Z,6.663683,117.451148,Cloud to Ground,27847,0,8
2026-08-31T11:19:27.727047966Z,6.674147,117.444315,Cloud to Ground,30030,0,6
2026-08-31T11:19:27.431378903Z,6.66792,117.458761,Cloud to Ground,34188,0,12
2026-08-31T11:19:27.338254837Z,5.175269,115.6462,Cloud to Ground,-16902,0,13
2026-08-31T11:19:27.758936520Z,6.792576,117.470192,Cloud to Ground,49102,0,7
2026-08-31T11:19:27.674109429Z,6.795557,117.471354,Cloud to Ground,50123,0,7
2026-08-31T11:19:27.053328111Z,15.649271,132.499086,Cloud to Ground,-12413,0,13
2026-08-31T11:19:27.043830211Z,15.466799,132.555219,Cloud to Ground,61122,0,10
2026-08-31T11:19:28.999912104Z,6.8599,117.074235,Cloud to Cloud,16663,3048,7
2026-08-31T11:19:28.991299031Z,5.05653,115.570089,Cloud to Ground,21872,0,8
2026-08-31T11:19:29.464591485Z,5.150596,115.600788,Cloud to Ground,15357,0,10
2026-08-31T11:19:30.899805286Z,5.114516,115.623529,Cloud to Ground,15186,0,12
2026-08-31T11:19:30.308917491Z,5.123335,115.529483,Cloud to Ground,11623,0,6
2026-08-31T11:19:30.271269660Z,5.121814,115.530669,Cloud to Ground,17129,0,8
2026-08-31T11:19:30.836690432Z,5.212179,115.625972,Cloud to Ground,62591,0,36
2026-08-31T11:19:30.924072673Z,6.751636,117.064886,Cloud to Ground,18276,0,10
2026-08-31T11:19:30.438088154Z,6.259002,117.715997,Cloud to Cloud,19505,3003,8
2026-08-31T11:19:30.956038057Z,22.8145,112.696263,Cloud to Ground,-46332,0,17
2026-08-31T11:19:31.093875308Z,22.846671,112.668501,Cloud to Cloud,43021,16348,15
2026-08-31T11:19:31.153728072Z,4.971189,115.55996,Cloud to Ground,11203,0,7
2026-08-31T11:19:31.288277404Z,5.643031,117.109607,Cloud to Cloud,-16977,3016,10
2026-08-31T11:19:31.907787958Z,15.025958,134.513564,Cloud to Ground,-32139,0,18
2026-08-31T11:19:31.908750445Z,14.980039,134.57731,Cloud to Ground,-23827,0,11
2026-08-31T11:19:31.918316081Z,15.038025,134.539339,Cloud to Ground,-15512,0,8
2026-08-31T11:19:31.926973651Z,14.951676,134.534551,Cloud to Ground,-10296,0,9
2026-08-31T11:19:31.907059216Z,14.94762,134.534929,Cloud to Ground,15360,0,12
2026-08-31T11:19:31.206415493Z,22.818065,112.554782,Cloud to Cloud,-12515,16999,13
2026-08-31T11:19:31.593242000Z,22.7926,112.4246,Cloud to Ground,14733,0,5
2026-08-31T11:19:32.419024310Z,6.608765,117.691511,Cloud to Cloud,-16630,3012,7
2026-08-31T11:19:33.904625873Z,5.062294,115.491159,Cloud to Cloud,10173,7346,7
2026-08-31T11:19:33.962830680Z,5.118704,115.578426,Cloud to Ground,11742,0,11
2026-08-31T11:19:33.336904352Z,6.717956,117.783084,Cloud to Cloud,18499,3002,7
2026-08-31T11:19:34.177103912Z,6.847597,117.067124,Cloud to Cloud,-21983,3168,11
2026-08-31T11:19:35.541965137Z,5.095227,115.62464,Cloud to Ground,10442,0,7
2026-08-31T11:19:35.605163415Z,5.139289,115.595794,Cloud to Ground,18284,0,8
2026-08-31T11:19:37.483350478Z,6.725372,117.511117,Cloud to Cloud,-12632,7114,10
2026-08-31T11:19:37.011775992Z,6.650694,117.499146,Cloud to Cloud,17211,19705,12
2026-08-31T11:19:37.696512087Z,6.748703,117.427027,Cloud to Ground,20484,0,8
2026-08-31T11:19:37.644758030Z,5.12279,115.420948,Cloud to Cloud,9693,3001,7
2026-08-31T11:19:40.638315515Z,22.771416,112.418914,Cloud to Ground,11634,0,8
2026-08-31T11:19:40.313129370Z,22.772603,112.379024,Cloud to Cloud,12183,4255,7
2026-08-31T11:19:41.041677655Z,5.01001,115.554322,Cloud to Ground,12230,0,9
2026-08-31T11:19:41.181950591Z,5.102579,115.558253,Cloud to Ground,-16178,0,6
2026-08-31T11:19:41.057757404Z,5.108539,115.618156,Cloud to Ground,-11255,0,7
2026-08-31T11:19:42.335617515Z,5.112652,115.541482,Cloud to Ground,15622,0,9
2026-08-31T11:19:43.372253676Z,5.081656,115.591137,Cloud to Cloud,12135,6648,6
2026-08-31T11:19:43.442817392Z,22.919978,112.597163,Cloud to Cloud,-6198,3004,6
2026-08-31T11:19:43.142267382Z,22.737156,112.720688,Cloud to Cloud,-10259,7391,8
2026-08-31T11:19:43.389689439Z,22.758229,112.729223,Cloud to Cloud,16913,14083,11
2026-08-31T11:19:45.637846592Z,5.737184,117.179622,Cloud to Cloud,-9935,3013,8
2026-08-31T11:19:45.652056000Z,5.2227,115.4136,Cloud to Ground,-795,0,5
2026-08-31T11:19:46.173230551Z,5.110166,115.609646,Cloud to Ground,-10346,0,6
2026-08-31T11:19:46.194747913Z,5.07337,115.610612,Cloud to Ground,65463,0,16
2026-08-31T11:19:46.032168589Z,15.345517,133.67695,Cloud to Ground,-21918,0,16
2026-08-31T11:19:46.034584451Z,15.335679,133.744947,Cloud to Ground,-20420,0,11
2026-08-31T11:19:46.058961692Z,15.389741,133.699543,Cloud to Ground,-19179,0,15
2026-08-31T11:19:46.412891501Z,15.437463,133.683958,Cloud to Cloud,-12611,13805,8
2026-08-31T11:19:46.033565370Z,15.32432,133.764182,Cloud to Ground,-8816,0,13
2026-08-31T11:19:46.031591867Z,15.3565,133.754715,Cloud to Ground,17810,0,14
2026-08-31T11:19:47.600928139Z,5.069007,115.641545,Cloud to Ground,10811,0,6
2026-08-31T11:19:47.115607603Z,5.140359,115.521854,Cloud to Cloud,-16129,5806,11
2026-08-31T11:19:47.176504950Z,5.011293,115.504599,Cloud to Ground,13997,0,10
2026-08-31T11:19:48.722390933Z,3.895955,114.928441,Cloud to Cloud,11989,10877,7
2026-08-31T11:19:48.940002696Z,5.071541,115.582085,Cloud to Cloud,4418,16860,5
2026-08-31T11:19:49.223229920Z,18.303083,115.284622,Cloud to Ground,31988,0,11
2026-08-31T11:19:51.857372606Z,6.487698,117.89406,Cloud to Ground,-49210,0,10
2026-08-31T11:19:52.054946240Z,6.492614,117.855092,Cloud to Ground,-26810,0,11
2026-08-31T11:19:52.117414102Z,6.569069,117.833139,Cloud to Ground,14261,0,10
2026-08-31T11:19:52.687375202Z,6.61428,117.809006,Cloud to Ground,25741,0,8
2026-08-31T11:19:52.272525153Z,6.48342,117.841383,Cloud to Ground,26098,0,12
2026-08-31T11:19:52.054393622Z,6.473476,117.788052,Cloud to Ground,33156,0,8
2026-08-31T11:19:51.924332036Z,6.622233,117.817227,Cloud to Ground,45529,0,10
2026-08-31T11:19:51.893698504Z,6.484156,117.818616,Cloud to Ground,51896,0,15
2026-08-31T11:19:51.995220179Z,6.49103,117.881949,Cloud to Ground,63836,0,16
2026-08-31T11:19:51.926936423Z,5.082521,115.511417,Cloud to Ground,18386,0,15
2026-08-31T11:19:51.420891103Z,5.093155,115.614057,Cloud to Ground,15144,0,11
2026-08-31T11:19:51.579861012Z,14.368832,134.068407,Cloud to Ground,-12389,0,7
2026-08-31T11:19:51.184206950Z,21.304174,121.437906,Cloud to Ground,-36954,0,12
2026-08-31T11:19:51.577364863Z,21.428168,121.456294,Cloud to Cloud,-4271,12838,7
2026-08-31T11:19:51.271650952Z,21.364578,121.439956,Cloud to Cloud,5218,16254,6
2026-08-31T11:19:51.180740936Z,21.364624,121.435844,Cloud to Cloud,8249,10288,6
2026-08-31T11:19:53.268413772Z,14.870275,134.902933,Cloud to Ground,-15250,0,11
2026-08-31T11:19:53.270194358Z,14.874094,134.932104,Cloud to Ground,-10731,0,12
2026-08-31T11:19:54.280570701Z,6.836164,117.004772,Cloud to Cloud,-15707,15066,7
2026-08-31T11:19:54.533324585Z,5.122583,115.613771,Cloud to Ground,-17005,0,5
2026-08-31T11:19:54.243900015Z,5.210865,115.619111,Cloud to Ground,21642,0,15
2026-08-31T11:19:54.299543846Z,15.102565,133.33071,Cloud to Ground,24059,0,10
2026-08-31T11:19:55.401979210Z,5.092774,115.530066,Cloud to Cloud,11393,13528,7
2026-08-31T11:19:55.526854048Z,5.042832,115.543563,Cloud to Ground,12407,0,6
2026-08-31T11:19:55.412689592Z,5.159609,115.529316,Cloud to Cloud,16343,17545,7
2026-08-31T11:19:55.447967410Z,5.065109,115.564544,Cloud to Ground,31352,0,7
2026-08-31T11:19:55.385959135Z,5.064963,115.420333,Cloud to Ground,28133,0,10
2026-08-31T11:19:55.491608984Z,6.768558,117.06866,Cloud to Ground,-34599,0,7
2026-08-31T11:19:55.571997143Z,6.775692,117.144957,Cloud to Ground,-13941,0,7
2026-08-31T11:19:55.493968717Z,6.803929,117.070449,Cloud to Cloud,-13713,12404,8
2026-08-31T11:19:55.543373359Z,6.772143,117.206297,Cloud to Cloud,18061,19499,7
2026-08-31T11:19:56.668243837Z,5.065858,115.58123,Cloud to Ground,-19903,0,8
2026-08-31T11:19:56.546063652Z,5.061912,115.619865,Cloud to Cloud,8949,5636,7
2026-08-31T11:19:56.495736222Z,5.141506,115.599388,Cloud to Ground,12349,0,6
2026-08-31T11:19:56.923273765Z,5.12048,115.515879,Cloud to Ground,13275,0,7
2026-08-31T11:19:56.509002738Z,5.051788,115.623518,Cloud to Ground,13354,0,6
2026-08-31T11:19:56.658099683Z,5.07842,115.612976,Cloud to Ground,15536,0,9
2026-08-31T11:19:56.490122817Z,6.594029,117.680562,Cloud to Ground,-14976,0,8
2026-08-31T11:19:56.151354946Z,6.752845,117.742659,Cloud to Ground,35693,0,16
2026-08-31T11:19:56.807401475Z,22.556628,112.643737,Cloud to Cloud,9137,3829,12
2026-08-31T11:19:56.809041009Z,22.534584,112.819619,Cloud to Ground,15108,0,11
2026-08-31T11:19:56.813266026Z,22.511859,112.7179,Cloud to Ground,17291,0,9
2026-08-31T11:19:56.875273072Z,22.519406,112.752099,Cloud to Ground,32842,0,8
2026-08-31T11:19:57.647543109Z,6.637304,117.474429,Cloud to Ground,-18889,0,10
2026-08-31T11:19:58.925775641Z,5.029166,115.526402,Cloud to Cloud,-18583,16260,7
2026-08-31T11:19:58.902699475Z,5.160362,115.514834,Cloud to Cloud,-17962,14670,8
2026-08-31T11:19:58.875705027Z,5.098736,115.481766,Cloud to Cloud,14475,3001,8
2026-08-31T11:19:58.890921491Z,5.033055,115.499038,Cloud to Ground,15740,0,9
2026-08-31T11:20:00.636019506Z,5.092294,115.593606,Cloud to Ground,-16929,0,7
2026-08-31T11:20:00.657415763Z,5.098897,115.613264,Cloud to Ground,14366,0,10
2026-08-31T11:20:00.368155537Z,14.906963,134.722344,Cloud to Ground,-19604,0,14
2026-08-31T11:20:01.756873888Z,6.63763,117.303996,Cloud to Ground,-16005,0,7
2026-08-31T11:20:01.765208365Z,6.724894,117.38526,Cloud to Cloud,-11927,3091,7
2026-08-31T11:20:01.420974277Z,6.670538,117.356246,Cloud to Cloud,14668,7265,8
2026-08-31T11:20:02.704822472Z,3.944186,114.975541,Cloud to Cloud,-12689,3973,8
2026-08-31T11:20:02.795536361Z,3.932297,114.950638,Cloud to Ground,20038,0,13
2026-08-31T11:20:03.265297209Z,5.077652,115.596665,Cloud to Cloud,-18243,15464,13
2026-08-31T11:20:02.545760346Z,5.103429,115.549886,Cloud to Cloud,-13763,17288,6
2026-08-31T11:20:02.289847009Z,5.056656,115.519314,Cloud to Cloud,7656,3047,6
2026-08-31T11:20:02.525420069Z,4.988222,115.515113,Cloud to Ground,15938,0,8
2026-08-31T11:20:02.895356302Z,5.107444,115.613477,Cloud to Cloud,18529,3732,8
2026-08-31T11:20:02.234939043Z,6.831438,117.095191,Cloud to Ground,26587,0,10
2026-08-31T11:20:02.219761939Z,6.767878,116.880505,Cloud to Ground,-16892,0,10
2026-08-31T11:20:02.862852854Z,14.280393,134.043527,Cloud to Ground,-17604,0,12
2026-08-31T11:20:02.859769403Z,14.199268,134.051269,Cloud to Ground,69753,0,19
2026-08-31T11:20:03.404410466Z,14.212303,134.648157,Cloud to Ground,-24950,0,13
2026-08-31T11:20:03.408832534Z,14.129512,134.683336,Cloud to Ground,13803,0,8
2026-08-31T11:20:04.814051334Z,6.318813,117.717912,Cloud to Ground,39750,0,12
2026-08-31T11:20:06.538314155Z,5.100395,115.467714,Cloud to Cloud,12579,3282,6
2026-08-31T11:20:06.119601502Z,5.15969,115.587262,Cloud to Cloud,7914,19820,6
2026-08-31T11:20:06.262941266Z,14.264323,134.20692,Cloud to Ground,-16685,0,10
2026-08-31T11:20:06.271320207Z,14.283183,134.318411,Cloud to Ground,-15407,0,9
2026-08-31T11:20:06.262447339Z,14.282695,134.239512,Cloud to Ground,26265,0,11
2026-08-31T11:20:07.448869447Z,5.071795,115.522944,Cloud to Ground,10451,0,6
2026-08-31T11:20:07.418442852Z,5.032204,115.529959,Cloud to Ground,10674,0,8
2026-08-31T11:20:07.397484944Z,5.052934,115.678002,Cloud to Ground,-25174,0,10
2026-08-31T11:20:07.169295493Z,5.106841,115.614957,Cloud to Ground,-23160,0,12
2026-08-31T11:20:07.297904230Z,5.103242,115.622986,Cloud to Cloud,9702,3017,6
2026-08-31T11:20:07.144102380Z,5.056101,115.617198,Cloud to Ground,15847,0,9
2026-08-31T11:20:07.560438436Z,5.173654,115.604737,Cloud to Ground,28284,0,14
2026-08-31T11:20:07.783550811Z,6.648224,117.550633,Cloud to Cloud,-13604,5325,11
2026-08-31T11:20:07.479259233Z,6.738035,117.657013,Cloud to Cloud,16823,3146,8
2026-08-31T11:20:07.861920873Z,6.792965,117.088462,Cloud to Cloud,15521,3873,11
2026-08-31T11:20:07.164712334Z,14.279301,134.105974,Cloud to Ground,28224,0,8
2026-08-31T11:20:07.460925792Z,18.884717,119.778019,Cloud to Cloud,8903,14425,8
2026-08-31T11:20:08.444494401Z,5.095789,115.592518,Cloud to Ground,-43728,0,18
2026-08-31T11:20:08.385735346Z,5.126743,115.573742,Cloud to Cloud,-25279,13766,13
2026-08-31T11:20:08.777171481Z,5.06548,115.560955,Cloud to Ground,10567,0,8
2026-08-31T11:20:08.488602785Z,5.101632,115.591163,Cloud to Ground,33887,0,16
2026-08-31T11:20:09.700068363Z,5.129855,115.560999,Cloud to Ground,16894,0,10
2026-08-31T11:20:09.631856643Z,6.616485,117.547532,Cloud to Ground,-8892,0,6
2026-08-31T11:20:09.973628000Z,5.7386,117.1482,Cloud to Ground,-8566,0,5
2026-08-31T11:20:10.722690795Z,5.725054,117.236242,Cloud to Cloud,-18030,4664,10
2026-08-31T11:20:10.969473130Z,6.849626,117.083424,Cloud to Cloud,-11356,11041,6
2026-08-31T11:20:10.611572031Z,5.095453,115.385831,Cloud to Cloud,8593,17529,7
2026-08-31T11:20:10.068495588Z,15.587496,132.589512,Cloud to Cloud,-8391,3031,8
2026-08-31T11:20:11.481536618Z,5.131828,115.448105,Cloud to Cloud,6404,14437,6
2026-08-31T11:20:13.279382000Z,19.1544,118.0695,Cloud to Ground,-14472,0,5
2026-08-31T11:20:13.936493624Z,5.109433,115.383081,Cloud to Cloud,18974,17011,8
2026-08-31T11:20:14.015750544Z,5.097443,115.357888,Cloud to Ground,22989,0,8
2026-08-31T11:20:14.372518121Z,3.950533,114.980902,Cloud to Ground,20585,0,11
2026-08-31T11:20:14.161407030Z,5.216123,115.58308,Cloud to Ground,-13044,0,10
2026-08-31T11:20:14.099473883Z,5.158003,115.618179,Cloud to Cloud,9282,3821,7
2026-08-31T11:20:15.102222835Z,6.486902,117.858948,Cloud to Cloud,-21596,3192,10
2026-08-31T11:20:14.812825350Z,6.465286,117.853406,Cloud to Ground,16845,0,12
2026-08-31T11:20:15.750537887Z,5.130919,115.595053,Cloud to Cloud,13288,7608,10
2026-08-31T11:20:15.296598237Z,14.383431,134.426891,Cloud to Ground,-20742,0,11
2026-08-31T11:20:15.296011791Z,14.379352,134.437102,Cloud to Ground,-17437,0,13
2026-08-31T11:20:15.300181137Z,14.311684,134.420955,Cloud to Ground,13717,0,8
2026-08-31T11:20:15.295555252Z,14.297321,134.441405,Cloud to Ground,17701,0,10
2026-08-31T11:20:15.547729945Z,18.774396,126.543204,Cloud to Cloud,-11399,19185,8
2026-08-31T11:20:15.369235802Z,18.828511,126.494853,Cloud to Cloud,11969,4984,8
2026-08-31T11:20:16.235161229Z,3.957428,114.899772,Cloud to Cloud,-19648,3131,12
2026-08-31T11:20:16.264501661Z,6.742994,117.571221,Cloud to Ground,20064,0,12
2026-08-31T11:20:16.201223659Z,6.649161,117.622134,Cloud to Ground,-21675,0,9
2026-08-31T11:20:16.699369746Z,6.864424,117.060117,Cloud to Cloud,8061,13098,7
2026-08-31T11:20:16.733283955Z,6.82007,117.08901,Cloud to Cloud,19855,3504,9
2026-08-31T11:20:16.760140797Z,6.736053,117.117386,Cloud to Cloud,21596,7588,7
2026-08-31T11:20:16.682030041Z,3.785336,114.716041,Cloud to Ground,-15427,0,6
2026-08-31T11:20:16.367076855Z,18.666532,117.645244,Cloud to Cloud,12935,19851,7
2026-08-31T11:20:17.697387222Z,19.169074,129.988871,Cloud to Cloud,-15248,9394,10
2026-08-31T11:20:17.699276863Z,19.046824,129.987245,Cloud to Cloud,11098,15431,7
2026-08-31T11:20:18.119713105Z,5.194695,115.54797,Cloud to Cloud,-14375,16023,10
2026-08-31T11:20:18.712907621Z,5.132941,115.603587,Cloud to Cloud,-13914,5543,7
2026-08-31T11:20:18.970008114Z,6.768678,117.170238,Cloud to Cloud,-27322,3104,16
2026-08-31T11:20:19.554289335Z,5.095594,115.615551,Cloud to Ground,11213,0,7
2026-08-31T11:20:20.917148433Z,14.684139,133.569053,Cloud to Ground,-21283,0,12
2026-08-31T11:20:20.131981276Z,14.384126,133.789446,Cloud to Ground,-16866,0,13
2026-08-31T11:20:20.914066657Z,14.6201,133.652941,Cloud to Ground,12247,0,9
2026-08-31T11:20:20.915992281Z,14.605625,133.617957,Cloud to Ground,36834,0,14
2026-08-31T11:20:21.771053091Z,6.616837,117.673393,Cloud to Cloud,-6162,15400,7
2026-08-31T11:20:21.048789338Z,15.209795,133.700677,Cloud to Ground,16695,0,10
2026-08-31T11:20:21.047314124Z,15.203947,133.586588,Cloud to Ground,-16392,0,8
2026-08-31T11:20:22.521846468Z,5.195899,115.623913,Cloud to Cloud,6154,9983,7
2026-08-31T11:20:22.687494213Z,5.168701,115.47401,Cloud to Ground,-14640,0,8
2026-08-31T11:20:22.969390418Z,6.709796,117.523515,Cloud to Cloud,5040,17068,5
2026-08-31T11:20:22.973507626Z,6.717041,117.503345,Cloud to Cloud,23045,3174,8
2026-08-31T11:20:24.400369588Z,6.66673,117.257677,Cloud to Ground,74269,0,11
2026-08-31T11:20:24.227636164Z,6.86189,117.099225,Cloud to Cloud,-25315,19901,9
2026-08-31T11:20:24.644152613Z,6.841185,117.117194,Cloud to Ground,-15663,0,6
2026-08-31T11:20:24.266317209Z,6.817593,117.048389,Cloud to Ground,20392,0,9
2026-08-31T11:20:24.823618773Z,6.809897,117.165574,Cloud to Ground,26442,0,8
2026-08-31T11:20:24.645724777Z,6.832548,117.220589,Cloud to Ground,69487,0,14
2026-08-31T11:20:24.449014605Z,5.192329,115.54838,Cloud to Cloud,12235,5054,8
2026-08-31T11:20:24.065241848Z,19.28265,113.875715,Cloud to Ground,-52687,0,12
2026-08-31T11:20:24.118379523Z,19.300303,113.871618,Cloud to Ground,-19798,0,7
2026-08-31T11:20:25.169864718Z,5.230082,115.676353,Cloud to Cloud,10715,4542,9
2026-08-31T11:20:25.833061174Z,15.311627,133.798329,Cloud to Ground,-15689,0,12
2026-08-31T11:20:25.835851944Z,15.328388,133.756227,Cloud to Ground,22438,0,14
2026-08-31T11:20:27.430919138Z,5.017293,115.55827,Cloud to Ground,11747,0,7
2026-08-31T11:20:27.050062006Z,6.616832,117.729827,Cloud to Ground,-17823,0,8
2026-08-31T11:20:27.359035375Z,6.69979,117.717006,Cloud to Cloud,13861,14149,6
2026-08-31T11:20:27.331353876Z,6.633616,117.665523,Cloud to Ground,19044,0,7
2026-08-31T11:20:27.171569019Z,6.560645,117.710103,Cloud to Ground,22525,0,10
2026-08-31T11:20:27.414292418Z,6.70081,117.720755,Cloud to Ground,54524,0,8
2026-08-31T11:20:28.296326119Z,5.106419,115.59339,Cloud to Ground,-13945,0,16
2026-08-31T11:20:27.581542842Z,5.223107,115.616004,Cloud to Cloud,-12367,15103,9
2026-08-31T11:20:27.644919864Z,5.171323,115.589372,Cloud to Cloud,19641,6351,8
2026-08-31T11:20:30.882688916Z,5.230501,115.609158,Cloud to Ground,-15803,0,6
2026-08-31T11:20:31.013321324Z,5.089813,115.569255,Cloud to Ground,-13831,0,10
2026-08-31T11:20:31.967607404Z,5.225856,115.566825,Cloud to Ground,-15202,0,7
2026-08-31T11:20:31.939652380Z,5.145774,115.509551,Cloud to Ground,-12565,0,6
2026-08-31T11:20:31.968535983Z,5.143628,115.502729,Cloud to Cloud,-12536,7746,9
2026-08-31T11:20:32.983834082Z,5.082442,115.633255,Cloud to Ground,17745,0,8
2026-08-31T11:20:32.874427719Z,5.091558,115.636024,Cloud to Ground,36736,0,24
2026-08-31T11:20:32.940424366Z,5.176333,115.578097,Cloud to Ground,31329,0,14
2026-08-31T11:20:33.739312911Z,6.759865,117.796252,Cloud to Cloud,10972,3727,7
2026-08-31T11:20:33.704064566Z,6.791259,117.092842,Cloud to Cloud,-18420,3019,6
2026-08-31T11:20:33.768077513Z,6.777714,117.062379,Cloud to Cloud,7758,13656,6
2026-08-31T11:20:33.106321780Z,5.101009,115.480589,Cloud to Ground,41849,0,14
2026-08-31T11:20:34.058802549Z,5.180765,115.55579,Cloud to Cloud,-11307,13302,8
2026-08-31T11:20:34.034214063Z,5.10015,115.531658,Cloud to Ground,30129,0,11
2026-08-31T11:20:34.880834575Z,4.237858,114.91649,Cloud to Ground,28035,0,15
2026-08-31T11:20:34.073036131Z,22.866441,112.109163,Cloud to Cloud,8483,7316,8
2026-08-31T11:20:34.075327783Z,22.841988,112.255242,Cloud to Ground,13727,0,8
2026-08-31T11:20:35.332602334Z,5.126574,115.484025,Cloud to Cloud,-14920,7319,10
2026-08-31T11:20:35.760854997Z,5.168526,115.574587,Cloud to Ground,15312,0,6
2026-08-31T11:20:35.327055645Z,6.774641,117.22654,Cloud to Cloud,13505,6851,11
2026-08-31T11:20:35.260823415Z,22.831678,112.338786,Cloud to Cloud,-49352,7433,16
2026-08-31T11:20:35.683374197Z,22.669794,112.335304,Cloud to Ground,51264,0,11
2026-08-31T11:20:36.093934849Z,22.817298,112.491056,Cloud to Cloud,-2383,12880,10
2026-08-31T11:20:35.933712638Z,22.810863,112.461383,Cloud to Cloud,12778,4932,12
2026-08-31T11:20:37.136488658Z,5.101592,115.584717,Cloud to Ground,11123,0,9
2026-08-31T11:20:35.867481749Z,5.0622,115.602069,Cloud to Ground,13114,0,9
2026-08-31T11:20:36.935359961Z,5.116894,115.579576,Cloud to Ground,19372,0,9
2026-08-31T11:20:35.942827664Z,5.072212,115.596986,Cloud to Ground,20766,0,15
2026-08-31T11:20:35.852744510Z,5.075409,115.601929,Cloud to Ground,25282,0,14
2026-08-31T11:20:36.561795881Z,5.127158,115.584671,Cloud to Ground,26388,0,8
2026-08-31T11:20:36.775125874Z,6.746942,117.369881,Cloud to Ground,14561,0,8
2026-08-31T11:20:38.505295143Z,5.198045,115.536269,Cloud to Cloud,-17783,3098,11
2026-08-31T11:20:38.461863579Z,5.114808,115.548439,Cloud to Ground,22647,0,22
2026-08-31T11:20:39.988139777Z,5.152239,115.582653,Cloud to Ground,11365,0,7
2026-08-31T11:20:40.485155712Z,6.547588,117.90607,Cloud to Ground,-25993,0,8
2026-08-31T11:20:40.742545624Z,6.493127,117.752364,Cloud to Ground,25058,0,8
2026-08-31T11:20:40.582478177Z,6.468757,117.732188,Cloud to Ground,25978,0,8
2026-08-31T11:20:40.553055053Z,6.535228,117.877397,Cloud to Ground,27233,0,12
2026-08-31T11:20:40.793642207Z,6.487489,117.76564,Cloud to Ground,29806,0,14
2026-08-31T11:20:40.705991332Z,6.495429,117.848749,Cloud to Ground,33331,0,20
2026-08-31T11:20:40.878549805Z,6.486914,117.757512,Cloud to Ground,35908,0,10
2026-08-31T11:20:40.652207241Z,6.492026,117.773029,Cloud to Ground,62318,0,16
2026-08-31T11:20:41.286157522Z,5.089314,115.474398,Cloud to Ground,11902,0,8
2026-08-31T11:20:41.642441697Z,5.040891,115.622354,Cloud to Ground,-25677,0,17
2026-08-31T11:20:42.285546527Z,5.049657,115.58314,Cloud to Ground,12097,0,9
2026-08-31T11:20:42.358264258Z,5.202083,115.565978,Cloud to Cloud,7450,14526,7
2026-08-31T11:20:43.397308757Z,14.910239,134.7591,Cloud to Ground,26262,0,10
2026-08-31T11:20:43.809286059Z,14.807238,134.667937,Cloud to Ground,-24845,0,12
2026-08-31T11:20:43.847155209Z,14.839772,134.688741,Cloud to Ground,-23497,0,8
2026-08-31T11:20:43.496059463Z,14.810845,134.672863,Cloud to Ground,-18371,0,8
2026-08-31T11:20:43.467555000Z,14.8678,134.5756,Cloud to Ground,-12383,0,6
2026-08-31T11:20:45.297896270Z,5.075188,115.569105,Cloud to Ground,-22083,0,12
2026-08-31T11:20:45.320896563Z,5.171483,115.530541,Cloud to Ground,-21993,0,17
2026-08-31T11:20:45.341221356Z,5.164035,115.567648,Cloud to Cloud,-21123,10132,9
2026-08-31T11:20:45.469175697Z,5.140225,115.508864,Cloud to Ground,15242,0,8
2026-08-31T11:20:45.279980747Z,5.085528,115.558259,Cloud to Ground,32378,0,18
2026-08-31T11:20:45.441906000Z,5.0016,115.4758,Cloud to Ground,-26927,0,5
2026-08-31T11:20:45.791075348Z,14.300585,134.047108,Cloud to Ground,-10209,0,7
2026-08-31T11:20:46.288668813Z,5.050775,115.699127,Cloud to Cloud,-13464,3043,9
2026-08-31T11:20:46.306824162Z,5.146409,115.644466,Cloud to Cloud,-11327,11255,10
2026-08-31T11:20:47.269377087Z,5.134808,115.49468,Cloud to Cloud,-12217,16545,9
2026-08-31T11:20:47.381452280Z,5.169555,115.542508,Cloud to Ground,17081,0,7
2026-08-31T11:20:48.976926514Z,5.123563,115.652557,Cloud to Ground,31545,0,11
2026-08-31T11:20:48.390502187Z,6.725194,117.809058,Cloud to Ground,18886,0,14
2026-08-31T11:20:49.214487163Z,5.046887,115.534004,Cloud to Ground,16409,0,12
2026-08-31T11:20:49.251140320Z,5.042226,115.539114,Cloud to Ground,19416,0,12
2026-08-31T11:20:50.017459186Z,5.096602,115.602948,Cloud to Cloud,6527,7827,5
2026-08-31T11:20:50.970463210Z,20.409333,120.633153,Cloud to Cloud,-6017,17440,6
2026-08-31T11:20:50.956520703Z,20.382626,120.661919,Cloud to Cloud,-3980,17923,5
2026-08-31T11:20:51.473166794Z,5.10714,115.538237,Cloud to Ground,17932,0,11
2026-08-31T11:20:51.827554644Z,19.188178,118.265055,Cloud to Cloud,-6667,7386,6
2026-08-31T11:20:51.682832315Z,22.809957,112.573866,Cloud to Cloud,-10875,12530,8
2026-08-31T11:20:52.996180666Z,18.947229,114.632136,Cloud to Ground,-25889,0,8
2026-08-31T11:20:52.736010853Z,18.946643,114.629311,Cloud to Cloud,-23419,3020,12
2026-08-31T11:20:53.044155016Z,18.934072,114.545338,Cloud to Cloud,11882,7141,8
2026-08-31T11:20:53.391794391Z,5.160974,115.471667,Cloud to Ground,-14654,0,19
2026-08-31T11:20:53.349505336Z,4.957416,115.431362,Cloud to Cloud,9845,5253,8
2026-08-31T11:20:53.380204544Z,5.178747,115.605249,Cloud to Cloud,-16622,15504,10
2026-08-31T11:20:53.424016334Z,5.0791,115.579522,Cloud to Ground,-11447,0,8
2026-08-31T11:20:53.367110407Z,5.118324,115.608308,Cloud to Ground,11414,0,7
2026-08-31T11:20:53.757349588Z,14.782476,134.785276,Cloud to Ground,-14592,0,8
2026-08-31T11:20:53.888671081Z,14.83892,134.717551,Cloud to Ground,-11044,0,7
2026-08-31T11:20:54.936355841Z,5.026704,115.615028,Cloud to Ground,-8697,0,8
2026-08-31T11:20:55.494862176Z,6.496944,117.835114,Cloud to Ground,16985,0,7
2026-08-31T11:20:55.660495884Z,5.129895,115.512404,Cloud to Cloud,-7554,19620,7
2026-08-31T11:20:56.631301986Z,5.147542,115.615104,Cloud to Ground,20784,0,8
2026-08-31T11:20:57.067904088Z,5.118615,115.495584,Cloud to Cloud,-11577,4628,8
2026-08-31T11:20:56.900916609Z,5.064034,115.485658,Cloud to Cloud,15251,12939,10
2026-08-31T11:20:56.475921494Z,6.826061,117.080073,Cloud to Cloud,15125,5699,8
2026-08-31T11:20:57.200656213Z,6.874495,117.744592,Cloud to Ground,12401,0,10
2026-08-31T11:20:57.173123026Z,6.788119,117.760383,Cloud to Ground,41940,0,14
2026-08-31T11:20:57.781082547Z,5.050367,115.605997,Cloud to Cloud,-9739,17740,6
2026-08-31T11:20:58.853313110Z,5.108653,115.576315,Cloud to Cloud,-12334,6760,6
2026-08-31T11:20:58.724567250Z,5.136737,115.495969,Cloud to Ground,13404,0,11
2026-08-31T11:20:58.671657025Z,5.094067,115.522076,Cloud to Ground,15666,0,7
2026-08-31T11:20:58.647501251Z,5.121033,115.393785,Cloud to Cloud,-8738,16769,8
2026-08-31T11:20:59.196478414Z,5.20428,115.597273,Cloud to Cloud,-13160,6310,10
2026-08-31T11:20:58.699238492Z,5.211333,115.549372,Cloud to Ground,-12522,0,7
2026-08-31T11:20:58.943713002Z,6.719565,117.511051,Cloud to Cloud,11349,3077,7
2026-08-31T11:21:00.929855653Z,6.800568,117.113256,Cloud to Cloud,12288,13284,7
2026-08-31T11:21:01.814049920Z,5.215345,115.639246,Cloud to Ground,-13680,0,7
2026-08-31T11:21:02.579417887Z,5.674012,117.195763,Cloud to Ground,-21358,0,10
2026-08-31T11:21:02.959907496Z,5.757597,117.216125,Cloud to Cloud,-18070,6231,16
2026-08-31T11:21:02.585135628Z,5.674524,117.18859,Cloud to Ground,-14331,0,7
2026-08-31T11:21:02.669956955Z,5.628717,117.152339,Cloud to Ground,14571,0,7
2026-08-31T11:21:03.159079165Z,5.635187,117.157078,Cloud to Ground,20834,0,7
2026-08-31T11:21:02.789546349Z,5.64189,117.218835,Cloud to Ground,46954,0,13
2026-08-31T11:21:02.126471538Z,9.834405,119.452681,Cloud to Cloud,18378,5529,7
2026-08-31T11:21:02.295475103Z,14.394186,134.137767,Cloud to Ground,-13866,0,11
2026-08-31T11:21:02.320395700Z,14.298587,134.149941,Cloud to Ground,24487,0,10
2026-08-31T11:21:02.595580458Z,15.574159,132.530449,Cloud to Ground,-13352,0,10
2026-08-31T11:21:02.524704203Z,15.520313,132.238925,Cloud to Ground,-58127,0,19
2026-08-31T11:21:03.722217004Z,5.15464,115.580633,Cloud to Cloud,-18383,6662,20
2026-08-31T11:21:03.163794022Z,5.069421,115.521554,Cloud to Ground,-17530,0,7
2026-08-31T11:21:03.348775731Z,5.104206,115.561069,Cloud to Cloud,-12110,3322,8
2026-08-31T11:21:02.836341150Z,5.10906,115.524318,Cloud to Cloud,9013,5357,6
2026-08-31T11:21:02.869217404Z,5.086208,115.551778,Cloud to Ground,13188,0,9
2026-08-31T11:21:03.741473931Z,5.056759,115.629282,Cloud to Ground,24219,0,6
2026-08-31T11:21:03.489211727Z,14.823274,134.852759,Cloud to Ground,-27265,0,11
2026-08-31T11:21:03.400500578Z,14.798724,134.824901,Cloud to Ground,-17293,0,9
2026-08-31T11:21:03.312121000Z,14.8334,134.7837,Cloud to Ground,-5903,0,9
2026-08-31T11:21:03.197256345Z,14.881759,134.886576,Cloud to Ground,56019,0,10
2026-08-31T11:21:05.644676834Z,5.196055,115.542816,Cloud to Cloud,-8999,3094,7
2026-08-31T11:21:05.679900873Z,5.179102,115.551174,Cloud to Cloud,7709,11544,7
2026-08-31T11:21:06.037044593Z,14.269057,133.848321,Cloud to Ground,-22819,0,18
2026-08-31T11:21:06.036491206Z,14.284984,133.904032,Cloud to Ground,17290,0,7
2026-08-31T11:21:07.392446575Z,6.910115,117.149786,Cloud to Cloud,-18838,6353,7
2026-08-31T11:21:08.067640255Z,5.160602,115.693716,Cloud to Ground,21812,0,7
2026-08-31T11:21:08.167517236Z,5.240644,115.580613,Cloud to Ground,35059,0,13
2026-08-31T11:21:08.993163749Z,14.860986,134.752332,Cloud to Cloud,-12467,7660,10
2026-08-31T11:21:09.483489362Z,22.540401,111.819915,Cloud to Cloud,14100,6416,16
2026-08-31T11:21:09.473273972Z,22.559857,111.858445,Cloud to Cloud,18716,3021,8
2026-08-31T11:21:10.078165101Z,5.128636,115.609951,Cloud to Cloud,-14504,9322,8
2026-08-31T11:21:10.113283111Z,5.064008,115.646616,Cloud to Ground,31014,0,22
2026-08-31T11:21:12.263774654Z,5.120446,115.574372,Cloud to Cloud,-12234,6337,8
2026-08-31T11:21:13.989824141Z,5.043101,115.708372,Cloud to Ground,-19808,0,7
2026-08-31T11:21:13.760058608Z,5.138601,115.441452,Cloud to Cloud,-13608,16582,8
2026-08-31T11:21:13.483566796Z,5.12211,115.4953,Cloud to Ground,-12817,0,6
2026-08-31T11:21:13.789987414Z,5.151906,115.567921,Cloud to Cloud,17108,7820,7
2026-08-31T11:21:13.858707488Z,5.111649,115.599361,Cloud to Cloud,21023,16938,10
2026-08-31T11:21:14.770412830Z,6.609213,117.823917,Cloud to Cloud,-7698,3310,6
2026-08-31T11:21:14.971220318Z,5.635642,117.09914,Cloud to Cloud,19704,5959,10
2026-08-31T11:21:15.351071992Z,6.749102,117.03017,Cloud to Ground,-25854,0,7
2026-08-31T11:21:15.511877840Z,6.834312,117.008618,Cloud to Cloud,-16241,3042,8
2026-08-31T11:21:16.791455642Z,5.073501,115.616479,Cloud to Ground,13529,0,11
2026-08-31T11:21:16.620537599Z,14.91301,134.710578,Cloud to Ground,-22896,0,13
2026-08-31T11:21:16.375873817Z,14.873407,134.770827,Cloud to Ground,-15766,0,5
2026-08-31T11:21:16.432282345Z,14.838794,134.743281,Cloud to Ground,18442,0,13
2026-08-31T11:21:17.167527405Z,6.653672,117.617588,Cloud to Cloud,17488,4820,10
2026-08-31T11:21:17.343633189Z,6.662793,117.597328,Cloud to Ground,18338,0,12
2026-08-31T11:21:17.711991121Z,6.647508,117.521523,Cloud to Ground,29085,0,12
2026-08-31T11:21:17.672899896Z,6.661555,117.528033,Cloud to Ground,29745,0,7
2026-08-31T11:21:17.524377973Z,6.656426,117.552406,Cloud to Ground,34833,0,15
2026-08-31T11:21:17.342455473Z,6.662604,117.718592,Cloud to Cloud,-21187,6687,7
2026-08-31T11:21:17.604452352Z,6.766175,117.538485,Cloud to Ground,19889,0,8
2026-08-31T11:21:17.417566571Z,6.773505,117.541388,Cloud to Ground,25346,0,8
2026-08-31T11:21:17.247376860Z,6.764313,117.533647,Cloud to Ground,29207,0,7
2026-08-31T11:21:17.881178841Z,5.149688,115.606639,Cloud to Cloud,10659,5015,7
2026-08-31T11:21:17.749451695Z,5.149496,115.607457,Cloud to Ground,22808,0,7
2026-08-31T11:21:18.344324873Z,5.042619,115.591885,Cloud to Ground,14688,0,10
2026-08-31T11:21:18.191907083Z,5.045906,115.589723,Cloud to Ground,20196,0,11
2026-08-31T11:21:18.055047000Z,18.5531,119.8722,Cloud to Ground,-8266,0,8
2026-08-31T11:21:19.849791307Z,5.060323,115.592826,Cloud to Cloud,-11230,5738,7
2026-08-31T11:21:19.065622000Z,20.1124,119.5316,Cloud to Ground,-174046,0,13
2026-08-31T11:21:20.467307000Z,6.7321,117.3439,Cloud to Ground,19659,0,8
2026-08-31T11:21:21.873979228Z,4.807175,115.37832,Cloud to Ground,11091,0,6
2026-08-31T11:21:21.892401754Z,4.899444,115.352411,Cloud to Cloud,-17576,13619,20
2026-08-31T11:21:23.721135469Z,15.317086,133.665859,Cloud to Ground,-22813,0,14
2026-08-31T11:21:23.741867059Z,15.316755,133.67366,Cloud to Ground,-14197,0,8
2026-08-31T11:21:23.720538350Z,15.24778,133.669256,Cloud to Ground,23875,0,10
2026-08-31T11:21:24.971958384Z,6.792299,117.113159,Cloud to Cloud,12468,3525,10
2026-08-31T11:21:26.713371753Z,5.239521,115.578602,Cloud to Cloud,-7279,11659,6
2026-08-31T11:21:27.949373855Z,6.628777,117.723769,Cloud to Ground,46677,0,8
2026-08-31T11:21:28.046396000Z,6.5706,117.7389,Cloud to Ground,59849,0,5
2026-08-31T11:21:27.510474542Z,22.745747,112.43857,Cloud to Cloud,11724,19211,8
2026-08-31T11:21:28.135420051Z,6.698574,117.892499,Cloud to Cloud,28197,6545,7
2026-08-31T11:21:28.221758912Z,5.141801,115.594076,Cloud to Ground,-31217,0,10
2026-08-31T11:21:28.566890762Z,5.165198,115.621552,Cloud to Ground,14370,0,7
2026-08-31T11:21:28.322801527Z,5.130267,115.612937,Cloud to Ground,22541,0,12
2026-08-31T11:21:28.511579997Z,5.127802,115.595276,Cloud to Ground,27969,0,7
2026-08-31T11:21:28.483690165Z,15.170188,133.330105,Cloud to Ground,-13926,0,11
2026-08-31T11:21:28.484730419Z,15.106476,133.327171,Cloud to Ground,-10457,0,8
2026-08-31T11:21:30.389371293Z,5.743832,117.106109,Cloud to Cloud,-9689,3025,7
2026-08-31T11:21:30.687606197Z,3.973651,114.990641,Cloud to Ground,23753,0,14
2026-08-31T11:21:30.147377488Z,6.770091,117.77388,Cloud to Cloud,-10015,6515,7
2026-08-31T11:21:30.381388659Z,6.78699,117.732776,Cloud to Cloud,8933,7671,7
2026-08-31T11:21:30.521418648Z,18.933218,126.669825,Cloud to Cloud,8938,5090,7
2026-08-31T11:21:31.194625867Z,5.13907,115.586999,Cloud to Ground,-26289,0,10
2026-08-31T11:21:31.008390371Z,5.08172,115.581507,Cloud to Ground,-20057,0,12
2026-08-31T11:21:31.239908173Z,5.119908,115.618704,Cloud to Ground,18074,0,11
2026-08-31T11:21:31.214824818Z,5.124928,115.620949,Cloud to Ground,26334,0,10
2026-08-31T11:21:31.139531612Z,5.231337,115.710919,Cloud to Cloud,-10580,4673,12
2026-08-31T11:21:31.449382658Z,17.766813,112.87712,Cloud to Cloud,-14495,3452,9
2026-08-31T11:21:31.443325613Z,17.750407,112.726731,Cloud to Cloud,13682,3038,12
2026-08-31T11:21:32.181262169Z,5.12904,115.576578,Cloud to Cloud,15072,19222,8
2026-08-31T11:21:32.131689272Z,5.098064,115.619675,Cloud to Ground,18142,0,11
2026-08-31T11:21:33.229181856Z,6.910831,117.081302,Cloud to Cloud,11890,15593,6
2026-08-31T11:21:34.472292633Z,5.113531,115.664867,Cloud to Cloud,-11348,7438,7
2026-08-31T11:21:34.104773854Z,5.146113,115.654539,Cloud to Cloud,-9879,9156,6
2026-08-31T11:21:34.696680477Z,5.280229,115.657913,Cloud to Cloud,-12900,14586,12
2026-08-31T11:21:34.393186332Z,22.532255,112.8403,Cloud to Ground,26300,0,15
2026-08-31T11:21:35.139356063Z,5.069329,115.562543,Cloud to Ground,-17295,0,7
2026-08-31T11:21:37.404636296Z,5.06717,115.419142,Cloud to Ground,-24995,0,12
2026-08-31T11:21:38.337225661Z,6.381037,117.773488,Cloud to Cloud,-10456,3544,7
2026-08-31T11:21:38.334616141Z,6.326056,117.732114,Cloud to Cloud,13374,4949,8
2026-08-31T11:21:38.333552419Z,6.330197,117.771326,Cloud to Ground,30289,0,9
2026-08-31T11:21:38.335939962Z,6.356675,117.718529,Cloud to Ground,46064,0,11
2026-08-31T11:21:38.884232633Z,14.246947,133.810843,Cloud to Ground,29248,0,13
2026-08-31T11:21:39.950360013Z,5.053124,115.568625,Cloud to Ground,-17985,0,10
2026-08-31T11:21:39.702353934Z,5.063391,115.608012,Cloud to Ground,18236,0,11
2026-08-31T11:21:39.657122859Z,5.172193,115.562144,Cloud to Ground,-12847,0,7
2026-08-31T11:21:39.956140241Z,5.182587,115.589387,Cloud to Cloud,9926,3096,6
2026-08-31T11:21:39.564234868Z,6.5937,117.494486,Cloud to Cloud,11726,7974,7
2026-08-31T11:21:39.836633983Z,6.688427,117.658348,Cloud to Cloud,19193,10312,7
2026-08-31T11:21:40.317075211Z,17.761381,133.505531,Cloud to Ground,-41823,0,14
2026-08-31T11:21:40.382725183Z,17.835717,133.46565,Cloud to Ground,39754,0,12
2026-08-31T11:21:40.062032503Z,19.627584,119.145295,Cloud to Cloud,-24236,3026,9
2026-08-31T11:21:41.466965313Z,5.671823,117.247827,Cloud to Ground,-51043,0,8
2026-08-31T11:21:41.423842563Z,5.642389,117.173557,Cloud to Cloud,-20610,6819,6
2026-08-31T11:21:41.137704383Z,5.644285,117.2115,Cloud to Ground,21411,0,15
2026-08-31T11:21:40.775745000Z,3.8606,114.7651,Cloud to Ground,-7229,0,8
2026-08-31T11:21:40.607565467Z,3.770049,114.735721,Cloud to Ground,24565,0,9
2026-08-31T11:21:41.062093792Z,3.783917,114.771779,Cloud to Ground,29675,0,16
2026-08-31T11:21:42.720649898Z,15.46546,132.535226,Cloud to Ground,14696,0,8
2026-08-31T11:21:42.719753833Z,15.551912,132.527998,Cloud to Ground,19759,0,8
2026-08-31T11:21:43.980536301Z,5.071318,115.473885,Cloud to Ground,15465,0,9
2026-08-31T11:21:43.104190058Z,5.136842,115.59097,Cloud to Cloud,-24239,3026,7
2026-08-31T11:21:43.567706587Z,5.196372,115.630816,Cloud to Cloud,-22070,10393,14
2026-08-31T11:21:43.424273584Z,5.116632,115.614674,Cloud to Cloud,10106,7939,7
2026-08-31T11:21:43.461277287Z,5.170547,115.608272,Cloud to Cloud,10240,3095,7
2026-08-31T11:21:43.172070577Z,5.157452,115.589631,Cloud to Cloud,11356,12490,9
2026-08-31T11:21:43.083578000Z,5.121,115.3073,Cloud to Ground,15666,0,6
2026-08-31T11:21:43.401295929Z,6.755325,117.707354,Cloud to Ground,15135,0,7
2026-08-31T11:21:43.713589234Z,6.739704,117.228189,Cloud to Cloud,-22042,3061,11
2026-08-31T11:21:43.668391173Z,6.766021,117.250001,Cloud to Cloud,14123,7750,10
2026-08-31T11:21:43.837953770Z,6.608354,117.810494,Cloud to Cloud,-29727,3000,8
2026-08-31T11:21:43.551812706Z,18.714734,126.463984,Cloud to Cloud,-16519,3053,8
2026-08-31T11:21:44.008363346Z,6.766595,117.106341,Cloud to Ground,-23487,0,9
2026-08-31T11:21:44.287626757Z,14.371472,134.093109,Cloud to Ground,-16892,0,8
2026-08-31T11:21:45.510606053Z,6.727486,117.030608,Cloud to Cloud,-8772,6990,7
2026-08-31T11:21:46.084545882Z,6.730988,117.396547,Cloud to Cloud,-15530,18932,8
2026-08-31T11:21:46.189568118Z,6.660763,117.332583,Cloud to Ground,21620,0,7
2026-08-31T11:21:46.077636577Z,6.662929,117.283681,Cloud to Ground,28263,0,8
2026-08-31T11:21:45.988180589Z,6.670215,117.401263,Cloud to Ground,32046,0,16
2026-08-31T11:21:45.337262452Z,5.073298,115.444383,Cloud to Ground,-17772,0,17
2026-08-31T11:21:45.484584539Z,5.239801,115.595384,Cloud to Ground,20819,0,12
2026-08-31T11:21:45.512791332Z,6.855992,117.08274,Cloud to Ground,-22597,0,15
2026-08-31T11:21:45.542758000Z,6.7875,117.2821,Cloud to Ground,30424,0,6
2026-08-31T11:21:46.346269109Z,5.139417,115.525686,Cloud to Ground,19451,0,7
2026-08-31T11:21:46.940664328Z,6.807324,117.353443,Cloud to Ground,32271,0,7
2026-08-31T11:21:46.152747770Z,22.858219,112.096985,Cloud to Ground,15666,0,14
2026-08-31T11:21:46.119252899Z,22.958321,112.225643,Cloud to Ground,-27212,0,10
2026-08-31T11:21:46.669252367Z,22.902962,112.206616,Cloud to Cloud,3509,19760,6
2026-08-31T11:21:47.712606566Z,5.13724,115.430447,Cloud to Ground,-11176,0,7
2026-08-31T11:21:47.791091541Z,6.573296,117.774377,Cloud to Ground,16863,0,10
2026-08-31T11:21:47.758136076Z,6.529984,117.79965,Cloud to Ground,26655,0,8
2026-08-31T11:21:47.707120291Z,6.549624,117.852865,Cloud to Ground,32074,0,7
2026-08-31T11:21:48.390853876Z,5.203308,115.55654,Cloud to Cloud,-11902,5715,10
2026-08-31T11:21:48.451113440Z,18.171867,116.314334,Cloud to Ground,31773,0,15
2026-08-31T11:21:49.592646446Z,6.68909,117.555705,Cloud to Ground,-31500,0,9
2026-08-31T11:21:49.887488450Z,6.656437,117.518852,Cloud to Ground,-17093,0,11
2026-08-31T11:21:49.598207620Z,6.757594,117.488101,Cloud to Ground,-16032,0,7
2026-08-31T11:21:50.040498908Z,6.63477,117.420803,Cloud to Cloud,7748,3008,7
2026-08-31T11:21:50.117253450Z,6.696168,117.402596,Cloud to Ground,12324,0,7
2026-08-31T11:21:49.623777616Z,6.675338,117.483289,Cloud to Ground,21003,0,7
2026-08-31T11:21:49.987715682Z,6.630966,117.419461,Cloud to Ground,24917,0,9
2026-08-31T11:21:49.714246560Z,6.64548,117.42858,Cloud to Ground,30999,0,9
2026-08-31T11:21:49.952381059Z,5.202261,115.633668,Cloud to Cloud,-19063,7456,10
2026-08-31T11:21:50.298678100Z,5.121498,115.60471,Cloud to Cloud,10278,3029,7
2026-08-31T11:21:50.751679399Z,14.255991,134.214688,Cloud to Ground,-35205,0,17
2026-08-31T11:21:50.757661132Z,14.277019,134.301531,Cloud to Ground,-25494,0,7
2026-08-31T11:21:50.750688742Z,14.362614,134.270043,Cloud to Ground,-22732,0,16
2026-08-31T11:21:50.770693971Z,14.283129,134.263031,Cloud to Ground,17995,0,8
2026-08-31T11:21:51.107886214Z,14.320098,134.274717,Cloud to Ground,22154,0,8
2026-08-31T11:21:50.752433808Z,14.247116,134.275118,Cloud to Ground,77662,0,23
2026-08-31T11:21:52.784691318Z,5.065542,115.625136,Cloud to Cloud,-13555,3034,6
2026-08-31T11:21:53.258226455Z,5.108502,115.574492,Cloud to Ground,20254,0,11
2026-08-31T11:21:53.134581888Z,5.22563,115.61628,Cloud to Ground,-13114,0,6
2026-08-31T11:21:53.131184226Z,5.206545,115.565102,Cloud to Cloud,-9205,6955,7
2026-08-31T11:21:53.981859021Z,6.673471,117.167307,Cloud to Cloud,-19701,9225,7
2026-08-31T11:21:54.094073354Z,2.902817,115.698912,Cloud to Ground,19980,0,19
2026-08-31T11:21:55.501011907Z,5.150186,115.531909,Cloud to Cloud,-17679,4157,6
2026-08-31T11:21:54.976633861Z,5.163332,115.596571,Cloud to Cloud,-15269,8142,10
2026-08-31T11:21:54.968744687Z,5.178902,115.621803,Cloud to Cloud,-9566,8727,6
2026-08-31T11:21:55.672891502Z,5.238201,115.590611,Cloud to Cloud,6650,13607,6
2026-08-31T11:21:55.555086878Z,5.086347,115.519377,Cloud to Cloud,7594,17739,9
2026-08-31T11:21:55.050487784Z,5.094932,115.617872,Cloud to Ground,10416,0,7
2026-08-31T11:21:55.519003096Z,5.083669,115.52353,Cloud to Ground,10500,0,8
2026-08-31T11:21:55.513447656Z,5.192342,115.630359,Cloud to Ground,20984,0,8
2026-08-31T11:21:55.831891577Z,6.804915,117.269411,Cloud to Cloud,-17089,10193,8
2026-08-31T11:21:55.834031766Z,6.867964,117.119668,Cloud to Cloud,-12069,3547,8
2026-08-31T11:21:56.414040431Z,5.119499,115.534072,Cloud to Cloud,7942,9544,6
2026-08-31T11:21:56.940975562Z,22.824234,112.382058,Cloud to Ground,-10841,0,7
2026-08-31T11:21:56.725174209Z,22.854168,112.51751,Cloud to Ground,-9530,0,6
2026-08-31T11:21:56.660609767Z,22.733465,112.670953,Cloud to Ground,17277,0,7
2026-08-31T11:21:57.974850000Z,6.863,117.7712,Cloud to Ground,-19565,0,5
2026-08-31T11:21:58.045141000Z,6.8746,117.6632,Cloud to Ground,8061,0,6
2026-08-31T11:21:57.936484989Z,6.840767,117.719185,Cloud to Ground,23538,0,12
2026-08-31T11:21:57.904783087Z,6.770417,117.76705,Cloud to Ground,31047,0,18
2026-08-31T11:21:58.015363125Z,6.751025,117.665973,Cloud to Ground,17589,0,7
2026-08-31T11:21:58.305772206Z,5.676107,117.190773,Cloud to Cloud,19980,13210,10
2026-08-31T11:21:58.350768720Z,5.041368,115.442929,Cloud to Cloud,17756,3009,11
2026-08-31T11:21:59.156559037Z,6.206442,117.795449,Cloud to Cloud,-17036,3056,13
2026-08-31T11:21:59.678720076Z,5.281093,115.62709,Cloud to Cloud,-12769,3027,8
2026-08-31T11:21:59.422199597Z,5.043839,115.611115,Cloud to Ground,18067,0,10
2026-08-31T11:21:59.807864169Z,5.128098,115.564983,Cloud to Cloud,13685,3087,6
2026-08-31T11:21:59.248386396Z,18.970642,114.477994,Cloud to Cloud,-14926,3310,10
2026-08-31T11:22:00.307095602Z,14.268934,134.00641,Cloud to Ground,-19721,0,10
2026-08-31T11:22:00.305993653Z,14.280626,133.961124,Cloud to Ground,-19389,0,8
2026-08-31T11:22:00.304116149Z,14.228278,134.043141,Cloud to Ground,24517,0,8
2026-08-31T11:22:01.022783585Z,6.799095,117.044012,Cloud to Cloud,-11596,16265,11
2026-08-31T11:22:02.509474145Z,6.515869,117.702394,Cloud to Ground,13891,0,8
2026-08-31T11:22:02.520727364Z,6.543345,117.684485,Cloud to Ground,15928,0,7
2026-08-31T11:22:02.534622877Z,6.52688,117.69923,Cloud to Ground,17772,0,7
2026-08-31T11:22:03.526626431Z,5.084961,115.446671,Cloud to Ground,15065,0,14
2026-08-31T11:22:03.627661146Z,5.070316,115.58206,Cloud to Ground,14849,0,10
2026-08-31T11:22:03.598731901Z,5.090073,115.559252,Cloud to Ground,17701,0,9
2026-08-31T11:22:03.745921335Z,5.191214,115.575197,Cloud to Ground,-12672,0,8
2026-08-31T11:22:03.601778190Z,6.784132,117.378347,Cloud to Cloud,-9809,3115,7
2026-08-31T11:22:04.554127782Z,6.61564,117.402929,Cloud to Ground,12736,0,9
2026-08-31T11:22:04.758043293Z,5.105655,115.503969,Cloud to Ground,11858,0,7
2026-08-31T11:22:04.546431615Z,14.374457,134.125013,Cloud to Ground,-13390,0,8
2026-08-31T11:22:05.987307203Z,5.066718,115.556512,Cloud to Cloud,8776,4776,7
2026-08-31T11:22:06.632964844Z,5.181393,115.616924,Cloud to Cloud,-15478,6791,10
2026-08-31T11:22:06.242253502Z,6.768512,117.130232,Cloud to Ground,12926,0,7
2026-08-31T11:22:06.704257200Z,18.66915,118.182652,Cloud to Cloud,-15724,5391,7
2026-08-31T11:22:07.553810994Z,5.064779,115.439033,Cloud to Cloud,6829,5204,8
2026-08-31T11:22:07.886836660Z,10.102158,119.643923,Cloud to Ground,47221,0,8
2026-08-31T11:22:07.885899110Z,10.190085,119.682103,Cloud to Cloud,13544,3016,7
2026-08-31T11:22:07.887849000Z,10.3011,119.5646,Cloud to Ground,-15708,0,5
2026-08-31T11:22:08.031330290Z,6.802284,117.781514,Cloud to Cloud,-14380,19110,7
2026-08-31T11:22:08.033789751Z,6.797218,117.840545,Cloud to Cloud,-13072,5280,7
2026-08-31T11:22:08.144140881Z,5.125074,115.628447,Cloud to Cloud,-15501,4449,10
2026-08-31T11:22:08.121978786Z,5.057487,115.631713,Cloud to Ground,-14807,0,8
2026-08-31T11:22:08.181087293Z,5.057594,115.635117,Cloud to Ground,-12575,0,8
2026-08-31T11:22:07.573686296Z,5.174931,115.557448,Cloud to Cloud,-9672,7182,7
2026-08-31T11:22:08.223318265Z,5.154986,115.631586,Cloud to Cloud,-9353,14967,8
2026-08-31T11:22:08.051122116Z,5.160664,115.4964,Cloud to Cloud,-7004,10360,7
2026-08-31T11:22:07.915205667Z,5.157956,115.507352,Cloud to Ground,14699,0,8
2026-08-31T11:22:09.888328662Z,5.023001,115.71729,Cloud to Cloud,-13634,18623,7
2026-08-31T11:22:10.758276607Z,5.17678,115.52965,Cloud to Cloud,-13500,10039,14
2026-08-31T11:22:09.318290041Z,5.146217,115.596681,Cloud to Cloud,12482,3020,9
2026-08-31T11:22:09.755173355Z,5.062564,115.579858,Cloud to Cloud,13612,4824,7
2026-08-31T11:22:09.768689541Z,5.042663,115.565539,Cloud to Cloud,15749,13526,7
2026-08-31T11:22:10.261703605Z,5.154873,115.589614,Cloud to Ground,16723,0,8
2026-08-31T11:22:10.409203419Z,5.256751,115.583079,Cloud to Ground,17048,0,12
2026-08-31T11:22:09.662212620Z,5.143454,115.580126,Cloud to Ground,20997,0,8
2026-08-31T11:22:09.750458158Z,5.213353,115.632135,Cloud to Cloud,21488,17080,9
2026-08-31T11:22:09.749838978Z,5.134385,115.612709,Cloud to Ground,26198,0,9
2026-08-31T11:22:09.811979884Z,6.717831,117.170385,Cloud to Cloud,-12115,3005,8
2026-08-31T11:22:10.943570976Z,5.186069,115.436881,Cloud to Ground,-14878,0,18
2026-08-31T11:22:10.914488079Z,5.1196,115.451533,Cloud to Ground,23156,0,7
2026-08-31T11:22:11.398874401Z,6.734484,117.604813,Cloud to Ground,26483,0,21
2026-08-31T11:22:11.417512541Z,6.624396,117.523242,Cloud to Cloud,10852,14588,6
2026-08-31T11:22:11.335899564Z,6.956017,117.149027,Cloud to Cloud,18645,3136,9
2026-08-31T11:22:13.666007965Z,5.182459,115.508017,Cloud to Cloud,-13097,17616,6
2026-08-31T11:22:13.741123361Z,5.097132,115.538115,Cloud to Ground,-8840,0,6
2026-08-31T11:22:13.748319860Z,5.103474,115.532792,Cloud to Ground,-8681,0,6
2026-08-31T11:22:13.797738606Z,5.040629,115.499247,Cloud to Cloud,8806,6603,7
2026-08-31T11:22:13.911286503Z,6.729568,117.162011,Cloud to Ground,-15497,0,8
2026-08-31T11:22:13.533679382Z,6.845191,117.088507,Cloud to Ground,26158,0,10
2026-08-31T11:22:13.884416718Z,15.117948,133.267468,Cloud to Ground,-16452,0,17
2026-08-31T11:22:13.896023931Z,18.89203,126.250539,Cloud to Cloud,7882,3992,11
2026-08-31T11:22:14.748629202Z,3.952525,114.966218,Cloud to Ground,12630,0,7
2026-08-31T11:22:14.048191126Z,19.037323,126.24392,Cloud to Ground,-61327,0,16
2026-08-31T11:22:15.913359839Z,6.683117,117.443549,Cloud to Cloud,-11038,19848,7
2026-08-31T11:22:15.584015803Z,20.389563,120.602992,Cloud to Cloud,-18193,12565,9
2026-08-31T11:22:15.583436779Z,20.405309,120.636837,Cloud to Cloud,6151,17282,6
2026-08-31T11:22:16.338591918Z,5.219695,115.587051,Cloud to Ground,-18773,0,9
2026-08-31T11:22:16.672188653Z,6.445515,118.004074,Cloud to Cloud,-15105,11770,8
2026-08-31T11:22:16.398676123Z,14.156603,134.608813,Cloud to Ground,-12652,0,11
2026-08-31T11:22:16.334052363Z,14.141123,134.710769,Cloud to Ground,-13382,0,10
2026-08-31T11:22:16.332718646Z,14.259896,134.675084,Cloud to Ground,-24148,0,19
2026-08-31T11:22:16.390235000Z,22.6801,112.9065,Cloud to Ground,9116,0,6
2026-08-31T11:22:17.883732116Z,5.142761,115.578853,Cloud to Ground,11078,0,5
2026-08-31T11:22:18.041132834Z,6.874214,117.216063,Cloud to Ground,-23097,0,8
2026-08-31T11:22:18.031467769Z,6.743924,117.272669,Cloud to Ground,-22076,0,9
2026-08-31T11:22:18.612464039Z,6.745947,117.355197,Cloud to Ground,-20854,0,10
2026-08-31T11:22:18.501798758Z,6.678912,117.276281,Cloud to Cloud,-18990,3021,7
2026-08-31T11:22:18.041869563Z,6.773084,117.259854,Cloud to Cloud,13522,4384,7
2026-08-31T11:22:18.108831793Z,6.749996,117.253905,Cloud to Ground,23806,0,11
2026-08-31T11:22:18.274933701Z,6.706064,117.379447,Cloud to Ground,29195,0,8
2026-08-31T11:22:18.141223562Z,6.751896,117.190666,Cloud to Ground,30347,0,9
2026-08-31T11:22:18.189090185Z,6.828163,117.220989,Cloud to Ground,37621,0,13
2026-08-31T11:22:18.296858201Z,6.751616,117.260758,Cloud to Ground,51880,0,17
2026-08-31T11:22:18.448489968Z,5.05287,115.542638,Cloud to Cloud,8641,3174,5
2026-08-31T11:22:18.413604707Z,5.037059,115.550909,Cloud to Cloud,12474,5961,11
2026-08-31T11:22:18.577053474Z,5.034995,115.555545,Cloud to Ground,12918,0,9
2026-08-31T11:22:18.545004080Z,5.028802,115.565809,Cloud to Ground,13041,0,9
2026-08-31T11:22:18.391644491Z,5.043927,115.550191,Cloud to Ground,21913,0,14
2026-08-31T11:22:19.625647047Z,6.770991,117.119757,Cloud to Ground,22764,0,14
2026-08-31T11:22:19.677854746Z,6.816482,117.097028,Cloud to Ground,36292,0,14
2026-08-31T11:22:19.766650672Z,6.9344,117.111414,Cloud to Cloud,-22151,4847,8
2026-08-31T11:22:19.571881502Z,6.942837,117.189302,Cloud to Ground,23462,0,9
2026-08-31T11:22:19.486581064Z,5.064924,115.513474,Cloud to Cloud,-22100,16308,12
2026-08-31T11:22:20.431991292Z,19.414912,118.56909,Cloud to Cloud,11369,3008,9
2026-08-31T11:22:21.346421028Z,5.207159,115.603547,Cloud to Ground,-24186,0,13
2026-08-31T11:22:21.736998401Z,5.15134,115.542314,Cloud to Ground,-21147,0,19
2026-08-31T11:22:20.674447162Z,5.189959,115.560453,Cloud to Cloud,17269,6621,11
2026-08-31T11:22:22.833651754Z,5.199467,115.615668,Cloud to Cloud,-20032,5417,10
2026-08-31T11:22:23.279715328Z,5.159433,115.590793,Cloud to Cloud,-11006,3003,7
2026-08-31T11:22:23.775132669Z,5.166594,115.577513,Cloud to Cloud,11145,5443,9
2026-08-31T11:22:22.781874905Z,5.105245,115.593431,Cloud to Ground,12303,0,8
2026-08-31T11:22:23.296187769Z,5.15543,115.646005,Cloud to Ground,13856,0,6
2026-08-31T11:22:22.954145772Z,5.183516,115.638246,Cloud to Ground,33555,0,7
2026-08-31T11:22:22.816089358Z,6.787322,116.928252,Cloud to Ground,-15976,0,7
2026-08-31T11:22:22.819250645Z,14.878036,134.760197,Cloud to Ground,-20520,0,10
2026-08-31T11:22:23.821688423Z,6.668626,117.615896,Cloud to Ground,21443,0,10
2026-08-31T11:22:24.057836152Z,6.629368,117.698768,Cloud to Cloud,16148,3063,7
2026-08-31T11:22:23.942682584Z,5.123991,115.487655,Cloud to Ground,14561,0,7
2026-08-31T11:22:24.252189707Z,5.120814,115.483618,Cloud to Ground,22106,0,9
2026-08-31T11:22:24.127577760Z,6.816012,117.304975,Cloud to Cloud,-20570,19914,8
2026-08-31T11:22:25.386582356Z,5.192713,115.632736,Cloud to Cloud,-7455,9721,6
2026-08-31T11:22:25.147860943Z,5.05283,115.434822,Cloud to Cloud,19766,14294,23
2026-08-31T11:22:25.275495865Z,5.019765,115.615621,Cloud to Cloud,16791,6491,6
2026-08-31T11:22:26.443624882Z,6.781765,117.508259,Cloud to Cloud,-17885,15809,9
2026-08-31T11:22:26.011223233Z,5.022218,115.557202,Cloud to Ground,-11700,0,7
2026-08-31T11:22:27.494929383Z,6.865901,117.233454,Cloud to Cloud,12311,3892,7
2026-08-31T11:22:27.316151971Z,6.845441,117.090958,Cloud to Ground,-18086,0,9
2026-08-31T11:22:27.279303112Z,6.792564,117.095742,Cloud to Ground,25635,0,11
2026-08-31T11:22:27.884943105Z,6.405564,117.859857,Cloud to Cloud,-12047,6802,8
2026-08-31T11:22:28.292821639Z,5.16647,115.649457,Cloud to Cloud,-7629,3009,7
2026-08-31T11:22:28.267004509Z,5.04678,115.590219,Cloud to Ground,19281,0,12
2026-08-31T11:22:28.778562832Z,14.853077,134.863016,Cloud to Ground,-14833,0,8
2026-08-31T11:22:29.348298001Z,14.794195,134.865062,Cloud to Ground,19778,0,8
2026-08-31T11:22:28.751263961Z,14.797936,134.953919,Cloud to Ground,23234,0,8
2026-08-31T11:22:29.790282619Z,5.162822,115.635025,Cloud to Ground,-16227,0,9
2026-08-31T11:22:29.396327064Z,5.216684,115.653279,Cloud to Cloud,-10406,7500,8
2026-08-31T11:22:29.554193379Z,5.212019,115.660361,Cloud to Cloud,9038,17705,7
2026-08-31T11:22:29.555765330Z,5.211444,115.621817,Cloud to Cloud,9143,5580,7
2026-08-31T11:22:29.535887559Z,5.173958,115.623691,Cloud to Ground,18156,0,10
2026-08-31T11:22:30.886092230Z,19.18706,118.271682,Cloud to Cloud,-7405,18402,7
2026-08-31T11:22:30.817046000Z,19.2059,118.2049,Cloud to Ground,-3456,0,6
2026-08-31T11:22:31.417660766Z,14.93903,134.535123,Cloud to Ground,-30777,0,8
2026-08-31T11:22:31.414747824Z,14.938142,134.525254,Cloud to Ground,42530,0,15
2026-08-31T11:22:33.026563768Z,5.625609,117.115335,Cloud to Cloud,-9835,7857,7
2026-08-31T11:22:36.819765954Z,5.098001,115.60622,Cloud to Ground,-14240,0,7
2026-08-31T11:22:36.377740172Z,5.126374,115.599871,Cloud to Ground,15628,0,7
2026-08-31T11:22:36.911824090Z,6.636067,117.702862,Cloud to Ground,26522,0,8
2026-08-31T11:22:36.949625366Z,6.682621,117.262381,Cloud to Ground,-24356,0,7
2026-08-31T11:22:37.778447128Z,6.650533,117.353671,Cloud to Cloud,-14061,3012,8
2026-08-31T11:22:37.091229762Z,6.695122,117.289677,Cloud to Cloud,9463,3040,6
2026-08-31T11:22:36.946362673Z,6.684915,117.26075,Cloud to Ground,23477,0,7
2026-08-31T11:22:37.138860875Z,6.824729,117.331308,Cloud to Ground,27904,0,7
2026-08-31T11:22:37.466780044Z,6.759461,117.325108,Cloud to Ground,28264,0,7
2026-08-31T11:22:37.022393058Z,6.705701,117.302971,Cloud to Ground,36295,0,7
2026-08-31T11:22:36.864651256Z,6.723373,117.382663,Cloud to Ground,36325,0,16
2026-08-31T11:22:37.068518330Z,6.692787,117.288036,Cloud to Ground,36747,0,8
2026-08-31T11:22:37.771812002Z,6.71349,117.302959,Cloud to Ground,46633,0,7
2026-08-31T11:22:37.417437262Z,6.721199,117.349456,Cloud to Ground,49914,0,12
2026-08-31T11:22:39.317710426Z,5.13449,115.616618,Cloud to Ground,9353,0,6
2026-08-31T11:22:39.099320260Z,6.713947,117.533803,Cloud to Ground,14700,0,10
2026-08-31T11:22:41.171831761Z,5.013803,116.68473,Cloud to Ground,13882,0,11
2026-08-31T11:22:41.330298290Z,6.559709,117.852295,Cloud to Cloud,16649,3002,12
2026-08-31T11:22:41.379961512Z,6.513969,117.906136,Cloud to Ground,27442,0,8
2026-08-31T11:22:42.029542427Z,5.668584,117.184721,Cloud to Cloud,10975,8208,7
2026-08-31T11:22:42.421583051Z,18.047428,114.116207,Cloud to Cloud,-13734,3705,10
2026-08-31T11:22:42.584758066Z,18.042732,113.980749,Cloud to Ground,-13453,0,7
2026-08-31T11:22:43.421460852Z,5.122122,115.493823,Cloud to Ground,38483,0,24
2026-08-31T11:22:43.462113013Z,5.210182,115.551178,Cloud to Ground,8639,0,7
2026-08-31T11:22:44.255644083Z,5.071677,115.583788,Cloud to Ground,13638,0,6
2026-08-31T11:22:44.674114753Z,5.027726,115.432191,Cloud to Cloud,18077,3000,8
2026-08-31T11:22:44.358035436Z,6.801216,117.10215,Cloud to Cloud,14404,7564,8
2026-08-31T11:22:44.871980253Z,6.715567,117.562931,Cloud to Cloud,-12673,5787,7
2026-08-31T11:22:45.632430649Z,5.145155,115.622677,Cloud to Cloud,-18700,4242,10
2026-08-31T11:22:45.298542237Z,5.206307,115.639465,Cloud to Ground,-18504,0,7
2026-08-31T11:22:45.018622711Z,5.13839,115.675434,Cloud to Ground,-14519,0,11
2026-08-31T11:22:45.053802019Z,5.076477,115.585016,Cloud to Cloud,8845,4404,7
2026-08-31T11:22:46.072113608Z,5.250945,115.568137,Cloud to Ground,-16636,0,12
2026-08-31T11:22:47.907942790Z,5.146167,115.624447,Cloud to Ground,-14170,0,8
2026-08-31T11:22:47.474930324Z,5.085877,115.522499,Cloud to Ground,14046,0,6
2026-08-31T11:22:47.788352127Z,5.10859,115.588428,Cloud to Ground,27430,0,7
2026-08-31T11:22:47.849215444Z,5.235708,115.601893,Cloud to Cloud,-15791,3327,13
2026-08-31T11:22:47.226001659Z,5.249654,115.778668,Cloud to Cloud,-16282,13238,13
2026-08-31T11:22:47.236665685Z,5.284963,115.764701,Cloud to Ground,-16273,0,22
2026-08-31T11:22:47.224503025Z,5.187163,115.773736,Cloud to Ground,42690,0,17
2026-08-31T11:22:48.244123740Z,6.805566,117.105805,Cloud to Cloud,-15543,16169,6
2026-08-31T11:22:49.570973587Z,6.692613,117.715854,Cloud to Cloud,-7368,4019,7
2026-08-31T11:22:50.445840258Z,5.109606,115.526199,Cloud to Cloud,-16884,3156,10
2026-08-31T11:22:49.912820972Z,5.065418,115.53014,Cloud to Ground,-14526,0,9
2026-08-31T11:22:50.313044263Z,5.127014,115.544898,Cloud to Cloud,-14026,3074,9
2026-08-31T11:22:50.462185032Z,5.083517,115.551053,Cloud to Cloud,-12257,3452,8
2026-08-31T11:22:50.363351907Z,5.061691,115.522249,Cloud to Ground,24047,0,9
2026-08-31T11:22:53.074285539Z,5.085599,115.471058,Cloud to Cloud,-13013,10836,9
2026-08-31T11:22:52.042277381Z,5.114948,115.595084,Cloud to Cloud,9099,3293,8
2026-08-31T11:22:52.590821428Z,5.048304,115.536132,Cloud to Ground,12145,0,7
2026-08-31T11:22:52.768830483Z,7.046586,116.578592,Cloud to Ground,21324,0,8
2026-08-31T11:22:52.631958968Z,6.900428,116.626504,Cloud to Ground,-26551,0,8
2026-08-31T11:22:52.646552555Z,6.923968,116.58994,Cloud to Ground,-21249,0,11
2026-08-31T11:22:54.614516176Z,5.110449,115.594457,Cloud to Ground,-21020,0,17
2026-08-31T11:22:54.154816788Z,5.115696,115.599412,Cloud to Ground,-15546,0,10
2026-08-31T11:22:53.931126196Z,5.069787,115.662227,Cloud to Cloud,-12553,9942,7
2026-08-31T11:22:54.177171002Z,5.07888,115.608665,Cloud to Ground,12148,0,9
2026-08-31T11:22:54.641611257Z,6.667287,117.717011,Cloud to Cloud,-18881,3002,8
2026-08-31T11:22:54.414530575Z,6.564172,117.711857,Cloud to Cloud,-22123,3003,12
2026-08-31T11:22:54.677675174Z,17.613042,133.461766,Cloud to Ground,-36476,0,7
2026-08-31T11:22:54.601080127Z,14.270314,133.846232,Cloud to Ground,-16995,0,10
2026-08-31T11:22:54.600556057Z,14.223836,133.925573,Cloud to Ground,36794,0,12
2026-08-31T11:22:54.503847979Z,22.532027,112.8964,Cloud to Cloud,11177,3018,7
2026-08-31T11:22:55.422409087Z,7.715192,117.576712,Cloud to Ground,22777,0,11
2026-08-31T11:22:56.840986363Z,5.83408,117.241775,Cloud to Ground,31693,0,7
2026-08-31T11:22:56.718437006Z,5.653048,117.181618,Cloud to Ground,17014,0,10
2026-08-31T11:22:56.399190144Z,5.65171,117.166811,Cloud to Ground,37463,0,10
2026-08-31T11:22:56.022453932Z,5.016373,115.575481,Cloud to Ground,-20757,0,14
2026-08-31T11:22:56.138975425Z,5.236363,115.579714,Cloud to Ground,21991,0,10
2026-08-31T11:22:56.205096697Z,5.121568,115.548723,Cloud to Ground,-15157,0,14
2026-08-31T11:22:56.185548456Z,5.148398,115.548216,Cloud to Ground,30055,0,7
2026-08-31T11:22:57.338340202Z,5.101025,115.452573,Cloud to Cloud,25023,13939,11
2026-08-31T11:22:57.843048018Z,5.17836,115.596679,Cloud to Ground,-9087,0,6
2026-08-31T11:22:57.143114737Z,3.938306,114.965371,Cloud to Ground,-17111,0,9
2026-08-31T11:22:57.614398659Z,3.921248,114.941464,Cloud to Ground,15276,0,11
2026-08-31T11:22:57.183702662Z,3.928044,114.98565,Cloud to Ground,20234,0,13
2026-08-31T11:22:57.250660206Z,3.924624,114.919371,Cloud to Ground,20667,0,10
2026-08-31T11:22:58.602829907Z,6.813174,117.374141,Cloud to Ground,-19989,0,8
2026-08-31T11:22:58.466389027Z,6.764651,117.339782,Cloud to Cloud,7385,4144,8
2026-08-31T11:22:59.889389028Z,5.068791,115.572232,Cloud to Cloud,14313,3638,8
2026-08-31T11:22:59.585730000Z,20.4784,120.5097,Cloud to Ground,-80419,0,7
2026-08-31T11:23:01.142476449Z,5.171432,115.621743,Cloud to Cloud,-21569,6117,9
2026-08-31T11:23:01.405143101Z,5.183105,115.607741,Cloud to Ground,-14174,0,7
2026-08-31T11:23:01.239641710Z,5.083229,115.62822,Cloud to Ground,-12475,0,6
2026-08-31T11:23:01.314828045Z,5.072804,115.578002,Cloud to Cloud,6707,9602,6
2026-08-31T11:23:01.217631896Z,5.060492,115.564641,Cloud to Cloud,13410,3961,13
2026-08-31T11:23:00.851384242Z,5.180152,115.61877,Cloud to Cloud,13682,18433,7
2026-08-31T11:23:01.119743128Z,5.08283,115.556125,Cloud to Cloud,14293,7817,7
2026-08-31T11:23:01.468188064Z,5.120815,115.564693,Cloud to Ground,18001,0,6
2026-08-31T11:23:00.729346124Z,5.125258,115.639392,Cloud to Ground,19449,0,9
2026-08-31T11:23:00.265313605Z,6.777717,117.796668,Cloud to Cloud,-13530,3009,8
2026-08-31T11:23:01.572808011Z,5.261786,115.712807,Cloud to Cloud,-9043,3029,9
2026-08-31T11:23:02.652797073Z,5.051033,116.735583,Cloud to Cloud,-24448,3058,8
2026-08-31T11:23:02.680182822Z,5.675723,117.12874,Cloud to Cloud,6849,18666,6
2026-08-31T11:23:03.730841527Z,5.039998,115.509292,Cloud to Cloud,21231,3125,7
2026-08-31T11:23:02.862569595Z,5.056118,115.429507,Cloud to Cloud,-7141,3939,6
2026-08-31T11:23:03.000699636Z,5.033971,115.394358,Cloud to Ground,19678,0,10
2026-08-31T11:23:04.693312325Z,6.790815,117.040008,Cloud to Cloud,-9896,14902,7
2026-08-31T11:23:04.841137014Z,6.811385,117.058324,Cloud to Cloud,-9428,5625,6
2026-08-31T11:23:04.420318502Z,5.201381,115.636226,Cloud to Ground,-12356,0,7
2026-08-31T11:23:05.494292533Z,6.710161,117.634002,Cloud to Cloud,-15593,5505,8
2026-08-31T11:23:05.884820300Z,6.690304,117.605366,Cloud to Ground,40778,0,7
2026-08-31T11:23:05.784295424Z,6.796655,117.494759,Cloud to Cloud,7445,5862,7
2026-08-31T11:23:05.649062376Z,5.13776,115.555545,Cloud to Ground,-20593,0,12
2026-08-31T11:23:05.602686912Z,5.129439,115.599907,Cloud to Cloud,8224,9119,5
2026-08-31T11:23:05.912040257Z,14.278959,133.977045,Cloud to Ground,-15663,0,9
2026-08-31T11:23:06.121137268Z,6.770509,117.216615,Cloud to Ground,28238,0,7
2026-08-31T11:23:07.060097013Z,5.07308,115.65056,Cloud to Cloud,-20913,4404,8
2026-08-31T11:23:07.438899987Z,5.243088,115.604511,Cloud to Ground,-15332,0,6
2026-08-31T11:23:07.307046469Z,5.273764,115.599062,Cloud to Ground,-14375,0,8
2026-08-31T11:23:08.346506221Z,5.219685,115.607556,Cloud to Ground,-8957,0,6
2026-08-31T11:23:08.219914128Z,5.071087,115.530716,Cloud to Cloud,6077,5942,6
2026-08-31T11:23:08.200927259Z,5.041374,115.516231,Cloud to Ground,7786,0,5
2026-08-31T11:23:08.408784829Z,5.126587,115.617071,Cloud to Ground,9521,0,7
2026-08-31T11:23:09.383517468Z,5.161774,115.527657,Cloud to Ground,-12702,0,7
2026-08-31T11:23:09.213175547Z,6.712483,117.559561,Cloud to Cloud,-68771,12993,23
2026-08-31T11:23:09.486591495Z,6.787447,117.081735,Cloud to Cloud,21724,5449,10
2026-08-31T11:23:09.355706138Z,6.872498,117.116089,Cloud to Cloud,-5751,13960,6
2026-08-31T11:23:09.449168620Z,6.903363,117.156508,Cloud to Cloud,4681,10447,5
2026-08-31T11:23:10.359925871Z,5.04723,115.574144,Cloud to Ground,18204,0,9
2026-08-31T11:23:10.844839779Z,4.935873,115.316392,Cloud to Ground,18603,0,10
2026-08-31T11:23:11.482141403Z,5.119604,115.515452,Cloud to Cloud,6949,11711,5
2026-08-31T11:23:11.394890805Z,6.781531,117.23081,Cloud to Ground,21638,0,9
2026-08-31T11:23:13.163964463Z,6.78394,117.460166,Cloud to Ground,-25741,0,11
2026-08-31T11:23:13.146418254Z,5.060569,115.545232,Cloud to Cloud,6945,15362,7
2026-08-31T11:23:14.970026268Z,5.198194,115.53702,Cloud to Cloud,-9728,16968,6
2026-08-31T11:23:14.225638679Z,5.175908,115.612267,Cloud to Cloud,5063,5942,6
2026-08-31T11:23:14.760847417Z,5.138975,115.580333,Cloud to Ground,16714,0,7
2026-08-31T11:23:15.837911315Z,5.102548,115.557187,Cloud to Ground,-22879,0,15
2026-08-31T11:23:15.640110413Z,3.86915,114.768128,Cloud to Ground,-13600,0,7
2026-08-31T11:23:33.611638869Z,6.720129,117.499387,Cloud to Ground,-12935,0,7
2026-08-31T11:23:37.745134617Z,5.116642,115.594537,Cloud to Cloud,8211,7588,8
2026-08-31T11:23:37.966117635Z,14.643463,133.549068,Cloud to Ground,-9430,0,11
2026-08-31T11:23:37.957428384Z,14.670623,133.581287,Cloud to Ground,7059,0,8
2026-08-31T11:23:38.375647816Z,4.947901,116.716466,Cloud to Ground,-33781,0,12
2026-08-31T11:23:39.456924987Z,5.011266,115.527935,Cloud to Cloud,9880,7906,7
2026-08-31T11:23:39.441511412Z,5.019152,115.607778,Cloud to Ground,16571,0,11
2026-08-31T11:23:39.887984129Z,5.19459,115.580309,Cloud to Cloud,-8019,19917,7
2026-08-31T11:23:40.049517979Z,6.831067,117.10286,Cloud to Ground,-17752,0,11
2026-08-31T11:23:40.338963402Z,6.732075,117.343317,Cloud to Ground,21460,0,10
2026-08-31T11:23:40.914722023Z,5.077227,115.553605,Cloud to Ground,12337,0,9
2026-08-31T11:23:41.137127300Z,5.271484,115.591597,Cloud to Cloud,-12418,16263,11
2026-08-31T11:23:40.963941782Z,5.22711,115.55782,Cloud to Ground,-10166,0,6
2026-08-31T11:23:41.670339429Z,6.501175,117.816838,Cloud to Cloud,-16438,5793,7
2026-08-31T11:23:44.534993485Z,6.757382,117.079609,Cloud to Cloud,-7332,6800,6
2026-08-31T11:23:44.771943738Z,6.79719,117.118158,Cloud to Cloud,9355,18644,6
2026-08-31T11:23:45.903752688Z,5.190405,115.586121,Cloud to Cloud,9333,16061,7
2026-08-31T11:23:46.893401171Z,5.045081,115.618875,Cloud to Cloud,-9939,14962,8
2026-08-31T11:23:45.972307753Z,5.075051,115.559282,Cloud to Ground,10159,0,7
2026-08-31T11:23:46.230872248Z,5.124279,115.523914,Cloud to Ground,12185,0,7
2026-08-31T11:23:46.182042153Z,6.731527,117.480219,Cloud to Cloud,11364,3961,8
2026-08-31T11:23:47.856625609Z,5.141903,115.475736,Cloud to Ground,-19181,0,11
2026-08-31T11:23:47.889188307Z,5.137883,115.470903,Cloud to Ground,-11372,0,10
2026-08-31T11:23:47.933941878Z,6.673317,117.540327,Cloud to Ground,-23130,0,7
2026-08-31T11:23:47.548442767Z,6.795033,117.101184,Cloud to Cloud,12699,9220,9
2026-08-31T11:23:47.188002286Z,14.357526,134.130665,Cloud to Cloud,-18059,3680,14
2026-08-31T11:23:47.193120384Z,14.35467,134.075203,Cloud to Ground,-11664,0,8
2026-08-31T11:23:47.342575377Z,14.405157,134.151704,Cloud to Ground,19805,0,10
2026-08-31T11:23:47.205449321Z,14.38113,134.156175,Cloud to Ground,26181,0,13
2026-08-31T11:23:47.290447023Z,22.521304,112.668684,Cloud to Cloud,-10010,6587,7
2026-08-31T11:23:47.287424465Z,22.530275,112.61716,Cloud to Cloud,20105,19695,10
2026-08-31T11:23:48.058488521Z,5.269234,115.617458,Cloud to Cloud,-10655,10863,7
2026-08-31T11:23:48.829604687Z,5.054774,115.49542,Cloud to Ground,13902,0,8
2026-08-31T11:23:49.021164033Z,5.199815,115.619332,Cloud to Ground,17965,0,10
2026-08-31T11:23:49.844169947Z,4.314563,114.942834,Cloud to Cloud,-21983,19717,12
2026-08-31T11:23:50.415316244Z,4.340859,114.956401,Cloud to Cloud,-10049,3618,8
2026-08-31T11:23:50.070249227Z,5.187027,115.60038,Cloud to Cloud,-12981,7085,11
2026-08-31T11:23:50.337672334Z,5.1681,115.647798,Cloud to Ground,-11850,0,7
2026-08-31T11:23:50.608749147Z,5.152058,115.637905,Cloud to Ground,17262,0,7
2026-08-31T11:23:51.553078210Z,5.067068,115.541212,Cloud to Cloud,19436,7808,7
2026-08-31T11:23:51.217669007Z,15.614698,132.507548,Cloud to Ground,-36085,0,13
2026-08-31T11:23:51.617214379Z,15.621522,132.413162,Cloud to Ground,-8731,0,6
2026-08-31T11:23:51.266686000Z,15.6159,132.4144,Cloud to Ground,-5345,0,5
2026-08-31T11:23:51.850783092Z,15.66063,132.506697,Cloud to Ground,13896,0,7
2026-08-31T11:23:51.502650491Z,15.562466,132.348108,Cloud to Ground,19837,0,11
2026-08-31T11:23:52.834704863Z,6.748295,117.218034,Cloud to Ground,-53112,0,16
2026-08-31T11:24:00.548480732Z,4.877319,115.267044,Cloud to Cloud,32912,7110,8
2026-08-31T11:24:01.433917093Z,5.087786,115.612285,Cloud to Ground,-15414,0,7
2026-08-31T11:24:01.176210754Z,4.844627,115.433484,Cloud to Ground,25487,0,11
2026-08-31T11:24:03.808885483Z,6.781833,117.315532,Cloud to Cloud,-6849,3008,8
2026-08-31T11:24:03.920854093Z,6.872395,117.116684,Cloud to Cloud,-15982,11978,7
2026-08-31T11:24:03.984688579Z,6.367646,117.777934,Cloud to Ground,21377,0,7
2026-08-31T11:24:04.201957347Z,5.17943,115.568206,Cloud to Cloud,22271,17292,8
2026-08-31T11:24:04.006739090Z,6.5285,117.870962,Cloud to Cloud,26418,3003,7
2026-08-31T11:24:04.338068247Z,15.038927,133.455949,Cloud to Ground,-13244,0,8
2026-08-31T11:24:04.631974901Z,18.540426,118.206394,Cloud to Ground,-22387,0,13
2026-08-31T11:24:06.354770822Z,5.197923,115.572055,Cloud to Cloud,-16495,17024,9
2026-08-31T11:24:06.046087180Z,5.168901,115.548064,Cloud to Cloud,-13521,3055,8
2026-08-31T11:24:06.129624165Z,5.075099,115.580344,Cloud to Ground,16403,0,7
2026-08-31T11:24:06.554253586Z,5.123192,115.622977,Cloud to Ground,20892,0,13
2026-08-31T11:24:06.348515691Z,5.117187,115.547976,Cloud to Cloud,27252,17369,21
2026-08-31T11:24:06.983212289Z,6.679374,117.626873,Cloud to Ground,42882,0,7
2026-08-31T11:24:07.373312131Z,18.582841,126.704732,Cloud to Cloud,18516,6258,11
2026-08-31T11:24:08.320851221Z,5.12173,115.481758,Cloud to Ground,10444,0,8
2026-08-31T11:24:08.943825561Z,5.109615,115.609677,Cloud to Ground,14800,0,12
2026-08-31T11:24:09.326877035Z,6.574762,117.53745,Cloud to Cloud,-15327,3050,9
2026-08-31T11:24:09.082958556Z,6.582353,117.477947,Cloud to Cloud,13764,18045,10
2026-08-31T11:24:09.082044573Z,6.683199,117.452007,Cloud to Cloud,16577,4242,8
2026-08-31T11:24:10.187007123Z,5.196749,115.589971,Cloud to Cloud,10974,4311,6
2026-08-31T11:24:10.215929065Z,5.00549,115.486258,Cloud to Cloud,-14166,14921,8
2026-08-31T11:24:10.097250850Z,6.619727,117.770088,Cloud to Cloud,-12729,3006,8
2026-08-31T11:24:09.638827261Z,6.664313,117.833846,Cloud to Cloud,-12714,17457,10
2026-08-31T11:24:10.088907080Z,6.591247,117.77963,Cloud to Ground,11986,0,8
2026-08-31T11:24:10.361163083Z,6.730622,117.824617,Cloud to Ground,18616,0,12
2026-08-31T11:24:09.812515811Z,6.697871,117.807779,Cloud to Ground,20094,0,12
2026-08-31T11:24:10.056862680Z,6.574564,117.781099,Cloud to Ground,27553,0,13
2026-08-31T11:24:10.242119329Z,17.738588,133.49201,Cloud to Ground,-32751,0,12
2026-08-31T11:24:10.651615002Z,15.22832,133.76537,Cloud to Ground,-10687,0,9
2026-08-31T11:24:11.378903927Z,5.17012,115.605168,Cloud to Cloud,22574,7313,10
2026-08-31T11:24:11.991655670Z,6.727072,117.270283,Cloud to Ground,-11479,0,8
2026-08-31T11:24:11.498547528Z,21.398464,121.477662,Cloud to Cloud,8741,7155,7
2026-08-31T11:24:11.491748407Z,21.3915,121.475907,Cloud to Ground,15327,0,6
2026-08-31T11:24:12.490118036Z,5.256449,115.666243,Cloud to Cloud,-9227,3755,6
2026-08-31T11:24:12.242675067Z,5.180467,115.570417,Cloud to Ground,14740,0,11
2026-08-31T11:24:13.315958117Z,14.77171,134.742261,Cloud to Ground,-74093,0,20
2026-08-31T11:24:13.401023031Z,14.837131,134.727105,Cloud to Ground,-22793,0,10
2026-08-31T11:24:13.357129000Z,14.8445,134.7786,Cloud to Ground,-22008,0,8
2026-08-31T11:24:13.353953772Z,14.847395,134.764883,Cloud to Ground,27696,0,8
2026-08-31T11:24:13.422095931Z,14.876639,134.786038,Cloud to Ground,31967,0,9
2026-08-31T11:24:13.508190288Z,14.785057,134.797998,Cloud to Ground,39146,0,11
2026-08-31T11:24:14.173948157Z,5.184035,115.609485,Cloud to Ground,12923,0,8
2026-08-31T11:24:14.399364907Z,4.975255,115.379875,Cloud to Ground,-12067,0,7
2026-08-31T11:24:15.537954195Z,6.737902,117.049322,Cloud to Ground,-15091,0,7
2026-08-31T11:24:15.446550613Z,6.762232,117.180458,Cloud to Cloud,-10233,6248,6
2026-08-31T11:24:15.864611515Z,19.008839,114.648026,Cloud to Ground,-13905,0,10
2026-08-31T11:24:16.141271690Z,5.215482,115.562363,Cloud to Cloud,-16919,6348,7
2026-08-31T11:24:15.914291210Z,5.139602,115.582238,Cloud to Ground,13823,0,13
2026-08-31T11:24:16.192844372Z,5.088625,115.62051,Cloud to Ground,20503,0,6
2026-08-31T11:24:17.964271267Z,5.186013,115.463717,Cloud to Cloud,-8036,7402,9
2026-08-31T11:24:17.716311282Z,5.172283,115.575546,Cloud to Cloud,-9155,15612,7
2026-08-31T11:24:17.073354393Z,5.126781,115.607425,Cloud to Ground,21586,0,8
2026-08-31T11:24:17.698144669Z,5.07354,115.51437,Cloud to Ground,17152,0,8
2026-08-31T11:24:18.655970797Z,6.607935,117.834935,Cloud to Cloud,-19268,7908,7
2026-08-31T11:24:18.822243767Z,6.510394,117.834122,Cloud to Ground,16219,0,7
2026-08-31T11:24:19.186530908Z,6.50971,117.832008,Cloud to Ground,28028,0,7
2026-08-31T11:24:18.642904342Z,6.527958,117.861482,Cloud to Ground,34121,0,14
2026-08-31T11:24:18.727600379Z,6.535658,117.923815,Cloud to Ground,36113,0,10
2026-08-31T11:24:18.786915839Z,6.620619,117.872951,Cloud to Ground,36558,0,7
2026-08-31T11:24:19.853391719Z,5.099834,115.605272,Cloud to Cloud,-13326,17023,14
2026-08-31T11:24:19.364800603Z,14.197736,134.092497,Cloud to Ground,-62611,0,15
2026-08-31T11:24:20.558437733Z,4.308188,114.938138,Cloud to Cloud,9462,3213,6
2026-08-31T11:24:21.908045840Z,5.176635,115.574924,Cloud to Ground,-11538,0,6
2026-08-31T11:24:21.897124508Z,5.25157,115.623488,Cloud to Ground,26564,0,11
2026-08-31T11:24:21.701650928Z,5.244697,115.633295,Cloud to Ground,32438,0,12
2026-08-31T11:24:21.197552756Z,6.687326,117.476797,Cloud to Cloud,-8438,9216,6
2026-08-31T11:24:22.811305669Z,5.081814,115.615524,Cloud to Ground,-56489,0,13
2026-08-31T11:24:22.798788741Z,22.556115,112.598032,Cloud to Cloud,1982,7905,6
2026-08-31T11:24:22.491184000Z,5.0436,116.7436,Cloud to Ground,14113,0,5
2026-08-31T11:24:23.010839024Z,6.774622,117.20059,Cloud to Cloud,11822,3006,7
2026-08-31T11:24:23.593686354Z,6.299921,117.661053,Cloud to Cloud,12476,4288,6
2026-08-31T11:24:23.589362027Z,6.336043,117.719786,Cloud to Ground,35693,0,11
2026-08-31T11:24:23.588048579Z,6.335524,117.764832,Cloud to Ground,37093,0,7
2026-08-31T11:24:23.965338078Z,5.078519,115.351465,Cloud to Ground,-8690,0,7
2026-08-31T11:24:24.888412669Z,5.063444,115.571707,Cloud to Cloud,-16443,8693,8
2026-08-31T11:24:24.703427901Z,5.097248,115.553365,Cloud to Cloud,-15864,7277,13
2026-08-31T11:24:24.750162800Z,5.103882,115.565103,Cloud to Cloud,-12827,3095,7
2026-08-31T11:24:24.718118870Z,5.073222,115.542001,Cloud to Cloud,7627,19281,6
2026-08-31T11:24:24.909091794Z,5.271343,115.590521,Cloud to Cloud,-18131,10598,11
2026-08-31T11:24:24.991961910Z,5.239675,115.605833,Cloud to Cloud,11832,13611,7
2026-08-31T11:24:25.859969479Z,5.230031,115.618434,Cloud to Cloud,-17111,14327,13
2026-08-31T11:24:26.177957151Z,6.792521,117.497357,Cloud to Cloud,-14458,17448,9
2026-08-31T11:24:26.057596532Z,6.511002,117.51237,Cloud to Cloud,11729,5798,9
2026-08-31T11:24:26.907235936Z,22.571987,112.814745,Cloud to Cloud,-8841,3040,7
2026-08-31T11:24:26.892401944Z,22.542313,112.858047,Cloud to Ground,-6359,0,8
2026-08-31T11:24:27.169634946Z,22.837827,112.626217,Cloud to Ground,110038,0,11
2026-08-31T11:24:27.903199559Z,22.788048,112.457272,Cloud to Ground,23758,0,9
2026-08-31T11:24:27.593589019Z,22.757804,112.68349,Cloud to Ground,-40630,0,14
2026-08-31T11:24:27.533136037Z,22.755451,112.672062,Cloud to Ground,-27590,0,8
2026-08-31T11:24:27.432895291Z,22.68844,112.662863,Cloud to Ground,61683,0,9
2026-08-31T11:24:29.557443485Z,5.154506,115.544672,Cloud to Ground,11348,0,7
2026-08-31T11:24:29.005144558Z,5.187518,115.619,Cloud to Cloud,11443,4539,7
2026-08-31T11:24:29.156330813Z,22.699247,111.989463,Cloud to Cloud,4114,6836,7
2026-08-31T11:24:30.446126959Z,6.751489,117.183178,Cloud to Cloud,-12644,3217,7
2026-08-31T11:24:30.200415150Z,6.77184,117.361527,Cloud to Ground,36523,0,8
2026-08-31T11:24:30.129980656Z,14.299072,134.395234,Cloud to Ground,9483,0,7
2026-08-31T11:24:30.516262366Z,14.273489,134.354767,Cloud to Ground,64032,0,8
2026-08-31T11:24:30.834372000Z,14.2813,134.1759,Cloud to Ground,-15471,0,9
2026-08-31T11:24:31.456678394Z,5.104031,115.594332,Cloud to Ground,10991,0,8
2026-08-31T11:24:31.170855719Z,5.115087,115.618691,Cloud to Ground,13869,0,9
2026-08-31T11:24:31.298257915Z,5.10519,115.579143,Cloud to Ground,22036,0,7
2026-08-31T11:24:30.612277141Z,5.095548,115.492554,Cloud to Ground,33066,0,9
2026-08-31T11:24:31.131375066Z,5.209302,115.62345,Cloud to Ground,36708,0,24
2026-08-31T11:24:31.224834134Z,5.18271,115.640013,Cloud to Ground,50570,0,9
2026-08-31T11:24:31.348702664Z,15.140224,133.202317,Cloud to Ground,23064,0,11
2026-08-31T11:24:33.861462326Z,5.138034,115.530287,Cloud to Ground,-21976,0,13
2026-08-31T11:24:33.416482391Z,5.118759,115.506287,Cloud to Ground,-12600,0,7
2026-08-31T11:24:33.161702697Z,6.73722,117.025311,Cloud to Ground,23563,0,7
2026-08-31T11:24:34.586407396Z,5.228922,115.535231,Cloud to Ground,-14544,0,11
2026-08-31T11:24:34.707621016Z,5.146085,115.578531,Cloud to Cloud,-11793,6525,6
2026-08-31T11:24:35.763392400Z,5.087361,115.517898,Cloud to Cloud,9934,3010,5
2026-08-31T11:24:35.639829434Z,5.187088,115.53292,Cloud to Cloud,-12928,16670,8
2026-08-31T11:24:36.397120755Z,6.709994,117.240952,Cloud to Ground,45288,0,7
2026-08-31T11:24:36.281922852Z,5.709849,117.13247,Cloud to Ground,-16550,0,10
2026-08-31T11:24:36.309476628Z,5.717669,117.12401,Cloud to Ground,27427,0,8
2026-08-31T11:24:36.285627693Z,6.847729,117.735362,Cloud to Ground,22775,0,12
2026-08-31T11:24:36.750232305Z,6.805696,117.215506,Cloud to Cloud,-12760,19902,6
2026-08-31T11:24:36.522519258Z,5.07002,115.533105,Cloud to Ground,13933,0,8
2026-08-31T11:24:36.288376069Z,6.709626,117.775923,Cloud to Ground,-16904,0,7
2026-08-31T11:24:36.090376463Z,14.36867,134.155502,Cloud to Cloud,-12024,3129,10
2026-08-31T11:24:37.164236437Z,5.078703,115.424135,Cloud to Ground,13046,0,10
2026-08-31T11:24:37.127591795Z,5.165448,115.471046,Cloud to Cloud,-9954,7276,7
2026-08-31T11:24:37.211597716Z,3.935563,114.97311,Cloud to Ground,-15055,0,10
2026-08-31T11:24:37.533148935Z,3.870618,114.945402,Cloud to Ground,16817,0,7
2026-08-31T11:24:37.108218236Z,3.859452,114.965355,Cloud to Ground,26019,0,12
2026-08-31T11:24:37.158353615Z,6.836129,117.083407,Cloud to Cloud,18570,3081,7
2026-08-31T11:24:37.255855706Z,19.49828,119.612858,Cloud to Cloud,-17777,11337,14
2026-08-31T11:24:37.404559922Z,18.949135,114.548097,Cloud to Cloud,9406,3571,8
2026-08-31T11:24:37.403092454Z,18.978597,114.492723,Cloud to Cloud,16659,3031,8
2026-08-31T11:24:38.991154653Z,5.101695,115.529682,Cloud to Cloud,10445,3066,6
2026-08-31T11:24:38.710382324Z,14.633599,133.674252,Cloud to Ground,16079,0,11
2026-08-31T11:24:38.712209543Z,14.634092,133.677956,Cloud to Ground,18109,0,10
2026-08-31T11:24:39.767064146Z,5.066898,115.53357,Cloud to Cloud,22008,14976,7
2026-08-31T11:24:40.385291000Z,6.8209,117.495,Cloud to Ground,16490,0,5
2026-08-31T11:24:41.917519638Z,6.760127,117.474024,Cloud to Cloud,17927,7849,8
2026-08-31T11:24:41.945058712Z,6.756925,117.460114,Cloud to Cloud,18225,19284,11
2026-08-31T11:24:42.790250137Z,6.837506,117.210926,Cloud to Ground,44971,0,7
2026-08-31T11:24:42.673771533Z,6.744989,117.263524,Cloud to Ground,32473,0,15
2026-08-31T11:24:41.222623955Z,5.2068,115.662186,Cloud to Cloud,-20019,12166,17
2026-08-31T11:24:41.569427121Z,5.17668,115.62562,Cloud to Cloud,10568,12848,7
2026-08-31T11:24:42.063969438Z,5.179653,115.543075,Cloud to Ground,12431,0,9
2026-08-31T11:24:44.545213881Z,6.655798,117.459089,Cloud to Cloud,10350,3493,7
2026-08-31T11:24:43.997034864Z,6.693469,117.39099,Cloud to Ground,32423,0,12
2026-08-31T11:24:43.446593247Z,5.188745,115.485451,Cloud to Ground,-19031,0,9
2026-08-31T11:24:43.545390554Z,5.157852,115.451353,Cloud to Cloud,13119,8906,7
2026-08-31T11:24:44.382295184Z,6.790305,117.497132,Cloud to Ground,28336,0,7
2026-08-31T11:24:43.589937694Z,6.676051,117.5103,Cloud to Ground,44793,0,16
2026-08-31T11:24:43.771972630Z,6.777269,117.489958,Cloud to Ground,45044,0,8
2026-08-31T11:24:43.703165323Z,6.683992,117.577335,Cloud to Ground,63482,0,20
2026-08-31T11:24:43.640657889Z,6.764287,117.523771,Cloud to Ground,84341,0,24
2026-08-31T11:24:44.536209431Z,5.056415,115.406004,Cloud to Ground,28470,0,9
2026-08-31T11:24:44.548344193Z,5.108805,115.611831,Cloud to Ground,-15353,0,10
2026-08-31T11:24:44.216808745Z,5.068084,115.533288,Cloud to Ground,23730,0,7
2026-08-31T11:24:44.235593288Z,6.765663,117.190631,Cloud to Cloud,15492,3165,6
2026-08-31T11:24:44.031931095Z,14.370664,134.154888,Cloud to Ground,-15554,0,6
2026-08-31T11:24:45.643204000Z,5.16097,115.613735,Cloud to Ground,16921,0,8
2026-08-31T11:24:46.420042817Z,5.640788,117.214676,Cloud to Cloud,-5876,17226,7
2026-08-31T11:24:46.398974304Z,5.669385,117.142777,Cloud to Ground,24938,0,9
2026-08-31T11:24:48.609159667Z,6.706084,117.292089,Cloud to Ground,17479,0,6
2026-08-31T11:24:48.554273671Z,6.706423,117.294273,Cloud to Ground,18822,0,6
2026-08-31T11:24:48.444204956Z,6.705587,117.294648,Cloud to Ground,21119,0,7
2026-08-31T11:24:48.106979197Z,6.70986,117.304196,Cloud to Ground,34302,0,9
2026-08-31T11:24:48.027349937Z,6.801359,117.345481,Cloud to Ground,35826,0,12
2026-08-31T11:24:48.069356403Z,6.714099,117.331771,Cloud to Ground,75902,0,11
2026-08-31T11:24:47.976514607Z,6.873037,117.38319,Cloud to Ground,93447,0,10
2026-08-31T11:24:47.309659265Z,6.53261,117.652255,Cloud to Cloud,20100,14794,8
2026-08-31T11:24:47.557021336Z,20.38128,120.637854,Cloud to Cloud,10846,16144,6
2026-08-31T11:24:48.575534746Z,5.193878,115.558056,Cloud to Cloud,-23886,4918,22
2026-08-31T11:24:48.966334114Z,5.00249,115.500709,Cloud to Cloud,-23302,7123,13
2026-08-31T11:24:48.016494242Z,5.101929,115.603976,Cloud to Ground,23968,0,9
2026-08-31T11:24:48.241377146Z,6.772792,117.115028,Cloud to Ground,19752,0,12
2026-08-31T11:24:49.365311613Z,6.760844,117.473581,Cloud to Cloud,-12015,12293,7
2026-08-31T11:24:49.164670393Z,22.767934,112.632651,Cloud to Cloud,-17110,3042,16
2026-08-31T11:24:49.547972303Z,22.75108,112.40297,Cloud to Ground,9172,0,7
2026-08-31T11:24:50.302793183Z,5.103715,115.554849,Cloud to Cloud,-11289,15331,7
2026-08-31T11:24:50.977633737Z,6.722018,117.096633,Cloud to Cloud,-16356,5549,8
2026-08-31T11:24:52.386309576Z,18.917721,119.721886,Cloud to Ground,-47328,0,12
2026-08-31T11:24:52.414332371Z,18.91574,119.7176,Cloud to Ground,-7855,0,6
2026-08-31T11:24:54.211012525Z,14.260745,134.937014,Cloud to Ground,16974,0,13
2026-08-31T11:24:55.179963935Z,5.177321,115.617673,Cloud to Ground,14018,0,7
2026-08-31T11:24:55.490186741Z,5.212872,115.519804,Cloud to Cloud,-15855,3072,8
2026-08-31T11:24:56.349626439Z,5.130753,115.651255,Cloud to Ground,11716,0,6
2026-08-31T11:24:57.451150674Z,5.100939,115.575177,Cloud to Cloud,16905,6280,8
2026-08-31T11:24:56.751877330Z,5.089521,115.537565,Cloud to Ground,18821,0,6
2026-08-31T11:24:57.378723779Z,5.13695,115.666616,Cloud to Ground,-15441,0,6
2026-08-31T11:24:57.417959149Z,5.21761,115.701683,Cloud to Ground,-12044,0,8
2026-08-31T11:24:57.399322522Z,5.248204,115.62558,Cloud to Cloud,-11791,3408,6
2026-08-31T11:24:57.515104000Z,6.8235,117.7119,Cloud to Ground,-12935,0,6
2026-08-31T11:24:58.482924295Z,6.846473,117.215419,Cloud to Cloud,-16132,9731,7
2026-08-31T11:24:58.706801808Z,6.719837,117.228387,Cloud to Ground,-14307,0,7
2026-08-31T11:24:58.609332004Z,5.625148,117.150301,Cloud to Cloud,-10269,3005,8
2026-08-31T11:24:59.237538192Z,17.696444,133.512418,Cloud to Cloud,-18368,3201,10
2026-08-31T11:25:00.769673096Z,5.195044,115.613587,Cloud to Ground,11331,0,8
2026-08-31T11:25:00.197986195Z,15.329848,133.822857,Cloud to Ground,22472,0,14
2026-08-31T11:25:01.720126354Z,5.191271,115.543462,Cloud to Cloud,-19600,5351,10
2026-08-31T11:25:01.841909592Z,5.193552,115.591457,Cloud to Ground,-17845,0,10
2026-08-31T11:25:01.744941072Z,5.157082,115.505497,Cloud to Cloud,16989,4216,10
2026-08-31T11:25:01.834869000Z,5.1904,115.517,Cloud to Ground,22694,0,6
2026-08-31T11:25:02.267662834Z,5.19945,115.572866,Cloud to Ground,24073,0,13
2026-08-31T11:25:03.840209802Z,6.649767,117.678919,Cloud to Cloud,17653,3744,6
2026-08-31T11:25:04.027617339Z,5.587116,117.17695,Cloud to Cloud,20062,7048,15
2026-08-31T11:25:04.586416903Z,5.187465,115.599433,Cloud to Cloud,8774,9231,6
2026-08-31T11:25:04.358778268Z,5.192979,115.589654,Cloud to Cloud,8879,9174,7
2026-08-31T11:25:04.342889748Z,5.179769,115.592941,Cloud to Ground,21604,0,5
2026-08-31T11:25:05.162912875Z,6.736331,117.161443,Cloud to Ground,21283,0,8
2026-08-31T11:25:05.469145396Z,5.092394,115.623225,Cloud to Ground,-24976,0,16
2026-08-31T11:25:05.719813910Z,5.147464,115.54743,Cloud to Ground,-15522,0,7
2026-08-31T11:25:05.667007369Z,5.140916,115.514385,Cloud to Cloud,-9742,3066,10
2026-08-31T11:25:05.645613730Z,22.525111,111.849947,Cloud to Cloud,11569,4073,7
2026-08-31T11:25:05.645014644Z,22.543263,111.862975,Cloud to Cloud,14901,11466,9
2026-08-31T11:25:06.610028863Z,7.021509,116.606073,Cloud to Ground,-15524,0,8
2026-08-31T11:25:07.133412961Z,6.751313,117.281324,Cloud to Ground,27139,0,11
2026-08-31T11:25:08.483267854Z,5.165269,115.606561,Cloud to Cloud,-12173,3039,12
2026-08-31T11:25:09.116217027Z,6.290091,117.712555,Cloud to Ground,46492,0,9
2026-08-31T11:25:10.901233837Z,5.220627,115.604618,Cloud to Cloud,12249,5443,7
2026-08-31T11:25:10.945215375Z,5.073653,115.471308,Cloud to Ground,14695,0,10
2026-08-31T11:25:11.157673854Z,6.730601,117.482538,Cloud to Cloud,15053,19455,10
2026-08-31T11:25:12.413749937Z,6.684216,117.530892,Cloud to Cloud,-13578,16381,11
2026-08-31T11:25:12.722474524Z,6.657714,117.566901,Cloud to Ground,17658,0,16
2026-08-31T11:25:12.773679069Z,6.701325,117.497544,Cloud to Cloud,19952,3837,7
2026-08-31T11:25:12.772360243Z,6.652799,117.470278,Cloud to Ground,24359,0,7
2026-08-31T11:25:13.121746935Z,6.657026,117.555482,Cloud to Ground,40345,0,17
2026-08-31T11:25:12.897541125Z,6.633018,117.429854,Cloud to Ground,64828,0,12
2026-08-31T11:25:12.458311817Z,5.095905,115.603112,Cloud to Ground,-12043,0,7
2026-08-31T11:25:12.539919761Z,14.971601,134.511507,Cloud to Ground,-27532,0,14
2026-08-31T11:25:12.552559305Z,15.025905,134.551392,Cloud to Ground,-23642,0,10
2026-08-31T11:25:12.545714110Z,15.022109,133.422918,Cloud to Ground,10623,0,9
2026-08-31T11:25:13.521521000Z,5.1703,115.5733,Cloud to Ground,-2177,0,5
2026-08-31T11:25:14.295701520Z,5.005153,115.544561,Cloud to Ground,11529,0,7
2026-08-31T11:25:13.379702670Z,5.170303,115.580102,Cloud to Ground,21193,0,8
2026-08-31T11:25:13.751788855Z,5.057176,115.510302,Cloud to Cloud,21556,4511,12
2026-08-31T11:25:13.186566963Z,5.13124,115.543123,Cloud to Ground,22566,0,11
2026-08-31T11:25:13.566987771Z,5.174214,115.584252,Cloud to Ground,22986,0,7
2026-08-31T11:25:13.539464960Z,5.139191,115.520791,Cloud to Ground,24350,0,8
2026-08-31T11:25:13.274439019Z,5.286927,115.636561,Cloud to Cloud,17545,3012,6
2026-08-31T11:25:13.338798220Z,6.718847,117.248199,Cloud to Ground,17065,0,12
2026-08-31T11:25:14.653422645Z,17.724654,133.522043,Cloud to Ground,-16071,0,6
2026-08-31T11:25:15.973319773Z,6.788514,117.203825,Cloud to Cloud,13937,15103,6
2026-08-31T11:25:15.944091257Z,5.111607,115.532363,Cloud to Ground,-10168,0,7
2026-08-31T11:25:15.919987122Z,5.123014,115.494686,Cloud to Ground,17097,0,12
2026-08-31T11:25:16.149778321Z,6.745931,117.084934,Cloud to Cloud,12545,5966,10
2026-08-31T11:25:16.175851694Z,6.69694,117.473098,Cloud to Cloud,-12572,5514,9
2026-08-31T11:25:16.156558087Z,6.746057,117.561426,Cloud to Ground,-24103,0,9
2026-08-31T11:25:16.538262432Z,6.69092,117.29262,Cloud to Cloud,-15819,4901,7
2026-08-31T11:25:16.283246141Z,15.294196,133.692774,Cloud to Ground,-16421,0,15
2026-08-31T11:25:17.469705347Z,4.97961,116.747,Cloud to Ground,-16129,0,10
2026-08-31T11:25:17.469108283Z,4.966627,116.732084,Cloud to Ground,-15382,0,10
2026-08-31T11:25:17.562610260Z,4.9662,116.688798,Cloud to Ground,8746,0,6
2026-08-31T11:25:18.303821841Z,5.166349,115.556887,Cloud to Cloud,-13212,14073,7
2026-08-31T11:25:18.672946066Z,5.06889,115.634812,Cloud to Cloud,-8543,15400,8
2026-08-31T11:25:17.551317613Z,5.199887,115.515654,Cloud to Cloud,9841,14430,7
2026-08-31T11:25:18.842682472Z,5.158972,115.610416,Cloud to Ground,11190,0,6
2026-08-31T11:25:18.052207979Z,5.188487,115.596085,Cloud to Ground,14608,0,6
2026-08-31T11:25:18.658813964Z,5.074516,115.586343,Cloud to Cloud,19822,3293,5
2026-08-31T11:25:19.010529070Z,5.680463,117.183694,Cloud to Cloud,-13508,17147,7
2026-08-31T11:25:20.706705272Z,4.992359,115.464299,Cloud to Cloud,8691,3004,9
2026-08-31T11:25:20.110211302Z,5.137671,115.607189,Cloud to Ground,13106,0,8
2026-08-31T11:25:20.851232452Z,6.812461,117.232058,Cloud to Cloud,16641,12002,9
2026-08-31T11:25:20.160734093Z,5.254223,115.658515,Cloud to Cloud,-9925,4108,6
2026-08-31T11:25:20.974497737Z,18.781477,131.292842,Cloud to Ground,35328,0,9
2026-08-31T11:25:21.239770810Z,6.715774,117.219103,Cloud to Ground,19083,0,8
2026-08-31T11:25:21.266437515Z,19.016062,131.357112,Cloud to Ground,-27981,0,10
2026-08-31T11:25:22.529403116Z,6.648492,117.494032,Cloud to Ground,24287,0,12
2026-08-31T11:25:22.120744670Z,5.29668,115.604207,Cloud to Ground,22420,0,8
2026-08-31T11:25:22.799598129Z,6.761372,117.220245,Cloud to Cloud,29515,16609,9
2026-08-31T11:25:22.458521225Z,4.322443,114.945315,Cloud to Cloud,-10510,3040,6
2026-08-31T11:25:23.156372769Z,5.165048,115.61048,Cloud to Ground,10587,0,9
2026-08-31T11:25:24.192481525Z,6.86047,117.355615,Cloud to Ground,24848,0,9
2026-08-31T11:25:24.568025929Z,6.86843,117.107381,Cloud to Cloud,11798,3076,8
2026-08-31T11:25:24.731056452Z,6.881313,117.068906,Cloud to Cloud,19255,13785,7
2026-08-31T11:25:24.798324952Z,5.157657,115.571537,Cloud to Cloud,-11560,17523,8
2026-08-31T11:25:25.824935389Z,5.24791,115.631651,Cloud to Ground,15474,0,7
2026-08-31T11:25:26.221009104Z,5.129396,115.509755,Cloud to Cloud,-14904,11897,12
2026-08-31T11:25:25.676620527Z,5.147949,115.593449,Cloud to Ground,15310,0,8
2026-08-31T11:25:25.626016324Z,5.152558,115.604537,Cloud to Ground,21160,0,9
2026-08-31T11:25:25.889290458Z,5.159235,115.605976,Cloud to Ground,21902,0,7
2026-08-31T11:25:25.507375243Z,5.15327,115.630802,Cloud to Ground,23266,0,14
2026-08-31T11:25:25.452817104Z,6.739564,117.635317,Cloud to Cloud,-19472,11721,7
2026-08-31T11:25:28.598132647Z,5.245232,115.62697,Cloud to Cloud,-17802,16269,12
2026-08-31T11:25:28.630126746Z,6.794588,117.213214,Cloud to Cloud,15260,3604,7
2026-08-31T11:25:29.326613043Z,5.593556,117.20334,Cloud to Ground,17547,0,10
2026-08-31T11:25:29.252361235Z,5.618191,117.175172,Cloud to Ground,22815,0,12
2026-08-31T11:25:29.098296909Z,5.726313,117.214596,Cloud to Ground,23445,0,7
2026-08-31T11:25:29.255773444Z,14.815998,134.785375,Cloud to Ground,-20468,0,11
2026-08-31T11:25:29.177839651Z,14.881774,134.795494,Cloud to Ground,-16633,0,10
2026-08-31T11:25:29.226050715Z,14.865159,134.807633,Cloud to Ground,-15738,0,10
2026-08-31T11:25:30.107239159Z,5.168868,115.649457,Cloud to Cloud,-19249,3911,9
2026-08-31T11:25:29.919262964Z,5.217348,115.619178,Cloud to Cloud,8774,3048,7
2026-08-31T11:25:30.840383856Z,5.255787,115.624036,Cloud to Cloud,-14890,15998,9
2026-08-31T11:25:30.831047632Z,5.220935,115.622638,Cloud to Ground,-14148,0,8
2026-08-31T11:25:30.267764169Z,17.719539,133.490123,Cloud to Ground,-14238,0,8
2026-08-31T11:25:31.708066000Z,5.1738,115.5101,Cloud to Ground,-19569,0,6
2026-08-31T11:25:32.475904829Z,5.253472,115.59855,Cloud to Cloud,-14456,10938,10
2026-08-31T11:25:31.855967518Z,5.157585,115.546651,Cloud to Cloud,-11431,18435,7
2026-08-31T11:25:31.972123157Z,5.208233,115.612745,Cloud to Cloud,-8822,8902,8
2026-08-31T11:25:31.956312264Z,5.22536,115.625784,Cloud to Cloud,-7334,19374,7
2026-08-31T11:25:32.844314000Z,15.1946,133.219,Cloud to Ground,-8670,0,6
2026-08-31T11:25:33.923553766Z,5.183111,115.531809,Cloud to Cloud,-12915,7505,7
2026-08-31T11:25:33.939628975Z,5.14628,115.49364,Cloud to Cloud,-8979,4061,7
2026-08-31T11:25:33.458606330Z,5.055042,115.624219,Cloud to Ground,-10753,0,7
2026-08-31T11:25:33.219993244Z,6.511622,117.953463,Cloud to Ground,-17376,0,8
2026-08-31T11:25:34.824991785Z,14.335426,134.123192,Cloud to Ground,-12652,0,8
2026-08-31T11:25:35.443281829Z,3.090131,114.563103,Cloud to Ground,12143,0,10
2026-08-31T11:25:35.335117803Z,3.17139,114.59064,Cloud to Ground,13734,0,8
2026-08-31T11:25:35.332094600Z,3.151254,114.599159,Cloud to Ground,14116,0,9
2026-08-31T11:25:36.007566638Z,17.80527,133.596586,Cloud to Ground,19631,0,10
2026-08-31T11:25:35.988832117Z,17.727131,133.609757,Cloud to Ground,42171,0,12
2026-08-31T11:25:35.937561003Z,17.712352,133.610294,Cloud to Ground,69533,0,13
2026-08-31T11:25:36.185782325Z,5.028256,115.540975,Cloud to Cloud,-12797,17443,7
2026-08-31T11:25:36.452425207Z,5.03024,115.594428,Cloud to Ground,24875,0,14
2026-08-31T11:25:36.175539127Z,5.16622,115.638331,Cloud to Ground,12576,0,8
2026-08-31T11:25:36.340653913Z,5.667127,117.130902,Cloud to Cloud,-15005,6944,10
2026-08-31T11:25:36.824739226Z,14.469582,133.986456,Cloud to Ground,24696,0,10
2026-08-31T11:25:36.809294802Z,14.161389,134.09467,Cloud to Ground,-29726,0,18
2026-08-31T11:25:37.257754007Z,4.983474,115.503203,Cloud to Cloud,7994,15924,6
2026-08-31T11:25:38.558725088Z,6.731256,117.180747,Cloud to Ground,26979,0,7
2026-08-31T11:25:38.526826186Z,6.757148,117.244035,Cloud to Ground,29114,0,12
2026-08-31T11:25:38.249050728Z,5.274458,115.66627,Cloud to Cloud,6771,6270,5
2026-08-31T11:25:38.196233753Z,5.279691,115.581068,Cloud to Cloud,23685,3996,7
2026-08-31T11:25:39.897416727Z,5.14699,115.660487,Cloud to Ground,-21915,0,6
2026-08-31T11:25:39.083070186Z,22.806394,112.597225,Cloud to Ground,-18327,0,11
2026-08-31T11:25:39.043461096Z,22.890823,112.533017,Cloud to Cloud,-13659,3414,9
2026-08-31T11:25:39.067016000Z,22.8985,112.598,Cloud to Ground,12357,0,5
2026-08-31T11:25:39.033767084Z,22.842623,112.582307,Cloud to Ground,232802,0,9
2026-08-31T11:25:40.604538996Z,5.224423,115.632231,Cloud to Ground,26844,0,5
2026-08-31T11:25:40.049605723Z,5.212241,115.539951,Cloud to Ground,-16005,0,15
2026-08-31T11:25:40.225141804Z,5.10832,115.474671,Cloud to Ground,14774,0,10
2026-08-31T11:25:40.832233304Z,5.039204,115.562434,Cloud to Cloud,11505,12421,6
2026-08-31T11:25:40.734036514Z,14.783066,134.936989,Cloud to Ground,-36688,0,9
2026-08-31T11:25:40.766036308Z,14.855307,134.932429,Cloud to Ground,-17120,0,9
2026-08-31T11:25:40.731209481Z,14.806413,134.96901,Cloud to Ground,-14344,0,5
2026-08-31T11:25:40.063829006Z,14.297318,133.835644,Cloud to Ground,21776,0,7
2026-08-31T11:25:40.064966680Z,14.254931,133.839267,Cloud to Ground,28678,0,9
2026-08-31T11:25:40.066140686Z,14.390422,133.865748,Cloud to Ground,-21073,0,8
2026-08-31T11:25:40.350083449Z,22.911132,112.595326,Cloud to Ground,17552,0,8
2026-08-31T11:25:40.695980741Z,22.809586,112.415484,Cloud to Cloud,9592,7558,7
2026-08-31T11:25:40.343839000Z,22.8629,112.6931,Cloud to Ground,-62010,0,5
2026-08-31T11:25:40.466540000Z,22.8373,112.5106,Cloud to Ground,-22637,0,5
2026-08-31T11:25:41.905441096Z,5.000247,115.529513,Cloud to Ground,20296,0,10
2026-08-31T11:25:42.959741940Z,5.075199,115.513427,Cloud to Cloud,-18254,3022,20
2026-08-31T11:25:42.831229408Z,14.377663,134.165095,Cloud to Ground,-13591,0,12
2026-08-31T11:25:43.310197343Z,5.214008,115.575995,Cloud to Ground,19606,0,6
2026-08-31T11:25:43.407602226Z,6.788085,117.088917,Cloud to Cloud,-12175,5280,7
2026-08-31T11:25:43.265422811Z,2.893802,115.697481,Cloud to Ground,-25819,0,11
2026-08-31T11:25:43.279807348Z,2.860231,115.691426,Cloud to Ground,-24244,0,10
2026-08-31T11:25:44.865495718Z,5.264514,115.611725,Cloud to Ground,18234,0,7
2026-08-31T11:25:44.751187909Z,5.104716,115.511111,Cloud to Ground,-9593,0,8
2026-08-31T11:25:45.878192398Z,5.130841,115.588323,Cloud to Ground,8440,0,6
2026-08-31T11:25:44.629045487Z,5.173988,115.550466,Cloud to Cloud,11389,16118,7
2026-08-31T11:25:45.272653764Z,5.07082,115.582475,Cloud to Ground,12640,0,6
2026-08-31T11:25:45.877510271Z,5.131294,115.597171,Cloud to Ground,14256,0,6
2026-08-31T11:25:45.961513229Z,5.168366,115.632921,Cloud to Ground,23373,0,13
2026-08-31T11:25:44.842852282Z,5.156621,115.629678,Cloud to Ground,26244,0,13
2026-08-31T11:25:45.770261369Z,5.189707,115.630426,Cloud to Ground,26490,0,9
2026-08-31T11:25:46.935683337Z,5.206084,115.609708,Cloud to Ground,21121,0,7
2026-08-31T11:25:46.901305768Z,6.844451,117.193745,Cloud to Ground,-20923,0,12
2026-08-31T11:25:46.925081999Z,6.876388,117.228514,Cloud to Cloud,5174,18365,5
2026-08-31T11:25:46.051293596Z,6.648088,117.524259,Cloud to Ground,23814,0,12
2026-08-31T11:25:48.100725271Z,5.141413,115.507939,Cloud to Cloud,-19786,3121,9
2026-08-31T11:25:49.439498549Z,5.251347,115.58296,Cloud to Cloud,-16129,5184,10
2026-08-31T11:25:49.290553000Z,19.2763,118.2467,Cloud to Ground,-12906,0,6
2026-08-31T11:25:50.508852126Z,5.244352,115.627322,Cloud to Cloud,-15161,5956,7
2026-08-31T11:25:50.545307325Z,5.129764,115.593894,Cloud to Cloud,6166,3245,7
2026-08-31T11:25:51.592324052Z,5.002952,115.565983,Cloud to Cloud,-16413,11455,9
2026-08-31T11:25:51.930767983Z,5.169707,115.500619,Cloud to Cloud,34957,17095,18
2026-08-31T11:25:51.251607624Z,6.733808,117.545295,Cloud to Cloud,21884,3016,12
2026-08-31T11:25:52.137222803Z,5.092837,115.629262,Cloud to Cloud,-13558,3782,8
2026-08-31T11:25:52.092015405Z,5.099683,115.599776,Cloud to Ground,9939,0,8
2026-08-31T11:25:52.121716177Z,5.122632,115.594296,Cloud to Ground,13648,0,9
2026-08-31T11:25:52.082377056Z,5.126164,115.590339,Cloud to Ground,13940,0,8
2026-08-31T11:25:52.107268498Z,5.101664,115.600651,Cloud to Ground,14156,0,10
2026-08-31T11:25:51.944487190Z,5.176579,115.626997,Cloud to Ground,15819,0,8
2026-08-31T11:25:52.073535886Z,5.11337,115.595231,Cloud to Ground,16233,0,10
2026-08-31T11:25:52.178658093Z,6.768819,117.461043,Cloud to Cloud,-11966,3047,6
2026-08-31T11:25:52.646171501Z,6.780138,117.378008,Cloud to Cloud,21401,17800,7
2026-08-31T11:25:53.464407408Z,5.21725,115.704244,Cloud to Ground,-22296,0,9
2026-08-31T11:25:54.148314662Z,5.211171,115.650324,Cloud to Ground,-13368,0,7
2026-08-31T11:25:53.327519914Z,6.803343,117.074146,Cloud to Cloud,5698,4588,8
2026-08-31T11:25:54.123851329Z,5.668811,117.215025,Cloud to Cloud,-14327,17998,8
2026-08-31T11:25:54.013263715Z,5.656962,117.184843,Cloud to Ground,21187,0,10
2026-08-31T11:25:54.770974356Z,5.015688,115.507308,Cloud to Ground,20493,0,12
2026-08-31T11:25:55.589856686Z,6.725199,117.796197,Cloud to Ground,25970,0,12
2026-08-31T11:25:55.837012738Z,6.681911,117.486,Cloud to Cloud,15463,3363,13
2026-08-31T11:25:55.984090214Z,6.776892,117.498163,Cloud to Ground,-13953,0,6
2026-08-31T11:25:56.000943703Z,14.331563,134.111988,Cloud to Ground,18149,0,8
2026-08-31T11:25:57.298968520Z,5.164591,115.630066,Cloud to Ground,13989,0,10
2026-08-31T11:25:57.160578609Z,6.773873,117.237362,Cloud to Ground,-17573,0,7
2026-08-31T11:25:59.529944561Z,5.12924,115.461387,Cloud to Cloud,10336,3068,8
2026-08-31T11:25:58.820885299Z,5.09349,115.525691,Cloud to Cloud,13808,17185,7
2026-08-31T11:25:59.047335324Z,5.071928,115.523695,Cloud to Ground,18079,0,12
2026-08-31T11:26:00.999770047Z,6.844497,117.224564,Cloud to Ground,54292,0,7
2026-08-31T11:26:00.880643465Z,6.747888,117.214541,Cloud to Ground,27843,0,10
2026-08-31T11:26:00.829272505Z,6.742489,117.23795,Cloud to Ground,72340,0,17
2026-08-31T11:26:01.053546044Z,6.663421,117.470383,Cloud to Ground,45147,0,15
2026-08-31T11:26:01.582287938Z,15.367453,133.900493,Cloud to Ground,-16146,0,8
2026-08-31T11:26:02.005076706Z,5.208776,115.599596,Cloud to Cloud,-7651,3004,7
2026-08-31T11:26:02.384780720Z,5.23929,115.618839,Cloud to Ground,12364,0,7
2026-08-31T11:26:02.300051549Z,5.257664,115.629925,Cloud to Ground,20719,0,9
2026-08-31T11:26:03.603899219Z,18.905484,119.764176,Cloud to Cloud,6094,14279,5
2026-08-31T11:26:04.024763288Z,6.628872,117.157721,Cloud to Cloud,14041,6382,7
2026-08-31T11:26:04.937685188Z,5.009273,115.55494,Cloud to Ground,16806,0,10
2026-08-31T11:26:04.303142988Z,5.117284,115.708028,Cloud to Cloud,-12363,6206,10
2026-08-31T11:26:04.584987896Z,5.213852,115.574905,Cloud to Ground,-21746,0,7
2026-08-31T11:26:04.629316040Z,5.240573,115.590843,Cloud to Ground,-19875,0,17
2026-08-31T11:26:05.537671127Z,6.59076,117.493799,Cloud to Cloud,-10438,16447,8
2026-08-31T11:26:05.926853461Z,6.802292,117.453572,Cloud to Cloud,-18774,4566,7
2026-08-31T11:26:05.412675661Z,5.192273,115.752437,Cloud to Cloud,14323,5427,7
2026-08-31T11:26:05.767262502Z,5.157565,115.590727,Cloud to Cloud,11698,3003,7
2026-08-31T11:26:05.953931753Z,5.193765,115.512158,Cloud to Ground,18925,0,8
2026-08-31T11:26:06.796487024Z,5.2183,115.588417,Cloud to Ground,-14959,0,8
2026-08-31T11:26:06.495683815Z,6.735734,117.231289,Cloud to Ground,15219,0,7
2026-08-31T11:26:06.433405896Z,6.86671,117.04386,Cloud to Cloud,-14043,5846,6
2026-08-31T11:26:07.650452109Z,5.662748,117.201607,Cloud to Ground,-12776,0,7
2026-08-31T11:26:07.513662451Z,5.718041,117.266655,Cloud to Ground,-12446,0,10
2026-08-31T11:26:07.533628350Z,5.703276,117.147856,Cloud to Ground,23554,0,7
2026-08-31T11:26:07.539702385Z,5.075652,115.479568,Cloud to Ground,-12319,0,6
2026-08-31T11:26:07.308808923Z,5.174795,115.434081,Cloud to Cloud,8433,3023,7
2026-08-31T11:26:07.385401417Z,5.100616,115.464353,Cloud to Cloud,9033,3157,7
2026-08-31T11:26:07.222790087Z,5.103262,115.454246,Cloud to Cloud,13453,7916,9
2026-08-31T11:26:07.205333528Z,5.096228,115.450131,Cloud to Ground,17816,0,12
2026-08-31T11:26:08.595612017Z,6.776797,117.280644,Cloud to Cloud,-16153,3085,11
2026-08-31T11:26:09.697688442Z,6.711107,117.562995,Cloud to Ground,-14053,0,7
2026-08-31T11:26:09.780690170Z,6.720469,117.46623,Cloud to Cloud,-21179,6890,11
2026-08-31T11:26:09.807971326Z,6.727547,117.469368,Cloud to Cloud,15176,3024,10
2026-08-31T11:26:09.694410120Z,5.279034,115.580226,Cloud to Cloud,12044,7698,7
2026-08-31T11:26:09.196438304Z,6.135143,117.805923,Cloud to Cloud,-14097,3099,8
2026-08-31T11:26:09.194359045Z,6.192651,117.792346,Cloud to Cloud,-10732,3021,7
2026-08-31T11:26:09.870728864Z,5.183491,115.519064,Cloud to Ground,14134,0,6
2026-08-31T11:26:09.945712998Z,5.225237,115.482824,Cloud to Ground,19805,0,15
2026-08-31T11:26:10.174338658Z,5.071897,115.386841,Cloud to Ground,-14652,0,10
2026-08-31T11:26:11.305834884Z,6.865894,117.214149,Cloud to Cloud,-6929,3681,6
2026-08-31T11:26:13.271257873Z,5.118719,115.472144,Cloud to Ground,-17739,0,8
2026-08-31T11:26:12.576959712Z,5.091651,115.563399,Cloud to Cloud,5560,7861,5
2026-08-31T11:26:13.044636938Z,5.100946,115.583574,Cloud to Ground,17011,0,11
2026-08-31T11:26:12.819580596Z,5.135986,115.567879,Cloud to Cloud,20636,3018,11
2026-08-31T11:26:13.817651100Z,6.832143,117.108375,Cloud to Cloud,-18354,5726,7
2026-08-31T11:26:15.053339683Z,6.740134,117.439149,Cloud to Ground,64834,0,9
2026-08-31T11:26:15.104036628Z,6.591976,117.807299,Cloud to Cloud,16104,4647,7
2026-08-31T11:26:15.307093155Z,22.54746,113.065232,Cloud to Ground,-46273,0,14
2026-08-31T11:26:15.249797852Z,22.495628,113.043777,Cloud to Ground,45560,0,13
2026-08-31T11:26:15.219330246Z,22.583718,112.898548,Cloud to Ground,21145,0,10
2026-08-31T11:26:15.163100572Z,22.55559,112.791389,Cloud to Cloud,-14961,14912,9
2026-08-31T11:26:15.183670452Z,22.55207,112.788747,Cloud to Ground,26608,0,8
2026-08-31T11:26:16.957570703Z,6.499,117.822827,Cloud to Ground,29286,0,7
2026-08-31T11:26:16.877828010Z,6.528044,117.920379,Cloud to Ground,-22563,0,7
2026-08-31T11:26:16.867422602Z,6.531518,117.924486,Cloud to Ground,-16740,0,7
2026-08-31T11:26:16.493673336Z,6.772162,117.069059,Cloud to Cloud,9577,6431,7
2026-08-31T11:26:17.695534000Z,5.186958,115.498209,Cloud to Cloud,-11132,6045,6
2026-08-31T11:26:17.215684497Z,5.189652,115.586629,Cloud to Cloud,11340,4747,7
2026-08-31T11:26:17.740098170Z,5.113657,115.488457,Cloud to Ground,13653,0,7
2026-08-31T11:26:16.907370520Z,5.157795,115.545919,Cloud to Ground,16179,0,9
2026-08-31T11:26:17.062631882Z,6.792183,117.912273,Cloud to Ground,19390,0,7
2026-08-31T11:26:17.890893636Z,6.790726,117.11566,Cloud to Cloud,-22171,3047,10
2026-08-31T11:26:18.798072751Z,6.809219,117.232329,Cloud to Cloud,-24286,4637,10
2026-08-31T11:26:18.924658826Z,6.852663,117.225252,Cloud to Cloud,-18719,3251,7
2026-08-31T11:26:19.309007827Z,6.749279,117.177083,Cloud to Ground,26226,0,6
2026-08-31T11:26:18.923983862Z,6.800749,117.255922,Cloud to Ground,26295,0,8
2026-08-31T11:26:19.195471825Z,6.726924,117.198206,Cloud to Ground,29362,0,7
2026-08-31T11:26:18.856392066Z,6.681517,117.159122,Cloud to Ground,32005,0,8
2026-08-31T11:26:18.700426625Z,6.745419,117.219357,Cloud to Ground,32986,0,8
2026-08-31T11:26:18.797322399Z,6.749893,117.292065,Cloud to Ground,59287,0,16
2026-08-31T11:26:18.673592692Z,6.865073,117.247712,Cloud to Ground,79661,0,7
2026-08-31T11:26:18.321195084Z,5.095405,115.616465,Cloud to Cloud,-15192,17912,12
2026-08-31T11:26:18.100040596Z,5.146162,115.618995,Cloud to Cloud,12009,14426,7
2026-08-31T11:26:18.340869723Z,15.280429,133.707127,Cloud to Ground,-40217,0,24
2026-08-31T11:26:19.684562168Z,18.927834,126.379726,Cloud to Ground,-16965,0,10
2026-08-31T11:26:19.724661940Z,18.926514,126.403436,Cloud to Cloud,-15925,3333,7
2026-08-31T11:26:19.726386979Z,18.937996,126.321995,Cloud to Cloud,5875,6046,6
2026-08-31T11:26:19.507363418Z,18.937334,126.272635,Cloud to Cloud,11747,5041,6
2026-08-31T11:26:20.374399708Z,6.723685,117.446129,Cloud to Cloud,11077,11092,7
2026-08-31T11:26:20.415450645Z,6.751852,117.480386,Cloud to Ground,16082,0,10
2026-08-31T11:26:20.216729641Z,5.204846,115.548852,Cloud to Ground,24021,0,11
2026-08-31T11:26:20.008053534Z,5.049745,115.487455,Cloud to Ground,-11118,0,6
2026-08-31T11:26:21.797871934Z,5.0094,115.581556,Cloud to Ground,17517,0,14
2026-08-31T11:26:20.663946689Z,5.103956,115.659822,Cloud to Ground,-15407,0,7
2026-08-31T11:26:21.619019819Z,5.183316,115.605923,Cloud to Ground,7760,0,7
2026-08-31T11:26:21.023763890Z,5.162402,115.629805,Cloud to Ground,36855,0,10
2026-08-31T11:26:21.978424982Z,14.373298,134.134483,Cloud to Ground,-16095,0,14
2026-08-31T11:26:22.703387104Z,18.903537,119.766057,Cloud to Cloud,5791,3031,6
2026-08-31T11:26:23.396523440Z,5.284058,115.603945,Cloud to Cloud,-8629,7326,6
2026-08-31T11:26:23.231926471Z,4.986133,115.560781,Cloud to Cloud,6559,3088,6
2026-08-31T11:26:23.695980910Z,19.516119,119.636232,Cloud to Cloud,5499,19559,5
2026-08-31T11:26:23.697113407Z,19.454985,119.622404,Cloud to Cloud,13486,3722,8
2026-08-31T11:26:24.965155982Z,6.577495,117.749643,Cloud to Ground,13419,0,8
2026-08-31T11:26:24.963117442Z,6.529406,117.732563,Cloud to Ground,22769,0,8
2026-08-31T11:26:24.586150104Z,5.146967,115.610956,Cloud to Ground,15766,0,7
2026-08-31T11:26:24.998600701Z,14.832646,134.828565,Cloud to Ground,-25753,0,8
2026-08-31T11:26:25.127489203Z,14.898164,134.781597,Cloud to Ground,-16715,0,12
2026-08-31T11:26:25.046559054Z,14.876248,134.775598,Cloud to Ground,-15092,0,9
2026-08-31T11:26:24.243773424Z,14.309574,134.117014,Cloud to Ground,-11573,0,7
2026-08-31T11:26:24.367718891Z,19.103177,119.987771,Cloud to Cloud,-31996,13401,10
2026-08-31T11:26:25.048578940Z,14.727663,134.859796,Cloud to Ground,-14432,0,8
2026-08-31T11:26:26.027045057Z,5.105448,115.53332,Cloud to Cloud,9566,15690,7
2026-08-31T11:26:26.705590855Z,5.13882,115.607394,Cloud to Ground,18795,0,13
2026-08-31T11:26:26.649109914Z,5.268917,115.54372,Cloud to Ground,-16273,0,24
2026-08-31T11:26:25.959673945Z,5.242005,115.583832,Cloud to Cloud,-12732,12510,10
2026-08-31T11:26:25.747948554Z,5.192929,115.607885,Cloud to Cloud,-11257,7060,7
2026-08-31T11:26:27.822820194Z,5.221626,115.567429,Cloud to Ground,12927,0,7
2026-08-31T11:26:27.487445684Z,5.158843,115.636802,Cloud to Cloud,-15396,3358,14
2026-08-31T11:26:29.899002803Z,5.661989,117.224331,Cloud to Ground,18758,0,18
2026-08-31T11:26:30.187827114Z,5.719286,117.123085,Cloud to Ground,21039,0,7
2026-08-31T11:26:30.068814865Z,5.634538,117.127185,Cloud to Ground,24793,0,8
2026-08-31T11:26:30.009994406Z,5.659621,117.209945,Cloud to Ground,28037,0,11
2026-08-31T11:26:29.980561142Z,5.684193,117.190258,Cloud to Ground,30724,0,10
2026-08-31T11:26:29.926074590Z,5.645713,117.14113,Cloud to Ground,35588,0,7
2026-08-31T11:26:29.957171026Z,5.649271,117.106357,Cloud to Ground,54510,0,14
2026-08-31T11:26:29.547164184Z,6.812429,117.243652,Cloud to Cloud,23278,5287,10
2026-08-31T11:26:29.953886071Z,6.751303,117.375801,Cloud to Cloud,-24424,7482,12
2026-08-31T11:26:30.040298531Z,6.732745,117.374301,Cloud to Ground,51311,0,14
2026-08-31T11:26:29.972861660Z,6.818014,117.385372,Cloud to Ground,79768,0,28
2026-08-31T11:26:29.578820730Z,5.156941,115.516066,Cloud to Ground,13363,0,8
2026-08-31T11:26:29.827399785Z,6.688222,117.824908,Cloud to Cloud,-18212,4759,10
2026-08-31T11:26:30.800037373Z,6.702803,117.307737,Cloud to Ground,20330,0,7
2026-08-31T11:26:30.345535000Z,4.2176,114.8995,Cloud to Ground,-23036,0,6
2026-08-31T11:26:31.477992156Z,4.998559,116.694738,Cloud to Cloud,20010,6289,8
2026-08-31T11:26:31.786442903Z,5.155209,115.625153,Cloud to Ground,9464,0,5
2026-08-31T11:26:32.710788703Z,5.260361,115.601526,Cloud to Ground,18074,0,15
2026-08-31T11:26:33.247278065Z,6.742949,117.492896,Cloud to Cloud,16547,18727,9
2026-08-31T11:26:34.883077033Z,6.747676,117.240563,Cloud to Cloud,-14707,6304,8
2026-08-31T11:26:34.064510389Z,5.141357,115.616352,Cloud to Ground,16613,0,11
2026-08-31T11:26:34.889579374Z,5.207048,115.641649,Cloud to Ground,-14150,0,6
2026-08-31T11:26:35.017055484Z,5.183899,115.639565,Cloud to Cloud,10447,5196,7
2026-08-31T11:26:34.037881440Z,15.66776,132.535138,Cloud to Ground,-10488,0,12
2026-08-31T11:26:35.954291906Z,6.254757,117.854838,Cloud to Ground,-33090,0,17
2026-08-31T11:26:36.033230762Z,4.259444,114.923187,Cloud to Ground,19062,0,11
2026-08-31T11:26:36.001972236Z,6.218144,117.765644,Cloud to Ground,34250,0,8
2026-08-31T11:26:36.241717573Z,5.25794,115.585724,Cloud to Cloud,-17336,4429,9
2026-08-31T11:26:36.274638228Z,5.260742,115.607872,Cloud to Cloud,-17284,5424,7
2026-08-31T11:26:36.259057417Z,5.24635,115.610084,Cloud to Cloud,-12504,15340,19
2026-08-31T11:26:36.432581566Z,14.278279,134.400376,Cloud to Cloud,-14797,3804,11
2026-08-31T11:26:36.423466711Z,14.291689,134.384499,Cloud to Ground,-11343,0,9
2026-08-31T11:26:36.485797669Z,14.324075,134.259287,Cloud to Cloud,-14825,5041,10
2026-08-31T11:26:36.555751391Z,14.416536,134.435521,Cloud to Ground,39150,0,9
2026-08-31T11:26:36.391593000Z,14.4139,134.3811,Cloud to Ground,51299,0,7
2026-08-31T11:26:37.970509105Z,5.149136,115.688503,Cloud to Cloud,-10668,6377,8
2026-08-31T11:26:37.379318174Z,5.118024,115.499067,Cloud to Cloud,8673,19414,7
2026-08-31T11:26:37.909447097Z,6.813599,117.088794,Cloud to Ground,-9995,0,7
2026-08-31T11:26:46.574522296Z,5.134874,115.603751,Cloud to Ground,13409,0,6
2026-08-31T11:26:46.197296854Z,5.118018,115.642356,Cloud to Ground,21980,0,8
2026-08-31T11:26:46.048012533Z,5.124913,115.54899,Cloud to Ground,25218,0,7
2026-08-31T11:26:46.848019541Z,5.104147,115.417411,Cloud to Ground,-12309,0,7
2026-08-31T11:26:46.835799377Z,5.036126,115.393152,Cloud to Cloud,8707,5037,7
2026-08-31T11:26:47.471787084Z,4.952995,115.387383,Cloud to Cloud,13931,12450,8
2026-08-31T11:26:46.435291617Z,14.359518,134.166704,Cloud to Ground,-17318,0,9
2026-08-31T11:26:47.740148865Z,6.742149,117.034537,Cloud to Ground,-11654,0,8
2026-08-31T11:26:47.106064406Z,6.728631,117.243552,Cloud to Ground,26801,0,11
2026-08-31T11:26:47.144867257Z,6.634299,117.457605,Cloud to Ground,22279,0,7
2026-08-31T11:26:46.951942908Z,6.669069,117.544424,Cloud to Ground,26646,0,15
2026-08-31T11:26:47.275054896Z,6.639128,117.505604,Cloud to Ground,33888,0,16
2026-08-31T11:26:47.015088068Z,6.754688,117.47992,Cloud to Ground,35083,0,7
2026-08-31T11:26:47.087025788Z,6.66929,117.474703,Cloud to Ground,35772,0,15
2026-08-31T11:26:47.783386165Z,6.841178,117.078621,Cloud to Cloud,10581,5334,7
2026-08-31T11:26:48.291176781Z,4.998439,115.513738,Cloud to Cloud,6552,3139,7
2026-08-31T11:26:47.663488474Z,5.174242,115.514033,Cloud to Cloud,-12604,9803,7
2026-08-31T11:26:47.700582675Z,5.147335,115.460204,Cloud to Cloud,10044,16772,7
2026-08-31T11:26:48.028962691Z,5.202513,115.556764,Cloud to Ground,14886,0,7
2026-08-31T11:26:49.941090400Z,20.529194,120.753322,Cloud to Cloud,7691,14299,8
2026-08-31T11:26:50.927642992Z,5.27879,115.622103,Cloud to Cloud,-27701,3888,10
2026-08-31T11:26:51.263272779Z,6.78561,117.768543,Cloud to Ground,-74640,0,10
2026-08-31T11:26:52.092645123Z,6.740402,117.262635,Cloud to Cloud,-12544,3476,6
2026-08-31T11:26:52.412885354Z,6.73522,117.189909,Cloud to Ground,14779,0,7
2026-08-31T11:26:52.241118120Z,6.749073,117.23096,Cloud to Ground,46621,0,17
2026-08-31T11:26:52.134265328Z,6.749559,117.207117,Cloud to Ground,48480,0,7
2026-08-31T11:26:52.159716824Z,5.096093,115.574365,Cloud to Cloud,7610,5808,7
2026-08-31T11:26:52.445864330Z,22.902305,112.677028,Cloud to Cloud,-11442,4522,9
2026-08-31T11:26:52.553439889Z,22.805732,112.456523,Cloud to Ground,-21800,0,11
2026-08-31T11:26:52.450650994Z,22.804262,112.56432,Cloud to Cloud,-16907,6170,8
2026-08-31T11:26:52.443774036Z,22.802782,112.526645,Cloud to Cloud,-14431,3015,7
2026-08-31T11:26:52.447144504Z,22.857594,112.575139,Cloud to Cloud,14369,3008,10
2026-08-31T11:26:52.628817679Z,18.959555,114.602445,Cloud to Cloud,21250,3292,7
2026-08-31T11:26:53.715266455Z,17.742132,133.457271,Cloud to Ground,15666,0,7
2026-08-31T11:26:54.378644921Z,6.751637,117.19422,Cloud to Cloud,-17867,3646,7
2026-08-31T11:26:55.773685453Z,15.673825,132.53324,Cloud to Ground,21035,0,9
2026-08-31T11:26:55.701471000Z,15.6655,132.4172,Cloud to Ground,-7365,0,5
2026-08-31T11:26:56.065754890Z,5.640417,117.163477,Cloud to Ground,16768,0,9
2026-08-31T11:26:57.185366663Z,6.762204,117.253622,Cloud to Cloud,-10766,10401,6
2026-08-31T11:26:57.659492474Z,5.013351,115.573489,Cloud to Ground,-11984,0,7
2026-08-31T11:26:57.545715127Z,4.991032,115.552305,Cloud to Cloud,5984,19438,7
2026-08-31T11:26:58.606864597Z,5.243983,115.621739,Cloud to Cloud,-28926,6490,8
2026-08-31T11:26:58.117014324Z,5.17273,115.526424,Cloud to Cloud,-26026,15886,11
2026-08-31T11:26:58.650809957Z,6.796726,117.169674,Cloud to Cloud,-9183,4544,8
2026-08-31T11:26:58.021177130Z,6.473941,117.82382,Cloud to Cloud,-12188,6333,8
2026-08-31T11:26:58.287038641Z,17.844601,133.46611,Cloud to Ground,-15908,0,11
2026-08-31T11:26:59.297288737Z,5.149039,115.619433,Cloud to Ground,8579,0,7
2026-08-31T11:26:59.415692257Z,5.256504,115.6565,Cloud to Ground,14965,0,6
2026-08-31T11:27:00.177491027Z,6.650331,117.64072,Cloud to Ground,12426,0,7
2026-08-31T11:27:00.154994437Z,5.168838,115.623842,Cloud to Ground,23436,0,14
2026-08-31T11:27:00.634869223Z,15.322994,133.890505,Cloud to Ground,-26167,0,12
2026-08-31T11:27:00.736429396Z,19.342268,120.267233,Cloud to Ground,-34466,0,15
2026-08-31T11:27:01.632947141Z,6.847323,117.470134,Cloud to Ground,48953,0,7
2026-08-31T11:27:01.214876678Z,6.662259,117.482878,Cloud to Cloud,-7765,3788,6
2026-08-31T11:27:01.401999952Z,17.808496,133.517321,Cloud to Ground,-13401,0,9
2026-08-31T11:27:01.395827668Z,17.812517,133.529833,Cloud to Ground,-12926,0,7
2026-08-31T11:27:02.473035850Z,5.170377,115.611567,Cloud to Ground,11951,0,7
2026-08-31T11:27:02.446111449Z,5.176399,115.606073,Cloud to Ground,18954,0,11
2026-08-31T11:27:02.013712789Z,14.342523,133.805385,Cloud to Ground,17222,0,7
2026-08-31T11:27:03.929298932Z,5.266455,115.627036,Cloud to Cloud,-14602,4765,21
2026-08-31T11:27:03.576529999Z,5.205351,115.644859,Cloud to Cloud,-11466,3173,7
2026-08-31T11:27:03.244633354Z,5.0914,115.670221,Cloud to Cloud,-11928,5869,9
2026-08-31T11:27:05.416644994Z,5.2054,115.608183,Cloud to Cloud,-21585,14862,11
2026-08-31T11:27:04.529010946Z,5.154787,115.513218,Cloud to Ground,-12536,0,7
2026-08-31T11:27:04.774912566Z,5.149437,115.600657,Cloud to Cloud,7645,10444,7
2026-08-31T11:27:05.400972993Z,5.097498,115.534853,Cloud to Cloud,13793,3173,11
2026-08-31T11:27:05.221176790Z,3.941557,114.980773,Cloud to Ground,-14633,0,21
2026-08-31T11:27:05.629214559Z,3.948193,114.982774,Cloud to Ground,14824,0,9
2026-08-31T11:27:05.587192414Z,3.948209,115.011312,Cloud to Ground,15071,0,10
2026-08-31T11:27:05.378672248Z,3.948796,114.979019,Cloud to Ground,17826,0,7
2026-08-31T11:27:05.823136952Z,3.94776,114.979422,Cloud to Ground,21572,0,8
2026-08-31T11:27:05.270661543Z,3.94802,114.980332,Cloud to Ground,32726,0,9
2026-08-31T11:27:05.630940906Z,6.812444,117.094188,Cloud to Cloud,-16695,17667,8
2026-08-31T11:27:07.331389483Z,5.279138,115.633902,Cloud to Ground,26470,0,12
2026-08-31T11:27:08.486098844Z,5.145012,115.623656,Cloud to Ground,-12620,0,9
2026-08-31T11:27:08.116819793Z,18.818115,127.451433,Cloud to Ground,-91257,0,14
2026-08-31T11:27:08.302127831Z,18.879574,127.445756,Cloud to Cloud,-14447,3007,12
2026-08-31T11:27:08.150304000Z,18.9369,127.4654,Cloud to Ground,261,0,6
2026-08-31T11:27:25.341142561Z,6.590443,117.913983,Cloud to Ground,-28952,0,10
2026-08-31T11:27:25.606302020Z,6.598506,117.779019,Cloud to Cloud,-12755,4634,8
2026-08-31T11:27:24.987893878Z,6.612413,117.87575,Cloud to Cloud,-7355,11946,5
2026-08-31T11:27:25.526420186Z,6.547172,117.784348,Cloud to Cloud,9546,5106,7
2026-08-31T11:27:25.513309404Z,6.557497,117.81825,Cloud to Cloud,12219,3677,7
2026-08-31T11:27:25.682805622Z,6.269993,117.708419,Cloud to Ground,28111,0,10
2026-08-31T11:27:26.192583101Z,5.166275,115.465751,Cloud to Ground,-16084,0,9
2026-08-31T11:27:28.624773824Z,6.819181,117.271656,Cloud to Ground,-28211,0,11
2026-08-31T11:27:28.659338481Z,6.794158,117.343978,Cloud to Cloud,-16277,7994,8
2026-08-31T11:27:29.064138933Z,6.730359,117.568372,Cloud to Cloud,-17040,17051,16
2026-08-31T11:27:28.784545859Z,6.665141,117.565304,Cloud to Ground,21518,0,13
2026-08-31T11:27:28.936363707Z,6.664767,117.503386,Cloud to Ground,25440,0,7
2026-08-31T11:27:28.873805235Z,6.664059,117.528408,Cloud to Ground,41380,0,16
2026-08-31T11:27:28.371806846Z,5.225859,115.611961,Cloud to Cloud,-14662,3049,17
2026-08-31T11:27:28.418385944Z,5.264714,115.633299,Cloud to Ground,-10638,0,7
2026-08-31T11:27:28.373552284Z,5.258639,115.603636,Cloud to Cloud,13266,5015,14
2026-08-31T11:27:28.163715453Z,5.244763,115.618254,Cloud to Cloud,14577,15221,6
2026-08-31T11:27:28.266893197Z,5.290308,115.64025,Cloud to Ground,35737,0,10
2026-08-31T11:27:28.143601353Z,5.267102,115.618231,Cloud to Ground,46525,0,29
2026-08-31T11:27:28.285845214Z,22.534673,111.740532,Cloud to Cloud,-2458,3359,6
2026-08-31T11:27:28.274541929Z,22.562989,111.724005,Cloud to Cloud,18366,5930,10
2026-08-31T11:27:30.313674492Z,5.187263,115.551005,Cloud to Ground,-14284,0,7
2026-08-31T11:27:31.551250405Z,5.154713,115.588485,Cloud to Ground,-12338,0,7
2026-08-31T11:27:30.843995732Z,5.207916,115.578508,Cloud to Cloud,-11756,11558,8
2026-08-31T11:27:30.857398705Z,5.183676,115.553997,Cloud to Cloud,10419,15263,7
2026-08-31T11:27:31.478214516Z,5.169802,115.643261,Cloud to Ground,11946,0,9
2026-08-31T11:27:30.983940978Z,5.150022,115.541519,Cloud to Ground,14639,0,10
2026-08-31T11:27:30.272233000Z,5.3525,115.7449,Cloud to Ground,-18728,0,5
2026-08-31T11:27:31.992300594Z,4.315769,114.920147,Cloud to Ground,-9050,0,7
2026-08-31T11:27:31.962890021Z,4.288913,114.905399,Cloud to Cloud,15693,10826,9
2026-08-31T11:27:31.628006890Z,6.658365,117.385244,Cloud to Ground,13594,0,11
2026-08-31T11:27:33.249000608Z,5.234666,115.539593,Cloud to Cloud,-23205,6183,15
2026-08-31T11:27:33.406787550Z,5.237885,115.553699,Cloud to Ground,-12118,0,9
2026-08-31T11:27:33.273374912Z,6.705783,117.257534,Cloud to Ground,-19209,0,11
2026-08-31T11:27:33.232765429Z,6.827351,117.257759,Cloud to Cloud,-15339,3612,8
2026-08-31T11:27:33.082779117Z,6.751359,117.234203,Cloud to Ground,17685,0,9
2026-08-31T11:27:33.236551081Z,5.318191,115.702568,Cloud to Cloud,-13619,19178,10
2026-08-31T11:27:34.379231589Z,5.229122,115.618828,Cloud to Cloud,12360,7681,6
2026-08-31T11:27:35.701007409Z,6.735392,117.460136,Cloud to Ground,49099,0,10
2026-08-31T11:27:35.719445627Z,6.693017,117.520786,Cloud to Ground,75734,0,15
2026-08-31T11:27:35.884675000Z,6.8458,117.1178,Cloud to Ground,71242,0,7
2026-08-31T11:27:36.407453954Z,6.670583,117.419883,Cloud to Cloud,10613,17087,7
2026-08-31T11:27:35.466844937Z,6.644243,117.088804,Cloud to Cloud,-14498,3035,12
2026-08-31T11:27:36.383362150Z,6.719202,117.188562,Cloud to Cloud,9597,3386,7
2026-08-31T11:27:36.641819075Z,6.724391,117.199843,Cloud to Cloud,9631,3468,7
2026-08-31T11:27:36.594410971Z,6.727236,117.192413,Cloud to Ground,13002,0,8
2026-08-31T11:27:36.007578340Z,6.714138,117.156495,Cloud to Ground,13049,0,7
2026-08-31T11:27:36.851255444Z,6.721659,117.187108,Cloud to Ground,14540,0,8
2026-08-31T11:27:35.805546806Z,6.716036,117.138674,Cloud to Ground,31108,0,7
2026-08-31T11:27:36.265760696Z,6.738285,117.226069,Cloud to Ground,47445,0,16
2026-08-31T11:27:36.336596443Z,6.73768,117.228313,Cloud to Ground,58472,0,16
2026-08-31T11:27:37.125178776Z,5.140316,115.662994,Cloud to Ground,-14266,0,8
2026-08-31T11:27:37.054305747Z,5.21064,115.582444,Cloud to Ground,23603,0,7
2026-08-31T11:27:37.924387215Z,5.28498,115.63892,Cloud to Cloud,-19419,3002,8
2026-08-31T11:27:37.009645801Z,6.74656,117.554328,Cloud to Cloud,-11319,6889,7
2026-08-31T11:27:37.028611873Z,15.126239,133.394373,Cloud to Ground,76319,0,17
2026-08-31T11:27:38.382047437Z,22.527537,112.521401,Cloud to Ground,36819,0,11
2026-08-31T11:27:38.391980773Z,22.522046,112.765139,Cloud to Cloud,-19000,5192,14
2026-08-31T11:27:38.387310996Z,22.534778,112.65499,Cloud to Cloud,16428,3490,10
2026-08-31T11:27:38.462765000Z,22.6312,112.6358,Cloud to Ground,-29374,0,7
2026-08-31T11:27:38.383745000Z,22.6056,112.7207,Cloud to Ground,415,0,8
2026-08-31T11:27:40.152854884Z,6.736946,117.491606,Cloud to Ground,12053,0,8
2026-08-31T11:27:40.091542015Z,6.778822,117.478303,Cloud to Ground,42331,0,9
2026-08-31T11:27:39.515903107Z,6.791906,117.548949,Cloud to Ground,44888,0,9
2026-08-31T11:27:39.167270301Z,6.710433,117.248074,Cloud to Ground,17891,0,9
2026-08-31T11:27:39.555633113Z,6.659796,117.414418,Cloud to Cloud,9218,12009,7
2026-08-31T11:27:40.092852125Z,6.643039,117.494708,Cloud to Cloud,21554,12141,11
2026-08-31T11:27:41.020979084Z,18.929266,131.2968,Cloud to Ground,-6901,0,12
2026-08-31T11:27:41.018904556Z,18.813596,131.353837,Cloud to Ground,23714,0,9
2026-08-31T11:27:41.036748594Z,19.042347,131.338032,Cloud to Cloud,-9395,18539,8
2026-08-31T11:27:41.022389155Z,19.079824,131.383724,Cloud to Ground,-7328,0,8
2026-08-31T11:27:41.285868924Z,14.387447,134.195445,Cloud to Ground,-25609,0,11
2026-08-31T11:27:41.810977497Z,19.239933,118.400233,Cloud to Ground,-35111,0,15
2026-08-31T11:27:43.016646725Z,5.106935,115.489353,Cloud to Cloud,12507,14405,7
2026-08-31T11:27:42.944595655Z,5.044548,115.479137,Cloud to Ground,13392,0,7
2026-08-31T11:27:43.175513998Z,5.133738,115.664113,Cloud to Ground,-17233,0,7
2026-08-31T11:27:44.119618741Z,5.167388,115.591371,Cloud to Ground,-51194,0,20
2026-08-31T11:27:44.216290859Z,5.180701,115.617675,Cloud to Ground,-18280,0,6
2026-08-31T11:27:44.219578613Z,5.253631,115.576416,Cloud to Cloud,12302,3129,8
2026-08-31T11:27:44.218005414Z,5.156066,115.611472,Cloud to Ground,29545,0,8
2026-08-31T11:27:44.391691877Z,5.157263,115.601251,Cloud to Ground,35852,0,10
2026-08-31T11:27:44.070703503Z,5.161952,115.640899,Cloud to Ground,39189,0,11
2026-08-31T11:27:46.835472086Z,6.801204,117.72828,Cloud to Ground,44782,0,11
2026-08-31T11:27:46.856221000Z,14.6968,133.5713,Cloud to Ground,-20110,0,7
2026-08-31T11:27:47.156704416Z,5.067686,115.680792,Cloud to Cloud,-10743,4239,7
2026-08-31T11:27:47.063276096Z,5.208793,115.565642,Cloud to Cloud,13870,4082,9
2026-08-31T11:27:47.260640487Z,5.265419,115.612328,Cloud to Cloud,15038,6433,7
2026-08-31T11:27:47.283685153Z,5.219206,115.612954,Cloud to Ground,17725,0,6
2026-08-31T11:27:50.293731346Z,6.876833,117.119122,Cloud to Cloud,-13562,17705,9
2026-08-31T11:27:49.900147790Z,6.815593,117.121943,Cloud to Ground,26340,0,12
2026-08-31T11:27:50.189398960Z,4.292679,114.915727,Cloud to Ground,-16805,0,10
2026-08-31T11:27:51.660681163Z,5.253151,115.590919,Cloud to Cloud,8303,12164,6
2026-08-31T11:27:52.263396081Z,5.328948,115.711493,Cloud to Cloud,5465,18574,7
2026-08-31T11:27:52.799787989Z,6.734445,117.317652,Cloud to Cloud,-15594,7002,9
2026-08-31T11:27:52.096227194Z,15.326981,133.874812,Cloud to Ground,18730,0,11
2026-08-31T11:27:52.097796675Z,15.305904,133.842884,Cloud to Ground,22260,0,11
2026-08-31T11:27:52.540756660Z,18.780528,126.37749,Cloud to Cloud,19485,15046,14
2026-08-31T11:27:52.539395672Z,18.809734,126.415318,Cloud to Ground,30666,0,12
2026-08-31T11:27:53.339894305Z,14.298325,134.179552,Cloud to Cloud,7497,6741,9
2026-08-31T11:27:54.905418234Z,5.213747,115.602205,Cloud to Cloud,13454,4498,10
2026-08-31T11:27:54.201751935Z,6.583223,117.811288,Cloud to Cloud,-12022,8485,7
2026-08-31T11:27:55.053384686Z,19.97506,120.474969,Cloud to Cloud,4334,19895,6
2026-08-31T11:27:55.043546521Z,19.915232,120.482499,Cloud to Cloud,8764,19968,8
2026-08-31T11:27:56.351979381Z,5.127879,115.60792,Cloud to Cloud,-16755,17736,13
2026-08-31T11:27:56.674823336Z,14.855216,134.837417,Cloud to Ground,-30419,0,13
2026-08-31T11:27:56.118139102Z,14.854642,134.921416,Cloud to Ground,-22864,0,12
2026-08-31T11:27:56.673758358Z,14.8685,134.82111,Cloud to Ground,-16036,0,12
2026-08-31T11:27:56.676357777Z,14.856096,134.815631,Cloud to Ground,-10909,0,14
2026-08-31T11:27:56.643815148Z,14.868369,134.976384,Cloud to Ground,45077,0,8
2026-08-31T11:27:57.180433236Z,6.688571,117.584966,Cloud to Cloud,-15476,17113,11
2026-08-31T11:27:58.819671330Z,5.190341,115.579448,Cloud to Ground,-11369,0,8
2026-08-31T11:27:58.864598414Z,5.245174,115.578926,Cloud to Ground,-11284,0,7
2026-08-31T11:27:58.560554277Z,5.247363,115.636794,Cloud to Ground,10142,0,7
2026-08-31T11:27:58.722850986Z,5.161444,115.576122,Cloud to Ground,13271,0,10
2026-08-31T11:27:58.491866104Z,5.272593,115.634137,Cloud to Ground,13579,0,7
2026-08-31T11:27:58.391969886Z,5.259846,115.636567,Cloud to Cloud,14371,19619,12
2026-08-31T11:27:58.559959678Z,5.162522,115.610952,Cloud to Ground,17773,0,6
2026-08-31T11:27:58.879376482Z,5.214594,115.573815,Cloud to Ground,19695,0,6
2026-08-31T11:27:58.313576037Z,5.27097,115.633227,Cloud to Ground,22474,0,13
2026-08-31T11:27:58.952044992Z,5.05563,115.509921,Cloud to Cloud,-18418,4333,7
2026-08-31T11:27:59.284305000Z,6.8279,117.261,Cloud to Ground,-6198,0,6
2026-08-31T11:27:59.369312177Z,6.775387,117.228796,Cloud to Ground,11069,0,7
2026-08-31T11:27:59.301910403Z,6.78707,117.225753,Cloud to Cloud,13609,4968,7
2026-08-31T11:27:59.334036479Z,6.782197,117.245908,Cloud to Cloud,26094,3051,10
2026-08-31T11:27:59.495329107Z,6.817015,117.204007,Cloud to Ground,29745,0,16
2026-08-31T11:27:59.838946780Z,4.998204,115.549205,Cloud to Ground,10926,0,7
2026-08-31T11:27:59.797452634Z,14.368417,134.146483,Cloud to Ground,-15030,0,8
2026-08-31T11:27:59.795694406Z,14.294397,134.171964,Cloud to Cloud,12026,3807,6
2026-08-31T11:28:00.427768986Z,5.237548,115.611979,Cloud to Ground,-18029,0,11
2026-08-31T11:28:01.321490223Z,5.234768,115.584275,Cloud to Ground,-16201,0,10
2026-08-31T11:28:01.266723969Z,5.203689,115.644954,Cloud to Ground,-10284,0,8
2026-08-31T11:28:00.406049249Z,5.256445,115.687874,Cloud to Cloud,-8056,10761,6
2026-08-31T11:28:00.162093307Z,5.195759,115.619373,Cloud to Cloud,8874,13851,6
2026-08-31T11:28:02.576408648Z,5.104941,115.578725,Cloud to Ground,11572,0,7
2026-08-31T11:28:01.923499156Z,5.160714,115.58877,Cloud to Cloud,12530,16734,7
2026-08-31T11:28:01.067067817Z,5.211752,115.61139,Cloud to Ground,12807,0,6
2026-08-31T11:28:02.160748602Z,5.207604,115.606595,Cloud to Ground,13499,0,6
2026-08-31T11:28:01.910815000Z,5.0285,115.5359,Cloud to Ground,20822,0,5
2026-08-31T11:28:02.200710037Z,5.293183,115.65754,Cloud to Cloud,6870,3075,6
2026-08-31T11:28:02.373574870Z,6.761239,117.442323,Cloud to Cloud,17513,7822,9
2026-08-31T11:28:02.358110159Z,6.740163,117.456607,Cloud to Ground,24976,0,12
2026-08-31T11:28:02.332579652Z,6.721885,117.481211,Cloud to Ground,33376,0,14
2026-08-31T11:28:03.886168379Z,5.189954,115.599547,Cloud to Ground,-14149,0,10
2026-08-31T11:28:03.919830702Z,5.279396,115.680811,Cloud to Ground,-8675,0,8
2026-08-31T11:28:03.826173015Z,5.203363,115.643374,Cloud to Ground,11301,0,11
2026-08-31T11:28:03.036778333Z,5.72359,117.154032,Cloud to Cloud,-15420,13632,11
2026-08-31T11:28:03.259049025Z,5.610407,117.156425,Cloud to Ground,10970,0,7
2026-08-31T11:28:03.311541633Z,5.826804,117.274945,Cloud to Cloud,-10258,7553,7
2026-08-31T11:28:03.211334128Z,5.332298,115.594419,Cloud to Cloud,6039,15118,6
2026-08-31T11:28:03.192894155Z,17.7277,133.537007,Cloud to Ground,12383,0,6
2026-08-31T11:28:04.541972558Z,17.885042,114.055785,Cloud to Ground,25043,0,8
2026-08-31T11:28:04.270165047Z,18.007651,113.99823,Cloud to Ground,27269,0,10
2026-08-31T11:28:05.163202979Z,5.286672,115.615483,Cloud to Cloud,-17549,4603,14
2026-08-31T11:28:05.116258087Z,5.182351,115.633602,Cloud to Ground,-31080,0,11
2026-08-31T11:28:05.370052889Z,5.156603,115.56601,Cloud to Ground,-21137,0,9
2026-08-31T11:28:04.842525859Z,5.177374,115.662437,Cloud to Cloud,-19894,3033,10
2026-08-31T11:28:05.510736477Z,5.118745,115.537751,Cloud to Ground,17385,0,10
2026-08-31T11:28:05.400402311Z,5.125946,115.558749,Cloud to Ground,20538,0,20
2026-08-31T11:28:05.452753179Z,5.121612,115.554735,Cloud to Ground,28019,0,16
2026-08-31T11:28:05.699331234Z,6.764059,117.422729,Cloud to Cloud,-8998,15008,5
2026-08-31T11:28:05.932722088Z,15.671503,132.521797,Cloud to Ground,-11422,0,8
2026-08-31T11:28:05.930703398Z,15.648101,132.556756,Cloud to Ground,-10597,0,9
2026-08-31T11:28:05.982209379Z,15.584485,132.526719,Cloud to Ground,10275,0,7
2026-08-31T11:28:07.228971779Z,14.37116,134.171459,Cloud to Ground,15720,0,7
2026-08-31T11:28:07.420869868Z,14.278015,134.200969,Cloud to Ground,-12037,0,11
2026-08-31T11:28:07.277430429Z,14.277286,134.187687,Cloud to Ground,9878,0,11
2026-08-31T11:28:08.886723503Z,6.887387,117.282787,Cloud to Ground,19914,0,10
2026-08-31T11:28:09.803207054Z,5.076834,115.329247,Cloud to Cloud,-15320,8935,12
2026-08-31T11:28:10.661186473Z,5.230893,115.597288,Cloud to Cloud,-18139,3201,13
2026-08-31T11:28:10.026219171Z,5.212559,115.679863,Cloud to Ground,-17854,0,8
2026-08-31T11:28:10.169251737Z,5.204523,115.51824,Cloud to Ground,12085,0,10
2026-08-31T11:28:10.044149598Z,5.20408,115.582309,Cloud to Ground,14624,0,6
2026-08-31T11:28:11.513377013Z,6.737328,117.460772,Cloud to Ground,23927,0,9
2026-08-31T11:28:11.520384047Z,5.239244,115.550902,Cloud to Cloud,13651,3004,8
2026-08-31T11:28:11.703813940Z,18.67781,117.637956,Cloud to Cloud,-15699,3027,8
2026-08-31T11:28:12.179898619Z,5.103698,115.571802,Cloud to Ground,12802,0,13
2026-08-31T11:28:12.256653692Z,6.773015,117.088152,Cloud to Ground,21473,0,8
2026-08-31T11:28:12.304971291Z,6.774475,117.108001,Cloud to Ground,31426,0,9
2026-08-31T11:28:12.050471000Z,19.1721,118.1422,Cloud to Ground,-17613,0,8
2026-08-31T11:28:12.098637000Z,19.1583,118.1271,Cloud to Ground,-12719,0,8
2026-08-31T11:28:13.108925788Z,5.157391,115.614225,Cloud to Cloud,9745,3002,10
2026-08-31T11:28:13.483056416Z,5.190362,115.640744,Cloud to Ground,33496,0,7
2026-08-31T11:28:14.148387728Z,6.753432,117.292283,Cloud to Ground,-19205,0,9
2026-08-31T11:28:14.802937836Z,5.729125,117.082142,Cloud to Cloud,-16742,6728,8
2026-08-31T11:28:14.115939168Z,6.737422,117.194977,Cloud to Ground,21094,0,9
2026-08-31T11:28:14.174197695Z,6.73806,117.186666,Cloud to Ground,27848,0,7
2026-08-31T11:28:14.091511910Z,6.734142,117.188774,Cloud to Ground,66305,0,7
2026-08-31T11:28:15.027816562Z,5.180901,115.634696,Cloud to Ground,23173,0,14
2026-08-31T11:28:15.892102559Z,5.182814,115.584688,Cloud to Cloud,8940,6924,7
2026-08-31T11:28:16.283703778Z,5.154798,115.643476,Cloud to Ground,18267,0,14
2026-08-31T11:28:16.357433256Z,5.237568,115.630723,Cloud to Cloud,20384,3931,9
2026-08-31T11:28:16.118267662Z,5.157364,115.611392,Cloud to Ground,22112,0,8
2026-08-31T11:28:17.957843141Z,22.926866,112.267197,Cloud to Cloud,-24549,16743,15
2026-08-31T11:28:17.962388686Z,22.951613,112.334489,Cloud to Cloud,-11383,5010,10
2026-08-31T11:28:18.117271278Z,5.143246,115.702678,Cloud to Cloud,-19646,6435,12
2026-08-31T11:28:18.458208274Z,5.201899,115.612912,Cloud to Cloud,-11425,6141,7
2026-08-31T11:28:18.526824372Z,5.235348,115.579882,Cloud to Cloud,-8113,5005,6
2026-08-31T11:28:18.374509215Z,5.132908,115.591512,Cloud to Ground,8139,0,6
2026-08-31T11:28:18.726340900Z,5.173564,115.5786,Cloud to Ground,15323,0,11
2026-08-31T11:28:18.671697946Z,5.153164,115.588756,Cloud to Ground,16811,0,15
2026-08-31T11:28:18.084065458Z,6.78125,117.262859,Cloud to Cloud,10415,3004,8
2026-08-31T11:28:19.172175078Z,6.78039,117.269683,Cloud to Cloud,-17078,14949,9
2026-08-31T11:28:19.726553000Z,6.8219,117.4811,Cloud to Ground,6362,0,6
2026-08-31T11:28:19.543816943Z,6.251728,117.842129,Cloud to Ground,21985,0,7
2026-08-31T11:28:20.233235263Z,6.643939,117.805313,Cloud to Cloud,-14564,15622,7
2026-08-31T11:28:20.026843552Z,6.692099,117.497575,Cloud to Cloud,-20796,3109,7
2026-08-31T11:28:21.492696033Z,6.856521,117.380068,Cloud to Cloud,-8965,6939,8
2026-08-31T11:28:21.933545964Z,6.815355,117.450257,Cloud to Cloud,-7439,4406,6
2026-08-31T11:28:21.493410647Z,6.843887,117.432203,Cloud to Ground,70890,0,13
2026-08-31T11:28:21.555007099Z,6.947729,117.311594,Cloud to Cloud,-8441,13971,6
2026-08-31T11:28:21.493877387Z,5.163161,115.586876,Cloud to Cloud,10790,3208,7
2026-08-31T11:28:21.806561749Z,17.733922,133.52372,Cloud to Ground,-33870,0,12
2026-08-31T11:28:22.037659341Z,17.728898,133.49351,Cloud to Ground,-19803,0,7
2026-08-31T11:28:22.112014171Z,17.743132,133.5344,Cloud to Ground,16213,0,8
2026-08-31T11:28:22.025828176Z,17.746964,133.574797,Cloud to Ground,28226,0,7
2026-08-31T11:28:22.699579468Z,5.257686,115.616382,Cloud to Cloud,-12616,5930,7
2026-08-31T11:28:22.837134998Z,5.144397,115.620108,Cloud to Cloud,8881,6987,8
2026-08-31T11:28:22.399652153Z,5.175983,115.580095,Cloud to Ground,13949,0,8
2026-08-31T11:28:22.827809457Z,6.797069,117.419837,Cloud to Cloud,19388,18175,7
2026-08-31T11:28:22.481611853Z,6.521345,117.838612,Cloud to Cloud,-11664,15647,7
2026-08-31T11:28:23.692561862Z,6.789286,117.23765,Cloud to Cloud,-11485,19357,6
2026-08-31T11:28:30.140446744Z,5.157446,115.631857,Cloud to Ground,-11124,0,9
2026-08-31T11:28:30.231394729Z,5.272342,115.638497,Cloud to Ground,25797,0,12
2026-08-31T11:28:32.840368404Z,6.743581,117.200522,Cloud to Ground,51974,0,10
2026-08-31T11:28:32.795773289Z,6.790671,117.235506,Cloud to Ground,55282,0,8
2026-08-31T11:28:33.553893893Z,14.295716,134.195145,Cloud to Ground,-32185,0,13
2026-08-31T11:28:35.929787916Z,5.11854,115.530471,Cloud to Ground,18400,0,13
2026-08-31T11:28:35.691862007Z,6.779395,117.316125,Cloud to Cloud,10020,3006,8
2026-08-31T11:28:35.398540777Z,6.726206,117.198052,Cloud to Cloud,-11164,18280,8
2026-08-31T11:28:35.365835936Z,5.276283,115.620598,Cloud to Ground,-19923,0,6
2026-08-31T11:28:35.565953086Z,5.250968,115.663152,Cloud to Ground,-15772,0,12
2026-08-31T11:28:36.901239254Z,6.688212,117.43489,Cloud to Ground,14212,0,11
2026-08-31T11:28:37.334641563Z,5.231171,115.654024,Cloud to Cloud,-11691,9078,8
2026-08-31T11:28:36.773809816Z,5.20078,115.613161,Cloud to Ground,11829,0,7
2026-08-31T11:28:36.757545338Z,5.195132,115.614647,Cloud to Ground,19834,0,12
2026-08-31T11:28:36.934085669Z,6.782663,117.479972,Cloud to Cloud,-7198,3024,5
2026-08-31T11:28:36.259061046Z,19.514468,119.64547,Cloud to Cloud,-6887,6515,5
2026-08-31T11:28:38.520825734Z,5.126252,115.52077,Cloud to Ground,15920,0,7
2026-08-31T11:28:39.174507441Z,6.696798,117.177181,Cloud to Ground,12851,0,10
2026-08-31T11:28:40.123254000Z,5.2901,115.6253,Cloud to Ground,-13733,0,6
2026-08-31T11:28:40.521474683Z,5.199048,115.657925,Cloud to Cloud,-10344,19463,12
2026-08-31T11:28:40.467867239Z,5.259645,115.671044,Cloud to Cloud,8431,6722,6
2026-08-31T11:28:40.020915632Z,5.179473,115.631675,Cloud to Ground,22048,0,10
2026-08-31T11:28:39.857326402Z,5.150017,115.626095,Cloud to Ground,22968,0,12
2026-08-31T11:28:41.286769226Z,5.234745,115.551283,Cloud to Cloud,-16731,3839,6
2026-08-31T11:28:42.814855870Z,15.662529,132.549253,Cloud to Ground,12076,0,8
2026-08-31T11:28:44.727714984Z,6.62814,117.504195,Cloud to Ground,-14586,0,7
2026-08-31T11:28:44.815882459Z,14.855945,134.94516,Cloud to Ground,-19434,0,15
2026-08-31T11:28:44.817643515Z,14.860953,134.911892,Cloud to Ground,-11808,0,16
2026-08-31T11:28:44.817030452Z,14.825639,134.780821,Cloud to Ground,-14058,0,14
2026-08-31T11:28:44.834058000Z,15.0829,134.9214,Cloud to Ground,-19438,0,5
2026-08-31T11:28:44.431163589Z,10.826992,120.326444,Cloud to Cloud,-21413,5424,7
2026-08-31T11:28:44.557936784Z,10.834247,120.315622,Cloud to Cloud,-4010,4562,5
2026-08-31T11:28:45.576790357Z,5.195806,115.6147,Cloud to Ground,-22070,0,12
2026-08-31T11:28:45.609926971Z,5.20337,115.606871,Cloud to Ground,9253,0,8
2026-08-31T11:28:45.125146274Z,14.312933,134.422099,Cloud to Ground,-38184,0,18
2026-08-31T11:28:45.166356077Z,14.383798,134.476562,Cloud to Ground,-20992,0,11
2026-08-31T11:28:45.163787000Z,14.2892,134.2566,Cloud to Ground,11391,0,6
2026-08-31T11:28:47.514605674Z,5.302896,115.618911,Cloud to Cloud,-15708,3018,10
2026-08-31T11:28:47.104864758Z,6.794523,117.387582,Cloud to Cloud,-15997,7545,6
2026-08-31T11:28:47.103635562Z,6.730282,117.459023,Cloud to Cloud,21966,3007,8
2026-08-31T11:28:47.617137102Z,5.201722,115.554164,Cloud to Ground,-14049,0,6
2026-08-31T11:28:48.230439154Z,5.173843,115.63914,Cloud to Cloud,6603,5879,6
2026-08-31T11:28:49.080680565Z,6.67353,117.435956,Cloud to Cloud,-14291,9961,8
2026-08-31T11:28:48.985011057Z,6.721044,117.456452,Cloud to Ground,22672,0,12
2026-08-31T11:28:48.929573182Z,6.72656,117.465171,Cloud to Ground,31533,0,9
2026-08-31T11:28:49.007456843Z,6.745112,117.145603,Cloud to Cloud,5757,16585,6
2026-08-31T11:28:49.056529020Z,6.66773,117.599138,Cloud to Cloud,16034,15399,6
2026-08-31T11:28:49.715640661Z,5.220398,115.433268,Cloud to Cloud,16953,11339,7
2026-08-31T11:28:49.775866518Z,5.277005,115.620257,Cloud to Cloud,-13095,19713,8
2026-08-31T11:28:49.853908515Z,5.206921,115.628171,Cloud to Ground,20683,0,11
2026-08-31T11:28:49.544914237Z,6.933392,117.269881,Cloud to Cloud,-13431,17115,7
2026-08-31T11:28:49.605474000Z,6.9245,117.2385,Cloud to Ground,74320,0,8
2026-08-31T11:28:49.607081175Z,10.936447,118.503382,Cloud to Cloud,14034,11797,10
2026-08-31T11:28:51.346543360Z,6.447178,117.822254,Cloud to Ground,-18301,0,7
2026-08-31T11:28:51.341580414Z,6.576667,117.856937,Cloud to Ground,42684,0,15
2026-08-31T11:28:52.785222351Z,5.618927,117.197862,Cloud to Ground,19346,0,8
2026-08-31T11:28:52.880992574Z,5.582493,117.233286,Cloud to Ground,34285,0,12
2026-08-31T11:28:52.666087844Z,5.184041,115.472877,Cloud to Cloud,16008,3042,8
2026-08-31T11:28:52.654588170Z,5.201249,115.617401,Cloud to Ground,15122,0,10
2026-08-31T11:28:52.721796092Z,5.351033,115.692795,Cloud to Ground,32481,0,8
2026-08-31T11:28:53.646089755Z,5.176572,115.593229,Cloud to Cloud,-25432,12811,15
2026-08-31T11:28:53.704796446Z,5.15349,115.601578,Cloud to Cloud,6144,17651,6
2026-08-31T11:28:53.743729489Z,5.19671,115.617696,Cloud to Ground,10314,0,9
2026-08-31T11:28:53.977372215Z,5.123387,115.480399,Cloud to Ground,11470,0,8
2026-08-31T11:28:53.903131733Z,5.104695,115.520599,Cloud to Ground,14081,0,7
2026-08-31T11:28:53.824264185Z,5.092379,115.526084,Cloud to Ground,20516,0,7
2026-08-31T11:28:54.974480161Z,6.840796,117.702508,Cloud to Ground,15972,0,9
2026-08-31T11:28:54.417340210Z,5.015124,116.764813,Cloud to Ground,34602,0,21
2026-08-31T11:28:54.357555844Z,17.761192,133.518559,Cloud to Ground,-15037,0,9
2026-08-31T11:28:56.992657200Z,6.855148,117.266481,Cloud to Cloud,11425,13829,7
2026-08-31T11:28:57.249965701Z,6.726377,117.186905,Cloud to Ground,14060,0,7
2026-08-31T11:28:57.183800783Z,6.807628,117.200426,Cloud to Ground,15420,0,7
2026-08-31T11:28:56.836086735Z,6.749043,117.2781,Cloud to Ground,16420,0,12
2026-08-31T11:28:56.325490450Z,6.726858,117.185896,Cloud to Ground,16496,0,7
2026-08-31T11:28:56.645423808Z,6.729061,117.190012,Cloud to Ground,16667,0,7
2026-08-31T11:28:56.155975173Z,6.717634,117.161655,Cloud to Cloud,18442,16823,8
2026-08-31T11:28:56.282814000Z,6.6563,117.2133,Cloud to Ground,32018,0,5
2026-08-31T11:28:55.839874315Z,6.74858,117.280026,Cloud to Ground,38340,0,13
2026-08-31T11:28:56.136836406Z,6.729115,117.188192,Cloud to Ground,38733,0,8
2026-08-31T11:28:56.496772711Z,6.852604,117.224767,Cloud to Ground,45799,0,7
2026-08-31T11:28:55.880648596Z,6.746279,117.205453,Cloud to Ground,78667,0,7
2026-08-31T11:28:55.940170000Z,6.8714,117.252,Cloud to Ground,116285,0,8
2026-08-31T11:28:55.636303317Z,5.222123,115.615512,Cloud to Ground,-19519,0,6
2026-08-31T11:28:55.037446712Z,5.155164,115.560463,Cloud to Ground,-12866,0,7
2026-08-31T11:28:54.930982537Z,5.145609,115.570175,Cloud to Ground,15985,0,8
2026-08-31T11:28:55.469846383Z,14.304763,134.106996,Cloud to Ground,-20942,0,13
2026-08-31T11:28:56.860078276Z,5.188006,115.573094,Cloud to Cloud,-14427,19362,16
2026-08-31T11:28:56.205488664Z,18.845846,119.772778,Cloud to Cloud,9459,18558,7
2026-08-31T11:28:57.674309960Z,6.667933,117.466745,Cloud to Cloud,15109,3313,8
2026-08-31T11:28:57.398309133Z,5.030168,115.590911,Cloud to Ground,20072,0,10
2026-08-31T11:28:57.285482861Z,5.017142,115.574966,Cloud to Ground,24099,0,11
2026-08-31T11:28:57.563969756Z,22.860549,112.499058,Cloud to Ground,10455,0,7
2026-08-31T11:28:58.145683037Z,22.78973,112.329956,Cloud to Cloud,-33055,3021,10
2026-08-31T11:28:57.450365116Z,22.761011,112.318579,Cloud to Cloud,-11883,3011,11
2026-08-31T11:28:57.834312000Z,22.8819,112.2651,Cloud to Ground,383,0,5
2026-08-31T11:28:58.010870000Z,22.8801,112.2652,Cloud to Ground,23897,0,8
2026-08-31T11:28:57.896917663Z,22.798592,112.304844,Cloud to Ground,30907,0,18
2026-08-31T11:28:57.928561306Z,22.689233,112.313207,Cloud to Ground,46312,0,8
2026-08-31T11:28:58.059565998Z,22.891709,112.212268,Cloud to Ground,49673,0,12
2026-08-31T11:28:57.964619831Z,22.725005,112.319879,Cloud to Ground,55216,0,12
2026-08-31T11:28:57.872576664Z,22.683246,112.327372,Cloud to Ground,63957,0,11
2026-08-31T11:28:58.012872272Z,5.176889,115.680175,Cloud to Ground,-19900,0,7
2026-08-31T11:28:57.978443000Z,5.2622,115.6695,Cloud to Ground,13383,0,5
2026-08-31T11:28:58.019498296Z,5.200442,115.629314,Cloud to Ground,14610,0,8
2026-08-31T11:28:58.118394036Z,4.976192,116.746149,Cloud to Ground,-47366,0,13
2026-08-31T11:29:00.849657764Z,6.644814,117.187118,Cloud to Ground,24149,0,10
2026-08-31T11:29:00.167193607Z,6.734578,117.168932,Cloud to Ground,-26995,0,8
2026-08-31T11:29:00.852955912Z,6.731072,117.239582,Cloud to Ground,-23761,0,7
2026-08-31T11:29:00.390900259Z,6.745362,117.219457,Cloud to Ground,15498,0,12
2026-08-31T11:29:00.860930000Z,6.8023,117.283,Cloud to Ground,19406,0,9
2026-08-31T11:29:00.006785300Z,6.844181,117.072758,Cloud to Cloud,-8531,3061,7
2026-08-31T11:29:00.915616881Z,4.941867,116.745747,Cloud to Ground,29706,0,17
2026-08-31T11:29:00.155173254Z,5.128984,115.567627,Cloud to Ground,-15340,0,17
2026-08-31T11:29:00.230293892Z,5.214583,115.669919,Cloud to Ground,-18860,0,16
2026-08-31T11:29:00.894218000Z,19.4528,118.4878,Cloud to Ground,14610,0,5
2026-08-31T11:29:01.884398478Z,5.228971,115.600506,Cloud to Cloud,-24363,3118,12
2026-08-31T11:29:02.476383833Z,5.226702,115.6136,Cloud to Ground,19325,0,13
2026-08-31T11:29:02.559934086Z,5.169749,115.590959,Cloud to Ground,22003,0,9
2026-08-31T11:29:02.360121400Z,5.117636,115.502744,Cloud to Ground,20307,0,12
2026-08-31T11:29:02.313589818Z,6.608185,117.586282,Cloud to Cloud,-16226,3001,8
2026-08-31T11:29:02.363603865Z,5.692667,117.199417,Cloud to Cloud,-10710,7574,8
2026-08-31T11:29:04.607365847Z,14.896754,134.794683,Cloud to Ground,-13100,0,5
2026-08-31T11:29:04.694652859Z,14.873804,134.79828,Cloud to Ground,-12902,0,10
2026-08-31T11:29:04.605537072Z,14.797654,134.802487,Cloud to Ground,12302,0,6
2026-08-31T11:29:06.977230466Z,5.0705,115.544706,Cloud to Ground,-12827,0,9
2026-08-31T11:29:06.753085618Z,5.283935,115.603124,Cloud to Cloud,-19327,15912,12
2026-08-31T11:29:06.075857992Z,5.215758,115.605755,Cloud to Cloud,-16259,7225,7
2026-08-31T11:29:06.786741729Z,6.591408,117.787142,Cloud to Ground,17750,0,7
2026-08-31T11:29:07.167320380Z,15.374498,133.864054,Cloud to Ground,-24704,0,12
2026-08-31T11:29:07.270124262Z,15.315917,133.859989,Cloud to Ground,-21306,0,11
2026-08-31T11:29:07.165625524Z,15.324288,133.878368,Cloud to Ground,20715,0,8
2026-08-31T11:29:08.346479583Z,14.357545,134.201277,Cloud to Ground,-12330,0,9
2026-08-31T11:29:08.542438397Z,14.257142,134.248574,Cloud to Ground,-8009,0,7
2026-08-31T11:29:11.550663353Z,6.810302,117.178083,Cloud to Cloud,-21471,7715,10
2026-08-31T11:29:11.533238711Z,6.762137,117.045779,Cloud to Cloud,-13825,19995,7
2026-08-31T11:29:11.630037486Z,5.202718,115.577076,Cloud to Cloud,-13759,3016,13
2026-08-31T11:29:11.880357547Z,5.11327,115.609777,Cloud to Cloud,-20621,6169,12
2026-08-31T11:29:12.610431295Z,6.832591,117.215004,Cloud to Cloud,8084,3953,7
2026-08-31T11:29:12.754072281Z,6.794679,117.528189,Cloud to Cloud,20471,19024,7
2026-08-31T11:29:12.703363372Z,6.704435,117.455495,Cloud to Ground,23072,0,10
2026-08-31T11:29:12.530814552Z,6.751315,117.28071,Cloud to Ground,29154,0,9
2026-08-31T11:29:12.572105158Z,6.722095,117.180591,Cloud to Ground,37573,0,6
2026-08-31T11:29:12.476107797Z,6.729203,117.188192,Cloud to Ground,45139,0,7
2026-08-31T11:29:12.419499305Z,6.741292,117.230843,Cloud to Ground,45506,0,16
2026-08-31T11:29:14.875041611Z,6.586903,117.756558,Cloud to Cloud,11055,5975,7
2026-08-31T11:29:15.446243627Z,15.110608,133.433434,Cloud to Ground,-17153,0,7
2026-08-31T11:29:16.632498692Z,2.891845,115.731465,Cloud to Ground,36346,0,15
2026-08-31T11:29:16.562470769Z,6.853676,117.294801,Cloud to Cloud,-16280,13074,7
2026-08-31T11:29:16.776207681Z,6.840361,117.21112,Cloud to Cloud,12553,3491,6
2026-08-31T11:29:17.117426402Z,5.101159,115.526289,Cloud to Ground,15035,0,14
2026-08-31T11:29:17.397692998Z,14.268329,134.162798,Cloud to Ground,-10220,0,8
2026-08-31T11:29:18.985746738Z,5.105411,115.561427,Cloud to Ground,12494,0,7
2026-08-31T11:29:18.106484491Z,5.191077,115.547504,Cloud to Cloud,-15548,7312,7
2026-08-31T11:29:17.973849085Z,5.240743,115.616382,Cloud to Cloud,-12229,17412,7
2026-08-31T11:29:18.624044821Z,5.165932,115.641584,Cloud to Ground,13570,0,13
2026-08-31T11:29:19.076977190Z,5.653955,117.215069,Cloud to Cloud,-12038,3064,9
2026-08-31T11:29:20.563791904Z,6.626755,117.534868,Cloud to Cloud,-6571,3027,6
2026-08-31T11:29:20.940130183Z,5.072164,115.569805,Cloud to Ground,-13425,0,7
2026-08-31T11:29:19.691892037Z,5.264432,115.711512,Cloud to Cloud,-17008,7655,10
2026-08-31T11:29:20.617079997Z,5.185655,115.642776,Cloud to Ground,-16129,0,7
2026-08-31T11:29:20.919088299Z,5.082985,115.4645,Cloud to Ground,-14474,0,7
2026-08-31T11:29:21.036934796Z,5.159992,115.501904,Cloud to Cloud,-11400,6209,8
2026-08-31T11:29:20.523375850Z,5.270169,115.710592,Cloud to Cloud,-10043,15711,6
2026-08-31T11:29:20.708938815Z,5.205262,115.577075,Cloud to Ground,-8453,0,6
2026-08-31T11:29:20.818220527Z,5.19756,115.605542,Cloud to Cloud,6012,19720,6
2026-08-31T11:29:20.653344496Z,5.381407,115.602982,Cloud to Cloud,11748,5870,10
2026-08-31T11:29:20.741680598Z,5.268355,115.599496,Cloud to Cloud,11952,5164,7
2026-08-31T11:29:21.031940303Z,5.106306,115.454693,Cloud to Cloud,15079,19874,6
2026-08-31T11:29:20.029072146Z,5.311143,115.649133,Cloud to Cloud,17091,3047,7
2026-08-31T11:29:19.969309665Z,5.176317,115.596868,Cloud to Ground,17415,0,8
2026-08-31T11:29:20.676195444Z,5.27669,115.601981,Cloud to Ground,22163,0,7
2026-08-31T11:29:21.223562794Z,5.697776,117.172326,Cloud to Cloud,-12824,3027,7
2026-08-31T11:29:21.399870812Z,5.648225,117.14662,Cloud to Ground,16656,0,12
2026-08-31T11:29:22.482413000Z,5.2429,115.5246,Cloud to Ground,-23923,0,6
2026-08-31T11:29:21.971895767Z,5.124952,115.595822,Cloud to Ground,-18333,0,10
2026-08-31T11:29:22.511616987Z,5.178504,115.56274,Cloud to Cloud,-11982,5526,10
2026-08-31T11:29:22.028603278Z,6.757765,117.353152,Cloud to Cloud,-9442,5202,8
2026-08-31T11:29:22.262811838Z,6.798598,117.365546,Cloud to Cloud,3691,14544,6
2026-08-31T11:29:22.458042858Z,6.703391,117.360426,Cloud to Cloud,6291,7517,7
2026-08-31T11:29:22.025694834Z,6.753157,117.333128,Cloud to Cloud,23134,10833,11
2026-08-31T11:29:22.132708955Z,5.33275,115.704817,Cloud to Cloud,-8830,4027,7
2026-08-31T11:29:23.743556523Z,4.01571,114.980822,Cloud to Cloud,-19625,16278,8
2026-08-31T11:29:23.727499122Z,5.210333,115.686661,Cloud to Cloud,-7744,9725,6
2026-08-31T11:29:23.870697297Z,5.271674,115.596292,Cloud to Cloud,-21188,12703,7
2026-08-31T11:29:24.478760400Z,5.204798,115.580348,Cloud to Cloud,-15549,3344,6
2026-08-31T11:29:24.277943494Z,5.082876,115.604104,Cloud to Ground,-28724,0,8
2026-08-31T11:29:24.606126634Z,5.105429,115.616407,Cloud to Cloud,14108,3138,7
2026-08-31T11:29:24.244931853Z,2.887053,115.704781,Cloud to Ground,-10420,0,7
2026-08-31T11:29:25.844843175Z,5.207044,115.619438,Cloud to Ground,-23883,0,8
2026-08-31T11:29:26.609381463Z,5.180436,115.604124,Cloud to Ground,-16434,0,7
2026-08-31T11:29:25.960421730Z,5.21192,115.668985,Cloud to Cloud,13044,3030,7
2026-08-31T11:29:26.393421134Z,5.157997,115.569861,Cloud to Ground,13590,0,6
2026-08-31T11:29:25.849999219Z,5.19222,115.594277,Cloud to Ground,15694,0,10
2026-08-31T11:29:25.959352028Z,5.206725,115.659643,Cloud to Ground,21610,0,8
2026-08-31T11:29:25.712049864Z,5.203669,115.585751,Cloud to Ground,29269,0,7
2026-08-31T11:29:25.718126000Z,15.4357,132.2965,Cloud to Ground,18662,0,5
2026-08-31T11:29:26.502703667Z,6.720281,117.522534,Cloud to Ground,-15199,0,12
2026-08-31T11:29:26.497998409Z,6.667458,117.440146,Cloud to Cloud,7681,6229,7
2026-08-31T11:29:26.852464118Z,6.70022,117.473918,Cloud to Ground,18738,0,13
2026-08-31T11:29:26.862716581Z,6.692275,117.427522,Cloud to Ground,20731,0,9
2026-08-31T11:29:27.071899121Z,6.683145,117.393846,Cloud to Ground,22920,0,10
2026-08-31T11:29:27.152347723Z,6.698507,117.426172,Cloud to Ground,36631,0,8
2026-08-31T11:29:26.971030880Z,6.711718,117.440182,Cloud to Ground,40373,0,7
2026-08-31T11:29:26.777039888Z,6.709152,117.467578,Cloud to Ground,72616,0,19
2026-08-31T11:29:26.153882801Z,6.945991,117.451365,Cloud to Cloud,47766,3006,10
2026-08-31T11:29:26.400012093Z,14.838013,134.945445,Cloud to Ground,-39734,0,11
2026-08-31T11:29:26.401823721Z,14.773377,134.919937,Cloud to Cloud,-20206,10778,13
2026-08-31T11:29:26.400814000Z,14.3055,134.5239,Cloud to Ground,-7711,0,5
2026-08-31T11:29:26.153118000Z,5.2392,116.6007,Cloud to Ground,57081,0,5
2026-08-31T11:29:27.597203855Z,5.146877,115.621358,Cloud to Cloud,8004,4146,6
2026-08-31T11:29:28.593197561Z,5.181842,115.60736,Cloud to Ground,-20466,0,9
2026-08-31T11:29:29.762950374Z,6.791489,117.189101,Cloud to Ground,53976,0,8
2026-08-31T11:29:29.726825106Z,6.829966,117.322442,Cloud to Ground,-24668,0,10
2026-08-31T11:29:29.885909000Z,6.9094,117.2394,Cloud to Ground,80047,0,8
2026-08-31T11:29:29.887511155Z,10.927066,118.501688,Cloud to Cloud,13953,11857,7
2026-08-31T11:29:31.339303973Z,6.577011,117.820428,Cloud to Cloud,-28208,3423,7
2026-08-31T11:29:31.300237526Z,6.511177,117.891678,Cloud to Cloud,-14789,3001,9
2026-08-31T11:29:31.334999042Z,6.571849,117.805805,Cloud to Ground,14739,0,9
2026-08-31T11:29:30.957244410Z,6.502872,117.853247,Cloud to Cloud,16191,4688,10
2026-08-31T11:29:32.892440010Z,6.648816,117.507175,Cloud to Ground,-12524,0,10
2026-08-31T11:29:33.025899341Z,5.159067,115.580462,Cloud to Ground,28190,0,17
2026-08-31T11:29:33.224489884Z,14.380339,134.433343,Cloud to Ground,-12324,0,7
2026-08-31T11:29:33.311710735Z,19.141048,120.033096,Cloud to Cloud,10744,19352,8
2026-08-31T11:29:33.354808000Z,19.8946,120.409,Cloud to Ground,17789,0,5
2026-08-31T11:29:34.977246094Z,5.270315,115.588615,Cloud to Cloud,-18003,9362,12
2026-08-31T11:29:34.472100005Z,4.942045,116.73874,Cloud to Ground,23698,0,12
2026-08-31T11:29:35.175613885Z,6.782165,117.378179,Cloud to Cloud,-10430,4769,8
2026-08-31T11:29:36.208675873Z,5.085846,115.55229,Cloud to Ground,-14736,0,8
2026-08-31T11:29:36.186795872Z,5.049765,115.538402,Cloud to Ground,9227,0,6
2026-08-31T11:29:37.389946292Z,5.150295,115.642941,Cloud to Ground,-14259,0,8
2026-08-31T11:29:37.020598067Z,5.25073,115.572427,Cloud to Cloud,8234,5578,7
2026-08-31T11:29:37.087308491Z,5.202052,115.610314,Cloud to Cloud,9844,3089,9
2026-08-31T11:29:37.315275006Z,17.914308,114.096607,Cloud to Cloud,-12272,5542,9
2026-08-31T11:29:37.025931097Z,17.879262,114.016472,Cloud to Cloud,19080,3009,8
2026-08-31T11:29:37.024056035Z,17.907096,114.10298,Cloud to Ground,24487,0,8
2026-08-31T11:29:39.630316699Z,5.155218,115.587723,Cloud to Ground,-19111,0,12
2026-08-31T11:29:39.490036993Z,5.1679,115.54243,Cloud to Ground,12975,0,5
2026-08-31T11:29:39.656851829Z,5.169116,115.533555,Cloud to Ground,13741,0,7
2026-08-31T11:29:39.577905668Z,17.75238,133.454979,Cloud to Ground,26471,0,8
2026-08-31T11:29:40.458007015Z,6.896324,117.705279,Cloud to Ground,87071,0,8
2026-08-31T11:29:40.929716450Z,6.749349,117.660171,Cloud to Ground,35984,0,8
2026-08-31T11:29:41.102053469Z,6.77787,117.76427,Cloud to Ground,20698,0,11
2026-08-31T11:29:41.553087912Z,5.616871,117.20185,Cloud to Cloud,-18534,3017,6
2026-08-31T11:29:41.469249531Z,5.165582,115.538868,Cloud to Ground,-11068,0,8
2026-08-31T11:29:42.076270899Z,5.179715,115.55401,Cloud to Ground,12995,0,9
2026-08-31T11:29:41.354874221Z,5.12407,115.586828,Cloud to Ground,14087,0,6
2026-08-31T11:29:41.968946909Z,5.193253,115.581497,Cloud to Ground,17212,0,6
2026-08-31T11:29:42.124568252Z,5.191295,115.587123,Cloud to Ground,18362,0,7
2026-08-31T11:29:43.415821342Z,5.254301,115.677843,Cloud to Cloud,-10437,4999,9
2026-08-31T11:29:43.244105103Z,5.246826,115.651443,Cloud to Cloud,-9156,3770,8
2026-08-31T11:29:44.493016600Z,5.250587,115.646569,Cloud to Cloud,-14627,15246,10
2026-08-31T11:29:44.273558981Z,5.236957,115.709055,Cloud to Cloud,-11475,5819,7
2026-08-31T11:29:44.419213474Z,5.149619,115.5976,Cloud to Ground,9251,0,6
2026-08-31T11:29:44.627463972Z,5.080604,115.603588,Cloud to Ground,14146,0,7
2026-08-31T11:29:44.378798947Z,5.177456,115.620352,Cloud to Ground,20543,0,9
2026-08-31T11:29:44.306116863Z,5.661368,117.213698,Cloud to Ground,-12456,0,7
2026-08-31T11:29:44.141091322Z,14.891441,134.820405,Cloud to Ground,42009,0,7
2026-08-31T11:29:44.227697543Z,17.844706,133.467338,Cloud to Ground,-24260,0,15
2026-08-31T11:29:44.408343072Z,17.707397,133.488925,Cloud to Ground,-13437,0,7
2026-08-31T11:29:44.769019492Z,17.745791,133.510837,Cloud to Cloud,-11548,5161,6
2026-08-31T11:29:44.267468000Z,17.8753,133.5419,Cloud to Ground,25717,0,5
2026-08-31T11:29:44.406813000Z,17.8269,133.481,Cloud to Ground,29652,0,10
2026-08-31T11:29:46.325609729Z,5.205533,115.624891,Cloud to Ground,15379,0,17
2026-08-31T11:29:46.337801054Z,6.737718,117.211117,Cloud to Cloud,15087,6337,8
2026-08-31T11:29:46.418091677Z,6.816398,117.24455,Cloud to Ground,39035,0,8
2026-08-31T11:29:46.290155400Z,6.659157,117.32582,Cloud to Cloud,13876,3347,10
2026-08-31T11:29:46.883754997Z,22.721159,112.680044,Cloud to Ground,63547,0,12
2026-08-31T11:29:46.937459067Z,22.798618,112.619633,Cloud to Ground,28283,0,8
2026-08-31T11:29:47.278047346Z,5.266988,115.569039,Cloud to Cloud,-17859,4455,14
2026-08-31T11:29:47.634558545Z,5.241233,115.60885,Cloud to Ground,21989,0,6
2026-08-31T11:29:47.607429142Z,5.254967,115.609789,Cloud to Cloud,28101,3884,10
2026-08-31T11:29:47.376151136Z,22.676327,112.27198,Cloud to Cloud,12918,7116,8
2026-08-31T11:29:48.632161129Z,5.180035,115.606988,Cloud to Ground,-29585,0,10
2026-08-31T11:29:48.521832127Z,5.176248,115.647378,Cloud to Ground,-18522,0,12
2026-08-31T11:29:48.729385414Z,5.200156,115.617468,Cloud to Ground,22675,0,8
2026-08-31T11:29:48.559574646Z,5.196498,115.605154,Cloud to Ground,23126,0,7
2026-08-31T11:29:48.713043249Z,5.801784,117.200147,Cloud to Cloud,6516,11581,5
2026-08-31T11:29:48.903867218Z,14.622892,133.717698,Cloud to Ground,21356,0,10
2026-08-31T11:29:49.687217213Z,4.307949,114.910263,Cloud to Cloud,-22512,13731,15
2026-08-31T11:29:49.893599018Z,4.245265,114.873407,Cloud to Cloud,-20612,13893,13
2026-08-31T11:29:49.752391842Z,4.247921,114.923526,Cloud to Ground,-8371,0,7
2026-08-31T11:29:51.453576361Z,5.19728,115.65052,Cloud to Cloud,-14989,3022,14
2026-08-31T11:29:51.086840919Z,5.192244,115.642628,Cloud to Ground,-10565,0,8
2026-08-31T11:29:51.612714609Z,5.197407,115.609575,Cloud to Cloud,-10397,6011,10
2026-08-31T11:29:51.579061824Z,6.690158,117.544513,Cloud to Cloud,-8772,5606,8
2026-08-31T11:29:52.887079146Z,6.816781,117.345247,Cloud to Ground,36833,0,15
2026-08-31T11:29:53.994939671Z,5.180988,115.616098,Cloud to Ground,-11334,0,8
2026-08-31T11:29:53.387117881Z,4.99193,115.469227,Cloud to Cloud,-12456,15094,10
2026-08-31T11:29:53.217814654Z,5.131962,115.601871,Cloud to Cloud,-13287,3176,11
2026-08-31T11:29:54.531587937Z,6.569069,117.798207,Cloud to Ground,20168,0,7
2026-08-31T11:29:53.962219367Z,6.57245,117.900489,Cloud to Cloud,21851,7801,9
2026-08-31T11:29:54.178432508Z,6.592226,117.879441,Cloud to Ground,22230,0,12
2026-08-31T11:29:53.961342912Z,6.539426,117.946779,Cloud to Ground,23202,0,11
2026-08-31T11:29:54.346746905Z,6.572304,117.805035,Cloud to Ground,60461,0,8
2026-08-31T11:29:54.922190014Z,5.287636,115.632731,Cloud to Ground,-14681,0,11
2026-08-31T11:29:55.860882639Z,6.669009,117.578073,Cloud to Ground,27478,0,20
2026-08-31T11:29:55.795423918Z,6.635167,117.492696,Cloud to Ground,33904,0,7
2026-08-31T11:29:55.677738760Z,5.210511,115.570774,Cloud to Cloud,-17241,3051,12
2026-08-31T11:29:55.953546929Z,6.207266,117.819071,Cloud to Ground,17367,0,8
2026-08-31T11:29:55.066597688Z,14.230031,134.729051,Cloud to Ground,-13891,0,9
2026-08-31T11:29:57.435836324Z,5.269305,115.526427,Cloud to Ground,-21330,0,11
2026-08-31T11:29:57.552289382Z,5.249129,115.497551,Cloud to Ground,-20437,0,20
2026-08-31T11:29:57.595038468Z,5.246657,115.648478,Cloud to Ground,-13254,0,8
2026-08-31T11:29:57.468415808Z,5.199516,115.59451,Cloud to Ground,-11664,0,7
2026-08-31T11:29:57.281126322Z,5.220529,115.54206,Cloud to Cloud,-10830,10875,7
2026-08-31T11:29:57.930219744Z,5.241981,115.634871,Cloud to Cloud,-9185,6569,8
2026-08-31T11:29:57.554810605Z,14.735963,134.818515,Cloud to Ground,-17031,0,7
2026-08-31T11:29:58.965731532Z,5.131269,115.626045,Cloud to Cloud,5778,7127,7
2026-08-31T11:29:59.733714538Z,5.127067,115.603955,Cloud to Ground,13524,0,8
2026-08-31T11:29:59.053049350Z,15.328,133.891235,Cloud to Ground,10685,0,11
2026-08-31T11:30:00.845635005Z,5.195137,115.542108,Cloud to Cloud,8475,6057,8
2026-08-31T11:30:00.921101446Z,5.147693,115.560934,Cloud to Ground,13924,0,11
2026-08-31T11:30:00.094209194Z,6.70115,117.394855,Cloud to Ground,-14685,0,7
2026-08-31T11:30:00.970169988Z,14.267885,134.956163,Cloud to Ground,16083,0,12
2026-08-31T11:30:00.968841873Z,14.272404,134.955579,Cloud to Ground,24931,0,13
2026-08-31T11:30:00.969492106Z,14.263354,134.966548,Cloud to Ground,54237,0,14
2026-08-31T11:30:01.599471875Z,6.791069,117.292263,Cloud to Cloud,18524,3019,7
2026-08-31T11:30:01.516483985Z,4.976863,116.706219,Cloud to Ground,13062,0,7
2026-08-31T11:30:02.380023224Z,5.158544,115.520073,Cloud to Ground,19109,0,12
2026-08-31T11:30:03.972367552Z,5.153685,115.477741,Cloud to Ground,-18184,0,14
2026-08-31T11:30:04.043045216Z,5.196635,115.532699,Cloud to Ground,-16999,0,6
2026-08-31T11:30:03.561767041Z,5.13115,115.602234,Cloud to Ground,-15229,0,8
2026-08-31T11:30:03.537998945Z,5.185446,115.599208,Cloud to Ground,-13556,0,12
2026-08-31T11:30:03.346962059Z,6.669481,117.469925,Cloud to Ground,-24576,0,16
2026-08-31T11:30:03.087268513Z,6.644583,117.43785,Cloud to Ground,17565,0,7
2026-08-31T11:30:03.814218806Z,5.635253,117.140067,Cloud to Ground,15058,0,10
2026-08-31T11:30:03.236514701Z,5.280508,115.573804,Cloud to Ground,10362,0,6
2026-08-31T11:30:04.328051579Z,22.547319,112.890971,Cloud to Ground,-26518,0,18
2026-08-31T11:30:05.133590807Z,5.239592,115.558179,Cloud to Cloud,11380,10889,9
2026-08-31T11:30:07.710217118Z,5.165303,115.552463,Cloud to Cloud,9815,12669,10
2026-08-31T11:30:08.985503026Z,6.745468,117.355637,Cloud to Ground,35907,0,9
2026-08-31T11:30:08.045055779Z,6.689743,117.228951,Cloud to Cloud,17862,6267,11
2026-08-31T11:30:09.721346334Z,6.728081,117.171896,Cloud to Ground,31388,0,7
2026-08-31T11:30:09.360354547Z,6.676248,117.560975,Cloud to Ground,50673,0,17
2026-08-31T11:30:09.868189992Z,6.610336,117.419082,Cloud to Ground,19892,0,7
2026-08-31T11:30:09.237638706Z,6.655196,117.456807,Cloud to Ground,36331,0,11
2026-08-31T11:30:09.786615000Z,6.7163,117.4529,Cloud to Ground,58030,0,5
2026-08-31T11:30:09.262891534Z,6.805134,117.510342,Cloud to Ground,34236,0,7
2026-08-31T11:30:09.746546244Z,6.754495,117.275103,Cloud to Ground,27450,0,13
2026-08-31T11:30:09.807550886Z,6.762751,117.267726,Cloud to Ground,58675,0,13
2026-08-31T11:30:09.206078000Z,6.8628,117.6735,Cloud to Ground,74137,0,6
2026-08-31T11:30:09.818701422Z,5.189045,115.527898,Cloud to Ground,16087,0,8
2026-08-31T11:30:09.054922554Z,5.140724,115.599936,Cloud to Ground,14388,0,8
2026-08-31T11:30:10.140493265Z,4.313249,114.948603,Cloud to Ground,14365,0,9
2026-08-31T11:30:11.200597288Z,5.216449,115.592034,Cloud to Cloud,-11515,3009,8
2026-08-31T11:30:11.043458682Z,5.169119,115.553576,Cloud to Cloud,21458,11036,7
2026-08-31T11:30:11.131201630Z,5.216102,115.598487,Cloud to Ground,22348,0,18
2026-08-31T11:30:12.906988395Z,20.491096,120.651607,Cloud to Cloud,11067,17977,7
2026-08-31T11:30:13.813853941Z,6.606398,117.870109,Cloud to Cloud,42635,8733,6
2026-08-31T11:30:13.551381479Z,14.789908,134.753697,Cloud to Ground,-30611,0,20
2026-08-31T11:30:13.589866169Z,14.86096,134.802961,Cloud to Ground,-23488,0,7
2026-08-31T11:30:14.018714343Z,14.816704,134.745758,Cloud to Ground,-20890,0,9
2026-08-31T11:30:13.572683000Z,14.893,134.7374,Cloud to Ground,-9434,0,6
2026-08-31T11:30:13.546815240Z,14.840065,134.747616,Cloud to Ground,13828,0,7
2026-08-31T11:30:14.221100154Z,14.863138,134.809237,Cloud to Ground,25185,0,10
2026-08-31T11:30:14.732679807Z,4.266089,114.886036,Cloud to Ground,-17910,0,8
2026-08-31T11:30:15.920306995Z,5.156663,115.553809,Cloud to Ground,-16496,0,6
2026-08-31T11:30:15.978534035Z,5.1539,115.596782,Cloud to Ground,22111,0,8
2026-08-31T11:30:15.658736301Z,5.158539,115.634817,Cloud to Ground,35881,0,10
2026-08-31T11:30:15.115976436Z,4.928906,116.750344,Cloud to Cloud,-19203,13773,10
2026-08-31T11:30:15.560787613Z,5.284937,115.628262,Cloud to Ground,24934,0,16
2026-08-31T11:30:16.680101929Z,6.261512,117.843428,Cloud to Ground,24405,0,8
2026-08-31T11:30:16.681779776Z,6.233123,117.805434,Cloud to Ground,53008,0,22
2026-08-31T11:30:16.886345252Z,14.231956,134.163652,Cloud to Ground,10522,0,9
2026-08-31T11:30:17.849811048Z,6.75675,117.34093,Cloud to Ground,-20285,0,11
2026-08-31T11:30:18.110681994Z,6.702653,117.179019,Cloud to Cloud,-9381,3020,7
2026-08-31T11:30:18.534001562Z,18.750939,127.478986,Cloud to Cloud,-7391,3009,7
2026-08-31T11:30:19.198734449Z,5.634893,117.127446,Cloud to Cloud,16798,18114,10
2026-08-31T11:30:20.018482715Z,5.255298,115.629263,Cloud to Ground,-13137,0,9
2026-08-31T11:30:20.287123577Z,5.275557,115.614167,Cloud to Cloud,-12541,16696,7
2026-08-31T11:30:20.062991503Z,5.233387,115.576135,Cloud to Cloud,15603,5654,11
2026-08-31T11:30:20.566416081Z,6.749458,117.476664,Cloud to Ground,32609,0,12
2026-08-31T11:30:20.438269784Z,5.126953,115.677025,Cloud to Ground,-15442,0,6
2026-08-31T11:30:22.223442524Z,6.630189,117.495581,Cloud to Cloud,11180,6104,7
2026-08-31T11:30:22.459855877Z,6.628167,117.490186,Cloud to Ground,12565,0,7
2026-08-31T11:30:21.767964339Z,6.632492,117.504803,Cloud to Ground,17920,0,7
2026-08-31T11:30:22.448352383Z,6.653038,117.518666,Cloud to Ground,23048,0,7
2026-08-31T11:30:21.739160551Z,6.629682,117.4988,Cloud to Ground,33708,0,7
2026-08-31T11:30:21.647599170Z,6.650438,117.507954,Cloud to Ground,58391,0,7
2026-08-31T11:30:21.708741391Z,6.656621,117.604812,Cloud to Ground,30016,0,14
2026-08-31T11:30:22.145389000Z,6.7166,117.5867,Cloud to Ground,89416,0,6
2026-08-31T11:30:21.684248549Z,5.115275,115.571165,Cloud to Ground,-13231,0,6
2026-08-31T11:30:21.753970618Z,5.090399,115.56131,Cloud to Ground,11725,0,10
2026-08-31T11:30:21.528362186Z,5.182389,115.582976,Cloud to Ground,18122,0,6
2026-08-31T11:30:21.785639321Z,5.192479,115.556533,Cloud to Ground,18313,0,11
2026-08-31T11:30:22.834352088Z,5.285684,115.605888,Cloud to Cloud,-17373,10496,10
2026-08-31T11:30:23.945785544Z,5.134892,115.528801,Cloud to Cloud,-20946,16951,11
2026-08-31T11:30:24.009717938Z,5.108668,115.580256,Cloud to Cloud,-20186,4791,6
2026-08-31T11:30:23.718133474Z,5.157712,115.536428,Cloud to Cloud,-17541,11747,11
2026-08-31T11:30:24.258151441Z,5.21468,115.664701,Cloud to Ground,-11116,0,9
2026-08-31T11:30:24.425663932Z,5.141248,115.596346,Cloud to Cloud,7899,13498,6
2026-08-31T11:30:24.370092058Z,5.136254,115.609509,Cloud to Cloud,9082,16913,7
2026-08-31T11:30:24.441976342Z,5.157308,115.607969,Cloud to Ground,13691,0,7
2026-08-31T11:30:24.046588329Z,5.171297,115.545344,Cloud to Cloud,21243,13728,7
2026-08-31T11:30:24.423064942Z,6.617591,117.505673,Cloud to Ground,-12351,0,7
2026-08-31T11:30:25.933569192Z,14.756747,134.856867,Cloud to Ground,-15604,0,10
2026-08-31T11:30:25.934730796Z,14.766831,134.952497,Cloud to Ground,-18322,0,10
2026-08-31T11:30:25.992402183Z,14.796663,134.970965,Cloud to Ground,29613,0,8
2026-08-31T11:30:25.878238525Z,14.812961,134.95527,Cloud to Ground,100628,0,12
2026-08-31T11:30:26.654630338Z,5.069338,115.408027,Cloud to Cloud,11519,19593,6
2026-08-31T11:30:26.497278910Z,5.169023,115.502122,Cloud to Cloud,-15690,15036,11
2026-08-31T11:30:26.368463645Z,5.206882,115.602959,Cloud to Ground,9077,0,6
2026-08-31T11:30:26.665278837Z,5.130029,115.560919,Cloud to Cloud,11476,5899,6
2026-08-31T11:30:26.338224590Z,5.221013,115.609373,Cloud to Ground,13025,0,13
2026-08-31T11:30:27.190333917Z,5.16416,115.63047,Cloud to Ground,15633,0,8
2026-08-31T11:30:26.152840590Z,5.169805,115.5479,Cloud to Ground,16224,0,6
2026-08-31T11:30:27.193858759Z,2.858481,115.68621,Cloud to Ground,-19969,0,12
2026-08-31T11:30:27.119239294Z,14.386388,134.081503,Cloud to Ground,-10458,0,7
2026-08-31T11:30:28.883992878Z,4.969411,115.471432,Cloud to Ground,10701,0,8
2026-08-31T11:30:28.841194065Z,5.179888,115.619932,Cloud to Ground,14943,0,12
2026-08-31T11:30:29.573178541Z,5.142815,115.609575,Cloud to Cloud,-14479,5101,7
2026-08-31T11:30:29.685646083Z,5.146562,115.565311,Cloud to Cloud,18309,9346,9
2026-08-31T11:30:30.832236786Z,6.760987,117.119656,Cloud to Cloud,-14642,5443,7
2026-08-31T11:30:30.152088596Z,6.905908,117.293406,Cloud to Ground,23126,0,8
2026-08-31T11:30:32.151402518Z,5.198176,115.719185,Cloud to Ground,-11486,0,7
2026-08-31T11:30:32.024779379Z,5.241643,115.655051,Cloud to Cloud,7486,13569,7
2026-08-31T11:30:31.758052191Z,5.133553,115.532451,Cloud to Cloud,9358,14609,9
2026-08-31T11:30:32.129010296Z,5.231079,115.616239,Cloud to Ground,11740,0,9
2026-08-31T11:30:31.049450051Z,5.131887,115.609501,Cloud to Ground,25612,0,13
2026-08-31T11:30:31.720976901Z,5.1482,115.594771,Cloud to Ground,26245,0,8
2026-08-31T11:30:31.973234008Z,5.229677,115.619806,Cloud to Ground,26705,0,17
2026-08-31T11:30:31.783733488Z,5.240511,115.623387,Cloud to Ground,28324,0,6
2026-08-31T11:30:31.889331520Z,5.257685,115.654694,Cloud to Ground,33707,0,7
2026-08-31T11:30:32.767882527Z,5.146932,116.814178,Cloud to Ground,28116,0,9
2026-08-31T11:30:32.773194549Z,14.374897,134.338733,Cloud to Ground,-11391,0,9
2026-08-31T11:30:32.775268338Z,13.929677,134.576535,Cloud to Ground,32043,0,11
2026-08-31T11:30:33.120598572Z,6.850388,117.241501,Cloud to Ground,19727,0,12
2026-08-31T11:30:33.632237682Z,6.746565,117.201647,Cloud to Cloud,9699,5306,7
2026-08-31T11:30:33.895328706Z,6.74503,117.191978,Cloud to Ground,17043,0,7
2026-08-31T11:30:33.903509533Z,6.746986,117.20171,Cloud to Ground,18641,0,10
2026-08-31T11:30:33.786393953Z,6.74369,117.191317,Cloud to Ground,23793,0,8
2026-08-31T11:30:33.231798063Z,6.766828,117.283197,Cloud to Ground,23852,0,13
2026-08-31T11:30:33.327842351Z,6.765744,117.277987,Cloud to Ground,40051,0,13
2026-08-31T11:30:33.829382580Z,6.757672,117.239687,Cloud to Ground,47348,0,18
2026-08-31T11:30:33.172376992Z,6.768588,117.299517,Cloud to Ground,53765,0,19
2026-08-31T11:30:34.072549894Z,6.736984,117.165214,Cloud to Ground,53916,0,8
2026-08-31T11:30:33.560474182Z,6.758305,117.241708,Cloud to Ground,55232,0,17
2026-08-31T11:30:33.969362000Z,6.8581,117.2808,Cloud to Ground,34941,0,7
2026-08-31T11:30:33.423168372Z,5.19155,115.572743,Cloud to Ground,14777,0,6
2026-08-31T11:30:33.634647067Z,5.276233,115.708291,Cloud to Ground,-17941,0,9
2026-08-31T11:30:33.970966271Z,10.889679,118.477505,Cloud to Cloud,18392,3020,7
2026-08-31T11:30:34.471210223Z,6.815802,117.728761,Cloud to Cloud,-16870,10936,10
2026-08-31T11:30:34.081526528Z,6.803828,117.747056,Cloud to Ground,37638,0,15
2026-08-31T11:30:36.495008819Z,5.217798,115.626343,Cloud to Cloud,7149,8349,5
2026-08-31T11:30:35.408506023Z,5.24165,115.616672,Cloud to Cloud,10334,4707,11
2026-08-31T11:30:35.950279486Z,5.158078,115.617622,Cloud to Ground,41663,0,8
2026-08-31T11:30:35.856281866Z,6.917266,117.397798,Cloud to Cloud,-14014,4840,10
2026-08-31T11:30:37.847966080Z,5.181066,115.633195,Cloud to Ground,-19320,0,6
2026-08-31T11:30:36.812803451Z,5.166324,115.552035,Cloud to Ground,11161,0,6
2026-08-31T11:30:36.880535688Z,5.172896,115.519457,Cloud to Ground,11476,0,8
2026-08-31T11:30:37.464505158Z,5.188713,115.614018,Cloud to Cloud,12277,3704,7
2026-08-31T11:30:37.542444221Z,6.253426,117.778191,Cloud to Cloud,11445,7345,7
2026-08-31T11:30:37.709689445Z,14.368185,134.191196,Cloud to Ground,-19890,0,14
2026-08-31T11:30:38.617967506Z,4.339492,114.888455,Cloud to Cloud,-19196,12665,13
2026-08-31T11:30:38.564561921Z,6.856553,117.286778,Cloud to Cloud,11535,6544,11
2026-08-31T11:30:40.776798031Z,6.771208,117.763492,Cloud to Ground,22558,0,10
2026-08-31T11:30:40.836849257Z,6.77121,117.723696,Cloud to Ground,44589,0,18
2026-08-31T11:30:40.292107661Z,5.305459,116.800097,Cloud to Cloud,-17574,3001,13
2026-08-31T11:30:41.338913264Z,5.16141,115.586354,Cloud to Ground,-16862,0,15
2026-08-31T11:30:42.209128507Z,15.699246,132.484777,Cloud to Ground,-10003,0,10
2026-08-31T11:30:42.407033018Z,22.619398,113.057037,Cloud to Cloud,-15082,5031,9
2026-08-31T11:30:42.433220873Z,22.680001,112.766447,Cloud to Ground,-7256,0,8
2026-08-31T11:30:43.978294096Z,6.796892,117.506901,Cloud to Ground,32737,0,6
2026-08-31T11:30:43.236028204Z,22.814277,112.459256,Cloud to Ground,7939,0,13
2026-08-31T11:30:43.231932270Z,22.830037,112.364252,Cloud to Ground,14676,0,9
2026-08-31T11:30:43.230352221Z,22.796408,112.420761,Cloud to Ground,17266,0,9
2026-08-31T11:30:43.229001089Z,22.832067,112.386849,Cloud to Ground,18354,0,13
2026-08-31T11:30:44.275008734Z,14.86391,134.799796,Cloud to Ground,-22724,0,18
2026-08-31T11:30:44.240750201Z,14.926278,134.790779,Cloud to Ground,-17939,0,8
2026-08-31T11:30:45.130800661Z,6.813925,117.392205,Cloud to Cloud,13358,3862,8
2026-08-31T11:30:45.733950161Z,5.163065,115.612748,Cloud to Ground,17684,0,9
2026-08-31T11:30:46.818167108Z,6.628072,117.51592,Cloud to Cloud,-12448,3004,6
2026-08-31T11:30:46.570536000Z,19.4653,118.4922,Cloud to Ground,27394,0,7
2026-08-31T11:30:48.821169004Z,4.043518,114.964611,Cloud to Cloud,-16014,18680,10
2026-08-31T11:30:49.393981112Z,6.81249,117.442167,Cloud to Cloud,-11784,3009,8
2026-08-31T11:30:49.194880469Z,5.259672,115.668572,Cloud to Cloud,-9195,3164,8
2026-08-31T11:30:49.242035091Z,5.116862,115.509909,Cloud to Ground,9836,0,6
2026-08-31T11:30:49.145565451Z,5.149935,115.60114,Cloud to Ground,10371,0,7
2026-08-31T11:30:49.382749339Z,6.733493,117.501349,Cloud to Cloud,-21104,3127,9
2026-08-31T11:30:49.170924171Z,6.722283,117.500744,Cloud to Ground,21620,0,10
2026-08-31T11:30:50.512131682Z,19.046301,118.900378,Cloud to Ground,-25098,0,22
2026-08-31T11:30:51.765142606Z,5.162317,115.614246,Cloud to Cloud,-14258,16804,8
2026-08-31T11:30:51.785196059Z,5.167421,115.480528,Cloud to Ground,-17814,0,18
2026-08-31T11:30:52.759199210Z,6.791797,117.223734,Cloud to Cloud,-12920,3167,8
2026-08-31T11:30:52.463225719Z,5.278231,115.675317,Cloud to Cloud,-8994,7634,7
2026-08-31T11:30:53.123312758Z,4.917001,116.75,Cloud to Ground,21169,0,17
2026-08-31T11:30:53.570254919Z,6.686913,117.681728,Cloud to Cloud,18184,7403,6
2026-08-31T11:30:53.442543000Z,5.2662,115.4447,Cloud to Ground,-21385,0,6
2026-08-31T11:30:54.831762235Z,5.186331,115.612302,Cloud to Cloud,-20540,3122,8
2026-08-31T11:30:55.250138855Z,5.219128,115.639556,Cloud to Cloud,-15759,5758,8
2026-08-31T11:30:54.791996315Z,5.135781,115.552417,Cloud to Ground,-10537,0,6
2026-08-31T11:30:54.808479870Z,6.533601,117.972518,Cloud to Cloud,-11718,16229,8
2026-08-31T11:30:54.747620669Z,6.527027,117.9172,Cloud to Ground,45349,0,10
2026-08-31T11:30:55.741200336Z,15.604973,132.583891,Cloud to Ground,7777,0,10
2026-08-31T11:30:55.981101066Z,12.505418,121.793157,Cloud to Ground,29731,0,10
2026-08-31T11:30:56.452727109Z,6.887007,117.230024,Cloud to Cloud,-7672,3010,7
2026-08-31T11:30:56.091091580Z,5.221461,115.613505,Cloud to Ground,-12607,0,7
2026-08-31T11:30:56.186179319Z,14.306746,134.20697,Cloud to Ground,-14780,0,8
2026-08-31T11:30:58.505628119Z,5.112583,115.480072,Cloud to Cloud,6526,9897,6
2026-08-31T11:30:58.065237451Z,5.195951,115.510955,Cloud to Ground,18695,0,8
2026-08-31T11:30:58.001994663Z,6.667889,117.629875,Cloud to Ground,33634,0,11
2026-08-31T11:30:58.943256977Z,5.206638,115.667606,Cloud to Ground,-23344,0,10
2026-08-31T11:30:59.178244834Z,5.212925,115.667192,Cloud to Cloud,9983,3810,7
2026-08-31T11:30:59.484165937Z,5.219574,115.586953,Cloud to Ground,12223,0,9
2026-08-31T11:30:58.989881687Z,5.193407,115.59221,Cloud to Ground,21206,0,7
2026-08-31T11:30:59.074468236Z,5.187036,115.597666,Cloud to Ground,28080,0,8
2026-08-31T11:30:59.167618053Z,5.201498,115.633181,Cloud to Ground,31358,0,14
2026-08-31T11:30:59.318088434Z,5.313419,115.588302,Cloud to Ground,-16214,0,7
2026-08-31T11:30:59.301296729Z,5.312985,115.608883,Cloud to Ground,-12774,0,7
2026-08-31T11:31:00.827309041Z,5.088649,115.523935,Cloud to Ground,-21918,0,9
2026-08-31T11:31:02.306088561Z,4.010716,114.982175,Cloud to Cloud,-10849,3477,7
2026-08-31T11:31:02.155368643Z,4.846832,115.411854,Cloud to Ground,-9457,0,9
2026-08-31T11:31:02.219132508Z,5.102781,115.587912,Cloud to Cloud,-13796,6764,8
2026-08-31T11:31:02.283143961Z,5.284067,115.637097,Cloud to Ground,-16821,0,7
2026-08-31T11:31:02.105455945Z,5.229697,115.575534,Cloud to Cloud,-15239,5147,14
2026-08-31T11:31:02.203993527Z,5.229438,115.541131,Cloud to Cloud,16094,7282,9
2026-08-31T11:31:02.395652930Z,5.204781,115.610952,Cloud to Ground,16517,0,6
2026-08-31T11:31:03.548187391Z,5.770747,117.224344,Cloud to Cloud,-22187,3060,7
2026-08-31T11:31:03.157639334Z,5.158431,115.584038,Cloud to Ground,33655,0,8
2026-08-31T11:31:04.848573277Z,5.201164,115.630652,Cloud to Cloud,-11469,4531,7
2026-08-31T11:31:04.648154371Z,5.099193,115.557278,Cloud to Ground,-11344,0,7
2026-08-31T11:31:04.538747572Z,5.165811,115.600523,Cloud to Cloud,11882,6482,7
2026-08-31T11:31:04.598364045Z,5.187568,115.581402,Cloud to Ground,13915,0,6
2026-08-31T11:31:04.429227811Z,5.161838,115.573037,Cloud to Ground,22614,0,10
2026-08-31T11:31:04.974326071Z,6.669302,117.510952,Cloud to Ground,27850,0,8
2026-08-31T11:31:05.050728832Z,6.632266,117.508136,Cloud to Ground,31178,0,7
2026-08-31T11:31:05.912763052Z,15.394836,133.872646,Cloud to Ground,-13303,0,7
2026-08-31T11:31:06.277684000Z,15.4174,133.8284,Cloud to Ground,-9564,0,12
2026-08-31T11:31:05.906260865Z,15.326592,133.892224,Cloud to Ground,16085,0,7
2026-08-31T11:31:06.802285004Z,5.60588,117.134454,Cloud to Ground,-14154,0,12
2026-08-31T11:31:06.832818741Z,6.644137,117.60688,Cloud to Cloud,-13206,5995,10
2026-08-31T11:31:06.995883700Z,6.690156,117.585465,Cloud to Cloud,-12059,3957,7
2026-08-31T11:31:06.957020330Z,6.670527,117.532701,Cloud to Cloud,19283,19352,7
2026-08-31T11:31:06.164641434Z,5.259714,115.668384,Cloud to Cloud,-15371,10279,9
2026-08-31T11:31:06.172488343Z,5.243001,115.660146,Cloud to Cloud,-13485,3118,9
2026-08-31T11:31:07.521789481Z,6.640266,117.887459,Cloud to Ground,-14409,0,6
2026-08-31T11:31:07.619905929Z,6.533149,117.91472,Cloud to Ground,15706,0,12
2026-08-31T11:31:07.716339017Z,6.522307,117.856124,Cloud to Ground,32020,0,7
2026-08-31T11:31:07.342584534Z,15.019834,133.494811,Cloud to Ground,-14164,0,9
2026-08-31T11:31:07.984456000Z,15.0894,133.4164,Cloud to Ground,261,0,5
2026-08-31T11:31:07.350837829Z,15.027658,133.416526,Cloud to Ground,18547,0,7
2026-08-31T11:31:07.340759031Z,15.028371,133.445655,Cloud to Ground,21736,0,7
2026-08-31T11:31:08.422287795Z,5.247199,115.486807,Cloud to Ground,-25529,0,19
2026-08-31T11:31:07.900908592Z,5.258906,115.525553,Cloud to Ground,-16613,0,7
2026-08-31T11:31:08.065366840Z,5.174155,115.477038,Cloud to Cloud,-13887,11796,7
2026-08-31T11:31:08.100364616Z,5.150334,115.443536,Cloud to Cloud,8762,6037,6
2026-08-31T11:31:07.988260537Z,5.262553,115.564242,Cloud to Cloud,15096,10456,9
2026-08-31T11:31:08.677062514Z,6.752264,117.86818,Cloud to Cloud,10939,10442,10
2026-08-31T11:31:08.366477171Z,14.911551,134.912914,Cloud to Ground,-25397,0,16
2026-08-31T11:31:08.239525000Z,14.7662,134.8831,Cloud to Ground,-21737,0,7
2026-08-31T11:31:08.280555354Z,14.830023,134.888846,Cloud to Ground,-17027,0,10
2026-08-31T11:31:08.121773722Z,14.260869,134.172428,Cloud to Ground,-32951,0,13
2026-08-31T11:31:08.181664286Z,14.420509,134.222047,Cloud to Ground,41490,0,9
2026-08-31T11:31:08.683874671Z,18.201016,118.089567,Cloud to Cloud,21901,4285,8
2026-08-31T11:31:08.686395000Z,18.2655,118.0169,Cloud to Ground,-8412,0,6
2026-08-31T11:31:09.321873265Z,4.280988,114.944956,Cloud to Cloud,-11334,8882,11
2026-08-31T11:31:09.191334842Z,6.854513,117.090259,Cloud to Cloud,-13773,18343,7
2026-08-31T11:31:10.128328337Z,5.206845,115.619764,Cloud to Ground,-11119,0,13
2026-08-31T11:31:10.360612802Z,5.14554,115.563995,Cloud to Cloud,11789,3774,7
2026-08-31T11:31:10.705142444Z,17.722452,133.551858,Cloud to Ground,-39330,0,15
2026-08-31T11:31:10.824381797Z,17.676567,133.587005,Cloud to Cloud,-19757,7426,8
2026-08-31T11:31:10.902177499Z,17.658963,133.586772,Cloud to Ground,18321,0,7
2026-08-31T11:31:11.067428395Z,17.707035,133.563974,Cloud to Ground,21341,0,9
2026-08-31T11:31:10.779390829Z,17.700236,133.569972,Cloud to Ground,63043,0,10
2026-08-31T11:31:10.868332000Z,17.8583,133.5391,Cloud to Ground,14208,0,5
2026-08-31T11:31:11.132332861Z,6.647117,117.624392,Cloud to Cloud,-14693,3869,12
2026-08-31T11:31:11.151136491Z,6.654658,117.574767,Cloud to Ground,21011,0,10
2026-08-31T11:31:11.048643267Z,5.280204,115.639919,Cloud to Cloud,-16621,19361,9
2026-08-31T11:31:12.369696459Z,6.719766,117.448035,Cloud to Cloud,-10922,18875,7
2026-08-31T11:31:12.431331510Z,5.209054,115.647023,Cloud to Cloud,-24833,3006,7
2026-08-31T11:31:12.575342619Z,5.25714,115.618623,Cloud to Cloud,-13665,3367,7
2026-08-31T11:31:14.840425968Z,14.765394,134.811219,Cloud to Ground,12506,0,8
2026-08-31T11:31:15.680585770Z,5.1613,115.695604,Cloud to Cloud,-19014,19508,7
2026-08-31T11:31:15.809024805Z,5.178536,115.526307,Cloud to Ground,-14808,0,7
2026-08-31T11:31:15.878215329Z,5.262242,115.628005,Cloud to Ground,-13846,0,8
2026-08-31T11:31:16.994568044Z,4.260115,114.907631,Cloud to Ground,14583,0,9
2026-08-31T11:31:16.961893404Z,5.292669,115.655821,Cloud to Ground,-12805,0,15
2026-08-31T11:31:16.114772231Z,6.283951,117.919743,Cloud to Cloud,-11128,7711,9
2026-08-31T11:31:17.607696700Z,4.937151,116.743146,Cloud to Ground,21882,0,12
2026-08-31T11:31:17.622704838Z,4.943318,116.752019,Cloud to Ground,21983,0,9
2026-08-31T11:31:17.310430268Z,6.661662,117.385221,Cloud to Ground,31665,0,8
2026-08-31T11:31:17.193979985Z,6.717786,117.535846,Cloud to Ground,-23741,0,10
2026-08-31T11:31:17.194573987Z,6.758947,117.502171,Cloud to Ground,-12984,0,6
2026-08-31T11:31:17.306443419Z,6.747162,117.475858,Cloud to Cloud,-12358,5557,8
2026-08-31T11:31:17.732692855Z,5.175454,115.424635,Cloud to Ground,22625,0,16
2026-08-31T11:31:19.077278516Z,5.197173,115.580203,Cloud to Ground,-15025,0,10
2026-08-31T11:31:19.080897378Z,5.21925,115.604946,Cloud to Ground,-12653,0,7
2026-08-31T11:31:20.464233250Z,22.785155,112.116449,Cloud to Ground,-12188,0,6
2026-08-31T11:31:19.893081846Z,22.788283,112.165944,Cloud to Ground,14370,0,9
2026-08-31T11:31:20.147399839Z,6.751394,117.363151,Cloud to Cloud,20903,3016,8
2026-08-31T11:31:20.924171477Z,4.816077,115.418928,Cloud to Ground,-18072,0,14
2026-08-31T11:31:20.819865721Z,5.21878,115.572912,Cloud to Ground,11420,0,6
2026-08-31T11:31:20.274766534Z,22.774551,112.368985,Cloud to Cloud,-10656,5467,7
2026-08-31T11:31:19.895826200Z,22.760105,112.325147,Cloud to Ground,13487,0,9
2026-08-31T11:31:20.716607426Z,22.734852,112.313936,Cloud to Ground,31888,0,11
2026-08-31T11:31:21.362169024Z,19.539919,119.647678,Cloud to Ground,-23659,0,11
2026-08-31T11:31:21.437948467Z,19.541985,119.659448,Cloud to Ground,-21423,0,10
2026-08-31T11:31:22.413182339Z,5.150113,115.58645,Cloud to Ground,-16197,0,14
2026-08-31T11:31:22.503504681Z,5.119485,115.623274,Cloud to Ground,9997,0,6
2026-08-31T11:31:22.453160648Z,5.137408,115.643556,Cloud to Ground,10800,0,7
2026-08-31T11:31:22.672862692Z,5.147977,115.616092,Cloud to Ground,14039,0,10
2026-08-31T11:31:23.991662804Z,17.752254,133.554035,Cloud to Ground,-12363,0,9
2026-08-31T11:31:24.260772867Z,6.692435,117.273902,Cloud to Ground,15356,0,10
2026-08-31T11:31:24.310641900Z,6.694671,117.275323,Cloud to Ground,19651,0,9
2026-08-31T11:31:24.623085195Z,5.001922,115.636113,Cloud to Ground,-13611,0,5
2026-08-31T11:31:24.764300818Z,5.246092,115.573009,Cloud to Cloud,-18994,18641,10
2026-08-31T11:31:24.655947412Z,5.179497,115.57707,Cloud to Ground,9503,0,6
2026-08-31T11:31:24.815238129Z,5.149633,115.571252,Cloud to Ground,12149,0,6
2026-08-31T11:31:25.606719538Z,5.298655,115.618433,Cloud to Ground,25759,0,10
2026-08-31T11:31:25.690754307Z,5.155337,115.635527,Cloud to Ground,21792,0,9
2026-08-31T11:31:25.957697962Z,5.208175,115.601783,Cloud to Ground,24048,0,8
2026-08-31T11:31:26.826816445Z,2.95142,115.68657,Cloud to Ground,-15921,0,7
2026-08-31T11:31:26.960000089Z,2.964741,115.692221,Cloud to Ground,12295,0,8
2026-08-31T11:31:26.919662715Z,5.120193,115.576314,Cloud to Ground,11759,0,7
2026-08-31T11:31:26.502845108Z,6.887158,117.280577,Cloud to Ground,19577,0,11
2026-08-31T11:31:26.219268249Z,6.797198,117.233708,Cloud to Ground,36569,0,8
2026-08-31T11:31:26.155538491Z,6.799106,117.235541,Cloud to Ground,42331,0,10
2026-08-31T11:31:26.451009072Z,6.769803,117.187541,Cloud to Ground,62497,0,8
2026-08-31T11:31:26.191318819Z,6.724276,117.730267,Cloud to Cloud,-23631,6707,11
2026-08-31T11:31:26.102229487Z,18.960824,131.612926,Cloud to Ground,-24280,0,11
2026-08-31T11:31:26.137055181Z,19.0365,131.593179,Cloud to Cloud,-12178,11737,12
2026-08-31T11:31:26.683405481Z,19.253652,118.523666,Cloud to Ground,38112,0,9
2026-08-31T11:31:27.686208720Z,5.196359,115.638786,Cloud to Ground,-14760,0,6
2026-08-31T11:31:27.551751020Z,5.189731,115.657907,Cloud to Cloud,-10141,10971,8
2026-08-31T11:31:28.526029004Z,14.282844,134.506413,Cloud to Ground,33296,0,17
2026-08-31T11:31:29.388951591Z,20.665275,120.781469,Cloud to Ground,-24735,0,12
2026-08-31T11:31:29.459369932Z,20.670553,120.786355,Cloud to Cloud,5338,16317,6
2026-08-31T11:31:30.326618771Z,5.703999,117.215517,Cloud to Ground,-11720,0,9
2026-08-31T11:31:30.310976715Z,5.599675,117.328746,Cloud to Cloud,-12793,4469,8
2026-08-31T11:31:31.288432642Z,12.421863,121.768044,Cloud to Cloud,5364,5878,7
2026-08-31T11:31:32.834556178Z,6.740409,117.436972,Cloud to Cloud,18110,6979,12
2026-08-31T11:31:32.033328232Z,5.256999,115.522745,Cloud to Cloud,13638,4977,7
2026-08-31T11:31:32.301313558Z,5.274519,115.698965,Cloud to Cloud,-11908,4195,7
2026-08-31T11:31:33.606431576Z,6.653358,117.591113,Cloud to Ground,-14209,0,8
2026-08-31T11:31:33.604938707Z,6.632748,117.490643,Cloud to Cloud,13702,4435,7
2026-08-31T11:31:34.367724263Z,6.666027,117.504967,Cloud to Ground,17859,0,7
2026-08-31T11:31:33.800563347Z,6.710476,117.446716,Cloud to Ground,26565,0,15
2026-08-31T11:31:33.793088199Z,6.661412,117.524195,Cloud to Ground,26785,0,11
2026-08-31T11:31:33.557539180Z,6.661592,117.528166,Cloud to Ground,26975,0,12
2026-08-31T11:31:33.408711568Z,6.660113,117.539493,Cloud to Ground,32910,0,15
2026-08-31T11:31:33.507368772Z,6.712882,117.555941,Cloud to Ground,42479,0,8
2026-08-31T11:31:33.467362490Z,6.651299,117.544329,Cloud to Ground,45418,0,16
2026-08-31T11:31:33.783192177Z,6.646902,117.48992,Cloud to Ground,51267,0,8
2026-08-31T11:31:33.382520590Z,6.750224,117.554081,Cloud to Ground,59375,0,14
2026-08-31T11:31:33.099704364Z,9.703185,119.484144,Cloud to Cloud,18622,5731,11
2026-08-31T11:31:33.301160686Z,9.800472,119.573678,Cloud to Ground,-34555,0,9
2026-08-31T11:31:34.282871000Z,6.7482,117.5832,Cloud to Ground,21107,0,7
2026-08-31T11:31:35.468465150Z,5.193524,115.559247,Cloud to Ground,-14603,0,8
2026-08-31T11:31:35.940691053Z,5.161818,115.623342,Cloud to Cloud,8761,18707,7
2026-08-31T11:31:35.360643562Z,5.100769,115.513333,Cloud to Ground,-13668,0,9
2026-08-31T11:31:36.718112316Z,5.168338,115.601755,Cloud to Cloud,-20288,6146,7
2026-08-31T11:31:36.942927543Z,5.201006,115.570027,Cloud to Ground,-13916,0,7
2026-08-31T11:31:36.879270374Z,5.244889,115.593321,Cloud to Cloud,9781,10470,9
2026-08-31T11:31:36.355275083Z,6.753959,117.231402,Cloud to Cloud,11096,3014,9
2026-08-31T11:31:36.342142635Z,6.753032,117.252088,Cloud to Cloud,12083,7088,7
2026-08-31T11:31:37.628877746Z,5.119268,115.452842,Cloud to Cloud,-10703,3030,7
2026-08-31T11:31:37.471245180Z,5.090598,115.524536,Cloud to Ground,11416,0,6
2026-08-31T11:31:37.350498036Z,5.053579,115.429516,Cloud to Cloud,11800,3065,7
2026-08-31T11:31:38.231245849Z,5.109166,115.554555,Cloud to Ground,12225,0,7
2026-08-31T11:31:39.929861203Z,6.829441,117.30221,Cloud to Cloud,-21004,6097,8
2026-08-31T11:31:39.567682711Z,5.176869,115.558938,Cloud to Cloud,16681,3018,10
2026-08-31T11:31:39.463324367Z,15.708493,132.484464,Cloud to Ground,-17621,0,8
2026-08-31T11:31:39.260497937Z,15.647492,132.542808,Cloud to Ground,-15940,0,7
2026-08-31T11:31:39.407484478Z,15.653096,132.553707,Cloud to Ground,-12123,0,10
2026-08-31T11:31:39.369035184Z,15.619356,132.540304,Cloud to Ground,14814,0,9
2026-08-31T11:31:40.628937867Z,6.157334,117.865786,Cloud to Ground,28917,0,12
2026-08-31T11:31:40.465338929Z,6.888692,117.426065,Cloud to Cloud,14601,14614,8
2026-08-31T11:31:40.086310790Z,12.416,121.851823,Cloud to Ground,20233,0,7
2026-08-31T11:31:40.184897490Z,12.496294,121.808374,Cloud to Cloud,15434,3022,9
2026-08-31T11:31:41.554007614Z,4.243079,114.862538,Cloud to Ground,-13181,0,7
2026-08-31T11:31:41.524001240Z,4.251024,114.942368,Cloud to Ground,-11050,0,11
2026-08-31T11:31:41.351458168Z,5.214845,115.611256,Cloud to Cloud,-14801,7211,5
2026-08-31T11:31:41.228638319Z,5.274255,115.534203,Cloud to Ground,-14585,0,10
2026-08-31T11:31:41.368128155Z,5.21209,115.548785,Cloud to Ground,-14046,0,15
2026-08-31T11:31:41.384274623Z,5.29689,115.616463,Cloud to Ground,-13728,0,12
2026-08-31T11:31:41.485917920Z,5.240507,115.611445,Cloud to Ground,-11959,0,8
2026-08-31T11:31:42.413794903Z,5.197372,115.616065,Cloud to Cloud,-6962,19130,6
2026-08-31T11:31:42.186062190Z,5.169904,115.555075,Cloud to Cloud,6022,3035,6
2026-08-31T11:31:41.980434147Z,5.198305,115.631571,Cloud to Ground,10252,0,7
2026-08-31T11:31:41.236812058Z,5.190496,115.60821,Cloud to Ground,12094,0,7
2026-08-31T11:31:42.454889452Z,5.093302,115.588515,Cloud to Ground,19529,0,11
2026-08-31T11:31:41.685199731Z,5.123548,115.563271,Cloud to Ground,20951,0,12
2026-08-31T11:31:42.072449412Z,6.709416,117.353162,Cloud to Ground,-15598,0,7
2026-08-31T11:31:42.230356611Z,6.667713,117.318777,Cloud to Cloud,-9338,3091,7
2026-08-31T11:31:41.982531693Z,6.719376,117.490997,Cloud to Cloud,16480,6496,7
2026-08-31T11:31:41.789328896Z,6.714315,117.409168,Cloud to Ground,19042,0,8
2026-08-31T11:31:43.200276728Z,14.787657,134.854363,Cloud to Ground,-14737,0,10
2026-08-31T11:31:43.119612000Z,14.8455,134.7785,Cloud to Ground,-8543,0,6
2026-08-31T11:31:43.121135541Z,14.850305,134.829432,Cloud to Ground,16928,0,7
2026-08-31T11:31:43.078818778Z,14.846653,134.828166,Cloud to Ground,67227,0,9
2026-08-31T11:31:42.976707053Z,14.86596,134.837179,Cloud to Ground,78602,0,9
2026-08-31T11:31:43.333091511Z,5.187679,115.553393,Cloud to Ground,13223,0,7
2026-08-31T11:31:43.041140802Z,5.705163,117.193374,Cloud to Cloud,-16821,17104,9
2026-08-31T11:31:44.871275136Z,6.781138,117.23856,Cloud to Ground,24298,0,9
2026-08-31T11:31:44.872305584Z,6.760134,117.266601,Cloud to Ground,32148,0,12
2026-08-31T11:31:44.729146048Z,5.201413,115.578087,Cloud to Cloud,-13386,5617,9
2026-08-31T11:31:44.818698000Z,5.0826,115.5399,Cloud to Ground,-13428,0,5
2026-08-31T11:31:45.947945658Z,6.696825,117.218725,Cloud to Cloud,-17903,7822,10
2026-08-31T11:31:45.131190390Z,14.342293,134.144173,Cloud to Ground,-22443,0,14
2026-08-31T11:31:45.256390432Z,14.364775,134.138803,Cloud to Ground,-16679,0,12
2026-08-31T11:31:45.099847132Z,14.277498,134.182477,Cloud to Ground,-15515,0,7
2026-08-31T11:31:45.245793155Z,19.168657,119.977581,Cloud to Cloud,-12202,11043,7
2026-08-31T11:31:46.325650818Z,5.220201,115.626151,Cloud to Cloud,-13942,3082,9
2026-08-31T11:31:46.864875354Z,5.244187,115.643748,Cloud to Cloud,-6305,3877,6
2026-08-31T11:31:46.158314498Z,6.844324,117.45901,Cloud to Cloud,-13194,12683,9
2026-08-31T11:31:46.126241726Z,6.808567,117.473077,Cloud to Ground,-11106,0,10
2026-08-31T11:31:47.124587478Z,22.592149,112.835452,Cloud to Ground,21621,0,14
2026-08-31T11:31:47.397525000Z,5.3114,115.3726,Cloud to Ground,-4992,0,5
2026-08-31T11:31:48.461258875Z,14.640037,133.747977,Cloud to Cloud,11314,17758,7
2026-08-31T11:31:48.462101511Z,14.631336,133.735534,Cloud to Ground,35836,0,17
2026-08-31T11:31:49.039616111Z,5.601887,117.22951,Cloud to Cloud,-16617,3203,11
2026-08-31T11:31:48.642423425Z,5.751525,117.171486,Cloud to Cloud,-14486,3223,7
2026-08-31T11:31:49.127626790Z,5.696416,117.22512,Cloud to Ground,12746,0,7
2026-08-31T11:31:49.558912218Z,5.612183,117.194061,Cloud to Cloud,16607,16247,6
2026-08-31T11:31:49.532141546Z,5.592773,117.177891,Cloud to Ground,19555,0,7
2026-08-31T11:31:49.216202822Z,5.29797,115.633251,Cloud to Ground,-10908,0,5
2026-08-31T11:31:49.197765757Z,5.301948,115.639045,Cloud to Cloud,-8772,5641,6
2026-08-31T11:31:49.867074725Z,14.468134,134.962757,Cloud to Cloud,-13481,11406,9
2026-08-31T11:31:50.152710326Z,5.200357,115.673873,Cloud to Ground,-11211,0,20
2026-08-31T11:31:49.821549856Z,5.17427,115.591497,Cloud to Ground,12036,0,7
2026-08-31T11:31:50.322843121Z,5.155017,115.641783,Cloud to Ground,21237,0,16
2026-08-31T11:31:50.304760031Z,5.165699,115.65088,Cloud to Ground,33749,0,9
2026-08-31T11:31:50.112532640Z,6.667761,117.622597,Cloud to Cloud,-14836,16223,7
2026-08-31T11:31:51.581048119Z,5.071178,116.776987,Cloud to Ground,38853,0,7
2026-08-31T11:31:51.534338039Z,5.020635,116.736148,Cloud to Ground,54226,0,11
2026-08-31T11:31:50.773917885Z,5.195484,115.535502,Cloud to Cloud,-8098,3023,8
2026-08-31T11:31:51.135875423Z,5.115222,115.562389,Cloud to Cloud,17079,4080,7
2026-08-31T11:31:51.986130925Z,14.864749,134.911092,Cloud to Ground,-18095,0,16
2026-08-31T11:31:51.707042904Z,17.819282,133.497902,Cloud to Ground,-14315,0,8
2026-08-31T11:31:52.644115574Z,14.350569,134.329932,Cloud to Ground,-15720,0,6
2026-08-31T11:31:52.630605338Z,14.347776,134.362559,Cloud to Ground,-10846,0,7
2026-08-31T11:31:52.640395690Z,14.294105,134.315185,Cloud to Ground,7701,0,7
2026-08-31T11:31:52.626226658Z,14.283921,134.318433,Cloud to Ground,8521,0,7
2026-08-31T11:31:52.628557284Z,14.23847,134.369778,Cloud to Ground,29816,0,8
2026-08-31T11:31:53.423072801Z,5.156168,115.595944,Cloud to Ground,-16583,0,11
2026-08-31T11:31:53.518564357Z,5.255558,115.699146,Cloud to Cloud,6426,16823,7
2026-08-31T11:31:54.669379000Z,19.9927,120.4862,Cloud to Ground,-21817,0,5
2026-08-31T11:31:55.393775562Z,4.256135,114.940637,Cloud to Cloud,-28875,19408,12
2026-08-31T11:31:56.086945504Z,5.218558,115.617055,Cloud to Cloud,11001,6949,8
2026-08-31T11:31:57.174928210Z,2.978737,115.737376,Cloud to Ground,24517,0,18
2026-08-31T11:31:58.190335926Z,5.268103,115.515085,Cloud to Ground,-10279,0,6
2026-08-31T11:31:57.487571039Z,5.203585,115.541934,Cloud to Ground,8169,0,7
2026-08-31T11:31:57.981174338Z,5.220578,115.476123,Cloud to Cloud,9483,18544,6
2026-08-31T11:31:59.439405188Z,5.19862,115.48466,Cloud to Ground,13892,0,8
2026-08-31T11:31:59.364497249Z,5.113964,115.583903,Cloud to Ground,14199,0,16
2026-08-31T11:31:59.965878992Z,6.618989,117.582754,Cloud to Ground,24918,0,12
2026-08-31T11:32:01.225049730Z,14.13324,134.770134,Cloud to Ground,22048,0,12
2026-08-31T11:32:01.241447906Z,14.225028,134.734803,Cloud to Ground,-13398,0,12
2026-08-31T11:32:01.229337038Z,14.222898,134.702126,Cloud to Ground,-11442,0,9
2026-08-31T11:32:01.226430699Z,14.22682,134.719538,Cloud to Ground,-10718,0,14
2026-08-31T11:32:01.224292934Z,14.228612,134.693686,Cloud to Ground,13372,0,8
2026-08-31T11:32:02.510406796Z,6.549112,117.812607,Cloud to Cloud,-19450,19953,8
2026-08-31T11:32:02.049230904Z,6.530551,117.905034,Cloud to Ground,-10351,0,8
2026-08-31T11:32:02.201600749Z,6.547754,117.82189,Cloud to Cloud,13905,9175,9
2026-08-31T11:32:02.245714577Z,6.538823,117.964552,Cloud to Ground,15128,0,14
2026-08-31T11:32:02.086892578Z,6.510229,117.834841,Cloud to Ground,22898,0,7
2026-08-31T11:32:02.203713164Z,6.541555,117.821967,Cloud to Ground,24459,0,9
2026-08-31T11:32:02.201082427Z,6.528389,117.877902,Cloud to Ground,27623,0,10
2026-08-31T11:32:02.045901384Z,6.537752,117.935867,Cloud to Ground,50379,0,21
2026-08-31T11:32:02.034381428Z,12.493134,121.814382,Cloud to Cloud,-6923,11237,6
2026-08-31T11:32:04.174135359Z,5.173284,115.603585,Cloud to Ground,-22528,0,12
2026-08-31T11:32:04.374873712Z,5.238853,115.639558,Cloud to Ground,-14816,0,9
2026-08-31T11:32:03.102630692Z,5.301277,115.644844,Cloud to Cloud,-12610,3057,9
2026-08-31T11:32:03.187697000Z,5.2781,115.5843,Cloud to Ground,-8680,0,9
2026-08-31T11:32:03.123935753Z,5.20257,115.603685,Cloud to Cloud,8775,7457,9
2026-08-31T11:32:03.303048939Z,5.157479,115.611963,Cloud to Ground,14336,0,7
2026-08-31T11:32:03.071747538Z,5.268957,115.664267,Cloud to Ground,17029,0,12
2026-08-31T11:32:03.189024800Z,5.292135,115.633375,Cloud to Cloud,17178,7608,8
2026-08-31T11:32:03.517231404Z,5.178102,115.646907,Cloud to Ground,22869,0,11
2026-08-31T11:32:03.035658438Z,5.269773,115.650597,Cloud to Ground,31594,0,25
2026-08-31T11:32:04.216840551Z,18.953008,126.331343,Cloud to Cloud,-23049,5956,12
2026-08-31T11:32:04.194093182Z,18.887514,126.511976,Cloud to Ground,-73351,0,19
2026-08-31T11:32:04.408712083Z,18.887515,126.517548,Cloud to Ground,-15893,0,7
2026-08-31T11:32:04.304566839Z,22.774976,112.669598,Cloud to Ground,-34258,0,14
2026-08-31T11:32:04.392889342Z,22.732049,112.518378,Cloud to Cloud,4685,4093,8
2026-08-31T11:32:04.251005415Z,22.782422,112.490279,Cloud to Ground,22261,0,12
2026-08-31T11:32:05.712719875Z,6.699005,117.306473,Cloud to Ground,11382,0,7
2026-08-31T11:32:04.980833705Z,6.711416,117.336011,Cloud to Ground,15432,0,10
2026-08-31T11:32:05.036578956Z,6.707948,117.326099,Cloud to Ground,18142,0,10
2026-08-31T11:32:06.176824741Z,6.72508,117.340503,Cloud to Ground,24993,0,8
2026-08-31T11:32:04.950244222Z,6.702897,117.318675,Cloud to Ground,25013,0,8
2026-08-31T11:32:05.495218637Z,6.707549,117.329965,Cloud to Ground,29717,0,8
2026-08-31T11:32:05.020120049Z,6.75443,117.214381,Cloud to Cloud,22533,5025,13
2026-08-31T11:32:05.867788419Z,22.814935,112.595987,Cloud to Ground,11484,0,7
2026-08-31T11:32:05.233030433Z,22.85484,112.474034,Cloud to Cloud,12229,16934,8
2026-08-31T11:32:06.205397883Z,5.614047,117.224665,Cloud to Ground,14422,0,11
2026-08-31T11:32:06.872281302Z,6.64784,117.513504,Cloud to Ground,14957,0,10
2026-08-31T11:32:06.436949850Z,6.672477,117.596996,Cloud to Ground,26715,0,18
2026-08-31T11:32:06.501181056Z,6.631875,117.490156,Cloud to Ground,47215,0,7
2026-08-31T11:32:06.819815156Z,6.657775,117.554287,Cloud to Ground,50670,0,18
2026-08-31T11:32:06.598531370Z,6.656824,117.508048,Cloud to Ground,67170,0,7
2026-08-31T11:32:06.853742287Z,5.224421,115.591028,Cloud to Cloud,-13860,3011,7
2026-08-31T11:32:07.685116100Z,5.135993,115.556147,Cloud to Ground,30214,0,12
2026-08-31T11:32:07.086025835Z,22.866829,112.516615,Cloud to Ground,12283,0,10
2026-08-31T11:32:07.327061000Z,18.6137,117.5132,Cloud to Ground,-16534,0,9
2026-08-31T11:32:08.243441686Z,5.263699,115.586661,Cloud to Cloud,-15642,18213,11
2026-08-31T11:32:08.523704564Z,6.847435,117.17079,Cloud to Ground,-11004,0,8
2026-08-31T11:32:09.366553032Z,5.12469,115.548502,Cloud to Cloud,12414,7062,6
2026-08-31T11:32:11.537045000Z,5.2392,115.5239,Cloud to Ground,25214,0,8
2026-08-31T11:32:12.453621257Z,6.681875,117.447174,Cloud to Cloud,-20209,7871,9
2026-08-31T11:32:12.456566205Z,6.728426,117.411024,Cloud to Cloud,-9453,6634,7
2026-08-31T11:32:12.555897162Z,5.208957,115.603861,Cloud to Ground,19651,0,11
2026-08-31T11:32:12.537380896Z,5.208799,115.603706,Cloud to Ground,21388,0,11
2026-08-31T11:32:13.838466865Z,12.479141,121.701996,Cloud to Cloud,4691,18891,5
2026-08-31T11:32:14.561979967Z,6.880472,117.227857,Cloud to Cloud,18221,8790,6
2026-08-31T11:32:14.712789865Z,6.843045,117.224541,Cloud to Ground,29213,0,10
2026-08-31T11:32:14.582793773Z,6.67459,117.856915,Cloud to Ground,20924,0,15
2026-08-31T11:32:14.584028949Z,6.770569,117.889661,Cloud to Ground,-21848,0,13
2026-08-31T11:32:15.936050073Z,5.182688,115.602367,Cloud to Ground,8457,0,8
2026-08-31T11:32:15.932219362Z,5.114819,115.476794,Cloud to Cloud,7643,8579,7
2026-08-31T11:32:15.137390515Z,5.183135,115.562418,Cloud to Ground,-14432,0,10
2026-08-31T11:32:14.847351534Z,5.22973,115.581058,Cloud to Cloud,10022,17230,9
2026-08-31T11:32:14.910196900Z,5.121409,115.563412,Cloud to Cloud,14344,4790,6
2026-08-31T11:32:14.792884511Z,5.210778,115.613191,Cloud to Ground,14427,0,8
2026-08-31T11:32:17.943780717Z,5.278849,115.646253,Cloud to Cloud,-12221,6315,11
2026-08-31T11:32:17.520860090Z,5.288471,115.527432,Cloud to Cloud,-13371,14831,10
2026-08-31T11:32:17.859544704Z,4.316188,114.889415,Cloud to Cloud,-10284,3179,6
2026-08-31T11:32:17.717982082Z,14.864398,134.856089,Cloud to Ground,-10846,0,11
2026-08-31T11:32:17.745630452Z,14.791922,134.823496,Cloud to Ground,11470,0,13
2026-08-31T11:32:17.739255623Z,14.793401,134.822298,Cloud to Ground,14672,0,9
2026-08-31T11:32:19.447589023Z,5.225025,115.562833,Cloud to Ground,-17089,0,10
2026-08-31T11:32:18.790666905Z,5.226279,115.526931,Cloud to Cloud,16140,3078,9
2026-08-31T11:32:19.112856584Z,14.262193,134.014178,Cloud to Ground,-13256,0,12
2026-08-31T11:32:21.820893324Z,5.196821,115.569736,Cloud to Cloud,9781,10114,7
2026-08-31T11:32:21.255774488Z,5.213425,115.636003,Cloud to Ground,24700,0,12
2026-08-31T11:32:21.073792248Z,6.163987,117.883089,Cloud to Ground,26947,0,10
2026-08-31T11:32:21.074776828Z,6.161421,117.878278,Cloud to Cloud,30678,3761,11
2026-08-31T11:32:21.916555322Z,5.755337,117.206073,Cloud to Cloud,10604,3069,8
2026-08-31T11:32:22.855918463Z,5.733171,117.211183,Cloud to Cloud,15802,15163,7
2026-08-31T11:32:22.065209035Z,5.682289,117.116055,Cloud to Ground,-13304,0,7
2026-08-31T11:32:22.874385029Z,15.552934,132.555779,Cloud to Ground,-25910,0,9
2026-08-31T11:32:23.793271159Z,5.222191,115.703552,Cloud to Ground,-15752,0,7
2026-08-31T11:32:23.829758800Z,5.270472,115.639947,Cloud to Ground,10697,0,7
2026-08-31T11:32:23.503747636Z,5.275438,115.628195,Cloud to Ground,31841,0,19
2026-08-31T11:32:23.718457194Z,5.27969,115.629423,Cloud to Ground,36888,0,22
2026-08-31T11:32:23.578299172Z,5.276753,115.637612,Cloud to Ground,40392,0,20
2026-08-31T11:32:23.136661379Z,2.856973,115.736301,Cloud to Ground,15533,0,12
2026-08-31T11:32:23.030463862Z,2.861381,115.681735,Cloud to Ground,25366,0,12
2026-08-31T11:32:23.038197000Z,15.6566,132.4108,Cloud to Ground,-15984,0,5
2026-08-31T11:32:24.497217721Z,12.625248,121.821754,Cloud to Cloud,30376,3009,10
2026-08-31T11:32:25.102682639Z,5.111971,115.591082,Cloud to Ground,18225,0,10
2026-08-31T11:32:25.980660620Z,4.00062,115.009485,Cloud to Cloud,-14194,18428,7
2026-08-31T11:32:26.192634744Z,6.726233,117.540201,Cloud to Cloud,-17184,3045,6
2026-08-31T11:32:26.439155837Z,6.666459,117.4389,Cloud to Cloud,-11596,10550,10
2026-08-31T11:32:26.515661711Z,6.733791,117.448819,Cloud to Ground,18969,0,8
2026-08-31T11:32:26.872646403Z,6.712978,117.428532,Cloud to Ground,22452,0,7
2026-08-31T11:32:26.616942502Z,6.705693,117.405623,Cloud to Cloud,25309,6842,7
2026-08-31T11:32:26.134737543Z,6.704426,117.387605,Cloud to Ground,31918,0,7
2026-08-31T11:32:26.287507725Z,6.803314,117.440907,Cloud to Ground,34506,0,16
2026-08-31T11:32:26.736573893Z,6.709459,117.422756,Cloud to Ground,42882,0,11
2026-08-31T11:32:26.433475097Z,6.737597,117.53455,Cloud to Ground,49189,0,21
2026-08-31T11:32:26.576292193Z,5.25561,115.583356,Cloud to Cloud,-15789,3028,9
2026-08-31T11:32:26.540999331Z,5.258593,115.592409,Cloud to Cloud,-14490,3062,11
2026-08-31T11:32:27.265402232Z,5.210231,115.605992,Cloud to Cloud,-13878,7896,11
2026-08-31T11:32:26.387130894Z,5.238078,115.545225,Cloud to Cloud,9815,9190,5
2026-08-31T11:32:26.556628138Z,5.184586,115.615927,Cloud to Ground,12697,0,8
2026-08-31T11:32:26.686762149Z,15.018962,133.468996,Cloud to Ground,33267,0,8
2026-08-31T11:32:26.366453104Z,11.069394,110.062656,Cloud to Ground,-18236,0,10
2026-08-31T11:32:28.220050841Z,5.094968,115.576686,Cloud to Ground,17403,0,15
2026-08-31T11:32:28.326594483Z,15.394979,133.932664,Cloud to Ground,-20488,0,9
2026-08-31T11:32:28.257113196Z,15.317345,133.899278,Cloud to Ground,13438,0,9
2026-08-31T11:32:29.102498954Z,6.735699,117.158306,Cloud to Cloud,-7269,5501,7
2026-08-31T11:32:29.352464773Z,6.825486,117.405858,Cloud to Ground,-18973,0,6
2026-08-31T11:32:29.316812390Z,5.264839,115.651255,Cloud to Ground,-12289,0,9
2026-08-31T11:32:29.202461484Z,5.13812,115.523995,Cloud to Ground,-10925,0,7
2026-08-31T11:32:30.758412853Z,5.149882,115.540494,Cloud to Cloud,-16471,19162,15
2026-08-31T11:32:31.014172109Z,5.176033,115.636854,Cloud to Ground,8900,0,8
2026-08-31T11:32:32.938967016Z,5.150635,115.490539,Cloud to Cloud,-9159,4182,6
2026-08-31T11:32:32.387656636Z,5.124222,115.50059,Cloud to Ground,11231,0,7
2026-08-31T11:32:32.205699812Z,5.233843,115.681819,Cloud to Ground,-19609,0,10
2026-08-31T11:32:32.285399127Z,5.144933,115.643294,Cloud to Cloud,-14034,16510,8
2026-08-31T11:32:32.134425471Z,5.136602,115.60315,Cloud to Cloud,11004,3946,6
2026-08-31T11:32:33.052688481Z,5.198186,115.569433,Cloud to Cloud,-22021,3808,16
2026-08-31T11:32:33.706676431Z,5.127685,115.580014,Cloud to Cloud,13892,3234,13
2026-08-31T11:32:33.340314626Z,14.368942,134.972005,Cloud to Ground,-11931,0,8
2026-08-31T11:32:33.905123796Z,18.939155,119.813032,Cloud to Cloud,4547,19833,6
2026-08-31T11:32:33.812497155Z,18.93998,119.827694,Cloud to Cloud,7301,15467,6
2026-08-31T11:32:34.539969028Z,5.278068,115.650945,Cloud to Ground,-13162,0,8
2026-08-31T11:32:34.527373284Z,5.283877,115.593848,Cloud to Ground,-10730,0,14
2026-08-31T11:32:34.859076607Z,6.83348,117.227991,Cloud to Ground,11768,0,12
2026-08-31T11:32:34.859727263Z,6.794832,117.274955,Cloud to Ground,14484,0,7
2026-08-31T11:32:35.197887854Z,5.110447,115.553857,Cloud to Cloud,6731,3065,8
2026-08-31T11:32:35.116430031Z,2.88753,115.725692,Cloud to Ground,12052,0,6
2026-08-31T11:32:36.628277833Z,5.150537,115.525375,Cloud to Ground,-13738,0,10
2026-08-31T11:32:36.694998256Z,5.054043,115.476963,Cloud to Ground,26028,0,14
2026-08-31T11:32:36.512668491Z,12.544938,121.799247,Cloud to Cloud,17304,11255,9
2026-08-31T11:32:37.702094211Z,6.631056,117.565873,Cloud to Cloud,18923,16033,7
2026-08-31T11:32:37.378755000Z,6.7414,117.5146,Cloud to Ground,35415,0,8
2026-08-31T11:32:37.433291285Z,6.785227,117.680577,Cloud to Cloud,-10682,7202,12
2026-08-31T11:32:38.077227287Z,5.122569,115.586806,Cloud to Ground,-10354,0,8
2026-08-31T11:32:38.172018638Z,5.243203,115.58512,Cloud to Cloud,9312,14147,6
2026-08-31T11:32:37.852972068Z,5.135581,115.574541,Cloud to Ground,10913,0,6
2026-08-31T11:32:37.818854299Z,5.138555,115.576074,Cloud to Cloud,11128,11897,6
2026-08-31T11:32:37.879072028Z,5.20573,115.580855,Cloud to Cloud,14040,3351,11
2026-08-31T11:32:38.132579157Z,5.178845,115.591353,Cloud to Ground,25462,0,10
2026-08-31T11:32:38.850979801Z,14.540566,134.906872,Cloud to Ground,-18062,0,8
2026-08-31T11:32:39.387255080Z,5.74081,117.100592,Cloud to Ground,17299,0,8
2026-08-31T11:32:39.687047089Z,5.185341,115.606645,Cloud to Cloud,-11471,12943,7
2026-08-31T11:32:40.993104381Z,6.683077,117.2613,Cloud to Cloud,-17424,4329,7
2026-08-31T11:32:41.495457738Z,6.714675,117.119305,Cloud to Cloud,13027,11607,7
2026-08-31T11:32:43.444356400Z,5.21874,115.567659,Cloud to Cloud,-18916,3274,12
2026-08-31T11:32:43.638167569Z,5.235947,115.62098,Cloud to Cloud,-12307,3015,10
2026-08-31T11:32:42.869432725Z,5.16355,115.602947,Cloud to Ground,10507,0,6
2026-08-31T11:32:42.902645527Z,17.840304,133.528244,Cloud to Ground,-51262,0,11
2026-08-31T11:32:42.884447919Z,17.799276,133.558824,Cloud to Ground,-24161,0,12
2026-08-31T11:32:42.876911715Z,17.796833,133.48375,Cloud to Ground,-20666,0,10
2026-08-31T11:32:42.939159137Z,17.756226,133.574875,Cloud to Ground,-16987,0,12
2026-08-31T11:32:42.931485333Z,17.722194,133.531274,Cloud to Ground,15681,0,9
2026-08-31T11:32:42.684200775Z,17.800524,133.53229,Cloud to Ground,41018,0,9
2026-08-31T11:32:42.664024000Z,17.8677,133.5254,Cloud to Ground,67009,0,9
2026-08-31T11:32:42.734723467Z,17.761487,133.547259,Cloud to Ground,99431,0,10
2026-08-31T11:32:43.802971491Z,6.75949,117.202442,Cloud to Ground,13955,0,10
2026-08-31T11:32:45.569505863Z,6.150271,117.834647,Cloud to Ground,-21160,0,10
2026-08-31T11:32:45.609402427Z,6.139132,117.794888,Cloud to Ground,20468,0,8
2026-08-31T11:32:45.661818293Z,6.1448,117.776402,Cloud to Ground,30475,0,10
2026-08-31T11:32:45.902425479Z,6.120515,117.837389,Cloud to Ground,36951,0,15
2026-08-31T11:32:45.840438026Z,5.269968,115.54665,Cloud to Ground,-9934,0,6
2026-08-31T11:32:45.607793416Z,5.244904,115.535641,Cloud to Cloud,10977,3377,7
2026-08-31T11:32:45.659899406Z,5.150845,115.623958,Cloud to Cloud,12541,6471,7
2026-08-31T11:32:45.690330818Z,5.237079,115.613906,Cloud to Ground,15641,0,7
2026-08-31T11:32:46.493456898Z,6.650369,117.502061,Cloud to Cloud,11302,7762,7
2026-08-31T11:32:46.589078538Z,6.738731,117.510898,Cloud to Cloud,13079,17455,7
2026-08-31T11:32:45.995842467Z,6.672509,117.589559,Cloud to Ground,24918,0,14
2026-08-31T11:32:46.430431745Z,6.676623,117.599442,Cloud to Ground,31943,0,18
2026-08-31T11:32:45.809180801Z,14.371115,134.212057,Cloud to Cloud,-40518,6186,11
2026-08-31T11:32:46.259136968Z,14.325673,134.265769,Cloud to Ground,-15250,0,9
2026-08-31T11:32:46.260765471Z,14.3009,134.316389,Cloud to Ground,-14306,0,8
2026-08-31T11:32:47.783350835Z,4.960211,116.725563,Cloud to Cloud,-37785,11950,14
2026-08-31T11:32:47.718362306Z,4.928184,116.789451,Cloud to Ground,25022,0,12
2026-08-31T11:32:46.916116754Z,5.305882,115.560353,Cloud to Cloud,9924,6525,7
2026-08-31T11:32:46.940094511Z,5.256432,115.548719,Cloud to Cloud,10166,3396,6
2026-08-31T11:32:47.120391701Z,5.217841,115.552356,Cloud to Ground,14984,0,7
2026-08-31T11:32:48.462049110Z,6.731898,117.453321,Cloud to Ground,20570,0,10
2026-08-31T11:32:48.607519232Z,5.225529,115.604703,Cloud to Cloud,-15156,3250,8
2026-08-31T11:32:48.713907850Z,5.26926,115.603458,Cloud to Cloud,-9747,16648,9
2026-08-31T11:32:49.566821405Z,5.24401,115.60953,Cloud to Cloud,10010,3231,6
2026-08-31T11:32:49.350272165Z,14.745921,134.903107,Cloud to Ground,-10603,0,7
2026-08-31T11:32:49.347825000Z,14.8985,134.6733,Cloud to Ground,-16557,0,8
2026-08-31T11:32:49.329574916Z,14.937644,134.716326,Cloud to Ground,-15370,0,11
2026-08-31T11:32:49.390909000Z,14.8943,134.6352,Cloud to Ground,-12145,0,7
2026-08-31T11:32:50.575361420Z,5.181983,115.603608,Cloud to Cloud,-7360,4680,7
2026-08-31T11:32:50.472422877Z,5.167122,115.523197,Cloud to Cloud,9345,4956,6
2026-08-31T11:32:49.362190032Z,14.82765,134.770089,Cloud to Ground,-22530,0,7
2026-08-31T11:32:50.162107736Z,14.876063,134.842884,Cloud to Ground,19515,0,7
2026-08-31T11:32:50.053218171Z,14.923392,134.81643,Cloud to Ground,19680,0,8
2026-08-31T11:32:49.998227831Z,14.888424,134.823173,Cloud to Ground,19901,0,10
2026-08-31T11:32:49.786365805Z,14.907776,134.814341,Cloud to Ground,25478,0,11
2026-08-31T11:32:50.335629238Z,14.929124,134.809843,Cloud to Ground,25490,0,8
2026-08-31T11:32:50.613291329Z,15.667958,132.499598,Cloud to Ground,-15393,0,7
2026-08-31T11:32:50.479870686Z,12.472856,121.707182,Cloud to Cloud,3428,13429,5
2026-08-31T11:32:51.322149033Z,5.044203,115.683817,Cloud to Cloud,-17767,19576,6
2026-08-31T11:32:52.680592672Z,6.668598,117.401383,Cloud to Ground,44062,0,8
2026-08-31T11:32:52.509429740Z,6.573773,117.438957,Cloud to Cloud,-13105,3022,6
2026-08-31T11:32:52.637317592Z,6.619981,117.501106,Cloud to Cloud,-9595,5727,6
2026-08-31T11:32:53.844732671Z,5.250122,115.643221,Cloud to Cloud,-10100,7564,8
2026-08-31T11:32:53.452276596Z,5.279176,115.623187,Cloud to Cloud,11319,14496,7
2026-08-31T11:32:53.623613925Z,5.176654,115.577002,Cloud to Ground,15775,0,7
2026-08-31T11:32:53.360343443Z,5.271637,115.610124,Cloud to Cloud,15921,8501,8
2026-08-31T11:32:53.578872822Z,5.174172,115.573999,Cloud to Ground,17336,0,7
2026-08-31T11:32:53.251425930Z,5.192933,115.627837,Cloud to Ground,20246,0,11
2026-08-31T11:32:54.351267181Z,5.260504,115.557494,Cloud to Cloud,20810,12597,8
2026-08-31T11:32:53.155210783Z,5.200895,115.554417,Cloud to Ground,22117,0,9
2026-08-31T11:32:54.669556746Z,5.179109,115.716936,Cloud to Ground,-15179,0,8
2026-08-31T11:32:54.615434462Z,14.381119,134.143298,Cloud to Cloud,19169,3076,8
2026-08-31T11:32:54.228266816Z,18.874992,126.334253,Cloud to Cloud,5921,16791,7
2026-08-31T11:32:54.171895733Z,18.919844,126.372947,Cloud to Ground,20493,0,8
2026-08-31T11:32:54.171119483Z,18.887687,126.19361,Cloud to Ground,36104,0,11
2026-08-31T11:32:56.645566393Z,4.242172,114.936729,Cloud to Ground,21272,0,9
2026-08-31T11:32:58.035873481Z,5.141503,115.530334,Cloud to Cloud,7732,16835,7
2026-08-31T11:32:58.011290776Z,5.163588,115.519459,Cloud to Cloud,10475,6574,7
2026-08-31T11:32:58.597489564Z,5.239297,115.632711,Cloud to Cloud,-16109,16517,15
2026-08-31T11:32:58.815691125Z,5.148416,115.601071,Cloud to Cloud,7087,5882,7
2026-08-31T11:32:58.613918213Z,5.169582,115.625925,Cloud to Ground,13207,0,7
2026-08-31T11:32:58.973964108Z,6.632015,117.112623,Cloud to Ground,-7592,0,7
2026-08-31T11:33:00.400656686Z,5.156944,115.586391,Cloud to Ground,12632,0,6
2026-08-31T11:33:00.477989927Z,5.216286,115.601702,Cloud to Ground,19520,0,7
2026-08-31T11:33:00.730723516Z,12.497939,121.768756,Cloud to Cloud,12484,7464,7
2026-08-31T11:33:00.117595000Z,15.6942,132.3888,Cloud to Ground,11797,0,6
2026-08-31T11:33:01.676115631Z,5.09093,115.573457,Cloud to Ground,14285,0,8
2026-08-31T11:33:01.654959226Z,5.114166,115.569647,Cloud to Ground,16170,0,10
2026-08-31T11:33:02.049667099Z,6.67471,117.378239,Cloud to Ground,29589,0,12
2026-08-31T11:33:02.252079455Z,6.734382,117.278358,Cloud to Ground,14434,0,12
2026-08-31T11:33:02.175198909Z,6.751436,117.233619,Cloud to Ground,20612,0,13
2026-08-31T11:33:02.443778519Z,6.736202,117.178973,Cloud to Ground,20941,0,9
2026-08-31T11:33:02.917846654Z,5.090817,115.520196,Cloud to Cloud,10214,14066,6
2026-08-31T11:33:02.271025526Z,5.218223,115.586032,Cloud to Cloud,18040,12051,18
2026-08-31T11:33:02.916718982Z,14.859854,134.933378,Cloud to Ground,-23861,0,7
2026-08-31T11:33:02.659759670Z,14.857695,134.938605,Cloud to Ground,-11280,0,8
2026-08-31T11:33:02.957637668Z,14.225283,134.068253,Cloud to Ground,29664,0,7
2026-08-31T11:33:02.904282098Z,12.483201,121.786843,Cloud to Ground,13583,0,6
2026-08-31T11:33:04.778111728Z,5.263046,115.667447,Cloud to Cloud,-13014,3020,20
2026-08-31T11:33:05.284000604Z,5.209656,115.644334,Cloud to Ground,17180,0,5
2026-08-31T11:33:05.295292908Z,5.129639,115.511994,Cloud to Ground,-17300,0,12
2026-08-31T11:33:04.196077154Z,5.238099,115.547821,Cloud to Cloud,-15781,3065,19
2026-08-31T11:33:03.532168707Z,5.235271,115.696968,Cloud to Ground,-15656,0,6
2026-08-31T11:33:04.398522379Z,5.166943,115.643403,Cloud to Cloud,-11875,4132,7
2026-08-31T11:33:04.212497290Z,5.190125,115.588012,Cloud to Ground,-11142,0,6
2026-08-31T11:33:04.522369778Z,5.10263,115.584949,Cloud to Cloud,9807,7367,7
2026-08-31T11:33:05.177094141Z,5.150159,115.53413,Cloud to Ground,10939,0,8
2026-08-31T11:33:04.507278640Z,5.109023,115.596244,Cloud to Ground,12559,0,8
2026-08-31T11:33:03.851061090Z,5.221599,115.607835,Cloud to Ground,15985,0,12
2026-08-31T11:33:06.773208858Z,5.190493,115.641474,Cloud to Cloud,-11315,11094,11
2026-08-31T11:33:06.717800076Z,18.878658,126.512509,Cloud to Ground,-58300,0,18
2026-08-31T11:33:06.705396253Z,18.778121,126.496289,Cloud to Cloud,-18536,7623,7
2026-08-31T11:33:06.807274007Z,18.829804,126.447792,Cloud to Cloud,-14085,15267,10
2026-08-31T11:33:07.225052973Z,17.819334,133.530528,Cloud to Ground,-21928,0,12
2026-08-31T11:33:08.744769818Z,5.233305,115.693858,Cloud to Ground,-12983,0,7
2026-08-31T11:33:08.094390759Z,6.876356,117.267448,Cloud to Cloud,13437,3006,8
2026-08-31T11:33:08.611640000Z,9.8592,119.4227,Cloud to Ground,-10689,0,5
2026-08-31T11:33:18.278238739Z,5.281045,115.690002,Cloud to Ground,22782,0,12
2026-08-31T11:33:20.976002195Z,6.780947,117.258122,Cloud to Cloud,-21697,7197,11
2026-08-31T11:33:20.427957532Z,4.989839,115.453825,Cloud to Ground,10800,0,9
2026-08-31T11:33:20.387332287Z,5.168324,115.535675,Cloud to Ground,-15684,0,9
2026-08-31T11:33:20.234864400Z,5.227057,115.571299,Cloud to Ground,-15276,0,6
2026-08-31T11:33:20.346571293Z,5.149006,115.530528,Cloud to Ground,-14711,0,8
2026-08-31T11:33:20.498502663Z,5.116973,115.553007,Cloud to Cloud,8143,15194,7
2026-08-31T11:33:19.587887885Z,6.735187,117.444728,Cloud to Ground,-18292,0,10
2026-08-31T11:33:19.405629757Z,6.706166,117.451875,Cloud to Cloud,-12926,3969,12
2026-08-31T11:33:19.412106200Z,6.684829,117.410062,Cloud to Cloud,-11921,14471,7
2026-08-31T11:33:20.193646915Z,6.799213,117.45256,Cloud to Cloud,-9579,3183,6
2026-08-31T11:33:20.150848632Z,6.710412,117.507925,Cloud to Ground,26657,0,16
2026-08-31T11:33:21.851266917Z,5.102797,115.598731,Cloud to Ground,-18865,0,12
2026-08-31T11:33:22.086273587Z,5.178968,115.593601,Cloud to Cloud,-14430,3011,6
2026-08-31T11:33:21.918158441Z,5.147704,115.659447,Cloud to Cloud,-11293,5321,11
2026-08-31T11:33:21.453160760Z,5.259616,115.591688,Cloud to Cloud,-6301,18147,7
2026-08-31T11:33:21.967388669Z,5.083591,115.594366,Cloud to Ground,17753,0,12
2026-08-31T11:33:22.031834940Z,21.422864,121.5933,Cloud to Cloud,4499,14864,7
2026-08-31T11:33:23.904634821Z,6.882588,117.433077,Cloud to Cloud,23125,16597,7
2026-08-31T11:33:23.457272327Z,6.785675,117.461912,Cloud to Ground,31906,0,12
2026-08-31T11:33:23.819314230Z,6.749038,117.800559,Cloud to Ground,-59827,0,18
2026-08-31T11:33:23.876658576Z,6.773486,117.788426,Cloud to Ground,-27148,0,12
2026-08-31T11:33:23.996978000Z,6.8276,117.7009,Cloud to Ground,9567,0,6
2026-08-31T11:33:24.206187266Z,6.675242,117.757112,Cloud to Cloud,9888,7401,7
2026-08-31T11:33:23.931161348Z,6.737008,117.838219,Cloud to Cloud,13024,6425,7
2026-08-31T11:33:23.896138698Z,6.73396,117.71329,Cloud to Cloud,14560,5544,7
2026-08-31T11:33:24.089079564Z,6.703494,117.682779,Cloud to Ground,29033,0,8
2026-08-31T11:33:23.902645800Z,6.752731,117.732161,Cloud to Ground,35868,0,18
2026-08-31T11:33:23.123423418Z,5.158693,115.652584,Cloud to Ground,-19052,0,8
2026-08-31T11:33:24.562896639Z,5.147396,115.641695,Cloud to Cloud,45090,13074,14
2026-08-31T11:33:24.049871342Z,6.762763,117.564644,Cloud to Ground,35047,0,13
2026-08-31T11:33:24.003861352Z,5.582012,117.215252,Cloud to Cloud,-15139,5320,9
2026-08-31T11:33:24.689014406Z,5.676953,117.191892,Cloud to Ground,18824,0,8
2026-08-31T11:33:24.551840909Z,15.595862,132.530542,Cloud to Ground,16194,0,7
2026-08-31T11:33:25.409767800Z,6.770093,117.214946,Cloud to Ground,30825,0,9
2026-08-31T11:33:25.461332410Z,6.764167,117.210028,Cloud to Ground,43789,0,8
2026-08-31T11:33:25.705893007Z,5.285542,115.556529,Cloud to Cloud,-13993,6071,10
2026-08-31T11:33:25.684244988Z,5.251561,115.519057,Cloud to Cloud,9587,3417,8
2026-08-31T11:33:26.366870648Z,12.477715,121.784974,Cloud to Cloud,4895,15626,6
2026-08-31T11:33:27.586357869Z,6.758632,117.463572,Cloud to Ground,-21516,0,8
2026-08-31T11:33:27.800890986Z,6.685356,117.464913,Cloud to Ground,16240,0,8
2026-08-31T11:33:27.585356812Z,6.737279,117.512329,Cloud to Ground,43012,0,8
2026-08-31T11:33:27.229936875Z,6.799855,117.524884,Cloud to Ground,48016,0,25
2026-08-31T11:33:27.727601900Z,6.674447,117.429767,Cloud to Ground,51858,0,8
2026-08-31T11:33:27.495010921Z,14.226002,134.750185,Cloud to Ground,-22082,0,11
2026-08-31T11:33:27.479834724Z,14.224717,134.741697,Cloud to Ground,-14789,0,9
2026-08-31T11:33:28.985065181Z,6.780971,117.516564,Cloud to Cloud,-8623,7836,9
2026-08-31T11:33:28.988162761Z,5.238405,115.552883,Cloud to Ground,-10736,0,7
2026-08-31T11:33:29.311007488Z,6.48883,117.859011,Cloud to Ground,-33228,0,7
2026-08-31T11:33:28.918534584Z,6.533324,117.900588,Cloud to Cloud,-9221,13709,9
2026-08-31T11:33:29.558426683Z,6.59415,117.850556,Cloud to Cloud,14059,3017,7
2026-08-31T11:33:29.119817116Z,6.60133,117.85652,Cloud to Ground,38635,0,7
2026-08-31T11:33:29.310023824Z,6.763599,117.897889,Cloud to Ground,43874,0,6
2026-08-31T11:33:30.176085127Z,5.167286,115.631435,Cloud to Cloud,-17356,16910,9
2026-08-31T11:33:30.061216413Z,5.238221,115.638871,Cloud to Cloud,7139,7198,6
2026-08-31T11:33:30.165136910Z,14.253617,134.245497,Cloud to Ground,12201,0,6
2026-08-31T11:33:31.233842661Z,6.866745,117.265355,Cloud to Ground,-11157,0,7
2026-08-31T11:33:31.947818570Z,6.638963,117.588527,Cloud to Ground,27751,0,11
2026-08-31T11:33:31.624904000Z,5.2158,115.5062,Cloud to Ground,-24448,0,5
2026-08-31T11:33:31.421072107Z,5.230333,115.532853,Cloud to Ground,-16583,0,11
2026-08-31T11:33:31.399983418Z,5.230263,115.566664,Cloud to Ground,-16529,0,12
2026-08-31T11:33:32.774319045Z,5.301568,115.61123,Cloud to Ground,-13951,0,11
2026-08-31T11:33:32.728601992Z,5.232518,115.595751,Cloud to Ground,7073,0,7
2026-08-31T11:33:32.445232346Z,6.755269,117.197919,Cloud to Ground,-27936,0,10
2026-08-31T11:33:32.576071308Z,5.143676,115.671444,Cloud to Ground,-17968,0,6
2026-08-31T11:33:33.927318527Z,5.248816,115.604959,Cloud to Cloud,-15210,19983,16
2026-08-31T11:33:34.006321532Z,5.213571,115.579718,Cloud to Cloud,-13247,3063,9
2026-08-31T11:33:33.783413982Z,5.207336,115.634426,Cloud to Ground,-12127,0,7
2026-08-31T11:33:33.945752423Z,5.258701,115.570779,Cloud to Ground,-11739,0,8
2026-08-31T11:33:34.076587867Z,5.257904,115.541744,Cloud to Ground,-10489,0,14
2026-08-31T11:33:33.988421751Z,5.209921,115.539678,Cloud to Cloud,8583,17599,6
2026-08-31T11:33:34.061982775Z,5.097485,115.581767,Cloud to Ground,-9134,0,8
2026-08-31T11:33:36.035211571Z,5.17298,115.564641,Cloud to Ground,-21312,0,10
2026-08-31T11:33:36.013960519Z,5.213085,115.589328,Cloud to Cloud,-11182,4789,7
2026-08-31T11:33:36.589537680Z,5.260789,115.632026,Cloud to Cloud,-7416,11382,7
2026-08-31T11:33:36.005732939Z,5.146261,115.551442,Cloud to Ground,13150,0,7
2026-08-31T11:33:36.397586493Z,6.883932,117.376474,Cloud to Cloud,-7750,12018,8
2026-08-31T11:33:36.870478148Z,14.647513,134.890259,Cloud to Ground,17250,0,7
2026-08-31T11:33:37.860580120Z,5.691144,117.245233,Cloud to Ground,35990,0,13
2026-08-31T11:33:37.914667302Z,5.842725,117.217054,Cloud to Ground,-10397,0,8
2026-08-31T11:33:37.414100902Z,5.581172,117.145464,Cloud to Cloud,-9758,6269,7
2026-08-31T11:33:37.020351287Z,6.775462,117.4968,Cloud to Cloud,-14136,17617,9
2026-08-31T11:33:38.547976829Z,5.229486,115.646891,Cloud to Ground,16020,0,9
2026-08-31T11:33:38.746127477Z,5.307668,115.596718,Cloud to Cloud,-13287,7454,10
2026-08-31T11:33:38.018013423Z,6.754748,117.247622,Cloud to Cloud,-13452,3064,7
2026-08-31T11:33:39.188229560Z,2.845238,115.745876,Cloud to Ground,13359,0,9
2026-08-31T11:33:39.348484941Z,2.851691,115.713254,Cloud to Ground,15042,0,14
2026-08-31T11:33:39.347979275Z,2.908919,115.791796,Cloud to Ground,17991,0,14
2026-08-31T11:33:39.950709022Z,5.203265,115.555642,Cloud to Cloud,-19244,7639,7
2026-08-31T11:33:39.901765180Z,5.242366,115.567859,Cloud to Cloud,14092,16994,7
2026-08-31T11:33:39.680908495Z,5.122188,115.556216,Cloud to Ground,25382,0,11
2026-08-31T11:33:39.341764604Z,18.710973,118.25802,Cloud to Cloud,-14486,3013,9
2026-08-31T11:33:39.334060594Z,18.705808,118.339061,Cloud to Cloud,27265,19558,8
2026-08-31T11:33:39.867409000Z,12.5196,121.6575,Cloud to Ground,-9266,0,10
2026-08-31T11:33:40.508795671Z,5.035919,115.354347,Cloud to Cloud,-16664,8855,14
2026-08-31T11:33:40.645769153Z,5.034326,115.375091,Cloud to Ground,8219,0,7
2026-08-31T11:33:42.377794305Z,5.177283,115.590172,Cloud to Cloud,-16304,6582,12
2026-08-31T11:33:42.947462234Z,5.202025,115.644161,Cloud to Ground,-11182,0,6
2026-08-31T11:33:42.215702176Z,5.098138,115.567442,Cloud to Cloud,9488,3130,8
2026-08-31T11:33:42.246603832Z,5.090195,115.560199,Cloud to Cloud,19287,3241,13
2026-08-31T11:33:42.866069624Z,5.15827,115.640357,Cloud to Ground,19732,0,10
2026-08-31T11:33:42.913278964Z,5.125179,115.635336,Cloud to Ground,26490,0,8
2026-08-31T11:33:42.776260663Z,14.847488,134.913925,Cloud to Ground,-17499,0,10
2026-08-31T11:33:42.352390968Z,18.878192,126.433806,Cloud to Ground,-20550,0,13
2026-08-31T11:33:43.007854540Z,14.372282,134.502133,Cloud to Ground,-34211,0,12
2026-08-31T11:33:43.009066638Z,14.290782,134.654174,Cloud to Ground,-9330,0,10
2026-08-31T11:33:44.038580386Z,5.190973,115.61412,Cloud to Ground,-14667,0,7
2026-08-31T11:33:45.594969562Z,5.208182,115.556106,Cloud to Ground,-13838,0,7
2026-08-31T11:33:45.398864131Z,5.146836,115.546181,Cloud to Cloud,15181,7943,7
2026-08-31T11:33:45.562644802Z,15.588902,132.55032,Cloud to Ground,-6867,0,9
2026-08-31T11:33:46.310782630Z,5.094294,115.563576,Cloud to Ground,20554,0,10
2026-08-31T11:33:46.332997835Z,5.188731,115.531827,Cloud to Cloud,-15978,19143,10
2026-08-31T11:33:46.848754286Z,5.21201,115.598306,Cloud to Ground,28222,0,8
2026-08-31T11:33:46.029946544Z,22.481101,111.87921,Cloud to Ground,43580,0,14
2026-08-31T11:33:47.765727537Z,6.668556,117.532267,Cloud to Ground,-59051,0,17
2026-08-31T11:33:47.570685345Z,6.695531,117.515307,Cloud to Cloud,-14799,5528,7
2026-08-31T11:33:47.825944500Z,6.665162,117.517169,Cloud to Ground,15720,0,7
2026-08-31T11:33:48.432254703Z,6.667006,117.55865,Cloud to Ground,17049,0,11
2026-08-31T11:33:47.624498030Z,6.666417,117.558782,Cloud to Cloud,19861,8674,10
2026-08-31T11:33:47.968441219Z,6.640265,117.4601,Cloud to Ground,20154,0,8
2026-08-31T11:33:48.112354067Z,6.677943,117.477647,Cloud to Cloud,20720,3740,8
2026-08-31T11:33:48.886829831Z,6.658996,117.531864,Cloud to Ground,25129,0,12
2026-08-31T11:33:47.684105157Z,6.677128,117.556076,Cloud to Ground,28910,0,17
2026-08-31T11:33:47.626020363Z,6.668936,117.438745,Cloud to Ground,36250,0,9
2026-08-31T11:33:48.110213574Z,6.642699,117.462496,Cloud to Ground,42756,0,10
2026-08-31T11:33:48.788650766Z,6.650055,117.475476,Cloud to Ground,43795,0,9
2026-08-31T11:33:47.588559203Z,6.670628,117.556267,Cloud to Ground,58931,0,28
2026-08-31T11:33:48.329125747Z,6.749547,117.658773,Cloud to Ground,-21891,0,8
2026-08-31T11:33:47.831923848Z,6.747429,117.646394,Cloud to Ground,-20155,0,9
2026-08-31T11:33:48.544526587Z,5.267139,115.590663,Cloud to Cloud,18238,4374,7
2026-08-31T11:33:48.907925122Z,5.15875,115.528081,Cloud to Ground,-15508,0,7
2026-08-31T11:33:48.699439060Z,5.155774,115.540028,Cloud to Ground,-10802,0,7
2026-08-31T11:33:49.471325063Z,5.123508,115.579157,Cloud to Ground,10998,0,10
2026-08-31T11:33:49.467151168Z,6.450879,117.757431,Cloud to Cloud,7619,17249,7
2026-08-31T11:33:49.651364604Z,6.500068,117.834336,Cloud to Ground,-14312,0,10
2026-08-31T11:33:48.789351992Z,6.737803,117.362645,Cloud to Cloud,-25875,3236,8
2026-08-31T11:33:48.889131839Z,6.686914,117.329777,Cloud to Ground,-19908,0,7
2026-08-31T11:33:48.891778732Z,6.769787,117.3969,Cloud to Cloud,-12599,7920,8
2026-08-31T11:33:49.293402246Z,6.681814,117.371581,Cloud to Ground,26871,0,12
2026-08-31T11:33:49.136272072Z,14.270951,134.039347,Cloud to Ground,-15555,0,7
2026-08-31T11:33:50.181290771Z,6.853255,117.465449,Cloud to Ground,18356,0,7
2026-08-31T11:33:50.600008606Z,6.815311,117.367064,Cloud to Cloud,7261,12075,7
2026-08-31T11:33:50.902850522Z,5.199633,115.629214,Cloud to Cloud,-11109,5096,5
2026-08-31T11:33:50.333252335Z,6.722124,117.414264,Cloud to Cloud,-8811,10413,8
2026-08-31T11:33:51.484856228Z,14.250382,134.370114,Cloud to Ground,26863,0,8
2026-08-31T11:33:52.079326554Z,5.228066,115.559758,Cloud to Ground,12733,0,8
2026-08-31T11:33:52.097585323Z,5.230132,115.568306,Cloud to Ground,17240,0,8
2026-08-31T11:33:52.040605015Z,5.224962,115.560844,Cloud to Ground,21739,0,9
2026-08-31T11:33:52.057094242Z,5.323138,115.589696,Cloud to Cloud,-15328,11208,14
2026-08-31T11:33:53.477228122Z,5.175033,115.579124,Cloud to Ground,-15219,0,17
2026-08-31T11:33:53.388285278Z,5.282486,115.715016,Cloud to Ground,10727,0,10
2026-08-31T11:33:53.855374586Z,6.740375,117.226193,Cloud to Ground,-20508,0,7
2026-08-31T11:33:54.801838472Z,6.703364,117.42929,Cloud to Cloud,-8456,6927,7
2026-08-31T11:33:54.639912000Z,6.8433,117.4651,Cloud to Ground,5430,0,5
2026-08-31T11:33:54.938761549Z,6.700912,117.486967,Cloud to Cloud,12132,7364,7
2026-08-31T11:33:54.541699832Z,6.756706,117.479125,Cloud to Cloud,20529,3691,9
2026-08-31T11:33:55.076384416Z,19.225274,118.305535,Cloud to Cloud,-18774,3006,13
2026-08-31T11:33:56.920991369Z,4.926173,116.744729,Cloud to Ground,-22677,0,6
2026-08-31T11:33:56.871666545Z,4.93794,116.764809,Cloud to Cloud,-20529,3239,6
2026-08-31T11:33:56.970883140Z,4.997172,116.721028,Cloud to Cloud,-17430,3031,14
2026-08-31T11:33:57.342039022Z,4.923722,116.753198,Cloud to Ground,7349,0,7
2026-08-31T11:33:57.085795147Z,4.93686,116.761297,Cloud to Ground,17744,0,9
2026-08-31T11:33:56.268203115Z,5.199595,115.591947,Cloud to Cloud,-12470,3005,8
2026-08-31T11:33:58.496454235Z,5.148197,115.539921,Cloud to Cloud,-19964,3076,22
2026-08-31T11:33:58.777338206Z,5.255101,115.643607,Cloud to Cloud,-12917,10937,10
2026-08-31T11:33:59.882152203Z,5.191629,115.582094,Cloud to Cloud,-15186,3601,7
2026-08-31T11:33:59.580208685Z,5.208578,115.602415,Cloud to Cloud,-11034,13377,8
2026-08-31T11:33:59.712004788Z,5.217121,115.551628,Cloud to Cloud,11111,15916,11
2026-08-31T11:34:00.813390946Z,5.268876,115.526335,Cloud to Cloud,-15058,17053,11
2026-08-31T11:34:00.563730167Z,5.296513,115.544139,Cloud to Cloud,-10764,3219,8
2026-08-31T11:34:00.582917649Z,5.210501,115.521453,Cloud to Ground,12205,0,7
2026-08-31T11:34:00.660939124Z,5.187197,115.651477,Cloud to Ground,-9708,0,8
2026-08-31T11:34:01.912512362Z,5.287743,115.666835,Cloud to Cloud,12690,3249,8
2026-08-31T11:34:01.849989584Z,5.296115,115.602846,Cloud to Ground,15696,0,7
2026-08-31T11:34:02.494956615Z,6.817785,117.222574,Cloud to Cloud,-14695,4205,8
2026-08-31T11:34:02.965384974Z,6.767034,117.476283,Cloud to Cloud,17509,19995,8
2026-08-31T11:34:02.172930400Z,5.185092,115.61901,Cloud to Cloud,-11940,13510,11
2026-08-31T11:34:02.123963513Z,5.115175,115.588661,Cloud to Cloud,10703,18477,8
2026-08-31T11:34:03.006127697Z,4.74468,115.408285,Cloud to Ground,22351,0,10
2026-08-31T11:34:03.008215326Z,4.845867,115.457466,Cloud to Cloud,-8446,3005,7
2026-08-31T11:34:03.174566136Z,15.661793,132.533511,Cloud to Ground,-16039,0,10
2026-08-31T11:34:03.472071062Z,15.667461,132.552656,Cloud to Ground,-13187,0,8
2026-08-31T11:34:03.840084433Z,14.321246,134.218083,Cloud to Ground,-10551,0,7
2026-08-31T11:34:06.033770345Z,5.111772,115.590798,Cloud to Cloud,-15108,4312,7
2026-08-31T11:34:05.667176959Z,5.150431,115.533001,Cloud to Cloud,-9401,16186,6
2026-08-31T11:34:05.636565564Z,5.161205,115.581551,Cloud to Cloud,9999,15918,7
2026-08-31T11:34:06.391364675Z,5.129367,115.530861,Cloud to Ground,10844,0,8
2026-08-31T11:34:05.842224169Z,5.199684,115.466713,Cloud to Ground,22253,0,7
2026-08-31T11:34:05.246522000Z,4.1867,114.8436,Cloud to Ground,-17187,0,5
2026-08-31T11:34:06.414275204Z,5.210888,115.614242,Cloud to Ground,-16139,0,7
2026-08-31T11:34:06.162854867Z,5.287006,115.520763,Cloud to Cloud,-15921,8897,8
2026-08-31T11:34:07.886984358Z,6.951603,117.285977,Cloud to Ground,33595,0,7
2026-08-31T11:34:07.296078888Z,6.800935,117.51515,Cloud to Cloud,-20637,17908,7
2026-08-31T11:34:07.489644990Z,6.594924,117.923626,Cloud to Cloud,-20668,4074,7
2026-08-31T11:34:07.933423356Z,6.476964,117.791249,Cloud to Cloud,14456,3784,7
2026-08-31T11:34:07.316099472Z,14.826361,134.947403,Cloud to Ground,-15356,0,11
2026-08-31T11:34:08.643069058Z,5.255253,115.64225,Cloud to Ground,-12826,0,10
2026-08-31T11:34:08.679915766Z,14.877462,134.970249,Cloud to Ground,40119,0,8
2026-08-31T11:34:10.422636653Z,5.14127,115.550414,Cloud to Cloud,8804,7105,7
2026-08-31T11:34:10.515643113Z,5.67709,117.181497,Cloud to Cloud,20678,3052,11
2026-08-31T11:34:11.769048687Z,5.265658,115.639121,Cloud to Ground,-9036,0,9
2026-08-31T11:34:11.726560505Z,5.335082,115.621141,Cloud to Cloud,13452,6032,8
2026-08-31T11:34:12.562575574Z,6.674367,117.211057,Cloud to Cloud,-15100,7099,12
2026-08-31T11:34:12.243486913Z,6.754481,117.235512,Cloud to Ground,30284,0,9
2026-08-31T11:34:12.070540489Z,17.910568,115.930043,Cloud to Cloud,-27237,3417,11
2026-08-31T11:34:12.024728919Z,18.003198,115.947384,Cloud to Ground,17224,0,10
2026-08-31T11:34:12.111273353Z,12.378711,121.750088,Cloud to Cloud,19398,12057,7
2026-08-31T11:34:14.168290065Z,5.144218,115.627753,Cloud to Ground,-13668,0,7
2026-08-31T11:34:13.503423965Z,5.108909,115.549529,Cloud to Ground,11922,0,7
2026-08-31T11:34:13.827969640Z,5.24438,115.572412,Cloud to Cloud,13036,19300,8
2026-08-31T11:34:13.599798286Z,5.260948,115.574385,Cloud to Cloud,15183,3597,6
2026-08-31T11:34:13.674188081Z,5.215928,115.611639,Cloud to Ground,28445,0,6
2026-08-31T11:34:14.999951483Z,6.669926,117.56163,Cloud to Ground,13297,0,9
2026-08-31T11:34:16.214178482Z,5.256578,115.6007,Cloud to Cloud,-17945,3148,11
2026-08-31T11:34:15.701764735Z,5.199425,115.564218,Cloud to Cloud,-13242,9985,8
2026-08-31T11:34:15.717557870Z,5.175964,115.57008,Cloud to Cloud,-13192,15325,7
2026-08-31T11:34:16.191910551Z,5.22915,115.608904,Cloud to Ground,16483,0,6
2026-08-31T11:34:15.686368951Z,5.108516,115.550686,Cloud to Ground,19359,0,15
2026-08-31T11:34:16.176475000Z,5.3457,115.6058,Cloud to Ground,21903,0,6
2026-08-31T11:34:15.073653213Z,6.756972,117.473015,Cloud to Cloud,16562,18670,8
2026-08-31T11:34:15.274644000Z,20.6784,120.8498,Cloud to Ground,-28341,0,5
2026-08-31T11:34:16.673440878Z,5.295731,116.779284,Cloud to Cloud,-14384,5544,11
2026-08-31T11:34:16.671973743Z,5.210849,116.819211,Cloud to Cloud,12583,3081,7
2026-08-31T11:34:16.672491271Z,5.206788,116.811996,Cloud to Ground,30257,0,10
2026-08-31T11:34:16.850309383Z,5.259814,116.812561,Cloud to Ground,61851,0,15
2026-08-31T11:34:16.206111446Z,17.720133,133.547989,Cloud to Ground,-25125,0,14
2026-08-31T11:34:17.162368946Z,6.77872,117.264642,Cloud to Ground,26487,0,7
2026-08-31T11:34:17.680437000Z,6.8666,117.1816,Cloud to Ground,-1532,0,5
2026-08-31T11:34:17.470143977Z,5.180312,115.624874,Cloud to Ground,-8918,0,10
2026-08-31T11:34:18.455501184Z,5.300782,115.61337,Cloud to Cloud,-12369,15038,7
2026-08-31T11:34:18.736965312Z,5.30808,115.620903,Cloud to Cloud,-10139,8862,8
2026-08-31T11:34:19.263823248Z,5.163936,115.621393,Cloud to Ground,-22804,0,7
2026-08-31T11:34:19.152427402Z,5.19517,115.567694,Cloud to Ground,-12410,0,8
2026-08-31T11:34:19.136297261Z,5.210228,115.602898,Cloud to Ground,-12310,0,6
2026-08-31T11:34:18.976785376Z,5.148289,115.568441,Cloud to Ground,-8031,0,6
2026-08-31T11:34:19.226887745Z,5.162362,115.623864,Cloud to Ground,12325,0,9
2026-08-31T11:34:18.953815447Z,5.175255,115.536662,Cloud to Cloud,15373,4423,9
2026-08-31T11:34:18.891112167Z,5.16733,115.569263,Cloud to Ground,23751,0,8
2026-08-31T11:34:20.328108073Z,5.213397,115.523157,Cloud to Ground,-11329,0,6
2026-08-31T11:34:20.639744753Z,5.19142,115.547486,Cloud to Ground,17987,0,8
2026-08-31T11:34:20.579285362Z,2.86308,115.704776,Cloud to Ground,8194,0,9
2026-08-31T11:34:21.964379166Z,5.314914,115.625056,Cloud to Ground,-16114,0,7
2026-08-31T11:34:22.481421253Z,6.685302,117.411199,Cloud to Ground,-7955,0,6
2026-08-31T11:34:22.117834856Z,6.686298,117.433627,Cloud to Ground,18469,0,9
2026-08-31T11:34:22.030777957Z,6.71308,117.481789,Cloud to Ground,23656,0,12
2026-08-31T11:34:22.325191981Z,6.719218,117.543785,Cloud to Ground,23938,0,13
2026-08-31T11:34:21.889263988Z,6.704888,117.462928,Cloud to Ground,24880,0,7
2026-08-31T11:34:22.707938540Z,6.687047,117.417065,Cloud to Ground,26388,0,8
2026-08-31T11:34:21.966064313Z,6.693091,117.440932,Cloud to Ground,27803,0,8
2026-08-31T11:34:21.472486952Z,6.678481,117.485565,Cloud to Ground,31294,0,14
2026-08-31T11:34:21.641259392Z,6.669623,117.463594,Cloud to Ground,40118,0,8
2026-08-31T11:34:21.109561688Z,17.720419,133.577872,Cloud to Ground,-15382,0,7
2026-08-31T11:34:22.033877733Z,6.779346,117.399313,Cloud to Cloud,-9232,3156,7
2026-08-31T11:34:22.810888882Z,6.894998,117.155123,Cloud to Cloud,-8964,15617,8
2026-08-31T11:34:22.476183000Z,6.8315,117.502,Cloud to Ground,-12929,0,5
2026-08-31T11:34:22.436486243Z,5.117111,115.450604,Cloud to Cloud,8105,12529,6
2026-08-31T11:34:23.064478712Z,5.266897,115.619503,Cloud to Ground,-18000,0,6
2026-08-31T11:34:23.406857922Z,15.012887,133.503949,Cloud to Ground,58141,0,11
2026-08-31T11:34:25.100468000Z,6.8236,117.6715,Cloud to Ground,-34970,0,12
2026-08-31T11:34:27.262664217Z,5.223003,115.62687,Cloud to Cloud,-7406,5998,8
2026-08-31T11:34:27.831480487Z,6.811213,117.341047,Cloud to Cloud,-20851,19354,11
2026-08-31T11:34:27.232163262Z,20.311531,120.70292,Cloud to Ground,-35658,0,8
2026-08-31T11:34:28.164290339Z,5.286398,115.574445,Cloud to Ground,11885,0,7
2026-08-31T11:34:29.738268956Z,5.219679,115.488501,Cloud to Cloud,8018,14491,6
2026-08-31T11:34:30.404676157Z,5.163308,115.626399,Cloud to Ground,12251,0,8
2026-08-31T11:34:30.433603576Z,5.170303,115.621208,Cloud to Ground,15345,0,12
2026-08-31T11:34:30.386453938Z,5.181193,115.620873,Cloud to Ground,22571,0,10
2026-08-31T11:34:30.358965838Z,5.180168,115.625955,Cloud to Ground,28043,0,12
2026-08-31T11:34:30.510733780Z,22.478093,111.673293,Cloud to Ground,50381,0,12
2026-08-31T11:34:30.749019308Z,22.464007,111.897162,Cloud to Ground,-20192,0,10
2026-08-31T11:34:30.772358748Z,22.396887,111.954202,Cloud to Cloud,10396,3145,9
2026-08-31T11:34:31.623158057Z,5.616056,117.198286,Cloud to Cloud,18560,8493,7
2026-08-31T11:34:32.024115797Z,6.831242,117.237753,Cloud to Ground,17025,0,8
2026-08-31T11:34:32.360643346Z,6.67608,117.526634,Cloud to Ground,52740,0,17
2026-08-31T11:34:32.334902149Z,6.667623,117.654881,Cloud to Cloud,-15504,3378,7
2026-08-31T11:34:32.196993592Z,5.19892,115.549034,Cloud to Cloud,9230,18990,6
2026-08-31T11:34:32.709839184Z,14.281504,134.006686,Cloud to Ground,30104,0,14
2026-08-31T11:34:33.313310020Z,5.111819,115.553303,Cloud to Ground,24665,0,13
2026-08-31T11:34:33.681187609Z,5.225072,115.526027,Cloud to Ground,-19308,0,7
2026-08-31T11:34:33.336827636Z,5.201453,115.583148,Cloud to Cloud,-17819,3422,10
2026-08-31T11:34:34.159124421Z,5.232239,115.611682,Cloud to Ground,-16358,0,7
2026-08-31T11:34:33.408364833Z,5.22072,115.597027,Cloud to Cloud,-13377,7385,7
2026-08-31T11:34:33.672812871Z,6.566224,117.884045,Cloud to Ground,25714,0,9
2026-08-31T11:34:33.221379689Z,14.23403,134.242295,Cloud to Ground,52427,0,9
2026-08-31T11:34:34.005944919Z,15.659447,132.567471,Cloud to Ground,-16966,0,15
2026-08-31T11:34:35.292680742Z,5.058575,115.440948,Cloud to Ground,11698,0,7
2026-08-31T11:34:35.318948550Z,4.060818,114.945239,Cloud to Cloud,-12874,8204,18
2026-08-31T11:34:35.842526559Z,5.219976,115.619355,Cloud to Ground,12014,0,7
2026-08-31T11:34:35.532178279Z,5.185228,115.709141,Cloud to Ground,-20520,0,11
2026-08-31T11:34:35.870874986Z,6.766985,117.252135,Cloud to Cloud,12132,7961,7
2026-08-31T11:34:35.889030721Z,14.877502,134.672162,Cloud to Ground,-12388,0,11
2026-08-31T11:34:35.893799024Z,14.976116,134.599639,Cloud to Ground,-16199,0,9
2026-08-31T11:34:35.972815199Z,14.975513,134.579691,Cloud to Ground,-14459,0,8
2026-08-31T11:34:35.887333271Z,14.944197,134.536512,Cloud to Ground,20410,0,10
2026-08-31T11:34:36.014052784Z,5.324192,115.61606,Cloud to Cloud,-14043,6876,11
2026-08-31T11:34:36.966554265Z,18.889105,126.492147,Cloud to Ground,-40220,0,17
2026-08-31T11:34:37.033009168Z,18.885988,126.495949,Cloud to Ground,-24353,0,8
2026-08-31T11:34:37.125752508Z,18.892381,126.50264,Cloud to Ground,-9623,0,6
2026-08-31T11:34:37.826191181Z,5.198911,115.604024,Cloud to Ground,17835,0,7
2026-08-31T11:34:39.874918475Z,5.212472,115.589286,Cloud to Cloud,6857,6802,7
2026-08-31T11:34:39.057636346Z,6.848447,117.241722,Cloud to Cloud,13438,4583,7
2026-08-31T11:34:39.530243771Z,18.98672,131.564631,Cloud to Ground,-23050,0,6
2026-08-31T11:34:40.673978868Z,6.147453,117.801046,Cloud to Cloud,-6837,4764,7
2026-08-31T11:34:40.260830698Z,6.190381,117.829652,Cloud to Cloud,38093,17415,9
2026-08-31T11:34:41.871287260Z,6.819126,117.78247,Cloud to Cloud,-16790,3092,11
2026-08-31T11:34:40.927880712Z,5.160214,115.503507,Cloud to Cloud,11530,17529,7
2026-08-31T11:34:41.619091840Z,5.095971,115.584951,Cloud to Ground,17676,0,14
2026-08-31T11:34:41.603357823Z,5.103694,115.523471,Cloud to Cloud,20997,7548,10
2026-08-31T11:34:42.596278144Z,14.687746,133.720561,Cloud to Ground,-12668,0,10
2026-08-31T11:34:42.174976843Z,15.400535,133.856074,Cloud to Ground,-19953,0,15
2026-08-31T11:34:42.158536784Z,15.379751,133.908211,Cloud to Ground,-12392,0,9
2026-08-31T11:34:42.156910268Z,15.324804,133.907651,Cloud to Ground,21111,0,7
2026-08-31T11:34:43.514898408Z,5.286447,115.627764,Cloud to Cloud,-14261,7309,11
2026-08-31T11:34:44.467824821Z,6.758548,117.193811,Cloud to Cloud,17410,14331,7
2026-08-31T11:34:44.256337569Z,5.19527,115.513595,Cloud to Cloud,-12499,13503,10
2026-08-31T11:34:44.230090809Z,5.110385,115.53441,Cloud to Ground,9482,0,9
2026-08-31T11:34:44.202695697Z,5.119116,115.529872,Cloud to Ground,10450,0,7
2026-08-31T11:34:44.579774190Z,20.348705,120.747197,Cloud to Ground,16994,0,8
2026-08-31T11:34:44.788223026Z,20.267024,120.701554,Cloud to Cloud,8979,14782,8
2026-08-31T11:34:44.799014873Z,20.221755,120.70701,Cloud to Cloud,14524,6441,6
2026-08-31T11:34:45.743890084Z,6.752468,117.770386,Cloud to Ground,19530,0,8
2026-08-31T11:34:45.585072778Z,6.732563,117.806162,Cloud to Ground,37476,0,16
2026-08-31T11:34:45.610431401Z,6.865645,117.745937,Cloud to Ground,41921,0,7
2026-08-31T11:34:45.559430937Z,6.716524,117.72283,Cloud to Ground,53120,0,16
2026-08-31T11:34:45.533534827Z,6.820612,117.763735,Cloud to Ground,74839,0,25
2026-08-31T11:34:45.142104140Z,5.224149,115.605067,Cloud to Ground,-15704,0,6
2026-08-31T11:34:45.458220000Z,5.2485,115.5227,Cloud to Ground,-9784,0,5
2026-08-31T11:34:45.323342637Z,5.206436,115.576106,Cloud to Cloud,15660,5728,9
2026-08-31T11:34:46.925600927Z,9.762605,119.451866,Cloud to Cloud,-17932,3007,7
2026-08-31T11:34:46.833382494Z,9.695974,119.483338,Cloud to Cloud,14945,16888,10
2026-08-31T11:34:47.391165107Z,5.067621,115.432277,Cloud to Ground,13209,0,10
2026-08-31T11:34:47.214083000Z,5.2547,115.5367,Cloud to Ground,-17103,0,6
2026-08-31T11:34:46.608049207Z,5.276365,115.594295,Cloud to Cloud,-17035,9543,9
2026-08-31T11:34:46.990022500Z,5.193185,115.618618,Cloud to Ground,-15615,0,7
2026-08-31T11:34:47.041319849Z,5.221335,115.648861,Cloud to Ground,-14259,0,6
2026-08-31T11:34:47.325779277Z,5.114732,115.606884,Cloud to Ground,-10974,0,8
2026-08-31T11:34:47.262103144Z,5.207635,115.60003,Cloud to Cloud,-9637,6118,8
2026-08-31T11:34:46.654146586Z,5.256723,115.583715,Cloud to Cloud,9497,7479,6
2026-08-31T11:34:46.505520725Z,5.183914,115.619064,Cloud to Ground,10588,0,7
2026-08-31T11:34:47.343375144Z,5.211686,115.553772,Cloud to Ground,24026,0,7
2026-08-31T11:34:47.139096364Z,9.865698,119.35474,Cloud to Cloud,10842,3019,8
2026-08-31T11:34:48.157242311Z,5.199776,115.567105,Cloud to Ground,12017,0,6
2026-08-31T11:34:48.077980871Z,14.272574,134.078405,Cloud to Ground,-16639,0,11
2026-08-31T11:34:48.012911065Z,17.7399,133.578768,Cloud to Ground,-10652,0,9
2026-08-31T11:34:48.101318830Z,14.185051,133.966273,Cloud to Ground,-16995,0,14
2026-08-31T11:34:49.743535189Z,6.875759,117.479283,Cloud to Ground,13300,0,8
2026-08-31T11:34:49.405953598Z,6.496544,117.879198,Cloud to Ground,19222,0,10
2026-08-31T11:34:49.541843750Z,6.717862,117.675092,Cloud to Cloud,25966,13662,7
2026-08-31T11:34:51.288478104Z,6.781173,117.285659,Cloud to Ground,43369,0,12
2026-08-31T11:34:51.177902859Z,5.215395,115.63442,Cloud to Cloud,-11414,13664,6
2026-08-31T11:34:52.498363324Z,15.635782,132.346607,Cloud to Ground,-23483,0,16
2026-08-31T11:34:52.964741000Z,15.6817,132.3387,Cloud to Ground,-18040,0,5
2026-08-31T11:34:52.645056000Z,15.7024,132.3863,Cloud to Ground,-17026,0,6
2026-08-31T11:34:53.726143160Z,6.826451,117.495799,Cloud to Ground,-11902,0,7
2026-08-31T11:34:53.695931617Z,6.795496,117.445803,Cloud to Ground,26786,0,8
2026-08-31T11:34:53.385808203Z,5.190237,115.644258,Cloud to Cloud,-11635,5254,10
2026-08-31T11:34:53.213075080Z,5.147004,115.506002,Cloud to Cloud,7702,12089,7
2026-08-31T11:34:53.237011189Z,5.173977,115.562772,Cloud to Cloud,9772,5960,9
2026-08-31T11:34:52.690531805Z,15.628943,132.551996,Cloud to Ground,-18396,0,7
2026-08-31T11:34:53.251329331Z,15.67369,132.555333,Cloud to Ground,30312,0,9
2026-08-31T11:34:54.097477209Z,6.801213,117.273473,Cloud to Ground,12832,0,8
2026-08-31T11:34:54.106500318Z,6.68669,117.399242,Cloud to Ground,33949,0,8
2026-08-31T11:34:55.194161052Z,5.27534,115.580244,Cloud to Cloud,-10462,10134,7
2026-08-31T11:34:55.163018367Z,5.227825,115.517878,Cloud to Cloud,10622,12053,6
2026-08-31T11:34:57.482965233Z,5.142845,115.548356,Cloud to Ground,-22680,0,12
2026-08-31T11:34:57.589901024Z,5.160344,115.62503,Cloud to Cloud,-14260,5336,13
2026-08-31T11:34:57.577097000Z,5.2262,115.5895,Cloud to Ground,8610,0,5
2026-08-31T11:34:57.594873118Z,5.387245,115.515314,Cloud to Ground,28258,0,7
2026-08-31T11:34:58.946039375Z,6.724066,117.563635,Cloud to Ground,31070,0,21
2026-08-31T11:34:58.978207350Z,6.711376,117.494771,Cloud to Ground,33884,0,16
2026-08-31T11:34:58.059701422Z,4.733742,115.409955,Cloud to Ground,-33013,0,18
2026-08-31T11:34:58.255726522Z,19.088599,118.95908,Cloud to Cloud,6827,9334,7
2026-08-31T11:34:59.600709113Z,5.087187,115.458458,Cloud to Cloud,14324,6504,12
2026-08-31T11:34:59.526402646Z,4.333557,114.88537,Cloud to Ground,-27896,0,21
2026-08-31T11:34:59.525551359Z,4.32726,114.943327,Cloud to Cloud,-16702,11269,7
2026-08-31T11:34:59.554843414Z,4.327475,114.932972,Cloud to Cloud,-16439,5236,9
2026-08-31T11:35:00.813265097Z,2.934068,115.806299,Cloud to Ground,12686,0,10
2026-08-31T11:35:00.686196323Z,2.87017,115.674828,Cloud to Ground,-23593,0,18
2026-08-31T11:35:01.838192134Z,6.81515,117.242704,Cloud to Cloud,11563,3001,9
2026-08-31T11:35:01.872880530Z,6.831502,117.494571,Cloud to Cloud,-13956,3001,10
2026-08-31T11:35:02.484016021Z,18.941811,119.847496,Cloud to Cloud,5433,10868,6
2026-08-31T11:35:02.456786340Z,18.947318,119.836225,Cloud to Cloud,6247,15420,5
2026-08-31T11:35:03.108785408Z,5.256579,115.549863,Cloud to Cloud,-13165,3763,9
2026-08-31T11:35:03.469626758Z,5.115384,115.547837,Cloud to Ground,16657,0,10
2026-08-31T11:35:03.279879222Z,6.776382,117.576796,Cloud to Cloud,15248,3239,6
2026-08-31T11:35:03.731839252Z,14.349754,134.164919,Cloud to Ground,-17037,0,7
2026-08-31T11:35:03.906602104Z,14.278454,134.205587,Cloud to Ground,-9943,0,8
2026-08-31T11:35:05.657746134Z,5.22298,115.593434,Cloud to Ground,-22546,0,17
2026-08-31T11:35:05.713116819Z,5.227581,115.617089,Cloud to Ground,-17249,0,13
2026-08-31T11:35:05.508567483Z,5.226374,115.622713,Cloud to Cloud,-14096,5039,10
2026-08-31T11:35:05.870395215Z,6.821209,117.232046,Cloud to Cloud,-16884,3742,9
2026-08-31T11:35:07.681032886Z,6.74349,117.258345,Cloud to Ground,-9649,0,7
2026-08-31T11:35:21.081714082Z,6.790562,117.481129,Cloud to Cloud,7442,17067,10
2026-08-31T11:35:22.377763189Z,5.298085,115.613739,Cloud to Ground,-13900,0,19
2026-08-31T11:35:22.533179202Z,5.241992,115.676948,Cloud to Ground,-8855,0,7
2026-08-31T11:35:22.190793823Z,5.157523,115.561608,Cloud to Ground,-22006,0,7
2026-08-31T11:35:21.948612058Z,5.204042,115.528345,Cloud to Cloud,-17355,3315,12
2026-08-31T11:35:22.293874090Z,5.175627,115.508946,Cloud to Cloud,7227,5240,6
2026-08-31T11:35:21.535597151Z,5.102026,115.535805,Cloud to Ground,11736,0,9
2026-08-31T11:35:22.741730749Z,6.834792,117.427971,Cloud to Cloud,-9821,16173,6
2026-08-31T11:35:22.948740990Z,15.62308,132.536112,Cloud to Ground,-7142,0,8
2026-08-31T11:35:22.847375938Z,15.586525,132.558739,Cloud to Ground,4229,0,7
2026-08-31T11:35:22.061910533Z,14.792286,134.973225,Cloud to Ground,-23257,0,12
2026-08-31T11:35:23.101871022Z,6.70723,117.480837,Cloud to Ground,19070,0,10
2026-08-31T11:35:23.463441430Z,2.961363,115.699037,Cloud to Cloud,10302,6157,6
2026-08-31T11:35:24.791834932Z,5.150545,115.611022,Cloud to Ground,-11499,0,8
2026-08-31T11:35:24.519947242Z,5.154372,115.618162,Cloud to Ground,7638,0,7
2026-08-31T11:35:24.962774676Z,5.133519,115.547834,Cloud to Cloud,9101,6279,6
2026-08-31T11:35:24.557562268Z,5.067519,115.54908,Cloud to Cloud,9126,7742,10
2026-08-31T11:35:25.121358547Z,5.119719,115.669345,Cloud to Ground,14411,0,12
2026-08-31T11:35:24.912639474Z,5.139828,115.56504,Cloud to Ground,17668,0,10
2026-08-31T11:35:25.517394122Z,12.390058,121.741921,Cloud to Ground,30650,0,8
2026-08-31T11:35:26.723879366Z,6.707762,117.270799,Cloud to Cloud,17045,7740,7
2026-08-31T11:35:26.495197785Z,5.115577,115.55582,Cloud to Ground,16776,0,8
2026-08-31T11:35:27.681587067Z,5.21881,115.599167,Cloud to Ground,17726,0,8
2026-08-31T11:35:27.964835438Z,14.691574,133.700329,Cloud to Ground,17802,0,9
2026-08-31T11:35:27.867602242Z,3.984204,114.931369,Cloud to Ground,-11808,0,7
2026-08-31T11:35:28.000575625Z,4.026222,114.946077,Cloud to Ground,15928,0,9
2026-08-31T11:35:29.863995003Z,14.297924,134.044316,Cloud to Ground,-25765,0,12
2026-08-31T11:35:30.893004715Z,5.634469,117.173652,Cloud to Ground,21607,0,7
2026-08-31T11:35:30.377532492Z,6.749557,117.447085,Cloud to Cloud,-9976,16950,6
2026-08-31T11:35:31.667355076Z,6.777691,117.551514,Cloud to Cloud,-14667,14988,11
2026-08-31T11:35:32.730845049Z,5.224449,115.590646,Cloud to Ground,-57651,0,21
2026-08-31T11:35:32.167346961Z,5.257851,115.635861,Cloud to Ground,-14116,0,7
2026-08-31T11:35:32.781909695Z,5.290096,115.619812,Cloud to Ground,28916,0,12
2026-08-31T11:35:32.510114970Z,6.643193,117.856777,Cloud to Ground,21729,0,7
2026-08-31T11:35:32.726947923Z,6.514451,117.832926,Cloud to Cloud,-12455,6996,7
2026-08-31T11:35:32.147976501Z,6.743781,117.239321,Cloud to Cloud,-23756,3578,12
2026-08-31T11:35:32.086128803Z,15.658118,132.549285,Cloud to Ground,-15363,0,10
2026-08-31T11:35:32.769138921Z,14.824939,134.908293,Cloud to Ground,-18607,0,11
2026-08-31T11:35:33.231518035Z,14.821732,134.922559,Cloud to Ground,-15206,0,8
2026-08-31T11:35:32.862530447Z,14.812503,134.92027,Cloud to Ground,-14648,0,11
2026-08-31T11:35:32.717514372Z,14.832231,134.982302,Cloud to Ground,98676,0,12
2026-08-31T11:35:33.549107173Z,5.15746,115.566722,Cloud to Ground,-26368,0,7
2026-08-31T11:35:33.877239236Z,5.175523,115.557749,Cloud to Ground,-11884,0,7
2026-08-31T11:35:35.118920470Z,18.807569,126.482513,Cloud to Cloud,7048,3142,10
2026-08-31T11:35:34.809650837Z,18.751668,126.552855,Cloud to Ground,22175,0,10
2026-08-31T11:35:35.753618327Z,5.153103,115.578537,Cloud to Ground,-12883,0,6
2026-08-31T11:35:36.093790105Z,5.117796,115.566692,Cloud to Ground,12320,0,7
2026-08-31T11:35:35.727043056Z,5.23734,115.566574,Cloud to Ground,17580,0,6
2026-08-31T11:35:35.355804460Z,6.755399,117.612487,Cloud to Cloud,-14018,17790,8
2026-08-31T11:35:35.051390854Z,6.751275,117.546258,Cloud to Ground,31153,0,10
2026-08-31T11:35:37.150939780Z,6.736034,117.222478,Cloud to Cloud,13114,3016,7
2026-08-31T11:35:36.591733564Z,6.72996,117.210294,Cloud to Ground,17259,0,9
2026-08-31T11:35:37.194634261Z,6.732331,117.218486,Cloud to Ground,17929,0,7
2026-08-31T11:35:36.276219501Z,6.71974,117.157971,Cloud to Ground,21168,0,8
2026-08-31T11:35:36.211950405Z,6.747584,117.263724,Cloud to Ground,35055,0,13
2026-08-31T11:35:36.489775081Z,6.744368,117.242389,Cloud to Ground,36700,0,14
2026-08-31T11:35:37.315548776Z,6.742497,117.230428,Cloud to Ground,37558,0,7
2026-08-31T11:35:36.586745205Z,6.758315,117.242654,Cloud to Ground,44833,0,8
2026-08-31T11:35:37.075382000Z,6.842,117.3042,Cloud to Ground,-16622,0,5
2026-08-31T11:35:36.408913686Z,6.869737,117.271248,Cloud to Ground,51551,0,7
2026-08-31T11:35:36.627473405Z,14.848726,134.892562,Cloud to Ground,13374,0,6
2026-08-31T11:35:37.415320632Z,6.642336,117.329185,Cloud to Cloud,14454,5337,10
2026-08-31T11:35:37.414343439Z,6.682603,117.345899,Cloud to Ground,16100,0,11
2026-08-31T11:35:37.412902005Z,6.646033,117.383445,Cloud to Ground,45442,0,14
2026-08-31T11:35:37.401180692Z,6.850444,117.210302,Cloud to Cloud,-12271,6980,10
2026-08-31T11:35:38.718161054Z,5.303625,115.651582,Cloud to Cloud,-11327,11705,10
2026-08-31T11:35:38.357452890Z,5.1966,115.586489,Cloud to Cloud,10079,7917,11
2026-08-31T11:35:38.231947476Z,5.233545,115.599282,Cloud to Ground,17011,0,7
2026-08-31T11:35:38.164273414Z,5.194675,115.568814,Cloud to Ground,20042,0,7
2026-08-31T11:35:38.196961289Z,5.220383,115.594442,Cloud to Cloud,24602,3054,9
2026-08-31T11:35:39.316825296Z,6.99749,116.641136,Cloud to Cloud,23686,19142,7
2026-08-31T11:35:39.241205858Z,7.008602,116.653003,Cloud to Ground,27488,0,8
2026-08-31T11:35:39.609707674Z,5.098093,115.553647,Cloud to Ground,12129,0,7
2026-08-31T11:35:39.931432899Z,5.34216,115.708477,Cloud to Cloud,-16284,4663,10
2026-08-31T11:35:39.345933488Z,22.56147,112.666724,Cloud to Cloud,10215,8698,7
2026-08-31T11:35:39.343620648Z,22.540762,112.809351,Cloud to Ground,30366,0,13
2026-08-31T11:35:40.735146291Z,12.3854,121.116529,Cloud to Ground,-16285,0,12
2026-08-31T11:35:41.220751096Z,5.301549,115.535527,Cloud to Cloud,-12610,13505,15
2026-08-31T11:35:42.529232747Z,6.699649,117.646567,Cloud to Cloud,-14506,5231,7
2026-08-31T11:35:42.890746303Z,6.734834,117.546522,Cloud to Cloud,8254,7465,6
2026-08-31T11:35:42.939086972Z,6.668803,117.453861,Cloud to Ground,15759,0,7
2026-08-31T11:35:43.394155214Z,6.695238,117.559088,Cloud to Ground,17651,0,10
2026-08-31T11:35:42.341177530Z,6.66081,117.418888,Cloud to Ground,18800,0,7
2026-08-31T11:35:43.050741411Z,6.691443,117.44241,Cloud to Cloud,23940,3038,7
2026-08-31T11:35:43.075024521Z,6.670308,117.462391,Cloud to Ground,25076,0,7
2026-08-31T11:35:42.820731281Z,6.696352,117.480601,Cloud to Ground,26280,0,8
2026-08-31T11:35:42.786802610Z,5.156791,115.518356,Cloud to Cloud,11655,19691,7
2026-08-31T11:35:42.982189794Z,5.173582,115.605406,Cloud to Ground,13735,0,7
2026-08-31T11:35:42.835199259Z,5.193442,115.559831,Cloud to Cloud,15795,3027,10
2026-08-31T11:35:42.516245259Z,5.322354,115.639923,Cloud to Cloud,-14433,3161,10
2026-08-31T11:35:42.886002304Z,5.294074,115.630918,Cloud to Cloud,21316,3024,7
2026-08-31T11:35:43.192992715Z,14.297483,134.250606,Cloud to Ground,-9263,0,14
2026-08-31T11:35:43.184303046Z,14.251088,134.263063,Cloud to Ground,26926,0,11
2026-08-31T11:35:43.194866000Z,14.3061,134.1355,Cloud to Ground,-8811,0,5
2026-08-31T11:35:44.936679812Z,5.134141,115.70411,Cloud to Cloud,-9186,7698,7
2026-08-31T11:35:45.399605337Z,5.149458,115.577235,Cloud to Ground,-13010,0,8
2026-08-31T11:35:45.228400037Z,5.162694,115.572424,Cloud to Cloud,8625,6564,6
2026-08-31T11:35:45.291384796Z,5.16546,115.612176,Cloud to Ground,12826,0,11
2026-08-31T11:35:44.989779047Z,5.176961,115.622015,Cloud to Ground,21542,0,8
2026-08-31T11:35:44.968875767Z,5.182153,115.609784,Cloud to Ground,37574,0,17
2026-08-31T11:35:44.525111477Z,15.321337,133.87477,Cloud to Ground,-21807,0,12
2026-08-31T11:35:44.518844811Z,15.374222,133.940679,Cloud to Ground,-17427,0,9
2026-08-31T11:35:44.325368366Z,22.390356,111.962838,Cloud to Cloud,12484,3008,7
2026-08-31T11:35:44.284320620Z,22.413329,111.894262,Cloud to Ground,31908,0,9
2026-08-31T11:35:44.487057666Z,22.476856,111.766804,Cloud to Cloud,24410,7267,13
2026-08-31T11:35:45.318076646Z,5.759117,117.243058,Cloud to Cloud,-11683,19777,8
2026-08-31T11:35:45.753142344Z,6.853298,117.424586,Cloud to Cloud,-8171,6120,6
2026-08-31T11:35:46.985009648Z,18.962497,119.849789,Cloud to Ground,31840,0,11
2026-08-31T11:35:46.206203636Z,19.657242,119.770897,Cloud to Cloud,-7027,17398,7
2026-08-31T11:35:46.261785903Z,19.600299,119.796611,Cloud to Cloud,6945,3007,6
2026-08-31T11:35:47.982742910Z,6.789575,117.228558,Cloud to Cloud,16988,6086,10
2026-08-31T11:35:47.253074548Z,18.864278,126.503966,Cloud to Cloud,5514,3829,6
2026-08-31T11:35:48.893842392Z,5.207922,115.553802,Cloud to Ground,15389,0,9
2026-08-31T11:35:48.797651376Z,12.465291,121.676028,Cloud to Cloud,5786,17857,5
2026-08-31T11:35:48.260840873Z,19.584161,120.007209,Cloud to Cloud,19372,3393,7
2026-08-31T11:35:49.959843131Z,5.233673,115.592072,Cloud to Cloud,-19329,8491,22
2026-08-31T11:35:49.883770000Z,5.228757,115.627406,Cloud to Cloud,-12319,5579,8
2026-08-31T11:35:50.029936097Z,5.14785,115.618746,Cloud to Ground,10272,0,8
2026-08-31T11:35:50.127655795Z,5.133429,115.524303,Cloud to Ground,14302,0,11
2026-08-31T11:35:50.143591624Z,5.157164,115.607913,Cloud to Ground,16473,0,7
2026-08-31T11:35:50.217577536Z,5.15759,115.605888,Cloud to Ground,18324,0,10
2026-08-31T11:35:50.054796404Z,5.158546,115.608424,Cloud to Ground,19987,0,11
2026-08-31T11:35:49.903649017Z,5.159498,115.609538,Cloud to Ground,24813,0,11
2026-08-31T11:35:49.357334033Z,5.721856,117.210322,Cloud to Cloud,17956,3005,7
2026-08-31T11:35:49.982241628Z,18.720685,127.646785,Cloud to Cloud,13693,14019,14
2026-08-31T11:35:50.002289449Z,4.001734,114.971961,Cloud to Cloud,22244,6497,7
2026-08-31T11:35:51.725044763Z,6.69722,117.449714,Cloud to Ground,-11828,0,6
2026-08-31T11:35:51.435753404Z,5.235181,115.532439,Cloud to Cloud,-19689,18142,12
2026-08-31T11:35:51.699763156Z,5.167804,115.490114,Cloud to Cloud,9111,17238,8
2026-08-31T11:35:52.903388855Z,4.926267,116.758238,Cloud to Ground,47087,0,16
2026-08-31T11:35:52.915451424Z,5.215064,116.841698,Cloud to Ground,73616,0,10
2026-08-31T11:35:52.196195518Z,5.228309,115.595792,Cloud to Ground,-18853,0,7
2026-08-31T11:35:52.110851033Z,5.217375,115.654755,Cloud to Ground,-15938,0,8
2026-08-31T11:35:52.180094051Z,5.287859,115.635079,Cloud to Ground,-12845,0,8
2026-08-31T11:35:52.029113163Z,22.517816,112.554127,Cloud to Cloud,7617,6126,8
2026-08-31T11:35:53.348816963Z,5.780725,117.257282,Cloud to Ground,39334,0,7
2026-08-31T11:35:53.268116265Z,5.583909,117.198181,Cloud to Ground,16757,0,12
2026-08-31T11:35:53.420632967Z,5.590489,117.184478,Cloud to Ground,25177,0,7
2026-08-31T11:35:53.589876331Z,5.557828,117.159435,Cloud to Ground,34889,0,8
2026-08-31T11:35:53.209990827Z,5.691547,117.144058,Cloud to Ground,-20241,0,8
2026-08-31T11:35:52.936948610Z,5.685398,117.195563,Cloud to Ground,-16140,0,14
2026-08-31T11:35:54.511600283Z,5.218704,115.582632,Cloud to Cloud,-15486,10523,8
2026-08-31T11:35:54.667309792Z,5.167792,115.618066,Cloud to Cloud,-11355,3227,8
2026-08-31T11:35:54.493836829Z,5.139695,115.597428,Cloud to Ground,28564,0,11
2026-08-31T11:35:55.337531707Z,6.831074,117.270905,Cloud to Ground,28523,0,8
2026-08-31T11:35:56.071044313Z,5.187623,115.628825,Cloud to Ground,-11004,0,8
2026-08-31T11:35:56.464857459Z,18.937036,126.325591,Cloud to Ground,-12772,0,9
2026-08-31T11:35:56.369968674Z,18.981657,126.477169,Cloud to Ground,-24924,0,8
2026-08-31T11:35:56.583034515Z,18.776563,126.530166,Cloud to Cloud,18299,11376,7
2026-08-31T11:35:57.216299023Z,6.731843,117.227808,Cloud to Ground,-13043,0,7
2026-08-31T11:35:58.120533232Z,14.232405,134.513519,Cloud to Ground,37360,0,12
2026-08-31T11:35:59.840618433Z,5.10255,115.423766,Cloud to Cloud,14644,3000,10
2026-08-31T11:35:59.668665360Z,5.06695,115.600562,Cloud to Cloud,8869,6441,6
2026-08-31T11:36:00.929750038Z,6.720062,117.402867,Cloud to Ground,-11770,0,10
2026-08-31T11:36:00.584201561Z,6.784406,117.580853,Cloud to Cloud,-13716,7780,7
2026-08-31T11:36:00.507260677Z,6.718982,117.58426,Cloud to Ground,23018,0,10
2026-08-31T11:36:00.520925961Z,5.214419,115.593326,Cloud to Ground,-15567,0,10
2026-08-31T11:36:00.180673522Z,5.287519,115.610996,Cloud to Cloud,-13396,18632,9
2026-08-31T11:36:00.293485537Z,5.165217,115.546231,Cloud to Ground,8036,0,7
2026-08-31T11:36:00.523592069Z,5.149261,115.697422,Cloud to Ground,-17916,0,11
2026-08-31T11:36:01.162546751Z,6.91558,117.302632,Cloud to Cloud,8978,17056,7
2026-08-31T11:36:02.316496062Z,6.78506,117.226024,Cloud to Ground,20246,0,11
2026-08-31T11:36:01.708497282Z,6.815808,117.266743,Cloud to Ground,38820,0,6
2026-08-31T11:36:02.725823224Z,4.056023,114.914608,Cloud to Cloud,-16244,15321,12
2026-08-31T11:36:02.748757196Z,4.012526,114.955458,Cloud to Ground,-11228,0,7
2026-08-31T11:36:02.747765346Z,3.976605,114.928274,Cloud to Ground,14991,0,10
2026-08-31T11:36:02.766143419Z,6.750158,117.404685,Cloud to Ground,9073,0,7
2026-08-31T11:36:03.459659753Z,5.136494,115.538377,Cloud to Ground,21742,0,11
2026-08-31T11:36:04.457413263Z,6.643722,117.638721,Cloud to Ground,40307,0,18
2026-08-31T11:36:04.543709239Z,19.211028,119.147743,Cloud to Cloud,14000,12859,12
2026-08-31T11:36:04.540683295Z,19.315446,119.148476,Cloud to Cloud,18943,5565,9
2026-08-31T11:36:05.921105566Z,15.549458,132.393412,Cloud to Ground,-21365,0,12
2026-08-31T11:36:05.917248114Z,15.551389,132.611616,Cloud to Ground,-40242,0,10
2026-08-31T11:36:06.024083350Z,15.624847,132.5696,Cloud to Ground,-19012,0,13
2026-08-31T11:36:06.342889302Z,15.600178,132.631407,Cloud to Ground,24288,0,9
2026-08-31T11:36:05.867212905Z,15.649129,132.612328,Cloud to Ground,80583,0,12
2026-08-31T11:36:05.815976217Z,22.451137,111.789107,Cloud to Cloud,18543,7971,10
2026-08-31T11:36:06.161375989Z,22.441983,112.036023,Cloud to Cloud,-19348,8968,10
2026-08-31T11:36:06.166943980Z,22.469772,111.619901,Cloud to Ground,-13351,0,7
2026-08-31T11:36:07.671522601Z,5.239988,115.489115,Cloud to Cloud,13543,3021,7
2026-08-31T11:36:07.910425960Z,5.156561,115.598613,Cloud to Ground,11099,0,9
2026-08-31T11:36:08.820942640Z,6.684706,117.569096,Cloud to Ground,22883,0,15
2026-08-31T11:36:09.043935791Z,6.712466,117.552295,Cloud to Ground,22990,0,14
2026-08-31T11:36:09.495826959Z,6.685683,117.440517,Cloud to Ground,24422,0,11
2026-08-31T11:36:09.088817254Z,6.68826,117.450972,Cloud to Ground,29742,0,9
2026-08-31T11:36:08.998351810Z,6.684794,117.440855,Cloud to Ground,35365,0,8
2026-08-31T11:36:08.957426302Z,6.70392,117.499321,Cloud to Ground,37484,0,18
2026-08-31T11:36:08.095590657Z,6.81562,117.512488,Cloud to Ground,15818,0,13
2026-08-31T11:36:08.903533000Z,6.9406,117.3848,Cloud to Ground,74621,0,5
2026-08-31T11:36:09.352500063Z,6.80665,117.267649,Cloud to Ground,15742,0,7
2026-08-31T11:36:09.427366000Z,6.8142,117.5297,Cloud to Ground,-13774,0,5
2026-08-31T11:36:09.784464868Z,6.422304,117.777306,Cloud to Ground,26919,0,14
2026-08-31T11:36:09.472509770Z,6.333095,117.839045,Cloud to Ground,-19386,0,12
2026-08-31T11:36:09.665067117Z,5.197008,115.532958,Cloud to Ground,-18100,0,6
2026-08-31T11:36:09.389580417Z,5.279234,115.581427,Cloud to Ground,-16980,0,12
2026-08-31T11:36:09.815844193Z,5.201823,115.602972,Cloud to Cloud,-16355,3405,10
2026-08-31T11:36:09.738983620Z,5.199596,115.561894,Cloud to Ground,29408,0,10
2026-08-31T11:36:09.756574404Z,19.471733,119.884435,Cloud to Cloud,7202,5329,6
2026-08-31T11:36:10.874251555Z,3.978078,115.028188,Cloud to Ground,16152,0,10
2026-08-31T11:36:10.774499653Z,3.979741,115.012005,Cloud to Ground,27697,0,7
2026-08-31T11:36:10.936168130Z,6.763777,117.329546,Cloud to Cloud,19788,6531,7
2026-08-31T11:36:11.370580061Z,5.244636,115.643456,Cloud to Cloud,-20615,18037,13
2026-08-31T11:36:11.302140786Z,6.542053,117.987543,Cloud to Ground,-18973,0,7
2026-08-31T11:36:11.383807931Z,6.523198,117.899383,Cloud to Ground,-15070,0,10
2026-08-31T11:36:11.074822478Z,2.963097,115.742466,Cloud to Ground,20445,0,22
2026-08-31T11:36:11.172997000Z,2.8595,115.7093,Cloud to Ground,-24782,0,6
2026-08-31T11:36:11.884316000Z,5.0324,115.5431,Cloud to Ground,-17708,0,5
2026-08-31T11:36:12.113489006Z,5.224721,115.577973,Cloud to Cloud,-17061,18081,10
2026-08-31T11:36:12.084774771Z,5.243353,115.629498,Cloud to Cloud,-11090,18766,8
2026-08-31T11:36:12.563915816Z,5.10434,115.568585,Cloud to Ground,-9332,0,9
2026-08-31T11:36:12.122411583Z,5.192817,115.590497,Cloud to Cloud,8588,8883,7
2026-08-31T11:36:11.906529508Z,5.145324,115.608396,Cloud to Ground,10903,0,7
2026-08-31T11:36:11.964382541Z,5.161781,115.596381,Cloud to Ground,12381,0,8
2026-08-31T11:36:11.899399116Z,5.139697,115.60326,Cloud to Ground,13506,0,8
2026-08-31T11:36:12.099625076Z,5.148116,115.59636,Cloud to Ground,17571,0,9
2026-08-31T11:36:12.316333000Z,5.2268,115.5786,Cloud to Ground,23599,0,7
2026-08-31T11:36:12.428542429Z,18.959592,119.859718,Cloud to Cloud,7867,17545,6
2026-08-31T11:36:13.205855334Z,6.769784,117.246858,Cloud to Cloud,-16598,7899,8
2026-08-31T11:36:13.161482554Z,15.656537,132.542223,Cloud to Ground,-10403,0,12
2026-08-31T11:36:13.465817570Z,20.731599,120.827191,Cloud to Cloud,6408,19770,6
2026-08-31T11:36:13.475089424Z,20.724413,120.870201,Cloud to Cloud,7425,16865,5
2026-08-31T11:36:14.904638540Z,7.006853,116.640424,Cloud to Ground,18655,0,9
2026-08-31T11:36:14.033416999Z,5.433593,115.600327,Cloud to Cloud,-6991,4816,7
2026-08-31T11:36:15.719771573Z,6.678601,117.198609,Cloud to Cloud,-14060,3008,8
2026-08-31T11:36:15.678412913Z,6.777712,117.225503,Cloud to Cloud,-7486,7113,7
2026-08-31T11:36:15.576744896Z,6.674777,117.209932,Cloud to Ground,8508,0,15
2026-08-31T11:36:15.740080853Z,6.683359,117.23911,Cloud to Cloud,13149,6620,12
2026-08-31T11:36:15.891714948Z,6.762693,117.224229,Cloud to Ground,16366,0,7
2026-08-31T11:36:15.852365587Z,6.809961,117.281865,Cloud to Ground,31979,0,12
2026-08-31T11:36:15.783003000Z,6.7945,117.0573,Cloud to Ground,59693,0,5
2026-08-31T11:36:15.928480595Z,20.761945,120.936856,Cloud to Cloud,4837,5712,7
2026-08-31T11:36:16.537593482Z,5.256435,115.63157,Cloud to Cloud,-23766,19757,23
2026-08-31T11:36:16.085075323Z,6.783956,117.486713,Cloud to Cloud,15678,13471,7
2026-08-31T11:36:17.642298575Z,14.810582,134.979047,Cloud to Ground,-24998,0,10
2026-08-31T11:36:17.472828000Z,5.3188,115.5979,Cloud to Ground,-13522,0,6
2026-08-31T11:36:19.919432814Z,6.791528,117.58552,Cloud to Cloud,6012,3113,7
2026-08-31T11:36:19.883285445Z,5.252729,115.639727,Cloud to Cloud,-12882,4678,8
2026-08-31T11:36:19.920918132Z,5.183005,115.641178,Cloud to Cloud,-12284,19059,8
2026-08-31T11:36:19.966368625Z,5.216362,115.591041,Cloud to Cloud,8956,14618,6
2026-08-31T11:36:20.848848311Z,6.764038,117.29565,Cloud to Cloud,-15931,12078,12
2026-08-31T11:36:20.643627119Z,14.191741,134.092198,Cloud to Ground,7402,0,7
2026-08-31T11:36:21.415890939Z,5.25164,115.624826,Cloud to Cloud,-18528,3096,11
2026-08-31T11:36:21.485834090Z,5.208194,115.624193,Cloud to Ground,8408,0,9
2026-08-31T11:36:21.751344369Z,12.380119,121.758432,Cloud to Cloud,10988,11240,7
2026-08-31T11:36:22.460830932Z,6.696659,117.60855,Cloud to Cloud,-9799,15794,8
2026-08-31T11:36:22.458379545Z,6.769021,117.557547,Cloud to Ground,25595,0,7
2026-08-31T11:36:22.797988832Z,5.253518,115.56336,Cloud to Cloud,-17029,4551,8
2026-08-31T11:36:23.129300676Z,5.218021,115.659324,Cloud to Ground,10929,0,10
2026-08-31T11:36:23.270960501Z,5.201437,115.590383,Cloud to Ground,12934,0,5
2026-08-31T11:36:23.209244043Z,5.229084,115.582438,Cloud to Ground,18787,0,7
2026-08-31T11:36:23.394730403Z,5.219657,115.616117,Cloud to Ground,19112,0,9
2026-08-31T11:36:24.262931632Z,5.257333,115.606365,Cloud to Cloud,-17087,13711,9
2026-08-31T11:36:24.301465192Z,5.247683,115.595931,Cloud to Cloud,-13692,3517,7
2026-08-31T11:36:25.314206827Z,6.817771,117.470724,Cloud to Cloud,13544,4919,8
2026-08-31T11:36:25.088331650Z,18.027547,116.130205,Cloud to Ground,-30785,0,10
2026-08-31T11:36:26.760534239Z,6.870402,117.297139,Cloud to Ground,19448,0,10
2026-08-31T11:36:26.336156333Z,6.785424,117.337076,Cloud to Ground,37410,0,19
2026-08-31T11:36:26.511889610Z,6.817904,117.306836,Cloud to Ground,109880,0,12
2026-08-31T11:36:26.527336677Z,5.191122,115.572039,Cloud to Ground,21400,0,11
2026-08-31T11:36:26.466422674Z,5.159554,115.679401,Cloud to Ground,-22231,0,8
2026-08-31T11:36:26.408761272Z,5.211077,115.664358,Cloud to Ground,-13831,0,11
2026-08-31T11:36:26.383197242Z,6.708805,117.192006,Cloud to Ground,41857,0,8
2026-08-31T11:36:28.510173143Z,6.769716,117.431737,Cloud to Ground,30674,0,12
2026-08-31T11:36:28.796406000Z,20.4707,120.7035,Cloud to Ground,-36284,0,6
2026-08-31T11:36:28.425881000Z,20.3524,120.6843,Cloud to Ground,-25308,0,5
2026-08-31T11:36:28.411457713Z,20.280591,120.701517,Cloud to Cloud,-13694,3466,10
2026-08-31T11:36:29.612015754Z,6.744028,117.84738,Cloud to Ground,18146,0,10
2026-08-31T11:36:29.370807537Z,6.742502,117.787417,Cloud to Ground,26874,0,7
2026-08-31T11:36:29.436202366Z,6.743474,117.787668,Cloud to Ground,28537,0,7
2026-08-31T11:36:29.853621279Z,6.740279,117.844977,Cloud to Ground,35536,0,12
2026-08-31T11:36:29.350353157Z,6.745814,117.871066,Cloud to Ground,41583,0,19
2026-08-31T11:36:29.419105641Z,6.740724,117.827081,Cloud to Ground,46315,0,17
2026-08-31T11:36:30.230007215Z,6.843188,117.245217,Cloud to Cloud,-13146,3125,8
2026-08-31T11:36:29.912712232Z,6.849957,117.23191,Cloud to Cloud,19636,3391,9
2026-08-31T11:36:29.754224802Z,15.637281,132.592521,Cloud to Ground,-22590,0,10
2026-08-31T11:36:30.450413159Z,5.140363,115.635711,Cloud to Ground,-13790,0,6
2026-08-31T11:36:30.247105380Z,5.147266,115.60394,Cloud to Ground,13975,0,10
2026-08-31T11:36:30.605724640Z,5.161604,115.622057,Cloud to Ground,16558,0,10
2026-08-31T11:36:29.560727226Z,5.17596,115.552378,Cloud to Ground,21984,0,21
2026-08-31T11:36:30.964945881Z,5.19633,115.613716,Cloud to Ground,25553,0,12
2026-08-31T11:36:30.988021148Z,5.304983,115.588417,Cloud to Ground,-12664,0,7
2026-08-31T11:36:30.293854719Z,6.496318,117.946317,Cloud to Cloud,15379,3003,7
2026-08-31T11:36:30.290864150Z,6.452233,117.862692,Cloud to Cloud,-10470,18843,7
2026-08-31T11:36:30.704934696Z,18.955502,126.398568,Cloud to Cloud,-7633,17652,6
2026-08-31T11:36:31.013831206Z,22.773343,112.638572,Cloud to Ground,-26315,0,12
2026-08-31T11:36:31.023408624Z,22.759744,112.394707,Cloud to Ground,14876,0,12
2026-08-31T11:36:31.012735770Z,22.776024,112.451092,Cloud to Ground,26901,0,11
2026-08-31T11:36:32.331479631Z,5.688312,117.228614,Cloud to Ground,29372,0,23
2026-08-31T11:36:32.186123336Z,5.592868,117.246763,Cloud to Ground,-24176,0,18
2026-08-31T11:36:32.195812213Z,2.905303,115.692559,Cloud to Ground,21185,0,9
2026-08-31T11:36:33.498179434Z,5.229209,115.591899,Cloud to Cloud,8083,7641,6
2026-08-31T11:36:33.473920620Z,5.169758,115.561691,Cloud to Ground,9051,0,7
2026-08-31T11:36:33.182605233Z,5.2344,115.530119,Cloud to Cloud,12041,19078,7
2026-08-31T11:36:33.295686669Z,5.173291,115.615901,Cloud to Ground,15891,0,8
2026-08-31T11:36:33.267196827Z,5.174875,115.620262,Cloud to Ground,28583,0,19
2026-08-31T11:36:33.968406481Z,6.560338,117.380547,Cloud to Ground,-10444,0,8
2026-08-31T11:36:33.067736249Z,6.797887,117.496112,Cloud to Ground,23743,0,14
2026-08-31T11:36:34.337336407Z,14.346122,134.26167,Cloud to Ground,-18541,0,11
2026-08-31T11:36:34.304625995Z,14.265595,134.26806,Cloud to Ground,89443,0,11
2026-08-31T11:36:34.290857532Z,14.33325,134.118632,Cloud to Ground,-12000,0,8
2026-08-31T11:36:35.663385645Z,6.821676,117.499364,Cloud to Cloud,19964,3002,7
2026-08-31T11:36:35.131467544Z,5.142086,115.591735,Cloud to Cloud,-16887,17345,10
2026-08-31T11:36:36.699589256Z,5.089329,115.391891,Cloud to Ground,-22301,0,7
2026-08-31T11:36:36.734673164Z,5.131029,115.426218,Cloud to Ground,-16523,0,13
2026-08-31T11:36:36.939814260Z,14.841845,134.948908,Cloud to Ground,-30597,0,16
2026-08-31T11:36:37.107033111Z,14.79395,134.99015,Cloud to Ground,13166,0,9
2026-08-31T11:36:36.799920000Z,14.8287,134.7558,Cloud to Ground,15517,0,5
2026-08-31T11:36:37.764342121Z,5.309001,115.577533,Cloud to Cloud,-19367,3375,10
2026-08-31T11:36:37.449033554Z,5.226038,115.608592,Cloud to Ground,-14663,0,10
2026-08-31T11:36:37.622306730Z,5.317192,115.632213,Cloud to Ground,-13502,0,12
2026-08-31T11:36:37.646257548Z,5.251462,115.617736,Cloud to Ground,-9853,0,9
2026-08-31T11:36:36.770491728Z,5.159999,115.621382,Cloud to Ground,13658,0,12
2026-08-31T11:36:38.606858695Z,14.690366,133.774626,Cloud to Ground,-10500,0,7
2026-08-31T11:36:38.928331830Z,5.262617,115.655769,Cloud to Ground,-13697,0,7
2026-08-31T11:36:39.121993797Z,5.130637,115.66447,Cloud to Ground,24191,0,8
2026-08-31T11:36:39.174210250Z,5.179543,115.626332,Cloud to Ground,35980,0,19
2026-08-31T11:36:41.198798225Z,4.09058,114.913889,Cloud to Ground,18303,0,15
2026-08-31T11:36:41.059408393Z,4.009483,114.928638,Cloud to Ground,18547,0,8
2026-08-31T11:36:40.730201834Z,3.999715,114.980197,Cloud to Ground,28230,0,11
2026-08-31T11:36:40.640196771Z,4.000715,114.927506,Cloud to Ground,36431,0,26
2026-08-31T11:36:41.961929692Z,6.693225,117.624677,Cloud to Cloud,-17701,6360,8
2026-08-31T11:36:42.231280583Z,5.188189,115.696938,Cloud to Cloud,-11650,4941,11
2026-08-31T11:36:42.244059860Z,5.18603,115.628032,Cloud to Ground,16379,0,10
2026-08-31T11:36:42.271688326Z,5.278416,115.646055,Cloud to Cloud,-19338,3493,10
2026-08-31T11:36:42.986221061Z,19.105821,118.963858,Cloud to Cloud,-8194,18478,6
2026-08-31T11:36:42.889734000Z,19.0072,118.8852,Cloud to Ground,-10413,0,7
2026-08-31T11:36:44.424776667Z,5.223637,115.598781,Cloud to Ground,24589,0,7
2026-08-31T11:36:44.941144582Z,5.137843,115.556985,Cloud to Ground,13526,0,7
2026-08-31T11:36:44.603300467Z,6.837188,117.252529,Cloud to Cloud,-9812,8064,9
2026-08-31T11:36:46.885289435Z,6.164743,117.841693,Cloud to Cloud,12054,3021,7
2026-08-31T11:36:46.865381767Z,6.161863,117.887075,Cloud to Ground,19612,0,9
2026-08-31T11:36:46.925794804Z,6.168398,117.883257,Cloud to Ground,50027,0,15
2026-08-31T11:36:47.243990342Z,4.818017,115.452294,Cloud to Cloud,6641,19525,7
2026-08-31T11:36:47.025222224Z,4.764709,115.431099,Cloud to Ground,12746,0,11
2026-08-31T11:36:47.898410436Z,5.131674,115.597327,Cloud to Ground,7155,0,6
2026-08-31T11:36:47.911945883Z,5.148688,115.599933,Cloud to Ground,12696,0,10
2026-08-31T11:36:47.847654700Z,5.146008,115.599465,Cloud to Ground,13431,0,7
2026-08-31T11:36:47.868803858Z,5.139439,115.605094,Cloud to Ground,18830,0,11
2026-08-31T11:36:47.427580067Z,6.839334,117.270727,Cloud to Ground,18341,0,11
2026-08-31T11:36:49.095924027Z,19.267145,118.339729,Cloud to Ground,-45269,0,16
2026-08-31T11:36:49.041533805Z,19.205548,118.209645,Cloud to Ground,-84669,0,12
2026-08-31T11:36:49.231338569Z,19.383905,118.299861,Cloud to Cloud,19520,6612,8
2026-08-31T11:36:49.057281000Z,19.302,118.0715,Cloud to Ground,-6924,0,6
2026-08-31T11:36:50.009787049Z,5.10856,115.556092,Cloud to Ground,19552,0,10
2026-08-31T11:36:50.844400561Z,15.573339,132.560235,Cloud to Ground,32916,0,7
2026-08-31T11:36:51.096791741Z,5.330776,115.594239,Cloud to Ground,-19043,0,14
2026-08-31T11:36:52.394873391Z,5.219838,115.59256,Cloud to Ground,9928,0,7
2026-08-31T11:36:52.740392107Z,6.829145,117.395622,Cloud to Cloud,-10172,3022,7
2026-08-31T11:36:52.519997591Z,6.821566,117.483501,Cloud to Cloud,11102,6321,8
2026-08-31T11:36:53.399358816Z,18.759693,118.075883,Cloud to Cloud,-10427,3008,7
2026-08-31T11:36:53.394901279Z,18.742042,118.07928,Cloud to Cloud,17641,6558,7
2026-08-31T11:36:54.568129897Z,5.225241,115.595848,Cloud to Cloud,-7524,6439,7
2026-08-31T11:36:54.571376837Z,14.77287,134.937016,Cloud to Ground,18459,0,8
2026-08-31T11:36:54.870490053Z,14.788684,134.936606,Cloud to Cloud,23832,10058,9
2026-08-31T11:36:54.732990093Z,19.372999,119.710386,Cloud to Cloud,5489,19228,7
2026-08-31T11:36:55.754433228Z,6.836782,117.335,Cloud to Ground,18742,0,8
2026-08-31T11:36:56.605266258Z,6.836708,117.255879,Cloud to Cloud,9054,3675,7
2026-08-31T11:36:55.966250579Z,6.849609,117.20798,Cloud to Cloud,9910,3043,8
2026-08-31T11:36:55.892940539Z,18.890779,126.535841,Cloud to Ground,-28042,0,11
2026-08-31T11:36:55.868803988Z,18.864649,126.381945,Cloud to Cloud,10172,3071,7
2026-08-31T11:36:55.989320654Z,22.554106,112.331537,Cloud to Ground,-20558,0,7
2026-08-31T11:36:56.577402015Z,6.653508,117.474846,Cloud to Cloud,-13382,5761,8
2026-08-31T11:36:56.853940930Z,5.601328,117.17083,Cloud to Ground,18472,0,8
2026-08-31T11:36:56.845148113Z,6.792071,117.497285,Cloud to Cloud,-11766,17979,6
2026-08-31T11:36:56.440708107Z,5.083531,115.519362,Cloud to Ground,10814,0,11
2026-08-31T11:36:56.535129010Z,22.476558,111.764563,Cloud to Cloud,17659,5718,7
2026-08-31T11:36:56.271972437Z,22.461567,111.89403,Cloud to Ground,-22301,0,7
2026-08-31T11:36:56.243323784Z,22.458313,111.894577,Cloud to Cloud,-19429,3015,7
2026-08-31T11:36:55.881840311Z,22.431672,111.908337,Cloud to Ground,-17765,0,7
2026-08-31T11:36:56.118121427Z,22.446072,111.902724,Cloud to Ground,-12638,0,7
2026-08-31T11:36:56.173497595Z,22.474085,111.87045,Cloud to Cloud,10209,3001,5
2026-08-31T11:36:56.157028273Z,22.446141,111.88863,Cloud to Cloud,11209,3015,7
2026-08-31T11:36:57.746522696Z,5.296836,115.587801,Cloud to Cloud,-17164,3372,8
2026-08-31T11:36:57.473319078Z,5.237441,115.620892,Cloud to Cloud,-11662,13496,17
2026-08-31T11:36:57.528456278Z,5.179718,115.605074,Cloud to Ground,15930,0,15
2026-08-31T11:36:57.458037937Z,5.172115,115.610669,Cloud to Ground,19058,0,10
2026-08-31T11:36:57.484525000Z,18.8021,118.1815,Cloud to Ground,-33712,0,7
2026-08-31T11:36:57.168675000Z,18.8237,127.6566,Cloud to Ground,-38180,0,12
2026-08-31T11:36:59.256255663Z,5.183908,115.569203,Cloud to Cloud,15738,6730,5
2026-08-31T11:36:59.522421236Z,6.88738,117.271933,Cloud to Ground,23712,0,7
2026-08-31T11:36:59.381128737Z,6.778173,117.248398,Cloud to Ground,-49195,0,12
2026-08-31T11:36:59.272630434Z,6.801762,117.309384,Cloud to Ground,-42117,0,15
2026-08-31T11:36:59.701142289Z,6.718063,117.229423,Cloud to Ground,-10834,0,9
2026-08-31T11:36:59.528460631Z,6.714311,117.234144,Cloud to Cloud,7030,17009,10
2026-08-31T11:36:59.867248819Z,6.756748,117.242436,Cloud to Cloud,9402,19390,6
2026-08-31T11:36:59.921786174Z,6.760497,117.182692,Cloud to Ground,19145,0,8
2026-08-31T11:36:59.268697163Z,6.763732,117.255796,Cloud to Ground,24265,0,13
2026-08-31T11:36:59.451084787Z,6.762435,117.256551,Cloud to Ground,25164,0,13
2026-08-31T11:36:58.971180249Z,6.764342,117.22691,Cloud to Ground,26304,0,8
2026-08-31T11:36:59.085728661Z,6.758659,117.236045,Cloud to Ground,48050,0,8
2026-08-31T11:36:59.779350190Z,6.708057,117.186416,Cloud to Ground,62408,0,8
2026-08-31T11:36:59.110034000Z,18.7977,117.5561,Cloud to Ground,-6231,0,7
2026-08-31T11:37:00.421257295Z,6.699228,117.514662,Cloud to Ground,-16709,0,8
2026-08-31T11:37:00.251693326Z,6.74811,117.776718,Cloud to Cloud,20186,3026,13
2026-08-31T11:37:01.094705269Z,6.870434,117.429447,Cloud to Cloud,10406,5957,9
2026-08-31T11:37:01.699276419Z,5.139313,115.575914,Cloud to Cloud,-14205,4422,11
2026-08-31T11:37:02.448138224Z,5.193712,116.907848,Cloud to Ground,17528,0,9
2026-08-31T11:37:02.550098991Z,6.961022,117.562955,Cloud to Cloud,-11819,4623,9
2026-08-31T11:37:02.603147797Z,6.794632,117.497899,Cloud to Cloud,-9342,4716,10
2026-08-31T11:37:02.314799956Z,6.822239,117.436067,Cloud to Ground,20661,0,9
2026-08-31T11:37:03.085199575Z,3.958792,114.878984,Cloud to Ground,-15829,0,9
2026-08-31T11:37:03.483855203Z,15.582844,132.539845,Cloud to Ground,-50832,0,14
2026-08-31T11:37:03.592241384Z,15.567426,132.574118,Cloud to Ground,-16643,0,9
2026-08-31T11:37:03.502231370Z,15.670657,132.565563,Cloud to Ground,15750,0,9
2026-08-31T11:37:03.426195683Z,15.582966,132.548323,Cloud to Ground,18373,0,9
2026-08-31T11:37:03.590275651Z,15.562235,132.565657,Cloud to Ground,27565,0,10
2026-08-31T11:37:03.924929000Z,15.6952,132.3735,Cloud to Ground,-21905,0,8
2026-08-31T11:37:03.692293000Z,15.7111,132.4098,Cloud to Ground,-12256,0,8
2026-08-31T11:37:04.506365214Z,6.810818,117.199687,Cloud to Ground,-20148,0,13
2026-08-31T11:37:04.397984399Z,14.186473,134.118909,Cloud to Ground,37290,0,10
2026-08-31T11:37:05.862670979Z,5.25636,115.522639,Cloud to Cloud,-11964,3423,8
2026-08-31T11:37:05.763142746Z,5.276101,115.590266,Cloud to Cloud,-9494,11940,7
2026-08-31T11:37:05.992229781Z,5.206573,115.608706,Cloud to Ground,13800,0,8
2026-08-31T11:37:05.693465121Z,5.256759,115.492269,Cloud to Cloud,14597,3081,11
2026-08-31T11:37:05.611660569Z,5.152847,115.517901,Cloud to Cloud,13751,11956,9
2026-08-31T11:37:05.003427482Z,6.505718,117.863936,Cloud to Cloud,10871,13052,9
2026-08-31T11:37:05.004467748Z,6.52424,117.908047,Cloud to Ground,19574,0,12
2026-08-31T11:37:06.810912834Z,6.76633,117.483345,Cloud to Cloud,11603,19119,6
2026-08-31T11:37:07.703746231Z,5.213771,115.58566,Cloud to Cloud,-8518,10524,7
2026-08-31T11:37:08.261822000Z,6.9046,117.2228,Cloud to Ground,20921,0,6
2026-08-31T11:37:09.645465960Z,5.222093,115.64897,Cloud to Ground,13292,0,8
2026-08-31T11:37:09.934523684Z,5.290162,115.582447,Cloud to Cloud,15112,4575,8
2026-08-31T11:37:09.736085461Z,5.303215,115.634599,Cloud to Ground,52952,0,19
2026-08-31T11:37:09.620869842Z,5.270505,115.637651,Cloud to Ground,66680,0,7
2026-08-31T11:37:09.916066571Z,6.724001,117.521056,Cloud to Ground,-22499,0,7
2026-08-31T11:37:09.076576106Z,6.693003,117.50626,Cloud to Ground,30866,0,12
2026-08-31T11:37:09.516486122Z,6.661244,117.395651,Cloud to Cloud,-23558,5895,7
2026-08-31T11:37:09.983019618Z,20.663959,120.795076,Cloud to Ground,-52732,0,9
2026-08-31T11:37:10.460058101Z,20.661766,120.782121,Cloud to Ground,-6267,0,5
2026-08-31T11:37:10.129280556Z,6.827497,117.253879,Cloud to Cloud,11082,10317,10
2026-08-31T11:37:11.316398715Z,5.256368,115.623073,Cloud to Ground,-13659,0,8
2026-08-31T11:37:11.440686961Z,5.157241,115.559052,Cloud to Ground,-9730,0,7
2026-08-31T11:37:11.321204435Z,5.159495,115.62257,Cloud to Ground,14406,0,8
2026-08-31T11:37:11.592585212Z,17.74803,133.584048,Cloud to Ground,-16503,0,10
2026-08-31T11:37:12.488476981Z,6.897419,117.234838,Cloud to Cloud,9209,13060,7
2026-08-31T11:37:12.772659184Z,6.795062,117.210385,Cloud to Ground,14163,0,7
2026-08-31T11:37:12.241244390Z,6.814132,117.235934,Cloud to Ground,46127,0,10
2026-08-31T11:37:12.295045458Z,6.929405,117.264716,Cloud to Ground,49166,0,7
2026-08-31T11:37:11.993455949Z,6.889061,117.285979,Cloud to Ground,49281,0,7
2026-08-31T11:37:12.439697134Z,6.816928,117.237258,Cloud to Ground,54591,0,9
2026-08-31T11:37:12.379099746Z,6.931111,117.269487,Cloud to Ground,68160,0,8
2026-08-31T11:37:13.102003483Z,5.173451,115.674689,Cloud to Ground,-13934,0,10
2026-08-31T11:37:13.097857766Z,5.215003,115.595058,Cloud to Cloud,5852,13773,6
2026-08-31T11:37:13.567181583Z,5.154218,115.459304,Cloud to Ground,-15243,0,11
2026-08-31T11:37:13.024593729Z,5.13455,115.481221,Cloud to Cloud,-12051,17272,11
2026-08-31T11:37:13.983485201Z,14.857801,134.959615,Cloud to Ground,-12910,0,9
2026-08-31T11:37:14.025890954Z,18.4932,115.780776,Cloud to Cloud,8109,5592,7
2026-08-31T11:37:13.972720676Z,18.437365,115.822554,Cloud to Ground,23049,0,8
2026-08-31T11:37:13.753015882Z,22.551546,112.862511,Cloud to Ground,15863,0,14
2026-08-31T11:37:13.752450365Z,22.558391,112.83153,Cloud to Ground,19431,0,13
2026-08-31T11:37:13.753563000Z,22.6669,112.913,Cloud to Ground,14275,0,5
2026-08-31T11:37:14.038111082Z,18.418679,115.6845,Cloud to Cloud,-9638,4418,10
2026-08-31T11:37:16.041631746Z,6.79854,117.261222,Cloud to Ground,26822,0,8
2026-08-31T11:37:15.972282998Z,6.820232,117.291032,Cloud to Ground,42761,0,7
2026-08-31T11:37:15.194263715Z,18.536657,120.009137,Cloud to Cloud,-11695,11472,13
2026-08-31T11:37:16.356075830Z,14.229592,134.661958,Cloud to Ground,18086,0,9
2026-08-31T11:37:16.010908373Z,15.327879,133.883458,Cloud to Ground,13772,0,10
2026-08-31T11:37:16.776096024Z,18.885002,126.52332,Cloud to Ground,-23832,0,10
2026-08-31T11:37:16.922879660Z,18.884759,126.525161,Cloud to Ground,-13269,0,8
2026-08-31T11:37:17.240729816Z,5.165806,115.603797,Cloud to Cloud,-17669,13210,10
2026-08-31T11:37:17.480665532Z,5.162049,115.568957,Cloud to Ground,12396,0,8
2026-08-31T11:37:19.127445646Z,5.600991,117.177403,Cloud to Ground,19888,0,7
2026-08-31T11:37:18.960721908Z,5.618131,117.180866,Cloud to Ground,22502,0,7
2026-08-31T11:37:19.084568215Z,5.593414,117.17459,Cloud to Ground,26725,0,8
2026-08-31T11:37:19.563149439Z,12.424405,121.775883,Cloud to Ground,16675,0,8
2026-08-31T11:37:20.595091562Z,5.1802,115.553901,Cloud to Cloud,-31709,3547,14
2026-08-31T11:37:20.964304915Z,5.268747,115.647035,Cloud to Cloud,-11311,8465,7
2026-08-31T11:37:20.499033573Z,5.221149,115.604097,Cloud to Ground,9706,0,7
2026-08-31T11:37:20.954892573Z,5.287791,115.626065,Cloud to Ground,11822,0,8
2026-08-31T11:37:20.869206248Z,5.210224,115.60982,Cloud to Ground,25553,0,9
2026-08-31T11:37:21.977282089Z,5.160544,115.601572,Cloud to Cloud,-12256,8664,7
2026-08-31T11:37:21.895779984Z,5.244022,115.528793,Cloud to Cloud,12511,18549,8
2026-08-31T11:37:21.910879984Z,5.204452,115.471895,Cloud to Cloud,14761,3243,13
2026-08-31T11:37:21.550671127Z,6.794764,117.257484,Cloud to Cloud,-15143,4864,10
2026-08-31T11:37:21.452840024Z,18.81029,126.493435,Cloud to Cloud,-7308,6824,7
2026-08-31T11:37:21.351070392Z,18.861759,126.519378,Cloud to Ground,11091,0,8
2026-08-31T11:37:22.727927262Z,6.921924,116.658289,Cloud to Ground,29617,0,8
2026-08-31T11:37:23.698831455Z,5.210966,115.539872,Cloud to Ground,-21918,0,7
2026-08-31T11:37:23.136618704Z,5.159347,115.64758,Cloud to Ground,-12347,0,6
2026-08-31T11:37:23.128651103Z,5.163511,115.557503,Cloud to Cloud,20643,17967,9
2026-08-31T11:37:23.307249295Z,5.206474,115.455215,Cloud to Ground,20987,0,10
2026-08-31T11:37:24.830563286Z,6.292482,117.851339,Cloud to Ground,16630,0,10
2026-08-31T11:37:24.738073347Z,5.268899,115.624338,Cloud to Cloud,-13726,3006,8
2026-08-31T11:37:24.845002394Z,6.766302,117.212801,Cloud to Cloud,-9862,3003,7
2026-08-31T11:37:24.580960635Z,6.722747,117.574572,Cloud to Cloud,-12741,3146,10
2026-08-31T11:37:25.953081747Z,6.783927,117.439456,Cloud to Cloud,-21537,7213,12
2026-08-31T11:37:25.075081228Z,6.582173,117.420006,Cloud to Cloud,19662,19547,8
2026-08-31T11:37:26.193290934Z,5.242651,115.596912,Cloud to Ground,-7513,0,6
2026-08-31T11:37:26.832330777Z,5.239859,115.622869,Cloud to Cloud,15009,19731,13
2026-08-31T11:37:26.380575506Z,14.267439,134.277593,Cloud to Cloud,7229,3081,8
2026-08-31T11:37:27.579593901Z,6.858052,117.480753,Cloud to Ground,34820,0,7
2026-08-31T11:37:27.739668598Z,6.882085,117.298917,Cloud to Cloud,-10409,3068,7
2026-08-31T11:37:28.893252978Z,6.835054,117.443357,Cloud to Cloud,-8493,15680,7
2026-08-31T11:37:28.278567477Z,6.754627,117.376002,Cloud to Cloud,-27226,3004,9
2026-08-31T11:37:27.328552044Z,6.789313,117.466306,Cloud to Ground,-16376,0,8
2026-08-31T11:37:27.189368384Z,6.856526,117.481254,Cloud to Cloud,16288,14295,6
2026-08-31T11:37:28.386659801Z,6.712412,117.411638,Cloud to Ground,16602,0,8
2026-08-31T11:37:27.481324409Z,6.714798,117.429188,Cloud to Ground,17592,0,7
2026-08-31T11:37:27.554021566Z,6.713078,117.430904,Cloud to Ground,18732,0,8
2026-08-31T11:37:28.276466764Z,6.730287,117.475088,Cloud to Ground,27925,0,13
2026-08-31T11:37:27.860345058Z,6.733402,117.450364,Cloud to Ground,28301,0,8
2026-08-31T11:37:28.145127534Z,6.73749,117.45722,Cloud to Ground,31977,0,8
2026-08-31T11:37:27.327056531Z,6.704987,117.422933,Cloud to Ground,35474,0,11
2026-08-31T11:37:27.423877403Z,6.730722,117.481754,Cloud to Ground,48525,0,17
2026-08-31T11:37:27.629841145Z,6.730986,117.481819,Cloud to Ground,51766,0,16
2026-08-31T11:37:27.161467147Z,6.731472,117.482281,Cloud to Ground,56938,0,18
2026-08-31T11:37:28.602869844Z,6.727042,117.464836,Cloud to Ground,63186,0,13
2026-08-31T11:37:28.108633280Z,5.185732,115.593058,Cloud to Ground,20771,0,9
2026-08-31T11:37:28.238479727Z,15.658143,132.548844,Cloud to Ground,-12667,0,10
2026-08-31T11:37:30.572376302Z,4.374717,114.911477,Cloud to Ground,-9982,0,7
2026-08-31T11:37:30.603405528Z,4.337345,114.928681,Cloud to Cloud,7639,18511,6
2026-08-31T11:37:30.146474613Z,4.23998,114.900167,Cloud to Ground,23432,0,8
2026-08-31T11:37:30.808072342Z,5.171103,115.603486,Cloud to Cloud,-12083,4817,8
2026-08-31T11:37:30.641362785Z,6.864081,117.260041,Cloud to Cloud,-14501,6461,8
2026-08-31T11:37:30.786080137Z,5.267928,115.614224,Cloud to Cloud,8132,16203,6
2026-08-31T11:37:30.158003838Z,6.287989,117.809771,Cloud to Cloud,-25200,3002,10
2026-08-31T11:37:30.466626916Z,14.619624,133.745777,Cloud to Ground,31821,0,11
2026-08-31T11:37:30.124619464Z,14.291674,134.113546,Cloud to Cloud,-23387,18858,11
2026-08-31T11:37:30.103275492Z,14.27842,134.095799,Cloud to Ground,-18360,0,17
2026-08-31T11:37:30.069984860Z,14.239268,134.141918,Cloud to Ground,-15441,0,6
2026-08-31T11:37:31.425802385Z,6.755048,117.216319,Cloud to Ground,26625,0,8
2026-08-31T11:37:32.488107438Z,6.757878,117.561082,Cloud to Ground,14754,0,7
2026-08-31T11:37:32.370014735Z,6.761381,117.480338,Cloud to Ground,20314,0,18
2026-08-31T11:37:32.261409176Z,5.068177,116.817941,Cloud to Ground,37140,0,7
2026-08-31T11:37:34.915449211Z,5.794769,117.249136,Cloud to Ground,29744,0,7
2026-08-31T11:37:34.448265551Z,6.727442,117.286168,Cloud to Cloud,-17919,5127,7
2026-08-31T11:37:34.459716613Z,6.768221,117.271095,Cloud to Cloud,-9831,14138,7
2026-08-31T11:37:34.586173307Z,5.165538,115.586675,Cloud to Ground,-21608,0,8
2026-08-31T11:37:35.293886764Z,5.236937,115.601173,Cloud to Ground,13267,0,7
2026-08-31T11:37:35.496195499Z,5.221694,115.581031,Cloud to Ground,15258,0,7
2026-08-31T11:37:34.966316871Z,5.234921,115.627599,Cloud to Ground,26480,0,14
2026-08-31T11:37:34.578448698Z,5.324033,115.624543,Cloud to Ground,27766,0,22
2026-08-31T11:37:34.738151405Z,5.229342,115.644122,Cloud to Ground,57060,0,13
2026-08-31T11:37:34.900002849Z,18.842916,126.308982,Cloud to Cloud,-13694,3532,8
2026-08-31T11:37:34.909037923Z,18.928692,126.303495,Cloud to Cloud,7372,18771,5
2026-08-31T11:37:35.172543699Z,5.602451,117.179759,Cloud to Ground,12929,0,6
2026-08-31T11:37:35.112862357Z,5.611503,117.179327,Cloud to Ground,19438,0,7
2026-08-31T11:37:35.006184467Z,5.601224,117.185342,Cloud to Ground,24404,0,8
2026-08-31T11:37:35.461336035Z,5.57127,117.154549,Cloud to Ground,35316,0,7
2026-08-31T11:37:35.332031150Z,5.327905,115.626781,Cloud to Cloud,11290,15812,7
2026-08-31T11:37:36.533020019Z,5.124273,115.479621,Cloud to Ground,24113,0,8
2026-08-31T11:37:38.038336047Z,6.906754,117.290361,Cloud to Ground,13045,0,8
2026-08-31T11:37:37.673072020Z,6.933244,117.283527,Cloud to Ground,29539,0,7
2026-08-31T11:37:37.780515046Z,5.209671,115.631644,Cloud to Cloud,-18961,6650,7
2026-08-31T11:37:36.887966636Z,5.210562,115.526917,Cloud to Cloud,-14105,3962,10
2026-08-31T11:37:37.557325042Z,5.212024,115.573629,Cloud to Cloud,10558,17440,6
2026-08-31T11:37:37.297692116Z,14.89328,134.966265,Cloud to Ground,-13736,0,11
2026-08-31T11:37:37.223320781Z,18.915951,126.345222,Cloud to Cloud,17927,8360,6
2026-08-31T11:37:38.721483484Z,6.842937,117.743009,Cloud to Cloud,-11612,3767,6
2026-08-31T11:37:37.848314969Z,6.794398,117.213071,Cloud to Cloud,11783,19784,9
2026-08-31T11:37:38.172536237Z,6.795962,117.22788,Cloud to Ground,17805,0,7
2026-08-31T11:37:39.104011617Z,6.834979,117.329231,Cloud to Ground,19260,0,11
2026-08-31T11:37:37.707936340Z,6.793331,117.211195,Cloud to Cloud,22397,3006,7
2026-08-31T11:37:37.978436967Z,6.819537,117.320721,Cloud to Ground,24305,0,11
2026-08-31T11:37:37.918552786Z,6.83009,117.181142,Cloud to Ground,27658,0,10
2026-08-31T11:37:39.213208854Z,6.783737,117.164797,Cloud to Ground,31646,0,14
2026-08-31T11:37:37.611405521Z,6.790841,117.207251,Cloud to Ground,36883,0,8
2026-08-31T11:37:37.555136274Z,6.803906,117.236606,Cloud to Ground,37942,0,7
2026-08-31T11:37:37.768462526Z,6.81823,117.252101,Cloud to Ground,59643,0,9
2026-08-31T11:37:38.556052649Z,6.817504,117.242571,Cloud to Ground,67244,0,15
2026-08-31T11:37:38.192998711Z,6.70991,117.421641,Cloud to Cloud,-7159,3008,6
2026-08-31T11:37:39.166169917Z,6.919074,117.295205,Cloud to Cloud,12532,17264,10
2026-08-31T11:37:39.137371452Z,6.779785,117.450047,Cloud to Ground,12402,0,7
2026-08-31T11:37:39.010461281Z,6.734283,117.712654,Cloud to Ground,-7870,0,6
2026-08-31T11:37:39.947933312Z,5.222756,115.5756,Cloud to Ground,-11884,0,7
2026-08-31T11:37:40.056129712Z,5.190963,115.547853,Cloud to Ground,-8925,0,6
2026-08-31T11:37:39.662475766Z,18.871099,127.490634,Cloud to Ground,-12195,0,10
2026-08-31T11:37:39.628915000Z,18.8797,127.7226,Cloud to Ground,-17346,0,5
2026-08-31T11:37:40.674960522Z,5.336387,116.893856,Cloud to Ground,-18898,0,17
2026-08-31T11:37:40.988164673Z,18.982685,119.863778,Cloud to Cloud,6079,17268,6
2026-08-31T11:37:41.016392305Z,6.807353,117.496155,Cloud to Cloud,-12425,7673,10
2026-08-31T11:37:41.898119875Z,22.726116,112.474716,Cloud to Ground,19571,0,12
2026-08-31T11:37:42.268927677Z,6.818596,117.486447,Cloud to Cloud,9866,5450,10
2026-08-31T11:37:43.826012699Z,5.228038,115.581635,Cloud to Cloud,11299,4494,6
2026-08-31T11:37:44.556577727Z,6.86155,117.278807,Cloud to Cloud,-8602,7300,7
2026-08-31T11:37:45.023585466Z,5.167425,115.614716,Cloud to Ground,-10669,0,6
2026-08-31T11:37:44.853503627Z,5.161845,115.617911,Cloud to Ground,14248,0,9
2026-08-31T11:37:45.625528092Z,15.675227,132.469128,Cloud to Ground,31452,0,14
2026-08-31T11:37:46.285083994Z,19.735391,120.050305,Cloud to Cloud,10082,11393,8
2026-08-31T11:37:47.456374073Z,6.933194,117.292333,Cloud to Cloud,10595,7601,6
2026-08-31T11:37:47.028626438Z,6.881252,117.458651,Cloud to Cloud,-20555,3050,8
2026-08-31T11:37:47.773691180Z,6.777656,117.477437,Cloud to Ground,22533,0,7
2026-08-31T11:37:47.357268892Z,6.815555,117.290447,Cloud to Cloud,22095,6975,12
2026-08-31T11:37:47.679810505Z,2.935842,115.703694,Cloud to Ground,29953,0,7
2026-08-31T11:37:47.627121168Z,2.887599,115.725973,Cloud to Ground,30438,0,19
2026-08-31T11:37:47.213810323Z,18.929993,126.386745,Cloud to Cloud,-10898,15762,8
2026-08-31T11:37:48.877498544Z,5.139138,115.544222,Cloud to Ground,-26103,0,10
2026-08-31T11:37:48.920646172Z,5.255922,115.628295,Cloud to Cloud,-18962,19544,10
2026-08-31T11:37:48.990634489Z,5.203466,115.596139,Cloud to Ground,20763,0,6
2026-08-31T11:37:48.856829133Z,5.154684,115.600304,Cloud to Ground,25756,0,13
2026-08-31T11:37:48.948933880Z,6.114913,117.86936,Cloud to Ground,26154,0,13
2026-08-31T11:37:48.890345275Z,6.139901,117.715774,Cloud to Ground,25023,0,8
2026-08-31T11:37:48.166205893Z,22.490565,112.603339,Cloud to Ground,20118,0,8
2026-08-31T11:37:49.026820906Z,5.728101,117.208127,Cloud to Cloud,13825,7666,8
2026-08-31T11:37:49.033865481Z,6.791754,117.258473,Cloud to Cloud,-10123,7362,9
2026-08-31T11:37:49.698945127Z,19.360697,119.261533,Cloud to Cloud,19896,4143,8
2026-08-31T11:37:50.903465369Z,22.487155,112.652362,Cloud to Cloud,-18928,3014,7
2026-08-31T11:37:51.418960978Z,6.757666,117.428974,Cloud to Ground,22970,0,9
2026-08-31T11:37:51.617318500Z,14.831916,134.957203,Cloud to Ground,-16236,0,7
2026-08-31T11:37:51.992792901Z,14.808351,134.988156,Cloud to Ground,-9980,0,6
2026-08-31T11:37:51.931108890Z,19.549665,119.738099,Cloud to Cloud,5397,16552,5
2026-08-31T11:37:52.691595608Z,5.272189,115.58052,Cloud to Cloud,-12818,3107,9
2026-08-31T11:37:52.754203242Z,5.253114,115.573673,Cloud to Cloud,10544,16216,6
2026-08-31T11:37:52.568218668Z,5.207991,115.609523,Cloud to Ground,31688,0,14
2026-08-31T11:37:52.559049859Z,5.200394,115.598074,Cloud to Ground,40831,0,26
2026-08-31T11:37:52.744824825Z,15.635776,132.567572,Cloud to Ground,-13340,0,7
2026-08-31T11:37:52.382834322Z,6.76423,117.290791,Cloud to Cloud,-21640,5857,8
2026-08-31T11:37:53.038028983Z,6.741087,117.226566,Cloud to Ground,32809,0,7
2026-08-31T11:37:53.686731000Z,14.2908,134.3791,Cloud to Ground,-4101,0,9
2026-08-31T11:37:53.322703000Z,15.585,132.3697,Cloud to Ground,2009,0,5
2026-08-31T11:37:54.472468002Z,5.244492,115.611874,Cloud to Cloud,11818,7086,6
2026-08-31T11:37:54.974836504Z,6.849276,117.285113,Cloud to Cloud,19427,7460,9
2026-08-31T11:37:57.500663692Z,5.226549,115.605442,Cloud to Cloud,-11765,15885,6
2026-08-31T11:37:57.680424089Z,6.881173,117.46595,Cloud to Cloud,10076,6525,6
2026-08-31T11:37:58.326341624Z,5.248294,115.62485,Cloud to Cloud,-7411,6779,7
2026-08-31T11:37:58.341047210Z,14.281669,134.32414,Cloud to Ground,-12507,0,8
2026-08-31T11:37:58.315089314Z,14.293982,134.309369,Cloud to Ground,-7492,0,6
2026-08-31T11:37:58.806143593Z,14.284688,134.283189,Cloud to Ground,2862,0,8
2026-08-31T11:37:58.324514830Z,14.216583,134.031388,Cloud to Ground,-11771,0,11
2026-08-31T11:37:59.634203214Z,5.231331,115.637527,Cloud to Cloud,-19528,7811,16
2026-08-31T11:37:59.175068302Z,5.643115,117.144971,Cloud to Ground,20121,0,9
2026-08-31T11:37:59.148561315Z,5.672877,117.133708,Cloud to Ground,38676,0,8
2026-08-31T11:37:59.067421039Z,6.85958,117.40932,Cloud to Ground,7310,0,9
2026-08-31T11:38:01.054784238Z,5.344235,115.594044,Cloud to Cloud,-12053,9827,16
2026-08-31T11:38:00.369695946Z,5.115795,115.507972,Cloud to Cloud,-10842,15186,10
2026-08-31T11:38:00.293050560Z,5.090137,115.592753,Cloud to Cloud,-9680,17279,6
2026-08-31T11:38:00.650491007Z,5.225084,115.543596,Cloud to Cloud,11494,12597,8
2026-08-31T11:38:00.455853605Z,5.248237,115.597765,Cloud to Ground,13537,0,10
2026-08-31T11:38:00.967728256Z,5.219771,115.58671,Cloud to Ground,13854,0,6
2026-08-31T11:38:00.304910397Z,5.202731,115.510102,Cloud to Cloud,15689,3590,6
2026-08-31T11:38:00.939589002Z,5.328874,115.628887,Cloud to Ground,35408,0,22
2026-08-31T11:38:01.452260074Z,6.878921,117.416275,Cloud to Cloud,-9697,3008,7
2026-08-31T11:38:01.499348489Z,6.955174,117.299185,Cloud to Cloud,9880,18760,6
2026-08-31T11:38:02.379570530Z,18.922032,126.359554,Cloud to Cloud,27575,18487,12
2026-08-31T11:38:03.100060573Z,5.28949,115.670339,Cloud to Cloud,-8796,7512,7
2026-08-31T11:38:03.207072249Z,5.13447,115.591708,Cloud to Ground,-14769,0,10
2026-08-31T11:38:03.063774217Z,5.173803,115.613121,Cloud to Ground,-10591,0,6
2026-08-31T11:38:02.661410219Z,5.143501,115.537144,Cloud to Cloud,11700,18314,5
2026-08-31T11:38:04.790665988Z,2.910256,115.725269,Cloud to Ground,-14292,0,11
2026-08-31T11:38:04.644758038Z,6.808862,117.295409,Cloud to Ground,10642,0,10
2026-08-31T11:38:04.608819451Z,6.862489,117.272799,Cloud to Cloud,11220,14880,8
2026-08-31T11:38:05.961491889Z,5.062431,115.678244,Cloud to Cloud,-20050,10381,10
2026-08-31T11:38:05.000161518Z,6.777174,117.557536,Cloud to Cloud,-9374,9280,7
2026-08-31T11:38:06.183565982Z,5.291066,115.613666,Cloud to Cloud,-19497,17508,11
2026-08-31T11:38:06.214172888Z,6.653106,117.598575,Cloud to Cloud,24460,7008,7
2026-08-31T11:38:06.404671205Z,6.375641,117.690685,Cloud to Cloud,-15966,3511,7
2026-08-31T11:38:07.097733657Z,6.22055,117.913688,Cloud to Ground,-16448,0,8
2026-08-31T11:38:07.393528484Z,5.285479,115.467804,Cloud to Cloud,-11889,12542,7
2026-08-31T11:38:07.484697204Z,14.851149,134.96468,Cloud to Ground,-13842,0,10
2026-08-31T11:38:07.454041602Z,14.862996,134.926171,Cloud to Ground,-12582,0,10
2026-08-31T11:38:08.598648654Z,6.732457,117.133496,Cloud to Cloud,7110,7352,7
2026-08-31T11:38:09.678020410Z,6.965913,117.306157,Cloud to Cloud,21021,17717,6
2026-08-31T11:38:08.881769080Z,6.841989,117.205976,Cloud to Ground,-17895,0,6
2026-08-31T11:38:09.799859809Z,6.786262,117.225927,Cloud to Cloud,16703,6341,6
2026-08-31T11:38:10.128526268Z,6.788265,117.232851,Cloud to Ground,20031,0,8
2026-08-31T11:38:09.388999933Z,6.785939,117.227793,Cloud to Ground,20420,0,7
2026-08-31T11:38:09.615559661Z,6.793233,117.241414,Cloud to Ground,27416,0,8
2026-08-31T11:38:09.047038924Z,6.807404,117.306975,Cloud to Ground,27937,0,10
2026-08-31T11:38:09.877337851Z,6.79803,117.245446,Cloud to Ground,32742,0,8
2026-08-31T11:38:08.847403347Z,6.808718,117.322271,Cloud to Ground,41145,0,14
2026-08-31T11:38:09.119539322Z,6.801967,117.279747,Cloud to Ground,53491,0,17
2026-08-31T11:38:09.031485666Z,6.809449,117.334068,Cloud to Ground,56868,0,18
2026-08-31T11:38:09.153800494Z,5.543899,117.179822,Cloud to Cloud,-13497,18337,7
2026-08-31T11:38:10.420530946Z,5.166848,115.636481,Cloud to Cloud,-10657,7235,7
2026-08-31T11:38:10.313621289Z,5.203374,115.530166,Cloud to Cloud,-20388,3937,12
2026-08-31T11:38:10.135323118Z,6.638264,117.267267,Cloud to Ground,-22500,0,12
2026-08-31T11:38:10.032704654Z,6.821774,117.462891,Cloud to Ground,19536,0,7
2026-08-31T11:38:11.794609480Z,6.858989,117.271984,Cloud to Ground,22209,0,12
2026-08-31T11:38:11.848565000Z,20.6495,120.8001,Cloud to Ground,81000,0,7
2026-08-31T11:38:12.184797102Z,5.611583,117.158898,Cloud to Cloud,17018,4817,8
2026-08-31T11:38:12.344909160Z,14.244327,134.148813,Cloud to Ground,-16710,0,6
2026-08-31T11:38:12.289969219Z,14.289288,134.094698,Cloud to Ground,-15610,0,8
2026-08-31T11:38:13.551588593Z,5.229869,115.586567,Cloud to Cloud,-14090,8513,5
2026-08-31T11:38:13.728535998Z,5.179863,115.584012,Cloud to Ground,-10636,0,8
2026-08-31T11:38:13.519272472Z,5.22189,115.563718,Cloud to Ground,18796,0,9
2026-08-31T11:38:13.603465716Z,5.224596,115.571658,Cloud to Cloud,21969,4454,14
2026-08-31T11:38:13.680539914Z,5.172045,115.58776,Cloud to Ground,26543,0,19
2026-08-31T11:38:13.817402647Z,18.961578,126.341526,Cloud to Cloud,-18957,9153,10
2026-08-31T11:38:13.861202849Z,18.982486,126.361797,Cloud to Cloud,7471,3395,5
2026-08-31T11:38:13.619162904Z,18.861587,126.544958,Cloud to Cloud,6318,11682,6
2026-08-31T11:38:15.544870199Z,6.800067,117.261279,Cloud to Cloud,-14321,3860,11
2026-08-31T11:38:15.592884954Z,6.82367,117.288986,Cloud to Ground,20683,0,10
2026-08-31T11:38:15.848977000Z,6.9434,117.3246,Cloud to Ground,-19790,0,5
2026-08-31T11:38:16.674088709Z,5.157856,115.60308,Cloud to Ground,15972,0,8
2026-08-31T11:38:17.795642064Z,6.901344,117.459005,Cloud to Ground,81063,0,8
2026-08-31T11:38:17.056494656Z,2.913043,115.731445,Cloud to Ground,12057,0,8
2026-08-31T11:38:17.172708711Z,9.776561,119.460886,Cloud to Ground,-94923,0,8
2026-08-31T11:38:17.277820499Z,9.733791,119.396663,Cloud to Cloud,-20360,3078,8
2026-08-31T11:38:17.171513535Z,9.746093,119.474994,Cloud to Cloud,29198,3059,6
2026-08-31T11:38:18.619910260Z,5.1582,115.601134,Cloud to Ground,22057,0,10
2026-08-31T11:38:18.347526141Z,14.056603,134.862967,Cloud to Ground,67625,0,9
2026-08-31T11:38:18.348752613Z,14.209883,134.769253,Cloud to Ground,-19982,0,14
2026-08-31T11:38:20.599427683Z,6.876627,117.280137,Cloud to Cloud,-6954,3036,7
2026-08-31T11:38:20.969979975Z,6.758103,117.4306,Cloud to Ground,-16609,0,6
2026-08-31T11:38:20.969008716Z,6.687409,117.40716,Cloud to Cloud,-11234,14364,7
2026-08-31T11:38:21.722824945Z,6.679523,117.419035,Cloud to Ground,12253,0,10
2026-08-31T11:38:21.681217113Z,6.80067,117.474111,Cloud to Ground,24764,0,7
2026-08-31T11:38:21.913363258Z,6.679524,117.411641,Cloud to Ground,25849,0,9
2026-08-31T11:38:20.695075450Z,6.736294,117.506163,Cloud to Ground,30606,0,11
2026-08-31T11:38:21.416940906Z,6.700103,117.504445,Cloud to Ground,36894,0,15
2026-08-31T11:38:21.450548463Z,6.699509,117.510179,Cloud to Ground,42188,0,17
2026-08-31T11:38:21.568768913Z,6.701009,117.508732,Cloud to Ground,45233,0,17
2026-08-31T11:38:21.662351890Z,6.822508,117.45591,Cloud to Ground,79007,0,7
2026-08-31T11:38:21.489848830Z,6.687395,117.429508,Cloud to Ground,85494,0,14
2026-08-31T11:38:21.416513000Z,5.8264,116.9753,Cloud to Ground,-36415,0,5
2026-08-31T11:38:21.078014470Z,5.267894,115.584206,Cloud to Ground,-21122,0,12
2026-08-31T11:38:21.818342279Z,18.799894,126.485234,Cloud to Cloud,12337,6076,8
2026-08-31T11:38:21.979461711Z,18.031303,116.135988,Cloud to Ground,-38456,0,10
2026-08-31T11:38:22.471353230Z,5.123818,115.582301,Cloud to Ground,-24775,0,13
2026-08-31T11:38:24.825928154Z,5.170295,115.593834,Cloud to Ground,17020,0,12
2026-08-31T11:38:24.819146969Z,5.161306,115.591082,Cloud to Ground,27035,0,16
2026-08-31T11:38:24.891995802Z,5.160133,115.590244,Cloud to Ground,27718,0,15
2026-08-31T11:38:25.300801175Z,6.782352,117.505697,Cloud to Ground,16176,0,11
2026-08-31T11:38:26.832409966Z,18.873312,126.515024,Cloud to Ground,-18292,0,12
2026-08-31T11:38:26.941470704Z,18.871441,126.516703,Cloud to Ground,-16939,0,8
2026-08-31T11:38:27.506052557Z,6.699903,117.187035,Cloud to Ground,-10472,0,7
2026-08-31T11:38:28.723404813Z,6.862095,117.466848,Cloud to Cloud,13647,19704,7
2026-08-31T11:38:27.653969557Z,6.903787,117.302173,Cloud to Cloud,-14943,3001,6
2026-08-31T11:38:27.757927422Z,6.78872,117.343028,Cloud to Cloud,-11199,12381,7
2026-08-31T11:38:27.773866175Z,6.820109,117.20278,Cloud to Cloud,-10644,13699,7
2026-08-31T11:38:28.504899839Z,6.872897,117.280364,Cloud to Cloud,21991,6721,7
2026-08-31T11:38:28.221481887Z,6.834989,117.285709,Cloud to Ground,23700,0,7
2026-08-31T11:38:28.336411302Z,5.234878,115.586537,Cloud to Ground,-35906,0,18
2026-08-31T11:38:29.048973533Z,5.242239,115.620798,Cloud to Cloud,-10690,6064,13
2026-08-31T11:38:28.736865374Z,5.165758,115.612823,Cloud to Cloud,14820,8346,11
2026-08-31T11:38:28.778567689Z,5.240383,115.616695,Cloud to Cloud,16279,5079,9
2026-08-31T11:38:28.645018756Z,5.143435,115.607091,Cloud to Ground,19705,0,14
2026-08-31T11:38:28.265242346Z,5.326804,115.613056,Cloud to Ground,54180,0,23
2026-08-31T11:38:29.047743644Z,5.116616,115.502143,Cloud to Ground,17549,0,11
2026-08-31T11:38:29.022042745Z,6.761492,117.44994,Cloud to Cloud,-6573,7505,5
2026-08-31T11:38:29.524582337Z,12.482204,121.739918,Cloud to Cloud,4935,18105,7
2026-08-31T11:38:30.991326520Z,6.957978,116.701964,Cloud to Cloud,13428,4187,7
2026-08-31T11:38:30.686504615Z,6.844284,117.412563,Cloud to Ground,-15894,0,10
2026-08-31T11:38:30.591220236Z,5.593176,117.169229,Cloud to Ground,23253,0,8
2026-08-31T11:38:30.491652029Z,5.71492,117.234173,Cloud to Ground,15143,0,8
2026-08-31T11:38:30.908604205Z,5.215929,115.657014,Cloud to Ground,-15228,0,7
2026-08-31T11:38:30.608564563Z,5.292658,115.548436,Cloud to Cloud,10770,7805,7
2026-08-31T11:38:30.346671303Z,15.687086,132.539494,Cloud to Ground,-20309,0,12
2026-08-31T11:38:30.349681124Z,15.661449,132.596648,Cloud to Ground,-16531,0,9
2026-08-31T11:38:30.040687346Z,15.599728,132.616082,Cloud to Ground,-7603,0,6
2026-08-31T11:38:31.986520379Z,5.201596,115.68289,Cloud to Cloud,-8595,5266,9
2026-08-31T11:38:31.999857422Z,5.164025,115.601623,Cloud to Ground,9958,0,5
2026-08-31T11:38:31.744316945Z,6.773532,117.483305,Cloud to Cloud,-10048,3104,9
2026-08-31T11:38:31.790328277Z,6.820049,117.554565,Cloud to Cloud,-9929,15529,6
2026-08-31T11:38:31.768449975Z,6.763186,117.48099,Cloud to Ground,17779,0,10
2026-08-31T11:38:31.510219846Z,6.854381,117.289431,Cloud to Cloud,13045,18000,6
2026-08-31T11:38:31.959316538Z,5.676702,117.20564,Cloud to Cloud,5573,3003,6
2026-08-31T11:38:31.713092657Z,18.964862,126.552812,Cloud to Cloud,8396,5806,7
2026-08-31T11:38:31.854436348Z,18.728279,126.496172,Cloud to Cloud,14355,13407,8
2026-08-31T11:38:32.618435057Z,4.835661,115.462491,Cloud to Cloud,-12453,9811,8
2026-08-31T11:38:32.603204055Z,4.750193,115.428368,Cloud to Cloud,8733,5727,6
2026-08-31T11:38:32.797223816Z,4.759435,115.428485,Cloud to Ground,9229,0,10
2026-08-31T11:38:32.013267925Z,5.273449,115.610273,Cloud to Ground,13970,0,7
2026-08-31T11:38:33.412279781Z,6.521239,117.962023,Cloud to Cloud,-10164,6364,9
2026-08-31T11:38:33.747752000Z,6.6831,117.9876,Cloud to Ground,-24067,0,7
2026-08-31T11:38:33.413513894Z,6.608759,117.996287,Cloud to Cloud,-21450,3024,10
2026-08-31T11:38:33.905520711Z,17.773982,112.885196,Cloud to Cloud,6715,7211,7
2026-08-31T11:38:33.896859132Z,17.77049,112.902454,Cloud to Cloud,9307,3305,6
2026-08-31T11:38:33.897624534Z,17.796693,113.001364,Cloud to Cloud,12390,3122,6
2026-08-31T11:38:33.895648856Z,17.786352,112.898096,Cloud to Cloud,15672,3657,9
2026-08-31T11:38:33.898587096Z,17.778843,112.946299,Cloud to Ground,15759,0,8
2026-08-31T11:38:34.232694522Z,6.798954,117.337686,Cloud to Ground,-11568,0,8
2026-08-31T11:38:34.310222460Z,6.825019,117.166415,Cloud to Cloud,21445,3080,6
2026-08-31T11:38:34.778399445Z,5.312225,115.602629,Cloud to Ground,-9098,0,8
2026-08-31T11:38:36.504889672Z,5.192932,115.545471,Cloud to Cloud,10888,11616,6
2026-08-31T11:38:36.982428000Z,6.868,117.4552,Cloud to Ground,-30499,0,8
2026-08-31T11:38:37.896535932Z,6.774272,117.263852,Cloud to Ground,51806,0,17
2026-08-31T11:38:37.791548846Z,6.873817,117.204066,Cloud to Ground,55892,0,7
2026-08-31T11:38:37.057024000Z,5.3371,115.5951,Cloud to Ground,-4463,0,6
2026-08-31T11:38:37.077086982Z,5.331849,115.634172,Cloud to Cloud,10192,6255,6
2026-08-31T11:38:37.243558476Z,5.31506,115.620927,Cloud to Ground,15511,0,7
2026-08-31T11:38:37.159668023Z,5.314374,115.628317,Cloud to Ground,20482,0,11
2026-08-31T11:38:37.035777457Z,5.323596,115.624731,Cloud to Ground,20877,0,16
2026-08-31T11:38:37.114993538Z,5.315055,115.630395,Cloud to Ground,46429,0,21
2026-08-31T11:38:37.732244101Z,18.744408,118.097895,Cloud to Ground,14559,0,8
2026-08-31T11:38:37.895418000Z,4.5054,115.4522,Cloud to Ground,148258,0,5
2026-08-31T11:38:38.104568838Z,6.844198,117.349996,Cloud to Ground,-25423,0,7
2026-08-31T11:38:37.947432393Z,6.750609,117.158642,Cloud to Ground,23369,0,7
2026-08-31T11:38:38.025656779Z,6.750183,117.157605,Cloud to Ground,39404,0,7
2026-08-31T11:38:38.904237367Z,15.391974,133.959253,Cloud to Ground,-24720,0,7
2026-08-31T11:38:38.724732751Z,15.391651,133.914242,Cloud to Ground,-14151,0,17
2026-08-31T11:38:38.740311994Z,15.379401,133.913098,Cloud to Ground,-11409,0,15
2026-08-31T11:38:39.277153935Z,6.827578,117.272297,Cloud to Cloud,19425,7723,7
2026-08-31T11:38:39.207182259Z,6.803752,117.306969,Cloud to Ground,24681,0,9
2026-08-31T11:38:39.751079291Z,6.73897,117.599109,Cloud to Ground,26181,0,8
2026-08-31T11:38:39.282901153Z,14.255783,134.417295,Cloud to Ground,21470,0,16
2026-08-31T11:38:39.764996260Z,14.245898,134.332679,Cloud to Ground,75314,0,9
2026-08-31T11:38:40.585171729Z,20.7518,120.883404,Cloud to Ground,-38494,0,11
2026-08-31T11:38:41.434282849Z,5.172885,115.500852,Cloud to Cloud,-11405,5757,7
2026-08-31T11:38:41.225483935Z,5.175672,115.559805,Cloud to Cloud,-10724,18284,7
2026-08-31T11:38:41.432051051Z,5.054977,115.518278,Cloud to Ground,-16856,0,12
2026-08-31T11:38:41.335126196Z,18.866106,126.551175,Cloud to Cloud,-11450,3006,7
2026-08-31T11:38:42.007890874Z,6.269591,117.786677,Cloud to Cloud,-8632,3005,8
2026-08-31T11:38:44.311464050Z,6.549687,117.543707,Cloud to Cloud,23149,3119,10
2026-08-31T11:38:44.099464647Z,6.672138,117.596805,Cloud to Ground,29554,0,15
2026-08-31T11:38:45.855387179Z,6.800269,117.350596,Cloud to Cloud,-8742,6769,7
2026-08-31T11:38:46.637772561Z,6.781914,117.484378,Cloud to Cloud,8847,6115,7
2026-08-31T11:38:47.913189965Z,5.284721,115.553104,Cloud to Ground,-18390,0,11
2026-08-31T11:38:47.875364457Z,5.242477,115.546695,Cloud to Cloud,7697,3050,6
2026-08-31T11:38:47.271179483Z,6.725844,117.377195,Cloud to Cloud,21505,3021,9
2026-08-31T11:38:48.878452457Z,6.160472,117.87096,Cloud to Ground,17459,0,14
2026-08-31T11:38:48.779357472Z,6.261695,117.856586,Cloud to Ground,23298,0,14
2026-08-31T11:38:48.959108057Z,6.301025,117.839952,Cloud to Ground,51577,0,10
2026-08-31T11:38:48.230432801Z,6.879996,117.25736,Cloud to Ground,24943,0,14
2026-08-31T11:38:50.127787086Z,6.785503,117.505462,Cloud to Ground,11962,0,9
2026-08-31T11:38:51.737891030Z,6.969889,117.281765,Cloud to Cloud,8406,7107,6
2026-08-31T11:38:51.077696690Z,5.170113,115.605185,Cloud to Ground,-52741,0,8
2026-08-31T11:38:52.603288477Z,5.25054,115.536496,Cloud to Cloud,-15748,4930,6
2026-08-31T11:38:52.710729337Z,5.26536,115.478144,Cloud to Cloud,30346,17958,32
2026-08-31T11:38:53.097390495Z,6.878647,117.283037,Cloud to Cloud,-10534,3005,6
2026-08-31T11:38:52.909843749Z,6.802473,117.254202,Cloud to Ground,35389,0,9
2026-08-31T11:38:53.018313594Z,6.88851,117.305957,Cloud to Ground,52164,0,7
2026-08-31T11:38:53.055679285Z,15.607545,132.57178,Cloud to Ground,13478,0,10
2026-08-31T11:38:54.715967386Z,6.78885,117.379944,Cloud to Cloud,15516,3465,6
2026-08-31T11:38:54.632426326Z,18.789407,126.47108,Cloud to Cloud,-6243,19564,10
2026-08-31T11:38:54.564812913Z,18.861071,126.491659,Cloud to Cloud,12770,17910,12
2026-08-31T11:38:54.316713660Z,18.908755,126.35038,Cloud to Cloud,12134,5157,9
2026-08-31T11:38:56.995706754Z,5.202754,115.567612,Cloud to Ground,-17192,0,11
2026-08-31T11:38:56.740549306Z,5.28008,115.590134,Cloud to Cloud,-16698,18995,16
2026-08-31T11:38:56.954773784Z,5.28387,115.578523,Cloud to Cloud,9859,5224,8
2026-08-31T11:38:56.861303326Z,5.155481,115.498321,Cloud to Cloud,13947,6987,7
2026-08-31T11:38:56.217266327Z,6.77008,117.485468,Cloud to Cloud,11520,3044,9
2026-08-31T11:38:56.091999111Z,6.785021,117.478206,Cloud to Cloud,12202,3000,8
2026-08-31T11:38:56.204612000Z,6.9081,117.4745,Cloud to Ground,21345,0,5
2026-08-31T11:38:57.788587529Z,2.884685,115.691381,Cloud to Ground,-40159,0,23
2026-08-31T11:38:58.024720000Z,2.9295,115.657,Cloud to Ground,-26949,0,5
2026-08-31T11:38:58.086240197Z,2.86657,115.712356,Cloud to Ground,-13239,0,8
2026-08-31T11:38:57.720076751Z,2.982902,115.681753,Cloud to Ground,16079,0,20
2026-08-31T11:38:57.889090517Z,2.951541,115.725622,Cloud to Ground,30322,0,8
2026-08-31T11:38:58.195890526Z,6.734403,117.520063,Cloud to Ground,-19334,0,12
2026-08-31T11:38:58.090247492Z,6.769534,117.563331,Cloud to Cloud,7261,19736,6
2026-08-31T11:38:57.692628128Z,6.798415,117.414912,Cloud to Cloud,12766,17750,10
2026-08-31T11:38:57.671441708Z,6.744574,117.450075,Cloud to Ground,45160,0,10
2026-08-31T11:38:57.890109000Z,5.5175,117.1087,Cloud to Ground,14708,0,5
2026-08-31T11:38:57.800488028Z,6.786247,117.255429,Cloud to Ground,44962,0,8
2026-08-31T11:38:57.079659000Z,14.2865,134.2959,Cloud to Ground,-6838,0,5
2026-08-31T11:38:58.554303178Z,5.10524,115.436481,Cloud to Ground,-24008,0,14
2026-08-31T11:38:58.276502393Z,5.172693,115.597643,Cloud to Ground,-12628,0,9
2026-08-31T11:38:58.048487036Z,5.166382,115.621359,Cloud to Ground,21234,0,9
2026-08-31T11:38:58.408148526Z,5.20231,115.443648,Cloud to Cloud,7718,10649,7
2026-08-31T11:38:58.428528156Z,5.191341,115.467125,Cloud to Cloud,14908,7546,5
2026-08-31T11:38:58.214786649Z,6.638368,117.487326,Cloud to Cloud,-11750,14562,7
2026-08-31T11:38:58.791002611Z,6.682738,117.815707,Cloud to Cloud,15044,7274,13
2026-08-31T11:38:58.792962271Z,6.685945,117.859023,Cloud to Ground,21323,0,7
2026-08-31T11:38:59.509415330Z,6.850393,117.293472,Cloud to Cloud,10335,6835,10
2026-08-31T11:38:59.121106159Z,18.703438,127.647139,Cloud to Ground,34488,0,19
2026-08-31T11:38:59.121780684Z,18.662374,127.647431,Cloud to Ground,40970,0,11
2026-08-31T11:39:00.845457301Z,7.023796,116.642898,Cloud to Ground,16569,0,7
2026-08-31T11:39:01.452381677Z,6.821258,117.359902,Cloud to Cloud,-22954,3023,11
2026-08-31T11:39:01.311314661Z,6.79446,117.253025,Cloud to Ground,-13972,0,8
2026-08-31T11:39:01.339669708Z,6.78815,117.228139,Cloud to Cloud,-10493,3091,7
2026-08-31T11:39:01.385698330Z,6.900443,117.293525,Cloud to Cloud,-7405,5620,8
2026-08-31T11:39:01.195101000Z,6.9136,117.309,Cloud to Ground,4930,0,5
2026-08-31T11:39:03.280980242Z,6.865039,117.347756,Cloud to Ground,-29928,0,15
2026-08-31T11:39:02.859956819Z,6.901367,117.313926,Cloud to Cloud,-6648,9091,8
2026-08-31T11:39:03.061978812Z,6.827316,117.37493,Cloud to Ground,14748,0,9
2026-08-31T11:39:02.891270000Z,6.9306,117.3669,Cloud to Ground,20335,0,6
2026-08-31T11:39:02.978282781Z,6.817212,117.317587,Cloud to Ground,36893,0,8
2026-08-31T11:39:02.501295405Z,5.228005,115.591316,Cloud to Ground,24922,0,7
2026-08-31T11:39:02.427289704Z,14.56543,133.815816,Cloud to Ground,69774,0,12
2026-08-31T11:39:02.430820339Z,14.584519,133.76194,Cloud to Ground,79944,0,18
2026-08-31T11:39:03.192663115Z,7.0275,117.385355,Cloud to Ground,48670,0,7
2026-08-31T11:39:04.617554466Z,6.917158,117.424481,Cloud to Cloud,18894,3157,7
2026-08-31T11:39:04.766103484Z,6.813484,117.347519,Cloud to Cloud,-18170,6324,13
2026-08-31T11:39:05.009755930Z,6.807897,117.378352,Cloud to Cloud,-14301,19850,11
2026-08-31T11:39:04.797015053Z,6.831264,117.275431,Cloud to Cloud,14837,12038,7
2026-08-31T11:39:04.601910505Z,5.254566,115.643011,Cloud to Cloud,9477,3446,7
2026-08-31T11:39:04.824460062Z,15.641361,132.526125,Cloud to Ground,-11686,0,8
2026-08-31T11:39:05.428204423Z,18.881876,126.522587,Cloud to Ground,-37499,0,18
2026-08-31T11:39:05.347152550Z,18.883836,126.505459,Cloud to Ground,-25301,0,13
2026-08-31T11:39:06.283767655Z,6.848877,117.518462,Cloud to Cloud,-22296,10046,9
2026-08-31T11:39:06.307881248Z,6.789772,117.476791,Cloud to Ground,22195,0,9
2026-08-31T11:39:07.910843283Z,6.775161,117.31512,Cloud to Ground,-18100,0,8
2026-08-31T11:39:07.904659511Z,6.756227,117.221018,Cloud to Cloud,22640,16251,9
2026-08-31T11:39:07.949420618Z,22.723943,112.571904,Cloud to Ground,-18012,0,6
2026-08-31T11:39:07.810709163Z,22.753084,112.615957,Cloud to Ground,65289,0,16
2026-08-31T11:39:08.045774300Z,5.283563,115.568516,Cloud to Cloud,-11908,14596,17
2026-08-31T11:39:08.022523645Z,5.208651,115.547397,Cloud to Ground,24928,0,15
2026-08-31T11:39:08.800276146Z,22.85444,112.305994,Cloud to Cloud,11978,3825,7
2026-08-31T11:39:08.797331972Z,22.828777,112.618507,Cloud to Cloud,-10460,3006,14
2026-08-31T11:39:09.279541109Z,22.845251,112.560013,Cloud to Cloud,3456,7319,6
2026-08-31T11:39:09.810674997Z,5.143706,115.537951,Cloud to Cloud,11413,4067,7
2026-08-31T11:39:09.891742090Z,5.194834,115.502274,Cloud to Ground,18277,0,10
2026-08-31T11:39:09.867067033Z,5.149752,115.527257,Cloud to Ground,18692,0,10
2026-08-31T11:39:09.241720837Z,22.897043,112.702272,Cloud to Cloud,16283,6356,8
2026-08-31T11:39:10.905825412Z,6.799923,117.262729,Cloud to Ground,30295,0,13
2026-08-31T11:39:11.223618188Z,5.166084,115.587978,Cloud to Ground,-11520,0,6
2026-08-31T11:39:11.212416178Z,5.191644,115.613846,Cloud to Ground,-9013,0,6
2026-08-31T11:39:10.945016734Z,5.165259,115.502571,Cloud to Cloud,28132,3069,10
2026-08-31T11:39:11.363340000Z,18.1079,116.2983,Cloud to Ground,-18514,0,6
2026-08-31T11:39:12.168607537Z,6.175093,117.914811,Cloud to Ground,18113,0,8
2026-08-31T11:39:12.324817322Z,6.859436,117.159484,Cloud to Ground,17283,0,11
2026-08-31T11:39:12.862256602Z,6.78026,117.232891,Cloud to Ground,19001,0,9
2026-08-31T11:39:13.016159793Z,6.773353,117.206806,Cloud to Cloud,21310,10302,8
2026-08-31T11:39:11.989503728Z,6.808171,117.216958,Cloud to Ground,25867,0,11
2026-08-31T11:39:12.387306110Z,6.806431,117.213877,Cloud to Ground,31498,0,9
2026-08-31T11:39:12.243473003Z,6.828719,117.241966,Cloud to Ground,39587,0,7
2026-08-31T11:39:12.120310531Z,6.825073,117.262662,Cloud to Ground,41949,0,16
2026-08-31T11:39:11.717310610Z,6.792342,117.207983,Cloud to Ground,49757,0,6
2026-08-31T11:39:12.545081152Z,6.830805,117.243005,Cloud to Ground,87337,0,8
2026-08-31T11:39:12.893136811Z,14.280335,134.281136,Cloud to Ground,-19852,0,9
2026-08-31T11:39:12.891570573Z,14.259123,134.275725,Cloud to Ground,43203,0,13
2026-08-31T11:39:12.999873662Z,12.371791,121.762987,Cloud to Cloud,-19146,3061,8
2026-08-31T11:39:12.314051939Z,17.936422,114.183379,Cloud to Ground,-64639,0,16
2026-08-31T11:39:12.309272000Z,18.0346,114.1076,Cloud to Ground,-260,0,5
2026-08-31T11:39:12.310951381Z,17.951247,114.087762,Cloud to Ground,33197,0,12
2026-08-31T11:39:12.308422580Z,17.916723,114.068625,Cloud to Ground,40804,0,9
2026-08-31T11:39:14.873242233Z,18.957268,126.517922,Cloud to Cloud,3987,3038,9
2026-08-31T11:39:15.082282800Z,5.150746,115.616559,Cloud to Ground,12960,0,7
2026-08-31T11:39:15.814716650Z,6.821431,117.241327,Cloud to Ground,-12000,0,8
2026-08-31T11:39:15.130636697Z,5.245071,115.589886,Cloud to Cloud,12277,7327,8
2026-08-31T11:39:15.218497901Z,5.269413,115.568729,Cloud to Ground,23512,0,8
2026-08-31T11:39:15.715337387Z,14.946519,134.663801,Cloud to Ground,-22062,0,8
2026-08-31T11:39:15.730256554Z,14.973623,134.626426,Cloud to Ground,-20258,0,18
2026-08-31T11:39:15.712758735Z,14.976161,134.613909,Cloud to Ground,-13473,0,11
2026-08-31T11:39:15.711280795Z,14.89028,134.636675,Cloud to Ground,38322,0,13
2026-08-31T11:39:15.590970044Z,15.555285,132.664102,Cloud to Cloud,11665,3342,6
2026-08-31T11:39:17.984597776Z,6.810291,117.292411,Cloud to Cloud,-23717,18229,8
2026-08-31T11:39:17.567633000Z,5.2732,115.6493,Cloud to Ground,-39775,0,5
2026-08-31T11:39:17.341426284Z,5.2133,115.562218,Cloud to Ground,13036,0,7
2026-08-31T11:39:17.485999253Z,5.319967,115.624454,Cloud to Ground,13383,0,7
2026-08-31T11:39:17.435376259Z,5.319056,115.619122,Cloud to Ground,15475,0,9
2026-08-31T11:39:17.175211069Z,5.314708,115.624502,Cloud to Ground,22050,0,11
2026-08-31T11:39:17.273539173Z,5.217203,115.586056,Cloud to Ground,26692,0,12
2026-08-31T11:39:18.011705611Z,6.767688,117.495504,Cloud to Ground,10167,0,9
2026-08-31T11:39:20.347270833Z,6.650455,117.848046,Cloud to Ground,-24961,0,9
2026-08-31T11:39:19.994647404Z,6.583413,117.892778,Cloud to Ground,31015,0,12
2026-08-31T11:39:19.268219647Z,5.589785,117.229685,Cloud to Ground,6892,0,7
2026-08-31T11:39:19.655616523Z,6.728519,117.43521,Cloud to Ground,15363,0,7
2026-08-31T11:39:20.465015822Z,6.782554,117.382513,Cloud to Cloud,23530,11487,12
2026-08-31T11:39:19.367518335Z,6.751052,117.532519,Cloud to Ground,25107,0,14
2026-08-31T11:39:19.856652286Z,6.724601,117.424417,Cloud to Ground,27223,0,8
2026-08-31T11:39:19.505405934Z,6.751225,117.454596,Cloud to Ground,35835,0,9
2026-08-31T11:39:19.613609174Z,6.747033,117.477956,Cloud to Ground,58870,0,19
2026-08-31T11:39:19.077574913Z,5.16377,115.62869,Cloud to Cloud,-15671,4757,8
2026-08-31T11:39:20.506309056Z,6.930663,117.339747,Cloud to Cloud,-10946,15207,9
2026-08-31T11:39:20.131531239Z,5.588017,117.170714,Cloud to Ground,21228,0,7
2026-08-31T11:39:21.990106305Z,5.199554,115.570613,Cloud to Cloud,-18054,4198,8
2026-08-31T11:39:22.146893655Z,5.138792,115.588433,Cloud to Ground,-17632,0,10
2026-08-31T11:39:22.308260448Z,5.10684,115.59598,Cloud to Ground,-16381,0,6
2026-08-31T11:39:21.664997202Z,5.161191,115.53608,Cloud to Ground,10844,0,8
2026-08-31T11:39:21.959438289Z,5.222413,115.492842,Cloud to Ground,17886,0,7
2026-08-31T11:39:22.822251871Z,6.524899,117.931563,Cloud to Ground,22204,0,8
2026-08-31T11:39:22.267089087Z,5.320106,116.832632,Cloud to Ground,11805,0,10
2026-08-31T11:39:22.154079075Z,5.248167,116.916155,Cloud to Ground,-21068,0,12
2026-08-31T11:39:22.204198608Z,5.252015,116.893124,Cloud to Ground,25318,0,8
2026-08-31T11:39:23.941967366Z,6.766245,117.437234,Cloud to Ground,17746,0,13
2026-08-31T11:39:23.881676660Z,6.741297,117.551529,Cloud to Cloud,15521,15018,6
2026-08-31T11:39:23.782510646Z,14.821445,134.859175,Cloud to Ground,-19422,0,8
2026-08-31T11:39:23.196054000Z,14.8629,134.8346,Cloud to Ground,-13557,0,8
2026-08-31T11:39:23.311094273Z,22.436128,111.868132,Cloud to Cloud,15892,3223,7
2026-08-31T11:39:23.202446656Z,22.473696,111.885818,Cloud to Ground,27869,0,10
2026-08-31T11:39:23.129744482Z,22.455412,111.90812,Cloud to Ground,116457,0,11
2026-08-31T11:39:23.292110930Z,22.474419,111.639477,Cloud to Ground,35262,0,13
2026-08-31T11:39:23.931576000Z,15.6448,132.4352,Cloud to Ground,12836,0,5
2026-08-31T11:39:24.962628470Z,6.949276,117.33416,Cloud to Cloud,-8186,4813,7
2026-08-31T11:39:25.037590311Z,6.864616,117.278851,Cloud to Ground,-17901,0,6
2026-08-31T11:39:24.934991172Z,6.853756,117.339764,Cloud to Ground,21849,0,12
2026-08-31T11:39:25.415117566Z,5.294222,115.552744,Cloud to Cloud,-19929,3053,11
2026-08-31T11:39:25.337933515Z,19.214832,118.428346,Cloud to Cloud,-5651,15478,6
2026-08-31T11:39:25.307172488Z,19.245929,118.409606,Cloud to Ground,63944,0,8
2026-08-31T11:39:26.596920437Z,6.698985,117.444877,Cloud to Ground,12864,0,7
2026-08-31T11:39:26.015715013Z,6.651055,117.511352,Cloud to Ground,25496,0,12
2026-08-31T11:39:26.128937317Z,6.731102,117.512678,Cloud to Ground,33191,0,8
2026-08-31T11:39:26.218967925Z,6.893023,117.296722,Cloud to Cloud,22503,18942,10
2026-08-31T11:39:27.017723554Z,5.125841,115.516621,Cloud to Cloud,-12621,5607,10
2026-08-31T11:39:27.244938757Z,5.125072,115.470509,Cloud to Ground,11137,0,10
2026-08-31T11:39:27.874316163Z,6.763709,117.437819,Cloud to Cloud,8588,18042,8
2026-08-31T11:39:27.918516073Z,6.771786,117.485089,Cloud to Ground,23214,0,16
2026-08-31T11:39:27.948636866Z,6.773679,117.411042,Cloud to Ground,24868,0,8
2026-08-31T11:39:27.887138421Z,6.850491,117.265674,Cloud to Cloud,9493,3092,7
2026-08-31T11:39:27.960171246Z,9.771943,119.464189,Cloud to Cloud,25527,4655,7
2026-08-31T11:39:28.499759514Z,14.332964,134.956533,Cloud to Ground,-23902,0,13
2026-08-31T11:39:28.069642000Z,6.9194,117.3741,Cloud to Ground,-14167,0,6
2026-08-31T11:39:28.481919000Z,18.6374,117.4726,Cloud to Ground,39555,0,6
2026-08-31T11:39:29.474531540Z,6.81206,117.206026,Cloud to Ground,-19074,0,7
2026-08-31T11:39:29.058484625Z,6.779885,117.557553,Cloud to Cloud,27556,14336,7
2026-08-31T11:39:29.202179423Z,5.218529,115.606221,Cloud to Ground,-14759,0,10
2026-08-31T11:39:28.646635891Z,5.284996,115.627223,Cloud to Cloud,-10417,17887,8
2026-08-31T11:39:30.648421635Z,6.10283,117.844024,Cloud to Cloud,-10662,3298,7
2026-08-31T11:39:30.595645733Z,6.165737,117.922461,Cloud to Ground,21941,0,7
2026-08-31T11:39:31.896122000Z,20.4169,120.6751,Cloud to Ground,-41226,0,7
2026-08-31T11:39:32.617274393Z,6.888,117.306602,Cloud to Cloud,18909,14979,7
2026-08-31T11:39:32.775679048Z,6.847936,117.243098,Cloud to Cloud,20066,3050,7
2026-08-31T11:39:32.568055599Z,5.31969,115.636154,Cloud to Ground,47186,0,18
2026-08-31T11:39:33.608495043Z,6.753483,117.460752,Cloud to Ground,22393,0,9
2026-08-31T11:39:33.118712077Z,6.71186,117.314171,Cloud to Cloud,-12027,3983,10
2026-08-31T11:39:33.806893421Z,6.692215,117.097999,Cloud to Ground,-28835,0,10
2026-08-31T11:39:33.740050165Z,6.694689,117.16434,Cloud to Cloud,-8778,3023,7
2026-08-31T11:39:35.909940620Z,6.789399,117.229891,Cloud to Ground,46189,0,8
2026-08-31T11:39:35.121630863Z,6.833523,117.259297,Cloud to Cloud,7099,17427,6
2026-08-31T11:39:35.296186311Z,5.638244,117.231818,Cloud to Ground,12648,0,8
2026-08-31T11:39:36.510087269Z,5.215151,115.545498,Cloud to Cloud,-10321,15264,7
2026-08-31T11:39:36.095735693Z,15.654873,132.561815,Cloud to Ground,-11963,0,10
2026-08-31T11:39:37.966181596Z,22.591182,112.117714,Cloud to Cloud,-16439,4376,7
2026-08-31T11:39:38.087301953Z,5.031421,116.81578,Cloud to Ground,24601,0,9
2026-08-31T11:39:37.771540775Z,4.940819,116.765554,Cloud to Ground,-43484,0,13
2026-08-31T11:39:37.776774606Z,4.922767,116.807708,Cloud to Ground,-25691,0,13
2026-08-31T11:39:38.225760649Z,4.924609,116.731489,Cloud to Ground,47041,0,8
2026-08-31T11:39:38.145516536Z,22.634085,112.27073,Cloud to Cloud,-11734,15074,7
2026-08-31T11:39:38.059739074Z,22.627582,112.240509,Cloud to Cloud,8112,3005,9
2026-08-31T11:39:39.423500744Z,6.779382,117.276448,Cloud to Ground,26398,0,12
2026-08-31T11:39:39.398734928Z,6.885757,117.22134,Cloud to Ground,62822,0,7
2026-08-31T11:39:39.075912096Z,5.254608,115.57823,Cloud to Cloud,-15489,4969,14
2026-08-31T11:39:39.063370677Z,5.144494,115.589414,Cloud to Ground,16512,0,16
2026-08-31T11:39:39.484851600Z,6.772193,117.17974,Cloud to Ground,39930,0,8
2026-08-31T11:39:40.184638526Z,6.775893,117.184651,Cloud to Ground,44605,0,9
2026-08-31T11:39:39.574444618Z,6.708355,117.125439,Cloud to Ground,72603,0,8
2026-08-31T11:39:40.579631148Z,6.894982,117.221254,Cloud to Ground,54169,0,7
2026-08-31T11:39:42.399172466Z,5.623029,117.160477,Cloud to Ground,16890,0,8
2026-08-31T11:39:41.955040106Z,5.603661,117.184937,Cloud to Ground,28463,0,7
2026-08-31T11:39:41.344277555Z,5.269538,115.590932,Cloud to Cloud,-19727,19011,17
2026-08-31T11:39:41.626580037Z,5.165923,115.577796,Cloud to Ground,-12447,0,7
2026-08-31T11:39:41.603810819Z,5.235309,115.619457,Cloud to Ground,16546,0,7
2026-08-31T11:39:41.771291512Z,18.915016,131.636504,Cloud to Ground,22209,0,10
2026-08-31T11:39:41.848060121Z,18.878479,126.342526,Cloud to Cloud,18342,5431,7
2026-08-31T11:39:43.794336316Z,5.125908,115.499764,Cloud to Ground,-12774,0,7
2026-08-31T11:39:43.931317179Z,5.211757,115.526,Cloud to Cloud,-12497,16292,21
2026-08-31T11:39:43.377951456Z,5.155482,115.541849,Cloud to Ground,13583,0,10
2026-08-31T11:39:43.635104663Z,5.158854,115.536302,Cloud to Ground,14949,0,6
2026-08-31T11:39:43.742349433Z,5.192059,115.528366,Cloud to Cloud,20780,19677,7
2026-08-31T11:39:43.912416844Z,5.274885,115.601905,Cloud to Cloud,-14256,7287,10
2026-08-31T11:39:43.873985873Z,6.820576,117.262166,Cloud to Cloud,-10277,3126,7
2026-08-31T11:39:44.576853471Z,6.678299,117.565426,Cloud to Cloud,11785,7873,8
2026-08-31T11:39:45.083914292Z,6.79258,117.210914,Cloud to Cloud,21917,6936,7
2026-08-31T11:39:45.090503654Z,6.912686,117.531262,Cloud to Cloud,11544,16991,8
2026-08-31T11:39:45.453077145Z,5.624018,117.148581,Cloud to Cloud,12330,3146,7
2026-08-31T11:39:46.384930668Z,5.281866,115.625149,Cloud to Ground,-18499,0,7
2026-08-31T11:39:46.642315534Z,5.275309,115.585757,Cloud to Cloud,-13507,16653,16
2026-08-31T11:39:45.886419072Z,6.793894,117.403336,Cloud to Cloud,-19633,4578,7
2026-08-31T11:39:46.880717556Z,6.817736,117.406272,Cloud to Cloud,-14859,3000,9
2026-08-31T11:39:46.377969718Z,6.793322,117.380925,Cloud to Ground,11799,0,7
2026-08-31T11:39:46.306761000Z,6.765825,117.436103,Cloud to Cloud,17652,10794,8
2026-08-31T11:39:46.030839651Z,15.577536,132.708156,Cloud to Ground,-12764,0,8
2026-08-31T11:39:47.920468920Z,6.883063,117.31746,Cloud to Cloud,-13125,8927,7
2026-08-31T11:39:47.721658449Z,20.763666,120.917033,Cloud to Cloud,5078,18219,6
2026-08-31T11:39:47.787198119Z,20.656406,120.917422,Cloud to Cloud,4743,15415,6
2026-08-31T11:39:48.761763025Z,6.768532,117.181627,Cloud to Cloud,10835,4850,6
2026-08-31T11:39:48.062092000Z,20.9547,121.0014,Cloud to Ground,18162,0,6
2026-08-31T11:39:49.156082567Z,6.878639,117.291428,Cloud to Cloud,22626,3676,8
2026-08-31T11:39:49.352955600Z,18.445105,115.694423,Cloud to Cloud,-43354,3002,13
2026-08-31T11:39:50.904562698Z,5.187907,115.545819,Cloud to Ground,23218,0,5
2026-08-31T11:39:50.205155324Z,6.942747,117.359621,Cloud to Cloud,24138,7347,7
2026-08-31T11:39:50.147406418Z,6.876391,117.373512,Cloud to Ground,48266,0,7
2026-08-31T11:39:50.181184300Z,6.785121,117.451758,Cloud to Cloud,7384,5914,7
2026-08-31T11:39:51.190508065Z,5.28173,115.549593,Cloud to Cloud,-6925,7715,6
2026-08-31T11:39:51.569542459Z,6.844691,117.277102,Cloud to Cloud,26819,16208,7
2026-08-31T11:39:52.352116040Z,6.854415,117.301331,Cloud to Ground,13909,0,12
2026-08-31T11:39:52.283283243Z,6.78804,117.266865,Cloud to Ground,35541,0,7
2026-08-31T11:39:52.692707729Z,4.104345,115.02638,Cloud to Ground,-12044,0,7
2026-08-31T11:39:52.967989346Z,18.857936,126.567782,Cloud to Ground,-32508,0,14
2026-08-31T11:39:53.008466371Z,18.846985,126.64342,Cloud to Cloud,-13506,5531,9
2026-08-31T11:39:53.556182031Z,6.85751,117.429152,Cloud to Cloud,13185,7394,7
2026-08-31T11:39:53.953137163Z,6.86542,117.487746,Cloud to Cloud,16553,13109,7
2026-08-31T11:39:53.174236686Z,5.086949,115.632221,Cloud to Cloud,28019,6620,7
2026-08-31T11:39:54.398524598Z,6.897402,117.246151,Cloud to Cloud,-9991,3208,8
2026-08-31T11:39:54.210008528Z,6.924875,117.28865,Cloud to Cloud,-9898,7845,8
2026-08-31T11:39:54.988034896Z,6.857212,117.326962,Cloud to Ground,-8488,0,10
2026-08-31T11:39:54.432166833Z,5.152235,115.642351,Cloud to Cloud,-12438,18326,7
2026-08-31T11:39:53.782586599Z,15.652815,132.556637,Cloud to Ground,-9787,0,13
2026-08-31T11:39:54.126970697Z,15.697877,132.578845,Cloud to Ground,16719,0,10
2026-08-31T11:39:54.523648117Z,14.258305,134.053284,Cloud to Ground,23933,0,9
2026-08-31T11:39:54.162977000Z,14.8635,134.861,Cloud to Ground,-5913,0,8
2026-08-31T11:39:55.015218551Z,6.692868,117.573556,Cloud to Ground,20346,0,12
2026-08-31T11:39:56.842159046Z,6.761143,117.251328,Cloud to Ground,16705,0,8
2026-08-31T11:39:56.752113766Z,6.762943,117.257754,Cloud to Ground,19136,0,8
2026-08-31T11:39:56.755691506Z,5.28608,115.603543,Cloud to Cloud,-15416,3014,7
2026-08-31T11:39:56.721787399Z,6.77758,117.422515,Cloud to Cloud,-32660,12124,8
2026-08-31T11:40:04.225504665Z,6.837148,117.319062,Cloud to Cloud,11680,7909,8
2026-08-31T11:40:05.501229357Z,6.545665,117.961384,Cloud to Cloud,35872,10001,7
2026-08-31T11:40:05.505455578Z,6.536119,118.052394,Cloud to Cloud,-7828,3510,7
2026-08-31T11:40:05.833966659Z,6.956437,117.267725,Cloud to Cloud,-24937,3138,6
2026-08-31T11:40:05.135254502Z,5.178115,115.601816,Cloud to Cloud,4795,7625,6
2026-08-31T11:40:06.161930824Z,6.834589,117.265275,Cloud to Cloud,16778,3006,9
2026-08-31T11:40:06.045664226Z,6.844445,117.280731,Cloud to Ground,19100,0,11
2026-08-31T11:40:06.018174632Z,6.884769,117.39873,Cloud to Cloud,-16385,3001,11
2026-08-31T11:40:07.559649096Z,6.787469,117.373831,Cloud to Ground,36523,0,13
2026-08-31T11:40:07.859618700Z,18.934663,126.543834,Cloud to Cloud,-8544,3201,6
2026-08-31T11:40:07.503999823Z,18.855757,126.548322,Cloud to Ground,15955,0,7
2026-08-31T11:40:08.194363148Z,5.191778,115.620043,Cloud to Cloud,-20750,5461,11
2026-08-31T11:40:09.733885454Z,5.111741,115.449007,Cloud to Ground,-22386,0,13
2026-08-31T11:40:09.696540114Z,5.206824,115.469406,Cloud to Ground,-19273,0,14
2026-08-31T11:40:09.409963926Z,5.231228,115.680158,Cloud to Ground,-13325,0,6
2026-08-31T11:40:09.242996790Z,5.21345,115.604233,Cloud to Cloud,-12091,19760,8
2026-08-31T11:40:09.633639636Z,5.240722,115.541185,Cloud to Ground,-9341,0,7
2026-08-31T11:40:09.883690891Z,6.80462,117.288305,Cloud to Cloud,-26938,3000,15
2026-08-31T11:40:09.895673806Z,6.712503,117.145077,Cloud to Ground,-21950,0,7
2026-08-31T11:40:09.700703428Z,6.749512,117.380729,Cloud to Cloud,17953,3060,7
2026-08-31T11:40:09.021519202Z,14.606754,133.803091,Cloud to Ground,22734,0,10
2026-08-31T11:40:09.105891637Z,15.629533,132.559899,Cloud to Ground,-31367,0,9
2026-08-31T11:40:10.351825246Z,5.222721,115.594125,Cloud to Ground,29314,0,11
2026-08-31T11:40:10.746229196Z,6.896724,117.498318,Cloud to Cloud,-8909,3153,8
2026-08-31T11:40:10.203760639Z,6.978883,117.30728,Cloud to Cloud,8006,7542,6
2026-08-31T11:40:10.484163588Z,6.724985,117.709156,Cloud to Cloud,-16556,4861,10
2026-08-31T11:40:10.452061013Z,6.660194,117.614045,Cloud to Cloud,9628,8409,11
2026-08-31T11:40:10.621921215Z,9.868532,119.323547,Cloud to Cloud,-8661,6836,6
2026-08-31T11:40:12.611051981Z,6.731599,117.435309,Cloud to Cloud,13547,4786,7
2026-08-31T11:40:12.186574816Z,6.840025,117.471033,Cloud to Cloud,13908,3030,6
2026-08-31T11:40:11.714916756Z,6.734386,117.435372,Cloud to Ground,16808,0,8
2026-08-31T11:40:11.979449690Z,6.765692,117.486094,Cloud to Ground,17928,0,9
2026-08-31T11:40:12.458304140Z,6.728897,117.432512,Cloud to Ground,21295,0,8
2026-08-31T11:40:11.686764526Z,6.744707,117.480652,Cloud to Ground,43482,0,17
2026-08-31T11:40:11.531047158Z,6.837516,117.253971,Cloud to Ground,14850,0,8
2026-08-31T11:40:11.319303037Z,15.389347,133.94538,Cloud to Ground,-21972,0,13
2026-08-31T11:40:11.326930674Z,15.383179,133.93105,Cloud to Ground,-16207,0,12
2026-08-31T11:40:12.377570000Z,7.0074,117.1413,Cloud to Ground,-19805,0,5
2026-08-31T11:40:13.914724277Z,5.229265,115.521506,Cloud to Ground,10886,0,6
2026-08-31T11:40:13.822550625Z,5.25814,115.647701,Cloud to Cloud,-21093,5155,7
2026-08-31T11:40:14.047567888Z,6.930145,117.300391,Cloud to Ground,63983,0,7
2026-08-31T11:40:15.104851442Z,5.249279,115.589118,Cloud to Cloud,-11601,18572,11
2026-08-31T11:40:15.275719219Z,5.157433,115.556888,Cloud to Ground,-20967,0,15
2026-08-31T11:40:15.962773092Z,6.946576,117.349924,Cloud to Cloud,13372,10609,6
2026-08-31T11:40:15.963651710Z,6.9217,117.266675,Cloud to Cloud,15185,10904,7
2026-08-31T11:40:15.245359411Z,6.846684,117.410762,Cloud to Ground,23576,0,13
2026-08-31T11:40:15.816262062Z,6.824298,117.331932,Cloud to Ground,43153,0,16
2026-08-31T11:40:15.553375641Z,18.798011,127.720579,Cloud to Ground,-23920,0,14
2026-08-31T11:40:16.768487955Z,5.285863,115.596542,Cloud to Cloud,-14469,3003,16
2026-08-31T11:40:16.122290302Z,5.21648,115.609073,Cloud to Cloud,-7568,19137,7
2026-08-31T11:40:15.997199757Z,5.164697,115.577191,Cloud to Ground,8180,0,7
2026-08-31T11:40:16.358767717Z,5.154413,115.603633,Cloud to Ground,18888,0,9
2026-08-31T11:40:16.570325469Z,6.68621,117.332081,Cloud to Ground,8679,0,8
2026-08-31T11:40:17.607560028Z,6.927091,117.341001,Cloud to Cloud,-9529,16237,7
2026-08-31T11:40:18.253918000Z,19.5504,119.5696,Cloud to Ground,-23357,0,6
2026-08-31T11:40:19.418151956Z,6.785588,117.253557,Cloud to Cloud,-10469,3023,10
2026-08-31T11:40:19.238331253Z,6.925068,117.310769,Cloud to Cloud,23106,3598,10
2026-08-31T11:40:20.120719769Z,6.822492,117.51396,Cloud to Cloud,10253,18944,7
2026-08-31T11:40:19.612733443Z,6.794842,117.442639,Cloud to Cloud,17347,3096,10
2026-08-31T11:40:19.462248900Z,6.804838,117.456009,Cloud to Cloud,22670,3190,10
2026-08-31T11:40:19.588557867Z,6.771032,117.47223,Cloud to Ground,28209,0,8
2026-08-31T11:40:19.284565650Z,6.692345,117.417189,Cloud to Cloud,-6356,13542,7
2026-08-31T11:40:20.720323083Z,5.250256,115.710252,Cloud to Ground,-15772,0,7
2026-08-31T11:40:21.782162564Z,17.709388,133.599739,Cloud to Ground,-34358,0,20
2026-08-31T11:40:22.253364358Z,17.814666,133.554088,Cloud to Ground,-21281,0,15
2026-08-31T11:40:21.787563421Z,17.741692,133.655413,Cloud to Ground,-17042,0,9
2026-08-31T11:40:22.254886672Z,17.753971,133.536453,Cloud to Ground,-16188,0,6
2026-08-31T11:40:21.843468715Z,17.75926,133.577464,Cloud to Ground,-14759,0,8
2026-08-31T11:40:21.880555000Z,17.7585,133.5015,Cloud to Ground,8008,0,7
2026-08-31T11:40:21.800937977Z,17.745673,133.598519,Cloud to Ground,30040,0,13
2026-08-31T11:40:21.820276000Z,17.8522,133.6204,Cloud to Ground,33104,0,6
2026-08-31T11:40:21.254940762Z,22.433128,111.635775,Cloud to Ground,-19542,0,10
2026-08-31T11:40:22.988265112Z,20.790928,120.913809,Cloud to Ground,-50195,0,13
2026-08-31T11:40:23.458033185Z,2.957484,115.791071,Cloud to Ground,-16664,0,13
2026-08-31T11:40:23.592396297Z,6.704135,117.467099,Cloud to Ground,-6199,0,7
2026-08-31T11:40:23.913779894Z,15.676151,132.61015,Cloud to Ground,49816,0,10
2026-08-31T11:40:23.492856834Z,14.254471,134.151108,Cloud to Ground,-35873,0,9
2026-08-31T11:40:23.544536159Z,6.793918,117.254957,Cloud to Ground,-18625,0,7
2026-08-31T11:40:24.426066988Z,6.792351,117.329791,Cloud to Cloud,9173,3008,7
2026-08-31T11:40:23.327150695Z,6.843411,117.302773,Cloud to Ground,31907,0,11
2026-08-31T11:40:23.961431518Z,6.822041,117.260195,Cloud to Ground,39611,0,11
2026-08-31T11:40:24.098854226Z,6.741036,117.212304,Cloud to Ground,51985,0,8
2026-08-31T11:40:24.029597565Z,6.923986,117.302881,Cloud to Ground,56937,0,8
2026-08-31T11:40:25.996836508Z,5.165252,115.558377,Cloud to Ground,-11133,0,7
2026-08-31T11:40:25.887708764Z,5.174054,115.57323,Cloud to Cloud,9641,3167,7
2026-08-31T11:40:25.864821874Z,5.180051,115.569608,Cloud to Ground,16998,0,10
2026-08-31T11:40:25.597951000Z,20.7406,120.8599,Cloud to Ground,-34838,0,6
2026-08-31T11:40:27.753290217Z,18.877253,126.553626,Cloud to Ground,-57094,0,17
2026-08-31T11:40:27.834187443Z,18.877108,126.540296,Cloud to Ground,-33095,0,12
2026-08-31T11:40:27.878669030Z,18.879346,126.541246,Cloud to Ground,-32568,0,12
2026-08-31T11:40:27.820257300Z,18.729571,126.498448,Cloud to Cloud,-35315,14388,9
2026-08-31T11:40:28.038611468Z,6.863138,117.317906,Cloud to Cloud,-8426,5533,6
2026-08-31T11:40:28.625897133Z,6.770428,117.491233,Cloud to Ground,13630,0,7
2026-08-31T11:40:29.674219032Z,6.787862,117.284857,Cloud to Ground,23817,0,10
2026-08-31T11:40:29.563799000Z,6.8962,117.3143,Cloud to Ground,53354,0,7
2026-08-31T11:40:29.743974266Z,18.868617,126.569507,Cloud to Ground,23501,0,11
2026-08-31T11:40:30.666856998Z,5.229446,115.551147,Cloud to Ground,33995,0,18
2026-08-31T11:40:31.294140876Z,6.891705,117.468215,Cloud to Ground,-28367,0,14
2026-08-31T11:40:31.309688871Z,6.838034,117.477098,Cloud to Ground,-16813,0,7
2026-08-31T11:40:31.891690112Z,6.77256,117.380771,Cloud to Ground,12785,0,7
2026-08-31T11:40:31.331687086Z,6.773147,117.379742,Cloud to Ground,15438,0,7
2026-08-31T11:40:31.626435649Z,6.782938,117.416913,Cloud to Ground,17933,0,7
2026-08-31T11:40:31.963394212Z,6.805889,117.439579,Cloud to Ground,20652,0,7
2026-08-31T11:40:31.423668593Z,6.752264,117.39337,Cloud to Ground,23623,0,7
2026-08-31T11:40:31.393757015Z,6.770821,117.417882,Cloud to Ground,28758,0,8
2026-08-31T11:40:32.158249635Z,6.796745,117.464164,Cloud to Ground,32383,0,14
2026-08-31T11:40:31.515806132Z,6.892109,117.489696,Cloud to Ground,95437,0,28
2026-08-31T11:40:31.812110365Z,14.285018,134.58592,Cloud to Ground,-24902,0,10
2026-08-31T11:40:31.826058845Z,14.359737,134.57832,Cloud to Ground,-15931,0,14
2026-08-31T11:40:31.817780001Z,14.324005,134.596094,Cloud to Ground,-14377,0,5
2026-08-31T11:40:31.925913570Z,18.023601,116.389037,Cloud to Cloud,10282,5875,8
2026-08-31T11:40:32.564899859Z,5.159777,115.540279,Cloud to Ground,16929,0,13
2026-08-31T11:40:32.276260019Z,18.940302,126.546188,Cloud to Ground,-19405,0,16
2026-08-31T11:40:32.174724439Z,18.946578,126.554931,Cloud to Cloud,-10715,3020,6
2026-08-31T11:40:31.914209038Z,18.856784,126.551302,Cloud to Cloud,10047,12182,6
2026-08-31T11:40:34.386583098Z,6.856536,117.295201,Cloud to Ground,17098,0,7
2026-08-31T11:40:34.182616626Z,6.788067,117.37586,Cloud to Ground,17473,0,9
2026-08-31T11:40:34.347734860Z,6.789815,117.378832,Cloud to Ground,75469,0,14
2026-08-31T11:40:34.627373837Z,6.764855,117.250856,Cloud to Cloud,11201,5346,7
2026-08-31T11:40:34.806334509Z,6.761385,117.250921,Cloud to Ground,12658,0,6
2026-08-31T11:40:34.636295427Z,6.739565,117.223103,Cloud to Cloud,12971,5541,7
2026-08-31T11:40:34.494670668Z,6.80808,117.194433,Cloud to Ground,18322,0,8
2026-08-31T11:40:34.563108595Z,5.295235,115.646846,Cloud to Cloud,-9409,14049,7
2026-08-31T11:40:34.468416433Z,5.191888,115.669658,Cloud to Cloud,-18317,17651,7
2026-08-31T11:40:34.449399284Z,5.19124,115.633971,Cloud to Ground,-16300,0,5
2026-08-31T11:40:34.958243990Z,22.522737,112.958558,Cloud to Cloud,-5794,14698,7
2026-08-31T11:40:36.464879039Z,6.964123,116.661608,Cloud to Ground,-19084,0,10
2026-08-31T11:40:36.453662084Z,6.980653,116.667631,Cloud to Ground,-16719,0,15
2026-08-31T11:40:36.476384760Z,6.995033,116.630823,Cloud to Cloud,-11556,3881,6
2026-08-31T11:40:36.533502795Z,6.936828,116.631196,Cloud to Ground,27892,0,9
2026-08-31T11:40:37.000824835Z,6.920978,116.609044,Cloud to Ground,27981,0,8
2026-08-31T11:40:36.644206530Z,7.007394,116.685777,Cloud to Ground,57311,0,8
2026-08-31T11:40:36.875055290Z,5.199826,115.536596,Cloud to Cloud,11217,6427,7
2026-08-31T11:40:37.398762944Z,5.15097,115.433227,Cloud to Ground,-18970,0,8
2026-08-31T11:40:37.407572799Z,6.940697,117.343628,Cloud to Cloud,-21792,12402,12
2026-08-31T11:40:37.684986664Z,6.783749,117.318007,Cloud to Ground,35500,0,12
2026-08-31T11:40:37.545387731Z,7.021513,117.43905,Cloud to Cloud,18000,8014,7
2026-08-31T11:40:40.138569486Z,5.622346,117.194182,Cloud to Cloud,9675,12126,7
2026-08-31T11:40:40.659704120Z,5.621199,117.189407,Cloud to Ground,14254,0,7
2026-08-31T11:40:40.101772895Z,5.619721,117.185024,Cloud to Ground,43138,0,10
2026-08-31T11:40:39.913844542Z,5.615198,117.19431,Cloud to Ground,57073,0,8
2026-08-31T11:40:40.875439495Z,5.282588,115.65714,Cloud to Ground,-18425,0,14
2026-08-31T11:40:40.226123628Z,6.769884,117.135108,Cloud to Ground,-11280,0,7
2026-08-31T11:40:40.967690112Z,4.891042,115.610964,Cloud to Cloud,10670,3005,7
2026-08-31T11:40:41.118412666Z,3.095899,114.584433,Cloud to Ground,-23632,0,23
2026-08-31T11:40:41.127873205Z,3.131756,114.572887,Cloud to Ground,-12515,0,6
2026-08-31T11:40:42.638155714Z,6.781944,117.249471,Cloud to Cloud,12559,3016,7
2026-08-31T11:40:42.702318198Z,6.88207,117.268259,Cloud to Cloud,15207,9882,8
2026-08-31T11:40:42.473631486Z,6.777424,117.218821,Cloud to Ground,23377,0,6
2026-08-31T11:40:42.759778155Z,6.799597,117.292929,Cloud to Ground,28303,0,13
2026-08-31T11:40:42.531346267Z,6.824011,117.211748,Cloud to Ground,39322,0,10
2026-08-31T11:40:42.410489000Z,6.9023,117.263,Cloud to Ground,60136,0,7
2026-08-31T11:40:43.775676620Z,6.738873,117.440681,Cloud to Cloud,-14402,15793,7
2026-08-31T11:40:44.025533862Z,6.855138,117.50217,Cloud to Cloud,11767,13248,6
2026-08-31T11:40:44.636744738Z,6.717067,117.454246,Cloud to Ground,14850,0,7
2026-08-31T11:40:44.089753658Z,6.717423,117.455817,Cloud to Ground,15131,0,7
2026-08-31T11:40:44.115053735Z,6.79353,117.516073,Cloud to Cloud,21160,7788,10
2026-08-31T11:40:44.423740493Z,6.715037,117.449602,Cloud to Ground,31831,0,9
2026-08-31T11:40:43.738238002Z,6.742013,117.447271,Cloud to Ground,33484,0,10
2026-08-31T11:40:43.908658000Z,6.8138,117.5167,Cloud to Ground,65658,0,12
2026-08-31T11:40:43.655395324Z,6.112651,117.777837,Cloud to Ground,10270,0,6
2026-08-31T11:40:43.339299409Z,12.432243,121.869959,Cloud to Cloud,25756,3000,8
2026-08-31T11:40:44.997020679Z,5.224982,115.549447,Cloud to Cloud,-18180,3212,10
2026-08-31T11:40:44.980661411Z,5.227333,115.54792,Cloud to Cloud,-16598,6366,7
2026-08-31T11:40:44.749016535Z,5.258111,115.544553,Cloud to Cloud,-15668,11601,8
2026-08-31T11:40:44.767017178Z,5.208436,115.552963,Cloud to Cloud,-14236,18992,7
2026-08-31T11:40:44.783063785Z,5.166299,115.489624,Cloud to Ground,-13138,0,5
2026-08-31T11:40:45.010429065Z,5.125187,115.489811,Cloud to Ground,7921,0,6
2026-08-31T11:40:44.780746685Z,5.225091,115.505734,Cloud to Cloud,8102,18794,6
2026-08-31T11:40:44.785765314Z,5.25821,115.491623,Cloud to Cloud,9887,19976,8
2026-08-31T11:40:44.674242994Z,15.596135,132.647025,Cloud to Ground,-12157,0,7
2026-08-31T11:40:44.649261238Z,15.708375,132.60318,Cloud to Ground,-15323,0,7
2026-08-31T11:40:45.234018393Z,4.949531,116.699743,Cloud to Ground,-21172,0,7
2026-08-31T11:40:45.144489826Z,4.953431,116.789635,Cloud to Ground,-17030,0,8
2026-08-31T11:40:44.993267487Z,4.952118,116.822471,Cloud to Cloud,-14129,7579,7
2026-08-31T11:40:45.037158297Z,5.008812,116.841466,Cloud to Ground,24709,0,12
2026-08-31T11:40:45.311210799Z,5.008816,116.82968,Cloud to Ground,26916,0,9
2026-08-31T11:40:45.714012098Z,6.492354,117.86237,Cloud to Ground,13378,0,7
2026-08-31T11:40:46.106387451Z,6.494361,117.862921,Cloud to Ground,14642,0,6
2026-08-31T11:40:45.949668917Z,6.499063,117.875971,Cloud to Ground,14878,0,8
2026-08-31T11:40:45.678354061Z,6.510593,117.907571,Cloud to Ground,19966,0,13
2026-08-31T11:40:45.624266973Z,6.508702,117.912429,Cloud to Ground,32227,0,13
2026-08-31T11:40:45.299579263Z,6.850694,117.213046,Cloud to Cloud,-17778,9273,8
2026-08-31T11:40:45.322739910Z,6.804508,117.431084,Cloud to Cloud,9051,14833,7
2026-08-31T11:40:45.157398169Z,6.769543,117.352803,Cloud to Cloud,9620,5203,8
2026-08-31T11:40:45.199128236Z,6.781483,117.312732,Cloud to Ground,11878,0,8
2026-08-31T11:40:45.985285613Z,3.002038,115.718321,Cloud to Ground,17822,0,9
2026-08-31T11:40:45.860188472Z,2.98886,115.726027,Cloud to Ground,23648,0,12
2026-08-31T11:40:46.042739928Z,6.600115,117.888133,Cloud to Cloud,11139,12686,7
2026-08-31T11:40:46.953222714Z,5.359272,115.633329,Cloud to Ground,92970,0,20
2026-08-31T11:40:47.213835127Z,6.834043,117.289705,Cloud to Cloud,-9634,7856,9
2026-08-31T11:40:47.113969648Z,6.795828,117.371578,Cloud to Cloud,-9243,4023,7
2026-08-31T11:40:47.059085325Z,5.262129,115.665576,Cloud to Cloud,-18257,14469,13
2026-08-31T11:40:47.061377581Z,5.243088,115.558001,Cloud to Ground,24136,0,8
2026-08-31T11:40:47.046030906Z,5.234673,115.593376,Cloud to Ground,27844,0,9
2026-08-31T11:40:47.236810913Z,4.01503,114.984369,Cloud to Ground,-18461,0,12
2026-08-31T11:40:47.363561459Z,3.991354,114.976411,Cloud to Cloud,-15835,9754,11
2026-08-31T11:40:47.904424352Z,4.033479,114.968292,Cloud to Cloud,6629,6822,6
2026-08-31T11:40:47.691577643Z,3.995449,114.985354,Cloud to Ground,23794,0,14
2026-08-31T11:40:47.506417889Z,14.194296,134.213888,Cloud to Ground,-14923,0,7
2026-08-31T11:40:48.161867450Z,6.811582,117.574323,Cloud to Cloud,11925,7871,6
2026-08-31T11:40:48.190704306Z,6.762477,117.502343,Cloud to Ground,23388,0,7
2026-08-31T11:40:48.533531544Z,15.396836,133.980536,Cloud to Ground,25411,0,10
2026-08-31T11:40:48.478688000Z,15.2849,133.8075,Cloud to Ground,-32101,0,5
2026-08-31T11:40:48.623519000Z,15.351,133.7495,Cloud to Ground,-12383,0,6
2026-08-31T11:40:48.594579000Z,15.3129,133.7681,Cloud to Ground,-8338,0,6
2026-08-31T11:40:48.647705000Z,15.2864,133.8724,Cloud to Ground,8475,0,7
2026-08-31T11:40:48.774408458Z,22.441008,111.637632,Cloud to Ground,27510,0,10
2026-08-31T11:40:50.223103856Z,6.849708,117.27684,Cloud to Cloud,-12326,3430,10
2026-08-31T11:40:49.417539523Z,6.765829,117.222839,Cloud to Ground,14581,0,7
2026-08-31T11:40:48.779329002Z,6.771537,117.237244,Cloud to Ground,15572,0,9
2026-08-31T11:40:49.280794490Z,6.863783,117.263826,Cloud to Cloud,17428,12622,7
2026-08-31T11:40:49.521087879Z,6.748013,117.328425,Cloud to Cloud,24130,7454,8
2026-08-31T11:40:48.710936518Z,6.768137,117.235511,Cloud to Ground,35731,0,8
2026-08-31T11:40:49.004120441Z,6.781309,117.252663,Cloud to Ground,38761,0,13
2026-08-31T11:40:49.787657239Z,6.783856,117.2707,Cloud to Ground,41785,0,14
2026-08-31T11:40:49.589583162Z,6.738895,117.610865,Cloud to Ground,-15412,0,7
2026-08-31T11:40:49.198603599Z,6.232194,117.71147,Cloud to Ground,25403,0,8
2026-08-31T11:40:49.197791380Z,6.278574,117.806781,Cloud to Ground,15005,0,9
2026-08-31T11:40:50.432809941Z,5.219032,115.520789,Cloud to Cloud,16867,6762,6
2026-08-31T11:40:50.428971984Z,18.815117,126.412078,Cloud to Ground,32341,0,12
2026-08-31T11:40:51.368166969Z,5.372669,115.638224,Cloud to Cloud,-12016,18653,8
2026-08-31T11:40:51.639075823Z,5.249737,115.605008,Cloud to Ground,-15817,0,6
2026-08-31T11:40:51.413818640Z,14.20232,134.812618,Cloud to Ground,-14893,0,10
2026-08-31T11:40:51.405651721Z,14.150878,134.760573,Cloud to Ground,-13646,0,12
2026-08-31T11:40:51.407134356Z,14.178058,134.751345,Cloud to Ground,13715,0,8
2026-08-31T11:40:50.795574514Z,14.860506,134.916732,Cloud to Cloud,-18732,6852,13
2026-08-31T11:40:51.178457258Z,14.86599,134.891311,Cloud to Ground,21922,0,8
2026-08-31T11:40:51.437100211Z,14.774169,134.88503,Cloud to Ground,23101,0,13
2026-08-31T11:40:51.074046017Z,14.803714,134.93009,Cloud to Ground,24422,0,7
2026-08-31T11:40:52.287393605Z,6.780684,117.25489,Cloud to Cloud,10158,5828,8
2026-08-31T11:40:53.016039700Z,5.651881,117.275974,Cloud to Cloud,-9216,12292,8
2026-08-31T11:40:55.206104939Z,6.803748,117.299253,Cloud to Cloud,-13245,3374,16
2026-08-31T11:40:55.416658000Z,6.9441,117.361,Cloud to Ground,-4664,0,5
2026-08-31T11:40:55.152883267Z,6.870401,117.284011,Cloud to Cloud,10745,3318,6
2026-08-31T11:40:54.778224433Z,6.819399,117.323192,Cloud to Ground,18748,0,8
2026-08-31T11:40:54.634699019Z,6.832507,117.344154,Cloud to Ground,25055,0,13
2026-08-31T11:40:54.740640521Z,6.923777,117.305123,Cloud to Ground,38686,0,7
2026-08-31T11:40:55.328538282Z,6.721347,117.58782,Cloud to Cloud,-11973,4637,7
2026-08-31T11:40:55.487931045Z,6.173535,117.860531,Cloud to Cloud,9627,19062,6
2026-08-31T11:40:55.231710481Z,6.734038,117.951041,Cloud to Ground,-30243,0,14
2026-08-31T11:40:55.256422811Z,6.72553,117.886009,Cloud to Ground,25138,0,12
2026-08-31T11:40:56.301594760Z,6.823909,117.288413,Cloud to Ground,31150,0,9
2026-08-31T11:40:56.407670472Z,5.204164,115.550736,Cloud to Ground,-32542,0,15
2026-08-31T11:40:56.453247687Z,5.207052,115.549174,Cloud to Ground,-20871,0,17
2026-08-31T11:40:56.574468644Z,6.704297,117.47946,Cloud to Ground,-17494,0,11
2026-08-31T11:40:57.125452592Z,6.773128,117.47009,Cloud to Cloud,8384,14065,6
2026-08-31T11:40:57.650076433Z,6.866394,117.428124,Cloud to Cloud,21063,11944,7
2026-08-31T11:40:57.391530042Z,6.987956,117.356033,Cloud to Ground,-22706,0,8
2026-08-31T11:40:58.052228014Z,5.146636,115.632818,Cloud to Ground,-30442,0,14
2026-08-31T11:40:58.134284808Z,5.156329,115.533812,Cloud to Cloud,-17507,3123,10
2026-08-31T11:40:57.884537357Z,5.262978,115.599166,Cloud to Cloud,-10987,18198,10
2026-08-31T11:40:57.862286151Z,5.188481,115.595743,Cloud to Ground,11581,0,6
2026-08-31T11:40:58.060654269Z,6.942283,117.265443,Cloud to Cloud,13210,11706,7
2026-08-31T11:40:58.099693866Z,6.885854,117.279111,Cloud to Cloud,14465,6419,7
2026-08-31T11:40:58.689157439Z,14.280998,134.335835,Cloud to Ground,15545,0,9
2026-08-31T11:40:59.075823544Z,5.18768,115.466514,Cloud to Ground,-21093,0,10
2026-08-31T11:40:59.223444681Z,5.24232,115.563256,Cloud to Cloud,-14253,3029,9
2026-08-31T11:40:59.283331815Z,5.170609,115.534271,Cloud to Ground,14046,0,8
2026-08-31T11:40:59.136435071Z,5.224052,115.521436,Cloud to Ground,16302,0,7
2026-08-31T11:40:59.424796822Z,6.854134,117.362735,Cloud to Cloud,9553,15433,10
2026-08-31T11:40:59.918412527Z,15.724438,132.514084,Cloud to Ground,36025,0,10
2026-08-31T11:41:00.192562377Z,6.959924,117.321678,Cloud to Ground,26214,0,8
2026-08-31T11:41:00.618452251Z,6.778109,117.47827,Cloud to Cloud,16382,6990,6
2026-08-31T11:41:00.607974967Z,6.767765,117.495995,Cloud to Ground,20672,0,12
2026-08-31T11:41:01.173479487Z,15.641542,132.580022,Cloud to Ground,-21894,0,9
2026-08-31T11:41:00.864193425Z,15.603358,132.638207,Cloud to Ground,-8412,0,8
2026-08-31T11:41:02.885223055Z,5.162062,115.578165,Cloud to Ground,23760,0,7
2026-08-31T11:41:02.038417000Z,20.7487,120.8921,Cloud to Ground,-94705,0,5
2026-08-31T11:41:03.515007265Z,6.892435,117.299816,Cloud to Cloud,-9408,7515,7
2026-08-31T11:41:03.986462069Z,6.830383,117.358577,Cloud to Ground,33905,0,13
2026-08-31T11:41:04.579057185Z,5.602658,117.160113,Cloud to Ground,20856,0,7
2026-08-31T11:41:05.818609698Z,6.850258,117.23286,Cloud to Ground,-14032,0,7
2026-08-31T11:41:05.391371299Z,22.441162,112.789599,Cloud to Ground,-13832,0,13
2026-08-31T11:41:05.102812923Z,18.901562,126.485014,Cloud to Ground,19883,0,9
2026-08-31T11:41:05.749829619Z,6.143441,117.853038,Cloud to Cloud,-22149,19600,13
2026-08-31T11:41:06.184499539Z,6.136109,117.801784,Cloud to Ground,17186,0,7
2026-08-31T11:41:05.936829616Z,6.151762,117.847508,Cloud to Ground,19603,0,13
2026-08-31T11:41:05.782832579Z,6.16749,117.913639,Cloud to Ground,23802,0,14
2026-08-31T11:41:05.884856993Z,6.149506,117.866512,Cloud to Ground,24319,0,13
2026-08-31T11:41:06.245829955Z,6.159921,117.818385,Cloud to Ground,28313,0,9
2026-08-31T11:41:06.261192052Z,6.154261,117.842747,Cloud to Ground,29022,0,13
2026-08-31T11:41:05.852006282Z,6.162985,117.905726,Cloud to Ground,39701,0,16
2026-08-31T11:41:06.120862040Z,6.206172,117.868047,Cloud to Ground,41282,0,10
2026-08-31T11:41:07.338558838Z,15.614121,132.54162,Cloud to Ground,-12516,0,9
2026-08-31T11:41:08.493586498Z,5.243122,115.555552,Cloud to Cloud,-14418,3301,8
2026-08-31T11:41:08.325653138Z,6.592599,117.911651,Cloud to Cloud,-12524,15038,6
2026-08-31T11:41:08.245129171Z,6.519616,117.959046,Cloud to Ground,49651,0,13
2026-08-31T11:41:09.018151778Z,6.754302,117.444749,Cloud to Ground,-29676,0,10
2026-08-31T11:41:09.087172969Z,6.812043,117.400454,Cloud to Ground,40900,0,11
2026-08-31T11:41:09.404130649Z,14.223157,134.114945,Cloud to Ground,16707,0,8
2026-08-31T11:41:09.120466995Z,14.253233,134.047061,Cloud to Ground,27751,0,10
2026-08-31T11:41:10.510288366Z,18.906947,126.462139,Cloud to Cloud,4485,19396,5
2026-08-31T11:41:11.364721290Z,6.96647,117.366783,Cloud to Cloud,9273,3021,7
2026-08-31T11:41:11.364020224Z,7.009071,117.394013,Cloud to Cloud,17834,3015,8
2026-08-31T11:41:11.480903078Z,6.764985,117.445458,Cloud to Cloud,8188,3007,7
2026-08-31T11:41:11.646728624Z,6.79954,117.477114,Cloud to Cloud,10353,15950,7
2026-08-31T11:41:11.681296050Z,6.756829,117.432204,Cloud to Cloud,10588,3862,7
2026-08-31T11:41:11.497226257Z,6.763292,117.396623,Cloud to Cloud,16388,10393,6
2026-08-31T11:41:11.396599696Z,6.786088,117.481646,Cloud to Ground,19076,0,10
2026-08-31T11:41:11.524730860Z,6.864349,117.470796,Cloud to Cloud,23022,14451,9
2026-08-31T11:41:11.010870879Z,5.151626,115.594705,Cloud to Ground,11103,0,10
2026-08-31T11:41:13.362048359Z,6.864193,117.284281,Cloud to Cloud,7813,3005,7
2026-08-31T11:41:12.513074935Z,6.816063,117.269736,Cloud to Cloud,15609,5879,8
2026-08-31T11:41:12.774367424Z,6.81494,117.281429,Cloud to Ground,15886,0,7
2026-08-31T11:41:12.719150881Z,6.810167,117.262841,Cloud to Ground,34557,0,8
2026-08-31T11:41:12.441607156Z,6.837541,117.307738,Cloud to Ground,43673,0,8
2026-08-31T11:41:12.637231894Z,6.835786,117.333437,Cloud to Ground,78369,0,18
2026-08-31T11:41:13.872616731Z,5.587782,117.158707,Cloud to Ground,21212,0,9
2026-08-31T11:41:13.569576556Z,6.817805,117.384128,Cloud to Cloud,-14573,7861,6
2026-08-31T11:41:13.378656739Z,2.906709,115.74628,Cloud to Ground,11164,0,8
2026-08-31T11:41:13.409016182Z,3.000621,115.708798,Cloud to Ground,24720,0,13
2026-08-31T11:41:13.483716000Z,2.7243,115.6344,Cloud to Ground,-25624,0,7
2026-08-31T11:41:14.316641252Z,6.858832,117.335916,Cloud to Ground,24372,0,11
2026-08-31T11:41:14.841150926Z,18.890915,126.557881,Cloud to Ground,-21325,0,12
2026-08-31T11:41:14.892907000Z,18.9419,126.466,Cloud to Ground,-14409,0,6
2026-08-31T11:41:14.458477053Z,20.582066,120.899074,Cloud to Cloud,6356,9737,8
2026-08-31T11:41:16.662350472Z,6.7336,117.43483,Cloud to Cloud,13085,3061,9
2026-08-31T11:41:16.640939825Z,6.753602,117.427649,Cloud to Ground,18027,0,10
2026-08-31T11:41:16.753151184Z,6.774537,117.395763,Cloud to Cloud,20611,16394,7
2026-08-31T11:41:17.642655825Z,5.154166,115.631581,Cloud to Ground,-12334,0,7
2026-08-31T11:41:18.283155000Z,6.9509,117.2885,Cloud to Ground,23249,0,7
2026-08-31T11:41:19.921637353Z,6.770144,117.484542,Cloud to Cloud,14336,4266,10
2026-08-31T11:41:19.948411914Z,6.816825,117.480662,Cloud to Ground,21158,0,8
2026-08-31T11:41:20.033980118Z,6.775717,117.48945,Cloud to Ground,21928,0,12
2026-08-31T11:41:19.719532301Z,6.733446,117.408555,Cloud to Ground,25126,0,7
2026-08-31T11:41:19.672230005Z,6.832197,117.463392,Cloud to Ground,37929,0,9
2026-08-31T11:41:20.890796659Z,6.884589,117.306031,Cloud to Cloud,10991,13853,7
2026-08-31T11:41:19.886295028Z,6.851566,117.246125,Cloud to Cloud,12461,4206,10
2026-08-31T11:41:20.387126008Z,6.773976,117.227502,Cloud to Ground,14887,0,7
2026-08-31T11:41:20.903351675Z,6.716063,117.163515,Cloud to Cloud,15950,8715,8
2026-08-31T11:41:20.742801520Z,6.784177,117.271695,Cloud to Ground,20310,0,10
2026-08-31T11:41:20.456955872Z,6.885545,117.276316,Cloud to Ground,23402,0,9
2026-08-31T11:41:19.977017163Z,6.783037,117.26264,Cloud to Ground,23554,0,7
2026-08-31T11:41:19.741741923Z,6.779308,117.265598,Cloud to Ground,32359,0,9
2026-08-31T11:41:19.679231770Z,6.918566,117.314034,Cloud to Ground,34074,0,7
2026-08-31T11:41:19.564375000Z,6.8927,117.3212,Cloud to Ground,47102,0,15
2026-08-31T11:41:19.639737301Z,6.803198,117.285009,Cloud to Ground,64096,0,9
2026-08-31T11:41:19.827359801Z,6.909926,117.308731,Cloud to Ground,68145,0,8
2026-08-31T11:41:20.142792262Z,6.725327,117.7909,Cloud to Ground,31759,0,19
2026-08-31T11:41:21.358239602Z,5.136276,115.580299,Cloud to Ground,21145,0,7
2026-08-31T11:41:21.788821411Z,14.769783,134.954338,Cloud to Ground,-21893,0,10
2026-08-31T11:41:21.659589077Z,18.887448,126.495568,Cloud to Ground,34828,0,9
2026-08-31T11:41:22.125451932Z,6.840659,117.268307,Cloud to Cloud,16039,3041,7
2026-08-31T11:41:22.287381500Z,5.211182,115.594597,Cloud to Cloud,-18505,8031,14
2026-08-31T11:41:22.278356305Z,5.204283,115.605963,Cloud to Ground,13250,0,10
2026-08-31T11:41:22.357098782Z,5.236932,115.579373,Cloud to Cloud,18255,16550,12
2026-08-31T11:41:22.313526961Z,5.153296,116.922717,Cloud to Ground,17439,0,8
2026-08-31T11:41:22.256854629Z,5.008013,116.809627,Cloud to Ground,36188,0,7
2026-08-31T11:41:22.145307423Z,19.351472,119.19921,Cloud to Cloud,19915,7573,8
2026-08-31T11:41:23.398968276Z,5.222348,115.578479,Cloud to Cloud,11741,15589,7
2026-08-31T11:41:24.033470293Z,6.729289,117.462232,Cloud to Ground,-16899,0,10
2026-08-31T11:41:23.986185631Z,6.759037,117.446931,Cloud to Ground,15636,0,8
2026-08-31T11:41:23.952400930Z,6.775543,117.425707,Cloud to Cloud,21730,7453,11
2026-08-31T11:41:23.749323276Z,6.757916,117.442013,Cloud to Ground,22652,0,12
2026-08-31T11:41:23.529675158Z,17.78311,112.934018,Cloud to Cloud,13879,4152,6
2026-08-31T11:41:23.528751964Z,17.813929,112.931141,Cloud to Ground,29074,0,12
2026-08-31T11:41:25.660246282Z,6.80439,117.235637,Cloud to Cloud,8054,5928,7
2026-08-31T11:41:25.011571184Z,6.934798,117.3295,Cloud to Cloud,19247,15494,6
2026-08-31T11:41:25.534516538Z,5.21793,115.59591,Cloud to Cloud,-10763,7813,6
2026-08-31T11:41:26.687786139Z,6.999018,117.526968,Cloud to Cloud,19784,14528,6
2026-08-31T11:41:26.588644046Z,6.961073,116.667826,Cloud to Ground,20323,0,13
2026-08-31T11:41:26.715243029Z,6.82748,117.520712,Cloud to Cloud,-23030,6416,9
2026-08-31T11:41:26.716141616Z,6.777398,117.498698,Cloud to Ground,25004,0,11
2026-08-31T11:41:26.098311196Z,19.56774,119.780073,Cloud to Cloud,7141,13910,5
2026-08-31T11:41:27.656433140Z,5.246151,115.581859,Cloud to Ground,21283,0,6
2026-08-31T11:41:27.893747162Z,5.353326,115.631706,Cloud to Ground,27530,0,14
2026-08-31T11:41:27.610933663Z,5.26673,115.633029,Cloud to Ground,30070,0,10
2026-08-31T11:41:27.519920463Z,5.222259,115.595621,Cloud to Ground,31586,0,15
2026-08-31T11:41:27.742666976Z,5.353777,115.623911,Cloud to Ground,34758,0,27
2026-08-31T11:41:28.703332484Z,5.72677,117.354271,Cloud to Ground,-20308,0,12
2026-08-31T11:41:29.043817355Z,5.595746,117.173471,Cloud to Ground,10227,0,6
2026-08-31T11:41:29.015600550Z,5.600155,117.169014,Cloud to Cloud,11214,3137,7
2026-08-31T11:41:29.086505592Z,5.662812,117.213168,Cloud to Cloud,13027,5928,7
2026-08-31T11:41:28.752279141Z,5.611933,117.122532,Cloud to Ground,21080,0,12
2026-08-31T11:41:28.883496479Z,5.178277,115.604906,Cloud to Ground,-13746,0,6
2026-08-31T11:41:29.710849257Z,6.793213,117.332073,Cloud to Cloud,-21275,19722,9
2026-08-31T11:41:30.220317662Z,22.443672,111.890261,Cloud to Cloud,10336,7371,10
2026-08-31T11:41:30.138345358Z,22.440528,111.798254,Cloud to Cloud,18109,10250,8
2026-08-31T11:41:30.224495324Z,22.405995,111.813907,Cloud to Ground,18516,0,12
2026-08-31T11:41:29.830025058Z,22.434297,111.842129,Cloud to Ground,24368,0,13
2026-08-31T11:41:30.062838007Z,22.457209,111.854045,Cloud to Ground,33393,0,18
2026-08-31T11:41:29.940901438Z,22.433879,111.872966,Cloud to Ground,55040,0,10
2026-08-31T11:41:29.806650925Z,22.439958,111.831557,Cloud to Ground,81748,0,19
2026-08-31T11:41:29.851972514Z,22.448031,111.60334,Cloud to Ground,41714,0,12
2026-08-31T11:41:30.680512733Z,6.924133,117.250141,Cloud to Ground,-19231,0,7
2026-08-31T11:41:30.279626997Z,6.81479,117.225881,Cloud to Cloud,21660,6631,10
2026-08-31T11:41:30.670721741Z,5.135813,115.522524,Cloud to Ground,-10776,0,7
2026-08-31T11:41:30.353304833Z,5.295931,115.678389,Cloud to Cloud,8157,10967,7
2026-08-31T11:41:30.021534404Z,15.053174,133.550752,Cloud to Ground,-15886,0,9
2026-08-31T11:41:30.025402755Z,15.07445,133.531261,Cloud to Ground,-14241,0,11
2026-08-31T11:41:30.020265722Z,15.036199,133.556361,Cloud to Ground,-10634,0,13
2026-08-31T11:41:30.020747697Z,15.02912,133.536515,Cloud to Ground,16714,0,12
2026-08-31T11:41:31.622654513Z,9.775666,119.46213,Cloud to Cloud,12564,3092,6
2026-08-31T11:41:31.428846689Z,9.734705,119.396513,Cloud to Ground,35289,0,9
2026-08-31T11:41:31.983067376Z,6.777972,117.247958,Cloud to Cloud,16968,19315,10
2026-08-31T11:41:31.741665000Z,6.8841,117.1902,Cloud to Ground,18891,0,6
2026-08-31T11:41:31.852332193Z,18.856736,126.52872,Cloud to Ground,-26282,0,11
2026-08-31T11:41:31.984614934Z,18.976711,126.468584,Cloud to Ground,-12879,0,7
2026-08-31T11:41:32.082399595Z,6.660361,117.651778,Cloud to Ground,32694,0,10
2026-08-31T11:41:32.658761728Z,6.905101,117.249764,Cloud to Cloud,14168,3005,6
2026-08-31T11:41:32.736134735Z,6.875197,117.292311,Cloud to Cloud,23226,17207,7
2026-08-31T11:41:32.641587888Z,6.892364,117.271013,Cloud to Ground,24273,0,8
2026-08-31T11:41:32.692031923Z,14.322809,134.355195,Cloud to Ground,-18894,0,8
2026-08-31T11:41:32.415188103Z,14.305627,134.329591,Cloud to Ground,-11656,0,6
2026-08-31T11:41:32.675480890Z,14.335683,134.353003,Cloud to Ground,12567,0,6
2026-08-31T11:41:33.120276029Z,6.649801,117.401142,Cloud to Cloud,5437,14160,6
2026-08-31T11:41:33.172149218Z,6.696036,117.449115,Cloud to Cloud,14119,4627,7
2026-08-31T11:41:33.734883917Z,6.742243,117.490551,Cloud to Cloud,14237,13971,11
2026-08-31T11:41:33.363252188Z,5.182729,115.516993,Cloud to Cloud,8654,6963,9
2026-08-31T11:41:34.541624241Z,6.792975,117.471788,Cloud to Cloud,15756,5969,7
2026-08-31T11:41:34.498215075Z,6.805807,117.478323,Cloud to Ground,37087,0,13
2026-08-31T11:41:34.978797122Z,22.75142,112.25623,Cloud to Cloud,11307,3000,8
2026-08-31T11:41:34.977637893Z,22.749216,112.280475,Cloud to Ground,14255,0,7
2026-08-31T11:41:35.632857992Z,6.881474,117.365115,Cloud to Cloud,-8469,17733,7
2026-08-31T11:41:35.637767111Z,5.240506,115.63466,Cloud to Cloud,-9498,3984,6
2026-08-31T11:41:35.000356434Z,22.761927,112.405655,Cloud to Cloud,11207,4607,8
2026-08-31T11:41:36.960049168Z,6.786552,117.269098,Cloud to Cloud,-8735,16767,7
2026-08-31T11:41:36.992711467Z,6.808158,117.315528,Cloud to Ground,16117,0,15
2026-08-31T11:41:37.563817531Z,17.961199,116.177117,Cloud to Cloud,14293,5703,8
2026-08-31T11:41:37.095179919Z,22.593587,111.854109,Cloud to Cloud,-17647,3358,11
2026-08-31T11:41:37.357192652Z,22.548221,111.739881,Cloud to Cloud,-16845,3003,9
2026-08-31T11:41:37.433132130Z,22.518912,111.773981,Cloud to Cloud,16978,7533,7
2026-08-31T11:41:38.516767000Z,2.8166,115.6713,Cloud to Ground,17627,0,5
2026-08-31T11:41:39.621606853Z,6.784958,117.278995,Cloud to Ground,20342,0,7
2026-08-31T11:41:39.517493431Z,6.771366,117.245552,Cloud to Cloud,25894,4439,9
2026-08-31T11:41:39.425246383Z,6.777506,117.245453,Cloud to Ground,27719,0,6
2026-08-31T11:41:39.697365973Z,6.834775,117.190694,Cloud to Ground,40338,0,16
2026-08-31T11:41:39.320807621Z,6.804645,117.303799,Cloud to Ground,57151,0,10
2026-08-31T11:41:39.364459330Z,6.922451,117.331846,Cloud to Ground,44213,0,7
2026-08-31T11:41:39.860365229Z,6.741476,117.429285,Cloud to Ground,11342,0,6
2026-08-31T11:41:39.236941302Z,6.753825,117.450972,Cloud to Cloud,14124,3006,10
2026-08-31T11:41:40.232642568Z,6.734432,117.391929,Cloud to Ground,15027,0,7
2026-08-31T11:41:39.043521084Z,6.757161,117.479939,Cloud to Ground,34104,0,16
2026-08-31T11:41:40.566749956Z,6.77446,117.451527,Cloud to Ground,37567,0,7
2026-08-31T11:41:38.962519175Z,6.885231,117.503885,Cloud to Ground,45169,0,6
2026-08-31T11:41:39.775394937Z,6.889225,117.483609,Cloud to Ground,47980,0,7
2026-08-31T11:41:40.056290000Z,6.8499,117.4443,Cloud to Ground,54226,0,6
2026-08-31T11:41:39.172616000Z,6.8402,117.4715,Cloud to Ground,57487,0,7
2026-08-31T11:41:40.948664159Z,6.829493,117.334864,Cloud to Ground,15896,0,11
2026-08-31T11:41:40.781009556Z,5.167742,115.531415,Cloud to Ground,26666,0,8
2026-08-31T11:41:40.654445767Z,5.156673,115.617075,Cloud to Ground,28770,0,15
2026-08-31T11:41:41.813743066Z,14.667277,133.767751,Cloud to Ground,-17341,0,7
2026-08-31T11:41:41.803297441Z,14.612358,133.794602,Cloud to Ground,21648,0,7
2026-08-31T11:41:41.801604823Z,14.620888,133.764264,Cloud to Ground,31458,0,11
2026-08-31T11:41:42.582427562Z,5.22201,115.501343,Cloud to Cloud,-14309,19065,8
2026-08-31T11:41:42.527517179Z,5.276781,115.553645,Cloud to Cloud,-9283,4228,8
2026-08-31T11:41:42.224079603Z,5.150128,115.510833,Cloud to Ground,8041,0,7
2026-08-31T11:41:43.449203367Z,6.769632,117.452156,Cloud to Ground,22898,0,10
2026-08-31T11:41:43.421319063Z,6.768852,117.450796,Cloud to Ground,29204,0,11
2026-08-31T11:41:43.116220757Z,6.820698,117.319969,Cloud to Ground,47360,0,16
2026-08-31T11:41:43.825629663Z,5.143514,115.656523,Cloud to Ground,-14611,0,8
2026-08-31T11:41:43.860492587Z,5.156414,115.604452,Cloud to Ground,16601,0,7
2026-08-31T11:41:44.351415239Z,5.603917,117.163399,Cloud to Cloud,10032,3621,7
2026-08-31T11:41:44.231004599Z,5.603043,117.161549,Cloud to Ground,23677,0,8
2026-08-31T11:41:44.155790010Z,5.61749,117.193698,Cloud to Ground,48710,0,14
2026-08-31T11:41:44.274671282Z,5.813944,117.247078,Cloud to Cloud,21397,3041,7
2026-08-31T11:41:44.711378614Z,6.768271,117.508986,Cloud to Ground,21228,0,9
2026-08-31T11:41:44.577934620Z,5.284493,115.564931,Cloud to Cloud,10542,10931,6
2026-08-31T11:41:45.351399256Z,6.909346,117.272101,Cloud to Cloud,18167,18341,10
2026-08-31T11:41:45.177490598Z,6.858966,117.38965,Cloud to Cloud,-13387,3065,10
2026-08-31T11:41:44.626074178Z,6.847292,117.46469,Cloud to Cloud,7503,15852,10
2026-08-31T11:41:46.398071243Z,6.832781,117.380885,Cloud to Cloud,-14847,16140,6
2026-08-31T11:41:46.608244921Z,6.796963,117.40636,Cloud to Cloud,15754,13692,7
2026-08-31T11:41:46.522398217Z,6.853079,117.291458,Cloud to Ground,17575,0,11
2026-08-31T11:41:46.541388191Z,6.905511,117.255725,Cloud to Cloud,19123,15803,12
2026-08-31T11:41:46.503496114Z,6.854454,117.293579,Cloud to Ground,23858,0,14
2026-08-31T11:41:46.887094483Z,5.304818,115.591515,Cloud to Cloud,-12191,7717,11
2026-08-31T11:41:47.697852608Z,6.683368,117.817549,Cloud to Cloud,-12791,4904,7
2026-08-31T11:41:47.549682946Z,6.718503,117.483013,Cloud to Cloud,-11224,4555,7
2026-08-31T11:41:47.231510803Z,18.835762,126.495534,Cloud to Ground,-48253,0,13
2026-08-31T11:41:47.332316291Z,18.841909,126.520352,Cloud to Ground,-25317,0,14
2026-08-31T11:41:47.352449927Z,18.844066,126.544139,Cloud to Ground,-19864,0,11
2026-08-31T11:41:47.303699085Z,18.840779,126.526754,Cloud to Ground,-19535,0,13
2026-08-31T11:41:47.259426172Z,18.846789,126.534925,Cloud to Ground,-19040,0,9
2026-08-31T11:41:47.660780559Z,18.844957,126.534312,Cloud to Ground,-15854,0,7
2026-08-31T11:41:47.418923157Z,18.844413,126.534743,Cloud to Ground,-13299,0,7
2026-08-31T11:41:48.488645449Z,6.951445,116.681968,Cloud to Ground,-11491,0,6
2026-08-31T11:41:48.661606531Z,6.914711,116.564032,Cloud to Ground,44524,0,12
2026-08-31T11:41:48.543189406Z,6.923324,116.637548,Cloud to Ground,49280,0,8
2026-08-31T11:41:48.807155582Z,6.895288,117.393662,Cloud to Ground,-10504,0,8
2026-08-31T11:41:48.884683078Z,6.851856,117.463692,Cloud to Cloud,17588,7202,11
2026-08-31T11:41:48.923480657Z,6.810184,117.481836,Cloud to Cloud,21294,5347,8
2026-08-31T11:41:48.465340705Z,6.684474,117.457554,Cloud to Ground,15870,0,7
2026-08-31T11:41:49.687668697Z,6.853051,117.256365,Cloud to Cloud,5575,6498,5
2026-08-31T11:41:49.937988717Z,6.783066,117.302413,Cloud to Cloud,11922,15423,7
2026-08-31T11:41:50.404818962Z,6.755622,117.275424,Cloud to Ground,17778,0,7
2026-08-31T11:41:49.207815606Z,6.776391,117.301445,Cloud to Ground,22191,0,13
2026-08-31T11:41:50.202541235Z,6.777442,117.361934,Cloud to Ground,33813,0,10
2026-08-31T11:41:50.339478890Z,6.893587,117.32965,Cloud to Ground,47354,0,7
2026-08-31T11:41:49.936893975Z,6.911691,117.331935,Cloud to Ground,55796,0,8
2026-08-31T11:41:49.159744660Z,22.473997,112.758146,Cloud to Cloud,-5712,3012,6
2026-08-31T11:41:50.056167144Z,5.229812,115.556462,Cloud to Cloud,-12925,16504,14
2026-08-31T11:41:50.124667222Z,6.962529,117.409205,Cloud to Cloud,23791,6972,7
2026-08-31T11:41:50.502819524Z,19.251943,118.416018,Cloud to Cloud,-13692,3009,12
2026-08-31T11:41:51.181027216Z,5.200013,116.947856,Cloud to Cloud,-22799,7291,12
2026-08-31T11:41:52.345407952Z,6.7729,117.312649,Cloud to Cloud,20324,3163,6
2026-08-31T11:41:52.777367745Z,2.904117,115.708485,Cloud to Ground,18213,0,10
2026-08-31T11:41:52.767795326Z,2.934995,115.692841,Cloud to Ground,32051,0,7
2026-08-31T11:41:52.697079288Z,15.688859,132.367348,Cloud to Ground,19297,0,11
2026-08-31T11:41:52.697590111Z,15.531161,132.449853,Cloud to Ground,63899,0,12
2026-08-31T11:41:54.230472248Z,6.865392,117.254821,Cloud to Ground,17651,0,11
2026-08-31T11:41:54.627103714Z,6.767684,117.473828,Cloud to Cloud,-15132,16149,6
2026-08-31T11:41:54.573564433Z,6.774459,117.441391,Cloud to Ground,13598,0,8
2026-08-31T11:41:54.218123000Z,7.1042,117.1355,Cloud to Ground,-11138,0,5
2026-08-31T11:41:54.250837270Z,6.661384,117.330373,Cloud to Ground,-11348,0,6
2026-08-31T11:41:54.535305567Z,5.35888,115.703753,Cloud to Cloud,-11192,18792,8
2026-08-31T11:41:54.485309160Z,20.335893,120.681588,Cloud to Cloud,5933,17970,8
2026-08-31T11:41:54.785293395Z,20.409574,120.697676,Cloud to Cloud,7161,19180,6
2026-08-31T11:41:54.392028511Z,20.434788,120.709716,Cloud to Cloud,9376,14951,6
2026-08-31T11:41:54.493807658Z,20.423415,120.699881,Cloud to Cloud,11257,17404,6
2026-08-31T11:41:55.574659179Z,6.804912,117.334289,Cloud to Ground,-13459,0,9
2026-08-31T11:41:55.587774333Z,6.809427,117.332802,Cloud to Ground,-9803,0,6
2026-08-31T11:41:55.546475201Z,6.900326,117.378813,Cloud to Cloud,13052,7232,9
2026-08-31T11:41:56.335994159Z,5.136112,115.547969,Cloud to Ground,8510,0,6
2026-08-31T11:41:57.626752675Z,22.599992,111.418434,Cloud to Cloud,13715,14608,10
2026-08-31T11:41:57.519368817Z,22.628086,111.543921,Cloud to Cloud,14426,3003,10
2026-08-31T11:41:57.484835668Z,22.616355,111.4818,Cloud to Ground,22038,0,12
2026-08-31T11:41:57.493645489Z,22.603141,111.554828,Cloud to Ground,125039,0,21
2026-08-31T11:41:58.371485375Z,18.899199,126.47968,Cloud to Ground,34413,0,11
2026-08-31T11:41:59.420089081Z,5.111449,115.399427,Cloud to Ground,25494,0,7
2026-08-31T11:41:59.076254854Z,4.919639,116.853884,Cloud to Ground,17739,0,10
2026-08-31T11:41:59.063706725Z,4.949127,116.824922,Cloud to Ground,33569,0,11
2026-08-31T11:42:00.040801344Z,4.908429,116.835508,Cloud to Ground,-19462,0,12
2026-08-31T11:42:00.388975184Z,6.838559,117.304065,Cloud to Cloud,-14885,3000,8
2026-08-31T11:42:00.495168869Z,6.772882,117.243836,Cloud to Ground,-8499,0,6
2026-08-31T11:42:00.766457795Z,6.780204,117.489198,Cloud to Ground,35291,0,9
2026-08-31T11:42:02.240250951Z,6.923926,117.348355,Cloud to Ground,54256,0,7
2026-08-31T11:42:02.316402562Z,6.804867,117.321821,Cloud to Cloud,-6929,6210,7
2026-08-31T11:42:02.365345454Z,6.780628,117.289874,Cloud to Ground,17282,0,7
2026-08-31T11:42:02.122112705Z,6.805185,117.286483,Cloud to Cloud,22939,17878,7
2026-08-31T11:42:02.314808793Z,6.801228,117.313394,Cloud to Ground,47277,0,9
2026-08-31T11:42:02.098545865Z,6.814518,117.371481,Cloud to Ground,47608,0,17
2026-08-31T11:42:02.683257743Z,15.611035,132.571904,Cloud to Ground,20517,0,7
2026-08-31T11:42:02.271782464Z,18.826053,126.407913,Cloud to Cloud,22217,3303,7
2026-08-31T11:42:02.348087272Z,18.911685,126.376573,Cloud to Ground,16520,0,13
2026-08-31T11:42:03.697856795Z,5.266313,115.660213,Cloud to Ground,-9472,0,7
2026-08-31T11:42:04.217093724Z,6.639055,117.355095,Cloud to Ground,18504,0,8
2026-08-31T11:42:04.267074837Z,6.704817,117.427119,Cloud to Cloud,-12579,7884,7
2026-08-31T11:42:04.272515166Z,6.828869,117.316779,Cloud to Ground,10680,0,8
2026-08-31T11:42:04.457219956Z,6.855342,117.321814,Cloud to Ground,17711,0,12
2026-08-31T11:42:06.037626692Z,6.82652,117.238208,Cloud to Cloud,8323,3014,8
2026-08-31T11:42:05.511044235Z,6.774345,117.274908,Cloud to Ground,33551,0,9
2026-08-31T11:42:06.375187528Z,4.007679,115.010053,Cloud to Ground,21349,0,7
2026-08-31T11:42:07.558063121Z,6.707424,117.591004,Cloud to Cloud,-10770,3023,7
2026-08-31T11:42:07.552094227Z,6.650639,117.565919,Cloud to Cloud,-9156,3043,7
2026-08-31T11:42:07.716369938Z,6.655386,117.628341,Cloud to Cloud,-9075,15474,10
2026-08-31T11:42:07.569543877Z,6.652655,117.56979,Cloud to Cloud,-7238,4769,6
2026-08-31T11:42:07.606292100Z,6.783097,117.321173,Cloud to Cloud,13122,14725,8
2026-08-31T11:42:07.973180243Z,14.76234,134.861228,Cloud to Ground,14835,0,10
2026-08-31T11:42:08.772894699Z,14.77345,134.87213,Cloud to Ground,-32235,0,9
2026-08-31T11:42:08.925504570Z,14.829076,134.910511,Cloud to Ground,-15773,0,5
2026-08-31T11:42:08.988256474Z,14.799463,134.994518,Cloud to Ground,18361,0,12
2026-08-31T11:42:08.479920680Z,14.840784,134.908547,Cloud to Ground,19221,0,12
2026-08-31T11:42:08.945174025Z,14.866856,134.974411,Cloud to Ground,21770,0,11
2026-08-31T11:42:10.011931670Z,6.561695,117.936328,Cloud to Cloud,20678,6601,8
2026-08-31T11:42:09.843556427Z,6.492496,117.977087,Cloud to Cloud,40846,3004,8
2026-08-31T11:42:10.413761475Z,5.607663,117.175053,Cloud to Cloud,-11191,3154,7
2026-08-31T11:42:08.884498003Z,5.253822,115.655375,Cloud to Ground,-11758,0,8
2026-08-31T11:42:09.950738207Z,5.286873,115.562353,Cloud to Cloud,8441,4983,6
2026-08-31T11:42:10.291653543Z,5.243127,115.549107,Cloud to Cloud,9479,7650,8
2026-08-31T11:42:09.774799955Z,5.202389,115.545237,Cloud to Ground,11707,0,8
2026-08-31T11:42:09.143427259Z,5.218919,115.613441,Cloud to Cloud,12130,16485,6
2026-08-31T11:42:09.648363549Z,5.210246,115.577001,Cloud to Cloud,13326,5444,10
2026-08-31T11:42:10.084129765Z,5.251266,115.572743,Cloud to Ground,32129,0,8
2026-08-31T11:42:10.191980557Z,6.830186,117.378881,Cloud to Ground,65642,0,18
2026-08-31T11:42:10.163139000Z,6.9152,117.3827,Cloud to Ground,70271,0,5
2026-08-31T11:42:10.095306000Z,7.0898,117.464,Cloud to Ground,100089,0,7
2026-08-31T11:42:10.614960234Z,3.183388,114.560548,Cloud to Ground,-13845,0,11
2026-08-31T11:42:10.061763659Z,5.021199,116.956181,Cloud to Ground,-8067,0,9
2026-08-31T11:42:11.132155048Z,6.791839,117.385433,Cloud to Cloud,17943,16205,11
2026-08-31T11:42:11.078462780Z,6.856181,117.336747,Cloud to Cloud,20659,3004,9
2026-08-31T11:42:11.862090193Z,6.741347,117.506617,Cloud to Ground,16047,0,7
2026-08-31T11:42:11.242736066Z,18.86207,126.55288,Cloud to Ground,-6809,0,6
2026-08-31T11:42:11.124074348Z,18.917831,126.37711,Cloud to Ground,-19856,0,8
2026-08-31T11:42:12.373361403Z,6.747739,117.365117,Cloud to Cloud,15723,12893,7
2026-08-31T11:42:11.387894948Z,5.150531,115.444908,Cloud to Cloud,-12128,4444,8
2026-08-31T11:42:12.105855581Z,5.259077,115.489508,Cloud to Ground,-10240,0,7
2026-08-31T11:42:11.609139117Z,5.257558,115.507927,Cloud to Ground,-9667,0,10
2026-08-31T11:42:11.913526412Z,5.195611,115.446313,Cloud to Ground,6669,0,7
2026-08-31T11:42:12.992881822Z,17.715,133.551472,Cloud to Ground,-49964,0,10
2026-08-31T11:42:13.073561259Z,17.701495,133.600292,Cloud to Ground,-24102,0,13
2026-08-31T11:42:13.169946326Z,17.688928,133.602705,Cloud to Ground,-17999,0,7
2026-08-31T11:42:12.837992860Z,22.451852,112.699779,Cloud to Cloud,-11599,15034,8
2026-08-31T11:42:13.196228722Z,6.827065,117.37531,Cloud to Ground,38668,0,14
2026-08-31T11:42:13.207354251Z,6.935478,117.329643,Cloud to Cloud,12809,6665,6
2026-08-31T11:42:13.560964297Z,6.788163,117.463803,Cloud to Cloud,28117,3345,12
2026-08-31T11:42:13.318948513Z,6.765682,117.257299,Cloud to Ground,-20326,0,7
2026-08-31T11:42:13.252959389Z,6.79664,117.257893,Cloud to Cloud,11085,8786,7
2026-08-31T11:42:13.351237165Z,6.802315,117.279869,Cloud to Ground,13530,0,7
2026-08-31T11:42:13.215299235Z,6.796449,117.263379,Cloud to Ground,17558,0,7
2026-08-31T11:42:13.077307132Z,6.765052,117.239658,Cloud to Cloud,18011,15388,7
2026-08-31T11:42:13.075402000Z,6.9463,117.2395,Cloud to Ground,17303,0,5
2026-08-31T11:42:13.972481986Z,5.308209,115.537623,Cloud to Cloud,10437,3511,6
2026-08-31T11:42:13.136315329Z,17.81835,133.385579,Cloud to Ground,-22868,0,8
2026-08-31T11:42:13.049503000Z,17.8147,133.5291,Cloud to Ground,14145,0,6
2026-08-31T11:42:14.325405790Z,6.832057,117.29466,Cloud to Ground,-17987,0,8
2026-08-31T11:42:14.471017985Z,6.142068,117.806874,Cloud to Cloud,-9423,9562,6
2026-08-31T11:42:14.244119164Z,5.183201,115.632149,Cloud to Cloud,-17500,3821,8
2026-08-31T11:42:14.932696395Z,15.437456,132.696712,Cloud to Ground,15170,0,9
2026-08-31T11:42:14.178755048Z,22.561019,112.218768,Cloud to Ground,20437,0,14
2026-08-31T11:42:14.191591925Z,22.574824,112.081606,Cloud to Ground,27328,0,9
2026-08-31T11:42:14.183662041Z,22.546682,112.363444,Cloud to Cloud,-14867,12968,11
2026-08-31T11:42:14.179965720Z,22.48127,112.411912,Cloud to Ground,22224,0,8
2026-08-31T11:42:15.195947433Z,6.681156,117.869193,Cloud to Ground,33876,0,15
2026-08-31T11:42:15.379540903Z,15.650378,132.542321,Cloud to Ground,-14524,0,10
2026-08-31T11:42:16.444555427Z,6.819242,117.355784,Cloud to Ground,13359,0,7
2026-08-31T11:42:16.426400612Z,5.204476,115.500361,Cloud to Cloud,11957,4594,9
2026-08-31T11:42:17.132076146Z,6.938575,117.287157,Cloud to Cloud,5830,15207,6
2026-08-31T11:42:17.101998320Z,6.822112,117.234373,Cloud to Cloud,16438,12972,9
2026-08-31T11:42:17.531638300Z,5.297324,115.585877,Cloud to Cloud,-14839,12392,6
2026-08-31T11:42:17.967863429Z,15.335843,133.996903,Cloud to Ground,-18713,0,9
2026-08-31T11:42:18.446432215Z,15.281115,133.964996,Cloud to Cloud,-16296,6531,9
2026-08-31T11:42:17.966816174Z,15.364406,133.988019,Cloud to Ground,-13283,0,8
2026-08-31T11:42:18.891274573Z,6.892189,117.167054,Cloud to Cloud,27502,9562,9
2026-08-31T11:42:18.844396985Z,6.804155,117.191674,Cloud to Cloud,28485,10312,12
2026-08-31T11:42:18.117039864Z,6.840845,117.297155,Cloud to Cloud,-13070,18770,12
2026-08-31T11:42:18.986734036Z,6.370751,117.784852,Cloud to Ground,21227,0,9
2026-08-31T11:42:18.908000214Z,6.748247,117.497811,Cloud to Ground,12645,0,12
2026-08-31T11:42:18.706969891Z,15.252344,134.067678,Cloud to Ground,43745,0,10
2026-08-31T11:42:18.416803976Z,15.209477,133.786819,Cloud to Ground,-21254,0,11
2026-08-31T11:42:19.051752000Z,6.8548,117.327,Cloud to Ground,-6048,0,5
2026-08-31T11:42:19.059292212Z,6.792913,117.287678,Cloud to Ground,18320,0,9
2026-08-31T11:42:20.486705763Z,4.927074,115.494045,Cloud to Ground,28313,0,7
2026-08-31T11:42:21.314680722Z,5.671661,117.237501,Cloud to Ground,19345,0,7
2026-08-31T11:42:21.407014796Z,5.583588,117.215671,Cloud to Ground,24746,0,7
2026-08-31T11:42:21.078555810Z,5.595984,117.218865,Cloud to Ground,30952,0,8
2026-08-31T11:42:21.994882355Z,6.819128,117.419005,Cloud to Cloud,-17526,14065,7
2026-08-31T11:42:22.431526483Z,6.79369,117.300793,Cloud to Cloud,11852,15897,7
2026-08-31T11:42:22.584224015Z,6.796955,117.306463,Cloud to Cloud,13871,3257,6
2026-08-31T11:42:22.364513393Z,6.79476,117.301989,Cloud to Ground,16127,0,7
2026-08-31T11:42:22.500932028Z,6.820331,117.323693,Cloud to Ground,19300,0,7
2026-08-31T11:42:22.312708815Z,6.77133,117.205647,Cloud to Cloud,22661,9355,8
2026-08-31T11:42:22.256912656Z,6.787994,117.269207,Cloud to Ground,23054,0,7
2026-08-31T11:42:22.399333265Z,6.796776,117.306229,Cloud to Ground,24866,0,7
2026-08-31T11:42:21.935908472Z,6.799858,117.390856,Cloud to Ground,35094,0,14
2026-08-31T11:42:22.203708690Z,6.815181,117.327039,Cloud to Ground,40263,0,10
2026-08-31T11:42:23.631757274Z,6.862806,117.454482,Cloud to Cloud,20170,3877,7
2026-08-31T11:42:23.624024532Z,5.195022,115.51396,Cloud to Ground,-16363,0,8
2026-08-31T11:42:24.353899284Z,5.267634,115.753939,Cloud to Cloud,-13037,15787,8
2026-08-31T11:42:24.544133062Z,5.260499,115.606458,Cloud to Ground,-18359,0,8
2026-08-31T11:42:24.293919281Z,5.246234,115.595782,Cloud to Ground,-13559,0,8
2026-08-31T11:42:25.137054997Z,5.239247,115.595121,Cloud to Ground,-9542,0,7
2026-08-31T11:42:24.748932438Z,5.165041,115.527631,Cloud to Cloud,-14349,5458,8
2026-08-31T11:42:24.711878488Z,6.863087,117.381523,Cloud to Ground,-14163,0,8
2026-08-31T11:42:25.036541923Z,5.67951,117.162657,Cloud to Ground,43495,0,7
2026-08-31T11:42:25.846783333Z,6.73767,117.289888,Cloud to Cloud,5860,18005,6
2026-08-31T11:42:25.038027027Z,5.848755,117.242589,Cloud to Cloud,18156,3000,7
2026-08-31T11:42:25.158515881Z,6.755401,117.422609,Cloud to Ground,12412,0,9
2026-08-31T11:42:26.387062339Z,6.845037,117.400032,Cloud to Cloud,13578,19319,7
2026-08-31T11:42:26.868167596Z,5.280379,115.604951,Cloud to Ground,17304,0,6
2026-08-31T11:42:26.436989273Z,18.855409,126.545165,Cloud to Ground,-36127,0,11
2026-08-31T11:42:26.220000681Z,18.880042,118.159975,Cloud to Cloud,9707,3026,7
2026-08-31T11:42:26.198767408Z,18.795555,118.112973,Cloud to Ground,-25097,0,9
2026-08-31T11:42:28.488042660Z,6.895435,117.248793,Cloud to Cloud,7864,14262,10
2026-08-31T11:42:28.284329260Z,6.830954,117.258546,Cloud to Cloud,11397,11785,12
2026-08-31T11:42:28.822071738Z,6.805438,117.279618,Cloud to Ground,17423,0,7
2026-08-31T11:42:28.463542798Z,6.953288,117.311713,Cloud to Cloud,22174,3722,7
2026-08-31T11:42:28.933764971Z,6.822054,117.32193,Cloud to Ground,27655,0,13
2026-08-31T11:42:28.567540891Z,6.816638,117.292413,Cloud to Ground,28784,0,7
2026-08-31T11:42:28.725956675Z,6.827619,117.304012,Cloud to Ground,30525,0,10
2026-08-31T11:42:28.894238594Z,6.814888,117.221748,Cloud to Ground,33804,0,12
2026-08-31T11:42:28.517069650Z,6.853243,117.211666,Cloud to Ground,36081,0,12
2026-08-31T11:42:28.671441349Z,6.829747,117.383089,Cloud to Cloud,45261,12084,14
2026-08-31T11:42:28.466548718Z,6.818869,117.317755,Cloud to Ground,50973,0,15
2026-08-31T11:42:28.686404528Z,19.162396,119.040736,Cloud to Cloud,9623,6567,7
2026-08-31T11:42:28.683780000Z,19.2892,119.0947,Cloud to Ground,-11972,0,5
2026-08-31T11:42:29.030109941Z,5.235952,115.615376,Cloud to Ground,-16088,0,10
2026-08-31T11:42:28.900024532Z,5.292255,115.64074,Cloud to Cloud,-13972,12111,16
2026-08-31T11:42:31.016305094Z,6.33574,117.846879,Cloud to Ground,46790,0,7
2026-08-31T11:42:30.920297257Z,6.165552,117.808242,Cloud to Ground,16277,0,8
2026-08-31T11:42:31.200589736Z,6.182593,117.841059,Cloud to Cloud,20134,19885,13
2026-08-31T11:42:30.800097384Z,6.188815,117.818334,Cloud to Ground,25681,0,10
2026-08-31T11:42:31.185981130Z,6.16507,117.804837,Cloud to Ground,34762,0,8
2026-08-31T11:42:31.724138310Z,14.280145,134.313859,Cloud to Ground,-12627,0,9
2026-08-31T11:42:32.911809987Z,5.191001,115.5232,Cloud to Ground,-15422,0,11
2026-08-31T11:42:32.947391866Z,5.26967,115.619009,Cloud to Cloud,-14450,4382,9
2026-08-31T11:42:33.009065689Z,5.184823,115.599519,Cloud to Ground,-12488,0,8
2026-08-31T11:42:32.920749000Z,5.225755,115.637877,Cloud to Ground,-12281,0,6
2026-08-31T11:42:33.198550203Z,5.292811,115.612874,Cloud to Ground,11583,0,8
2026-08-31T11:42:33.340696214Z,5.215633,115.5346,Cloud to Ground,13126,0,9
2026-08-31T11:42:32.903850382Z,5.214467,115.606606,Cloud to Ground,21483,0,7
2026-08-31T11:42:34.854746087Z,6.757904,117.581395,Cloud to Cloud,-15365,3005,7
2026-08-31T11:42:34.884063325Z,6.759799,117.495519,Cloud to Ground,18548,0,10
2026-08-31T11:42:34.759552080Z,15.755451,132.157096,Cloud to Cloud,-6361,5315,6
2026-08-31T11:42:34.758178347Z,15.55013,132.403455,Cloud to Ground,-13128,0,7
2026-08-31T11:42:35.870963627Z,6.859139,117.517545,Cloud to Cloud,10045,3011,8
2026-08-31T11:42:35.902810655Z,6.75852,117.421274,Cloud to Cloud,11516,3064,8
2026-08-31T11:42:35.853012699Z,6.753245,117.43954,Cloud to Cloud,12838,7564,7
2026-08-31T11:42:35.819789251Z,6.777342,117.414795,Cloud to Cloud,14155,12468,8
2026-08-31T11:42:35.878580439Z,5.14906,115.545457,Cloud to Ground,-11695,0,6
2026-08-31T11:42:35.625316435Z,5.227434,115.567214,Cloud to Cloud,20591,5286,7
2026-08-31T11:42:35.414871224Z,6.664656,117.614682,Cloud to Cloud,20403,17225,8
2026-08-31T11:42:35.081086962Z,6.796777,117.870132,Cloud to Ground,16414,0,11
2026-08-31T11:42:35.170397000Z,6.8748,117.8116,Cloud to Ground,-3753,0,6
2026-08-31T11:42:35.196061793Z,22.593998,112.565288,Cloud to Cloud,-10025,17907,8
2026-08-31T11:42:35.452241545Z,22.625989,112.586191,Cloud to Cloud,13803,4930,7
2026-08-31T11:42:35.191850347Z,22.622817,112.477512,Cloud to Ground,19701,0,10
2026-08-31T11:42:36.729511187Z,5.348996,115.595203,Cloud to Ground,18207,0,7
2026-08-31T11:42:36.714766022Z,18.845326,126.521082,Cloud to Ground,-25353,0,11
2026-08-31T11:42:36.872861589Z,18.844677,126.531339,Cloud to Ground,-23693,0,17
2026-08-31T11:42:37.056705975Z,17.988103,116.036071,Cloud to Cloud,10856,4318,7
2026-08-31T11:42:37.070109363Z,18.025681,115.989413,Cloud to Ground,11442,0,10
2026-08-31T11:42:37.047015334Z,18.01869,116.17633,Cloud to Cloud,-36055,6532,13
2026-08-31T11:42:37.046335000Z,18.0987,116.1552,Cloud to Ground,-22011,0,6
2026-08-31T11:42:38.947313643Z,5.148686,115.60532,Cloud to Ground,-10800,0,8
2026-08-31T11:42:53.701169722Z,6.745419,117.24648,Cloud to Cloud,-8998,3803,6
2026-08-31T11:42:54.901700450Z,6.899809,117.469677,Cloud to Ground,-20749,0,8
2026-08-31T11:42:54.935878884Z,15.650502,132.636989,Cloud to Ground,-12937,0,11
2026-08-31T11:42:54.960366000Z,15.653,132.4052,Cloud to Ground,-4322,0,6
2026-08-31T11:42:55.804257386Z,6.740021,117.367924,Cloud to Cloud,9874,8083,10
2026-08-31T11:42:55.006873815Z,5.270128,115.625023,Cloud to Cloud,-17832,13217,14
2026-08-31T11:42:55.190523000Z,6.9249,117.2845,Cloud to Ground,96795,0,5
2026-08-31T11:42:57.449670852Z,14.257894,134.083429,Cloud to Ground,16166,0,8
2026-08-31T11:42:58.955206436Z,6.820498,117.375528,Cloud to Ground,38823,0,14
2026-08-31T11:42:58.296174403Z,6.846498,117.285916,Cloud to Cloud,-18489,16827,11
2026-08-31T11:42:58.734765741Z,6.798536,117.858833,Cloud to Ground,13603,0,7
2026-08-31T11:42:59.664955444Z,19.169246,131.400522,Cloud to Ground,10798,0,9
2026-08-31T11:42:59.621378056Z,18.914706,131.411251,Cloud to Cloud,-48921,3005,15
2026-08-31T11:42:59.615880869Z,19.013757,131.422495,Cloud to Ground,-12703,0,12
2026-08-31T11:42:59.671255515Z,18.975639,131.455948,Cloud to Ground,-12428,0,7
2026-08-31T11:42:59.657467000Z,19.0653,131.4023,Cloud to Ground,-11853,0,5
2026-08-31T11:43:00.180826038Z,6.817774,117.23446,Cloud to Ground,-10927,0,7
2026-08-31T11:43:00.312605300Z,6.761,117.257648,Cloud to Cloud,9289,3311,9
2026-08-31T11:43:00.331991581Z,6.760119,117.255775,Cloud to Cloud,11147,3186,7
2026-08-31T11:43:00.397352803Z,6.908064,117.316083,Cloud to Cloud,17636,3009,7
2026-08-31T11:43:00.157998194Z,6.810088,117.163949,Cloud to Cloud,18109,18352,11
2026-08-31T11:43:00.253706552Z,6.848225,117.317302,Cloud to Ground,19823,0,7
2026-08-31T11:43:00.561897715Z,6.763098,117.256923,Cloud to Ground,20459,0,8
2026-08-31T11:43:00.521458219Z,6.808649,117.366232,Cloud to Ground,23971,0,8
2026-08-31T11:43:01.845307890Z,6.827558,117.394923,Cloud to Cloud,11367,3003,10
2026-08-31T11:43:01.593934902Z,6.800594,117.473016,Cloud to Cloud,18651,7572,11
2026-08-31T11:43:01.113409481Z,4.024849,114.995491,Cloud to Ground,17476,0,11
2026-08-31T11:43:01.637299000Z,3.1877,114.463,Cloud to Ground,-848,0,7
2026-08-31T11:43:02.138597983Z,18.850582,126.529691,Cloud to Ground,-23436,0,15
2026-08-31T11:43:02.092438666Z,18.841774,126.505523,Cloud to Ground,-15663,0,10
2026-08-31T11:43:02.239769412Z,18.848393,126.526444,Cloud to Ground,-14124,0,11
2026-08-31T11:43:03.057526649Z,6.756118,117.527507,Cloud to Ground,26881,0,7
2026-08-31T11:43:03.508660201Z,5.235859,116.90275,Cloud to Cloud,-14489,3008,8
2026-08-31T11:43:03.410386891Z,5.223669,116.869147,Cloud to Ground,22227,0,7
2026-08-31T11:43:03.186235083Z,5.014664,115.626017,Cloud to Cloud,-9593,6783,7
2026-08-31T11:43:04.441119378Z,6.738331,117.841274,Cloud to Ground,46116,0,11
2026-08-31T11:43:04.248815638Z,6.118937,117.870638,Cloud to Ground,10062,0,7
2026-08-31T11:43:04.908574803Z,5.242833,115.556136,Cloud to Cloud,-15647,7721,11
2026-08-31T11:43:04.749736109Z,6.681568,117.193801,Cloud to Cloud,-21175,3038,7
2026-08-31T11:43:04.783321789Z,6.765821,117.210802,Cloud to Cloud,8387,8574,7
2026-08-31T11:43:04.305269988Z,15.621306,132.566678,Cloud to Ground,11929,0,7
2026-08-31T11:43:04.175595271Z,15.657023,132.557178,Cloud to Cloud,15024,13975,6
2026-08-31T11:43:05.417924432Z,6.832259,117.373295,Cloud to Cloud,-9859,4361,7
2026-08-31T11:43:05.022619101Z,6.820046,117.30659,Cloud to Ground,39599,0,8
2026-08-31T11:43:05.497619000Z,14.3669,134.0827,Cloud to Ground,258,0,10
2026-08-31T11:43:06.970191051Z,5.577404,117.183521,Cloud to Cloud,12580,3485,6
2026-08-31T11:43:06.400177873Z,5.276876,115.547311,Cloud to Cloud,-26470,17000,12
2026-08-31T11:43:06.369831361Z,5.194925,115.52215,Cloud to Ground,19198,0,12
2026-08-31T11:43:06.926512167Z,20.766853,120.950312,Cloud to Ground,-41194,0,11
2026-08-31T11:43:06.989260061Z,20.762377,120.947253,Cloud to Ground,-31072,0,17
2026-08-31T11:43:07.314674203Z,5.199507,115.611363,Cloud to Ground,18107,0,13
2026-08-31T11:43:08.895721906Z,6.882608,117.258989,Cloud to Cloud,11722,3784,6
2026-08-31T11:43:08.515070483Z,6.876073,117.290382,Cloud to Cloud,16389,3371,10
2026-08-31T11:43:08.696346459Z,6.807391,117.253889,Cloud to Ground,18337,0,7
2026-08-31T11:43:09.008661815Z,6.953192,117.317496,Cloud to Cloud,19314,3753,7
2026-08-31T11:43:09.169610764Z,6.943552,117.305711,Cloud to Ground,28983,0,8
2026-08-31T11:43:08.953666621Z,6.827452,117.27693,Cloud to Ground,38196,0,10
2026-08-31T11:43:08.641234234Z,6.827936,117.279596,Cloud to Ground,61722,0,10
2026-08-31T11:43:08.388275668Z,5.169435,115.592992,Cloud to Ground,27471,0,11
2026-08-31T11:43:09.333375899Z,9.800247,119.41796,Cloud to Cloud,-14497,5624,7
2026-08-31T11:43:10.590930519Z,6.74767,117.430088,Cloud to Cloud,6478,16805,5
2026-08-31T11:43:10.793817977Z,6.742207,117.451514,Cloud to Cloud,10554,7169,6
2026-08-31T11:43:10.252427796Z,6.921936,117.334718,Cloud to Cloud,-11037,8731,7
2026-08-31T11:43:11.046482341Z,5.213894,115.520638,Cloud to Ground,-16640,0,11
2026-08-31T11:43:11.129820690Z,5.258557,115.523829,Cloud to Cloud,-16117,11613,7
2026-08-31T11:43:12.236881272Z,6.934843,117.309621,Cloud to Ground,40746,0,7
2026-08-31T11:43:12.268075372Z,6.796317,117.235158,Cloud to Cloud,11640,7447,8
2026-08-31T11:43:12.397518144Z,6.755175,117.219783,Cloud to Ground,20943,0,9
2026-08-31T11:43:12.300049877Z,6.804188,117.260424,Cloud to Ground,29959,0,11
2026-08-31T11:43:12.133285863Z,6.821183,117.304347,Cloud to Ground,40828,0,16
2026-08-31T11:43:13.994743603Z,5.239032,115.619536,Cloud to Ground,-16420,0,11
2026-08-31T11:43:13.055608724Z,6.785139,117.32636,Cloud to Ground,15722,0,9
2026-08-31T11:43:14.411356171Z,6.919049,117.342351,Cloud to Ground,24475,0,12
2026-08-31T11:43:14.271524698Z,4.910644,115.634405,Cloud to Ground,12906,0,14
2026-08-31T11:43:14.295670898Z,6.748186,117.294286,Cloud to Ground,14028,0,6
2026-08-31T11:43:14.039068740Z,18.063426,133.150301,Cloud to Ground,-13004,0,10
2026-08-31T11:43:15.508298965Z,6.889329,117.295853,Cloud to Cloud,15143,4568,8
2026-08-31T11:43:15.455156298Z,6.895624,117.293828,Cloud to Cloud,21870,5349,8
2026-08-31T11:43:15.324730177Z,6.865522,117.317327,Cloud to Ground,33904,0,11
2026-08-31T11:43:15.438399259Z,5.125577,115.586315,Cloud to Cloud,-15832,16944,10
2026-08-31T11:43:16.773564937Z,5.21981,115.608047,Cloud to Cloud,-12801,9001,7
2026-08-31T11:43:17.098236711Z,20.605353,120.901442,Cloud to Cloud,5229,19458,7
2026-08-31T11:43:17.103999075Z,20.567849,120.903777,Cloud to Cloud,8546,18667,6
2026-08-31T11:43:18.614223108Z,6.199243,117.877035,Cloud to Cloud,12926,13840,7
2026-08-31T11:43:18.692403311Z,6.629438,117.907791,Cloud to Cloud,11301,16230,7
2026-08-31T11:43:19.095140533Z,6.951853,117.488208,Cloud to Cloud,16701,17314,7
2026-08-31T11:43:28.457711989Z,5.577605,117.19115,Cloud to Cloud,21526,3638,10
2026-08-31T11:43:29.577174116Z,6.729214,117.276686,Cloud to Ground,54100,0,11
2026-08-31T11:43:29.755003863Z,6.75653,117.486292,Cloud to Ground,17384,0,11
2026-08-31T11:43:29.700889658Z,6.760371,117.506714,Cloud to Ground,20166,0,12
2026-08-31T11:43:30.023952427Z,4.055343,114.998659,Cloud to Cloud,-16171,5390,14
2026-08-31T11:43:30.407320454Z,6.872007,117.277838,Cloud to Cloud,-6061,4206,6
2026-08-31T11:43:31.520364662Z,5.182353,115.842746,Cloud to Ground,-15205,0,9
2026-08-31T11:43:31.899021867Z,5.596385,117.186479,Cloud to Ground,16021,0,7
2026-08-31T11:43:31.636326704Z,5.797444,117.263315,Cloud to Ground,43529,0,7
2026-08-31T11:43:32.865741613Z,18.843146,126.376803,Cloud to Cloud,-10566,18167,11
2026-08-31T11:43:32.719267397Z,18.847813,126.544534,Cloud to Ground,-34047,0,12
2026-08-31T11:43:32.819223869Z,18.847166,126.544623,Cloud to Ground,-19412,0,12
2026-08-31T11:43:32.755213988Z,18.848545,126.540048,Cloud to Ground,-17939,0,10
2026-08-31T11:43:33.726445461Z,2.884791,115.732769,Cloud to Ground,10790,0,8
2026-08-31T11:43:46.348173812Z,5.24014,115.578601,Cloud to Cloud,-9186,3024,9
2026-08-31T11:43:46.356812053Z,6.836104,117.335097,Cloud to Cloud,-17801,6437,11
2026-08-31T11:43:46.206626572Z,15.595433,132.594874,Cloud to Ground,11912,0,8
2026-08-31T11:43:47.570541419Z,6.25951,117.865893,Cloud to Ground,77939,0,7
2026-08-31T11:43:47.611518783Z,6.131808,117.791776,Cloud to Ground,17030,0,7
2026-08-31T11:43:47.828868306Z,6.171677,117.944182,Cloud to Ground,18501,0,14
2026-08-31T11:43:48.168068299Z,6.158403,117.872388,Cloud to Ground,22019,0,13
2026-08-31T11:43:48.058202664Z,6.158396,117.875248,Cloud to Ground,36384,0,14
2026-08-31T11:43:47.732672072Z,6.143218,117.82943,Cloud to Ground,43178,0,8
2026-08-31T11:43:47.674638269Z,6.153563,117.844719,Cloud to Ground,44184,0,10
2026-08-31T11:43:47.269605013Z,18.843922,126.569381,Cloud to Cloud,8780,3004,6
2026-08-31T11:43:47.420621721Z,22.754734,112.41694,Cloud to Ground,13456,0,9
2026-08-31T11:43:48.711712171Z,5.181803,115.48122,Cloud to Ground,15022,0,11
2026-08-31T11:43:48.201149885Z,6.659197,117.606664,Cloud to Cloud,-13533,5469,7
2026-08-31T11:43:48.532139059Z,5.658715,117.190286,Cloud to Cloud,16310,3979,8
2026-08-31T11:43:49.915330020Z,6.871181,117.354188,Cloud to Cloud,-11912,6670,7
2026-08-31T11:43:49.620237737Z,6.901009,117.315744,Cloud to Cloud,-10293,14953,7
2026-08-31T11:43:49.918940169Z,6.934735,117.335303,Cloud to Ground,31322,0,7
2026-08-31T11:43:49.843376162Z,6.908145,117.325866,Cloud to Ground,36051,0,9
2026-08-31T11:43:49.759999000Z,6.906,117.3317,Cloud to Ground,82944,0,12
2026-08-31T11:43:49.030295817Z,15.680535,132.365049,Cloud to Ground,-38586,0,18
2026-08-31T11:43:49.125346000Z,15.8091,132.2305,Cloud to Ground,-15501,0,6
2026-08-31T11:43:49.071348000Z,15.7837,132.301,Cloud to Ground,28079,0,5
2026-08-31T11:43:51.848082310Z,4.000712,114.981005,Cloud to Ground,21527,0,9
2026-08-31T11:43:51.074501266Z,19.213876,118.407156,Cloud to Ground,45049,0,10
2026-08-31T11:43:52.696140177Z,19.601637,119.721086,Cloud to Ground,-32950,0,11
2026-08-31T11:43:53.439993224Z,2.872531,115.795224,Cloud to Ground,13983,0,7
2026-08-31T11:43:53.471662651Z,6.922596,117.310555,Cloud to Cloud,-34679,3024,10
2026-08-31T11:43:54.920987652Z,6.544932,117.89566,Cloud to Cloud,-12991,5087,8
2026-08-31T11:43:54.967666937Z,6.586096,117.904595,Cloud to Ground,42439,0,15
2026-08-31T11:43:54.510631118Z,6.672065,117.912234,Cloud to Ground,54100,0,8
2026-08-31T11:43:54.531991505Z,6.567431,118.050679,Cloud to Cloud,-15891,4438,12
2026-08-31T11:43:54.490983191Z,6.21076,117.873654,Cloud to Cloud,-12961,5539,7
2026-08-31T11:43:55.051504127Z,4.935279,116.760891,Cloud to Cloud,10929,4327,10
2026-08-31T11:43:55.026953640Z,5.198735,115.512929,Cloud to Ground,10487,0,7
2026-08-31T11:43:55.057819148Z,5.226165,115.529699,Cloud to Ground,15339,0,8
2026-08-31T11:43:55.347854961Z,6.884949,117.347269,Cloud to Cloud,-11187,5710,10
2026-08-31T11:43:55.516026507Z,6.761005,117.270199,Cloud to Ground,-16877,0,12
2026-08-31T11:43:55.566529855Z,14.787783,134.995518,Cloud to Ground,-16053,0,12
2026-08-31T11:43:55.235055466Z,18.84304,126.560784,Cloud to Ground,-31317,0,14
2026-08-31T11:43:56.640261448Z,6.753081,117.439019,Cloud to Cloud,12288,12685,8
2026-08-31T11:43:56.202663457Z,6.763097,117.428674,Cloud to Ground,20632,0,8
2026-08-31T11:43:56.635509956Z,5.172564,115.533123,Cloud to Ground,-26152,0,17
2026-08-31T11:43:56.520648944Z,5.196719,115.567893,Cloud to Cloud,-18539,3022,12
2026-08-31T11:43:57.294038556Z,6.879031,117.242869,Cloud to Cloud,5418,3015,7
2026-08-31T11:43:58.566063151Z,6.78892,117.21139,Cloud to Cloud,13166,3330,7
2026-08-31T11:43:59.854649464Z,6.757417,117.877265,Cloud to Ground,39730,0,14
2026-08-31T11:43:59.913631843Z,6.755477,117.8801,Cloud to Ground,55351,0,14
2026-08-31T11:43:59.569558779Z,6.873427,117.26279,Cloud to Cloud,-12132,3325,8
2026-08-31T11:44:00.333927433Z,6.817973,117.357359,Cloud to Ground,30276,0,15
2026-08-31T11:44:00.026129149Z,6.895653,117.422559,Cloud to Ground,77429,0,10
2026-08-31T11:44:00.193576557Z,6.881845,117.391234,Cloud to Ground,96683,0,7
2026-08-31T11:44:01.361168856Z,6.81577,117.228085,Cloud to Cloud,7658,13544,8
2026-08-31T11:44:01.607672584Z,6.82368,117.220743,Cloud to Cloud,11020,14862,8
2026-08-31T11:44:01.370892192Z,6.941587,117.365537,Cloud to Cloud,-15132,18999,6
2026-08-31T11:44:01.816152000Z,18.0561,116.3428,Cloud to Ground,15141,0,5
2026-08-31T11:44:03.092379667Z,6.844703,117.242543,Cloud to Ground,-24811,0,7
2026-08-31T11:44:02.699641194Z,6.814401,117.391217,Cloud to Ground,27382,0,13
2026-08-31T11:44:02.865865770Z,6.884724,117.324675,Cloud to Ground,28196,0,8
2026-08-31T11:44:02.338820383Z,6.793662,117.303095,Cloud to Ground,28794,0,9
2026-08-31T11:44:03.233561885Z,6.805177,117.315031,Cloud to Ground,30739,0,7
2026-08-31T11:44:02.795164255Z,6.81308,117.32005,Cloud to Ground,41650,0,8
2026-08-31T11:44:02.434685690Z,6.783237,117.260377,Cloud to Ground,43508,0,7
2026-08-31T11:44:03.003077156Z,6.808269,117.332934,Cloud to Ground,43880,0,14
2026-08-31T11:44:02.640761099Z,6.809425,117.342639,Cloud to Ground,54382,0,16
2026-08-31T11:44:02.595682116Z,6.815754,117.319987,Cloud to Ground,56380,0,11
2026-08-31T11:44:04.042157488Z,20.75847,120.990805,Cloud to Ground,-69742,0,16
2026-08-31T11:44:04.130544043Z,20.747906,121.001914,Cloud to Ground,-31652,0,7
2026-08-31T11:44:05.791450308Z,5.228371,116.907155,Cloud to Ground,16985,0,8
2026-08-31T11:44:05.733787325Z,5.190991,115.577284,Cloud to Cloud,15566,19056,6
2026-08-31T11:44:05.660262569Z,6.906089,117.371071,Cloud to Cloud,-23332,12127,6
2026-08-31T11:44:06.497169289Z,6.741632,117.344601,Cloud to Ground,15494,0,7
2026-08-31T11:44:05.702730648Z,6.849652,117.324647,Cloud to Ground,27629,0,10
2026-08-31T11:44:06.271018686Z,6.771565,117.351818,Cloud to Ground,28834,0,8
2026-08-31T11:44:06.459377431Z,6.767508,117.372819,Cloud to Ground,30027,0,9
2026-08-31T11:44:06.936111489Z,6.828495,117.384361,Cloud to Ground,32315,0,11
2026-08-31T11:44:06.391478615Z,6.757917,117.392448,Cloud to Ground,49532,0,18
2026-08-31T11:44:07.016694195Z,6.921325,117.399557,Cloud to Cloud,15741,15678,6
2026-08-31T11:44:07.035198544Z,5.608529,117.204342,Cloud to Cloud,26176,9666,11
2026-08-31T11:44:07.652891584Z,4.875454,115.565881,Cloud to Ground,-16226,0,8
2026-08-31T11:44:07.180805279Z,14.193041,134.205701,Cloud to Ground,-46162,0,13
2026-08-31T11:44:07.181443959Z,14.251035,134.148962,Cloud to Ground,-28647,0,10
2026-08-31T11:44:07.194574394Z,14.299102,134.105477,Cloud to Ground,-16270,0,12
2026-08-31T11:44:07.474522000Z,18.8671,118.3798,Cloud to Ground,33339,0,7
2026-08-31T11:44:08.899556837Z,5.296533,115.737585,Cloud to Ground,-9418,0,8
2026-08-31T11:44:08.932789351Z,5.274922,115.646103,Cloud to Ground,-8803,0,11
2026-08-31T11:44:08.787693509Z,5.130693,115.505832,Cloud to Cloud,7609,5975,7
2026-08-31T11:44:08.583209803Z,6.149652,117.883673,Cloud to Ground,25295,0,9
2026-08-31T11:44:09.004548335Z,6.929138,117.283935,Cloud to Cloud,-7022,5968,7
2026-08-31T11:44:08.343321588Z,6.864622,117.26481,Cloud to Cloud,14386,3002,10
2026-08-31T11:44:08.766308566Z,17.779427,133.621406,Cloud to Ground,23749,0,10
2026-08-31T11:44:08.702269097Z,17.725773,133.634555,Cloud to Ground,69934,0,10
2026-08-31T11:44:09.318218040Z,6.879788,117.496881,Cloud to Cloud,-7163,10746,8
2026-08-31T11:44:09.188694958Z,6.752793,117.477934,Cloud to Cloud,12849,8344,9
2026-08-31T11:44:09.229255481Z,6.799548,117.435562,Cloud to Cloud,14841,6102,9
2026-08-31T11:44:09.160367760Z,6.731301,117.465137,Cloud to Ground,17698,0,10
2026-08-31T11:44:10.439787681Z,5.194466,115.551329,Cloud to Cloud,-17481,5061,7
2026-08-31T11:44:10.418524000Z,5.3348,115.5907,Cloud to Ground,18532,0,7
2026-08-31T11:44:10.349098502Z,5.3107,115.5674,Cloud to Ground,22872,0,10
2026-08-31T11:44:10.934848000Z,15.1356,133.9519,Cloud to Ground,-27544,0,5
2026-08-31T11:44:10.395343743Z,18.763683,126.90703,Cloud to Ground,-27676,0,15
2026-08-31T11:44:11.782660127Z,5.210693,115.641142,Cloud to Cloud,-16976,5562,7
2026-08-31T11:44:11.290473625Z,6.881095,117.291587,Cloud to Ground,-15536,0,11
2026-08-31T11:44:10.880825503Z,6.820126,117.271159,Cloud to Cloud,-12556,3041,7
2026-08-31T11:44:10.940905040Z,15.406181,133.969322,Cloud to Ground,-16824,0,13
2026-08-31T11:44:10.933377990Z,15.321556,133.982256,Cloud to Ground,28376,0,13
2026-08-31T11:44:11.244057479Z,15.250514,134.0292,Cloud to Ground,46294,0,9
2026-08-31T11:44:12.858533288Z,5.173726,115.588425,Cloud to Ground,20557,0,10
2026-08-31T11:44:13.600209707Z,3.107336,114.570672,Cloud to Ground,11169,0,6
2026-08-31T11:44:13.282342722Z,5.284023,115.521672,Cloud to Cloud,11637,11656,10
2026-08-31T11:44:14.355027805Z,6.860478,117.421229,Cloud to Cloud,-9442,3443,6
2026-08-31T11:44:14.381933703Z,6.897076,117.281755,Cloud to Cloud,-13715,3075,9
2026-08-31T11:44:14.085395433Z,6.807668,117.301065,Cloud to Ground,11463,0,10
2026-08-31T11:44:14.131010439Z,6.801613,117.287817,Cloud to Cloud,14757,17947,11
2026-08-31T11:44:14.761242609Z,6.731312,117.241029,Cloud to Cloud,21265,4413,9
2026-08-31T11:44:14.762790339Z,6.780255,117.057591,Cloud to Ground,65433,0,10
2026-08-31T11:44:15.319548987Z,6.930954,116.691108,Cloud to Ground,53717,0,9
2026-08-31T11:44:15.135669453Z,6.87575,117.226197,Cloud to Cloud,-11180,3956,10
2026-08-31T11:44:15.056007914Z,6.705957,117.501631,Cloud to Ground,-16747,0,8
2026-08-31T11:44:15.184302380Z,6.776133,117.444716,Cloud to Cloud,-16281,17339,7
2026-08-31T11:44:15.041754256Z,6.751247,117.405624,Cloud to Cloud,16805,19120,16
2026-08-31T11:44:15.158970430Z,6.807089,117.382173,Cloud to Cloud,17977,5066,11
2026-08-31T11:44:15.026274190Z,6.750614,117.435094,Cloud to Ground,22685,0,11
2026-08-31T11:44:16.226732573Z,6.85912,117.499956,Cloud to Ground,41097,0,6
2026-08-31T11:44:15.983648946Z,6.822302,117.470726,Cloud to Ground,45685,0,7
2026-08-31T11:44:16.090679659Z,5.256703,115.545535,Cloud to Ground,-12876,0,17
2026-08-31T11:44:15.960321821Z,5.20127,115.613884,Cloud to Ground,13049,0,8
2026-08-31T11:44:16.054335192Z,6.70946,117.43389,Cloud to Ground,15434,0,9
2026-08-31T11:44:17.860111348Z,6.779066,117.270459,Cloud to Ground,21208,0,7
2026-08-31T11:44:18.133228006Z,6.802522,117.366943,Cloud to Ground,41029,0,14
2026-08-31T11:44:17.807717520Z,6.804346,117.372027,Cloud to Ground,54524,0,14
2026-08-31T11:44:18.299525821Z,6.796194,117.314314,Cloud to Ground,63948,0,17
2026-08-31T11:44:17.429350690Z,6.797387,117.314187,Cloud to Ground,79975,0,17
2026-08-31T11:44:17.934472263Z,5.695268,117.237389,Cloud to Ground,19987,0,8
2026-08-31T11:44:17.828773296Z,5.608233,117.186684,Cloud to Ground,21682,0,7
2026-08-31T11:44:18.531378682Z,2.885746,115.735565,Cloud to Ground,-23081,0,7
2026-08-31T11:44:18.585228673Z,2.923568,115.741017,Cloud to Cloud,19479,4137,11
2026-08-31T11:44:17.449788063Z,6.928709,117.338777,Cloud to Cloud,21598,6799,6
2026-08-31T11:44:18.057386699Z,6.916905,117.321641,Cloud to Ground,58374,0,7
2026-08-31T11:44:19.228332298Z,6.778336,117.449522,Cloud to Cloud,-15306,16580,5
2026-08-31T11:44:20.322480298Z,6.590962,117.535742,Cloud to Ground,17234,0,8
2026-08-31T11:44:20.471209744Z,6.898015,117.358313,Cloud to Cloud,-25521,3433,11
2026-08-31T11:44:21.548563768Z,5.234744,115.573328,Cloud to Cloud,-14057,7424,11
2026-08-31T11:44:21.133496533Z,22.637379,112.333698,Cloud to Cloud,-9997,6419,7
2026-08-31T11:44:21.017789686Z,22.618826,112.452837,Cloud to Ground,29745,0,19
2026-08-31T11:44:21.598182993Z,22.443809,111.859544,Cloud to Ground,-23340,0,10
2026-08-31T11:44:21.533940000Z,22.5034,111.8266,Cloud to Ground,344,0,5
2026-08-31T11:44:21.671025905Z,22.433478,111.827968,Cloud to Ground,32852,0,10
2026-08-31T11:44:22.864545318Z,6.290922,117.844237,Cloud to Cloud,14978,18786,6
2026-08-31T11:44:23.743293079Z,6.795538,117.281887,Cloud to Ground,-15774,0,11
2026-08-31T11:44:23.260718949Z,6.805755,117.287848,Cloud to Cloud,16709,5815,8
2026-08-31T11:44:23.285516752Z,6.829031,117.294794,Cloud to Ground,20255,0,10
2026-08-31T11:44:24.082578515Z,6.720845,117.330913,Cloud to Cloud,23288,3003,7
2026-08-31T11:44:22.985770081Z,6.815271,117.377514,Cloud to Ground,62311,0,13
2026-08-31T11:44:23.816249825Z,5.142901,115.607063,Cloud to Ground,-13542,0,6
2026-08-31T11:44:23.618522329Z,5.122758,115.626234,Cloud to Ground,13395,0,7
2026-08-31T11:44:23.531398530Z,5.152301,115.604119,Cloud to Ground,18441,0,10
2026-08-31T11:44:23.333987710Z,5.369778,115.684321,Cloud to Ground,19368,0,9
2026-08-31T11:44:23.606384176Z,5.247943,115.625718,Cloud to Cloud,10338,6653,7
2026-08-31T11:44:23.477927222Z,5.26778,115.686087,Cloud to Ground,23849,0,25
2026-08-31T11:44:23.545146723Z,5.262883,115.623927,Cloud to Ground,25571,0,7
2026-08-31T11:44:23.253332959Z,5.272641,115.665173,Cloud to Ground,36812,0,10
2026-08-31T11:44:24.952308075Z,6.871822,117.379683,Cloud to Cloud,14570,4213,7
2026-08-31T11:44:25.565709004Z,6.938077,117.337068,Cloud to Cloud,20410,3545,6
2026-08-31T11:44:24.926673242Z,6.864436,117.304408,Cloud to Ground,21510,0,7
2026-08-31T11:44:24.906098068Z,5.264884,115.584023,Cloud to Ground,10196,0,7
2026-08-31T11:44:24.070258904Z,5.724307,117.255174,Cloud to Cloud,-20398,5910,7
2026-08-31T11:44:23.950026410Z,5.731665,117.242389,Cloud to Cloud,12201,3700,7
2026-08-31T11:44:24.581633719Z,15.652444,132.628512,Cloud to Ground,-22184,0,12
2026-08-31T11:44:24.854432792Z,15.546887,132.684458,Cloud to Cloud,3969,6427,7
2026-08-31T11:44:24.532411051Z,15.59045,132.658835,Cloud to Ground,12310,0,6
2026-08-31T11:44:24.100758186Z,19.175428,119.045215,Cloud to Cloud,5957,6010,6
2026-08-31T11:44:25.870810000Z,18.8969,126.503,Cloud to Ground,-37999,0,7
2026-08-31T11:44:25.896311221Z,18.843283,126.546857,Cloud to Ground,-29603,0,10
2026-08-31T11:44:25.809522099Z,18.85353,126.54633,Cloud to Ground,-26907,0,18
2026-08-31T11:44:26.086807366Z,18.856018,126.545266,Cloud to Ground,-21014,0,8
2026-08-31T11:44:26.060084000Z,18.9664,126.5426,Cloud to Ground,-19035,0,5
2026-08-31T11:44:25.868696575Z,18.852203,126.553707,Cloud to Ground,-16792,0,7
2026-08-31T11:44:25.896763623Z,18.856481,126.54911,Cloud to Ground,-12025,0,9
2026-08-31T11:44:26.065181078Z,5.579184,117.216352,Cloud to Ground,20402,0,11
2026-08-31T11:44:26.939550178Z,6.83784,117.832834,Cloud to Cloud,13662,3415,7
2026-08-31T11:44:26.604714271Z,5.271077,115.585614,Cloud to Cloud,9552,3698,7
2026-08-31T11:44:27.943589381Z,6.892514,117.30838,Cloud to Cloud,-11062,8092,5
2026-08-31T11:44:27.239658622Z,6.521975,117.962496,Cloud to Ground,22974,0,14
2026-08-31T11:44:27.249261823Z,4.026923,115.089671,Cloud to Cloud,-14859,4853,10
2026-08-31T11:44:28.737147355Z,6.786739,117.375033,Cloud to Cloud,-8738,4239,7
2026-08-31T11:44:29.102850126Z,5.597411,117.172834,Cloud to Cloud,-15460,5806,6
2026-08-31T11:44:29.236856604Z,5.561281,117.194561,Cloud to Ground,29930,0,17
2026-08-31T11:44:29.542416791Z,5.261793,115.679667,Cloud to Cloud,-18012,15856,13
2026-08-31T11:44:30.148897223Z,6.814863,117.419985,Cloud to Cloud,12280,14579,7
2026-08-31T11:44:30.642515487Z,6.931907,117.304262,Cloud to Cloud,14058,13876,7
2026-08-31T11:44:30.610162667Z,6.903374,117.278416,Cloud to Cloud,17577,9873,9
2026-08-31T11:44:30.278034594Z,6.808748,117.283224,Cloud to Cloud,-20801,3131,8
2026-08-31T11:44:30.473895418Z,4.915979,116.822965,Cloud to Cloud,17363,6661,6
2026-08-31T11:44:30.937552469Z,5.171917,115.587899,Cloud to Ground,-10580,0,6
2026-08-31T11:44:30.624933576Z,18.103812,133.217623,Cloud to Ground,-24162,0,12
2026-08-31T11:44:30.624137563Z,18.071995,133.237558,Cloud to Ground,-15886,0,7
2026-08-31T11:44:30.625416925Z,18.047089,133.19068,Cloud to Ground,-10670,0,13
2026-08-31T11:44:31.435976262Z,6.878561,117.270378,Cloud to Ground,-11383,0,7
2026-08-31T11:44:31.481619007Z,6.932417,117.242442,Cloud to Cloud,9949,17447,6
2026-08-31T11:44:31.464035108Z,6.712999,117.393857,Cloud to Ground,-11922,0,7
2026-08-31T11:44:31.540576271Z,6.784666,117.398706,Cloud to Cloud,-8993,3026,6
2026-08-31T11:44:31.972877581Z,6.80932,117.482741,Cloud to Cloud,8668,7487,6
2026-08-31T11:44:32.824502559Z,5.305466,115.628071,Cloud to Cloud,-10235,18218,8
2026-08-31T11:44:32.674569254Z,5.184752,115.568949,Cloud to Cloud,11483,7936,9
2026-08-31T11:44:32.846662254Z,5.170496,115.630757,Cloud to Ground,13729,0,9
2026-08-31T11:44:59.549756683Z,6.728805,117.401392,Cloud to Cloud,15727,12771,7
2026-08-31T11:44:59.115861461Z,6.931298,117.275743,Cloud to Ground,24392,0,6
2026-08-31T11:45:00.894943916Z,6.824297,117.560075,Cloud to Cloud,-6234,16294,5
2026-08-31T11:45:00.419043939Z,18.854749,126.606191,Cloud to Ground,-24783,0,7
2026-08-31T11:45:00.472106430Z,18.848362,126.613609,Cloud to Ground,-15538,0,7
2026-08-31T11:45:00.331700000Z,18.9579,126.5346,Cloud to Ground,-13674,0,5
2026-08-31T11:45:01.455667922Z,6.869966,117.338101,Cloud to Cloud,-18281,3169,7
2026-08-31T11:45:01.615108907Z,6.777458,117.334324,Cloud to Cloud,-11659,3920,8
2026-08-31T11:45:01.036421401Z,6.772755,117.388269,Cloud to Cloud,-10117,14793,7
2026-08-31T11:45:01.612906998Z,6.762319,117.29518,Cloud to Cloud,10628,19702,7
2026-08-31T11:45:01.181561178Z,6.784738,117.451254,Cloud to Ground,29520,0,12
2026-08-31T11:45:01.549106529Z,6.779739,117.340164,Cloud to Ground,35033,0,14
2026-08-31T11:45:01.707352554Z,6.910599,117.370601,Cloud to Ground,45415,0,7
2026-08-31T11:45:02.617851609Z,6.864047,117.264336,Cloud to Cloud,9613,6788,7
2026-08-31T11:45:11.094783725Z,6.870422,117.567059,Cloud to Cloud,10350,3013,13
2026-08-31T11:45:11.472549778Z,6.885853,117.485924,Cloud to Ground,22563,0,10
2026-08-31T11:45:11.625924918Z,6.761304,117.392604,Cloud to Cloud,16120,3030,6
2026-08-31T11:45:11.482629099Z,6.787566,117.418791,Cloud to Ground,21377,0,10
2026-08-31T11:45:11.325430102Z,6.763983,117.432526,Cloud to Ground,24795,0,8
2026-08-31T11:45:11.564132366Z,6.770398,117.435979,Cloud to Ground,30123,0,8
2026-08-31T11:45:11.584632450Z,5.644319,117.154028,Cloud to Cloud,-11749,8154,7
2026-08-31T11:45:11.824669644Z,6.713836,117.559857,Cloud to Cloud,-23168,4711,7
2026-08-31T11:45:11.526490834Z,5.189173,115.463082,Cloud to Ground,-9192,0,7
2026-08-31T11:45:13.682179870Z,9.927089,119.416385,Cloud to Ground,-25131,0,9
2026-08-31T11:45:13.332041094Z,9.79879,119.29899,Cloud to Cloud,20599,8523,10
2026-08-31T11:45:14.170792045Z,20.770602,120.974651,Cloud to Cloud,-5636,10095,7
2026-08-31T11:45:15.056698232Z,5.129964,115.625634,Cloud to Ground,-10318,0,9
2026-08-31T11:45:15.033665000Z,5.074,115.4995,Cloud to Ground,-13234,0,5
2026-08-31T11:45:15.067153335Z,5.256299,115.552261,Cloud to Ground,-18845,0,12
2026-08-31T11:45:15.074778601Z,5.205508,115.566083,Cloud to Cloud,11782,7066,10
2026-08-31T11:45:15.094128168Z,5.284986,115.654451,Cloud to Ground,-11207,0,8
2026-08-31T11:45:15.345668840Z,6.799949,117.334666,Cloud to Ground,25416,0,8
2026-08-31T11:45:16.805933364Z,22.479541,112.377171,Cloud to Cloud,-10341,4584,8
2026-08-31T11:45:16.793459298Z,22.558998,112.204518,Cloud to Ground,11821,0,17
2026-08-31T11:45:16.796494884Z,22.544722,112.211973,Cloud to Ground,18767,0,17
2026-08-31T11:45:17.318713935Z,5.564846,117.280868,Cloud to Cloud,-10479,7810,7
2026-08-31T11:45:18.184776961Z,4.017333,114.94704,Cloud to Ground,15913,0,8
2026-08-31T11:45:18.025103424Z,3.993937,114.948922,Cloud to Ground,19669,0,9
2026-08-31T11:45:18.073660094Z,4.00188,114.998472,Cloud to Ground,20639,0,8
2026-08-31T11:45:17.982573561Z,4.097138,114.966517,Cloud to Ground,33870,0,15
2026-08-31T11:45:17.596260657Z,6.851043,117.266822,Cloud to Ground,-14674,0,9
2026-08-31T11:45:17.637369598Z,6.798192,117.341231,Cloud to Cloud,-10170,5600,6
2026-08-31T11:45:17.961354569Z,6.80245,117.335891,Cloud to Cloud,20479,3013,8
2026-08-31T11:45:17.131746000Z,22.6402,112.3276,Cloud to Ground,-16468,0,5
2026-08-31T11:45:18.653016385Z,6.717028,117.522726,Cloud to Cloud,13079,11290,7
2026-08-31T11:45:20.706198845Z,5.274033,115.599536,Cloud to Ground,10059,0,7
2026-08-31T11:45:20.376212943Z,5.279438,115.618009,Cloud to Ground,24939,0,12
2026-08-31T11:45:20.522225155Z,5.274492,115.632191,Cloud to Ground,38190,0,10
2026-08-31T11:45:20.283355107Z,5.369895,115.591809,Cloud to Ground,-12375,0,11
2026-08-31T11:45:20.324256190Z,5.39192,115.670806,Cloud to Ground,21702,0,7
2026-08-31T11:45:20.255002049Z,2.934907,115.697893,Cloud to Cloud,12194,6219,6
2026-08-31T11:45:21.136009909Z,6.92506,117.376175,Cloud to Cloud,28221,5572,12
2026-08-31T11:45:21.205579189Z,14.991259,133.617731,Cloud to Ground,39470,0,10
2026-08-31T11:45:21.965144466Z,22.465574,111.785053,Cloud to Ground,23765,0,8
2026-08-31T11:45:21.617524926Z,12.432253,121.797461,Cloud to Ground,49627,0,7
2026-08-31T11:45:23.818174578Z,5.76042,117.238616,Cloud to Cloud,20553,5320,6
2026-08-31T11:45:23.288747163Z,6.621395,117.901669,Cloud to Ground,-13460,0,7
2026-08-31T11:45:23.412798154Z,6.513529,117.881747,Cloud to Ground,13774,0,7
2026-08-31T11:45:26.666621159Z,6.808319,117.354478,Cloud to Cloud,-9808,3106,7
2026-08-31T11:45:35.671703405Z,6.935074,117.376884,Cloud to Cloud,9764,16471,7
2026-08-31T11:45:35.599290439Z,6.839516,117.323695,Cloud to Ground,-14073,0,8
2026-08-31T11:45:36.917354085Z,5.115684,115.64086,Cloud to Ground,-13408,0,8
2026-08-31T11:45:36.811969964Z,5.196957,115.562537,Cloud to Ground,11452,0,9
2026-08-31T11:45:36.852569184Z,5.184037,115.558629,Cloud to Ground,11626,0,6
2026-08-31T11:45:36.624034276Z,6.824646,117.359277,Cloud to Ground,24391,0,8
2026-08-31T11:45:36.524577926Z,6.797999,117.642715,Cloud to Cloud,-24861,7685,14
2026-08-31T11:45:37.672660013Z,15.50994,132.667849,Cloud to Ground,-49488,0,10
2026-08-31T11:45:37.177998000Z,15.6601,132.4566,Cloud to Ground,-7834,0,11
2026-08-31T11:45:37.094826087Z,22.455138,112.742688,Cloud to Cloud,36044,9211,12
2026-08-31T11:45:38.773238209Z,6.737767,117.489915,Cloud to Cloud,-19420,5219,11
2026-08-31T11:45:38.601571869Z,6.73428,117.42299,Cloud to Cloud,20596,11884,13
2026-08-31T11:45:38.577353075Z,6.687363,117.314112,Cloud to Ground,30044,0,11
2026-08-31T11:45:39.861799362Z,5.187219,115.551647,Cloud to Cloud,14978,18102,7
2026-08-31T11:45:39.945549381Z,5.161247,115.56142,Cloud to Ground,20102,0,11
2026-08-31T11:45:40.949877773Z,5.272067,115.672613,Cloud to Cloud,-12358,15493,11
2026-08-31T11:45:40.825559218Z,4.14379,115.044054,Cloud to Cloud,-8137,13071,7
2026-08-31T11:45:41.633997840Z,6.801215,117.377453,Cloud to Ground,-14563,0,8
2026-08-31T11:45:41.854935012Z,6.799633,117.405562,Cloud to Ground,15423,0,12
2026-08-31T11:45:41.712586624Z,5.150067,115.553873,Cloud to Cloud,18287,3008,7
2026-08-31T11:45:41.439097770Z,9.723371,119.486114,Cloud to Cloud,19030,3007,7
2026-08-31T11:45:41.474435582Z,9.708348,119.397441,Cloud to Ground,24295,0,7
2026-08-31T11:45:41.303347956Z,5.266431,115.577023,Cloud to Ground,-16143,0,8
2026-08-31T11:45:41.370615861Z,19.000119,131.377213,Cloud to Ground,-15237,0,10
2026-08-31T11:45:41.360282477Z,19.021986,131.333935,Cloud to Ground,-10227,0,7
2026-08-31T11:45:42.957189497Z,6.939994,117.36847,Cloud to Ground,40402,0,7
2026-08-31T11:45:42.816163309Z,6.762289,117.528709,Cloud to Ground,29542,0,13
2026-08-31T11:45:42.714068447Z,6.779849,117.532986,Cloud to Ground,43249,0,18
2026-08-31T11:45:42.528393536Z,5.608287,117.243986,Cloud to Cloud,17265,3021,6
2026-08-31T11:45:43.156279114Z,6.797539,117.299128,Cloud to Cloud,16844,3016,8
2026-08-31T11:45:42.846575897Z,6.822341,117.382366,Cloud to Ground,23940,0,16
2026-08-31T11:45:43.230454692Z,6.805263,117.320541,Cloud to Ground,24021,0,7
2026-08-31T11:45:43.122212203Z,6.81287,117.332086,Cloud to Ground,27810,0,8
2026-08-31T11:45:43.292568509Z,6.805619,117.324949,Cloud to Ground,37746,0,8
2026-08-31T11:45:43.027343141Z,6.828244,117.420074,Cloud to Ground,43315,0,15
2026-08-31T11:45:43.362724802Z,6.764452,117.891765,Cloud to Ground,25266,0,7
2026-08-31T11:45:43.124829770Z,14.26581,134.191033,Cloud to Ground,55601,0,11
2026-08-31T11:45:43.244105000Z,14.2842,133.9934,Cloud to Ground,-16754,0,8
2026-08-31T11:45:44.745816105Z,5.298833,115.51143,Cloud to Cloud,-17193,12668,10
2026-08-31T11:45:45.172445655Z,6.481395,117.315128,Cloud to Cloud,-16495,7394,10
2026-08-31T11:45:45.954882511Z,15.087232,134.095374,Cloud to Ground,44883,0,13
2026-08-31T11:45:47.284720940Z,6.83151,117.289433,Cloud to Cloud,-9686,3062,7
2026-08-31T11:45:47.471060988Z,6.871557,117.305957,Cloud to Cloud,-9332,7961,8
2026-08-31T11:45:46.532822160Z,6.831217,117.218889,Cloud to Cloud,12938,9119,8
2026-08-31T11:45:46.708194939Z,6.767797,117.239544,Cloud to Cloud,22263,3032,12
2026-08-31T11:45:46.677397000Z,6.8846,117.2121,Cloud to Ground,22328,0,6
2026-08-31T11:45:46.193771173Z,2.920197,115.777985,Cloud to Ground,28559,0,21
2026-08-31T11:45:46.550490070Z,15.610786,132.61641,Cloud to Ground,-37407,0,15
2026-08-31T11:45:46.661586493Z,15.626368,132.654082,Cloud to Ground,-30150,0,7
2026-08-31T11:45:46.575812936Z,15.583579,132.656119,Cloud to Ground,-21365,0,10
2026-08-31T11:45:46.673990000Z,15.7723,132.673,Cloud to Ground,18163,0,8
2026-08-31T11:45:46.898075218Z,15.694203,132.639004,Cloud to Ground,34965,0,11
2026-08-31T11:45:46.478270959Z,15.277527,133.915012,Cloud to Ground,-64730,0,18
2026-08-31T11:45:46.514920185Z,15.321143,133.856241,Cloud to Ground,-18240,0,16
2026-08-31T11:45:45.957077403Z,15.370017,133.911803,Cloud to Ground,-13165,0,7
2026-08-31T11:45:45.948823178Z,15.313978,134.046253,Cloud to Ground,-11096,0,6
2026-08-31T11:45:45.953904741Z,15.297423,134.005223,Cloud to Ground,13221,0,7
2026-08-31T11:45:47.591779197Z,5.660007,117.155618,Cloud to Ground,-17016,0,9
2026-08-31T11:45:47.081847616Z,5.592977,117.165179,Cloud to Cloud,12927,10635,8
2026-08-31T11:45:47.184352461Z,5.649479,117.137994,Cloud to Cloud,13840,3031,6
2026-08-31T11:45:47.129199468Z,6.703937,117.321597,Cloud to Cloud,24866,9449,7
2026-08-31T11:45:47.068145966Z,5.22012,115.601049,Cloud to Ground,-13329,0,8
2026-08-31T11:45:47.476610235Z,4.790357,115.376903,Cloud to Cloud,6874,16808,7
2026-08-31T11:45:49.975635847Z,5.753706,117.222182,Cloud to Ground,26940,0,8
2026-08-31T11:45:49.917566335Z,5.669984,117.174253,Cloud to Ground,-26070,0,11
2026-08-31T11:45:50.016312878Z,5.634795,117.165978,Cloud to Ground,-12482,0,8
2026-08-31T11:45:49.423659287Z,6.824154,117.480992,Cloud to Cloud,-16481,6210,10
2026-08-31T11:45:49.058568643Z,6.765212,117.426222,Cloud to Ground,22652,0,10
2026-08-31T11:45:50.130156687Z,6.914298,117.384224,Cloud to Cloud,-13867,6725,7
2026-08-31T11:45:52.642684604Z,6.860246,117.29891,Cloud to Ground,12578,0,7
2026-08-31T11:45:50.396839213Z,6.909033,117.383275,Cloud to Ground,14592,0,7
2026-08-31T11:45:52.665393970Z,6.802908,117.297465,Cloud to Ground,16660,0,8
2026-08-31T11:45:51.492615240Z,6.804916,117.277165,Cloud to Ground,16691,0,7
2026-08-31T11:45:52.020371985Z,6.917585,117.318421,Cloud to Cloud,17891,15646,6
2026-08-31T11:45:52.091368256Z,6.808519,117.288607,Cloud to Ground,18940,0,10
2026-08-31T11:45:50.838800916Z,6.912923,117.336141,Cloud to Ground,23020,0,11
2026-08-31T11:45:50.914471934Z,6.830151,117.306849,Cloud to Ground,27733,0,9
2026-08-31T11:45:51.334219000Z,6.9239,117.3633,Cloud to Ground,33026,0,7
2026-08-31T11:45:50.765387206Z,6.754457,117.322641,Cloud to Ground,37901,0,12
2026-08-31T11:45:51.017324307Z,6.829599,117.379882,Cloud to Ground,53025,0,19
2026-08-31T11:45:55.683610768Z,6.957602,117.325946,Cloud to Cloud,20211,19580,7
2026-08-31T11:45:55.713205936Z,6.959941,117.329846,Cloud to Ground,28035,0,7
2026-08-31T11:45:55.819681637Z,6.855778,117.302127,Cloud to Ground,-28402,0,11
2026-08-31T11:45:55.682503278Z,6.803852,117.265341,Cloud to Cloud,-11543,3089,7
2026-08-31T11:45:55.859200459Z,6.821883,117.280435,Cloud to Cloud,10388,3064,7
2026-08-31T11:45:56.695740195Z,6.821439,117.278207,Cloud to Cloud,11031,7979,7
2026-08-31T11:45:56.927312462Z,6.91636,117.299505,Cloud to Ground,14776,0,7
2026-08-31T11:45:56.489850870Z,6.816551,117.246793,Cloud to Cloud,14816,6592,6
2026-08-31T11:45:56.871679148Z,6.828964,117.289802,Cloud to Cloud,15689,11002,10
2026-08-31T11:45:56.211608801Z,6.816818,117.270134,Cloud to Ground,18298,0,7
2026-08-31T11:45:56.148410164Z,6.822562,117.275419,Cloud to Ground,19559,0,7
2026-08-31T11:45:55.744147409Z,6.822808,117.280746,Cloud to Ground,19867,0,10
2026-08-31T11:45:56.643928466Z,6.91217,117.293246,Cloud to Ground,25304,0,7
2026-08-31T11:45:56.001239222Z,6.815187,117.247647,Cloud to Ground,28023,0,9
2026-08-31T11:45:56.366065500Z,6.848116,117.452169,Cloud to Ground,-29744,0,7
2026-08-31T11:45:56.373579037Z,6.802817,117.420554,Cloud to Cloud,-12226,3011,8
2026-08-31T11:45:56.204875549Z,6.810858,117.423119,Cloud to Cloud,-9099,3001,8
2026-08-31T11:45:56.034530167Z,6.673319,117.418639,Cloud to Ground,-8580,0,8
2026-08-31T11:45:56.175684072Z,6.814123,117.42828,Cloud to Ground,19240,0,7
2026-08-31T11:45:56.030002009Z,6.724263,117.477309,Cloud to Ground,25366,0,16
2026-08-31T11:45:56.151141848Z,6.725161,117.443882,Cloud to Ground,26749,0,13
2026-08-31T11:45:56.121738967Z,6.750931,117.441963,Cloud to Ground,33766,0,10
2026-08-31T11:45:56.551973217Z,5.16456,115.635628,Cloud to Cloud,9354,6989,8
2026-08-31T11:45:57.789660410Z,5.19876,115.506416,Cloud to Ground,-16127,0,7
2026-08-31T11:45:57.700352000Z,4.9682,116.685,Cloud to Ground,16715,0,6
2026-08-31T11:45:58.275758942Z,6.725355,117.81278,Cloud to Ground,16122,0,10
2026-08-31T11:45:58.589267456Z,7.047721,116.681777,Cloud to Cloud,-9907,15106,7
2026-08-31T11:45:59.527936570Z,6.903816,117.331141,Cloud to Ground,-15178,0,7
2026-08-31T11:45:59.183285498Z,6.869782,117.305177,Cloud to Cloud,7786,3022,7
2026-08-31T11:45:59.688849508Z,6.805387,117.400281,Cloud to Ground,-13251,0,8
2026-08-31T11:45:59.981968604Z,6.785037,117.468171,Cloud to Cloud,-10543,16893,8
2026-08-31T11:45:59.160191017Z,6.84671,117.35859,Cloud to Cloud,-10257,3005,10
2026-08-31T11:45:59.875639397Z,6.75646,117.404969,Cloud to Ground,-7127,0,6
2026-08-31T11:45:59.909290233Z,6.746743,117.454458,Cloud to Ground,21929,0,7
2026-08-31T11:46:00.725663306Z,5.270312,115.671309,Cloud to Cloud,-11665,3111,10
2026-08-31T11:46:00.762448429Z,6.833974,117.416768,Cloud to Cloud,14241,9617,7
2026-08-31T11:46:00.485067011Z,6.779335,117.213653,Cloud to Cloud,-9961,3819,6
2026-08-31T11:46:00.432581896Z,6.859239,117.246142,Cloud to Ground,25332,0,12
2026-08-31T11:46:00.461789210Z,5.179072,115.591687,Cloud to Ground,13568,0,8
2026-08-31T11:46:01.127189172Z,14.853545,134.949135,Cloud to Ground,-17033,0,11
2026-08-31T11:46:01.129485640Z,14.850492,134.966047,Cloud to Ground,-14760,0,10
2026-08-31T11:46:00.782559676Z,14.748273,134.959522,Cloud to Ground,18927,0,10
2026-08-31T11:46:01.341351624Z,6.832406,117.262974,Cloud to Cloud,-18820,19887,14
2026-08-31T11:46:01.964951067Z,6.755067,117.300277,Cloud to Ground,27610,0,12
2026-08-31T11:46:01.063339344Z,5.572845,117.189141,Cloud to Ground,13852,0,8
2026-08-31T11:46:02.016200142Z,6.777485,117.425861,Cloud to Ground,25997,0,8
2026-08-31T11:46:03.136895603Z,6.899294,117.387414,Cloud to Ground,27385,0,8
2026-08-31T11:46:03.093061312Z,6.901438,117.390314,Cloud to Ground,39929,0,8
2026-08-31T11:46:03.257673380Z,6.906999,117.396208,Cloud to Ground,41660,0,7
2026-08-31T11:46:02.809399952Z,6.878774,117.371201,Cloud to Ground,58296,0,8
2026-08-31T11:46:02.851186554Z,6.765716,117.345296,Cloud to Cloud,16504,3530,6
2026-08-31T11:46:03.214999382Z,6.76229,117.338859,Cloud to Ground,22626,0,10
2026-08-31T11:46:03.177149791Z,6.716002,117.303212,Cloud to Ground,51350,0,8
2026-08-31T11:46:02.928457956Z,6.783315,117.385607,Cloud to Ground,56013,0,16
2026-08-31T11:46:02.164122632Z,18.867436,126.532679,Cloud to Ground,-55394,0,16
2026-08-31T11:46:02.207071143Z,18.865494,126.538802,Cloud to Ground,-39445,0,18
2026-08-31T11:46:02.233162048Z,18.866367,126.525233,Cloud to Ground,-32058,0,15
2026-08-31T11:46:02.269652649Z,18.865392,126.53113,Cloud to Ground,-31510,0,19
2026-08-31T11:46:02.181573489Z,18.869686,126.531633,Cloud to Ground,-17505,0,11
2026-08-31T11:46:02.305102000Z,18.9258,126.5624,Cloud to Ground,-16659,0,5
2026-08-31T11:46:02.270800693Z,18.862672,126.617982,Cloud to Cloud,-11667,5861,7
2026-08-31T11:46:03.638547797Z,6.977271,117.296896,Cloud to Cloud,-17160,18966,8
2026-08-31T11:46:03.587135374Z,6.802523,117.495137,Cloud to Cloud,13622,11125,9
2026-08-31T11:46:04.478841616Z,6.745851,117.372742,Cloud to Cloud,13114,4397,10
2026-08-31T11:46:03.948193882Z,6.801088,117.39549,Cloud to Ground,13549,0,9
2026-08-31T11:46:04.544175230Z,6.705148,117.393096,Cloud to Cloud,17460,12148,14
2026-08-31T11:46:04.505525640Z,6.71081,117.403457,Cloud to Ground,24280,0,8
2026-08-31T11:46:04.069595733Z,3.110761,114.628471,Cloud to Ground,-12861,0,6
2026-08-31T11:46:04.267628092Z,4.901751,116.85124,Cloud to Ground,-13681,0,8
2026-08-31T11:46:05.805591538Z,6.74783,117.452191,Cloud to Cloud,12114,12259,9
2026-08-31T11:46:05.599126975Z,6.648973,117.317291,Cloud to Ground,22808,0,10
2026-08-31T11:46:05.206623447Z,5.245482,115.536276,Cloud to Ground,9976,0,6
2026-08-31T11:46:05.732455271Z,14.308727,134.514112,Cloud to Ground,17644,0,13
2026-08-31T11:46:06.567631473Z,6.802247,117.326243,Cloud to Cloud,-10190,5303,8
2026-08-31T11:46:07.130162875Z,6.762529,117.366698,Cloud to Cloud,9877,3009,7
2026-08-31T11:46:06.201592313Z,6.874891,117.274252,Cloud to Cloud,16078,6866,11
2026-08-31T11:46:06.255348599Z,5.202014,115.639024,Cloud to Cloud,-15762,14646,16
2026-08-31T11:46:05.889675426Z,5.234596,115.657512,Cloud to Cloud,-10667,15438,13
2026-08-31T11:46:06.814553336Z,6.203758,117.82655,Cloud to Ground,15751,0,8
2026-08-31T11:46:06.736089827Z,14.288611,134.164555,Cloud to Ground,-10940,0,10
2026-08-31T11:46:07.561974517Z,20.790672,121.004278,Cloud to Ground,-30485,0,13
2026-08-31T11:46:07.592456185Z,20.780439,120.998871,Cloud to Ground,-29232,0,10
2026-08-31T11:46:07.680720004Z,20.80423,120.975588,Cloud to Ground,-20668,0,9
2026-08-31T11:46:08.783483316Z,15.655513,132.365686,Cloud to Ground,-39930,0,13
2026-08-31T11:46:08.773710989Z,15.6682,132.384441,Cloud to Ground,-11601,0,9
2026-08-31T11:46:08.988016540Z,15.67885,132.412554,Cloud to Ground,15735,0,9
2026-08-31T11:46:08.809314000Z,15.7203,132.2341,Cloud to Ground,5480,0,5
2026-08-31T11:46:08.847131000Z,15.733,132.2934,Cloud to Ground,15767,0,5
2026-08-31T11:46:09.124083410Z,5.227559,115.441294,Cloud to Ground,-25904,0,14
2026-08-31T11:46:09.087735259Z,5.228028,115.475789,Cloud to Cloud,-19671,3117,7
2026-08-31T11:46:09.627915017Z,5.245508,115.47122,Cloud to Cloud,-13017,7560,8
2026-08-31T11:46:10.012352443Z,5.102284,115.338159,Cloud to Ground,17187,0,8
2026-08-31T11:46:10.525498983Z,6.840832,117.300561,Cloud to Cloud,17921,16563,7
2026-08-31T11:46:10.267653720Z,6.781227,117.379997,Cloud to Cloud,18366,4384,6
2026-08-31T11:46:11.347251167Z,5.36729,116.968972,Cloud to Cloud,19766,8863,14
2026-08-31T11:46:11.772624487Z,5.584655,117.242265,Cloud to Ground,-15789,0,9
2026-08-31T11:46:11.834569558Z,5.62124,117.192898,Cloud to Ground,25623,0,8
2026-08-31T11:46:11.270708192Z,5.245616,116.949999,Cloud to Ground,-39849,0,20
2026-08-31T11:46:12.708784957Z,6.793174,117.324365,Cloud to Cloud,9109,5492,9
2026-08-31T11:46:12.764045451Z,6.828984,117.27301,Cloud to Ground,14138,0,11
2026-08-31T11:46:12.548282624Z,6.826413,117.323255,Cloud to Ground,26113,0,9
2026-08-31T11:46:12.939603849Z,6.781884,117.250532,Cloud to Ground,29557,0,18
2026-08-31T11:46:12.240879535Z,9.807279,119.512629,Cloud to Ground,-51119,0,10
2026-08-31T11:46:11.952332033Z,9.814087,119.555241,Cloud to Ground,-37307,0,11
2026-08-31T11:46:11.983306054Z,9.815151,119.555066,Cloud to Ground,-26175,0,12
2026-08-31T11:46:13.756365135Z,6.756831,117.409385,Cloud to Cloud,13922,17738,10
2026-08-31T11:46:13.897834000Z,7.0032,117.5562,Cloud to Ground,19879,0,5
2026-08-31T11:46:13.906711301Z,5.002252,116.919832,Cloud to Ground,31996,0,25
2026-08-31T11:46:14.011179266Z,6.864864,117.351445,Cloud to Ground,17521,0,8
2026-08-31T11:46:14.009195157Z,6.868026,117.376535,Cloud to Ground,26071,0,10
2026-08-31T11:46:14.316131246Z,22.4133,111.584955,Cloud to Ground,42577,0,13
2026-08-31T11:46:14.254767458Z,22.480314,111.769663,Cloud to Ground,72170,0,7
2026-08-31T11:46:16.844781676Z,5.270118,115.652896,Cloud to Ground,22185,0,14
2026-08-31T11:46:16.910483180Z,5.270685,115.634914,Cloud to Ground,41859,0,10
2026-08-31T11:46:17.289458347Z,4.05395,115.00786,Cloud to Cloud,-14283,4939,16
2026-08-31T11:46:17.315499482Z,4.103475,114.979073,Cloud to Cloud,-9750,3169,7
2026-08-31T11:46:17.112660014Z,2.952595,115.785913,Cloud to Cloud,13393,3101,14
2026-08-31T11:46:17.373587888Z,6.16358,117.864694,Cloud to Cloud,-9558,6531,8
2026-08-31T11:46:17.927813254Z,6.911092,117.388293,Cloud to Cloud,18871,7118,8
2026-08-31T11:46:18.657032515Z,5.304522,115.54382,Cloud to Ground,-13192,0,8
2026-08-31T11:46:18.527025788Z,5.301329,115.597142,Cloud to Cloud,-9025,16056,7
2026-08-31T11:46:18.545916719Z,5.202678,115.532533,Cloud to Ground,-16289,0,6
2026-08-31T11:46:19.766802356Z,7.012882,117.410372,Cloud to Cloud,-12878,17530,12
2026-08-31T11:46:19.665932296Z,14.354749,134.379678,Cloud to Ground,-10009,0,8
2026-08-31T11:46:19.463609220Z,6.799554,117.351109,Cloud to Cloud,-22714,12539,10
2026-08-31T11:46:20.635406135Z,6.871177,117.403515,Cloud to Cloud,-8656,3018,7
2026-08-31T11:46:19.773698898Z,6.784286,117.404381,Cloud to Cloud,11300,5942,9
2026-08-31T11:46:20.685131863Z,6.774726,117.347305,Cloud to Ground,19702,0,8
2026-08-31T11:46:20.634356540Z,6.798961,117.451821,Cloud to Ground,25744,0,13
2026-08-31T11:46:20.788288435Z,6.795671,117.372087,Cloud to Ground,40243,0,10
2026-08-31T11:46:20.441699444Z,6.793416,117.394503,Cloud to Ground,77161,0,16
2026-08-31T11:46:20.202012036Z,5.28139,115.625329,Cloud to Ground,-9910,0,10
2026-08-31T11:46:21.204098669Z,6.915429,117.279591,Cloud to Ground,14741,0,9
2026-08-31T11:46:21.379949436Z,6.85766,117.19528,Cloud to Cloud,-10401,9124,6
2026-08-31T11:46:21.227439522Z,6.864053,117.186194,Cloud to Cloud,5920,18015,6
2026-08-31T11:46:22.278180256Z,6.754008,117.342627,Cloud to Cloud,-8449,3017,6
2026-08-31T11:46:22.429366894Z,6.821714,117.314436,Cloud to Cloud,8370,16594,6
2026-08-31T11:46:22.442008000Z,6.9531,117.4732,Cloud to Ground,-678,0,5
2026-08-31T11:46:22.165128941Z,5.241937,115.620623,Cloud to Ground,-11228,0,6
2026-08-31T11:46:22.929406935Z,6.19607,117.805284,Cloud to Cloud,-7191,7468,7
2026-08-31T11:46:24.260228126Z,6.798171,117.383302,Cloud to Ground,-24571,0,10
2026-08-31T11:46:23.703684136Z,6.874901,117.461254,Cloud to Ground,-23212,0,11
2026-08-31T11:46:23.839908503Z,6.8631,117.374252,Cloud to Cloud,-17141,3249,10
2026-08-31T11:46:24.893754639Z,6.745838,117.227774,Cloud to Cloud,-13169,7325,7
2026-08-31T11:46:24.647300999Z,6.731455,117.266013,Cloud to Cloud,-9698,17020,8
2026-08-31T11:46:24.643217713Z,6.737942,117.440105,Cloud to Cloud,9927,12921,9
2026-08-31T11:46:24.577498808Z,6.720074,117.423232,Cloud to Ground,10933,0,12
2026-08-31T11:46:24.439871808Z,6.769112,117.27768,Cloud to Ground,11726,0,7
2026-08-31T11:46:24.765858873Z,6.771679,117.295223,Cloud to Cloud,12273,6879,6
2026-08-31T11:46:24.101460903Z,6.870316,117.304936,Cloud to Ground,23271,0,12
2026-08-31T11:46:24.360859067Z,6.81777,117.335217,Cloud to Ground,36069,0,7
2026-08-31T11:46:24.637144184Z,6.778076,117.297532,Cloud to Ground,37958,0,7
2026-08-31T11:46:24.890550060Z,6.898714,117.327207,Cloud to Ground,47262,0,8
2026-08-31T11:46:24.045014408Z,6.826281,117.352646,Cloud to Ground,47691,0,13
2026-08-31T11:46:23.627298630Z,6.819209,117.32177,Cloud to Ground,50540,0,12
2026-08-31T11:46:25.393590207Z,9.745997,119.382007,Cloud to Cloud,-18357,5636,7
2026-08-31T11:46:25.451846042Z,9.742355,119.477506,Cloud to Cloud,14828,6018,7
2026-08-31T11:46:25.047760266Z,5.252001,115.633179,Cloud to Ground,-17446,0,18
2026-08-31T11:46:25.312533982Z,5.232983,115.604346,Cloud to Cloud,7692,10301,7
2026-08-31T11:46:26.287846604Z,6.833216,117.303287,Cloud to Ground,21716,0,10
2026-08-31T11:46:27.400861179Z,22.402033,112.71976,Cloud to Ground,20329,0,9
2026-08-31T11:46:28.758839128Z,5.335138,115.538834,Cloud to Ground,16377,0,11
2026-08-31T11:46:28.299947914Z,5.090408,115.60049,Cloud to Ground,-12011,0,7
2026-08-31T11:46:28.615168835Z,5.245298,115.500215,Cloud to Ground,28476,0,8
2026-08-31T11:46:28.890745054Z,17.721458,133.6674,Cloud to Ground,-24219,0,9
2026-08-31T11:46:28.891768052Z,17.748414,133.61468,Cloud to Ground,-13582,0,7
2026-08-31T11:46:29.154542680Z,17.655709,133.668431,Cloud to Cloud,-12540,5968,12
2026-08-31T11:46:28.887173084Z,17.75858,133.653303,Cloud to Ground,28655,0,11
2026-08-31T11:46:28.886404827Z,17.639446,133.673525,Cloud to Ground,74260,0,10
2026-08-31T11:46:29.289610151Z,6.901949,117.363242,Cloud to Cloud,-8330,5650,6
2026-08-31T11:46:29.505496234Z,6.853827,117.436258,Cloud to Cloud,-7691,17195,6
2026-08-31T11:46:30.617510944Z,6.919196,117.130332,Cloud to Ground,-25146,0,9
2026-08-31T11:46:30.569629789Z,6.877985,117.41088,Cloud to Cloud,-18230,14013,10
2026-08-31T11:46:30.687110944Z,6.756851,117.489439,Cloud to Ground,-16042,0,7
2026-08-31T11:46:30.480301248Z,6.885699,117.33976,Cloud to Cloud,-14017,3064,10
2026-08-31T11:46:30.514209794Z,6.888995,117.408436,Cloud to Cloud,-13900,4697,9
2026-08-31T11:46:30.481909596Z,6.875886,117.411387,Cloud to Cloud,-11302,17254,7
2026-08-31T11:46:30.467879367Z,6.873779,117.322568,Cloud to Cloud,-9747,7248,7
2026-08-31T11:46:29.959276654Z,6.845166,117.274363,Cloud to Cloud,-9039,17945,6
2026-08-31T11:46:30.669259087Z,6.814192,117.357918,Cloud to Cloud,7186,16766,8
2026-08-31T11:46:30.654152380Z,6.874973,117.252272,Cloud to Cloud,12933,7416,7
2026-08-31T11:46:30.471239745Z,6.797088,117.406474,Cloud to Ground,14021,0,7
2026-08-31T11:46:30.391780485Z,6.799071,117.407241,Cloud to Ground,14417,0,9
2026-08-31T11:46:30.554160937Z,6.785648,117.415002,Cloud to Cloud,18333,18587,8
2026-08-31T11:46:30.538029632Z,6.718542,117.474167,Cloud to Cloud,24012,16184,10
2026-08-31T11:46:31.653054473Z,6.749836,117.446892,Cloud to Ground,27838,0,10
2026-08-31T11:46:32.729487350Z,5.59094,117.227648,Cloud to Ground,18271,0,13
2026-08-31T11:46:32.133094270Z,6.875667,117.350037,Cloud to Cloud,14727,4384,7
2026-08-31T11:46:33.777873945Z,5.549544,117.188686,Cloud to Cloud,7596,4550,7
2026-08-31T11:46:33.731178821Z,5.581137,117.238212,Cloud to Cloud,11028,8152,7
2026-08-31T11:46:33.757025332Z,5.600738,117.185131,Cloud to Cloud,13477,3000,11
2026-08-31T11:46:33.744769490Z,5.560152,117.201465,Cloud to Cloud,19968,6777,12
2026-08-31T11:46:33.114885350Z,6.79191,117.54488,Cloud to Cloud,-14980,3385,8
2026-08-31T11:46:34.260569600Z,6.760188,117.532604,Cloud to Ground,27352,0,12
2026-08-31T11:46:34.141354963Z,6.795876,117.381535,Cloud to Ground,47641,0,8
2026-08-31T11:46:34.408667854Z,6.880982,117.436751,Cloud to Cloud,-7869,10023,6
2026-08-31T11:46:34.453387149Z,5.165001,115.635048,Cloud to Ground,-13007,0,7
2026-08-31T11:46:35.175908120Z,5.246694,115.643326,Cloud to Cloud,12063,13648,7
2026-08-31T11:46:35.536164898Z,5.153356,115.584016,Cloud to Ground,-10787,0,7
2026-08-31T11:46:36.411152638Z,6.78175,117.255162,Cloud to Ground,19480,0,9
2026-08-31T11:46:36.390659162Z,6.176838,117.924407,Cloud to Cloud,-10399,17251,8
2026-08-31T11:46:36.141295642Z,5.603565,117.244694,Cloud to Cloud,-13814,5245,8
2026-08-31T11:46:36.249096654Z,4.011024,114.968477,Cloud to Ground,24841,0,8
2026-08-31T11:46:36.953596569Z,6.918171,117.315736,Cloud to Cloud,-11883,18889,6
2026-08-31T11:46:37.153919835Z,6.835835,117.279414,Cloud to Ground,11432,0,8
2026-08-31T11:46:36.586096255Z,6.908725,117.267781,Cloud to Cloud,12951,16146,6
2026-08-31T11:46:37.147646794Z,6.76697,117.535998,Cloud to Ground,-17135,0,7
2026-08-31T11:46:36.613124896Z,6.77786,117.450118,Cloud to Ground,-15076,0,9
2026-08-31T11:46:37.140366000Z,6.8368,117.4668,Cloud to Ground,2178,0,5
2026-08-31T11:46:36.991566030Z,6.839707,117.382394,Cloud to Cloud,10656,16304,7
2026-08-31T11:46:37.873965629Z,15.549584,132.693171,Cloud to Ground,12039,0,6
2026-08-31T11:46:38.835650454Z,6.15868,117.901559,Cloud to Ground,-12445,0,7
2026-08-31T11:46:39.004274899Z,6.179386,117.950022,Cloud to Cloud,30709,3014,8
2026-08-31T11:46:38.468631791Z,5.220022,115.614935,Cloud to Ground,-16820,0,6
2026-08-31T11:46:38.120983604Z,5.277536,115.610747,Cloud to Ground,-15082,0,16
2026-08-31T11:46:38.079721162Z,5.168757,115.586423,Cloud to Ground,10580,0,8
2026-08-31T11:46:39.379890144Z,6.880365,117.300403,Cloud to Ground,38776,0,7
2026-08-31T11:46:39.753974936Z,22.966616,112.112033,Cloud to Ground,47725,0,13
2026-08-31T11:46:40.683030825Z,6.785497,117.393172,Cloud to Cloud,-14766,7071,12
2026-08-31T11:46:41.258899035Z,6.781291,117.380274,Cloud to Ground,19812,0,8
2026-08-31T11:46:40.512170072Z,6.825172,117.438816,Cloud to Ground,20924,0,7
2026-08-31T11:46:40.699567632Z,6.763327,117.470905,Cloud to Ground,28983,0,10
2026-08-31T11:46:40.935885558Z,6.780051,117.401334,Cloud to Ground,41387,0,11
2026-08-31T11:46:40.140139085Z,22.69974,112.69515,Cloud to Cloud,-12951,3114,7
2026-08-31T11:46:41.144149959Z,5.233407,115.496461,Cloud to Ground,14798,0,7
2026-08-31T11:46:41.210519684Z,6.812677,117.273897,Cloud to Cloud,-10229,3007,6
2026-08-31T11:46:41.526628245Z,6.77578,117.202064,Cloud to Cloud,-9337,3546,7
2026-08-31T11:46:41.351009586Z,6.796472,117.262634,Cloud to Ground,18766,0,9
2026-08-31T11:46:41.309983271Z,6.793643,117.275973,Cloud to Ground,19662,0,12
2026-08-31T11:46:41.130226857Z,6.90884,117.225616,Cloud to Cloud,10517,14474,8
2026-08-31T11:46:41.706630507Z,6.872212,117.186779,Cloud to Ground,10540,0,6
2026-08-31T11:46:42.623431522Z,6.772267,117.351664,Cloud to Ground,26820,0,11
2026-08-31T11:46:42.476582646Z,6.774246,117.361448,Cloud to Ground,62358,0,10
2026-08-31T11:46:42.514604435Z,6.739469,117.198606,Cloud to Cloud,13428,3108,7
2026-08-31T11:46:42.224553824Z,9.795537,119.34787,Cloud to Cloud,13993,3025,9
2026-08-31T11:46:42.252900154Z,14.357249,134.559638,Cloud to Ground,-17183,0,7
2026-08-31T11:46:42.987864850Z,15.621177,132.625205,Cloud to Ground,21252,0,8
2026-08-31T11:46:42.636638485Z,19.193114,119.057511,Cloud to Cloud,8562,18025,8
2026-08-31T11:46:42.846316794Z,19.369523,119.240217,Cloud to Cloud,-8518,17453,7
2026-08-31T11:46:42.831113086Z,19.417571,119.266421,Cloud to Cloud,6887,4166,6
2026-08-31T11:46:43.998178493Z,5.591021,117.231255,Cloud to Cloud,-21717,7679,16
2026-08-31T11:46:43.973364182Z,6.769777,117.347258,Cloud to Cloud,-10804,3517,10
2026-08-31T11:46:44.225042058Z,6.865107,117.460322,Cloud to Cloud,7655,3056,7
2026-08-31T11:46:43.968547683Z,6.748588,117.387783,Cloud to Ground,13630,0,8
2026-08-31T11:46:44.161029607Z,6.83852,117.39702,Cloud to Cloud,18278,16906,7
2026-08-31T11:46:44.823266477Z,14.780958,134.947929,Cloud to Ground,-30631,0,11
2026-08-31T11:46:44.799202000Z,14.8216,134.835,Cloud to Ground,-12809,0,6
2026-08-31T11:46:45.584487467Z,14.716682,134.93383,Cloud to Ground,-20221,0,8
2026-08-31T11:46:45.585792077Z,14.798525,134.86582,Cloud to Ground,-17098,0,6
2026-08-31T11:46:46.820866587Z,5.273859,115.623219,Cloud to Cloud,-14359,3184,14
2026-08-31T11:46:46.258672808Z,6.775882,117.437137,Cloud to Ground,12753,0,9
2026-08-31T11:46:46.287044529Z,6.775205,117.434235,Cloud to Ground,14813,0,10
2026-08-31T11:46:46.194525283Z,6.772363,117.434894,Cloud to Ground,24437,0,13
2026-08-31T11:46:46.758204436Z,6.89392,117.405833,Cloud to Ground,-13902,0,6
2026-08-31T11:46:48.281518263Z,6.718455,117.301936,Cloud to Ground,16548,0,16
2026-08-31T11:46:47.796901654Z,6.716853,117.314268,Cloud to Ground,70513,0,8
2026-08-31T11:46:47.848828073Z,6.879588,117.393151,Cloud to Ground,23959,0,7
2026-08-31T11:46:48.575677962Z,5.666065,117.274632,Cloud to Cloud,-9565,14543,7
2026-08-31T11:46:48.220268846Z,18.476573,115.610696,Cloud to Cloud,-20977,6832,12
2026-08-31T11:46:48.441496672Z,18.418135,115.5187,Cloud to Cloud,-14880,19931,8
2026-08-31T11:46:48.214128899Z,18.463122,115.595375,Cloud to Ground,23467,0,9
2026-08-31T11:46:48.231050373Z,18.441037,115.748312,Cloud to Cloud,-16634,6309,12
2026-08-31T11:46:48.211567157Z,18.474957,115.756675,Cloud to Cloud,14801,3000,8
2026-08-31T11:46:50.392242350Z,5.33097,115.597452,Cloud to Ground,-15843,0,6
2026-08-31T11:46:50.041639961Z,5.257351,115.52925,Cloud to Ground,-15712,0,6
2026-08-31T11:46:50.174906068Z,5.299509,115.58303,Cloud to Ground,-14509,0,6
2026-08-31T11:46:50.382641088Z,5.287516,115.497593,Cloud to Ground,-12533,0,12
2026-08-31T11:46:50.250871631Z,5.28335,115.60904,Cloud to Ground,-11816,0,10
2026-08-31T11:46:49.598357129Z,5.208805,115.615758,Cloud to Cloud,-6885,18800,6
2026-08-31T11:46:50.157129395Z,5.292205,115.568659,Cloud to Cloud,11937,3311,7
2026-08-31T11:46:50.142004637Z,5.291128,115.582825,Cloud to Ground,21869,0,9
2026-08-31T11:46:50.012546803Z,5.242232,115.503577,Cloud to Ground,22494,0,9
2026-08-31T11:46:50.382140159Z,5.246055,115.513532,Cloud to Ground,28924,0,6
2026-08-31T11:46:50.277627763Z,5.329674,115.536571,Cloud to Ground,33525,0,12
2026-08-31T11:46:49.917682612Z,5.331447,115.530191,Cloud to Ground,39064,0,17
2026-08-31T11:46:49.007261577Z,6.998655,116.693802,Cloud to Cloud,15416,7629,10
2026-08-31T11:46:50.998378278Z,6.20585,117.905868,Cloud to Cloud,24682,7496,7
2026-08-31T11:46:50.127219508Z,6.782533,117.299823,Cloud to Ground,-14862,0,12
2026-08-31T11:46:50.925540645Z,6.88442,117.371779,Cloud to Cloud,19395,18046,9
2026-08-31T11:46:51.981354454Z,5.260461,115.627258,Cloud to Cloud,-9573,18087,6
2026-08-31T11:46:52.489308192Z,3.057062,115.016769,Cloud to Ground,-18447,0,7
2026-08-31T11:46:52.493766652Z,3.030962,115.03862,Cloud to Ground,-13099,0,7
2026-08-31T11:46:52.472733137Z,3.031642,115.003416,Cloud to Ground,25919,0,7
2026-08-31T11:46:52.382311115Z,6.747674,117.395463,Cloud to Ground,17242,0,7
2026-08-31T11:46:52.748294723Z,5.566103,117.227307,Cloud to Ground,16442,0,8
2026-08-31T11:46:52.756831489Z,6.897776,117.395687,Cloud to Cloud,-18965,3037,14
2026-08-31T11:46:52.752120382Z,6.919806,117.335402,Cloud to Cloud,-17837,11156,8
2026-08-31T11:46:52.628307306Z,6.842353,117.393521,Cloud to Cloud,-12180,7197,8
2026-08-31T11:46:52.575523139Z,6.854606,117.331325,Cloud to Cloud,14144,3004,10
2026-08-31T11:46:52.631096000Z,6.9155,117.3171,Cloud to Ground,21963,0,7
2026-08-31T11:46:52.195840930Z,4.052355,114.991947,Cloud to Ground,26131,0,7
2026-08-31T11:46:53.159182167Z,6.757225,117.428738,Cloud to Ground,54887,0,7
2026-08-31T11:46:53.440308361Z,6.812325,117.351951,Cloud to Cloud,-12943,16995,8
2026-08-31T11:46:53.348983694Z,6.789462,117.314572,Cloud to Ground,32678,0,9
2026-08-31T11:46:53.151217885Z,14.197247,134.177558,Cloud to Ground,-31684,0,14
2026-08-31T11:46:53.179779655Z,14.252437,134.228983,Cloud to Ground,33114,0,10
2026-08-31T11:46:54.591205446Z,6.084283,117.890452,Cloud to Cloud,6809,6038,6
2026-08-31T11:46:55.750570096Z,6.834224,117.16336,Cloud to Cloud,-8779,3031,7
2026-08-31T11:46:55.224862732Z,6.877739,117.318277,Cloud to Ground,23035,0,8
2026-08-31T11:46:55.740423258Z,5.559936,117.154244,Cloud to Cloud,-11582,15676,7
2026-08-31T11:46:56.782327055Z,6.642889,117.874309,Cloud to Ground,33407,0,14
2026-08-31T11:46:56.823747444Z,6.762486,117.234103,Cloud to Cloud,-9355,5111,6
2026-08-31T11:46:56.408744330Z,5.238401,115.596301,Cloud to Ground,-16774,0,12
2026-08-31T11:46:56.619798446Z,5.260854,115.577034,Cloud to Cloud,-8641,5297,6
2026-08-31T11:46:56.419297307Z,5.236246,115.577887,Cloud to Cloud,13578,3433,6
2026-08-31T11:46:57.052955951Z,6.7399,117.877673,Cloud to Ground,18210,0,7
2026-08-31T11:46:56.513555120Z,6.789247,117.811305,Cloud to Ground,21346,0,8
2026-08-31T11:46:57.328582958Z,6.863991,117.365786,Cloud to Ground,16195,0,9
2026-08-31T11:46:57.518908305Z,6.818997,117.440363,Cloud to Ground,45550,0,13
2026-08-31T11:46:58.119628000Z,18.1156,116.0351,Cloud to Ground,23388,0,6
2026-08-31T11:46:59.565188205Z,5.333865,115.571925,Cloud to Ground,-19187,0,12
2026-08-31T11:46:59.344224782Z,6.802084,117.384782,Cloud to Ground,37597,0,16
2026-08-31T11:46:59.533377628Z,6.141145,117.841576,Cloud to Cloud,13157,7177,7
2026-08-31T11:46:59.416110136Z,15.711904,132.574742,Cloud to Ground,30818,0,12
2026-08-31T11:47:00.899565227Z,6.863662,117.368747,Cloud to Cloud,10079,6776,6
2026-08-31T11:47:00.959449000Z,19.0718,131.3274,Cloud to Ground,245129,0,5
2026-08-31T11:47:01.095126074Z,6.753672,117.43292,Cloud to Ground,47803,0,16
2026-08-31T11:47:08.732509861Z,6.211621,117.983214,Cloud to Cloud,-13987,3010,11
2026-08-31T11:47:09.457663581Z,6.855541,117.458658,Cloud to Ground,-18468,0,7
2026-08-31T11:47:09.487548906Z,6.683475,117.354009,Cloud to Cloud,8203,3259,8
2026-08-31T11:47:09.210161458Z,6.828557,117.439877,Cloud to Cloud,9344,3009,7
2026-08-31T11:47:10.035146878Z,6.810329,117.385561,Cloud to Ground,10082,0,12
2026-08-31T11:47:09.656060311Z,6.80016,117.466113,Cloud to Cloud,11838,16219,10
2026-08-31T11:47:09.676361203Z,6.697838,117.437058,Cloud to Cloud,12360,16990,8
2026-08-31T11:47:09.968183210Z,6.762465,117.438242,Cloud to Ground,13195,0,7
2026-08-31T11:47:11.649872327Z,6.257875,117.842677,Cloud to Cloud,-15816,11092,11
2026-08-31T11:47:11.148747969Z,5.194315,115.632659,Cloud to Cloud,-8287,13586,8
2026-08-31T11:47:10.535840113Z,5.247936,115.622327,Cloud to Ground,10371,0,7
2026-08-31T11:47:11.224187144Z,5.112562,115.618775,Cloud to Ground,17141,0,9
2026-08-31T11:47:12.891804086Z,6.576103,117.958535,Cloud to Cloud,-17123,7418,11
2026-08-31T11:47:12.889709110Z,6.500828,118.030992,Cloud to Cloud,-13214,8555,7
2026-08-31T11:47:12.887182570Z,6.529442,117.959005,Cloud to Ground,37690,0,15
2026-08-31T11:47:12.815653809Z,6.78328,117.231456,Cloud to Cloud,-6267,18368,7
2026-08-31T11:47:13.681834763Z,6.856313,117.5289,Cloud to Cloud,-13456,3190,7
2026-08-31T11:47:13.843649903Z,6.700771,117.278404,Cloud to Cloud,-17771,3212,7
2026-08-31T11:47:13.646366568Z,6.74311,117.503505,Cloud to Ground,12064,0,7
2026-08-31T11:47:13.529625257Z,15.673624,132.582935,Cloud to Ground,-16754,0,9
2026-08-31T11:47:13.592093556Z,15.611309,132.603537,Cloud to Ground,-14641,0,8
2026-08-31T11:47:13.556352270Z,15.573936,132.592915,Cloud to Ground,17409,0,15
2026-08-31T11:47:13.900445800Z,22.562388,111.992892,Cloud to Ground,24129,0,9
2026-08-31T11:47:13.903532808Z,22.403968,111.880187,Cloud to Cloud,13819,5949,9
2026-08-31T11:47:13.381836407Z,22.338171,111.769099,Cloud to Cloud,-10620,3995,8
2026-08-31T11:47:13.241082661Z,22.421664,111.790569,Cloud to Cloud,-10503,7566,8
2026-08-31T11:47:13.238803307Z,22.504998,111.752622,Cloud to Cloud,14410,3029,7
2026-08-31T11:47:13.680851746Z,22.425264,111.749387,Cloud to Cloud,24154,3178,10
2026-08-31T11:47:14.035159158Z,6.145161,117.88304,Cloud to Ground,31619,0,9
2026-08-31T11:47:14.774081000Z,20.8433,120.8514,Cloud to Ground,-26035,0,8
2026-08-31T11:47:15.351103378Z,6.764086,117.16522,Cloud to Ground,23667,0,11
2026-08-31T11:47:15.985868368Z,5.127826,115.656874,Cloud to Ground,18910,0,12
2026-08-31T11:47:15.237407460Z,5.313789,115.574377,Cloud to Cloud,13344,4156,8
2026-08-31T11:47:17.037905347Z,6.82399,117.421431,Cloud to Cloud,-12402,3055,8
2026-08-31T11:47:16.061795180Z,6.801594,117.379723,Cloud to Cloud,10734,17755,8
2026-08-31T11:47:16.440668689Z,6.769711,117.433393,Cloud to Cloud,15745,11598,6
2026-08-31T11:47:16.085023835Z,6.746849,117.411831,Cloud to Ground,18067,0,9
2026-08-31T11:47:16.020856415Z,6.874925,117.353246,Cloud to Cloud,18633,10334,6
2026-08-31T11:47:16.420865492Z,6.215895,117.943568,Cloud to Cloud,-10047,9375,7
2026-08-31T11:47:16.518032651Z,6.243281,117.845678,Cloud to Cloud,-17418,4859,14
2026-08-31T11:47:17.658754763Z,6.866446,117.242075,Cloud to Cloud,11821,3311,6
2026-08-31T11:47:17.669047231Z,6.872088,117.241906,Cloud to Cloud,15142,4954,10
2026-08-31T11:47:18.128118740Z,5.344218,115.595553,Cloud to Ground,22147,0,9
2026-08-31T11:47:18.615581375Z,6.900877,117.334169,Cloud to Cloud,-19771,3303,11
2026-08-31T11:47:18.866707664Z,6.823932,117.303349,Cloud to Ground,11802,0,8
2026-08-31T11:47:18.886824762Z,6.835904,117.324664,Cloud to Ground,16974,0,10
2026-08-31T11:47:19.127712222Z,6.928178,117.32068,Cloud to Ground,11947,0,7
2026-08-31T11:47:18.838140962Z,6.824467,117.304608,Cloud to Ground,12650,0,9
2026-08-31T11:47:19.241091819Z,6.824388,117.304689,Cloud to Ground,16787,0,8
2026-08-31T11:47:18.772152537Z,6.846224,117.365642,Cloud to Ground,24461,0,13
2026-08-31T11:47:18.622206880Z,6.854223,117.411299,Cloud to Cloud,28004,3519,7
2026-08-31T11:47:18.522176000Z,6.957,117.371,Cloud to Ground,71068,0,7
2026-08-31T11:47:18.210575356Z,5.198185,115.588455,Cloud to Ground,19173,0,6
2026-08-31T11:47:18.757104700Z,9.730395,119.500728,Cloud to Cloud,15363,15721,6
2026-08-31T11:47:18.941162205Z,14.343729,134.336157,Cloud to Ground,-21829,0,10
2026-08-31T11:47:18.928814867Z,14.313719,134.312249,Cloud to Ground,-13343,0,14
2026-08-31T11:47:18.956645228Z,14.340548,134.313088,Cloud to Ground,-12611,0,12
2026-08-31T11:47:18.925158732Z,14.241663,134.326086,Cloud to Cloud,13996,5738,7
2026-08-31T11:47:20.418735257Z,6.858181,117.367547,Cloud to Cloud,-12757,5195,7
2026-08-31T11:47:20.407109860Z,6.80167,117.264688,Cloud to Cloud,-8904,3185,8
2026-08-31T11:47:20.793060951Z,5.247285,115.628764,Cloud to Ground,-20021,0,7
2026-08-31T11:47:20.644908349Z,5.238499,115.565452,Cloud to Ground,23691,0,10
2026-08-31T11:47:22.523203000Z,6.8768,117.4416,Cloud to Ground,30137,0,7
2026-08-31T11:47:23.345595987Z,6.139922,117.939556,Cloud to Cloud,-12109,4761,10
2026-08-31T11:47:25.071878296Z,6.967618,117.344549,Cloud to Ground,-25664,0,16
2026-08-31T11:47:31.831367664Z,6.763234,117.436885,Cloud to Cloud,-19135,4067,8
2026-08-31T11:47:31.621452787Z,6.793083,117.371112,Cloud to Cloud,8468,3127,10
2026-08-31T11:47:32.507487982Z,6.798927,117.411439,Cloud to Ground,14084,0,11
2026-08-31T11:47:33.965859515Z,5.297184,115.617153,Cloud to Ground,-15969,0,7
2026-08-31T11:47:34.666600906Z,6.695989,117.525085,Cloud to Ground,-15153,0,7
2026-08-31T11:47:34.664654624Z,6.887228,117.501298,Cloud to Cloud,-12191,6101,6
2026-08-31T11:47:34.267611240Z,6.720813,117.512877,Cloud to Cloud,-11352,6019,7
2026-08-31T11:47:34.287861131Z,6.843781,117.449749,Cloud to Cloud,-11250,3053,7
2026-08-31T11:47:34.243234757Z,6.895371,117.470714,Cloud to Cloud,17649,3463,7
2026-08-31T11:47:33.821637417Z,6.754447,117.445332,Cloud to Ground,21208,0,12
2026-08-31T11:47:34.015040788Z,5.199808,115.567881,Cloud to Ground,27957,0,10
2026-08-31T11:47:34.077129356Z,15.271664,134.04988,Cloud to Ground,22275,0,12
2026-08-31T11:47:34.079553929Z,15.356846,133.954226,Cloud to Ground,-21745,0,13
2026-08-31T11:47:35.670925007Z,5.194625,115.59738,Cloud to Cloud,-10358,6026,7
2026-08-31T11:47:37.263879355Z,18.81885,126.741539,Cloud to Cloud,11111,7117,7
2026-08-31T11:47:37.269756846Z,18.635532,127.052852,Cloud to Cloud,-3985,13936,7
2026-08-31T11:47:37.264557268Z,18.766597,126.900762,Cloud to Cloud,-22416,11311,13
2026-08-31T11:47:38.216704643Z,6.808353,117.3743,Cloud to Cloud,16462,19019,6
2026-08-31T11:47:38.260856000Z,6.9652,117.5009,Cloud to Ground,-19582,0,5
2026-08-31T11:47:38.410481956Z,14.187013,134.235379,Cloud to Ground,-18339,0,8
2026-08-31T11:47:38.499154000Z,5.6927,117.2676,Cloud to Ground,-26455,0,6
2026-08-31T11:47:39.711022800Z,6.855446,117.43458,Cloud to Cloud,-26973,4069,11
2026-08-31T11:47:39.728298658Z,6.731386,117.331123,Cloud to Cloud,9742,3037,8
2026-08-31T11:47:39.762540822Z,6.733497,117.342079,Cloud to Cloud,14425,3135,6
2026-08-31T11:47:40.912253659Z,6.789992,117.337557,Cloud to Ground,18411,0,8
2026-08-31T11:47:40.998291292Z,6.808737,117.353566,Cloud to Ground,25920,0,9
2026-08-31T11:47:42.446967155Z,6.751318,117.445937,Cloud to Cloud,-15123,17303,6
2026-08-31T11:47:42.012597890Z,6.781581,117.473524,Cloud to Cloud,9634,8719,7
2026-08-31T11:47:41.653559474Z,6.700988,117.416935,Cloud to Ground,19989,0,7
2026-08-31T11:47:42.148897084Z,6.73616,117.55444,Cloud to Ground,20958,0,15
2026-08-31T11:47:41.757644680Z,6.735846,117.55527,Cloud to Ground,25229,0,15
2026-08-31T11:47:41.937739651Z,6.716429,117.468764,Cloud to Ground,29186,0,7
2026-08-31T11:47:41.866213468Z,6.733989,117.5516,Cloud to Ground,32508,0,12
2026-08-31T11:47:41.568393984Z,6.854777,117.507923,Cloud to Ground,44739,0,6
2026-08-31T11:47:42.154233869Z,6.216212,117.880796,Cloud to Ground,-20552,0,8
2026-08-31T11:47:42.609552521Z,6.11846,117.853367,Cloud to Ground,19413,0,10
2026-08-31T11:47:42.075971744Z,6.796699,117.333106,Cloud to Ground,7931,0,7
2026-08-31T11:47:42.211586484Z,5.271251,115.585256,Cloud to Ground,11866,0,7
2026-08-31T11:47:41.690313706Z,5.304135,115.650383,Cloud to Ground,15615,0,10
2026-08-31T11:47:42.008642344Z,5.25991,115.564236,Cloud to Ground,15661,0,7
2026-08-31T11:47:42.374241090Z,20.89461,121.071408,Cloud to Cloud,4966,9406,7
2026-08-31T11:47:44.578174599Z,6.805807,117.916006,Cloud to Cloud,17693,17304,8
2026-08-31T11:47:45.493915444Z,5.09778,115.507343,Cloud to Ground,19294,0,7
2026-08-31T11:47:45.831742466Z,5.224315,115.61722,Cloud to Cloud,-10404,11021,7
2026-08-31T11:47:47.349637525Z,6.735226,117.257662,Cloud to Cloud,12938,3009,7
2026-08-31T11:47:47.798432817Z,6.794563,117.584241,Cloud to Ground,-18089,0,10
2026-08-31T11:47:48.421089542Z,6.77735,117.408086,Cloud to Ground,-40201,0,11
2026-08-31T11:47:48.075413899Z,5.61054,117.224777,Cloud to Cloud,-11851,10509,9
2026-08-31T11:47:48.095355613Z,5.593645,117.1857,Cloud to Ground,22584,0,8
2026-08-31T11:47:48.882261667Z,5.386675,115.532273,Cloud to Cloud,-18421,19816,12
2026-08-31T11:47:49.054711880Z,5.239811,115.505235,Cloud to Ground,10580,0,7
2026-08-31T11:47:49.038954795Z,5.304921,115.525497,Cloud to Cloud,13648,12607,10
2026-08-31T11:47:49.659687034Z,4.121048,115.042191,Cloud to Ground,14519,0,7
2026-08-31T11:47:49.494244622Z,6.75895,117.387354,Cloud to Cloud,17672,3416,7
2026-08-31T11:47:49.340359220Z,6.814473,117.300898,Cloud to Ground,-29302,0,13
2026-08-31T11:47:49.173604719Z,6.799005,117.228207,Cloud to Cloud,-10104,12254,7
2026-08-31T11:47:48.906221850Z,6.847815,117.322043,Cloud to Cloud,10619,14304,8
2026-08-31T11:47:49.299506665Z,15.695945,132.446346,Cloud to Ground,-13668,0,7
2026-08-31T11:47:50.861697528Z,6.861184,117.543124,Cloud to Ground,-18529,0,7
2026-08-31T11:47:50.879122119Z,6.841308,117.231979,Cloud to Cloud,-21278,6407,12
2026-08-31T11:47:50.545514376Z,6.781638,117.354798,Cloud to Ground,11291,0,7
2026-08-31T11:47:50.697005212Z,6.781536,117.353547,Cloud to Ground,11461,0,7
2026-08-31T11:47:50.504692696Z,6.785733,117.367474,Cloud to Ground,48132,0,10
2026-08-31T11:47:50.664258295Z,6.776074,117.320524,Cloud to Ground,56695,0,6
2026-08-31T11:47:50.407057135Z,6.798101,117.400901,Cloud to Ground,76648,0,14
2026-08-31T11:47:51.645958099Z,5.534459,117.687159,Cloud to Ground,-14047,0,16
2026-08-31T11:47:51.231930498Z,5.542327,117.226578,Cloud to Cloud,17866,14456,8
2026-08-31T11:47:50.447443718Z,6.924622,117.410315,Cloud to Cloud,21656,3037,7
2026-08-31T11:47:51.055172862Z,6.934985,117.423089,Cloud to Cloud,24134,3001,7
2026-08-31T11:47:51.061169637Z,20.223534,120.547891,Cloud to Cloud,33736,17495,8
2026-08-31T11:47:51.063927945Z,20.170995,120.736779,Cloud to Cloud,-12473,10275,12
2026-08-31T11:47:51.537674429Z,20.220766,120.746805,Cloud to Cloud,11605,13754,6
2026-08-31T11:47:52.234660960Z,6.605747,117.937937,Cloud to Ground,20468,0,11
2026-08-31T11:47:52.364006889Z,6.612445,117.918478,Cloud to Ground,26887,0,10
2026-08-31T11:47:52.257203197Z,9.632935,119.482449,Cloud to Cloud,22314,3004,7
2026-08-31T11:47:54.492740201Z,6.937993,117.301651,Cloud to Cloud,-14650,3001,9
2026-08-31T11:47:54.526572774Z,12.446635,121.884105,Cloud to Cloud,-12967,6736,10
2026-08-31T11:47:55.143050967Z,6.886117,117.403465,Cloud to Cloud,-18850,6379,7
2026-08-31T11:47:56.416376231Z,4.913657,116.75,Cloud to Cloud,-13541,3019,7
2026-08-31T11:47:56.530238041Z,5.121988,115.653567,Cloud to Cloud,-20070,4316,7
2026-08-31T11:47:56.314447507Z,22.38866,111.803771,Cloud to Ground,-22411,0,8
2026-08-31T11:47:56.538677332Z,22.402692,111.796995,Cloud to Cloud,15559,3003,7
2026-08-31T11:47:56.100585220Z,22.424846,111.734972,Cloud to Cloud,16155,3000,10
2026-08-31T11:47:56.492460000Z,9.8898,119.3925,Cloud to Ground,-7093,0,10
2026-08-31T11:47:56.179776000Z,22.5154,111.7173,Cloud to Ground,19819,0,7
2026-08-31T11:47:57.054818826Z,6.818174,117.336344,Cloud to Cloud,-14957,5114,10
2026-08-31T11:47:57.320827693Z,6.801839,117.354955,Cloud to Cloud,11816,12203,5
2026-08-31T11:47:57.694062941Z,6.806343,117.249613,Cloud to Cloud,17438,5002,8
2026-08-31T11:47:57.403108291Z,6.769268,117.108697,Cloud to Ground,17022,0,14
2026-08-31T11:47:58.935920247Z,5.198973,115.54666,Cloud to Ground,-24776,0,10
2026-08-31T11:47:58.881490572Z,5.193647,115.599874,Cloud to Ground,13668,0,6
2026-08-31T11:47:58.913695099Z,5.292938,115.588767,Cloud to Ground,-13141,0,8
2026-08-31T11:47:59.062634913Z,6.80696,117.432107,Cloud to Cloud,-11641,3005,6
2026-08-31T11:47:59.263597501Z,6.753779,117.422115,Cloud to Ground,20740,0,9
2026-08-31T11:47:59.210339804Z,6.885673,117.366304,Cloud to Cloud,12435,16826,6
2026-08-31T11:47:59.348006352Z,6.829065,117.320332,Cloud to Cloud,20342,9634,7
2026-08-31T11:47:59.238692108Z,5.328807,115.679964,Cloud to Ground,9991,0,8
2026-08-31T11:47:59.919051000Z,14.3172,134.1275,Cloud to Ground,-30176,0,6
2026-08-31T11:47:59.853743000Z,14.346,134.2122,Cloud to Ground,-17634,0,8
2026-08-31T11:48:00.878715323Z,5.242264,115.544474,Cloud to Ground,14983,0,9
2026-08-31T11:48:00.415052188Z,5.148496,115.609412,Cloud to Cloud,10877,5615,7
2026-08-31T11:48:00.343021627Z,5.158042,115.604267,Cloud to Ground,16518,0,12
2026-08-31T11:48:00.052046834Z,6.825965,117.237602,Cloud to Ground,32951,0,13
2026-08-31T11:48:00.754847499Z,6.782621,117.432091,Cloud to Ground,20453,0,12
2026-08-31T11:48:01.157301223Z,6.758067,117.439162,Cloud to Cloud,20521,10727,12
2026-08-31T11:48:01.045426157Z,6.275167,117.851254,Cloud to Cloud,-8980,3018,7
2026-08-31T11:48:01.229154469Z,6.15682,117.798011,Cloud to Cloud,-12113,8679,7
2026-08-31T11:48:02.273274951Z,6.278923,117.824967,Cloud to Ground,-8700,0,7
2026-08-31T11:48:01.958812153Z,6.300796,117.839782,Cloud to Cloud,10694,3005,7
2026-08-31T11:48:01.960246362Z,6.315847,117.82676,Cloud to Ground,19097,0,11
2026-08-31T11:48:01.105950345Z,6.713892,117.321134,Cloud to Ground,18481,0,21
2026-08-31T11:48:01.141025815Z,5.571707,117.15439,Cloud to Ground,10863,0,7
2026-08-31T11:48:01.526666088Z,14.265181,134.233628,Cloud to Ground,10664,0,8
2026-08-31T11:48:01.336994824Z,14.287877,134.216722,Cloud to Ground,42237,0,11
2026-08-31T11:48:01.405113000Z,14.5038,134.3701,Cloud to Ground,23663,0,7
2026-08-31T11:48:03.917154023Z,6.798607,117.355942,Cloud to Ground,17515,0,6
2026-08-31T11:48:03.903255189Z,6.868152,117.382173,Cloud to Cloud,19201,19862,7
2026-08-31T11:48:03.673254990Z,6.793012,117.380559,Cloud to Ground,25361,0,12
2026-08-31T11:48:03.570203652Z,6.768851,117.319748,Cloud to Ground,25428,0,7
2026-08-31T11:48:03.626373790Z,6.797552,117.329897,Cloud to Ground,39679,0,6
2026-08-31T11:48:03.759775263Z,6.920186,117.40547,Cloud to Ground,54352,0,7
2026-08-31T11:48:03.828460201Z,6.719679,117.305813,Cloud to Ground,68673,0,8
2026-08-31T11:48:04.429641451Z,5.202346,115.563266,Cloud to Ground,27787,0,11
2026-08-31T11:48:04.298995642Z,6.888011,117.310006,Cloud to Ground,-33929,0,14
2026-08-31T11:48:04.292273095Z,6.875925,117.379246,Cloud to Ground,33916,0,7
2026-08-31T11:48:05.842149380Z,5.193312,115.576757,Cloud to Ground,19839,0,9
2026-08-31T11:48:05.081751779Z,6.754786,117.432099,Cloud to Cloud,14397,6280,8
2026-08-31T11:48:05.167836977Z,6.726324,117.462251,Cloud to Ground,24535,0,8
2026-08-31T11:48:07.192004790Z,15.63724,132.550363,Cloud to Ground,-16988,0,13
2026-08-31T11:48:07.234746169Z,15.607782,132.543179,Cloud to Ground,15738,0,9
2026-08-31T11:48:08.217773441Z,5.575322,117.184727,Cloud to Ground,-29136,0,15
2026-08-31T11:48:09.231925105Z,5.613683,117.227717,Cloud to Ground,22081,0,14
2026-08-31T11:48:09.812042009Z,6.832186,117.408427,Cloud to Cloud,6039,4544,6
2026-08-31T11:48:09.194427934Z,5.248777,115.528489,Cloud to Cloud,-13940,3601,16
2026-08-31T11:48:08.888488112Z,5.252131,115.586678,Cloud to Cloud,-10623,13535,5
2026-08-31T11:48:09.157995902Z,5.300037,115.583873,Cloud to Ground,-9669,0,6
2026-08-31T11:48:09.802519639Z,5.208639,115.511936,Cloud to Ground,12915,0,6
2026-08-31T11:48:10.414268218Z,6.702848,117.424659,Cloud to Cloud,13678,6252,7
2026-08-31T11:48:10.211315107Z,14.222325,134.595831,Cloud to Ground,-10121,0,12
2026-08-31T11:48:10.243493282Z,14.337497,134.589208,Cloud to Cloud,-11235,12207,10
2026-08-31T11:48:11.721347788Z,6.156689,117.89185,Cloud to Ground,16346,0,11
2026-08-31T11:48:11.096430521Z,6.937509,117.383145,Cloud to Cloud,21713,3010,7
2026-08-31T11:48:11.003159963Z,6.911399,117.399141,Cloud to Ground,43522,0,14
2026-08-31T11:48:11.290295344Z,6.751679,117.325178,Cloud to Cloud,-16188,5641,7
2026-08-31T11:48:11.682563293Z,6.803831,117.338227,Cloud to Cloud,12246,3303,6
2026-08-31T11:48:11.125160381Z,6.802373,117.343708,Cloud to Cloud,12403,3251,6
2026-08-31T11:48:11.299866327Z,6.755048,117.373521,Cloud to Ground,15365,0,8
2026-08-31T11:48:11.913135255Z,6.85068,117.287354,Cloud to Ground,18837,0,6
2026-08-31T11:48:11.417798858Z,6.813727,117.353738,Cloud to Cloud,23334,12923,8
2026-08-31T11:48:11.570094570Z,6.765433,117.305175,Cloud to Ground,27853,0,9
2026-08-31T11:48:11.150729155Z,6.812956,117.348866,Cloud to Ground,27911,0,9
2026-08-31T11:48:11.056159963Z,6.809795,117.353607,Cloud to Ground,45329,0,12
2026-08-31T11:48:11.223042000Z,6.8172,117.3851,Cloud to Ground,46865,0,8
2026-08-31T11:48:11.281272075Z,6.800757,117.340764,Cloud to Ground,50951,0,9
2026-08-31T11:48:11.513472992Z,6.815191,117.351998,Cloud to Ground,54656,0,8
2026-08-31T11:48:11.814746000Z,19.1116,118.9768,Cloud to Ground,-10124,0,6
2026-08-31T11:48:12.796516604Z,6.858159,117.202745,Cloud to Cloud,10279,4855,7
2026-08-31T11:48:12.813154623Z,6.737264,117.92593,Cloud to Cloud,10986,6540,7
2026-08-31T11:48:12.811042139Z,6.739814,118.030132,Cloud to Cloud,20238,16144,7
2026-08-31T11:48:13.061724781Z,6.733515,117.404954,Cloud to Ground,-9337,0,7
2026-08-31T11:48:14.596592609Z,5.270838,115.588585,Cloud to Cloud,-15517,3011,14
2026-08-31T11:48:14.902163221Z,5.275512,115.668851,Cloud to Ground,-8405,0,7
2026-08-31T11:48:15.313637683Z,6.707733,117.162754,Cloud to Cloud,-12017,3050,8
2026-08-31T11:48:15.546600173Z,6.817984,117.336269,Cloud to Cloud,14329,18618,11
2026-08-31T11:48:15.486994585Z,6.861295,117.309885,Cloud to Ground,18001,0,8
2026-08-31T11:48:15.320781918Z,6.847588,117.330387,Cloud to Cloud,18460,3000,8
2026-08-31T11:48:15.889445294Z,22.35378,112.698988,Cloud to Ground,29219,0,8
2026-08-31T11:48:16.240411832Z,6.898001,117.558966,Cloud to Ground,52986,0,6
2026-08-31T11:48:16.570307504Z,6.89183,117.26879,Cloud to Cloud,6994,3032,6
2026-08-31T11:48:16.164431062Z,15.56179,132.579386,Cloud to Cloud,-23449,6559,14
2026-08-31T11:48:16.122540934Z,15.572185,132.624008,Cloud to Ground,31015,0,12
2026-08-31T11:48:17.223328071Z,5.590994,117.240205,Cloud to Cloud,-19203,12961,11
2026-08-31T11:48:17.199532456Z,5.601132,117.253137,Cloud to Ground,29370,0,8
2026-08-31T11:48:17.397096189Z,5.755071,117.259817,Cloud to Cloud,-16335,4269,8
2026-08-31T11:48:18.484120992Z,6.760301,117.424287,Cloud to Ground,7844,0,9
2026-08-31T11:48:18.119180918Z,6.707944,117.412824,Cloud to Cloud,10847,7545,7
2026-08-31T11:48:18.189999787Z,6.695059,117.414534,Cloud to Ground,11291,0,9
2026-08-31T11:48:18.164838434Z,6.695675,117.452191,Cloud to Ground,22240,0,10
2026-08-31T11:48:18.327310934Z,6.741247,117.422559,Cloud to Ground,25484,0,15
2026-08-31T11:48:18.418308848Z,5.27763,115.578251,Cloud to Cloud,-16384,5284,11
2026-08-31T11:48:18.575852581Z,5.144797,115.597982,Cloud to Cloud,15652,15752,7
2026-08-31T11:48:19.026877738Z,6.870832,117.182577,Cloud to Ground,23446,0,12
2026-08-31T11:48:19.557728996Z,6.789989,117.360623,Cloud to Ground,10029,0,9
2026-08-31T11:48:20.150415943Z,6.777822,117.856765,Cloud to Cloud,-15093,3202,11
2026-08-31T11:48:20.152502738Z,6.800118,117.813391,Cloud to Cloud,18344,3068,8
2026-08-31T11:48:20.151575878Z,6.69163,117.864187,Cloud to Ground,29521,0,8
2026-08-31T11:48:20.153950659Z,6.703126,117.710629,Cloud to Cloud,16817,4880,7
2026-08-31T11:48:20.169995439Z,5.656641,117.266424,Cloud to Cloud,6529,6448,6
2026-08-31T11:48:20.213947535Z,5.658546,117.165026,Cloud to Ground,-13977,0,8
2026-08-31T11:48:21.989434311Z,6.761322,117.447254,Cloud to Ground,35132,0,13
2026-08-31T11:48:21.086313941Z,6.951157,117.262439,Cloud to Cloud,-12321,16057,8
2026-08-31T11:48:21.530367696Z,5.255259,115.642319,Cloud to Ground,-24026,0,9
2026-08-31T11:48:21.629345267Z,5.246572,115.613943,Cloud to Cloud,-20584,6532,6
2026-08-31T11:48:21.500536414Z,5.247855,115.640094,Cloud to Ground,-15163,0,11
2026-08-31T11:48:21.421682149Z,5.244931,115.569005,Cloud to Ground,24833,0,17
2026-08-31T11:48:21.349119684Z,12.411319,121.838482,Cloud to Cloud,18096,3018,9
2026-08-31T11:48:21.295973760Z,20.804348,120.984094,Cloud to Ground,-8999,0,6
2026-08-31T11:48:21.191852169Z,20.791391,121.077524,Cloud to Cloud,4001,13776,7
2026-08-31T11:48:21.035274354Z,20.786762,120.988412,Cloud to Cloud,6386,3487,6
2026-08-31T11:48:22.794191902Z,6.592613,117.405926,Cloud to Ground,54582,0,7
2026-08-31T11:48:22.601013599Z,6.842615,117.346522,Cloud to Ground,17644,0,8
2026-08-31T11:48:22.580408077Z,6.710283,117.543032,Cloud to Ground,-20306,0,10
2026-08-31T11:48:22.878855364Z,6.685843,117.432186,Cloud to Cloud,13466,3005,7
2026-08-31T11:48:23.804801129Z,6.680776,117.478197,Cloud to Ground,15676,0,7
2026-08-31T11:48:23.144034192Z,6.685388,117.484972,Cloud to Ground,18046,0,7
2026-08-31T11:48:23.884849153Z,6.701895,117.502285,Cloud to Ground,19175,0,7
2026-08-31T11:48:23.244700942Z,6.777674,117.538965,Cloud to Ground,21554,0,15
2026-08-31T11:48:23.513462601Z,6.680921,117.486838,Cloud to Ground,23072,0,8
2026-08-31T11:48:23.409798743Z,6.706849,117.581064,Cloud to Ground,26808,0,13
2026-08-31T11:48:22.669353923Z,6.706685,117.581523,Cloud to Ground,27107,0,14
2026-08-31T11:48:22.695084000Z,6.7748,117.5263,Cloud to Ground,31352,0,5
2026-08-31T11:48:23.071841878Z,6.706188,117.585122,Cloud to Ground,41332,0,15
2026-08-31T11:48:22.625968643Z,6.794088,117.535612,Cloud to Ground,43466,0,22
2026-08-31T11:48:22.876492000Z,6.7869,117.5571,Cloud to Ground,55459,0,6
2026-08-31T11:48:22.007531321Z,5.148928,115.522731,Cloud to Ground,10771,0,6
2026-08-31T11:48:24.893520837Z,2.885887,115.769825,Cloud to Ground,26321,0,14
2026-08-31T11:48:24.825784448Z,2.994727,115.73636,Cloud to Ground,13412,0,7
2026-08-31T11:48:24.032560361Z,18.6016,126.650834,Cloud to Ground,17853,0,10
2026-08-31T11:48:24.002695000Z,18.8923,126.4505,Cloud to Ground,16139,0,8
2026-08-31T11:48:25.038014000Z,2.9619,115.6229,Cloud to Ground,-19457,0,5
2026-08-31T11:48:25.122298000Z,2.8483,115.6748,Cloud to Ground,-13641,0,5
2026-08-31T11:48:26.705906639Z,6.912426,117.335721,Cloud to Cloud,-5167,12849,6
2026-08-31T11:48:26.731022052Z,6.929596,117.269053,Cloud to Cloud,6748,3244,7
2026-08-31T11:48:26.032484000Z,15.6916,132.5331,Cloud to Ground,12085,0,7
2026-08-31T11:48:27.165475395Z,6.777467,117.550493,Cloud to Ground,-27521,0,7
2026-08-31T11:48:26.875717826Z,6.885083,117.474787,Cloud to Cloud,-9269,16853,6
2026-08-31T11:48:27.104734594Z,6.887808,117.426719,Cloud to Ground,42978,0,6
2026-08-31T11:48:27.684161706Z,6.770805,117.386514,Cloud to Ground,-17988,0,8
2026-08-31T11:48:27.175465726Z,6.765202,117.444693,Cloud to Cloud,-14255,6723,8
2026-08-31T11:48:26.609194396Z,6.698106,117.40386,Cloud to Cloud,16659,5373,7
2026-08-31T11:48:26.981792708Z,6.787315,117.441618,Cloud to Cloud,17662,13881,8
2026-08-31T11:48:27.469264261Z,6.735744,117.331344,Cloud to Ground,20553,0,7
2026-08-31T11:48:27.255829696Z,6.770188,117.39566,Cloud to Ground,20675,0,9
2026-08-31T11:48:27.570711365Z,6.759661,117.411771,Cloud to Ground,26930,0,15
2026-08-31T11:48:27.535667370Z,6.750664,117.380898,Cloud to Ground,29124,0,7
2026-08-31T11:48:27.683670652Z,6.745463,117.375793,Cloud to Ground,32093,0,7
2026-08-31T11:48:28.792604196Z,6.861584,117.25826,Cloud to Cloud,-9362,5420,8
2026-08-31T11:48:28.761641041Z,6.80742,117.2772,Cloud to Ground,14838,0,9
2026-08-31T11:48:29.193495824Z,6.570224,117.929134,Cloud to Cloud,-15752,3050,5
2026-08-31T11:48:28.902269130Z,6.526286,117.968943,Cloud to Cloud,-9086,6331,7
2026-08-31T11:48:28.874974896Z,6.571009,117.9747,Cloud to Ground,21813,0,9
2026-08-31T11:48:29.043104394Z,5.558521,117.264521,Cloud to Ground,13640,0,6
2026-08-31T11:48:29.078259966Z,5.601619,117.254307,Cloud to Cloud,15145,6885,6
2026-08-31T11:48:29.752942224Z,6.922207,117.299212,Cloud to Cloud,-14339,11461,6
2026-08-31T11:48:29.469106491Z,6.842449,117.490791,Cloud to Cloud,-13084,18119,8
2026-08-31T11:48:29.067438209Z,6.887287,117.424998,Cloud to Cloud,-9416,17857,6
2026-08-31T11:48:29.306860840Z,6.745533,117.428044,Cloud to Cloud,-14349,17322,9
2026-08-31T11:48:29.194202545Z,6.778528,117.414569,Cloud to Cloud,14906,3008,13
2026-08-31T11:48:29.528137638Z,5.51991,115.546907,Cloud to Ground,-15104,0,13
2026-08-31T11:48:29.190186652Z,6.666227,117.87824,Cloud to Cloud,-19075,3083,9
2026-08-31T11:48:29.227413023Z,15.643231,132.526844,Cloud to Ground,-16808,0,14
2026-08-31T11:48:30.275416207Z,5.190081,115.579671,Cloud to Ground,6567,0,6
2026-08-31T11:48:30.637156821Z,5.285297,115.598278,Cloud to Cloud,-11544,9757,6
2026-08-31T11:48:30.258034037Z,5.278693,115.611327,Cloud to Ground,-6231,0,6
2026-08-31T11:48:32.109193133Z,6.791811,117.431882,Cloud to Ground,-8695,0,5
2026-08-31T11:48:32.901725897Z,6.703152,117.436848,Cloud to Cloud,7208,14318,7
2026-08-31T11:48:32.271654570Z,6.808358,117.433133,Cloud to Cloud,9314,6921,8
2026-08-31T11:48:32.249021048Z,6.767443,117.398679,Cloud to Ground,11523,0,6
2026-08-31T11:48:32.795332610Z,5.65922,117.250442,Cloud to Ground,30710,0,11
2026-08-31T11:48:33.853217426Z,6.734553,117.494335,Cloud to Ground,13372,0,8
2026-08-31T11:48:33.902989852Z,6.798165,117.532527,Cloud to Ground,27166,0,7
2026-08-31T11:48:33.238928494Z,6.930836,116.725242,Cloud to Ground,23246,0,18
2026-08-31T11:48:33.240593810Z,6.935174,116.739354,Cloud to Ground,37341,0,14
2026-08-31T11:48:33.200174401Z,14.349421,134.580728,Cloud to Ground,-13846,0,9
2026-08-31T11:48:35.156332473Z,6.868445,117.267677,Cloud to Cloud,15472,3192,7
2026-08-31T11:48:34.978327569Z,6.806348,117.212594,Cloud to Ground,19496,0,8
2026-08-31T11:48:34.635864172Z,6.890546,117.280952,Cloud to Ground,27177,0,9
2026-08-31T11:48:35.702253229Z,5.222075,115.59682,Cloud to Ground,-17163,0,8
2026-08-31T11:48:36.033435810Z,5.305694,115.583946,Cloud to Cloud,-8401,3220,5
2026-08-31T11:48:36.014511332Z,5.227711,115.538668,Cloud to Ground,8082,0,6
2026-08-31T11:48:35.714756673Z,5.188002,115.572452,Cloud to Ground,17015,0,7
2026-08-31T11:48:37.156720626Z,6.862309,117.290303,Cloud to Ground,-14920,0,12
2026-08-31T11:48:36.527666773Z,6.851946,117.396928,Cloud to Cloud,-14739,11954,7
2026-08-31T11:48:36.559439263Z,6.835167,117.31618,Cloud to Cloud,17687,9766,7
2026-08-31T11:48:36.648695463Z,6.784356,117.368348,Cloud to Ground,19156,0,12
2026-08-31T11:48:36.218418771Z,15.495373,132.48938,Cloud to Ground,12377,0,9
2026-08-31T11:48:36.433670391Z,15.719221,132.438789,Cloud to Ground,-26613,0,11
2026-08-31T11:48:36.303158582Z,15.746285,132.392936,Cloud to Ground,-6946,0,14
2026-08-31T11:48:37.178536978Z,5.765225,117.270886,Cloud to Cloud,17079,15981,5
2026-08-31T11:48:38.302051061Z,6.138968,117.953866,Cloud to Ground,29515,0,12
2026-08-31T11:48:38.618480837Z,6.84022,117.436994,Cloud to Ground,-12432,0,8
2026-08-31T11:48:38.040106478Z,6.78496,117.195851,Cloud to Cloud,-14813,3014,8
2026-08-31T11:48:38.063495540Z,6.764291,117.157732,Cloud to Ground,19796,0,10
2026-08-31T11:48:38.090784554Z,6.820529,117.267707,Cloud to Ground,26743,0,10
2026-08-31T11:48:38.185478130Z,6.988108,117.279394,Cloud to Cloud,6421,19990,7
2026-08-31T11:48:38.894797983Z,5.648138,117.123877,Cloud to Cloud,-17928,7443,18
2026-08-31T11:48:38.911342966Z,5.18686,115.561886,Cloud to Cloud,11983,4955,10
2026-08-31T11:48:38.831574398Z,5.196631,115.561566,Cloud to Ground,30221,0,16
2026-08-31T11:48:38.126084167Z,15.62764,132.378612,Cloud to Ground,-14445,0,14
2026-08-31T11:48:38.342269259Z,15.652977,132.6183,Cloud to Ground,12063,0,10
2026-08-31T11:48:38.214906000Z,15.6986,132.4836,Cloud to Ground,-3173,0,10
2026-08-31T11:48:38.183098000Z,15.7615,132.6394,Cloud to Ground,14612,0,5
2026-08-31T11:48:40.051987822Z,6.775352,117.565959,Cloud to Ground,24466,0,10
2026-08-31T11:48:40.752850766Z,6.78557,117.459332,Cloud to Ground,7792,0,7
2026-08-31T11:48:39.944858881Z,6.866333,117.426128,Cloud to Cloud,-15691,11022,11
2026-08-31T11:48:40.232501917Z,6.845611,117.365222,Cloud to Cloud,10450,3033,6
2026-08-31T11:48:40.021857864Z,6.892147,117.334712,Cloud to Cloud,11588,5574,9
2026-08-31T11:48:40.809257104Z,6.878015,117.385524,Cloud to Ground,27550,0,7
2026-08-31T11:48:40.045868630Z,5.344463,115.615749,Cloud to Ground,-14371,0,9
2026-08-31T11:48:39.977310448Z,5.401124,115.646799,Cloud to Cloud,-13499,11175,7
2026-08-31T11:48:40.054340272Z,5.29039,115.626813,Cloud to Ground,21851,0,10
2026-08-31T11:48:40.734811874Z,6.734244,117.332265,Cloud to Ground,17068,0,8
2026-08-31T11:48:41.047261896Z,6.801158,117.291366,Cloud to Cloud,17101,3240,11
2026-08-31T11:48:40.919026820Z,6.736507,117.337238,Cloud to Ground,37749,0,7
2026-08-31T11:48:40.434534711Z,18.783536,131.702567,Cloud to Ground,18976,0,9
2026-08-31T11:48:40.436305044Z,18.739826,131.78122,Cloud to Ground,28801,0,14
2026-08-31T11:48:41.549277000Z,4.1303,115.0045,Cloud to Ground,-17849,0,7
2026-08-31T11:48:41.659133175Z,4.04487,114.996677,Cloud to Ground,11843,0,9
2026-08-31T11:48:41.893681528Z,14.272027,134.19711,Cloud to Ground,-15089,0,12
2026-08-31T11:48:43.660994938Z,5.24952,115.54256,Cloud to Ground,-18589,0,6
2026-08-31T11:48:43.537755444Z,15.404936,132.725781,Cloud to Ground,32867,0,9
2026-08-31T11:48:43.484309000Z,18.1709,116.142,Cloud to Ground,-15457,0,6
2026-08-31T11:48:44.368152000Z,6.8487,117.4009,Cloud to Ground,2516,0,6
2026-08-31T11:48:44.738041763Z,6.8031,117.380144,Cloud to Cloud,12886,3010,7
2026-08-31T11:48:44.725021761Z,6.768437,117.403991,Cloud to Ground,13645,0,7
2026-08-31T11:48:44.546056124Z,6.881647,117.355347,Cloud to Cloud,14635,6665,5
2026-08-31T11:48:44.667730151Z,6.831453,117.371619,Cloud to Ground,16735,0,8
2026-08-31T11:48:44.567741144Z,6.747051,117.417525,Cloud to Ground,22760,0,9
2026-08-31T11:48:44.595656742Z,6.746904,117.418067,Cloud to Ground,28587,0,11
2026-08-31T11:48:44.703534886Z,6.745764,117.410322,Cloud to Ground,30990,0,10
2026-08-31T11:48:45.106220638Z,6.869499,117.486158,Cloud to Cloud,8667,3840,8
2026-08-31T11:48:45.579776906Z,6.828323,117.379333,Cloud to Cloud,-19790,8651,8
2026-08-31T11:48:45.937718870Z,6.764531,117.371552,Cloud to Cloud,-11331,3019,7
2026-08-31T11:48:45.972432875Z,6.815428,117.373104,Cloud to Ground,16856,0,7
2026-08-31T11:48:45.812461932Z,6.854937,117.405224,Cloud to Cloud,20129,5805,10
2026-08-31T11:48:45.881128594Z,4.923343,116.827664,Cloud to Ground,25772,0,10
2026-08-31T11:48:46.345049552Z,14.330435,134.404309,Cloud to Ground,10124,0,6
2026-08-31T11:48:46.842090229Z,22.50395,112.413354,Cloud to Ground,-17860,0,10
2026-08-31T11:48:47.613729036Z,6.813771,117.425766,Cloud to Ground,21555,0,8
2026-08-31T11:48:47.919300567Z,5.323203,115.783152,Cloud to Cloud,-9834,18021,10
2026-08-31T11:48:47.919873909Z,5.2358,115.800382,Cloud to Ground,14720,0,7
2026-08-31T11:48:47.921999237Z,5.264346,115.756394,Cloud to Ground,21846,0,11
2026-08-31T11:48:47.177399153Z,5.284577,115.593014,Cloud to Cloud,-15117,7364,11
2026-08-31T11:48:48.270246531Z,6.939281,117.369928,Cloud to Ground,-19211,0,8
2026-08-31T11:48:49.411343422Z,6.880095,117.375009,Cloud to Cloud,-16255,3060,11
2026-08-31T11:48:49.374027115Z,6.790563,117.346878,Cloud to Cloud,8989,15265,6
2026-08-31T11:48:49.013339459Z,6.849767,117.187344,Cloud to Cloud,12270,17741,6
2026-08-31T11:48:48.398243463Z,6.915056,117.328553,Cloud to Cloud,15695,16031,6
2026-08-31T11:48:48.615517589Z,6.922238,117.313084,Cloud to Ground,21272,0,8
2026-08-31T11:48:48.376094879Z,6.841964,117.274719,Cloud to Ground,24668,0,6
2026-08-31T11:48:48.582403329Z,6.822676,117.306459,Cloud to Ground,27760,0,10
2026-08-31T11:48:48.351194917Z,6.822985,117.306717,Cloud to Ground,31023,0,10
2026-08-31T11:48:48.428429902Z,6.844461,117.323152,Cloud to Ground,31429,0,9
2026-08-31T11:48:48.110237522Z,6.927847,117.355303,Cloud to Ground,33155,0,12
2026-08-31T11:48:48.271166430Z,6.762583,117.252216,Cloud to Ground,63134,0,8
2026-08-31T11:48:48.901889148Z,6.805399,117.395258,Cloud to Ground,66926,0,8
2026-08-31T11:48:49.918304332Z,6.202249,117.920394,Cloud to Cloud,11848,15838,9
2026-08-31T11:48:50.690076706Z,6.772612,117.348771,Cloud to Cloud,12240,3003,7
2026-08-31T11:48:50.668817485Z,6.790844,117.377862,Cloud to Cloud,19488,3417,9
2026-08-31T11:48:50.167542833Z,5.267164,115.60775,Cloud to Cloud,-12860,18898,9
2026-08-31T11:48:50.001834332Z,5.318093,115.640626,Cloud to Ground,-11140,0,13
2026-08-31T11:48:50.846255925Z,15.558243,132.603724,Cloud to Ground,-9725,0,7
2026-08-31T11:48:50.915013327Z,15.579313,132.715757,Cloud to Ground,-20908,0,7
2026-08-31T11:48:51.986661714Z,6.767654,117.39041,Cloud to Ground,10047,0,12
2026-08-31T11:48:51.978898000Z,6.8798,117.363,Cloud to Ground,-30236,0,5
2026-08-31T11:48:52.981259889Z,6.928843,117.493046,Cloud to Cloud,7584,14512,7
2026-08-31T11:48:52.845013600Z,6.978757,117.329507,Cloud to Cloud,3754,6643,5
2026-08-31T11:48:52.924027458Z,5.327411,115.569156,Cloud to Ground,-15689,0,7
2026-08-31T11:48:53.065361694Z,5.348305,115.619314,Cloud to Cloud,10535,6167,6
2026-08-31T11:48:53.917319841Z,5.174035,115.570156,Cloud to Cloud,16088,6227,6
2026-08-31T11:48:53.434929028Z,10.792083,120.528638,Cloud to Ground,-25132,0,17
2026-08-31T11:48:53.439719654Z,10.746609,120.531393,Cloud to Ground,14783,0,10
2026-08-31T11:48:53.418013963Z,10.804069,120.536598,Cloud to Ground,34580,0,7
2026-08-31T11:48:54.279303245Z,5.545711,117.179949,Cloud to Ground,-10843,0,7
2026-08-31T11:48:54.278135193Z,5.696427,117.298017,Cloud to Cloud,-9508,6975,8
2026-08-31T11:48:54.245622874Z,5.65854,117.279136,Cloud to Cloud,-8845,16121,6
2026-08-31T11:48:56.648007822Z,6.779629,117.365159,Cloud to Cloud,14787,3044,6
2026-08-31T11:48:57.571754897Z,6.799969,117.27055,Cloud to Cloud,-16503,6165,7
2026-08-31T11:48:58.963372437Z,5.161303,115.563569,Cloud to Ground,-12190,0,8
2026-08-31T11:48:59.607319138Z,6.917098,117.446208,Cloud to Ground,29529,0,9
2026-08-31T11:48:58.762600016Z,6.745953,117.450991,Cloud to Cloud,-17965,4303,8
2026-08-31T11:48:58.826590653Z,6.762973,117.44908,Cloud to Cloud,-17070,18442,8
2026-08-31T11:48:58.867092314Z,6.682457,117.355948,Cloud to Cloud,-9333,3147,9
2026-08-31T11:48:58.958686596Z,6.783222,117.374288,Cloud to Cloud,9057,19374,7
2026-08-31T11:48:59.451134613Z,6.82839,117.390715,Cloud to Cloud,9130,3034,7
2026-08-31T11:48:59.267104903Z,6.738407,117.462795,Cloud to Ground,13933,0,7
2026-08-31T11:48:59.421920829Z,6.757218,117.508124,Cloud to Ground,16934,0,11
2026-08-31T11:48:58.946056891Z,6.71338,117.425809,Cloud to Ground,23733,0,11
2026-08-31T11:48:58.983186741Z,6.711987,117.429835,Cloud to Ground,23740,0,12
2026-08-31T11:48:59.231020562Z,6.761567,117.49214,Cloud to Ground,34701,0,7
2026-08-31T11:48:59.504516190Z,15.631063,132.611887,Cloud to Cloud,-8527,6645,10
2026-08-31T11:49:00.656638464Z,6.771464,117.324059,Cloud to Ground,32646,0,8
2026-08-31T11:49:00.814805793Z,6.801013,117.470243,Cloud to Ground,20204,0,11
2026-08-31T11:49:00.876848487Z,6.791731,117.416109,Cloud to Ground,48495,0,17
2026-08-31T11:49:00.755798891Z,6.930632,117.455198,Cloud to Ground,-22365,0,8
2026-08-31T11:49:00.758704635Z,6.89712,117.400359,Cloud to Ground,28960,0,7
2026-08-31T11:49:01.867643926Z,6.780702,117.426123,Cloud to Cloud,16949,3028,14
2026-08-31T11:49:01.145584079Z,5.220931,115.644536,Cloud to Cloud,-12640,4047,10
2026-08-31T11:49:02.173672168Z,6.860137,117.336818,Cloud to Ground,21414,0,8
2026-08-31T11:49:02.193307619Z,6.961133,117.362209,Cloud to Cloud,-10442,11875,12
2026-08-31T11:49:02.895368648Z,6.689415,117.461094,Cloud to Cloud,19038,7788,9
2026-08-31T11:49:02.800317910Z,6.683607,117.345074,Cloud to Cloud,9280,5983,7
2026-08-31T11:49:02.485465468Z,6.74718,117.281853,Cloud to Cloud,14621,3413,8
2026-08-31T11:49:02.701555114Z,15.601143,132.654823,Cloud to Cloud,-18644,4773,13
2026-08-31T11:49:03.762789926Z,5.208638,115.598885,Cloud to Cloud,-10312,18886,8
2026-08-31T11:49:04.426350157Z,6.801541,117.431523,Cloud to Cloud,12669,4264,8
2026-08-31T11:49:04.681291291Z,17.822972,113.082952,Cloud to Ground,25895,0,10
2026-08-31T11:49:06.502097139Z,6.761337,117.319701,Cloud to Cloud,-14569,18894,8
2026-08-31T11:49:07.656197413Z,9.749887,119.518384,Cloud to Ground,-46076,0,10
2026-08-31T11:49:07.342582590Z,9.71959,119.503748,Cloud to Cloud,-13162,4853,8
2026-08-31T11:49:07.330396114Z,9.688237,119.500877,Cloud to Cloud,18841,3156,11
2026-08-31T11:49:07.644957257Z,9.788082,119.350113,Cloud to Ground,-19131,0,9
2026-08-31T11:49:07.527306175Z,9.870265,119.456368,Cloud to Cloud,-7552,15024,7
2026-08-31T11:49:07.364900691Z,3.047053,115.022377,Cloud to Ground,17956,0,19
2026-08-31T11:49:07.365577749Z,3.047359,115.001443,Cloud to Ground,21766,0,8
2026-08-31T11:49:08.793884622Z,6.831348,117.301199,Cloud to Ground,-22053,0,7
2026-08-31T11:49:08.938179049Z,6.87463,117.378518,Cloud to Ground,-21576,0,7
2026-08-31T11:49:08.771741174Z,6.784711,117.347194,Cloud to Cloud,-17303,19783,7
2026-08-31T11:49:08.535418979Z,6.817352,117.264246,Cloud to Cloud,17137,15089,16
2026-08-31T11:49:08.688046957Z,6.784783,117.255236,Cloud to Ground,26482,0,15
2026-08-31T11:49:08.647870180Z,6.782382,117.256935,Cloud to Ground,32978,0,15
2026-08-31T11:49:08.594492888Z,5.243452,115.514225,Cloud to Cloud,7207,5018,6
2026-08-31T11:49:08.551056032Z,18.664694,118.497266,Cloud to Cloud,17327,3823,7
2026-08-31T11:49:09.065477250Z,6.856619,117.478481,Cloud to Cloud,-7917,6217,7
2026-08-31T11:49:09.392486745Z,18.807763,126.553842,Cloud to Cloud,-5258,18705,11
2026-08-31T11:49:09.492491753Z,18.973315,126.381054,Cloud to Cloud,-12579,3011,10
2026-08-31T11:49:10.654297809Z,6.75224,117.491628,Cloud to Ground,31311,0,13
2026-08-31T11:49:10.947594183Z,6.771393,117.914785,Cloud to Ground,-25464,0,11
2026-08-31T11:49:10.964393552Z,6.752285,117.897181,Cloud to Cloud,-23199,12819,8
2026-08-31T11:49:11.093173200Z,6.813462,117.896679,Cloud to Ground,16484,0,9
2026-08-31T11:49:11.046378941Z,6.709333,117.88944,Cloud to Ground,28376,0,13
2026-08-31T11:49:10.961453429Z,6.724299,117.929904,Cloud to Ground,104066,0,13
2026-08-31T11:49:11.063587236Z,6.794509,117.400427,Cloud to Ground,16208,0,9
2026-08-31T11:49:10.588969298Z,6.881202,117.41621,Cloud to Cloud,21323,14543,7
2026-08-31T11:49:10.690077681Z,6.789059,117.383316,Cloud to Cloud,23565,3054,11
2026-08-31T11:49:11.757681736Z,6.285155,117.88564,Cloud to Ground,-14831,0,7
2026-08-31T11:49:12.499133363Z,6.718039,117.395403,Cloud to Cloud,16890,10349,10
2026-08-31T11:49:14.023743909Z,6.910496,117.453209,Cloud to Ground,53436,0,21
2026-08-31T11:49:14.069675744Z,6.81016,117.417272,Cloud to Cloud,-13478,4836,9
2026-08-31T11:49:14.740075636Z,6.819937,117.351943,Cloud to Ground,14072,0,7
2026-08-31T11:49:14.836887101Z,6.754457,117.368811,Cloud to Ground,14628,0,9
2026-08-31T11:49:14.822417452Z,6.773552,117.36422,Cloud to Ground,17035,0,10
2026-08-31T11:49:14.471617951Z,6.811928,117.408917,Cloud to Ground,18414,0,12
2026-08-31T11:49:14.955325174Z,6.850231,117.355168,Cloud to Ground,20334,0,14
2026-08-31T11:49:14.412002624Z,6.798853,117.383045,Cloud to Ground,23352,0,10
2026-08-31T11:49:14.233420130Z,6.815889,117.392628,Cloud to Ground,26221,0,8
2026-08-31T11:49:14.070243951Z,6.792975,117.360201,Cloud to Ground,27660,0,7
2026-08-31T11:49:14.334311748Z,6.809243,117.409734,Cloud to Ground,29384,0,14
2026-08-31T11:49:16.042009161Z,6.832405,117.450399,Cloud to Cloud,15393,6301,7
2026-08-31T11:49:16.048604095Z,6.860375,117.349097,Cloud to Ground,-13944,0,8
2026-08-31T11:49:16.030037460Z,6.889057,117.354963,Cloud to Cloud,-13095,3097,8
2026-08-31T11:49:17.774149949Z,6.834896,117.209623,Cloud to Cloud,-24575,12747,9
2026-08-31T11:49:17.975430511Z,6.921943,117.305662,Cloud to Cloud,-16834,5087,11
2026-08-31T11:49:17.640526649Z,6.882906,117.318651,Cloud to Ground,-13665,0,7
2026-08-31T11:49:17.091628587Z,6.879415,117.253504,Cloud to Cloud,12596,5427,5
2026-08-31T11:49:17.834917770Z,6.877132,117.373967,Cloud to Ground,27246,0,16
2026-08-31T11:49:17.946633784Z,6.875977,117.362869,Cloud to Ground,42624,0,25
2026-08-31T11:49:17.722071317Z,6.908114,117.32756,Cloud to Ground,55293,0,14
2026-08-31T11:49:17.662641000Z,6.9689,117.2944,Cloud to Ground,65939,0,6
2026-08-31T11:49:17.876399572Z,3.033082,115.011594,Cloud to Ground,13227,0,8
2026-08-31T11:49:18.153742902Z,5.621274,117.237807,Cloud to Cloud,11813,3338,8
2026-08-31T11:49:18.753792962Z,5.169149,115.5931,Cloud to Cloud,14795,8999,10
2026-08-31T11:49:18.559114766Z,5.180117,115.753654,Cloud to Ground,27604,0,10
2026-08-31T11:49:18.829104852Z,5.309793,115.626701,Cloud to Ground,27502,0,7
2026-08-31T11:49:18.723364323Z,5.419598,115.65003,Cloud to Ground,-12559,0,10
2026-08-31T11:49:18.749019305Z,5.423326,115.648682,Cloud to Ground,48857,0,16
2026-08-31T11:49:18.410134276Z,5.30539,115.818377,Cloud to Ground,9742,0,7
2026-08-31T11:49:19.094461143Z,6.745531,117.797269,Cloud to Ground,18901,0,7
2026-08-31T11:49:19.353053065Z,6.814905,117.395243,Cloud to Cloud,16640,3015,13
2026-08-31T11:49:20.712736326Z,6.757781,117.513343,Cloud to Cloud,-16965,3005,7
2026-08-31T11:49:20.230514792Z,6.752913,117.297839,Cloud to Ground,23963,0,13
2026-08-31T11:49:21.383802304Z,6.806208,117.312523,Cloud to Cloud,-11126,3194,6
2026-08-31T11:49:20.814006704Z,6.848985,117.401015,Cloud to Cloud,10396,11855,6
2026-08-31T11:49:20.781109792Z,6.813181,117.40263,Cloud to Cloud,18188,7029,7
2026-08-31T11:49:20.718992935Z,14.208852,134.144819,Cloud to Ground,-22001,0,12
2026-08-31T11:49:21.002488518Z,14.236716,134.150043,Cloud to Ground,-17044,0,7
2026-08-31T11:49:20.631316127Z,14.187515,134.207769,Cloud to Ground,-16559,0,7
2026-08-31T11:49:20.782464000Z,14.2606,134.0411,Cloud to Ground,-14443,0,8
2026-08-31T11:49:20.745741000Z,14.2787,134.0795,Cloud to Ground,-12640,0,6
2026-08-31T11:49:20.894782000Z,14.2728,134.1527,Cloud to Ground,-6382,0,6
2026-08-31T11:49:20.695762073Z,14.20413,134.224771,Cloud to Ground,8761,0,9
2026-08-31T11:49:20.599441329Z,14.200425,134.247641,Cloud to Ground,24469,0,10
2026-08-31T11:49:20.837752512Z,14.292008,134.218426,Cloud to Ground,36278,0,14
2026-08-31T11:49:20.667746498Z,14.256286,134.217115,Cloud to Ground,39775,0,9
2026-08-31T11:49:21.765066849Z,5.325899,115.542057,Cloud to Ground,-23349,0,14
2026-08-31T11:49:21.858519481Z,5.325674,115.556458,Cloud to Cloud,-13438,8415,7
2026-08-31T11:49:21.906695437Z,5.284215,115.601759,Cloud to Ground,-12953,0,6
2026-08-31T11:49:21.881397163Z,5.383867,115.588493,Cloud to Ground,-8957,0,7
2026-08-31T11:49:21.736864579Z,5.278534,115.55582,Cloud to Cloud,12030,14624,8
2026-08-31T11:49:21.418771937Z,6.913524,117.307773,Cloud to Ground,9493,0,6
2026-08-31T11:49:23.956769940Z,2.985469,115.729198,Cloud to Ground,19903,0,16
2026-08-31T11:49:23.911698261Z,2.898661,115.752943,Cloud to Ground,23778,0,12
2026-08-31T11:49:24.008383343Z,6.848325,117.287145,Cloud to Cloud,-12524,3032,7
2026-08-31T11:49:23.315830703Z,6.853016,117.339437,Cloud to Ground,-10948,0,6
2026-08-31T11:49:23.530046000Z,6.8663,117.3697,Cloud to Ground,1324,0,6
2026-08-31T11:49:23.572917412Z,6.860462,117.351798,Cloud to Cloud,17971,11442,12
2026-08-31T11:49:23.218634337Z,6.807764,117.362356,Cloud to Cloud,17982,3869,8
2026-08-31T11:49:23.299737230Z,6.791323,117.387082,Cloud to Cloud,18618,15052,12
2026-08-31T11:49:23.446008758Z,6.727511,117.260029,Cloud to Cloud,19206,12935,15
2026-08-31T11:49:23.457410710Z,5.12889,115.535635,Cloud to Ground,-10634,0,7
2026-08-31T11:49:24.030098367Z,6.945293,117.307406,Cloud to Cloud,-15308,3018,7
2026-08-31T11:49:24.477923467Z,6.858296,117.406749,Cloud to Cloud,15789,9198,6
2026-08-31T11:49:24.465462077Z,6.861662,117.402144,Cloud to Cloud,22365,3152,11
2026-08-31T11:49:24.288445733Z,6.153177,117.867196,Cloud to Ground,-20149,0,8
2026-08-31T11:49:24.285525542Z,6.149122,117.840628,Cloud to Ground,22995,0,10
2026-08-31T11:49:24.134375091Z,6.156665,117.872972,Cloud to Ground,27802,0,14
2026-08-31T11:49:24.536561468Z,6.718256,117.450889,Cloud to Ground,-21936,0,8
2026-08-31T11:49:24.714023844Z,3.0071,115.840288,Cloud to Ground,22845,0,11
2026-08-31T11:49:24.889249289Z,14.736178,133.731478,Cloud to Ground,-14630,0,15
2026-08-31T11:49:25.446314819Z,6.754019,117.394653,Cloud to Cloud,10611,6402,6
2026-08-31T11:49:25.408362063Z,6.75467,117.408216,Cloud to Cloud,14238,3195,9
2026-08-31T11:49:25.956815936Z,5.26243,115.64774,Cloud to Cloud,-10579,11480,10
2026-08-31T11:49:26.559157628Z,5.322558,115.630489,Cloud to Cloud,10130,3010,6
2026-08-31T11:49:25.579036775Z,10.923737,120.6891,Cloud to Cloud,-16409,15593,13
2026-08-31T11:49:26.994123388Z,5.22423,115.560164,Cloud to Cloud,12230,7301,7
2026-08-31T11:49:26.753240871Z,4.913555,116.847131,Cloud to Ground,-13892,0,5
2026-08-31T11:49:26.389740443Z,4.918897,116.844463,Cloud to Ground,13800,0,6
2026-08-31T11:49:26.445923566Z,20.820021,120.990434,Cloud to Ground,-53580,0,11
2026-08-31T11:49:26.681727776Z,20.839262,121.004012,Cloud to Ground,-31709,0,11
2026-08-31T11:49:26.610283507Z,20.837671,120.984374,Cloud to Ground,-27263,0,11
2026-08-31T11:49:26.577345980Z,20.843113,120.996363,Cloud to Ground,-24726,0,8
2026-08-31T11:49:26.490540786Z,20.83053,121.022781,Cloud to Ground,-24138,0,13
2026-08-31T11:49:26.897730069Z,20.836314,120.982976,Cloud to Ground,-22095,0,10
2026-08-31T11:49:27.304854021Z,6.824139,117.40547,Cloud to Cloud,12733,3009,6
2026-08-31T11:49:27.276291507Z,6.813837,117.407713,Cloud to Ground,17125,0,8
2026-08-31T11:49:27.939400062Z,6.820414,117.673999,Cloud to Cloud,-12732,14890,5
2026-08-31T11:49:28.764431975Z,6.83395,117.179321,Cloud to Cloud,14834,6249,9
2026-08-31T11:49:28.467690462Z,5.569214,117.24633,Cloud to Cloud,14704,7319,8
2026-08-31T11:49:29.512964606Z,6.804609,117.379205,Cloud to Cloud,-17719,3012,6
2026-08-31T11:49:29.388155353Z,6.811052,117.349121,Cloud to Cloud,16945,18252,12
2026-08-31T11:49:30.355884201Z,6.749932,117.372649,Cloud to Ground,23523,0,9
2026-08-31T11:49:30.460492455Z,6.731578,117.327233,Cloud to Ground,49984,0,7
2026-08-31T11:49:29.992115255Z,6.751952,117.409978,Cloud to Ground,54980,0,13
2026-08-31T11:49:29.967181952Z,5.119398,115.596071,Cloud to Cloud,-12765,10239,5
2026-08-31T11:49:29.185008365Z,5.260087,115.580338,Cloud to Ground,-12650,0,7
2026-08-31T11:49:29.074310000Z,5.3463,115.5725,Cloud to Ground,-9910,0,6
2026-08-31T11:49:29.221701519Z,5.332857,115.582602,Cloud to Cloud,12306,16183,10
2026-08-31T11:49:29.183705180Z,5.338106,115.585188,Cloud to Cloud,15782,15803,14
2026-08-31T11:49:29.016084280Z,5.249499,115.578166,Cloud to Ground,29711,0,10
2026-08-31T11:49:29.219005577Z,15.664687,132.618879,Cloud to Ground,-20940,0,7
2026-08-31T11:49:30.613066843Z,6.881773,117.408918,Cloud to Ground,38639,0,7
2026-08-31T11:49:30.293347066Z,6.823223,117.54373,Cloud to Ground,-35111,0,9
2026-08-31T11:49:30.048435981Z,5.317397,115.548746,Cloud to Ground,30040,0,17
2026-08-31T11:49:31.372419909Z,6.826052,117.338296,Cloud to Cloud,-11458,10285,7
2026-08-31T11:49:33.456832100Z,6.89003,117.469819,Cloud to Cloud,-12740,3027,9
2026-08-31T11:49:33.488408879Z,6.789445,117.425059,Cloud to Cloud,6334,14505,7
2026-08-31T11:49:35.745440524Z,19.363781,119.347861,Cloud to Ground,23824,0,10
2026-08-31T11:49:37.926509087Z,6.915373,117.467583,Cloud to Cloud,-34940,15422,13
2026-08-31T11:49:37.983706095Z,6.806261,117.426164,Cloud to Ground,-20781,0,7
2026-08-31T11:49:36.506883703Z,6.798407,117.552689,Cloud to Ground,-20211,0,8
2026-08-31T11:49:36.237169442Z,6.746935,117.457657,Cloud to Cloud,7270,13512,7
2026-08-31T11:49:37.483339059Z,6.753588,117.469731,Cloud to Ground,16660,0,7
2026-08-31T11:49:37.445593823Z,6.857466,117.531219,Cloud to Ground,17054,0,7
2026-08-31T11:49:36.991162565Z,6.775299,117.499633,Cloud to Ground,20424,0,7
2026-08-31T11:49:37.579887421Z,6.774659,117.515443,Cloud to Ground,22780,0,12
2026-08-31T11:49:36.773807379Z,6.746962,117.449592,Cloud to Ground,23678,0,7
2026-08-31T11:49:37.863805000Z,6.9027,117.5084,Cloud to Ground,31627,0,7
2026-08-31T11:49:37.324823493Z,6.771418,117.526796,Cloud to Ground,40479,0,17
2026-08-31T11:49:36.217806330Z,6.782262,117.516066,Cloud to Ground,47294,0,13
2026-08-31T11:49:36.427317925Z,15.576074,132.41156,Cloud to Ground,14289,0,11
2026-08-31T11:49:37.693196185Z,17.978772,116.198402,Cloud to Ground,-18192,0,8
2026-08-31T11:49:37.628143000Z,18.2476,116.1353,Cloud to Ground,10829,0,5
2026-08-31T11:49:37.507170000Z,18.172,116.0449,Cloud to Ground,7602,0,7
2026-08-31T11:49:37.666400000Z,5.684,117.2665,Cloud to Ground,9493,0,6
2026-08-31T11:49:40.695883223Z,3.022015,115.04855,Cloud to Ground,-13262,0,13
2026-08-31T11:49:41.905132430Z,6.830003,117.273456,Cloud to Cloud,-12663,6031,7
2026-08-31T11:49:42.158379493Z,6.838519,117.333004,Cloud to Ground,-9564,0,7
2026-08-31T11:49:42.321789298Z,6.768269,117.285487,Cloud to Cloud,-9255,3005,9
2026-08-31T11:49:42.370744283Z,5.405328,115.631157,Cloud to Cloud,-16819,4532,11
2026-08-31T11:49:42.082031550Z,5.308351,115.53521,Cloud to Ground,-17658,0,24
2026-08-31T11:49:42.228941102Z,5.325865,115.523622,Cloud to Cloud,-13987,16904,7
2026-08-31T11:49:42.770771000Z,14.1715,134.6605,Cloud to Ground,-17359,0,7
2026-08-31T11:49:42.865644762Z,14.192412,134.744376,Cloud to Ground,42335,0,8
2026-08-31T11:49:43.979902603Z,6.791852,117.464607,Cloud to Cloud,-13592,5173,7
2026-08-31T11:49:43.868579426Z,6.825719,117.39158,Cloud to Cloud,-6318,19858,6
2026-08-31T11:49:43.720606000Z,7.0653,117.086,Cloud to Ground,-7886,0,5
2026-08-31T11:49:43.249474433Z,5.520421,117.191026,Cloud to Cloud,9914,3297,10
2026-08-31T11:49:44.056062829Z,6.781341,117.908999,Cloud to Ground,26325,0,7
2026-08-31T11:49:44.058475400Z,6.889211,117.856321,Cloud to Cloud,18051,4774,8
2026-08-31T11:49:45.779806554Z,5.21857,115.5479,Cloud to Ground,-27228,0,6
2026-08-31T11:49:45.725999766Z,6.806752,117.580683,Cloud to Cloud,-16434,7736,8
2026-08-31T11:49:45.176085595Z,6.858999,117.135692,Cloud to Cloud,-14027,5608,5
2026-08-31T11:49:45.259239736Z,14.289037,134.201285,Cloud to Ground,-17011,0,14
2026-08-31T11:49:45.560455218Z,14.274963,134.222162,Cloud to Ground,-13223,0,6
2026-08-31T11:49:45.275947590Z,14.275058,134.202025,Cloud to Ground,-11775,0,8
2026-08-31T11:49:45.240812672Z,14.217917,134.22231,Cloud to Cloud,11287,6773,5
2026-08-31T11:49:45.242417153Z,14.204489,134.224426,Cloud to Ground,16107,0,7
2026-08-31T11:49:46.431994963Z,4.982858,116.795493,Cloud to Ground,-17495,0,14
2026-08-31T11:49:46.545939975Z,4.910452,116.849965,Cloud to Ground,24174,0,9
2026-08-31T11:49:46.070065000Z,6.9647,117.2442,Cloud to Ground,-14226,0,5
2026-08-31T11:49:46.992350883Z,22.41398,112.858276,Cloud to Cloud,-64715,11189,16
2026-08-31T11:49:47.294262550Z,22.277094,112.820191,Cloud to Cloud,17185,3052,9
2026-08-31T11:49:47.598859598Z,22.328688,112.80796,Cloud to Ground,23459,0,8
2026-08-31T11:49:46.984851522Z,22.425913,112.776825,Cloud to Ground,27867,0,10
2026-08-31T11:49:47.057980381Z,22.358389,112.820738,Cloud to Ground,34420,0,7
2026-08-31T11:49:47.779712780Z,22.402725,112.45591,Cloud to Cloud,18657,3017,10
2026-08-31T11:49:48.994161977Z,9.634493,119.427924,Cloud to Cloud,23226,7936,7
2026-08-31T11:49:48.332448131Z,6.798955,117.443932,Cloud to Cloud,-16168,3120,9
2026-08-31T11:49:48.042243111Z,6.666747,117.397585,Cloud to Cloud,11055,3014,7
2026-08-31T11:49:48.275579265Z,6.725299,117.400769,Cloud to Cloud,11438,19059,7
2026-08-31T11:49:48.589213033Z,6.77036,117.405242,Cloud to Ground,18609,0,16
2026-08-31T11:49:48.590573002Z,6.902334,117.423697,Cloud to Cloud,-20553,6562,7
2026-08-31T11:49:49.318336045Z,5.292552,115.508936,Cloud to Ground,-19902,0,15
2026-08-31T11:49:49.070534315Z,5.578011,117.187147,Cloud to Ground,-19818,0,11
2026-08-31T11:49:50.327240794Z,6.948501,117.233921,Cloud to Ground,-15340,0,7
2026-08-31T11:49:50.905600812Z,6.791627,117.385054,Cloud to Ground,15884,0,11
2026-08-31T11:49:51.018575337Z,6.82511,117.3638,Cloud to Cloud,19761,15870,13
2026-08-31T11:49:50.985711155Z,5.280615,115.545934,Cloud to Cloud,-24408,18557,14
2026-08-31T11:49:51.213832657Z,5.394604,115.66117,Cloud to Ground,21334,0,14
2026-08-31T11:49:51.588274698Z,20.624289,120.985718,Cloud to Ground,24741,0,10
2026-08-31T11:49:53.222320420Z,5.300064,115.596872,Cloud to Ground,-25667,0,7
2026-08-31T11:49:54.055517477Z,6.924049,117.377927,Cloud to Cloud,29271,3148,7
2026-08-31T11:49:55.987546654Z,6.864062,117.296458,Cloud to Cloud,-10585,19353,7
2026-08-31T11:49:56.577662310Z,6.881078,117.327989,Cloud to Cloud,18608,9883,9
2026-08-31T11:49:55.954551873Z,6.847079,117.256225,Cloud to Ground,20350,0,7
2026-08-31T11:49:55.663794433Z,5.100936,115.569531,Cloud to Ground,-16174,0,8
2026-08-31T11:49:55.627275654Z,5.219834,115.62094,Cloud to Ground,-9455,0,7
2026-08-31T11:49:55.695369138Z,5.194163,115.587097,Cloud to Cloud,8629,6485,7
2026-08-31T11:49:56.259810026Z,5.636228,117.191306,Cloud to Cloud,16344,9592,8
2026-08-31T11:49:58.066622085Z,5.710158,117.239475,Cloud to Cloud,-9773,3875,15
2026-08-31T11:49:58.576325849Z,6.826192,117.389236,Cloud to Ground,42483,0,8
2026-08-31T11:49:58.606200929Z,6.829051,117.462781,Cloud to Cloud,43961,19716,14
2026-08-31T11:49:58.537405349Z,6.933098,117.394912,Cloud to Ground,40468,0,7
2026-08-31T11:49:58.269117400Z,15.700248,132.429711,Cloud to Ground,-21622,0,8
2026-08-31T11:49:58.271749754Z,15.512808,132.498054,Cloud to Ground,113700,0,8
2026-08-31T11:49:59.867449700Z,5.397087,115.651552,Cloud to Cloud,11621,7094,10
2026-08-31T11:50:00.869308614Z,4.749482,115.400612,Cloud to Ground,17838,0,7
2026-08-31T11:50:00.841405824Z,4.78901,115.404215,Cloud to Ground,21239,0,8
2026-08-31T11:50:00.788817922Z,6.762657,117.345265,Cloud to Cloud,-12138,3121,6
2026-08-31T11:50:00.214619349Z,6.755434,117.457017,Cloud to Cloud,11847,19881,7
2026-08-31T11:50:01.584401000Z,6.9089,117.494,Cloud to Ground,-15950,0,6
2026-08-31T11:50:02.995518925Z,6.952837,117.35248,Cloud to Cloud,-11283,6372,7
2026-08-31T11:50:02.229633985Z,6.916997,117.189865,Cloud to Cloud,9417,19788,9
2026-08-31T11:50:02.593794869Z,6.831653,117.301796,Cloud to Ground,-22927,0,11
2026-08-31T11:50:03.146332499Z,6.838105,117.424249,Cloud to Cloud,13875,6160,8
2026-08-31T11:50:02.242245260Z,6.809408,117.38996,Cloud to Cloud,15473,3506,7
2026-08-31T11:50:02.453905955Z,6.817393,117.354842,Cloud to Ground,19131,0,10
2026-08-31T11:50:02.617423579Z,9.744569,119.509059,Cloud to Cloud,9958,17235,6
2026-08-31T11:50:02.645657237Z,6.366399,117.834131,Cloud to Ground,-38640,0,13
2026-08-31T11:50:02.705260215Z,6.311786,117.867607,Cloud to Ground,23894,0,6
2026-08-31T11:50:02.675000738Z,6.26273,117.858633,Cloud to Ground,25366,0,14
2026-08-31T11:50:02.697455285Z,15.593503,132.609127,Cloud to Ground,-18052,0,7
2026-08-31T11:50:02.383298701Z,15.582253,132.64465,Cloud to Ground,-15884,0,7
2026-08-31T11:50:02.306227048Z,15.571713,132.671542,Cloud to Ground,23670,0,10
2026-08-31T11:50:02.560322177Z,15.599162,132.67646,Cloud to Ground,37305,0,9
2026-08-31T11:50:02.660225000Z,2.9637,115.7474,Cloud to Ground,-11564,0,5
2026-08-31T11:50:03.090775000Z,18.92,131.5021,Cloud to Ground,12606,0,7
2026-08-31T11:50:05.346149959Z,6.79447,117.433551,Cloud to Cloud,-10653,3036,8
2026-08-31T11:50:05.329741484Z,6.777066,117.39846,Cloud to Ground,24027,0,9
2026-08-31T11:50:05.352915180Z,6.840606,117.139389,Cloud to Ground,18837,0,9
2026-08-31T11:50:06.261401194Z,5.214495,115.57839,Cloud to Ground,-9981,0,7
2026-08-31T11:50:05.735595597Z,5.133579,115.570393,Cloud to Ground,10031,0,6
2026-08-31T11:50:06.220425803Z,5.241147,115.531271,Cloud to Cloud,10253,7207,9
2026-08-31T11:50:06.710083483Z,5.531248,117.224751,Cloud to Ground,11557,0,8
2026-08-31T11:50:06.974947515Z,6.856745,117.494956,Cloud to Ground,-16201,0,10
2026-08-31T11:50:06.099159845Z,6.764014,117.511218,Cloud to Ground,-9801,0,8
2026-08-31T11:50:06.147071232Z,6.681762,117.48561,Cloud to Cloud,19108,7600,10
2026-08-31T11:50:07.031789122Z,3.129207,115.012828,Cloud to Ground,-10930,0,7
2026-08-31T11:50:07.023472935Z,3.135455,115.04646,Cloud to Cloud,-9567,17669,8
2026-08-31T11:50:07.871494840Z,15.072756,133.165328,Cloud to Ground,-23799,0,10
2026-08-31T11:50:07.986447716Z,15.031613,133.183193,Cloud to Ground,40099,0,10
2026-08-31T11:50:07.918904904Z,10.929484,120.537043,Cloud to Cloud,-15691,7547,11
2026-08-31T11:50:08.622364838Z,6.31273,117.910917,Cloud to Cloud,-18914,3022,7
2026-08-31T11:50:08.597793199Z,6.17257,117.817038,Cloud to Ground,26709,0,10
2026-08-31T11:50:08.046902555Z,6.839977,117.258629,Cloud to Ground,-21220,0,12
2026-08-31T11:50:08.247658853Z,6.798235,117.182324,Cloud to Ground,-8704,0,7
2026-08-31T11:50:08.313460987Z,14.669276,133.805173,Cloud to Ground,-21800,0,10
2026-08-31T11:50:08.320079000Z,14.3663,134.52,Cloud to Ground,-10991,0,5
2026-08-31T11:50:09.267402538Z,6.757534,117.350225,Cloud to Cloud,14603,15218,5
2026-08-31T11:50:09.406509680Z,6.740085,117.391315,Cloud to Cloud,18722,4879,16
2026-08-31T11:50:10.995657478Z,5.21816,115.545983,Cloud to Ground,9687,0,6
2026-08-31T11:50:10.806555532Z,5.299403,115.611724,Cloud to Ground,-15453,0,8
2026-08-31T11:50:10.634223897Z,6.839419,117.282777,Cloud to Cloud,-7651,3007,7
2026-08-31T11:50:10.358676683Z,14.285956,134.494377,Cloud to Ground,-27508,0,10
2026-08-31T11:50:09.893186851Z,14.356632,134.38771,Cloud to Ground,-16170,0,8
2026-08-31T11:50:10.170399716Z,14.344515,134.339698,Cloud to Ground,-15967,0,10
2026-08-31T11:50:09.914019032Z,14.315,134.407567,Cloud to Ground,-12035,0,10
2026-08-31T11:50:09.890709914Z,14.355647,134.388636,Cloud to Ground,-10627,0,10
2026-08-31T11:50:09.929734946Z,14.334676,134.343104,Cloud to Ground,-10199,0,7
2026-08-31T11:50:11.862091284Z,5.352138,115.743534,Cloud to Cloud,-22911,16494,10
2026-08-31T11:50:11.696772524Z,5.69205,117.211275,Cloud to Cloud,17969,12933,7
2026-08-31T11:50:13.648532746Z,6.802067,117.56096,Cloud to Ground,9921,0,8
2026-08-31T11:50:13.538686635Z,6.891257,117.572878,Cloud to Ground,15022,0,10
2026-08-31T11:50:13.403710287Z,18.765638,126.910643,Cloud to Ground,-18488,0,10
2026-08-31T11:50:13.405693000Z,18.8114,126.889,Cloud to Ground,21539,0,6
2026-08-31T11:50:13.408395286Z,18.797734,126.974153,Cloud to Cloud,26595,3035,12
2026-08-31T11:50:15.484014934Z,6.757032,117.487154,Cloud to Cloud,-13109,3000,7
2026-08-31T11:50:15.556549881Z,6.82215,117.504287,Cloud to Ground,12307,0,11
2026-08-31T11:50:15.906587000Z,6.9074,117.214,Cloud to Ground,-8667,0,6
2026-08-31T11:50:15.464142000Z,6.835,117.384,Cloud to Ground,-13717,0,6
2026-08-31T11:50:15.569100116Z,6.745135,117.36632,Cloud to Ground,12705,0,6
2026-08-31T11:50:15.536622667Z,6.741912,117.376263,Cloud to Cloud,13365,3184,6
2026-08-31T11:50:15.510693216Z,6.802318,117.367747,Cloud to Cloud,33162,3869,7
2026-08-31T11:50:16.678979847Z,6.860293,117.205189,Cloud to Cloud,17427,3005,14
2026-08-31T11:50:16.895729941Z,15.067232,134.049869,Cloud to Ground,14122,0,7
2026-08-31T11:50:16.896557272Z,15.038886,134.079797,Cloud to Ground,29013,0,11
2026-08-31T11:50:16.894708641Z,15.27501,134.0429,Cloud to Ground,-34322,0,10
2026-08-31T11:50:16.893895942Z,15.268731,134.05435,Cloud to Ground,-23926,0,10
2026-08-31T11:50:16.902834794Z,15.330875,134.006487,Cloud to Ground,-17806,0,11
2026-08-31T11:50:17.819293825Z,5.288678,115.546811,Cloud to Cloud,-15982,8466,10
2026-08-31T11:50:17.863086634Z,5.25055,115.531407,Cloud to Cloud,11669,7833,7
2026-08-31T11:50:17.535249484Z,5.15725,115.561161,Cloud to Ground,12322,0,7
2026-08-31T11:50:18.125571427Z,6.757853,117.494587,Cloud to Cloud,16481,3003,6
2026-08-31T11:50:18.494033979Z,5.394018,115.637679,Cloud to Cloud,14551,5417,8
2026-08-31T11:50:18.120450000Z,3.0001,115.0062,Cloud to Ground,-23432,0,6
2026-08-31T11:50:18.762422000Z,18.09,116.0407,Cloud to Ground,6144,0,6
2026-08-31T11:50:19.721726526Z,5.20994,115.61966,Cloud to Ground,-10284,0,6
2026-08-31T11:50:19.570971809Z,5.600904,117.197418,Cloud to Ground,12676,0,9
2026-08-31T11:50:19.580631528Z,6.673596,117.418532,Cloud to Cloud,13956,4041,12
2026-08-31T11:50:19.476856945Z,6.835753,117.387566,Cloud to Cloud,-13555,13276,8
2026-08-31T11:50:18.840505000Z,6.8764,117.4438,Cloud to Ground,4566,0,5
2026-08-31T11:50:18.846297435Z,6.810628,117.425162,Cloud to Cloud,9839,11302,6
2026-08-31T11:50:19.435177492Z,6.762869,117.365627,Cloud to Ground,21942,0,10
2026-08-31T11:50:20.692642119Z,6.7733,117.929308,Cloud to Cloud,-25751,3002,11
2026-08-31T11:50:20.741458420Z,6.800752,117.874676,Cloud to Cloud,-17423,18887,9
2026-08-31T11:50:20.812243456Z,6.715338,117.882379,Cloud to Ground,21803,0,7
2026-08-31T11:50:20.810575106Z,6.714815,117.891686,Cloud to Ground,26310,0,8
2026-08-31T11:50:20.706652232Z,6.743459,117.984341,Cloud to Ground,73743,0,24
2026-08-31T11:50:20.943753026Z,6.753236,117.785493,Cloud to Cloud,13327,16133,10
2026-08-31T11:50:20.025017962Z,18.808307,126.609218,Cloud to Ground,69000,0,12
2026-08-31T11:50:20.951106204Z,6.828167,117.473278,Cloud to Ground,-35211,0,11
2026-08-31T11:50:20.976092663Z,6.796006,117.36036,Cloud to Ground,13023,0,7
2026-08-31T11:50:20.220984045Z,6.85144,117.297954,Cloud to Cloud,13782,10396,6
2026-08-31T11:50:20.833604823Z,6.807909,117.353271,Cloud to Ground,21702,0,16
2026-08-31T11:50:21.070377334Z,6.803129,117.392161,Cloud to Ground,95010,0,14
2026-08-31T11:50:22.675718347Z,6.133209,117.926297,Cloud to Ground,-26360,0,12
2026-08-31T11:50:22.675188951Z,6.103854,117.81689,Cloud to Cloud,-14014,7855,7
2026-08-31T11:50:22.972278156Z,6.134933,117.956881,Cloud to Ground,29678,0,12
2026-08-31T11:50:23.156226032Z,6.135611,117.872115,Cloud to Ground,30589,0,7
2026-08-31T11:50:22.763595319Z,6.116708,117.831697,Cloud to Ground,30866,0,10
2026-08-31T11:50:22.826946509Z,6.128298,117.899275,Cloud to Ground,31961,0,15
2026-08-31T11:50:22.200925684Z,6.804411,117.16802,Cloud to Ground,-11987,0,7
2026-08-31T11:50:24.125168198Z,5.429267,115.621203,Cloud to Cloud,-15136,18847,8
2026-08-31T11:50:24.026606259Z,5.374735,115.635386,Cloud to Cloud,11790,12353,7
2026-08-31T11:50:24.043023700Z,5.375005,115.634458,Cloud to Cloud,15641,6466,12
2026-08-31T11:50:23.708549690Z,5.288605,115.628555,Cloud to Ground,20340,0,11
2026-08-31T11:50:23.812493550Z,5.285314,115.630641,Cloud to Ground,30241,0,12
2026-08-31T11:50:23.880306755Z,6.756703,117.265324,Cloud to Ground,41474,0,8
2026-08-31T11:50:23.139656538Z,6.878237,117.369399,Cloud to Ground,10521,0,8
2026-08-31T11:50:22.945620363Z,6.798381,117.390819,Cloud to Cloud,13510,6488,7
2026-08-31T11:50:23.181100375Z,6.852703,117.384975,Cloud to Cloud,20576,19712,7
2026-08-31T11:50:24.078669398Z,6.913925,117.377695,Cloud to Cloud,-17638,3005,9
2026-08-31T11:50:24.324291726Z,6.918476,117.325833,Cloud to Ground,11569,0,7
2026-08-31T11:50:24.077139023Z,6.840493,117.410579,Cloud to Ground,29296,0,13
2026-08-31T11:50:23.961912339Z,6.831728,117.350412,Cloud to Ground,49083,0,14
2026-08-31T11:50:24.017403692Z,6.839104,117.339955,Cloud to Ground,49541,0,8
2026-08-31T11:50:25.553498683Z,6.847886,117.284323,Cloud to Cloud,13740,4313,7
2026-08-31T11:50:26.369670212Z,6.709491,117.414902,Cloud to Ground,14167,0,11
2026-08-31T11:50:26.511956444Z,6.736659,117.397324,Cloud to Cloud,15270,18223,8
2026-08-31T11:50:26.310662164Z,6.726633,117.354397,Cloud to Cloud,25120,3046,7
2026-08-31T11:50:26.477573085Z,6.797841,117.660792,Cloud to Cloud,6509,13647,6
2026-08-31T11:50:26.566872303Z,6.761716,117.528333,Cloud to Cloud,-14910,3348,10
2026-08-31T11:50:27.344119598Z,6.824729,117.547527,Cloud to Ground,15607,0,12
2026-08-31T11:50:27.778750898Z,5.281959,115.561001,Cloud to Cloud,-21279,3272,18
2026-08-31T11:50:27.807016220Z,5.309856,115.574816,Cloud to Cloud,-17015,9562,10
2026-08-31T11:50:27.890489134Z,5.319285,115.566347,Cloud to Cloud,-10360,7976,6
2026-08-31T11:50:27.475706056Z,6.73495,117.579864,Cloud to Cloud,-24225,5475,9
2026-08-31T11:50:27.969950133Z,15.624793,132.602147,Cloud to Ground,8789,0,11
2026-08-31T11:50:27.947675831Z,14.224034,134.244685,Cloud to Ground,45023,0,8
2026-08-31T11:50:27.898354632Z,14.22854,134.233951,Cloud to Ground,61987,0,10
2026-08-31T11:50:27.977952000Z,14.2444,134.1102,Cloud to Ground,-7635,0,9
2026-08-31T11:50:28.054427369Z,6.85305,117.238832,Cloud to Ground,25010,0,9
2026-08-31T11:50:28.010251000Z,14.3396,134.1896,Cloud to Ground,-16684,0,6
2026-08-31T11:50:29.602250974Z,9.664202,119.492914,Cloud to Ground,39541,0,11
2026-08-31T11:50:30.748706482Z,19.333211,119.173899,Cloud to Cloud,11859,19861,8
2026-08-31T11:50:30.211223000Z,5.0691,115.478,Cloud to Ground,-12861,0,6
2026-08-31T11:50:32.081241734Z,5.259596,115.544164,Cloud to Cloud,11252,6820,9
2026-08-31T11:50:32.094453222Z,4.906808,116.873741,Cloud to Ground,11551,0,10
2026-08-31T11:50:32.071558916Z,4.905067,116.872924,Cloud to Ground,16621,0,12
2026-08-31T11:50:32.060337789Z,4.915202,116.883671,Cloud to Ground,23047,0,9
2026-08-31T11:50:32.056603438Z,4.91322,116.85166,Cloud to Ground,26820,0,9
2026-08-31T11:50:32.834790237Z,5.604659,117.239135,Cloud to Ground,14132,0,12
2026-08-31T11:50:32.758148659Z,5.169507,115.493085,Cloud to Ground,-16854,0,7
2026-08-31T11:50:33.134581244Z,5.166091,115.580253,Cloud to Cloud,6306,3036,7
2026-08-31T11:50:33.096473771Z,5.186112,115.566987,Cloud to Cloud,11166,11829,8
2026-08-31T11:50:32.830047704Z,6.125725,117.89549,Cloud to Ground,17664,0,8
2026-08-31T11:50:32.612806095Z,15.525499,132.699486,Cloud to Ground,-12724,0,8
2026-08-31T11:50:32.543592059Z,14.251546,134.609155,Cloud to Ground,-12649,0,13
2026-08-31T11:50:33.673576373Z,6.776783,117.448073,Cloud to Cloud,-18222,11619,10
2026-08-31T11:50:33.412226782Z,6.874404,117.435273,Cloud to Cloud,-18882,3000,7
2026-08-31T11:50:33.123707308Z,5.291613,115.53662,Cloud to Cloud,-9852,12738,9
2026-08-31T11:50:33.398659208Z,6.720828,117.54398,Cloud to Cloud,16285,9402,7
2026-08-31T11:50:34.116498458Z,6.724376,117.367434,Cloud to Cloud,15894,19518,7
2026-08-31T11:50:34.701442180Z,6.96279,117.22567,Cloud to Cloud,8223,5522,7
2026-08-31T11:50:35.730534635Z,6.817307,117.403727,Cloud to Cloud,-17587,5565,10
2026-08-31T11:50:35.509303557Z,6.881311,117.436979,Cloud to Ground,19269,0,7
2026-08-31T11:50:35.787662782Z,6.961519,117.337591,Cloud to Cloud,-12128,16816,6
2026-08-31T11:50:35.906453673Z,6.766514,117.320033,Cloud to Cloud,-14625,3004,7
2026-08-31T11:50:35.641259373Z,6.855313,117.315256,Cloud to Ground,17799,0,11
2026-08-31T11:50:36.619545170Z,5.080303,115.467904,Cloud to Cloud,16317,8623,13
2026-08-31T11:50:36.663687621Z,5.169548,115.650925,Cloud to Cloud,12832,7484,8
2026-08-31T11:50:36.660890834Z,5.142891,115.664207,Cloud to Ground,20461,0,12
2026-08-31T11:50:36.630996791Z,19.594295,119.770025,Cloud to Cloud,3590,12235,6
2026-08-31T11:50:37.481050495Z,5.310253,115.558204,Cloud to Ground,14199,0,7
2026-08-31T11:50:38.349977588Z,6.973248,117.479351,Cloud to Cloud,8844,3000,7
2026-08-31T11:50:47.130171822Z,5.429765,115.641631,Cloud to Cloud,-12933,15621,6
2026-08-31T11:50:46.917732766Z,5.343068,115.641882,Cloud to Ground,11431,0,6
2026-08-31T11:50:46.932350002Z,5.352847,115.629704,Cloud to Ground,15463,0,8
2026-08-31T11:50:46.821986564Z,6.136555,117.850422,Cloud to Ground,19705,0,8
2026-08-31T11:50:46.088055350Z,6.649634,117.294327,Cloud to Ground,27510,0,17
2026-08-31T11:50:47.180085959Z,5.261449,115.517565,Cloud to Cloud,13941,3247,8
2026-08-31T11:50:47.192645363Z,5.20591,115.535454,Cloud to Ground,15803,0,8
2026-08-31T11:50:47.035664456Z,6.232007,117.935108,Cloud to Ground,-8519,0,10
2026-08-31T11:50:47.881622196Z,6.863737,117.415129,Cloud to Ground,49340,0,11
2026-08-31T11:50:47.808867676Z,6.726033,117.323213,Cloud to Ground,44240,0,7
2026-08-31T11:50:49.984551683Z,4.162497,115.005924,Cloud to Ground,19694,0,10
2026-08-31T11:50:49.875949976Z,4.111724,115.087681,Cloud to Cloud,9956,7345,11
2026-08-31T11:50:49.354052765Z,6.920732,117.472909,Cloud to Cloud,-5146,4253,5
2026-08-31T11:50:50.886499494Z,18.892519,131.764192,Cloud to Ground,-23309,0,8
2026-08-31T11:50:50.876467619Z,18.756444,131.85069,Cloud to Ground,18731,0,8
2026-08-31T11:50:50.876882847Z,18.763729,131.812529,Cloud to Ground,48776,0,16
2026-08-31T11:50:51.460584937Z,5.296209,115.596529,Cloud to Cloud,-13921,7732,7
2026-08-31T11:50:51.073790020Z,6.800367,117.241501,Cloud to Cloud,18639,3002,7
2026-08-31T11:50:52.058904032Z,6.720418,117.288847,Cloud to Cloud,16541,9682,10
2026-08-31T11:50:51.376541814Z,6.797825,117.354966,Cloud to Cloud,7917,3024,6
2026-08-31T11:50:51.394074431Z,6.798317,117.356152,Cloud to Cloud,9126,14632,6
2026-08-31T11:50:51.033021194Z,6.848809,117.338401,Cloud to Cloud,12669,7750,9
2026-08-31T11:50:51.358210971Z,6.800488,117.384247,Cloud to Cloud,12898,7990,8
2026-08-31T11:50:51.989209980Z,6.730056,117.386519,Cloud to Ground,22152,0,13
2026-08-31T11:50:52.131908429Z,6.77347,117.410348,Cloud to Ground,24732,0,14
2026-08-31T11:50:52.244449705Z,5.354749,115.646104,Cloud to Ground,13611,0,9
2026-08-31T11:50:52.352247854Z,15.659298,132.576474,Cloud to Ground,15039,0,8
2026-08-31T11:50:54.220263986Z,6.682433,117.358078,Cloud to Cloud,12360,3014,8
2026-08-31T11:50:53.603676715Z,6.685309,117.410175,Cloud to Ground,23006,0,9
2026-08-31T11:50:54.252903141Z,6.022551,117.892366,Cloud to Ground,18508,0,9
2026-08-31T11:50:54.141178077Z,6.02478,117.902754,Cloud to Ground,37798,0,9
2026-08-31T11:50:54.221261985Z,5.597111,117.180472,Cloud to Ground,35203,0,8
2026-08-31T11:50:54.988230043Z,6.780282,117.505956,Cloud to Ground,-16266,0,7
2026-08-31T11:50:54.528064910Z,3.120896,115.023166,Cloud to Ground,-56363,0,28
2026-08-31T11:50:54.771204000Z,3.0972,114.9107,Cloud to Ground,-14123,0,5
2026-08-31T11:50:55.735388731Z,5.356027,115.536416,Cloud to Ground,-12311,0,7
2026-08-31T11:50:55.861723587Z,5.330243,115.606765,Cloud to Cloud,-11092,3129,10
2026-08-31T11:50:55.121068777Z,6.763797,117.359864,Cloud to Cloud,15355,16641,6
2026-08-31T11:50:55.002541939Z,6.857544,117.21013,Cloud to Cloud,-12232,17169,10
2026-08-31T11:50:55.220500000Z,6.9308,117.1839,Cloud to Ground,17167,0,7
2026-08-31T11:50:58.414023874Z,6.896074,117.354798,Cloud to Cloud,-15876,18135,9
2026-08-31T11:50:58.396112483Z,6.930535,117.367551,Cloud to Ground,38913,0,8
2026-08-31T11:50:58.434980767Z,7.006162,117.467163,Cloud to Cloud,-24670,16595,7
2026-08-31T11:50:58.291950225Z,6.475125,117.575537,Cloud to Cloud,15805,7667,7
2026-08-31T11:50:58.750733636Z,14.348824,134.607299,Cloud to Ground,-12261,0,10
2026-08-31T11:50:58.756357192Z,14.341923,134.596851,Cloud to Ground,-11761,0,9
2026-08-31T11:50:57.524281578Z,15.656239,132.670082,Cloud to Ground,-38106,0,15
2026-08-31T11:50:57.439636000Z,15.6402,132.5633,Cloud to Ground,-33463,0,7
2026-08-31T11:50:57.558962847Z,15.710349,132.635945,Cloud to Ground,-20585,0,17
2026-08-31T11:50:57.791965849Z,15.611283,132.619067,Cloud to Ground,-13930,0,13
2026-08-31T11:50:57.666817471Z,15.625802,132.658606,Cloud to Ground,-13207,0,9
2026-08-31T11:50:57.508805000Z,15.7545,132.6959,Cloud to Ground,7462,0,6
2026-08-31T11:50:57.517723839Z,15.682822,132.672292,Cloud to Ground,22176,0,10
2026-08-31T11:50:58.002710123Z,15.586745,132.685528,Cloud to Ground,28096,0,12
2026-08-31T11:50:58.031517757Z,15.597612,132.709757,Cloud to Ground,29507,0,8
2026-08-31T11:50:57.544985611Z,15.656534,132.682347,Cloud to Ground,32348,0,11
2026-08-31T11:50:58.179677036Z,15.57019,132.685922,Cloud to Ground,43508,0,9
2026-08-31T11:50:59.355630485Z,5.324494,115.578819,Cloud to Cloud,-18629,11593,12
2026-08-31T11:50:59.186222501Z,5.332992,115.555112,Cloud to Ground,17097,0,10
2026-08-31T11:50:59.512409281Z,5.241754,115.535857,Cloud to Ground,17884,0,12
2026-08-31T11:50:58.969024144Z,5.325678,115.578741,Cloud to Ground,22727,0,13
2026-08-31T11:50:59.321740662Z,5.244848,115.583294,Cloud to Ground,29583,0,14
2026-08-31T11:50:59.027182284Z,5.328571,115.567666,Cloud to Ground,36183,0,19
2026-08-31T11:51:02.681335238Z,6.806718,117.339213,Cloud to Cloud,-13799,3007,8
2026-08-31T11:51:06.995776000Z,5.0112,116.8733,Cloud to Ground,-11003,0,5
2026-08-31T11:51:07.354819689Z,5.00307,116.93126,Cloud to Ground,33795,0,23
2026-08-31T11:51:07.741679000Z,11.0438,120.6294,Cloud to Ground,-13983,0,10
2026-08-31T11:51:08.419169140Z,6.880143,117.183975,Cloud to Ground,30603,0,7
2026-08-31T11:51:08.540712933Z,19.376069,119.376506,Cloud to Cloud,7466,6422,6
2026-08-31T11:51:09.058493330Z,6.850231,117.457596,Cloud to Cloud,-14482,19976,6
2026-08-31T11:51:08.997459363Z,6.757613,117.441076,Cloud to Ground,18236,0,10
2026-08-31T11:51:09.048200650Z,6.830496,117.394601,Cloud to Ground,20879,0,12
2026-08-31T11:51:10.767470001Z,6.855307,117.091638,Cloud to Cloud,17996,11570,7
2026-08-31T11:51:10.709594104Z,6.787209,117.441599,Cloud to Ground,-17351,0,10
2026-08-31T11:51:10.573880736Z,6.776595,117.395437,Cloud to Cloud,14226,3005,6
2026-08-31T11:51:10.387427641Z,6.849246,117.329924,Cloud to Ground,-18954,0,7
2026-08-31T11:51:10.456455376Z,6.946038,117.303158,Cloud to Ground,18907,0,8
2026-08-31T11:51:10.404161544Z,6.874472,117.265638,Cloud to Ground,27591,0,8
2026-08-31T11:51:10.083434687Z,2.881382,115.713624,Cloud to Ground,22051,0,12
2026-08-31T11:51:10.275286155Z,2.854343,115.812911,Cloud to Ground,31097,0,14
2026-08-31T11:51:10.080044869Z,2.884957,115.736346,Cloud to Ground,34804,0,24
2026-08-31T11:51:10.876522962Z,5.292766,115.688727,Cloud to Ground,-16215,0,18
2026-08-31T11:51:10.438577927Z,5.326267,115.654095,Cloud to Ground,11707,0,6
2026-08-31T11:51:10.656273912Z,15.661359,132.626769,Cloud to Ground,6044,0,8
2026-08-31T11:51:10.265313287Z,14.279748,134.204878,Cloud to Ground,-14623,0,11
2026-08-31T11:51:10.291700677Z,14.284816,134.217829,Cloud to Cloud,-11360,4200,16
2026-08-31T11:51:10.248537019Z,14.26535,134.161827,Cloud to Cloud,-10474,3595,9
2026-08-31T11:51:12.518394844Z,6.8354,117.279188,Cloud to Cloud,-8565,17858,7
2026-08-31T11:51:12.620589445Z,6.713807,117.269039,Cloud to Cloud,14579,16864,11
2026-08-31T11:51:13.552800969Z,22.598533,112.566487,Cloud to Ground,-38110,0,14
2026-08-31T11:51:13.551702811Z,22.585507,112.584759,Cloud to Ground,16184,0,13
2026-08-31T11:51:15.209146008Z,6.956235,117.422662,Cloud to Cloud,14787,7664,6
2026-08-31T11:51:15.153301038Z,6.809766,117.370859,Cloud to Ground,16031,0,9
2026-08-31T11:51:15.234901007Z,6.804912,117.357005,Cloud to Cloud,16615,14693,9
2026-08-31T11:51:14.798618297Z,6.760826,117.327074,Cloud to Ground,21263,0,8
2026-08-31T11:51:15.120647578Z,6.811347,117.36699,Cloud to Ground,21985,0,7
2026-08-31T11:51:15.095756917Z,6.799777,117.319309,Cloud to Ground,22037,0,7
2026-08-31T11:51:14.664369756Z,6.833882,117.358497,Cloud to Ground,29575,0,9
2026-08-31T11:51:14.752365307Z,6.814472,117.374028,Cloud to Ground,33296,0,9
2026-08-31T11:51:14.872702052Z,6.838699,117.381899,Cloud to Ground,41567,0,7
2026-08-31T11:51:14.624518356Z,6.823075,117.408092,Cloud to Ground,52979,0,16
2026-08-31T11:51:14.705912792Z,6.872146,117.397327,Cloud to Ground,66695,0,7
2026-08-31T11:51:14.170551879Z,22.802385,112.451051,Cloud to Cloud,-37498,9660,9
2026-08-31T11:51:15.125590252Z,14.388893,134.591326,Cloud to Ground,-30410,0,8
2026-08-31T11:51:15.148269147Z,14.255665,134.597173,Cloud to Ground,21996,0,13
2026-08-31T11:51:16.452446937Z,6.813766,117.361904,Cloud to Cloud,-12196,19073,12
2026-08-31T11:51:16.198021886Z,6.832992,117.318312,Cloud to Cloud,-7602,18512,6
2026-08-31T11:51:16.805383000Z,6.9361,117.2732,Cloud to Ground,19344,0,6
2026-08-31T11:51:16.869695845Z,6.700137,117.403683,Cloud to Cloud,25538,3612,8
2026-08-31T11:51:17.757574769Z,19.126155,114.078217,Cloud to Cloud,-85871,3061,14
2026-08-31T11:51:19.839944701Z,6.770711,117.440496,Cloud to Ground,20309,0,9
2026-08-31T11:51:19.988005199Z,4.081391,115.015658,Cloud to Ground,-15454,0,7
2026-08-31T11:51:19.978569925Z,4.071165,115.023319,Cloud to Ground,-9514,0,7
2026-08-31T11:51:20.970515994Z,5.128574,115.561555,Cloud to Cloud,19041,8337,6
2026-08-31T11:51:21.092831220Z,6.096975,117.861557,Cloud to Cloud,-11475,3684,7
2026-08-31T11:51:21.402495264Z,6.131544,117.870044,Cloud to Ground,17610,0,10
2026-08-31T11:51:20.920954510Z,6.120719,117.960137,Cloud to Ground,23856,0,14
2026-08-31T11:51:21.093789288Z,6.132089,117.880477,Cloud to Ground,27815,0,10
2026-08-31T11:51:21.668050180Z,6.13538,117.890764,Cloud to Ground,33623,0,15
2026-08-31T11:51:21.364342338Z,6.12902,117.866239,Cloud to Ground,38954,0,13
2026-08-31T11:51:21.177016897Z,6.145936,117.956671,Cloud to Ground,56620,0,23
2026-08-31T11:51:21.291225000Z,6.2542,117.9896,Cloud to Ground,-17339,0,5
2026-08-31T11:51:21.089282240Z,6.293873,117.94172,Cloud to Ground,24045,0,7
2026-08-31T11:51:21.029591395Z,6.232159,117.906676,Cloud to Ground,46665,0,14
2026-08-31T11:51:20.534566475Z,6.831212,117.276245,Cloud to Ground,-11293,0,6
2026-08-31T11:51:19.859121200Z,6.822513,117.352463,Cloud to Cloud,-10146,19004,7
2026-08-31T11:51:20.192141923Z,6.856512,117.319949,Cloud to Cloud,-7051,3008,9
2026-08-31T11:51:21.169475848Z,6.838003,117.228416,Cloud to Cloud,16508,3383,10
2026-08-31T11:51:21.134341023Z,6.911377,117.186881,Cloud to Cloud,17962,13315,10
2026-08-31T11:51:21.307561190Z,6.828342,117.229348,Cloud to Ground,19404,0,8
2026-08-31T11:51:21.271876645Z,6.79689,117.140069,Cloud to Cloud,7289,10752,9
2026-08-31T11:51:22.581107909Z,6.831023,117.359753,Cloud to Cloud,-18343,5941,10
2026-08-31T11:51:22.358090554Z,6.730122,117.327586,Cloud to Cloud,15575,14134,7
2026-08-31T11:51:23.267951314Z,5.283198,115.817627,Cloud to Cloud,17819,14667,12
2026-08-31T11:51:23.237675413Z,6.847541,117.502912,Cloud to Ground,24730,0,10
2026-08-31T11:51:23.173326000Z,6.9513,117.4871,Cloud to Ground,25552,0,6
2026-08-31T11:51:23.477065361Z,15.671838,132.579587,Cloud to Ground,-23058,0,14
2026-08-31T11:51:23.422489725Z,15.651596,132.643986,Cloud to Ground,60490,0,12
2026-08-31T11:51:23.350243000Z,15.6894,132.4648,Cloud to Ground,-9847,0,6
2026-08-31T11:51:24.058684279Z,22.449967,112.611775,Cloud to Cloud,8815,3007,10
2026-08-31T11:51:23.916875858Z,22.431568,112.603095,Cloud to Ground,28164,0,10
2026-08-31T11:51:23.843543508Z,22.44794,112.568127,Cloud to Ground,53147,0,11
2026-08-31T11:51:24.081281693Z,6.812215,117.501983,Cloud to Ground,-41385,0,10
2026-08-31T11:51:24.514150560Z,6.779536,117.237293,Cloud to Cloud,10277,6188,8
2026-08-31T11:51:24.724446863Z,6.861917,117.37301,Cloud to Ground,-23072,0,7
2026-08-31T11:51:23.983589062Z,6.816745,117.405161,Cloud to Ground,-21538,0,8
2026-08-31T11:51:24.102593326Z,6.806013,117.400064,Cloud to Ground,14754,0,12
2026-08-31T11:51:24.360035143Z,6.807868,117.40769,Cloud to Ground,19152,0,13
2026-08-31T11:51:24.482714190Z,6.803288,117.389341,Cloud to Ground,30316,0,14
2026-08-31T11:51:24.025621719Z,6.805188,117.406393,Cloud to Ground,41746,0,18
2026-08-31T11:51:24.697775376Z,19.484764,118.783208,Cloud to Cloud,28543,3003,9
2026-08-31T11:51:24.699823000Z,18.8688,118.4972,Cloud to Ground,-20805,0,5
2026-08-31T11:51:25.456524310Z,18.845956,131.489333,Cloud to Ground,17290,0,10
2026-08-31T11:51:25.453990618Z,18.855818,131.476812,Cloud to Ground,42272,0,12
2026-08-31T11:51:25.467168502Z,18.952275,131.481405,Cloud to Ground,22109,0,6
2026-08-31T11:51:25.117782115Z,15.295594,134.089072,Cloud to Ground,-22190,0,11
2026-08-31T11:51:25.767350000Z,18.8542,118.5119,Cloud to Ground,6968,0,6
2026-08-31T11:51:28.433376954Z,5.278734,115.534586,Cloud to Ground,-13700,0,6
2026-08-31T11:51:28.774358790Z,6.768838,117.37911,Cloud to Cloud,-17702,6017,6
2026-08-31T11:51:29.295754858Z,5.236913,115.626597,Cloud to Ground,-10913,0,6
2026-08-31T11:51:29.704826877Z,5.311532,115.547869,Cloud to Cloud,-11540,9669,10
2026-08-31T11:51:29.909327441Z,6.781937,117.473793,Cloud to Cloud,15141,13868,11
2026-08-31T11:51:29.408305136Z,6.840549,117.304104,Cloud to Cloud,-13211,19144,6
2026-08-31T11:51:30.565442661Z,6.148131,117.95495,Cloud to Cloud,-17189,6126,8
2026-08-31T11:51:30.502063306Z,6.140504,117.874554,Cloud to Ground,-16088,0,6
2026-08-31T11:51:30.949462656Z,5.188393,115.594497,Cloud to Ground,12639,0,8
2026-08-31T11:51:30.412169410Z,19.095972,129.764386,Cloud to Cloud,8525,3057,10
2026-08-31T11:51:31.095635616Z,6.72831,117.596622,Cloud to Cloud,-13244,3028,10
2026-08-31T11:51:31.496770102Z,5.552563,117.180886,Cloud to Cloud,-11810,5317,8
2026-08-31T11:51:31.079771411Z,5.317215,115.619667,Cloud to Ground,-8828,0,9
2026-08-31T11:51:32.365670036Z,6.856187,117.31595,Cloud to Ground,-22272,0,7
2026-08-31T11:51:32.650185016Z,6.821019,117.315224,Cloud to Cloud,12555,6374,7
2026-08-31T11:51:32.682206947Z,6.85754,117.361426,Cloud to Ground,61935,0,15
2026-08-31T11:51:32.657646803Z,6.786861,117.114197,Cloud to Cloud,-20656,7417,9
2026-08-31T11:51:32.334362777Z,6.971151,117.349534,Cloud to Ground,12475,0,7
2026-08-31T11:51:32.831147954Z,6.85746,117.187657,Cloud to Cloud,20661,7211,6
2026-08-31T11:51:32.549660409Z,6.841246,117.219129,Cloud to Ground,21145,0,8
2026-08-31T11:51:32.778939218Z,6.792793,117.519179,Cloud to Cloud,11362,3010,7
2026-08-31T11:51:32.382759000Z,6.8008,117.5749,Cloud to Ground,29752,0,6
2026-08-31T11:51:32.694811000Z,7.0383,117.5166,Cloud to Ground,-25423,0,5
2026-08-31T11:51:32.847101324Z,14.303856,134.622929,Cloud to Ground,-14512,0,7
2026-08-31T11:51:33.778346388Z,9.736343,119.415996,Cloud to Cloud,10285,7427,5
2026-08-31T11:51:34.234309886Z,5.33142,115.59863,Cloud to Ground,27316,0,7
2026-08-31T11:51:35.360450460Z,6.711632,117.455068,Cloud to Ground,-20817,0,7
2026-08-31T11:51:35.731912913Z,6.872058,117.437335,Cloud to Cloud,20044,17005,6
2026-08-31T11:51:36.888149709Z,6.093251,117.906745,Cloud to Cloud,12958,3351,7
2026-08-31T11:51:36.766231334Z,6.118231,117.949374,Cloud to Ground,32203,0,10
2026-08-31T11:51:38.412718203Z,6.810188,117.353361,Cloud to Ground,-12270,0,7
2026-08-31T11:51:39.123584326Z,6.702614,117.387875,Cloud to Cloud,11114,5506,7
2026-08-31T11:51:38.923918554Z,6.749671,117.403058,Cloud to Cloud,15488,9963,12
2026-08-31T11:51:38.102195646Z,6.846986,117.380482,Cloud to Cloud,16941,4118,7
2026-08-31T11:51:39.111013872Z,6.732983,117.399784,Cloud to Ground,17325,0,13
2026-08-31T11:51:38.701168572Z,6.775931,117.369911,Cloud to Ground,20181,0,9
2026-08-31T11:51:38.411408060Z,6.771003,117.360661,Cloud to Ground,20278,0,8
2026-08-31T11:51:37.719778206Z,6.783627,117.401351,Cloud to Ground,23749,0,8
2026-08-31T11:51:38.357721156Z,6.909063,117.399952,Cloud to Ground,24833,0,8
2026-08-31T11:51:38.580052702Z,6.856821,117.347176,Cloud to Ground,26061,0,13
2026-08-31T11:51:38.832709239Z,6.831758,117.390163,Cloud to Cloud,26864,19842,10
2026-08-31T11:51:37.999335561Z,6.77016,117.356472,Cloud to Ground,32762,0,9
2026-08-31T11:51:37.774767024Z,6.802867,117.412458,Cloud to Ground,40963,0,17
2026-08-31T11:51:37.576284199Z,15.771431,132.415304,Cloud to Ground,20633,0,9
2026-08-31T11:51:37.545425000Z,15.7979,132.1165,Cloud to Ground,-6632,0,8
2026-08-31T11:51:39.458513273Z,14.249318,134.315378,Cloud to Ground,-16598,0,11
2026-08-31T11:51:39.086834766Z,14.348873,134.37994,Cloud to Ground,-19885,0,8
2026-08-31T11:51:39.096552515Z,14.26263,134.407128,Cloud to Ground,-13686,0,12
2026-08-31T11:51:39.056871000Z,14.3701,134.2401,Cloud to Ground,-25369,0,6
2026-08-31T11:51:40.911606264Z,6.135006,117.8326,Cloud to Ground,28344,0,9
2026-08-31T11:51:40.934096452Z,5.214407,115.58054,Cloud to Ground,-14451,0,8
2026-08-31T11:51:40.008365219Z,5.368488,116.913969,Cloud to Cloud,-28574,4746,16
2026-08-31T11:51:39.981848702Z,5.375836,116.938572,Cloud to Cloud,-20998,8478,17
2026-08-31T11:51:40.002425378Z,5.375766,116.873649,Cloud to Ground,31699,0,11
2026-08-31T11:51:40.118979551Z,5.304519,116.938491,Cloud to Ground,50021,0,15
2026-08-31T11:51:41.734464294Z,6.762269,117.425225,Cloud to Ground,24882,0,11
2026-08-31T11:51:41.243185835Z,6.770541,117.468966,Cloud to Ground,26799,0,9
2026-08-31T11:51:41.304116530Z,6.845523,117.234382,Cloud to Ground,21751,0,11
2026-08-31T11:51:41.785950796Z,5.526142,117.200289,Cloud to Ground,19426,0,12
2026-08-31T11:51:41.751752288Z,10.840919,120.570531,Cloud to Ground,-34613,0,12
2026-08-31T11:51:42.133719553Z,5.276492,115.687344,Cloud to Cloud,-14152,3046,7
2026-08-31T11:51:42.568155800Z,6.892492,117.361019,Cloud to Ground,22477,0,10
2026-08-31T11:51:42.436317732Z,2.899971,115.711058,Cloud to Ground,19983,0,11
2026-08-31T11:51:42.323307410Z,2.893424,115.704252,Cloud to Ground,21314,0,9
2026-08-31T11:51:43.617999798Z,6.817691,117.558052,Cloud to Cloud,-8490,7369,7
2026-08-31T11:51:43.646813081Z,3.047942,115.023398,Cloud to Ground,-15467,0,11
2026-08-31T11:51:43.531392800Z,3.006559,114.995905,Cloud to Ground,20782,0,10
2026-08-31T11:51:44.017532047Z,5.281374,115.526961,Cloud to Ground,-20023,0,11
2026-08-31T11:51:44.012199673Z,5.295031,115.569365,Cloud to Cloud,-12843,6176,9
2026-08-31T11:51:43.596480829Z,5.317584,115.572353,Cloud to Ground,25164,0,10
2026-08-31T11:51:43.661951983Z,4.093982,115.01413,Cloud to Ground,-14913,0,8
2026-08-31T11:51:43.811929333Z,4.095278,114.988959,Cloud to Ground,14255,0,7
2026-08-31T11:51:44.440543262Z,5.575319,117.194036,Cloud to Cloud,-10641,3044,6
2026-08-31T11:51:45.162327699Z,5.148509,115.528208,Cloud to Cloud,6688,4884,7
2026-08-31T11:51:46.816479020Z,20.851652,121.033308,Cloud to Ground,-39328,0,14
2026-08-31T11:51:47.032431471Z,20.82907,120.995432,Cloud to Ground,-9922,0,8
2026-08-31T11:51:46.737112000Z,20.9468,121.1135,Cloud to Ground,-71122,0,8
2026-08-31T11:51:48.715435000Z,5.6961,117.2949,Cloud to Ground,-17898,0,6
2026-08-31T11:51:48.407275881Z,5.733911,117.256143,Cloud to Ground,12345,0,9
2026-08-31T11:51:48.313994867Z,5.678975,117.231591,Cloud to Ground,15920,0,14
2026-08-31T11:51:48.991056953Z,5.588876,117.164475,Cloud to Ground,18938,0,11
2026-08-31T11:51:48.931276401Z,5.63293,117.145459,Cloud to Ground,33826,0,9
2026-08-31T11:51:48.927275829Z,5.590511,117.236665,Cloud to Ground,45539,0,12
2026-08-31T11:51:48.702687336Z,5.112631,115.56917,Cloud to Ground,31354,0,10
2026-08-31T11:51:49.532887660Z,6.793034,117.403635,Cloud to Ground,26073,0,8
2026-08-31T11:51:49.351618282Z,6.784749,117.361272,Cloud to Ground,33579,0,8
2026-08-31T11:51:49.241268798Z,6.814259,117.440971,Cloud to Ground,67028,0,18
2026-08-31T11:51:50.016187103Z,5.299869,115.611185,Cloud to Ground,14432,0,8
2026-08-31T11:51:50.093365837Z,5.214625,115.608907,Cloud to Ground,17976,0,10
2026-08-31T11:51:49.743801355Z,5.212619,115.582978,Cloud to Ground,18703,0,8
2026-08-31T11:51:49.969920632Z,5.219349,115.571461,Cloud to Ground,20971,0,9
2026-08-31T11:51:49.164193923Z,6.675664,117.393202,Cloud to Ground,20783,0,16
2026-08-31T11:51:51.378933392Z,6.959959,117.370255,Cloud to Cloud,17786,3008,7
2026-08-31T11:51:51.041235435Z,6.847475,117.466156,Cloud to Cloud,9191,16119,5
2026-08-31T11:51:51.164506918Z,6.9339,117.467356,Cloud to Cloud,19986,19164,11
2026-08-31T11:51:51.205176625Z,6.844293,117.504597,Cloud to Ground,37364,0,6
2026-08-31T11:51:52.075575093Z,4.101657,114.960587,Cloud to Ground,-15551,0,6
2026-08-31T11:51:51.410908006Z,4.137988,114.94998,Cloud to Ground,-14470,0,7
2026-08-31T11:51:51.719900462Z,4.075554,114.96455,Cloud to Cloud,12519,19172,7
2026-08-31T11:51:51.575038451Z,4.078473,114.956173,Cloud to Ground,14100,0,7
2026-08-31T11:51:51.814961097Z,4.169942,114.962548,Cloud to Ground,28879,0,24
2026-08-31T11:51:51.569814293Z,14.847951,134.986647,Cloud to Ground,-26172,0,10
2026-08-31T11:51:51.372853357Z,19.369982,119.206962,Cloud to Cloud,11692,3613,8
2026-08-31T11:51:52.985506467Z,6.797997,117.342357,Cloud to Cloud,12797,10973,6
2026-08-31T11:51:52.024313000Z,3.942,114.8864,Cloud to Ground,-13640,0,5
2026-08-31T11:51:53.191148780Z,5.281961,115.608268,Cloud to Ground,-10517,0,7
2026-08-31T11:51:54.538844625Z,6.744687,117.837423,Cloud to Cloud,-12055,10267,7
2026-08-31T11:51:54.578070403Z,6.766223,117.865441,Cloud to Ground,24460,0,15
2026-08-31T11:51:54.201460496Z,6.814787,117.997066,Cloud to Cloud,-9813,7163,7
2026-08-31T11:51:54.917902000Z,18.1973,116.3903,Cloud to Ground,-5274,0,7
2026-08-31T11:51:55.431068392Z,15.602407,132.552726,Cloud to Ground,-8855,0,8
2026-08-31T11:51:56.792569113Z,6.801417,117.136114,Cloud to Cloud,-8551,5914,7
2026-08-31T11:51:56.509072569Z,5.287514,115.604999,Cloud to Cloud,-16779,7286,11
2026-08-31T11:51:56.556364366Z,5.295674,115.571659,Cloud to Cloud,-13351,12071,8
2026-08-31T11:51:57.485847172Z,6.541676,117.955553,Cloud to Cloud,-8115,6457,6
2026-08-31T11:51:57.473955940Z,6.5805,118.005193,Cloud to Ground,17588,0,9
2026-08-31T11:51:57.665770858Z,14.25859,134.408467,Cloud to Ground,14815,0,13
2026-08-31T11:51:58.069575459Z,5.228104,115.521517,Cloud to Ground,-12705,0,7
2026-08-31T11:51:58.059023286Z,5.20548,115.593412,Cloud to Cloud,-11657,13881,9
2026-08-31T11:51:58.527156000Z,5.639,115.5476,Cloud to Ground,-46482,0,5
2026-08-31T11:51:59.535763076Z,6.785219,117.543841,Cloud to Ground,-13420,0,9
2026-08-31T11:51:59.584971662Z,6.755741,117.562625,Cloud to Ground,16942,0,12
2026-08-31T11:51:59.715833357Z,6.781206,117.537188,Cloud to Ground,21846,0,10
2026-08-31T11:51:59.662884184Z,6.772678,117.532369,Cloud to Ground,21867,0,13
2026-08-31T11:51:59.206459977Z,6.834278,117.380757,Cloud to Ground,-20784,0,11
2026-08-31T11:51:58.961666147Z,6.819034,117.344289,Cloud to Ground,-10023,0,6
2026-08-31T11:51:59.193877213Z,5.223544,115.587493,Cloud to Ground,10548,0,7
2026-08-31T11:51:59.837758007Z,6.362281,117.827489,Cloud to Ground,43631,0,14
2026-08-31T11:52:00.277939722Z,15.667686,132.59146,Cloud to Ground,-21154,0,15
2026-08-31T11:52:00.341292392Z,15.619618,132.632506,Cloud to Ground,-18927,0,8
2026-08-31T11:52:00.310110760Z,15.686237,132.60297,Cloud to Ground,-12663,0,7
2026-08-31T11:52:01.716990000Z,6.7681,116.9955,Cloud to Ground,67777,0,7
2026-08-31T11:52:09.820117085Z,14.355151,134.221555,Cloud to Ground,-56679,0,14
2026-08-31T11:52:09.587990405Z,14.192016,134.266551,Cloud to Ground,-26199,0,16
2026-08-31T11:52:09.564587238Z,14.191164,134.27237,Cloud to Ground,-26031,0,17
2026-08-31T11:52:09.662187528Z,14.200185,134.130644,Cloud to Ground,-15094,0,9
2026-08-31T11:52:09.598943000Z,14.2197,133.9551,Cloud to Ground,11450,0,5
2026-08-31T11:52:10.649473873Z,6.863033,117.433541,Cloud to Cloud,-16553,10416,7
2026-08-31T11:52:10.898867122Z,6.886366,117.269274,Cloud to Cloud,15446,3232,8
2026-08-31T11:52:10.912455180Z,6.882776,117.278789,Cloud to Cloud,15768,6374,7
2026-08-31T11:52:10.875462974Z,6.848643,117.31768,Cloud to Ground,18833,0,10
2026-08-31T11:52:10.798458571Z,6.866906,117.296194,Cloud to Ground,28084,0,10
2026-08-31T11:52:11.781541051Z,6.112033,117.908178,Cloud to Cloud,-12057,3008,9
2026-08-31T11:52:11.687634224Z,6.125009,117.894462,Cloud to Ground,25592,0,7
2026-08-31T11:52:11.650780429Z,6.112771,117.887041,Cloud to Ground,31925,0,9
2026-08-31T11:52:11.777691906Z,6.129905,117.984768,Cloud to Ground,96743,0,29
2026-08-31T11:52:11.260022961Z,5.625231,117.193403,Cloud to Cloud,-13443,7881,7
2026-08-31T11:52:11.250537400Z,5.689954,117.196043,Cloud to Cloud,20083,15963,11
2026-08-31T11:52:12.011641800Z,6.708847,117.391639,Cloud to Cloud,-18324,3076,9
2026-08-31T11:52:11.561275143Z,6.692819,117.372748,Cloud to Cloud,-12099,4709,10
2026-08-31T11:52:12.246480359Z,5.266536,115.623213,Cloud to Ground,-12811,0,16
2026-08-31T11:52:12.252635469Z,6.774685,117.285803,Cloud to Ground,25383,0,12
2026-08-31T11:52:13.779498260Z,6.88999,117.343929,Cloud to Ground,-16973,0,11
2026-08-31T11:52:13.161903994Z,22.421838,112.81227,Cloud to Ground,-18374,0,7
2026-08-31T11:52:13.076498627Z,22.475409,112.689895,Cloud to Ground,18379,0,10
2026-08-31T11:52:13.025783000Z,22.4081,112.629,Cloud to Ground,143356,0,6
2026-08-31T11:52:14.352104550Z,15.60041,132.624827,Cloud to Ground,17416,0,9
2026-08-31T11:52:15.689473353Z,5.275214,115.553153,Cloud to Ground,24272,0,9
2026-08-31T11:52:15.933204516Z,6.571069,117.954483,Cloud to Cloud,19125,4210,9
2026-08-31T11:52:15.934213383Z,6.642863,117.93836,Cloud to Cloud,31369,6756,10
2026-08-31T11:52:15.188005649Z,6.134183,117.918267,Cloud to Ground,26548,0,9
2026-08-31T11:52:15.664836594Z,15.734457,132.382481,Cloud to Ground,-12597,0,9
2026-08-31T11:52:15.791578768Z,15.660449,132.454595,Cloud to Ground,23075,0,9
2026-08-31T11:52:16.447871237Z,6.741717,117.385087,Cloud to Ground,24870,0,10
2026-08-31T11:52:16.469168379Z,6.771284,117.341833,Cloud to Ground,33561,0,7
2026-08-31T11:52:17.030298444Z,6.79328,117.538795,Cloud to Cloud,-11635,14078,10
2026-08-31T11:52:18.715890338Z,5.21834,115.608084,Cloud to Ground,17591,0,11
2026-08-31T11:52:18.779877618Z,5.221441,115.583093,Cloud to Ground,19180,0,8
2026-08-31T11:52:18.733556212Z,5.219897,115.600436,Cloud to Ground,22412,0,14
2026-08-31T11:52:18.254917358Z,5.219622,115.596876,Cloud to Ground,23871,0,12
2026-08-31T11:52:18.639846335Z,5.218941,115.587035,Cloud to Ground,25607,0,7
2026-08-31T11:52:17.940946438Z,6.115202,117.844027,Cloud to Ground,29357,0,8
2026-08-31T11:52:18.392176074Z,6.121443,117.887878,Cloud to Ground,43065,0,16
2026-08-31T11:52:18.731326879Z,5.405107,115.641934,Cloud to Ground,-19731,0,14
2026-08-31T11:52:19.897604048Z,5.270579,115.528722,Cloud to Cloud,-22487,9419,15
2026-08-31T11:52:20.219676755Z,4.157137,114.974713,Cloud to Cloud,7269,3026,7
2026-08-31T11:52:20.312673427Z,4.070934,114.961493,Cloud to Ground,11435,0,8
2026-08-31T11:52:20.357408410Z,4.071751,114.940071,Cloud to Ground,11867,0,7
2026-08-31T11:52:20.188841266Z,4.080187,114.945932,Cloud to Ground,22403,0,7
2026-08-31T11:52:20.138541893Z,4.078644,114.949059,Cloud to Ground,48410,0,9
2026-08-31T11:52:20.657421942Z,6.836499,117.367692,Cloud to Cloud,10710,18914,10
2026-08-31T11:52:20.666104460Z,6.847629,117.883556,Cloud to Ground,-21104,0,14
2026-08-31T11:52:21.992993559Z,6.657547,117.49144,Cloud to Cloud,21180,3003,6
2026-08-31T11:52:21.996311874Z,4.88088,116.885735,Cloud to Cloud,-22693,16692,14
2026-08-31T11:52:20.724026461Z,6.746162,117.826551,Cloud to Ground,33300,0,9
2026-08-31T11:52:21.156464387Z,6.747784,117.855127,Cloud to Ground,51258,0,16
2026-08-31T11:52:21.368471738Z,15.645138,132.634732,Cloud to Ground,-16072,0,8
2026-08-31T11:52:21.208493628Z,15.622859,132.557805,Cloud to Ground,-12434,0,7
2026-08-31T11:52:22.250059546Z,19.188421,119.354644,Cloud to Cloud,7874,3298,7
2026-08-31T11:52:22.245327810Z,19.384175,119.499357,Cloud to Cloud,18151,6574,11
2026-08-31T11:52:22.017000000Z,4.9912,116.8512,Cloud to Ground,-21114,0,5
2026-08-31T11:52:23.368154843Z,6.778854,117.3757,Cloud to Ground,-7022,0,7
2026-08-31T11:52:23.522388373Z,14.173512,134.808672,Cloud to Ground,-14249,0,5
2026-08-31T11:52:23.528358403Z,14.209876,134.846446,Cloud to Ground,-12297,0,9
2026-08-31T11:52:23.421430850Z,14.093031,134.781715,Cloud to Ground,11956,0,7
2026-08-31T11:52:23.422401437Z,14.072879,134.721123,Cloud to Ground,19313,0,7
2026-08-31T11:52:24.095241684Z,5.1017,116.858314,Cloud to Ground,-17822,0,10
2026-08-31T11:52:24.093035261Z,5.096674,116.873962,Cloud to Ground,-11157,0,10
2026-08-31T11:52:24.556000981Z,6.801121,117.468764,Cloud to Cloud,-9772,3258,7
2026-08-31T11:52:24.347432190Z,6.767762,117.443992,Cloud to Cloud,18843,3174,8
2026-08-31T11:52:25.263771125Z,10.8162,120.544034,Cloud to Cloud,11290,5740,7
2026-08-31T11:52:28.543269465Z,15.80461,132.308154,Cloud to Ground,-24345,0,9
2026-08-31T11:52:28.907766000Z,15.7733,132.472,Cloud to Ground,31411,0,7
2026-08-31T11:52:29.378638692Z,6.801196,117.923228,Cloud to Cloud,-17980,18142,12
2026-08-31T11:52:36.729372476Z,5.22786,115.554441,Cloud to Ground,20923,0,9
2026-08-31T11:52:38.876100159Z,5.110805,115.58908,Cloud to Ground,28999,0,11
2026-08-31T11:52:38.067263908Z,15.660171,132.616114,Cloud to Ground,-12984,0,9
2026-08-31T11:52:39.822505702Z,6.787171,117.533642,Cloud to Cloud,9265,3013,6
2026-08-31T11:52:39.789511017Z,6.789139,117.545909,Cloud to Ground,18419,0,8
2026-08-31T11:52:39.018114532Z,6.720828,117.437189,Cloud to Cloud,9143,18185,6
2026-08-31T11:52:40.311581355Z,5.285598,115.565037,Cloud to Cloud,-22870,6917,10
2026-08-31T11:52:40.819044974Z,5.284697,115.535511,Cloud to Cloud,-13520,3850,12
2026-08-31T11:52:40.745083000Z,5.215,115.4798,Cloud to Ground,-889,0,6
2026-08-31T11:52:40.483868988Z,6.750501,117.196142,Cloud to Cloud,-9396,3061,7
2026-08-31T11:52:40.471601489Z,6.801621,117.288977,Cloud to Ground,20161,0,7
2026-08-31T11:52:41.649259395Z,6.68577,117.327831,Cloud to Cloud,7718,7859,7
2026-08-31T11:52:41.783037564Z,6.790772,117.42738,Cloud to Ground,9731,0,8
2026-08-31T11:52:41.820362753Z,6.812172,117.498217,Cloud to Ground,16377,0,9
2026-08-31T11:52:41.329823226Z,6.734098,117.357802,Cloud to Ground,18589,0,11
2026-08-31T11:52:41.766755655Z,6.806504,117.449873,Cloud to Ground,20132,0,11
2026-08-31T11:52:41.346290867Z,6.704964,117.39646,Cloud to Ground,20224,0,9
2026-08-31T11:52:41.368007958Z,6.707866,117.393849,Cloud to Ground,25854,0,9
2026-08-31T11:52:41.252503465Z,6.842427,117.300356,Cloud to Cloud,-10275,3048,7
2026-08-31T11:52:43.283186996Z,5.240855,115.606198,Cloud to Ground,10013,0,8
2026-08-31T11:52:44.169682704Z,6.946,117.31624,Cloud to Ground,-14535,0,7
2026-08-31T11:52:44.110246065Z,6.860525,117.296094,Cloud to Cloud,13063,7546,12
2026-08-31T11:52:44.990866230Z,6.882298,117.408608,Cloud to Cloud,-15117,5485,7
2026-08-31T11:52:44.949758253Z,6.86209,117.430343,Cloud to Cloud,-13869,14782,9
2026-08-31T11:52:44.412968935Z,14.348951,134.605384,Cloud to Ground,-20073,0,9
2026-08-31T11:52:46.120163504Z,6.959543,117.183928,Cloud to Ground,-68410,0,22
2026-08-31T11:52:46.269104628Z,6.85306,117.09365,Cloud to Ground,-16938,0,7
2026-08-31T11:52:46.172344891Z,6.928182,117.108258,Cloud to Cloud,-13649,4293,11
2026-08-31T11:52:46.101448762Z,6.850888,117.083849,Cloud to Cloud,14840,18065,11
2026-08-31T11:52:46.038557000Z,6.9732,117.2185,Cloud to Ground,18876,0,6
2026-08-31T11:52:46.003180504Z,6.880036,117.222505,Cloud to Ground,40967,0,26
2026-08-31T11:52:45.953160851Z,6.88465,117.249282,Cloud to Ground,105831,0,19
2026-08-31T11:52:45.125299616Z,5.328116,115.573846,Cloud to Ground,-24008,0,6
2026-08-31T11:52:44.503383023Z,5.28383,115.549374,Cloud to Cloud,-17552,5765,15
2026-08-31T11:52:45.477625618Z,5.326292,115.525681,Cloud to Ground,-15782,0,8
2026-08-31T11:52:45.417595043Z,5.328396,115.520772,Cloud to Cloud,-11251,7894,8
2026-08-31T11:52:44.578175488Z,5.334001,115.609052,Cloud to Cloud,8688,3103,7
2026-08-31T11:52:44.482955817Z,5.206522,115.576311,Cloud to Ground,11313,0,12
2026-08-31T11:52:45.653303818Z,18.631466,116.874465,Cloud to Cloud,20983,18826,9
2026-08-31T11:52:47.843607657Z,15.765369,132.357207,Cloud to Ground,-10519,0,8
2026-08-31T11:52:48.735546870Z,6.122811,117.772047,Cloud to Cloud,-10195,10409,8
2026-08-31T11:52:48.725304826Z,6.110988,117.741669,Cloud to Ground,36540,0,12
2026-08-31T11:52:48.665362953Z,6.123647,117.861748,Cloud to Ground,47360,0,12
2026-08-31T11:52:48.007080457Z,5.252024,115.549283,Cloud to Ground,-18359,0,10
2026-08-31T11:52:48.659346134Z,5.202509,115.554688,Cloud to Ground,-16015,0,11
2026-08-31T11:52:48.086559396Z,5.253568,115.587008,Cloud to Cloud,-12599,3104,7
2026-08-31T11:52:48.196961293Z,5.199801,115.562925,Cloud to Cloud,-12115,3772,8
2026-08-31T11:52:48.167733165Z,5.239858,115.552644,Cloud to Cloud,13053,16115,6
2026-08-31T11:52:49.328346478Z,6.687138,117.329791,Cloud to Cloud,-18074,7497,12
2026-08-31T11:52:49.268396540Z,6.668451,117.354888,Cloud to Cloud,15069,17114,11
2026-08-31T11:52:49.097508126Z,6.707893,117.892017,Cloud to Ground,-9801,0,7
2026-08-31T11:52:49.057617057Z,6.161078,117.968113,Cloud to Cloud,-9356,5235,7
2026-08-31T11:52:49.994177947Z,14.612373,133.824924,Cloud to Ground,-31257,0,8
2026-08-31T11:52:50.116883614Z,14.696786,133.815825,Cloud to Ground,-9101,0,7
2026-08-31T11:52:50.688862971Z,5.18763,115.580474,Cloud to Cloud,-10106,3020,7
2026-08-31T11:52:50.555496500Z,5.342206,115.566271,Cloud to Ground,33065,0,17
2026-08-31T11:52:50.471731166Z,14.211523,134.154835,Cloud to Ground,-16240,0,10
2026-08-31T11:52:50.452006758Z,14.248353,134.103739,Cloud to Ground,-10581,0,10
2026-08-31T11:52:50.997593345Z,6.124664,117.954907,Cloud to Ground,-19366,0,13
2026-08-31T11:52:51.196293035Z,6.108986,117.851381,Cloud to Cloud,11851,3068,7
2026-08-31T11:52:51.320301278Z,6.131349,117.922393,Cloud to Ground,19779,0,13
2026-08-31T11:52:51.052075421Z,6.204608,117.885999,Cloud to Ground,21983,0,11
2026-08-31T11:52:50.938523200Z,6.258912,117.835404,Cloud to Ground,28145,0,7
2026-08-31T11:52:51.148093450Z,6.110391,117.865072,Cloud to Ground,33071,0,7
2026-08-31T11:52:51.027932011Z,6.119604,117.932527,Cloud to Ground,53412,0,15
2026-08-31T11:52:54.529864762Z,14.243793,134.61434,Cloud to Ground,15162,0,10
2026-08-31T11:52:54.514815259Z,14.332801,134.485257,Cloud to Ground,-10765,0,8
2026-08-31T11:52:55.494075592Z,6.847668,117.376771,Cloud to Cloud,-21825,7280,7
2026-08-31T11:52:55.329626754Z,6.770801,117.348569,Cloud to Ground,-8004,0,6
2026-08-31T11:52:55.425123565Z,6.77515,117.336307,Cloud to Cloud,8284,3935,10
2026-08-31T11:52:55.296035411Z,6.788516,117.360645,Cloud to Ground,19499,0,7
2026-08-31T11:52:56.107477925Z,6.908285,117.572357,Cloud to Cloud,-13035,13035,8
2026-08-31T11:52:56.565820657Z,6.888428,117.313843,Cloud to Ground,31525,0,9
2026-08-31T11:52:56.676611248Z,6.860878,117.256479,Cloud to Ground,39768,0,7
2026-08-31T11:52:56.747597309Z,6.894503,117.357645,Cloud to Ground,45011,0,14
2026-08-31T11:52:56.488458123Z,5.177407,115.474418,Cloud to Cloud,9023,11086,7
2026-08-31T11:52:56.554517085Z,14.368415,134.431991,Cloud to Cloud,-19415,3016,13
2026-08-31T11:52:58.860035181Z,6.301552,117.866914,Cloud to Ground,-25756,0,7
2026-08-31T11:52:58.106856943Z,22.818012,111.970007,Cloud to Cloud,-10718,3285,7
2026-08-31T11:52:58.109471683Z,22.8231,111.888446,Cloud to Ground,21521,0,9
2026-08-31T11:52:58.880989000Z,5.3843,115.5103,Cloud to Ground,3143,0,5
2026-08-31T11:52:59.217511487Z,5.310182,115.628678,Cloud to Ground,26350,0,7
2026-08-31T11:52:59.343707782Z,5.410194,115.674842,Cloud to Cloud,11936,13826,7
2026-08-31T11:52:59.000533770Z,5.424695,115.686544,Cloud to Ground,18914,0,12
2026-08-31T11:52:59.744890557Z,6.879937,117.118742,Cloud to Cloud,-11704,5650,7
2026-08-31T11:52:59.780943547Z,6.84233,117.493676,Cloud to Cloud,-18164,3013,9
2026-08-31T11:52:59.493176756Z,6.865541,117.416998,Cloud to Cloud,18418,14479,7
2026-08-31T11:52:59.806784937Z,6.824423,117.427308,Cloud to Ground,31681,0,11
2026-08-31T11:52:59.524173827Z,6.753808,117.292907,Cloud to Cloud,8181,17513,6
2026-08-31T11:52:59.604164042Z,6.770507,117.349482,Cloud to Cloud,20311,3032,8
2026-08-31T11:52:59.728472000Z,6.9386,116.973,Cloud to Ground,-10730,0,5
2026-08-31T11:52:59.942947836Z,15.589039,132.635545,Cloud to Ground,-18291,0,7
2026-08-31T11:52:59.648896329Z,15.70769,132.624995,Cloud to Ground,-20842,0,19
2026-08-31T11:52:59.690299000Z,15.6403,132.5187,Cloud to Ground,-14947,0,9
2026-08-31T11:52:59.474481113Z,18.966033,131.621387,Cloud to Cloud,16447,19210,6
2026-08-31T11:52:59.475732807Z,18.861817,131.848346,Cloud to Ground,-16908,0,8
2026-08-31T11:52:59.478471867Z,18.86545,131.851104,Cloud to Ground,-10716,0,14
2026-08-31T11:53:01.249362537Z,6.789281,117.406527,Cloud to Ground,15489,0,6
2026-08-31T11:53:00.987775639Z,6.784142,117.455626,Cloud to Ground,19786,0,12
2026-08-31T11:53:00.868139091Z,6.783311,117.481672,Cloud to Ground,20681,0,13
2026-08-31T11:53:02.087392661Z,3.014452,115.787435,Cloud to Ground,-17745,0,12
2026-08-31T11:53:02.182671784Z,2.97666,115.764123,Cloud to Ground,-15945,0,8
2026-08-31T11:53:01.955255319Z,2.969366,115.731174,Cloud to Ground,18822,0,16
2026-08-31T11:53:01.317047978Z,4.947013,116.849312,Cloud to Cloud,23205,3579,11
2026-08-31T11:53:02.519999955Z,6.795475,117.207051,Cloud to Cloud,-17190,3470,9
2026-08-31T11:53:02.556720743Z,6.913609,117.338161,Cloud to Cloud,-23263,5317,7
2026-08-31T11:53:02.865351619Z,6.788808,117.411688,Cloud to Cloud,-21826,11422,7
2026-08-31T11:53:02.606720247Z,6.858927,117.363115,Cloud to Cloud,-20773,3637,10
2026-08-31T11:53:02.557928995Z,6.770004,117.31497,Cloud to Cloud,-10408,16586,7
2026-08-31T11:53:02.797415502Z,6.852515,117.312016,Cloud to Cloud,8089,3019,7
2026-08-31T11:53:02.367656643Z,6.91888,117.320247,Cloud to Ground,15131,0,10
2026-08-31T11:53:02.657717811Z,6.815955,117.297849,Cloud to Ground,43909,0,14
2026-08-31T11:53:03.619445460Z,5.362986,115.649602,Cloud to Ground,18649,0,7
2026-08-31T11:53:03.535430546Z,5.231522,115.65383,Cloud to Cloud,13935,15925,12
2026-08-31T11:53:03.455919212Z,5.30857,115.565889,Cloud to Cloud,-14894,8564,11
2026-08-31T11:53:03.571175164Z,5.219461,115.51764,Cloud to Ground,-10900,0,6
2026-08-31T11:53:03.689510052Z,5.293865,115.556569,Cloud to Cloud,-7643,18718,7
2026-08-31T11:53:03.275005307Z,5.252547,115.499136,Cloud to Cloud,9573,16614,6
2026-08-31T11:53:04.664461839Z,6.868536,117.397036,Cloud to Cloud,-23116,6847,8
2026-08-31T11:53:04.404263816Z,6.848892,117.380214,Cloud to Cloud,-20255,11494,7
2026-08-31T11:53:05.128131034Z,6.776026,117.380478,Cloud to Cloud,13764,13012,6
2026-08-31T11:53:04.310509140Z,6.756027,117.374458,Cloud to Cloud,14891,7900,7
2026-08-31T11:53:04.660427060Z,6.824014,117.393687,Cloud to Ground,22139,0,8
2026-08-31T11:53:04.901550285Z,6.541485,117.93917,Cloud to Ground,-10773,0,11
2026-08-31T11:53:04.941302837Z,6.640787,118.138085,Cloud to Ground,-28258,0,9
2026-08-31T11:53:05.200498052Z,6.845368,117.27124,Cloud to Cloud,-16802,7931,15
2026-08-31T11:53:05.089581761Z,6.904347,117.185049,Cloud to Cloud,-14507,17262,8
2026-08-31T11:53:05.437496382Z,6.830064,117.236804,Cloud to Cloud,-12695,3051,8
2026-08-31T11:53:05.453621769Z,6.841792,117.19041,Cloud to Cloud,10620,4652,9
2026-08-31T11:53:05.495774500Z,6.821847,117.196762,Cloud to Cloud,13797,5591,13
2026-08-31T11:53:05.030056482Z,4.059187,114.984028,Cloud to Ground,-12323,0,9
2026-08-31T11:53:05.383624448Z,4.059228,114.980711,Cloud to Ground,9109,0,7
2026-08-31T11:53:05.154909380Z,4.058991,114.996768,Cloud to Ground,21897,0,8
2026-08-31T11:53:05.377446905Z,4.058463,114.992897,Cloud to Ground,23477,0,8
2026-08-31T11:53:06.586194363Z,6.147009,117.901404,Cloud to Cloud,-17491,3286,12
2026-08-31T11:53:06.368279107Z,5.346833,115.631283,Cloud to Ground,-12863,0,6
2026-08-31T11:53:07.882351655Z,6.714953,117.364027,Cloud to Ground,19175,0,12
2026-08-31T11:53:08.002613603Z,6.97278,117.311185,Cloud to Ground,62579,0,8
2026-08-31T11:53:08.056706903Z,6.802887,117.325694,Cloud to Ground,-10145,0,7
2026-08-31T11:53:08.237222616Z,6.853064,117.28518,Cloud to Ground,30825,0,10
2026-08-31T11:53:07.947802907Z,6.873938,117.362333,Cloud to Ground,34023,0,16
2026-08-31T11:53:08.284988839Z,6.871959,117.2871,Cloud to Ground,40331,0,7
2026-08-31T11:53:08.169481155Z,6.78949,117.226309,Cloud to Ground,54484,0,8
2026-08-31T11:53:08.224075886Z,14.325068,134.593824,Cloud to Ground,-17029,0,7
2026-08-31T11:53:08.165409704Z,14.350979,134.58462,Cloud to Ground,-15144,0,15
2026-08-31T11:53:08.185373680Z,14.275149,134.568158,Cloud to Ground,-13936,0,8
2026-08-31T11:53:08.098347000Z,14.4123,134.5925,Cloud to Ground,8192,0,5
2026-08-31T11:53:09.554921000Z,6.816063,117.498267,Cloud to Cloud,-9812,13695,7
2026-08-31T11:53:09.665406939Z,6.797765,117.582428,Cloud to Ground,18635,0,7
2026-08-31T11:53:09.917349992Z,15.747684,132.332209,Cloud to Ground,-16745,0,8
2026-08-31T11:53:09.956229416Z,15.741879,132.372247,Cloud to Ground,-11453,0,8
2026-08-31T11:53:09.822533385Z,15.79582,132.147525,Cloud to Ground,24469,0,7
2026-08-31T11:53:10.618049428Z,6.965217,117.374026,Cloud to Cloud,-13162,3001,10
2026-08-31T11:53:10.457191849Z,18.087696,133.250118,Cloud to Ground,-15120,0,8
2026-08-31T11:53:11.857449849Z,5.638223,117.264941,Cloud to Cloud,18260,3109,9
2026-08-31T11:53:11.133564713Z,5.553792,117.200203,Cloud to Cloud,-13847,3022,12
2026-08-31T11:53:12.519188722Z,6.845164,117.399263,Cloud to Cloud,-18465,10349,7
2026-08-31T11:53:12.278600521Z,6.759882,117.453922,Cloud to Ground,8057,0,9
2026-08-31T11:53:12.215690875Z,6.768277,117.403258,Cloud to Ground,15870,0,7
2026-08-31T11:53:11.303020332Z,6.714395,117.337853,Cloud to Ground,16892,0,8
2026-08-31T11:53:12.175139880Z,6.799356,117.411651,Cloud to Cloud,20041,3007,12
2026-08-31T11:53:11.885341398Z,6.690801,117.369251,Cloud to Ground,24729,0,11
2026-08-31T11:53:12.363745281Z,6.174727,117.917415,Cloud to Cloud,12625,3009,7
2026-08-31T11:53:13.245447272Z,6.061391,117.974755,Cloud to Ground,36393,0,14
2026-08-31T11:53:13.595967545Z,6.817945,117.495907,Cloud to Ground,-25836,0,11
2026-08-31T11:53:13.749506194Z,6.875148,117.41764,Cloud to Ground,29267,0,11
2026-08-31T11:53:13.637172636Z,6.811414,117.424179,Cloud to Ground,45770,0,16
2026-08-31T11:53:13.389025704Z,5.206383,115.548993,Cloud to Ground,12530,0,8
2026-08-31T11:53:14.296977723Z,6.845118,117.259426,Cloud to Cloud,11658,10151,8
2026-08-31T11:53:14.567411195Z,6.820218,117.306076,Cloud to Ground,19427,0,9
2026-08-31T11:53:14.357221236Z,6.860515,117.285244,Cloud to Cloud,23668,3004,10
2026-08-31T11:53:14.523167917Z,5.655652,117.236052,Cloud to Cloud,-11066,6554,10
2026-08-31T11:53:14.788878356Z,5.198408,115.590926,Cloud to Cloud,-16324,6888,11
2026-08-31T11:53:14.841816494Z,5.276037,115.573582,Cloud to Cloud,-12302,5638,11
2026-08-31T11:53:14.446354629Z,5.201896,115.575527,Cloud to Ground,11811,0,9
2026-08-31T11:53:14.730676221Z,5.202552,115.590636,Cloud to Ground,12051,0,9
2026-08-31T11:53:15.689802352Z,15.660934,132.602993,Cloud to Ground,-16835,0,8
2026-08-31T11:53:15.296012246Z,18.869528,126.452651,Cloud to Ground,43353,0,8
2026-08-31T11:53:15.412165850Z,18.661781,126.617332,Cloud to Ground,16123,0,8
2026-08-31T11:53:16.152632104Z,6.865892,117.400027,Cloud to Ground,-17443,0,8
2026-08-31T11:53:16.153326869Z,6.83937,117.430756,Cloud to Cloud,-12338,10436,7
2026-08-31T11:53:16.826022921Z,6.908055,117.383775,Cloud to Ground,-12333,0,10
2026-08-31T11:53:17.150773136Z,6.884379,117.371191,Cloud to Cloud,-6970,7700,6
2026-08-31T11:53:15.536162653Z,6.886859,117.436877,Cloud to Cloud,8821,8009,8
2026-08-31T11:53:16.506828892Z,6.828612,117.358939,Cloud to Cloud,12668,10571,11
2026-08-31T11:53:16.766434686Z,6.099632,117.90352,Cloud to Cloud,12715,3134,12
2026-08-31T11:53:16.976858002Z,14.592532,133.707169,Cloud to Ground,-20367,0,12
2026-08-31T11:53:16.769482000Z,14.6678,133.5935,Cloud to Ground,-16384,0,8
2026-08-31T11:53:18.285263909Z,5.262531,115.56219,Cloud to Cloud,-11957,19658,7
2026-08-31T11:53:18.500471475Z,5.526954,117.212134,Cloud to Cloud,9080,18848,7
2026-08-31T11:53:17.668844477Z,6.807171,117.501728,Cloud to Cloud,-25604,18017,8
2026-08-31T11:53:18.507891238Z,6.697652,117.477862,Cloud to Ground,-21950,0,9
2026-08-31T11:53:18.219642940Z,6.789748,117.468657,Cloud to Cloud,-9713,3025,11
2026-08-31T11:53:18.513127360Z,6.752279,117.45385,Cloud to Cloud,-8108,18182,6
2026-08-31T11:53:18.235061607Z,6.707095,117.51371,Cloud to Cloud,7249,4096,7
2026-08-31T11:53:17.812167484Z,6.866671,117.474692,Cloud to Cloud,17250,3131,9
2026-08-31T11:53:18.441682374Z,6.788958,117.624562,Cloud to Cloud,-9557,18156,8
2026-08-31T11:53:18.063218595Z,18.98552,113.98811,Cloud to Ground,-10326,0,9
2026-08-31T11:53:19.406487431Z,6.928438,117.224644,Cloud to Cloud,-15691,3156,8
2026-08-31T11:53:19.346865724Z,6.934494,117.272707,Cloud to Ground,-9117,0,10
2026-08-31T11:53:19.290837670Z,6.712115,117.378432,Cloud to Ground,17059,0,9
2026-08-31T11:53:20.970894360Z,6.862764,117.462238,Cloud to Cloud,13895,6657,12
2026-08-31T11:53:27.906952948Z,6.838171,117.464618,Cloud to Cloud,9043,3183,9
2026-08-31T11:53:27.644755677Z,6.894109,117.461817,Cloud to Cloud,10670,14371,7
2026-08-31T11:53:27.762213338Z,6.888369,117.419945,Cloud to Cloud,11583,13370,7
2026-08-31T11:53:28.023492829Z,6.806935,117.495444,Cloud to Cloud,12250,9545,9
2026-08-31T11:53:27.829402433Z,6.812873,117.501894,Cloud to Ground,18727,0,7
2026-08-31T11:53:27.930209520Z,6.904046,117.457072,Cloud to Ground,20484,0,11
2026-08-31T11:53:27.415378041Z,5.685644,117.280974,Cloud to Cloud,-10992,3584,9
2026-08-31T11:53:27.244990763Z,15.661569,132.624129,Cloud to Ground,-12677,0,9
2026-08-31T11:53:28.916541113Z,6.90224,117.362549,Cloud to Cloud,12535,3129,7
2026-08-31T11:53:28.262597586Z,6.873677,117.303954,Cloud to Ground,58001,0,16
2026-08-31T11:53:28.327177844Z,6.81354,117.978909,Cloud to Cloud,-14923,3005,8
2026-08-31T11:53:28.306142000Z,6.8343,117.9588,Cloud to Ground,3620,0,5
2026-08-31T11:53:28.304209060Z,6.807643,117.929444,Cloud to Ground,20052,0,13
2026-08-31T11:53:28.676889059Z,4.056283,115.024052,Cloud to Ground,12959,0,6
2026-08-31T11:53:29.121885756Z,5.615196,117.262425,Cloud to Ground,20561,0,13
2026-08-31T11:53:29.216082325Z,5.700276,117.201982,Cloud to Ground,11777,0,9
2026-08-31T11:53:29.287028400Z,5.20412,115.5778,Cloud to Ground,-11868,0,7
2026-08-31T11:53:29.232644529Z,5.445995,115.663204,Cloud to Ground,29017,0,11
2026-08-31T11:53:29.400574549Z,5.327825,115.633575,Cloud to Ground,31207,0,7
2026-08-31T11:53:29.461384338Z,22.444803,112.525577,Cloud to Cloud,10930,3013,8
2026-08-31T11:53:29.270675245Z,22.428844,112.82081,Cloud to Ground,-71596,0,18
2026-08-31T11:53:29.341074993Z,22.447811,112.627382,Cloud to Ground,45593,0,13
2026-08-31T11:53:29.625436000Z,22.5592,112.8643,Cloud to Ground,-10063,0,6
2026-08-31T11:53:29.262648935Z,22.63588,113.428765,Cloud to Ground,49795,0,9
2026-08-31T11:53:30.219680607Z,12.570656,121.857487,Cloud to Cloud,5042,16056,6
2026-08-31T11:53:31.437574808Z,6.682966,117.374416,Cloud to Cloud,13982,3499,13
2026-08-31T11:53:31.174005164Z,5.234322,115.550336,Cloud to Cloud,17390,3097,10
2026-08-31T11:53:31.448195849Z,6.893374,117.264813,Cloud to Cloud,-11774,11972,7
2026-08-31T11:53:32.773817189Z,2.903855,115.70343,Cloud to Ground,20450,0,12
2026-08-31T11:53:32.451663000Z,6.8118,117.503,Cloud to Ground,12984,0,5
2026-08-31T11:53:33.500792117Z,5.270535,115.620816,Cloud to Ground,-19125,0,19
2026-08-31T11:53:33.628045770Z,14.331961,134.583241,Cloud to Ground,-16792,0,9
2026-08-31T11:53:35.090593129Z,5.195079,115.504992,Cloud to Cloud,10413,19570,7
2026-08-31T11:53:35.430377088Z,6.875639,117.376777,Cloud to Cloud,-11855,3349,7
2026-08-31T11:53:35.332393267Z,6.835208,117.366156,Cloud to Cloud,-11238,7731,9
2026-08-31T11:53:35.616934077Z,6.814812,117.405716,Cloud to Ground,24598,0,13
2026-08-31T11:53:35.889567448Z,9.792807,119.299575,Cloud to Cloud,9188,17167,7
2026-08-31T11:53:35.058955170Z,15.675862,132.633511,Cloud to Ground,-10691,0,11
2026-08-31T11:53:36.698385943Z,6.749908,117.330324,Cloud to Cloud,-17293,3059,12
2026-08-31T11:53:36.622968372Z,6.776979,117.328737,Cloud to Ground,12485,0,8
2026-08-31T11:53:36.905719357Z,6.781831,117.326997,Cloud to Ground,15857,0,9
2026-08-31T11:53:37.395414570Z,6.299961,117.976307,Cloud to Ground,-37047,0,24
2026-08-31T11:53:38.012648873Z,6.134214,117.833876,Cloud to Ground,21579,0,9
2026-08-31T11:53:37.687226930Z,6.142809,117.847083,Cloud to Ground,25110,0,8
2026-08-31T11:53:37.316786520Z,6.170056,117.947857,Cloud to Ground,26108,0,18
2026-08-31T11:53:37.357100031Z,6.152827,117.858616,Cloud to Ground,33318,0,10
2026-08-31T11:53:37.534867642Z,6.168895,117.934042,Cloud to Ground,33775,0,13
2026-08-31T11:53:37.490455722Z,6.168827,117.932084,Cloud to Ground,43648,0,13
2026-08-31T11:53:37.584424369Z,6.160803,117.893666,Cloud to Ground,44944,0,17
2026-08-31T11:53:37.854723327Z,5.326302,115.521927,Cloud to Ground,-12319,0,8
2026-08-31T11:53:37.174806479Z,6.818771,117.467087,Cloud to Ground,14228,0,11
2026-08-31T11:53:37.148840471Z,6.828131,117.448086,Cloud to Ground,15273,0,8
2026-08-31T11:53:37.437096518Z,6.12991,117.695087,Cloud to Ground,53445,0,14
2026-08-31T11:53:37.316399000Z,5.3063,117.5543,Cloud to Ground,27264,0,7
2026-08-31T11:53:39.092253188Z,6.960681,117.337333,Cloud to Ground,21058,0,8
2026-08-31T11:53:39.036276399Z,6.98962,117.345538,Cloud to Ground,36361,0,7
2026-08-31T11:53:38.964073047Z,6.969693,117.326808,Cloud to Ground,78587,0,9
2026-08-31T11:53:38.714081041Z,5.1062,115.526772,Cloud to Ground,15959,0,10
2026-08-31T11:53:38.061141367Z,5.515932,117.14748,Cloud to Cloud,-14457,4929,7
2026-08-31T11:53:39.540871435Z,6.757907,117.26715,Cloud to Ground,-15392,0,6
2026-08-31T11:53:39.852664870Z,6.71646,117.395604,Cloud to Cloud,-12803,5833,7
2026-08-31T11:53:39.538968559Z,6.760816,117.380643,Cloud to Cloud,-11505,6931,6
2026-08-31T11:53:39.462674302Z,6.845987,117.278941,Cloud to Ground,9700,0,7
2026-08-31T11:53:39.964907214Z,6.840582,117.277659,Cloud to Ground,12701,0,7
2026-08-31T11:53:39.507827527Z,6.846441,117.281251,Cloud to Cloud,13819,15718,7
2026-08-31T11:53:39.689008143Z,6.761199,117.29273,Cloud to Ground,16265,0,12
2026-08-31T11:53:39.421772446Z,6.752516,117.377301,Cloud to Cloud,16456,3162,6
2026-08-31T11:53:39.850952264Z,6.841732,117.284326,Cloud to Ground,18569,0,8
2026-08-31T11:53:39.092785381Z,6.810683,117.409357,Cloud to Ground,23104,0,9
2026-08-31T11:53:39.295600887Z,6.842928,117.287866,Cloud to Ground,42794,0,7
2026-08-31T11:53:39.750161193Z,6.83606,117.253629,Cloud to Ground,46512,0,7
2026-08-31T11:53:40.231881494Z,18.940366,119.016791,Cloud to Ground,-34471,0,8
2026-08-31T11:53:41.523229711Z,6.881132,117.43212,Cloud to Cloud,-16189,13578,10
2026-08-31T11:53:41.646979285Z,6.770207,117.381345,Cloud to Ground,18116,0,8
2026-08-31T11:53:41.617283000Z,6.7593,117.4648,Cloud to Ground,43850,0,5
2026-08-31T11:53:41.963622405Z,6.62186,117.130411,Cloud to Cloud,5700,17192,7
2026-08-31T11:53:42.772810225Z,6.803965,117.220782,Cloud to Ground,23412,0,9
2026-08-31T11:53:42.857987424Z,6.794012,117.413572,Cloud to Cloud,-17706,6453,11
2026-08-31T11:53:42.486456482Z,6.861111,117.317272,Cloud to Cloud,-14462,6537,10
2026-08-31T11:53:43.074183893Z,6.933769,117.283271,Cloud to Ground,17563,0,7
2026-08-31T11:53:43.404365294Z,19.429992,119.362753,Cloud to Cloud,6808,5179,6
2026-08-31T11:53:44.963368240Z,15.646989,132.390454,Cloud to Ground,-27701,0,10
2026-08-31T11:53:44.655099764Z,18.904172,119.120799,Cloud to Ground,-21866,0,10
2026-08-31T11:53:44.730019000Z,18.9854,119.09,Cloud to Ground,-19644,0,5
2026-08-31T11:53:45.411598000Z,15.7204,132.5178,Cloud to Ground,28434,0,7
2026-08-31T11:53:45.059932656Z,15.749889,132.3954,Cloud to Ground,20381,0,8
2026-08-31T11:53:45.190736000Z,15.7653,132.3962,Cloud to Ground,49001,0,10
2026-08-31T11:53:46.854050547Z,6.921564,117.333297,Cloud to Ground,-8715,0,7
2026-08-31T11:53:46.093460040Z,5.288216,115.546387,Cloud to Ground,-14349,0,18
2026-08-31T11:53:47.471096797Z,5.032255,116.898142,Cloud to Ground,21086,0,8
2026-08-31T11:53:47.627851189Z,4.955232,116.845932,Cloud to Ground,21454,0,8
2026-08-31T11:53:47.794051157Z,4.952704,116.835279,Cloud to Ground,33242,0,9
2026-08-31T11:53:47.250160563Z,6.845829,117.254547,Cloud to Cloud,11392,5985,6
2026-08-31T11:53:48.049023713Z,6.93367,117.142762,Cloud to Cloud,-13067,13600,7
2026-08-31T11:53:47.708357453Z,6.987691,117.192763,Cloud to Cloud,18555,17923,7
2026-08-31T11:53:47.751525166Z,6.986223,117.179964,Cloud to Ground,20022,0,9
2026-08-31T11:53:47.874098861Z,6.854927,117.113076,Cloud to Ground,30179,0,8
2026-08-31T11:53:48.909000053Z,6.955886,117.339123,Cloud to Cloud,-16940,10572,12
2026-08-31T11:53:48.621599290Z,6.760897,117.511506,Cloud to Cloud,-13102,13436,7
2026-08-31T11:53:48.787633937Z,6.784938,117.544313,Cloud to Ground,12044,0,8
2026-08-31T11:53:49.284021024Z,6.787863,117.547062,Cloud to Ground,17136,0,9
2026-08-31T11:53:48.878751212Z,6.74763,117.54254,Cloud to Ground,18147,0,11
2026-08-31T11:53:48.529778478Z,6.786071,117.532921,Cloud to Ground,35949,0,9
2026-08-31T11:53:48.402368403Z,6.789146,117.56492,Cloud to Ground,54224,0,18
2026-08-31T11:53:48.622593182Z,6.835671,117.594727,Cloud to Ground,54492,0,7
2026-08-31T11:53:49.448017269Z,6.581418,117.995573,Cloud to Ground,27347,0,10
2026-08-31T11:53:49.681563926Z,6.658527,117.941924,Cloud to Ground,27522,0,20
2026-08-31T11:53:49.512623248Z,6.570647,117.950515,Cloud to Ground,30254,0,13
2026-08-31T11:53:49.565738135Z,6.885661,117.587934,Cloud to Ground,19612,0,8
2026-08-31T11:53:49.725202292Z,15.670736,132.654915,Cloud to Ground,-14264,0,10
2026-08-31T11:53:49.919736758Z,15.658331,132.592109,Cloud to Ground,24784,0,11
2026-08-31T11:53:49.960127449Z,15.589497,132.616296,Cloud to Ground,35011,0,7
2026-08-31T11:53:50.689687890Z,5.272793,115.546386,Cloud to Ground,-23273,0,28
2026-08-31T11:53:50.366650798Z,5.206924,115.544763,Cloud to Cloud,14253,14894,7
2026-08-31T11:53:50.834185000Z,6.154815,117.92217,Cloud to Ground,42652,0,7
2026-08-31T11:53:50.898106750Z,6.036511,117.875452,Cloud to Ground,8928,0,8
2026-08-31T11:53:49.506668378Z,6.863594,117.431219,Cloud to Ground,25075,0,10
2026-08-31T11:53:50.071022807Z,6.848694,117.348148,Cloud to Ground,36195,0,16
2026-08-31T11:53:51.420514240Z,4.209273,115.026393,Cloud to Ground,-15610,0,16
2026-08-31T11:53:51.700169322Z,4.134161,114.959505,Cloud to Cloud,15511,9227,7
2026-08-31T11:53:51.329838816Z,4.158645,115.00171,Cloud to Ground,20784,0,16
2026-08-31T11:53:51.662432695Z,4.048653,114.91944,Cloud to Ground,24946,0,9
2026-08-31T11:53:51.563121321Z,4.119161,115.070808,Cloud to Cloud,25766,3546,23
2026-08-31T11:53:51.911596887Z,4.050926,114.967235,Cloud to Ground,49857,0,16
2026-08-31T11:53:51.088282980Z,6.786553,117.433807,Cloud to Ground,-16375,0,6
2026-08-31T11:53:52.759929270Z,6.960694,116.734678,Cloud to Ground,-24556,0,14
2026-08-31T11:53:53.015555387Z,7.05328,116.717369,Cloud to Ground,17067,0,9
2026-08-31T11:53:52.785699145Z,6.937516,116.684213,Cloud to Ground,22445,0,7
2026-08-31T11:53:52.865669068Z,6.975437,116.710474,Cloud to Ground,34593,0,9
2026-08-31T11:53:52.927462483Z,6.961684,116.755525,Cloud to Ground,35921,0,11
2026-08-31T11:53:52.651339000Z,22.331,111.9118,Cloud to Ground,-35393,0,6
2026-08-31T11:53:53.183077427Z,6.922692,117.114208,Cloud to Ground,-14863,0,6
2026-08-31T11:53:53.757771792Z,14.250589,134.440531,Cloud to Ground,15967,0,8
2026-08-31T11:53:54.384376000Z,14.3768,134.4304,Cloud to Ground,-11061,0,7
2026-08-31T11:53:53.754513713Z,14.334228,134.364701,Cloud to Ground,18814,0,8
2026-08-31T11:53:54.585158715Z,6.871717,117.227331,Cloud to Cloud,25478,15974,7
2026-08-31T11:53:54.263675364Z,14.438692,134.55141,Cloud to Ground,-37392,0,25
2026-08-31T11:53:54.410679109Z,14.327607,134.532785,Cloud to Ground,-14251,0,9
2026-08-31T11:53:55.519998639Z,6.656737,117.363952,Cloud to Ground,24324,0,12
2026-08-31T11:53:55.985404396Z,6.769595,117.433892,Cloud to Cloud,-9956,6575,7
2026-08-31T11:53:56.537380375Z,6.055271,117.94241,Cloud to Ground,47047,0,10
2026-08-31T11:53:56.157639966Z,6.862132,117.492659,Cloud to Ground,21313,0,8
2026-08-31T11:53:57.909790714Z,15.577933,132.525973,Cloud to Ground,-11301,0,10
2026-08-31T11:53:59.006725109Z,6.904983,117.498896,Cloud to Ground,26074,0,11
2026-08-31T11:53:58.518861011Z,6.824131,117.499308,Cloud to Ground,32661,0,19
2026-08-31T11:53:58.882597000Z,6.893,117.2548,Cloud to Ground,58722,0,5
2026-08-31T11:53:58.476647366Z,6.294041,118.004862,Cloud to Ground,-29020,0,13
2026-08-31T11:53:58.617402018Z,6.132875,117.868192,Cloud to Ground,-20249,0,8
2026-08-31T11:53:58.610423531Z,6.187638,117.904285,Cloud to Cloud,-9497,3327,9
2026-08-31T11:53:57.930722000Z,6.2538,117.8974,Cloud to Ground,13655,0,7
2026-08-31T11:53:59.113143096Z,6.749345,117.433983,Cloud to Ground,-18675,0,7
2026-08-31T11:53:58.539622851Z,6.797417,117.371916,Cloud to Cloud,14338,6492,6
2026-08-31T11:53:59.358431174Z,18.019898,133.305452,Cloud to Cloud,-24368,3109,10
2026-08-31T11:53:59.556138560Z,18.129611,133.222778,Cloud to Cloud,-14571,3015,8
2026-08-31T11:54:00.049501046Z,6.792563,117.452908,Cloud to Cloud,-8315,5951,7
2026-08-31T11:54:00.846956832Z,6.754513,117.388721,Cloud to Ground,-12558,0,6
2026-08-31T11:54:01.150700031Z,6.818622,117.429516,Cloud to Cloud,-12523,3943,9
2026-08-31T11:54:00.806664530Z,6.714943,117.387318,Cloud to Cloud,8473,4929,8
2026-08-31T11:54:00.858005663Z,6.863981,117.457656,Cloud to Cloud,23216,11307,7
2026-08-31T11:54:00.878315745Z,6.782315,117.432073,Cloud to Ground,24887,0,8
2026-08-31T11:54:00.621403569Z,14.644096,133.759874,Cloud to Ground,19478,0,11
2026-08-31T11:54:01.055992896Z,6.836707,117.562627,Cloud to Cloud,12060,3027,10
2026-08-31T11:54:02.413507518Z,6.747497,117.360924,Cloud to Ground,23419,0,11
2026-08-31T11:54:02.446217507Z,6.729105,117.385429,Cloud to Ground,23972,0,12
2026-08-31T11:54:02.545256894Z,6.901133,117.418651,Cloud to Cloud,20581,3010,7
2026-08-31T11:54:03.464782121Z,6.882555,117.379937,Cloud to Cloud,12394,13572,6
2026-08-31T11:54:04.225622841Z,6.108046,117.898197,Cloud to Ground,22663,0,9
2026-08-31T11:54:04.325972097Z,6.119173,117.910119,Cloud to Ground,25146,0,12
2026-08-31T11:54:05.041417273Z,5.19056,115.572327,Cloud to Cloud,9991,15443,7
2026-08-31T11:54:04.827775240Z,5.187529,115.576875,Cloud to Cloud,11578,3293,7
2026-08-31T11:54:05.031674455Z,6.826,117.505931,Cloud to Ground,25126,0,7
2026-08-31T11:54:05.241818877Z,6.83186,117.303129,Cloud to Cloud,-11013,18101,8
2026-08-31T11:54:05.554514808Z,6.912147,117.31097,Cloud to Cloud,8708,5921,6
2026-08-31T11:54:06.233414686Z,6.197225,117.94035,Cloud to Ground,-9062,0,7
2026-08-31T11:54:06.308335404Z,6.171087,117.862484,Cloud to Ground,17374,0,7
2026-08-31T11:54:06.729414023Z,5.261456,115.553338,Cloud to Ground,-11343,0,7
2026-08-31T11:54:06.569224438Z,5.267007,115.534948,Cloud to Ground,-10753,0,5
2026-08-31T11:54:07.509438620Z,6.658695,117.381499,Cloud to Ground,21969,0,12
2026-08-31T11:54:07.870093236Z,18.749992,126.967804,Cloud to Ground,-17271,0,8
2026-08-31T11:54:07.867337790Z,18.676385,126.970645,Cloud to Ground,24291,0,9
2026-08-31T11:54:07.368312043Z,6.843102,117.361674,Cloud to Cloud,-16675,3105,7
2026-08-31T11:54:08.038493375Z,6.795315,117.376498,Cloud to Cloud,-10057,3200,8
2026-08-31T11:54:07.787790118Z,6.783479,117.403989,Cloud to Cloud,10394,3066,7
2026-08-31T11:54:07.917312659Z,6.76032,117.386486,Cloud to Cloud,10862,3005,8
2026-08-31T11:54:08.127309344Z,6.797052,117.430624,Cloud to Cloud,13147,16453,6
2026-08-31T11:54:07.971961939Z,6.764759,117.420154,Cloud to Ground,17919,0,8
2026-08-31T11:54:07.393727035Z,6.733945,117.458846,Cloud to Cloud,19294,14928,7
2026-08-31T11:54:08.116902511Z,6.824757,117.343129,Cloud to Ground,46652,0,10
2026-08-31T11:54:10.825835157Z,5.209425,115.557119,Cloud to Cloud,-8361,5090,7
2026-08-31T11:54:10.644789806Z,7.008975,117.331903,Cloud to Ground,28042,0,7
2026-08-31T11:54:10.548561283Z,6.787358,117.287681,Cloud to Cloud,-21034,5673,12
2026-08-31T11:54:10.300311523Z,6.919571,117.281737,Cloud to Cloud,-16870,12740,11
2026-08-31T11:54:09.890371097Z,6.919351,117.233395,Cloud to Ground,-11832,0,7
2026-08-31T11:54:10.596475850Z,6.871662,117.279839,Cloud to Cloud,11492,6181,7
2026-08-31T11:54:11.179573206Z,6.774496,117.262604,Cloud to Cloud,18012,4883,7
2026-08-31T11:54:10.070634434Z,6.810322,117.217514,Cloud to Cloud,18188,12816,9
2026-08-31T11:54:11.033930661Z,6.938511,117.257028,Cloud to Ground,20246,0,7
2026-08-31T11:54:10.548104544Z,6.898378,117.262218,Cloud to Ground,37621,0,9
2026-08-31T11:54:10.224517987Z,6.791296,117.256226,Cloud to Ground,46403,0,8
2026-08-31T11:54:10.449666900Z,14.07933,134.804967,Cloud to Ground,22964,0,17
2026-08-31T11:54:10.451844000Z,14.2097,134.6945,Cloud to Ground,32032,0,7
2026-08-31T11:54:10.688844114Z,5.300098,115.620035,Cloud to Ground,-13778,0,8
2026-08-31T11:54:11.396975000Z,5.4191,115.6782,Cloud to Ground,-8329,0,6
2026-08-31T11:54:11.228763000Z,5.3133,115.6406,Cloud to Ground,-7146,0,6
2026-08-31T11:54:11.022988984Z,5.415942,115.674348,Cloud to Ground,17073,0,12
2026-08-31T11:54:11.152557780Z,5.41627,115.665743,Cloud to Ground,19623,0,12
2026-08-31T11:54:11.119427366Z,5.332854,115.641465,Cloud to Ground,24252,0,9
2026-08-31T11:54:11.437127567Z,6.928426,117.375284,Cloud to Cloud,-6915,11012,6
2026-08-31T11:54:13.059033070Z,6.784461,117.542922,Cloud to Cloud,14341,3039,7
2026-08-31T11:54:13.291475950Z,6.915779,117.145362,Cloud to Cloud,9367,14470,7
2026-08-31T11:54:13.371832432Z,6.9044,117.144559,Cloud to Cloud,11776,4225,7
2026-08-31T11:54:13.311348905Z,6.724231,117.438564,Cloud to Cloud,-15437,19870,7
2026-08-31T11:54:14.986391813Z,6.887668,117.592427,Cloud to Cloud,-14356,4479,10
2026-08-31T11:54:14.083360000Z,15.7554,132.3667,Cloud to Ground,-7093,0,8
2026-08-31T11:54:15.034826672Z,6.045409,117.929245,Cloud to Ground,21012,0,7
2026-08-31T11:54:15.845419603Z,5.25733,115.53749,Cloud to Ground,14938,0,8
2026-08-31T11:54:15.544386547Z,5.246414,115.531609,Cloud to Ground,18318,0,6
2026-08-31T11:54:16.882352826Z,6.880909,117.382141,Cloud to Cloud,-15072,5749,9
2026-08-31T11:54:16.185439873Z,6.853387,117.320219,Cloud to Cloud,6322,4010,7
2026-08-31T11:54:16.492350252Z,14.338572,134.601676,Cloud to Ground,-12512,0,12
2026-08-31T11:54:16.578005904Z,14.33756,134.592908,Cloud to Ground,-9455,0,6
2026-08-31T11:54:16.710223192Z,6.898974,117.552908,Cloud to Cloud,13259,3325,7
2026-08-31T11:54:17.058017885Z,6.903077,117.478426,Cloud to Ground,34605,0,9
2026-08-31T11:54:17.393480043Z,6.591862,117.97858,Cloud to Ground,22309,0,10
2026-08-31T11:54:17.232605048Z,6.599024,117.929309,Cloud to Ground,29926,0,7
2026-08-31T11:54:17.615726490Z,15.598124,132.648827,Cloud to Ground,-43504,0,15
2026-08-31T11:54:17.989014661Z,20.782729,121.004653,Cloud to Ground,-77839,0,12
2026-08-31T11:54:18.229350441Z,5.313556,115.577638,Cloud to Cloud,-11752,3002,11
2026-08-31T11:54:18.255742128Z,5.2736,115.564329,Cloud to Cloud,24364,3009,7
2026-08-31T11:54:19.369701499Z,6.831951,117.476269,Cloud to Ground,-29467,0,10
2026-08-31T11:54:19.345102005Z,6.799802,117.390615,Cloud to Ground,21043,0,10
2026-08-31T11:54:19.663327000Z,6.8394,117.5654,Cloud to Ground,38421,0,5
2026-08-31T11:54:19.308310618Z,6.803148,117.396193,Cloud to Ground,43574,0,20
2026-08-31T11:54:19.708888023Z,5.280854,115.574491,Cloud to Cloud,10774,6092,8
2026-08-31T11:54:19.193876059Z,14.295026,134.168964,Cloud to Ground,15198,0,10
2026-08-31T11:54:20.266800551Z,6.818768,117.293922,Cloud to Ground,11838,0,6
2026-08-31T11:54:20.296617960Z,6.916384,117.334402,Cloud to Ground,14045,0,7
2026-08-31T11:54:19.433164320Z,6.90053,117.351618,Cloud to Ground,23190,0,12
2026-08-31T11:54:20.459694442Z,6.820061,117.307114,Cloud to Ground,29635,0,9
2026-08-31T11:54:20.198981896Z,6.832043,117.343902,Cloud to Ground,48538,0,16
2026-08-31T11:54:20.128198753Z,6.837997,117.335986,Cloud to Ground,59324,0,14
2026-08-31T11:54:21.106484326Z,6.175902,117.865879,Cloud to Ground,-21843,0,14
2026-08-31T11:54:22.816570827Z,6.845291,117.362185,Cloud to Ground,21141,0,7
2026-08-31T11:54:21.947420606Z,5.261361,115.555124,Cloud to Ground,-16937,0,11
2026-08-31T11:54:22.286936465Z,5.19672,115.584613,Cloud to Ground,-10353,0,7
2026-08-31T11:54:22.618760263Z,5.250844,115.550674,Cloud to Ground,24916,0,11
2026-08-31T11:54:22.224855966Z,22.555066,112.384518,Cloud to Ground,15337,0,12
2026-08-31T11:54:23.145796423Z,6.857935,117.188547,Cloud to Cloud,-17367,3006,7
2026-08-31T11:54:23.094682449Z,6.260505,117.85245,Cloud to Ground,26247,0,9
2026-08-31T11:54:23.034954464Z,6.263449,117.861389,Cloud to Ground,30989,0,7
2026-08-31T11:54:23.949383742Z,6.691085,117.390648,Cloud to Ground,18993,0,7
2026-08-31T11:54:23.934944128Z,6.752005,117.406634,Cloud to Cloud,19232,19682,6
2026-08-31T11:54:23.093435939Z,6.08726,117.717024,Cloud to Cloud,-7416,7216,7
2026-08-31T11:54:25.125607208Z,5.582407,117.220684,Cloud to Cloud,-9480,5248,6
2026-08-31T11:54:25.448362619Z,5.601739,117.275064,Cloud to Ground,23085,0,14
2026-08-31T11:54:25.322805899Z,5.600466,117.277347,Cloud to Ground,29938,0,13
2026-08-31T11:54:25.178064143Z,15.576907,132.664497,Cloud to Ground,36340,0,14
2026-08-31T11:54:26.782744597Z,6.861443,117.382826,Cloud to Cloud,-12968,3054,6
2026-08-31T11:54:26.784727383Z,6.776733,117.44121,Cloud to Ground,24203,0,10
2026-08-31T11:54:26.526006118Z,6.799462,117.414953,Cloud to Ground,29545,0,10
2026-08-31T11:54:26.874347898Z,6.774878,117.469562,Cloud to Ground,35535,0,15
2026-08-31T11:54:26.072124832Z,5.605246,117.167345,Cloud to Cloud,14911,18472,7
2026-08-31T11:54:27.824190374Z,22.457982,112.587052,Cloud to Cloud,-15016,3026,10
2026-08-31T11:54:27.675631159Z,22.417707,112.836778,Cloud to Ground,-36662,0,16
2026-08-31T11:54:27.949689156Z,22.342186,112.815144,Cloud to Ground,13757,0,11
2026-08-31T11:54:27.821664758Z,22.448637,112.808294,Cloud to Ground,20384,0,17
2026-08-31T11:54:27.746160000Z,22.5527,112.7905,Cloud to Ground,29370,0,10
2026-08-31T11:54:30.270227955Z,5.370264,115.644699,Cloud to Cloud,9207,17219,7
2026-08-31T11:54:30.812054111Z,5.330744,115.547395,Cloud to Cloud,9525,14743,7
2026-08-31T11:54:30.284810345Z,5.317589,115.576676,Cloud to Cloud,13442,17586,7
2026-08-31T11:54:29.523304723Z,5.329069,115.656061,Cloud to Ground,15441,0,13
2026-08-31T11:54:30.154069851Z,5.247335,115.581876,Cloud to Ground,27268,0,12
2026-08-31T11:54:30.601674242Z,5.247402,115.561466,Cloud to Ground,28199,0,16
2026-08-31T11:54:29.522696926Z,5.332147,115.569557,Cloud to Ground,31832,0,21
2026-08-31T11:54:29.429603056Z,14.354965,134.612489,Cloud to Ground,-14189,0,7
2026-08-31T11:54:29.243893790Z,14.250076,134.614379,Cloud to Ground,17549,0,12
2026-08-31T11:54:29.937940219Z,18.881465,126.682424,Cloud to Cloud,24204,6760,11
2026-08-31T11:54:31.911163747Z,5.611414,117.123742,Cloud to Cloud,-12489,4855,6
2026-08-31T11:54:32.553859789Z,6.780883,117.313759,Cloud to Cloud,-28638,3466,11
2026-08-31T11:54:33.019430759Z,6.80005,117.495272,Cloud to Ground,18420,0,10
2026-08-31T11:54:33.328406334Z,5.221041,115.592611,Cloud to Ground,55611,0,14
2026-08-31T11:54:34.402036445Z,6.809843,117.655388,Cloud to Cloud,16033,16695,6
2026-08-31T11:54:34.289097724Z,6.488816,118.110323,Cloud to Cloud,20608,9933,11
2026-08-31T11:54:34.441011283Z,9.821815,119.566076,Cloud to Cloud,15422,6322,6
2026-08-31T11:54:35.105306950Z,6.130791,117.914868,Cloud to Ground,-65482,0,18
2026-08-31T11:54:35.438115147Z,6.190033,117.841,Cloud to Cloud,16809,3192,8
2026-08-31T11:54:35.828233176Z,6.109407,117.826809,Cloud to Ground,18049,0,9
2026-08-31T11:54:35.159374986Z,6.183693,117.826535,Cloud to Ground,19978,0,7
2026-08-31T11:54:35.399089867Z,6.120516,117.896817,Cloud to Ground,28995,0,11
2026-08-31T11:54:35.619927467Z,6.120743,117.866502,Cloud to Ground,39448,0,15
2026-08-31T11:54:35.352836749Z,6.118958,117.849518,Cloud to Ground,40604,0,15
2026-08-31T11:54:35.294782949Z,6.115252,117.83553,Cloud to Ground,96133,0,11
2026-08-31T11:54:35.636527427Z,6.977978,117.236963,Cloud to Cloud,-23249,3639,10
2026-08-31T11:54:35.603943955Z,6.893553,117.170297,Cloud to Ground,22063,0,8
2026-08-31T11:54:35.373556621Z,2.911252,115.71051,Cloud to Ground,21479,0,8
2026-08-31T11:54:36.511162155Z,6.882104,117.386151,Cloud to Ground,-22254,0,14
2026-08-31T11:54:36.331226559Z,6.928988,117.315985,Cloud to Ground,-21174,0,8
2026-08-31T11:54:36.121270425Z,6.807014,117.462748,Cloud to Ground,-19266,0,6
2026-08-31T11:54:36.081240140Z,6.841291,117.344242,Cloud to Cloud,-18810,3032,10
2026-08-31T11:54:35.748727113Z,6.758973,117.315505,Cloud to Cloud,19019,18798,6
2026-08-31T11:54:37.158561603Z,6.712535,117.346619,Cloud to Ground,20751,0,9
2026-08-31T11:54:36.164613359Z,6.823381,117.459379,Cloud to Ground,20859,0,9
2026-08-31T11:54:37.054808995Z,6.713953,117.344935,Cloud to Cloud,22271,5637,7
2026-08-31T11:54:36.370555373Z,6.758607,117.428267,Cloud to Ground,23266,0,11
2026-08-31T11:54:37.076685158Z,6.812534,117.388799,Cloud to Ground,24542,0,11
2026-08-31T11:54:36.576426489Z,6.73688,117.419735,Cloud to Ground,28293,0,14
2026-08-31T11:54:36.757222272Z,6.736557,117.432009,Cloud to Ground,29901,0,12
2026-08-31T11:54:36.012150638Z,6.776585,117.458907,Cloud to Ground,35131,0,8
2026-08-31T11:54:36.081793832Z,6.779993,117.53411,Cloud to Ground,48628,0,13
2026-08-31T11:54:36.462242568Z,6.738872,117.452483,Cloud to Ground,203134,0,18
2026-08-31T11:54:36.985973067Z,5.301551,115.590787,Cloud to Ground,-15093,0,8
2026-08-31T11:54:38.582567320Z,5.217685,115.611803,Cloud to Ground,18279,0,8
2026-08-31T11:54:38.583472685Z,5.188194,115.612756,Cloud to Cloud,21932,16740,10
2026-08-31T11:54:38.244706959Z,6.755261,117.412401,Cloud to Ground,32074,0,9
2026-08-31T11:54:38.067481282Z,15.653164,132.335185,Cloud to Ground,-13119,0,8
2026-08-31T11:54:38.026189000Z,15.7561,132.1898,Cloud to Ground,5630,0,5
2026-08-31T11:54:38.674640405Z,6.64032,117.251779,Cloud to Cloud,10594,12357,7
2026-08-31T11:54:39.164045034Z,6.641997,117.337627,Cloud to Ground,35239,0,14
2026-08-31T11:54:39.185392549Z,6.79141,117.288054,Cloud to Cloud,20137,3788,12
2026-08-31T11:54:39.823011000Z,3.0993,115.0023,Cloud to Ground,-29996,0,11
2026-08-31T11:54:39.925139364Z,3.04367,115.019116,Cloud to Ground,22125,0,8
2026-08-31T11:54:39.735053284Z,3.038876,115.061177,Cloud to Ground,24519,0,15
2026-08-31T11:54:39.569333849Z,18.840111,118.885305,Cloud to Cloud,-39818,3530,12
2026-08-31T11:54:39.678616446Z,5.615153,117.151336,Cloud to Cloud,-16436,10070,7
2026-08-31T11:54:40.535638313Z,5.588491,117.219563,Cloud to Ground,-12301,0,6
2026-08-31T11:54:39.899074512Z,5.67234,117.19735,Cloud to Ground,13402,0,13
2026-08-31T11:54:39.778205759Z,5.561274,117.149078,Cloud to Ground,16606,0,7
2026-08-31T11:54:40.306475666Z,5.581138,117.162827,Cloud to Ground,18230,0,7
2026-08-31T11:54:40.290065428Z,5.57975,117.174728,Cloud to Ground,18256,0,8
2026-08-31T11:54:39.958923558Z,5.57456,117.201146,Cloud to Ground,19768,0,13
2026-08-31T11:54:40.113840321Z,5.582627,117.178268,Cloud to Ground,20598,0,8
2026-08-31T11:54:40.458622889Z,5.575765,117.195418,Cloud to Ground,20949,0,14
2026-08-31T11:54:40.054825375Z,5.580151,117.168293,Cloud to Ground,31802,0,8
2026-08-31T11:54:41.470427375Z,6.738261,117.357949,Cloud to Cloud,7639,6246,7
2026-08-31T11:54:41.448619884Z,6.713776,117.360691,Cloud to Cloud,9338,18165,7
2026-08-31T11:54:41.249176251Z,6.899933,117.4542,Cloud to Cloud,16395,12746,7
2026-08-31T11:54:41.485768501Z,6.815834,117.492927,Cloud to Ground,20643,0,9
2026-08-31T11:54:41.473330376Z,6.867223,117.450559,Cloud to Ground,27892,0,9
2026-08-31T11:54:41.899782135Z,5.440911,115.676973,Cloud to Ground,-11077,0,7
2026-08-31T11:54:42.062671712Z,5.273118,115.596594,Cloud to Cloud,-11927,17751,10
2026-08-31T11:54:42.098010331Z,5.331612,115.622045,Cloud to Cloud,8051,5101,7
2026-08-31T11:54:42.585231000Z,6.1359,117.9723,Cloud to Ground,-38991,0,9
2026-08-31T11:54:42.535002363Z,6.065658,117.961087,Cloud to Ground,-23075,0,10
2026-08-31T11:54:42.656334639Z,6.066628,117.972091,Cloud to Ground,30674,0,17
2026-08-31T11:54:43.433310021Z,6.750084,117.880476,Cloud to Ground,-13198,0,9
2026-08-31T11:54:43.029368479Z,6.782435,117.796333,Cloud to Ground,14710,0,10
2026-08-31T11:54:43.030805120Z,6.790147,117.807088,Cloud to Cloud,18527,3026,9
2026-08-31T11:54:43.028797751Z,6.758461,117.839109,Cloud to Ground,34374,0,10
2026-08-31T11:54:43.009896872Z,6.837081,117.300631,Cloud to Cloud,11277,19039,5
2026-08-31T11:54:44.032000365Z,6.789694,117.498356,Cloud to Ground,-16924,0,13
2026-08-31T11:54:43.988688000Z,6.8087,117.4964,Cloud to Ground,17601,0,5
2026-08-31T11:54:43.939006485Z,6.826144,117.544624,Cloud to Ground,73435,0,14
2026-08-31T11:54:43.287127138Z,14.340181,134.627135,Cloud to Ground,-15716,0,11
2026-08-31T11:54:44.061911198Z,5.205183,116.926674,Cloud to Ground,13692,0,10
2026-08-31T11:54:44.323073100Z,15.66886,132.624694,Cloud to Ground,-15240,0,10
2026-08-31T11:54:44.100256693Z,10.89915,118.644007,Cloud to Cloud,14928,7557,8
2026-08-31T11:54:44.766929683Z,19.622261,119.864457,Cloud to Cloud,3899,13202,6
2026-08-31T11:54:44.101510000Z,6.6803,117.5589,Cloud to Ground,25100,0,5
2026-08-31T11:54:45.918493263Z,6.856825,117.401899,Cloud to Cloud,9434,15793,7
2026-08-31T11:54:45.963032654Z,6.711082,117.270971,Cloud to Ground,17949,0,8
2026-08-31T11:54:45.836731578Z,6.735314,117.958474,Cloud to Ground,27430,0,7
2026-08-31T11:54:45.802569386Z,18.909402,131.599585,Cloud to Ground,-10265,0,7
2026-08-31T11:54:46.010762296Z,18.922347,131.876125,Cloud to Ground,12854,0,9
2026-08-31T11:54:46.101641905Z,18.931003,131.870213,Cloud to Ground,16319,0,12
2026-08-31T11:54:46.057421000Z,18.9634,131.8686,Cloud to Ground,19529,0,5
2026-08-31T11:54:45.992692404Z,18.910704,131.876837,Cloud to Cloud,28302,7614,10
2026-08-31T11:54:45.927094110Z,18.907047,131.843129,Cloud to Ground,36748,0,22
2026-08-31T11:54:45.684898045Z,14.610143,133.778563,Cloud to Ground,20493,0,7
2026-08-31T11:54:46.707037061Z,6.813837,117.113127,Cloud to Cloud,-8560,6239,7
2026-08-31T11:54:46.257601569Z,7.099166,117.680026,Cloud to Cloud,-18328,11183,15
2026-08-31T11:54:46.297561289Z,6.902122,117.202576,Cloud to Ground,-15094,0,7
2026-08-31T11:54:46.444955787Z,6.91005,117.227595,Cloud to Cloud,-14033,3289,8
2026-08-31T11:54:46.685931424Z,5.250738,115.704442,Cloud to Ground,-16946,0,10
2026-08-31T11:54:46.717195445Z,5.283694,115.627543,Cloud to Ground,-14435,0,7
2026-08-31T11:54:46.526508198Z,5.259579,115.578005,Cloud to Cloud,-14089,15599,7
2026-08-31T11:54:46.373829405Z,5.253858,115.550841,Cloud to Cloud,10355,6461,7
2026-08-31T11:54:47.049855112Z,6.910249,117.364179,Cloud to Cloud,16373,10574,7
2026-08-31T11:54:47.528652841Z,6.738774,117.448416,Cloud to Cloud,-12559,19004,8
2026-08-31T11:54:48.624734471Z,5.368021,116.851239,Cloud to Ground,34054,0,9
2026-08-31T11:54:48.476888931Z,6.105587,117.966661,Cloud to Cloud,10008,3091,10
2026-08-31T11:54:48.521060326Z,5.172136,117.027587,Cloud to Cloud,-14213,10103,7
2026-08-31T11:54:49.539629040Z,6.864875,117.299211,Cloud to Ground,-26224,0,7
2026-08-31T11:54:49.865754228Z,6.932228,117.402053,Cloud to Ground,19908,0,8
2026-08-31T11:54:49.327090931Z,6.780487,117.417033,Cloud to Cloud,-10121,5231,7
2026-08-31T11:54:49.498823333Z,4.066144,114.991815,Cloud to Ground,57672,0,11
2026-08-31T11:54:49.598663000Z,4.1825,114.9184,Cloud to Ground,-32923,0,5
2026-08-31T11:54:49.668129000Z,4.2281,114.9849,Cloud to Ground,4371,0,7
2026-08-31T11:54:49.557318560Z,4.163027,114.979765,Cloud to Ground,36349,0,15
2026-08-31T11:54:50.515164344Z,5.177248,115.542869,Cloud to Ground,10823,0,7
2026-08-31T11:54:50.335195975Z,5.605424,117.307014,Cloud to Ground,14029,0,10
2026-08-31T11:54:50.287805374Z,5.273626,115.586132,Cloud to Ground,-14254,0,7
2026-08-31T11:54:50.850604882Z,6.181345,117.859041,Cloud to Ground,14971,0,8
2026-08-31T11:54:50.758898473Z,6.19608,117.902215,Cloud to Ground,27734,0,13
2026-08-31T11:54:50.978761761Z,6.208978,117.959742,Cloud to Ground,81476,0,19
2026-08-31T11:54:50.900798988Z,15.709113,132.381643,Cloud to Ground,-14126,0,7
2026-08-31T11:54:51.641869269Z,6.930723,117.49087,Cloud to Ground,-40941,0,8
2026-08-31T11:54:51.840153504Z,6.853348,117.31421,Cloud to Cloud,8598,7950,6
2026-08-31T11:54:52.296350410Z,6.853754,117.316957,Cloud to Cloud,12126,6305,7
2026-08-31T11:54:52.364514018Z,6.85354,117.318674,Cloud to Ground,21049,0,8
2026-08-31T11:54:52.757682752Z,6.847788,117.270624,Cloud to Ground,24133,0,10
2026-08-31T11:54:52.098033599Z,6.882719,117.255413,Cloud to Ground,31602,0,10
2026-08-31T11:54:51.681794819Z,6.859666,117.319041,Cloud to Ground,44930,0,9
2026-08-31T11:54:52.248578000Z,6.9626,117.3733,Cloud to Ground,21886,0,10
2026-08-31T11:54:51.756413592Z,6.97489,117.34675,Cloud to Ground,64358,0,8
2026-08-31T11:54:53.413963452Z,6.920222,117.480142,Cloud to Ground,99517,0,7
2026-08-31T11:54:53.577493886Z,6.752124,117.317181,Cloud to Cloud,-18674,3088,6
2026-08-31T11:54:53.031664566Z,18.974423,119.109789,Cloud to Cloud,18281,18493,16
2026-08-31T11:54:53.456589752Z,19.554638,120.473932,Cloud to Ground,-40883,0,14
2026-08-31T11:54:53.641297689Z,19.556338,120.474433,Cloud to Ground,-40470,0,11
2026-08-31T11:54:54.726177104Z,2.978269,114.939893,Cloud to Ground,-12534,0,10
2026-08-31T11:54:55.086225998Z,5.284697,115.571505,Cloud to Ground,-16798,0,12
2026-08-31T11:54:55.094497342Z,5.292271,115.597892,Cloud to Cloud,-16641,3029,9
2026-08-31T11:54:55.562677786Z,6.871383,117.512612,Cloud to Cloud,-15736,13818,14
2026-08-31T11:54:55.707903348Z,7.029356,117.523471,Cloud to Ground,38062,0,8
2026-08-31T11:54:56.441984396Z,6.983835,117.338127,Cloud to Cloud,13242,19940,6
2026-08-31T11:54:56.451065084Z,6.876015,117.345881,Cloud to Ground,13693,0,8
2026-08-31T11:54:57.352879390Z,6.837417,117.281704,Cloud to Cloud,13999,3001,6
2026-08-31T11:54:56.463146244Z,6.926807,117.357107,Cloud to Cloud,14860,3009,9
2026-08-31T11:54:56.728233849Z,6.899625,117.298408,Cloud to Cloud,16369,6940,6
2026-08-31T11:54:57.391716086Z,6.797699,117.243309,Cloud to Cloud,20024,17916,6
2026-08-31T11:54:56.554532873Z,5.561194,117.182804,Cloud to Cloud,-9805,3022,8
2026-08-31T11:54:57.170063205Z,14.357713,134.572932,Cloud to Ground,38017,0,8
2026-08-31T11:54:57.514537000Z,15.7642,132.4095,Cloud to Ground,31420,0,5
2026-08-31T11:54:58.010297000Z,15.8131,132.4328,Cloud to Ground,43065,0,8
2026-08-31T11:54:57.561410114Z,15.713328,132.466367,Cloud to Ground,59782,0,9
2026-08-31T11:54:58.798886219Z,6.819224,117.40649,Cloud to Cloud,20291,14564,8
2026-08-31T11:54:58.610177931Z,6.819702,117.409737,Cloud to Ground,35281,0,10
2026-08-31T11:54:58.517863032Z,6.837183,117.445518,Cloud to Ground,46896,0,16
2026-08-31T11:54:58.144606885Z,6.83205,117.421385,Cloud to Ground,50690,0,10
2026-08-31T11:54:58.224865805Z,6.928902,117.46163,Cloud to Ground,114238,0,8
2026-08-31T11:54:59.692920605Z,6.687255,117.375303,Cloud to Ground,20841,0,10
2026-08-31T11:55:00.321973834Z,6.770552,117.809065,Cloud to Ground,19076,0,6
2026-08-31T11:55:01.194090133Z,14.360954,134.623882,Cloud to Ground,-11273,0,8
2026-08-31T11:55:00.635539021Z,14.272365,134.636257,Cloud to Ground,21712,0,12
2026-08-31T11:55:01.650318415Z,6.87341,117.477837,Cloud to Ground,-10805,0,6
2026-08-31T11:55:01.750132220Z,15.547814,132.732541,Cloud to Ground,13340,0,10
2026-08-31T11:55:01.470291745Z,15.672062,132.674091,Cloud to Ground,-19170,0,13
2026-08-31T11:55:01.792897589Z,15.61295,132.637568,Cloud to Cloud,-15465,3095,8
2026-08-31T11:55:01.697829000Z,15.7472,132.4206,Cloud to Ground,12324,0,5
2026-08-31T11:55:02.351497464Z,2.970601,115.7345,Cloud to Ground,11779,0,6
2026-08-31T11:55:02.017071187Z,3.083944,115.752829,Cloud to Cloud,20174,19976,7
2026-08-31T11:55:02.309703864Z,22.633164,112.531571,Cloud to Cloud,-14362,5208,7
2026-08-31T11:55:02.221470805Z,22.526983,112.381396,Cloud to Cloud,9557,3002,9
2026-08-31T11:55:02.212773578Z,22.528345,112.446011,Cloud to Ground,17172,0,9
2026-08-31T11:55:02.206378181Z,22.495083,112.632173,Cloud to Cloud,22083,7805,8
2026-08-31T11:55:03.562438448Z,6.090666,117.919082,Cloud to Ground,11960,0,7
2026-08-31T11:55:03.756616015Z,6.743856,117.395668,Cloud to Ground,-18129,0,10
2026-08-31T11:55:03.061204394Z,14.65649,133.855308,Cloud to Ground,-8905,0,8
2026-08-31T11:55:05.031167019Z,5.25438,115.588194,Cloud to Ground,12452,0,8
2026-08-31T11:55:06.433319925Z,6.415731,118.054292,Cloud to Cloud,16135,18558,7
2026-08-31T11:55:06.355387878Z,14.1959,134.251549,Cloud to Ground,-12517,0,10
2026-08-31T11:55:07.577987977Z,6.36229,117.836449,Cloud to Cloud,-25977,9697,11
2026-08-31T11:55:07.191041552Z,6.3077,117.749999,Cloud to Cloud,-12711,3279,7
2026-08-31T11:55:07.726370551Z,6.301138,117.862635,Cloud to Ground,29925,0,14
2026-08-31T11:55:07.624643327Z,6.291599,117.828508,Cloud to Ground,38797,0,10
2026-08-31T11:55:07.669857393Z,6.285517,117.819255,Cloud to Ground,49178,0,8
2026-08-31T11:55:07.551500980Z,6.298824,117.830173,Cloud to Ground,86833,0,10
2026-08-31T11:55:07.613277283Z,6.880659,117.526154,Cloud to Cloud,13049,16238,10
2026-08-31T11:55:08.198313129Z,6.796663,117.496138,Cloud to Ground,20423,0,13
2026-08-31T11:55:08.297821632Z,6.790272,117.475575,Cloud to Ground,21761,0,12
2026-08-31T11:55:08.227474056Z,6.798194,117.448333,Cloud to Ground,29561,0,8
2026-08-31T11:55:08.148657831Z,6.797866,117.514355,Cloud to Ground,32508,0,17
2026-08-31T11:55:08.095459578Z,6.776403,117.427618,Cloud to Ground,32875,0,10
2026-08-31T11:55:08.267122538Z,6.782689,117.434622,Cloud to Ground,35065,0,12
2026-08-31T11:55:08.506942568Z,6.925165,117.478382,Cloud to Ground,39931,0,7
2026-08-31T11:55:08.034247996Z,6.883186,117.469833,Cloud to Ground,100693,0,18
2026-08-31T11:55:08.677326844Z,15.199552,134.023953,Cloud to Ground,18968,0,7
2026-08-31T11:55:09.092661455Z,6.117124,117.943925,Cloud to Cloud,28142,6126,9
2026-08-31T11:55:09.337393102Z,6.122969,117.94009,Cloud to Ground,29781,0,7
2026-08-31T11:55:10.170252065Z,6.979622,117.478779,Cloud to Cloud,-20012,4828,8
2026-08-31T11:55:11.801800779Z,4.180375,115.015181,Cloud to Ground,11223,0,8
2026-08-31T11:55:11.829042913Z,4.098441,115.010804,Cloud to Ground,16285,0,8
2026-08-31T11:55:11.480167841Z,6.801803,117.363331,Cloud to Ground,22001,0,9
2026-08-31T11:55:11.642907191Z,6.80052,117.361672,Cloud to Ground,24689,0,8
2026-08-31T11:55:11.446707287Z,6.802256,117.362988,Cloud to Ground,26367,0,9
2026-08-31T11:55:11.340746099Z,6.908619,117.398401,Cloud to Ground,37318,0,10
2026-08-31T11:55:11.545842000Z,6.9356,117.3388,Cloud to Ground,45201,0,7
2026-08-31T11:55:11.974144030Z,14.259744,134.670287,Cloud to Ground,-13945,0,8
2026-08-31T11:55:12.657688011Z,6.718488,117.329753,Cloud to Cloud,-11036,3385,7
2026-08-31T11:55:12.672109945Z,6.807237,117.349457,Cloud to Cloud,-9831,3006,7
2026-08-31T11:55:12.412755949Z,6.782976,117.414445,Cloud to Cloud,-9827,19848,7
2026-08-31T11:55:12.853341921Z,6.793261,117.330556,Cloud to Cloud,18982,4987,7
2026-08-31T11:55:12.402784650Z,6.803378,117.352546,Cloud to Ground,27588,0,9
2026-08-31T11:55:12.155970983Z,14.29751,134.579865,Cloud to Cloud,11692,7544,6
2026-08-31T11:55:12.179639786Z,14.24803,134.420772,Cloud to Ground,-11756,0,8
2026-08-31T11:55:13.957973118Z,5.67095,117.313453,Cloud to Cloud,-10565,8573,11
2026-08-31T11:55:13.941120794Z,5.547531,117.188957,Cloud to Cloud,-13818,5518,8
2026-08-31T11:55:13.270538552Z,6.852002,117.249998,Cloud to Cloud,-25770,6114,10
2026-08-31T11:55:13.105724205Z,6.93371,117.276967,Cloud to Cloud,10124,16804,7
2026-08-31T11:55:13.978721286Z,15.544442,132.716049,Cloud to Ground,-19689,0,12
2026-08-31T11:55:13.931640857Z,15.611102,132.639031,Cloud to Ground,-32029,0,12
2026-08-31T11:55:14.313972268Z,15.684309,132.618237,Cloud to Ground,17763,0,7
2026-08-31T11:55:14.301340786Z,6.761241,117.417344,Cloud to Cloud,11569,3025,7
2026-08-31T11:55:14.267092157Z,6.789851,117.459702,Cloud to Ground,41090,0,8
2026-08-31T11:55:14.715239643Z,6.772593,117.451587,Cloud to Ground,42340,0,8
2026-08-31T11:55:14.324832656Z,19.382696,119.361686,Cloud to Cloud,-8090,14469,6
2026-08-31T11:55:14.847881000Z,9.8526,119.377,Cloud to Ground,-19655,0,5
2026-08-31T11:55:15.165509626Z,6.544694,117.923777,Cloud to Ground,18424,0,7
2026-08-31T11:55:16.291295180Z,6.142811,117.996444,Cloud to Cloud,17908,5132,10
2026-08-31T11:55:16.263420233Z,6.060721,117.980363,Cloud to Ground,71842,0,20
2026-08-31T11:55:17.525435277Z,6.847047,117.420209,Cloud to Ground,-20493,0,10
2026-08-31T11:55:17.175475138Z,6.877839,117.44652,Cloud to Ground,31905,0,8
2026-08-31T11:55:16.876053873Z,6.80311,117.347009,Cloud to Ground,56287,0,17
2026-08-31T11:55:16.812264398Z,6.77216,117.296136,Cloud to Ground,87546,0,16
2026-08-31T11:55:16.868194277Z,5.345318,115.594984,Cloud to Ground,-16494,0,8
2026-08-31T11:55:16.250103725Z,5.270457,115.517116,Cloud to Ground,-15641,0,16
2026-08-31T11:55:16.883811161Z,5.229712,115.606913,Cloud to Ground,12995,0,6
2026-08-31T11:55:16.619457536Z,5.236531,115.599411,Cloud to Ground,13115,0,6
2026-08-31T11:55:16.135314536Z,5.604722,117.284519,Cloud to Ground,34191,0,14
2026-08-31T11:55:18.471823613Z,6.221663,117.892556,Cloud to Cloud,-33094,5661,15
2026-08-31T11:55:18.487729542Z,6.141822,117.835159,Cloud to Cloud,-10085,4254,7
2026-08-31T11:55:18.470187990Z,6.130766,117.817342,Cloud to Ground,30988,0,12
2026-08-31T11:55:18.902530871Z,18.78172,126.981525,Cloud to Ground,25206,0,10
2026-08-31T11:55:18.429406733Z,19.663747,119.870121,Cloud to Cloud,5850,17092,5
2026-08-31T11:55:19.114903176Z,6.854566,117.336138,Cloud to Cloud,-11094,4665,8
2026-08-31T11:55:21.320452048Z,5.184515,115.569149,Cloud to Cloud,10872,17693,6
2026-08-31T11:55:22.119182110Z,6.78098,117.472526,Cloud to Cloud,16883,7278,9
2026-08-31T11:55:22.102087097Z,6.786231,117.482669,Cloud to Ground,22925,0,9
2026-08-31T11:55:22.558625147Z,15.727368,132.370122,Cloud to Cloud,-11956,4243,12
2026-08-31T11:55:23.373063751Z,6.745906,117.348906,Cloud to Cloud,-9627,10900,12
2026-08-31T11:55:24.709932329Z,6.785807,117.383685,Cloud to Ground,12743,0,7
2026-08-31T11:55:24.245911745Z,6.791261,117.411978,Cloud to Ground,17546,0,8
2026-08-31T11:55:24.269011953Z,6.791517,117.411381,Cloud to Ground,17588,0,8
2026-08-31T11:55:23.878606812Z,6.798118,117.421824,Cloud to Ground,21534,0,10
2026-08-31T11:55:24.467312930Z,6.807589,117.447524,Cloud to Ground,28406,0,12
2026-08-31T11:55:23.855643028Z,6.738063,117.368466,Cloud to Ground,28865,0,8
2026-08-31T11:55:23.821081009Z,6.889659,117.597976,Cloud to Ground,-21751,0,10
2026-08-31T11:55:24.234127239Z,6.917333,117.444273,Cloud to Cloud,11119,5937,6
2026-08-31T11:55:24.564358673Z,6.925498,117.452646,Cloud to Ground,42841,0,7
2026-08-31T11:55:24.181306018Z,6.897773,117.467338,Cloud to Ground,73328,0,26
2026-08-31T11:55:24.567171742Z,6.724409,117.565191,Cloud to Ground,19984,0,8
2026-08-31T11:55:24.398478667Z,14.277439,134.628158,Cloud to Ground,-20382,0,9
2026-08-31T11:55:25.457353498Z,6.769859,117.502943,Cloud to Cloud,-10302,14702,7
2026-08-31T11:55:27.355852060Z,5.231189,115.578742,Cloud to Ground,-25661,0,14
2026-08-31T11:55:43.183191000Z,6.9685,117.3954,Cloud to Ground,-19610,0,5
2026-08-31T11:55:42.786475808Z,6.887756,117.383887,Cloud to Ground,-15880,0,9
2026-08-31T11:55:43.532994390Z,6.802847,117.339221,Cloud to Cloud,8205,11173,6
2026-08-31T11:55:43.232875528Z,6.842929,117.312743,Cloud to Ground,9676,0,7
2026-08-31T11:55:42.991468755Z,6.84744,117.321386,Cloud to Cloud,12845,4433,7
2026-08-31T11:55:44.204812139Z,6.935336,117.331865,Cloud to Ground,19224,0,9
2026-08-31T11:55:44.583104816Z,6.902348,117.376123,Cloud to Cloud,22137,6222,7
2026-08-31T11:55:43.631071407Z,6.847234,117.328714,Cloud to Ground,26522,0,10
2026-08-31T11:55:44.668739867Z,6.94778,117.347981,Cloud to Cloud,29770,18755,7
2026-08-31T11:55:44.078359074Z,6.867327,117.414004,Cloud to Ground,31118,0,14
2026-08-31T11:55:42.946276159Z,6.843044,117.311933,Cloud to Ground,33667,0,7
2026-08-31T11:55:43.888748259Z,6.853647,117.332118,Cloud to Ground,51387,0,10
2026-08-31T11:55:43.555849000Z,6.9364,117.3628,Cloud to Ground,55039,0,9
2026-08-31T11:55:42.885672000Z,6.9416,117.3597,Cloud to Ground,57899,0,10
2026-08-31T11:55:44.282997722Z,5.269292,115.650365,Cloud to Cloud,-19572,7978,9
2026-08-31T11:55:44.283687517Z,5.320048,115.584806,Cloud to Cloud,-11363,3081,11
2026-08-31T11:55:44.160985317Z,5.249903,115.5992,Cloud to Ground,-11037,0,6
2026-08-31T11:55:44.109999827Z,5.253076,115.531826,Cloud to Ground,-9160,0,8
2026-08-31T11:55:44.147634935Z,5.224498,115.552732,Cloud to Ground,7834,0,6
2026-08-31T11:55:44.050668154Z,5.237529,115.535978,Cloud to Ground,21384,0,12
2026-08-31T11:55:46.042357438Z,6.969231,116.750373,Cloud to Ground,58081,0,18
2026-08-31T11:55:46.064729521Z,6.784915,117.45176,Cloud to Cloud,10065,3431,8
2026-08-31T11:55:46.483063495Z,6.891995,117.282517,Cloud to Cloud,5116,19929,5
2026-08-31T11:55:46.537769019Z,6.821983,117.310145,Cloud to Cloud,15737,10157,7
2026-08-31T11:55:46.924515658Z,15.636008,132.387626,Cloud to Ground,21875,0,9
2026-08-31T11:55:46.973490749Z,15.733738,132.338087,Cloud to Ground,-14944,0,10
2026-08-31T11:55:47.732960277Z,6.947337,117.364777,Cloud to Cloud,-11633,17451,8
2026-08-31T11:55:48.064630828Z,5.332508,115.532597,Cloud to Cloud,9897,5138,6
2026-08-31T11:55:48.218058188Z,5.276388,115.528325,Cloud to Cloud,11855,5955,10
2026-08-31T11:55:49.525206443Z,6.815419,117.644104,Cloud to Ground,-33416,0,11
2026-08-31T11:55:49.634552070Z,6.744527,117.458938,Cloud to Ground,9793,0,7
2026-08-31T11:55:49.677153195Z,6.767912,117.486233,Cloud to Ground,20439,0,8
2026-08-31T11:55:49.383223096Z,6.746986,117.47144,Cloud to Ground,21775,0,8
2026-08-31T11:55:49.248174764Z,6.797693,117.389845,Cloud to Cloud,22227,12441,10
2026-08-31T11:55:49.778944587Z,5.200217,115.450119,Cloud to Ground,-13417,0,8
2026-08-31T11:55:49.572747297Z,15.775225,132.359699,Cloud to Ground,-22489,0,20
2026-08-31T11:55:49.592019360Z,15.736667,132.395907,Cloud to Cloud,-16169,3065,7
2026-08-31T11:55:50.243498892Z,6.060278,117.942836,Cloud to Cloud,-15882,5616,10
2026-08-31T11:55:50.067950564Z,6.103514,117.90995,Cloud to Cloud,24740,13614,12
2026-08-31T11:55:49.646710208Z,5.322211,115.496846,Cloud to Cloud,7398,3161,6
2026-08-31T11:55:50.250372831Z,5.296221,115.495952,Cloud to Ground,21682,0,7
2026-08-31T11:55:50.727321408Z,6.885186,117.469837,Cloud to Cloud,-12262,18489,7
2026-08-31T11:55:50.650587000Z,15.6968,132.6307,Cloud to Ground,-5739,0,5
2026-08-31T11:55:51.356090226Z,5.448092,115.698468,Cloud to Cloud,7948,16444,7
2026-08-31T11:55:51.670878304Z,5.394978,115.625501,Cloud to Cloud,9873,5758,6
2026-08-31T11:55:51.507372327Z,14.353222,134.62715,Cloud to Ground,-39417,0,9
2026-08-31T11:55:51.203453635Z,14.300388,134.517256,Cloud to Ground,-14482,0,13
2026-08-31T11:55:51.451269411Z,14.26234,134.635861,Cloud to Ground,-13628,0,13
2026-08-31T11:55:51.168534484Z,14.339308,134.599233,Cloud to Ground,-12188,0,14
2026-08-31T11:55:51.209869495Z,14.316802,134.610615,Cloud to Ground,-11934,0,12
2026-08-31T11:55:51.118343695Z,14.263284,134.646171,Cloud to Ground,47126,0,16
2026-08-31T11:55:52.313139680Z,6.674069,117.317666,Cloud to Cloud,15457,16003,10
2026-08-31T11:55:52.075784258Z,6.629906,117.366319,Cloud to Ground,27973,0,10
2026-08-31T11:55:52.574740751Z,6.7951,117.363424,Cloud to Cloud,-13532,6061,7
2026-08-31T11:55:52.861865973Z,19.617738,119.813763,Cloud to Cloud,-12839,3002,13
2026-08-31T11:55:52.789753730Z,19.576138,119.742713,Cloud to Cloud,17441,3000,8
2026-08-31T11:55:52.408013722Z,19.128488,113.965725,Cloud to Ground,25024,0,8
2026-08-31T11:55:52.406435702Z,19.108506,114.069328,Cloud to Cloud,13042,3017,9
2026-08-31T11:55:52.843058557Z,5.20991,115.54168,Cloud to Cloud,10055,6464,7
2026-08-31T11:55:53.405117477Z,5.242272,115.529171,Cloud to Ground,13696,0,9
2026-08-31T11:55:53.686896390Z,22.735436,112.118884,Cloud to Cloud,-13785,6152,8
2026-08-31T11:55:53.438310819Z,22.804704,111.898663,Cloud to Cloud,13982,10440,10
2026-08-31T11:55:53.653349960Z,22.787797,111.922527,Cloud to Ground,23473,0,9
2026-08-31T11:55:53.820021000Z,14.361,134.3249,Cloud to Ground,8033,0,5
2026-08-31T11:55:54.248055425Z,6.814278,117.319711,Cloud to Ground,18595,0,7
2026-08-31T11:55:54.221443522Z,6.827479,117.369317,Cloud to Ground,58841,0,18
2026-08-31T11:55:54.114549019Z,5.675586,117.295733,Cloud to Ground,22472,0,12
2026-08-31T11:55:54.385082481Z,5.584199,117.271516,Cloud to Ground,21682,0,7
2026-08-31T11:55:55.315107068Z,6.844261,117.900099,Cloud to Ground,21281,0,8
2026-08-31T11:55:55.066960912Z,6.548157,118.020074,Cloud to Ground,19810,0,10
2026-08-31T11:55:55.622360585Z,6.735376,117.847703,Cloud to Cloud,11692,3146,8
2026-08-31T11:55:56.198378474Z,6.746627,117.887381,Cloud to Ground,15095,0,8
2026-08-31T11:55:56.110830644Z,6.746756,117.888548,Cloud to Cloud,17680,17299,8
2026-08-31T11:55:55.725817471Z,6.732089,117.841066,Cloud to Ground,21841,0,7
2026-08-31T11:55:55.905357363Z,6.770049,117.318402,Cloud to Cloud,-23692,10814,7
2026-08-31T11:55:56.326931328Z,6.938204,117.346919,Cloud to Cloud,15477,3574,10
2026-08-31T11:55:56.242162889Z,5.303079,115.603811,Cloud to Ground,-11554,0,11
2026-08-31T11:55:57.153455219Z,6.935442,117.298158,Cloud to Cloud,-17134,3281,12
2026-08-31T11:55:57.919294513Z,6.877302,117.470907,Cloud to Ground,38938,0,7
2026-08-31T11:55:58.899674832Z,6.808799,117.310546,Cloud to Cloud,9982,3026,9
2026-08-31T11:55:59.676342562Z,5.243998,115.477872,Cloud to Cloud,6841,4925,7
2026-08-31T11:55:59.413947066Z,5.679274,117.219513,Cloud to Ground,-12658,0,6
2026-08-31T11:55:59.427419864Z,6.818608,117.532826,Cloud to Cloud,16106,13474,7
2026-08-31T11:55:59.346171158Z,15.695602,132.424939,Cloud to Ground,-16407,0,12
2026-08-31T11:56:00.346272466Z,6.358808,117.898156,Cloud to Ground,31004,0,16
2026-08-31T11:56:00.247575628Z,6.274273,117.911777,Cloud to Ground,54595,0,16
2026-08-31T11:56:00.672473760Z,6.865996,117.454257,Cloud to Cloud,17971,11479,12
2026-08-31T11:56:01.000767184Z,6.801703,117.45062,Cloud to Ground,29734,0,8
2026-08-31T11:56:01.161122602Z,17.987717,116.123929,Cloud to Ground,-70084,0,16
2026-08-31T11:56:01.178764866Z,17.922211,116.220637,Cloud to Ground,15537,0,14
2026-08-31T11:56:01.354922000Z,18.0565,116.0183,Cloud to Ground,20811,0,5
2026-08-31T11:56:01.726625583Z,22.534443,112.469388,Cloud to Ground,23532,0,12
2026-08-31T11:56:02.900726477Z,6.733284,117.211993,Cloud to Cloud,-8513,4356,7
2026-08-31T11:56:02.497167252Z,5.609452,117.701887,Cloud to Cloud,-14588,5823,20
2026-08-31T11:56:03.588027344Z,6.880835,117.466367,Cloud to Ground,28213,0,7
2026-08-31T11:56:03.406952909Z,6.756331,117.4294,Cloud to Cloud,14184,19194,6
2026-08-31T11:56:03.302541159Z,6.766471,117.463778,Cloud to Ground,43812,0,12
2026-08-31T11:56:03.368689831Z,6.770462,117.467313,Cloud to Ground,55183,0,12
2026-08-31T11:56:03.055300009Z,14.257644,134.696465,Cloud to Ground,-21072,0,9
2026-08-31T11:56:03.692907147Z,14.366511,134.647646,Cloud to Ground,37130,0,7
2026-08-31T11:56:03.124918681Z,14.398049,134.622721,Cloud to Ground,42869,0,11
2026-08-31T11:56:03.064653615Z,14.335229,134.648204,Cloud to Ground,88411,0,10
2026-08-31T11:56:03.627697000Z,14.354,134.5017,Cloud to Ground,-5298,0,7
2026-08-31T11:56:05.064785977Z,6.817498,117.339837,Cloud to Cloud,8517,16720,6
2026-08-31T11:56:05.415258270Z,6.965443,117.404772,Cloud to Cloud,12552,7042,7
2026-08-31T11:56:05.289299793Z,6.809751,117.31101,Cloud to Ground,14637,0,7
2026-08-31T11:56:05.095676892Z,6.80118,117.267425,Cloud to Ground,19809,0,8
2026-08-31T11:56:05.177519591Z,6.91833,117.358662,Cloud to Ground,23559,0,7
2026-08-31T11:56:05.534107811Z,6.838602,117.35964,Cloud to Ground,33368,0,8
2026-08-31T11:56:04.798903289Z,6.921237,117.392346,Cloud to Ground,56141,0,14
2026-08-31T11:56:05.213457995Z,6.097295,117.866683,Cloud to Cloud,7601,17696,8
2026-08-31T11:56:05.644067165Z,6.790042,117.55574,Cloud to Ground,14631,0,7
2026-08-31T11:56:05.133085183Z,5.257501,115.549196,Cloud to Cloud,-9101,7910,8
2026-08-31T11:56:06.242552666Z,5.570943,117.209174,Cloud to Ground,14834,0,10
2026-08-31T11:56:06.082321389Z,5.635484,117.160483,Cloud to Cloud,15455,3009,7
2026-08-31T11:56:07.019986000Z,6.675,117.3561,Cloud to Ground,-19279,0,5
2026-08-31T11:56:07.194936613Z,6.65826,117.402852,Cloud to Cloud,-19212,3027,7
2026-08-31T11:56:07.188913637Z,6.920506,117.315691,Cloud to Cloud,-15484,7614,7
2026-08-31T11:56:08.638893600Z,6.912603,117.423562,Cloud to Cloud,16485,6100,12
2026-08-31T11:56:08.252972876Z,7.061293,116.717948,Cloud to Ground,21947,0,14
2026-08-31T11:56:08.332022836Z,6.808518,117.395773,Cloud to Ground,11562,0,7
2026-08-31T11:56:08.298173134Z,6.818883,117.424328,Cloud to Ground,37996,0,9
2026-08-31T11:56:08.187475624Z,6.781258,117.382544,Cloud to Ground,55272,0,12
2026-08-31T11:56:08.380327547Z,19.455011,119.486042,Cloud to Cloud,8908,3541,7
2026-08-31T11:56:08.059346791Z,19.373511,119.412789,Cloud to Cloud,25500,15511,7
2026-08-31T11:56:11.116915647Z,6.97659,117.396994,Cloud to Cloud,-8229,6656,6
2026-08-31T11:56:10.946126238Z,6.932349,117.35712,Cloud to Cloud,9592,5715,7
2026-08-31T11:56:10.249577063Z,6.873101,117.221262,Cloud to Ground,-22352,0,12
2026-08-31T11:56:10.415778131Z,6.950084,117.151207,Cloud to Cloud,15379,3254,9
2026-08-31T11:56:10.362660059Z,6.873673,117.174313,Cloud to Ground,20415,0,8
2026-08-31T11:56:11.000795255Z,6.8885,117.244653,Cloud to Ground,44799,0,17
2026-08-31T11:56:10.889465177Z,6.973475,117.201476,Cloud to Ground,45006,0,8
2026-08-31T11:56:10.530652086Z,6.887115,117.229595,Cloud to Ground,45423,0,11
2026-08-31T11:56:10.269968901Z,6.972052,117.17854,Cloud to Ground,48455,0,9
2026-08-31T11:56:11.580507671Z,6.826418,117.623621,Cloud to Cloud,16007,13385,8
2026-08-31T11:56:11.282412774Z,6.815002,117.111134,Cloud to Ground,21709,0,8
2026-08-31T11:56:11.692530837Z,6.887736,117.135014,Cloud to Ground,27004,0,7
2026-08-31T11:56:11.068287782Z,6.862021,117.119942,Cloud to Ground,28851,0,9
2026-08-31T11:56:11.950094068Z,6.836123,117.465289,Cloud to Cloud,13289,12277,7
2026-08-31T11:56:11.679454131Z,14.256461,134.596518,Cloud to Ground,26233,0,14
2026-08-31T11:56:11.634184777Z,5.274985,115.586644,Cloud to Cloud,10599,10530,7
2026-08-31T11:56:12.196111320Z,5.23791,115.51805,Cloud to Cloud,12447,4581,6
2026-08-31T11:56:12.012485645Z,17.937395,133.535028,Cloud to Ground,-16939,0,8
2026-08-31T11:56:12.703961446Z,17.741133,133.734097,Cloud to Ground,-18872,0,10
2026-08-31T11:56:12.781232020Z,17.69997,133.738943,Cloud to Ground,-13482,0,6
2026-08-31T11:56:12.702117904Z,17.742165,133.688382,Cloud to Ground,13541,0,10
2026-08-31T11:56:13.248761250Z,5.20757,116.980159,Cloud to Cloud,-22049,6283,13
2026-08-31T11:56:13.265217221Z,5.212601,116.955288,Cloud to Ground,28352,0,10
2026-08-31T11:56:13.990198174Z,5.579213,117.224421,Cloud to Ground,23072,0,7
2026-08-31T11:56:13.530949000Z,10.93,120.483,Cloud to Ground,-9218,0,5
2026-08-31T11:56:13.847110542Z,3.245611,115.144047,Cloud to Cloud,10939,17884,6
2026-08-31T11:56:14.424723884Z,4.098514,115.021108,Cloud to Ground,21428,0,9
2026-08-31T11:56:14.507949664Z,4.079135,115.001453,Cloud to Ground,28161,0,8
2026-08-31T11:56:14.350033447Z,4.054813,114.997768,Cloud to Ground,31091,0,10
2026-08-31T11:56:14.018001191Z,5.268889,115.609287,Cloud to Ground,-17895,0,8
2026-08-31T11:56:13.993143627Z,5.175033,115.567738,Cloud to Cloud,-14828,7888,6
2026-08-31T11:56:14.290684452Z,5.225124,115.553322,Cloud to Cloud,-10055,6182,7
2026-08-31T11:56:13.965205013Z,5.153848,115.561144,Cloud to Cloud,7823,6566,8
2026-08-31T11:56:14.284586970Z,6.704503,117.459507,Cloud to Cloud,-16816,3193,12
2026-08-31T11:56:13.859825222Z,6.708977,117.487875,Cloud to Cloud,-10392,12879,7
2026-08-31T11:56:14.724082661Z,6.867176,117.409193,Cloud to Cloud,-11824,10502,7
2026-08-31T11:56:14.365143791Z,22.586192,111.325704,Cloud to Ground,16735,0,15
2026-08-31T11:56:15.969926236Z,6.172585,117.890297,Cloud to Ground,20394,0,7
2026-08-31T11:56:15.477801970Z,6.656929,117.35102,Cloud to Cloud,-14390,14759,6
2026-08-31T11:56:15.118108231Z,15.711514,132.351084,Cloud to Ground,18151,0,6
2026-08-31T11:56:15.007872288Z,15.689675,132.357603,Cloud to Ground,21446,0,9
2026-08-31T11:56:16.398830194Z,5.232664,115.570964,Cloud to Cloud,13517,13813,6
2026-08-31T11:56:15.947179566Z,6.071757,117.898974,Cloud to Ground,42888,0,13
2026-08-31T11:56:16.062834797Z,6.065726,117.967986,Cloud to Ground,44998,0,16
2026-08-31T11:56:16.079929941Z,6.777384,117.551568,Cloud to Ground,14277,0,5
2026-08-31T11:56:16.274658585Z,6.76973,117.414279,Cloud to Ground,-11040,0,6
2026-08-31T11:56:17.640976745Z,3.213891,115.164469,Cloud to Ground,-14149,0,10
2026-08-31T11:56:17.322314431Z,5.317833,115.612133,Cloud to Cloud,-11241,10082,7
2026-08-31T11:56:17.284580395Z,5.256299,115.528978,Cloud to Ground,16019,0,6
2026-08-31T11:56:18.830090839Z,5.346552,115.61541,Cloud to Cloud,-12074,18385,10
2026-08-31T11:56:18.803303679Z,5.261659,115.563077,Cloud to Ground,10478,0,6
2026-08-31T11:56:18.273416096Z,22.516217,112.558648,Cloud to Cloud,10737,3064,8
2026-08-31T11:56:18.565333464Z,22.498736,112.58823,Cloud to Ground,13995,0,9
2026-08-31T11:56:19.866735066Z,6.931893,117.456069,Cloud to Cloud,-13861,3279,11
2026-08-31T11:56:19.226696292Z,6.759967,117.399665,Cloud to Ground,22650,0,6
2026-08-31T11:56:20.085280958Z,6.544812,117.93239,Cloud to Ground,26039,0,8
2026-08-31T11:56:20.180125698Z,6.552184,117.965473,Cloud to Ground,28458,0,10
2026-08-31T11:56:20.290644000Z,6.2658,117.8506,Cloud to Ground,-36086,0,5
2026-08-31T11:56:20.586075958Z,6.180491,117.89564,Cloud to Ground,-8615,0,8
2026-08-31T11:56:20.581921139Z,6.132379,117.845927,Cloud to Cloud,12450,9416,7
2026-08-31T11:56:19.827297454Z,6.103808,117.900808,Cloud to Cloud,12572,14422,7
2026-08-31T11:56:20.935426532Z,6.133243,117.847762,Cloud to Ground,19372,0,7
2026-08-31T11:56:20.109582027Z,6.181537,117.889103,Cloud to Ground,29520,0,15
2026-08-31T11:56:20.727987009Z,6.128032,117.842476,Cloud to Ground,30193,0,10
2026-08-31T11:56:20.798141681Z,6.232012,117.905868,Cloud to Ground,30453,0,15
2026-08-31T11:56:20.151795560Z,6.174103,117.858053,Cloud to Ground,35533,0,9
2026-08-31T11:56:20.531857495Z,6.308358,117.887264,Cloud to Ground,48478,0,7
2026-08-31T11:56:20.603619345Z,6.697667,117.312852,Cloud to Cloud,-10436,10963,7
2026-08-31T11:56:20.511384024Z,6.713773,117.413947,Cloud to Ground,-16303,0,11
2026-08-31T11:56:20.850048444Z,5.219592,115.511178,Cloud to Cloud,5389,3077,7
2026-08-31T11:56:20.505989115Z,18.555617,115.888519,Cloud to Cloud,14817,3012,7
2026-08-31T11:56:21.177306291Z,5.550162,117.204857,Cloud to Ground,14172,0,8
2026-08-31T11:56:21.285596000Z,5.2921,115.5993,Cloud to Ground,-13435,0,6
2026-08-31T11:56:22.666896486Z,6.813137,117.418634,Cloud to Ground,-21986,0,7
2026-08-31T11:56:22.943970856Z,6.269313,117.891338,Cloud to Ground,-11434,0,7
2026-08-31T11:56:22.916558675Z,15.631531,132.684263,Cloud to Ground,-14015,0,8
2026-08-31T11:56:22.888013267Z,15.634304,132.679114,Cloud to Ground,-11341,0,5
2026-08-31T11:56:22.441325055Z,15.615237,132.42922,Cloud to Ground,24563,0,8
2026-08-31T11:56:22.831154514Z,5.21583,115.553695,Cloud to Ground,-15155,0,10
2026-08-31T11:56:23.373325205Z,5.254857,115.554244,Cloud to Cloud,-13787,4924,12
2026-08-31T11:56:22.796152462Z,5.25714,115.528151,Cloud to Ground,-13664,0,15
2026-08-31T11:56:22.744189064Z,5.246064,115.460826,Cloud to Cloud,11217,3269,7
2026-08-31T11:56:23.080848338Z,5.279173,115.501657,Cloud to Ground,12995,0,10
2026-08-31T11:56:22.933764348Z,5.255872,115.531687,Cloud to Ground,22318,0,9
2026-08-31T11:56:23.451407698Z,5.168099,115.536529,Cloud to Ground,25000,0,12
2026-08-31T11:56:23.951021936Z,5.331696,115.630068,Cloud to Ground,-12952,0,11
2026-08-31T11:56:24.566512396Z,6.864455,117.336274,Cloud to Cloud,-17783,3001,7
2026-08-31T11:56:24.018443963Z,6.824523,117.410568,Cloud to Ground,47485,0,17
2026-08-31T11:56:24.067707381Z,18.072484,133.313852,Cloud to Ground,-27368,0,14
2026-08-31T11:56:24.049744797Z,18.035373,133.303628,Cloud to Ground,-15455,0,11
2026-08-31T11:56:25.339830289Z,5.441793,115.698127,Cloud to Cloud,-14157,4486,12
2026-08-31T11:56:25.692508079Z,5.363692,115.650365,Cloud to Cloud,-10382,6976,6
2026-08-31T11:56:25.379974838Z,6.756545,117.402378,Cloud to Cloud,-8386,13944,7
2026-08-31T11:56:25.358509468Z,6.769627,117.463428,Cloud to Ground,17000,0,10
2026-08-31T11:56:25.612520831Z,14.34862,134.547953,Cloud to Ground,21373,0,10
2026-08-31T11:56:26.094674650Z,5.182673,116.942109,Cloud to Cloud,12080,3019,7
2026-08-31T11:56:26.903386879Z,5.334427,115.615296,Cloud to Cloud,6663,19214,7
2026-08-31T11:56:26.620110000Z,6.9536,117.2968,Cloud to Ground,35591,0,5
2026-08-31T11:56:26.940312913Z,5.645337,117.420283,Cloud to Cloud,-5977,17930,7
2026-08-31T11:56:27.585549390Z,15.69866,132.400942,Cloud to Ground,-14345,0,6
2026-08-31T11:56:27.937616460Z,22.43355,112.577091,Cloud to Ground,20222,0,9
2026-08-31T11:56:27.992195044Z,22.42681,112.791674,Cloud to Ground,-33135,0,14
2026-08-31T11:56:27.858182815Z,22.437494,112.837557,Cloud to Ground,-32425,0,13
2026-08-31T11:56:28.922314997Z,5.609932,117.32512,Cloud to Cloud,-20233,13589,9
2026-08-31T11:56:28.052631426Z,6.064465,117.960534,Cloud to Ground,-15518,0,9
2026-08-31T11:56:28.896839358Z,14.307158,134.669335,Cloud to Ground,-35182,0,16
2026-08-31T11:56:28.534288000Z,19.0628,119.1253,Cloud to Ground,-29717,0,5
2026-08-31T11:56:28.532949000Z,18.8454,118.8024,Cloud to Ground,58676,0,7
2026-08-31T11:56:28.400602655Z,6.740474,117.504819,Cloud to Cloud,-14969,7478,9
2026-08-31T11:56:28.931915145Z,6.772123,117.523696,Cloud to Ground,29365,0,16
2026-08-31T11:56:29.151257708Z,6.825557,117.587836,Cloud to Ground,37227,0,8
2026-08-31T11:56:30.132614747Z,6.163074,117.968714,Cloud to Cloud,-9759,3020,10
2026-08-31T11:56:30.313859149Z,6.803123,117.409702,Cloud to Cloud,-16417,11680,7
2026-08-31T11:56:30.842953351Z,6.828359,117.421084,Cloud to Cloud,-16225,18649,10
2026-08-31T11:56:31.456914015Z,17.477419,114.400411,Cloud to Ground,-12124,0,10
2026-08-31T11:56:31.452677561Z,17.436857,114.361269,Cloud to Cloud,-8288,4159,6
2026-08-31T11:56:31.365849733Z,17.450139,114.358508,Cloud to Cloud,10216,4475,7
2026-08-31T11:56:31.355994159Z,17.451947,114.266681,Cloud to Cloud,12895,7544,8
2026-08-31T11:56:31.354434306Z,17.46765,114.27178,Cloud to Ground,16339,0,9
2026-08-31T11:56:32.601622630Z,6.788643,117.464052,Cloud to Cloud,10700,3051,7
2026-08-31T11:56:32.585249919Z,6.80283,117.47377,Cloud to Cloud,12528,3006,9
2026-08-31T11:56:32.758296701Z,6.800494,117.469578,Cloud to Cloud,12730,3028,7
2026-08-31T11:56:32.699951564Z,6.800154,117.468629,Cloud to Cloud,13623,3037,7
2026-08-31T11:56:32.568872122Z,6.83024,117.465666,Cloud to Ground,33964,0,10
2026-08-31T11:56:32.254888512Z,5.532843,117.205026,Cloud to Cloud,-15336,6391,8
2026-08-31T11:56:32.241491786Z,5.54792,117.186612,Cloud to Ground,35254,0,11
2026-08-31T11:56:33.219671619Z,5.2497,115.53722,Cloud to Cloud,-15203,17599,12
2026-08-31T11:56:32.850855326Z,5.204014,115.561138,Cloud to Ground,15337,0,7
2026-08-31T11:56:32.498914191Z,20.410594,120.071532,Cloud to Ground,26388,0,11
2026-08-31T11:56:34.978967561Z,9.766792,119.38352,Cloud to Cloud,13385,5692,9
2026-08-31T11:56:34.976785000Z,9.8577,119.3287,Cloud to Ground,17995,0,8
2026-08-31T11:56:34.147183817Z,5.202917,115.593338,Cloud to Ground,-13673,0,6
2026-08-31T11:56:34.763543759Z,6.863171,117.316714,Cloud to Cloud,-16717,7157,7
2026-08-31T11:56:34.785583012Z,6.816116,117.296857,Cloud to Ground,17852,0,17
2026-08-31T11:56:35.209599868Z,6.677293,117.233964,Cloud to Cloud,5629,3114,7
2026-08-31T11:56:35.755668132Z,18.632309,116.937922,Cloud to Cloud,-18003,3012,15
2026-08-31T11:56:35.759077325Z,18.641473,116.945654,Cloud to Ground,22045,0,9
2026-08-31T11:56:36.118298573Z,6.905343,117.4598,Cloud to Ground,32997,0,12
2026-08-31T11:56:36.468912086Z,6.788683,117.377524,Cloud to Ground,14498,0,10
2026-08-31T11:56:36.814217522Z,6.790297,117.385097,Cloud to Ground,15130,0,9
2026-08-31T11:56:36.557360748Z,6.792968,117.401447,Cloud to Ground,19366,0,8
2026-08-31T11:56:36.496231568Z,6.817033,117.431404,Cloud to Ground,26564,0,8
2026-08-31T11:56:36.222454966Z,6.809738,117.443227,Cloud to Ground,54035,0,16
2026-08-31T11:56:36.542587253Z,14.339866,134.462047,Cloud to Ground,-15622,0,10
2026-08-31T11:56:36.679356883Z,14.350751,134.452719,Cloud to Ground,-13429,0,11
2026-08-31T11:56:36.486650876Z,19.644435,119.917949,Cloud to Cloud,7069,19051,5
2026-08-31T11:56:37.487034058Z,6.204678,117.922809,Cloud to Cloud,-9180,3268,11
2026-08-31T11:56:45.536201248Z,6.683683,117.365105,Cloud to Ground,31900,0,11
2026-08-31T11:56:49.443518810Z,6.913233,117.312871,Cloud to Ground,23836,0,8
2026-08-31T11:56:48.848456096Z,6.767565,117.371086,Cloud to Cloud,-12419,15463,7
2026-08-31T11:56:48.501334114Z,6.827082,117.279065,Cloud to Cloud,9885,19624,6
2026-08-31T11:56:48.832944646Z,6.719716,117.2763,Cloud to Cloud,12663,16159,8
2026-08-31T11:56:48.628570362Z,6.891312,117.270002,Cloud to Ground,15012,0,7
2026-08-31T11:56:48.810203301Z,6.720812,117.279946,Cloud to Cloud,15331,7057,7
2026-08-31T11:56:48.597753858Z,6.817041,117.356143,Cloud to Ground,31512,0,13
2026-08-31T11:56:48.537578000Z,6.7846,117.2762,Cloud to Ground,34345,0,5
2026-08-31T11:56:48.455631952Z,6.862572,117.315635,Cloud to Ground,34622,0,7
2026-08-31T11:56:48.482205000Z,6.8394,117.3133,Cloud to Ground,41813,0,6
2026-08-31T11:56:48.525123350Z,6.82527,117.354544,Cloud to Ground,47945,0,18
2026-08-31T11:56:49.297205504Z,6.814185,117.281763,Cloud to Ground,64631,0,14
2026-08-31T11:56:49.268248395Z,5.190977,115.51626,Cloud to Ground,-30697,0,11
2026-08-31T11:56:49.645107000Z,5.2401,115.5176,Cloud to Ground,-28156,0,7
2026-08-31T11:56:49.214768683Z,5.310222,115.559525,Cloud to Cloud,-20339,13627,10
2026-08-31T11:56:49.503729424Z,5.226689,115.564492,Cloud to Cloud,9013,5447,7
2026-08-31T11:56:50.932442523Z,6.783421,117.559177,Cloud to Ground,20181,0,8
2026-08-31T11:56:50.979279638Z,3.003411,115.761703,Cloud to Ground,-29122,0,24
2026-08-31T11:56:50.654268000Z,18.6733,118.0872,Cloud to Ground,-8576,0,8
2026-08-31T11:56:51.323780083Z,5.264173,115.569671,Cloud to Ground,-14045,0,7
2026-08-31T11:56:51.648839176Z,6.845954,117.471942,Cloud to Cloud,10572,4792,8
2026-08-31T11:56:51.803380139Z,6.734325,117.452727,Cloud to Cloud,8186,7169,7
2026-08-31T11:56:51.759919327Z,19.465318,119.436985,Cloud to Cloud,5046,4792,5
2026-08-31T11:56:52.478666001Z,6.834673,117.386644,Cloud to Cloud,-32327,5362,15
2026-08-31T11:56:52.343908048Z,6.93303,117.446011,Cloud to Ground,-10841,0,8
2026-08-31T11:56:53.800653680Z,6.670668,117.522796,Cloud to Cloud,21691,16355,7
2026-08-31T11:56:53.884477790Z,5.652542,117.261158,Cloud to Ground,12247,0,9
2026-08-31T11:56:54.595495966Z,5.633652,117.265172,Cloud to Ground,14676,0,7
2026-08-31T11:56:53.818738509Z,5.55166,117.271351,Cloud to Ground,20429,0,12
2026-08-31T11:56:53.947022549Z,5.552169,117.269848,Cloud to Ground,24132,0,15
2026-08-31T11:56:54.286297161Z,5.544126,117.243065,Cloud to Ground,24447,0,9
2026-08-31T11:56:53.758490215Z,5.557412,117.282738,Cloud to Ground,54511,0,18
2026-08-31T11:56:53.634769969Z,5.266158,115.524397,Cloud to Cloud,17486,3182,10
2026-08-31T11:56:53.574383270Z,5.337357,115.515464,Cloud to Cloud,24761,3062,9
2026-08-31T11:56:53.826082576Z,6.822504,117.465509,Cloud to Cloud,19074,3018,8
2026-08-31T11:56:53.853021014Z,6.854676,117.41438,Cloud to Cloud,19161,6099,7
2026-08-31T11:56:53.732218054Z,6.105783,117.86396,Cloud to Cloud,20520,11049,9
2026-08-31T11:56:53.115880327Z,19.647467,119.792976,Cloud to Cloud,5200,3013,6
2026-08-31T11:56:53.228437273Z,19.651174,119.808971,Cloud to Cloud,6308,19776,7
2026-08-31T11:56:54.415724996Z,5.193384,115.539539,Cloud to Ground,-13384,0,7
2026-08-31T11:56:54.328637217Z,5.277457,115.645613,Cloud to Ground,-16262,0,11
2026-08-31T11:56:54.532260317Z,15.670471,132.245307,Cloud to Ground,-45281,0,10
2026-08-31T11:56:54.797243000Z,15.7087,132.3635,Cloud to Ground,26645,0,8
2026-08-31T11:56:54.707270496Z,15.724876,132.428121,Cloud to Ground,34666,0,11
2026-08-31T11:56:54.623441822Z,15.671942,132.45176,Cloud to Ground,50438,0,7
2026-08-31T11:56:54.742298000Z,15.7774,132.2281,Cloud to Ground,-18076,0,7
2026-08-31T11:56:56.114705745Z,6.962108,117.285605,Cloud to Ground,20384,0,6
2026-08-31T11:56:56.442049470Z,6.983574,117.31081,Cloud to Cloud,22067,18370,6
2026-08-31T11:56:55.944383887Z,6.861586,117.331014,Cloud to Ground,29916,0,17
2026-08-31T11:56:56.078157167Z,6.846516,117.263708,Cloud to Ground,31812,0,8
2026-08-31T11:56:56.409278028Z,6.914974,117.326434,Cloud to Ground,32820,0,7
2026-08-31T11:56:55.893212152Z,6.832598,117.220294,Cloud to Ground,42837,0,6
2026-08-31T11:56:56.030524671Z,6.863365,117.345366,Cloud to Ground,46087,0,22
2026-08-31T11:56:56.343198559Z,6.855179,117.292258,Cloud to Ground,47440,0,16
2026-08-31T11:56:55.977021862Z,6.976885,117.306144,Cloud to Ground,53152,0,7
2026-08-31T11:56:55.709373064Z,14.114906,134.794324,Cloud to Ground,18445,0,9
2026-08-31T11:56:55.712410000Z,14.1864,134.6901,Cloud to Ground,11918,0,7
2026-08-31T11:56:56.178828626Z,4.07241,115.112326,Cloud to Cloud,16449,16033,9
2026-08-31T11:56:56.780006131Z,14.031128,134.636673,Cloud to Ground,-34102,0,7
2026-08-31T11:56:56.538101041Z,14.197385,134.281891,Cloud to Ground,-27538,0,12
2026-08-31T11:56:56.537663387Z,14.237043,134.290242,Cloud to Ground,-19244,0,9
2026-08-31T11:56:56.777937819Z,14.328248,134.606649,Cloud to Ground,-13668,0,10
2026-08-31T11:56:57.391480419Z,6.845779,117.499952,Cloud to Cloud,-18807,5128,9
2026-08-31T11:56:57.215913000Z,6.9239,117.44,Cloud to Ground,3792,0,11
2026-08-31T11:56:57.320290650Z,6.659133,117.360208,Cloud to Ground,14541,0,14
2026-08-31T11:56:57.120565374Z,15.50967,132.430071,Cloud to Ground,26683,0,9
2026-08-31T11:56:57.500032000Z,22.5674,112.729,Cloud to Ground,15533,0,8
2026-08-31T11:56:58.846967000Z,18.9801,118.547,Cloud to Ground,-10473,0,6
2026-08-31T11:56:59.410437192Z,6.906038,117.462024,Cloud to Cloud,12452,3110,7
2026-08-31T11:56:59.177186128Z,6.832785,117.357844,Cloud to Ground,23611,0,8
2026-08-31T11:56:59.193955668Z,10.821828,120.581359,Cloud to Ground,-7605,0,7
2026-08-31T11:56:59.083614000Z,11.0903,120.6267,Cloud to Ground,-12889,0,8
2026-08-31T11:57:00.060549999Z,15.752128,132.394676,Cloud to Ground,-11707,0,8
2026-08-31T11:57:01.601607914Z,5.2251,115.489222,Cloud to Ground,-13611,0,8
2026-08-31T11:57:02.830952888Z,6.90998,117.480017,Cloud to Ground,33585,0,7
2026-08-31T11:57:02.693630533Z,6.903577,117.471948,Cloud to Ground,50504,0,7
2026-08-31T11:57:02.793446895Z,6.835686,117.613457,Cloud to Ground,-18858,0,8
2026-08-31T11:57:03.000630122Z,6.844117,117.374869,Cloud to Cloud,10909,3010,6
2026-08-31T11:57:03.370391333Z,6.765461,117.419484,Cloud to Ground,11367,0,7
2026-08-31T11:57:02.725441544Z,6.849284,117.371337,Cloud to Ground,16394,0,7
2026-08-31T11:57:02.493044392Z,6.878595,117.359783,Cloud to Cloud,21814,17338,12
2026-08-31T11:57:02.537168035Z,6.789335,117.405226,Cloud to Ground,23461,0,7
2026-08-31T11:57:02.624063698Z,6.793097,117.535019,Cloud to Ground,31601,0,24
2026-08-31T11:57:03.143891899Z,6.781563,117.468495,Cloud to Ground,32894,0,14
2026-08-31T11:57:02.488504048Z,6.790736,117.521508,Cloud to Ground,41793,0,17
2026-08-31T11:57:04.168499295Z,6.187753,117.93713,Cloud to Ground,-13764,0,9
2026-08-31T11:57:04.443035250Z,5.249109,115.609728,Cloud to Ground,11677,0,10
2026-08-31T11:57:04.268017697Z,6.799337,117.453958,Cloud to Cloud,-15513,4014,10
2026-08-31T11:57:05.748518569Z,20.756101,121.024438,Cloud to Ground,-26052,0,11
2026-08-31T11:57:05.840328000Z,21.025,121.0764,Cloud to Ground,-44240,0,6
2026-08-31T11:57:07.619951530Z,5.269407,115.553447,Cloud to Ground,20103,0,9
2026-08-31T11:57:09.012877486Z,6.290763,117.869156,Cloud to Cloud,14650,17541,6
2026-08-31T11:57:09.702458586Z,6.766051,117.531857,Cloud to Ground,32510,0,11
2026-08-31T11:57:09.805209517Z,5.163351,115.521232,Cloud to Ground,-13195,0,12
2026-08-31T11:57:10.024198465Z,5.231747,115.552647,Cloud to Cloud,8885,3092,6
2026-08-31T11:57:09.940293397Z,5.176892,115.555615,Cloud to Cloud,14190,7382,6
2026-08-31T11:57:09.785249148Z,17.190122,113.681009,Cloud to Cloud,-19774,12115,8
2026-08-31T11:57:09.767706574Z,17.196933,113.638966,Cloud to Cloud,-17133,17643,11
2026-08-31T11:57:09.757998653Z,17.177325,113.670588,Cloud to Ground,13507,0,7
2026-08-31T11:57:09.753183675Z,17.193424,113.666519,Cloud to Ground,18354,0,9
2026-08-31T11:57:09.752195266Z,17.190372,113.648737,Cloud to Ground,32211,0,15
2026-08-31T11:57:09.750875796Z,17.190271,113.663144,Cloud to Ground,37237,0,14
2026-08-31T11:57:10.465159144Z,2.867964,115.674585,Cloud to Cloud,-14336,6791,13
2026-08-31T11:57:11.474664621Z,6.793567,117.326089,Cloud to Cloud,-14584,3003,7
2026-08-31T11:57:11.821908477Z,6.840418,117.418306,Cloud to Cloud,14732,16192,7
2026-08-31T11:57:11.478710872Z,6.907877,117.406691,Cloud to Ground,16629,0,12
2026-08-31T11:57:11.265366068Z,5.573523,117.186235,Cloud to Ground,31235,0,12
2026-08-31T11:57:11.836455876Z,6.633159,117.331793,Cloud to Cloud,20701,3474,7
2026-08-31T11:57:11.293667934Z,5.742939,117.226575,Cloud to Cloud,-18510,3643,9
2026-08-31T11:57:12.162845527Z,5.634308,117.220296,Cloud to Cloud,9707,6193,7
2026-08-31T11:57:12.068906188Z,4.992191,116.955884,Cloud to Cloud,-15505,3122,17
2026-08-31T11:57:12.141169363Z,4.993592,116.902378,Cloud to Cloud,17964,4408,13
2026-08-31T11:57:13.276730266Z,6.830472,117.30996,Cloud to Cloud,-17262,19439,7
2026-08-31T11:57:13.572454250Z,6.792767,117.306418,Cloud to Cloud,-9012,5770,10
2026-08-31T11:57:13.966904026Z,6.833703,117.467418,Cloud to Ground,-26352,0,11
2026-08-31T11:57:13.478872107Z,6.908889,117.373625,Cloud to Cloud,13474,3064,7
2026-08-31T11:57:14.056643377Z,5.365468,115.770688,Cloud to Cloud,-12673,3004,9
2026-08-31T11:57:14.081960049Z,6.633579,117.268951,Cloud to Cloud,4668,3294,7
2026-08-31T11:57:14.992925137Z,6.152953,117.933098,Cloud to Ground,-20672,0,9
2026-08-31T11:57:15.084549705Z,6.212743,117.939378,Cloud to Ground,22493,0,11
2026-08-31T11:57:15.052362782Z,6.117507,117.937779,Cloud to Ground,24022,0,14
2026-08-31T11:57:15.400827041Z,6.127109,117.886324,Cloud to Ground,26489,0,12
2026-08-31T11:57:15.012498064Z,6.21755,117.942412,Cloud to Ground,83403,0,19
2026-08-31T11:57:15.308132077Z,6.791526,117.520708,Cloud to Ground,21017,0,9
2026-08-31T11:57:16.658033963Z,6.701643,117.500105,Cloud to Ground,23302,0,6
2026-08-31T11:57:16.526166328Z,6.799298,117.2528,Cloud to Ground,-17808,0,11
2026-08-31T11:57:16.376982032Z,6.80532,117.293604,Cloud to Ground,-11000,0,8
2026-08-31T11:57:16.962247800Z,6.802022,117.277056,Cloud to Cloud,-9946,3014,6
2026-08-31T11:57:16.660626215Z,14.595365,133.84446,Cloud to Ground,45929,0,13
2026-08-31T11:57:16.813688000Z,14.6837,133.7244,Cloud to Ground,-7820,0,8
2026-08-31T11:57:17.396058633Z,5.429849,115.668932,Cloud to Cloud,16611,14706,11
2026-08-31T11:57:17.326032458Z,5.357306,115.663121,Cloud to Ground,17629,0,7
2026-08-31T11:57:17.521963596Z,5.426495,115.676318,Cloud to Cloud,18445,15009,6
2026-08-31T11:57:19.044733000Z,6.839,117.9384,Cloud to Ground,-23632,0,8
2026-08-31T11:57:18.745531849Z,6.853723,117.902693,Cloud to Cloud,24431,3010,7
2026-08-31T11:57:18.747966065Z,6.726823,117.884948,Cloud to Cloud,-6940,6651,6
2026-08-31T11:57:18.634496036Z,15.425842,132.761183,Cloud to Ground,19464,0,7
2026-08-31T11:57:19.573689443Z,6.813072,117.468783,Cloud to Ground,20068,0,7
2026-08-31T11:57:19.362955850Z,6.805256,117.420339,Cloud to Ground,22784,0,11
2026-08-31T11:57:19.449437391Z,6.813464,117.475066,Cloud to Ground,24474,0,10
2026-08-31T11:57:19.500780112Z,6.952809,117.503605,Cloud to Ground,23047,0,9
2026-08-31T11:57:19.625799464Z,7.040635,117.509231,Cloud to Ground,24010,0,7
2026-08-31T11:57:19.554909373Z,6.917911,117.464648,Cloud to Ground,41765,0,7
2026-08-31T11:57:19.823060151Z,14.362534,134.452785,Cloud to Ground,-20438,0,8
2026-08-31T11:57:19.480239373Z,14.361258,134.674026,Cloud to Ground,-25455,0,8
2026-08-31T11:57:20.051795381Z,14.370643,134.588159,Cloud to Ground,15863,0,8
2026-08-31T11:57:19.888569367Z,14.399637,134.638895,Cloud to Ground,30082,0,7
2026-08-31T11:57:19.474574607Z,14.329977,134.650651,Cloud to Ground,64251,0,12
2026-08-31T11:57:19.232319371Z,15.731462,132.350342,Cloud to Ground,15472,0,6
2026-08-31T11:57:19.210406389Z,10.768794,120.534933,Cloud to Ground,55824,0,8
2026-08-31T11:57:20.090620800Z,5.169024,115.554591,Cloud to Cloud,9299,13944,8
2026-08-31T11:57:20.973162206Z,5.23028,115.461414,Cloud to Cloud,12046,6781,12
2026-08-31T11:57:20.926155351Z,6.950288,117.360286,Cloud to Cloud,7601,16819,8
2026-08-31T11:57:20.478604788Z,14.279836,134.557818,Cloud to Ground,25840,0,7
2026-08-31T11:57:20.537479000Z,12.6503,121.9477,Cloud to Ground,-18211,0,6
2026-08-31T11:57:22.225837300Z,6.074531,117.844906,Cloud to Cloud,-11421,13159,8
2026-08-31T11:57:22.105263450Z,6.115822,118.012544,Cloud to Ground,-12134,0,16
2026-08-31T11:57:22.142795672Z,6.103239,117.952459,Cloud to Ground,21232,0,12
2026-08-31T11:57:22.749675831Z,4.058181,115.03801,Cloud to Ground,10958,0,6
2026-08-31T11:57:23.564828136Z,5.299066,117.035324,Cloud to Ground,-10018,0,7
2026-08-31T11:57:22.648915712Z,6.827369,117.582389,Cloud to Ground,-17687,0,9
2026-08-31T11:57:23.242865684Z,6.830258,117.530564,Cloud to Ground,13376,0,7
2026-08-31T11:57:23.148397115Z,6.78344,117.575374,Cloud to Ground,48425,0,11
2026-08-31T11:57:23.139522018Z,19.54732,120.528304,Cloud to Cloud,17198,19147,8
2026-08-31T11:57:24.727796006Z,6.266961,117.805646,Cloud to Ground,20907,0,16
2026-08-31T11:57:25.263079136Z,6.338408,117.753406,Cloud to Ground,25341,0,7
2026-08-31T11:57:24.728677746Z,6.297262,117.787829,Cloud to Ground,35006,0,10
2026-08-31T11:57:24.772457301Z,5.298439,115.533406,Cloud to Ground,-16212,0,12
2026-08-31T11:57:24.145295854Z,5.593362,117.285102,Cloud to Ground,16197,0,14
2026-08-31T11:57:25.055754810Z,6.86029,117.421172,Cloud to Ground,24833,0,11
2026-08-31T11:57:25.112673613Z,6.377009,117.887326,Cloud to Ground,29852,0,15
2026-08-31T11:57:25.010837631Z,6.060227,117.884509,Cloud to Ground,11288,0,8
2026-08-31T11:57:24.970407412Z,6.130793,117.848721,Cloud to Cloud,11723,3026,8
2026-08-31T11:57:25.184132098Z,6.053281,117.891618,Cloud to Ground,20616,0,8
2026-08-31T11:57:25.655314556Z,5.25188,115.551811,Cloud to Ground,-14418,0,6
2026-08-31T11:57:25.434024548Z,18.646543,117.028981,Cloud to Cloud,14468,3092,7
2026-08-31T11:57:26.615080545Z,5.53602,117.20185,Cloud to Ground,-11525,0,8
2026-08-31T11:57:26.700179627Z,5.580363,117.186275,Cloud to Ground,20072,0,13
2026-08-31T11:57:26.552987960Z,6.891412,117.23365,Cloud to Cloud,17028,16132,7
2026-08-31T11:57:26.021873573Z,5.31435,115.476426,Cloud to Cloud,-10384,15044,15
2026-08-31T11:57:26.360891361Z,15.699859,132.385816,Cloud to Ground,-76262,0,9
2026-08-31T11:57:27.081316037Z,7.036667,117.211885,Cloud to Cloud,-15612,12320,8
2026-08-31T11:57:27.785838000Z,6.1521,117.9043,Cloud to Ground,-23295,0,6
2026-08-31T11:57:27.636266118Z,6.161589,117.906982,Cloud to Ground,48468,0,14
2026-08-31T11:57:27.688146350Z,6.243631,117.917217,Cloud to Ground,86903,0,6
2026-08-31T11:57:27.602343478Z,15.728405,132.360706,Cloud to Ground,-15887,0,6
2026-08-31T11:57:27.623952149Z,15.704831,132.426835,Cloud to Ground,-15419,0,7
2026-08-31T11:57:27.637669109Z,6.792263,117.371715,Cloud to Ground,25706,0,8
2026-08-31T11:57:28.171336860Z,6.823766,117.436089,Cloud to Ground,39902,0,15
2026-08-31T11:57:28.062672747Z,6.821258,117.368431,Cloud to Ground,54034,0,9
2026-08-31T11:57:28.385949000Z,6.8822,117.544,Cloud to Ground,58320,0,6
2026-08-31T11:57:28.035368767Z,14.25287,134.090305,Cloud to Ground,-14623,0,9
2026-08-31T11:57:29.959970014Z,6.878799,117.268491,Cloud to Ground,30326,0,14
2026-08-31T11:57:30.030547488Z,22.397406,112.572744,Cloud to Ground,29544,0,16
2026-08-31T11:57:30.095500000Z,22.4601,112.6998,Cloud to Ground,19764,0,9
2026-08-31T11:57:32.845084964Z,3.070243,115.075405,Cloud to Ground,17520,0,14
2026-08-31T11:57:32.776695133Z,19.133293,113.992432,Cloud to Cloud,16241,3111,8
2026-08-31T11:57:33.404514324Z,6.075829,117.999791,Cloud to Cloud,-13178,11856,9
2026-08-31T11:57:33.277450759Z,5.568273,117.262446,Cloud to Cloud,-11564,3044,7
2026-08-31T11:57:34.020503669Z,6.796391,117.400794,Cloud to Ground,-21852,0,11
2026-08-31T11:57:33.655929574Z,6.760003,117.386196,Cloud to Ground,24776,0,6
2026-08-31T11:57:33.614363165Z,6.794504,117.484512,Cloud to Ground,29495,0,10
2026-08-31T11:57:33.482969548Z,6.768101,117.435798,Cloud to Ground,32998,0,10
2026-08-31T11:57:33.538238994Z,5.301139,115.583616,Cloud to Ground,28491,0,15
2026-08-31T11:57:33.628900475Z,5.305315,115.579513,Cloud to Ground,28503,0,19
2026-08-31T11:57:33.672983920Z,5.301834,115.585123,Cloud to Ground,36386,0,23
2026-08-31T11:57:33.601156498Z,5.305577,115.591228,Cloud to Ground,41463,0,16
2026-08-31T11:57:33.711910797Z,14.331992,134.363147,Cloud to Ground,-30160,0,16
2026-08-31T11:57:33.821045397Z,14.292626,134.366274,Cloud to Ground,-15223,0,11
2026-08-31T11:57:33.939399256Z,15.65224,132.6683,Cloud to Ground,-23090,0,10
2026-08-31T11:57:33.820256822Z,14.248224,134.483973,Cloud to Ground,22041,0,8
2026-08-31T11:57:33.748523696Z,18.683632,126.99208,Cloud to Cloud,34985,3002,12
2026-08-31T11:57:34.355842503Z,6.8882,117.361575,Cloud to Cloud,-23693,6782,11
2026-08-31T11:57:33.560651000Z,6.8888,117.4925,Cloud to Ground,25441,0,6
2026-08-31T11:57:34.019697370Z,6.89766,117.469012,Cloud to Ground,44889,0,9
2026-08-31T11:57:36.772435348Z,6.96157,117.246338,Cloud to Cloud,7311,16509,7
2026-08-31T11:57:36.900673328Z,6.910358,117.465496,Cloud to Ground,24095,0,9
2026-08-31T11:57:36.410483031Z,6.843552,117.184322,Cloud to Cloud,11465,19697,7
2026-08-31T11:57:36.516087356Z,6.843786,117.183742,Cloud to Ground,13075,0,7
2026-08-31T11:57:37.097776669Z,6.85306,117.229235,Cloud to Ground,15413,0,7
2026-08-31T11:57:36.982573156Z,6.852318,117.230662,Cloud to Cloud,21330,17357,7
2026-08-31T11:57:36.715560042Z,6.84686,117.199946,Cloud to Cloud,23262,7823,7
2026-08-31T11:57:36.468136231Z,6.873979,117.213814,Cloud to Ground,47070,0,9
2026-08-31T11:57:36.268749803Z,6.857471,117.267942,Cloud to Ground,60230,0,16
2026-08-31T11:57:36.488183951Z,5.333442,115.544815,Cloud to Cloud,11067,3008,11
2026-08-31T11:57:37.134675538Z,5.343949,115.632047,Cloud to Ground,11338,0,8
2026-08-31T11:57:36.610829490Z,5.238987,115.502935,Cloud to Ground,15905,0,6
2026-08-31T11:57:36.813615816Z,5.260179,115.519776,Cloud to Ground,25884,0,8
2026-08-31T11:57:36.720985758Z,5.286744,115.562688,Cloud to Ground,47466,0,13
2026-08-31T11:57:37.000012982Z,6.772022,117.429428,Cloud to Ground,20401,0,7
2026-08-31T11:57:37.089043886Z,6.737061,117.388282,Cloud to Ground,30172,0,13
2026-08-31T11:57:37.696996910Z,5.281288,115.5506,Cloud to Cloud,-19354,4227,12
2026-08-31T11:57:37.846654589Z,5.269942,115.520982,Cloud to Cloud,-13965,6578,7
2026-08-31T11:57:37.869110165Z,5.274635,115.616761,Cloud to Ground,-13219,0,7
2026-08-31T11:57:38.567562961Z,5.332466,116.889098,Cloud to Cloud,15702,3016,8
2026-08-31T11:57:38.733134033Z,14.270686,134.624809,Cloud to Ground,18709,0,9
2026-08-31T11:57:38.299521517Z,14.209919,134.696235,Cloud to Ground,26013,0,8
2026-08-31T11:57:39.864620640Z,14.665811,133.81009,Cloud to Ground,-14234,0,10
2026-08-31T11:57:40.885845577Z,6.813925,117.651304,Cloud to Ground,-21872,0,7
2026-08-31T11:57:41.073200184Z,6.832247,117.406329,Cloud to Cloud,-18496,16915,9
2026-08-31T11:57:40.429070725Z,6.727441,117.471792,Cloud to Ground,14413,0,8
2026-08-31T11:57:41.191972684Z,6.727227,117.43343,Cloud to Cloud,14706,18541,7
2026-08-31T11:57:40.582359660Z,6.781159,117.476371,Cloud to Ground,15263,0,7
2026-08-31T11:57:40.396585723Z,6.809539,117.416477,Cloud to Ground,16782,0,11
2026-08-31T11:57:40.964622220Z,6.777537,117.441551,Cloud to Cloud,17447,3111,7
2026-08-31T11:57:40.363708793Z,6.883443,117.548459,Cloud to Cloud,27061,5257,12
2026-08-31T11:57:40.424414338Z,6.782249,117.475353,Cloud to Ground,28227,0,11
2026-08-31T11:57:40.546323457Z,6.827684,117.465692,Cloud to Ground,32283,0,8
2026-08-31T11:57:40.501848382Z,6.88854,117.481067,Cloud to Ground,45189,0,7
2026-08-31T11:57:40.540039493Z,5.568089,115.518451,Cloud to Cloud,12802,13443,10
2026-08-31T11:57:40.540788000Z,5.517629,115.530009,Cloud to Ground,13505,0,8
2026-08-31T11:57:41.457763748Z,6.678668,117.247744,Cloud to Ground,16358,0,8
2026-08-31T11:57:41.735758604Z,5.252248,115.565157,Cloud to Ground,16773,0,11
2026-08-31T11:57:41.692000472Z,5.251257,115.56509,Cloud to Ground,16947,0,13
2026-08-31T11:57:41.458800380Z,6.765576,117.32702,Cloud to Ground,-16812,0,11
2026-08-31T11:57:43.263098790Z,6.003381,117.93206,Cloud to Cloud,-15207,5989,10
2026-08-31T11:57:43.406316201Z,6.090512,117.957166,Cloud to Ground,26851,0,7
2026-08-31T11:57:43.312000097Z,18.08272,133.293622,Cloud to Ground,-17890,0,10
2026-08-31T11:57:44.262797942Z,14.235591,134.51423,Cloud to Ground,22183,0,9
2026-08-31T11:57:45.637526258Z,6.658268,117.578046,Cloud to Cloud,38140,3009,8
2026-08-31T11:57:45.860611466Z,6.758043,117.470742,Cloud to Cloud,-14974,3451,12
2026-08-31T11:57:47.252381169Z,5.325066,115.617947,Cloud to Cloud,10071,4374,7
2026-08-31T11:57:47.001918493Z,5.32174,115.60241,Cloud to Ground,23579,0,19
2026-08-31T11:57:47.190014613Z,5.245318,115.612136,Cloud to Ground,27534,0,6
2026-08-31T11:57:46.849633277Z,5.244875,115.615777,Cloud to Ground,29918,0,8
2026-08-31T11:57:46.352126035Z,17.970715,133.542347,Cloud to Ground,24738,0,9
2026-08-31T11:57:47.551051974Z,15.702888,132.397638,Cloud to Ground,-3957,0,9
2026-08-31T11:57:48.139388920Z,6.095803,118.010873,Cloud to Cloud,-14873,5497,13
2026-08-31T11:57:48.109045463Z,6.118191,118.024573,Cloud to Cloud,-14137,6076,10
2026-08-31T11:57:48.091959968Z,6.009024,117.813283,Cloud to Ground,15626,0,8
2026-08-31T11:57:48.386175149Z,5.264968,115.508154,Cloud to Cloud,14623,6813,8
2026-08-31T11:57:49.788650438Z,6.80257,117.506677,Cloud to Ground,13639,0,9
2026-08-31T11:57:49.884831386Z,6.815974,117.513528,Cloud to Ground,14319,0,9
2026-08-31T11:57:49.772275392Z,6.708945,117.274557,Cloud to Cloud,12968,11503,8
2026-08-31T11:57:49.768101505Z,6.71851,117.407399,Cloud to Ground,17971,0,9
2026-08-31T11:57:49.737748907Z,6.748058,117.384509,Cloud to Ground,32804,0,9
2026-08-31T11:57:49.387960479Z,6.644178,118.011734,Cloud to Cloud,21593,13960,8
2026-08-31T11:57:49.620922012Z,5.231219,115.558979,Cloud to Cloud,9351,3125,6
2026-08-31T11:57:49.668483710Z,4.074239,114.995105,Cloud to Ground,22103,0,9
2026-08-31T11:57:49.564206292Z,4.164519,115.022064,Cloud to Ground,-24860,0,12
2026-08-31T11:57:49.980808351Z,22.511721,112.535384,Cloud to Cloud,-19008,4393,9
2026-08-31T11:57:51.537040680Z,5.753323,117.261462,Cloud to Cloud,6801,5242,7
2026-08-31T11:57:51.408424451Z,5.556473,117.127039,Cloud to Cloud,5952,18504,7
2026-08-31T11:57:51.361580949Z,14.247204,134.644467,Cloud to Ground,45735,0,16
2026-08-31T11:57:52.697156224Z,14.310076,134.581071,Cloud to Ground,-26976,0,16
2026-08-31T11:57:52.321890769Z,14.389714,134.649834,Cloud to Ground,-23911,0,13
2026-08-31T11:57:52.335039857Z,14.291161,134.688442,Cloud to Ground,-14470,0,9
2026-08-31T11:57:52.426122092Z,14.360604,134.658449,Cloud to Ground,18160,0,7
2026-08-31T11:57:52.568802351Z,14.310461,134.673694,Cloud to Ground,33241,0,8
2026-08-31T11:57:52.380077965Z,14.367926,134.633703,Cloud to Ground,40513,0,10
2026-08-31T11:57:52.490224283Z,14.341136,134.654455,Cloud to Ground,57507,0,9
2026-08-31T11:57:52.528695000Z,14.3792,134.4256,Cloud to Ground,-16982,0,8
2026-08-31T11:57:52.452185000Z,14.379,134.4853,Cloud to Ground,-7517,0,5
2026-08-31T11:57:52.848283065Z,15.743131,132.400919,Cloud to Ground,-16915,0,6
2026-08-31T11:57:52.873960918Z,15.701117,132.375524,Cloud to Ground,19176,0,10
2026-08-31T11:57:53.877678975Z,6.693721,117.66004,Cloud to Cloud,10423,4990,9
2026-08-31T11:57:53.656162746Z,6.875336,117.668933,Cloud to Cloud,13477,3114,11
2026-08-31T11:57:53.857447100Z,6.928739,117.579211,Cloud to Cloud,-12075,6535,9
2026-08-31T11:57:53.664105113Z,6.799967,117.524581,Cloud to Cloud,14083,15243,8
2026-08-31T11:57:53.693463000Z,6.8848,117.5184,Cloud to Ground,23575,0,6
2026-08-31T11:57:53.302428774Z,6.202203,117.925029,Cloud to Cloud,-12091,18913,6
2026-08-31T11:57:53.487127424Z,15.609793,132.594129,Cloud to Ground,-27697,0,6
2026-08-31T11:57:53.205708338Z,15.545567,132.488208,Cloud to Ground,-14971,0,8
2026-08-31T11:57:53.493669333Z,15.551877,132.674991,Cloud to Ground,-22767,0,7
2026-08-31T11:57:53.213983884Z,15.650267,132.702546,Cloud to Ground,-16604,0,12
2026-08-31T11:57:53.919317000Z,22.4789,112.7191,Cloud to Ground,21517,0,9
2026-08-31T11:57:53.985869389Z,22.44431,112.778552,Cloud to Ground,37650,0,14
2026-08-31T11:57:54.576337171Z,6.802758,117.489055,Cloud to Cloud,13277,7541,11
2026-08-31T11:57:55.968594655Z,6.884089,117.36147,Cloud to Cloud,-10553,3011,7
2026-08-31T11:57:55.335625788Z,6.837309,117.402411,Cloud to Ground,14357,0,5
2026-08-31T11:57:55.490389167Z,6.837762,117.38452,Cloud to Ground,19265,0,7
2026-08-31T11:57:55.573359954Z,6.833981,117.443628,Cloud to Cloud,33942,15151,6
2026-08-31T11:57:55.199650690Z,5.162497,115.516336,Cloud to Cloud,-11961,3221,17
2026-08-31T11:57:56.043748900Z,5.602067,117.244745,Cloud to Ground,25190,0,7
2026-08-31T11:57:57.452856816Z,5.287706,115.510348,Cloud to Cloud,7254,3039,6
2026-08-31T11:57:57.128504407Z,6.119368,117.870885,Cloud to Ground,12266,0,8
2026-08-31T11:57:58.510116295Z,14.632051,133.87812,Cloud to Ground,-16727,0,6
2026-08-31T11:57:58.201606666Z,14.560269,133.89686,Cloud to Cloud,23822,3036,9
2026-08-31T11:57:58.773607816Z,10.771014,120.582045,Cloud to Cloud,13333,4843,12
2026-08-31T11:58:00.994835817Z,5.589945,117.312822,Cloud to Ground,24255,0,9
2026-08-31T11:58:00.024771130Z,6.25255,117.864351,Cloud to Cloud,12173,3031,7
2026-08-31T11:58:00.541407592Z,20.891661,121.07361,Cloud to Cloud,-10251,8189,16
2026-08-31T11:58:00.359476662Z,20.851899,121.051263,Cloud to Ground,11261,0,6
2026-08-31T11:58:00.315955832Z,20.851055,121.051699,Cloud to Ground,11523,0,7
2026-08-31T11:58:00.444083222Z,20.911452,121.054491,Cloud to Ground,29507,0,14
2026-08-31T11:58:01.891263749Z,5.552812,117.216696,Cloud to Cloud,-16868,6124,9
2026-08-31T11:58:01.913651308Z,5.564419,117.127298,Cloud to Cloud,-16750,12063,7
2026-08-31T11:58:02.279670203Z,5.572363,117.275755,Cloud to Ground,19094,0,9
2026-08-31T11:58:03.291327304Z,6.790807,117.180834,Cloud to Ground,26243,0,14
2026-08-31T11:58:03.989948953Z,6.797812,117.275258,Cloud to Cloud,15196,6802,8
2026-08-31T11:58:03.968328764Z,6.797527,117.274509,Cloud to Ground,21795,0,8
2026-08-31T11:58:04.111077918Z,6.90166,117.305932,Cloud to Ground,28133,0,7
2026-08-31T11:58:03.487150000Z,6.9433,117.3242,Cloud to Ground,28700,0,5
2026-08-31T11:58:04.477901399Z,6.799695,117.280274,Cloud to Ground,31410,0,10
2026-08-31T11:58:03.272407138Z,6.879143,117.358738,Cloud to Cloud,32884,13238,10
2026-08-31T11:58:04.668080067Z,6.85316,117.299976,Cloud to Ground,48331,0,7
2026-08-31T11:58:03.340937619Z,6.812299,117.314078,Cloud to Ground,60532,0,16
2026-08-31T11:58:03.209473994Z,6.817402,117.396136,Cloud to Ground,132496,0,22
2026-08-31T11:58:03.138947151Z,15.653944,132.378496,Cloud to Ground,37152,0,7
2026-08-31T11:58:04.506066093Z,6.760317,117.145688,Cloud to Ground,-21198,0,10
2026-08-31T11:58:04.344682179Z,6.839628,117.149315,Cloud to Cloud,16948,3036,14
2026-08-31T11:58:04.878558804Z,6.939805,117.331577,Cloud to Cloud,20119,3014,7
2026-08-31T11:58:04.446792821Z,15.72872,132.406342,Cloud to Cloud,-13458,4049,7
2026-08-31T11:58:04.248007709Z,14.216962,134.216141,Cloud to Ground,-19147,0,9
2026-08-31T11:58:04.206018333Z,14.26516,134.16875,Cloud to Ground,-12999,0,8
2026-08-31T11:58:06.683925801Z,6.797739,117.388345,Cloud to Cloud,-9359,3028,7
2026-08-31T11:58:06.630145823Z,6.798293,117.388565,Cloud to Cloud,-8471,10882,6
2026-08-31T11:58:06.742504041Z,6.930096,117.40764,Cloud to Ground,27062,0,9
2026-08-31T11:58:07.299029434Z,6.903509,117.584512,Cloud to Cloud,-11767,12272,7
2026-08-31T11:58:07.165340675Z,6.833981,117.629367,Cloud to Cloud,14640,16795,7
2026-08-31T11:58:07.067265044Z,6.913501,117.594275,Cloud to Cloud,16605,14124,8
2026-08-31T11:58:07.622708097Z,5.586752,117.375319,Cloud to Ground,-12740,0,9
2026-08-31T11:58:07.006627144Z,5.611987,117.288757,Cloud to Cloud,15321,3326,7
2026-08-31T11:58:07.295852229Z,14.251372,134.657047,Cloud to Ground,16029,0,8
2026-08-31T11:58:07.039569773Z,10.8758,118.733798,Cloud to Cloud,-9558,17944,9
2026-08-31T11:58:08.993881028Z,6.915643,117.376522,Cloud to Ground,-12827,0,7
2026-08-31T11:58:08.868715436Z,6.775515,117.445466,Cloud to Ground,-18057,0,10
2026-08-31T11:58:08.168700928Z,6.984399,117.484519,Cloud to Cloud,23035,10442,7
2026-08-31T11:58:08.186937106Z,6.747196,117.315356,Cloud to Cloud,6435,13419,7
2026-08-31T11:58:08.125460000Z,14.3347,134.5054,Cloud to Ground,2998,0,5
2026-08-31T11:58:09.819549237Z,18.081606,116.426897,Cloud to Ground,18945,0,8
2026-08-31T11:58:09.455877629Z,19.418069,113.992664,Cloud to Ground,18419,0,11
2026-08-31T11:58:10.991787059Z,6.752985,117.421356,Cloud to Ground,-5073,0,5
2026-08-31T11:58:10.272384000Z,10.9332,120.5514,Cloud to Ground,-8014,0,5
2026-08-31T11:58:11.429578368Z,6.1261,117.915469,Cloud to Ground,-46663,0,25
2026-08-31T11:58:11.272862778Z,6.112476,117.910696,Cloud to Ground,-40558,0,17
2026-08-31T11:58:11.754268000Z,6.242,117.9752,Cloud to Ground,-37570,0,8
2026-08-31T11:58:11.364954000Z,6.2293,117.9648,Cloud to Ground,-36167,0,9
2026-08-31T11:58:11.592474086Z,6.085889,117.882787,Cloud to Cloud,11232,11531,7
2026-08-31T11:58:11.469776836Z,6.090311,117.894996,Cloud to Cloud,13242,6641,7
2026-08-31T11:58:11.682170385Z,6.088509,117.884566,Cloud to Ground,14032,0,6
2026-08-31T11:58:12.517402402Z,6.089259,117.893931,Cloud to Ground,20477,0,8
2026-08-31T11:58:12.173186523Z,6.08938,117.892577,Cloud to Ground,20766,0,8
2026-08-31T11:58:11.842557000Z,6.160956,117.945572,Cloud to Ground,26312,0,7
2026-08-31T11:58:12.289584305Z,6.114827,117.91088,Cloud to Ground,36126,0,7
2026-08-31T11:58:11.302385830Z,6.109196,117.904346,Cloud to Ground,38611,0,10
2026-08-31T11:58:11.648212166Z,6.102568,117.93363,Cloud to Ground,46206,0,15
2026-08-31T11:58:11.220731813Z,6.09862,117.908831,Cloud to Ground,52342,0,10
2026-08-31T11:58:11.567763019Z,6.080908,117.87905,Cloud to Ground,63060,0,9
2026-08-31T11:58:11.563990847Z,4.078745,115.068015,Cloud to Ground,-15572,0,7
2026-08-31T11:58:11.333388451Z,5.583449,117.139826,Cloud to Cloud,18823,3015,7
2026-08-31T11:58:12.168232478Z,5.203181,115.46904,Cloud to Ground,-17150,0,8
2026-08-31T11:58:12.539334661Z,5.785637,117.28525,Cloud to Ground,27931,0,7
2026-08-31T11:58:12.024799127Z,14.265204,134.568485,Cloud to Cloud,-13366,7718,11
2026-08-31T11:58:13.828621372Z,6.77569,117.449792,Cloud to Ground,33283,0,9
2026-08-31T11:58:13.329426790Z,6.802422,117.527571,Cloud to Ground,36455,0,15
2026-08-31T11:58:14.455461495Z,5.283891,115.547178,Cloud to Cloud,-10935,7135,7
2026-08-31T11:58:14.374230496Z,5.191115,115.516597,Cloud to Cloud,12899,10806,9
2026-08-31T11:58:15.767176697Z,5.656066,117.296359,Cloud to Cloud,-11790,3177,7
2026-08-31T11:58:15.307910775Z,6.833874,117.413551,Cloud to Cloud,-25946,12553,7
2026-08-31T11:58:14.887246847Z,6.846907,117.274397,Cloud to Cloud,-7095,12336,7
2026-08-31T11:58:15.261358981Z,6.812521,117.319626,Cloud to Cloud,16323,3013,7
2026-08-31T11:58:14.846601983Z,6.813257,117.408895,Cloud to Cloud,24134,6632,9
2026-08-31T11:58:15.024139000Z,6.9996,117.2877,Cloud to Ground,-24343,0,10
2026-08-31T11:58:15.553385516Z,5.343106,115.646256,Cloud to Ground,15292,0,7
2026-08-31T11:58:15.357249401Z,5.525213,115.589482,Cloud to Ground,-41604,0,13
2026-08-31T11:58:17.959025435Z,5.286637,116.934142,Cloud to Cloud,-13184,4059,7
2026-08-31T11:58:18.848529384Z,6.194791,117.892321,Cloud to Cloud,22958,3952,7
2026-08-31T11:58:18.507647257Z,6.314488,117.802821,Cloud to Cloud,12739,18222,8
2026-08-31T11:58:18.458810315Z,6.634305,117.332112,Cloud to Cloud,-10619,3027,8
2026-08-31T11:58:18.907407986Z,5.651838,117.30297,Cloud to Cloud,-19065,15791,11
2026-08-31T11:58:18.973459856Z,14.248794,134.471265,Cloud to Ground,-12316,0,7
2026-08-31T11:58:19.480165348Z,5.185065,115.538238,Cloud to Ground,-11192,0,7
2026-08-31T11:58:19.988067334Z,4.09312,115.113152,Cloud to Ground,-14403,0,7
2026-08-31T11:58:19.979782276Z,4.080229,115.111124,Cloud to Ground,-12878,0,6
2026-08-31T11:58:19.583086806Z,15.578768,132.697973,Cloud to Ground,9312,0,9
2026-08-31T11:58:19.358695146Z,15.549249,132.743514,Cloud to Ground,15248,0,8
2026-08-31T11:58:19.105182702Z,15.633872,132.382799,Cloud to Ground,-21335,0,7
2026-08-31T11:58:19.360198463Z,15.455138,132.778892,Cloud to Ground,33370,0,8
2026-08-31T11:58:20.472465074Z,6.821298,117.465298,Cloud to Cloud,13598,15088,6
2026-08-31T11:58:20.282219489Z,6.831671,117.46136,Cloud to Cloud,21916,3065,6
2026-08-31T11:58:20.287786086Z,6.909588,117.408565,Cloud to Cloud,-15359,14780,9
2026-08-31T11:58:20.591027673Z,6.188586,117.929972,Cloud to Cloud,-11038,4180,6
2026-08-31T11:58:20.264777013Z,6.143704,118.045492,Cloud to Cloud,-22479,3083,10
2026-08-31T11:58:20.745316211Z,15.782634,132.318318,Cloud to Ground,24988,0,9
2026-08-31T11:58:21.890365051Z,6.689214,117.858027,Cloud to Cloud,-13781,18687,7
2026-08-31T11:58:21.747279662Z,6.808554,117.997943,Cloud to Ground,-29977,0,12
2026-08-31T11:58:21.745460087Z,6.734993,117.936884,Cloud to Cloud,15388,6726,13
2026-08-31T11:58:21.779184061Z,6.797314,117.928177,Cloud to Cloud,20399,3442,8
2026-08-31T11:58:21.524121892Z,15.738998,132.353915,Cloud to Ground,-18755,0,7
2026-08-31T11:58:21.806513278Z,15.744715,132.406385,Cloud to Ground,-15542,0,9
2026-08-31T11:58:22.012509477Z,6.876104,117.87812,Cloud to Cloud,-11203,3010,8
2026-08-31T11:58:22.373342001Z,6.866447,117.642787,Cloud to Cloud,-16747,5902,10
2026-08-31T11:58:21.986450645Z,6.791312,117.656656,Cloud to Cloud,15553,14533,7
2026-08-31T11:58:22.248251493Z,5.193534,115.555727,Cloud to Cloud,10196,7116,9
2026-08-31T11:58:22.220076610Z,5.16875,115.57852,Cloud to Ground,11036,0,8
2026-08-31T11:58:22.463803734Z,14.211031,134.659706,Cloud to Ground,-27664,0,11
2026-08-31T11:58:22.287909429Z,14.257442,134.599442,Cloud to Ground,14771,0,10
2026-08-31T11:58:21.835968848Z,14.283037,134.618373,Cloud to Ground,16081,0,6
2026-08-31T11:58:23.881781256Z,5.315229,115.598039,Cloud to Cloud,-15422,17145,9
2026-08-31T11:58:23.584107738Z,14.778048,133.779345,Cloud to Ground,-16103,0,6
2026-08-31T11:58:23.572986413Z,14.58011,133.811044,Cloud to Ground,15588,0,10
2026-08-31T11:58:24.633643020Z,5.195638,115.611487,Cloud to Ground,36017,0,9
2026-08-31T11:58:24.157920922Z,14.269039,134.410832,Cloud to Ground,-30740,0,13
2026-08-31T11:58:24.248827000Z,14.3702,134.6476,Cloud to Ground,-11321,0,7
2026-08-31T11:58:24.281924333Z,14.400849,134.638674,Cloud to Ground,36008,0,9
2026-08-31T11:58:24.203063235Z,14.373472,134.650816,Cloud to Ground,54076,0,12
2026-08-31T11:58:25.197544730Z,6.196393,118.029846,Cloud to Ground,13863,0,7
2026-08-31T11:58:25.019367424Z,5.653863,117.186273,Cloud to Cloud,-25195,5194,12
2026-08-31T11:58:25.276276346Z,6.769726,117.360211,Cloud to Cloud,-12527,3041,9
2026-08-31T11:58:26.499519606Z,6.769126,117.253449,Cloud to Ground,-18889,0,8
2026-08-31T11:58:26.281697390Z,6.786089,117.280268,Cloud to Ground,38893,0,7
2026-08-31T11:58:26.518955179Z,6.161299,117.818394,Cloud to Cloud,12024,11742,8
2026-08-31T11:58:27.400840475Z,6.814464,117.495515,Cloud to Ground,11853,0,9
2026-08-31T11:58:27.459496832Z,6.80374,117.483262,Cloud to Cloud,11864,5743,11
2026-08-31T11:58:27.338083791Z,6.806174,117.487624,Cloud to Cloud,12190,4678,11
2026-08-31T11:58:27.093725034Z,6.82866,117.495236,Cloud to Cloud,12382,15485,8
2026-08-31T11:58:27.310530509Z,6.790036,117.382958,Cloud to Ground,14421,0,8
2026-08-31T11:58:27.262193307Z,6.962041,117.459951,Cloud to Cloud,-13483,6768,9
2026-08-31T11:58:27.612282320Z,5.276877,115.53265,Cloud to Ground,-14220,0,13
2026-08-31T11:58:27.396399523Z,5.282461,115.530319,Cloud to Cloud,-13695,18815,10
2026-08-31T11:58:27.325495308Z,5.287091,115.58308,Cloud to Cloud,8954,3696,8
2026-08-31T11:58:27.604386582Z,5.190227,115.478009,Cloud to Cloud,9030,3475,5
2026-08-31T11:58:27.372339828Z,5.221848,115.520362,Cloud to Ground,15453,0,11
2026-08-31T11:58:27.503770907Z,10.772964,120.557759,Cloud to Cloud,12427,19874,7
2026-08-31T11:58:28.779605956Z,6.599321,118.104539,Cloud to Cloud,-17980,13170,12
2026-08-31T11:58:28.049779476Z,5.366638,115.66169,Cloud to Ground,15233,0,9
2026-08-31T11:58:28.223411215Z,14.281726,134.620169,Cloud to Ground,-21752,0,15
2026-08-31T11:58:28.949162000Z,6.9073,117.3459,Cloud to Ground,-21947,0,8
2026-08-31T11:58:29.244989896Z,6.791452,117.410174,Cloud to Cloud,-19190,4853,10
2026-08-31T11:58:29.492399855Z,6.77402,117.470379,Cloud to Cloud,-14504,3005,9
2026-08-31T11:58:29.876528717Z,6.783762,117.345358,Cloud to Cloud,15733,7502,7
2026-08-31T11:58:29.757584671Z,6.775677,117.305972,Cloud to Ground,15813,0,10
2026-08-31T11:58:29.483696388Z,6.724914,117.428367,Cloud to Cloud,17008,7222,10
2026-08-31T11:58:29.060110446Z,6.878437,117.428572,Cloud to Ground,57769,0,7
2026-08-31T11:58:29.368403239Z,6.795815,117.400635,Cloud to Ground,70228,0,14
2026-08-31T11:58:28.865203871Z,6.891524,117.396716,Cloud to Ground,71716,0,20
2026-08-31T11:58:29.243004328Z,6.788862,117.347742,Cloud to Ground,74656,0,9
2026-08-31T11:58:28.976552205Z,6.547768,117.984811,Cloud to Ground,15186,0,8
2026-08-31T11:58:28.845540731Z,6.581451,117.995404,Cloud to Cloud,17617,19654,10
2026-08-31T11:58:29.143249087Z,6.537871,117.941373,Cloud to Ground,31506,0,8
2026-08-31T11:58:29.827058401Z,14.267452,134.653506,Cloud to Ground,36539,0,9
2026-08-31T11:58:29.584115139Z,19.495187,119.458891,Cloud to Cloud,7991,19623,6
2026-08-31T11:58:30.117659476Z,6.087928,117.963878,Cloud to Ground,16010,0,9
2026-08-31T11:58:30.231194732Z,5.522816,117.126479,Cloud to Cloud,15272,13891,8
2026-08-31T11:58:30.841129622Z,15.689103,132.382857,Cloud to Ground,23477,0,10
2026-08-31T11:58:31.560350558Z,5.239034,115.503448,Cloud to Ground,14682,0,6
2026-08-31T11:58:31.558543213Z,5.325412,115.549137,Cloud to Ground,-19445,0,14
2026-08-31T11:58:31.705976403Z,5.557109,117.287053,Cloud to Ground,-12185,0,8
2026-08-31T11:58:32.085948589Z,5.565056,117.280498,Cloud to Cloud,9948,19095,7
2026-08-31T11:58:32.008066856Z,5.658127,117.277711,Cloud to Ground,13407,0,12
2026-08-31T11:58:32.337047012Z,5.561431,117.242579,Cloud to Ground,17773,0,7
2026-08-31T11:58:32.531739653Z,5.655983,117.277585,Cloud to Ground,18047,0,8
2026-08-31T11:58:32.740312401Z,5.655871,117.27767,Cloud to Ground,19231,0,14
2026-08-31T11:58:32.250370238Z,5.574602,117.266548,Cloud to Ground,19989,0,10
2026-08-31T11:58:32.474477061Z,5.656393,117.265873,Cloud to Cloud,21265,12186,8
2026-08-31T11:58:31.860695399Z,5.582262,117.312894,Cloud to Ground,23423,0,15
2026-08-31T11:58:32.172718000Z,5.6792,117.3768,Cloud to Ground,-24514,0,5
2026-08-31T11:58:33.010223491Z,6.755597,117.566527,Cloud to Ground,-24503,0,7
2026-08-31T11:58:32.515817941Z,6.778635,117.541687,Cloud to Cloud,-14821,18240,5
2026-08-31T11:58:32.554685000Z,6.8415,117.5308,Cloud to Ground,24217,0,8
2026-08-31T11:58:33.234688000Z,6.829,117.4886,Cloud to Ground,55359,0,5
2026-08-31T11:58:33.037298256Z,18.067782,133.3128,Cloud to Ground,-12648,0,8
2026-08-31T11:58:33.468695309Z,10.91296,118.70474,Cloud to Cloud,16114,18337,9
2026-08-31T11:58:34.451702972Z,15.745124,132.344398,Cloud to Ground,-18271,0,9
2026-08-31T11:58:35.969905193Z,15.750398,132.389318,Cloud to Ground,-16871,0,11
2026-08-31T11:58:35.714776222Z,14.231041,134.638841,Cloud to Ground,-16835,0,9
2026-08-31T11:58:36.838024185Z,6.077267,117.88125,Cloud to Cloud,-11826,6239,7
2026-08-31T11:58:36.245820992Z,15.520572,132.422675,Cloud to Ground,14644,0,7
2026-08-31T11:58:37.331787685Z,5.149039,115.463485,Cloud to Cloud,7285,15892,6
2026-08-31T11:58:37.347395947Z,5.19686,115.537376,Cloud to Cloud,11124,3229,10
2026-08-31T11:58:37.272013966Z,5.638754,117.247729,Cloud to Cloud,12680,15663,7
2026-08-31T11:58:37.745783651Z,6.792103,117.525245,Cloud to Cloud,16156,8675,7
2026-08-31T11:58:37.713664510Z,6.797146,117.503322,Cloud to Ground,16569,0,12
2026-08-31T11:58:37.647875436Z,6.82851,117.481928,Cloud to Ground,27203,0,8
2026-08-31T11:58:39.183660247Z,6.907014,117.476275,Cloud to Ground,20733,0,9
2026-08-31T11:58:39.312616168Z,6.830108,117.416654,Cloud to Cloud,-13992,11480,8
2026-08-31T11:58:39.020073502Z,6.327707,117.862768,Cloud to Ground,-14834,0,6
2026-08-31T11:58:40.083426753Z,6.904916,117.348229,Cloud to Ground,-16399,0,7
2026-08-31T11:58:40.009731180Z,6.939649,117.348033,Cloud to Cloud,-8698,6125,7
2026-08-31T11:58:40.913795835Z,15.665461,132.718842,Cloud to Ground,15844,0,10
2026-08-31T11:58:41.174395839Z,15.563925,132.689551,Cloud to Ground,-46512,0,16
2026-08-31T11:58:41.719407443Z,22.352006,111.549769,Cloud to Ground,-27084,0,11
2026-08-31T11:58:41.990376174Z,22.284719,111.811518,Cloud to Cloud,-15180,5912,11
2026-08-31T11:58:41.988145840Z,22.353975,111.763279,Cloud to Cloud,19155,3114,11
2026-08-31T11:58:41.865706468Z,22.292862,111.762199,Cloud to Ground,43472,0,9
2026-08-31T11:58:41.730866473Z,22.408272,111.696968,Cloud to Ground,86928,0,14
2026-08-31T11:58:41.792454586Z,22.508302,111.840965,Cloud to Ground,43478,0,11
2026-08-31T11:58:42.616694133Z,5.477434,115.74391,Cloud to Ground,17878,0,7
2026-08-31T11:58:42.691393488Z,5.37506,115.654589,Cloud to Ground,-34144,0,16
2026-08-31T11:58:42.306828281Z,5.359904,115.682594,Cloud to Ground,21223,0,14
2026-08-31T11:58:42.518761446Z,5.386938,115.60245,Cloud to Ground,37299,0,7
2026-08-31T11:58:42.667124756Z,6.885639,117.489479,Cloud to Ground,-13135,0,6
2026-08-31T11:58:42.741444945Z,6.871819,117.375175,Cloud to Ground,21162,0,11
2026-08-31T11:58:42.391921214Z,5.151157,115.657386,Cloud to Ground,-13268,0,17
2026-08-31T11:58:42.851266310Z,14.245908,134.443158,Cloud to Ground,-46094,0,10
2026-08-31T11:58:43.972608384Z,6.781301,117.533749,Cloud to Cloud,-14538,3009,7
2026-08-31T11:58:43.080686998Z,14.135292,134.593778,Cloud to Ground,-19538,0,14
2026-08-31T11:58:43.107907974Z,14.164215,134.76513,Cloud to Ground,-18436,0,16
2026-08-31T11:58:43.083630727Z,13.990258,134.904946,Cloud to Ground,23615,0,10
2026-08-31T11:58:43.214611704Z,15.627275,132.432335,Cloud to Ground,-8706,0,9
2026-08-31T11:58:43.249036379Z,15.718032,132.545395,Cloud to Ground,8526,0,7
2026-08-31T11:58:44.322800488Z,6.864997,117.460073,Cloud to Ground,23600,0,10
2026-08-31T11:58:44.461616585Z,7.010104,117.508469,Cloud to Cloud,23230,13740,6
2026-08-31T11:58:44.300483916Z,14.16086,134.062807,Cloud to Ground,-11700,0,13
2026-08-31T11:58:44.686256774Z,22.434224,112.81182,Cloud to Ground,-14432,0,9
2026-08-31T11:58:44.831563934Z,22.442729,112.797838,Cloud to Ground,19229,0,13
2026-08-31T11:58:44.951275640Z,22.392568,112.608268,Cloud to Cloud,-14025,5971,7
2026-08-31T11:58:44.943485647Z,22.422329,112.551308,Cloud to Ground,16816,0,9
2026-08-31T11:58:44.307776000Z,14.4357,134.2751,Cloud to Ground,31724,0,9
2026-08-31T11:58:45.775280509Z,5.13896,115.514543,Cloud to Ground,-23458,0,7
2026-08-31T11:58:45.301073043Z,12.577829,121.97861,Cloud to Cloud,4344,15733,5
2026-08-31T11:58:45.299995548Z,12.572225,121.980734,Cloud to Cloud,5105,5066,6
2026-08-31T11:58:45.319880642Z,12.573412,121.980662,Cloud to Cloud,5499,5126,5
2026-08-31T11:58:45.297643868Z,12.56692,121.973103,Cloud to Ground,31765,0,16
2026-08-31T11:58:46.890858458Z,6.953533,117.369892,Cloud to Ground,-19124,0,6
2026-08-31T11:58:46.604650612Z,6.878996,117.349387,Cloud to Cloud,14259,16269,7
2026-08-31T11:58:46.530585921Z,6.813467,117.350063,Cloud to Ground,21202,0,15
2026-08-31T11:58:46.623383181Z,6.84792,117.368676,Cloud to Cloud,21648,3011,10
2026-08-31T11:58:47.639378217Z,6.726173,117.20526,Cloud to Cloud,-8646,3011,7
2026-08-31T11:58:47.017683244Z,6.808055,117.24578,Cloud to Ground,13642,0,6
2026-08-31T11:58:48.762531778Z,6.878906,117.368949,Cloud to Ground,25072,0,9
2026-08-31T11:58:48.486937863Z,6.809819,117.491772,Cloud to Ground,15856,0,11
2026-08-31T11:58:48.511277974Z,6.812254,117.49192,Cloud to Ground,17641,0,11
2026-08-31T11:58:48.462991765Z,6.83419,117.483421,Cloud to Ground,40889,0,10
2026-08-31T11:58:50.954211627Z,9.689067,119.454731,Cloud to Cloud,11799,3869,8
2026-08-31T11:58:51.425269704Z,6.138696,117.92728,Cloud to Cloud,-20919,4928,11
2026-08-31T11:58:51.124556658Z,6.050647,117.823574,Cloud to Ground,-14540,0,8
2026-08-31T11:58:52.041655240Z,6.048543,117.879034,Cloud to Ground,13749,0,7
2026-08-31T11:58:52.302408416Z,6.048618,117.867216,Cloud to Ground,15215,0,6
2026-08-31T11:58:51.514661043Z,6.154156,117.897354,Cloud to Ground,15255,0,9
2026-08-31T11:58:51.156326728Z,6.082505,117.888635,Cloud to Ground,17148,0,11
2026-08-31T11:58:51.990459750Z,6.053199,117.883545,Cloud to Ground,42091,0,8
2026-08-31T11:58:52.213123738Z,6.078692,117.994715,Cloud to Ground,44250,0,15
2026-08-31T11:58:51.469792371Z,6.063239,117.923016,Cloud to Ground,44430,0,15
2026-08-31T11:58:51.939179034Z,6.15968,117.951197,Cloud to Ground,60200,0,17
2026-08-31T11:58:51.879511084Z,6.062542,117.922721,Cloud to Ground,64996,0,15
2026-08-31T11:58:52.350187779Z,6.864881,117.473944,Cloud to Ground,-29243,0,12
2026-08-31T11:58:52.656777683Z,6.888702,117.44237,Cloud to Ground,17490,0,8
2026-08-31T11:58:52.503743901Z,6.844847,117.364162,Cloud to Cloud,19863,5615,9
2026-08-31T11:58:52.601149506Z,6.805301,117.513247,Cloud to Ground,23123,0,12
2026-08-31T11:58:52.217422626Z,6.794116,117.513752,Cloud to Ground,34680,0,17
2026-08-31T11:58:52.120297130Z,6.79971,117.466049,Cloud to Ground,49898,0,13
2026-08-31T11:58:52.349543393Z,6.792244,117.482961,Cloud to Ground,60407,0,16
2026-08-31T11:58:52.763285945Z,15.513462,132.709039,Cloud to Ground,-21193,0,8
2026-08-31T11:58:53.297507278Z,4.069626,115.081775,Cloud to Ground,22990,0,7
2026-08-31T11:58:54.344625124Z,5.275353,115.56114,Cloud to Ground,-12280,0,8
2026-08-31T11:58:54.859276670Z,5.382686,115.629983,Cloud to Cloud,11179,3059,6
2026-08-31T11:58:55.251570278Z,5.266928,115.541597,Cloud to Ground,24090,0,11
2026-08-31T11:58:54.603604217Z,5.240055,115.514644,Cloud to Ground,28036,0,7
2026-08-31T11:58:54.740243429Z,5.340272,115.55422,Cloud to Ground,29183,0,11
2026-08-31T11:58:54.685683065Z,5.356773,115.565576,Cloud to Ground,54503,0,6
2026-08-31T11:58:55.636319818Z,6.887041,117.405571,Cloud to Ground,22177,0,11
2026-08-31T11:58:55.907992189Z,6.798695,117.163594,Cloud to Ground,-12588,0,8
2026-08-31T11:58:55.110459903Z,20.923237,121.131065,Cloud to Cloud,-15470,3051,13
2026-08-31T11:58:55.129572137Z,20.92779,121.143339,Cloud to Cloud,8302,11107,8
2026-08-31T11:58:55.315752000Z,21.0315,121.1312,Cloud to Ground,-15016,0,5
2026-08-31T11:58:56.054036650Z,3.009606,115.729917,Cloud to Ground,-15487,0,20
2026-08-31T11:58:56.131709883Z,2.981127,115.711808,Cloud to Ground,22248,0,20
2026-08-31T11:58:56.280831567Z,6.966247,117.358313,Cloud to Cloud,18021,10114,8
2026-08-31T11:58:58.275817441Z,6.646633,117.334954,Cloud to Cloud,17618,14943,7
2026-08-31T11:58:58.737580782Z,5.386734,115.760275,Cloud to Cloud,-14728,3960,13
2026-08-31T11:58:58.736705923Z,5.281304,115.761997,Cloud to Ground,14846,0,10
2026-08-31T11:58:59.396219822Z,5.560292,117.218895,Cloud to Cloud,-13350,6255,6
2026-08-31T11:58:59.262691040Z,15.60054,132.452232,Cloud to Ground,18457,0,8
2026-08-31T11:58:59.872827616Z,6.915792,117.494552,Cloud to Cloud,18758,3058,7
2026-08-31T11:59:00.040663340Z,6.865114,117.474171,Cloud to Ground,26386,0,9
2026-08-31T11:59:00.533513438Z,6.803752,117.321321,Cloud to Cloud,-20381,17694,12
2026-08-31T11:59:00.982593270Z,6.956905,117.13723,Cloud to Ground,-25825,0,12
2026-08-31T11:59:00.647502874Z,6.88109,117.146669,Cloud to Cloud,18219,16965,6
2026-08-31T11:59:01.071191710Z,6.821668,117.096157,Cloud to Ground,23341,0,9
2026-08-31T11:59:00.529385134Z,4.952257,116.858938,Cloud to Cloud,13986,7256,8
2026-08-31T11:59:01.853499644Z,6.243652,117.903952,Cloud to Ground,-13284,0,7
2026-08-31T11:59:01.812592796Z,6.312395,117.876105,Cloud to Cloud,-12875,4233,7
2026-08-31T11:59:01.869563450Z,6.153753,117.864683,Cloud to Ground,19203,0,11
2026-08-31T11:59:02.412098100Z,5.616513,117.291821,Cloud to Cloud,-20637,3050,10
2026-08-31T11:59:02.698333430Z,5.568102,117.264111,Cloud to Ground,16826,0,9
2026-08-31T11:59:02.788127948Z,5.559927,117.282828,Cloud to Ground,22492,0,11
2026-08-31T11:59:02.888382825Z,5.580562,117.236105,Cloud to Ground,26780,0,7
2026-08-31T11:59:03.021003985Z,5.77291,117.324151,Cloud to Cloud,19699,4710,7
2026-08-31T11:59:02.651106420Z,5.769894,117.32076,Cloud to Ground,30601,0,7
2026-08-31T11:59:02.492824771Z,5.771693,117.321866,Cloud to Ground,45444,0,7
2026-08-31T11:59:02.683886675Z,6.84334,117.369958,Cloud to Ground,-16587,0,10
2026-08-31T11:59:02.078911112Z,6.040828,117.788007,Cloud to Ground,-20178,0,10
2026-08-31T11:59:03.922782605Z,6.934882,117.46721,Cloud to Ground,29558,0,7
2026-08-31T11:59:03.807883670Z,6.837789,117.52396,Cloud to Ground,58094,0,14
2026-08-31T11:59:05.283804210Z,15.717073,132.366376,Cloud to Ground,-13038,0,8
2026-08-31T11:59:05.303633061Z,15.71984,132.367855,Cloud to Ground,-11918,0,8
2026-08-31T11:59:04.896623899Z,15.664993,132.430336,Cloud to Ground,22734,0,9
2026-08-31T11:59:05.311410210Z,6.885305,117.386179,Cloud to Cloud,8397,19781,7
2026-08-31T11:59:05.938640574Z,15.293107,134.056275,Cloud to Ground,-24674,0,11
2026-08-31T11:59:05.937371985Z,15.214704,134.054346,Cloud to Ground,-22172,0,12
2026-08-31T11:59:05.936559995Z,15.302765,134.047294,Cloud to Ground,-12003,0,13
2026-08-31T11:59:05.939289850Z,15.294866,134.070516,Cloud to Ground,-10217,0,11
2026-08-31T11:59:06.688154629Z,14.290025,134.649012,Cloud to Ground,-16827,0,7
2026-08-31T11:59:06.660439248Z,14.307856,134.582886,Cloud to Ground,-14143,0,6
2026-08-31T11:59:06.615541981Z,14.327151,134.681383,Cloud to Ground,70905,0,8
2026-08-31T11:59:06.730009473Z,6.803386,117.56553,Cloud to Ground,18160,0,12
2026-08-31T11:59:06.570162628Z,6.892246,117.294234,Cloud to Ground,19908,0,11
2026-08-31T11:59:07.015055750Z,6.780273,117.477223,Cloud to Ground,35983,0,8
2026-08-31T11:59:06.651618045Z,6.779701,117.439114,Cloud to Ground,49476,0,7
2026-08-31T11:59:06.732023159Z,6.169418,117.970316,Cloud to Cloud,-15573,7766,8
2026-08-31T11:59:06.752949873Z,6.19906,117.894826,Cloud to Cloud,12965,3282,8
2026-08-31T11:59:06.920393311Z,6.089299,117.954358,Cloud to Ground,24535,0,7
2026-08-31T11:59:06.295280895Z,5.281322,115.531642,Cloud to Cloud,15180,15368,7
2026-08-31T11:59:07.223877916Z,18.994543,118.568865,Cloud to Cloud,15340,7349,7
2026-08-31T11:59:08.533473128Z,6.804033,117.587302,Cloud to Ground,-18534,0,8
2026-08-31T11:59:07.793513920Z,6.775524,117.462736,Cloud to Cloud,15240,6513,6
2026-08-31T11:59:07.989410239Z,6.871403,117.312221,Cloud to Ground,23063,0,11
2026-08-31T11:59:07.906611332Z,6.833356,117.471227,Cloud to Ground,25149,0,15
2026-08-31T11:59:07.974716838Z,6.855155,117.324511,Cloud to Ground,27048,0,9
2026-08-31T11:59:07.954987650Z,6.945443,117.310368,Cloud to Ground,29750,0,8
2026-08-31T11:59:08.117286231Z,6.812529,117.384382,Cloud to Ground,37220,0,12
2026-08-31T11:59:08.563373955Z,6.816431,117.47911,Cloud to Ground,41138,0,9
2026-08-31T11:59:09.721282906Z,3.015022,114.998101,Cloud to Ground,10868,0,9
2026-08-31T11:59:09.780543355Z,18.447937,116.925215,Cloud to Cloud,20770,4200,13
2026-08-31T11:59:10.404949210Z,14.181905,134.631537,Cloud to Ground,31353,0,8
2026-08-31T11:59:10.580348564Z,15.606609,132.71955,Cloud to Ground,-19328,0,10
2026-08-31T11:59:10.991941457Z,10.868747,120.59402,Cloud to Ground,-24691,0,10
2026-08-31T11:59:10.567603973Z,10.867172,120.61445,Cloud to Ground,-21426,0,7
2026-08-31T11:59:11.096581127Z,10.896019,120.591049,Cloud to Ground,-19230,0,6
2026-08-31T11:59:12.504834498Z,6.801692,117.51763,Cloud to Ground,-26093,0,7
2026-08-31T11:59:12.077815976Z,6.788081,117.478455,Cloud to Ground,20231,0,7
2026-08-31T11:59:11.974360706Z,6.779597,117.484283,Cloud to Ground,21957,0,10
2026-08-31T11:59:11.914921016Z,6.782173,117.502068,Cloud to Ground,25585,0,16
2026-08-31T11:59:11.609760305Z,6.782142,117.496447,Cloud to Ground,28547,0,13
2026-08-31T11:59:11.692477340Z,6.782216,117.499437,Cloud to Ground,31511,0,14
2026-08-31T11:59:11.504117401Z,6.759238,117.410474,Cloud to Ground,45848,0,6
2026-08-31T11:59:11.116547185Z,5.166394,116.877301,Cloud to Cloud,-17054,6818,7
2026-08-31T11:59:11.116020406Z,5.172099,116.915904,Cloud to Cloud,21608,17342,7
2026-08-31T11:59:11.179169349Z,14.603109,133.830922,Cloud to Ground,-19238,0,10
2026-08-31T11:59:11.231120920Z,14.673889,133.822239,Cloud to Ground,-17059,0,8
2026-08-31T11:59:12.706482603Z,3.22308,115.140981,Cloud to Cloud,-12013,12408,7
2026-08-31T11:59:12.448920782Z,6.965463,117.45009,Cloud to Cloud,14611,4990,8
2026-08-31T11:59:12.796790668Z,18.090278,133.304225,Cloud to Ground,-16741,0,5
2026-08-31T11:59:12.021731217Z,10.810409,120.560699,Cloud to Cloud,21077,5166,7
2026-08-31T11:59:13.671837234Z,6.734817,117.322931,Cloud to Cloud,-14742,10992,8
2026-08-31T11:59:13.501787131Z,6.745903,117.283626,Cloud to Cloud,12462,3628,6
2026-08-31T11:59:13.583279450Z,6.805745,117.347337,Cloud to Cloud,16113,8097,8
2026-08-31T11:59:13.500271918Z,6.804032,117.344999,Cloud to Ground,43111,0,15
2026-08-31T11:59:13.838809599Z,15.668072,132.526901,Cloud to Ground,-18382,0,9
2026-08-31T11:59:13.444639961Z,15.756254,132.39646,Cloud to Ground,-12872,0,7
2026-08-31T11:59:15.489101248Z,6.669568,117.375759,Cloud to Cloud,-16269,6434,10
2026-08-31T11:59:15.287301656Z,6.681952,117.306237,Cloud to Cloud,14409,6951,8
2026-08-31T11:59:15.701688304Z,5.454022,115.707521,Cloud to Cloud,-10986,4309,7
2026-08-31T11:59:16.022742915Z,6.893032,117.388508,Cloud to Ground,-13406,0,6
2026-08-31T11:59:16.151219056Z,6.885458,117.315034,Cloud to Ground,26375,0,15
2026-08-31T11:59:16.512381295Z,5.613115,117.246172,Cloud to Ground,-19295,0,11
2026-08-31T11:59:16.109919064Z,5.28232,116.979588,Cloud to Cloud,-22248,4791,16
2026-08-31T11:59:16.020561955Z,5.280427,116.956998,Cloud to Cloud,-11820,14904,10
2026-08-31T11:59:16.946917095Z,14.260073,134.407372,Cloud to Ground,-24121,0,9
2026-08-31T11:59:16.824140977Z,14.345683,134.473087,Cloud to Ground,57145,0,11
2026-08-31T11:59:17.754400430Z,6.352466,117.865927,Cloud to Ground,14878,0,8
2026-08-31T11:59:17.834157377Z,6.251949,117.860747,Cloud to Ground,16510,0,8
2026-08-31T11:59:18.220668538Z,6.267585,117.900523,Cloud to Ground,27477,0,14
2026-08-31T11:59:17.937896631Z,6.251317,117.863506,Cloud to Ground,28548,0,8
2026-08-31T11:59:17.313166000Z,15.7215,132.3241,Cloud to Ground,-11260,0,7
2026-08-31T11:59:18.490665108Z,6.851967,117.492272,Cloud to Cloud,-59141,17987,18
2026-08-31T11:59:19.125528655Z,6.832562,117.387208,Cloud to Cloud,-11828,3066,7
2026-08-31T11:59:19.240376602Z,6.807542,117.404431,Cloud to Ground,-10119,0,9
2026-08-31T11:59:18.989399686Z,6.909335,117.378681,Cloud to Cloud,17926,3008,7
2026-08-31T11:59:18.915628887Z,6.862114,117.433438,Cloud to Ground,22121,0,15
2026-08-31T11:59:18.529014320Z,6.847201,117.560241,Cloud to Ground,29105,0,17
2026-08-31T11:59:19.251645555Z,5.339012,115.610171,Cloud to Cloud,-12116,14735,7
2026-08-31T11:59:19.725035010Z,22.995838,112.117721,Cloud to Ground,38947,0,8
2026-08-31T11:59:19.764435527Z,22.93145,111.990068,Cloud to Cloud,-9160,5800,7
2026-08-31T11:59:20.998316322Z,6.163452,117.854918,Cloud to Ground,-18404,0,7
2026-08-31T11:59:20.980184769Z,6.09198,117.882736,Cloud to Ground,8745,0,7
2026-08-31T11:59:20.957111174Z,6.076712,117.795122,Cloud to Ground,33544,0,7
2026-08-31T11:59:20.338245634Z,5.963239,118.007067,Cloud to Cloud,23187,3892,7
2026-08-31T11:59:20.234129954Z,6.776697,117.593313,Cloud to Cloud,-19996,4941,7
2026-08-31T11:59:20.579760900Z,6.774143,117.565193,Cloud to Cloud,13509,15039,12
2026-08-31T11:59:20.303483001Z,6.778452,117.499423,Cloud to Cloud,14350,3949,12
2026-08-31T11:59:20.074874728Z,14.318686,134.504536,Cloud to Ground,9246,0,7
2026-08-31T11:59:21.329992085Z,4.082236,115.021923,Cloud to Cloud,10709,5071,8
2026-08-31T11:59:21.318160999Z,5.593545,117.304716,Cloud to Cloud,-10624,3162,8
2026-08-31T11:59:22.969399435Z,5.57256,117.401638,Cloud to Cloud,-12766,17953,7
2026-08-31T11:59:23.994426229Z,6.855572,117.283611,Cloud to Cloud,13998,5886,12
2026-08-31T11:59:30.850163347Z,5.557873,117.200515,Cloud to Cloud,-12073,5129,6
2026-08-31T11:59:30.467152421Z,5.308371,115.612184,Cloud to Cloud,-9398,3229,9
2026-08-31T11:59:30.043808715Z,5.608084,115.5551,Cloud to Cloud,-20611,18477,16
2026-08-31T11:59:30.043025668Z,5.516238,115.557463,Cloud to Ground,-21656,0,12
2026-08-31T11:59:31.321897406Z,6.074312,117.893636,Cloud to Ground,18863,0,9
2026-08-31T11:59:31.820610752Z,6.615515,117.191402,Cloud to Ground,-16255,0,7
2026-08-31T11:59:32.414504679Z,15.664349,132.681472,Cloud to Ground,-15019,0,13
2026-08-31T11:59:32.178190989Z,15.663619,132.722878,Cloud to Ground,-13435,0,11
2026-08-31T11:59:32.817839884Z,15.653116,132.705959,Cloud to Ground,-13243,0,7
2026-08-31T11:59:32.290620624Z,15.589471,132.65231,Cloud to Ground,24993,0,7
2026-08-31T11:59:33.744083597Z,6.609389,117.325372,Cloud to Ground,23403,0,8
2026-08-31T11:59:33.944602299Z,20.955351,121.168056,Cloud to Cloud,-4751,12704,5
2026-08-31T11:59:33.860146380Z,20.932263,121.152294,Cloud to Cloud,4177,9966,8
2026-08-31T11:59:34.506532521Z,5.362319,115.669755,Cloud to Ground,13347,0,9
2026-08-31T11:59:34.086149766Z,6.85021,117.50833,Cloud to Ground,-37308,0,10
2026-08-31T11:59:33.995209663Z,6.780642,117.546419,Cloud to Cloud,-14550,16527,9
2026-08-31T11:59:34.089117000Z,6.9167,117.4913,Cloud to Ground,-5935,0,5
2026-08-31T11:59:34.816202622Z,6.803194,117.435524,Cloud to Cloud,11327,19762,7
2026-08-31T11:59:33.981120785Z,6.821024,117.444408,Cloud to Cloud,15517,3047,12
2026-08-31T11:59:34.128191639Z,6.835211,117.534462,Cloud to Ground,15773,0,8
2026-08-31T11:59:34.836846903Z,6.799743,117.50295,Cloud to Cloud,17776,13116,12
2026-08-31T11:59:34.022186432Z,6.754587,117.561451,Cloud to Ground,19929,0,16
2026-08-31T11:59:34.590530000Z,6.7999,117.5634,Cloud to Ground,27467,0,5
2026-08-31T11:59:34.702016815Z,6.740513,117.485529,Cloud to Ground,29296,0,10
2026-08-31T11:59:34.338505797Z,6.713857,117.455255,Cloud to Ground,39666,0,7
2026-08-31T11:59:34.204031316Z,6.757204,117.436796,Cloud to Ground,42929,0,23
2026-08-31T11:59:34.922446205Z,19.388298,114.033059,Cloud to Ground,26215,0,7
2026-08-31T11:59:35.742664953Z,5.664023,117.260712,Cloud to Ground,14509,0,10
2026-08-31T11:59:35.837234640Z,5.775416,117.304734,Cloud to Cloud,21987,3002,7
2026-08-31T11:59:35.347471799Z,5.566715,117.239842,Cloud to Ground,19722,0,8
2026-08-31T11:59:35.586598107Z,5.559555,117.225552,Cloud to Ground,23820,0,6
2026-08-31T11:59:35.894396431Z,5.572284,117.232122,Cloud to Ground,24586,0,8
2026-08-31T11:59:35.095173463Z,6.897303,117.509247,Cloud to Ground,-11927,0,9
2026-08-31T11:59:35.281936941Z,5.160448,115.554566,Cloud to Ground,12037,0,10
2026-08-31T11:59:35.419916000Z,5.3275,115.7656,Cloud to Ground,-19806,0,6
2026-08-31T11:59:36.563621913Z,6.806751,117.286718,Cloud to Ground,-12631,0,5
2026-08-31T11:59:36.370753534Z,18.014305,133.334253,Cloud to Ground,26985,0,8
2026-08-31T11:59:37.712370074Z,6.690236,117.333629,Cloud to Cloud,-21116,6365,7
2026-08-31T11:59:37.854853992Z,6.587875,117.284801,Cloud to Ground,-12190,0,7
2026-08-31T11:59:40.221302625Z,10.863761,120.589056,Cloud to Ground,22954,0,11
2026-08-31T11:59:40.251178623Z,10.769865,120.587458,Cloud to Cloud,5457,16549,6
2026-08-31T11:59:41.679187709Z,5.330562,115.578382,Cloud to Ground,-10102,0,6
2026-08-31T11:59:41.836097298Z,5.228114,115.561336,Cloud to Ground,9965,0,6
2026-08-31T11:59:42.525466659Z,6.787542,117.431564,Cloud to Ground,16042,0,9
2026-08-31T11:59:43.705484382Z,6.087827,117.867521,Cloud to Ground,13665,0,8
2026-08-31T11:59:43.677339756Z,6.110261,117.942038,Cloud to Ground,43878,0,15
2026-08-31T11:59:43.613586495Z,6.119017,117.991404,Cloud to Ground,50216,0,18
2026-08-31T11:59:43.017410850Z,3.210933,115.196357,Cloud to Ground,-19868,0,7
2026-08-31T11:59:44.273127513Z,6.825243,117.678405,Cloud to Ground,-37270,0,10
2026-08-31T11:59:44.501626350Z,6.943196,117.554107,Cloud to Cloud,16645,3212,6
2026-08-31T11:59:44.358666426Z,6.923322,117.530223,Cloud to Ground,39552,0,7
2026-08-31T11:59:44.433435203Z,6.806988,117.541481,Cloud to Ground,34863,0,16
2026-08-31T11:59:44.293639880Z,6.27468,117.996778,Cloud to Cloud,-21999,3208,8
2026-08-31T11:59:44.469270634Z,14.268261,134.223441,Cloud to Ground,-13295,0,15
2026-08-31T11:59:46.111318360Z,6.818701,117.443177,Cloud to Ground,23429,0,9
2026-08-31T11:59:45.764281284Z,6.81125,117.393744,Cloud to Ground,27603,0,6
2026-08-31T11:59:45.215432803Z,6.588665,118.033641,Cloud to Ground,22779,0,10
2026-08-31T11:59:46.178840829Z,6.956501,117.485961,Cloud to Cloud,21617,6505,7
2026-08-31T11:59:46.434394540Z,14.337548,134.620634,Cloud to Cloud,-12593,3061,7
2026-08-31T11:59:46.568319483Z,14.339668,134.635696,Cloud to Ground,-12564,0,8
2026-08-31T11:59:46.430034998Z,14.29214,134.57113,Cloud to Ground,15022,0,9
2026-08-31T11:59:47.392038499Z,5.317069,115.512219,Cloud to Cloud,16290,3461,10
2026-08-31T11:59:47.360447693Z,6.857471,117.544767,Cloud to Cloud,-24544,3415,19
2026-08-31T11:59:47.704455670Z,6.865041,117.496415,Cloud to Cloud,-16152,3023,10
2026-08-31T11:59:47.374033944Z,14.293466,134.451447,Cloud to Ground,-13442,0,7
2026-08-31T11:59:47.576114837Z,14.262368,134.433327,Cloud to Ground,-12202,0,9
2026-08-31T11:59:47.384193379Z,14.202475,134.42539,Cloud to Ground,-11258,0,16
2026-08-31T11:59:47.572380163Z,14.276425,134.303012,Cloud to Ground,-21204,0,7
2026-08-31T11:59:48.143181607Z,19.142389,129.866288,Cloud to Cloud,-15708,11958,11
2026-08-31T11:59:48.140297319Z,19.214877,129.805254,Cloud to Cloud,-11918,6367,11
2026-08-31T11:59:49.376687915Z,6.82382,117.484358,Cloud to Ground,-6959,0,7
2026-08-31T11:59:49.965165000Z,6.7974,117.2145,Cloud to Ground,21944,0,5
2026-08-31T11:59:49.806708004Z,10.857305,120.702353,Cloud to Cloud,9105,14554,10
2026-08-31T11:59:50.496571288Z,6.729407,117.276798,Cloud to Cloud,-25060,6987,8
2026-08-31T11:59:50.758794007Z,14.638504,133.825759,Cloud to Ground,-22630,0,19
2026-08-31T11:59:50.776620695Z,14.301442,134.610112,Cloud to Ground,20467,0,7
2026-08-31T11:59:50.114830014Z,18.824675,131.994701,Cloud to Ground,-17352,0,7
2026-08-31T11:59:50.121174531Z,18.774482,132.016999,Cloud to Ground,28563,0,16
2026-08-31T11:59:50.652418191Z,15.682766,132.40477,Cloud to Ground,21844,0,9
2026-08-31T11:59:51.455127847Z,5.317685,115.568539,Cloud to Ground,-16074,0,6
2026-08-31T11:59:51.272983633Z,5.549676,117.250728,Cloud to Ground,18389,0,8
2026-08-31T11:59:51.016898605Z,5.569881,117.270162,Cloud to Ground,31317,0,10
2026-08-31T11:59:51.119358276Z,5.571508,117.253976,Cloud to Ground,31530,0,8
2026-08-31T11:59:51.393320072Z,6.878785,117.474172,Cloud to Cloud,-16945,3014,12
2026-08-31T11:59:51.255255972Z,17.955813,133.554392,Cloud to Ground,25840,0,7
2026-08-31T11:59:52.926047590Z,5.430283,115.851062,Cloud to Ground,-17689,0,14
2026-08-31T11:59:54.369485000Z,6.9098,117.3786,Cloud to Ground,19062,0,6
2026-08-31T11:59:54.567765136Z,6.793017,117.310703,Cloud to Ground,30690,0,10
2026-08-31T11:59:54.502200092Z,6.79147,117.298442,Cloud to Ground,35985,0,11
2026-08-31T11:59:54.909884306Z,6.807251,117.256789,Cloud to Ground,36881,0,7
2026-08-31T11:59:54.649225768Z,6.781102,117.259592,Cloud to Ground,38042,0,7
2026-08-31T11:59:54.234674944Z,6.825277,117.376891,Cloud to Ground,48501,0,19
2026-08-31T11:59:54.261785203Z,6.875015,117.356633,Cloud to Ground,62959,0,7
2026-08-31T11:59:54.318532461Z,6.805993,117.374017,Cloud to Ground,74391,0,15
2026-08-31T11:59:55.417697262Z,6.044804,117.802354,Cloud to Cloud,-16036,3044,10
2026-08-31T11:59:55.379069647Z,6.117414,117.903609,Cloud to Ground,-22435,0,7
2026-08-31T11:59:56.713281870Z,6.870999,117.482615,Cloud to Ground,38885,0,7
2026-08-31T11:59:56.782051451Z,6.870857,117.481324,Cloud to Ground,40116,0,7
2026-08-31T11:59:56.900281228Z,6.878161,117.486115,Cloud to Ground,73910,0,7
2026-08-31T11:59:57.127864829Z,6.750258,117.466232,Cloud to Ground,15877,0,7
2026-08-31T11:59:56.744433262Z,6.763366,117.50445,Cloud to Ground,28395,0,14
2026-08-31T11:59:56.663967742Z,6.76479,117.507249,Cloud to Ground,35743,0,16
2026-08-31T11:59:57.056669943Z,5.23913,115.517961,Cloud to Ground,-18080,0,17
2026-08-31T11:59:57.806907269Z,15.651685,132.462643,Cloud to Ground,17276,0,10
2026-08-31T11:59:57.490468095Z,15.731519,132.386175,Cloud to Ground,17743,0,9
2026-08-31T11:59:57.732530537Z,15.638832,132.405944,Cloud to Ground,23158,0,8
2026-08-31T11:59:57.561857431Z,15.684297,132.372573,Cloud to Ground,24525,0,9
2026-08-31T11:59:58.189305830Z,5.295329,115.739886,Cloud to Cloud,24632,7411,5
2026-08-31T11:59:58.522097567Z,19.494775,119.46626,Cloud to Cloud,6590,19907,7
2026-08-31T11:59:58.502281855Z,19.489908,119.452512,Cloud to Ground,29383,0,10
2026-08-31T11:59:59.047604168Z,14.419344,134.621674,Cloud to Ground,-19954,0,10
2026-08-31T11:59:59.208925664Z,14.390496,134.624739,Cloud to Ground,-16114,0,16
2026-08-31T11:59:59.902242969Z,15.033623,133.393011,Cloud to Ground,31746,0,11
2026-08-31T12:00:00.418809645Z,5.380117,115.663646,Cloud to Ground,-15144,0,6
2026-08-31T12:00:00.508662329Z,14.254285,134.573621,Cloud to Ground,19428,0,7
2026-08-31T12:00:01.361071089Z,5.618391,117.348608,Cloud to Cloud,-10843,5650,6
2026-08-31T12:00:01.612866789Z,6.173208,117.939464,Cloud to Cloud,-19105,7115,8
2026-08-31T12:00:01.415673189Z,15.655136,132.719915,Cloud to Ground,-15281,0,8
2026-08-31T12:00:01.383107009Z,15.559124,132.705561,Cloud to Ground,21609,0,14
2026-08-31T12:00:01.932051304Z,22.690878,112.511683,Cloud to Ground,33085,0,10
2026-08-31T12:00:02.930454547Z,5.33937,115.588299,Cloud to Cloud,-10880,7513,11
2026-08-31T12:00:02.567585355Z,4.16125,115.106999,Cloud to Cloud,-13949,18985,9
2026-08-31T12:00:02.538637081Z,4.912492,116.937216,Cloud to Ground,34929,0,15
2026-08-31T12:00:02.120888433Z,22.604842,112.471322,Cloud to Cloud,19898,7621,10
2026-08-31T12:00:02.093446585Z,22.491654,112.509169,Cloud to Cloud,-14428,12111,10
2026-08-31T12:00:01.943450186Z,22.489785,112.566844,Cloud to Cloud,-9379,3004,6
2026-08-31T12:00:03.002524619Z,14.267961,134.400827,Cloud to Ground,-23604,0,9
2026-08-31T12:00:04.241239963Z,20.949308,121.146596,Cloud to Ground,-17761,0,8
2026-08-31T12:00:04.207199705Z,20.906994,121.156826,Cloud to Cloud,-9923,18476,7
2026-08-31T12:00:04.316880276Z,21.059781,121.200165,Cloud to Cloud,9541,6189,9
2026-08-31T12:00:05.371877429Z,5.59363,117.259054,Cloud to Cloud,18204,3036,7
2026-08-31T12:00:05.401663760Z,5.667928,117.232973,Cloud to Ground,26820,0,8
2026-08-31T12:00:05.512996098Z,6.808472,117.263658,Cloud to Cloud,14214,12632,12
2026-08-31T12:00:06.262665312Z,10.887419,120.599237,Cloud to Ground,-43545,0,12
2026-08-31T12:00:06.398941431Z,10.878966,120.609788,Cloud to Ground,-19276,0,7
2026-08-31T12:00:07.864034005Z,6.969901,117.385585,Cloud to Cloud,13277,4789,7
2026-08-31T12:00:07.552928510Z,6.976219,117.390509,Cloud to Ground,99969,0,7
2026-08-31T12:00:07.475337066Z,6.926188,117.52924,Cloud to Ground,-22216,0,7
2026-08-31T12:00:07.506202413Z,6.846586,117.392664,Cloud to Ground,-35961,0,14
2026-08-31T12:00:07.921885992Z,6.855009,117.355051,Cloud to Cloud,11096,5859,8
2026-08-31T12:00:07.797341220Z,6.854243,117.4098,Cloud to Ground,28767,0,13
2026-08-31T12:00:07.741060891Z,6.845611,117.35418,Cloud to Ground,34292,0,9
2026-08-31T12:00:07.179793652Z,5.547001,117.345765,Cloud to Cloud,-15277,5004,6
2026-08-31T12:00:08.990126849Z,5.197506,116.879491,Cloud to Ground,-11361,0,6
2026-08-31T12:00:08.831470175Z,5.351427,115.668316,Cloud to Ground,10093,0,8
2026-08-31T12:00:08.567327765Z,5.360272,115.681384,Cloud to Ground,17112,0,9
2026-08-31T12:00:08.716100516Z,5.354854,115.659751,Cloud to Ground,27369,0,7
2026-08-31T12:00:08.418895000Z,15.7618,132.4356,Cloud to Ground,-34719,0,9
2026-08-31T12:00:10.134573706Z,14.373244,134.587224,Cloud to Ground,-27827,0,8
2026-08-31T12:00:10.932365503Z,18.095141,116.447782,Cloud to Cloud,15427,3016,8
2026-08-31T12:00:11.284612880Z,5.201247,115.452745,Cloud to Ground,-16290,0,7
2026-08-31T12:00:11.590628116Z,6.819556,117.396054,Cloud to Cloud,-7239,5847,6
2026-08-31T12:00:12.316765737Z,6.811173,117.496506,Cloud to Ground,18523,0,10
2026-08-31T12:00:12.465644121Z,6.833633,117.424948,Cloud to Ground,32788,0,10
2026-08-31T12:00:12.146153102Z,4.008608,116.117809,Cloud to Cloud,-11031,6366,6
2026-08-31T12:00:12.140452941Z,4.000692,116.066371,Cloud to Cloud,13558,6885,8
2026-08-31T12:00:12.115268536Z,22.423815,112.45222,Cloud to Cloud,-16060,6808,8
2026-08-31T12:00:12.085639566Z,22.38523,112.606173,Cloud to Ground,22370,0,9
2026-08-31T12:00:13.840985845Z,6.792244,117.876591,Cloud to Cloud,10451,7776,7
2026-08-31T12:00:14.176568199Z,5.313681,117.174443,Cloud to Ground,-21160,0,15
2026-08-31T12:00:17.649187898Z,6.907985,117.305588,Cloud to Ground,18321,0,12
2026-08-31T12:00:17.895083000Z,6.9241,117.4289,Cloud to Ground,5068,0,6
2026-08-31T12:00:17.219469136Z,14.187188,134.776342,Cloud to Ground,-16870,0,12
2026-08-31T12:00:17.235481230Z,14.167082,134.776303,Cloud to Ground,-13792,0,12
2026-08-31T12:00:17.266108467Z,20.932955,121.158547,Cloud to Cloud,-8871,9101,11
2026-08-31T12:00:17.556940462Z,20.943757,121.165459,Cloud to Cloud,4956,14059,7
2026-08-31T12:00:17.871818520Z,19.402528,114.17852,Cloud to Ground,-14716,0,8
2026-08-31T12:00:17.879155482Z,6.068953,117.911606,Cloud to Cloud,-16219,3085,9
2026-08-31T12:00:18.215881419Z,6.066362,117.989492,Cloud to Cloud,-15777,11383,12
2026-08-31T12:00:18.009223424Z,6.040935,117.969733,Cloud to Cloud,-10606,19068,7
2026-08-31T12:00:18.134069788Z,6.06697,117.94555,Cloud to Ground,21160,0,8
2026-08-31T12:00:19.587216075Z,6.767041,117.201871,Cloud to Ground,-17520,0,9
2026-08-31T12:00:19.852322401Z,6.711249,117.373662,Cloud to Cloud,11790,3041,7
2026-08-31T12:00:19.841435783Z,14.31504,134.595991,Cloud to Ground,-18663,0,13
2026-08-31T12:00:19.834399062Z,14.255869,134.594214,Cloud to Ground,-15177,0,9
2026-08-31T12:00:19.420860217Z,14.26024,134.603751,Cloud to Ground,28083,0,7
2026-08-31T12:00:19.661956647Z,15.709119,132.299903,Cloud to Ground,13744,0,7
2026-08-31T12:00:20.784666614Z,6.918293,117.41492,Cloud to Cloud,8242,10868,6
2026-08-31T12:00:20.909668662Z,6.908515,117.401134,Cloud to Cloud,11236,7604,8
2026-08-31T12:00:21.255632196Z,6.911518,117.413475,Cloud to Ground,16977,0,10
2026-08-31T12:00:20.970875266Z,6.81897,117.452667,Cloud to Ground,22925,0,14
2026-08-31T12:00:20.733570432Z,6.836328,117.409873,Cloud to Ground,30167,0,9
2026-08-31T12:00:20.822177681Z,6.836268,117.389841,Cloud to Ground,31196,0,8
2026-08-31T12:00:20.343980783Z,6.893935,117.491222,Cloud to Ground,33391,0,8
2026-08-31T12:00:20.240674405Z,6.941764,117.439919,Cloud to Ground,37818,0,7
2026-08-31T12:00:20.512319000Z,6.9318,117.4612,Cloud to Ground,45035,0,6
2026-08-31T12:00:21.313600831Z,6.859648,117.521165,Cloud to Ground,51543,0,6
2026-08-31T12:00:20.621503397Z,6.825619,117.434054,Cloud to Ground,55261,0,15
2026-08-31T12:00:20.772913778Z,14.993591,133.620828,Cloud to Ground,-16354,0,10
2026-08-31T12:00:21.153061300Z,6.715825,117.36645,Cloud to Cloud,15822,3499,7
2026-08-31T12:00:21.000093220Z,5.530836,117.117566,Cloud to Cloud,13009,3018,7
2026-08-31T12:00:21.234487019Z,6.069302,117.867389,Cloud to Cloud,12390,6712,6
2026-08-31T12:00:22.992551612Z,6.948785,117.470626,Cloud to Cloud,10785,7235,9
2026-08-31T12:00:24.396198000Z,5.6924,117.3157,Cloud to Ground,-31662,0,6
2026-08-31T12:00:25.087902647Z,5.155292,115.501054,Cloud to Cloud,13586,7937,9
2026-08-31T12:00:25.970737467Z,5.33425,115.752754,Cloud to Cloud,11153,19683,6
2026-08-31T12:00:25.554484487Z,5.562699,117.280537,Cloud to Cloud,16572,5743,6
2026-08-31T12:00:26.880031596Z,4.114488,115.105912,Cloud to Ground,-28537,0,11
2026-08-31T12:00:26.296170299Z,5.252835,115.515663,Cloud to Ground,9817,0,6
2026-08-31T12:00:26.285295554Z,5.23128,115.51946,Cloud to Ground,10781,0,7
2026-08-31T12:00:26.548093913Z,6.828052,117.471441,Cloud to Cloud,-17529,19068,11
2026-08-31T12:00:26.529023263Z,6.750178,117.524392,Cloud to Cloud,-16794,19148,7
2026-08-31T12:00:26.796211712Z,6.787612,117.60481,Cloud to Cloud,-7707,5068,6
2026-08-31T12:00:26.252105157Z,6.795546,117.460426,Cloud to Cloud,15726,17841,12
2026-08-31T12:00:26.634656154Z,6.030864,117.84069,Cloud to Cloud,13091,4742,7
2026-08-31T12:00:26.054260197Z,5.525979,115.557611,Cloud to Ground,13435,0,9
2026-08-31T12:00:28.786202415Z,5.408314,115.717954,Cloud to Cloud,-9984,3029,9
2026-08-31T12:00:28.723478703Z,5.262046,115.523129,Cloud to Cloud,10052,8550,7
2026-08-31T12:00:28.493080513Z,6.967896,117.36882,Cloud to Ground,-9766,0,7
2026-08-31T12:00:28.491631494Z,6.872398,117.416633,Cloud to Ground,-24305,0,7
2026-08-31T12:00:29.622225786Z,14.281725,134.416707,Cloud to Ground,-7413,0,10
2026-08-31T12:00:29.499778312Z,14.190762,134.503823,Cloud to Ground,29131,0,8
2026-08-31T12:00:30.277886696Z,6.76622,117.449357,Cloud to Ground,27298,0,12
2026-08-31T12:00:30.142326629Z,6.882859,117.466113,Cloud to Cloud,-14562,3249,11
2026-08-31T12:00:30.584228247Z,15.561543,132.736151,Cloud to Ground,-51970,0,13
2026-08-31T12:00:30.617136562Z,15.568455,132.747657,Cloud to Cloud,-41859,7039,15
2026-08-31T12:00:30.532267393Z,15.56559,132.72921,Cloud to Ground,-41432,0,12
2026-08-31T12:00:30.539478268Z,15.629807,132.736293,Cloud to Ground,-13042,0,8
2026-08-31T12:00:30.594602168Z,15.650478,132.671557,Cloud to Cloud,-12426,7197,14
2026-08-31T12:00:30.582407000Z,15.6155,132.6104,Cloud to Ground,7451,0,5
2026-08-31T12:00:31.039547777Z,15.690372,132.719746,Cloud to Ground,27773,0,9
2026-08-31T12:00:30.426181768Z,14.367336,134.626031,Cloud to Ground,-20101,0,7
2026-08-31T12:00:31.960254908Z,15.656006,132.735026,Cloud to Ground,-18314,0,8
2026-08-31T12:00:32.094475582Z,15.632779,132.738952,Cloud to Ground,-8504,0,12
2026-08-31T12:00:31.176680038Z,15.774093,132.357347,Cloud to Ground,-15541,0,9
2026-08-31T12:00:31.101167162Z,15.77358,132.385451,Cloud to Ground,-8812,0,12
2026-08-31T12:00:31.465742439Z,15.683869,132.394364,Cloud to Ground,9883,0,8
2026-08-31T12:00:32.419219813Z,5.364657,115.627066,Cloud to Ground,32727,0,12
2026-08-31T12:00:33.970802834Z,6.771967,117.490346,Cloud to Ground,18986,0,6
2026-08-31T12:00:33.073219000Z,6.9003,117.4492,Cloud to Ground,11600,0,5
2026-08-31T12:00:34.197675606Z,5.340887,115.774876,Cloud to Ground,-18590,0,7
2026-08-31T12:00:34.133473102Z,5.334376,115.640402,Cloud to Ground,21799,0,7
2026-08-31T12:00:35.738990868Z,6.893131,117.455096,Cloud to Cloud,-25753,7913,17
2026-08-31T12:00:37.038081598Z,6.868538,117.396133,Cloud to Cloud,11416,7718,8
2026-08-31T12:00:37.484740062Z,6.924319,117.385845,Cloud to Cloud,14261,12996,10
2026-08-31T12:00:36.230430921Z,6.903727,117.413217,Cloud to Cloud,15514,14158,6
2026-08-31T12:00:36.571713785Z,6.787329,117.389776,Cloud to Ground,20539,0,8
2026-08-31T12:00:36.546584501Z,6.772303,117.268687,Cloud to Cloud,20566,7149,9
2026-08-31T12:00:36.175175393Z,6.787353,117.392471,Cloud to Ground,25454,0,8
2026-08-31T12:00:36.419123842Z,6.80256,117.430618,Cloud to Ground,32506,0,16
2026-08-31T12:00:36.129873000Z,6.8776,117.4609,Cloud to Ground,47463,0,7
2026-08-31T12:00:36.053855481Z,6.721686,117.338737,Cloud to Ground,48128,0,8
2026-08-31T12:00:35.667363716Z,6.800583,117.429486,Cloud to Ground,68688,0,18
2026-08-31T12:00:35.740106000Z,6.8514,117.4583,Cloud to Ground,94826,0,5
2026-08-31T12:00:36.531536499Z,5.152218,117.048303,Cloud to Cloud,-16682,3769,12
2026-08-31T12:00:37.354985016Z,6.783517,117.299435,Cloud to Ground,20884,0,7
2026-08-31T12:00:38.128442752Z,5.542938,117.289496,Cloud to Ground,24973,0,16
2026-08-31T12:00:39.025030013Z,6.813894,117.484037,Cloud to Cloud,13745,17126,7
2026-08-31T12:00:39.066127985Z,6.83749,117.465062,Cloud to Cloud,15604,3020,12
2026-08-31T12:00:41.000815256Z,5.642563,117.239111,Cloud to Cloud,-33852,7638,8
2026-08-31T12:00:41.711928923Z,14.587705,133.868282,Cloud to Ground,-18234,0,10
2026-08-31T12:00:41.538137522Z,14.671737,133.844714,Cloud to Ground,-14685,0,12
2026-08-31T12:00:41.565027539Z,14.673119,133.833501,Cloud to Ground,-13482,0,10
2026-08-31T12:00:41.028404254Z,17.22571,113.810761,Cloud to Cloud,-16905,3127,11
2026-08-31T12:00:41.029839534Z,17.180189,113.658644,Cloud to Ground,17655,0,10
2026-08-31T12:00:41.033909632Z,17.196842,113.745643,Cloud to Ground,18757,0,12
2026-08-31T12:00:41.025064389Z,17.188771,113.756608,Cloud to Ground,54429,0,7
2026-08-31T12:00:42.035505667Z,6.098509,118.003354,Cloud to Ground,-13102,0,9
2026-08-31T12:00:42.794334726Z,6.072594,117.915621,Cloud to Cloud,21813,6806,7
2026-08-31T12:00:42.504107971Z,6.728577,117.379994,Cloud to Ground,-11053,0,8
2026-08-31T12:00:42.529541641Z,5.286865,115.550236,Cloud to Cloud,20485,3030,7
2026-08-31T12:00:42.722971560Z,7.000832,117.338488,Cloud to Cloud,-19165,3272,7
2026-08-31T12:00:43.038095201Z,6.919414,117.355672,Cloud to Ground,31033,0,8
2026-08-31T12:00:43.438498520Z,6.874277,117.255243,Cloud to Cloud,-10471,8125,6
2026-08-31T12:00:43.259548133Z,18.761518,131.98634,Cloud to Ground,-14836,0,8
2026-08-31T12:00:44.969453853Z,5.332281,115.507171,Cloud to Ground,-14572,0,14
2026-08-31T12:00:44.735223033Z,6.876857,117.331015,Cloud to Cloud,5288,17612,7
2026-08-31T12:00:44.772081352Z,6.871504,117.311813,Cloud to Cloud,9438,13743,7
2026-08-31T12:00:44.689732197Z,6.843258,117.351829,Cloud to Ground,16575,0,8
2026-08-31T12:00:46.090325258Z,6.766142,117.512546,Cloud to Cloud,-18834,6626,10
2026-08-31T12:00:45.887724664Z,6.862395,117.530203,Cloud to Ground,20779,0,10
2026-08-31T12:00:46.341043135Z,6.797217,117.453804,Cloud to Ground,21694,0,12
2026-08-31T12:00:45.645793849Z,6.768224,117.565858,Cloud to Ground,26622,0,15
2026-08-31T12:00:45.713976000Z,6.8311,117.4455,Cloud to Ground,111349,0,9
2026-08-31T12:00:45.144080952Z,6.716746,117.237615,Cloud to Cloud,-13593,4866,8
2026-08-31T12:00:47.548590934Z,5.574134,117.305275,Cloud to Ground,-14024,0,7
2026-08-31T12:00:47.829370318Z,5.627823,117.257576,Cloud to Cloud,16375,4514,7
2026-08-31T12:00:47.446606518Z,5.670723,117.285315,Cloud to Cloud,18364,3296,7
2026-08-31T12:00:47.185497212Z,5.57811,117.253947,Cloud to Ground,18821,0,7
2026-08-31T12:00:47.791460194Z,4.085981,115.07353,Cloud to Ground,12931,0,8
2026-08-31T12:00:47.854688262Z,6.925071,117.447953,Cloud to Cloud,11750,13465,7
2026-08-31T12:00:47.722254667Z,15.592594,132.486719,Cloud to Cloud,-14200,3004,7
2026-08-31T12:00:47.990485251Z,15.660051,132.469475,Cloud to Ground,-13930,0,6
2026-08-31T12:00:48.243384216Z,5.300729,115.579378,Cloud to Ground,-16388,0,7
2026-08-31T12:00:48.518479985Z,5.278247,115.588753,Cloud to Ground,-9830,0,7
2026-08-31T12:00:48.230514360Z,22.398643,112.780877,Cloud to Ground,-3710,0,9
2026-08-31T12:00:49.427400610Z,6.853087,117.315357,Cloud to Ground,20541,0,9
2026-08-31T12:00:49.391769953Z,6.987162,117.380514,Cloud to Ground,56256,0,7
2026-08-31T12:00:49.008856455Z,5.610175,117.238723,Cloud to Cloud,16056,3012,7
2026-08-31T12:00:50.200314894Z,6.787372,117.905253,Cloud to Ground,22289,0,10
2026-08-31T12:00:51.491117313Z,6.777412,117.426438,Cloud to Ground,21937,0,9
2026-08-31T12:00:51.304195515Z,6.802667,117.43186,Cloud to Ground,25272,0,9
2026-08-31T12:00:51.266540057Z,6.800797,117.502091,Cloud to Ground,34594,0,14
2026-08-31T12:00:51.345914572Z,6.849847,117.45771,Cloud to Ground,58188,0,7
2026-08-31T12:00:51.229025987Z,2.916155,115.687264,Cloud to Ground,16768,0,8
2026-08-31T12:00:51.231422646Z,3.007849,115.739219,Cloud to Ground,-14063,0,17
2026-08-31T12:00:51.783563733Z,14.256658,134.174738,Cloud to Ground,-16872,0,17
2026-08-31T12:00:51.786786407Z,14.234049,134.230766,Cloud to Ground,-14032,0,14
2026-08-31T12:00:51.785456197Z,14.258225,134.203195,Cloud to Ground,-11260,0,9
2026-08-31T12:00:51.642876144Z,14.267477,134.566333,Cloud to Ground,14093,0,7
2026-08-31T12:00:52.981677680Z,6.636595,117.571766,Cloud to Cloud,46551,15701,7
2026-08-31T12:00:53.684574770Z,6.827005,117.499425,Cloud to Cloud,-10786,13016,6
2026-08-31T12:00:53.271465439Z,5.599755,117.25022,Cloud to Cloud,5401,10029,6
2026-08-31T12:00:53.286998637Z,6.563235,117.21742,Cloud to Cloud,-9877,4760,8
2026-08-31T12:00:54.405572893Z,5.298242,117.101227,Cloud to Ground,-13382,0,8
2026-08-31T12:00:54.515483770Z,5.353114,117.117454,Cloud to Ground,34431,0,9
2026-08-31T12:00:54.300298493Z,5.193185,115.435144,Cloud to Ground,9218,0,10
2026-08-31T12:00:54.210249745Z,5.36612,115.821086,Cloud to Ground,-14261,0,7
2026-08-31T12:00:54.376427791Z,6.792506,117.257095,Cloud to Ground,14909,0,7
2026-08-31T12:00:53.855249990Z,6.890296,117.346815,Cloud to Cloud,19909,12985,7
2026-08-31T12:00:54.746978951Z,6.806712,117.30096,Cloud to Ground,26354,0,11
2026-08-31T12:00:54.269053626Z,6.797562,117.286687,Cloud to Ground,26505,0,8
2026-08-31T12:00:53.852443982Z,6.820119,117.379842,Cloud to Cloud,33076,14049,16
2026-08-31T12:00:54.827979288Z,6.80942,117.32118,Cloud to Ground,49467,0,16
2026-08-31T12:00:54.628240135Z,6.856955,117.315932,Cloud to Ground,53962,0,7
2026-08-31T12:00:54.179146000Z,6.8821,117.3556,Cloud to Ground,55017,0,12
2026-08-31T12:00:53.730975000Z,6.9141,117.2901,Cloud to Ground,72444,0,7
2026-08-31T12:00:55.363482219Z,6.848402,117.413114,Cloud to Ground,12939,0,9
2026-08-31T12:00:55.404230955Z,6.797918,117.43881,Cloud to Cloud,18139,3300,10
2026-08-31T12:00:56.278056899Z,6.9006,117.640531,Cloud to Cloud,34733,3040,10
2026-08-31T12:00:56.983544544Z,6.934065,117.41504,Cloud to Cloud,-10398,3039,8
2026-08-31T12:00:57.142773328Z,6.97203,117.472328,Cloud to Cloud,26168,4895,7
2026-08-31T12:00:57.869593090Z,6.779137,117.249702,Cloud to Cloud,-30906,3111,10
2026-08-31T12:00:57.900618592Z,6.918244,117.331645,Cloud to Cloud,11858,13678,8
2026-08-31T12:00:57.098175348Z,5.312007,115.547035,Cloud to Cloud,-11771,4032,18
2026-08-31T12:00:59.220277661Z,6.91512,117.408549,Cloud to Cloud,14871,3013,8
2026-08-31T12:00:58.817732811Z,6.893506,117.333385,Cloud to Ground,32792,0,8
2026-08-31T12:00:59.045401716Z,6.913282,117.480253,Cloud to Cloud,37098,3302,7
2026-08-31T12:00:58.458857992Z,14.253114,134.505472,Cloud to Cloud,-27884,4033,13
2026-08-31T12:00:58.634953000Z,14.3544,134.5196,Cloud to Ground,-6535,0,9
2026-08-31T12:00:58.488644031Z,14.310234,134.505366,Cloud to Ground,55591,0,9
2026-08-31T12:00:58.550195000Z,14.3159,134.317,Cloud to Ground,-16277,0,7
2026-08-31T12:00:59.122739529Z,6.622017,117.410293,Cloud to Cloud,12284,6756,7
2026-08-31T12:00:59.458454912Z,5.388993,115.651148,Cloud to Ground,16100,0,6
2026-08-31T12:01:01.736151298Z,6.156273,117.9071,Cloud to Ground,-8505,0,6
2026-08-31T12:01:01.024637285Z,5.546009,117.290728,Cloud to Ground,18226,0,7
2026-08-31T12:01:01.844171264Z,5.294931,115.554904,Cloud to Cloud,-11378,6973,9
2026-08-31T12:01:01.812565419Z,15.649353,132.447725,Cloud to Ground,-38942,0,18
2026-08-31T12:01:01.868680379Z,15.622814,132.501458,Cloud to Cloud,-12879,3033,9
2026-08-31T12:01:02.134805674Z,5.310957,115.826914,Cloud to Cloud,-14220,8693,7
2026-08-31T12:01:02.515307181Z,6.796562,117.50685,Cloud to Cloud,-6605,3155,6
2026-08-31T12:01:02.556051049Z,6.772371,117.481642,Cloud to Cloud,19646,3032,7
2026-08-31T12:01:03.074897766Z,6.856618,117.507559,Cloud to Cloud,29118,7386,9
2026-08-31T12:01:03.497034927Z,14.310337,134.698187,Cloud to Ground,55603,0,10
2026-08-31T12:01:03.532950000Z,14.3088,134.4758,Cloud to Ground,-12788,0,7
2026-08-31T12:01:04.569840377Z,6.816347,117.372528,Cloud to Cloud,8884,12950,7
2026-08-31T12:01:04.718334316Z,6.814331,117.356164,Cloud to Cloud,11654,6854,7
2026-08-31T12:01:04.642721392Z,6.748032,117.358559,Cloud to Ground,23415,0,8
2026-08-31T12:01:05.055411440Z,4.190757,114.97865,Cloud to Cloud,10255,13709,8
2026-08-31T12:01:05.046791648Z,4.160923,115.058546,Cloud to Ground,19412,0,12
2026-08-31T12:01:05.077331039Z,4.187397,115.059878,Cloud to Ground,23652,0,6
2026-08-31T12:01:05.504822557Z,4.157878,115.029054,Cloud to Ground,45112,0,28
2026-08-31T12:01:05.929822217Z,19.61312,120.522656,Cloud to Ground,-46802,0,13
2026-08-31T12:01:06.636893023Z,6.10658,117.904621,Cloud to Ground,26933,0,11
2026-08-31T12:01:06.383595933Z,6.114333,117.889174,Cloud to Ground,45855,0,8
2026-08-31T12:01:06.352460173Z,6.096826,117.876184,Cloud to Ground,52316,0,9
2026-08-31T12:01:06.294278534Z,6.103757,117.913382,Cloud to Ground,75549,0,15
2026-08-31T12:01:06.577639403Z,6.292632,117.995905,Cloud to Ground,32860,0,23
2026-08-31T12:01:06.865355357Z,6.300143,117.996997,Cloud to Ground,62425,0,10
2026-08-31T12:01:06.329986003Z,6.305818,117.973753,Cloud to Ground,81809,0,26
2026-08-31T12:01:06.477490000Z,6.2121,117.9133,Cloud to Ground,-26265,0,13
2026-08-31T12:01:06.434425155Z,6.249282,117.890117,Cloud to Ground,25857,0,8
2026-08-31T12:01:06.504259760Z,6.29256,117.862307,Cloud to Ground,44657,0,10
2026-08-31T12:01:06.257964374Z,6.971461,117.162963,Cloud to Ground,43893,0,6
2026-08-31T12:01:06.809972000Z,21.1116,121.2058,Cloud to Ground,-43767,0,6
2026-08-31T12:01:09.675847318Z,6.867712,117.551987,Cloud to Cloud,-15418,3008,7
2026-08-31T12:01:09.736575200Z,6.826799,117.392573,Cloud to Cloud,11784,5565,5
2026-08-31T12:01:09.472150632Z,5.346528,115.566272,Cloud to Cloud,-13111,5049,10
2026-08-31T12:01:10.812568177Z,6.805663,117.391821,Cloud to Cloud,-8386,10188,7
2026-08-31T12:01:10.295204989Z,6.920653,117.445601,Cloud to Cloud,-15624,4015,10
2026-08-31T12:01:11.585159387Z,14.293436,134.471133,Cloud to Ground,-15572,0,11
2026-08-31T12:01:11.738393000Z,14.2508,134.8646,Cloud to Ground,8543,0,6
2026-08-31T12:01:12.156999062Z,6.923758,117.583027,Cloud to Ground,-21840,0,7
2026-08-31T12:01:12.300981698Z,6.820107,117.337615,Cloud to Cloud,14939,3003,8
2026-08-31T12:01:12.139459940Z,6.79784,117.352611,Cloud to Ground,16055,0,12
2026-08-31T12:01:12.569668987Z,6.856524,117.252731,Cloud to Cloud,16975,3012,6
2026-08-31T12:01:12.505070594Z,6.835721,117.328783,Cloud to Cloud,20391,18852,7
2026-08-31T12:01:12.173417032Z,6.819807,117.333508,Cloud to Ground,20970,0,12
2026-08-31T12:01:12.080586245Z,6.863827,117.507981,Cloud to Cloud,12405,3058,7
2026-08-31T12:01:12.705229447Z,6.92525,117.465133,Cloud to Ground,52062,0,8
2026-08-31T12:01:12.653566262Z,6.900925,117.468054,Cloud to Ground,110412,0,16
2026-08-31T12:01:12.556970249Z,5.635893,117.100764,Cloud to Ground,40940,0,25
2026-08-31T12:01:12.674448045Z,5.664755,117.288528,Cloud to Cloud,14099,8418,9
2026-08-31T12:01:12.694670536Z,5.588793,117.254454,Cloud to Cloud,20055,5570,6
2026-08-31T12:01:12.416353207Z,5.589281,117.278955,Cloud to Ground,30001,0,8
2026-08-31T12:01:12.459719291Z,5.771929,117.338876,Cloud to Cloud,21888,3959,7
2026-08-31T12:01:12.731135885Z,5.348645,115.658073,Cloud to Ground,-11896,0,14
2026-08-31T12:01:13.247215165Z,5.622289,115.588295,Cloud to Cloud,-9468,14294,9
2026-08-31T12:01:16.121521782Z,6.751575,117.596598,Cloud to Cloud,16458,5969,7
2026-08-31T12:01:15.529058951Z,6.749896,117.595937,Cloud to Cloud,26683,8178,7
2026-08-31T12:01:14.890904561Z,6.768881,117.511499,Cloud to Ground,100858,0,14
2026-08-31T12:01:14.170060109Z,12.565542,121.960635,Cloud to Ground,-20292,0,12
2026-08-31T12:01:15.281156682Z,5.229341,115.527538,Cloud to Ground,-14253,0,11
2026-08-31T12:01:15.426381602Z,5.255317,115.529214,Cloud to Cloud,-13611,4229,9
2026-08-31T12:01:15.389505677Z,5.325327,115.575333,Cloud to Cloud,-9181,4393,6
2026-08-31T12:01:15.504335895Z,5.169578,115.497,Cloud to Ground,7960,0,6
2026-08-31T12:01:15.210451077Z,5.195414,115.530196,Cloud to Cloud,9815,14491,9
2026-08-31T12:01:15.256291540Z,5.191319,115.437613,Cloud to Ground,17402,0,12
2026-08-31T12:01:15.822011063Z,6.741215,117.342818,Cloud to Ground,22202,0,11
2026-08-31T12:01:15.249463460Z,5.34681,115.712763,Cloud to Cloud,9809,3651,10
2026-08-31T12:01:16.157516876Z,5.6649,117.297451,Cloud to Cloud,10489,17182,7
2026-08-31T12:01:16.293004202Z,5.610883,117.273724,Cloud to Ground,14949,0,14
2026-08-31T12:01:16.261816450Z,6.75724,117.481867,Cloud to Ground,17222,0,10
2026-08-31T12:01:16.217056000Z,6.897,117.4663,Cloud to Ground,26457,0,5
2026-08-31T12:01:16.863145778Z,5.335562,115.797444,Cloud to Ground,-14984,0,7
2026-08-31T12:01:18.340015401Z,6.822528,117.413974,Cloud to Cloud,17134,4530,8
2026-08-31T12:01:18.293084851Z,6.813181,117.557202,Cloud to Cloud,-12864,4243,7
2026-08-31T12:01:18.475840927Z,6.834718,117.554086,Cloud to Cloud,-10919,6443,8
2026-08-31T12:01:18.763949267Z,6.819198,117.533169,Cloud to Cloud,16087,3110,6
2026-08-31T12:01:19.494386144Z,5.675518,117.296943,Cloud to Cloud,-8177,5989,7
2026-08-31T12:01:18.583382840Z,6.692533,117.185395,Cloud to Cloud,-17450,5906,9
2026-08-31T12:01:18.771804150Z,6.751126,117.283366,Cloud to Ground,-16310,0,8
2026-08-31T12:01:18.907505138Z,6.743039,117.309832,Cloud to Cloud,-9801,16032,9
2026-08-31T12:01:18.863971225Z,6.712798,117.257617,Cloud to Ground,8878,0,7
2026-08-31T12:01:19.625268995Z,6.703068,117.342733,Cloud to Cloud,12508,3020,7
2026-08-31T12:01:19.390806102Z,6.7467,117.421141,Cloud to Cloud,16801,3002,8
2026-08-31T12:01:19.669826835Z,6.732783,117.443884,Cloud to Cloud,17253,3056,10
2026-08-31T12:01:18.505337355Z,6.763832,117.265032,Cloud to Cloud,19900,3001,7
2026-08-31T12:01:19.309381749Z,6.760966,117.379356,Cloud to Ground,24035,0,10
2026-08-31T12:01:19.485044000Z,15.7642,132.3483,Cloud to Ground,17962,0,7
2026-08-31T12:01:20.318818534Z,6.805854,117.531872,Cloud to Ground,-17620,0,7
2026-08-31T12:01:27.207411570Z,15.6076,132.780689,Cloud to Ground,-16271,0,7
2026-08-31T12:01:27.097269701Z,15.551726,132.730906,Cloud to Ground,-15524,0,12
2026-08-31T12:01:27.957785832Z,19.34315,119.431644,Cloud to Cloud,7006,12719,7
2026-08-31T12:01:27.953767747Z,19.495868,119.463949,Cloud to Cloud,8798,7564,7
2026-08-31T12:01:28.890866103Z,5.391132,115.835844,Cloud to Cloud,-13668,7675,13
2026-08-31T12:01:28.752526410Z,5.374628,115.791621,Cloud to Cloud,10451,12232,8
2026-08-31T12:01:28.227094724Z,5.729608,117.255232,Cloud to Cloud,-10639,4376,8
2026-08-31T12:01:28.029224289Z,6.58979,117.601888,Cloud to Cloud,25889,9670,7
2026-08-31T12:01:28.118858668Z,6.187224,117.891799,Cloud to Cloud,11379,3006,7
2026-08-31T12:01:28.005401109Z,6.7766,117.62679,Cloud to Cloud,-18825,11390,12
2026-08-31T12:01:28.907431000Z,2.9009,114.9473,Cloud to Ground,-23539,0,5
2026-08-31T12:01:29.865934518Z,5.298522,115.588217,Cloud to Cloud,-21573,7574,23
2026-08-31T12:01:29.854527601Z,5.345628,115.602707,Cloud to Cloud,-11022,3622,7
2026-08-31T12:01:29.645433447Z,6.913924,117.410166,Cloud to Cloud,5968,3043,6
2026-08-31T12:01:30.241387592Z,5.220303,115.522938,Cloud to Ground,11193,0,7
2026-08-31T12:01:30.816230024Z,6.802733,117.298194,Cloud to Ground,-12724,0,8
2026-08-31T12:01:32.981709162Z,5.278286,116.928062,Cloud to Ground,-23338,0,10
2026-08-31T12:01:32.797931660Z,5.628697,117.272031,Cloud to Cloud,7520,3248,7
2026-08-31T12:01:32.825231597Z,22.323896,112.823984,Cloud to Cloud,15080,4321,9
2026-08-31T12:01:33.532466545Z,6.814885,117.566693,Cloud to Ground,-35210,0,19
2026-08-31T12:01:33.611314546Z,6.777632,117.57005,Cloud to Ground,-30955,0,8
2026-08-31T12:01:33.806365727Z,6.899291,117.478812,Cloud to Ground,31447,0,10
2026-08-31T12:01:33.971237851Z,6.776026,117.88875,Cloud to Cloud,-13476,10794,7
2026-08-31T12:01:34.256206635Z,6.091845,117.928433,Cloud to Cloud,9986,3029,7
2026-08-31T12:01:35.716024079Z,6.834934,117.549509,Cloud to Ground,-28051,0,10
2026-08-31T12:01:35.617257913Z,6.788791,117.461129,Cloud to Ground,124306,0,7
2026-08-31T12:01:35.964992241Z,6.579519,117.156332,Cloud to Ground,-12794,0,8
2026-08-31T12:01:35.711290989Z,5.31254,115.553798,Cloud to Cloud,-16818,3421,11
2026-08-31T12:01:35.783567080Z,5.310902,115.561413,Cloud to Cloud,9827,17919,10
2026-08-31T12:01:36.916755332Z,6.919343,117.322625,Cloud to Ground,-16153,0,10
2026-08-31T12:01:37.002807467Z,6.842967,117.350779,Cloud to Ground,16770,0,6
2026-08-31T12:01:36.637285943Z,6.837038,117.328082,Cloud to Ground,25315,0,7
2026-08-31T12:01:36.720136217Z,6.841533,117.359669,Cloud to Ground,28138,0,8
2026-08-31T12:01:36.278344247Z,6.951182,117.393332,Cloud to Ground,39182,0,11
2026-08-31T12:01:36.389831157Z,6.884126,117.398384,Cloud to Ground,41647,0,7
2026-08-31T12:01:36.323107899Z,6.961571,117.397591,Cloud to Ground,42210,0,8
2026-08-31T12:01:36.542271441Z,6.863997,117.347362,Cloud to Ground,60997,0,8
2026-08-31T12:01:36.273322884Z,5.299708,116.919096,Cloud to Ground,-40650,0,16
2026-08-31T12:01:36.608879505Z,5.58677,117.277154,Cloud to Ground,-39556,0,15
2026-08-31T12:01:37.391419038Z,5.554742,117.202744,Cloud to Cloud,21478,4770,7
2026-08-31T12:01:36.875558390Z,5.561741,117.263034,Cloud to Ground,21575,0,9
2026-08-31T12:01:36.284872625Z,4.080643,115.020736,Cloud to Ground,-14113,0,7
2026-08-31T12:01:36.577715143Z,15.610249,132.669072,Cloud to Ground,-48172,0,11
2026-08-31T12:01:36.709607778Z,15.674101,132.66207,Cloud to Ground,74284,0,13
2026-08-31T12:01:37.320915739Z,5.679326,117.251491,Cloud to Ground,25181,0,13
2026-08-31T12:01:38.306985140Z,6.886527,117.452458,Cloud to Cloud,8697,16986,7
2026-08-31T12:01:38.612611273Z,6.765516,117.473596,Cloud to Cloud,11202,3429,6
2026-08-31T12:01:38.913896677Z,6.832748,117.466704,Cloud to Ground,20111,0,9
2026-08-31T12:01:38.614419000Z,7.01,117.5791,Cloud to Ground,-14527,0,5
2026-08-31T12:01:39.671832080Z,17.175363,113.73355,Cloud to Ground,-26494,0,7
2026-08-31T12:01:39.236482559Z,17.154217,113.693635,Cloud to Ground,30287,0,8
2026-08-31T12:01:39.039222000Z,21.0316,121.1165,Cloud to Ground,-21855,0,7
2026-08-31T12:01:40.977855901Z,6.063315,118.035626,Cloud to Cloud,-18148,4190,7
2026-08-31T12:01:40.793424684Z,6.144942,117.835416,Cloud to Cloud,-12121,12082,9
2026-08-31T12:01:41.632191734Z,6.956919,117.194839,Cloud to Cloud,-8166,19275,7
2026-08-31T12:01:41.556809832Z,7.008755,117.38147,Cloud to Ground,-9627,0,7
2026-08-31T12:01:42.910134311Z,6.939539,117.431573,Cloud to Cloud,-6640,3037,6
2026-08-31T12:01:43.017140313Z,7.017303,117.504693,Cloud to Cloud,-20703,11147,11
2026-08-31T12:01:44.554500257Z,6.287305,117.890683,Cloud to Cloud,14784,3001,8
2026-08-31T12:01:44.926963061Z,6.181931,117.792949,Cloud to Ground,-20026,0,10
2026-08-31T12:01:44.513953400Z,5.414355,115.664338,Cloud to Cloud,18871,3016,11
2026-08-31T12:01:44.558451333Z,5.26147,115.445428,Cloud to Ground,-14390,0,9
2026-08-31T12:01:44.832064772Z,5.328211,115.717405,Cloud to Ground,-17124,0,7
2026-08-31T12:01:44.829469769Z,6.803447,117.573136,Cloud to Cloud,-16430,4313,9
2026-08-31T12:01:45.124901895Z,6.776358,117.649129,Cloud to Ground,18854,0,8
2026-08-31T12:01:45.924512179Z,6.838053,117.437023,Cloud to Cloud,22820,3018,10
2026-08-31T12:01:46.269491353Z,14.25639,134.666311,Cloud to Ground,-23254,0,7
2026-08-31T12:01:47.476023857Z,22.523967,112.339809,Cloud to Ground,22835,0,9
2026-08-31T12:01:47.394984052Z,22.547588,112.535918,Cloud to Ground,-42453,0,9
2026-08-31T12:01:47.584395460Z,22.509634,112.539107,Cloud to Ground,24714,0,16
2026-08-31T12:01:49.243376296Z,6.884836,117.355515,Cloud to Cloud,-21237,13093,10
2026-08-31T12:01:48.822359815Z,6.805712,117.394729,Cloud to Ground,15903,0,8
2026-08-31T12:01:49.353308129Z,6.806379,117.434837,Cloud to Ground,22543,0,9
2026-08-31T12:01:50.289207433Z,5.281073,115.829891,Cloud to Ground,-9193,0,7
2026-08-31T12:01:50.570215274Z,10.829531,120.52754,Cloud to Cloud,-4151,14468,5
2026-08-31T12:01:51.221793919Z,5.468518,115.680836,Cloud to Ground,26142,0,22
2026-08-31T12:01:51.537834000Z,5.4125,115.7717,Cloud to Ground,-42312,0,6
2026-08-31T12:01:51.115106523Z,5.368357,115.675682,Cloud to Ground,-24349,0,9
2026-08-31T12:01:51.106143420Z,5.378424,115.691616,Cloud to Ground,-18350,0,7
2026-08-31T12:01:51.173119109Z,6.588707,118.022552,Cloud to Ground,20631,0,10
2026-08-31T12:01:51.317898966Z,6.643074,117.976538,Cloud to Ground,33315,0,8
2026-08-31T12:01:51.276342732Z,14.21353,134.500335,Cloud to Ground,18255,0,6
2026-08-31T12:01:51.275558575Z,14.297349,134.4593,Cloud to Ground,-14085,0,7
2026-08-31T12:01:51.285935770Z,14.324812,134.4412,Cloud to Ground,-13138,0,9
2026-08-31T12:01:51.002061379Z,19.280279,119.209054,Cloud to Cloud,21131,5712,9
2026-08-31T12:01:51.060865189Z,19.271549,119.161977,Cloud to Ground,41819,0,10
2026-08-31T12:01:51.041528362Z,19.260329,119.156618,Cloud to Ground,72098,0,13
2026-08-31T12:01:51.000447739Z,19.367433,119.236439,Cloud to Cloud,25364,10117,7
2026-08-31T12:01:52.081596657Z,6.764266,117.471379,Cloud to Cloud,16466,6197,9
2026-08-31T12:01:53.801020670Z,5.309635,115.567295,Cloud to Cloud,-15649,12273,6
2026-08-31T12:01:54.116214543Z,5.319623,115.585195,Cloud to Cloud,-14493,19425,11
2026-08-31T12:01:54.168152860Z,6.920607,117.360528,Cloud to Cloud,23754,8973,7
2026-08-31T12:01:54.078305577Z,6.929618,117.394756,Cloud to Ground,23835,0,14
2026-08-31T12:01:53.823993419Z,6.928327,117.387615,Cloud to Ground,30346,0,14
2026-08-31T12:01:54.125872301Z,6.921502,117.329763,Cloud to Ground,32778,0,9
2026-08-31T12:01:55.292701461Z,6.791544,117.431939,Cloud to Ground,17070,0,7
2026-08-31T12:01:54.951898678Z,6.813086,117.518163,Cloud to Ground,17666,0,9
2026-08-31T12:01:55.549429730Z,6.78302,117.394554,Cloud to Ground,18661,0,6
2026-08-31T12:01:54.868687925Z,6.811828,117.370359,Cloud to Ground,23623,0,8
2026-08-31T12:01:55.253467785Z,6.875158,117.418668,Cloud to Ground,28758,0,10
2026-08-31T12:01:55.410482342Z,6.800494,117.450088,Cloud to Ground,29035,0,11
2026-08-31T12:01:55.333460929Z,6.802062,117.468858,Cloud to Ground,43886,0,16
2026-08-31T12:01:55.188669209Z,6.803472,117.445995,Cloud to Ground,46725,0,8
2026-08-31T12:01:54.911752883Z,6.92046,117.463042,Cloud to Ground,57275,0,7
2026-08-31T12:01:54.798719179Z,6.780102,117.385097,Cloud to Ground,57589,0,8
2026-08-31T12:01:55.030718852Z,8.72847,117.43442,Cloud to Ground,-53993,0,7
2026-08-31T12:01:55.113333844Z,8.712548,117.402136,Cloud to Cloud,20255,7150,7
2026-08-31T12:01:55.855763203Z,6.146764,117.869387,Cloud to Cloud,-22485,19658,8
2026-08-31T12:01:56.764480250Z,6.872038,117.46219,Cloud to Cloud,-19349,9534,10
2026-08-31T12:01:56.592021175Z,6.812176,117.439021,Cloud to Cloud,8139,14473,7
2026-08-31T12:01:56.739235504Z,6.845962,117.401309,Cloud to Cloud,11197,3988,9
2026-08-31T12:01:56.627913971Z,6.812849,117.430839,Cloud to Cloud,17883,16106,9
2026-08-31T12:01:55.780106132Z,6.813992,117.935946,Cloud to Cloud,-29116,3058,8
2026-08-31T12:01:56.076083567Z,6.73042,117.907076,Cloud to Ground,-15129,0,12
2026-08-31T12:01:56.733585238Z,3.217188,115.182058,Cloud to Ground,17906,0,12
2026-08-31T12:01:58.831119368Z,15.642745,132.471941,Cloud to Ground,25530,0,11
2026-08-31T12:01:59.623424059Z,5.565163,117.24882,Cloud to Ground,10593,0,7
2026-08-31T12:01:59.416492933Z,5.577247,117.270755,Cloud to Ground,30428,0,10
2026-08-31T12:02:00.386964527Z,6.891545,117.346761,Cloud to Cloud,-17407,7320,10
2026-08-31T12:02:00.282473724Z,6.854957,117.429313,Cloud to Cloud,-12886,7695,6
2026-08-31T12:02:00.378456259Z,6.908652,117.321884,Cloud to Cloud,-11516,3032,6
2026-08-31T12:02:00.682496651Z,6.784233,117.438755,Cloud to Ground,-10325,0,7
2026-08-31T12:02:00.251763089Z,6.76895,117.270547,Cloud to Cloud,-19810,6527,7
2026-08-31T12:02:01.771979818Z,5.27676,115.820727,Cloud to Ground,13978,0,7
2026-08-31T12:02:01.050080567Z,14.342907,134.610567,Cloud to Ground,-20090,0,8
2026-08-31T12:02:02.964319591Z,18.787715,118.714191,Cloud to Ground,-10680,0,7
2026-08-31T12:02:03.418480849Z,4.157887,115.184355,Cloud to Ground,11864,0,9
2026-08-31T12:02:03.810580478Z,4.062788,115.001928,Cloud to Ground,-13791,0,6
2026-08-31T12:02:03.301335209Z,4.062415,115.098278,Cloud to Ground,-12111,0,7
2026-08-31T12:02:03.364596463Z,4.174686,115.068522,Cloud to Ground,13877,0,16
2026-08-31T12:02:03.662921312Z,4.154207,115.092283,Cloud to Ground,15018,0,14
2026-08-31T12:02:03.513053818Z,4.070995,115.085111,Cloud to Ground,23690,0,9
2026-08-31T12:02:03.753415144Z,4.070509,115.124211,Cloud to Ground,23948,0,20
2026-08-31T12:02:03.040569792Z,5.261574,115.539503,Cloud to Cloud,-9855,6527,14
2026-08-31T12:02:03.182753096Z,22.494175,112.778909,Cloud to Cloud,-15928,7618,17
2026-08-31T12:02:02.933539574Z,22.435166,112.656316,Cloud to Cloud,-15481,4221,10
2026-08-31T12:02:03.109876682Z,22.512573,112.654074,Cloud to Cloud,-10143,3164,8
2026-08-31T12:02:03.020132000Z,22.5438,112.7032,Cloud to Ground,18870,0,5
2026-08-31T12:02:04.805394418Z,6.736054,117.338924,Cloud to Ground,22773,0,8
2026-08-31T12:02:04.016888237Z,6.794373,117.926452,Cloud to Ground,24869,0,11
2026-08-31T12:02:04.739774960Z,6.916895,117.537196,Cloud to Ground,13654,0,8
2026-08-31T12:02:04.658612855Z,6.902037,117.378393,Cloud to Cloud,14169,6124,8
2026-08-31T12:02:04.835999916Z,6.816903,117.529804,Cloud to Cloud,-14583,9418,8
2026-08-31T12:02:04.713052184Z,6.812453,117.447908,Cloud to Ground,19013,0,11
2026-08-31T12:02:04.695385766Z,6.814362,117.441255,Cloud to Ground,25628,0,10
2026-08-31T12:02:05.141071000Z,6.8136,117.5417,Cloud to Ground,25999,0,9
2026-08-31T12:02:05.267721730Z,6.737173,117.51739,Cloud to Ground,34523,0,18
2026-08-31T12:02:05.693342118Z,5.386171,115.759318,Cloud to Cloud,11245,3201,8
2026-08-31T12:02:05.541919261Z,14.204309,134.02257,Cloud to Ground,-77980,0,18
2026-08-31T12:02:05.534532079Z,14.180427,134.230067,Cloud to Ground,-28074,0,21
2026-08-31T12:02:05.856253095Z,14.213363,134.160704,Cloud to Ground,-25155,0,10
2026-08-31T12:02:05.855673858Z,14.159864,134.123381,Cloud to Ground,-21413,0,9
2026-08-31T12:02:05.631811945Z,14.210981,134.151153,Cloud to Ground,-18459,0,10
2026-08-31T12:02:06.005788081Z,14.165455,134.087656,Cloud to Ground,-11768,0,11
2026-08-31T12:02:05.573579936Z,14.24014,134.225461,Cloud to Ground,27609,0,12
2026-08-31T12:02:05.739770041Z,14.27295,134.218468,Cloud to Ground,54733,0,10
2026-08-31T12:02:05.951164000Z,14.2319,133.9983,Cloud to Ground,496346,0,5
2026-08-31T12:02:05.142719117Z,10.953908,118.757763,Cloud to Cloud,22618,3050,7
2026-08-31T12:02:06.984500514Z,5.573475,117.276821,Cloud to Ground,13393,0,10
2026-08-31T12:02:06.683083804Z,6.259359,117.924652,Cloud to Cloud,-23047,15140,11
2026-08-31T12:02:06.626057115Z,14.595834,133.860745,Cloud to Ground,39997,0,17
2026-08-31T12:02:07.659223891Z,6.550483,117.402886,Cloud to Cloud,19569,4383,7
2026-08-31T12:02:07.965725857Z,6.823035,117.376851,Cloud to Cloud,-22943,19651,12
2026-08-31T12:02:07.510837822Z,6.848266,117.441904,Cloud to Cloud,-12612,3327,7
2026-08-31T12:02:07.543476144Z,6.780589,117.430951,Cloud to Ground,33269,0,10
2026-08-31T12:02:08.184187123Z,6.672199,117.271442,Cloud to Cloud,15237,12225,9
2026-08-31T12:02:08.245421281Z,15.629062,132.729219,Cloud to Ground,21872,0,11
2026-08-31T12:02:09.334388803Z,5.326693,115.56503,Cloud to Cloud,-13880,3094,9
2026-08-31T12:02:09.318082478Z,5.322253,115.606298,Cloud to Cloud,-12059,3243,7
2026-08-31T12:02:09.443110040Z,5.311005,115.529967,Cloud to Ground,15455,0,9
2026-08-31T12:02:10.028942032Z,6.852368,117.485983,Cloud to Cloud,10494,6575,7
2026-08-31T12:02:10.872650950Z,5.693587,117.260882,Cloud to Cloud,23840,7687,9
2026-08-31T12:02:10.559396424Z,18.800312,131.874509,Cloud to Cloud,-19300,6721,8
2026-08-31T12:02:11.532868305Z,6.79846,117.415666,Cloud to Cloud,13096,17943,6
2026-08-31T12:02:11.561343624Z,6.812489,117.456013,Cloud to Cloud,14005,9380,6
2026-08-31T12:02:11.164677132Z,5.584523,117.262814,Cloud to Ground,20547,0,11
2026-08-31T12:02:12.617925084Z,19.493523,119.483151,Cloud to Cloud,-7523,16404,8
2026-08-31T12:02:12.629062730Z,19.632437,119.498378,Cloud to Cloud,11914,14661,7
2026-08-31T12:02:12.646322768Z,19.605319,119.474022,Cloud to Cloud,21877,17681,7
2026-08-31T12:02:13.341274246Z,7.017798,117.50537,Cloud to Ground,29569,0,7
2026-08-31T12:02:13.918264042Z,6.774142,117.598797,Cloud to Cloud,-14971,15149,6
2026-08-31T12:02:13.295711644Z,5.401031,115.65624,Cloud to Cloud,11927,16770,8
2026-08-31T12:02:14.100209670Z,5.575137,117.304938,Cloud to Ground,17413,0,9
2026-08-31T12:02:14.168208376Z,6.787026,117.435405,Cloud to Cloud,14311,3107,8
2026-08-31T12:02:14.155407550Z,6.720571,117.483256,Cloud to Ground,28646,0,10
2026-08-31T12:02:14.143485000Z,6.8986,117.4104,Cloud to Ground,-23846,0,7
2026-08-31T12:02:15.785157625Z,6.801641,117.356195,Cloud to Ground,77417,0,7
2026-08-31T12:02:15.676847846Z,6.923696,117.488825,Cloud to Ground,144372,0,8
2026-08-31T12:02:18.482282026Z,6.613704,117.346235,Cloud to Cloud,-16799,3010,8
2026-08-31T12:02:18.131936118Z,5.672135,117.313296,Cloud to Ground,-12743,0,10
2026-08-31T12:02:18.325220980Z,6.832247,117.393425,Cloud to Ground,21143,0,7
2026-08-31T12:02:18.239967044Z,6.827699,117.407098,Cloud to Ground,48624,0,8
2026-08-31T12:02:18.375814966Z,6.971735,117.446588,Cloud to Ground,34355,0,7
2026-08-31T12:02:19.155755951Z,5.363189,115.727932,Cloud to Cloud,9466,14130,7
2026-08-31T12:02:19.872146830Z,6.794267,117.490511,Cloud to Ground,20484,0,8
2026-08-31T12:02:19.181135382Z,4.072853,115.047362,Cloud to Ground,-9776,0,7
2026-08-31T12:02:20.883182493Z,5.380737,115.743557,Cloud to Cloud,-9454,18204,11
2026-08-31T12:02:21.498189891Z,5.259027,115.580448,Cloud to Ground,-14537,0,7
2026-08-31T12:02:21.474039906Z,5.232407,115.532546,Cloud to Ground,18600,0,7
2026-08-31T12:02:22.607831733Z,5.667621,117.300332,Cloud to Ground,22987,0,13
2026-08-31T12:02:23.148344934Z,6.774436,117.461064,Cloud to Ground,14855,0,10
2026-08-31T12:02:22.931066432Z,6.776973,117.465018,Cloud to Ground,33476,0,16
2026-08-31T12:02:22.434396126Z,15.014498,133.620367,Cloud to Ground,-14136,0,10
2026-08-31T12:02:22.673152074Z,18.558535,115.806276,Cloud to Cloud,-16254,12641,7
2026-08-31T12:02:22.515430891Z,18.624319,115.932573,Cloud to Ground,-73439,0,16
2026-08-31T12:02:22.748816888Z,18.643646,115.940072,Cloud to Ground,-14092,0,7
2026-08-31T12:02:23.262091227Z,6.866633,117.427268,Cloud to Cloud,-12336,3013,7
2026-08-31T12:02:23.237570255Z,6.907484,117.408289,Cloud to Ground,25674,0,10
2026-08-31T12:02:23.915671412Z,15.609425,132.495658,Cloud to Ground,-20072,0,13
2026-08-31T12:02:23.528688390Z,17.971339,115.999711,Cloud to Ground,17101,0,7
2026-08-31T12:02:24.885592303Z,5.643438,117.286117,Cloud to Cloud,-17319,14518,8
2026-08-31T12:02:24.151766058Z,5.984712,118.051878,Cloud to Cloud,-11120,10382,10
2026-08-31T12:02:24.590518268Z,18.876298,131.956618,Cloud to Ground,-16879,0,11
2026-08-31T12:02:24.562970557Z,10.788619,120.611785,Cloud to Cloud,-9637,6847,10
2026-08-31T12:02:25.671008959Z,6.714593,117.354543,Cloud to Ground,74881,0,8
2026-08-31T12:02:26.928447130Z,3.084699,115.93311,Cloud to Ground,-28149,0,13
2026-08-31T12:02:26.986662000Z,2.818,115.7571,Cloud to Ground,15939,0,5
2026-08-31T12:02:26.704236305Z,5.567928,117.294777,Cloud to Cloud,10657,5389,8
2026-08-31T12:02:26.033282929Z,5.208925,115.556461,Cloud to Ground,18637,0,8
2026-08-31T12:02:26.077325754Z,18.643719,117.007241,Cloud to Ground,-17845,0,9
2026-08-31T12:02:27.916568121Z,20.957863,121.157168,Cloud to Ground,-26299,0,8
2026-08-31T12:02:27.929422555Z,20.955414,121.152813,Cloud to Cloud,-3826,12538,6
2026-08-31T12:02:27.981358000Z,21.0905,121.1947,Cloud to Ground,-50345,0,8
2026-08-31T12:02:28.067034009Z,4.07743,115.0967,Cloud to Cloud,14859,18678,8
2026-08-31T12:02:28.847865850Z,6.854567,117.452293,Cloud to Cloud,-21076,7022,9
2026-08-31T12:02:29.221545964Z,6.830832,117.381755,Cloud to Cloud,-15297,3034,9
2026-08-31T12:02:29.216853572Z,6.777472,117.402118,Cloud to Cloud,-12566,4111,13
2026-08-31T12:02:29.199107184Z,6.85924,117.333489,Cloud to Ground,19722,0,7
2026-08-31T12:02:29.185094461Z,5.704367,115.584688,Cloud to Ground,-51467,0,19
2026-08-31T12:02:31.492869751Z,6.928231,117.40112,Cloud to Ground,-30304,0,15
2026-08-31T12:02:32.029136849Z,6.874287,117.482377,Cloud to Ground,-31638,0,13
2026-08-31T12:02:31.802367560Z,6.794587,117.434956,Cloud to Ground,12667,0,10
2026-08-31T12:02:31.854728293Z,6.813644,117.501634,Cloud to Cloud,21022,7566,14
2026-08-31T12:02:31.923761933Z,6.82395,117.467636,Cloud to Cloud,22504,4209,8
2026-08-31T12:02:31.911315000Z,6.8899,117.4986,Cloud to Ground,38442,0,5
2026-08-31T12:02:32.727789339Z,18.82655,118.064557,Cloud to Ground,55157,0,9
2026-08-31T12:02:33.651930024Z,6.043138,117.831824,Cloud to Ground,-11276,0,7
2026-08-31T12:02:33.145112364Z,14.307906,134.613892,Cloud to Ground,24742,0,5
2026-08-31T12:02:34.186726341Z,22.546417,112.542736,Cloud to Ground,20904,0,13
2026-08-31T12:02:35.510247129Z,6.787358,117.352754,Cloud to Cloud,-24628,3025,10
2026-08-31T12:02:42.187553835Z,5.323561,115.545351,Cloud to Cloud,-10169,12787,8
2026-08-31T12:02:42.016829767Z,5.237506,115.523878,Cloud to Cloud,8148,12151,9
2026-08-31T12:02:42.927958377Z,17.711589,133.733703,Cloud to Ground,17139,0,6
2026-08-31T12:02:42.923735322Z,17.661216,133.792921,Cloud to Ground,23711,0,9
2026-08-31T12:02:42.922299289Z,17.679883,133.778034,Cloud to Ground,30923,0,19
2026-08-31T12:02:42.922907784Z,17.674199,133.785591,Cloud to Ground,37061,0,13
2026-08-31T12:02:43.902934701Z,6.871018,117.450854,Cloud to Cloud,12613,7987,6
2026-08-31T12:02:43.370809558Z,6.145573,117.776927,Cloud to Ground,21306,0,9
2026-08-31T12:02:43.161540320Z,14.312506,134.580645,Cloud to Ground,9211,0,8
2026-08-31T12:02:44.860308856Z,3.388422,114.741902,Cloud to Cloud,8266,18405,13
2026-08-31T12:02:44.954951648Z,3.401528,114.732706,Cloud to Ground,23636,0,7
2026-08-31T12:02:44.786365362Z,6.120407,117.88768,Cloud to Cloud,-7586,3002,6
2026-08-31T12:02:44.453175000Z,4.1878,114.9685,Cloud to Ground,-22309,0,5
2026-08-31T12:02:45.650580210Z,6.755814,117.506738,Cloud to Cloud,17741,7774,7
2026-08-31T12:02:45.911289291Z,6.872644,117.491422,Cloud to Cloud,-14957,17741,7
2026-08-31T12:02:45.827955770Z,5.334754,115.762229,Cloud to Ground,10927,0,7
2026-08-31T12:02:45.513183237Z,5.323571,115.579633,Cloud to Ground,-16338,0,10
2026-08-31T12:02:45.510429378Z,5.341484,115.622463,Cloud to Ground,-16295,0,8
2026-08-31T12:02:45.001713385Z,4.07156,115.052924,Cloud to Ground,12824,0,8
2026-08-31T12:02:45.324769005Z,14.607487,133.787883,Cloud to Ground,-23963,0,12
2026-08-31T12:02:46.750582075Z,6.141183,117.885987,Cloud to Ground,14265,0,7
2026-08-31T12:02:46.601096924Z,6.088255,118.105193,Cloud to Ground,-25179,0,13
2026-08-31T12:02:46.537187000Z,6.887,117.3667,Cloud to Ground,-35201,0,5
2026-08-31T12:02:47.592999733Z,5.601289,117.275823,Cloud to Ground,17161,0,10
2026-08-31T12:02:47.175486510Z,3.216514,115.142886,Cloud to Ground,-21917,0,11
2026-08-31T12:02:47.253912689Z,19.657207,119.8698,Cloud to Cloud,-7811,16458,6
2026-08-31T12:02:47.241648883Z,19.618855,119.784678,Cloud to Cloud,7700,7577,6
2026-08-31T12:02:49.022493149Z,4.18983,115.023667,Cloud to Ground,16657,0,10
2026-08-31T12:02:49.214963726Z,6.84375,117.491468,Cloud to Ground,-17102,0,10
2026-08-31T12:02:49.660226452Z,5.3604,115.558943,Cloud to Cloud,10194,19031,8
2026-08-31T12:02:49.386058216Z,18.863376,131.966133,Cloud to Ground,-16504,0,9
2026-08-31T12:02:49.153378620Z,18.726881,118.232572,Cloud to Cloud,-15842,6170,7
2026-08-31T12:02:48.918689000Z,18.6925,118.1793,Cloud to Ground,-5069,0,6
2026-08-31T12:02:50.468272502Z,5.142614,116.901907,Cloud to Cloud,7494,11956,6
2026-08-31T12:02:51.011849043Z,6.868569,117.901186,Cloud to Ground,-15628,0,7
2026-08-31T12:02:50.693471399Z,6.7932,117.8774,Cloud to Cloud,13210,5388,10
2026-08-31T12:02:50.692257702Z,6.794668,117.901393,Cloud to Ground,36686,0,15
2026-08-31T12:02:50.044109923Z,6.792755,117.493518,Cloud to Ground,14598,0,9
2026-08-31T12:02:50.690045775Z,6.785931,117.244256,Cloud to Cloud,23285,4904,9
2026-08-31T12:02:50.677555892Z,6.930861,117.381871,Cloud to Ground,37005,0,11
2026-08-31T12:02:50.218554198Z,6.079583,117.994704,Cloud to Cloud,20588,3089,6
2026-08-31T12:02:51.207714304Z,6.863303,117.518377,Cloud to Cloud,17380,18626,8
2026-08-31T12:02:51.016992337Z,5.159154,115.528177,Cloud to Ground,13273,0,7
2026-08-31T12:02:52.237485599Z,5.621825,117.175462,Cloud to Ground,-14515,0,10
2026-08-31T12:02:52.941580163Z,5.654623,117.213117,Cloud to Cloud,14206,3458,9
2026-08-31T12:02:52.152706402Z,6.788313,118.088265,Cloud to Cloud,-15258,3008,7
2026-08-31T12:02:53.293185208Z,5.552476,117.208279,Cloud to Ground,17222,0,12
2026-08-31T12:02:53.137434051Z,5.545871,117.175102,Cloud to Ground,18347,0,8
2026-08-31T12:02:53.594773221Z,5.552365,117.176492,Cloud to Cloud,23070,3016,6
2026-08-31T12:02:52.984326984Z,5.558682,117.198923,Cloud to Ground,24174,0,11
2026-08-31T12:02:53.241747617Z,5.54716,117.179668,Cloud to Ground,38828,0,7
2026-08-31T12:02:53.068665495Z,5.547956,117.221702,Cloud to Ground,47167,0,16
2026-08-31T12:02:53.408509375Z,4.06967,115.028363,Cloud to Ground,23383,0,14
2026-08-31T12:02:54.917110711Z,5.675059,117.2982,Cloud to Ground,-16750,0,8
2026-08-31T12:02:54.949019265Z,6.705027,117.311339,Cloud to Cloud,-9808,10683,8
2026-08-31T12:02:54.958081147Z,6.721322,117.340715,Cloud to Cloud,-7094,13050,7
2026-08-31T12:02:54.635359341Z,6.774656,117.535718,Cloud to Ground,-12159,0,8
2026-08-31T12:02:55.193239070Z,7.03283,117.392731,Cloud to Cloud,-15804,6918,10
2026-08-31T12:02:57.248301187Z,6.781899,117.454332,Cloud to Cloud,12131,7013,7
2026-08-31T12:02:57.239996887Z,6.805136,117.400405,Cloud to Ground,14316,0,7
2026-08-31T12:02:57.444822358Z,6.807983,117.410466,Cloud to Cloud,22234,4677,7
2026-08-31T12:02:56.871625659Z,6.947235,117.48473,Cloud to Ground,34135,0,7
2026-08-31T12:02:57.161351858Z,6.79037,117.426587,Cloud to Ground,35889,0,11
2026-08-31T12:02:57.109200150Z,6.805384,117.413519,Cloud to Ground,61326,0,8
2026-08-31T12:02:56.817601440Z,6.939572,117.477354,Cloud to Ground,61667,0,8
2026-08-31T12:02:57.042958000Z,6.8916,117.417,Cloud to Ground,67522,0,11
2026-08-31T12:02:56.952087538Z,6.953844,117.494125,Cloud to Ground,107141,0,7
2026-08-31T12:02:58.970429628Z,6.955214,117.570736,Cloud to Cloud,22412,10783,7
2026-08-31T12:02:58.840295222Z,6.835844,117.545351,Cloud to Ground,13199,0,8
2026-08-31T12:02:59.755328047Z,5.208394,115.483558,Cloud to Ground,-19364,0,9
2026-08-31T12:02:59.683379122Z,15.627443,132.44419,Cloud to Ground,-14928,0,7
2026-08-31T12:02:59.733070037Z,15.619304,132.370576,Cloud to Ground,-10519,0,9
2026-08-31T12:03:00.558340547Z,4.223402,114.875592,Cloud to Cloud,-14122,16471,7
2026-08-31T12:03:01.836159243Z,5.618515,117.082772,Cloud to Cloud,16719,6332,7
2026-08-31T12:03:02.683851877Z,5.30631,115.606266,Cloud to Cloud,-9602,5512,7
2026-08-31T12:03:02.744943722Z,5.240941,115.458143,Cloud to Ground,9913,0,7
2026-08-31T12:03:03.750803285Z,6.882661,117.481115,Cloud to Cloud,-17478,4509,10
2026-08-31T12:03:03.430214812Z,5.778771,117.322281,Cloud to Ground,25259,0,7
2026-08-31T12:03:04.494092909Z,18.609308,131.620295,Cloud to Cloud,28962,15975,11
2026-08-31T12:03:05.905093027Z,6.859033,117.377777,Cloud to Cloud,6336,12778,7
2026-08-31T12:03:05.849803829Z,6.933476,117.444629,Cloud to Cloud,8003,5360,7
2026-08-31T12:03:06.507534115Z,6.790023,117.381859,Cloud to Cloud,8780,17494,10
2026-08-31T12:03:06.360920817Z,6.806336,117.408197,Cloud to Cloud,9654,15852,8
2026-08-31T12:03:06.309515313Z,6.809694,117.423199,Cloud to Cloud,16653,11988,11
2026-08-31T12:03:05.987124638Z,6.82851,117.423076,Cloud to Cloud,19394,11369,8
2026-08-31T12:03:05.966635027Z,6.825342,117.422431,Cloud to Cloud,21863,3094,8
2026-08-31T12:03:05.818765822Z,6.813843,117.436809,Cloud to Ground,28200,0,7
2026-08-31T12:03:05.789267197Z,6.934823,117.364989,Cloud to Ground,43709,0,16
2026-08-31T12:03:05.926253924Z,14.286261,134.052578,Cloud to Ground,-12469,0,9
2026-08-31T12:03:07.001525665Z,18.865086,131.948878,Cloud to Ground,-23402,0,9
2026-08-31T12:03:07.368302000Z,5.37,115.7269,Cloud to Ground,14336,0,5
2026-08-31T12:03:08.268186010Z,6.768668,117.489878,Cloud to Ground,16080,0,9
2026-08-31T12:03:08.431256852Z,5.41296,115.594238,Cloud to Cloud,-11952,13890,7
2026-08-31T12:03:09.069471582Z,18.858363,132.100197,Cloud to Ground,12367,0,9
2026-08-31T12:03:08.912648607Z,18.895136,132.08819,Cloud to Ground,21984,0,12
2026-08-31T12:03:09.832397715Z,6.822396,117.432104,Cloud to Ground,16116,0,6
2026-08-31T12:03:09.097101000Z,19.0052,132.1425,Cloud to Ground,24537,0,6
2026-08-31T12:03:10.525970560Z,6.081502,117.964454,Cloud to Cloud,-23463,3195,12
2026-08-31T12:03:10.452694902Z,15.472997,132.506521,Cloud to Ground,18809,0,7
2026-08-31T12:03:11.725552100Z,6.819154,117.426507,Cloud to Ground,-19236,0,11
2026-08-31T12:03:11.987926321Z,6.814003,117.430061,Cloud to Ground,-16875,0,11
2026-08-31T12:03:11.774869098Z,6.811441,117.518757,Cloud to Cloud,-12055,4024,12
2026-08-31T12:03:11.811434021Z,6.809798,117.387017,Cloud to Cloud,17905,6124,12
2026-08-31T12:03:11.321841498Z,5.204125,116.863162,Cloud to Cloud,11124,3051,8
2026-08-31T12:03:12.331518644Z,5.400524,115.676312,Cloud to Ground,-12901,0,8
2026-08-31T12:03:12.561942939Z,5.455064,115.656205,Cloud to Cloud,-10536,3068,7
2026-08-31T12:03:12.363918762Z,5.373546,115.690207,Cloud to Ground,25193,0,13
2026-08-31T12:03:12.441827389Z,5.443045,115.688295,Cloud to Ground,28053,0,17
2026-08-31T12:03:12.560441834Z,5.362672,115.713479,Cloud to Ground,29970,0,10
2026-08-31T12:03:13.862615253Z,6.967452,117.50331,Cloud to Ground,28528,0,8
2026-08-31T12:03:13.032601515Z,22.463445,112.544233,Cloud to Cloud,11707,3052,8
2026-08-31T12:03:13.068746263Z,22.489145,112.508268,Cloud to Ground,19377,0,14
2026-08-31T12:03:13.027878174Z,22.391481,112.541254,Cloud to Ground,52025,0,10
2026-08-31T12:03:14.001636511Z,6.884762,117.396345,Cloud to Cloud,22209,11476,10
2026-08-31T12:03:14.404689516Z,6.761305,117.456127,Cloud to Ground,-17526,0,10
2026-08-31T12:03:14.097702281Z,6.761439,117.501527,Cloud to Cloud,-10954,4831,6
2026-08-31T12:03:13.493509825Z,6.811775,117.558449,Cloud to Cloud,10252,10936,7
2026-08-31T12:03:14.477565573Z,6.773898,117.458433,Cloud to Ground,14386,0,9
2026-08-31T12:03:14.496832162Z,6.772977,117.462999,Cloud to Ground,17590,0,10
2026-08-31T12:03:14.461343472Z,6.778929,117.426756,Cloud to Ground,18455,0,7
2026-08-31T12:03:13.495472914Z,6.780334,117.598581,Cloud to Cloud,23057,7217,12
2026-08-31T12:03:14.848892582Z,5.335681,115.52431,Cloud to Ground,-16551,0,9
2026-08-31T12:03:16.973085658Z,5.27779,115.794904,Cloud to Ground,-12887,0,6
2026-08-31T12:03:16.992990998Z,5.304031,115.76764,Cloud to Ground,-12333,0,6
2026-08-31T12:03:16.173250254Z,5.672226,117.323578,Cloud to Cloud,-14574,11442,10
2026-08-31T12:03:16.163531589Z,5.655574,117.412281,Cloud to Cloud,-7146,4318,8
2026-08-31T12:03:16.082292389Z,6.728508,117.421536,Cloud to Cloud,-7001,8658,7
2026-08-31T12:03:16.610268000Z,6.8834,117.4125,Cloud to Ground,-2370,0,7
2026-08-31T12:03:17.125162710Z,15.476833,132.529235,Cloud to Ground,-42458,0,9
2026-08-31T12:03:17.777327305Z,19.293863,119.219809,Cloud to Cloud,17788,17782,6
2026-08-31T12:03:19.169994873Z,6.928451,117.348931,Cloud to Cloud,-26290,9478,10
2026-08-31T12:03:18.267598000Z,6.9727,117.4075,Cloud to Ground,-19367,0,5
2026-08-31T12:03:19.471371193Z,6.928519,117.357897,Cloud to Ground,18709,0,10
2026-08-31T12:03:19.206875357Z,6.88001,117.293295,Cloud to Ground,25995,0,8
2026-08-31T12:03:19.681152695Z,6.865277,117.385018,Cloud to Ground,45617,0,10
2026-08-31T12:03:18.177266969Z,6.883137,117.404807,Cloud to Ground,62812,0,16
2026-08-31T12:03:19.205069280Z,6.961723,117.372221,Cloud to Ground,64336,0,7
2026-08-31T12:03:18.763094138Z,6.862173,117.362898,Cloud to Ground,65157,0,10
2026-08-31T12:03:18.592142627Z,6.940736,117.399572,Cloud to Ground,113690,0,22
2026-08-31T12:03:19.292857717Z,20.967647,121.18612,Cloud to Ground,-23648,0,10
2026-08-31T12:03:19.050670924Z,20.963681,121.187349,Cloud to Ground,-10860,0,8
2026-08-31T12:03:19.331083946Z,20.96587,121.189755,Cloud to Ground,-5626,0,7
